Isin;Name;LegalName;ProviderCompanyName;GlobalAssetClass;GlobalCategoryName;CategoryName;Currency;DomicileName;SRRI;StarRatingM255;ExpenseRatio;ManagementFee;ReturnM0;ReturnM12;ReturnM36;ReturnM60;InceptionDate;UCITS;IndexFund;InitialPurchase;fecha
LU2743114956;UI - Aktia EM Local Ccy Bd+ Share R Acc;UI - Aktia EM Local Currency Bond+ - share class R Acc;;;;;EUR;Luxemburgo;;;;;;;;;2026-04-27;False;False;;2026-08-28
LU1594335520;Allianz Dyn MltAst Stgy SRI75 AT EUR;Allianz Global Investors Fund - Allianz Dynamic Multi Asset Strategy SRI 75 AT EUR;Allianz Global Investors GmbH;Allocation;Aggressive Allocation;Mixtos Agresivos EUR - Global;EUR;Luxemburgo;5;5;1.65;1.85;12.24;24.06;16.09;8.93;2017-05-02;True;False;0;2026-08-28
LU0352312853;Allianz Strategy 75 CT EUR;Allianz Strategy 75 CT EUR;Allianz Global Investors GmbH;Allocation;Aggressive Allocation;Mixtos Agresivos EUR - Global;EUR;Luxemburgo;5;4;1.5;1.65;9.21;16.52;12.89;6.05;2008-07-01;True;False;0;2026-08-28
LU0048293368;BL-Global 75 B EUR;BL-Global 75 B EUR Acc;BLI - Banque de Luxembourg Investments SA;Allocation;Aggressive Allocation;Mixtos Agresivos EUR - Global;EUR;Luxemburgo;4;3;1.43;1.25;7.82;20;11.44;6.24;1993-10-28;True;False;0;2026-08-28
ES0113569018;Bankinter Platea Agresivo A FI;Bankinter Platea Agresivo A FI;Bankinter Gestión de Activos SGIIC;Allocation;Aggressive Allocation;Mixtos Agresivos EUR - Global;EUR;España;5;4;2.87;1.35;10.35;15.86;13.11;6.8;2017-09-29;True;False;50000;2026-08-28
ES0113569000;Bankinter Platea Agresivo B FI;Bankinter Platea Agresivo B FI;Bankinter Gestión de Activos SGIIC;Allocation;Aggressive Allocation;Mixtos Agresivos EUR - Global;EUR;España;5;4;2.87;1.25;10.44;16;13.19;6.89;2015-11-20;True;False;200000;2026-08-28
ES0113569026;Bankinter Platea Agresivo R FI;Bankinter Platea Agresivo R FI;Bankinter Gestión de Activos SGIIC;Allocation;Aggressive Allocation;Mixtos Agresivos EUR - Global;EUR;España;5;4;2.16;1.55;11.06;16.97;13.73;7.1;2020-03-17;True;False;10;2026-08-28
ES0113573028;Bankinter Platea Megatendencias A FI;Bankinter Platea Megatendencias A FI;Bankinter Gestión de Activos SGIIC;Allocation;Aggressive Allocation;Mixtos Agresivos EUR - Global;EUR;España;;;4.19;1.25;13.53;19.51;;;2024-09-06;True;False;50000;2026-08-28
ES0113573036;Bankinter Platea Megatendencias B FI;Bankinter Platea Megatendencias B FI;Bankinter Gestión de Activos SGIIC;Allocation;Aggressive Allocation;Mixtos Agresivos EUR - Global;EUR;España;;;0;1.15;9.89;15.92;;;2024-09-06;True;False;200000;2026-08-28
ES0113573002;Bankinter Platea Megatendencias R FI;Bankinter Platea Megatendencias R FI;Bankinter Gestión de Activos SGIIC;Allocation;Aggressive Allocation;Mixtos Agresivos EUR - Global;EUR;España;7;2;2.75;1.3;13.9;20.15;12.31;3.58;2019-07-30;True;False;10;2026-08-28
ES0135705012;Bankinter Premium Agresivo A FI;Bankinter Premium Agresivo A FI;Bankinter Gestión de Activos SGIIC;Allocation;Aggressive Allocation;Mixtos Agresivos EUR - Global;EUR;España;6;4;1.62;1.4;12.06;19.18;14.3;7.84;2017-06-23;True;False;50000;2026-08-28
ES0135705004;Bankinter Premium Agresivo B FI;Bankinter Premium Agresivo B FI;Bankinter Gestión de Activos SGIIC;Allocation;Aggressive Allocation;Mixtos Agresivos EUR - Global;EUR;España;6;4;0.97;0.75;12.54;19.96;15.06;8.59;2016-07-15;True;False;500000;2026-08-28
ES0135705038;Bankinter Premium Agresivo D FI;Bankinter Premium Agresivo D FI;Bankinter Gestión de Activos SGIIC;Allocation;Aggressive Allocation;Mixtos Agresivos EUR - Global;EUR;España;6;3;1.62;1.4;12.06;16.19;12.37;;2022-03-25;True;False;50000;2026-08-28
ES0135705020;Bankinter Premium Agresivo R FI;Bankinter Premium Agresivo R FI;Bankinter Gestión de Activos SGIIC;Allocation;Aggressive Allocation;Mixtos Agresivos EUR - Global;EUR;España;6;4;1.77;1.55;11.95;19.01;14.13;7.68;2021-07-02;True;False;10000;2026-08-28
ES0113734018;Bankinter Premium Dinámico A FI;Bankinter Premium Dinámico A FI;Bankinter Gestión de Activos SGIIC;Allocation;Aggressive Allocation;Mixtos Agresivos EUR - Global;EUR;España;5;3;1.44;1.25;7.37;11.73;10.04;5.22;2017-09-15;True;False;50000;2026-08-28
ES0113734000;Bankinter Premium Dinámico B FI;Bankinter Premium Dinámico B FI;Bankinter Gestión de Activos SGIIC;Allocation;Aggressive Allocation;Mixtos Agresivos EUR - Global;EUR;España;5;3;0.89;0.7;7.76;12.35;10.66;5.85;2016-07-15;True;False;500000;2026-08-28
ES0113734034;Bankinter Premium Dinámico D FI;Bankinter Premium Dinámico D FI;Bankinter Gestión de Activos SGIIC;Allocation;Aggressive Allocation;Mixtos Agresivos EUR - Global;EUR;España;5;2;1.44;1.25;7.37;9.49;8.56;;2022-03-25;True;False;50000;2026-08-28
ES0113734026;Bankinter Premium Dinámico R FI;Bankinter Premium Dinámico R FI;Bankinter Gestión de Activos SGIIC;Allocation;Aggressive Allocation;Mixtos Agresivos EUR - Global;EUR;España;5;3;1.54;1.35;7.3;11.62;9.93;5.11;2021-07-02;True;False;10000;2026-08-28
LU1431864153;Fidelity Global Multi Asset Dyn ADisEURH;Fidelity Funds - Global Multi Asset Dynamic Fund A-DIST-EUR (EUR/USD hedged);FIL Investment Management (Luxembourg) S.à r.l.;Allocation;Aggressive Allocation;Mixtos Agresivos EUR - Global;EUR;Luxemburgo;5;2;;1.5;12.75;22.54;15.07;3.71;2016-06-30;True;False;;2026-08-28
LU0433182416;First Eagle Amundi International AHE-C;First Eagle Amundi International Fund Class AHE-C Shares;First Eagle Investment Management, LLC;Allocation;Aggressive Allocation;Mixtos Agresivos EUR - Global;EUR;Luxemburgo;5;3;3.01;2;9.11;19.35;14.75;7.12;2009-08-19;True;False;0;2026-08-28
LU0565134938;First Eagle Amundi International AHE-QD;First Eagle Amundi International Fund Class AHE-QD Shares;First Eagle Investment Management, LLC;Allocation;Aggressive Allocation;Mixtos Agresivos EUR - Global;EUR;Luxemburgo;5;3;2.44;2;9.56;19.85;14.91;7.22;2011-06-09;True;False;0;2026-08-28
LU1245471567;FvS Multi Asset Growth ET;Flossbach von Storch - Multi Asset Growth ET;Flossbach von Storch Invest S.A.;Allocation;Aggressive Allocation;Mixtos Agresivos EUR - Global;EUR;Luxemburgo;5;2;2;1.87;3.86;9.32;8.74;3.49;2015-07-13;True;False;0;2026-08-28
LU0119195450;GS Patrimonial Aggr-P Cap EUR;Goldman Sachs Patrimonial Aggressive - P Cap EUR;Goldman Sachs Asset Management B.V.;Allocation;Aggressive Allocation;Mixtos Agresivos EUR - Global;EUR;Luxemburgo;5;4;;1.2;9.11;14.21;12.14;6.08;1994-07-15;True;False;0;2026-08-28
FR0000292302;Lazard Patrimoine Croissance C;Lazard Patrimoine Croissance C;Lazard Frères Gestion;Allocation;Aggressive Allocation;Mixtos Agresivos EUR - Global;EUR;Francia;4;2;;1.5;6.63;8.44;5.62;3.88;1988-05-10;True;False;1;2026-08-28
LU1820809694;Capital Group CIB LUX B;Capital Group CIB LUX B;Capital International Management Company Sàrl;Allocation;Aggressive Allocation;Mixtos Agresivos USD;USD;Luxemburgo;5;3;1.55;1.4;10.32;14.77;14.85;7.45;2018-09-21;True;False;0;2026-08-28
LU1820809421;Capital Group CIB LUX B EUR;Capital Group CIB LUX B EUR;Capital International Management Company Sàrl;Allocation;Aggressive Allocation;Mixtos Agresivos USD;EUR;Luxemburgo;5;3;1.55;1.4;11.27;14.7;12;7.71;2018-09-21;True;False;;2026-08-28
LU0261961675;Fidelity Global Multi Asset Dyn A-AccUSD;Fidelity Funds - Global Multi Asset Dynamic Fund A-Acc-USD;FIL Investment Management (Luxembourg) S.à r.l.;Allocation;Aggressive Allocation;Mixtos Agresivos USD;USD;Luxemburgo;5;2;;1.5;14.31;25.16;17.38;5.9;2006-09-25;True;False;6000;2026-08-28
LU0565135745;First Eagle Amundi International AE-C;First Eagle Amundi International Fund Class AE-C Shares;First Eagle Investment Management, LLC;Allocation;Aggressive Allocation;Mixtos Agresivos USD;EUR;Luxemburgo;5;4;4.64;2;10.83;20.28;13.61;9.47;2010-12-03;True;False;0;2026-08-28
LU0565419693;First Eagle Amundi International AE-QD;First Eagle Amundi International Fund Class AE-QD Shares;First Eagle Investment Management, LLC;Allocation;Aggressive Allocation;Mixtos Agresivos USD;EUR;Luxemburgo;4;4;4.47;2;10.83;20.48;13.67;9.5;2010-12-03;True;False;0;2026-08-28
LU0068578508;First Eagle Amundi International AU-C;First Eagle Amundi International Fund Class AU-C Shares;First Eagle Investment Management, LLC;Allocation;Aggressive Allocation;Mixtos Agresivos USD;USD;Luxemburgo;5;4;4.33;2;9.89;20.48;16.7;9.32;1996-08-12;True;False;;2026-08-28
LU0033035865;UBS (Lux) SF Yield (CHF) P-acc;UBS (Lux) Strategy Fund - Yield (CHF) P-acc;UBS Asset Management (Europe) S.A.;Allocation;Cautious Allocation;Mixtos Defensivos CHF;CHF;Luxemburgo;4;2;1.56;1.15;3.16;5.67;4.64;-0.68;1991-09-10;True;False;;2026-08-28
LU2475579202;A&G Flota Nomad Flexible Allc A Cap;A&G Flota Nomad Flexible Allocation A Cap;A&G Fondos SGIIC;Allocation;Cautious Allocation;Mixtos Defensivos EUR;EUR;Luxemburgo;;3;;1;4.37;8.09;6.34;;2022-10-24;True;False;0;2026-08-28
LU1254136416;Allianz Capital Plus AT EUR;Allianz Global Investors Fund - Allianz Capital Plus AT EUR;Allianz Global Investors GmbH;Allocation;Cautious Allocation;Mixtos Defensivos EUR;EUR;Luxemburgo;4;2;1.15;1.15;2.81;4.96;3.57;-0.77;2015-10-27;True;False;0;2026-08-28
LU1214667088;Bankinter IFS Carrión Con A EUR Acc;Bankinter International Fund SICAV Carrión Conservative A EUR Acc;Bankinter Luxembourg S.A.;Allocation;Cautious Allocation;Mixtos Defensivos EUR;EUR;Luxemburgo;2;4;;0.6;3.81;5.71;6;;2019-07-31;True;False;10;2026-08-28
ES0114793039;Bankinter Mixto Renta Fija R FI;Bankinter Mixto Renta Fija R FI;Bankinter Gestión de Activos SGIIC;Allocation;Cautious Allocation;Mixtos Defensivos EUR;EUR;España;4;3;1.52;1.35;3.94;6.56;5.44;2.3;1997-12-01;True;False;1;2026-08-28
ES0115087019;Bankinter Premium Conservador A FI;Bankinter Premium Conservador A FI;Bankinter Gestión de Activos SGIIC;Allocation;Cautious Allocation;Mixtos Defensivos EUR;EUR;España;3;3;1.09;0.95;2.44;4.01;5.14;1.89;2017-09-15;True;False;50000;2026-08-28
ES0115087001;Bankinter Premium Conservador B FI;Bankinter Premium Conservador B FI;Bankinter Gestión de Activos SGIIC;Allocation;Cautious Allocation;Mixtos Defensivos EUR;EUR;España;3;3;0.74;0.6;2.67;4.38;5.51;2.27;2016-07-15;True;False;500000;2026-08-28
ES0115087027;Bankinter Premium Conservador D FI;Bankinter Premium Conservador D FI;Bankinter Gestión de Activos SGIIC;Allocation;Cautious Allocation;Mixtos Defensivos EUR;EUR;España;3;3;1.09;0.95;2.44;4;5.13;1.68;2020-06-26;True;False;50000;2026-08-28
ES0115087035;Bankinter Premium Conservador R FI;Bankinter Premium Conservador R FI;Bankinter Gestión de Activos SGIIC;Allocation;Cautious Allocation;Mixtos Defensivos EUR;EUR;España;3;3;1.2;1.05;2.37;3.91;5.03;1.76;2021-07-02;True;False;10000;2026-08-28
ES0113258018;Bankinter Premium Defensivo A FI;Bankinter Premium Defensivo A FI;Bankinter Gestión de Activos SGIIC;Allocation;Cautious Allocation;Mixtos Defensivos EUR;EUR;España;3;3;0.78;0.65;1.24;2.13;3.79;1.06;2017-09-15;True;False;50000;2026-08-28
ES0113258000;Bankinter Premium Defensivo B FI;Bankinter Premium Defensivo B FI;Bankinter Gestión de Activos SGIIC;Allocation;Cautious Allocation;Mixtos Defensivos EUR;EUR;España;3;2;0.52;0.4;1.4;2.38;4.06;1.36;2016-07-15;True;False;50000;2026-08-28
ES0113258026;Bankinter Premium Defensivo R FI;Bankinter Premium Defensivo R FI;Bankinter Gestión de Activos SGIIC;Allocation;Cautious Allocation;Mixtos Defensivos EUR;EUR;España;3;3;0.88;0.75;1.17;2.02;3.68;0.96;2021-07-02;True;False;10000;2026-08-28
LU1966822956;Cartesio Income R;Cartesio Funds Income R;Cartesio Inversiones SGIIC;Allocation;Cautious Allocation;Mixtos Defensivos EUR;EUR;Luxemburgo;4;5;;1;3.01;5.12;8.55;5.16;2020-01-13;True;False;6000;2026-08-28
LU0284394235;DNCA Invest Eurose A EUR;DNCA Invest Eurose Class A shares EUR;DNCA Finance;Allocation;Cautious Allocation;Mixtos Defensivos EUR;EUR;Luxemburgo;3;5;1.76;1.4;2.97;4.28;5.62;3.96;2007-09-28;True;False;100;2026-08-28
LU0992632538;EdRF Income Europe A EUR;Edmond de Rothschild Fund - Income Europe A EUR;Edmond de Rothschild Asset Management (France);Allocation;Cautious Allocation;Mixtos Defensivos EUR;EUR;Luxemburgo;4;4;1.56;1.3;2.43;3.29;6.02;2.48;2013-12-31;True;False;0;2026-08-28
LU0992632611;EdRF Income Europe B EUR;Edmond de Rothschild Fund - Income Europe B EUR;Edmond de Rothschild Asset Management (France);Allocation;Cautious Allocation;Mixtos Defensivos EUR;EUR;Luxemburgo;4;3;1.56;1.3;2.43;3.29;5.5;2.18;2013-12-31;True;False;0;2026-08-28
LU0794790716;Invesco Pan European Hi Inc A EUR AD;Invesco Funds - Invesco Pan European High Income Fund A Annual Distribution EUR;Invesco Management S.A.;Allocation;Cautious Allocation;Mixtos Defensivos EUR;EUR;Luxemburgo;4;5;;1.25;4.25;6.64;7.1;2.87;2012-06-27;True;False;1000;2026-08-28
LU0243957239;Invesco Pan European Hi Inc A EUR Acc;Invesco Funds - Invesco Pan European High Income Fund A Accumulation EUR;Invesco Management S.A.;Allocation;Cautious Allocation;Mixtos Defensivos EUR;EUR;Luxemburgo;4;5;;1.25;4.19;6.66;7.1;2.86;2006-03-31;True;False;1000;2026-08-28
LU1097692153;Invesco Pan European Hi Inc A EUR MD-1;Invesco Funds - Invesco Pan European High Income Fund A Monthly distribution-1 EUR;Invesco Management S.A.;Allocation;Cautious Allocation;Mixtos Defensivos EUR;EUR;Luxemburgo;4;5;;1.25;4.16;6.71;7.09;2.88;2014-12-10;True;False;1000;2026-08-28
LU0243957312;Invesco Pan European Hi Inc A EUR QD;Invesco Funds - Invesco Pan European High Income Fund A Quarterly Distribution EUR;Invesco Management S.A.;Allocation;Cautious Allocation;Mixtos Defensivos EUR;EUR;Luxemburgo;4;5;;1.25;4.18;6.66;7.1;2.86;2006-03-31;True;False;1000;2026-08-28
FR0010611293;Échiquier Arty SRI A;Échiquier Arty SRI A;La Financière de l'Echiquier;Allocation;Cautious Allocation;Mixtos Defensivos EUR;EUR;Francia;4;4;;1.5;1.84;3.19;5.03;1.54;2008-05-30;True;False;0;2026-08-28
LU0960400249;AXAWF Global Income Gen A Cap EUR;AXA World Funds - Global Income Generation A Capitalisation EUR;BNP PARIBAS ASSET MANAGEMENT Europe;Allocation;Cautious Allocation;Mixtos Defensivos EUR - Global;EUR;Luxemburgo;4;3;1.52;1.25;7.08;8.56;6.84;1.75;2015-09-16;True;False;0;2026-08-28
LU1089088071;Allianz Dyn MltAst Stgy SRI15 A EUR;Allianz Global Investors Fund - Allianz Dynamic Multi Asset Strategy SRI 15 A EUR;Allianz Global Investors GmbH;Allocation;Cautious Allocation;Mixtos Defensivos EUR - Global;EUR;Luxemburgo;4;3;1.15;1.45;3.91;9.58;6.8;1.89;2014-12-04;True;False;0;2026-08-28
LU1548496022;Allianz Dyn MltAst Stgy SRI15 AT EUR;Allianz Global Investors Fund - Allianz Dynamic Multi Asset Strategy SRI 15 AT EUR;Allianz Global Investors GmbH;Allocation;Cautious Allocation;Mixtos Defensivos EUR - Global;EUR;Luxemburgo;4;3;1.15;1.45;3.9;9.57;6.8;1.89;2017-01-30;True;False;0;2026-08-28
LU0398560267;Allianz Strategy 15 CT EUR;Allianz Strategy 15 CT EUR;Allianz Global Investors GmbH;Allocation;Cautious Allocation;Mixtos Defensivos EUR - Global;EUR;Luxemburgo;3;1;1.25;1.4;1.23;3.12;3.73;-0.84;2009-01-26;True;False;0;2026-08-28
LU1883329432;Amundi Fds Global MA Cnsrv A EUR C;Amundi Funds - Global Multi-Asset Conservative A EUR (C);Amundi Luxembourg S.A.;Allocation;Cautious Allocation;Mixtos Defensivos EUR - Global;EUR;Luxemburgo;5;4;1.82;1.25;3.41;6.5;6.37;1.42;2013-05-07;True;False;1;2026-08-28
LU1941681956;Amundi Fds MA Consrv Rspnb A EUR C;Amundi Funds - Multi-Asset Conservative Responsible - A EUR (C);Amundi Luxembourg S.A.;Allocation;Cautious Allocation;Mixtos Defensivos EUR - Global;EUR;Luxemburgo;4;3;1.5;1.2;3.62;4.42;4.94;0.44;2019-04-18;True;False;1;2026-08-28
LU2794620414;Assenagon I Multi Asset Con P2;Assenagon I Multi Asset Conservative (P2);Assenagon Asset Management SA;Allocation;Cautious Allocation;Mixtos Defensivos EUR - Global;EUR;Luxemburgo;4;5;1.92;1.3;5.6;10.61;10.5;5;2024-05-14;True;False;0;2026-08-28
ES0158988008;Bankinter Ethos A FI;Bankinter Ethos A FI;Bankinter Gestión de Activos SGIIC;Allocation;Cautious Allocation;Mixtos Defensivos EUR - Global;EUR;España;3;4;0.89;0.75;2.67;4.7;5.93;2.48;2021-03-26;True;False;200000;2026-08-28
ES0158988032;Bankinter Ethos R FI;Bankinter Ethos R FI;Bankinter Gestión de Activos SGIIC;Allocation;Cautious Allocation;Mixtos Defensivos EUR - Global;EUR;España;3;4;1.14;1;2.5;4.44;5.66;2.23;2021-03-26;True;False;10;2026-08-28
LU1496042869;Bankinter IFS Multifunds Cnsrv A Acc;Bankinter International Fund SICAV - Multifunds Conservative A Acc;Bankinter Luxembourg S.A.;Allocation;Cautious Allocation;Mixtos Defensivos EUR - Global;EUR;Luxemburgo;3;3;;0.05;2.4;3.79;4.72;1.54;2017-03-06;True;False;;2026-08-28
LU1496042943;Bankinter IFS Multifunds Cnsrv B Acc;Bankinter International Fund SICAV - Multifunds Conservative B Acc;Bankinter Luxembourg S.A.;Allocation;Cautious Allocation;Mixtos Defensivos EUR - Global;EUR;Luxemburgo;3;3;;0.05;2.6;4.06;5.02;1.83;2017-03-07;True;False;;2026-08-28
ES0113500013;Bankinter Platea Conservador A FI;Bankinter Platea Conservador A FI;Bankinter Gestión de Activos SGIIC;Allocation;Cautious Allocation;Mixtos Defensivos EUR - Global;EUR;España;3;3;2.18;0.9;2.21;3.6;4.87;1.73;2017-09-29;True;False;50000;2026-08-28
ES0113500005;Bankinter Platea Conservador B FI;Bankinter Platea Conservador B FI;Bankinter Gestión de Activos SGIIC;Allocation;Cautious Allocation;Mixtos Defensivos EUR - Global;EUR;España;3;3;1.88;0.75;2.3;3.74;5.03;1.89;2015-11-20;True;False;200000;2026-08-28
ES0113500039;Bankinter Platea Conservador D FI;Bankinter Platea Conservador D FI;Bankinter Gestión de Activos SGIIC;Allocation;Cautious Allocation;Mixtos Defensivos EUR - Global;EUR;España;3;3;1.52;1.1;2.25;3.67;4.93;1.47;2020-10-30;True;False;10;2026-08-28
ES0113500021;Bankinter Platea Conservador R FI;Bankinter Platea Conservador R FI;Bankinter Gestión de Activos SGIIC;Allocation;Cautious Allocation;Mixtos Defensivos EUR - Global;EUR;España;3;3;1.52;1.1;2.25;3.68;4.94;1.68;2020-03-17;True;False;10;2026-08-28
ES0135704015;Bankinter Platea Defensivo A FI;Bankinter Platea Defensivo A FI;Bankinter Gestión de Activos SGIIC;Allocation;Cautious Allocation;Mixtos Defensivos EUR - Global;EUR;España;3;3;0.97;0.65;1.15;1.99;3.73;0.9;2017-09-29;True;False;50000;2026-08-28
ES0135704007;Bankinter Platea Defensivo B FI;Bankinter Platea Defensivo B FI;Bankinter Gestión de Activos SGIIC;Allocation;Cautious Allocation;Mixtos Defensivos EUR - Global;EUR;España;3;2;0.82;0.5;1.24;2.14;3.89;1.05;2015-11-20;True;False;200000;2026-08-28
ES0135704023;Bankinter Platea Defensivo R FI;Bankinter Platea Defensivo R FI;Bankinter Gestión de Activos SGIIC;Allocation;Cautious Allocation;Mixtos Defensivos EUR - Global;EUR;España;3;3;1.11;0.75;1.08;1.88;3.61;0.76;2020-03-17;True;False;10;2026-08-28
LU2075344551;DIP Lift Income R1 EUR Acc;DIP - Lift Income R1 EUR Acc;A&G Fondos SGIIC;Allocation;Cautious Allocation;Mixtos Defensivos EUR - Global;EUR;Luxemburgo;5;3;;1.25;3.53;6.35;3.56;2.11;2020-11-05;True;False;0;2026-08-28
LU2075344635;DIP Lift Income R2 EUR Inc;DIP - Lift Income R2 EUR Inc;A&G Fondos SGIIC;Allocation;Cautious Allocation;Mixtos Defensivos EUR - Global;EUR;Luxemburgo;5;2;;1.25;1.47;4.24;2.87;1.71;2023-12-21;True;False;0;2026-08-28
LU0087412390;DWS Concept DJE Alpha Renten Global LC;DWS Concept DJE Alpha Renten Global LC;DWS Investment S.A.;Allocation;Cautious Allocation;Mixtos Defensivos EUR - Global;EUR;Luxemburgo;3;4;;1.35;2.63;4.09;5.23;1.82;1998-04-30;True;False;1;2026-08-28
LU0136412771;Ethna-AKTIV A;Ethna-AKTIV A;ETHENEA Independent Investors S.A.;Allocation;Cautious Allocation;Mixtos Defensivos EUR - Global;EUR;Luxemburgo;4;5;2.62;1.65;5.25;10.47;7.27;4.43;2002-02-15;True;False;0;2026-08-28
LU0431139764;Ethna-AKTIV T;Ethna-AKTIV T;ETHENEA Independent Investors S.A.;Allocation;Cautious Allocation;Mixtos Defensivos EUR - Global;EUR;Luxemburgo;4;5;2.62;1.65;5.26;10.48;7.27;4.42;2009-07-17;True;False;0;2026-08-28
LU0393653166;Fidelity Glb MA Dfsv A-Acc-EUR;Fidelity Funds - Global Multi Asset Defensive Fund A-Acc-EUR;FIL Investment Management (Luxembourg) S.à r.l.;Allocation;Cautious Allocation;Mixtos Defensivos EUR - Global;EUR;Luxemburgo;4;2;1.38;0.9;4;8.08;6.38;0.4;2009-01-19;True;False;;2026-08-28
LU0413543991;Fidelity Glb MA Dfsv A-Dis-EUR;Fidelity Funds - Global Multi Asset Defensive Fund A-DIST-EUR;FIL Investment Management (Luxembourg) S.à r.l.;Allocation;Cautious Allocation;Mixtos Defensivos EUR - Global;EUR;Luxemburgo;4;2;;1.5;3.96;8.04;6.42;0.41;2009-09-18;True;False;;2026-08-28
LU1245470593;FvS Multi Asset Defensive ET;Flossbach von Storch - Multi Asset Defensive ET;Flossbach von Storch Invest S.A.;Allocation;Cautious Allocation;Mixtos Defensivos EUR - Global;EUR;Luxemburgo;4;3;2.02;1.87;1.54;4.45;5.41;1.52;2015-07-10;True;False;0;2026-08-28
LU0119196938;GS Patrimonial Def-P Cap EUR;Goldman Sachs Patrimonial Defensive - P Cap EUR;Goldman Sachs Asset Management B.V.;Allocation;Cautious Allocation;Mixtos Defensivos EUR - Global;EUR;Luxemburgo;4;2;;1.2;2.33;4.14;5.37;-0.01;1994-07-15;True;False;0;2026-08-28
LU0701293705;Incometric Heed Patrimonio A1;Incometric Fund Heed Patrimonio A1;Heed Capital SGOIC SA;Allocation;Cautious Allocation;Mixtos Defensivos EUR - Global;EUR;Luxemburgo;5;5;;1.5;4.76;10.4;11.03;3.3;2012-09-20;True;False;5000;2026-08-28
LU1458463079;JPM Global Income Cnsrv A acc EUR;JPMorgan Investment Funds - Global Income Conservative Fund A (acc) EUR;JPMorgan Asset Management (Europe) S.à r.l.;Allocation;Cautious Allocation;Mixtos Defensivos EUR - Global;EUR;Luxemburgo;4;2;1.43;1.25;2.58;5.04;6.21;0.53;2016-10-12;True;False;35000;2026-08-28
LU1458463152;JPM Global Income Cnsrv A dist EUR;JPMorgan Investment Funds - Global Income Conservative Fund A (dist) EUR;JPMorgan Asset Management (Europe) S.à r.l.;Allocation;Cautious Allocation;Mixtos Defensivos EUR - Global;EUR;Luxemburgo;4;2;1.43;1.25;2.59;5.04;6.21;0.53;2016-10-12;True;False;35000;2026-08-28
LU1458463236;JPM Global Income Cnsrv A div EUR;JPMorgan Investment Funds - Global Income Conservative Fund A (div) EUR;JPMorgan Asset Management (Europe) S.à r.l.;Allocation;Cautious Allocation;Mixtos Defensivos EUR - Global;EUR;Luxemburgo;4;2;1.43;1.25;2.59;5.03;6.21;0.54;2016-10-12;True;False;35000;2026-08-28
LU1458464713;JPM Global Income Cnsrv D acc EUR;JPMorgan Investment Funds - Global Income Conservative Fund D (acc) EUR;JPMorgan Asset Management (Europe) S.à r.l.;Allocation;Cautious Allocation;Mixtos Defensivos EUR - Global;EUR;Luxemburgo;4;2;1.78;1.25;2.35;4.67;5.84;0.18;2016-10-12;True;False;5000;2026-08-28
LU1458464804;JPM Global Income Cnsrv D div EUR;JPMorgan Investment Funds - Global Income Conservative Fund D (div) EUR;JPMorgan Asset Management (Europe) S.à r.l.;Allocation;Cautious Allocation;Mixtos Defensivos EUR - Global;EUR;Luxemburgo;4;2;1.78;1.25;2.35;4.67;5.84;0.19;2016-11-10;True;False;5000;2026-08-28
FR0012355139;Lazard Patrimoine SRI RC EUR;Lazard Patrimoine SRI RC EUR;Lazard Frères Gestion;Allocation;Cautious Allocation;Mixtos Defensivos EUR - Global;EUR;Francia;3;3;;1.42;0.98;1.9;2.38;0.73;2014-12-31;True;False;1;2026-08-28
LU0566417423;March Intl Torrenova Lux A-EUR;March International Torrenova Lux Class A-EUR;March Asset Management SGIIC;Allocation;Cautious Allocation;Mixtos Defensivos EUR - Global;EUR;Luxemburgo;3;2;;1.25;2.32;4.28;3.94;1.52;2010-12-01;True;False;0;2026-08-28
LU1570387610;Ninety One GSF Glb Mang Inc A Acc EUR H;Ninety One Global Strategy Fund - Global Managed Income Fund A Acc EUR Hedged(Reference);Ninety One Luxembourg S.A.;Allocation;Cautious Allocation;Mixtos Defensivos EUR - Global;EUR;Luxemburgo;4;2;;1.15;1.73;2.73;3.57;0.38;2017-02-28;True;False;3000;2026-08-28
LU1328179103;Ninety One GSF Glb Mang Inc A Inc-2 EURH;Ninety One Global Strategy Fund - Global Managed Income Fund A Inc-2 EUR Hedged(Reference);Ninety One Luxembourg S.A.;Allocation;Cautious Allocation;Mixtos Defensivos EUR - Global;EUR;Luxemburgo;3;2;;1.15;1.84;2.79;3.59;0.4;2015-12-17;True;False;3000;2026-08-28
LU0634509953;Nordea 1 - Balanced Income Fd BP EUR;Nordea 1 - Balanced Income Fund BP EUR;Nordea Investment Funds SA;Allocation;Cautious Allocation;Mixtos Defensivos EUR - Global;EUR;Luxemburgo;2;1;1.45;1.2;0.95;0.89;3.23;-0.85;2012-02-22;True;False;0;2026-08-28
DE000A2JJ1W5;Oddo BHF Polaris Moderate CR EUR;Oddo BHF Polaris Moderate CR EUR;ODDO BHF Asset Management GmbH;Allocation;Cautious Allocation;Mixtos Defensivos EUR - Global;EUR;Alemania;4;3;1.19;1.5;1.43;3.21;4.9;1.72;2018-10-01;True;False;100;2026-08-28
IE00BG800Y73;PIMCO GIS Strategic Inc E EURH Acc;PIMCO GIS Strategic Income Fund E Class EUR (Hedged) Accumulation;PIMCO Global Advisors (Ireland) Limited;Allocation;Cautious Allocation;Mixtos Defensivos EUR - Global;EUR;Irlanda;4;5;;1.69;5.31;8.72;9.02;3.77;2013-12-16;True;False;1000;2026-08-28
IE00BG800X66;PIMCO GIS Strategic Inc E EURH IncII;PIMCO GIS Strategic Income Fund E Class EUR (Hedged) Income II;PIMCO Global Advisors (Ireland) Limited;Allocation;Cautious Allocation;Mixtos Defensivos EUR - Global;EUR;Irlanda;4;5;;1.69;5.42;8.82;9;3.78;2013-12-16;True;False;;2026-08-28
LU0941349192;Pictet-Multi Asset Global Opps P EUR;Pictet-Multi Asset Global Opportunities P EUR;Pictet Asset Management (Europe) SA;Allocation;Cautious Allocation;Mixtos Defensivos EUR - Global;EUR;Luxemburgo;4;4;1.2;1.35;3.43;6.21;8.04;2.66;2013-08-21;True;False;0;2026-08-28
IE00BDZS0L05;Pyrford Glbl Tot Ret(Sterling)W EUR HAcc;Pyrford Global Total Return (Sterling) Fund Class W EUR Hedged Accumulating;Pyrford International Ltd;Allocation;Cautious Allocation;Mixtos Defensivos EUR - Global;EUR;Irlanda;4;4;;1.5;2.94;4.43;5.02;2.41;2018-02-01;True;False;50;2026-08-28
LU0776414087;Schroder ISF Glbl MA Bal A Acc EUR;Schroder International Selection Fund Global Multi-Asset Balanced A Accumulation EUR;Schroder Investment Management (Europe) S.A.;Allocation;Cautious Allocation;Mixtos Defensivos EUR - Global;EUR;Luxemburgo;4;5;1.55;1.25;9.43;13.93;10.91;4.61;2012-07-02;True;False;1000;2026-08-28
LU0776414756;Schroder ISF Glbl MA Bal A Dis Q;Schroder International Selection Fund Global Multi-Asset Balanced A Distribution EUR Q;Schroder Investment Management (Europe) S.A.;Allocation;Cautious Allocation;Mixtos Defensivos EUR - Global;EUR;Luxemburgo;4;5;1.55;1.25;9.43;13.94;10.91;4.61;2012-07-02;True;False;1000;2026-08-28
LU0757360457;Schroder ISF Glbl MA Inc A Acc EUR H;Schroder International Selection Fund Global Multi-Asset Income A Accumulation EUR Hedged;Schroder Investment Management (Europe) S.A.;Allocation;Cautious Allocation;Mixtos Defensivos EUR - Global;EUR;Luxemburgo;4;3;1.59;1.25;5.86;10.31;9.15;2.59;2012-04-18;True;False;1000;2026-08-28
LU0757360960;Schroder ISF Glbl MA Inc A Dis EUR H QV;Schroder International Selection Fund Global Multi-Asset Income A Distribution EUR Hedged QV;Schroder Investment Management (Europe) S.A.;Allocation;Cautious Allocation;Mixtos Defensivos EUR - Global;EUR;Luxemburgo;4;3;1.59;1.25;5.86;10.29;9.13;2.59;2012-04-18;True;False;1000;2026-08-28
LU0033040782;UBS (Lux) SF Yield (EUR) P-acc;UBS (Lux) Strategy Fund - Yield (EUR) P-acc;UBS Asset Management (Europe) S.A.;Allocation;Cautious Allocation;Mixtos Defensivos EUR - Global;EUR;Luxemburgo;4;3;1.58;1.15;4.57;7.61;7.13;1.15;1991-09-10;True;False;3000000;2026-08-28
LU1646954765;abrdn-Diversified Income A Acc HEUR;abrdn SICAV I - Diversified Income Fund A Acc Hedged EUR;abrdn Investments Luxembourg S.A.;Allocation;Cautious Allocation;Mixtos Defensivos EUR - Global;EUR;Luxemburgo;4;4;;1.2;5.45;6.57;6.98;2.66;2017-08-03;True;False;1000;2026-08-28
LU1239090977;abrdn-Diversified Income A Grs MInc HEUR;abrdn SICAV I - Diversified Income Fund A Gross MInc Hedged EUR;abrdn Investments Luxembourg S.A.;Allocation;Cautious Allocation;Mixtos Defensivos EUR - Global;EUR;Luxemburgo;4;4;;1.2;5.47;6.55;6.97;2.66;2015-10-14;True;False;;2026-08-28
LU1883330521;Amundi Fds Glb MA Trg Inc A2 EUR C;Amundi Funds - Global Multi-Asset Target Income A2 EUR (C);Amundi Luxembourg S.A.;Allocation;Cautious Allocation;Mixtos Defensivos USD;EUR;Luxemburgo;4;4;1.95;1.5;6.59;11.13;7.6;4.96;2013-05-02;True;False;1;2026-08-28
LU1883330950;Amundi Fds Glb MA Trg Inc A2 EUR QTI D;Amundi Funds - Global Multi-Asset Target Income A2 EUR QTI (D);Amundi Luxembourg S.A.;Allocation;Cautious Allocation;Mixtos Defensivos USD;EUR;Luxemburgo;4;4;1.95;1.5;6.55;11.67;7.6;4.95;2019-06-11;True;False;0;2026-08-28
LU0553828673;Barclays MultiManager Port 1 A Acc USD;Barclays Portfolios SICAV - Barclays MultiManager Portfolio 1 A Acc USD;Barclays Investment Solutions Limited;Allocation;Cautious Allocation;Mixtos Defensivos USD;USD;Luxemburgo;3;3;;0.6;3.3;5.24;6.35;2.31;2011-01-10;True;False;;2026-08-28
LU1075211430;Invesco Pan European Hi Inc A USDH Acc;Invesco Funds - Invesco Pan European High Income Fund A (USD Hedged) Accumulation USD;Invesco Management S.A.;Allocation;Cautious Allocation;Mixtos Defensivos USD;USD;Luxemburgo;4;5;;1.25;5.36;8.68;9.07;4.9;2014-07-23;True;False;1500;2026-08-28
LU1910254660;Ninety One GSF Glb Mang Inc A Acc EUR;Ninety One Global Strategy Fund - Global Managed Income Fund A Acc EUR;Ninety One Luxembourg S.A.;Allocation;Cautious Allocation;Mixtos Defensivos USD;EUR;Luxemburgo;4;3;;1.15;3.66;4.67;3.01;2.67;2018-11-30;True;False;3000;2026-08-28
LU0972617095;Ninety One GSF Glb Mang Inc A Acc USD;Ninety One Global Strategy Fund - Global Managed Income Fund A Acc USD;Ninety One Luxembourg S.A.;Allocation;Cautious Allocation;Mixtos Defensivos USD;USD;Luxemburgo;3;3;;1.15;2.9;4.8;5.64;2.48;2013-09-27;True;False;3000;2026-08-28
LU1910254744;Ninety One GSF Glb Mang Inc A Inc EUR;Ninety One Global Strategy Fund - Global Managed Income Fund A Inc-2 EUR;Ninety One Luxembourg S.A.;Allocation;Cautious Allocation;Mixtos Defensivos USD;EUR;Luxemburgo;4;3;;1.15;3.96;4.68;3.01;2.67;2018-11-30;True;False;3000;2026-08-28
LU0953506580;Ninety One GSF Glb Mang Inc A Inc-2 USD;Ninety One Global Strategy Fund - Global Managed Income Fund A Inc-2 USD;Ninety One Luxembourg S.A.;Allocation;Cautious Allocation;Mixtos Defensivos USD;USD;Luxemburgo;3;3;;1.15;2.87;4.78;5.64;2.48;2013-07-30;True;False;3000;2026-08-28
IE00BG800R07;PIMCO GIS Strategic Inc E USD Acc;PIMCO GIS Strategic Income Fund E Class USD Accumulation;PIMCO Global Advisors (Ireland) Limited;Allocation;Cautious Allocation;Mixtos Defensivos USD;USD;Irlanda;4;5;;1.69;6.39;10.56;10.97;5.53;2013-12-16;True;False;1000;2026-08-28
IE00BG800Q99;PIMCO GIS Strategic Inc E USD Inc;PIMCO GIS Strategic Income Fund E Class USD Income II;PIMCO Global Advisors (Ireland) Limited;Allocation;Cautious Allocation;Mixtos Defensivos USD;USD;Irlanda;4;5;;1.69;6.39;10.58;11;5.54;2013-12-16;True;False;1000;2026-08-28
LU0757359368;Schroder ISF Glbl MA Inc A Acc USD;Schroder International Selection Fund Global Multi-Asset Income A Accumulation USD;Schroder Investment Management (Europe) S.A.;Allocation;Cautious Allocation;Mixtos Defensivos USD;USD;Luxemburgo;4;4;7.97;1.25;7.2;12.66;11.35;4.76;2012-04-18;True;False;1000;2026-08-28
LU0757359954;Schroder ISF Glbl MA Inc A Dis $ MF;Schroder International Selection Fund Global Multi-Asset Income A Distribution USD MF;Schroder Investment Management (Europe) S.A.;Allocation;Cautious Allocation;Mixtos Defensivos USD;USD;Luxemburgo;4;4;1.55;1.25;7.2;12.66;11.36;4.76;2012-04-18;True;False;1000;2026-08-28
LU1417001382;UBS (Lux) SF Yield $ P-4%-mdist;UBS (Lux) Strategy Fund - Yield (USD) P-4%-mdist;UBS Asset Management (Europe) S.A.;Allocation;Cautious Allocation;Mixtos Defensivos USD;USD;Luxemburgo;4;3;1.57;1.15;5.46;9.41;9.17;2.98;2016-06-01;True;False;30000000;2026-08-28
LU0033043885;UBS (Lux) SF Yield $ P-acc;UBS (Lux) Strategy Fund - Yield (USD) P-acc;UBS Asset Management (Europe) S.A.;Allocation;Cautious Allocation;Mixtos Defensivos USD;USD;Luxemburgo;4;3;1.57;1.15;5.46;9.4;9.17;2.98;1991-09-10;True;False;5000000;2026-08-28
LU0033041590;UBS (Lux) SF Yield $ P-dist;UBS (Lux) Strategy Fund - Yield (USD) P-dist;UBS Asset Management (Europe) S.A.;Allocation;Cautious Allocation;Mixtos Defensivos USD;USD;Luxemburgo;4;3;1.57;1.15;5.46;9.41;9.17;2.98;1991-09-10;True;False;;2026-08-28
LU1124235240;abrdn-Diversified Income A Grs MInc EUR;abrdn SICAV I - Diversified Income Fund A Gross MInc EUR;abrdn Investments Luxembourg S.A.;Allocation;Cautious Allocation;Mixtos Defensivos USD;EUR;Luxemburgo;4;4;;1.2;7.69;8.07;6.16;4.78;2015-06-01;True;False;1000;2026-08-28
LU1124234862;abrdn-Diversified Income A Grs MInc USD;abrdn SICAV I - Diversified Income Fund A Gross MInc USD;abrdn Investments Luxembourg S.A.;Allocation;Cautious Allocation;Mixtos Defensivos USD;USD;Luxemburgo;4;5;;1.2;6.71;8.64;8.84;4.57;2015-06-01;True;False;500;2026-08-28
LU2748242042;Acacia Renta Dinamica R EUR Acc;Athenee FCP Acacia Renta Dinamica R EUR Accumulated;Andbank Asset Management Luxembourg;Allocation;Flexible Allocation;Mixtos Flexibles EUR;EUR;Luxemburgo;;;;;1.9;2.9;;;2024-02-12;True;False;0;2026-08-28
LU1966822527;Cartesio Equity R;Cartesio Funds Equity R;Cartesio Inversiones SGIIC;Allocation;Flexible Allocation;Mixtos Flexibles EUR;EUR;Luxemburgo;6;5;;1.55;11.82;18.37;17.45;10.73;2020-01-13;True;False;6000;2026-08-28
LU1097688045;Invesco Balanced-Risk Select A EUR Acc;Invesco Funds - Invesco Balanced-Risk Select Fund A Accumulation EUR;Invesco Management S.A.;Allocation;Flexible Allocation;Mixtos Flexibles EUR;EUR;Luxemburgo;5;3;;1.25;16.22;21.48;9.85;1.57;2014-08-20;True;False;1000;2026-08-28
FR0010738120;Sycomore Partners P;Sycomore Partners P;Sycomore Asset Management;Allocation;Flexible Allocation;Mixtos Flexibles EUR;EUR;Francia;4;2;;1.5;5.43;8.44;3.77;1.59;2009-03-30;True;False;0;2026-08-28
LU0465917044;AXAWF Global Optimal Income A Cap EUR;AXA World Funds - Global Optimal Income A Capitalisation EUR;BNP PARIBAS ASSET MANAGEMENT Europe;Allocation;Flexible Allocation;Mixtos Flexibles EUR - Global;EUR;Luxemburgo;5;3;1.43;1.2;8.6;15.63;13.77;4.07;2013-03-08;True;False;0;2026-08-28
LU0465917127;AXAWF Global Optimal Income A Dis gr EUR;AXA World Funds - Global Optimal Income A Distribution gr EUR;BNP PARIBAS ASSET MANAGEMENT Europe;Allocation;Flexible Allocation;Mixtos Flexibles EUR - Global;EUR;Luxemburgo;5;3;;1.2;8.6;15.64;13.77;4.07;2014-02-10;True;False;0;2026-08-28
LU0465917390;AXAWF Global Optimal Income E Cap EUR;AXA World Funds - Global Optimal Income E Capitalisation EUR;BNP PARIBAS ASSET MANAGEMENT Europe;Allocation;Flexible Allocation;Mixtos Flexibles EUR - Global;EUR;Luxemburgo;5;3;1.93;1.2;8.25;15.06;13.2;3.55;2013-03-08;True;False;0;2026-08-28
DE000A0X7541;Acatis Value Event Fonds A;Acatis Value Event Fonds A;ACATIS Investment Kapitalverwaltungsgesellschaft mbH;Allocation;Flexible Allocation;Mixtos Flexibles EUR - Global;EUR;Alemania;5;3;1.8;1.8;0.34;0.86;3.91;2.64;2008-12-15;True;False;0;2026-08-28
DE000A1T73W9;Acatis Value Event Fonds C;Acatis Value Event Fonds C;ACATIS Investment Kapitalverwaltungsgesellschaft mbH;Allocation;Flexible Allocation;Mixtos Flexibles EUR - Global;EUR;Alemania;5;3;1.8;1.8;0.33;0.85;3.9;2.62;2013-07-10;True;False;0;2026-08-28
LU1883340595;Amundi Fds Pio Flexible Opps A EUR H C;Amundi Funds - Pioneer Flexible Opportunities A EUR Hgd (C);Amundi Luxembourg S.A.;Allocation;Flexible Allocation;Mixtos Flexibles EUR - Global;EUR;Luxemburgo;6;3;2.65;1.5;7.88;12.01;15.77;4.05;2011-11-30;True;False;1;2026-08-28
LU0211340665;BL-Global Flexible EUR B;BL-Global Flexible EUR B EUR Acc;BLI - Banque de Luxembourg Investments SA;Allocation;Flexible Allocation;Mixtos Flexibles EUR - Global;EUR;Luxemburgo;4;3;1.43;1.25;10.43;18.51;10.15;3.83;2005-06-04;True;False;0;2026-08-28
IE00B4Z6HC18;BNY Mellon Glbl Rl Ret (EUR) A Acc;BNY Mellon Global Real Return Fund (EUR) A Acc;BNY Mellon Fund Management (Lux) S.A.;Allocation;Flexible Allocation;Mixtos Flexibles EUR - Global;EUR;Irlanda;4;2;1.58;1.5;7.27;12.41;9.05;2.29;2010-03-08;True;False;5000;2026-08-28
IE00BBPRD471;BNY Mellon Glbl Rl Ret (EUR) A Inc;BNY Mellon Global Real Return Fund (EUR) A Inc;BNY Mellon Fund Management (Lux) S.A.;Allocation;Flexible Allocation;Mixtos Flexibles EUR - Global;EUR;Irlanda;4;2;1.58;1.5;7.27;12.41;9.05;2.28;2013-08-02;True;False;5000;2026-08-28
LU1496043081;Bankinter IFS Multifunds Dynam A Acc;Bankinter International Fund SICAV - Multifunds Dynam A Acc;Bankinter Luxembourg S.A.;Allocation;Flexible Allocation;Mixtos Flexibles EUR - Global;EUR;Luxemburgo;4;3;;0.05;6.09;9.67;9.08;4.14;2017-03-06;True;False;;2026-08-28
LU1496043164;Bankinter IFS Multifunds Dynam B Acc;Bankinter International Fund SICAV - Multifunds Dynam B Acc;Bankinter Luxembourg S.A.;Allocation;Flexible Allocation;Mixtos Flexibles EUR - Global;EUR;Luxemburgo;5;4;;0.05;6.4;10.15;9.54;4.59;2017-03-06;True;False;;2026-08-28
ES0115086011;Bankinter Platea Dinámico A FI;Bankinter Platea Dinámico A FI;Bankinter Gestión de Activos SGIIC;Allocation;Flexible Allocation;Mixtos Flexibles EUR - Global;EUR;España;5;4;2.56;1.25;6.17;9.65;9.27;4.65;2017-09-29;True;False;50000;2026-08-28
ES0115086003;Bankinter Platea Dinámico B FI;Bankinter Platea Dinámico B FI;Bankinter Gestión de Activos SGIIC;Allocation;Flexible Allocation;Mixtos Flexibles EUR - Global;EUR;España;5;4;2.33;1.1;6.29;9.83;9.47;4.83;2015-11-20;True;False;200000;2026-08-28
ES0115086029;Bankinter Platea Dinámico R FI;Bankinter Platea Dinámico R FI;Bankinter Gestión de Activos SGIIC;Allocation;Flexible Allocation;Mixtos Flexibles EUR - Global;EUR;España;5;4;1.86;1.35;6.62;10.36;9.79;4.92;2020-03-17;True;False;10;2026-08-28
LU0494761835;Bellevue Global Macro B EUR;Bellevue Funds (Lux) - Bellevue Global Macro B EUR;Bellevue Asset Management Ltd.;Allocation;Flexible Allocation;Mixtos Flexibles EUR - Global;EUR;Luxemburgo;4;;1.91;1.4;-0.06;1.64;;;2010-03-31;True;False;0;2026-08-28
LU2278574715;Buy & Hold Luxembourg Flexible Class 2;Buy & Hold Luxembourg B&H Flexible Class 2;Buy & Hold Capital SGIIC;Allocation;Flexible Allocation;Mixtos Flexibles EUR - Global;EUR;Luxemburgo;3;3;;1.45;2.93;4.32;6.77;3.12;2021-04-15;True;False;1;2026-08-28
LU2715954504;Carmignac Pf Inflation Solu A EUR Acc;Carmignac Portfolio Inflation Solution A EUR Acc;Carmignac Gestion Luxembourg S.A.;Allocation;Flexible Allocation;Mixtos Flexibles EUR - Global;EUR;Luxemburgo;4;;1.82;2;5.68;6.5;;;2023-12-15;True;False;0;2026-08-28
LU0159550747;DJE - Multi Asset & Trends I (EUR);DJE - Multi Asset & Trends I (EUR);DJE Investment SA;Allocation;Flexible Allocation;Mixtos Flexibles EUR - Global;EUR;Luxemburgo;5;5;1.69;1.2;6.33;11.18;11.3;5.19;2003-01-27;True;False;75000;2026-08-28
LU0599946893;DWS Concept Kaldemorgen EUR LC;DWS Concept Kaldemorgen EUR LC;DWS Investment S.A.;Allocation;Flexible Allocation;Mixtos Flexibles EUR - Global;EUR;Luxemburgo;4;3;1.54;1.5;3.99;7.97;5.71;3.4;2011-05-02;True;False;0;2026-08-28
LU0599946976;DWS Concept Kaldemorgen EUR LD;DWS Concept Kaldemorgen EUR LD;DWS Investment S.A.;Allocation;Flexible Allocation;Mixtos Flexibles EUR - Global;EUR;Luxemburgo;4;3;1.54;1.5;4;7.97;5.72;3.4;2011-05-02;True;False;0;2026-08-28
LU0455735596;Ethna-DYNAMISCH T;Ethna-DYNAMISCH T;ETHENEA Independent Investors S.A.;Allocation;Flexible Allocation;Mixtos Flexibles EUR - Global;EUR;Luxemburgo;4;3;2.14;1.7;7.39;16.4;12.43;4.51;2009-11-10;True;False;0;2026-08-28
LU0497415702;Eurizon Flexible Equity Strat R EUR Acc;Eurizon Fund - Flexible Equity Strategy Class Unit R EUR Accumulation;Eurizon Capital SGR SpA - Luxembourg Branch;Allocation;Flexible Allocation;Mixtos Flexibles EUR - Global;EUR;Luxemburgo;6;3;2.85;1.8;6.96;9.07;7.7;3.14;2010-07-09;True;False;500;2026-08-28
LU1431865044;Fidelity Multi Asst Dyn Infl A-Acc-EUR H;Fidelity Funds - Multi Asset Dynamic Inflation Fund A-Acc-EUR (EUR/USD hedged);FIL Investment Management (Luxembourg) S.à r.l.;Allocation;Flexible Allocation;Mixtos Flexibles EUR - Global;EUR;Luxemburgo;4;2;1.55;1.5;5.7;15.9;10.69;2.19;2016-06-30;True;False;;2026-08-28
LU1038809395;FvS Multiple Opportunities II RT;Flossbach von Storch - Multiple Opportunities II RT;Flossbach von Storch Invest S.A.;Allocation;Flexible Allocation;Mixtos Flexibles EUR - Global;EUR;Luxemburgo;5;3;1.66;1.47;2.63;5.78;5.49;2.19;2014-04-03;True;False;0;2026-08-28
LU0482498176;Invesco Balanced-Risk Allc A EUR AD;Invesco Funds - Invesco Balanced-Risk Allocation Fund A Annual Distribution EUR;Invesco Management S.A.;Allocation;Flexible Allocation;Mixtos Flexibles EUR - Global;EUR;Luxemburgo;5;2;;1.25;15.69;19.84;8.3;1.14;2010-04-28;True;False;1000;2026-08-28
LU0432616737;Invesco Balanced-Risk Allc A EUR Acc;Invesco Funds - Invesco Balanced-Risk Allocation Fund A Accumulation EUR;Invesco Management S.A.;Allocation;Flexible Allocation;Mixtos Flexibles EUR - Global;EUR;Luxemburgo;5;2;;1.25;15.71;19.86;8.3;1.14;2009-09-01;True;False;1000;2026-08-28
LU2386306141;Isatis Investment Technology B4;Isatis Investment Technology B4;Funds Avenue;Allocation;Flexible Allocation;Mixtos Flexibles EUR - Global;EUR;Luxemburgo;6;5;;2;14.84;15.78;18.15;;2023-01-17;True;False;250000;2026-08-28
LU2874078400;Isatis Investment Technology B6;Isatis Investment Technology B6;Funds Avenue;Allocation;Flexible Allocation;Mixtos Flexibles EUR - Global;EUR;Luxemburgo;;;;2.5;13.35;14.02;;;2024-12-03;True;False;10;2026-08-28
LU2971739102;Isatis Investment Technology B7;Isatis Investment Technology B7;Funds Avenue;Allocation;Flexible Allocation;Mixtos Flexibles EUR - Global;USD;Luxemburgo;;;;2;;;;;2026-03-30;True;False;20000;2026-08-28
LU1582988058;M&G (Lux) Dynamic Allocation A EUR Acc;M&G (Lux) Dynamic Allocation Fund EUR A Acc;M&G Luxembourg S.A.;Allocation;Flexible Allocation;Mixtos Flexibles EUR - Global;EUR;Luxemburgo;5;3;1.95;1.75;5.3;10.85;8.53;4.82;2018-01-16;True;False;1000;2026-08-28
LU1582988132;M&G (Lux) Dynamic Allocation A EUR Inc;M&G (Lux) Dynamic Allocation Fund EUR A Inc;M&G Luxembourg S.A.;Allocation;Flexible Allocation;Mixtos Flexibles EUR - Global;EUR;Luxemburgo;5;3;1.95;1.75;5.3;10.85;8.53;4.81;2018-01-16;True;False;1000;2026-08-28
LU0694238501;MS INVF Global Bal Rsk Contr FOF A;Morgan Stanley Investment Funds - Global Balanced Risk Control Fund of Funds A;MSIM Fund Management (Ireland) Limited;Allocation;Flexible Allocation;Mixtos Flexibles EUR - Global;EUR;Luxemburgo;4;2;2.34;2;5.1;7.62;8.05;1.86;2011-11-02;True;False;0;2026-08-28
LU1860979399;Pareturn Varianza Cervino WldInvms RBEUR;Pareturn Varianza Cervino World Investments P-B EUR Cap;Varianza Gestión SGIIC;Allocation;Flexible Allocation;Mixtos Flexibles EUR - Global;EUR;Luxemburgo;5;4;;1.5;11.5;19.87;11.03;6.02;2018-10-19;True;False;;2026-08-28
FR0011253624;R-co Valor C EUR;R-co Valor C EUR;Rothschild & Co Asset Management;Allocation;Flexible Allocation;Mixtos Flexibles EUR - Global;EUR;Francia;4;5;1.54;1.58;0.13;7.14;12.08;7.42;1994-04-08;True;False;0;2026-08-28
FR0011261189;R-co Valor D EUR;R-co Valor D EUR;Rothschild & Co Asset Management;Allocation;Flexible Allocation;Mixtos Flexibles EUR - Global;EUR;Francia;4;5;1.54;1.58;0.13;7.14;12.08;7.42;1994-04-08;True;False;0;2026-08-28
LU0638558717;Ruffer Total Return Intl O EUR Cap;Ruffer SICAV - Ruffer Total Return International O EUR Capitalisation;Ruffer LLP;Allocation;Flexible Allocation;Mixtos Flexibles EUR - Global;EUR;Luxemburgo;4;2;1.46;1.5;0.99;4.16;2.8;0.57;2011-07-13;True;False;1000;2026-08-28
LU2252564898;Ruffer Total Return Intl OI EUR Cap;Ruffer SICAV - Ruffer Total Return International OI EUR Capitalisation;Ruffer LLP;Allocation;Flexible Allocation;Mixtos Flexibles EUR - Global;EUR;Luxemburgo;4;2;1.42;1.5;1.01;4.2;2.84;0.61;2021-02-17;True;False;1;2026-08-28
LU0107768052;Schroder ISF Inflation Plus A Acc EUR;Schroder International Selection Fund Inflation Plus A Accumulation EUR;Schroder Investment Management (Europe) S.A.;Allocation;Flexible Allocation;Mixtos Flexibles EUR - Global;EUR;Luxemburgo;6;3;;1.5;11.89;22.13;8.99;6.1;2000-03-31;True;False;1000;2026-08-28
LU0107768136;Schroder ISF Inflation Plus B Acc EUR;Schroder International Selection Fund Inflation Plus B Accumulation EUR;Schroder Investment Management (Europe) S.A.;Allocation;Flexible Allocation;Mixtos Flexibles EUR - Global;EUR;Luxemburgo;6;3;;1.5;11.52;21.52;8.45;5.57;2000-03-31;True;False;1000;2026-08-28
LU2147879543;Tikehau Intl Crs Asts R EUR Acc;Tikehau International Cross Assets R EUR Acc;Tikehau Investment Management;Allocation;Flexible Allocation;Mixtos Flexibles EUR - Global;EUR;Luxemburgo;4;3;1.66;1.5;4.15;5.96;6.6;2.95;2020-12-31;True;False;100;2026-08-28
IE00BYV18N80;Trojan (Ireland) I EUR Acc;Trojan Funds (Ireland) plc - Trojan Fund (Ireland) I EUR Acc;Troy Asset Management Limited;Allocation;Flexible Allocation;Mixtos Flexibles EUR - Global;EUR;Irlanda;3;2;1.59;1.5;1.42;4.57;4.24;1.43;2016-08-31;True;False;0;2026-08-28
LU2872701516;UBS (Lux) KSS Glbl Allc (USD) EURH P-acc;UBS (Lux) Key Selection SICAV - Global Allocation (USD) EUR Hedged P-acc;UBS Asset Management (Europe) S.A.;Allocation;Flexible Allocation;Mixtos Flexibles EUR - Global;EUR;Luxemburgo;5;;2.19;1.67;9.17;16.17;;;2024-09-09;True;False;;2026-08-28
LU2872701276;UBS (Lux) KSS Glbl Allc (USD) GBPH P-acc;UBS (Lux) Key Selection SICAV - Global Allocation (USD) GBP Hedged P-acc;UBS Asset Management (Europe) S.A.;Allocation;Flexible Allocation;Mixtos Flexibles GBP;GBP;Luxemburgo;5;;2.19;1.67;10.36;18.32;;;2024-09-09;True;False;;2026-08-28
LU1353746875;fLAB Fund SICAV Core H-GBP;fLAB Fund SICAV Core H-GBP;Pure Capital SA;Allocation;Flexible Allocation;Mixtos Flexibles GBP;GBP;Luxemburgo;3;2;;1.16;5.21;8.9;8.07;3.13;2016-02-17;True;False;10;2026-08-28
LU1883340322;Amundi Fds Pio Flexible Opps A EUR C;Amundi Funds - Pioneer Flexible Opportunities A EUR (C);Amundi Luxembourg S.A.;Allocation;Flexible Allocation;Mixtos Flexibles USD;EUR;Luxemburgo;6;4;3.19;1.5;9.84;13.25;14.8;6.94;2011-11-16;True;False;1;2026-08-28
LU0599947602;DWS Concept Kaldemorgen USD LCH;DWS Concept Kaldemorgen USD LCH;DWS Investment S.A.;Allocation;Flexible Allocation;Mixtos Flexibles USD;USD;Luxemburgo;4;3;1.57;1.5;5;9.79;7.23;4.98;2014-02-24;True;False;400000;2026-08-28
LU0251130554;Fidelity Multi Asst Dyn Infl A-Acc-EUR;Fidelity Funds - Multi Asset Dynamic Inflation Fund A-Acc-EUR;FIL Investment Management (Luxembourg) S.à r.l.;Allocation;Flexible Allocation;Mixtos Flexibles USD;EUR;Luxemburgo;4;3;1.55;1.5;7.76;17.82;9.9;4.39;2006-07-03;True;False;2500;2026-08-28
LU0056886558;Fidelity Multi Asst Dyn Infl A-Dis-EUR;Fidelity Funds - Multi Asset Dynamic Inflation Fund A-DIST-EUR;FIL Investment Management (Luxembourg) S.à r.l.;Allocation;Flexible Allocation;Mixtos Flexibles USD;EUR;Luxemburgo;4;3;1.55;1.5;7.81;17.87;9.88;4.4;1995-06-26;True;False;;2026-08-28
LU1280372688;FvS Multiple Opportunities II USD-RT;Flossbach von Storch - Multiple Opportunities II USD-RT;Flossbach von Storch Invest S.A.;Allocation;Flexible Allocation;Mixtos Flexibles USD;USD;Luxemburgo;5;3;1.65;1.47;3.68;7.59;7.04;3.84;2016-07-04;True;False;0;2026-08-28
LU0482498762;Invesco Balanced-Risk Allc A USDH Acc;Invesco Funds - Invesco Balanced-Risk Allocation Fund A (USD Hedged) Accumulation USD;Invesco Management S.A.;Allocation;Flexible Allocation;Mixtos Flexibles USD;USD;Luxemburgo;5;3;;1.25;17.12;22.23;10.39;3.25;2010-04-28;True;False;1500;2026-08-28
LU1582988991;M&G (Lux) Dynamic Allocation A USD H Acc;M&G (Lux) Dynamic Allocation Fund USD A-H Acc;M&G Luxembourg S.A.;Allocation;Flexible Allocation;Mixtos Flexibles USD;USD;Luxemburgo;5;4;1.97;1.75;6.52;13.03;10.62;6.94;2018-01-16;True;False;1000;2026-08-28
LU1582989023;M&G (Lux) Dynamic Allocation A USD H Inc;M&G (Lux) Dynamic Allocation Fund USD A-H Inc;M&G Luxembourg S.A.;Allocation;Flexible Allocation;Mixtos Flexibles USD;USD;Luxemburgo;5;4;1.97;1.75;6.5;13.01;10.65;6.97;2018-01-16;True;False;1000;2026-08-28
LU1099740216;MS INVF Global Bal Rsk Contr FOF AH USD;Morgan Stanley Investment Funds - Global Balanced Risk Control Fund of Funds AH (USD);MSIM Fund Management (Ireland) Limited;Allocation;Flexible Allocation;Mixtos Flexibles USD;USD;Luxemburgo;4;3;2.36;2;6.26;9.69;9.97;3.72;2014-08-18;True;False;0;2026-08-28
LU0638558980;Ruffer Total Return Intl O USD Cap;Ruffer SICAV - Ruffer Total Return International O USD Capitalisation;Ruffer LLP;Allocation;Flexible Allocation;Mixtos Flexibles USD;USD;Luxemburgo;4;2;1.46;1.5;2.14;6.15;4.73;2.47;2011-07-13;True;False;1000;2026-08-28
LU0847086583;fLAB Fund SICAV Core H-USD;fLAB Fund SICAV Core H-USD;Pure Capital SA;Allocation;Flexible Allocation;Mixtos Flexibles USD;USD;Luxemburgo;3;2;;1.16;5.27;9.11;8.37;3.64;2012-11-16;True;False;10;2026-08-28
LU0236177068;BGF Global Allocation A2 GBP Hedged;BlackRock Global Funds - Global Allocation Fund A2 GBP Hedged;BlackRock (Luxembourg) SA;Allocation;Moderate Allocation;Mixtos GBP 40-60% Renta Variable;GBP;Luxemburgo;5;3;1.77;1.5;7.25;13.64;13.19;4.26;2005-12-01;True;False;;2026-08-28
LU0271681321;Barclays MultiManager Port 3 A Acc GBP;Barclays Portfolios SICAV - Barclays MultiManager Portfolio 3 A Acc GBP;Barclays Investment Solutions Limited;Allocation;Moderate Allocation;Mixtos GBP 40-60% Renta Variable;GBP;Luxemburgo;4;3;;1.5;5.99;9.03;8.87;3.94;2008-06-05;True;False;1000;2026-08-28
LU0533027347;Capital Group EM TotOpp LUX B EUR;Capital Group Emerging Markets Total Opportunities LUX B EUR;Capital International Management Company Sàrl;Allocation;Flexible Allocation;Mixtos Global Emergentes ;EUR;Luxemburgo;4;3;0.15;1.5;6.21;10.45;7.25;2.97;2009-06-08;True;False;;2026-08-28
LU0810662568;Capital Group EM TotOpp LUX Bh-EUR;Capital Group Emerging Markets Total Opportunities LUX Bh-EUR;Capital International Management Company Sàrl;Allocation;Flexible Allocation;Mixtos Global Emergentes ;EUR;Luxemburgo;4;2;1.65;1.5;5.16;9.44;7.59;1.78;2012-08-07;True;False;0;2026-08-28
LU0592698954;Carmignac Pf Emerg Patrim A EUR Acc;Carmignac Portfolio Emerging Patrimoine A EUR Acc;Carmignac Gestion Luxembourg S.A.;Allocation;Allocation Miscellaneous;Mixtos Global Emergentes ;EUR;Luxemburgo;5;3;1.8;1.5;12.9;22.71;10.15;3.81;2011-03-31;True;False;0;2026-08-28
LU0807690911;Carmignac Pf Emerg Patrim A EUR Ydis;Carmignac Portfolio Emerging Patrimoine A EUR Ydis;Carmignac Gestion Luxembourg S.A.;Allocation;Allocation Miscellaneous;Mixtos Global Emergentes ;EUR;Luxemburgo;4;3;1.8;1.5;12.9;22.71;10.15;3.84;2012-07-19;True;False;0;2026-08-28
LU0608808167;Templeton Em Mkts Dyn Inc A YDis EUR;Templeton Emerging Markets Dynamic Income Fund A(Ydis)EUR;Franklin Templeton International Services S.à r.l.;Allocation;Allocation Miscellaneous;Mixtos Global Emergentes ;EUR;Luxemburgo;5;5;1.85;1.5;19.91;32.29;17.47;8.39;2011-04-29;True;False;;2026-08-28
LU0049785289;UBS (Lux) SF Balanced (CHF) P-acc;UBS (Lux) Strategy Fund - Balanced (CHF) P-acc;UBS Asset Management (Europe) S.A.;Allocation;Moderate Allocation;Mixtos Moderados CHF;CHF;Luxemburgo;4;2;1.75;1.3;5.51;9.22;6.69;0.6;1994-07-01;True;False;;2026-08-28
ES0114877030;Bankinter Mixto Flexible R FI;Bankinter Mixto Flexible R FI;Bankinter Gestión de Activos SGIIC;Allocation;Moderate Allocation;Mixtos Moderados EUR;EUR;España;5;4;1.79;1.6;10.48;16.99;9.03;4.23;1997-04-16;True;False;1;2026-08-28
ES0164586010;Bankinter Premium Moderado A FI;Bankinter Premium Moderado A FI;Bankinter Gestión de Activos SGIIC;Allocation;Moderate Allocation;Mixtos Moderados EUR;EUR;España;4;3;1.32;1.15;4.77;7.7;7.53;3.46;2017-09-15;True;False;50000;2026-08-28
ES0164586002;Bankinter Premium Moderado B FI;Bankinter Premium Moderado B FI;Bankinter Gestión de Activos SGIIC;Allocation;Moderate Allocation;Mixtos Moderados EUR;EUR;España;4;3;0.82;0.65;5.11;8.24;8.08;4.03;2016-07-15;True;False;500000;2026-08-28
ES0164586028;Bankinter Premium Moderado D FI;Bankinter Premium Moderado D FI;Bankinter Gestión de Activos SGIIC;Allocation;Moderate Allocation;Mixtos Moderados EUR;EUR;España;4;3;1.32;1.15;4.77;7.67;7.51;3.13;2020-06-26;True;False;50000;2026-08-28
ES0164586036;Bankinter Premium Moderado R FI;Bankinter Premium Moderado R FI;Bankinter Gestión de Activos SGIIC;Allocation;Moderate Allocation;Mixtos Moderados EUR;EUR;España;4;3;1.42;1.25;4.7;7.59;7.42;3.36;2021-07-02;True;False;10000;2026-08-28
LU0261950553;Fidelity European Mlt-Asst Inc A Acc EUR;Fidelity Funds - European Multi Asset Income Fund A-Acc-EUR;FIL Investment Management (Luxembourg) S.à r.l.;Allocation;Moderate Allocation;Mixtos Moderados EUR;EUR;Luxemburgo;4;3;;1.5;3.28;5.92;7.72;2.26;2006-09-25;True;False;2500;2026-08-28
IE00BYYPF474;Aegon Global Diversified Inc EUR A Acc;Aegon Global Diversified Income Fund EUR A Acc;Aegon Investment Management BV;Allocation;Moderate Allocation;Mixtos Moderados EUR - Global;EUR;Irlanda;5;4;;1.05;8.16;13.45;10.62;4.9;2016-07-29;True;False;500;2026-08-28
IE00BYYPF581;Aegon Global Diversified Inc EUR A Inc;Aegon Global Diversified Income Fund EUR A Inc;Aegon Investment Management BV;Allocation;Moderate Allocation;Mixtos Moderados EUR - Global;EUR;Irlanda;5;4;;1.05;8.16;13.45;10.62;4.9;2016-07-29;True;False;500;2026-08-28
IE00BCZQ7T48;Algebris Financial Income R EUR Acc;Algebris UCITS Funds plc - Algebris Financial Income Fund R EUR Acc;Algebris (UK) Limited;Allocation;Moderate Allocation;Mixtos Moderados EUR - Global;EUR;Irlanda;5;5;1.89;1.8;6.05;10.32;17.43;10.58;2013-09-20;True;False;10000;2026-08-28
LU1093406186;Allianz Dyn MltAst Stgy SRI 50 AT EUR;Allianz Global Investors Fund - Allianz Dynamic Multi Asset Strategy SRI 50 AT EUR;Allianz Global Investors GmbH;Allocation;Aggressive Allocation;Mixtos Moderados EUR - Global;EUR;Luxemburgo;4;5;1.65;1.65;8.43;17.28;11.79;5.49;2014-09-03;True;False;0;2026-08-28
LU0913601281;Allianz Income and Growth AM H2 EUR;Allianz Global Investors Fund - Allianz Income and Growth AM (H2-EUR);Allianz Global Investors GmbH;Allocation;Moderate Allocation;Mixtos Moderados EUR - Global;EUR;Luxemburgo;5;3;1.5;1.5;5.34;8.45;9.56;2.55;2013-05-02;True;False;0;2026-08-28
LU1070113664;Allianz Income and Growth AT H2 EUR;Allianz Global Investors Fund - Allianz Income and Growth AT (H2-EUR);Allianz Global Investors GmbH;Allocation;Moderate Allocation;Mixtos Moderados EUR - Global;EUR;Luxemburgo;5;3;1.5;1.5;5.31;8.41;9.5;2.51;2014-08-12;True;False;0;2026-08-28
LU0352312184;Allianz Strategy 50 CT EUR;Allianz Strategy 50 CT EUR;Allianz Global Investors GmbH;Allocation;Moderate Allocation;Mixtos Moderados EUR - Global;EUR;Luxemburgo;4;3;1.35;1.5;5.24;9.97;8.86;3;2008-07-01;True;False;0;2026-08-28
LU1883327816;Amundi Fds Global Mlt-Asst A EUR C;Amundi Funds - Global Multi-Asset A EUR (C);Amundi Luxembourg S.A.;Allocation;Moderate Allocation;Mixtos Moderados EUR - Global;EUR;Luxemburgo;5;4;1.97;1.5;8.45;13.93;10.85;3.74;2008-12-12;True;False;1;2026-08-28
LU2183143689;Amundi Fds Global Mlt-Asst A2 EUR C;Amundi Funds - Global Multi-Asset A2 EUR (C);Amundi Luxembourg S.A.;Allocation;Moderate Allocation;Mixtos Moderados EUR - Global;EUR;Luxemburgo;4;3;2.16;1.7;8.31;13.7;10.62;3.68;2020-06-19;True;False;0;2026-08-28
LU0093503497;BGF ESG Multi-Asset A2;BlackRock Global Funds - ESG Multi-Asset Fund A2;BlackRock (Luxembourg) SA;Allocation;Moderate Allocation;Mixtos Moderados EUR - Global;EUR;Luxemburgo;4;4;1.54;1.2;8.87;15.52;9.84;3.46;1999-01-04;True;False;5000;2026-08-28
LU0212925753;BGF Global Allocation A2 EUR Hedged;BlackRock Global Funds - Global Allocation Fund A2 EUR Hedged;BlackRock (Luxembourg) SA;Allocation;Moderate Allocation;Mixtos Moderados EUR - Global;EUR;Luxemburgo;5;3;1.77;1.5;6.05;11.57;11.39;2.75;2005-04-22;True;False;5000;2026-08-28
LU0240613025;BGF Global Allocation A4 EUR Hedged;BlackRock Global Funds - Global Allocation Fund A4 EUR Hedged;BlackRock (Luxembourg) SA;Allocation;Moderate Allocation;Mixtos Moderados EUR - Global;EUR;Luxemburgo;5;3;1.77;1.5;6.03;11.55;11.39;2.75;2006-01-25;True;False;5000;2026-08-28
LU1133085917;BGF Global Multi-Asset Inc A6 EUR H;BlackRock Global Funds - Global Multi-Asset Income Fund A6 EUR Hedged;BlackRock (Luxembourg) SA;Allocation;Moderate Allocation;Mixtos Moderados EUR - Global;EUR;Luxemburgo;4;2;1.78;1.5;3.64;5.78;7.27;1.09;2014-11-19;True;False;5000;2026-08-28
LU0048292634;BL-Global 50 A EUR;BL-Global 50 A EUR Inc;BLI - Banque de Luxembourg Investments SA;Allocation;Moderate Allocation;Mixtos Moderados EUR - Global;EUR;Luxemburgo;4;4;1.44;1.25;5.29;15.63;9.87;5.31;1993-10-28;True;False;0;2026-08-28
LU0048292808;BL-Global 50 B EUR;BL-Global 50 B EUR Acc;BLI - Banque de Luxembourg Investments SA;Allocation;Moderate Allocation;Mixtos Moderados EUR - Global;EUR;Luxemburgo;4;4;1.44;1.25;5.29;15.63;9.86;5.31;1993-10-28;True;False;0;2026-08-28
LU1241524708;BSF BK MyMap Plus Moderate A2 EUR;BlackRock Strategic Funds - BlackRock MyMap Plus Moderate Fund A2 EUR;BlackRock (Luxembourg) SA;Allocation;Moderate Allocation;Mixtos Moderados EUR - Global;EUR;Luxemburgo;4;3;;1;5.9;10.14;10.15;3.74;2015-06-03;True;False;5000;2026-08-28
LU1165444743;Bankinter IFS Multifunds Moderate A;Bankinter International Fund SICAV Multifunds Moderate A;Bankinter Luxembourg S.A.;Allocation;Moderate Allocation;Mixtos Moderados EUR - Global;EUR;Luxemburgo;4;2;;0.05;4.26;6.94;7;2.99;2015-06-15;True;False;1;2026-08-28
LU1165444826;Bankinter IFS Multifunds Moderate B;Bankinter International Fund SICAV Multifunds Moderate B;Bankinter Luxembourg S.A.;Allocation;Moderate Allocation;Mixtos Moderados EUR - Global;EUR;Luxemburgo;4;3;;0.05;4.54;7.36;7.45;3.42;2015-05-04;True;False;1000000;2026-08-28
ES0113257010;Bankinter Platea Moderado A FI;Bankinter Platea Moderado A FI;Bankinter Gestión de Activos SGIIC;Allocation;Moderate Allocation;Mixtos Moderados EUR - Global;EUR;España;4;3;2.15;1.15;4.25;6.72;6.88;2.97;2017-09-29;True;False;50000;2026-08-28
ES0113257002;Bankinter Platea Moderado B FI;Bankinter Platea Moderado B FI;Bankinter Gestión de Activos SGIIC;Allocation;Moderate Allocation;Mixtos Moderados EUR - Global;EUR;España;4;3;1.98;1;4.35;6.88;7.05;3.13;2015-11-20;True;False;200000;2026-08-28
ES0113257036;Bankinter Platea Moderado D FI;Bankinter Platea Moderado D FI;Bankinter Gestión de Activos SGIIC;Allocation;Moderate Allocation;Mixtos Moderados EUR - Global;EUR;España;4;3;1.7;1.25;4.52;7.14;7.18;2.78;2020-10-30;True;False;10;2026-08-28
ES0113257028;Bankinter Platea Moderado R FI;Bankinter Platea Moderado R FI;Bankinter Gestión de Activos SGIIC;Allocation;Moderate Allocation;Mixtos Moderados EUR - Global;EUR;España;4;3;1.7;1.25;4.52;7.17;7.2;3.11;2020-03-17;True;False;10;2026-08-28
LU1102542534;CT (Lux) Glbl Mlt Ast Inc AEC;CT (Lux) - Global Multi Asset Income Class AEC (EUR Distribution Hedged Shares);Threadneedle Management Luxembourg S.A.;Allocation;Moderate Allocation;Mixtos Moderados EUR - Global;EUR;Luxemburgo;5;3;1.55;1.25;6.52;9.47;9.75;3.27;2014-11-04;True;False;2500;2026-08-28
LU0640488994;CT (Lux) Glbl Mlt Ast Inc AEH;CT (Lux) - Global Multi Asset Income Class AEH (EUR Accumulation Hedged Shares);Threadneedle Management Luxembourg S.A.;Allocation;Moderate Allocation;Mixtos Moderados EUR - Global;EUR;Luxemburgo;5;3;1.55;1.25;6.56;9.51;9.74;3.27;2012-09-18;True;False;2500;2026-08-28
LU1006076209;Capital Group GlbAlloc LUX Bh-EUR;Capital Group Global Allocation Fund LUX Bh-EUR;Capital International Management Company Sàrl;Allocation;Moderate Allocation;Mixtos Moderados EUR - Global;EUR;Luxemburgo;4;4;1.54;1.4;6.12;8.3;9.21;3.18;2014-01-31;True;False;0;2026-08-28
FR0010135103;Carmignac Patrimoine A EUR Acc;Carmignac Patrimoine A EUR Acc;Carmignac Gestion;Allocation;Moderate Allocation;Mixtos Moderados EUR - Global;EUR;Francia;4;3;1.84;1.5;7.66;10.91;9.79;3.11;1989-11-07;True;False;0;2026-08-28
FR0011269588;Carmignac Patrimoine A EUR Ydis;Carmignac Patrimoine A EUR Ydis;Carmignac Gestion;Allocation;Moderate Allocation;Mixtos Moderados EUR - Global;EUR;Francia;4;3;1.84;1.5;7.68;10.95;9.84;3.16;2012-06-19;True;False;0;2026-08-28
FR0010306142;Carmignac Patrimoine E EUR Acc;Carmignac Patrimoine E EUR Acc;Carmignac Gestion;Allocation;Moderate Allocation;Mixtos Moderados EUR - Global;EUR;Francia;4;3;2.34;2;7.41;10.64;9.38;2.69;2006-07-01;True;False;0;2026-08-28
LU1163533422;Carmignac Pf Patrimoine A EUR Minc;Carmignac Portfolio Patrimoine A EUR Minc;Carmignac Gestion Luxembourg S.A.;Allocation;Moderate Allocation;Mixtos Moderados EUR - Global;EUR;Luxemburgo;3;3;1.8;1.5;7.97;11.51;9.73;3.09;2014-12-31;True;False;0;2026-08-28
LU0553169458;DJE - Zins & Dividende I (EUR);DJE - Zins & Dividende I (EUR);DJE Investment SA;Allocation;Moderate Allocation;Mixtos Moderados EUR - Global;EUR;Luxemburgo;4;4;0.87;1.42;7.36;11.06;8.53;4.21;2010-12-06;True;False;75000;2026-08-28
LU0987487336;Fidelity Glb Mlt Ast Inc A-Acc-EUR H;Fidelity Funds - Global Multi Asset Income Fund A-Acc-EUR (hedged);FIL Investment Management (Luxembourg) S.à r.l.;Allocation;Moderate Allocation;Mixtos Moderados EUR - Global;EUR;Luxemburgo;4;1;;1.5;6.28;9.9;7.76;0.69;2013-11-11;True;False;;2026-08-28
LU0987487419;Fidelity Glb Mlt Ast IncA-QInc(G)-EURH;Fidelity Funds - Global Multi Asset Income Fund A-QINCOME(G)-EUR (hedged);FIL Investment Management (Luxembourg) S.à r.l.;Allocation;Moderate Allocation;Mixtos Moderados EUR - Global;EUR;Luxemburgo;4;1;;1.5;6.24;9.9;7.8;0.7;2013-11-11;True;False;;2026-08-28
LU1095740319;First Eagle Amundi Income Bldr AHE-QVD;First Eagle Amundi Income Builder Fund Class AHE-QVD Shares;First Eagle Investment Management, LLC;Allocation;Moderate Allocation;Mixtos Moderados EUR - Global;EUR;Luxemburgo;4;4;1.85;1.6;10.41;18.38;11.87;5.43;2014-09-03;True;False;0;2026-08-28
LU0316494987;Franklin Glbl Fdmtl Strats A(acc)EUR-H1;Franklin Global Fundamental Strategies Fund A(acc)EUR-H1;Franklin Templeton International Services S.à r.l.;Allocation;Moderate Allocation;Mixtos Moderados EUR - Global;EUR;Luxemburgo;5;1;1.82;1.5;4.07;6.9;10.52;1.41;2007-10-25;True;False;;2026-08-28
LU0360500044;Franklin Glbl Fdmtl Strats N(acc)EUR-H1;Franklin Global Fundamental Strategies Fund N(acc)EUR-H1;Franklin Templeton International Services S.à r.l.;Allocation;Moderate Allocation;Mixtos Moderados EUR - Global;EUR;Luxemburgo;5;1;2.57;2.25;3.66;6.12;9.71;0.65;2008-05-15;True;False;;2026-08-28
LU1245471054;FvS Multi Asset Balanced ET;Flossbach von Storch - Multi Asset Balanced ET;Flossbach von Storch Invest S.A.;Allocation;Moderate Allocation;Mixtos Moderados EUR - Global;EUR;Luxemburgo;4;2;2;1.87;2.77;7.03;7.12;2.47;2015-07-13;True;False;0;2026-08-28
LU0119195963;GS Patrimonial Balanced-P Cap EUR;Goldman Sachs Patrimonial Balanced - P Cap EUR;Goldman Sachs Asset Management B.V.;Allocation;Moderate Allocation;Mixtos Moderados EUR - Global;EUR;Luxemburgo;4;4;;1.2;5.83;9.3;8.8;3.06;1977-12-23;True;False;0;2026-08-28
LU0908524779;Halley Alinea Global A;Halley Alinea Global A;Andbank Asset Management Luxembourg;Allocation;Moderate Allocation;Mixtos Moderados EUR - Global;EUR;Luxemburgo;6;3;;1.5;8.95;14.38;9.63;10.12;2013-04-02;True;False;10000;2026-08-28
LU0908524852;Halley Alinea Global B;Halley Alinea Global B;Andbank Asset Management Luxembourg;Allocation;Moderate Allocation;Mixtos Moderados EUR - Global;EUR;Luxemburgo;6;3;;1.57;8.87;14.25;9.27;9.82;2013-05-07;True;False;100;2026-08-28
LU1097688714;Invesco Global Income A EUR Acc;Invesco Funds - Invesco Global Income Fund A Accumulation EUR;Invesco Management S.A.;Allocation;Moderate Allocation;Mixtos Moderados EUR - Global;EUR;Luxemburgo;4;4;;1.25;6.06;7.37;9.28;4.36;2014-11-12;True;False;1000;2026-08-28
LU0740858229;JPM Global Income A acc EUR;JPMorgan Investment Funds - Global Income Fund A (acc) EUR;JPMorgan Asset Management (Europe) S.à r.l.;Allocation;Moderate Allocation;Mixtos Moderados EUR - Global;EUR;Luxemburgo;4;2;1.4;1.25;6.61;9.77;9.07;2.53;2012-03-01;True;False;35000;2026-08-28
LU0395794307;JPM Global Income A div EUR;JPMorgan Investment Funds - Global Income Fund A (div) EUR;JPMorgan Asset Management (Europe) S.à r.l.;Allocation;Moderate Allocation;Mixtos Moderados EUR - Global;EUR;Luxemburgo;4;2;1.4;1.25;6.62;9.78;9.07;2.54;2008-12-11;True;False;35000;2026-08-28
LU0740858492;JPM Global Income D acc EUR;JPMorgan Investment Funds - Global Income Fund D (acc) EUR;JPMorgan Asset Management (Europe) S.à r.l.;Allocation;Moderate Allocation;Mixtos Moderados EUR - Global;EUR;Luxemburgo;4;2;1.75;1.25;6.37;9.39;8.69;2.17;2012-03-01;True;False;5000;2026-08-28
LU0404220724;JPM Global Income D div EUR;JPMorgan Investment Funds - Global Income Fund D (div) EUR;JPMorgan Asset Management (Europe) S.à r.l.;Allocation;Moderate Allocation;Mixtos Moderados EUR - Global;EUR;Luxemburgo;4;2;1.75;1.25;6.37;9.4;8.69;2.18;2009-07-08;True;False;5000;2026-08-28
LU0070212591;JPMGlobal Balanced A acc EUR;JPMorgan Investment Funds - Global Balanced Fund A (acc) - EUR;JPMorgan Asset Management (Europe) S.à r.l.;Allocation;Moderate Allocation;Mixtos Moderados EUR - Global;EUR;Luxemburgo;4;3;1.65;1.45;4.2;8.05;8.52;1.75;1995-07-18;True;False;35000;2026-08-28
LU0115099839;JPMGlobal Balanced D acc EUR;JPMorgan Investment Funds - Global Balanced Fund D (acc) - EUR;JPMorgan Asset Management (Europe) S.à r.l.;Allocation;Moderate Allocation;Mixtos Moderados EUR - Global;EUR;Luxemburgo;4;2;2.15;1.45;3.86;7.51;7.97;1.24;2002-07-10;True;False;5000;2026-08-28
IE0009514989;Janus Henderson Balanced A2 HEUR;Janus Henderson Capital Funds plc - Balanced Fund Class A2 HEUR;Janus Henderson Investors;Allocation;Moderate Allocation;Mixtos Moderados EUR - Global;EUR;Irlanda;5;4;1.9;1;3.71;6.28;10.78;3.36;1999-12-31;True;False;2500;2026-08-28
IE00B83BYG91;Janus Henderson Balanced A5m HEUR;Janus Henderson Capital Funds plc - Balanced Fund Class A5m HEUR;Janus Henderson Investors;Allocation;Moderate Allocation;Mixtos Moderados EUR - Global;EUR;Irlanda;5;4;1.9;1;3.68;6.32;10.78;3.36;2013-10-01;True;False;2500;2026-08-28
LU1582984818;M&G (Lux) Income Allocation A EUR Acc;M&G (Lux) Income Allocation Fund EUR A Acc;M&G Luxembourg S.A.;Allocation;Moderate Allocation;Mixtos Moderados EUR - Global;EUR;Luxemburgo;4;2;1.72;1.5;4.92;10.05;5.96;2;2018-01-16;True;False;1000;2026-08-28
LU1582984909;M&G (Lux) Income Allocation A EUR Inc;M&G (Lux) Income Allocation Fund EUR A Inc;M&G Luxembourg S.A.;Allocation;Moderate Allocation;Mixtos Moderados EUR - Global;EUR;Luxemburgo;5;2;1.72;1.5;4.92;10.05;5.96;2;2018-01-16;True;False;1000;2026-08-28
LU1582985039;M&G (Lux) Income Allocation A Q EUR Inc;M&G (Lux) Income Allocation Fund EUR A Q Inc;M&G Luxembourg S.A.;Allocation;Moderate Allocation;Mixtos Moderados EUR - Global;EUR;Luxemburgo;5;2;1.72;1.5;4.92;10.05;5.96;2;2018-01-16;True;False;1000;2026-08-28
LU1900799617;M&G (Lux) Sustainable Allc A EUR Acc;M&G (Lux) Sustainable Allocation Fund EUR A Acc;M&G Luxembourg S.A.;Allocation;Moderate Allocation;Mixtos Moderados EUR - Global;EUR;Luxemburgo;4;1;1.73;1.5;4.66;7.8;5.76;1.04;2018-12-04;True;False;1000;2026-08-28
LU1123736917;MFS Meridian Global Total Ret AH1 EUR;MFS Meridian Funds - Global Total Return Fund AH1 EUR;MFS Investment Management Company (Lux) S.à.r.l;Allocation;Moderate Allocation;Mixtos Moderados EUR - Global;EUR;Luxemburgo;5;2;1.9;1.05;7.89;10.2;8.85;2.11;2014-12-05;True;False;0;2026-08-28
LU1442549298;MFS Meridian Prudent Capital AH1 EUR;MFS Meridian Funds - Prudent Capital Fund AH1 EUR;MFS Investment Management Company (Lux) S.à.r.l;Allocation;Moderate Allocation;Mixtos Moderados EUR - Global;EUR;Luxemburgo;4;1;;1.05;3.01;1.71;7.79;1.48;2016-11-02;True;False;0;2026-08-28
IE00BRJT7613;Man TargetRisk D H EUR;Man Funds VI plc - Man TargetRisk D H EUR;Man Group Ltd;Allocation;Moderate Allocation;Mixtos Moderados EUR - Global;EUR;Irlanda;5;1;1.69;1.5;8.05;16.91;8.03;1.41;2016-08-18;True;False;1000;2026-08-28
LU0255639139;Nordea 1 - Stable Return AP EUR;Nordea 1 - Stable Return Fund AP EUR;Nordea Investment Funds SA;Allocation;Moderate Allocation;Mixtos Moderados EUR - Global;EUR;Luxemburgo;4;1;1.8;1.5;1.15;0.95;1.26;-0.5;2006-06-30;True;False;0;2026-08-28
LU0227384020;Nordea 1 - Stable Return BP EUR;Nordea 1 - Stable Return Fund BP EUR;Nordea Investment Funds SA;Allocation;Moderate Allocation;Mixtos Moderados EUR - Global;EUR;Luxemburgo;4;1;1.8;1.5;1.15;0.95;1.27;-0.49;2005-11-02;True;False;0;2026-08-28
LU1481479811;Olea Investment Netrl Inversiones A Cap;Olea Investment Fund - Olea Neutral Inversiones A Cap;Olea Gestión de Activos SGIIC;Allocation;Moderate Allocation;Mixtos Moderados EUR - Global;EUR;Luxemburgo;4;4;;1.4;2.34;4.9;7.33;4.23;2018-09-24;True;False;1;2026-08-28
IE00B4YYY703;PIMCO GIS Bal Inc & Gr E EURH Acc;PIMCO GIS Balanced Income and Growth Fund E Class EUR (Hedged) Accumulation;PIMCO Global Advisors (Ireland) Limited;Allocation;Moderate Allocation;Mixtos Moderados EUR - Global;EUR;Irlanda;4;4;;2.5;11.9;19.05;15.2;5.42;2009-06-22;True;False;1000;2026-08-28
FR0013367265;R-co Valor Balanced C EUR;R-co Valor Balanced C EUR;Rothschild & Co Asset Management;Allocation;Moderate Allocation;Mixtos Moderados EUR - Global;EUR;Francia;3;3;1.35;1.3;0.09;4.2;8.7;3.94;2018-10-26;True;False;0;2026-08-28
LU0208341536;SWC (LU) PF Sust Balanced (EUR) AT;Swisscanto (LU) Portfolio Fund - Swisscanto (LU) Portfolio Fund Sustainable Balanced (EUR) AT;Swisscanto Asset Management International S.A.;Allocation;Moderate Allocation;Mixtos Moderados EUR - Global;EUR;Luxemburgo;4;4;1.5;1.45;9.61;13.54;9.98;3.61;2005-03-07;True;False;100;2026-08-28
LU0316492858;Templeton Glbl Val and Inc A (Acc) EURH1;Templeton Global Value and Income Fund A (Acc) EUR -H1;Franklin Templeton International Services S.à r.l.;Allocation;Moderate Allocation;Mixtos Moderados EUR - Global;EUR;Luxemburgo;6;4;1.65;1.3;16.34;23.93;14.54;5.64;2007-09-03;True;False;;2026-08-28
LU0049785446;UBS (Lux) SF Balanced (EUR) P-acc;UBS (Lux) Strategy Fund - Balanced (EUR) P-acc;UBS Asset Management (Europe) S.A.;Allocation;Moderate Allocation;Mixtos Moderados EUR - Global;EUR;Luxemburgo;4;3;1.78;1.3;6.82;10.88;9.22;2.47;1994-07-01;True;False;3000000;2026-08-28
LU0820561818;Allianz Income and Growth AM USD;Allianz Global Investors Fund - Allianz Income and Growth AM USD;Allianz Global Investors GmbH;Allocation;Moderate Allocation;Mixtos Moderados USD;USD;Luxemburgo;5;4;1.5;1.5;6.55;10.59;11.56;4.6;2012-10-16;True;False;0;2026-08-28
LU0689472784;Allianz Income and Growth AT USD;Allianz Global Investors Fund - Allianz Income and Growth AT USD;Allianz Global Investors GmbH;Allocation;Moderate Allocation;Mixtos Moderados USD;USD;Luxemburgo;5;4;1.5;1.5;6.55;10.59;11.56;4.6;2011-11-18;True;False;0;2026-08-28
LU0494093205;BGF ESG Multi-Asset A2 USD H;BlackRock Global Funds - ESG Multi-Asset Fund A2 USD Hedged;BlackRock (Luxembourg) SA;Allocation;Moderate Allocation;Mixtos Moderados USD;USD;Luxemburgo;4;4;1.54;1.2;10.27;17.87;11.88;5.45;2010-04-16;True;False;5000;2026-08-28
LU0072462426;BGF Global Allocation A2;BlackRock Global Funds - Global Allocation Fund A2;BlackRock (Luxembourg) SA;Allocation;Moderate Allocation;Mixtos Moderados USD;USD;Luxemburgo;5;4;1.77;1.5;7.55;14.08;13.76;5.19;1997-01-03;True;False;5000;2026-08-28
LU0171283459;BGF Global Allocation A2 EUR;BlackRock Global Funds - Global Allocation Fund A2 EUR;BlackRock (Luxembourg) SA;Allocation;Moderate Allocation;Mixtos Moderados USD;EUR;Luxemburgo;5;4;1.77;1.5;8.25;13.57;10.94;5.4;1997-01-03;True;False;;2026-08-28
LU0147396450;BGF Global Allocation E2;BlackRock Global Funds - Global Allocation Fund E2;BlackRock (Luxembourg) SA;Allocation;Moderate Allocation;Mixtos Moderados USD;USD;Luxemburgo;5;3;2.27;1.5;7.19;13.51;13.19;4.66;2002-07-01;True;False;5000;2026-08-28
LU0784385840;BGF Global Multi-Asset Inc A2;BlackRock Global Funds - Global Multi-Asset Income Fund A2;BlackRock (Luxembourg) SA;Allocation;Moderate Allocation;Mixtos Moderados USD;USD;Luxemburgo;4;2;1.78;1.5;4.9;8.03;9.47;3.32;2012-06-28;True;False;5000;2026-08-28
LU1162516477;BGF Global Multi-Asset Inc A2 EUR;BlackRock Global Funds - Global Multi-Asset Income Fund A2 EUR;BlackRock (Luxembourg) SA;Allocation;Moderate Allocation;Mixtos Moderados USD;EUR;Luxemburgo;4;2;1.78;1.5;5.62;7.51;6.76;3.54;2012-06-28;True;False;;2026-08-28
LU0784384876;BGF Global Multi-Asset Inc A6;BlackRock Global Funds - Global Multi-Asset Income Fund A6;BlackRock (Luxembourg) SA;Allocation;Moderate Allocation;Mixtos Moderados USD;USD;Luxemburgo;4;2;1.78;1.5;4.89;7.92;9.43;3.31;2012-06-28;True;False;5000;2026-08-28
LU0553821405;Barclays MultiManager Port 3 A Acc USD;Barclays Portfolios SICAV - Barclays MultiManager Portfolio 3 A Acc USD;Barclays Investment Solutions Limited;Allocation;Moderate Allocation;Mixtos Moderados USD;USD;Luxemburgo;4;3;;1.5;5.94;8.98;8.96;4.11;2010-12-10;True;False;;2026-08-28
LU2343843681;Capital Group AMBAL LUX B;Capital Group AMBAL LUX B;Capital International Management Company Sàrl;Allocation;Moderate Allocation;Mixtos Moderados USD;USD;Luxemburgo;5;5;1.45;1.3;9.3;16.17;15.66;7.51;2021-07-27;True;False;0;2026-08-28
LU2359297087;Capital Group AMBAL LUX B EUR;Capital Group AMBAL LUX B EUR;Capital International Management Company Sàrl;Allocation;Moderate Allocation;Mixtos Moderados USD;EUR;Luxemburgo;5;5;1.45;1.3;10.25;15.97;12.79;7.76;2021-07-27;True;False;;2026-08-28
LU1006075656;Capital Group GlbAlloc LUX B;Capital Group Global Allocation Fund LUX B;Capital International Management Company Sàrl;Allocation;Moderate Allocation;Mixtos Moderados USD;EUR;Luxemburgo;4;3;1.54;1.4;7.4;8.97;8.11;3.99;2014-01-31;True;False;0;2026-08-28
LU1006075227;Capital Group GlbAlloc LUX B USD;Capital Group Global Allocation Fund LUX B USD;Capital International Management Company Sàrl;Allocation;Moderate Allocation;Mixtos Moderados USD;USD;Luxemburgo;4;3;1.54;1.4;6.47;9.06;10.87;3.81;2014-01-31;True;False;0;2026-08-28
FR0011269067;Carmignac Patrimoine A USD Acc Hdg;Carmignac Patrimoine A USD Acc Hdg;Carmignac Gestion;Allocation;Moderate Allocation;Mixtos Moderados USD;USD;Francia;4;3;1.84;1.5;8.51;12.4;11.11;4.48;2012-06-19;True;False;50000000;2026-08-28
LU1116430247;Fidelity Glb Mlt Ast Inc A-Acc-EUR;Fidelity Funds - Global Multi Asset Income Fund A-Acc-EUR;FIL Investment Management (Luxembourg) S.à r.l.;Allocation;Moderate Allocation;Mixtos Moderados USD;EUR;Luxemburgo;4;2;;1.5;8.37;11.63;6.69;2.17;2014-10-08;True;False;;2026-08-28
LU0905233846;Fidelity Glb Mlt Ast Inc A-Acc-USD;Fidelity Funds - Global Multi Asset Income Fund A-Acc-USD;FIL Investment Management (Luxembourg) S.à r.l.;Allocation;Moderate Allocation;Mixtos Moderados USD;USD;Luxemburgo;4;2;;1.5;7.57;11.92;9.45;1.91;2013-03-27;True;False;2500;2026-08-28
LU1333218029;Fidelity Glb Mlt Ast Inc A-EUR;Fidelity Funds - Global Multi Asset Income Fund A-EUR;FIL Investment Management (Luxembourg) S.à r.l.;Allocation;Moderate Allocation;Mixtos Moderados USD;EUR;Luxemburgo;4;2;;1.5;8.39;11.6;6.7;2.16;2015-12-21;True;False;;2026-08-28
LU1095739816;First Eagle Amundi Income Builder AU-C;First Eagle Amundi Income Builder Fund Class AU-C Shares;First Eagle Investment Management, LLC;Allocation;Moderate Allocation;Mixtos Moderados USD;USD;Luxemburgo;4;4;4.19;1.6;10.16;18.71;13.53;7.41;2014-09-03;True;False;0;2026-08-28
LU0316494805;Franklin Glbl Fdmtl Strats A(acc)EUR;Franklin Global Fundamental Strategies Fund A(acc)EUR;Franklin Templeton International Services S.à r.l.;Allocation;Moderate Allocation;Mixtos Moderados USD;EUR;Luxemburgo;5;2;1.82;1.5;6.48;9.24;9.98;4.21;2007-10-25;True;False;;2026-08-28
LU0762807625;JPM Global Income A acc USD Hdg;JPMorgan Investment Funds - Global Income Fund A (acc) USD (hedged);JPMorgan Asset Management (Europe) S.à r.l.;Allocation;Moderate Allocation;Mixtos Moderados USD;USD;Luxemburgo;4;3;1.42;1.25;7.97;12.04;11.21;4.7;2012-05-30;True;False;35000;2026-08-28
LU0726765562;JPM Global Income A div USD Hdg;JPMorgan Investment Funds - Global Income Fund A (div) USD (hedged);JPMorgan Asset Management (Europe) S.à r.l.;Allocation;Moderate Allocation;Mixtos Moderados USD;USD;Luxemburgo;4;3;1.41;1.25;7.98;12.06;11.23;4.71;2012-01-13;True;False;35000;2026-08-28
LU0762814597;JPM Global Income D acc USD Hdg;JPMorgan Investment Funds - Global Income Fund D (acc) USD (hedged);JPMorgan Asset Management (Europe) S.à r.l.;Allocation;Moderate Allocation;Mixtos Moderados USD;USD;Luxemburgo;4;3;1.77;1.25;7.72;11.66;10.83;4.33;2012-05-30;True;False;5000;2026-08-28
LU0957039414;JPMGlobal Balanced A acc USD Hdg;JPMorgan Investment Funds - Global Balanced Fund A (acc) - USD (hedged);JPMorgan Asset Management (Europe) S.à r.l.;Allocation;Moderate Allocation;Mixtos Moderados USD;USD;Luxemburgo;4;3;1.65;1.45;5.6;10.37;10.59;3.92;2013-11-20;True;False;35000;2026-08-28
LU0957040008;JPMGlobal Balanced D acc USD Hdg;JPMorgan Investment Funds - Global Balanced Fund D (acc) - USD (hedged);JPMorgan Asset Management (Europe) S.à r.l.;Allocation;Moderate Allocation;Mixtos Moderados USD;USD;Luxemburgo;4;3;2.15;1.45;5.25;9.82;10.04;3.39;2013-11-20;True;False;5000;2026-08-28
IE0004445015;Janus Henderson Balanced A2 USD;Janus Henderson Capital Funds plc - Balanced Fund Class A2 USD;Janus Henderson Investors;Allocation;Moderate Allocation;Mixtos Moderados USD;USD;Irlanda;5;5;1.9;1;5.08;8.55;12.93;5.56;1998-12-24;True;False;2500;2026-08-28
LU1582986359;M&G (Lux) Income Allocation A USD H Acc;M&G (Lux) Income Allocation Fund USD A-H Acc;M&G Luxembourg S.A.;Allocation;Moderate Allocation;Mixtos Moderados USD;USD;Luxemburgo;5;3;1.74;1.5;6.17;12.24;7.96;4.05;2018-01-16;True;False;1000;2026-08-28
LU0219418836;MFS Meridian Global Total Ret A1 EUR;MFS Meridian Funds - Global Total Return Fund A1 EUR;MFS Investment Management Company (Lux) S.à.r.l;Allocation;Moderate Allocation;Mixtos Moderados USD;EUR;Luxemburgo;4;3;1.84;1.05;10.01;12.2;8.34;4.63;2005-09-26;True;False;0;2026-08-28
LU0219441499;MFS Meridian Global Total Ret A1 USD;MFS Meridian Funds - Global Total Return Fund A1 USD;MFS Investment Management Company (Lux) S.à.r.l;Allocation;Moderate Allocation;Mixtos Moderados USD;USD;Luxemburgo;5;3;1.84;1.05;9.07;12.33;11.13;4.36;2001-01-31;True;False;0;2026-08-28
LU1442549025;MFS Meridian Prudent Capital A1 EUR;MFS Meridian Funds - Prudent Capital Fund A1 EUR;MFS Investment Management Company (Lux) S.à.r.l;Allocation;Moderate Allocation;Mixtos Moderados USD;EUR;Luxemburgo;4;2;1.92;1.05;5.23;3.67;7.16;3.94;2016-11-02;True;False;0;2026-08-28
LU1442548993;MFS Meridian Prudent Capital A1 USD;MFS Meridian Funds - Prudent Capital Fund A1 USD;MFS Investment Management Company (Lux) S.à.r.l;Allocation;Moderate Allocation;Mixtos Moderados USD;USD;Luxemburgo;4;2;;1.05;4.32;3.81;9.93;3.67;2016-11-02;True;False;0;2026-08-28
IE00BRJT7498;Man TargetRisk D USD;Man Funds VI plc - Man TargetRisk D USD;Man Group Ltd;Allocation;Moderate Allocation;Mixtos Moderados USD;USD;Irlanda;5;2;1.69;1.5;9.38;19.38;10.2;3.52;2016-09-07;True;False;1000;2026-08-28
LU1032955483;Nordea 1 - Stable Return HB USD;Nordea 1 - Stable Return Fund HB USD;Nordea Investment Funds SA;Allocation;Moderate Allocation;Mixtos Moderados USD;USD;Luxemburgo;4;1;;1.5;2.41;3.05;3.2;1.41;2014-02-20;True;False;;2026-08-28
IE00B4YYXB79;PIMCO GIS Bal Inc & Gr E USD Acc;PIMCO GIS Balanced Income and Growth Fund E Class USD Accumulation;PIMCO Global Advisors (Ireland) Limited;Allocation;Moderate Allocation;Mixtos Moderados USD;USD;Irlanda;5;4;;2.5;13.09;20.95;17.21;6.82;2009-06-22;True;False;1000;2026-08-28
LU0195953822;Templeton Glbl Val and Inc A (Acc) EUR;Templeton Global Value and Income Fund A (Acc) EUR;Franklin Templeton International Services S.à r.l.;Allocation;Moderate Allocation;Mixtos Moderados USD;EUR;Luxemburgo;5;5;1.65;1.3;18.92;26.45;13.97;8.52;2004-12-13;True;False;;2026-08-28
LU0052756011;Templeton Glbl Val and Inc A (Qdis) USD;Templeton Global Value and Income Fund A (Qdis) USD;Franklin Templeton International Services S.à r.l.;Allocation;Moderate Allocation;Mixtos Moderados USD;USD;Luxemburgo;5;5;1.65;1.3;17.89;26.62;16.88;8.24;1994-06-01;True;False;1000;2026-08-28
LU0049785792;UBS (Lux) SF Balanced $ P-acc;UBS (Lux) Strategy Fund - Balanced (USD) P-acc;UBS Asset Management (Europe) S.A.;Allocation;Moderate Allocation;Mixtos Moderados USD;USD;Luxemburgo;4;3;1.76;1.3;7.7;12.67;11.36;4.27;1994-07-01;True;False;;2026-08-28
LU0638558808;Ruffer Total Return Intl O CHF Cap;Ruffer SICAV - Ruffer Total Return International O CHF Capitalisation;Ruffer LLP;Allocation;Flexible Allocation;Mixtos Otros;CHF;Luxemburgo;4;;1.46;1.5;-0.5;1.87;0.36;-1.15;2011-07-13;True;False;1000;2026-08-28
LU0608807789;Templeton Em Mkts Dyn Inc A Acc EUR-H1;Templeton Emerging Markets Dynamic Income Fund A(acc)EUR-H1;Franklin Templeton International Services S.à r.l.;Allocation;Allocation Miscellaneous;Mixtos Otros;EUR;Luxemburgo;6;;1.85;1.5;17.08;29.52;17.94;5.35;2011-04-29;True;False;;2026-08-28
LU0608808241;Templeton Em Mkts Dyn IncA YDis EUR-H1;Templeton Emerging Markets Dynamic Income Fund A(Ydis)EUR-H1;Franklin Templeton International Services S.à r.l.;Allocation;Allocation Miscellaneous;Mixtos Otros;EUR;Luxemburgo;5;;1.85;1.5;17.14;29.48;17.96;5.33;2011-04-29;True;False;;2026-08-28
FR0010016477;Candriam Index Arbitrage Classique EUR;Candriam Index Arbitrage Classique en EUR;Candriam;Alternative Strategies;Market Neutral;Alternativo Arbitraje Valor-Relativo;EUR;Francia;3;;0.4;0.8;-0.81;0.49;2.29;1.59;2003-09-09;True;False;0;2026-08-28
IE00BFZ4RX34;Lazard Rathmore Alternative BP Acc EUR H;Lazard Rathmore Alternative Fund BP Acc EUR Hedged;Lazard Fund Managers (Ireland) Ltd;Alternative Strategies;Market Neutral;Alternativo Arbitraje Valor-Relativo;EUR;Irlanda;3;;2.6;2.5;2.72;4.64;4.69;1.83;2019-09-20;True;False;1000;2026-08-28
IE00B9DCSJ09;Amundi Tiedemann Arbitrage Strat A EUR;Amundi Alternative Funds PLC - Amundi Tiedemann Arbitrage Strategy Fund A EUR;Amundi Asset Management;Alternative Strategies;Market Neutral;Alternativo Event Driven;EUR;Irlanda;5;;;1.25;1.76;4.45;3.98;2.11;2013-08-06;True;False;10000;2026-08-28
LU1376384878;BSF Global Event Driven A2 EUR H;BlackRock Strategic Funds - Global Event Driven Fund A2 EUR Hedged;BlackRock (Luxembourg) SA;Alternative Strategies;Market Neutral;Alternativo Event Driven;EUR;Luxemburgo;4;;;1.5;1.92;3.7;4.19;1.41;2016-03-08;True;False;5000;2026-08-28
LU1251620883;BSF Global Event Driven A2 USD;BlackRock Strategic Funds - Global Event Driven Fund A2 USD;BlackRock (Luxembourg) SA;Alternative Strategies;Market Neutral;Alternativo Event Driven;USD;Luxemburgo;4;;;1.5;3.07;5.69;6.24;3.53;2015-08-05;True;False;5000;2026-08-28
FR0000438707;Candriam Risk Arbitrage C;Candriam Risk Arbitrage C;Candriam;Alternative Strategies;Market Neutral;Alternativo Event Driven;EUR;Francia;3;;;0.8;1.06;1.72;3.9;1.77;1996-03-28;True;False;0;2026-08-28
LU0687943661;GAMCO Intl SICAV Merger Arbtrg A (EUR);GAMCO International SICAV - GAMCO Merger Arbitrage A (EUR);Gabelli Funds LLC;Alternative Strategies;Market Neutral;Alternativo Event Driven;EUR;Luxemburgo;4;;1.53;1.5;1.76;3.29;4.81;2.89;2011-09-30;True;False;;2026-08-28
LU0687943745;GAMCO Intl SICAV Merger Arbtrg A (USD);GAMCO International SICAV - GAMCO Merger Arbitrage A (USD);Gabelli Funds LLC;Alternative Strategies;Market Neutral;Alternativo Event Driven;USD;Luxemburgo;4;;2.72;1.5;2.46;4.65;6.5;4.64;2011-09-30;True;False;1000;2026-08-28
LU0912262275;Helium Fund Performance B EUR;Helium Fund - Helium Performance B EUR;SYQUANT CAPITAL SAS;Alternative Strategies;Market Neutral;Alternativo Event Driven;EUR;Luxemburgo;3;;2.37;2;2.46;4.3;4.8;3.71;2013-05-31;True;False;5000;2026-08-28
LU1293073745;Schroder GAIA BlueTrend A Acc EUR Hedged;Schroder GAIA BlueTrend A Accumulation EUR Hedged;Schroder Investment Management (Europe) S.A.;Alternative Strategies;Alternative Miscellaneous;Alternativo Futuros Gestionados EUR;EUR;Luxemburgo;7;2;2.03;1.6;7.35;24.02;-1.09;1.19;2015-12-09;True;False;;2026-08-28
LU1293073232;Schroder GAIA BlueTrend A Acc USD;Schroder GAIA BlueTrend A Accumulation USD;Schroder Investment Management (Europe) S.A.;Alternative Strategies;Alternative Miscellaneous;Alternativo Futuros Gestionados USD;USD;Luxemburgo;7;2;;1.6;8.75;26.81;0.78;2.76;2015-12-09;True;False;10000;2026-08-28
LU0411704413;BSF European Absolute Return A2 EUR;BlackRock Strategic Funds - European Absolute Return Fund A2 EUR;BlackRock (Luxembourg) SA;Alternative Strategies;Market Neutral;Alternativo Market Neutral - RV EUR;EUR;Luxemburgo;4;2;;1.5;-3.42;-0.98;1.81;0.89;2009-02-27;True;False;5000;2026-08-28
LU0414668557;BSF European Absolute Return A4 EUR;BlackRock Strategic Funds - European Absolute Return Fund A4 EUR;BlackRock (Luxembourg) SA;Alternative Strategies;Market Neutral;Alternativo Market Neutral - RV EUR;EUR;Luxemburgo;4;2;;1.5;-3.42;-0.99;1.81;0.89;2009-02-27;True;False;5000;2026-08-28
LU1508158430;BSF Systematic APAC Eq Abs Rt A2 EUR H;BlackRock Strategic Fds - BlackRock Systematic Asia Pacific Equity Absolute Return Fd A2 EUR Hedged;BlackRock (Luxembourg) SA;Alternative Strategies;Market Neutral;Alternativo Market Neutral - RV EUR;EUR;Luxemburgo;4;5;2.58;1.5;3.67;5.55;12.08;9.26;2017-02-22;True;False;5000;2026-08-28
LU0725892466;BSF Systematic US Eq Abs Ret A2 EUR H;BlackRock Strategic Funds - Systematic US Equity Absolute Return Fund A2 EUR Hedged;BlackRock (Luxembourg) SA;Alternative Strategies;Market Neutral;Alternativo Market Neutral - RV EUR;EUR;Luxemburgo;4;4;;1.5;8.53;12.13;8.19;6.28;2012-02-17;True;False;5000;2026-08-28
IE00B7V30396;CT Real Estate Eq Mkt Netrl A Acc EUR;CT Real Estate Equity Market Neutral Fund A Acc EUR;Thames River Capital LLP;Alternative Strategies;Market Neutral;Alternativo Market Neutral - RV EUR;EUR;Irlanda;4;3;2.17;1.75;2.26;1.5;2.1;1.79;2012-12-03;True;False;100000;2026-08-28
LU2210151341;Fidelity Abs Ret Glb Eq A-PF-Acc-EUR H;Fidelity Funds - Absolute Return Global Equity Fund A-PF-Acc-Euro (Euro/USD hedged);FIL Investment Management (Luxembourg) S.à r.l.;Alternative Strategies;Market Neutral;Alternativo Market Neutral - RV EUR;EUR;Luxemburgo;3;4;1.92;1.8;-3.9;1.73;3.85;4.45;2020-09-24;True;False;2500;2026-08-28
LU1001747408;JPM Eurp Eq Abs Alp A perf acc EUR;JPMorgan Funds - Europe Equity Absolute Alpha Fund A (perf) (acc) EUR;JPMorgan Asset Management (Europe) S.à r.l.;Alternative Strategies;Market Neutral;Alternativo Market Neutral - RV EUR;EUR;Luxemburgo;4;5;1.72;1.5;1.45;4.43;11.13;8.71;2013-12-19;True;False;35000;2026-08-28
LU1176912761;JPM Eurp Eq Abs Alp D perf acc EUR;JPMorgan Funds - Europe Equity Absolute Alpha Fund D (perf) (acc) EUR;JPMorgan Asset Management (Europe) S.à r.l.;Alternative Strategies;Market Neutral;Alternativo Market Neutral - RV EUR;EUR;Luxemburgo;4;5;2.47;1.5;1;3.75;10.49;8.06;2015-04-28;True;False;5000;2026-08-28
IE00BLP5S460;Jupiter Merian Glb Eq Abs Rt L € H Acc;Jupiter Merian Global Equity Absolute Return Fund L EUR Hedged Acc;Jupiter Asset Management (Europe) Limited;Alternative Strategies;Market Neutral;Alternativo Market Neutral - RV EUR;EUR;Irlanda;4;4;;1.5;4.18;9.87;10.13;9.23;2011-11-24;True;False;500;2026-08-28
LU0705071453;RAM (Lux) Sys Eurp Mkt Netrl Eq B EUR;RAM (Lux) Systematic Funds - European Market Neutral Equity B EUR;RAM Active Investments SA;Alternative Strategies;Market Neutral;Alternativo Market Neutral - RV EUR;EUR;Luxemburgo;5;4;4.37;1.6;0.32;1.12;9.55;4.86;2011-12-15;True;False;0;2026-08-28
IE00BLP5S577;Jupiter Merian Glb Eq Abs Rt L £ H Acc;Jupiter Merian Global Equity Absolute Return Fund L GBP Hedged Acc;Jupiter Asset Management (Europe) Limited;Alternative Strategies;Market Neutral;Alternativo Market Neutral - RV GBP;GBP;Irlanda;4;4;;1.5;5.3;11.65;11.76;10.64;2009-06-30;True;False;500;2026-08-28
LU1508157978;BSF Systematic APAC Eq Abs Rt A2 USD;BlackRock Strategic Fds - BlackRock Systematic Asia Pacific Equity Absolute Return Fd A2 USD;BlackRock (Luxembourg) SA;Alternative Strategies;Market Neutral;Alternativo Market Neutral - RV USD;USD;Luxemburgo;4;5;;1.5;4.83;7.58;14.1;11.22;2017-02-22;True;False;5000;2026-08-28
LU0725887540;BSF Systematic US Eq Abs Ret A2 USD;BlackRock Strategic Funds - Systematic US Equity Absolute Return Fund A2 USD;BlackRock (Luxembourg) SA;Alternative Strategies;Market Neutral;Alternativo Market Neutral - RV USD;USD;Luxemburgo;4;4;;1.5;9.87;14.41;10.04;8.12;2012-02-17;True;False;5000;2026-08-28
LU1278540171;DNCA Invest ONE H-A USD;DNCA Invest ONE Class H-A shares USD;DNCA Finance;Alternative Strategies;Market Neutral;Alternativo Market Neutral - RV USD;USD;Luxemburgo;4;1;1.88;1.6;-1.74;-4.16;1.39;1.86;2015-11-06;True;False;2500;2026-08-28
LU2670341259;Fidelity Abs Ret Glb Eq A-Acc-EUR;Fidelity Funds - Absolute Return Global Equity Fund A-Acc-EUR;FIL Investment Management (Luxembourg) S.à r.l.;Alternative Strategies;Market Neutral;Alternativo Market Neutral - RV USD;EUR;Luxemburgo;4;;2.23;1.8;-2.74;3.1;3.13;;2023-08-23;True;False;2500;2026-08-28
LU2210151697;Fidelity Abs Ret Glb Eq A-PF-Acc-USD;Fidelity Funds - Absolute Return Global Equity Fund A-PF-Acc-USD;FIL Investment Management (Luxembourg) S.à r.l.;Alternative Strategies;Market Neutral;Alternativo Market Neutral - RV USD;USD;Luxemburgo;3;4;1.92;1.8;-2.79;3.74;5.79;6.31;2020-09-24;True;False;2500;2026-08-28
LU1112015109;JPM Eurp Eq Abs Alp A perf acc USD H;JPMorgan Funds - Europe Equity Absolute Alpha Fund A (perf) (acc) USD (hedged);JPMorgan Asset Management (Europe) S.à r.l.;Alternative Strategies;Market Neutral;Alternativo Market Neutral - RV USD;USD;Luxemburgo;4;5;1.8;1.5;2.49;6.33;13.14;10.66;2014-09-23;True;False;35000;2026-08-28
IE00BLP5S353;Jupiter Merian Glb Eq Abs Rt L USD Acc;Jupiter Merian Global Equity Absolute Return Fund L USD Acc;Jupiter Asset Management (Europe) Limited;Alternative Strategies;Market Neutral;Alternativo Market Neutral - RV USD;USD;Irlanda;4;4;;1.5;5.31;11.81;11.9;10.74;2013-05-02;True;False;500;2026-08-28
LU1352906025;BSF BLK Sysmc Styl Fac Abs Rt A2 H €;BlackRock Strategic Funds - BLK Systematic Style Factor Absolute Return Fund Class A2 Hedged EUR;BlackRock (Luxembourg) SA;Alternative Strategies;Multialternative;Alternativo Multiestrategia EUR;EUR;Luxemburgo;4;5;;1.1;10.42;17.83;12;10.67;2017-06-07;True;False;5000;2026-08-28
ES0114860036;Bankinter Multiestrategia R FI;Bankinter Multiestrategia R FI;Bankinter Gestión de Activos SGIIC;Alternative Strategies;Multialternative;Alternativo Multiestrategia EUR;EUR;España;3;2;1.09;0.85;2.37;3.41;3.42;0.64;1992-03-12;True;False;1;2026-08-28
LU1093756242;Franklin Alt Strats A(acc)EUR-H1;Franklin Alternative Strategies Fund A(acc)EUR-H1;Franklin Templeton International Services S.à r.l.;Alternative Strategies;Multialternative;Alternativo Multiestrategia EUR;EUR;Luxemburgo;6;2;2.55;2.55;2.02;4.97;5.35;0.76;2014-09-15;True;False;;2026-08-28
LU1908333054;Franklin Alt Strats APF (acc)EUR-H1;Franklin Alternative Strategies Fund A PF (acc) EUR-H1;Franklin Templeton International Services S.à r.l.;Alternative Strategies;Multialternative;Alternativo Multiestrategia EUR;EUR;Luxemburgo;6;2;1.9;1.8;2.49;5.77;6;1.37;2018-11-30;True;False;;2026-08-28
LU1908333138;Franklin Alt Strats APF(Ydis)EUR-H1;Franklin Alternative Strategies Fund A PF (Ydis) EUR-H1;Franklin Templeton International Services S.à r.l.;Alternative Strategies;Multialternative;Alternativo Multiestrategia EUR;EUR;Luxemburgo;5;2;1.9;1.8;2.49;5.69;5.39;1.05;2018-11-30;True;False;;2026-08-28
LU0445386369;Nordea 1 - Alpha 10 MA Fd BP EUR;Nordea 1 - Alpha 10 MA Fund BP EUR;Nordea Investment Funds SA;Alternative Strategies;Multialternative;Alternativo Multiestrategia EUR;EUR;Luxemburgo;4;2;2;1.7;5.67;9.64;0.19;-0.64;2009-09-30;True;False;0;2026-08-28
LU0607983896;Nordea 1 - Alpha 15 MA Fd BP EUR;Nordea 1 - Alpha 15 MA Fund BP EUR;Nordea Investment Funds SA;Alternative Strategies;Multialternative;Alternativo Multiestrategia EUR;EUR;Luxemburgo;5;2;2.29;2;7.94;13.89;-0.76;-1.83;2011-08-11;True;False;0;2026-08-28
LU1807426207;Nordea 1 - Alpha 7 MA Fd BP EUR;Nordea 1 - Alpha 7 MA Fund BP EUR;Nordea Investment Funds SA;Alternative Strategies;Multialternative;Alternativo Multiestrategia EUR;EUR;Luxemburgo;4;1;1.9;1.6;4.3;7.22;0.89;-0.08;2018-05-23;True;False;0;2026-08-28
LU1055714452;Pictet TR - Div Alpha P EUR;Pictet TR - Diversified Alpha P EUR;Pictet Asset Management (Europe) SA;Alternative Strategies;Multialternative;Alternativo Multiestrategia EUR;EUR;Luxemburgo;3;3;2.2;2.3;-0.58;3.09;5.9;2.68;2014-05-01;True;False;0;2026-08-28
LU1352905993;BSF BLK Sysmc Styl Fac Abs Rt A2 $;BlackRock Strategic Funds - BLK Systematic Style Factor Absolute Return Fund Class A2 USD;BlackRock (Luxembourg) SA;Alternative Strategies;Multialternative;Alternativo Multiestrategia USD;USD;Luxemburgo;4;4;;1.1;11.63;20.04;13.99;12.5;2016-02-29;True;False;5000;2026-08-28
LU1929549837;Franklin Alt Strats A (Acc) EUR;Franklin Alternative Strategies Fund A (Acc) EUR;Franklin Templeton International Services S.à r.l.;Alternative Strategies;Multialternative;Alternativo Multiestrategia USD;EUR;Luxemburgo;5;2;2.55;2.55;4.04;6.86;4.56;2.86;2019-01-18;True;False;;2026-08-28
LU1093756168;Franklin Alt Strats A(acc)USD;Franklin Alternative Strategies Fund A(acc)USD;Franklin Templeton International Services S.à r.l.;Alternative Strategies;Multialternative;Alternativo Multiestrategia USD;USD;Luxemburgo;6;3;2.75;2.55;3.1;7.04;7.26;2.61;2014-09-15;True;False;1000;2026-08-28
LU1882439323;Amundi Fds Abs Ret MS A EUR C;Amundi Funds - Absolute Return Multi-Strategy A EUR (C);Amundi Luxembourg S.A.;Alternative Strategies;Global Macro;Alternativo Trading Macro EUR;EUR;Luxemburgo;4;2;1.68;1.2;1.85;5.03;5.5;0.2;2008-12-12;True;False;1;2026-08-28
LU1561565588;Fulcrum Diversified Absolute Ret A € Acc;Fulcrum UCITS SICAV - Fulcrum Diversified Absolute Return Fund A EUR Acc;Fulcrum Asset Management LLP;Alternative Strategies;Global Macro;Alternativo Trading Macro EUR;EUR;Luxemburgo;3;3;;1.5;2.55;5.62;6.41;3.81;2017-02-28;True;False;10000;2026-08-28
LU0917670407;JPM Global Macro A acc EUR Hdg;JPMorgan Investment Funds - Global Macro Fund A (acc) EUR (hedged);JPMorgan Asset Management (Europe) S.à r.l.;Alternative Strategies;Global Macro;Alternativo Trading Macro EUR;EUR;Luxemburgo;4;2;;1.25;0.57;2.86;1.08;-1.03;2013-06-12;True;False;35000;2026-08-28
LU0917670829;JPM Global Macro D acc EUR Hdg;JPMorgan Investment Funds - Global Macro Fund D (acc) EUR (hedged);JPMorgan Asset Management (Europe) S.à r.l.;Alternative Strategies;Global Macro;Alternativo Trading Macro EUR;EUR;Luxemburgo;4;2;;1.25;0.27;2.39;0.62;-1.48;2013-06-12;True;False;5000;2026-08-28
LU0095938881;JPM Global Macro Opps A acc EUR;JPMorgan Investment Funds - Global Macro Opportunities Fund A (acc) EUR;JPMorgan Asset Management (Europe) S.à r.l.;Alternative Strategies;Global Macro;Alternativo Trading Macro EUR;EUR;Luxemburgo;5;2;1.45;1.25;0.65;4.25;0.7;-2.2;1998-10-23;True;False;35000;2026-08-28
LU0247991580;JPM Global Macro Opps A dist EUR;JPMorgan Investment Funds - Global Macro Opportunities Fund A (dist) EUR;JPMorgan Asset Management (Europe) S.à r.l.;Alternative Strategies;Global Macro;Alternativo Trading Macro EUR;EUR;Luxemburgo;5;2;1.45;1.25;0.65;4.25;0.7;-2.2;2006-06-01;True;False;35000;2026-08-28
LU0115098948;JPM Global Macro Opps D acc EUR;JPMorgan Investment Funds - Global Macro Opportunities Fund D (acc) EUR;JPMorgan Asset Management (Europe) S.à r.l.;Alternative Strategies;Global Macro;Alternativo Trading Macro EUR;EUR;Luxemburgo;5;2;2.15;1.25;0.19;3.53;0;-2.89;2001-12-12;True;False;5000;2026-08-28
LU0235843108;JPM Global Macro D acc USD;JPMorgan Investment Funds - Global Macro Fund D (acc) USD;JPMorgan Asset Management (Europe) S.à r.l.;Alternative Strategies;Global Macro;Alternativo Trading Macro USD;USD;Luxemburgo;4;2;1.9;1.25;1.42;4.38;2.38;0.32;2005-11-28;True;False;5000;2026-08-28
LU1181866309;JPM Global Macro Opps A acc USD Hdg;JPMorgan Investment Funds - Global Macro Opportunities Fund A (acc) USD (hedged);JPMorgan Asset Management (Europe) S.à r.l.;Alternative Strategies;Global Macro;Alternativo Trading Macro USD;USD;Luxemburgo;5;2;1.45;1.25;1.86;6.38;2.46;-0.39;2015-02-05;True;False;35000;2026-08-28
LU0272941971;Amundi Fds Volatil Euro A EUR C;Amundi Funds - Volatility Euro A EUR (C);Amundi Luxembourg S.A.;Alternative Strategies;Options Trading;Alternativo Trading de Opciones;EUR;Luxemburgo;6;;1.59;1.2;2.66;0.52;1.28;1.15;2006-11-14;True;False;;2026-08-28
LU0557872479;Amundi Fds Volatil Wld A EUR C;Amundi Funds - Volatility World A EUR (C);Amundi Luxembourg S.A.;Alternative Strategies;Options Trading;Alternativo Trading de Opciones;EUR;Luxemburgo;6;;1.63;1.2;1.62;0.44;0.14;2.55;2011-06-15;True;False;;2026-08-28
LU0442406889;Amundi Fds Volatil Wld A EUR H C;Amundi Funds - Volatility World A EUR Hgd (C);Amundi Luxembourg S.A.;Alternative Strategies;Options Trading;Alternativo Trading de Opciones;EUR;Luxemburgo;6;;1.63;1.2;-0.27;-1.36;1;0.68;2009-09-15;True;False;;2026-08-28
LU0319687124;Amundi Fds Volatil Wld A USD C;Amundi Funds - Volatility World A USD (C);Amundi Luxembourg S.A.;Alternative Strategies;Options Trading;Alternativo Trading de Opciones;USD;Luxemburgo;6;;1.63;1.2;0.76;0.36;2.78;2.39;2007-11-15;True;False;1;2026-08-28
FR0010693689;AXA Court Terme P;AXA Court Terme P;BNP PARIBAS ASSET MANAGEMENT Europe;Capital Preservation;Euro Money Market;Mercado Monetario Corto Plazo EUR;EUR;Francia;1;;;0.6;1.34;2.02;2.88;2.07;2008-12-05;True;False;0;2026-08-28
FR0011399633;Amundi Euro Liquid Short Term Govies E C;Amundi Euro Liquidity Short Term Govies E C;Amundi Asset Management;Capital Preservation;Euro Money Market;Mercado Monetario Corto Plazo EUR;EUR;Francia;1;;;0.35;1.14;1.72;2.59;1.76;2013-03-15;True;False;10;2026-08-28
LU0432365988;BGF Euro Reserve A2;BlackRock Global Funds - Euro Reserve Fund A2;BlackRock (Luxembourg) SA;Capital Preservation;Euro Money Market;Mercado Monetario Corto Plazo EUR;EUR;Luxemburgo;1;;0.54;0.45;1.11;1.7;2.48;1.69;2009-07-24;True;False;5000;2026-08-28
LU0167237543;BNP Paribas InstiCash € 1D LVNAV C Cp;BNP Paribas InstiCash EUR 1D LVNAV Classic Capitalisation;BNP Paribas Asset Management Luxembourg;Capital Preservation;Euro Money Market;Mercado Monetario Corto Plazo EUR;EUR;Luxemburgo;1;;0.41;0.35;1.16;1.76;2.65;1.85;2003-07-03;True;False;0;2026-08-28
IE00B29LM454;BlackRock ICS Euro Liq Adm VI EUR Acc;BlackRock Institutional Cash Series Euro Liquidity Fund Admin VI EUR Acc;BlackRock Asset Management Ireland Ltd;Capital Preservation;Euro Money Market;Mercado Monetario Corto Plazo EUR;EUR;Irlanda;1;;;0.7;1.14;1.72;2.56;1.69;2007-11-27;True;False;25000;2026-08-28
LU0354091653;Candriam Money Market Euro AAA C Acc;Candriam Money Market Euro AAA C Acc EUR;Candriam;Capital Preservation;Euro Money Market;Mercado Monetario Corto Plazo EUR;EUR;Luxemburgo;1;;0.56;0.5;1.07;1.61;2.49;1.73;2008-04-14;True;False;0;2026-08-28
FR0010149161;Carmignac Court Terme A EUR Acc;Carmignac Court Terme A EUR Acc;Carmignac Gestion;Capital Preservation;Euro Money Market;Mercado Monetario Corto Plazo EUR;EUR;Francia;1;;0.5;0.75;1.16;1.73;2.59;1.89;1989-01-26;True;False;0;2026-08-28
FR0010288316;Groupama Entreprises NC;Groupama Entreprises NC;Groupama Asset Management;Capital Preservation;Euro Money Market;Mercado Monetario Corto Plazo EUR;EUR;Francia;1;;;0.58;1.29;1.95;2.85;2.03;2006-04-25;True;False;1;2026-08-28
LU1873127366;JPM EUR Liqdty LVNAV A acc.;JPMorgan Liquidity Funds - EUR Liquidity LVNAV Fund A (acc.);JPMorgan Asset Management (Europe) S.à r.l.;Capital Preservation;Euro Money Market;Mercado Monetario Corto Plazo EUR;EUR;Luxemburgo;1;;0.45;0.4;1.14;1.72;2.53;;2022-09-13;True;False;35000;2026-08-28
LU1873127879;JPM EUR Liqdty LVNAV D acc.;JPMorgan Liquidity Funds - EUR Liquidity LVNAV Fund D (acc.);JPMorgan Asset Management (Europe) S.à r.l.;Capital Preservation;Euro Money Market;Mercado Monetario Corto Plazo EUR;EUR;Luxemburgo;1;;0.5;0.45;1.11;1.66;2.46;;2022-09-13;True;False;10000;2026-08-28
LU0252499412;JPM EUR Money Market VNAV A acc EUR;JPMorgan Funds - EUR Money Market VNAV Fund A (acc) EUR;JPMorgan Asset Management (Europe) S.à r.l.;Capital Preservation;Euro Money Market;Mercado Monetario Corto Plazo EUR;EUR;Luxemburgo;1;;0.37;0.25;1.18;1.77;2.6;1.81;2006-05-22;True;False;35000;2026-08-28
LU0252500524;JPM EUR Money Market VNAV D acc EUR;JPMorgan Funds - EUR Money Market VNAV Fund D (acc) EUR;JPMorgan Asset Management (Europe) S.à r.l.;Capital Preservation;Euro Money Market;Mercado Monetario Corto Plazo EUR;EUR;Luxemburgo;1;;0.61;0.4;1.01;1.53;2.34;1.63;2006-08-30;True;False;5000;2026-08-28
LU0128494191;Pictet-Short-Term Money Market EUR P;Pictet-Short-Term Money Market EUR P;Pictet Asset Management (Europe) SA;Capital Preservation;Euro Money Market;Mercado Monetario Corto Plazo EUR;EUR;Luxemburgo;1;;0.24;0.3;1.3;1.96;2.82;1.98;1998-10-08;True;False;0;2026-08-28
LU0128495834;Pictet-Short-Term Money Market EUR R;Pictet-Short-Term Money Market EUR R;Pictet Asset Management (Europe) SA;Capital Preservation;Euro Money Market;Mercado Monetario Corto Plazo EUR;EUR;Luxemburgo;1;;0.37;0.6;1.21;1.83;2.69;1.84;2001-05-07;True;False;0;2026-08-28
LU0090865873;abrdn Liquidity-Euro Fund A-2 Acc EUR;abrdn Liquidity Fund (Lux) - Euro Fund A-2 Acc EUR;abrdn Investments Luxembourg S.A.;Capital Preservation;Euro Money Market;Mercado Monetario Corto Plazo EUR;EUR;Luxemburgo;1;;;;1.24;1.86;2.77;1.97;1990-07-23;True;False;500;2026-08-28
LU1925356468;BNP Paribas InstiCash GBP 1D LVNAV Cl D;BNP Paribas InstiCash GBP 1D LVNAV Classic Dis;BNP Paribas Asset Management Luxembourg;Capital Preservation;Sterling Money Market;Mercado Monetario Corto Plazo GBP;GBP;Luxemburgo;1;;0.42;0.35;1.58;3.17;4.23;3.25;2020-02-14;True;False;;2026-08-28
LU0070177588;JPM GBP Std Mny Mkt VNAV A acc.;JPMorgan Liquidity Funds - GBP Standard Money Market VNAV Fund A (acc.);JPMorgan Asset Management (Europe) S.à r.l.;Capital Preservation;Sterling Money Market;Mercado Monetario Corto Plazo GBP;GBP;Luxemburgo;1;;0.45;0.4;2.35;3.78;4.48;3.35;1996-04-15;True;False;30000;2026-08-28
LU0161688402;JPM GBP Std Mny Mkt VNAV D acc.;JPMorgan Liquidity Funds - GBP Standard Money Market VNAV Fund D (acc.);JPMorgan Asset Management (Europe) S.à r.l.;Capital Preservation;Sterling Money Market;Mercado Monetario Corto Plazo GBP;GBP;Luxemburgo;1;;0.5;0.45;2.32;3.73;4.4;3.27;2008-05-07;True;False;6000;2026-08-28
LU0049015760;abrdn Liquidity-Sterling Fund A-2 AccGBP;abrdn Liquidity Fund (Lux) - Sterling Fund A-2 Acc GBP;abrdn Investments Luxembourg S.A.;Capital Preservation;Sterling Money Market;Mercado Monetario Corto Plazo GBP;GBP;Luxemburgo;1;;;0.5;2.31;3.65;4.36;3.36;1985-07-01;True;False;500;2026-08-28
LU0090845503;BGF US Dollar Reserve E2;BlackRock Global Funds - US Dollar Reserve Fund E2;BlackRock (Luxembourg) SA;Capital Preservation;US Money Market;Mercado Monetario Corto Plazo USD;USD;Luxemburgo;1;;0.79;0.45;1.99;3.24;4.02;3.17;1998-09-01;True;False;5000;2026-08-28
LU0167238863;BNP Paribas InstiCash USD 1D LVNAV Cl C;BNP Paribas InstiCash USD 1D LVNAV Classic Cap;BNP Paribas Asset Management Luxembourg;Capital Preservation;US Money Market;Mercado Monetario Corto Plazo USD;USD;Luxemburgo;1;;0.41;0.35;2.28;3.64;4.46;3.64;2003-06-13;True;False;;2026-08-28
IE00B2Q5LL07;GS USD Treasury Liq Res Adm Acc;Goldman Sachs US$ Treasury Liquid Reserves Fund Administration Acc;Goldman Sachs Asset Management Fund Services Ltd;Capital Preservation;US Money Market;Mercado Monetario Corto Plazo USD;USD;Irlanda;1;;;0.2;2.15;3.46;4.24;3.39;2008-04-03;True;False;100000;2026-08-28
IE00B3DWSS75;GS USD Treasury Liq Res Super Adm Acc;Goldman Sachs US$ Treasury Liquid Reserves Fund Super Administration Acc;Goldman Sachs Asset Management Fund Services Ltd;Capital Preservation;US Money Market;Mercado Monetario Corto Plazo USD;USD;Irlanda;1;;;0.2;1.99;3.2;3.98;3.16;2008-10-20;True;False;10000;2026-08-28
LU1873130741;JPM USD Liquidity LVNAV A acc.;JPMorgan Liquidity Funds - USD Liquidity LVNAV Fund A (acc);JPMorgan Asset Management (Europe) S.à r.l.;Capital Preservation;US Money Market;Mercado Monetario Corto Plazo USD;USD;Luxemburgo;1;;0.45;0.4;2.22;3.59;4.35;3.48;2018-12-03;True;False;35000;2026-08-28
LU1873131392;JPM USD Liquidity LVNAV D acc.;JPMorgan Liquidity Funds - USD Liquidity LVNAV Fund D (acc);JPMorgan Asset Management (Europe) S.à r.l.;Capital Preservation;US Money Market;Mercado Monetario Corto Plazo USD;USD;Luxemburgo;1;;0.5;0.45;2.18;3.54;4.28;;2022-09-13;True;False;10000;2026-08-28
LU0945454980;JPM USD Money Market VNAV A acc USD;JPMorgan Funds - USD Money Market VNAV Fund A (acc) - USD;JPMorgan Asset Management (Europe) S.à r.l.;Capital Preservation;US Money Market;Mercado Monetario Corto Plazo USD;USD;Luxemburgo;1;;;0.25;2.26;3.61;4.4;3.54;2014-06-06;True;False;35000;2026-08-28
LU1873132101;JPM USD Treasury CNAV A acc.;JPMorgan Liquidity Funds - USD Treasury CNAV Fund A (acc.);JPMorgan Asset Management (Europe) S.à r.l.;Capital Preservation;US Money Market;Mercado Monetario Corto Plazo USD;USD;Luxemburgo;1;;0.45;0.4;2.13;3.44;4.18;;2018-12-03;True;False;35000;2026-08-28
LU1873132523;JPM USD Treasury CNAV D acc.;JPMorgan Liquidity Funds - USD Treasury CNAV Fund D (acc.);JPMorgan Asset Management (Europe) S.à r.l.;Capital Preservation;US Money Market;Mercado Monetario Corto Plazo USD;USD;Luxemburgo;1;;0.5;0.45;2.09;3.39;4.11;;2018-12-03;True;False;10000;2026-08-28
LU0128496485;Pictet-Short-Term Money Market USD P;Pictet-Short-Term Money Market USD P;Pictet Asset Management (Europe) SA;Capital Preservation;US Money Market;Mercado Monetario Corto Plazo USD;USD;Luxemburgo;1;;0.31;0.3;2.38;3.82;4.63;3.78;1997-08-26;True;False;0;2026-08-28
LU0128497293;Pictet-Short-Term Money Market USD P dy;Pictet-Short-Term Money Market USD P dy;Pictet Asset Management (Europe) SA;Capital Preservation;US Money Market;Mercado Monetario Corto Plazo USD;USD;Luxemburgo;1;;0.31;0.3;2.38;3.82;4.63;3.85;1997-08-26;True;False;0;2026-08-28
LU0366537446;Pictet-Sovereign Short-Term MM USD P;Pictet-Sovereign Short-Term Money Market USD P;Pictet Asset Management (Europe) SA;Capital Preservation;US Money Market;Mercado Monetario Corto Plazo USD;USD;Luxemburgo;1;;0.25;0.3;2.36;3.78;4.54;3.65;2008-06-16;True;False;0;2026-08-28
LU0049014870;abrdn Liquidity-US Dollar Fund A-2AccUSD;abrdn Liquidity Fund (Lux) - US Dollar Fund A-2 Acc USD;abrdn Investments Luxembourg S.A.;Capital Preservation;US Money Market;Mercado Monetario Corto Plazo USD;USD;Luxemburgo;1;;;0.5;2.22;3.57;4.4;3.55;1984-09-17;True;False;500;2026-08-28
FR0011408764;Amundi Euro Liquidity-Rated Responsbl P;Amundi Euro Liquidity-Rated Responsible P;Amundi Asset Management;Capital Preservation;Euro Money Market;Mercado Monetario EUR;EUR;Francia;1;;;1;1.23;1.84;2.71;1.87;2013-03-28;True;False;1;2026-08-28
LU0568620560;Amundi Fds Cash EUR A2 EUR C;Amundi Funds - Cash EUR A2 EUR (C);Amundi Luxembourg S.A.;Capital Preservation;Euro Money Market;Mercado Monetario EUR;EUR;Luxemburgo;1;;0.68;0.75;1.08;1.61;2.51;1.73;2011-06-24;True;False;0;2026-08-28
LU0083138064;BNP Paribas Euro Money Market C Cap;BNP Paribas Funds Euro Money Market Classic Capitalisation;BNP Paribas Asset Management Luxembourg;Capital Preservation;Euro Money Market;Mercado Monetario EUR;EUR;Luxemburgo;1;;;0.5;1.18;1.78;2.67;1.89;1991-02-08;True;False;0;2026-08-28
LU0083137926;BNP Paribas Euro Money Market C Dis;BNP Paribas Funds Euro Money Market Classic Distribution;BNP Paribas Asset Management Luxembourg;Capital Preservation;Euro Money Market;Mercado Monetario EUR;EUR;Luxemburgo;1;;;0.5;1.18;1.78;2.67;1.89;1991-02-08;True;False;0;2026-08-28
LU0423950210;BNPP InstiCash EUR 3M Cl Cap;BNP Paribas InstiCash EUR 3M Classic Cap;BNP Paribas Asset Management Luxembourg;Capital Preservation;Euro Money Market;Mercado Monetario EUR;EUR;Luxemburgo;1;;0.41;0.35;1.26;1.9;2.79;1.96;2009-05-12;True;False;0;2026-08-28
ES0114821038;Bankinter Ahorro Activos Euro R FI;Bankinter Ahorro Activos Euro R FI;Bankinter Gestión de Activos SGIIC;Capital Preservation;Euro Money Market;Mercado Monetario EUR;EUR;España;1;;0.7;0.6;0.96;1.46;2.46;1.37;1997-12-23;True;False;1;2026-08-28
ES0113921037;Bankinter Capital 1 FI;Bankinter Capital 1 FI;Bankinter Gestión de Activos SGIIC;Capital Preservation;Euro Money Market;Mercado Monetario EUR;EUR;España;1;;0.76;0.7;0.93;1.4;2.22;1.31;2006-11-16;True;False;1;2026-08-28
ES0114801030;Bankinter Capital 2 FI;Bankinter Capital 2 FI;Bankinter Gestión de Activos SGIIC;Capital Preservation;Euro Money Market;Mercado Monetario EUR;EUR;España;1;;0.61;0.5;1.05;1.59;2.41;1.48;1997-12-23;True;False;6000;2026-08-28
ES0115155030;Bankinter Capital 3 FI;Bankinter Capital 3 FI;Bankinter Gestión de Activos SGIIC;Capital Preservation;Euro Money Market;Mercado Monetario EUR;EUR;España;1;;0.46;0.4;1.12;1.69;2.52;1.61;2003-01-28;True;False;60000;2026-08-28
ES0127186031;Bankinter Capital 4 FI;Bankinter Capital 4 FI;Bankinter Gestión de Activos SGIIC;Capital Preservation;Euro Money Market;Mercado Monetario EUR;EUR;España;1;;0.2;0.3;1.19;1.8;2.65;1.79;2000-08-17;True;False;600000;2026-08-28
ES0114868039;Bankinter Capital Plus FI;Bankinter Capital Plus FI;Bankinter Gestión de Activos SGIIC;Capital Preservation;Euro Money Market;Mercado Monetario EUR;EUR;España;1;;0.53;0.45;1.07;1.62;2.46;1.51;1991-04-01;True;False;1;2026-08-28
LU0093583077;Candriam Money Market Euro C Acc;Candriam Money Market Euro C Acc EUR;Candriam;Capital Preservation;Euro Money Market;Mercado Monetario EUR;EUR;Luxemburgo;1;;0.61;0.5;1.12;1.69;2.57;1.69;1990-07-16;True;False;0;2026-08-28
FR0013314234;Groupama Trésorerie NC;Groupama Trésorerie NC;Groupama Asset Management;Capital Preservation;Euro Money Market;Mercado Monetario EUR;EUR;Francia;1;;;0.58;1.32;2;2.9;;2022-02-03;True;False;1;2026-08-28
LU2095450123;JPM EUR Std Mny Mkt VNAV A acc.;JPMorgan Liquidity Funds - EUR Standard Money Market VNAV Fund A (acc.);JPMorgan Asset Management (Europe) S.à r.l.;Capital Preservation;Euro Money Market;Mercado Monetario EUR;EUR;Luxemburgo;1;;0.45;0.4;1.23;1.84;2.67;;2022-07-25;True;False;35000;2026-08-28
LU2095450636;JPM EUR Std Mny Mkt VNAV D acc.;JPMorgan Liquidity Funds - EUR Standard Money Market VNAV Fund D (acc.);JPMorgan Asset Management (Europe) S.à r.l.;Capital Preservation;Euro Money Market;Mercado Monetario EUR;EUR;Luxemburgo;1;;0.5;0.45;1.2;1.79;2.6;;2022-07-25;True;False;10000;2026-08-28
LU0006344922;UBS (Lux) Money Market EUR P-acc;UBS (Lux) Money Market Fund - EUR P-acc;UBS Asset Management (Europe) S.A.;Capital Preservation;Euro Money Market;Mercado Monetario EUR;EUR;Luxemburgo;1;;0.51;0.4;1.1;1.64;2.49;1.71;1989-10-09;True;False;0;2026-08-28
LU0006277635;UBS (Lux) Money Market GBP P-acc;UBS (Lux) Money Market Fund - GBP P-acc;UBS Asset Management (Europe) S.A.;Capital Preservation;Sterling Money Market;Mercado Monetario GBP;GBP;Luxemburgo;1;;0.53;0.4;2.26;3.56;4.26;3.2;1988-11-25;True;False;;2026-08-28
LU1397021822;UBS (Lux) Mny Mkt USD CAD H P-acc;UBS (Lux) Money Market Fund - USD (CAD hedged) P-acc;UBS Asset Management (Europe) S.A.;Capital Preservation;US Money Market;Mercado Monetario Otros;CAD;Luxemburgo;1;;0.56;0.44;1.05;1.79;3;2.59;2016-07-05;True;False;0;2026-08-28
LU0568621618;Amundi Fds Cash USD A2 USD C;Amundi Funds - Cash USD A2 USD (C);Amundi Luxembourg S.A.;Capital Preservation;US Money Market;Mercado Monetario USD;USD;Luxemburgo;1;;0.48;0.75;2.29;3.68;4.52;3.69;2011-06-24;True;False;0;2026-08-28
LU0012186622;BNP Paribas USD Money Market Classic C;BNP Paribas Funds USD Money Market Classic C;BNP Paribas Asset Management Luxembourg;Capital Preservation;US Money Market;Mercado Monetario USD;USD;Luxemburgo;1;;;0.5;2.31;3.69;4.49;3.69;1990-07-26;True;False;0;2026-08-28
LU0012186549;BNP Paribas USD Money Market Classic D;BNP Paribas Funds USD Money MarketClassicD;BNP Paribas Asset Management Luxembourg;Capital Preservation;US Money Market;Mercado Monetario USD;USD;Luxemburgo;1;;;0.5;2.31;3.69;4.49;3.69;1990-07-26;True;False;0;2026-08-28
LU0011815304;JPM USD Std Mny Mkt VNAV A acc.;JPMorgan Liquidity Funds - USD Standard Money Market VNAV Fund A (acc.);JPMorgan Asset Management (Europe) S.à r.l.;Capital Preservation;US Money Market;Mercado Monetario USD;USD;Luxemburgo;1;;0.45;0.4;2.28;3.73;4.55;3.61;1987-01-12;True;False;35000;2026-08-28
LU0161687693;JPM USD Std Mny Mkt VNAV D acc.;JPMorgan Liquidity Funds - USD Standard Money Market VNAV Fund D (acc.);JPMorgan Asset Management (Europe) S.à r.l.;Capital Preservation;US Money Market;Mercado Monetario USD;USD;Luxemburgo;1;;0.5;0.45;2.25;3.68;4.48;3.54;2009-01-07;True;False;10000;2026-08-28
LU0006277684;UBS (Lux) Mny Mkt USD P-acc;UBS (Lux) Money Market Fund - USD P-acc;UBS Asset Management (Europe) S.A.;Capital Preservation;US Money Market;Mercado Monetario USD;USD;Luxemburgo;1;;0.51;0.4;2.14;3.56;4.34;3.45;1988-11-25;True;False;;2026-08-28
BE6213828088;DPAM B Real Est Eur Sus Div A;DPAM B - Real Estate Europe Dividend Sustainable A Dis;Degroof Petercam Asset Management SA;Equity;Real Estate Sector Equity;Inmobiliario - Indirecto Europa;EUR;Bélgica;6;4;1.82;1.6;1.74;-0.82;8.21;-2.17;2010-12-28;True;False;1;2026-08-28
BE6213829094;DPAM B Real Est Eur Sus Div B;DPAM B - Real Estate Europe Dividend Sustainable B Cap;Degroof Petercam Asset Management SA;Equity;Real Estate Sector Equity;Inmobiliario - Indirecto Europa;EUR;Bélgica;6;4;1.79;1.6;1.76;-0.79;8.24;-2.55;2010-12-28;True;False;1;2026-08-28
LU0088927925;Janus Henderson HrznPaEurPropertyEqA2EUR;Janus Henderson Horizon Pan European Property Equities Fund A2 EUR;Janus Henderson Investors;Equity;Real Estate Sector Equity;Inmobiliario - Indirecto Europa;EUR;Luxemburgo;6;4;1.87;1.2;0.54;0.15;6.9;-5.33;1998-07-01;True;False;2500;2026-08-28
LU1328852659;Amundi IS FTSE EPRA NAREIT Global AE-C;Amundi Index Solutions - Amundi FTSE EPRA NAREIT Global AE-C;Amundi Luxembourg S.A.;Equity;Real Estate Sector Equity;Inmobiliario - Indirecto Global;EUR;Luxemburgo;5;3;;0.15;12.53;12.9;7.94;1.43;2015-12-11;True;True;;2026-08-28
LU0250181095;GS Gbl Real Estate EQ-P Cap USD;Goldman Sachs Global Real Estate Equity (Former NN) - P Cap USD;Goldman Sachs Asset Management B.V.;Equity;Real Estate Sector Equity;Inmobiliario - Indirecto Global;USD;Luxemburgo;6;2;;1.5;10.85;10.7;8.34;-0.81;2007-05-07;True;False;;2026-08-28
IE0033534441;Janus Henderson Glb Rl EstEqInc A3qUSD;Janus Henderson Capital Funds plc - Global Real Estate Equity Income Fund Class A3q USD;Janus Henderson Investors;Equity;Real Estate Sector Equity;Inmobiliario - Indirecto Global;USD;Irlanda;6;5;2.22;1.25;11.86;9.97;10.12;0.99;2003-09-29;True;False;2500;2026-08-28
LU0264738294;Janus Henderson Hrzn GlblPtyEqsA2EUR;Janus Henderson Horizon Global Property Equities Fund A2 EUR;Janus Henderson Investors;Equity;Real Estate Sector Equity;Inmobiliario - Indirecto Global;EUR;Luxemburgo;5;3;1.87;1.2;12.09;11.07;5.72;-0.62;2006-01-03;True;False;2500;2026-08-28
LU0209137388;Janus Henderson Hrzn GlblPtyEqsA2USD;Janus Henderson Horizon Global Property Equities Fund A2 USD;Janus Henderson Investors;Equity;Real Estate Sector Equity;Inmobiliario - Indirecto Global;USD;Luxemburgo;6;3;1.87;1.2;11.39;11.56;8.42;-0.81;2005-01-03;True;False;2500;2026-08-28
LU0209137206;Janus Henderson Hrzn GlblPtyEqsA3qUSD;Janus Henderson Horizon Global Property Equities Fund A3q USD;Janus Henderson Investors;Equity;Real Estate Sector Equity;Inmobiliario - Indirecto Global;USD;Luxemburgo;6;3;1.87;1.2;11.4;11.55;8.41;-0.82;2005-01-03;True;False;2500;2026-08-28
LU0828244219;Janus Henderson Hrzn GlblPtyEqsA2HEUR;Janus Henderson Horizon Global Property Equities Fund A2 HEUR;Janus Henderson Investors;Equity;Real Estate Sector Equity;Inmobiliario - Indirecto Otros;EUR;Luxemburgo;6;;1.87;1.2;9.89;9.18;6.02;-3.17;2012-10-11;True;False;2500;2026-08-28
FR0000172041;AXA Aedificandi AC;AXA Aedificandi AC;BNP Paribas Real Estate Investment Management France;Equity;Real Estate Sector Equity;Inmobiliario - Indirecto Zona Euro;EUR;Francia;6;4;;2.39;0.45;-4.15;7.57;-4.73;2003-04-28;True;False;0;2026-08-28
DE0009769869;DWS Aktien Strategie Deutschland LC;DWS Aktien Strategie Deutschland LC;DWS Investment GmbH;Equity;Europe Equity Large Cap;RV Alemania;EUR;Alemania;6;2;1.44;1.4;6.76;8.55;12.98;3.77;1999-02-01;True;False;0;2026-08-28
DE0008490962;DWS Deutschland LC;DWS Deutschland LC;DWS Investment GmbH;Equity;Europe Equity Large Cap;RV Alemania;EUR;Alemania;6;2;1.4;1.4;7.71;8.3;13.43;4.91;1993-10-20;True;False;0;2026-08-28
LU0740822621;DWS Invest German Equities LC;DWS Invest German Equities LC;DWS Investment S.A.;Equity;Europe Equity Large Cap;RV Alemania;EUR;Luxemburgo;6;2;1.62;1.5;7.87;8.9;13.35;4.58;2012-08-20;True;False;0;2026-08-28
LU0740822977;DWS Invest German Equities LD;DWS Invest German Equities LD;DWS Investment S.A.;Equity;Europe Equity Large Cap;RV Alemania;EUR;Luxemburgo;6;2;1.62;1.5;7.87;8.9;13.35;4.58;2012-08-20;True;False;0;2026-08-28
LU0261948227;Fidelity Germany A-Acc-EUR;Fidelity Funds - Germany Fund A-Acc-EUR;FIL Investment Management (Luxembourg) S.à r.l.;Equity;Europe Equity Large Cap;RV Alemania;EUR;Luxemburgo;6;4;;1.5;8.14;10.02;17.99;7.27;2006-09-25;True;False;2500;2026-08-28
LU0048580004;Fidelity Germany A-Dis-EUR;Fidelity Funds - Germany Fund A-DIST-EUR;FIL Investment Management (Luxembourg) S.à r.l.;Equity;Europe Equity Large Cap;RV Alemania;EUR;Luxemburgo;6;4;;1.5;8.14;10.02;17.99;7.27;1990-10-01;True;False;;2026-08-28
LU0775052292;UBS (Lux) ES German Opp € P acc;UBS (Lux) Equity SICAV - German Opportunity (EUR) P-acc;UBS Asset Management (Europe) S.A.;Equity;Europe Equity Large Cap;RV Alemania;EUR;Luxemburgo;5;4;1.57;1.2;13.11;13.3;16.49;8.76;2012-07-13;True;False;0;2026-08-28
LU0048573645;Fidelity ASEAN A-Dis-USD;Fidelity Funds - ASEAN Fund A-DIST-USD;FIL Investment Management (Luxembourg) S.à r.l.;Equity;Asia ex-Japan Equity;RV Asia;USD;Luxemburgo;5;3;;1.5;7.65;10.05;10.67;4.79;1990-10-01;True;False;2500;2026-08-28
LU0441852612;JPM ASEAN Equity A acc EUR;JPMorgan Funds - ASEAN Equity Fund A (acc) EUR;JPMorgan Asset Management (Europe) S.à r.l.;Equity;Asia ex-Japan Equity;RV Asia;EUR;Luxemburgo;5;4;1.8;1.5;12.41;13.68;9.47;6.29;2009-09-04;True;False;35000;2026-08-28
LU0072462343;BGF Asian Dragon A2;BlackRock Global Funds - Asian Dragon Fund A2;BlackRock (Luxembourg) SA;Equity;Asia ex-Japan Equity;RV Asia (ex-Japón);USD;Luxemburgo;6;2;1.83;1.5;24.67;39.03;20.64;6.79;1997-01-02;True;False;5000;2026-08-28
LU0171269466;BGF Asian Dragon A2 EUR;BlackRock Global Funds - Asian Dragon Fund A2 EUR;BlackRock (Luxembourg) SA;Equity;Asia ex-Japan Equity;RV Asia (ex-Japón);EUR;Luxemburgo;6;2;1.83;1.5;25.45;38.41;17.64;7.01;1997-01-02;True;False;;2026-08-28
LU0147401631;BGF Asian Dragon E2;BlackRock Global Funds - Asian Dragon Fund E2;BlackRock (Luxembourg) SA;Equity;Asia ex-Japan Equity;RV Asia (ex-Japón);USD;Luxemburgo;6;2;2.33;1.5;24.24;38.32;20.03;6.26;2002-07-18;True;False;5000;2026-08-28
LU0171270985;BGF Asian Dragon E2 EUR;BlackRock Global Funds - Asian Dragon Fund E2 EUR;BlackRock (Luxembourg) SA;Equity;Asia ex-Japan Equity;RV Asia (ex-Japón);EUR;Luxemburgo;6;2;2.33;1.5;25.04;37.72;17.06;6.47;2002-07-18;True;False;;2026-08-28
LU0823397103;BNP Paribas Asia Ex-Jpn Eq Cl Cap;BNP Paribas Funds Asia Ex-Japan Equity Classic Capitalisation;BNP Paribas Asset Management Luxembourg;Equity;Asia ex-Japan Equity;RV Asia (ex-Japón);USD;Luxemburgo;6;3;1.52;1.5;35.46;45.48;25.15;7.17;2013-05-17;True;False;0;2026-08-28
LU1048814831;FAST - Asia Fund A-PF-ACC-EUR;Fidelity Active Strategy - FAST - Asia Fund A-PF-ACC-EUR;FIL Investment Management (Luxembourg) S.à r.l.;Equity;Asia ex-Japan Equity;RV Asia (ex-Japón);EUR;Luxemburgo;6;1;1.95;1.5;9.08;7.82;8.06;1.36;2014-04-02;True;False;;2026-08-28
LU0261946445;Fidelity Asia Eq ESG A-Acc-EUR;Fidelity Funds - Asia Equity ESG Fund A-Acc-EUR;FIL Investment Management (Luxembourg) S.à r.l.;Equity;Asia ex-Japan Equity;RV Asia (ex-Japón);EUR;Luxemburgo;6;3;;1.5;24.11;36.28;15.39;5.45;2006-09-25;True;False;2500;2026-08-28
LU0261947096;Fidelity Asia Eq ESG A-Acc-USD;Fidelity Funds - Asia Equity ESG Fund A-Acc-USD;FIL Investment Management (Luxembourg) S.à r.l.;Equity;Asia ex-Japan Equity;RV Asia (ex-Japón);USD;Luxemburgo;6;3;;1.5;23.26;36.8;18.4;5.2;2006-09-25;True;False;2500;2026-08-28
LU0069452877;Fidelity Asia Eq ESG A-Dis-EUR;Fidelity Funds - Asia Equity ESG Fund A-DIST-EUR;FIL Investment Management (Luxembourg) S.à r.l.;Equity;Asia ex-Japan Equity;RV Asia (ex-Japón);EUR;Luxemburgo;6;3;;1.5;24.13;36.24;15.38;5.44;2004-02-16;True;False;;2026-08-28
LU0413542167;Fidelity Asian Special Sits A-Acc-EUR;Fidelity Funds - Asian Special Situations Fund A-Acc-EUR;FIL Investment Management (Luxembourg) S.à r.l.;Equity;Asia ex-Japan Equity;RV Asia (ex-Japón);EUR;Luxemburgo;6;3;;1.5;42.06;60.79;24.62;9.22;2009-02-23;True;False;2500;2026-08-28
LU0261950983;Fidelity Asian Special Sits A-Acc-USD;Fidelity Funds - Asian Special Situations Fund A-Acc-USD;FIL Investment Management (Luxembourg) S.à r.l.;Equity;Asia ex-Japan Equity;RV Asia (ex-Japón);USD;Luxemburgo;6;3;;1.5;41.11;61.39;27.86;8.96;2006-09-25;True;False;2500;2026-08-28
LU0329678410;Fidelity Emerging Asia A-Acc-EUR;Fidelity Funds - Emerging Asia Fund A-Acc-EUR;FIL Investment Management (Luxembourg) S.à r.l.;Equity;Asia ex-Japan Equity;RV Asia (ex-Japón);EUR;Luxemburgo;6;3;;1.5;22.4;33.9;17.91;9.83;2008-04-21;True;False;2500;2026-08-28
LU0329678337;Fidelity Emerging Asia A-Acc-USD;Fidelity Funds - Emerging Asia Fund A-Acc-USD;FIL Investment Management (Luxembourg) S.à r.l.;Equity;Asia ex-Japan Equity;RV Asia (ex-Japón);USD;Luxemburgo;6;3;;1.5;21.54;34.34;20.97;9.57;2008-04-21;True;False;2500;2026-08-28
LU0075112721;Invesco Asia Opportunities Eq A USD Acc;Invesco Funds - Invesco Asia Opportunities Equity Fund A Accumulation USD;Invesco Management S.A.;Equity;Asia ex-Japan Equity;RV Asia (ex-Japón);USD;Luxemburgo;6;2;;1.5;24.29;31.91;20.96;5.42;1999-08-09;True;False;1500;2026-08-28
LU0115143082;Invesco Asia Opportunities Eq E EUR Acc;Invesco Funds - Invesco Asia Opportunities Equity Fund E Accumulation EUR;Invesco Management S.A.;Equity;Asia ex-Japan Equity;RV Asia (ex-Japón);EUR;Luxemburgo;6;2;;2.25;24.82;30.24;17.11;4.85;2000-08-14;True;False;500;2026-08-28
LU1775951525;Invesco Asian Equity A USD AD;Invesco Funds - Invesco Asian Equity Fund A Annual Distribution USD;Invesco Management S.A.;Equity;Asia ex-Japan Equity;RV Asia (ex-Japón);USD;Luxemburgo;6;5;;1.5;21.11;34.18;20.88;9.97;2018-09-07;True;False;1500;2026-08-28
LU1775949628;Invesco Asian Equity A USD Acc;Invesco Funds - Invesco Asian Equity Fund A Accumulation USD;Invesco Management S.A.;Equity;Asia ex-Japan Equity;RV Asia (ex-Japón);USD;Luxemburgo;6;4;;1.5;21.1;34.2;20.89;9.97;2018-09-07;True;False;1500;2026-08-28
LU1775950477;Invesco Asian Equity E EUR Acc;Invesco Funds - Invesco Asian Equity Fund E Accumulation EUR;Invesco Management S.A.;Equity;Asia ex-Japan Equity;RV Asia (ex-Japón);EUR;Luxemburgo;6;4;;2.25;21.63;32.57;17.01;9.38;2018-09-07;True;False;500;2026-08-28
LU1378878430;MS INVF Asia Opportunity A;Morgan Stanley Investment Funds - Asia Opportunity Fund A;MSIM Fund Management (Ireland) Limited;Equity;Asia ex-Japan Equity;RV Asia (ex-Japón);USD;Luxemburgo;6;2;1.89;1.6;11.63;9.45;10.89;-0.65;2016-03-31;True;False;0;2026-08-28
LU2295319219;MS INVF Asia Opportunity A EUR;Morgan Stanley Investment Funds - Asia Opportunity Fund A (EUR);MSIM Fund Management (Ireland) Limited;Equity;Asia ex-Japan Equity;RV Asia (ex-Japón);EUR;Luxemburgo;6;1;1.89;1.6;12.33;8.92;8.13;-0.47;2021-02-26;True;False;;2026-08-28
LU0593848723;Mirae Asset ESG Asia Grt Cnsmr Eq A EUR;Mirae Asset Global Discovery Fund - ESG Asia Great Consumer Equity Fund A EUR Capitalization;Mirae Asset Global Investments (HK) Ltd;Equity;Asia ex-Japan Equity;RV Asia (ex-Japón);EUR;Luxemburgo;6;1;;2;26.96;27.45;11.17;-2.17;2013-02-05;True;False;0;2026-08-28
LU0593848301;Mirae Asset ESG Asia Grt Cnsmr Eq A USD;Mirae Asset Global Discovery Fund - ESG Asia Great Consumer Equity Fund A USD Capitalization;Mirae Asset Global Investments (HK) Ltd;Equity;Asia ex-Japan Equity;RV Asia (ex-Japón);USD;Luxemburgo;6;1;;2;25.75;28.1;13.97;-2.38;2011-06-07;True;False;0;2026-08-28
LU0336299580;Mirae Asst ESG Asia Sect Ldr Eq A EURCap;Mirae Asset Global Discovery Fund - ESG Asia Sector Leader Equity Fund A EUR Cap;Mirae Asset Global Investments (HK) Ltd;Equity;Asia ex-Japan Equity;RV Asia (ex-Japón);EUR;Luxemburgo;6;2;;2;35.75;44.15;20.03;8.28;2014-10-06;True;False;0;2026-08-28
LU0336299408;Mirae Asst ESG Asia Sect Ldr Eq A USD;Mirae Asset Global Discovery Fund - ESG Asia Sector Leader Equity Fund A USD;Mirae Asset Global Investments (HK) Ltd;Equity;Asia ex-Japan Equity;RV Asia (ex-Japón);USD;Luxemburgo;6;2;;2;34.47;44.9;23.03;8.05;2013-05-17;True;False;0;2026-08-28
LU0591059224;Robeco Asian Stars Equities D €;Robeco Asian Stars Equities D €;Robeco Institutional Asset Management BV;Equity;Asia ex-Japan Equity;RV Asia (ex-Japón);EUR;Luxemburgo;6;4;1.5;1.5;25.49;36.4;17.46;10.43;2011-03-18;True;False;0;2026-08-28
LU0248184466;Schroder ISF Asian Opports A Acc EUR;Schroder International Selection Fund Asian Opportunities A Accumulation EUR;Schroder Investment Management (Europe) S.A.;Equity;Asia ex-Japan Equity;RV Asia (ex-Japón);EUR;Luxemburgo;6;3;1.84;1.5;29.36;44.59;20.26;7.68;2006-03-22;True;False;1000;2026-08-28
LU0106259558;Schroder ISF Asian Opports A Acc USD;Schroder International Selection Fund Asian Opportunities A Accumulation USD;Schroder Investment Management (Europe) S.A.;Equity;Asia ex-Japan Equity;RV Asia (ex-Japón);USD;Luxemburgo;6;3;1.84;1.5;28.25;45.28;23.26;7.46;2000-01-17;True;False;1000;2026-08-28
LU0248172537;Schroder ISF Emerging Asia A Acc EUR;Schroder International Selection Fund Emerging Asia A Accumulation EUR;Schroder Investment Management (Europe) S.A.;Equity;Asia ex-Japan Equity;RV Asia (ex-Japón);EUR;Luxemburgo;6;4;1.84;1.5;27.46;42.21;20.16;8.04;2006-03-17;True;False;1000;2026-08-28
LU0181495838;Schroder ISF Emerging Asia A Acc USD;Schroder International Selection Fund Emerging Asia A Accumulation USD;Schroder Investment Management (Europe) S.A.;Equity;Asia ex-Japan Equity;RV Asia (ex-Japón);USD;Luxemburgo;6;4;1.84;1.5;26.37;42.89;23.15;7.83;2004-01-09;True;False;1000;2026-08-28
LU0248173006;Schroder ISF Emerging Asia B Acc EUR;Schroder International Selection Fund Emerging Asia B Accumulation EUR;Schroder Investment Management (Europe) S.A.;Equity;Asia ex-Japan Equity;RV Asia (ex-Japón);EUR;Luxemburgo;6;4;2.44;1.5;26.96;41.37;19.44;7.4;2006-03-17;True;False;1000;2026-08-28
LU0229940001;Templeton Asian Growth A(acc)EUR;Templeton Asian Growth Fund A(acc)EUR;Franklin Templeton International Services S.à r.l.;Equity;Asia ex-Japan Equity;RV Asia (ex-Japón);EUR;Luxemburgo;6;3;2.1;1.85;36.92;51.78;22.03;7.59;2005-10-25;True;False;;2026-08-28
LU0128522157;Templeton Asian Growth A(acc)USD;Templeton Asian Growth Fund A(acc)USD;Franklin Templeton International Services S.à r.l.;Equity;Asia ex-Japan Equity;RV Asia (ex-Japón);USD;Luxemburgo;6;3;2.1;1.85;35.73;51.99;25.14;7.31;2001-05-14;True;False;1000;2026-08-28
LU0235996351;UBS (Lux) KSS Asian Eqs $ USD P Acc;UBS (Lux) Key Selection SICAV - Asian Equities (USD) USD P-acc;UBS Asset Management (Europe) S.A.;Equity;Asia ex-Japan Equity;RV Asia (ex-Japón);USD;Luxemburgo;6;4;2.12;1.63;31.8;50.66;25.74;7.43;2006-04-24;True;False;;2026-08-28
LU0702159772;Fidelity Asian Smaller Coms A-Acc-EUR;Fidelity Funds - Asian Smaller Companies Fund A-Acc-EUR;FIL Investment Management (Luxembourg) S.à r.l.;Equity;Asia ex-Japan Equity;RV Asia (ex-Japón) Cap. Peq/Mediana;EUR;Luxemburgo;5;3;;1.5;6.39;8.9;8.17;6.32;2011-12-07;True;False;2500;2026-08-28
LU0702159699;Fidelity Asian Smaller Coms A-Acc-USD;Fidelity Funds - Asian Smaller Companies Fund A-Acc-USD;FIL Investment Management (Luxembourg) S.à r.l.;Equity;Asia ex-Japan Equity;RV Asia (ex-Japón) Cap. Peq/Mediana;USD;Luxemburgo;5;3;;1.5;5.67;9.31;10.99;6.07;2011-12-07;True;False;2500;2026-08-28
LU0702159426;Fidelity Asian Smaller Coms A-Dis-EUR;Fidelity Funds - Asian Smaller Companies Fund A-DIST-EUR;FIL Investment Management (Luxembourg) S.à r.l.;Equity;Asia ex-Japan Equity;RV Asia (ex-Japón) Cap. Peq/Mediana;EUR;Luxemburgo;5;3;;1.5;6.41;8.93;8.18;6.32;2011-12-07;True;False;;2026-08-28
LU0390135415;Templeton Asian Smlr Coms A(acc)EUR;Templeton Asian Smaller Companies Fund A(acc)EUR;Franklin Templeton International Services S.à r.l.;Equity;Asia ex-Japan Equity;RV Asia (ex-Japón) Cap. Peq/Mediana;EUR;Luxemburgo;5;3;2.15;1.85;17.82;16.27;11.49;5.6;2008-10-14;True;False;;2026-08-28
LU0390135332;Templeton Asian Smlr Coms A(acc)USD;Templeton Asian Smaller Companies Fund A(acc)USD;Franklin Templeton International Services S.à r.l.;Equity;Asia ex-Japan Equity;RV Asia (ex-Japón) Cap. Peq/Mediana;USD;Luxemburgo;5;3;2.15;1.85;16.79;16.42;14.33;5.34;2008-10-14;True;False;1000;2026-08-28
LU0348784041;Allianz Oriental Income AT EUR;Allianz Global Investors Fund - Allianz Oriental Income AT EUR;Allianz Global Investors GmbH;Equity;Asia Equity;RV Asia Pacífico;EUR;Luxemburgo;6;4;1.8;1.8;27.41;36.27;19.4;9.28;2009-12-07;True;False;0;2026-08-28
LU0348784397;Allianz Oriental Income AT USD;Allianz Global Investors Fund - Allianz Oriental Income AT USD;Allianz Global Investors GmbH;Equity;Asia Equity;RV Asia Pacífico;USD;Luxemburgo;6;4;1.8;1.8;26.45;36.97;22.49;9.12;2005-12-12;True;False;0;2026-08-28
LU0368678339;Fidelity Pacific A-Acc-EUR;Fidelity Funds - Pacific Fund A-Acc-EUR;FIL Investment Management (Luxembourg) S.à r.l.;Equity;Asia Equity;RV Asia Pacífico;EUR;Luxemburgo;6;2;;1.5;24.66;32.96;19.44;5.43;2008-06-02;True;False;2500;2026-08-28
LU0049112450;Fidelity Pacific A-Dis-USD;Fidelity Funds - Pacific Fund A-DIST-USD;FIL Investment Management (Luxembourg) S.à r.l.;Equity;Asia Equity;RV Asia Pacífico;USD;Luxemburgo;6;2;;1.5;23.82;33.47;22.56;5.18;1994-01-10;True;False;2500;2026-08-28
LU0217390573;JPM Pacific Equity A acc EUR;JPMorgan Funds - Pacific Equity Fund A (acc) EUR;JPMorgan Asset Management (Europe) S.à r.l.;Equity;Asia Equity;RV Asia Pacífico;EUR;Luxemburgo;6;3;;1.5;19.99;28.27;16.71;4.63;2005-09-20;True;False;35000;2026-08-28
LU0052474979;JPM Pacific Equity A dist USD;JPMorgan Funds - Pacific Equity Fund A (dist) USD;JPMorgan Asset Management (Europe) S.à r.l.;Equity;Asia Equity;RV Asia Pacífico;USD;Luxemburgo;6;3;;1.5;19.22;28.83;19.69;4.43;1988-11-16;True;False;35000;2026-08-28
LU0217390656;JPM Pacific Equity D acc EUR;JPMorgan Funds - Pacific Equity Fund D (acc) EUR;JPMorgan Asset Management (Europe) S.à r.l.;Equity;Asia Equity;RV Asia Pacífico;EUR;Luxemburgo;6;3;;1.5;19.37;27.2;15.76;3.77;2006-05-08;True;False;0;2026-08-28
LU0117866854;JPM Pacific Equity D acc USD;JPMorgan Funds - Pacific Equity Fund D (acc) USD;JPMorgan Asset Management (Europe) S.à r.l.;Equity;Asia Equity;RV Asia Pacífico;USD;Luxemburgo;6;3;;1.5;18.6;27.83;18.76;3.63;2000-10-13;True;False;5000;2026-08-28
LU0487305319;Robeco Asia-Pacific Equities D $;Robeco Asia-Pacific Equities D $;Robeco Institutional Asset Management BV;Equity;Asia Equity;RV Asia Pacífico;USD;Luxemburgo;6;5;1.76;1.5;26.24;41.2;25.66;13.44;2010-02-18;True;False;0;2026-08-28
LU0084617165;Robeco Asia-Pacific Equities D €;Robeco Asia-Pacific Equities D €;Robeco Institutional Asset Management BV;Equity;Asia Equity;RV Asia Pacífico;EUR;Luxemburgo;5;5;1.76;1.5;27.32;41.31;22.44;13.66;1998-04-17;True;False;0;2026-08-28
IE0003782467;BNY Mellon Asian Opports EUR A Acc;BNY Mellon Asian Opportunities Fund EUR A Acc;BNY Mellon Fund Management (Lux) S.A.;Equity;Asia ex-Japan Equity;RV Asia Pacífico (ex-Japón);EUR;Irlanda;5;2;;2;18.13;22.67;12.65;2.89;2002-01-02;True;False;5000;2026-08-28
IE0003795394;BNY Mellon Asian Opports USD A Acc;BNY Mellon Asian Opportunities Fund USD A Acc;BNY Mellon Fund Management (Lux) S.A.;Equity;Asia ex-Japan Equity;RV Asia Pacífico (ex-Japón);USD;Irlanda;6;2;;2;17.06;23.34;15.5;2.69;2001-12-10;True;False;5000;2026-08-28
LU0345361124;Fidelity Asia Pacific Opps A-Acc-EUR;Fidelity Funds - Asia Pacific Opportunities Fund A-Acc-EUR;FIL Investment Management (Luxembourg) S.à r.l.;Equity;Asia ex-Japan Equity;RV Asia Pacífico (ex-Japón);EUR;Luxemburgo;5;2;;1.5;7.73;6.93;7.03;2.03;2008-02-18;True;False;;2026-08-28
LU2008162690;Fidelity Asia Pacific Opps A-Acc-USD;Fidelity Funds - Asia Pacific Opportunities Fund A-Acc-USD;FIL Investment Management (Luxembourg) S.à r.l.;Equity;Asia ex-Japan Equity;RV Asia Pacífico (ex-Japón);USD;Luxemburgo;6;1;;1.5;7.04;7.31;9.82;1.79;2019-06-12;True;False;2500;2026-08-28
LU0441855714;JPM Asia Pacific Equity A acc EUR;JPMorgan Funds - Asia Pacific Equity Fund A (acc) EUR;JPMorgan Asset Management (Europe) S.à r.l.;Equity;Asia ex-Japan Equity;RV Asia Pacífico (ex-Japón);EUR;Luxemburgo;6;4;1.8;1.5;29.54;43.44;23.25;10.07;2009-09-09;True;False;35000;2026-08-28
LU0441854154;JPM Asia Pacific Equity A acc USD;JPMorgan Funds - Asia Pacific Equity Fund A (acc) USD;JPMorgan Asset Management (Europe) S.à r.l.;Equity;Asia ex-Japan Equity;RV Asia Pacífico (ex-Japón);USD;Luxemburgo;6;4;1.8;1.5;28.67;43.97;26.35;9.82;2009-09-09;True;False;35000;2026-08-28
LU0613488591;JPM Asia Pacific Equity A dist USD;JPMorgan Funds - Asia Pacific Equity Fund A (dist) USD;JPMorgan Asset Management (Europe) S.à r.l.;Equity;Asia ex-Japan Equity;RV Asia Pacífico (ex-Japón);USD;Luxemburgo;6;4;1.8;1.5;28.69;44.04;26.38;9.86;2011-04-07;True;False;35000;2026-08-28
LU0441856365;JPM Asia Pacific Equity D acc EUR;JPMorgan Funds - Asia Pacific Equity Fund D (acc) EUR;JPMorgan Asset Management (Europe) S.à r.l.;Equity;Asia ex-Japan Equity;RV Asia Pacífico (ex-Japón);EUR;Luxemburgo;6;4;2.55;1.5;28.84;42.26;22.29;9.2;2013-09-13;True;False;5000;2026-08-28
LU0441854741;JPM Asia Pacific Equity D acc USD;JPMorgan Funds - Asia Pacific Equity Fund D (acc) USD;JPMorgan Asset Management (Europe) S.à r.l.;Equity;Asia ex-Japan Equity;RV Asia Pacífico (ex-Japón);USD;Luxemburgo;6;4;2.55;1.5;28.03;42.92;25.4;8.99;2013-09-13;True;False;5000;2026-08-28
LU1670618187;M&G (Lux) Asian A EUR Acc;M&G (Lux) Asian Fund EUR A Acc;M&G Luxembourg S.A.;Equity;Asia ex-Japan Equity;RV Asia Pacífico (ex-Japón);EUR;Luxemburgo;6;4;1.74;1.5;24.12;36.56;24.91;13.62;2018-10-26;True;False;1000;2026-08-28
LU0498180339;abrdn-Asia Pac Sustainable Eq A Acc EUR;abrdn SICAV I - Asia Pacific Sustainable Equity Fund A Acc EUR;abrdn Investments Luxembourg S.A.;Equity;Asia ex-Japan Equity;RV Asia Pacífico (ex-Japón);EUR;Luxemburgo;5;2;;1.75;24.04;35.34;15.47;4.1;2011-01-13;True;False;1000;2026-08-28
LU0011963245;abrdn-Asia Pac Sustainable Eq A Acc USD;abrdn SICAV I - Asia Pacific Sustainable Equity Fund A Acc USD;abrdn Investments Luxembourg S.A.;Equity;Asia ex-Japan Equity;RV Asia Pacífico (ex-Japón);USD;Luxemburgo;6;2;;1.75;22.71;36.07;18.38;3.89;1988-04-26;True;False;500;2026-08-28
LU0820944071;Schroder ISF Asian Eq Yld A Acc EUR;Schroder International Selection Fund Asian Equity Yield A Accumulation EUR;Schroder Investment Management (Europe) S.A.;Equity;Asia ex-Japan Equity;RV Asia Pacífico (ex-Japón) Alto Dividendo;EUR;Luxemburgo;5;3;;1.5;24.58;33.43;20.69;10.42;2012-09-12;True;False;1000;2026-08-28
LU0188438112;Schroder ISF Asian Eq Yld A Acc USD;Schroder International Selection Fund Asian Equity Yield A Accumulation USD;Schroder Investment Management (Europe) S.A.;Equity;Asia ex-Japan Equity;RV Asia Pacífico (ex-Japón) Alto Dividendo;USD;Luxemburgo;6;3;;1.5;23.51;34.07;23.7;10.2;2004-06-11;True;False;1000;2026-08-28
LU0256780106;Candriam Eqs L Australia C EUR Cap;Candriam Equities L Australia Class C EUR Cap;Candriam;Equity;Australia & New Zealand Equity;RV Australia y Nueva Zelanda;EUR;Luxemburgo;6;2;1.89;1.5;15.78;15.21;10.68;6.33;2006-07-04;True;False;0;2026-08-28
LU0261950041;Fidelity Australian Divers Eq A-Acc-AUD;Fidelity Funds - Australian Diversified Equity Fund A-Acc-AUD;FIL Investment Management (Luxembourg) S.à r.l.;Equity;Australia & New Zealand Equity;RV Australia y Nueva Zelanda;AUD;Luxemburgo;5;2;;1.5;6.9;3.23;10.82;5.12;2006-09-25;True;False;;2026-08-28
IE00B23S7K36;BNY Mellon Brazil Equity EUR A Acc;BNY Mellon Brazil Equity Fund EUR A Acc;BNY Mellon Fund Management (Lux) S.A.;Equity;Latin America Equity;RV Brasil;EUR;Irlanda;7;4;2.19;2;5.95;16.27;8.45;6.04;2007-09-14;True;False;5000;2026-08-28
IE00B23S7L43;BNY Mellon Brazil Equity USD A Acc;BNY Mellon Brazil Equity Fund USD A Acc;BNY Mellon Fund Management (Lux) S.A.;Equity;Latin America Equity;RV Brasil;USD;Irlanda;7;4;2.19;2;5.16;16.46;11.28;5.88;2007-08-31;True;False;5000;2026-08-28
LU0616856935;DWS Invest Brazilian Equities LC;DWS Invest Brazilian Equities LC;DWS Investment S.A.;Equity;Latin America Equity;RV Brasil;EUR;Luxemburgo;7;4;1.94;1.75;10.76;24.87;4.8;4.42;2012-10-01;True;False;0;2026-08-28
LU0196696453;HSBC GIF Brazil Equity AC;HSBC Global Investment Funds - Brazil Equity AC;HSBC Global Invesment Funds;Equity;Latin America Equity;RV Brasil;USD;Luxemburgo;7;2;;1.75;7.89;23.17;7.98;1.88;2004-09-06;True;False;5000;2026-08-28
LU0551369712;HSBC GIF Brazil Equity ACEUR;HSBC Global Investment Funds - Brazil Equity ACEUR;HSBC Global Invesment Funds;Equity;Latin America Equity;RV Brasil;EUR;Luxemburgo;7;2;;1.75;8.93;22.62;5.21;2.12;2011-06-28;True;False;5000;2026-08-28
LU0359201612;BGF China A2;BlackRock Global Funds - China Fund A2;BlackRock (Luxembourg) SA;Equity;Greater China Equity;RV China;USD;Luxemburgo;7;3;1.82;1.5;-3.31;-0.65;10.64;-5.12;2008-06-24;True;False;5000;2026-08-28
LU0823426308;BNP Paribas China Eq Cl C;BNP Paribas Funds China Equity Classic Capitalisation;BNP Paribas Asset Management Luxembourg;Equity;Greater China Equity;RV China;USD;Luxemburgo;7;4;1.95;1.75;1.3;2.37;10.55;-4.41;2013-05-17;True;False;0;2026-08-28
LU0823425839;BNP Paribas China Eq Cl EUR C;BNP Paribas Funds China Equity Classic EUR Capitalisation;BNP Paribas Asset Management Luxembourg;Equity;Greater China Equity;RV China;EUR;Luxemburgo;6;4;;1.75;2.17;2.45;7.71;-4.23;2013-05-17;True;False;0;2026-08-28
LU1160365091;EdRF China A EUR;Edmond de Rothschild Fund - China A EUR;Edmond de Rothschild Asset Management (France);Equity;Greater China Equity;RV China;EUR;Luxemburgo;7;2;2.16;1.7;-9.47;-14.1;4.03;-5.33;2015-06-25;True;False;0;2026-08-28
LU0594300096;Fidelity China Consumer A-Acc-EUR;Fidelity Funds - China Consumer Fund A-Acc-EUR;FIL Investment Management (Luxembourg) S.à r.l.;Equity;Greater China Equity;RV China;EUR;Luxemburgo;7;2;;1.5;-7.47;-8.04;-0.26;-7.34;2011-02-23;True;False;;2026-08-28
LU0594300179;Fidelity China Consumer A-Acc-USD;Fidelity Funds - China Consumer Fund A-Acc-USD;FIL Investment Management (Luxembourg) S.à r.l.;Equity;Greater China Equity;RV China;USD;Luxemburgo;7;2;;1.5;-8.05;-7.65;2.34;-7.55;2011-02-23;True;False;2500;2026-08-28
LU0594300419;Fidelity China Consumer A-Dis-USD;Fidelity Funds - China Consumer Fund A-DIST-USD;FIL Investment Management (Luxembourg) S.à r.l.;Equity;Greater China Equity;RV China;USD;Luxemburgo;7;2;;1.5;-8.06;-7.67;2.34;-7.55;2011-02-23;True;False;2500;2026-08-28
LU0318931192;Fidelity China Focus A-Acc-EUR;Fidelity Funds - China Focus Fund A-Acc-EUR;FIL Investment Management (Luxembourg) S.à r.l.;Equity;Greater China Equity;RV China;EUR;Luxemburgo;6;4;;1.5;-7.08;-5.5;4.05;2.4;2007-09-24;True;False;2500;2026-08-28
LU0173614495;Fidelity China Focus A-Dis-USD;Fidelity Funds - China Focus Fund A-DIST-USD;FIL Investment Management (Luxembourg) S.à r.l.;Equity;Greater China Equity;RV China;USD;Luxemburgo;6;4;;1.5;-7.69;-5.15;6.76;2.15;2003-08-18;True;False;2500;2026-08-28
IE00B1W3X048;GAM Star China Equity A USD Acc;GAM Star Fund plc - GAM Star China Equity Class A USD Accumulation;GAM Fund Management Limited;Equity;Greater China Equity;RV China;USD;Irlanda;7;2;;1.1;-9.01;-11.6;8.19;-7.63;2009-10-01;True;False;10000;2026-08-28
IE00B1W3WK72;GAM Star China Equity Ord EUR Acc;GAM Star Fund plc - GAM Star China Equity Class Ordinary EUR Accumulation;GAM Fund Management Limited;Equity;Greater China Equity;RV China;EUR;Irlanda;7;2;;1.35;-8.1;-11.33;5.65;-7.24;2011-03-04;True;False;10000;2026-08-28
LU0210526637;JPM China A acc USD;JPMorgan Funds - China Fund A (acc) USD;JPMorgan Asset Management (Europe) S.à r.l.;Equity;Greater China Equity;RV China;USD;Luxemburgo;7;3;1.8;1.5;-1.24;2.21;7.66;-6.61;2005-03-31;True;False;35000;2026-08-28
LU0051755006;JPM China A dist USD;JPMorgan Funds - China Fund A (dist) USD;JPMorgan Asset Management (Europe) S.à r.l.;Equity;Greater China Equity;RV China;USD;Luxemburgo;7;3;1.8;1.5;-1.24;2.19;7.65;-6.62;1994-07-04;True;False;35000;2026-08-28
LU0522352607;JPM China D acc EUR;JPMorgan Funds - China Fund D (acc) EUR;JPMorgan Asset Management (Europe) S.à r.l.;Equity;Greater China Equity;RV China;EUR;Luxemburgo;7;2;2.8;1.5;-1.24;0.74;3.95;-7.36;2010-07-13;True;False;5000;2026-08-28
LU0117867159;JPM China D acc USD;JPMorgan Funds - China Fund D (acc) USD;JPMorgan Asset Management (Europe) S.à r.l.;Equity;Greater China Equity;RV China;USD;Luxemburgo;7;2;2.8;1.5;-1.87;1.18;6.58;-7.55;2000-10-13;True;False;5000;2026-08-28
LU0625737910;Pictet-China Index P EUR;Pictet-China Index P EUR;Pictet Asset Management (Europe) SA;Equity;Greater China Equity;RV China;EUR;Luxemburgo;7;3;0.67;0.6;-7.08;-8.24;7.88;-2.04;2011-07-12;True;True;0;2026-08-28
LU0187077309;Robeco Chinese Equities D €;Robeco Chinese Equities D €;Robeco Institutional Asset Management BV;Equity;Greater China Equity;RV China;EUR;Luxemburgo;7;3;1.85;1.6;-3.93;-3.6;5.28;-6.25;2004-06-07;True;False;0;2026-08-28
LU1831875890;Schroder ISF All China Equity B Acc EUR;Schroder International Selection Fund All China Equity B Accumulation EUR;Schroder Investment Management (Europe) S.A.;Equity;Greater China Equity;RV China;EUR;Luxemburgo;6;2;2.47;1.5;-2.52;2.28;3.33;-4.86;2018-06-27;True;False;1000;2026-08-28
LU2345993211;Schroder ISF China Opps A Acc EUR;Schroder International Selection Fund China Opportunities A Accumulation EUR;Schroder Investment Management (Europe) S.A.;Equity;Greater China Equity;RV China;EUR;Luxemburgo;6;2;1.83;1.5;-2.99;0.83;4.44;-4.03;2021-06-15;True;False;1000;2026-08-28
LU0244354667;Schroder ISF China Opps A Acc USD;Schroder International Selection Fund China Opportunities A Accumulation USD;Schroder Investment Management (Europe) S.A.;Equity;Greater China Equity;RV China;USD;Luxemburgo;7;3;;1.5;-3.82;1.31;7.04;-4.22;2006-02-17;True;False;1000;2026-08-28
LU0260864003;Templeton China A(Ydis)EUR;Templeton China Fund A(Ydis)EUR;Franklin Templeton International Services S.à r.l.;Equity;Greater China Equity;RV China;EUR;Luxemburgo;7;1;2.28;2.1;-5.75;-2.12;3.55;-7.42;2006-09-01;True;False;;2026-08-28
LU0052750758;Templeton China A(acc)USD;Templeton China Fund A(acc)USD;Franklin Templeton International Services S.à r.l.;Equity;Greater China Equity;RV China;USD;Luxemburgo;7;1;2.28;2.1;-6.57;-1.96;6.19;-7.64;1994-09-01;True;False;1000;2026-08-28
LU2131365186;UBS (Lux) EF China Oppo(USD) P EUR acc;UBS (Lux) Equity Fund - China Opportunity (USD) P EUR acc;UBS Asset Management (Europe) S.A.;Equity;Greater China Equity;RV China;EUR;Luxemburgo;6;2;2.38;1.87;-6.47;-7.02;3.15;-4.48;2020-03-06;True;False;;2026-08-28
LU1997244873;Allianz China A Shares A EUR;Allianz Global Investors Fund - Allianz China A Shares A EUR;Allianz Global Investors GmbH;Equity;Greater China Equity;RV China - A Shares;EUR;Luxemburgo;6;3;2.25;2.25;17.21;35.61;14.6;-1.99;2019-10-23;True;False;0;2026-08-28
LU1997245177;Allianz China A Shares AT USD;Allianz Global Investors Fund - Allianz China A Shares AT USD;Allianz Global Investors GmbH;Equity;Greater China Equity;RV China - A Shares;USD;Luxemburgo;6;4;2.25;2.25;16.29;36.27;17.56;-2.17;2009-03-31;True;False;0;2026-08-28
LU1580142542;BGF Systematic China A-Shr Opps A2;BlackRock Global Funds - Systematic China A-Share Opportunities Fund A2;BlackRock (Luxembourg) SA;Equity;Greater China Equity;RV China - A Shares;USD;Luxemburgo;6;3;1.83;1.5;9.2;16.67;14.01;0.04;2017-10-26;True;False;5000;2026-08-28
LU1255011097;JPM China AShare Opps A acc EUR;JPMorgan Funds - China A-Share Opportunities Fund A (acc) EUR;JPMorgan Asset Management (Europe) S.à r.l.;Equity;Greater China Equity;RV China - A Shares;EUR;Luxemburgo;6;4;1.72;1.5;13.28;28.28;10.3;-2.53;2015-09-11;True;False;35000;2026-08-28
LU1706168710;JPM China AShare Opps D acc EUR;JPMorgan Funds - China A-Share Opportunities Fund D (acc) EUR;JPMorgan Asset Management (Europe) S.à r.l.;Equity;Greater China Equity;RV China - A Shares;EUR;Luxemburgo;6;2;2.47;1.5;12.73;27.33;9.47;-3.26;2017-10-31;True;False;5000;2026-08-28
LU1146622755;abrdn-China A Share Sust Eq A Acc USD;abrdn SICAV I - China A Share Sustainable Equity Fund A Acc USD;abrdn Investments Luxembourg S.A.;Equity;Greater China Equity;RV China - A Shares;USD;Luxemburgo;6;3;;1.75;9.46;23;9.85;-2.72;2015-03-16;True;False;500;2026-08-28
LU0301637293;JPM Korea Equity A acc EUR;JPMorgan Funds - Korea Equity Fund A (acc) EUR;JPMorgan Asset Management (Europe) S.à r.l.;Equity;Korea Equity;RV Corea;EUR;Luxemburgo;6;2;1.8;1.5;62.92;107.87;35.57;14.78;2007-09-28;True;False;35000;2026-08-28
LU0301634860;JPM Korea Equity A acc USD;JPMorgan Funds - Korea Equity Fund A (acc) USD;JPMorgan Asset Management (Europe) S.à r.l.;Equity;Korea Equity;RV Corea;USD;Luxemburgo;7;2;1.8;1.5;61.9;108.83;39.01;14.57;2007-09-28;True;False;35000;2026-08-28
LU0301638341;JPM Korea Equity D acc USD;JPMorgan Funds - Korea Equity Fund D (acc) USD;JPMorgan Asset Management (Europe) S.à r.l.;Equity;Korea Equity;RV Corea;USD;Luxemburgo;7;2;2.8;1.5;60.85;106.68;37.61;13.42;2007-09-28;True;False;5000;2026-08-28
LU0861897477;Abante GF Spanish Opportunities Fund B;Abante Global Funds Spanish Opportunities Class B;Abante Asesores Gestión SGIIC;Equity;Europe Equity Mid/Small Cap;RV España;EUR;Luxemburgo;7;2;;2;9.77;22.52;29.53;18.98;2013-06-11;True;False;0;2026-08-28
ES0125621039;Bankinter Bolsa España R FI;Bankinter Bolsa España R FI;Bankinter Gestión de Activos SGIIC;Equity;Europe Equity Large Cap;RV España;EUR;España;6;3;1.82;1.6;14.4;30.06;23.51;14.99;1998-11-11;True;False;1;2026-08-28
ES0114794037;Bankinter Indice Ibex R FI;Bankinter Indice Ibex R FI;Bankinter Gestión de Activos SGIIC;Equity;Europe Equity Large Cap;RV España;EUR;España;6;4;1.11;1;17.56;35.1;31.17;19.94;1998-04-27;True;True;1;2026-08-28
LU0563745743;Bestinver Tordesillas SICAV Iberia A;Bestinver Tordesillas SICAV Iberia A;Bestinver Gestión SGIIC;Equity;Europe Equity Mid/Small Cap;RV España;EUR;Luxemburgo;4;4;2.08;1.75;13.22;31.06;26.94;17.26;2013-10-29;True;False;1000;2026-08-28
LU0995386439;EDM Inversion/Spanish Equity R EUR;EDM Inversion/Spanish Equity R EUR;EDM Gestion, S.A.U., S.G.I.I.C.;Equity;Europe Equity Mid/Small Cap;RV España;EUR;Luxemburgo;6;1;2.59;1.25;11.34;17.67;15.39;8;2014-04-01;True;False;0;2026-08-28
LU0261948904;Fidelity Iberia A-Acc-EUR;Fidelity Funds - Iberia Fund A-Acc-EUR;FIL Investment Management (Luxembourg) S.à r.l.;Equity;Europe Equity Large Cap;RV España;EUR;Luxemburgo;5;4;;1.5;14.15;24.53;27.87;16.41;2006-09-25;True;False;2500;2026-08-28
LU0048581077;Fidelity Iberia A-Dis-EUR;Fidelity Funds - Iberia Fund A-DIST-EUR;FIL Investment Management (Luxembourg) S.à r.l.;Equity;Europe Equity Large Cap;RV España;EUR;Luxemburgo;5;4;;1.5;14.2;24.55;27.88;16.42;1990-10-01;True;False;;2026-08-28
LU1330191898;Magallanes V.I. UCITS Iberian Equity R;Magallanes Value Investors UCITS Iberian Equity R;Magallanes Value Investors SGIIC;Equity;Europe Equity Mid/Small Cap;RV España;EUR;Luxemburgo;6;3;2.22;2;13.58;24.51;25.26;16.3;2015-12-31;True;False;100;2026-08-28
LU1145111883;Pareturn Mutuafondo España Lux P EUR;Pareturn Mutuafondo España Lux Class P EUR Cap;Mutuactivos S.A.U., S.G.I.I.C.;Equity;Europe Equity Mid/Small Cap;RV España;EUR;Luxemburgo;6;4;;1.5;11.73;24.95;24.95;17.81;2015-01-05;True;False;;2026-08-28
LU0414045582;Allianz European Equity Div A EUR;Allianz Global Investors Fund - Allianz European Equity Dividend A EUR;Allianz Global Investors GmbH;Equity;Europe Equity Large Cap;RV Europa Alto Dividendo;EUR;Luxemburgo;5;3;1.8;1.8;14.53;22.32;16.13;10.09;2011-01-10;True;False;0;2026-08-28
LU0414045822;Allianz European Equity Div AT EUR;Allianz Global Investors Fund - Allianz European Equity Dividend AT EUR;Allianz Global Investors GmbH;Equity;Europe Equity Large Cap;RV Europa Alto Dividendo;EUR;Luxemburgo;5;3;1.8;1.8;14.53;22.32;16.13;10.09;2009-03-10;True;False;0;2026-08-28
LU1883311224;Amundi Fds Eurp Eq Inc Sel A2 EUR C;Amundi Funds - Europe Equity Income Select A2 EUR C;Amundi Luxembourg S.A.;Equity;Europe Equity Large Cap;RV Europa Alto Dividendo;EUR;Luxemburgo;5;3;1.81;1.5;13.74;17.39;14.69;9.25;2013-09-10;True;False;1;2026-08-28
LU1883311653;Amundi Fds Eurp Eq Inc Sel A2 EUR SATI D;Amundi Funds - Europe Equity Income Select A2 EUR SATI D;Amundi Luxembourg S.A.;Equity;Europe Equity Large Cap;RV Europa Alto Dividendo;EUR;Luxemburgo;6;3;1.81;1.5;13.74;17.4;14.7;9.26;2011-11-23;True;False;1;2026-08-28
LU0562822386;BGF European Equity Income A2;BlackRock Global Funds - European Equity Income Fund A2;BlackRock (Luxembourg) SA;Equity;Europe Equity Large Cap;RV Europa Alto Dividendo;EUR;Luxemburgo;5;3;1.82;1.5;6.16;12.54;12.81;6.86;2010-12-03;True;False;5000;2026-08-28
LU0561744862;BGF European Equity Income A5G;BlackRock Global Funds - European Equity Income Fund A5G;BlackRock (Luxembourg) SA;Equity;Europe Equity Large Cap;RV Europa Alto Dividendo;EUR;Luxemburgo;5;3;1.82;1.5;6.15;12.52;12.8;6.87;2010-12-03;True;False;;2026-08-28
LU1051768569;BGF European Equity Income A6;BlackRock Global Funds - European Equity Income Fund A6;BlackRock (Luxembourg) SA;Equity;Europe Equity Large Cap;RV Europa Alto Dividendo;EUR;Luxemburgo;5;3;1.82;1.5;6.11;12.55;12.8;6.86;2014-04-02;True;False;;2026-08-28
LU0628612748;BGF European Equity Income E2;BlackRock Global Funds - European Equity Income Fund E2;BlackRock (Luxembourg) SA;Equity;Europe Equity Large Cap;RV Europa Alto Dividendo;EUR;Luxemburgo;6;2;2.32;1.5;5.8;11.96;12.24;6.33;2011-05-20;True;False;5000;2026-08-28
LU0111491469;BNP Paribas Sust Eurp Div C C;BNP Paribas Funds Sustainable Europe Dividend Classic Capitalisation;BNP Paribas Asset Management Luxembourg;Equity;Europe Equity Large Cap;RV Europa Alto Dividendo;EUR;Luxemburgo;5;2;1.46;1.5;11.65;19.61;13.98;8.76;2000-10-16;True;False;0;2026-08-28
LU0353647737;Fidelity European Div A-Acc-EUR;Fidelity Funds - European Dividend Fund A-Acc-EUR;FIL Investment Management (Luxembourg) S.à r.l.;Equity;Europe Equity Large Cap;RV Europa Alto Dividendo;EUR;Luxemburgo;5;3;;1.5;6.48;10.12;13.97;8.95;2010-11-02;True;False;2500;2026-08-28
LU0267986122;Invesco Pan European Eq Inc A EUR Acc;Invesco Funds - Invesco Pan European Equity Income Fund A Accumulation EUR;Invesco Management S.A.;Equity;Europe Equity Large Cap;RV Europa Alto Dividendo;EUR;Luxemburgo;6;3;;1.5;15.3;22.84;13.4;8.69;2006-10-31;True;False;1000;2026-08-28
LU0169527297;JPM Europe Strategic Div A acc EUR;JPMorgan Investment Funds - Europe Strategic Dividend Fund A (acc) - EUR;JPMorgan Asset Management (Europe) S.à r.l.;Equity;Europe Equity Large Cap;RV Europa Alto Dividendo;EUR;Luxemburgo;5;5;1.75;1.5;16.31;26.02;21.81;13.03;2005-02-24;True;False;35000;2026-08-28
LU0714182432;JPM Europe Strategic Div A div EUR;JPMorgan Investment Funds - Europe Strategic Dividend Fund A (div) - EUR;JPMorgan Asset Management (Europe) S.à r.l.;Equity;Europe Equity Large Cap;RV Europa Alto Dividendo;EUR;Luxemburgo;5;5;1.76;1.5;16.3;26.01;21.79;13.01;2011-12-01;True;False;35000;2026-08-28
LU0169528261;JPM Europe Strategic Div D acc EUR;JPMorgan Investment Funds - Europe Strategic Dividend Fund D (acc) - EUR;JPMorgan Asset Management (Europe) S.à r.l.;Equity;Europe Equity Large Cap;RV Europa Alto Dividendo;EUR;Luxemburgo;5;4;2.55;1.5;15.72;25.03;20.84;12.12;2005-12-09;True;False;5000;2026-08-28
LU0714182606;JPM Europe Strategic Div D div EUR;JPMorgan Investment Funds - Europe Strategic Dividend Fund D (div) - EUR;JPMorgan Asset Management (Europe) S.à r.l.;Equity;Europe Equity Large Cap;RV Europa Alto Dividendo;EUR;Luxemburgo;5;4;2.51;1.5;15.74;25.07;20.88;12.17;2011-12-01;True;False;5000;2026-08-28
LU0319791538;Schroder ISF Eurp Div Mxmsr A Acc EUR;Schroder International Selection Fund European Dividend Maximiser A Accumulation EUR;Schroder Investment Management (Europe) S.A.;Equity;Europe Equity Large Cap;RV Europa Alto Dividendo;EUR;Luxemburgo;5;2;;1.5;13.69;19.78;13.01;6.01;2007-10-05;True;False;1000;2026-08-28
LU0321371998;Schroder ISF Eurp Div Mxmsr A Dis QF;Schroder International Selection Fund European Dividend Maximiser A Distribution EUR QF;Schroder Investment Management (Europe) S.A.;Equity;Europe Equity Large Cap;RV Europa Alto Dividendo;EUR;Luxemburgo;5;2;;1.5;13.69;19.78;13.01;6.02;2007-10-05;True;False;1000;2026-08-28
LU0566497433;UBS(LUX) ES € European Hi Div P acc;UBS (Lux) Equity SICAV - European High Dividend (EUR) P-acc;UBS Asset Management (Europe) S.A.;Equity;Europe Equity Large Cap;RV Europa Alto Dividendo;EUR;Luxemburgo;5;3;1.57;1.2;14.86;22.69;17.66;9.24;2010-12-10;True;False;0;2026-08-28
LU0235308482;Alken European Opportunities R;Alken Fund - European Opportunities Class R;AFFM SA;Equity;Europe Equity Large Cap;RV Europa Cap. Flexible;EUR;Luxemburgo;6;5;3.19;1.5;7.16;15.32;25.75;18.41;2006-01-03;True;False;0;2026-08-28
LU0866838492;Alken European Opportunities US2;Alken Fund - European Opportunities Class US2;AFFM SA;Equity;Europe Equity Large Cap;RV Europa Cap. Flexible;USD;Luxemburgo;6;5;3.35;1.5;6.26;15.26;29.08;18.19;2013-09-12;True;False;0;2026-08-28
LU3232939028;Athenee FCP Alinea Eurp Eqs M EUR Acc;Athenee FCP - Alinea European Equities M EUR Accumulated;Andbank Asset Management Luxembourg;Equity;Europe Equity Large Cap;RV Europa Cap. Flexible;EUR;Luxemburgo;;;;1;;;;;2026-03-03;True;False;;2026-08-28
LU0418790928;BSF European Opps Extension E2 EUR;BlackRock Strategic Funds - European Opportunities Extension Fund E2 EUR;BlackRock (Luxembourg) SA;Equity;Europe Equity Large Cap;RV Europa Cap. Flexible;EUR;Luxemburgo;6;3;;1.5;3.53;5.54;7.63;2.16;2009-03-25;True;False;5000;2026-08-28
ES0114802038;Bankinter Dividendo Europa R FI;Bankinter Dividendo Europa R FI;Bankinter Gestión de Activos SGIIC;Equity;Europe Equity Large Cap;RV Europa Cap. Flexible;EUR;España;6;4;1.8;1.6;13.41;23.04;13.04;8.2;1999-01-28;True;False;1;2026-08-28
LU0389173070;Bestinfund R EUR Cap;Bestinfund R EUR Cap;Bestinver Gestión SGIIC;Equity;Europe Equity Large Cap;RV Europa Cap. Flexible;EUR;Luxemburgo;4;3;;1.85;14.6;19.52;15.37;7.8;2008-12-29;True;False;0;2026-08-28
LU0389173401;Bestinver International R EUR Cap;Bestinver International R EUR Cap;Bestinver Gestión SGIIC;Equity;Europe Equity Large Cap;RV Europa Cap. Flexible;EUR;Luxemburgo;4;3;;1.85;15.77;20.15;15.19;7.42;2008-12-29;True;False;0;2026-08-28
IE00B4ZJ4188;Comgest Gr Europe Opps EUR Acc;Comgest Growth Europe Opportunities EUR Acc;Comgest Asset Management Intl Ltd;Equity;Europe Equity Large Cap;RV Europa Cap. Flexible;EUR;Irlanda;6;2;1.6;1.5;4.01;5.94;-0.76;-6.6;2009-08-07;True;False;50;2026-08-28
LU0870553020;DNCA Invest SRI Europe Gr A EUR;DNCA Invest SRI Europe Growth Class A shares EUR;DNCA Finance;Equity;Europe Equity Large Cap;RV Europa Cap. Flexible;EUR;Luxemburgo;6;2;2.12;2;5.91;6.79;2.27;-2.18;2012-12-28;True;False;2500;2026-08-28
LU1330191542;Magallanes V.I. UCITS European Eq R EUR;Magallanes Value Investors UCITS European Equity R EUR;Magallanes Value Investors SGIIC;Equity;Europe Equity Large Cap;RV Europa Cap. Flexible;EUR;Luxemburgo;6;4;1.95;2;12.09;21.25;14.95;13.13;2016-02-01;True;False;100;2026-08-28
LU1904671556;Protea Nao European Equities Rebate Cl;Protea Fund - Nao European Equities Rebate Class;Nao Asset Management ESG SGIIC;Equity;Europe Equity Large Cap;RV Europa Cap. Flexible;EUR;Luxemburgo;6;4;2.28;1.75;7.97;13.22;11.08;7.44;2019-01-22;True;False;0;2026-08-28
LU0161305163;Schroder ISF European Value A Acc EUR;Schroder International Selection Fund European Value A Accumulation EUR;Schroder Investment Management (Europe) S.A.;Equity;Europe Equity Large Cap;RV Europa Cap. Flexible;EUR;Luxemburgo;6;4;1.83;1.5;14.35;23.05;16.59;12.93;2003-01-31;True;False;1000;2026-08-28
LU0389811885;Amundi IS Core MSCI Europe AE-C;Amundi Index Solutions - Amundi Core MSCI Europe AE-C;Amundi Luxembourg S.A.;Equity;Europe Equity Large Cap;RV Europa Cap. Grande Blend;EUR;Luxemburgo;5;4;;0.15;13.4;21.59;15.98;10.02;2008-09-25;True;True;0;2026-08-28
IE000GBN91O8;Ardtur European Focus R EUR;Ardtur EUROPEAN FOCUS FUND EURO R;S. W. Mitchell Capital LLP;Equity;Europe Equity Large Cap;RV Europa Cap. Grande Blend;EUR;Irlanda;6;5;;1.2;15.54;24.43;20.35;16.22;2022-01-28;True;False;;2026-08-28
LU0229084990;BGF European Equity Transition A2;BlackRock Global Funds - European Equity Transition Fund A2;BlackRock (Luxembourg) SA;Equity;Europe Equity Large Cap;RV Europa Cap. Grande Blend;EUR;Luxemburgo;6;;1.82;1.5;8.9;15.65;;;2005-10-14;True;False;5000;2026-08-28
LU0823399810;BNP Paribas Europe Eq C C;BNP Paribas Funds Europe Equity Classic Capitalisation;BNP Paribas Asset Management Luxembourg;Equity;Europe Equity Large Cap;RV Europa Cap. Grande Blend;EUR;Luxemburgo;6;2;;1.5;10.17;17.11;9.26;5.22;2013-05-17;True;False;0;2026-08-28
LU3051940263;BNPP Europe Strat Autonomy Cl EUR Cap;BNP Paribas Funds Europe Strategic Autonomy Classic EUR Capitalisation;BNP Paribas Asset Management Luxembourg;Equity;Europe Equity Large Cap;RV Europa Cap. Grande Blend;EUR;Luxemburgo;6;;;1.5;15.44;17.76;;;2025-05-19;True;False;;2026-08-28
ES0113574000;Bankinter Multi-Asset Invmt Europe FI;Bankinter Multi-Asset Investment Europe Investment FI;Bankinter Gestión de Activos SGIIC;Equity;Europe Equity Large Cap;RV Europa Cap. Grande Blend;EUR;España;6;4;0.56;0.4;12.06;19.91;15.41;;2022-01-21;True;False;1;2026-08-28
ES0114879036;Bankinter Renta Variable Euro R FI;Bankinter Renta Variable Euro R FI;Bankinter Gestión de Activos SGIIC;Equity;Europe Equity Large Cap;RV Europa Cap. Grande Blend;EUR;España;6;3;2.11;1.9;14.82;23.88;14.15;8.74;1998-04-27;True;False;1;2026-08-28
LU0096368971;CT (Lux) Pan European Equities DE;CT (Lux) Pan European Equities - DE;Threadneedle Management Luxembourg S.A.;Equity;Europe Equity Large Cap;RV Europa Cap. Grande Blend;EUR;Luxemburgo;6;3;1.7;1.5;10.72;17.28;12.6;6.31;1999-09-06;True;False;2500;2026-08-28
LU2027379788;Candriam Sst Eq Euro N Acc €;Candriam Sustainable Equity Europe N Acc EUR;Candriam;Equity;Europe Equity Large Cap;RV Europa Cap. Grande Blend;EUR;Luxemburgo;6;1;2.35;2;7.43;9.75;5.83;1.78;2020-08-05;True;False;0;2026-08-28
LU2378104066;Candriam Sust Eq Quant Eurp C EUR Acc;Candriam Sustainable Equity Quant Europe (C-Acc) EUR;Candriam;Equity;Europe Equity Large Cap;RV Europa Cap. Grande Blend;EUR;Luxemburgo;6;3;1.94;1.5;8.57;13.42;13.01;6.68;2022-01-25;True;False;0;2026-08-28
BE0940002729;DPAM B Equities Eur Sust B € Cap;DPAM B - Equities Europe Sustainable B EUR Cap;Degroof Petercam Asset Management SA;Equity;Europe Equity Large Cap;RV Europa Cap. Grande Blend;EUR;Bélgica;6;3;1.75;1.6;11.81;16.05;9.46;4.06;2002-12-31;True;False;1;2026-08-28
LU1111642820;Eleva European Selection A2 EUR acc;Eleva European Selection A2 EUR acc;Eleva Capital S.A.S.;Equity;Europe Equity Large Cap;RV Europa Cap. Grande Blend;EUR;Luxemburgo;5;5;2.08;2;11.03;19.9;16.02;9.76;2015-06-16;True;False;0;2026-08-28
LU0719899097;Exane Funds 2 Exane Eqty Select Europe B;Exane Funds 2 Exane Equity Select Europe Fund B;Exane Asset Management;Equity;Europe Equity Large Cap;RV Europa Cap. Grande Blend;EUR;Luxemburgo;4;3;;1.8;10.05;19.24;14.72;7.79;2012-09-28;True;False;1;2026-08-28
LU0251128657;Fidelity Europe Equity ESG A-Acc-EUR;Fidelity Funds - Europe Equity ESG Fund A-Acc-EUR;FIL Investment Management (Luxembourg) S.à r.l.;Equity;Europe Equity Large Cap;RV Europa Cap. Grande Blend;EUR;Luxemburgo;6;3;;1.5;15.18;19.92;13.94;;2006-07-03;True;False;;2026-08-28
LU0296857971;Fidelity European Growth A-Acc-EUR;Fidelity Funds - European Growth Fund A-Acc-EUR;FIL Investment Management (Luxembourg) S.à r.l.;Equity;Europe Equity Large Cap;RV Europa Cap. Grande Blend;EUR;Luxemburgo;5;3;;1.5;5.04;7.75;11.95;6.46;2007-05-02;True;False;2500;2026-08-28
LU0048578792;Fidelity European Growth A-Dis-EUR;Fidelity Funds - European Growth Fund A-DIST-EUR;FIL Investment Management (Luxembourg) S.à r.l.;Equity;Europe Equity Large Cap;RV Europa Cap. Grande Blend;EUR;Luxemburgo;5;3;;1.5;5.06;7.74;11.96;6.46;1990-10-01;True;False;;2026-08-28
IE00B1W3XB56;GAM Star European Equity C EUR Acc;GAM Star Fund plc - GAM Star European Equity Class C EUR Accumulation;GAM Fund Management Limited;Equity;Europe Equity Large Cap;RV Europa Cap. Grande Blend;EUR;Irlanda;5;3;;1.1;8.66;14.95;11.64;5.81;2009-03-06;True;False;10000;2026-08-28
IE0002987190;GAM Star European Equity Ord EUR Acc;GAM Star Fund plc - GAM Star European Equity Ordinary EUR Accumulation;GAM Fund Management Limited;Equity;Europe Equity Large Cap;RV Europa Cap. Grande Blend;EUR;Irlanda;5;3;;1.35;9.16;15.76;12.42;6.55;1992-10-12;True;False;10000;2026-08-28
LU0234681749;GS Europe CORE Equity Base Acc EUR;Goldman Sachs Europe CORE Equity Portfolio Base Acc EUR;Goldman Sachs Asset Management B.V.;Equity;Europe Equity Large Cap;RV Europa Cap. Grande Blend;EUR;Luxemburgo;5;5;;1.25;14.54;25.38;20.03;11.43;2005-11-14;True;False;5000;2026-08-28
LU0102219945;GS Europe CORE Equity Base Inc EUR;Goldman Sachs Europe CORE Equity Portfolio Base Inc EUR;Goldman Sachs Asset Management B.V.;Equity;Europe Equity Large Cap;RV Europa Cap. Grande Blend;EUR;Luxemburgo;5;5;;1.25;14.54;25.37;20.02;11.43;1999-10-01;True;False;5000;2026-08-28
LU1599216030;GS Europe CORE Equity Oth Ccy Acc USD;Goldman Sachs Europe CORE Equity Portfolio Other Currency Acc USD;Goldman Sachs Asset Management B.V.;Equity;Europe Equity Large Cap;RV Europa Cap. Grande Blend;USD;Luxemburgo;6;5;;1.25;13.78;25.97;23.08;11.2;2017-04-27;True;False;5000;2026-08-28
LU0119750205;Invesco Sus Pan Eurp Sysmc Eq A EUR Acc;Invesco Funds - Invesco Sustainable Pan European Systematic Equity Fund A Acc EUR;Invesco Management S.A.;Equity;Europe Equity Large Cap;RV Europa Cap. Grande Blend;EUR;Luxemburgo;5;3;;1.3;9.97;13.69;14.86;7.7;2000-11-06;True;False;1000;2026-08-28
LU0210530662;JPM Europe Dynamic A acc EUR;JPMorgan Funds - Europe Dynamic Fund A (acc) EUR;JPMorgan Asset Management (Europe) S.à r.l.;Equity;Europe Equity Large Cap;RV Europa Cap. Grande Blend;EUR;Luxemburgo;5;4;1.74;1.5;10.28;19.01;16.85;9.68;2005-03-31;True;False;35000;2026-08-28
LU0955580203;JPM Europe Dynamic A acc USD;JPMorgan Funds - Europe Dynamic Fund A (acc) USD;JPMorgan Asset Management (Europe) S.à r.l.;Equity;Europe Equity Large Cap;RV Europa Cap. Grande Blend;USD;Luxemburgo;6;4;1.8;1.5;9.53;19.47;19.76;9.42;2013-10-23;True;False;35000;2026-08-28
LU0119063039;JPM Europe Dynamic D acc EUR;JPMorgan Funds - Europe Dynamic Fund D (acc) EUR;JPMorgan Asset Management (Europe) S.à r.l.;Equity;Europe Equity Large Cap;RV Europa Cap. Grande Blend;EUR;Luxemburgo;5;3;2.52;1.5;9.71;18.08;15.95;8.84;2000-12-08;True;False;5000;2026-08-28
LU0289089384;JPM Europe Eq Pl A perf acc EUR;JPMorgan Funds - Europe Equity Plus Fund A (perf) (acc) EUR;JPMorgan Asset Management (Europe) S.à r.l.;Equity;Europe Equity Large Cap;RV Europa Cap. Grande Blend;EUR;Luxemburgo;5;5;1.71;1.5;12.45;23;21.82;13.72;2007-06-25;True;False;35000;2026-08-28
LU0336375786;JPM Europe Eq Pl A perf acc USD;JPMorgan Funds - Europe Equity Plus Fund A (perf) (acc) USD;JPMorgan Asset Management (Europe) S.à r.l.;Equity;Europe Equity Large Cap;RV Europa Cap. Grande Blend;USD;Luxemburgo;6;5;1.76;1.5;11.73;23.58;24.9;13.45;2007-12-20;True;False;35000;2026-08-28
LU0289214628;JPM Europe Eq Pl D perf acc EUR;JPMorgan Funds - Europe Equity Plus Fund D (perf) (acc) EUR;JPMorgan Asset Management (Europe) S.à r.l.;Equity;Europe Equity Large Cap;RV Europa Cap. Grande Blend;EUR;Luxemburgo;5;5;2.71;1.5;11.78;21.9;20.99;12.8;2007-06-25;True;False;5000;2026-08-28
LU0336375869;JPM Europe Eq Pl D perf acc USD;JPMorgan Funds - Europe Equity Plus Fund D (perf) (acc) USD;JPMorgan Asset Management (Europe) S.à r.l.;Equity;Europe Equity Large Cap;RV Europa Cap. Grande Blend;USD;Luxemburgo;6;5;2.8;1.5;10.93;22.32;23.96;12.47;2007-12-20;True;False;5000;2026-08-28
LU0210530746;JPM Europe Equity A acc EUR;JPMorgan Funds - Europe Equity Fund A (acc) EUR;JPMorgan Asset Management (Europe) S.à r.l.;Equity;Europe Equity Large Cap;RV Europa Cap. Grande Blend;EUR;Luxemburgo;5;4;1.22;1;11.52;20.41;16.23;10.22;2005-03-31;True;False;35000;2026-08-28
LU0119078227;JPM Europe Equity A acc USD;JPMorgan Funds - Europe Equity Fund A (acc) USD;JPMorgan Asset Management (Europe) S.à r.l.;Equity;Europe Equity Large Cap;RV Europa Cap. Grande Blend;USD;Luxemburgo;6;4;1.24;1;10.8;20.93;19.16;9.99;2000-10-13;True;False;35000;2026-08-28
LU0053685029;JPM Europe Equity A dist EUR;JPMorgan Funds - Europe Equity Fund A (dist) EUR;JPMorgan Asset Management (Europe) S.à r.l.;Equity;Europe Equity Large Cap;RV Europa Cap. Grande Blend;EUR;Luxemburgo;5;4;1.21;1;11.53;20.41;16.24;10.22;1988-12-01;True;False;35000;2026-08-28
LU0117858596;JPM Europe Equity D acc EUR;JPMorgan Funds - Europe Equity Fund D (acc) EUR;JPMorgan Asset Management (Europe) S.à r.l.;Equity;Europe Equity Large Cap;RV Europa Cap. Grande Blend;EUR;Luxemburgo;5;4;2;1;10.99;19.47;15.33;9.36;2000-10-13;True;False;5000;2026-08-28
LU0079556006;JPM Europe Select Equity A acc EUR;JPMorgan Investment Funds - Europe Select Equity Fund A (acc) - EUR;JPMorgan Asset Management (Europe) S.à r.l.;Equity;Europe Equity Large Cap;RV Europa Cap. Grande Blend;EUR;Luxemburgo;5;3;1.71;1.5;10.78;19.66;12.53;7.53;1997-08-29;True;False;35000;2026-08-28
LU0159405223;JPM Europe Select Equity D acc EUR;JPMorgan Investment Funds - Europe Select Equity Fund D (acc) - EUR;JPMorgan Asset Management (Europe) S.à r.l.;Equity;Europe Equity Large Cap;RV Europa Cap. Grande Blend;EUR;Luxemburgo;5;3;2.55;1.5;10.18;18.68;11.6;6.62;2007-03-19;True;False;5000;2026-08-28
LU0503932328;Janus Henderson Hrzn PnEurpMd&LrgCpA2EUR;Janus Henderson Horizon Pan European Mid and Large Cap Fund A2 EUR;Janus Henderson Investors;Equity;Europe Equity Large Cap;RV Europa Cap. Grande Blend;EUR;Luxemburgo;5;3;1.9;1.2;8.27;12.25;10.85;6.31;2011-02-03;True;False;2500;2026-08-28
LU0201075453;Janus HndrsnPan Eurp A2 EUR;Janus Henderson Pan European Fund A2 EUR;Janus Henderson Investors;Equity;Europe Equity Large Cap;RV Europa Cap. Grande Blend;EUR;Luxemburgo;5;3;1.65;1.5;6.89;13.73;13.21;8.33;2005-03-24;True;False;2500;2026-08-28
LU0260085492;Jupiter European Select L EUR Acc;Jupiter European Select Class L EUR Acc;Jupiter Asset Management International S.A.;Equity;Europe Equity Large Cap;RV Europa Cap. Grande Blend;EUR;Luxemburgo;6;2;1.72;1.5;15.31;22.37;10.5;3.18;2001-08-17;True;False;500;2026-08-28
LU0648597655;MFS Meridian Blnd Rsrch Eurp Eq A1 EUR;MFS Meridian Funds - Blended Research European Equity Fund A1 EUR;MFS Investment Management Company (Lux) S.à.r.l;Equity;Europe Equity Large Cap;RV Europa Cap. Grande Blend;EUR;Luxemburgo;5;5;1.52;0.5;12.69;21.75;17.25;10.72;2011-08-22;True;False;0;2026-08-28
LU0094557526;MFS Meridian European Research A1 EUR;MFS Meridian Funds - European Research Fund A1 EUR;MFS Investment Management Company (Lux) S.à.r.l;Equity;Europe Equity Large Cap;RV Europa Cap. Grande Blend;EUR;Luxemburgo;5;3;1.95;1.05;12.68;16.59;11.12;5.47;1999-03-12;True;False;0;2026-08-28
LU0125951151;MFS Meridian European Value A1 EUR;MFS Meridian Funds - European Value Fund A1 EUR;MFS Investment Management Company (Lux) S.à.r.l;Equity;Europe Equity Large Cap;RV Europa Cap. Grande Blend;EUR;Luxemburgo;5;3;1.92;1.05;12.74;15.36;8.79;4.03;2002-10-01;True;False;0;2026-08-28
LU0219440764;MFS Meridian European Value A1 USD;MFS Meridian Funds - European Value Fund A1 USD;MFS Investment Management Company (Lux) S.à.r.l;Equity;Europe Equity Large Cap;RV Europa Cap. Grande Blend;USD;Luxemburgo;6;3;1.92;1.05;11.76;15.5;11.6;3.76;2005-09-26;True;False;0;2026-08-28
LU2020674094;Mapfre AM Inclusion Responsable R;Mapfre AM Inclusion Responsable R;Mapfre Asset Management SGIIC;Equity;Europe Equity Large Cap;RV Europa Cap. Grande Blend;EUR;Luxemburgo;6;2;;1.25;8.77;11.64;8.25;4.68;2019-12-24;True;False;10;2026-08-28
LU3076185084;Nordea 1 - Empower Europe BP EUR;Nordea 1 - Empower Europe BP EUR;Nordea Investment Funds SA;Equity;Europe Equity Large Cap;RV Europa Cap. Grande Blend;EUR;Luxemburgo;;;2.16;1.75;15.49;22.77;;;2025-06-12;True;False;0;2026-08-28
LU1706108062;Nordea 1 - Eur Sust Stars Equity E EUR;Nordea 1 - European Sustainable Stars Equity Fund E EUR;Nordea Investment Funds SA;Equity;Europe Equity Large Cap;RV Europa Cap. Grande Blend;EUR;Luxemburgo;4;3;2.56;1.5;14.35;20.05;15.1;7.56;2017-11-14;True;False;0;2026-08-28
LU0935229400;Ostrum Europe MinVol R/A EUR;Natixis AM Funds - Ostrum Europe MinVol R/A (EUR);Natixis Investment Managers International;Equity;Europe Equity Large Cap;RV Europa Cap. Grande Blend;EUR;Luxemburgo;5;2;1.85;1.6;9.8;10.6;10.03;4.73;2013-11-26;True;False;0;2026-08-28
LU0935229582;Ostrum Europe MinVol R/D EUR;Natixis AM Funds - Ostrum Europe MinVol R/D (EUR);Natixis Investment Managers International;Equity;Europe Equity Large Cap;RV Europa Cap. Grande Blend;EUR;Luxemburgo;5;2;1.85;1.6;9.8;10.6;10.01;4.72;2015-10-12;True;False;0;2026-08-28
LU0144509717;Pictet - Quest Europe Sust Eq P EUR;Pictet - Quest Europe Sustainable Equities P EUR;Pictet Asset Management (Europe) SA;Equity;Europe Equity Large Cap;RV Europa Cap. Grande Blend;EUR;Luxemburgo;5;3;1.16;1.2;9.23;15.42;13.12;7.57;2002-09-30;True;False;0;2026-08-28
LU0130731390;Pictet-Europe Index P EUR;Pictet-Europe Index P EUR;Pictet Asset Management (Europe) SA;Equity;Europe Equity Large Cap;RV Europa Cap. Grande Blend;EUR;Luxemburgo;5;4;0.44;0.45;13.25;21.35;15.85;9.84;1999-04-22;True;True;0;2026-08-28
LU0187077218;Robeco European Stars Equities D EUR;Robeco European Stars Equities D EUR;Robeco Institutional Asset Management BV;Equity;Europe Equity Large Cap;RV Europa Cap. Grande Blend;EUR;Luxemburgo;5;3;;1.25;8.7;14.51;10.95;6.55;1991-05-28;True;False;0;2026-08-28
LU0312334617;Robeco QI European Cnsrv Eqs B €;Robeco QI European Conservative Equities B €;Robeco Institutional Asset Management BV;Equity;Europe Equity Large Cap;RV Europa Cap. Grande Blend;EUR;Luxemburgo;6;3;1.01;0.8;12.27;17.14;14.83;7.46;2007-08-07;True;False;0;2026-08-28
LU0910541241;Robeco QI European Cnsrv Eqs D $;Robeco QI European Conservative Equities D $;Robeco Institutional Asset Management BV;Equity;Europe Equity Large Cap;RV Europa Cap. Grande Blend;USD;Luxemburgo;5;3;1.01;0.8;11.32;17.05;17.86;7.26;2013-03-26;True;False;0;2026-08-28
LU0339661307;Robeco QI European Cnsrv Eqs D €;Robeco QI European Conservative Equities D €;Robeco Institutional Asset Management BV;Equity;Europe Equity Large Cap;RV Europa Cap. Grande Blend;EUR;Luxemburgo;5;3;1.01;0.8;12.26;17.14;14.83;7.46;2008-01-25;True;False;0;2026-08-28
LU1910162970;Schroder ISF European Sus Eq A Acc EUR;Schroder International Selection Fund European Sustainable Equity A Accumulation EUR;Schroder Investment Management (Europe) S.A.;Equity;Europe Equity Large Cap;RV Europa Cap. Grande Blend;EUR;Luxemburgo;5;2;1.59;1.25;8.52;15.86;8.7;3.64;2018-12-12;True;False;1000;2026-08-28
LU2293689407;Schroder ISF European Sus Eq A EUR SAD;Schroder International Selection Fund European Sustainable Equity A Semi-Annual Distribution EUR;Schroder Investment Management (Europe) S.A.;Equity;Europe Equity Large Cap;RV Europa Cap. Grande Blend;EUR;Luxemburgo;5;2;1.6;1.25;8.52;15.86;8.7;3.64;2021-03-11;True;False;1000;2026-08-28
LU2022034933;Schroder ISF European Sus Eq B EUR Acc;Schroder International Selection Fund European Sustainable Equity B Accumulation EUR;Schroder Investment Management (Europe) S.A.;Equity;Europe Equity Large Cap;RV Europa Cap. Grande Blend;EUR;Luxemburgo;5;1;2.19;1.25;8.09;15.16;8.05;3.02;2019-08-08;True;False;1000;2026-08-28
LU0093666013;Templeton European Insights A acc EUR;Templeton European Insights Fund Class A (acc) EUR;Franklin Templeton International Services S.à r.l.;Equity;Europe Equity Large Cap;RV Europa Cap. Grande Blend;EUR;Luxemburgo;5;3;1.84;1.5;11.62;16.98;17.86;10.24;1999-01-08;True;False;1000;2026-08-28
LU0128521001;Templeton European Insights N acc EUR;Templeton European Insights Fund Class N (acc) EUR;Franklin Templeton International Services S.à r.l.;Equity;Europe Equity Large Cap;RV Europa Cap. Grande Blend;EUR;Luxemburgo;6;3;2.59;2.25;11.05;16.09;16.98;9.41;2001-05-14;True;False;;2026-08-28
LU0723564463;UBS (Lux) ES Eurp Opp Uncons € P;UBS (Lux) Equity SICAV - European Opportunity Unconstrained (EUR) P-acc;UBS Asset Management (Europe) S.A.;Equity;Europe Equity Large Cap;RV Europa Cap. Grande Blend;EUR;Luxemburgo;5;3;1.98;1.53;15.66;23.46;11.88;4.48;2012-06-14;True;False;0;2026-08-28
LU0006391097;UBS (Lux) Eq Eurp Opp (EUR) P acc;UBS (Lux) Equity Fund - European Opportunity (EUR) P-acc;UBS Asset Management (Europe) S.A.;Equity;Europe Equity Large Cap;RV Europa Cap. Grande Blend;EUR;Luxemburgo;5;3;1.85;1.42;17.47;25.08;12.08;5.05;1990-08-24;True;False;0;2026-08-28
IE0007987708;Vanguard €pean Stk Idx € Acc;Vanguard European Stock Index Fund EUR Acc;Vanguard Group (Ireland) Limited;Equity;Europe Equity Large Cap;RV Europa Cap. Grande Blend;EUR;Irlanda;5;4;0.12;0.12;12.71;20.73;16.02;10.03;2000-06-08;True;True;1000000;2026-08-28
IE00B8BPMF80;Wellington Strategic Eurp Eq EUR D Ac;Wellington Strategic European Equity Fund EUR D Ac;Wellington Luxembourg S.à r.l.;Equity;Europe Equity Large Cap;RV Europa Cap. Grande Blend;EUR;Irlanda;5;5;1.69;0.7;7.74;11.51;20.41;12.75;2012-12-12;True;False;5000;2026-08-28
LU0836512706;iShares Europe Equity Index (LU) A2 EUR;iShares Europe Equity Index Fund (LU) A2 EUR;BlackRock (Luxembourg) SA;Equity;Europe Equity Large Cap;RV Europa Cap. Grande Blend;EUR;Luxemburgo;5;4;0.53;0.45;12.77;20.76;15.33;9.55;2012-10-23;True;True;5;2026-08-28
LU0256839191;Allianz Europe Equity Growth A EUR;Allianz Global Investors Fund - Allianz Europe Equity Growth A EUR;Allianz Global Investors GmbH;Equity;Europe Equity Large Cap;RV Europa Cap. Grande Growth;EUR;Luxemburgo;6;1;1.8;1.8;5.07;5.47;2.87;-3.26;2006-10-16;True;False;0;2026-08-28
LU0256839274;Allianz Europe Equity Growth AT EUR;Allianz Global Investors Fund - Allianz Europe Equity Growth AT EUR;Allianz Global Investors GmbH;Equity;Europe Equity Large Cap;RV Europa Cap. Grande Growth;EUR;Luxemburgo;6;1;1.8;1.8;5.06;5.47;2.87;-3.26;2006-10-16;True;False;0;2026-08-28
LU2207970232;Aperture European Innovation DX EUR Acc;Aperture Investors SICAV - European Innovation Fund DX EUR Acc;Aperture Investors UK Ltd;Equity;Europe Equity Large Cap;RV Europa Cap. Grande Growth;EUR;Luxemburgo;5;5;;0.3;19.66;28.21;21.04;11.14;2020-12-23;True;False;500;2026-08-28
LU0011846440;BGF European A2;BlackRock Global Funds - European Fund A2;BlackRock (Luxembourg) SA;Equity;Europe Equity Large Cap;RV Europa Cap. Grande Growth;EUR;Luxemburgo;6;4;1.81;1.5;9.88;12.81;8.65;2.52;1993-11-30;True;False;5000;2026-08-28
LU0154234636;BGF European Special Situations A2;BlackRock Global Funds - European Special Situations Fund A2;BlackRock (Luxembourg) SA;Equity;Europe Equity Large Cap;RV Europa Cap. Grande Growth;EUR;Luxemburgo;6;3;1.82;1.5;8.9;7.74;4.14;-0.48;2002-10-14;True;False;;2026-08-28
FR0010836163;CPR Silver Age P;CPR Silver Age P;CPR Asset Management;Equity;Europe Equity Large Cap;RV Europa Cap. Grande Growth;EUR;Francia;6;4;1.62;1.62;4.72;9.75;8.5;3.35;2009-12-22;True;False;1;2026-08-28
LU1829334819;CT (Lux) Pan Eur Focus 1E EUR;CT (Lux) Pan European Focus 1E EUR Acc;Threadneedle Management Luxembourg S.A.;Equity;Europe Equity Large Cap;RV Europa Cap. Grande Growth;EUR;Luxemburgo;6;;1.7;1.5;12;16.66;;;2018-10-05;True;False;0;2026-08-28
LU0344046155;Candriam Eqs L Eurp Innovt C EUR Cap;Candriam Equities L Europe Innovation Class C EUR Cap;Candriam;Equity;Europe Equity Large Cap;RV Europa Cap. Grande Growth;EUR;Luxemburgo;6;1;2.01;1.6;3.9;3.16;0.82;-4.61;2008-05-02;True;False;0;2026-08-28
LU0099161993;Carmignac Pf Grande Europe A EUR Acc;Carmignac Portfolio Grande Europe A EUR Acc;Carmignac Gestion Luxembourg S.A.;Equity;Europe Equity Large Cap;RV Europa Cap. Grande Growth;EUR;Luxemburgo;6;4;1.8;1.5;4.9;7.12;6.21;1.72;1999-07-01;True;False;0;2026-08-28
IE0004766675;Comgest Gr Europe EUR Acc;Comgest Growth Europe EUR Acc;Comgest Asset Management Intl Ltd;Equity;Europe Equity Large Cap;RV Europa Cap. Grande Growth;EUR;Irlanda;6;2;1.59;1.5;-2.98;-2.69;-0.83;-0.66;2000-05-15;True;False;50;2026-08-28
LU0028445327;EDM Intern. Strategy R EUR;EDM International Strategy R EUR;EDM Gestion, S.A.U., S.G.I.I.C.;Equity;Europe Equity Large Cap;RV Europa Cap. Grande Growth;EUR;Luxemburgo;6;3;2.79;2.5;1.11;6.58;7.57;3.84;1995-10-31;True;False;0;2026-08-28
LU0261959422;Fidelity European Dynamic Gr A-Acc-EUR;Fidelity Funds - European Dynamic Growth Fund A-Acc-EUR;FIL Investment Management (Luxembourg) S.à r.l.;Equity;Europe Equity Large Cap;RV Europa Cap. Grande Growth;EUR;Luxemburgo;6;3;;1.5;6.6;3.99;2.61;-0.75;2006-09-25;True;False;;2026-08-28
LU0202403266;Fidelity FAST Europe A-ACC-EUR;Fidelity Active Strategy - FAST - Europe Fund A-ACC-EUR;FIL Investment Management (Luxembourg) S.à r.l.;Equity;Europe Equity Large Cap;RV Europa Cap. Grande Growth;EUR;Luxemburgo;6;3;1.95;1.5;4.95;2.31;0.67;-0.42;2004-10-04;True;False;;2026-08-28
LU0348529792;Fidelity FAST Europe E-ACC-EUR;Fidelity Active Strategy - FAST - Europe Fund E-ACC-EUR;FIL Investment Management (Luxembourg) S.à r.l.;Equity;Europe Equity Large Cap;RV Europa Cap. Grande Growth;EUR;Luxemburgo;6;2;2.7;1.5;4.44;1.55;-0.08;-1.16;2008-02-22;True;False;;2026-08-28
LU0210531801;JPM Europe Strategic Gr A acc EUR;JPMorgan Funds - Europe Strategic Growth Fund A (acc) EUR;JPMorgan Asset Management (Europe) S.à r.l.;Equity;Europe Equity Large Cap;RV Europa Cap. Grande Growth;EUR;Luxemburgo;5;5;1.74;1.5;12.27;17.7;13.98;5.97;2005-03-31;True;False;35000;2026-08-28
LU0107398538;JPM Europe Strategic Gr A dist EUR;JPMorgan Funds - Europe Strategic Growth Fund A (dist) EUR;JPMorgan Asset Management (Europe) S.à r.l.;Equity;Europe Equity Large Cap;RV Europa Cap. Grande Growth;EUR;Luxemburgo;5;5;1.73;1.5;12.28;17.76;14;5.99;2000-02-14;True;False;35000;2026-08-28
LU0117858679;JPM Europe Strategic Gr D acc EUR;JPMorgan Funds - Europe Strategic Growth Fund D (acc) EUR;JPMorgan Asset Management (Europe) S.à r.l.;Equity;Europe Equity Large Cap;RV Europa Cap. Grande Growth;EUR;Luxemburgo;5;4;2.49;1.5;11.71;16.82;13.12;5.18;2000-10-13;True;False;5000;2026-08-28
LU1387591305;MS INVF Europe Opportunity A;Morgan Stanley Investment Funds - Europe Opportunity Fund A;MSIM Fund Management (Ireland) Limited;Equity;Europe Equity Large Cap;RV Europa Cap. Grande Growth;EUR;Luxemburgo;6;2;1.74;1.5;-5.8;-6.65;3.65;-4.95;2016-04-08;True;False;0;2026-08-28
IE00B68JD125;Seilern Europa EUR U R;Seilern Europa EUR U R;Seilern International AG;Equity;Europe Equity Large Cap;RV Europa Cap. Grande Growth;EUR;Irlanda;6;2;1.76;1.5;-0.13;-5.34;1.29;-1.29;2011-01-04;True;False;500;2026-08-28
IE00B4MB6665;Seilern Europa EUR U R (Founders);Seilern Europa EUR U R (Founders);Seilern International AG;Equity;Europe Equity Large Cap;RV Europa Cap. Grande Growth;EUR;Irlanda;6;3;0.76;0.5;0.52;-4.39;2.31;-0.3;2009-10-16;True;False;500;2026-08-28
LU0094541447;abrdn-European Sust Equity A Acc EUR;abrdn SICAV I - European Sustainable Equity Fund A Acc EUR;abrdn Investments Luxembourg S.A.;Equity;Europe Equity Large Cap;RV Europa Cap. Grande Growth;EUR;Luxemburgo;6;3;;1.5;10.03;7.36;4.41;0.2;1993-01-29;True;False;500;2026-08-28
LU0476876080;abrdn-European Sust Equity S Acc EUR;abrdn SICAV I - European Sustainable Equity Fund S Acc EUR;abrdn Investments Luxembourg S.A.;Equity;Europe Equity Large Cap;RV Europa Cap. Grande Growth;EUR;Luxemburgo;6;3;;1.92;9.73;6.91;3.97;-0.22;2010-05-18;True;False;1000;2026-08-28
LU1883314244;Amundi Fds European Eq Val A EUR C;Amundi Funds - European Equity Value A EUR C;Amundi Luxembourg S.A.;Equity;Europe Equity Large Cap;RV Europa Cap. Grande Value;EUR;Luxemburgo;6;3;1.84;1.5;13.82;24.8;16.48;11.09;2008-12-12;True;False;1;2026-08-28
LU1883314756;Amundi Fds European Eq Val A USD C;Amundi Funds - European Equity Value A USD C;Amundi Luxembourg S.A.;Equity;Europe Equity Large Cap;RV Europa Cap. Grande Value;USD;Luxemburgo;7;3;1.84;1.5;12.87;25.37;19.56;10.82;2019-06-11;True;False;1;2026-08-28
LU0072462186;BGF European Value A2;BlackRock Global Funds - European Value Fund A2;BlackRock (Luxembourg) SA;Equity;Europe Equity Large Cap;RV Europa Cap. Grande Value;EUR;Luxemburgo;5;3;1.81;1.5;9.95;18.61;17.43;11.55;1997-01-08;True;False;5000;2026-08-28
LU0171281750;BGF European Value A2 USD;BlackRock Global Funds - European Value Fund A2 USD;BlackRock (Luxembourg) SA;Equity;Europe Equity Large Cap;RV Europa Cap. Grande Value;USD;Luxemburgo;5;3;1.81;1.5;9.25;19.15;20.42;11.33;1997-01-08;True;False;5000;2026-08-28
LU0147394679;BGF European Value E2;BlackRock Global Funds - European Value Fund E2;BlackRock (Luxembourg) SA;Equity;Europe Equity Large Cap;RV Europa Cap. Grande Value;EUR;Luxemburgo;6;3;2.31;1.5;9.6;18.03;16.85;11;1997-01-08;True;False;5000;2026-08-28
IE0031574647;Brandes European Value A Euro;Brandes European Value Fund A Euro Acc;Brandes Investment Partners (Europe) Limited;Equity;Europe Equity Large Cap;RV Europa Cap. Grande Value;EUR;Irlanda;5;4;;0.7;15.58;20.68;20.56;14.1;2003-07-17;True;False;10000;2026-08-28
IE0031574530;Brandes European Value A USD;Brandes European Value Fund A USD Acc;Brandes Investment Partners (Europe) Limited;Equity;Europe Equity Large Cap;RV Europa Cap. Grande Value;USD;Irlanda;6;4;1.67;0.7;14.59;20.88;23.64;13.82;2003-02-12;True;False;10000;2026-08-28
LU0284396016;DNCA Invest Value Europe A EUR;DNCA Invest Value Europe Class A shares EUR;DNCA Finance;Equity;Europe Equity Large Cap;RV Europa Cap. Grande Value;EUR;Luxemburgo;6;3;2.78;2;15.69;21.64;19.84;13.1;2008-06-26;True;False;2500;2026-08-28
LU0140363002;Franklin Mutual European A EUR Acc;Franklin Mutual European Fund A(acc)EUR;Franklin Templeton International Services S.à r.l.;Equity;Europe Equity Large Cap;RV Europa Cap. Grande Value;EUR;Luxemburgo;5;3;1.81;1.5;11.5;18.06;16.15;10.53;2001-12-31;True;False;1000;2026-08-28
LU0109981661;Franklin Mutual European A(acc)USD;Franklin Mutual European Fund A(acc)USD;Franklin Templeton International Services S.à r.l.;Equity;Europe Equity Large Cap;RV Europa Cap. Grande Value;USD;Luxemburgo;6;3;1.82;1.5;10.51;18.22;19.11;10.26;2000-04-03;True;False;1000;2026-08-28
LU0267985231;Invesco Pan European Equity A EUR AD;Invesco Funds - Invesco Pan European Equity Fund A Annual Distribution EUR;Invesco Management S.A.;Equity;Europe Equity Large Cap;RV Europa Cap. Grande Value;EUR;Luxemburgo;5;3;;1.5;18.78;28.92;14.51;10.5;2006-12-11;True;False;1000;2026-08-28
LU0028118809;Invesco Pan European Equity A EUR Acc;Invesco Funds - Invesco Pan European Equity Fund A Accumulation EUR;Invesco Management S.A.;Equity;Europe Equity Large Cap;RV Europa Cap. Grande Value;EUR;Luxemburgo;5;3;;1.5;18.79;28.9;14.51;10.5;1991-01-02;True;False;1000;2026-08-28
LU0334858593;Invesco Pan European Equity A USD AD;Invesco Funds - Invesco Pan European Equity Fund A Annual Distribution USD;Invesco Management S.A.;Equity;Europe Equity Large Cap;RV Europa Cap. Grande Value;USD;Luxemburgo;6;3;;1.5;17.68;29.58;17.39;10.29;2008-04-28;True;False;1500;2026-08-28
LU0115141201;Invesco Pan European Equity E EUR Acc;Invesco Funds - Invesco Pan European Equity Fund E Accumulation EUR;Invesco Management S.A.;Equity;Europe Equity Large Cap;RV Europa Cap. Grande Value;EUR;Luxemburgo;5;2;;2;18.39;28.28;13.94;9.96;2000-08-14;True;False;500;2026-08-28
LU0642795305;Invesco Pan European Focus Eq A EUR Acc;Invesco Funds - Invesco Pan European Focus Equity Fund A Accumulation EUR;Invesco Management S.A.;Equity;Europe Equity Large Cap;RV Europa Cap. Grande Value;EUR;Luxemburgo;6;2;;1.5;15.7;23.08;10.58;7.7;2011-07-07;True;False;1000;2026-08-28
LU0210531983;JPM Europe Strategic Val A acc EUR;JPMorgan Funds - Europe Strategic Value Fund A (acc) EUR;JPMorgan Asset Management (Europe) S.à r.l.;Equity;Europe Equity Large Cap;RV Europa Cap. Grande Value;EUR;Luxemburgo;5;4;1.72;1.5;15.43;26.73;23.04;14.95;2005-03-31;True;False;35000;2026-08-28
LU0107398884;JPM Europe Strategic Val A dist EUR;JPMorgan Funds - Europe Strategic Value Fund A (dist) EUR;JPMorgan Asset Management (Europe) S.à r.l.;Equity;Europe Equity Large Cap;RV Europa Cap. Grande Value;EUR;Luxemburgo;5;4;1.7;1.5;15.43;26.75;23.03;14.96;2000-02-14;True;False;35000;2026-08-28
LU0117858752;JPM Europe Strategic Val D acc EUR;JPMorgan Funds - Europe Strategic Value Fund D (acc) EUR;JPMorgan Asset Management (Europe) S.à r.l.;Equity;Europe Equity Large Cap;RV Europa Cap. Grande Value;EUR;Luxemburgo;5;4;2.51;1.5;14.81;25.77;22.06;14.06;2000-10-13;True;False;5000;2026-08-28
LU1670707527;M&G (Lux) Eurp Strat Val A EUR Acc;M&G (Lux) European Strategic Value Fund EUR A Acc;M&G Luxembourg S.A.;Equity;Europe Equity Large Cap;RV Europa Cap. Grande Value;EUR;Luxemburgo;5;5;1.65;1.5;14.19;23.83;22.07;15.77;2018-09-20;True;False;1000;2026-08-28
LU2057292596;M&G (Lux) Eurp Strat Val A EUR Inc;M&G (Lux) European Strategic Value Fund EUR A Inc;M&G Luxembourg S.A.;Equity;Europe Equity Large Cap;RV Europa Cap. Grande Value;EUR;Luxemburgo;5;5;1.65;1.5;14.19;23.82;22.07;15.77;2019-12-06;True;False;1000;2026-08-28
LU0153925689;UBS (Lux) KSS Eurp Eq Val Opp EUR P-acc;UBS (Lux) Key Selection SICAV - European Equity Value Opportunity (EUR) P-acc;UBS Asset Management (Europe) S.A.;Equity;Europe Equity Large Cap;RV Europa Cap. Grande Value;EUR;Luxemburgo;5;4;1.83;1.4;19.65;28.71;20.29;14.98;2002-11-08;True;False;0;2026-08-28
LU0125741180;AXAWF Europe Small Cap A Cap EUR;AXA World Funds - Europe Small Cap A Capitalisation EUR;BNP PARIBAS ASSET MANAGEMENT Europe;Equity;Europe Equity Mid/Small Cap;RV Europa Cap. Mediana;EUR;Luxemburgo;6;2;2;1.75;7.34;9.42;6.27;-3.97;2001-03-09;True;False;0;2026-08-28
LU0212178916;BNP Paribas Europe Small Cap Cl C;BNP Paribas Funds Europe Small Cap Classic Capitalisation;BNP Paribas Asset Management Luxembourg;Equity;Europe Equity Mid/Small Cap;RV Europa Cap. Mediana;EUR;Luxemburgo;5;4;;1.75;9.81;15.76;15.67;3.6;2007-09-25;True;False;0;2026-08-28
ES0114764030;Bankinter Pequeñas Compañías Europa R FI;Bankinter Pequeñas Compañías Europa R FI;Bankinter Gestión de Activos SGIIC;Equity;Europe Equity Mid/Small Cap;RV Europa Cap. Mediana;EUR;España;6;3;1.91;1.6;13.81;18.73;13.22;3.2;2005-05-02;True;False;1;2026-08-28
IE0004766014;Comgest Gr Europe Smaller EUR Acc;Comgest Growth Europe Smaller Companies EUR Acc;Comgest Asset Management Intl Ltd;Equity;Europe Equity Mid/Small Cap;RV Europa Cap. Mediana;EUR;Irlanda;6;1;1.6;1.5;0.53;-1.24;-0.41;-8.13;2000-04-25;True;False;50;2026-08-28
LU2357626170;DWS Invest ESG Eurp Small/Mid Cap NC;DWS Invest ESG European Small/Mid Cap NC;DWS Investment S.A.;Equity;Europe Equity Mid/Small Cap;RV Europa Cap. Mediana;EUR;Luxemburgo;6;3;2.11;2;9.53;12.59;10.21;1.54;2021-07-15;True;False;0;2026-08-28
LU0675297237;Groupama Avenir Europe NC;Groupama Avenir Europe NC;Groupama Asset Management;Equity;Europe Equity Mid/Small Cap;RV Europa Cap. Mediana;EUR;Luxemburgo;6;1;1.94;1.8;0.66;1.55;2.92;-7.53;2014-12-12;True;False;0;2026-08-28
LU2240056015;Lonvia Mid-Cap Europe Retail;Lonvia Mid-Cap Europe Retail;Sunny Asset Management;Equity;Europe Equity Mid/Small Cap;RV Europa Cap. Mediana;EUR;Luxemburgo;6;1;;2.2;-3.78;-6.86;-0.81;-9.33;2020-10-21;True;False;1;2026-08-28
LU0125944966;MFS Meridian European Smlr Coms A1 EUR;MFS Meridian Funds - European Smaller Companies Fund A1 EUR;MFS Investment Management Company (Lux) S.à.r.l;Equity;Europe Equity Mid/Small Cap;RV Europa Cap. Mediana;EUR;Luxemburgo;5;3;2.04;1.05;10.74;6.37;8.38;1.01;2001-11-05;True;False;0;2026-08-28
LU0219440681;MFS Meridian European Smlr Coms A1 USD;MFS Meridian Funds - European Smaller Companies Fund A1 USD;MFS Investment Management Company (Lux) S.à.r.l;Equity;Europe Equity Mid/Small Cap;RV Europa Cap. Mediana;USD;Luxemburgo;6;3;2.04;1.05;9.77;6.51;11.17;0.76;2005-09-26;True;False;0;2026-08-28
LU0489687243;Mandarine Unique S&M Caps Europe R EUR;Mandarine Funds - Mandarine Unique Small & Mid Caps Europe R;Mandarine Gestion;Equity;Europe Equity Mid/Small Cap;RV Europa Cap. Mediana;EUR;Luxemburgo;6;2;;1.95;5.51;6.02;6.22;-1.64;2010-03-29;True;False;50;2026-08-28
FR0000974149;Oddo BHF Avenir Europe CR-EUR;Oddo BHF Avenir Europe CR-EUR;ODDO BHF Asset Management SAS;Equity;Europe Equity Mid/Small Cap;RV Europa Cap. Mediana;EUR;Francia;6;3;;2;9.91;13.67;7.29;0.01;1999-05-25;True;False;1;2026-08-28
FR0011380070;Oddo BHF Avenir Europe DR-EUR;Oddo BHF Avenir Europe DR-EUR;ODDO BHF Asset Management SAS;Equity;Europe Equity Mid/Small Cap;RV Europa Cap. Mediana;EUR;Francia;6;3;;2;9.91;13.66;7.29;0.02;2012-12-27;True;False;1;2026-08-28
LU0282719219;CT (Lux) Pan Eurp SmCp Opps AE;CT (Lux) - Pan European Small Cap Opportunities Class AE (EUR Accumulation Shares);Threadneedle Management Luxembourg S.A.;Equity;Europe Equity Mid/Small Cap;RV Europa Cap. Pequeña;EUR;Luxemburgo;6;3;1.85;1.5;9.95;9.9;8.27;-3.1;2007-01-19;True;False;2500;2026-08-28
LU0261951528;Fidelity European Smlr Coms A-Acc-EUR;Fidelity Funds - European Smaller Companies Fund A-Acc-EUR;FIL Investment Management (Luxembourg) S.à r.l.;Equity;Europe Equity Mid/Small Cap;RV Europa Cap. Pequeña;EUR;Luxemburgo;6;3;;1.5;8.31;9.62;9.27;-0.02;2006-09-25;True;False;2500;2026-08-28
LU0061175625;Fidelity European Smlr Coms A-Dis-EUR;Fidelity Funds - European Smaller Companies Fund A-DIST-EUR;FIL Investment Management (Luxembourg) S.à r.l.;Equity;Europe Equity Mid/Small Cap;RV Europa Cap. Pequeña;EUR;Luxemburgo;6;3;;1.5;8.3;9.61;9.27;-0.02;1995-12-01;True;False;;2026-08-28
LU0933684283;Incometric Equam Global Value B;Incometric Equam Global Value B;ADEPA Asset Management SA;Equity;Europe Equity Mid/Small Cap;RV Europa Cap. Pequeña;EUR;Luxemburgo;5;5;;1.7;12.5;13.85;10.98;7.68;2019-09-27;True;False;100;2026-08-28
LU0210072939;JPM Europe Dyn Sm Cap A perf acc EUR;JPMorgan Funds - Europe Dynamic Small Cap Fund A (perf) (acc) EUR;JPMorgan Asset Management (Europe) S.à r.l.;Equity;Europe Equity Mid/Small Cap;RV Europa Cap. Pequeña;EUR;Luxemburgo;6;3;1.8;1.5;11.01;16.24;15.22;0.67;2005-01-27;True;False;35000;2026-08-28
LU0210073408;JPM Europe Dyn Sm Cap A perf dist EUR;JPMorgan Funds - Europe Dynamic Small Cap Fund A (perf) (dist) EUR;JPMorgan Asset Management (Europe) S.à r.l.;Equity;Europe Equity Mid/Small Cap;RV Europa Cap. Pequeña;EUR;Luxemburgo;6;3;1.8;1.5;11.01;16.23;15.22;0.65;2006-01-12;True;False;35000;2026-08-28
LU0210075874;JPM Europe Dyn Sm Cap D perf acc EUR;JPMorgan Funds - Europe Dynamic Small Cap Fund D (perf) (acc) EUR;JPMorgan Asset Management (Europe) S.à r.l.;Equity;Europe Equity Mid/Small Cap;RV Europa Cap. Pequeña;EUR;Luxemburgo;6;3;2.8;1.5;10.32;15.09;14.08;-0.36;2005-12-05;True;False;5000;2026-08-28
LU0210531637;JPM Europe Small Cap A acc EUR;JPMorgan Funds - Europe Small Cap Fund A (acc) EUR;JPMorgan Asset Management (Europe) S.à r.l.;Equity;Europe Equity Mid/Small Cap;RV Europa Cap. Pequeña;EUR;Luxemburgo;6;4;1.79;1.5;11.63;16.43;18.19;3.77;2005-03-31;True;False;35000;2026-08-28
LU0053687074;JPM Europe Small Cap A dist EUR;JPMorgan Funds - Europe Small Cap Fund A (dist) EUR;JPMorgan Asset Management (Europe) S.à r.l.;Equity;Europe Equity Mid/Small Cap;RV Europa Cap. Pequeña;EUR;Luxemburgo;6;4;1.75;1.5;11.63;16.45;18.22;3.79;1994-04-18;True;False;35000;2026-08-28
LU0117859560;JPM Europe Small Cap D acc EUR;JPMorgan Funds - Europe Small Cap Fund D (acc) EUR;JPMorgan Asset Management (Europe) S.à r.l.;Equity;Europe Equity Mid/Small Cap;RV Europa Cap. Pequeña;EUR;Luxemburgo;6;4;2.8;1.5;10.89;15.23;16.99;2.71;2000-10-13;True;False;5000;2026-08-28
LU1611731263;Janus Henderson Hrzn PanEurpSmrComs A1€;Janus Henderson Horizon Pan European Smaller Companies Fund A1 EUR;Janus Henderson Investors;Equity;Europe Equity Mid/Small Cap;RV Europa Cap. Pequeña;EUR;Luxemburgo;6;4;1.87;1.2;15.19;16.51;13.4;4.19;2017-06-06;True;False;2500;2026-08-28
LU0046217351;Janus Henderson Hrzn PanEurpSmrComs A2€;Janus Henderson Horizon Pan European Smaller Companies Fund A2 EUR;Janus Henderson Investors;Equity;Europe Equity Mid/Small Cap;RV Europa Cap. Pequeña;EUR;Luxemburgo;6;4;1.87;1.2;15.19;16.51;13.38;4.18;1993-08-27;True;False;2500;2026-08-28
LU0201078713;Janus HndrsnPan Eurp S&M Cp A2 EUR;Janus Henderson Pan European Small and Mid-Cap Fund A2 EUR;Janus Henderson Investors;Equity;Europe Equity Mid/Small Cap;RV Europa Cap. Pequeña;EUR;Luxemburgo;6;3;1.66;1.5;16.41;20.33;14.35;4.62;2005-03-24;True;False;2500;2026-08-28
LU0334003224;Mirabaud - Discovery Europe A EUR Acc;Mirabaud - Discovery Europe A EUR Acc;Mirabaud Asset Management Ltd;Equity;Europe Equity Mid/Small Cap;RV Europa Cap. Pequeña;EUR;Luxemburgo;6;4;1.83;1.5;9.59;13.91;19.84;4.03;2007-12-12;True;False;0;2026-08-28
LU0106237406;Schroder ISF Eurp Smlr Coms A Acc EUR;Schroder International Selection Fund European Smaller Companies A Accumulation EUR;Schroder Investment Management (Europe) S.A.;Equity;Europe Equity Mid/Small Cap;RV Europa Cap. Pequeña;EUR;Luxemburgo;6;2;1.86;1.5;12.44;9.14;7.2;-2.66;2000-01-17;True;False;1000;2026-08-28
LU0053902499;Schroder ISF Eurp Smlr Coms A Dis EUR AV;Schroder International Selection Fund European Smaller Companies A Distribution EUR AV;Schroder Investment Management (Europe) S.A.;Equity;Europe Equity Mid/Small Cap;RV Europa Cap. Pequeña;EUR;Luxemburgo;6;2;1.86;1.5;12.44;9.14;7.19;-2.66;1994-10-07;True;False;1000;2026-08-28
LU0251572656;Schroder ISF Eurp Smlr Coms A1 Acc USD;Schroder International Selection Fund European Smaller Companies A1 Accumulation USD;Schroder Investment Management (Europe) S.A.;Equity;Europe Equity Mid/Small Cap;RV Europa Cap. Pequeña;USD;Luxemburgo;6;2;2.36;1.5;11.11;9.11;9.32;-3.34;2006-04-24;True;False;1000;2026-08-28
LU2525865122;Valentum FCP - Flagship A EUR Acc;Valentum FCP - Flagship Class A EUR Acc;Valentum Asset Management SGIIC;Equity;Europe Equity Mid/Small Cap;RV Europa Cap. Pequeña;EUR;Luxemburgo;;5;;;20.28;29.16;18.95;;2023-03-03;True;False;0;2026-08-28
LU0106817157;Schroder ISF Emerging Europe A Acc EUR;Schroder International Selection Fund Emerging Europe A Accumulation EUR;Schroder Investment Management (Europe) S.A.;Equity;Europe Emerging Markets Equity;RV Europa Emergente ex-Rusia;EUR;Luxemburgo;7;3;;1.5;28.94;33.93;28.38;-2.2;2000-01-28;True;False;1000;2026-08-28
LU0251572144;Schroder ISF Emerging Europe A1 Acc USD;Schroder International Selection Fund Emerging Europe A1 Accumulation USD;Schroder Investment Management (Europe) S.A.;Equity;Europe Emerging Markets Equity;RV Europa Emergente ex-Rusia;USD;Luxemburgo;7;2;2.27;1.5;27.42;33.89;30.92;-2.88;2006-04-24;True;False;1000;2026-08-28
LU0106819104;Schroder ISF Emerging Europe B Acc EUR;Schroder International Selection Fund Emerging Europe B Accumulation EUR;Schroder Investment Management (Europe) S.A.;Equity;Europe Emerging Markets Equity;RV Europa Emergente ex-Rusia;EUR;Luxemburgo;7;2;;1.5;28.43;33.13;27.61;-2.78;2000-01-28;True;False;1000;2026-08-28
LU0224105477;BGF Continental Eurp Flex A2;BlackRock Global Funds - Continental European Flexible Fund Class A2;BlackRock (Luxembourg) SA;Equity;Europe Equity Large Cap;RV Europa ex-RU;EUR;Luxemburgo;6;3;1.82;1.5;9.83;13.86;10.89;3.59;1986-11-24;True;False;5000;2026-08-28
IE0033640594;GAM Star Continental Eurp Eq EUR Acc;GAM Star Fund plc - GAM Star Continental European Equity Class EUR Accumulation;GAM Fund Management Limited;Equity;Europe Equity Large Cap;RV Europa ex-RU;EUR;Irlanda;6;3;;1.35;9.05;15.81;12.46;6.46;2005-09-02;True;False;10000;2026-08-28
IE0033640933;GAM Star Continental Eurp Eq GBP Acc;GAM Star Fund plc - GAM Star Continental European Equity Class GBP Accumulation;GAM Fund Management Limited;Equity;Europe Equity Large Cap;RV Europa ex-RU;GBP;Irlanda;5;3;;1.35;7.04;14.79;12.41;6.46;2003-10-24;True;False;6000;2026-08-28
LU0201071890;Janus HndrsnContinen Eurp A2 EUR;Janus Henderson Continental European Fund A2 EUR;Janus Henderson Investors;Equity;Europe Equity Large Cap;RV Europa ex-RU;EUR;Luxemburgo;5;3;1.65;1.5;6.6;13.88;12.1;7.51;2004-10-29;True;False;2500;2026-08-28
LU0150924321;Janus HndrsnContinen Eurp A2 USD;Janus Henderson Continental European Fund A2 USD;Janus Henderson Investors;Equity;Europe Equity Large Cap;RV Europa ex-RU;USD;Luxemburgo;6;3;1.64;1.5;5.7;13.8;15.06;7.31;2002-07-02;True;False;2500;2026-08-28
LU0631859229;Bellevue Entrepreneur Europe Small B EUR;Bellevue Funds (Lux) - Bellevue Entrepreneur Europe Small B EUR;Bellevue Asset Management Ltd.;Equity;Europe Equity Mid/Small Cap;RV Europa ex-RU Cap. Med/Peq;EUR;Luxemburgo;5;4;2.2;1.6;12.17;15.84;16;5.01;2011-06-30;True;False;0;2026-08-28
LU1864952335;CT (Lux) Eur Smlr Com 1E EUR;CT (Lux) - European Smaller Companies 1E (EUR Accumulation);Threadneedle Management Luxembourg S.A.;Equity;Europe Equity Mid/Small Cap;RV Europa ex-RU Cap. Med/Peq;EUR;Luxemburgo;6;2;1.72;1.5;9.38;9.78;7.86;-1.08;2018-10-23;True;False;;2026-08-28
IE00BWCGWH04;E.I. Sturdza Strat Eurp Slvr Strs AEURUH;E.I. Sturdza Funds plc - Strategic European Silver Stars Fund A EUR UH;Eric Sturdza Asset Management S.A.;Equity;Europe Equity Mid/Small Cap;RV Europa ex-RU Cap. Med/Peq;EUR;Irlanda;6;3;;1.5;10.74;11.2;5.69;1.67;2015-05-05;True;False;0;2026-08-28
LU2798962978;Independance Am Europe Mid A (C);Independance Am Europe Mid A (C);Indépendance AM;Equity;Europe Equity Mid/Small Cap;RV Europa ex-RU Cap. Med/Peq;EUR;Luxemburgo;;;;1.95;13.04;18.99;;;2024-10-01;True;False;1;2026-08-28
LU1333148903;Azvalor Lux SICAV Azvalor Intl R;Azvalor Lux SICAV Azvalor International R;Azvalor Asset Management SGIIC;Equity;Global Equity Mid/Small Cap;RV Global  Cap. Flexible;EUR;Luxemburgo;6;3;;2.2;26.23;42.39;13.42;17.76;2015-12-18;True;False;1;2026-08-28
LU2388163516;DIP - Paradigma Value Cat Eq A EUR Acc;DIP - Paradigma Value Catalyst Equity A EUR Acc;A&G Fondos SGIIC;Equity;Global Equity Mid/Small Cap;RV Global  Cap. Flexible;EUR;Luxemburgo;6;4;;1.35;39.71;50.28;20.79;;2021-10-06;True;False;0;2026-08-28
LU2061961145;DNB Fund Disrpt Opps A EUR Acc;DNB Fund - Disruptive Opportunities A EUR (Acc);DNB Asset Management AS;Equity;Global Equity Large Cap;RV Global  Cap. Flexible;EUR;Luxemburgo;6;3;1.56;1.5;25.04;38.62;38.68;10;2019-12-10;True;False;0;2026-08-28
LU1048657123;FAST - Global Fund A-PF-ACC-EUR;Fidelity Active Strategy - FAST - Global Fund A-PF-ACC-EUR;FIL Investment Management (Luxembourg) S.à r.l.;Equity;Global Equity Mid/Small Cap;RV Global  Cap. Flexible;EUR;Luxemburgo;6;4;1.93;1.5;14.16;13.95;5.57;10.05;2014-04-02;True;False;2500;2026-08-28
LU0966156126;FAST - Global Fund A-PF-ACC-USD;Fidelity Active Strategy - FAST - Global Fund A-PF-ACC-USD;FIL Investment Management (Luxembourg) S.à r.l.;Equity;Global Equity Mid/Small Cap;RV Global  Cap. Flexible;USD;Luxemburgo;6;4;1.93;1.5;13.35;14.36;8.3;9.88;2013-09-30;True;False;2500;2026-08-28
LU0966156399;FAST - Global Fund E-PF-ACC-EUR;Fidelity Active Strategy - FAST - Global Fund E-PF-ACC-EUR;FIL Investment Management (Luxembourg) S.à r.l.;Equity;Global Equity Mid/Small Cap;RV Global  Cap. Flexible;EUR;Luxemburgo;6;4;2.68;1.5;13.6;13.12;4.81;9.15;2013-09-30;True;False;2500;2026-08-28
LU0332192961;GS Gbl Social Impact EQ-P Cap EUR;Goldman Sachs Global Social Impact Equity - P Cap EUR;Goldman Sachs Asset Management B.V.;Equity;Global Equity Large Cap;RV Global  Cap. Flexible;EUR;Luxemburgo;6;1;;1.5;-0.76;-5.93;2.66;;2008-12-04;True;False;0;2026-08-28
LU0119200128;GS Gbl Social Impact EQ-PCapUSD;Goldman Sachs Global Social Impact Equity - P Cap USD;Goldman Sachs Asset Management B.V.;Equity;Global Equity Large Cap;RV Global  Cap. Flexible;USD;Luxemburgo;6;1;;1.5;-1.6;-6;5.37;;1998-01-26;True;False;;2026-08-28
LU0332192888;GS Gbl Social Impact EQ-X Cap EUR;Goldman Sachs Global Social Impact Equity - X Cap EUR;Goldman Sachs Asset Management B.V.;Equity;Global Equity Large Cap;RV Global  Cap. Flexible;EUR;Luxemburgo;6;1;;2;-1.09;-6.4;2.15;;2008-12-04;True;False;0;2026-08-28
LU0121174428;GS Gbl Social Impact EQ-X Cap USD;Goldman Sachs Global Social Impact Equity - X Cap USD;Goldman Sachs Asset Management B.V.;Equity;Global Equity Large Cap;RV Global  Cap. Flexible;USD;Luxemburgo;6;1;;2;-1.91;-6.46;4.86;;2001-04-24;True;False;;2026-08-28
IE00BH6XS969;Heptagon Kopernik Glb AllCp Eq A $ Acc;Heptagon Fund ICAV - Kopernik Global All-Cap Equity Fund A USD Acc;Heptagon Capital Limited;Equity;Global Equity Mid/Small Cap;RV Global  Cap. Flexible;USD;Irlanda;6;5;1.62;1.5;16.36;38.08;30.17;16.13;2015-09-28;True;False;15000;2026-08-28
IE00BH6XSF26;Heptagon Kopernik Glb AllCp Eq AE € Acc;Heptagon Fund ICAV - Kopernik Global All-Cap Equity Fund AE EUR Acc;Heptagon Capital Limited;Equity;Global Equity Mid/Small Cap;RV Global  Cap. Flexible;EUR;Irlanda;6;5;1.62;1.5;17.35;38.18;26.83;16.35;2017-11-03;True;False;15000;2026-08-28
IE00BYR8H148;Jupiter Merian World Equity L EUR Acc;Jupiter Merian World Equity Fund L EUR Acc;Jupiter Asset Management (Europe) Limited;Equity;Global Equity Large Cap;RV Global  Cap. Flexible;EUR;Irlanda;5;5;1.59;1.5;15.99;24.3;21.45;13.27;2016-03-31;True;False;500;2026-08-28
LU0386882277;Pictet - Global Megatrend Sel P EUR;Pictet - Global Megatrend Selection P EUR;Pictet Asset Management (Europe) SA;Equity;Global Equity Large Cap;RV Global  Cap. Flexible;EUR;Luxemburgo;5;3;1.99;2.4;11.68;14.41;10.4;3.15;2008-10-31;True;False;0;2026-08-28
LU0386859887;Pictet-Global Megatrend Sel P USD;Pictet-Global Megatrend Selection P USD;Pictet Asset Management (Europe) SA;Equity;Global Equity Large Cap;RV Global  Cap. Flexible;USD;Luxemburgo;6;3;1.99;2.4;10.96;14.93;13.21;2.94;2008-10-31;True;False;0;2026-08-28
LU0270904781;Pictet-Security P EUR;Pictet-Security P EUR;Pictet Asset Management (Europe) SA;Equity;Global Equity Large Cap;RV Global  Cap. Flexible;EUR;Luxemburgo;6;3;1.98;2.4;29.93;24.88;16.26;4.47;2006-10-31;True;False;0;2026-08-28
LU0256846139;Pictet-Security P USD;Pictet-Security P USD;Pictet Asset Management (Europe) SA;Equity;Global Equity Large Cap;RV Global  Cap. Flexible;USD;Luxemburgo;6;3;1.98;2.4;29.09;25.45;19.21;4.27;2006-10-31;True;False;0;2026-08-28
LU0256846303;Pictet-Security P dy USD;Pictet-Security P dy USD;Pictet Asset Management (Europe) SA;Equity;Global Equity Large Cap;RV Global  Cap. Flexible;USD;Luxemburgo;6;3;1.98;2.4;29.1;25.45;19.21;4.27;2006-10-31;True;False;0;2026-08-28
LU1048590381;Robeco QI Global Momentum Equities D €;Robeco QI Global Momentum Equities D €;Robeco Institutional Asset Management BV;Equity;Global Equity Large Cap;RV Global  Cap. Flexible;EUR;Luxemburgo;6;4;1.21;1;18.71;22.79;21.44;11.37;2014-03-27;True;False;0;2026-08-28
LU0909471251;UBS Lux Sec Eq Fd P acc;UBS (Lux) Investment SICAV 2 - UBS (Lux) Security Equity Fund P acc;UBS Asset Management (Europe) S.A.;Equity;Global Equity Mid/Small Cap;RV Global  Cap. Flexible;USD;Luxemburgo;6;4;;1.92;12.36;13.37;16.26;6.69;2013-05-02;True;False;0;2026-08-28
LU1883320993;Amundi Fds Glb Eq Inc Sel A2 EUR C;Amundi Funds - Global Equity Income Select A2 EUR (C);Amundi Luxembourg S.A.;Equity;Global Equity Large Cap;RV Global Alto Dividendo;EUR;Luxemburgo;5;4;1.82;1.5;13.04;17.45;14.77;10.89;2008-03-07;True;False;1;2026-08-28
LU1883321298;Amundi Fds Glb Eq Inc Sel A2 EUR QTI D;Amundi Funds - Global Equity Income Select A2 EUR QTI (D);Amundi Luxembourg S.A.;Equity;Global Equity Large Cap;RV Global Alto Dividendo;EUR;Luxemburgo;6;4;1.82;1.5;13.05;17.46;14.78;10.9;2012-12-06;True;False;1;2026-08-28
LU0309191657;BL-Equities Dividend B EUR;BL-Equities Dividend B EUR Acc;BLI - Banque de Luxembourg Investments SA;Equity;Global Equity Large Cap;RV Global Alto Dividendo;EUR;Luxemburgo;5;1;1.45;1.25;2.61;3.16;2.92;2.38;2007-10-31;True;False;0;2026-08-28
IE00B3V93F27;BNY Mellon Global Equity Inc EUR A Acc;BNY Mellon Global Equity Income Fund EUR A Acc;BNY Mellon Fund Management (Lux) S.A.;Equity;Global Equity Large Cap;RV Global Alto Dividendo;EUR;Irlanda;5;3;;2;14.95;22.13;13.25;10.04;2010-09-03;True;False;5000;2026-08-28
IE00B3XPRY57;BNY Mellon Global Equity Inc USD A Acc;BNY Mellon Global Equity Income Fund USD A Acc;BNY Mellon Fund Management (Lux) S.A.;Equity;Global Equity Large Cap;RV Global Alto Dividendo;USD;Irlanda;5;3;;2;13.9;22.86;16.15;9.85;2012-02-09;True;False;5000;2026-08-28
LU1864953143;CT (Lux) Sustainable Glbl Eq Inc 1E EUR;CT (Lux) - Sustainable Global Equity Income 1E (EUR Accumulation);Threadneedle Management Luxembourg S.A.;Equity;Global Equity Large Cap;RV Global Alto Dividendo;EUR;Luxemburgo;5;3;1.68;1.5;20.64;22.61;14.1;8.89;2018-10-23;True;False;;2026-08-28
LU1864953499;CT (Lux) Sustainable Glbl Eq Inc 1EP EUR;CT (Lux) - Sustainable Global Equity Income 1EP (EUR Distribution);Threadneedle Management Luxembourg S.A.;Equity;Global Equity Large Cap;RV Global Alto Dividendo;EUR;Luxemburgo;5;3;1.68;1.5;20.63;22.6;14.09;8.89;2018-10-23;True;False;;2026-08-28
LU1616932866;DWS Invest ESG Equity Income LC;DWS Invest ESG Equity Income LC;DWS Investment S.A.;Equity;Global Equity Large Cap;RV Global Alto Dividendo;EUR;Luxemburgo;5;2;1.58;1.5;14.61;18.48;13.07;7.7;2017-08-07;True;False;0;2026-08-28
LU1616932940;DWS Invest ESG Equity Income LD;DWS Invest ESG Equity Income LD;DWS Investment S.A.;Equity;Global Equity Large Cap;RV Global Alto Dividendo;EUR;Luxemburgo;5;2;1.58;1.5;14.61;18.48;13.07;7.7;2017-08-07;True;False;0;2026-08-28
LU0507265923;DWS Invest Top Dividend LC;DWS Invest Top Dividend LC;DWS Investment S.A.;Equity;Global Equity Large Cap;RV Global Alto Dividendo;EUR;Luxemburgo;4;3;1.59;1.5;15.82;24.06;13.94;9.46;2010-07-01;True;False;0;2026-08-28
LU0507266061;DWS Invest Top Dividend LD;DWS Invest Top Dividend LD;DWS Investment S.A.;Equity;Global Equity Large Cap;RV Global Alto Dividendo;EUR;Luxemburgo;4;3;1.59;1.5;15.83;24.06;13.94;9.46;2010-07-01;True;False;0;2026-08-28
LU0507266491;DWS Invest Top Dividend USD LC;DWS Invest Top Dividend USD LC;DWS Investment S.A.;Equity;Global Equity Large Cap;RV Global Alto Dividendo;USD;Luxemburgo;5;3;1.59;1.5;14.75;24.62;16.84;9.24;2010-09-13;True;False;0;2026-08-28
DE000DWS1U90;DWS Top Dividende LC;DWS Top Dividende LC;DWS Investment GmbH;Equity;Global Equity Large Cap;RV Global Alto Dividendo;EUR;Alemania;4;3;1.45;1.45;16.81;24.99;14.43;9.89;2017-09-01;True;False;0;2026-08-28
DE0009848119;DWS Top Dividende LD;DWS Top Dividende LD;DWS Investment GmbH;Equity;Global Equity Large Cap;RV Global Alto Dividendo;EUR;Alemania;4;3;1.45;1.45;16.81;24.98;14.42;9.9;2003-04-28;True;False;0;2026-08-28
LU2242646235;Fidelity Global Div Pl A Acc USD;Fidelity Funds - Global Dividend Plus Fund A-Acc-USD;FIL Investment Management (Luxembourg) S.à r.l.;Equity;Global Equity Large Cap;RV Global Alto Dividendo;USD;Luxemburgo;5;3;;1.5;9.76;15.22;17.3;8.99;2021-06-09;True;False;2500;2026-08-28
LU0099575291;Fidelity Global Div Pl A EUR;Fidelity Funds - Global Dividend Plus Fund A-EUR;FIL Investment Management (Luxembourg) S.à r.l.;Equity;Global Equity Large Cap;RV Global Alto Dividendo;EUR;Luxemburgo;5;3;;1.5;10.49;14.69;14.31;9.25;1999-09-01;True;False;;2026-08-28
LU0115774233;Fidelity Global Div Pl E Acc EUR;Fidelity Funds - Global Dividend Plus Fund E-Acc-EUR;FIL Investment Management (Luxembourg) S.à r.l.;Equity;Global Equity Large Cap;RV Global Alto Dividendo;EUR;Luxemburgo;5;3;;1.5;9.98;13.89;13.44;8.43;2000-09-11;True;False;2500;2026-08-28
LU1261431768;Fidelity Global Dividend A-Acc-EUR;Fidelity Funds - Global Dividend Fund A-Acc-EUR;FIL Investment Management (Luxembourg) S.à r.l.;Equity;Global Equity Large Cap;RV Global Alto Dividendo;EUR;Luxemburgo;4;3;;1.5;10.67;13.06;14.23;8.91;2015-08-07;True;False;2500;2026-08-28
LU0772969993;Fidelity Global Dividend A-Acc-USD;Fidelity Funds - Global Dividend Fund A-Acc-USD;FIL Investment Management (Luxembourg) S.à r.l.;Equity;Global Equity Large Cap;RV Global Alto Dividendo;USD;Luxemburgo;5;3;;1.5;9.89;13.46;17.2;8.65;2012-05-04;True;False;2500;2026-08-28
LU0731782826;Fidelity Global Dividend A-MInc(G)-EUR;Fidelity Funds - Global Dividend Fund A-MINCOME(G)-EUR;FIL Investment Management (Luxembourg) S.à r.l.;Equity;Global Equity Large Cap;RV Global Alto Dividendo;EUR;Luxemburgo;4;3;;1.5;10.64;13.02;14.22;8.9;2012-01-30;True;False;;2026-08-28
LU0731783048;Fidelity Global Dividend A-MInc(G)-USD;Fidelity Funds - Global Dividend Fund A-MINCOME(G)-USD;FIL Investment Management (Luxembourg) S.à r.l.;Equity;Global Equity Large Cap;RV Global Alto Dividendo;USD;Luxemburgo;5;3;;1.5;9.9;13.46;17.21;8.65;2012-01-30;True;False;2500;2026-08-28
LU0731782404;Fidelity Global Dividend A-QInc(G)-EUR;Fidelity Funds - Global Dividend Fund A-QINCOME(G)-EUR;FIL Investment Management (Luxembourg) S.à r.l.;Equity;Global Equity Large Cap;RV Global Alto Dividendo;EUR;Luxemburgo;4;3;;1.5;10.65;13.02;14.22;8.91;2012-01-30;True;False;;2026-08-28
LU0731782586;Fidelity Global Dividend A-QInc(G)-USD;Fidelity Funds - Global Dividend Fund A-QINCOME(G)-USD;FIL Investment Management (Luxembourg) S.à r.l.;Equity;Global Equity Large Cap;RV Global Alto Dividendo;USD;Luxemburgo;5;3;;1.5;9.89;13.43;17.22;8.65;2012-01-30;True;False;2500;2026-08-28
LU1038895451;Fidelity Global Dividend E-Acc-EUR;Fidelity Funds - Global Dividend Fund E-Acc-EUR;FIL Investment Management (Luxembourg) S.à r.l.;Equity;Global Equity Large Cap;RV Global Alto Dividendo;EUR;Luxemburgo;4;3;;1.5;10.11;12.19;13.36;8.09;2014-03-10;True;False;2500;2026-08-28
LU0261951957;Fidelity Global Dividend Pl A Acc EUR;Fidelity Funds - Global Dividend Plus Fund A-Acc-EUR;FIL Investment Management (Luxembourg) S.à r.l.;Equity;Global Equity Large Cap;RV Global Alto Dividendo;EUR;Luxemburgo;5;3;;1.5;10.53;14.75;14.31;9.25;2006-09-25;True;False;2500;2026-08-28
IE00BVYPNW00;Guinness Global Equity Income C USD Acc;Guinness Global Equity Income C USD Accumulation;Guinness Asset Management Limited;Equity;Global Equity Large Cap;RV Global Alto Dividendo;USD;Irlanda;5;3;1.77;1.99;12.73;14.3;13.48;8.35;2015-03-11;True;False;0;2026-08-28
IE00BDGV0290;Guinness Global Equity Income D EUR Acc;Guinness Global Equity Income D EUR Accumulation;Guinness Asset Management Limited;Equity;Global Equity Large Cap;RV Global Alto Dividendo;EUR;Irlanda;5;3;1.27;1.49;14.06;14.95;11.12;9.09;2017-01-23;True;False;100000000;2026-08-28
IE00B66B5L40;Guinness Global Equity Income D EUR Dist;Guinness Global Equity Income D EUR Distribution;Guinness Asset Management Limited;Equity;Global Equity Large Cap;RV Global Alto Dividendo;EUR;Irlanda;5;3;1.27;1.49;14.06;14.95;11.12;9.09;2010-12-31;True;False;;2026-08-28
LU1075210465;Invesco Global Equity Income A EUR AD;Invesco Funds - Invesco Global Equity Income Fund A Annual Distribution EUR;Invesco Management S.A.;Equity;Global Equity Large Cap;RV Global Alto Dividendo;EUR;Luxemburgo;5;4;;1.4;16.16;16.21;16.74;12.87;2014-07-23;True;False;1000;2026-08-28
LU0607513230;Invesco Global Equity Income A USD Acc;Invesco Funds - Invesco Global Equity Income Fund A Accumulation USD;Invesco Management S.A.;Equity;Global Equity Large Cap;RV Global Alto Dividendo;USD;Luxemburgo;6;4;;1.4;15.09;16.8;19.66;12.64;2011-09-30;True;False;1500;2026-08-28
LU0329202252;JPM Global Dividend A acc EUR;JPMorgan Investment Funds - Global Dividend Fund A (acc) EUR;JPMorgan Asset Management (Europe) S.à r.l.;Equity;Global Equity Large Cap;RV Global Alto Dividendo;EUR;Luxemburgo;5;3;1.69;1.5;9.39;11.73;11.15;8.61;2010-10-04;True;False;35000;2026-08-28
LU0329201957;JPM Global Dividend A acc USD;JPMorgan Investment Funds - Global Dividend Fund A (acc) USD;JPMorgan Asset Management (Europe) S.à r.l.;Equity;Global Equity Large Cap;RV Global Alto Dividendo;USD;Luxemburgo;5;3;1.7;1.5;8.68;12.22;13.97;8.39;2007-11-28;True;False;35000;2026-08-28
LU0714179727;JPM Global Dividend A div EUR;JPMorgan Investment Funds - Global Dividend Fund A (div) EUR;JPMorgan Asset Management (Europe) S.à r.l.;Equity;Global Equity Large Cap;RV Global Alto Dividendo;EUR;Luxemburgo;5;3;1.68;1.5;9.4;11.74;11.16;8.61;2011-12-01;True;False;35000;2026-08-28
LU0714181467;JPM Global Dividend A div USD;JPMorgan Investment Funds - Global Dividend Fund A (div) USD;JPMorgan Asset Management (Europe) S.à r.l.;Equity;Global Equity Large Cap;RV Global Alto Dividendo;USD;Luxemburgo;5;3;1.75;1.5;8.64;12.16;13.9;8.33;2012-01-13;True;False;35000;2026-08-28
LU0329203490;JPM Global Dividend D acc USD;JPMorgan Investment Funds - Global Dividend Fund D (acc) USD;JPMorgan Asset Management (Europe) S.à r.l.;Equity;Global Equity Large Cap;RV Global Alto Dividendo;USD;Luxemburgo;5;3;2.45;1.5;8.16;11.39;13.11;7.58;2007-11-28;True;False;5000;2026-08-28
LU1670710075;M&G (Lux) Glb Dividend A EUR Acc;M&G (Lux) Global Dividend Fund EUR A Acc;M&G Luxembourg S.A.;Equity;Global Equity Large Cap;RV Global Alto Dividendo;EUR;Luxemburgo;5;3;1.92;1.75;13.36;20.18;14.71;10.3;2018-09-20;True;False;1000;2026-08-28
LU1670710158;M&G (Lux) Glb Dividend A EUR Inc;M&G (Lux) Global Dividend Fund EUR A Inc;M&G Luxembourg S.A.;Equity;Global Equity Large Cap;RV Global Alto Dividendo;EUR;Luxemburgo;5;3;1.92;1.75;13.39;20.2;14.73;10.31;2018-09-20;True;False;1000;2026-08-28
LU1670711040;M&G (Lux) Glb Dividend A USD Acc;M&G (Lux) Global Dividend Fund USD A Acc;M&G Luxembourg S.A.;Equity;Global Equity Large Cap;RV Global Alto Dividendo;USD;Luxemburgo;6;4;1.92;1.75;12.32;20.81;17.59;10.07;2018-09-20;True;False;1000;2026-08-28
LU0306806265;Schroder ISF Glb Div Mxmsr A Acc USD;Schroder International Selection Fund Global Dividend Maximiser A Accumulation USD;Schroder Investment Management (Europe) S.A.;Equity;Global Equity Large Cap;RV Global Alto Dividendo;USD;Luxemburgo;5;3;;1.5;17.3;23.98;16.19;9.99;2007-07-13;True;False;1000;2026-08-28
LU0306807586;Schroder ISF Glb Div Mxmsr A Dis$QF;Schroder International Selection Fund Global Dividend Maximiser A Distribution USD QF;Schroder Investment Management (Europe) S.A.;Equity;Global Equity Large Cap;RV Global Alto Dividendo;USD;Luxemburgo;5;3;;1.5;17.3;23.98;16.19;9.99;2007-07-13;True;False;1000;2026-08-28
LU0248166992;Schroder ISF Global Eq Yld A Acc EUR;Schroder International Selection Fund Global Equity Yield A Accumulation EUR;Schroder Investment Management (Europe) S.A.;Equity;Global Equity Large Cap;RV Global Alto Dividendo;EUR;Luxemburgo;5;3;;1.5;20.75;25.82;14.71;11;2006-03-17;True;False;1000;2026-08-28
LU0611173427;UBS (Lux) ES Global Hi Div $ P-acc;UBS (Lux) Equity SICAV - Global High Dividend (USD) P-acc;UBS Asset Management (Europe) S.A.;Equity;Global Equity Large Cap;RV Global Alto Dividendo;USD;Luxemburgo;5;4;1.56;1.2;26.85;35.21;20.55;12.62;2011-04-15;True;False;;2026-08-28
LU0439730457;UBS Lux Glbl Qual Div Eq Fd P acc;UBS (Lux) Investment SICAV 2 - UBS (Lux) Global Quality Dividend Equity Fund P acc;UBS Asset Management (Europe) S.A.;Equity;Global Equity Large Cap;RV Global Alto Dividendo;USD;Luxemburgo;5;5;1.87;1.92;24.41;32.03;23.78;13.4;2010-04-15;True;False;0;2026-08-28
LU2463475223;abrdn-Global Dynamic Div A Acc EUR;abrdn SICAV I - Global Dynamic Dividend Fund A Acc EUR;abrdn Investments Luxembourg S.A.;Equity;Global Equity Large Cap;RV Global Alto Dividendo;EUR;Luxemburgo;6;3;;1.5;13.51;20.74;12.83;;2022-05-05;True;False;1000;2026-08-28
LU2237443382;abrdn-Global Dynamic Div A Grs MIncAUSD;abrdn SICAV I - Global Dynamic Dividend Fund A Gross MIncA USD;abrdn Investments Luxembourg S.A.;Equity;Global Equity Large Cap;RV Global Alto Dividendo;USD;Luxemburgo;5;3;;1.5;12.47;21.39;15.67;7.7;2020-10-14;True;False;500;2026-08-28
LU1998907197;AB Low Volatility Eq A EUR;AB SICAV I- Low Volatility Equity Portfolio A EUR Acc;AllianceBernstein (Luxembourg) S.à r.l.;Equity;Global Equity Large Cap;RV Global Cap. Grande Blend;EUR;Luxemburgo;6;3;1.67;1.5;7.39;9.05;11.23;8.38;2019-06-06;True;False;2000;2026-08-28
LU1774149998;AXAWF Sustainable Equity QI A Cap EUR;AXA World Funds Sustainable Equity QI A Capitalisation EUR;BNP PARIBAS ASSET MANAGEMENT Europe;Equity;Global Equity Large Cap;RV Global Cap. Grande Blend;EUR;Luxemburgo;6;3;;0.45;8.11;9.04;11.84;7.91;2018-02-20;True;False;0;2026-08-28
LU0861895935;Abante Equity Managers B EUR;Abante Global Funds - Abante Equity Managers Class B EUR;Abante Asesores Gestión SGIIC;Equity;Global Equity Large Cap;RV Global Cap. Grande Blend;EUR;Luxemburgo;5;1;;2;8.82;12.6;10.11;1.89;2013-06-11;True;False;0;2026-08-28
DE0009781740;Acatis Aktien Global Fonds A;Acatis Aktien Global Fonds A;ACATIS Investment Kapitalverwaltungsgesellschaft mbH;Equity;Global Equity Large Cap;RV Global Cap. Grande Blend;EUR;Alemania;6;3;1.51;1.35;11.73;18.84;14.44;6.2;1997-05-21;True;False;0;2026-08-28
LU1563397410;Allianz Global Equity Insights AT EUR;Allianz Global Investors Fund - Allianz Global Equity Insights AT EUR;Allianz Global Investors GmbH;Equity;Global Equity Large Cap;RV Global Cap. Grande Blend;EUR;Luxemburgo;6;2;2.05;2.05;7.57;14.76;12.27;4.58;2017-03-07;True;False;0;2026-08-28
LU1883342377;Amundi Fds Global Equity A EUR C;Amundi Funds - Global Equity A EUR (C);Amundi Luxembourg S.A.;Equity;Global Equity Large Cap;RV Global Cap. Grande Blend;EUR;Luxemburgo;6;5;3.09;1.65;17.86;28.53;20.79;13.93;2001-06-25;True;False;1;2026-08-28
LU0996182563;Amundi IS MSCI World AE-C;Amundi Index Solutions - Amundi Index MSCI World AE-C;Amundi Luxembourg S.A.;Equity;Global Equity Large Cap;RV Global Cap. Grande Blend;EUR;Luxemburgo;5;4;;0.15;14.04;20.28;17.82;11.4;2014-04-09;True;True;0;2026-08-28
LU0996182647;Amundi IS MSCI World AE-D;Amundi Index Solutions - Amundi Index MSCI World AE-D;Amundi Luxembourg S.A.;Equity;Global Equity Large Cap;RV Global Cap. Grande Blend;EUR;Luxemburgo;5;4;;0.15;14.04;20.28;17.82;11.4;2014-04-09;True;True;;2026-08-28
LU0996182308;Amundi IS MSCI World AU-C;Amundi Index Solutions - Amundi Index MSCI World AU-C;Amundi Luxembourg S.A.;Equity;Global Equity Large Cap;RV Global Cap. Grande Blend;USD;Luxemburgo;6;4;;0.15;13.08;20.19;20.93;11.19;2013-12-16;True;True;1;2026-08-28
LU0238689110;BGF Global Dynamic Eq A2;BlackRock Global Funds - Global Dynamic Equity Fund A2;BlackRock (Luxembourg) SA;Equity;Global Equity Large Cap;RV Global Cap. Grande Blend;USD;Luxemburgo;6;3;1.82;1.5;10.66;20.52;17.67;7.63;2006-02-28;True;False;5000;2026-08-28
LU0238689623;BGF Global Dynamic Eq A2 EUR;BlackRock Global Funds - Global Dynamic Equity Fund A2 EUR;BlackRock (Luxembourg) SA;Equity;Global Equity Large Cap;RV Global Cap. Grande Blend;EUR;Luxemburgo;6;3;1.82;1.5;11.37;19.94;14.73;7.84;2006-02-28;True;False;;2026-08-28
LU0011850046;BGF Global Long-Horizon Equity A2;BlackRock Global Funds - Global Long-Horizon Equity Fund A2;BlackRock (Luxembourg) SA;Equity;Global Equity Large Cap;RV Global Cap. Grande Blend;USD;Luxemburgo;6;2;1.81;1.5;1.53;5.43;9.69;2.76;1996-02-29;True;False;5000;2026-08-28
LU0171285314;BGF Global Long-Horizon Equity A2 EUR;BlackRock Global Funds - Global Long-Horizon Equity Fund A2 EUR;BlackRock (Luxembourg) SA;Equity;Global Equity Large Cap;RV Global Cap. Grande Blend;EUR;Luxemburgo;6;2;1.81;1.5;2.19;4.96;6.96;2.97;1996-02-29;True;False;;2026-08-28
FR0014009V22;Bankinter Innova A;Bankinter Innova A;Edmond de Rothschild Asset Management (France);Equity;Global Equity Large Cap;RV Global Cap. Grande Blend;EUR;Francia;6;3;;1.65;4.74;4.15;16.12;;2022-06-24;True;False;100;2026-08-28
ES0113574018;Bankinter Multi-Asset Invmt Global FI;Bankinter Multi-Asset Investment Global Investment FI;Bankinter Gestión de Activos SGIIC;Equity;Global Equity Large Cap;RV Global Cap. Grande Blend;EUR;España;6;3;0.57;0.4;14.1;21.46;17.5;;2022-01-21;True;False;1;2026-08-28
ES0115157036;Bankinter Sostenibilidad R FI;Bankinter Sostenibilidad R FI;Bankinter Gestión de Activos SGIIC;Equity;Global Equity Large Cap;RV Global Cap. Grande Blend;EUR;España;6;3;1.8;1.6;14.47;21.75;14.79;9.81;2003-11-12;True;False;1;2026-08-28
ES0113572004;Bankinter Índice Global R FI;Bankinter Índice Global R FI;Bankinter Gestión de Activos SGIIC;Equity;Global Equity Large Cap;RV Global Cap. Grande Blend;EUR;España;6;3;1.2;1;12.39;19.05;16.05;7.96;2018-03-23;True;True;1;2026-08-28
NO0013699744;DNB Global Indeks S EUR;DNB Global Indeks S EUR;DNB Asset Management AS;Equity;Global Equity Large Cap;RV Global Cap. Grande Blend;EUR;Noruega;5;4;;0.2;13.96;19.81;17.42;11.14;2025-12-09;True;True;;2026-08-28
LU1891311356;DWS Invest SDG Global Equities LC;DWS Invest SDG Global Equities LC;DWS Investment S.A.;Equity;Global Equity Large Cap;RV Global Cap. Grande Blend;EUR;Luxemburgo;5;2;1.58;1.5;9.1;13.29;10.71;4.92;2018-11-02;True;False;0;2026-08-28
LU1366333091;Fidelity Global Focus A-Acc-USD;Fidelity Funds - Global Focus Fund A-Acc-USD;FIL Investment Management (Luxembourg) S.à r.l.;Equity;Global Equity Large Cap;RV Global Cap. Grande Blend;USD;Luxemburgo;6;3;;1.5;1.03;7.13;14.8;6.18;2016-05-12;True;False;2500;2026-08-28
LU0157922724;Fidelity Global Focus A-Dis-EUR;Fidelity Funds - Global Focus Fund A-DIST-EUR;FIL Investment Management (Luxembourg) S.à r.l.;Equity;Global Equity Large Cap;RV Global Cap. Grande Blend;EUR;Luxemburgo;5;3;;1.5;1.75;6.78;11.89;6.44;2003-01-14;True;False;;2026-08-28
LU0157924183;Fidelity Global Focus A-Dis-GBP;Fidelity Funds - Global Focus Fund A-DIST-GBP;FIL Investment Management (Luxembourg) S.à r.l.;Equity;Global Equity Large Cap;RV Global Cap. Grande Blend;GBP;Luxemburgo;5;3;;1.5;-0.13;6.07;11.82;6.44;2003-01-14;True;False;;2026-08-28
IE00BYX5NX33;Fidelity MSCI World Index EUR P Acc;Fidelity MSCI World Index Fund EUR P Acc;FIL Investment Management (Luxembourg) S.A., Ireland Branch;Equity;Global Equity Large Cap;RV Global Cap. Grande Blend;EUR;Irlanda;5;4;0.12;0.12;14.12;20.5;17.95;11.64;2018-03-20;True;True;0;2026-08-28
LU1261432659;Fidelity World A-Acc-EUR;Fidelity Funds - World Fund A-Acc-EUR;FIL Investment Management (Luxembourg) S.à r.l.;Equity;Global Equity Large Cap;RV Global Cap. Grande Blend;EUR;Luxemburgo;5;4;;1.5;13.74;19.36;16.77;8.99;2015-08-07;True;False;2500;2026-08-28
LU1084165304;Fidelity World A-Acc-USD;Fidelity Funds - World Fund A-Acc-USD;FIL Investment Management (Luxembourg) S.à r.l.;Equity;Global Equity Large Cap;RV Global Cap. Grande Blend;USD;Luxemburgo;6;4;;1.5;12.97;19.83;19.83;8.73;2014-07-17;True;False;2500;2026-08-28
LU0069449576;Fidelity World A-Dis-EUR;Fidelity Funds - World Fund A-DIST-EUR;FIL Investment Management (Luxembourg) S.à r.l.;Equity;Global Equity Large Cap;RV Global Cap. Grande Blend;EUR;Luxemburgo;5;4;;1.5;13.74;19.38;16.78;8.99;1996-09-06;True;False;;2026-08-28
LU0201159711;GS Global CORE Eq E Acc EUR Snap;Goldman Sachs Global CORE Equity Portfolio E Acc EUR Snap;Goldman Sachs Asset Management B.V.;Equity;Global Equity Large Cap;RV Global Cap. Grande Blend;EUR;Luxemburgo;5;4;;1.25;11.72;19.76;18.1;10.07;2005-06-29;True;False;1500;2026-08-28
LU1698129183;GS Global CORE Eq Oth Ccy Acc EUR Snap;Goldman Sachs Global CORE Equity Portfolio Other Currency Acc EUR Snap;Goldman Sachs Asset Management B.V.;Equity;Global Equity Large Cap;RV Global Cap. Grande Blend;EUR;Luxemburgo;5;4;;1.25;12.08;20.4;18.7;10.62;2017-10-19;True;False;5000;2026-08-28
FR0010722348;Groupama Global Active Equity NC;Groupama Global Active Equity NC;Groupama Asset Management;Equity;Global Equity Large Cap;RV Global Cap. Grande Blend;EUR;Francia;6;5;;2.02;17.9;27.95;19.92;13.17;2009-04-14;True;False;0;2026-08-28
LU0210534227;JPM Global Focus A acc EUR;JPMorgan Funds - Global Focus Fund A (acc) EUR;JPMorgan Asset Management (Europe) S.à r.l.;Equity;Global Equity Large Cap;RV Global Cap. Grande Blend;EUR;Luxemburgo;5;4;1.41;1.5;8.11;9.81;13.2;9.29;2005-03-31;True;False;35000;2026-08-28
LU0168342896;JPM Global Focus A dist USD;JPMorgan Funds - Global Focus Fund A (dist) USD;JPMorgan Asset Management (Europe) S.à r.l.;Equity;Global Equity Large Cap;RV Global Cap. Grande Blend;USD;Luxemburgo;6;4;1.38;1.5;7.39;10.25;16;9;2006-12-04;True;False;35000;2026-08-28
LU0168343274;JPM Global Focus D acc EUR;JPMorgan Funds - Global Focus Fund D (acc) EUR;JPMorgan Asset Management (Europe) S.à r.l.;Equity;Global Equity Large Cap;RV Global Cap. Grande Blend;EUR;Luxemburgo;5;3;1.17;1.5;7.4;8.72;12.07;8.19;2003-05-23;True;False;5000;2026-08-28
LU0157178582;JPM Global Select Equity A acc EUR;JPMorgan Investment Funds - Global Select Equity Fund A (acc) EUR;JPMorgan Asset Management (Europe) S.à r.l.;Equity;Global Equity Large Cap;RV Global Cap. Grande Blend;EUR;Luxemburgo;5;3;1.66;1.5;8.06;9.69;12.34;9.07;2014-03-04;True;False;35000;2026-08-28
LU0070217475;JPM Global Select Equity A acc USD;JPMorgan Investment Funds - Global Select Equity Fund A (acc) USD;JPMorgan Asset Management (Europe) S.à r.l.;Equity;Global Equity Large Cap;RV Global Cap. Grande Blend;USD;Luxemburgo;6;3;1.68;1.5;7.36;10.16;15.18;8.86;1981-04-30;True;False;35000;2026-08-28
LU0157179127;JPM Global Select Equity D acc EUR;JPMorgan Investment Funds - Global Select Equity Fund D (acc) EUR;JPMorgan Asset Management (Europe) S.à r.l.;Equity;Global Equity Large Cap;RV Global Cap. Grande Blend;EUR;Luxemburgo;5;3;2.47;1.5;7.49;8.81;11.43;8.17;2021-05-25;True;False;5000;2026-08-28
LU0115085028;JPM Global Select Equity D acc USD;JPMorgan Investment Funds - Global Select Equity Fund D (acc) USD;JPMorgan Asset Management (Europe) S.à r.l.;Equity;Global Equity Large Cap;RV Global Cap. Grande Blend;USD;Luxemburgo;6;3;2.44;1.5;6.83;9.34;14.31;8.03;2002-04-15;True;False;5000;2026-08-28
LU0200076213;Janus Henderson Global Select A2 EUR;Janus Henderson Global Select Fund A2 EUR;Janus Henderson Investors;Equity;Global Equity Large Cap;RV Global Cap. Grande Blend;EUR;Luxemburgo;5;3;1.66;1.5;11.98;15.63;15.73;6.74;2004-10-29;True;False;2500;2026-08-28
LU0200076999;Janus Henderson Global Select A2 USD;Janus Henderson Global Select Fund A2 USD;Janus Henderson Investors;Equity;Global Equity Large Cap;RV Global Cap. Grande Blend;USD;Luxemburgo;6;3;1.66;1.5;11.03;15.54;18.79;6.55;2005-03-24;True;False;2500;2026-08-28
LU1670715207;M&G (Lux) Glbl SustainParisAlgndEURAAcc;M&G (Lux) Global Sustain Paris Aligned Fund EUR A Acc;M&G Luxembourg S.A.;Equity;Global Equity Large Cap;RV Global Cap. Grande Blend;EUR;Luxemburgo;5;3;1.97;1.75;7.53;11.07;8.98;6.41;2018-11-09;True;False;1000;2026-08-28
LU0219418919;MFS Meridian Global Concntr A1 EUR;MFS Meridian Funds - Global Concentrated Fund A1 EUR;MFS Investment Management Company (Lux) S.à.r.l;Equity;Global Equity Large Cap;RV Global Cap. Grande Blend;EUR;Luxemburgo;5;2;2.07;1.15;7.13;9.16;6.44;2.96;2005-09-26;True;False;0;2026-08-28
LU0219441572;MFS Meridian Global Concntr A1 USD;MFS Meridian Funds - Global Concentrated Fund A1 USD;MFS Investment Management Company (Lux) S.à.r.l;Equity;Global Equity Large Cap;RV Global Cap. Grande Blend;USD;Luxemburgo;5;2;2.06;1.15;6.22;9.34;9.21;2.71;1999-04-08;True;False;0;2026-08-28
LU0094560744;MFS Meridian Global Equity A1 EUR;MFS Meridian Funds - Global Equity Fund A1 EUR;MFS Investment Management Company (Lux) S.à.r.l;Equity;Global Equity Large Cap;RV Global Cap. Grande Blend;EUR;Luxemburgo;5;2;1.92;1.05;8.07;10.1;7.18;3.36;1999-03-12;True;False;0;2026-08-28
LU0219441069;MFS Meridian Global Equity A1 USD;MFS Meridian Funds - Global Equity Fund A1 USD;MFS Investment Management Company (Lux) S.à.r.l;Equity;Global Equity Large Cap;RV Global Cap. Grande Blend;USD;Luxemburgo;5;2;1.9;1.05;7.17;10.28;9.96;3.11;2005-09-26;True;False;0;2026-08-28
LU1914599201;MFS Meridian Global Intrnsc Val A1 EUR;MFS Meridian Funds - Global Intrinsic Value Fund A1 EUR;MFS Investment Management Company (Lux) S.à.r.l;Equity;Global Equity Large Cap;RV Global Cap. Grande Blend;EUR;Luxemburgo;5;2;1.85;1;13.01;16.9;13.14;6.63;2019-02-15;True;False;0;2026-08-28
LU0119620416;MS INVF Global Brands A;Morgan Stanley Investment Funds - Global Brands Fund A;MSIM Fund Management (Ireland) Limited;Equity;Global Equity Large Cap;RV Global Cap. Grande Blend;USD;Luxemburgo;5;2;1.84;1.6;-3.85;-8.85;2.59;0.92;2000-10-30;True;False;0;2026-08-28
LU2295319300;MS INVF Global Brands A EUR;Morgan Stanley Investment Funds - Global Brands Fund A (EUR);MSIM Fund Management (Ireland) Limited;Equity;Global Equity Large Cap;RV Global Cap. Grande Blend;EUR;Luxemburgo;5;1;1.84;1.6;-3.24;-9.28;0.05;1.12;2021-04-16;True;False;;2026-08-28
LU0955010870;MS INVF Global Quality A;Morgan Stanley Investment Funds - Global Quality Fund A;MSIM Fund Management (Ireland) Limited;Equity;Global Equity Large Cap;RV Global Cap. Grande Blend;USD;Luxemburgo;5;2;1.84;1.6;3.81;0.45;6.64;2.5;2013-08-01;True;False;0;2026-08-28
LU1842711845;MS INVF Global Quality Select A USD Acc;Morgan Stanley Investment Funds - Global Quality Select Fund A USD Acc;MSIM Fund Management (Ireland) Limited;Equity;Global Equity Large Cap;RV Global Cap. Grande Blend;USD;Luxemburgo;5;1;1.74;1.5;3.48;0.09;7.69;2.97;2018-06-29;True;False;0;2026-08-28
LU0985320059;Nordea 1 - Glb Sust Stars Equity BP EUR;Nordea 1 - Global Sustainable Stars Equity Fund BP EUR;Nordea Investment Funds SA;Equity;Global Equity Large Cap;RV Global Cap. Grande Blend;EUR;Luxemburgo;5;3;1.8;1.5;11.56;15.59;12.39;6.37;2016-05-17;True;False;0;2026-08-28
LU0985320646;Nordea 1 - Glb Sust Stars Equity E EUR;Nordea 1 - Global Sustainable Stars Equity Fund E EUR;Nordea Investment Funds SA;Equity;Global Equity Large Cap;RV Global Cap. Grande Blend;EUR;Luxemburgo;4;3;2.55;1.5;11.02;14.73;11.55;5.58;2016-05-17;True;False;0;2026-08-28
LU0845340131;Pictet - Quest Global Sust Eq P EUR;Pictet - Quest Global Sustainable Equities P EUR;Pictet Asset Management (Europe) SA;Equity;Global Equity Large Cap;RV Global Cap. Grande Blend;EUR;Luxemburgo;5;4;1.17;2.4;12.68;18.08;15.43;10.63;2012-11-30;True;False;0;2026-08-28
LU2749782368;Pictet Quest AI-Driven Glb Eq P USD Acc;Pictet - Quest AI-Driven Global Equities P USD Acc;Pictet Asset Management (Europe) SA;Equity;Global Equity Large Cap;RV Global Cap. Grande Blend;USD;Luxemburgo;;;0.62;1;13.8;22;;;2024-03-28;True;False;0;2026-08-28
LU0503634221;Pictet SmartCity P EUR;Pictet - SmartCity P EUR;Pictet Asset Management (Europe) SA;Equity;Global Equity Large Cap;RV Global Cap. Grande Blend;EUR;Luxemburgo;6;1;1.97;2.4;7.47;3.5;6.64;-0.8;2010-05-12;True;False;0;2026-08-28
LU0550966351;Pictet SmartCity P dm EUR;Pictet - SmartCity P dm EUR;Pictet Asset Management (Europe) SA;Equity;Global Equity Large Cap;RV Global Cap. Grande Blend;EUR;Luxemburgo;6;1;1.97;2.4;7.47;3.49;6.64;-0.8;2010-12-15;True;False;0;2026-08-28
LU0387754996;Robeco Global Stars Equities D EUR;Robeco Global Stars Equities D EUR;Robeco Institutional Asset Management BV;Equity;Global Equity Large Cap;RV Global Cap. Grande Blend;EUR;Luxemburgo;5;4;1.46;1.25;9.66;14.98;14.78;9.12;2008-11-10;True;False;0;2026-08-28
LU1123620707;Robeco QI Glb Dev 3D Enh Idx Eqs D €;Robeco QI Global Developed 3D Enhanced Index Equities D EUR;Robeco Institutional Asset Management BV;Equity;Global Equity Large Cap;RV Global Cap. Grande Blend;EUR;Luxemburgo;6;4;0.71;0.5;14.17;21.49;18.99;11.84;2014-12-12;True;False;0;2026-08-28
LU0705780269;Robeco QI Global Conservative Eqs B €;Robeco Capital Growth Funds - Robeco QI Global Conservative Equities B EUR;Robeco Institutional Asset Management BV;Equity;Global Equity Large Cap;RV Global Cap. Grande Blend;EUR;Luxemburgo;5;3;1.01;0.8;11.78;15.44;12.77;9.04;2011-12-13;True;False;0;2026-08-28
LU0705782398;Robeco QI Global Conservative Eqs D €;Robeco Capital Growth Funds - Robeco QI Global Conservative Equities D EUR;Robeco Institutional Asset Management BV;Equity;Global Equity Large Cap;RV Global Cap. Grande Blend;EUR;Luxemburgo;5;3;1.01;0.8;11.77;15.43;12.77;9.04;2011-12-13;True;False;0;2026-08-28
LU1274519823;Robeco QI Global Dev Cnsrv Eqs D €;Robeco QI Global Developed Conservative Equities D €;Robeco Institutional Asset Management BV;Equity;Global Equity Large Cap;RV Global Cap. Grande Blend;EUR;Luxemburgo;5;3;1.01;0.8;10.5;15.24;13.58;9.44;2015-09-16;True;False;0;2026-08-28
LU1654173217;Robeco QI Global Dev Enh Index Eqs D €;Robeco QI Global Developed Enhanced Index Equities D €;Robeco Institutional Asset Management BV;Equity;Global Equity Large Cap;RV Global Cap. Grande Blend;EUR;Luxemburgo;5;5;0.72;0.5;14.73;21.46;19.53;12.99;2017-09-15;True;False;0;2026-08-28
FR001400CEG4;Sextant Quality Focus A;Sextant Quality Focus A;Amiral Gestion;Equity;Global Equity Large Cap;RV Global Cap. Grande Blend;EUR;Francia;;2;;1.8;4.52;4.66;9.98;;2022-11-30;True;False;1;2026-08-28
IE00B5456744;Vanguard ESG Dev Wld All Cp Eq IdxEURAcc;Vanguard ESG Developed World All Cap Equity Index Fund EUR Acc;Vanguard Group (Ireland) Limited;Equity;Global Equity Large Cap;RV Global Cap. Grande Blend;EUR;Irlanda;6;4;0.2;0.2;15.88;21.78;18.51;10.56;2011-02-07;True;True;1000000;2026-08-28
IE00B03HD209;Vanguard Glb Stk Idx $ Acc;Vanguard Global Stock Index Fund USD Acc;Vanguard Group (Ireland) Limited;Equity;Global Equity Large Cap;RV Global Cap. Grande Blend;USD;Irlanda;6;4;0.18;0.18;13.61;20.78;21.23;11.29;1998-08-04;True;True;1000000;2026-08-28
IE00B03HD191;Vanguard Glb Stk Idx € Acc;Vanguard Global Stock Index Fund EUR Acc;Vanguard Group (Ireland) Limited;Equity;Global Equity Large Cap;RV Global Cap. Grande Blend;EUR;Irlanda;5;4;0.18;0.18;14.57;20.23;18.11;11.56;2002-12-10;True;True;1000000;2026-08-28
IE00B03HD084;Vanguard Global Stock Index Inv USD Acc;Vanguard Global Stock Index Fund Investor USD Accumulation;Vanguard Group (Ireland) Limited;Equity;Global Equity Large Cap;RV Global Cap. Grande Blend;USD;Irlanda;6;4;0.18;0.18;13.61;20.78;21.23;11.29;1998-08-12;True;True;1000000;2026-08-28
LU2504564761;iShares World Equity Index (LU) A2 EUR;iShares World Equity Index Fund (LU) A2 EUR;BlackRock (Luxembourg) SA;Equity;Global Equity Large Cap;RV Global Cap. Grande Blend;EUR;Luxemburgo;5;4;0.52;0.45;13.32;19.78;17.69;;2022-09-07;True;True;5;2026-08-28
IE00BMDQ3Z40;BF1 Global Uncons Eq A USD Acc;BlackRock Funds I ICAV - BlackRock Global Unconstrained Equity Fund (UK) A USD;BlackRock Asset Management Ireland Ltd;Equity;Global Equity Large Cap;RV Global Cap. Grande Growth;USD;Irlanda;6;4;;1.7;15.63;19.77;15.47;7.91;2021-04-01;True;False;5000;2026-08-28
IE00B29M2H10;BNY Mellon Long-Term Glbl Eq EUR A Acc;BNY Mellon Long-Term Global Equity Fund EUR A Acc;BNY Mellon Fund Management (Lux) S.A.;Equity;Global Equity Large Cap;RV Global Cap. Grande Growth;EUR;Irlanda;5;2;;2;6.92;7.37;6.36;3.77;2008-04-18;True;False;5000;2026-08-28
IE00B42QQV61;BNY Mellon Long-Term Glbl Eq GBP A Acc;BNY Mellon Long-Term Global Equity Fund Sterling A Acc;BNY Mellon Fund Management (Lux) S.A.;Equity;Global Equity Large Cap;RV Global Cap. Grande Growth;GBP;Irlanda;5;2;;2;5.12;6.57;6.31;3.74;2009-10-23;True;False;5000;2026-08-28
IE00B29M2J34;BNY Mellon Long-Term Glbl Eq USD A Acc;BNY Mellon Long-Term Global Equity Fund USD A Acc;BNY Mellon Fund Management (Lux) S.A.;Equity;Global Equity Large Cap;RV Global Cap. Grande Growth;USD;Irlanda;6;2;;2;6.01;7.47;9.06;3.57;2008-04-04;True;False;5000;2026-08-28
IE00BK5TW727;Baillie Gifford WW L/T Glb Gr A EUR Acc;Baillie Gifford Worldwide Long Term Global Growth Fund Class A EUR Acc;Baillie Gifford Investment Management (Europe) Limited;Equity;Global Equity Large Cap;RV Global Cap. Grande Growth;EUR;Irlanda;7;1;1.56;1.5;-5.53;-6.85;12.66;-1.74;2019-09-30;True;False;1000;2026-08-28
IE00BD1DSB51;Baillie Gifford WW L/T Glb Gr A USD Acc;Baillie Gifford Worldwide Long Term Global Growth Fund Class A USD Acc;Baillie Gifford Investment Management (Europe) Limited;Equity;Global Equity Large Cap;RV Global Cap. Grande Growth;USD;Irlanda;7;1;1.56;1.5;-6.24;-6.37;15.58;-1.91;2019-06-13;True;False;1000;2026-08-28
IE00BLF9YH30;BlackRock Global Uncons Eq A EUR Acc;BlackRock Funds I ICAV - BlackRock Global Unconstrained Equity Fund A EUR Acc;BlackRock Asset Management Ireland Ltd;Equity;Global Equity Large Cap;RV Global Cap. Grande Growth;EUR;Irlanda;6;4;;1.7;16.61;19.22;12.51;8.18;2020-07-13;True;False;5000;2026-08-28
IE00BJM0B969;Blue Whale Growth EUR R;Blue Whale Investment Funds ICAV - Blue Whale Growth Fund EUR R Class;Blue Whale Capital LLP (Waystone);Equity;Global Equity Large Cap;RV Global Cap. Grande Growth;EUR;Irlanda;6;4;;1.5;24.9;42.21;29.62;13.4;2020-09-25;True;False;1000;2026-08-28
LU1530899142;CPR Invest Glbl Dsrpt Opp A EUR Acc;CPR Invest - Global Disruptive Opportunities Class A EUR Acc;CPR Asset Management;Equity;Global Equity Large Cap;RV Global Cap. Grande Growth;EUR;Luxemburgo;6;2;;2;17.37;23.11;17.41;2.58;2016-12-22;True;False;1;2026-08-28
LU0757431068;CT (Lux) Global Focus AE;CT (Lux) - Global Focus Class AE (EUR Accumulation Shares);Threadneedle Management Luxembourg S.A.;Equity;Global Equity Large Cap;RV Global Cap. Grande Growth;EUR;Luxemburgo;6;5;1.7;1.5;18.38;22.9;17.75;9.01;1995-10-31;True;False;;2026-08-28
LU1433070262;CT (Lux) Global Focus AEP;CT (Lux) - Global Focus Class AEP (EUR Distribution Shares);Threadneedle Management Luxembourg S.A.;Equity;Global Equity Large Cap;RV Global Cap. Grande Growth;EUR;Luxemburgo;6;5;1.7;1.5;18.38;22.9;17.74;9;2016-07-07;True;False;2500;2026-08-28
LU0061474960;CT (Lux) Global Focus AU;CT (Lux) - Global Focus Class AU (USD Accumulation Shares);Threadneedle Management Luxembourg S.A.;Equity;Global Equity Large Cap;RV Global Cap. Grande Growth;USD;Luxemburgo;6;5;1.7;1.5;17.38;22.82;20.85;8.8;1995-10-31;True;False;2500;2026-08-28
LU1295551573;Capital Group New Pers (LUX) B;Capital Group New Perspective Fund (LUX) B;Capital International Management Company Sàrl;Equity;Global Equity Large Cap;RV Global Cap. Grande Growth;USD;Luxemburgo;6;4;0.09;1.5;7.3;12.65;16.88;6.44;2015-10-30;True;False;0;2026-08-28
LU1295551144;Capital Group New Pers (LUX) B EUR;Capital Group New Perspective Fund (LUX) B EUR;Capital International Management Company Sàrl;Equity;Global Equity Large Cap;RV Global Cap. Grande Growth;EUR;Luxemburgo;6;4;0.09;1.5;8.27;12.49;13.98;6.71;2015-10-30;True;False;;2026-08-28
LU1295551227;Capital Group New Pers (LUX) B GBP;Capital Group New Perspective Fund (LUX) B GBP;Capital International Management Company Sàrl;Equity;Global Equity Large Cap;RV Global Cap. Grande Growth;GBP;Luxemburgo;6;4;0.09;1.5;6.42;11.91;13.94;6.72;2015-10-30;True;False;;2026-08-28
LU1295552209;Capital Group New Pers (LUX) Bgd EUR;Capital Group New Perspective Fund (LUX) Bgd EUR;Capital International Management Company Sàrl;Equity;Global Equity Large Cap;RV Global Cap. Grande Growth;EUR;Luxemburgo;6;4;1.59;1.5;7.92;12.23;13.85;6.77;2015-10-30;True;False;;2026-08-28
LU2050929863;Capital Group NewEcon LUX B;Capital Group New Economy Fund LUX B;Capital International Management Company Sàrl;Equity;Global Equity Large Cap;RV Global Cap. Grande Growth;USD;Luxemburgo;6;5;0.9;1.5;17.84;33.95;26.81;10.29;2019-11-07;True;False;0;2026-08-28
LU2050929277;Capital Group NewEcon LUX B EUR;Capital Group New Economy Fund LUX B EUR;Capital International Management Company Sàrl;Equity;Global Equity Large Cap;RV Global Cap. Grande Growth;EUR;Luxemburgo;6;5;0.9;1.5;18.88;33.78;23.66;10.56;2019-11-07;True;False;;2026-08-28
FR0010148981;Carmignac Investissement A EUR Acc;Carmignac Investissement A EUR Acc;Carmignac Gestion;Equity;Global Equity Large Cap;RV Global Cap. Grande Growth;EUR;Francia;6;4;2.2;1.7;18.53;29.88;23.05;10.29;1989-01-26;True;False;0;2026-08-28
BE0946563377;DPAM B Eqs NewGems Sust A Dis;DPAM B - Equities NewGems Sustainable A Dis;Degroof Petercam Asset Management SA;Equity;Global Equity Large Cap;RV Global Cap. Grande Growth;EUR;Bélgica;6;4;1.77;1.6;14.49;20.53;14.98;6.43;2006-10-02;True;False;1;2026-08-28
BE0946564383;DPAM B Eqs NewGems Sust B Cap;DPAM B - Equities NewGems Sustainable B Cap;Degroof Petercam Asset Management SA;Equity;Global Equity Large Cap;RV Global Cap. Grande Growth;EUR;Bélgica;6;4;1.73;1.6;14.53;20.59;15.03;5.92;2006-10-02;True;False;1;2026-08-28
BE0058652646;DPAM B Equities World Sust B Cap;DPAM B - Equities World Sustainable B Cap;Degroof Petercam Asset Management SA;Equity;Global Equity Large Cap;RV Global Cap. Grande Growth;EUR;Bélgica;6;3;1.74;1.6;7.65;9.65;9.85;3.62;2001-12-14;True;False;1;2026-08-28
IE000VOGDDG7;FTGF ClearBridge Glb Gr Ldrs A EUR Acc;FTGF ClearBridge Global Growth Leaders Fund Class A Euro Accumulating;Franklin Templeton International Services S.à r.l.;Equity;Global Equity Large Cap;RV Global Cap. Grande Growth;EUR;Irlanda;;;1.78;1.3;3.33;;;;2025-10-31;True;False;1000;2026-08-28
IE00BG1D7R55;FTGF ClearBridge Glb Gr Ldrs A USD Acc;FTGF ClearBridge Global Growth Leaders Fund Class A US$ Accumulating;Franklin Templeton International Services S.à r.l.;Equity;Global Equity Large Cap;RV Global Cap. Grande Growth;USD;Irlanda;6;4;1.78;1.3;2.46;5.21;15.19;6.24;2018-06-29;True;False;1000;2026-08-28
LU0251129895;Fidelity Global Thematic Opps A-Acc-EUR;Fidelity Funds - Global Thematic Opportunities Fund A-Acc-EUR;FIL Investment Management (Luxembourg) S.à r.l.;Equity;Global Equity Large Cap;RV Global Cap. Grande Growth;EUR;Luxemburgo;5;3;;1.5;14.97;20.8;14.75;6.05;2006-07-03;True;False;2500;2026-08-28
LU0251132253;Fidelity Global Thematic Opps A-Acc-USD;Fidelity Funds - Global Thematic Opportunities Fund A-Acc-USD;FIL Investment Management (Luxembourg) S.à r.l.;Equity;Global Equity Large Cap;RV Global Cap. Grande Growth;USD;Luxemburgo;6;3;;1.5;14.19;21.26;17.76;5.81;2006-07-03;True;False;2500;2026-08-28
LU0048584097;Fidelity Global Thematic Opps A-USD;Fidelity Funds - Global Thematic Opportunities Fund A-USD;FIL Investment Management (Luxembourg) S.à r.l.;Equity;Global Equity Large Cap;RV Global Cap. Grande Growth;USD;Luxemburgo;6;3;;1.5;14.19;21.26;17.76;5.81;1991-12-31;True;False;2500;2026-08-28
LU0690375182;Fundsmith Equity T EUR Acc;Fundsmith Equity Fund T EUR Acc;Fundsmith Investment Services Limited;Equity;Global Equity Large Cap;RV Global Cap. Grande Growth;EUR;Luxemburgo;6;2;1.08;1;0.89;0.93;4.35;1.7;2011-11-02;True;False;1000;2026-08-28
IE00BH481053;GQG Partners Global Equity A EUR Acc;GQG Partners Global Equity Fund Class A Euro Accumulating;GQG Partners LLC;Equity;Global Equity Large Cap;RV Global Cap. Grande Growth;EUR;Irlanda;5;4;1.34;1.25;7.05;5.44;7.28;6.74;2021-12-13;True;False;1000;2026-08-28
IE00BH480Z36;GQG Partners Global Equity A USD Acc;GQG Partners Global Equity Fund Class A US Dollar Accumulating;GQG Partners LLC;Equity;Global Equity Large Cap;RV Global Cap. Grande Growth;USD;Irlanda;5;4;1.34;1.25;6.18;5.58;10.01;6.56;2020-07-24;True;False;1000;2026-08-28
LU0786609619;GS Global Future Gen Eq Base Acc USD;Goldman Sachs Global Future Generations Equity Portfolio Base Acc USD;Goldman Sachs Asset Management B.V.;Equity;Global Equity Large Cap;RV Global Cap. Grande Growth;USD;Luxemburgo;6;2;1.67;1.5;2.81;5.82;16.43;0.9;2012-09-19;True;False;5000;2026-08-28
LU2104925693;GS Global Future Gen Eq OC Acc EUR;Goldman Sachs Global Future Generations Equity Portfolio Other Currency Acc EUR;Goldman Sachs Asset Management B.V.;Equity;Global Equity Large Cap;RV Global Cap. Grande Growth;EUR;Luxemburgo;6;2;1.66;1.5;3.45;5.34;13.53;1.11;2020-01-27;True;False;5000;2026-08-28
LU1897556517;Groupama Global Disruption NC;Groupama Global Disruption NC;Groupama Asset Management;Equity;Global Equity Large Cap;RV Global Cap. Grande Growth;EUR;Luxemburgo;6;5;;2;18.74;32.16;21;12.71;2018-12-21;True;False;0;2026-08-28
IE00BYQ67K80;GuardCap Global Equity S EUR Acc;GuardCap Global Equity Fund S EUR Acc;GuardCap Asset Management Limited;Equity;Global Equity Large Cap;RV Global Cap. Grande Growth;EUR;Irlanda;6;2;;1.5;1.37;-0.4;1;0.94;2017-01-31;True;False;;2026-08-28
IE00BQXX3D17;Guinness Global Innovators C EUR ACC;Guinness Global Innovators Fund C EUR ACC;Guinness Asset Management Limited;Equity;Global Equity Large Cap;RV Global Cap. Grande Growth;EUR;Irlanda;6;5;1.83;1.99;9.66;17.26;16.14;8.91;2014-10-31;True;False;0;2026-08-28
LU2357235576;Incometric Nartex Equity R Cap EUR Acc;Incometric Fund Nartex Equity Fund R Cap EUR Accumulation;Dux Inversores SGIIC S.A.;Equity;Global Equity Large Cap;RV Global Cap. Grande Growth;EUR;Luxemburgo;6;2;;;2.34;2.54;6.91;;2021-12-01;True;False;0;2026-08-28
LU2814886946;Incometric Nartex Equity RU USD Acc;Incometric Fund Nartex Equity Fund RU USD Accumulation;Dux Inversores SGIIC S.A.;Equity;Global Equity Large Cap;RV Global Cap. Grande Growth;USD;Luxemburgo;;;;1.65;1.45;2.4;;;2024-05-22;True;False;1000;2026-08-28
LU1762220934;Invesco Global Founders & Owners A USDAD;Invesco Funds - Invesco Global Founders & Owners Fund A Annual Distribution USD;Invesco Management S.A.;Equity;Global Equity Large Cap;RV Global Cap. Grande Growth;USD;Luxemburgo;6;5;;1.4;8.68;8.68;21.47;12.03;2018-03-08;True;False;1500;2026-08-28
LU2601038578;Invesco Global Founders & Owners AEURAcc;Invesco Funds - Invesco Global Founders & Owners Fund A Accumulation EUR;Invesco Management S.A.;Equity;Global Equity Large Cap;RV Global Cap. Grande Growth;EUR;Luxemburgo;6;5;;1.4;9.69;8.1;18.51;;2023-04-26;True;False;1000;2026-08-28
LU1218204391;Invesco Global Founders & Owners AUSDAcc;Invesco Funds - Invesco Global Founders & Owners Fund A Accumulation USD;Invesco Management S.A.;Equity;Global Equity Large Cap;RV Global Cap. Grande Growth;USD;Luxemburgo;6;4;;1.4;8.7;8.7;21.48;12.03;2015-05-20;True;False;1500;2026-08-28
LU0868753731;MS INVF Global Insight A;Morgan Stanley Investment Funds - Global Insight Fund A;MSIM Fund Management (Ireland) Limited;Equity;Global Equity Large Cap;RV Global Cap. Grande Growth;USD;Luxemburgo;7;1;1.84;1.6;-1.4;-2.25;26.25;-2.56;2013-01-31;True;False;0;2026-08-28
LU2295320068;MS INVF Global Insight A (EUR);Morgan Stanley Investment Funds - Global Insight Fund A (EUR);MSIM Fund Management (Ireland) Limited;Equity;Global Equity Large Cap;RV Global Cap. Grande Growth;EUR;Luxemburgo;7;2;1.84;1.6;-0.82;-2.74;23.1;-2.37;2021-02-26;True;False;;2026-08-28
LU0552385295;MS INVF Global Opportunity A;Morgan Stanley Investment Funds - Global Opportunity Fund A;MSIM Fund Management (Ireland) Limited;Equity;Global Equity Large Cap;RV Global Cap. Grande Growth;USD;Luxemburgo;6;3;1.84;1.6;5.3;3.72;19.06;4.21;2010-11-30;True;False;0;2026-08-28
LU2308174304;MS INVF Global Opportunity A EUR;Morgan Stanley Investment Funds - Global Opportunity Fund A (EUR);MSIM Fund Management (Ireland) Limited;Equity;Global Equity Large Cap;RV Global Cap. Grande Growth;EUR;Luxemburgo;6;2;1.84;1.6;5.98;3.27;16.11;4.41;2021-03-05;True;False;0;2026-08-28
LU1203833295;Mirabaud - Global Focus A cap. EUR;Mirabaud - Global Focus A cap. EUR;Mirabaud Asset Management Ltd;Equity;Global Equity Large Cap;RV Global Cap. Grande Growth;EUR;Luxemburgo;6;2;1.83;1.5;3.47;4.98;9.64;0.16;2015-04-13;True;False;0;2026-08-28
LU1008513852;Mirabaud - Global Focus A cap. USD;Mirabaud - Global Focus A cap. USD;Mirabaud Asset Management Ltd;Equity;Global Equity Large Cap;RV Global Cap. Grande Growth;USD;Luxemburgo;6;2;1.83;1.5;2.61;4.91;12.53;-0.03;2013-12-20;True;False;1;2026-08-28
IE00BF0GL105;Polar Cptl PLCArtfclIntllgncRAcc;Polar Capital Funds PLC - Artificial Intelligence Fund RAcc;Polar Capital LLP;Equity;Global Equity Large Cap;RV Global Cap. Grande Growth;USD;Irlanda;6;5;;1.3;38.06;59.15;37.85;17.02;2017-10-06;True;False;0;2026-08-28
IE00BF0GL212;Polar Cptl PLCArtfclIntllgncRAcc EUR;Polar Capital Funds PLC - Artificial Intelligence Fund RAcc EUR;Polar Capital LLP;Equity;Global Equity Large Cap;RV Global Cap. Grande Growth;EUR;Irlanda;6;5;;1.3;39.22;59.27;34.33;17.24;2017-10-06;True;False;;2026-08-28
LU0187079347;Robeco Global Consumer Trends D EUR;Robeco Global Consumer Trends D EUR;Robeco Institutional Asset Management BV;Equity;Global Equity Large Cap;RV Global Cap. Grande Growth;EUR;Luxemburgo;6;2;1.7;1.5;5.91;4.54;9.79;0.67;1998-06-03;True;False;0;2026-08-28
LU0554840073;Robeco Global Consumer Trends Eqs D $;Robeco Global Consumer Trends Equities D $;Robeco Institutional Asset Management BV;Equity;Global Equity Large Cap;RV Global Cap. Grande Growth;USD;Luxemburgo;6;2;1.71;1.5;5.01;4.46;12.68;0.48;2010-11-12;True;False;0;2026-08-28
LU0974293671;Robeco Global Multi-Thematic D EUR Cap;Robeco Global Multi-Thematic D EUR Capitalisation;Robeco Institutional Asset Management BV;Equity;Global Equity Large Cap;RV Global Cap. Grande Growth;EUR;Luxemburgo;6;3;;1.6;9.18;11.57;12.03;3.33;2013-11-15;True;False;0;2026-08-28
IE00B2NXKW18;Seilern World Growth EUR U R;Seilern World Growth EUR U R;Seilern International AG;Equity;Global Equity Large Cap;RV Global Cap. Grande Growth;EUR;Irlanda;6;2;1.62;1.5;-1.33;-1.58;-0.83;-2.11;2008-01-01;True;False;500;2026-08-28
LU2905591629;Sifter Fund - Global RA;Sifter Fund - Global RA;Sifter Capital Oy;Equity;Global Equity Large Cap;RV Global Cap. Grande Growth;EUR;Luxemburgo;;;2.28;2;19.74;30.22;;;2024-10-22;True;False;;2026-08-28
LU1438969351;T. Rowe Price Glb Foc Gr Eq A (EUR);T. Rowe Price Funds SICAV - Global Focused Growth Equity Fund A (EUR);T. Rowe Price (Luxembourg) Management S.à r.l.;Equity;Global Equity Large Cap;RV Global Cap. Grande Growth;EUR;Luxemburgo;6;5;1.7;1.6;18.76;28.87;18.88;7.74;2016-06-30;True;False;0;2026-08-28
LU0143551892;T. Rowe Price Global Fcs Gr Eq A;T. Rowe Price Funds SICAV - Global Focused Growth Equity Fund A;T. Rowe Price (Luxembourg) Management S.à r.l.;Equity;Global Equity Large Cap;RV Global Cap. Grande Growth;USD;Luxemburgo;6;5;1.69;1.6;18;29.46;21.92;7.54;2003-03-28;True;False;0;2026-08-28
LU0573559563;UBAM 30 Global Leaders Equity AC EUR;UBAM - 30 Global Leaders Equity AC EUR;UBP Asset Management (Europe) S.A.;Equity;Global Equity Large Cap;RV Global Cap. Grande Growth;EUR;Luxemburgo;6;3;;1.5;5.97;7.51;5.78;2.64;2013-01-23;True;False;0;2026-08-28
LU0218910536;Vontobel Global Equity B USD;Vontobel Fund - Global Equity B USD Cap;Vontobel Asset Management S.A.;Equity;Global Equity Large Cap;RV Global Cap. Grande Growth;USD;Luxemburgo;5;2;1.99;1.65;-2.81;-4.31;6.48;1.24;2005-07-01;True;False;0;2026-08-28
LU1366139522;Wellington Glbl Quality Gr EUR D Ac;Wellington Global Quality Growth Fund EUR D Ac;Wellington Luxembourg S.à r.l.;Equity;Global Equity Large Cap;RV Global Cap. Grande Growth;EUR;Luxemburgo;5;4;1.79;0.75;10.05;13.57;16.29;7.34;2016-07-20;True;False;5000;2026-08-28
FR0010859769;Échiquier World Equity Growth A;Échiquier World Equity Growth A;La Financière de l'Echiquier;Equity;Global Equity Large Cap;RV Global Cap. Grande Growth;EUR;Francia;5;4;;2.29;10.58;14.94;13.03;7.38;2010-04-16;True;False;0;2026-08-28
IE0031573904;Brandes Global Value A Euro Acc;Brandes Global Value Fund A Euro Acc;Brandes Investment Partners (Europe) Limited;Equity;Global Equity Large Cap;RV Global Cap. Grande Value;EUR;Irlanda;5;3;;0.7;11.41;20.45;17.13;12.67;2002-11-29;True;False;10000;2026-08-28
IE0031573896;Brandes Global Value A USD Acc;Brandes Global Value Fund A USD Acc;Brandes Investment Partners (Europe) Limited;Equity;Global Equity Large Cap;RV Global Cap. Grande Value;USD;Irlanda;6;3;1.76;0.7;10.44;20.6;20.44;12.82;2002-11-29;True;False;10000;2026-08-28
LU1278917452;DWS Invest CROCI Sectors Plus LC;DWS Invest CROCI Sectors Plus LC;DWS Investment S.A.;Equity;Global Equity Large Cap;RV Global Cap. Grande Value;EUR;Luxemburgo;5;3;1.49;1.35;17.89;19.47;8.46;7.57;2015-11-18;True;False;0;2026-08-28
LU2357751820;DWS Invest CROCI Sectors Plus USD LC;DWS Invest CROCI Sectors Plus USD LC;DWS Investment S.A.;Equity;Global Equity Large Cap;RV Global Cap. Grande Value;USD;Luxemburgo;5;1;1.48;1.35;16.8;20.01;11.22;;2021-09-14;True;False;0;2026-08-28
LU1769941003;DWS Invest CROCI World Vl LC;DWS Invest CROCI World Value LC;DWS Investment S.A.;Equity;Global Equity Large Cap;RV Global Cap. Grande Value;EUR;Luxemburgo;5;3;1.55;1.4;18.94;25.32;12.87;10.51;2018-08-28;True;False;0;2026-08-28
LU0211333025;Franklin Mutual Glbl DiscvA(acc)EUR;Franklin Mutual Global Discovery Fund A(acc)EUR;Franklin Templeton International Services S.à r.l.;Equity;Global Equity Large Cap;RV Global Cap. Grande Value;EUR;Luxemburgo;5;2;1.82;1.5;9.4;14.28;10.75;8.47;2005-10-25;True;False;;2026-08-28
LU0211331839;Franklin Mutual Glbl DiscvA(acc)USD;Franklin Mutual Global Discovery Fund A(acc)USD;Franklin Templeton International Services S.à r.l.;Equity;Global Equity Large Cap;RV Global Cap. Grande Value;USD;Luxemburgo;5;2;1.82;1.5;8.46;14.46;13.57;8.21;2005-10-25;True;False;1000;2026-08-28
LU2334866550;JPM Global Value A acc EUR;JPMorgan Funds - Global Value Fund A (acc) EUR;JPMorgan Asset Management (Europe) S.à r.l.;Equity;Global Equity Large Cap;RV Global Cap. Grande Value;EUR;Luxemburgo;5;4;1.8;1.5;21.43;31.73;19.78;13.88;2021-06-03;True;False;35000;2026-08-28
LU2864448068;MFS Meridian Contrarian Capital A1 EUR;MFS Meridian Funds - Contrarian Capital Fund A1 EUR;MFS Investment Management Company (Lux) S.à.r.l;Equity;Global Equity Large Cap;RV Global Cap. Grande Value;EUR;Luxemburgo;5;;;1;19.01;23.21;;;2024-11-20;True;False;0;2026-08-28
LU0112467450;Nordea 1 - Global Stable Equity BP EUR;Nordea 1 - Global Stable Equity Fund BP EUR;Nordea Investment Funds SA;Equity;Global Equity Large Cap;RV Global Cap. Grande Value;EUR;Luxemburgo;5;1;1.72;1.5;8.54;8.94;6.57;5.54;2006-01-02;True;False;0;2026-08-28
LU0203975197;Robeco BP Global Premium Eqs B EUR;Robeco BP Global Premium Equities B EUR;Robeco Institutional Asset Management BV;Equity;Global Equity Large Cap;RV Global Cap. Grande Value;EUR;Luxemburgo;5;3;1.46;1.25;16.14;23.07;18.73;13.21;2004-12-13;True;False;0;2026-08-28
LU0203975437;Robeco BP Global Premium Eqs D EUR;Robeco BP Global Premium Equities D EUR;Robeco Institutional Asset Management BV;Equity;Global Equity Large Cap;RV Global Cap. Grande Value;EUR;Luxemburgo;5;3;1.45;1.25;16.15;23.08;18.73;13.22;2004-12-13;True;False;0;2026-08-28
LU0951559797;Robeco BP Global Premium Eqs D USD;Robeco BP Global Premium Equities D USD;Robeco Institutional Asset Management BV;Equity;Global Equity Large Cap;RV Global Cap. Grande Value;USD;Luxemburgo;6;3;1.47;1.25;15.16;22.98;21.85;13;2013-07-12;True;False;0;2026-08-28
LU0248176017;Schroder ISF QEP Glb ActvVal A Acc EUR;Schroder International Selection Fund QEP Global Active Value A Accumulation EUR;Schroder Investment Management (Europe) S.A.;Equity;Global Equity Large Cap;RV Global Cap. Grande Value;EUR;Luxemburgo;5;4;;1.25;20.77;30.5;19.66;12.48;2006-03-28;True;False;1000;2026-08-28
LU0203345920;Schroder ISF QEP Glb ActvVal A Acc USD;Schroder International Selection Fund QEP Global Active Value A Accumulation USD;Schroder Investment Management (Europe) S.A.;Equity;Global Equity Large Cap;RV Global Cap. Grande Value;USD;Luxemburgo;5;4;;1.25;19.74;31.12;22.64;12.26;2004-10-29;True;False;1000;2026-08-28
LU0203347892;Schroder ISF QEP Glb ActvVal A Dis AV;Schroder International Selection Fund QEP Global Active Value A Distribution USD AV;Schroder Investment Management (Europe) S.A.;Equity;Global Equity Large Cap;RV Global Cap. Grande Value;USD;Luxemburgo;5;4;;1.25;19.74;31.12;22.64;12.26;2004-10-29;True;False;1000;2026-08-28
LU1493953001;T. Rowe Price Glb Val Eq A (EUR);T. Rowe Price Funds SICAV - Global Value Equity Fund A (EUR);T. Rowe Price (Luxembourg) Management S.à r.l.;Equity;Global Equity Large Cap;RV Global Cap. Grande Value;EUR;Luxemburgo;5;4;1.72;1.6;21.79;36.65;20.03;12.51;2016-09-20;True;False;1000;2026-08-28
IE0031069168;AXA IM Global Small Cap Eq QIB;AXA IM Equity Trust - AXA IM Global Small Cap Equity QIB;BNP PARIBAS ASSET MANAGEMENT Europe;Equity;Global Equity Mid/Small Cap;RV Global Capitalización Pequeña y Mediana;EUR;Irlanda;5;4;1.64;1.5;19.77;26.38;18;10.48;2001-10-05;True;False;5000;2026-08-28
LU0054578231;BGF Systematic Glbl SmallCap A2;BlackRock Global Funds - Systematic Global SmallCap Fund A2;BlackRock (Luxembourg) SA;Equity;Global Equity Mid/Small Cap;RV Global Capitalización Pequeña y Mediana;USD;Luxemburgo;6;4;1.82;1.5;19.77;24.5;19.73;9.28;1994-11-04;True;False;5000;2026-08-28
LU0171288334;BGF Systematic Glbl SmallCap A2 EUR;BlackRock Global Funds - Systematic Global SmallCap Fund A2 EUR;BlackRock (Luxembourg) SA;Equity;Global Equity Mid/Small Cap;RV Global Capitalización Pequeña y Mediana;EUR;Luxemburgo;6;4;1.82;1.5;20.54;23.93;16.76;9.5;1994-11-04;True;False;;2026-08-28
IE00BJ5JS224;Baillie Gifford WW Discovery A EUR Acc;Baillie Gifford Worldwide Discovery Fund A EUR Acc;Baillie Gifford Investment Management (Europe) Limited;Equity;Global Equity Mid/Small Cap;RV Global Capitalización Pequeña y Mediana;EUR;Irlanda;6;1;1.64;1.5;18.24;16.33;8.56;-7.91;2019-04-12;True;False;1000;2026-08-28
LU0570870567;CT (Lux) Glb Smlr Coms AE;CT (Lux) - Global Smaller Companies AE (EUR Accumulation Shares);Threadneedle Management Luxembourg S.A.;Equity;Global Equity Mid/Small Cap;RV Global Capitalización Pequeña y Mediana;EUR;Luxemburgo;6;2;1.8;1.5;11.77;10.6;2.36;-3.01;2011-03-03;True;False;2500;2026-08-28
LU0245181838;GS Glb Sm Cp CORE Eq E Acc EUR Close;Goldman Sachs Global Small Cap CORE Equity Portfolio E Acc EUR Close;Goldman Sachs Asset Management B.V.;Equity;Global Equity Mid/Small Cap;RV Global Capitalización Pequeña y Mediana;EUR;Luxemburgo;6;4;;1.25;19.19;24.16;18.15;10.07;2007-03-30;True;False;1500;2026-08-28
LU1599216113;GS Glb Sm Cp CORE Eq OthCcy Acc EURSnap;Goldman Sachs Global Small Cap CORE Equity Portfolio Other Currency Acc EUR Snap;Goldman Sachs Asset Management B.V.;Equity;Global Equity Mid/Small Cap;RV Global Capitalización Pequeña y Mediana;EUR;Luxemburgo;6;4;;1.25;18.64;24.8;18.62;10.88;2017-04-27;True;False;5000;2026-08-28
LU3038481936;Hamco Global Value R EUR Acc;Hamco SICAV - Global Value R EUR Acc;HAMCO AM, SGIIC, SA;Equity;Global Equity Mid/Small Cap;RV Global Capitalización Pequeña y Mediana;EUR;Luxemburgo;;4;;0.9;14.92;17.85;11.49;16.42;2025-11-25;True;False;100;2026-08-28
LU1984712320;Janus Henderson Hrzn Glb SC A2 EUR;Janus Henderson Horizon Global Smaller Companies Fund A2 EUR;Janus Henderson Investors;Equity;Global Equity Mid/Small Cap;RV Global Capitalización Pequeña y Mediana;EUR;Luxemburgo;6;4;1.88;1.2;12.82;16.63;19.72;11.38;2019-08-06;True;False;2500;2026-08-28
LU1983261782;Janus Henderson Hrzn Glb SC A2 USD;Janus Henderson Horizon Global Smaller Companies Fund A2 USD;Janus Henderson Investors;Equity;Global Equity Mid/Small Cap;RV Global Capitalización Pequeña y Mediana;USD;Luxemburgo;6;4;1.88;1.2;12.08;17.15;22.64;11.06;2019-08-06;True;False;2500;2026-08-28
IE00B42W4L06;Vanguard Glb Small-Cp Idx € Acc;Vanguard Global Small-Cap Index Fund EUR Acc;Vanguard Group (Ireland) Limited;Equity;Global Equity Mid/Small Cap;RV Global Capitalización Pequeña y Mediana;EUR;Irlanda;6;4;0.29;0.29;19.45;23.68;15.83;7.66;2012-12-11;True;True;1000000;2026-08-28
IE00B42LF923;Vanguard Global Small-Cap Idx USD Acc;Vanguard Global Small-Cap Index Fund USD Acc;Vanguard Group (Ireland) Limited;Equity;Global Equity Mid/Small Cap;RV Global Capitalización Pequeña y Mediana;USD;Irlanda;6;4;0.29;0.29;18.45;24.25;18.88;7.4;2009-12-10;True;True;1000000;2026-08-28
LU2530217723;abrdn- Global Smaller Comp A Acc EUR;abrdn SICAV II-Global Smaller Companies Fund A Acc EUR;abrdn Investments Luxembourg S.A.;Equity;Global Equity Mid/Small Cap;RV Global Capitalización Pequeña y Mediana;EUR;Luxemburgo;6;1;;1.8;2.45;-3.77;5.04;-5.1;2022-11-25;True;False;1000;2026-08-28
LU2530217996;abrdn- Global Smaller Comp A Acc USD;abrdn SICAV II-Global Smaller Companies Fund A Acc USD;abrdn Investments Luxembourg S.A.;Equity;Global Equity Mid/Small Cap;RV Global Capitalización Pequeña y Mediana;USD;Luxemburgo;6;1;;1.8;1.51;-3.26;7.69;-5.18;2022-11-25;True;False;500;2026-08-28
LU0996177134;Amundi IS Core MSCI Emerg Mkts AE-C;Amundi Index Solutions - Amundi Core MSCI Emerging Markets AE-C;Amundi Luxembourg S.A.;Equity;Global Emerging Markets Equity;RV Global Emergente;EUR;Luxemburgo;6;3;0.45;0.3;24.62;36.68;20.31;8.64;2014-04-09;True;True;0;2026-08-28
LU0047713382;BGF Emerging Markets A2;BlackRock Global Funds - Emerging Markets Fund A2;BlackRock (Luxembourg) SA;Equity;Global Emerging Markets Equity;RV Global Emergente;USD;Luxemburgo;6;2;1.86;1.5;25.46;41.29;17.51;3.09;1993-11-30;True;False;5000;2026-08-28
LU0171275786;BGF Emerging Markets A2 EUR;BlackRock Global Funds - Emerging Markets Fund A2 EUR;BlackRock (Luxembourg) SA;Equity;Global Emerging Markets Equity;RV Global Emergente;EUR;Luxemburgo;6;2;1.86;1.5;26.27;40.67;14.59;3.3;1993-11-30;True;False;;2026-08-28
LU1289970086;BSF Emerging Markets Eq Strats A2 USD;BlackRock Strategic Funds - Emerging Markets Equity Strategies Fund A2 USD;BlackRock (Luxembourg) SA;Equity;Global Emerging Markets Equity;RV Global Emergente;USD;Luxemburgo;6;5;;1.5;9.68;24.79;20.39;14.26;2015-09-18;True;False;5000;2026-08-28
LU1321847805;BSF Emerging Markets Eq Strats E2 EUR;BlackRock Strategic Funds - Emerging Markets Equity Strategies Fund E2 EUR;BlackRock (Luxembourg) SA;Equity;Global Emerging Markets Equity;RV Global Emergente;EUR;Luxemburgo;6;4;;1.5;10.02;23.6;16.81;13.91;2015-11-18;True;False;5000;2026-08-28
IE00BK5TW610;Baillie Gifford WW EM LdgComs A EUR Acc;Baillie Gifford Worldwide Emerging Markets Leading Companies Fund Class A EUR Acc;Baillie Gifford Investment Management (Europe) Limited;Equity;Global Emerging Markets Equity;RV Global Emergente;EUR;Irlanda;6;2;1.6;1.5;36.76;51.18;21.2;7.48;2019-09-30;True;False;1000;2026-08-28
ES0113571006;Bankinter Emergentes R FI;Bankinter Emergentes R FI;Bankinter Gestión de Activos SGIIC;Equity;Global Emerging Markets Equity;RV Global Emergente;EUR;España;6;3;1.37;1;23.32;34.59;18.53;7.33;2018-02-23;True;False;1;2026-08-28
IE00B6RNXY80;Brandes Emerging Markets Value A Euro;Brandes Emerging Markets Value Fund Euro Class A Shares;Brandes Investment Partners (Europe) Limited;Equity;Global Emerging Markets Equity;RV Global Emergente;EUR;Irlanda;6;4;1.95;0.85;22.71;38.95;21.11;12.85;2013-01-11;True;False;;2026-08-28
IE00B6TRNJ36;Brandes Emerging Markets Value A USD;Brandes Emerging Markets Value Fund US Dollar Class A Shares;Brandes Investment Partners (Europe) Limited;Equity;Global Emerging Markets Equity;RV Global Emergente;USD;Irlanda;6;4;1.95;0.85;21.71;39.15;24.2;12.58;2013-02-28;True;False;10000;2026-08-28
LU0056052961;Candriam Eqs L Em Mkts C EUR Cap;Candriam Equities L Emerging Markets Class C EUR Cap;Candriam;Equity;Global Emerging Markets Equity;RV Global Emergente;EUR;Luxemburgo;6;3;2.11;1.6;26.59;42.16;21.98;6.01;1994-06-02;True;False;0;2026-08-28
LU1481180195;Capital Group NewWorld LUX B;Capital Group New World Fund LUX B;Capital International Management Company Sàrl;Equity;Global Emerging Markets Equity;RV Global Emergente;USD;Luxemburgo;6;3;1.75;1.6;15.92;25.45;17.94;5.88;2016-10-28;True;False;0;2026-08-28
LU1481179858;Capital Group NewWorld LUX B EUR;Capital Group New World Fund LUX B EUR;Capital International Management Company Sàrl;Equity;Global Emerging Markets Equity;RV Global Emergente;EUR;Luxemburgo;6;3;1.75;1.6;17.22;25.73;15.08;5.97;2016-10-28;True;False;;2026-08-28
FR0010149302;Carmignac Emergents A EUR Acc;Carmignac Emergents A EUR Acc;Carmignac Gestion;Equity;Global Emerging Markets Equity;RV Global Emergente;EUR;Francia;6;3;1.73;1.5;27.82;43.21;19.63;7.15;1997-02-03;True;False;0;2026-08-28
LU2540616898;DWS Invest ESG Glbl Em Mkts Eqs NC;DWS Invest ESG Global Emerging Markets Equities NC;DWS Investment S.A.;Equity;Global Emerging Markets Equity;RV Global Emergente;EUR;Luxemburgo;6;3;2.1;2;27.53;38.39;19.25;;2022-11-24;True;False;;2026-08-28
LU1984220373;DWS Invest ESG Global Em Mkts Eqs LC;DWS Invest ESG Global Emerging Markets Equities LC;DWS Investment S.A.;Equity;Global Emerging Markets Equity;RV Global Emergente;EUR;Luxemburgo;6;3;1.6;1.5;27.95;39.1;19.85;8.06;2019-05-29;True;False;0;2026-08-28
IE00B3NFBQ59;Federated Hermes Glb EM Eq R EUR Acc;Federated Hermes Global Emerging Markets Equity Fund Class R EUR Accumulating;Hermes Fund Managers Ireland Ltd;Equity;Global Emerging Markets Equity;RV Global Emergente;EUR;Irlanda;6;3;;1.5;21.94;32.02;16.62;4.45;2011-10-11;True;False;1000;2026-08-28
LU1048684796;Fidelity Emerging Markets A-Acc-EUR;Fidelity Funds - Emerging Markets Fund A-Acc-EUR;FIL Investment Management (Luxembourg) S.à r.l.;Equity;Global Emerging Markets Equity;RV Global Emergente;EUR;Luxemburgo;6;3;;1.5;33.76;49.22;22.39;5.93;2014-04-02;True;False;;2026-08-28
LU0261950470;Fidelity Emerging Markets A-Acc-USD;Fidelity Funds - Emerging Markets Fund A-Acc-USD;FIL Investment Management (Luxembourg) S.à r.l.;Equity;Global Emerging Markets Equity;RV Global Emergente;USD;Luxemburgo;6;3;;1.5;32.81;49.68;25.57;5.67;2006-09-25;True;False;2500;2026-08-28
LU0307839646;Fidelity Emerging Markets A-DIST-EUR;Fidelity Funds - Emerging Markets Fund A-DIST-EUR;FIL Investment Management (Luxembourg) S.à r.l.;Equity;Global Emerging Markets Equity;RV Global Emergente;EUR;Luxemburgo;6;3;;1.5;33.77;49.14;22.37;5.92;2007-07-23;True;False;;2026-08-28
LU0115763970;Fidelity Emerging Markets E-Acc-EUR;Fidelity Funds - Emerging Markets Fund E-Acc-EUR;FIL Investment Management (Luxembourg) S.à r.l.;Equity;Global Emerging Markets Equity;RV Global Emergente;EUR;Luxemburgo;6;2;;1.5;33.13;48.06;21.48;5.14;2000-09-11;True;False;;2026-08-28
LU1206943596;Fidelity FAST Emerging Markets A-ACC-EUR;Fidelity Active Strategy - FAST - Emerging Markets Fund A-ACC-EUR;FIL Investment Management (Luxembourg) S.à r.l.;Equity;Global Emerging Markets Equity;RV Global Emergente;EUR;Luxemburgo;6;4;1.94;1.5;37.11;62.9;33.93;11.51;2015-04-01;True;False;2500;2026-08-28
IE00BYX5M476;Fidelity MSCI Emerg Mkts Indx EUR P Acc;Fidelity MSCI Emerging Markets Index Fund EUR P Acc;FIL Investment Management (Luxembourg) S.A., Ireland Branch;Equity;Global Emerging Markets Equity;RV Global Emergente;EUR;Irlanda;5;3;0.2;0.2;24.9;37.15;20.12;8.85;2018-03-20;True;True;0;2026-08-28
IE00BYW5Q247;GQG Partners Emerging Mkts Eq A EUR Acc;GQG Partners Emerging Markets Equity Fund Class A Euro Accumulating;GQG Partners LLC;Equity;Global Emerging Markets Equity;RV Global Emergente;EUR;Irlanda;5;2;1.65;1.5;6.34;11.62;8.31;3.34;2017-07-17;True;False;1000;2026-08-28
IE00BYW5Q130;GQG Partners Emerging Mkts Eq A USD Acc;GQG Partners Emerging Markets Equity Fund Class A US Dollar Accumulating;GQG Partners LLC;Equity;Global Emerging Markets Equity;RV Global Emergente;USD;Irlanda;5;2;1.65;1.5;5.4;11.71;11.07;3.16;2017-07-17;True;False;1000;2026-08-28
LU0313355587;GS EM CORE Eq Base Acc USD Close;Goldman Sachs Emerging Markets CORE Equity Portfolio Base Acc USD Close;Goldman Sachs Asset Management B.V.;Equity;Global Emerging Markets Equity;RV Global Emergente;USD;Luxemburgo;6;3;;1.35;27.53;42.53;23.93;8.12;2009-08-10;True;False;5000;2026-08-28
LU3121069069;Invesco Emerging Mkt Eq A EUR Acc;Invesco Funds - Invesco Emerging Markets Equity Fund A Accumulation EUR;Invesco Management S.A.;Equity;Global Emerging Markets Equity;RV Global Emergente;EUR;Luxemburgo;6;;;1.4;24.12;37.9;;;2025-08-27;True;False;1000;2026-08-28
LU0862449690;JPM Emerging Markets Div A acc EUR;JPMorgan Funds - Emerging Markets Dividend Fund A (acc) EUR;JPMorgan Asset Management (Europe) S.à r.l.;Equity;Global Emerging Markets Equity;RV Global Emergente;EUR;Luxemburgo;5;4;1.8;1.5;27.25;41.79;19.85;10.04;2012-12-11;True;False;35000;2026-08-28
LU0217576759;JPM Emerging Mkts Eq A acc EUR;JPMorgan Funds - Emerging Markets Equity Fund A (acc) EUR;JPMorgan Asset Management (Europe) S.à r.l.;Equity;Global Emerging Markets Equity;RV Global Emergente;EUR;Luxemburgo;6;3;1.73;1.5;29.64;46.91;19.93;5.19;2005-09-20;True;False;35000;2026-08-28
LU0210529656;JPM Emerging Mkts Eq A acc USD;JPMorgan Funds - Emerging Markets Equity Fund A (acc) USD;JPMorgan Asset Management (Europe) S.à r.l.;Equity;Global Emerging Markets Equity;RV Global Emergente;USD;Luxemburgo;6;3;1.73;1.5;28.79;47.53;22.99;5;2005-03-31;True;False;35000;2026-08-28
LU0053685615;JPM Emerging Mkts Eq A dist USD;JPMorgan Funds - Emerging Markets Equity Fund A (dist) USD;JPMorgan Asset Management (Europe) S.à r.l.;Equity;Global Emerging Markets Equity;RV Global Emergente;USD;Luxemburgo;6;3;1.74;1.5;28.79;47.54;22.98;4.99;1994-04-13;True;False;35000;2026-08-28
LU0217576833;JPM Emerging Mkts Eq D acc EUR;JPMorgan Funds - Emerging Markets Equity Fund D (acc) EUR;JPMorgan Asset Management (Europe) S.à r.l.;Equity;Global Emerging Markets Equity;RV Global Emergente;EUR;Luxemburgo;6;3;2.51;1.5;28.94;45.74;18.99;4.37;2006-05-08;True;False;5000;2026-08-28
LU0117895366;JPM Emerging Mkts Eq D acc USD;JPMorgan Funds - Emerging Markets Equity Fund D (acc) USD;JPMorgan Asset Management (Europe) S.à r.l.;Equity;Global Emerging Markets Equity;RV Global Emergente;USD;Luxemburgo;6;3;2.54;1.5;28.1;46.35;21.99;4.15;2000-10-13;True;False;5000;2026-08-28
LU1670618690;M&G (Lux) Glb Em Mkts A EUR Acc;M&G (Lux) Global Emerging Markets Fund EUR A Acc;M&G Luxembourg S.A.;Equity;Global Emerging Markets Equity;RV Global Emergente;EUR;Luxemburgo;6;4;2;1.75;19.8;33.62;19.33;11.5;2018-10-26;True;False;1000;2026-08-28
LU1670624664;M&G (Lux) Glb Em Mkts A USD Acc;M&G (Lux) Global Emerging Markets Fund USD A Acc;M&G Luxembourg S.A.;Equity;Global Emerging Markets Equity;RV Global Emergente;USD;Luxemburgo;6;4;2;1.75;18.7;34.34;22.34;11.27;2018-10-26;True;False;1000;2026-08-28
LU0815263628;MS INVF Emerging Leaders Equity A;Morgan Stanley Investment Funds - Emerging Leaders Equity Fund A;MSIM Fund Management (Ireland) Limited;Equity;Global Emerging Markets Equity;RV Global Emergente;USD;Luxemburgo;6;1;2.19;1.9;9.25;13.38;10.21;-3.41;2012-08-17;True;False;0;2026-08-28
LU0602539867;Nordea 1 - Emerging Sust Strs Eq BP EUR;Nordea 1 - Emerging Sustainable Stars Equity Fund BP EUR;Nordea Investment Funds SA;Equity;Global Emerging Markets Equity;RV Global Emergente;EUR;Luxemburgo;6;2;1.82;1.5;32.64;44.18;20.91;4.48;2011-04-15;True;False;0;2026-08-28
LU0602539602;Nordea 1 - Emerging Sust Strs Eq BP USD;Nordea 1 - Emerging Sustainable Stars Equity Fund BP USD;Nordea Investment Funds SA;Equity;Global Emerging Markets Equity;RV Global Emergente;USD;Luxemburgo;5;2;1.82;1.5;31.28;44.86;23.96;4.27;2011-04-15;True;False;;2026-08-28
LU0424800612;RAM (Lux) Sys Emg Mkts Equities L EUR;RAM (Lux) Systematic Funds - Emerging Markets Equities L EUR;RAM Active Investments SA;Equity;Global Emerging Markets Equity;RV Global Emergente;EUR;Luxemburgo;5;4;1.88;1.2;15.84;23.56;16.49;9.48;2009-05-05;True;False;50000;2026-08-28
LU0337098114;Robeco Emerging Stars Equities D $;Robeco Capital Growth Funds - Robeco Emerging Stars Equities D USD;Robeco Institutional Asset Management BV;Equity;Global Emerging Markets Equity;RV Global Emergente;USD;Luxemburgo;6;4;;1.5;30.56;49.73;27.75;12.12;2008-01-09;True;False;0;2026-08-28
LU0254836850;Robeco Emerging Stars Equities D €;Robeco Capital Growth Funds - Robeco Emerging Stars Equities D EUR;Robeco Institutional Asset Management BV;Equity;Global Emerging Markets Equity;RV Global Emergente;EUR;Luxemburgo;6;4;;1.5;31.68;50.4;24.6;12.4;2006-11-02;True;False;0;2026-08-28
LU0329355670;Robeco QI EM Active Equities D €;Robeco QI Emerging Markets Active Equities D €;Robeco Institutional Asset Management BV;Equity;Global Emerging Markets Equity;RV Global Emergente;EUR;Luxemburgo;5;5;1.52;1.25;29.01;39.49;23.39;13.35;2008-01-29;True;False;0;2026-08-28
LU0582532197;Robeco QI Emerging Cnsrv Eqs B €;Robeco QI Emerging Conservative Equities B €;Robeco Institutional Asset Management BV;Equity;Global Emerging Markets Equity;RV Global Emergente;EUR;Luxemburgo;5;4;;1.25;20.98;24.63;15.42;10.04;2011-02-14;True;False;0;2026-08-28
LU0854930350;Robeco QI Emerging Cnsrv Eqs D $;Robeco QI Emerging Conservative Equities D $;Robeco Institutional Asset Management BV;Equity;Global Emerging Markets Equity;RV Global Emergente;USD;Luxemburgo;5;4;;1.25;19.96;24.53;18.46;9.84;2012-11-30;True;False;0;2026-08-28
LU0582533245;Robeco QI Emerging Cnsrv Eqs D €;Robeco QI Emerging Conservative Equities D €;Robeco Institutional Asset Management BV;Equity;Global Emerging Markets Equity;RV Global Emergente;EUR;Luxemburgo;4;4;;1.25;20.98;24.62;15.41;10.04;2011-02-14;True;False;0;2026-08-28
LU0248176959;Schroder ISF Em Mkts A Acc EUR;Schroder International Selection Fund Emerging Markets A Accumulation EUR;Schroder Investment Management (Europe) S.A.;Equity;Global Emerging Markets Equity;RV Global Emergente;EUR;Luxemburgo;6;4;;1.5;28.68;47.52;22.83;8.25;2006-03-17;True;False;1000;2026-08-28
LU0106252389;Schroder ISF Em Mkts A Acc USD;Schroder International Selection Fund Emerging Markets A Accumulation USD;Schroder Investment Management (Europe) S.A.;Equity;Global Emerging Markets Equity;RV Global Emergente;USD;Luxemburgo;6;4;;1.5;27.58;48.22;25.89;8.04;2000-01-17;True;False;1000;2026-08-28
LU0279459456;Schroder ISF Glb Em Mkt Opps A Acc EUR;Schroder International Selection Fund Global Emerging Market Opportunities A Accumulation EUR;Schroder Investment Management (Europe) S.A.;Equity;Global Emerging Markets Equity;RV Global Emergente;EUR;Luxemburgo;6;4;;1.5;30.65;46.19;22.14;8.81;2007-01-19;True;False;1000;2026-08-28
LU0029874905;Templeton Emerging Markets A(Ydis)USD;Templeton Emerging Markets Fund A(Ydis)USD;Franklin Templeton International Services S.à r.l.;Equity;Global Emerging Markets Equity;RV Global Emergente;USD;Luxemburgo;6;4;1.97;1.65;32.63;52.12;28.59;11.21;1991-02-28;True;False;1000;2026-08-28
LU0188151921;Templeton Emerging Markets N(acc)EUR;Templeton Emerging Markets Fund N(acc)EUR;Franklin Templeton International Services S.à r.l.;Equity;Global Emerging Markets Equity;RV Global Emergente;EUR;Luxemburgo;6;4;2.47;2.15;33.34;51.18;24.78;10.94;2004-03-15;True;False;;2026-08-28
LU0109402221;Templeton Emerging Markets N(acc)USD;Templeton Emerging Markets Fund N(acc)USD;Franklin Templeton International Services S.à r.l.;Equity;Global Emerging Markets Equity;RV Global Emergente;USD;Luxemburgo;6;4;2.47;2.15;32.2;51.36;27.94;10.66;2000-04-03;True;False;1000;2026-08-28
LU0328353924;UBS (Lux) ES Glb EM Markts Opp(USD) Pacc;UBS (Lux) Equity SICAV - Global Emerging Markets Opportunity (USD) P-acc;UBS Asset Management (Europe) S.A.;Equity;Global Emerging Markets Equity;RV Global Emergente;USD;Luxemburgo;6;3;1.99;1.54;24.18;44.58;23.92;6.07;2008-09-25;True;False;;2026-08-28
IE0031787223;Vanguard Em Mkts Stk Idx $ Acc;Vanguard Emerging Markets Stock Index Fund USD Acc;Vanguard Group (Ireland) Limited;Equity;Global Emerging Markets Equity;RV Global Emergente;USD;Irlanda;6;3;0.23;0.23;24.25;37.99;23.51;8.6;2014-02-27;True;True;1000000;2026-08-28
IE0031786696;Vanguard Em Mkts Stk Idx € Acc;Vanguard Emerging Markets Stock Index Fund EUR Acc;Vanguard Group (Ireland) Limited;Equity;Global Emerging Markets Equity;RV Global Emergente;EUR;Irlanda;6;3;0.23;0.23;25.3;37.36;20.33;8.86;2014-02-27;True;True;1000000;2026-08-28
LU0040507039;Vontobel Emerging Markets Eq B USD;Vontobel Fund - Emerging Markets Equity B USD Cap;Vontobel Asset Management S.A.;Equity;Global Emerging Markets Equity;RV Global Emergente;USD;Luxemburgo;6;2;2.11;1.65;23.75;37.92;15.8;2.69;1992-11-03;True;False;0;2026-08-28
LU0571085413;Vontobel mtx Em Mkts Ldrs B USD;Vontobel Fund - mtx Emerging Markets Leaders B USD Cap;Vontobel Asset Management S.A.;Equity;Global Emerging Markets Equity;RV Global Emergente;USD;Luxemburgo;6;3;2.04;2;26.31;41.23;23.6;6.74;2011-07-15;True;False;0;2026-08-28
LU0498181733;abrdn-Emerg Markets Equity A Acc EUR;abrdn SICAV I - Emerging Markets Equity Fund A Acc EUR;abrdn Investments Luxembourg S.A.;Equity;Global Emerging Markets Equity;RV Global Emergente;EUR;Luxemburgo;6;2;;1.75;32.12;46.11;19.7;5.61;2010-05-25;True;False;1000;2026-08-28
LU0132412106;abrdn-Emerg Markets Equity A Acc USD;abrdn SICAV I - Emerging Markets Equity Fund A Acc USD;abrdn Investments Luxembourg S.A.;Equity;Global Emerging Markets Equity;RV Global Emergente;USD;Luxemburgo;6;2;;1.75;30.71;46.88;22.72;5.39;2001-08-15;True;False;500;2026-08-28
FI4000066915;Evli Emerging Frontier B;Evli Emerging Frontier B;Evli-Rahastoyhtiö Oy;Equity;Global Emerging Markets Equity;RV Global Emergente  Cap. Peq/Med;EUR;Finlandia;6;5;;1.9;2.31;7.24;13.12;10.38;2013-10-08;True;False;1000;2026-08-28
LU0318933057;JPM Em Mkts Small Cap A perf acc EUR;JPMorgan Funds - Emerging Markets Small Cap Fund A (perf) (acc) EUR;JPMorgan Asset Management (Europe) S.à r.l.;Equity;Global Emerging Markets Equity;RV Global Emergente  Cap. Peq/Med;EUR;Luxemburgo;5;2;1.8;1.5;13.1;14.03;8.68;2.29;2007-11-15;True;False;35000;2026-08-28
LU0318933487;JPM Em Mkts Small Cap D perf acc EUR;JPMorgan Funds - Emerging Markets Small Cap Fund D (perf) (acc) EUR;JPMorgan Asset Management (Europe) S.à r.l.;Equity;Global Emerging Markets Equity;RV Global Emergente  Cap. Peq/Med;EUR;Luxemburgo;5;1;2.8;1.5;12.39;12.89;7.59;1.26;2010-06-11;True;False;5000;2026-08-28
LU0300743431;Templeton Em Mkts Smlr Coms A(acc)EUR;Templeton Emerging Markets Smaller Companies Fund A(acc)EUR;Franklin Templeton International Services S.à r.l.;Equity;Global Emerging Markets Equity;RV Global Emergente  Cap. Peq/Med;EUR;Luxemburgo;5;2;2.48;2.1;17.75;17.11;11.2;5.65;2007-10-18;True;False;;2026-08-28
LU0300738514;Templeton Em Mkts Smlr Coms A(acc)USD;Templeton Emerging Markets Smaller Companies Fund A(acc)USD;Franklin Templeton International Services S.à r.l.;Equity;Global Emerging Markets Equity;RV Global Emergente  Cap. Peq/Med;USD;Luxemburgo;5;2;2.48;2.1;16.69;17.25;14.02;5.38;2007-10-18;True;False;1000;2026-08-28
LU1775963454;Invesco Emerg Mkts ex-China Eq A USD AD;Invesco Funds - Invesco Emerging Markets ex-China Equity Fund A Annual Distribution USD;Invesco Management S.A.;Equity;Global Emerging Markets Equity;RV Global Emergente Ex-China;USD;Luxemburgo;6;;;1.4;41.42;62.65;;;2018-09-07;True;False;1500;2026-08-28
LU0666199749;HSBC GIF Frontier Markets AC;HSBC Global Investment Funds - Frontier Markets AC;HSBC Global Invesment Funds;Equity;Global Emerging Markets Equity;RV Global Mercados Frontera;USD;Luxemburgo;5;4;;1.75;10.84;11.68;19.38;14.87;2011-11-30;True;False;5000;2026-08-28
LU0708055370;HSBC GIF Frontier Markets ACEUR;HSBC Global Investment Funds - Frontier Markets ACEUR;HSBC Global Invesment Funds;Equity;Global Emerging Markets Equity;RV Global Mercados Frontera;EUR;Luxemburgo;5;4;;1.75;11.92;11.17;16.56;15.09;2012-10-01;True;False;5000;2026-08-28
IE00B68FF474;Magna New Frontiers R Acc;Magna Umbrella Fund plc - Magna New Frontiers Fund R Acc;Fiera Capital (UK) Limited;Equity;Global Emerging Markets Equity;RV Global Mercados Frontera;EUR;Irlanda;6;3;;1.95;9.86;11.21;13.26;10.33;2011-03-16;True;False;5000;2026-08-28
LU2407913743;Schroder ISF Frntr Mkts Eq A Acc EUR;Schroder International Selection Fund Frontier Markets Equity A Accumulation EUR;Schroder Investment Management (Europe) S.A.;Equity;Global Emerging Markets Equity;RV Global Mercados Frontera;EUR;Luxemburgo;5;4;;1.5;17.11;21.88;19.98;;2022-01-19;True;False;1000;2026-08-28
LU0562313402;Schroder ISF Frntr Mkts Eq A USD Acc;Schroder International Selection Fund Frontier Markets Equity A Accumulation USD;Schroder Investment Management (Europe) S.A.;Equity;Global Emerging Markets Equity;RV Global Mercados Frontera;USD;Luxemburgo;5;5;;1.5;16.11;22.46;22.98;15.27;2010-12-15;True;False;1000;2026-08-28
LU0390137031;Templeton Frontier Markets A(acc)EUR;Templeton Frontier Markets Fund A(acc)EUR;Franklin Templeton International Services S.à r.l.;Equity;Global Emerging Markets Equity;RV Global Mercados Frontera;EUR;Luxemburgo;5;3;2.52;2.1;16.48;18.32;16.88;10.86;2008-10-14;True;False;;2026-08-28
LU0390136736;Templeton Frontier Markets A(acc)USD;Templeton Frontier Markets Fund A(acc)USD;Franklin Templeton International Services S.à r.l.;Equity;Global Emerging Markets Equity;RV Global Mercados Frontera;USD;Luxemburgo;5;3;2.52;2.1;15.46;18.43;19.84;10.58;2008-10-14;True;False;1000;2026-08-28
LU0455706654;Fidelity China Innovation A-Acc-EUR;Fidelity Funds - China Innovation Fund A-Acc-EUR;FIL Investment Management (Luxembourg) S.à r.l.;Equity;Greater China Equity;RV Gran China;EUR;Luxemburgo;6;2;1.95;1.5;1.63;2.41;8.58;-3.55;2009-11-23;True;False;;2026-08-28
LU1400166911;Fidelity Greater China A-Acc-EUR;Fidelity Funds - Greater China Fund A-Acc-EUR;FIL Investment Management (Luxembourg) S.à r.l.;Equity;Greater China Equity;RV Gran China;EUR;Luxemburgo;6;3;1.93;1.5;11.76;17.45;13.18;0.35;2016-05-05;True;False;2500;2026-08-28
LU1224710126;Fidelity Greater China A-Acc-USD;Fidelity Funds - Greater China Fund A-Acc-USD;FIL Investment Management (Luxembourg) S.à r.l.;Equity;Greater China Equity;RV Gran China;USD;Luxemburgo;6;3;1.93;1.5;11.04;17.85;16.15;0.12;2015-05-19;True;False;2500;2026-08-28
LU0048580855;Fidelity Greater China A-Dis-USD;Fidelity Funds - Greater China Fund A-DIST-USD;FIL Investment Management (Luxembourg) S.à r.l.;Equity;Greater China Equity;RV Gran China;USD;Luxemburgo;6;3;1.93;1.5;10.97;17.85;16.14;0.11;1990-10-01;True;False;2500;2026-08-28
LU0048816135;Invesco Greater China Equity A USD Acc;Invesco Funds - Invesco Greater China Equity Fund A Accumulation USD;Invesco Management S.A.;Equity;Greater China Equity;RV Gran China;USD;Luxemburgo;6;3;;1.5;19.32;30.05;21.55;4.61;1992-07-15;True;False;1500;2026-08-28
LU0210526801;JPM Greater China A acc USD;JPMorgan Funds - Greater China Fund A (acc) USD;JPMorgan Asset Management (Europe) S.à r.l.;Equity;Greater China Equity;RV Gran China;USD;Luxemburgo;6;4;1.76;1.5;17.42;26.79;19.07;1.04;2005-03-31;True;False;35000;2026-08-28
LU0522352946;JPM Greater China D acc EUR;JPMorgan Funds - Greater China Fund D (acc) EUR;JPMorgan Asset Management (Europe) S.à r.l.;Equity;Greater China Equity;RV Gran China;EUR;Luxemburgo;6;3;2.76;1.5;17.39;24.96;14.95;0.22;2010-07-13;True;False;5000;2026-08-28
LU0721876364;Matthews China Innovators A USD Acc;Matthews Asia Funds - China Innovators Fund A USD Acc;Matthews Intl Capital Management, LLC;Equity;Greater China Equity;RV Gran China;USD;Luxemburgo;6;2;;1.5;32.37;31.38;16.62;-1.91;2012-02-29;True;False;1000;2026-08-28
LU0365775922;Schroder ISF Greater China A Acc EUR;Schroder International Selection Fund Greater China A Accumulation EUR;Schroder Investment Management (Europe) S.A.;Equity;Greater China Equity;RV Gran China;EUR;Luxemburgo;6;3;;1.5;16.43;24.29;13.95;1.65;2008-05-23;True;False;1000;2026-08-28
LU0140636845;Schroder ISF Greater China A Acc USD;Schroder International Selection Fund Greater China A Accumulation USD;Schroder Investment Management (Europe) S.A.;Equity;Greater China Equity;RV Gran China;USD;Luxemburgo;6;3;;1.5;15.44;24.88;16.79;1.45;2002-03-28;True;False;1000;2026-08-28
LU0577510026;UBS (Lux) EF Greater China (USD) (EUR) N;UBS (Lux) Equity Fund - Greater China (USD) (EUR) N-acc;UBS Asset Management (Europe) S.A.;Equity;Greater China Equity;RV Gran China;EUR;Luxemburgo;6;2;2.8;2.2;-4.29;-2.89;6.1;-2.24;2011-02-08;True;False;0;2026-08-28
LU0149534421;Schroder ISF Hong Kong Eq A Acc HKD;Schroder International Selection Fund Hong Kong Equity A Accumulation HKD;Schroder Investment Management (Europe) S.A.;Equity;Greater China Equity;RV Hong Kong;HKD;Luxemburgo;6;3;;1.5;-1.53;3.49;6.76;-2.08;2002-08-09;True;False;1000;2026-08-28
IE00BDR0R800;Ashoka WhiteOak India Opps F EUR Acc;Ashoka WhiteOak ICAV - Ashoka WhiteOak India Opportunities Fund Class F EUR Accumulation;Ashoka WhiteOak Capital Pte. Ltd.;Equity;India Equity;RV India;EUR;Irlanda;6;3;1.86;1.75;-1.24;-1.91;5.36;4.12;2020-08-25;True;False;0;2026-08-28
IE00BDR0R792;Ashoka WhiteOak India Opps F USD Acc;Ashoka WhiteOak ICAV - Ashoka WhiteOak India Opportunities Fund Class F USD Accumulation;Ashoka WhiteOak Capital Pte. Ltd.;Equity;India Equity;RV India;USD;Irlanda;6;3;1.86;1.75;-1.89;-1.89;8.03;3.93;2019-03-05;True;False;0;2026-08-28
LU0068770873;DWS India;DWS India;DWS Investment S.A.;Equity;India Equity;RV India;EUR;Luxemburgo;5;3;;2;-7.04;-7.32;-0.45;1.25;1996-07-30;True;False;0;2026-08-28
LU0197230542;Fidelity India Focus A-EUR;Fidelity Funds - India Focus Fund A-EUR;FIL Investment Management (Luxembourg) S.à r.l.;Equity;India Equity;RV India;EUR;Luxemburgo;5;4;;1.5;-7.1;-7.85;1.7;1.68;2004-08-23;True;False;;2026-08-28
LU0197230971;Fidelity India Focus A-GBP;Fidelity Funds - India Focus Fund A-GBP;FIL Investment Management (Luxembourg) S.à r.l.;Equity;India Equity;RV India;GBP;Luxemburgo;5;4;;1.5;-8.78;-8.45;1.65;1.69;2004-08-23;True;False;;2026-08-28
LU0197229882;Fidelity India Focus A-USD;Fidelity Funds - India Focus Fund A-USD;FIL Investment Management (Luxembourg) S.à r.l.;Equity;India Equity;RV India;USD;Luxemburgo;5;4;;1.5;-7.74;-7.51;4.35;1.44;2004-08-23;True;False;2500;2026-08-28
LU0260862304;Franklin India A(Ydis)EUR;Franklin India Fund A(Ydis)EUR;Franklin Templeton International Services S.à r.l.;Equity;India Equity;RV India;EUR;Luxemburgo;6;3;1.83;1.5;-8.26;-9.74;1.67;3.52;2006-09-01;True;False;;2026-08-28
LU0231205187;Franklin India A(acc)EUR;Franklin India Fund A(acc)EUR;Franklin Templeton International Services S.à r.l.;Equity;India Equity;RV India;EUR;Luxemburgo;5;3;1.83;1.5;-8.25;-9.73;1.67;3.52;2005-10-25;True;False;;2026-08-28
LU0231203729;Franklin India A(acc)USD;Franklin India Fund A(acc)USD;Franklin Templeton International Services S.à r.l.;Equity;India Equity;RV India;USD;Luxemburgo;6;3;1.83;1.5;-9.06;-9.62;4.26;3.26;2005-10-25;True;False;1000;2026-08-28
LU0333810181;GS India Equity Base Acc USD;Goldman Sachs India Equity Portfolio Base Acc USD;Goldman Sachs Asset Management B.V.;Equity;India Equity;RV India;USD;Luxemburgo;5;4;;1.75;-3.78;-3.73;6.78;3.76;2008-03-26;True;False;5000;2026-08-28
LU0333810009;GS India Equity Base Inc USD;Goldman Sachs India Equity Portfolio Base Inc USD;Goldman Sachs Asset Management B.V.;Equity;India Equity;RV India;USD;Luxemburgo;5;4;;1.75;-3.79;-3.74;6.77;3.76;2008-03-26;True;False;5000;2026-08-28
LU0333810850;GS India Equity E Acc EUR;Goldman Sachs India Equity Portfolio E Acc EUR;Goldman Sachs Asset Management B.V.;Equity;India Equity;RV India;EUR;Luxemburgo;6;3;;1.75;-3.48;-4.24;3.6;3.44;2008-03-26;True;False;1500;2026-08-28
LU0164881194;HSBC GIF Indian Equity AC;HSBC Global Investment Funds - Indian Equity AC;HSBC Global Invesment Funds;Equity;India Equity;RV India;USD;Luxemburgo;5;3;;1.5;-9.31;-7.55;5.9;3.82;2003-05-28;True;False;5000;2026-08-28
LU0551365645;HSBC GIF Indian Equity ACEUR;HSBC Global Investment Funds - Indian Equity ACEUR;HSBC Global Invesment Funds;Equity;India Equity;RV India;EUR;Luxemburgo;5;3;;1.5;-8.54;-7.49;3.17;4.07;2013-03-21;True;False;5000;2026-08-28
LU0066902890;HSBC GIF Indian Equity AD;HSBC Global Investment Funds - Indian Equity AD;HSBC Global Invesment Funds;Equity;India Equity;RV India;USD;Luxemburgo;5;3;;1.5;-9.31;-7.55;5.9;3.82;1996-03-01;True;False;5000;2026-08-28
LU0551366536;HSBC GIF Indian Equity ADEUR;HSBC Global Investment Funds - Indian Equity ADEUR;HSBC Global Invesment Funds;Equity;India Equity;RV India;EUR;Luxemburgo;5;3;;1.5;-8.54;-7.49;3.17;4.07;2011-06-28;True;False;5000;2026-08-28
LU1642786039;Invesco India Equity A EUR Acc;Invesco Funds - Invesco India Equity Fund A Accumulation EUR;Invesco Management S.A.;Equity;India Equity;RV India;EUR;Luxemburgo;6;4;;1.5;-3.25;-5.21;3.95;4.78;2017-08-16;True;False;1000;2026-08-28
LU0267983889;Invesco India Equity A USD AD;Invesco Funds - Invesco India Equity Fund A Annual Distribution USD;Invesco Management S.A.;Equity;India Equity;RV India;USD;Luxemburgo;6;3;;1.5;-4.15;-4.72;6.56;4.56;2006-12-11;True;False;1500;2026-08-28
LU0210527015;JPM India A acc USD;JPMorgan Funds - India Fund A (acc) USD;JPMorgan Asset Management (Europe) S.à r.l.;Equity;India Equity;RV India;USD;Luxemburgo;5;1;1.8;1.5;-10.49;-12.12;1.13;-0.07;2005-03-31;True;False;35000;2026-08-28
LU0058908533;JPM India A dist USD;JPMorgan Funds - India Fund A (dist) USD;JPMorgan Asset Management (Europe) S.à r.l.;Equity;India Equity;RV India;USD;Luxemburgo;5;1;1.79;1.5;-10.48;-12.11;1.14;-0.05;1995-08-31;True;False;35000;2026-08-28
LU0522352516;JPM India D acc EUR;JPMorgan Funds - India Fund D (acc) EUR;JPMorgan Asset Management (Europe) S.à r.l.;Equity;India Equity;RV India;EUR;Luxemburgo;5;1;2.6;1.5;-10.38;-12.84;-2.17;-0.67;2010-07-13;True;False;5000;2026-08-28
LU0117881739;JPM India D acc USD;JPMorgan Funds - India Fund D (acc) USD;JPMorgan Asset Management (Europe) S.à r.l.;Equity;India Equity;RV India;USD;Luxemburgo;5;1;2.6;1.5;-10.96;-12.81;0.32;-0.85;2000-10-13;True;False;5000;2026-08-28
LU0329070915;Jupiter India Select L EUR Acc;Jupiter India Select Class L EUR Acc;Jupiter Asset Management International S.A.;Equity;India Equity;RV India;EUR;Luxemburgo;6;4;1.97;1.75;-8.82;-9.59;8.34;10.19;2011-05-25;True;False;500;2026-08-28
LU0365089902;Jupiter India Select L USD A Inc;Jupiter India Select Class L USD A Inc;Jupiter Asset Management International S.A.;Equity;India Equity;RV India;USD;Luxemburgo;6;4;1.97;1.75;-9.6;-9.2;11.1;9.98;2008-05-02;True;False;500;2026-08-28
IE00B0JY6M65;PineBridge India Equity A;PineBridge Global Funds - India Equity Fund A;PineBridge Investments Ireland Ltd;Equity;India Equity;RV India;USD;Irlanda;5;3;2.05;1.3;-8.38;-6.72;4.65;1.11;2005-09-12;True;False;1000;2026-08-28
LU0571488617;Robeco Indian Equities D $;Robeco Indian Equities D $;Robeco Institutional Asset Management BV;Equity;India Equity;RV India;USD;Luxemburgo;6;4;1.91;1.6;-7.75;-9.67;4.78;4.36;2011-01-21;True;False;0;2026-08-28
LU0491217419;Robeco Indian Equities D €;Robeco Indian Equities D €;Robeco Institutional Asset Management BV;Equity;India Equity;RV India;EUR;Luxemburgo;5;4;;1.6;-6.96;-9.33;2.08;4.56;2010-08-23;True;False;0;2026-08-28
IE00BDH6RQ67;UTI India Dynamic Equity EURO Retail;UTI India Dynamic Equity EURO Retail;UTI International (Singapore) Pvt. Ltd.;Equity;India Equity;RV India;EUR;Irlanda;6;1;1.93;1.7;-3.62;-8.2;0.07;-1;2016-08-29;True;False;0;2026-08-28
LU0231462077;abrdn-Indian Equity A Acc GBP;abrdn SICAV I - Indian Equity Fund A Acc GBP;abrdn Investments Luxembourg S.A.;Equity;India Equity;RV India;GBP;Luxemburgo;5;2;;1.75;-7.62;-9.39;1.52;-0.48;2006-03-28;True;False;500;2026-08-28
LU0231490524;abrdn-Indian Equity A Acc USD;abrdn SICAV I - Indian Equity Fund A Acc USD;abrdn Investments Luxembourg S.A.;Equity;India Equity;RV India;USD;Luxemburgo;6;2;;1.75;-6.79;-8.72;4.05;-0.66;2006-03-24;True;False;500;2026-08-28
LU0922333322;Fidelity Italy A-Acc-EUR;Fidelity Funds - Italy Fund A-Acc-EUR;FIL Investment Management (Luxembourg) S.à r.l.;Equity;Europe Equity Large Cap;RV Italia;EUR;Luxemburgo;6;3;;1.5;15.43;20.75;22.77;15.25;2013-05-07;True;False;2500;2026-08-28
LU0048584766;Fidelity Italy A-Dis-EUR;Fidelity Funds - Italy Fund A-DIST-EUR;FIL Investment Management (Luxembourg) S.à r.l.;Equity;Europe Equity Large Cap;RV Italia;EUR;Luxemburgo;6;3;;1.5;15.44;20.75;22.78;15.25;1990-10-01;True;False;;2026-08-28
LU0069164738;iMGP Italian Opportunities C EUR;iMGP Italian Opportunities C EUR;iM Global Partner Asset Management S.A.;Equity;Europe Equity Mid/Small Cap;RV Italia;EUR;Luxemburgo;6;3;2.33;1.75;16.48;22.64;27.64;16.4;1996-09-16;True;False;0;2026-08-28
LU0996180864;Amundi MSCI Japan ESG BrdTrnstn AE-C EUR;Amundi MSCI Japan ESG Broad Transition INDEX AE Acc;Amundi Luxembourg S.A.;Equity;Japan Equity;RV Japón Cap. Grande Blend;EUR;Luxemburgo;6;3;;0.15;19.48;25.48;16.39;9.03;2009-05-21;True;True;;2026-08-28
LU0012181748;BNP Paribas Japan Eq Cl Cap;BNP Paribas Funds Japan Equity Classic Capitalisation;BNP Paribas Asset Management Luxembourg;Equity;Japan Equity;RV Japón Cap. Grande Blend;JPY;Luxemburgo;6;4;;1.5;28.03;43.51;26.84;20.81;1990-03-27;True;False;0;2026-08-28
LU0107049875;BNP Paribas Japan Eq N Cap;BNP Paribas Funds Japan Equity N Capitalisation;BNP Paribas Asset Management Luxembourg;Equity;Japan Equity;RV Japón Cap. Grande Blend;JPY;Luxemburgo;6;3;;1.5;27.41;42.43;25.9;19.91;1990-12-31;True;False;0;2026-08-28
ES0114104039;Bankinter Índice Japón R FI;Bankinter Índice Japón R FI;Bankinter Gestión de Activos SGIIC;Equity;Japan Equity;RV Japón Cap. Grande Blend;EUR;España;6;5;1.11;1;21.47;36.09;24.82;17.99;2000-06-14;True;True;1;2026-08-28
LU1769942159;DWS Invest CROCI Japan JPY LC;DWS Invest CROCI Japan JPY LC;DWS Investment S.A.;Equity;Japan Equity;RV Japón Cap. Grande Blend;JPY;Luxemburgo;6;3;1.15;1;20.16;35.33;20.25;18.4;2018-08-30;True;False;0;2026-08-28
LU0251130042;Fidelity Japan Equity ESG A-Acc-EUR;Fidelity Funds - Japan Equity ESG Fund A-Acc-EUR;FIL Investment Management (Luxembourg) S.à r.l.;Equity;Japan Equity;RV Japón Cap. Grande Blend;EUR;Luxemburgo;6;1;;1.5;16.03;18.29;10.43;3.46;2006-07-03;True;False;;2026-08-28
LU0069452018;Fidelity Japan Equity ESG A-Dis-EUR;Fidelity Funds - Japan Equity ESG Fund A-Dist-EUR;FIL Investment Management (Luxembourg) S.à r.l.;Equity;Japan Equity;RV Japón Cap. Grande Blend;EUR;Luxemburgo;6;1;;1.5;16.03;18.35;10.45;3.46;2004-02-16;True;False;;2026-08-28
LU0048585144;Fidelity Japan Equity ESG A-JPY;Fidelity Funds - Japan Equity ESG Fund A-JPY;FIL Investment Management (Luxembourg) S.à r.l.;Equity;Japan Equity;RV Japón Cap. Grande Blend;JPY;Luxemburgo;6;1;;1.5;16.99;27.98;16.56;11.17;1990-10-01;True;False;;2026-08-28
LU0413543058;Fidelity Japan Value A-Acc-EUR;Fidelity Funds - Japan Value Fund A-Acc-EUR;FIL Investment Management (Luxembourg) S.à r.l.;Equity;Japan Equity;RV Japón Cap. Grande Blend;EUR;Luxemburgo;6;4;;1.5;19.85;28.39;19.05;12.85;2009-02-23;True;False;2500;2026-08-28
LU1670626446;M&G (Lux) Japan A EUR Acc;M&G (Lux) Japan Fund EUR A Acc;M&G Luxembourg S.A.;Equity;Japan Equity;RV Japón Cap. Grande Blend;EUR;Luxemburgo;6;4;1.71;1.5;22.64;32.71;19.03;14.03;2018-10-26;True;False;1000;2026-08-28
LU0474966750;Pictet-Japan Index P EUR;Pictet-Japan Index P EUR;Pictet Asset Management (Europe) SA;Equity;Japan Equity;RV Japón Cap. Grande Blend;EUR;Luxemburgo;6;3;0.45;0.45;20.51;26.94;17.44;10.02;2011-06-08;True;True;0;2026-08-28
LU0148536690;Pictet-Japan Index P JPY;Pictet-Japan Index P JPY;Pictet Asset Management (Europe) SA;Equity;Japan Equity;RV Japón Cap. Grande Blend;JPY;Luxemburgo;6;3;0.45;0.45;21.63;37.34;24.02;18.24;2002-06-06;True;True;0;2026-08-28
LU0255979402;Pictet-Japanese Equity Opps P EUR;Pictet-Japanese Equity Opportunities P EUR;Pictet Asset Management (Europe) SA;Equity;Japan Equity;RV Japón Cap. Grande Blend;EUR;Luxemburgo;6;3;1.56;1.8;18.73;23.41;15.02;7.85;2006-06-14;True;False;0;2026-08-28
LU0155301624;Pictet-Japanese Equity Opps R JPY;Pictet-Japanese Equity Opportunities R JPY;Pictet Asset Management (Europe) SA;Equity;Japan Equity;RV Japón Cap. Grande Blend;JPY;Luxemburgo;6;2;2.07;2.5;19.43;32.69;20.78;15.32;2002-11-15;True;False;0;2026-08-28
LU0106239873;Schroder ISF Japanese Eq A Acc JPY;Schroder International Selection Fund Japanese Equity A Accumulation JPY;Schroder Investment Management (Europe) S.A.;Equity;Japan Equity;RV Japón Cap. Grande Blend;JPY;Luxemburgo;6;1;1.58;1.25;17.89;30.48;19.11;13.76;2000-01-17;True;False;;2026-08-28
LU0231790675;Templeton Japan A(acc)EUR;Templeton Japan Fund A(acc)EUR;Franklin Templeton International Services S.à r.l.;Equity;Japan Equity;RV Japón Cap. Grande Blend;EUR;Luxemburgo;6;3;1.83;1.5;12.78;15.4;19.8;11.02;2005-10-25;True;False;;2026-08-28
LU0231790832;Templeton Japan A(acc)USD;Templeton Japan Fund A(acc)USD;Franklin Templeton International Services S.à r.l.;Equity;Japan Equity;RV Japón Cap. Grande Blend;USD;Luxemburgo;6;3;1.83;1.5;11.81;15.6;22.82;10.77;2005-10-25;True;False;1000;2026-08-28
IE0007286036;Vanguard Jpn Stk Idx € Acc;Vanguard Japan Stock Index Fund EUR Acc;Vanguard Group (Ireland) Limited;Equity;Japan Equity;RV Japón Cap. Grande Blend;EUR;Irlanda;6;3;0.16;0.16;20.96;27.34;17.91;10.4;2006-03-29;True;True;1000000;2026-08-28
LU0204987902;iMGP Japan Opportunities C JPY;iMGP Japan Opportunities C JPY;iM Global Partner Asset Management S.A.;Equity;Japan Equity;RV Japón Cap. Grande Blend;JPY;Luxemburgo;5;3;2.01;1.5;20.4;34.83;23.14;19.58;2005-03-31;True;False;0;2026-08-28
LU0578148453;BL-Equities Japan B JPY;BL-Equities Japan B JPY Acc;BLI - Banque de Luxembourg Investments SA;Equity;Japan Equity;RV Japón Cap. Grande Growth;JPY;Luxemburgo;6;2;1.5;1.25;14.87;22.77;11.26;7.16;2011-06-27;True;False;0;2026-08-28
IE0004767087;Comgest Gr Japan JPY Acc;Comgest Growth Japan JPY Acc;Comgest Asset Management Intl Ltd;Equity;Japan Equity;RV Japón Cap. Grande Growth;JPY;Irlanda;6;3;1.57;1.5;25.1;37.04;22.28;9.83;2000-05-19;True;False;5000;2026-08-28
IE0003008186;GAM Star Japan Ldrs-A EUR;GAM Star Fund plc - GAM Star Japan Leaders-A EUR;GAM Fund Management Limited;Equity;Japan Equity;RV Japón Cap. Grande Growth;EUR;Irlanda;6;1;;1.1;14.85;12.91;4.14;-3.32;1992-03-04;True;False;10000;2026-08-28
LU0133264795;GS Japan Equity E Acc EUR Snap;Goldman Sachs Japan Equity Portfolio E Acc EUR Snap;Goldman Sachs Asset Management B.V.;Equity;Japan Equity;RV Japón Cap. Grande Growth;EUR;Luxemburgo;6;3;;1.5;14.43;17.23;12.53;6.19;2001-07-31;True;False;1500;2026-08-28
LU1217870671;GS Japan Equity Ptnrs Base Acc JPY(Snap);Goldman Sachs Japan Equity Partners Portfolio Base Acc JPY (Snap);Goldman Sachs Asset Management B.V.;Equity;Japan Equity;RV Japón Cap. Grande Growth;JPY;Luxemburgo;6;3;;1.5;19.4;23.69;18.25;13.29;2015-05-27;True;False;500000;2026-08-28
LU2068251110;Invesco Japanese Eq Adv A EUR Acc;Invesco Funds - Invesco Japanese Equity Advantage Fund A Accumulation EUR;Invesco Management S.A.;Equity;Japan Equity;RV Japón Cap. Grande Growth;EUR;Luxemburgo;6;3;;1.4;22.25;24.39;11.7;5.23;2019-11-20;True;False;1000;2026-08-28
LU0607514717;Invesco Japanese Eq Adv A JPY Acc;Invesco Funds - Invesco Japanese Equity Advantage Fund A Accumulation JPY;Invesco Management S.A.;Equity;Japan Equity;RV Japón Cap. Grande Growth;JPY;Luxemburgo;6;3;;1.4;23.36;34.64;17.92;13.08;2011-09-30;True;False;120000;2026-08-28
LU0217390730;JPM Japan Equity A acc EUR;JPMorgan Funds - Japan Equity Fund A (acc) EUR;JPMorgan Asset Management (Europe) S.à r.l.;Equity;Japan Equity;RV Japón Cap. Grande Growth;EUR;Luxemburgo;6;3;;1.5;13.6;13.47;17.37;3.76;2006-06-12;True;False;35000;2026-08-28
LU0210527361;JPM Japan Equity A acc USD;JPMorgan Funds - Japan Equity Fund A (acc) USD;JPMorgan Asset Management (Europe) S.à r.l.;Equity;Japan Equity;RV Japón Cap. Grande Growth;USD;Luxemburgo;6;3;;1.5;12.82;13.92;20.38;3.57;2005-03-31;True;False;35000;2026-08-28
LU0053696224;JPM Japan Equity A dist USD;JPMorgan Funds - Japan Equity Fund A (dist) USD;JPMorgan Asset Management (Europe) S.à r.l.;Equity;Japan Equity;RV Japón Cap. Grande Growth;USD;Luxemburgo;6;3;;1.5;12.85;13.96;20.38;3.57;1988-11-16;True;False;35000;2026-08-28
LU0217390813;JPM Japan Equity D acc EUR;JPMorgan Funds - Japan Equity Fund D (acc) EUR;JPMorgan Asset Management (Europe) S.à r.l.;Equity;Japan Equity;RV Japón Cap. Grande Growth;EUR;Luxemburgo;6;2;;1.5;12.9;12.53;16.44;2.91;2006-05-08;True;False;5000;2026-08-28
LU0117866185;JPM Japan Equity D acc USD;JPMorgan Funds - Japan Equity Fund D (acc) USD;JPMorgan Asset Management (Europe) S.à r.l.;Equity;Japan Equity;RV Japón Cap. Grande Growth;USD;Luxemburgo;6;2;;1.5;12.29;13.07;19.43;2.76;2000-10-13;True;False;5000;2026-08-28
LU0828244052;JPM Japan Sustainable Eq A acc EUR;JPMorgan Investment Funds - Japan Sustainable Equity Fund A (acc) EUR;JPMorgan Asset Management (Europe) S.à r.l.;Equity;Japan Equity;RV Japón Cap. Grande Growth;EUR;Luxemburgo;6;3;1.69;1.5;21.18;21.11;16.31;6.67;2012-09-24;True;False;35000;2026-08-28
LU0070214613;JPM Japan Sustainable Eq A acc JPY;JPMorgan Investment Funds - Japan Sustainable Equity Fund A (acc) JPY;JPMorgan Asset Management (Europe) S.à r.l.;Equity;Japan Equity;RV Japón Cap. Grande Growth;JPY;Luxemburgo;6;3;1.8;1.5;22.27;30.94;22.73;14.6;1993-11-12;True;False;35000;2026-08-28
LU0115096736;JPM Japan Sustainable Eq D acc JPY;JPMorgan Investment Funds - Japan Sustainable Equity Fund D (acc) JPY;JPMorgan Asset Management (Europe) S.à r.l.;Equity;Japan Equity;RV Japón Cap. Grande Growth;JPY;Luxemburgo;6;3;2.55;1.5;21.66;29.96;21.81;13.74;2002-03-22;True;False;5000;2026-08-28
LU0011963674;abrdn-Japan Sustainable Eqty A Acc JPY;abrdn SICAV I - Japanese Sustainable Equity Fund A Acc JPY;abrdn Investments Luxembourg S.A.;Equity;Japan Equity;RV Japón Cap. Grande Growth;JPY;Luxemburgo;6;3;;1.5;24.82;43.93;26.5;15.55;1988-04-26;True;False;500;2026-08-28
IE00BYVDZH74;Man Jpn CoreAlpha Eq D EUR;Man Funds plc - Man Japan CoreAlpha Equity D EUR;Man Asset Management (Ireland) Limited;Equity;Japan Equity;RV Japón Cap. Grande Value;EUR;Irlanda;6;2;1.71;1.5;23.38;33.68;21.21;16.89;2015-11-23;True;False;1000;2026-08-28
IE00BP4VM748;Man Jpn CoreAlpha Eq D USD;Man Funds plc - Man Japan CoreAlpha Equity D USD;Man Asset Management (Ireland) Limited;Equity;Japan Equity;RV Japón Cap. Grande Value;USD;Irlanda;6;3;1.72;1.5;22.15;34.24;24.4;16.6;2016-09-27;True;False;1000;2026-08-28
LU0171289068;BGF Japan Small & MidCap Opps A2 EUR;BlackRock Global Funds - Japan Small & MidCap Opportunities Fund A2 EUR;BlackRock (Luxembourg) SA;Equity;Japan Equity;RV Japón Cap. Med/Peq;EUR;Luxemburgo;5;3;1.81;1.5;17.07;19.64;18.61;6.96;1987-05-13;True;False;;2026-08-28
LU0090841692;BGF Japan Small & MidCap Opps E2 USD;BlackRock Global Funds - Japan Small & MidCap Opportunities Fund E2 USD;BlackRock (Luxembourg) SA;Equity;Japan Equity;RV Japón Cap. Med/Peq;USD;Luxemburgo;6;3;2.31;1.5;15.41;19.59;21.02;6.21;1987-05-13;True;False;5000;2026-08-28
LU0069970746;BNP Paribas Japan Sm Cp Cl C;BNP Paribas Funds Japan Small Cap Classic Capitalisation;BNP Paribas Asset Management Luxembourg;Equity;Japan Equity;RV Japón Cap. Med/Peq;JPY;Luxemburgo;6;4;;1.85;27.5;42.85;28.55;19.59;1996-09-30;True;False;0;2026-08-28
LU0251807987;BNP Paribas Japan Sm Cp Cl EUR C;BNP Paribas Funds Japan Small Cap Classic EUR Capitalisation;BNP Paribas Asset Management Luxembourg;Equity;Japan Equity;RV Japón Cap. Med/Peq;EUR;Luxemburgo;6;4;;1.85;26.43;32.28;21.79;11.25;2015-05-13;True;False;0;2026-08-28
LU0107058785;BNP Paribas Japan Sm Cp N C;BNP Paribas Funds Japan Small Cap N Capitalisation;BNP Paribas Asset Management Luxembourg;Equity;Japan Equity;RV Japón Cap. Med/Peq;JPY;Luxemburgo;6;3;;1.85;26.87;41.77;27.59;18.69;1996-10-04;True;False;;2026-08-28
LU1670715975;M&G (Lux) Japan Smlr Comps A EUR Acc;M&G (Lux) Japan Smaller Companies Fund EUR A Acc;M&G Luxembourg S.A.;Equity;Japan Equity;RV Japón Cap. Med/Peq;EUR;Luxemburgo;6;4;1.73;1.5;28.8;33.56;15.19;11.71;2018-10-26;True;False;1000;2026-08-28
LU1670715629;M&G (Lux) Japan Smlr Comps A USD Acc;M&G (Lux) Japan Smaller Companies Fund USD A Acc;M&G Luxembourg S.A.;Equity;Japan Equity;RV Japón Cap. Med/Peq;USD;Luxemburgo;6;4;1.73;1.5;27.62;34.27;18.1;11.49;2018-10-26;True;False;1000;2026-08-28
LU0552029406;Amundi Fds Latin Amer Eq A EUR C;Amundi Funds - Latin America Equity A EUR (C);Amundi Luxembourg S.A.;Equity;Latin America Equity;RV Latinoamérica;EUR;Luxemburgo;6;5;2.2;1.7;18.28;35.75;11.34;11.66;2010-11-10;True;False;0;2026-08-28
LU0201575346;Amundi Fds Latin Amer Eq A USD C;Amundi Funds - Latin America Equity A USD (C);Amundi Luxembourg S.A.;Equity;Latin America Equity;RV Latinoamérica;USD;Luxemburgo;6;5;2.2;1.7;17.26;35.83;14.34;11.6;1994-02-21;True;False;1;2026-08-28
LU0072463663;BGF Latin American A2;BlackRock Global Funds - Latin American Fund A2;BlackRock (Luxembourg) SA;Equity;Latin America Equity;RV Latinoamérica;USD;Luxemburgo;6;2;2.08;1.75;5.94;16.4;4.54;5.26;1997-01-09;True;False;5000;2026-08-28
LU0171289498;BGF Latin American A2 EUR;BlackRock Global Funds - Latin American Fund A2 EUR;BlackRock (Luxembourg) SA;Equity;Latin America Equity;RV Latinoamérica;EUR;Luxemburgo;6;2;2.08;1.75;6.63;15.87;1.94;5.48;1997-01-09;True;False;;2026-08-28
LU0171289571;BGF Latin American E2 EUR;BlackRock Global Funds - Latin American Fund E2 EUR;BlackRock (Luxembourg) SA;Equity;Latin America Equity;RV Latinoamérica;EUR;Luxemburgo;7;2;2.58;1.75;6.28;15.31;1.43;4.95;2002-07-01;True;False;;2026-08-28
LU0399356780;DWS Invest Latin American Eqs LC;DWS Invest Latin American Equities LC;DWS Investment S.A.;Equity;Latin America Equity;RV Latinoamérica;EUR;Luxemburgo;6;4;1.84;1.75;12.37;28.52;8.88;8.99;2012-10-01;True;False;0;2026-08-28
LU0813337002;DWS Invest Latin American Eqs NC;DWS Invest Latin American Equities NC;DWS Investment S.A.;Equity;Latin America Equity;RV Latinoamérica;EUR;Luxemburgo;6;4;2.49;2.2;11.89;27.69;8.18;8.29;2012-10-01;True;False;0;2026-08-28
LU0813337184;DWS Invest Latin American Eqs USD LC;DWS Invest Latin American Equities USD LC;DWS Investment S.A.;Equity;Latin America Equity;RV Latinoamérica;USD;Luxemburgo;6;4;1.83;1.75;11.32;29.11;11.66;8.77;2013-01-14;True;False;0;2026-08-28
LU1213835942;Fidelity Latin America A-Acc-EUR;Fidelity Funds - Latin America Fund A-Acc-EUR;FIL Investment Management (Luxembourg) S.à r.l.;Equity;Latin America Equity;RV Latinoamérica;EUR;Luxemburgo;6;3;;1.5;9.52;27.94;9.44;5.11;2015-04-16;True;False;;2026-08-28
LU0050427557;Fidelity Latin America A-Dis-USD;Fidelity Funds - Latin America Fund A-DIST-USD;FIL Investment Management (Luxembourg) S.à r.l.;Equity;Latin America Equity;RV Latinoamérica;USD;Luxemburgo;6;3;;1.5;8.78;28.45;12.28;4.86;1994-05-09;True;False;2500;2026-08-28
LU0831102792;JPM Latin America Equity A acc EUR;JPMorgan Funds - Latin America Equity Fund A (acc) EUR;JPMorgan Asset Management (Europe) S.à r.l.;Equity;Latin America Equity;RV Latinoamérica;EUR;Luxemburgo;6;4;1.8;1.5;11.12;26.42;9.99;8.86;2012-10-04;True;False;35000;2026-08-28
LU0210535034;JPM Latin America Equity A acc USD;JPMorgan Funds - Latin America Equity Fund A (acc) USD;JPMorgan Asset Management (Europe) S.à r.l.;Equity;Latin America Equity;RV Latinoamérica;USD;Luxemburgo;6;4;1.8;1.5;10.42;26.99;12.79;8.66;2005-03-31;True;False;35000;2026-08-28
LU0053687314;JPM Latin America Equity A dist USD;JPMorgan Funds - Latin America Equity Fund A (dist) USD;JPMorgan Asset Management (Europe) S.à r.l.;Equity;Latin America Equity;RV Latinoamérica;USD;Luxemburgo;6;4;1.8;1.5;10.39;26.98;12.78;8.65;1992-05-13;True;False;35000;2026-08-28
LU0522352862;JPM Latin America Equity D acc EUR;JPMorgan Funds - Latin America Equity Fund D (acc) EUR;JPMorgan Asset Management (Europe) S.à r.l.;Equity;Latin America Equity;RV Latinoamérica;EUR;Luxemburgo;6;3;2.8;1.5;10.4;25.17;8.89;7.77;2010-07-13;True;False;5000;2026-08-28
LU0117896174;JPM Latin America Equity D acc USD;JPMorgan Funds - Latin America Equity Fund D (acc) USD;JPMorgan Asset Management (Europe) S.à r.l.;Equity;Latin America Equity;RV Latinoamérica;USD;Luxemburgo;6;3;2.8;1.5;9.7;25.73;11.66;7.57;2000-10-13;True;False;5000;2026-08-28
LU0248181363;Schroder ISF Latin American A Acc EUR;Schroder International Selection Fund Latin American A Accumulation EUR;Schroder Investment Management (Europe) S.A.;Equity;Latin America Equity;RV Latinoamérica;EUR;Luxemburgo;6;4;1.86;1.5;13.09;29.36;7.26;8.13;2006-03-22;True;False;1000;2026-08-28
LU0106259046;Schroder ISF Latin American A Acc USD;Schroder International Selection Fund Latin American A Accumulation USD;Schroder Investment Management (Europe) S.A.;Equity;Latin America Equity;RV Latinoamérica;USD;Luxemburgo;6;4;;1.5;12.12;29.98;9.93;7.91;2000-01-17;True;False;1000;2026-08-28
LU0592650328;Templeton Latin America A(acc)EUR;Templeton Latin America Fund A(acc)EUR;Franklin Templeton International Services S.à r.l.;Equity;Latin America Equity;RV Latinoamérica;EUR;Luxemburgo;7;3;2.25;1.9;15.04;30.54;8.9;8.38;2011-03-18;True;False;;2026-08-28
LU0128526570;Templeton Latin America A(acc)USD;Templeton Latin America Fund A(acc)USD;Franklin Templeton International Services S.à r.l.;Equity;Latin America Equity;RV Latinoamérica;USD;Luxemburgo;6;3;2.25;1.9;14.06;30.6;11.71;8.11;2001-05-14;True;False;1000;2026-08-28
LU0572586591;Alken Absolute Return Europe A;Alken Fund - Absolute Return Europe Class A;AFFM SA;Equity;Long/Short Equity;RV Long/Short Europa;EUR;Luxemburgo;6;4;;2.1;-2.88;-1.22;12.26;8.93;2012-06-28;True;False;0;2026-08-28
LU0572586674;Alken Absolute Return Europe I;Alken Fund - Absolute Return Europe Class I;AFFM SA;Equity;Long/Short Equity;RV Long/Short Europa;EUR;Luxemburgo;6;5;;1.5;-2.5;-0.67;12.75;9.47;2011-01-28;True;False;0;2026-08-28
FR0010174144;BDL Rempart C;BDL Rempart C;BDL Capital Management;Equity;Long/Short Equity;RV Long/Short Europa;EUR;Francia;6;4;;2.25;6.71;7.46;9.38;8.75;2005-09-07;True;False;10;2026-08-28
FR0010149179;Carmignac Absolute Ret Eur A EUR Acc;Carmignac Absolute Return Europe A EUR Acc;Carmignac Gestion;Equity;Long/Short Equity;RV Long/Short Europa;EUR;Francia;4;2;2.2;2;-0.87;0.9;1.39;-0.39;1997-02-03;True;False;0;2026-08-28
LU1317704051;Carmignac Pf L-S Eurp Eqs A EUR Acc;Carmignac Portfolio Long-Short European Equities A EUR Acc;Carmignac Gestion Luxembourg S.A.;Equity;Long/Short Equity;RV Long/Short Europa;EUR;Luxemburgo;4;4;1.8;1.5;5.09;9.89;10.72;5.05;2015-11-19;True;False;0;2026-08-28
LU1331971769;Eleva Abs Ret Eurp A1 EUR acc;Eleva Absolute Return Europe A1 (EUR) acc;Eleva Capital S.A.S.;Equity;Long/Short Equity;RV Long/Short Europa;EUR;Luxemburgo;4;3;3.32;2;2.41;5.69;5.62;4.04;2016-01-29;True;False;0;2026-08-28
LU0264597450;Janus Henderson Hrzn PanEurpAbsRetA1 EUR;Janus Henderson Horizon Pan European Absolute Return Fund A1 EUR;Janus Henderson Investors;Equity;Long/Short Equity;RV Long/Short Europa;EUR;Luxemburgo;4;3;2.69;1.2;-2.23;1.4;6.5;2.52;2006-12-01;True;False;2500;2026-08-28
LU0264597617;Janus Henderson Hrzn PanEurpAbsRetA2 EUR;Janus Henderson Horizon Pan European Absolute Return Fund A2 EUR;Janus Henderson Investors;Equity;Long/Short Equity;RV Long/Short Europa;EUR;Luxemburgo;4;3;2.79;1.2;-2.21;1.37;6.48;2.46;2006-12-01;True;False;2500;2026-08-28
IE00BLG2W007;Liontrust GF EurpStratEq A4 Acc €;Liontrust GF European Strategic Equity Fund A4 Acc EUR;Liontrust Investment Partners LLP;Equity;Long/Short Equity;RV Long/Short Europa;EUR;Irlanda;6;5;1.71;1.5;6.25;11.09;10.44;12.22;2014-04-25;True;False;1000;2026-08-28
LU1433232854;Pictet TR - Atlas P EUR;Pictet TR - Atlas P EUR;Pictet Asset Management (Europe) SA;Equity;Long/Short Equity;RV Long/Short Global;EUR;Luxemburgo;3;3;2.22;2.3;2.62;5.47;6.52;3.38;2016-11-15;True;False;0;2026-08-28
LU2206556016;Pictet TR Atlas Titan P EUR;Pictet TR Atlas Titan P EUR;Pictet Asset Management (Europe) SA;Equity;Long/Short Equity;RV Long/Short Global;EUR;Luxemburgo;2;4;3.48;2.3;4.81;10.6;11.59;6.22;2020-10-01;True;False;0;2026-08-28
LU0548376150;Schroder GAIA Egerton Eq A Acc USD Hdg;Schroder GAIA Egerton Equity A Accumulation USD Hedged;Schroder Investment Management (Europe) S.A.;Equity;Long/Short Equity;RV Long/Short Global;USD;Luxemburgo;6;5;2.46;2;4.66;7.59;17.88;9.42;2010-11-03;True;False;;2026-08-28
LU0463469048;Schroder GAIA Egerton Equity A Acc EUR;Schroder GAIA Egerton Equity A Accumulation EUR;Schroder Investment Management (Europe) S.A.;Equity;Long/Short Equity;RV Long/Short Global;EUR;Luxemburgo;6;4;2.43;2;3.46;5.52;15.83;7.36;2009-11-25;True;False;10000;2026-08-28
LU0506197614;Janus Henderson Hrzn PanEurpAbsRetA2HUSD;Janus Henderson Horizon Pan European Absolute Return Fund A2 HUSD;Janus Henderson Investors;Equity;Long/Short Equity;RV Long/Short Otros;USD;Luxemburgo;4;;2.66;1.2;-1.21;3.24;8.28;4.42;2012-04-04;True;False;2500;2026-08-28
LU0490786174;Janus HndrsnAbsolute Return A2 HEUR;Janus Henderson Absolute Return Fund A2 HEUR;Janus Henderson Investors;Equity;Long/Short Equity;RV Long/Short Otros;EUR;Luxemburgo;4;;1.65;1.5;1.36;2.5;4.94;2.77;2010-06-01;True;False;2500;2026-08-28
LU0953998514;Janus HndrsnAbsolute Return A2 HUSD;Janus Henderson Absolute Return Fund A2 HUSD;Janus Henderson Investors;Equity;Long/Short Equity;RV Long/Short Otros;USD;Luxemburgo;4;;1.65;1.5;2.41;4.33;6.58;4.53;2013-10-31;True;False;2500;2026-08-28
LU0496443887;Pictet TR - Mandarin HP EUR;Pictet TR - Mandarin HP EUR;Pictet Asset Management (Europe) SA;Equity;Long/Short Equity;RV Long/Short Otros;EUR;Luxemburgo;5;;2.02;2.3;8.6;10.97;10.61;2.42;2018-11-23;True;False;0;2026-08-28
LU0496443531;Pictet TR - Mandarin P USD;Pictet TR - Mandarin P USD;Pictet Asset Management (Europe) SA;Equity;Long/Short Equity;RV Long/Short Otros;USD;Luxemburgo;5;;1.97;2.3;9.53;12.81;12.66;4.4;2010-10-01;True;False;0;2026-08-28
LU1725200650;Schroder GAIA Contour Tech Eq A Acc EURH;Schroder GAIA Contour Tech Equity A Accumulation EUR Hedged;Schroder Investment Management (Europe) S.A.;Equity;Long/Short Equity;RV Long/Short Otros;EUR;Luxemburgo;6;;2.47;2;2.82;10.22;21.84;11.17;2017-12-20;True;False;;2026-08-28
LU0694232645;Sissener Canopus EUR R;Sissener SICAV - Sissener Canopus EUR R;Sissener AS;Equity;Long/Short Equity;RV Long/Short Otros;EUR;Luxemburgo;4;;;1.75;10.14;13.44;14.63;;2022-09-22;True;False;10;2026-08-28
LU0081952003;Nordea 1 - Norwegian Equity BP NOK;Nordea 1 - Norwegian Equity Fund BP NOK;Nordea Investment Funds SA;Equity;Europe Equity Mid/Small Cap;RV Noruega;NOK;Luxemburgo;5;2;1.8;1.5;15.17;22.01;16.9;9.87;1997-11-21;True;False;;2026-08-28
LU0922334643;Fidelity Nordic A-Acc-EUR;Fidelity Funds - Nordic Fund A-Acc-EUR;FIL Investment Management (Luxembourg) S.à r.l.;Equity;Europe Equity Mid/Small Cap;RV Nórdica Cap. Med/Peq;EUR;Luxemburgo;6;5;;1.5;18.6;30.7;23.91;12.71;2013-05-07;True;False;2500;2026-08-28
LU0261949381;Fidelity Nordic A-Acc-SEK;Fidelity Funds - Nordic Fund A-Acc-SEK;FIL Investment Management (Luxembourg) S.à r.l.;Equity;Europe Equity Mid/Small Cap;RV Nórdica Cap. Med/Peq;SEK;Luxemburgo;5;5;;1.5;21.48;30.62;20.91;14.64;2006-09-25;True;False;;2026-08-28
LU0048588080;Fidelity Nordic A-Dis-SEK;Fidelity Funds - Nordic Fund A-DIST-SEK;FIL Investment Management (Luxembourg) S.à r.l.;Equity;Europe Equity Mid/Small Cap;RV Nórdica Cap. Med/Peq;SEK;Luxemburgo;5;5;;1.5;21.49;30.63;20.91;14.63;1990-10-01;True;False;;2026-08-28
LU0511403387;AB American Growth A EUR H;AB SICAV I- American Growth Portfolio A EUR H Acc;AllianceBernstein (Luxembourg) S.à r.l.;Equity;US Equity Large Cap Growth;RV Otros;EUR;Luxemburgo;6;;;1.5;1.54;2.88;14.39;4.88;2010-06-30;True;False;2000;2026-08-28
LU1834054899;AB Intl Health Care A EUR H;AB SICAV I - International Health Care Portfolio Class A EUR H Acc;AllianceBernstein (Luxembourg) S.à r.l.;Equity;Healthcare Sector Equity;RV Otros;EUR;Luxemburgo;6;;1.95;1.8;7.41;19.08;4.66;1.14;2018-09-06;True;False;2000;2026-08-28
LU0861579778;AB Low Volatility Eq A EUR H;AB SICAV I - Low Volatility Equity Portfolio A EUR H Acc;AllianceBernstein (Luxembourg) S.à r.l.;Equity;Global Equity Large Cap;RV Otros;EUR;Luxemburgo;5;;1.67;1.5;5.02;6.77;11.72;5.67;2012-12-11;True;False;2000;2026-08-28
LU0683600646;AB Select US Equity A EUR H;AB SICAV I - Select US Equity Portfolio A EUR H Acc;AllianceBernstein (Luxembourg) S.à r.l.;Equity;US Equity Large Cap Blend;RV Otros;EUR;Luxemburgo;6;;1.97;1.8;9.59;13.96;18.19;9.15;2011-10-28;True;False;2000;2026-08-28
IE00BRGCKS69;AXA IM US Enhanced Index Eq QI B Acc H;AXA IM Equity Trust - AXA IM US Enhanced Index Equity QI B Acc Hedged;BNP PARIBAS ASSET MANAGEMENT Europe;Equity;US Equity Large Cap Blend;RV Otros;EUR;Irlanda;6;;0.95;0.8;9.73;15.15;17.11;8.46;2017-06-12;True;False;5000;2026-08-28
LU1644517127;AXAWF Robotech A Capitalisation EUR Hdg;AXA World Funds - Robotech A Capitalisation EUR (Hedged);BNP PARIBAS ASSET MANAGEMENT Europe;Equity;Technology Sector Equity;RV Otros;EUR;Luxemburgo;7;;1.77;1.5;12.7;16.42;13.44;1.32;2017-07-13;True;False;0;2026-08-28
IE00BWY56W81;Algebris Financial Equity R USD Acc;Algebris UCITS Funds plc - Algebris Financial Equity Fund R USD Acc;Algebris (UK) Limited;Equity;Financials Sector Equity;RV Otros;USD;Irlanda;6;;1.91;1.8;14.52;23.76;32.8;25.53;2020-12-30;True;False;10000;2026-08-28
LU1339879162;Alger American Asset Growth A EUH;Alger SICAV - Alger American Asset Growth Fund Class A EUH;Alger Management Ltd;Equity;US Equity Large Cap Growth;RV Otros;EUR;Luxemburgo;6;;2.11;1.75;11.25;19.95;32.02;11.29;2016-02-26;True;False;100;2026-08-28
LU1339879832;Alger Small Cap Focus A EUH;Alger SICAV - Alger Small Cap Focus Fund Class A EUH;Alger Management Ltd;Equity;US Equity Small Cap;RV Otros;EUR;Luxemburgo;7;;2.3;1.75;18.47;25.83;13.08;-7.26;2016-02-26;True;False;100;2026-08-28
LU1322973477;Allianz Best Styles Global Eq AT H EUR;Allianz Global Investors Fund - Allianz Best Styles Global Equity AT (H-EUR);Allianz Global Investors GmbH;Equity;Global Equity Large Cap;RV Otros;EUR;Luxemburgo;5;;1.3;1.3;10.25;17.42;19.64;11.12;2015-12-16;True;False;0;2026-08-28
LU2289578952;Allianz China A Opportunities AT H2-EUR;Allianz Global Investors Fund - Allianz China A Opportunities AT H2-EUR;Allianz Global Investors GmbH;Equity;Greater China Equity;RV Otros;EUR;Luxemburgo;6;;2.25;2.25;13.56;31.3;14.35;-4.3;2021-03-05;True;False;0;2026-08-28
LU0857590862;Allianz Europe Equity Growth AT H2 USD;Allianz Global Investors Fund - Allianz Europe Equity Growth AT H2-USD;Allianz Global Investors GmbH;Equity;Europe Equity Large Cap;RV Otros;USD;Luxemburgo;6;;1.8;1.8;6.47;7.69;4.9;-1;2012-12-06;True;False;0;2026-08-28
LU1548497772;Allianz Global Artfcl Intlgc AT H2EUR;Allianz Global Investors Fund - Allianz Global Artificial Intelligence AT (H2-EUR);Allianz Global Investors GmbH;Equity;Technology Sector Equity;RV Otros;EUR;Luxemburgo;7;;2.05;2.05;15.7;26.98;19.75;2.15;2017-03-31;True;False;0;2026-08-28
LU0962745302;Allianz Global Small Cap Equity AT H EUR;Allianz Global Investors Fund - Allianz Global Small Cap Equity AT (H-EUR);Allianz Global Investors GmbH;Equity;Global Equity Mid/Small Cap;RV Otros;EUR;Luxemburgo;6;;2.05;2.05;19.54;26.65;15.52;5.14;2013-09-13;True;False;0;2026-08-28
LU1880398125;Amundi Fds Global Equity A EURHC;Amundi Funds - Global Equity A EUR H (C);Amundi Luxembourg S.A.;Equity;Global Equity Large Cap;RV Otros;EUR;Luxemburgo;6;;3.35;1.65;16.18;27.62;22.05;12.72;2019-06-21;True;False;1;2026-08-28
LU1883854272;Amundi Fds US Eq Fundm Gr A EUR H C;Amundi Funds - US Equity Fundamental Growth A EUR H C;Amundi Luxembourg S.A.;Equity;US Equity Large Cap Growth;RV Otros;EUR;Luxemburgo;6;;1.78;1.5;6.41;8.68;13.63;6.53;2012-02-03;True;False;1;2026-08-28
LU3081005020;Amundi Fds US Pioneer A2 EUR H C;Amundi Funds - US Pioneer Fund A2 EUR Hgd (C);Amundi Luxembourg S.A.;Equity;US Equity Large Cap Blend;RV Otros;EUR;Luxemburgo;6;;1.77;1.4;8.54;;;;2025-06-26;True;False;;2026-08-28
LU1049757120;Amundi MSCINrthAmESGBrdTransition-AHE(C);Amundi MSCI North America ESG Broad Transition - AHE (C);Amundi Luxembourg S.A.;Equity;US Equity Large Cap Blend;RV Otros;EUR;Luxemburgo;6;;;0.15;10.4;16.22;17.73;8.46;2016-04-12;True;True;;2026-08-28
LU2778908793;Arcus Japan C Acc EUR H;Arcus Japan C Acc EUR Hedged;Arcus Investment Limited;Equity;Japan Equity;RV Otros;EUR;Luxemburgo;6;;1.67;1.5;18.21;34.27;;;2024-05-15;True;False;1000;2026-08-28
LU1893896479;ArtemisFds(Lux) US Extd Alpha A EUR AccH;Artemis Funds (Lux) - US Extended Alpha A accumulation hedged EUR;Artemis Investment Management LLP;Equity;US Equity Large Cap Blend;RV Otros;EUR;Luxemburgo;5;;;1.65;14.39;21.84;17.98;8.65;2018-11-06;True;False;25000;2026-08-28
LU1279613365;BGF Asian Dragon A2 EUR Hedged;BlackRock Global Funds - Asian Dragon Fund A2 EUR Hedged;BlackRock (Luxembourg) SA;Equity;Asia ex-Japan Equity;RV Otros;EUR;Luxemburgo;6;;1.83;1.5;22.35;35.25;17.81;3.95;2015-09-09;True;False;;2026-08-28
LU0359201455;BGF China A2 EUR Hedged;BlackRock Global Funds - China Fund A2 EUR Hedged;BlackRock (Luxembourg) SA;Equity;Greater China Equity;RV Otros;EUR;Luxemburgo;7;;1.83;1.5;-4.86;-3.03;8.11;-7.72;2008-06-24;True;False;5000;2026-08-28
LU1196525536;BGF Continental Eurp Flex A2 USD H;BlackRock Global Funds - Continental European Flexible Fund A2 USD Hedged;BlackRock (Luxembourg) SA;Equity;Europe Equity Large Cap;RV Otros;USD;Luxemburgo;6;;1.81;1.5;11.28;16.27;13;5.89;2015-03-04;True;False;5000;2026-08-28
LU2087590274;BGF Emerging Markets A2 EUR H;BlackRock Global Funds - Emerging Markets Fund A2 EUR Hedged;BlackRock (Luxembourg) SA;Equity;Global Emerging Markets Equity;RV Otros;EUR;Luxemburgo;6;;1.85;1.5;23;37.38;14.59;0.29;2019-12-18;True;False;5000;2026-08-28
LU2719174067;BGF Emerging Markets Ex-China A2 H;BlackRock Global Funds - Emerging Markets Ex-China Fund A2 Hedged EUR Acc;BlackRock (Luxembourg) SA;Equity;Global Emerging Markets Equity;RV Otros;EUR;Luxemburgo;5;;1.85;1.5;36.39;56.02;;;2024-05-13;True;False;;2026-08-28
LU2719175205;BGF Emerging Markets Ex-China E2 H;BlackRock Global Funds - Emerging Markets Ex-China Fund E2 Hedged Acc;BlackRock (Luxembourg) SA;Equity;Global Emerging Markets Equity;RV Otros;EUR;Luxemburgo;5;;2.35;1.5;35.95;55.25;;;2024-05-13;True;False;;2026-08-28
LU0986743572;BGF Euro-Markets A2 GBP Hedged;BlackRock Global Funds - Euro-Markets Fund A2 GBP Hedged;BlackRock (Luxembourg) SA;Equity;Europe Equity Large Cap;RV Otros;GBP;Luxemburgo;6;;1.82;1.5;11.41;16.84;15.93;8.3;2013-11-13;True;False;;2026-08-28
LU0969580488;BGF Euro-Markets A2 USD Hedged;BlackRock Global Funds - Euro-Markets Fund A2 USD Hedged;BlackRock (Luxembourg) SA;Equity;Europe Equity Large Cap;RV Otros;USD;Luxemburgo;6;;1.82;1.5;11.73;17.32;16.55;9.33;2013-09-25;True;False;5000;2026-08-28
LU0526926950;BGF European A2 USD Hedged;BlackRock Global Funds - European Fund A2 USD Hedged;BlackRock (Luxembourg) SA;Equity;Europe Equity Large Cap;RV Otros;USD;Luxemburgo;6;;1.81;1.5;11.35;15.21;10.64;4.74;2010-10-07;True;False;5000;2026-08-28
LU0969580561;BGF European Special Situations A2 USD H;BlackRock Global Funds - European Special Situations Fund A2 USD Hedged;BlackRock (Luxembourg) SA;Equity;Europe Equity Large Cap;RV Otros;USD;Luxemburgo;6;;1.82;1.5;10.37;10.08;6.15;1.73;2013-09-25;True;False;5000;2026-08-28
LU0238690555;BGF Global Dynamic Eq A2 H;BlackRock Global Funds - Global Dynamic Equity Fund A2 EUR Hedged;BlackRock (Luxembourg) SA;Equity;Global Equity Large Cap;RV Otros;EUR;Luxemburgo;6;;1.82;1.5;9.01;17.74;15.2;4.98;2007-06-29;True;False;;2026-08-28
LU0255399742;BGF Japan Small & MidCap Opps A2 H;BlackRock Global Funds - Japan Small & MidCap Opportunities Fund A2 EUR Hedged;BlackRock (Luxembourg) SA;Equity;Japan Equity;RV Otros;EUR;Luxemburgo;5;;1.81;1.5;19.06;30.81;27.5;16.22;2006-05-29;True;False;5000;2026-08-28
LU1864666240;BGF Natural Resources A2 H;BGF Natural Resources Fund Class A2 EUR Hedged;BlackRock (Luxembourg) SA;Equity;Natural Resources Sector Equity;RV Otros;EUR;Luxemburgo;6;;1.81;1.5;22.08;35.45;13.73;11.07;2018-09-12;True;False;;2026-08-28
LU2310089771;BGF Next Generation Technology A2 CHF H;BlackRock Global Funds - Next Generation Technology Fund A2 CHF Hedged;BlackRock (Luxembourg) SA;Equity;Technology Sector Equity;RV Otros;CHF;Luxemburgo;6;;1.81;1.5;32.37;47.36;27.23;1.48;2021-03-24;True;False;;2026-08-28
LU1861216510;BGF Next Generation Technology A2 EUR H;BlackRock Global Funds - Next Generation Technology Fund A2 EUR Hedged;BlackRock (Luxembourg) SA;Equity;Technology Sector Equity;RV Otros;EUR;Luxemburgo;6;;1.81;1.5;34.03;50.34;29.49;2.63;2018-09-04;True;False;;2026-08-28
LU1822773807;BGF Sustainable Energy A2 EUR H;BlackRock Global Funds - Sustainable Energy Fund A2 EUR Hedged;BlackRock (Luxembourg) SA;Equity;Energy Sector Equity;RV Otros;EUR;Luxemburgo;6;;1.96;1.65;12.27;23.56;10.84;2.47;2018-05-23;True;False;5000;2026-08-28
LU0200685153;BGF US Basic Value A2 EUR Hedged;BlackRock Global Funds - US Basic Value Fund A2 EUR Hedged;BlackRock (Luxembourg) SA;Equity;US Equity Large Cap Value;RV Otros;EUR;Luxemburgo;5;;1.81;1.5;13.6;19.86;14.61;7.21;2004-09-30;True;False;5000;2026-08-28
LU0200684693;BGF US Flexible Equity A2 EUR H;BlackRock Global Funds - US Flexible Equity Fund A2 EUR Hedged;BlackRock (Luxembourg) SA;Equity;US Equity Large Cap Blend;RV Otros;EUR;Luxemburgo;6;;1.81;1.5;13.21;24.8;20.09;10.5;2004-10-04;True;False;5000;2026-08-28
LU0408222163;BGF US Flexible Equity A4 H;BlackRock Global Funds - US Flexible Equity Fund A4 EUR Hedged;BlackRock (Luxembourg) SA;Equity;US Equity Large Cap Blend;RV Otros;EUR;Luxemburgo;6;;1.81;1.5;13.21;24.76;20.09;10.5;2009-02-02;True;False;5000;2026-08-28
LU0589470672;BGF World Energy A2 CHF Hedged;BlackRock Global Funds - World Energy Fund A2 CHF Hedged;BlackRock (Luxembourg) SA;Equity;Energy Sector Equity;RV Otros;CHF;Luxemburgo;6;;2.06;1.75;34.41;35.88;11.17;16.84;2011-03-25;True;False;;2026-08-28
LU0326422176;BGF World Energy A2 EUR Hedged;BlackRock Global Funds - World Energy Fund A2 EUR Hedged;BlackRock (Luxembourg) SA;Equity;Energy Sector Equity;RV Otros;EUR;Luxemburgo;6;;2.06;1.75;36.32;38.94;13.43;18.38;2007-11-30;True;False;5000;2026-08-28
LU0521028471;BGF World Gold A2 CHF Hedged;BlackRock Global Funds - World Gold Fund A2 CHF Hedged;BlackRock (Luxembourg) SA;Equity;Precious Metals Sector Equity;RV Otros;CHF;Luxemburgo;7;;2.05;1.75;14.05;66.36;47.87;20.39;2010-07-19;True;False;;2026-08-28
LU0326422689;BGF World Gold A2 EUR Hedged;BlackRock Global Funds - World Gold Fund A2 EUR Hedged;BlackRock (Luxembourg) SA;Equity;Precious Metals Sector Equity;RV Otros;EUR;Luxemburgo;7;;2.05;1.75;15.55;69.8;50.72;21.92;2007-10-31;True;False;5000;2026-08-28
LU1822774284;BGF World Healthscience A2 EUR H;BlackRock Global Funds - World Healthscience Fund A2 EUR Hedged;BlackRock (Luxembourg) SA;Equity;Healthcare Sector Equity;RV Otros;EUR;Luxemburgo;5;;1.78;1.5;6.06;17.01;5.91;1.77;2018-06-06;True;False;;2026-08-28
LU0326424115;BGF World Mining A2 EUR Hedged;BlackRock Global Funds - World Mining Fund A2 EUR Hedged;BlackRock (Luxembourg) SA;Equity;Natural Resources Sector Equity;RV Otros;EUR;Luxemburgo;7;;2.06;1.75;24.78;65.88;24.48;11.5;2007-11-23;True;False;5000;2026-08-28
LU1822773716;BGF World Technology A2 EUR H;BlackRock Global Funds - World Technology Fund A2 EUR Hedged;BlackRock (Luxembourg) SA;Equity;Technology Sector Equity;RV Otros;EUR;Luxemburgo;6;;1.78;1.5;27.9;36.15;29.95;8.41;2018-05-23;True;False;;2026-08-28
LU0887931292;BL-Equities Japan B EUR Hedged;BL-Equities Japan B EUR Hedged Acc;BLI - Banque de Luxembourg Investments SA;Equity;Japan Equity;RV Otros;EUR;Luxemburgo;6;;1.55;1.25;15.55;23.93;12.96;8.2;2013-03-01;True;False;0;2026-08-28
LU0194438338;BNP Paribas Japan Eq Cl H EUR Cap;BNP Paribas Funds Japan Equity Classic H EUR Capitalisation;BNP Paribas Asset Management Luxembourg;Equity;Japan Equity;RV Otros;EUR;Luxemburgo;6;;;1.5;28.99;45.04;29.37;22.49;2004-06-29;True;False;0;2026-08-28
LU0265293521;BNP Paribas Turkey Equity Classic R;BNP Paribas Funds Turkey EquityClassicR;BNP Paribas Asset Management Luxembourg;Equity;Equity Miscellaneous;RV Otros;EUR;Luxemburgo;7;;;1.75;7.88;0.38;3.98;17.75;2013-05-24;True;False;0;2026-08-28
LU0823433189;BNP Paribas Turkey Equity Classic USD R;BNP Paribas Funds Turkey EquityClassic USDR;BNP Paribas Asset Management Luxembourg;Equity;Equity Miscellaneous;RV Otros;USD;Luxemburgo;7;;;1.75;6.98;0.32;6.74;17.54;2013-05-24;True;False;0;2026-08-28
LU0823433858;BNP Paribas Turkey Equity N R;BNP Paribas Funds Turkey EquityNR;BNP Paribas Asset Management Luxembourg;Equity;Equity Miscellaneous;RV Otros;EUR;Luxemburgo;7;;;1.75;7.36;-0.37;3.21;16.87;2013-05-24;True;False;0;2026-08-28
LU0251806666;BNP Paribas US Small Cap Classic H EURC;BNP Paribas Funds US Small Cap Classic H EURC;BNP Paribas Asset Management Luxembourg;Equity;US Equity Small Cap;RV Otros;EUR;Luxemburgo;6;;;1.75;15.29;20.42;15.26;4.87;2013-05-17;True;False;0;2026-08-28
IE00BB7N4179;BNY Mellon Brazil Equity EUR H Acc H;BNY Mellon Brazil Equity Fund EUR H Acc Hedged;BNY Mellon Fund Management (Lux) S.A.;Equity;Latin America Equity;RV Otros;EUR;Irlanda;7;;2.19;2;3.5;13.61;8.63;3.41;2013-06-27;True;False;5000;2026-08-28
IE00B89ZWR21;BNY Mellon Global Equity Inc EUR H Acc H;BNY Mellon Global Equity Income Fund EUR H Acc Hedged;BNY Mellon Fund Management (Lux) S.A.;Equity;Global Equity Large Cap;RV Otros;EUR;Irlanda;5;;;2;12.34;20.21;13.7;7.35;2013-04-09;True;False;5000;2026-08-28
IE00B9CMBW59;BNY Mellon Global Equity Inc EUR H Inc H;BNY Mellon Global Equity Income Fund EUR H Inc Hedged;BNY Mellon Fund Management (Lux) S.A.;Equity;Global Equity Large Cap;RV Otros;EUR;Irlanda;5;;;2;12.37;20.23;13.7;7.34;2013-04-09;True;False;5000;2026-08-28
LU0580275534;Bellevue Medtech & Services HB EUR;Bellevue Funds (Lux) - Bellevue Medtech & Services HB EUR;Bellevue Asset Management Ltd.;Equity;Healthcare Sector Equity;RV Otros;EUR;Luxemburgo;6;;2.16;1.6;-11.14;-11.87;-0.37;-4.42;2011-01-31;True;False;0;2026-08-28
IE00B2NN6563;Brown Advisory US Equity Growth € A Hdg;Brown Advisory US Equity Growth € A Hedged;Brown Adv (Ireland) Limited;Equity;US Equity Large Cap Growth;RV Otros;EUR;Irlanda;6;;;1.5;10.82;4.6;10.87;0.19;2010-08-04;True;False;5000;2026-08-28
IE00BG0R2Z11;Brown Advisory US Sust Gr EUR A Acc Hdg;Brown Advisory US Sustainable Growth Fund EUR Class A Acc Shares Hedged;Brown Adv (Ireland) Limited;Equity;US Equity Large Cap Growth;RV Otros;EUR;Irlanda;6;;;1.5;8.44;5.91;11.92;2.96;2020-09-01;True;False;5000;2026-08-28
LU2389405080;CPR Invest Hydrogen A EUR Acc;CPR Invest Hydrogen A EUR Acc;CPR Asset Management;Equity;Equity Miscellaneous;RV Otros;EUR;Luxemburgo;6;;;1.6;16.66;30.11;14.35;;2021-11-30;True;False;1;2026-08-28
LU1878469607;CT (Lux) American Smaller Com AEH EUR;CT (Lux) - American Smaller Companies AEH (EUR Accumulation);Threadneedle Management Luxembourg S.A.;Equity;US Equity Small Cap;RV Otros;EUR;Luxemburgo;6;;1.8;1.5;9.13;11.91;8.42;2.35;2018-10-23;True;False;2500;2026-08-28
LU0198728585;CT (Lux) Global Focus AEH;CT (Lux) - Global Focus Class AEH (EUR Accumulation Hedged Shares);Threadneedle Management Luxembourg S.A.;Equity;Global Equity Large Cap;RV Otros;EUR;Luxemburgo;6;;1.7;1.5;15.76;20.13;18.37;6.26;1998-06-25;True;False;2500;2026-08-28
LU0444972557;CT (Lux) Global Tech AEH EUR;CT (Lux) - Global Technology Class AEH (EUR Accumulation Hedged Shares);Threadneedle Management Luxembourg S.A.;Equity;Technology Sector Equity;RV Otros;EUR;Luxemburgo;6;;1.95;1.65;46.61;70.48;38.39;19.18;2013-05-13;True;False;2500;2026-08-28
LU1120766206;Candriam Eqs L Biotech C EUR Hedged Cap;Candriam Equities L Biotechnology Class C EUR Hedged Cap;Candriam;Equity;Healthcare Sector Equity;RV Otros;EUR;Luxemburgo;6;;1.96;1.6;24.49;57.48;22.28;9.88;2015-01-22;True;False;0;2026-08-28
LU1293437023;Candriam Eqs L Em Mkts C USD H Cap;Candriam Equities L Emerging Markets Class C USD H Cap;Candriam;Equity;Global Emerging Markets Equity;RV Otros;USD;Luxemburgo;6;;2.01;1.6;28.32;45.12;24.15;7.93;2017-08-03;True;False;0;2026-08-28
LU1864481624;Candriam Equities L Oncology CH EUR Cap;Candriam Equities L Oncology Fund Class CH EUR Cap;Candriam;Equity;Healthcare Sector Equity;RV Otros;EUR;Luxemburgo;6;;;1.6;12.42;35.96;10.18;1.5;2019-03-12;True;False;0;2026-08-28
LU1378995317;Capital Group InvCoAmer LUX Bh-EUR;Capital Group Investment Company of America LUX Bh-EUR;Capital International Management Company Sàrl;Equity;US Equity Large Cap Blend;RV Otros;EUR;Luxemburgo;6;;1.45;1.3;8.36;11.77;18.44;9.68;2016-06-17;True;False;0;2026-08-28
LU1746180204;Capital Group New Pers (LUX) Bdh-EUR;Capital Group New Perspective Fund (LUX) Bdh-EUR;Capital International Management Company Sàrl;Equity;Global Equity Large Cap;RV Otros;EUR;Luxemburgo;6;;1.59;1.5;6.44;11.11;14.59;5.24;2018-01-04;True;False;0;2026-08-28
LU1295552621;Capital Group New Pers (LUX) Bh-EUR;Capital Group New Perspective Fund (LUX) Bh-EUR;Capital International Management Company Sàrl;Equity;Global Equity Large Cap;RV Otros;EUR;Luxemburgo;6;;1.59;1.5;6.73;11.42;14.68;5.13;2015-10-30;True;False;0;2026-08-28
LU1295552894;Capital Group New Pers (LUX) Bh-GBP;Capital Group New Perspective Fund (LUX) Bh-GBP;Capital International Management Company Sàrl;Equity;Global Equity Large Cap;RV Otros;GBP;Luxemburgo;6;;1.59;1.5;7.41;13;16.17;6.38;2015-10-30;True;False;0;2026-08-28
LU2230629466;Capital Group NewEcon LUX Bh-EUR;Capital Group New Economy Fund LUX Bh-EUR;Capital International Management Company Sàrl;Equity;Global Equity Large Cap;RV Otros;EUR;Luxemburgo;6;;0.9;1.5;16.72;31.93;24.43;8.18;2020-09-21;True;False;0;2026-08-28
LU0807689079;Carmignac Pf Grande Europe A USD Acc Hdg;Carmignac Portfolio Grande Europe A USD Acc Hdg;Carmignac Gestion Luxembourg S.A.;Equity;Europe Equity Large Cap;RV Otros;USD;Luxemburgo;6;;1.8;1.5;6.22;9.32;8.17;3.84;2012-07-19;True;False;0;2026-08-28
LU3145732932;DNB Technology Retail A (EUR) (Hedged);DNB Fund - Technology Retail A (EUR) (Hedged);DNB Asset Management AS;Equity;Technology Sector Equity;RV Otros;EUR;Luxemburgo;;;1.58;1.5;21.89;;;;2025-11-25;True;False;0;2026-08-28
LU0616865175;DWS Invest Global Infras CHF LCH;DWS Invest Global Infrastructure CHF LCH;DWS Investment S.A.;Equity;Infrastructure Sector Equity;RV Otros;CHF;Luxemburgo;5;;1.62;1.5;5.19;4.51;6.29;3.03;2013-11-29;True;False;0;2026-08-28
LU1560646298;DWS Invest Global Infras EUR LCH (P);DWS Invest Global Infrastructure EUR LCH (P);DWS Investment S.A.;Equity;Infrastructure Sector Equity;RV Otros;EUR;Luxemburgo;5;;1.62;1.5;5.04;5.53;9.25;3.35;2017-02-15;True;False;0;2026-08-28
LU0616863808;DWS Invest Top Dividend LCH (P);DWS Invest Top Dividend LCH (P);DWS Investment S.A.;Equity;Global Equity Large Cap;RV Otros;EUR;Luxemburgo;4;;1.62;1.5;14.24;23.06;14.5;8.59;2014-12-11;True;False;0;2026-08-28
LU0544572604;DWS Invest Top Dividend USD LCH(P);DWS Invest Top Dividend USD LCH(P);DWS Investment S.A.;Equity;Global Equity Large Cap;RV Otros;USD;Luxemburgo;4;;1.61;1.5;15.54;25.48;16.65;10.77;2012-05-30;True;False;0;2026-08-28
LU2589699524;FAST - Global Fund APFACC-EUR (EUR/USDH);Fidelity Active Strategy - FAST - Global Fund A-PF-ACC-EUR (EUR/USD hedged);FIL Investment Management (Luxembourg) S.à r.l.;Equity;Global Equity Mid/Small Cap;RV Otros;EUR;Luxemburgo;6;;1.93;1.5;11.6;11.6;;;2024-04-24;True;False;2500;2026-08-28
IE00BHR40R02;FTGF CB Infras Val A EURH Acc PH;FTGF ClearBridge Infrastructure Value Fund Class A Euro Accumulating (Hedged) (PH);Franklin Templeton International Services S.à r.l.;Equity;Infrastructure Sector Equity;RV Otros;EUR;Irlanda;6;;1.97;1.5;7.7;10.73;10.89;6.19;2019-12-03;True;False;1000;2026-08-28
IE00BYML7L80;FTGF CB US Lg Cp Gr A EURH Acc;FTGF ClearBridge US Large Cap Growth Fund Class A Euro Accumulating (Hedged);Franklin Templeton International Services S.à r.l.;Equity;US Equity Large Cap Growth;RV Otros;EUR;Irlanda;6;;1.72;1.25;3.69;3.23;13.92;4.63;2016-02-05;True;False;1000;2026-08-28
IE00B7RM3Q42;FTGF CB US Value A EUR H Acc;FTGF ClearBridge US Value Fund Class A Euro Accumulating (Hedged);Franklin Templeton International Services S.à r.l.;Equity;US Equity Large Cap Value;RV Otros;EUR;Irlanda;6;;1.83;1.35;14.11;17.87;13.8;;2021-12-09;True;False;1000;2026-08-28
IE000Z4DSSW2;FTGF ClearBridge Glb Gr Ldrs A EUR H Acc;FTGF ClearBridge Global Growth Leaders Fund Class A Euro Accumulating (Hedged);Franklin Templeton International Services S.à r.l.;Equity;Global Equity Large Cap;RV Otros;EUR;Irlanda;;;1.78;1.3;1;;;;2025-10-31;True;False;1000;2026-08-28
IE00B8K62S50;FTGF Putnam US Research A EURH Acc;FTGF Putnam US Research Fund Class A Euro Accumulating (Hedged);Franklin Templeton International Services S.à r.l.;Equity;US Equity Large Cap Blend;RV Otros;EUR;Irlanda;6;;1.38;1.25;13.69;20.3;;;2025-04-28;True;False;1000;2026-08-28
IE00B7MC4336;FTGF RY US SmCp Opp A EURH Acc;FTGF Royce US Small Cap Opportunity Fund Class A Euro Accumulating (Hedged);Franklin Templeton International Services S.à r.l.;Equity;US Equity Small Cap;RV Otros;EUR;Irlanda;7;;1.97;1.5;23.57;28.2;15.92;6.6;2013-02-20;True;False;1000;2026-08-28
IE00BBL4VX78;Federated Hermes Asia exJpn Eq R EURAccH;Federated Hermes Asia ex-Japan Equity Fund Class R EUR Accumulating Hedged;Hermes Fund Managers Ireland Ltd;Equity;Asia ex-Japan Equity;RV Otros;EUR;Irlanda;6;;;1.5;17.3;26.63;20.54;8.21;2014-03-11;True;False;1000;2026-08-28
LU0945775517;Fidelity America A-Acc-EUR H;Fidelity Funds - America Fund A-Acc-EUR (hedged);FIL Investment Management (Luxembourg) S.à r.l.;Equity;US Equity Large Cap Value;RV Otros;EUR;Luxemburgo;5;;;1.5;5.84;10.57;8.76;4.87;2013-07-12;True;False;;2026-08-28
LU2348703278;Fidelity Asia Eq ESG A-Acc-EUR H;Fidelity Funds - Asia Equity ESG Fund A-Acc-EUR Hedged;FIL Investment Management (Luxembourg) S.à r.l.;Equity;Asia ex-Japan Equity;RV Otros;EUR;Luxemburgo;6;;;1.5;22.46;36.58;17.7;5.1;2021-06-09;True;False;;2026-08-28
LU0303816705;Fidelity Em Eurp Mdl Est&Afr A Acc EUR;Fidelity Funds - Emerging Europe, Middle East and Africa Fund A-Acc-EUR;FIL Investment Management (Luxembourg) S.à r.l.;Equity;Equity Miscellaneous;RV Otros;EUR;Luxemburgo;6;;;1.5;20;32.29;24.41;0.52;2007-06-11;True;False;;2026-08-28
LU1097728288;Fidelity Emerging Markets A-Acc-EUR H;Fidelity Funds - Emerging Markets Fund A-Acc-EUR (hedged);FIL Investment Management (Luxembourg) S.à r.l.;Equity;Global Emerging Markets Equity;RV Otros;EUR;Luxemburgo;6;;;1.5;30.3;46.93;24.21;5.88;2014-08-28;True;False;;2026-08-28
LU0688698975;Fidelity FAST Emerging MarketsA-ACC-EURH;Fidelity Active Strategy - FAST - Emerging Markets Fund A-ACC-EUR (hedged);FIL Investment Management (Luxembourg) S.à r.l.;Equity;Global Emerging Markets Equity;RV Otros;EUR;Luxemburgo;6;;1.94;1.5;36.29;63.63;36.82;12.24;2011-10-31;True;False;;2026-08-28
LU0840141096;Fidelity Global Consumer Brds E-Acc-EURH;Fidelity Funds - Global Consumer Brands Fund E-Acc-EUR (hedged);FIL Investment Management (Luxembourg) S.à r.l.;Equity;Consumer Goods & Services Sector Equity;RV Otros;EUR;Luxemburgo;6;;;1.5;-0.93;1.67;6.91;0.29;2012-11-07;True;False;;2026-08-28
LU0605515377;Fidelity Global Dividend A-Acc-EUR H;Fidelity Funds - Global Dividend Fund A-Acc-EUR (hedged);FIL Investment Management (Luxembourg) S.à r.l.;Equity;Global Equity Large Cap;RV Otros;EUR;Luxemburgo;5;;;1.5;9.87;13.08;14.98;8.33;2012-01-30;True;False;;2026-08-28
LU0840139785;Fidelity Global Dividend E-MInc(G)-EUR H;Fidelity Funds - Global Dividend Fund E-MINCOME(G)-EUR (hedged);FIL Investment Management (Luxembourg) S.à r.l.;Equity;Global Equity Large Cap;RV Otros;EUR;Luxemburgo;5;;;1.5;9.3;12.2;14.09;7.5;2012-11-07;True;False;;2026-08-28
LU2670341689;Fidelity Global Financial Svcs A-AccEURH;Fidelity Funds - Global Financial Services Fund A-Acc-EUR (hedged);FIL Investment Management (Luxembourg) S.à r.l.;Equity;Financials Sector Equity;RV Otros;EUR;Luxemburgo;6;;;1.5;8.65;11.41;19.56;;2023-08-23;True;False;2500;2026-08-28
LU1273508926;Fidelity Global Financial Svcs A-AccUSDH;Fidelity Funds - Global Financial Services Fund A-Acc-USD (hedged);FIL Investment Management (Luxembourg) S.à r.l.;Equity;Financials Sector Equity;RV Otros;USD;Luxemburgo;6;;;1.5;10.01;13.7;21.96;11.12;2015-08-20;True;False;2500;2026-08-28
LU1366332952;Fidelity Global Focus A-Acc-EUR H;Fidelity Funds - Global Focus Fund A-Acc-EUR (hedged);FIL Investment Management (Luxembourg) S.à r.l.;Equity;Global Equity Large Cap;RV Otros;EUR;Luxemburgo;6;;;1.5;-0.04;5.49;12.94;5.01;2016-05-12;True;False;;2026-08-28
LU2670341846;Fidelity Global Healthcare A-Acc-EUR H;Fidelity Funds - Global Healthcare Fund A-Acc-EUR (hedged);FIL Investment Management (Luxembourg) S.à r.l.;Equity;Healthcare Sector Equity;RV Otros;EUR;Luxemburgo;5;;;1.5;-1.47;4.91;0.32;;2023-08-23;True;False;2500;2026-08-28
LU1841614867;Fidelity Global Technology A-Acc-EURH;Fidelity Funds - Global Technology Fund A-Acc-EUR (hedged);FIL Investment Management (Luxembourg) S.à r.l.;Equity;Technology Sector Equity;RV Otros;EUR;Luxemburgo;6;;;1.5;15.58;25.63;23.74;12.52;2018-07-11;True;False;2500;2026-08-28
LU1235294995;Fidelity Global Technology A-Acc-USD H;Fidelity Funds - Global Technology Fund A-Acc-USD (hedged);FIL Investment Management (Luxembourg) S.à r.l.;Equity;Technology Sector Equity;RV Otros;USD;Luxemburgo;6;;;1.5;17.07;28.25;26.07;15.05;2015-06-03;True;False;2500;2026-08-28
LU0997586945;Fidelity Japan Equity ESG A-Acc-USD H;Fidelity Funds - Japan Equity ESG Fund A-Acc-USD (hedged);FIL Investment Management (Luxembourg) S.à r.l.;Equity;Japan Equity;RV Otros;USD;Luxemburgo;6;;;1.5;19.33;32.02;21.31;15.02;2014-01-10;True;False;2500;2026-08-28
LU0997587083;Fidelity Japan Value A-Acc-USD H;Fidelity Funds - Japan Value Fund A-Acc-USD (hedged);FIL Investment Management (Luxembourg) S.à r.l.;Equity;Japan Equity;RV Otros;USD;Luxemburgo;6;;;1.5;23.26;43.07;30.58;25.36;2014-01-10;True;False;2500;2026-08-28
LU0611489658;Fidelity Japan Value A-Dis-EUR H;Fidelity Funds - Japan Value Fund A-DIST-EUR (hedged);FIL Investment Management (Luxembourg) S.à r.l.;Equity;Japan Equity;RV Otros;EUR;Luxemburgo;6;;;1.5;21.89;40.6;28.31;22.97;2011-03-28;True;False;;2026-08-28
LU0997586861;Fidelity Nordic A-Acc-USD H;Fidelity Funds - Nordic Fund A-Acc-USD (hedged);FIL Investment Management (Luxembourg) S.à r.l.;Equity;Europe Equity Mid/Small Cap;RV Otros;USD;Luxemburgo;5;;;1.5;18.41;30.28;24.25;16.08;2014-01-10;True;False;2500;2026-08-28
IE00BYX5N110;Fidelity S&P 500 Index EUR P Acc H;Fidelity S&P 500 Index Fund EUR P Acc (Hedged);FIL Investment Management (Luxembourg) S.A., Ireland Branch;Equity;US Equity Large Cap Blend;RV Otros;EUR;Irlanda;6;;0.15;0.15;11.05;16.89;18.93;9.86;2018-03-20;True;True;0;2026-08-28
LU0346393456;Fidelity US Equity Fund A-Acc-EUR H;Fidelity Funds - US Equity Fund A-Acc-EUR (hedged);FIL Investment Management (Luxembourg) S.à r.l.;Equity;US Equity Large Cap Blend;RV Otros;EUR;Luxemburgo;5;;;1.5;3.98;4.85;8.59;2.18;2008-03-10;True;False;;2026-08-28
LU1892830248;Fidelity Water & Waste A Acc EUR H;Fidelity Funds - Water & Waste Fund A Acc EUR (EUR/USD hedged);FIL Investment Management (Luxembourg) S.à r.l.;Equity;Equity Miscellaneous;RV Otros;EUR;Luxemburgo;6;;;1.5;2.31;-0.08;4.93;-2.87;2018-11-07;True;False;2500;2026-08-28
LU2595359303;Fidelity World A-Acc-EUR H;Fidelity Funds - World Fund A-Acc-EUR (EUR/USD Hgd);FIL Investment Management (Luxembourg) S.à r.l.;Equity;Global Equity Large Cap;RV Otros;EUR;Luxemburgo;6;;;1.5;11.59;17.42;17.53;;2023-03-08;True;False;2500;2026-08-28
LU1803069274;Franklin Biotechnology Discv A(acc)EURH1;Franklin Biotechnology Discovery Fund A(acc) EUR-H1;Franklin Templeton International Services S.à r.l.;Equity;Healthcare Sector Equity;RV Otros;EUR;Luxemburgo;6;;1.81;1.5;23.2;67.69;27.34;9.28;2018-04-06;True;False;;2026-08-28
LU0496368142;Franklin Gold and Prec Mtls A(acc)EUR-H1;Franklin Gold and Precious Metals Fund A(acc)EUR-H1;Franklin Templeton International Services S.à r.l.;Equity;Precious Metals Sector Equity;RV Otros;EUR;Luxemburgo;7;;1.8;1.5;17.53;79.33;58.74;23;2010-04-30;True;False;1000;2026-08-28
LU1212701376;Franklin India A(acc)EUR-H1;Franklin India Fund A(acc)EUR-H1;Franklin Templeton International Services S.à r.l.;Equity;India Equity;RV Otros;EUR;Luxemburgo;6;;1.83;1.5;-10.22;-11.49;2.2;0.94;2015-04-24;True;False;;2026-08-28
LU0294219513;Franklin Mutual Glbl DiscvA(acc)EUR-H2;Franklin Mutual Global Discovery Fund A(acc)EUR-H2;Franklin Templeton International Services S.à r.l.;Equity;Global Equity Large Cap;RV Otros;EUR;Luxemburgo;5;;1.83;1.5;7.72;13.41;11.34;7.28;2007-04-10;True;False;1000;2026-08-28
LU0626261860;Franklin Natural Resources A(Ydis)EUR-H1;Franklin Natural Resources Fund A(Ydis)EUR-H1;Franklin Templeton International Services S.à r.l.;Equity;Energy Sector Equity;RV Otros;EUR;Luxemburgo;7;;1.83;1.5;27.8;42.69;16.46;16.78;2011-05-27;True;False;;2026-08-28
LU1704830576;Franklin Technology A Acc EUR-H1;Franklin Technology Fund A (Acc) EUR-H1;Franklin Templeton International Services S.à r.l.;Equity;Technology Sector Equity;RV Otros;EUR;Luxemburgo;7;;1.81;1.5;23.44;28.96;26.68;6.86;2017-10-27;True;False;;2026-08-28
LU0316494391;Franklin US Opportunities A(acc)EUR-H1;Franklin U.S. Opportunities Fund A(acc)EUR-H1;Franklin Templeton International Services S.à r.l.;Equity;US Equity Large Cap Growth;RV Otros;EUR;Luxemburgo;6;;1.8;1.5;6.63;5.46;14.78;1.51;2007-09-03;True;False;;2026-08-28
LU0982201278;GAM Multistock Asia Focus Equity EUR Bh;GAM Multistock - Asia Focus Equity EUR Bh Hedged;GAM (Luxembourg) SA;Equity;Asia ex-Japan Equity;RV Otros;EUR;Luxemburgo;6;;;1.6;22.31;30.48;19.65;2.79;2021-04-12;True;False;0;2026-08-28
IE00B1W3X261;GAM Star China Equity C EUR Acc;GAM Star Fund plc - GAM Star China Equity Class C EUR Accumulation Hedged;GAM Fund Management Limited;Equity;Greater China Equity;RV Otros;EUR;Irlanda;7;;;1.1;-10.46;-13.88;5.48;-10.1;2010-09-22;True;False;10000;2026-08-28
IE00B1W3XQ00;GAM Star Japan Ldrs C EUR Acc;GAM Star Fund plc - GAM Star Japan Leaders Class C EUR Accumulation Hedged;GAM Fund Management Limited;Equity;Japan Equity;RV Otros;EUR;Irlanda;6;;;1.1;16.75;23.25;12.16;5.15;2016-04-22;True;False;10000;2026-08-28
LU0546912030;GS Gbl Social Impact EQ-PCapEUR(HGii);Goldman Sachs Global Social Impact Equity - P Cap EUR (hedged ii);Goldman Sachs Asset Management B.V.;Equity;Global Equity Large Cap;RV Otros;EUR;Luxemburgo;6;;;1.5;-2.17;-6.83;3.05;;2011-04-11;True;False;0;2026-08-28
LU1785488757;GS Global CORE Eq E Acc EUR H Snap;Goldman Sachs Global CORE Equity Portfolio E Acc EUR Hedged Snap;Goldman Sachs Asset Management B.V.;Equity;Global Equity Large Cap;RV Otros;EUR;Luxemburgo;5;;;1.25;9.98;18.48;18.97;8.6;2018-03-05;True;False;1500;2026-08-28
LU2038515610;GS Global CORE Eq OC Acc EURH Snap;Goldman Sachs Global CORE Equity Portfolio Other Currency Acc EUR-Hedged Snap;Goldman Sachs Asset Management B.V.;Equity;Global Equity Large Cap;RV Otros;EUR;Luxemburgo;5;;;1.25;10.33;19.12;19.61;9.16;2019-08-22;True;False;5000;2026-08-28
LU0612441583;GS Japan Equity Oth CcyAccEUR Hdg (Snap);Goldman Sachs Japan Equity Portfolio Other Currency Shares Acc EUR-Hedged (Snap);Goldman Sachs Asset Management B.V.;Equity;Japan Equity;RV Otros;EUR;Luxemburgo;6;;;1.5;16.92;29.09;22.21;16.54;2011-04-26;True;False;5000;2026-08-28
LU1217870911;GS Japan EquityPtnrsOthCcyAccEUR H(Snap);Goldman Sachs Japan Equity Partners Portfolio Other Currency Acc EUR-Hedged (Snap);Goldman Sachs Asset Management B.V.;Equity;Japan Equity;RV Otros;EUR;Luxemburgo;6;;;1.5;20.13;25.01;20.79;14.9;2015-05-27;True;False;5000;2026-08-28
LU0433926119;GS US Equity ESG E Acc EUR Hdg;Goldman Sachs US Equity ESG Portfolio E Acc EUR-Hedged;Goldman Sachs Asset Management B.V.;Equity;US Equity Large Cap Blend;RV Otros;EUR;Luxemburgo;6;;;1.5;7.48;10.26;12.66;4.59;2010-07-06;True;False;1500;2026-08-28
LU0213961682;HSBC GIF Turkey Equity AC;HSBC Global Investment Funds - Turkey Equity AC;HSBC Global Invesment Funds;Equity;Equity Miscellaneous;RV Otros;EUR;Luxemburgo;7;;;1.75;8.19;-2.46;1.35;21.1;2005-03-24;True;False;5000;2026-08-28
IE00BH3ZB298;Heptagon Driehaus US Sm Cp Eq AEH EURAcc;Heptagon Fund ICAV - Driehaus US Small Cap Equity Fund AEH EUR Acc;Heptagon Capital Limited;Equity;US Equity Small Cap;RV Otros;EUR;Irlanda;7;;1.66;1.5;14.91;28.32;18.39;3.53;2020-11-25;True;False;15000;2026-08-28
IE00BYZ09F04;Heptagon WCM Global Equity AEH EUR Acc;Heptagon Fund ICAV - WCM Global Equity Fund Class AEH EUR Acc;Heptagon Capital Limited;Equity;Global Equity Large Cap;RV Otros;EUR;Irlanda;6;;1.64;1.5;10.46;17.11;25.03;7.84;2021-01-20;True;False;15000;2026-08-28
IE00BYNG3695;Heptagon Yacktman US Equity AEH EUR Acc;Heptagon Fund ICAV - Yacktman US Equity Fund AEH EUR Acc;Heptagon Capital Limited;Equity;US Equity Large Cap Value;RV Otros;EUR;Irlanda;5;;;1.5;19.06;26.05;12.79;6.03;2020-12-08;True;False;15000;2026-08-28
LU3166377286;Incometric Nartex Equity R EUR Hdg Acc;Incometric Fund Nartex Equity Fund R EUR Hedged Accumulation;Dux Inversores SGIIC S.A.;Equity;Global Equity Large Cap;RV Otros;EUR;Luxemburgo;;;;1.65;0.29;;;;2025-09-25;True;False;1000;2026-08-28
LU0482497442;Invesco Asia Consumer Demand A EURH Acc;Invesco Funds - Invesco Asia Consumer Demand Fund A (EUR Hedged) Accumulation EUR;Invesco Management S.A.;Equity;Consumer Goods & Services Sector Equity;RV Otros;EUR;Luxemburgo;6;;;1.5;16.47;18.4;14.34;0.3;2010-03-31;True;False;1000;2026-08-28
LU1762219332;Invesco Asia Opportunities Eq A EURH Acc;Invesco Funds - Invesco Asia Opportunities Equity Fund A (EUR Hedged) Accumulation EUR;Invesco Management S.A.;Equity;Asia ex-Japan Equity;RV Otros;EUR;Luxemburgo;6;;;1.5;22.01;28.31;18.14;2.59;2018-03-08;True;False;1000;2026-08-28
LU2305832698;Invesco Asian Equity A EURH Acc;Invesco Funds - Invesco Asian Equity Fund A Accumulation EUR Hedged;Invesco Management S.A.;Equity;Asia ex-Japan Equity;RV Otros;EUR;Luxemburgo;6;;;1.5;19.07;30.87;18.09;7.16;2021-03-03;True;False;1000;2026-08-28
LU2790101831;Invesco Emerg Mkts ex-China Eq A EURHAcc;Invesco Funds - Invesco Emerging Markets ex-China Equity Fund A Accumulation EUR Hedged;Invesco Management S.A.;Equity;Global Emerging Markets Equity;RV Otros;EUR;Luxemburgo;5;;;1.4;39.02;58.44;;;2024-04-24;True;False;1000;2026-08-28
LU3073598800;Invesco Emerging Mkt Eq A EUR H Acc;Invesco Funds - Invesco Emerging Markets Equity Fund A (EUR Hedged) Accumulation EUR;Invesco Management S.A.;Equity;Global Emerging Markets Equity;RV Otros;EUR;Luxemburgo;6;;;1.4;21.04;35.2;;;2025-06-25;True;False;1000;2026-08-28
LU1590492135;Invesco Glbl Consmr Trnds A EURH Acc;Invesco Funds - Invesco Global Consumer Trends Fund A (EUR Hedged) Accumulation EUR;Invesco Management S.A.;Equity;Consumer Goods & Services Sector Equity;RV Otros;EUR;Luxemburgo;7;;;1.5;-1.94;-4.87;15.35;-3.51;2017-05-10;True;False;1000;2026-08-28
LU0794791870;Invesco Global Equity Income A EURH Acc;Invesco Funds - Invesco Global Equity Income Fund A (EUR Hedged) Accumulation EUR;Invesco Management S.A.;Equity;Global Equity Large Cap;RV Otros;EUR;Luxemburgo;6;;;1.4;13.42;14.1;17.01;9.74;2012-06-27;True;False;1000;2026-08-28
LU0482497798;Invesco Greater China Equity A EURH Acc;Invesco Funds - Invesco Greater China Equity Fund A (EUR Hedged) Accumulation EUR;Invesco Management S.A.;Equity;Greater China Equity;RV Otros;EUR;Luxemburgo;6;;;1.5;17.18;26.62;18.61;1.71;2010-03-30;True;False;1000;2026-08-28
LU0955866438;Invesco Japanese Eq Adv A EURH Acc;Invesco Funds - Invesco Japanese Equity Advantage Fund A (EUR Hedged) Accumulation EUR;Invesco Management S.A.;Equity;Japan Equity;RV Otros;EUR;Luxemburgo;6;;;1.4;24.12;36.06;20.24;14.49;2013-09-18;True;False;1000;2026-08-28
LU1075211869;Invesco Pan European Equity A USDH Acc;Invesco Funds - Invesco Pan European Equity Fund A (USD Hedged) Accumulation USD;Invesco Management S.A.;Equity;Europe Equity Large Cap;RV Otros;USD;Luxemburgo;5;;;1.5;20.36;31.61;16.78;13;2014-07-23;True;False;1500;2026-08-28
LU0159042083;JPM America Equity A acc EUR Hdg;JPMorgan Funds - America Equity Fund A (acc) EUR (hedged);JPMorgan Asset Management (Europe) S.à r.l.;Equity;US Equity Large Cap Blend;RV Otros;EUR;Luxemburgo;6;;;1.5;5.54;8.64;15.65;8.12;2007-03-15;True;False;35000;2026-08-28
LU0159059210;JPM America Equity D acc EUR Hdg;JPMorgan Funds - America Equity Fund D (acc) EUR (hedged);JPMorgan Asset Management (Europe) S.à r.l.;Equity;US Equity Large Cap Blend;RV Otros;EUR;Luxemburgo;6;;;1.5;5.04;7.81;14.77;7.3;2007-03-15;True;False;5000;2026-08-28
LU0159050771;JPM Emerging Mkts Eq A acc EUR Hdg;JPMorgan Funds - Emerging Markets Equity Fund A (acc) EUR (hedged);JPMorgan Asset Management (Europe) S.à r.l.;Equity;Global Emerging Markets Equity;RV Otros;EUR;Luxemburgo;6;;1.8;1.5;26.54;43.78;20.04;2.18;2011-08-10;True;False;35000;2026-08-28
LU0159050938;JPM Emerging Mkts Eq D acc EUR Hdg;JPMorgan Funds - Emerging Markets Equity Fund D (acc) EUR (hedged);JPMorgan Asset Management (Europe) S.à r.l.;Equity;Global Emerging Markets Equity;RV Otros;EUR;Luxemburgo;6;;2.55;1.5;25.94;42.72;19.15;1.41;2013-04-15;True;False;5000;2026-08-28
LU0979766432;JPM Euroland Equity A acc USD Hdg;JPMorgan Funds - Euroland Equity Fund A (acc) USD (hedged);JPMorgan Asset Management (Europe) S.à r.l.;Equity;Europe Equity Large Cap;RV Otros;USD;Luxemburgo;5;;1.8;1.5;13.03;23.73;20.08;13.05;2013-12-12;True;False;35000;2026-08-28
LU0994472909;JPM Europe Eq Pl A perf acc USD Hdg;JPMorgan Funds - Europe Equity Plus Fund A (perf) (acc) USD (hedged);JPMorgan Asset Management (Europe) S.à r.l.;Equity;Europe Equity Large Cap;RV Otros;USD;Luxemburgo;5;;1.73;1.5;13.46;25.23;24.04;15.75;2014-01-09;True;False;35000;2026-08-28
LU1046624125;JPM Europe Eq Pl D perf acc USD Hdg;JPMorgan Funds - Europe Equity Plus Fund D (perf) (acc) USD (hedged);JPMorgan Asset Management (Europe) S.à r.l.;Equity;Europe Equity Large Cap;RV Otros;USD;Luxemburgo;5;;2.8;1.5;12.7;24.17;23.06;14.7;2014-05-14;True;False;5000;2026-08-28
LU0329202419;JPM Global Dividend A acc EUR Hdg;JPMorgan Investment Funds - Global Dividend Fund A (acc) EUR (hedged);JPMorgan Asset Management (Europe) S.à r.l.;Equity;Global Equity Large Cap;RV Otros;EUR;Luxemburgo;5;;1.7;1.5;7.63;10.78;12.22;7.35;2007-11-28;True;False;35000;2026-08-28
LU0714180493;JPM Global Dividend A div EUR Hdg;JPMorgan Investment Funds - Global Dividend Fund A (div) EUR (hedged);JPMorgan Asset Management (Europe) S.à r.l.;Equity;Global Equity Large Cap;RV Otros;EUR;Luxemburgo;5;;1.72;1.5;7.62;10.76;12.19;7.32;2012-02-22;True;False;35000;2026-08-28
LU0329203656;JPM Global Dividend D acc EUR Hdg;JPMorgan Investment Funds - Global Dividend Fund D (acc) EUR (hedged);JPMorgan Asset Management (Europe) S.à r.l.;Equity;Global Equity Large Cap;RV Otros;EUR;Luxemburgo;5;;2.45;1.5;7.1;9.95;11.37;6.56;2007-11-28;True;False;5000;2026-08-28
LU0714180907;JPM Global Dividend D div EUR Hdg;JPMorgan Investment Funds - Global Dividend Fund D (div) EUR (hedged);JPMorgan Asset Management (Europe) S.à r.l.;Equity;Global Equity Large Cap;RV Otros;EUR;Luxemburgo;5;;2.45;1.5;7.1;9.96;11.38;6.56;2012-02-22;True;False;5000;2026-08-28
LU0289215948;JPM Global Focus A acc EUR Hdg;JPMorgan Funds - Global Focus Fund A (acc) EUR (hedged);JPMorgan Asset Management (Europe) S.à r.l.;Equity;Global Equity Large Cap;RV Otros;EUR;Luxemburgo;5;;1.28;1.5;6.41;8.76;14.21;7.88;2007-07-11;True;False;35000;2026-08-28
LU0289216169;JPM Global Focus D acc EUR Hdg;JPMorgan Funds - Global Focus Fund D (acc) EUR (hedged);JPMorgan Asset Management (Europe) S.à r.l.;Equity;Global Equity Large Cap;RV Otros;EUR;Luxemburgo;5;;0.99;1.5;5.69;7.62;13.06;6.8;2007-07-11;True;False;5000;2026-08-28
LU1832115528;JPM Global Healthcare A acc EUR Hdg;JPMorgan Funds - Global Healthcare Fund A (acc) EUR (hedged);JPMorgan Asset Management (Europe) S.à r.l.;Equity;Healthcare Sector Equity;RV Otros;EUR;Luxemburgo;5;;1.8;1.5;6.75;19.71;5.18;0.88;2018-10-09;True;False;35000;2026-08-28
LU0289476318;JPM Global Select Equity A acc EUR Hdg;JPMorgan Investment Funds - Global Select Equity Fund A (acc) EUR (hedged);JPMorgan Asset Management (Europe) S.à r.l.;Equity;Global Equity Large Cap;RV Otros;EUR;Luxemburgo;5;;1.68;1.5;6.37;8.76;13.32;;2022-03-28;True;False;35000;2026-08-28
LU0927678416;JPM Japan Equity A acc EUR Hdg;JPMorgan Funds - Japan Equity Fund A (acc) EUR (hedged);JPMorgan Asset Management (Europe) S.à r.l.;Equity;Japan Equity;RV Otros;EUR;Luxemburgo;6;;;1.5;15.53;24.18;26.56;13.21;2013-12-06;True;False;35000;2026-08-28
LU0927678507;JPM Japan Equity A acc USD Hdg;JPMorgan Funds - Japan Equity Fund A (acc) USD (hedged);JPMorgan Asset Management (Europe) S.à r.l.;Equity;Japan Equity;RV Otros;USD;Luxemburgo;6;;;1.5;17.07;26.75;29.23;15.78;2013-12-06;True;False;35000;2026-08-28
LU2659281708;JPM Mdl Est, Afr & Em Eurp Opps AdisEURH;JPMorgan Funds - Middle East, Africa & Emerging Europe Opportunities Fund A (dist) EUR (H);JPMorgan Asset Management (Europe) S.à r.l.;Equity;Africa Equity;RV Otros;EUR;Luxemburgo;5;;1.8;1.5;9.82;16.48;;;2023-12-14;True;False;;2026-08-28
LU2659281880;JPM Mdl Est, Afr & Em Eurp Opps DaccEURH;JPMorgan Funds - Middle East, Africa & Emerging Europe Opportunities Fund D (acc) EUR (H);JPMorgan Asset Management (Europe) S.à r.l.;Equity;Africa Equity;RV Otros;EUR;Luxemburgo;5;;2.8;1.5;9.1;15.32;;;2023-12-14;True;False;;2026-08-28
LU2053353079;JPM Thmtcs Gentc Thrps A acc EUR Hdg;JPMorgan Funds - Thematics - Genetic Therapies Fund A (acc) EUR (hedged);JPMorgan Asset Management (Europe) S.à r.l.;Equity;Healthcare Sector Equity;RV Otros;EUR;Luxemburgo;6;;0.99;0.72;22.34;48.79;10.35;-5.67;2019-10-24;True;False;35000;2026-08-28
LU2091933452;JPM Thmtcs Gentc Thrps D acc EUR Hdg;JPMorgan Funds - Thematics - Genetic Therapies Fund D (acc) EUR (hedged);JPMorgan Asset Management (Europe) S.à r.l.;Equity;Healthcare Sector Equity;RV Otros;EUR;Luxemburgo;6;;2;0.72;21.54;47.29;9.23;-6.62;2019-12-19;True;False;5000;2026-08-28
LU0284208625;JPM US Growth A acc EUR hedged;JPMorgan Funds - US Growth Fund A (acc) - EUR (hedged);JPMorgan Asset Management (Europe) S.à r.l.;Equity;US Equity Large Cap Growth;RV Otros;EUR;Luxemburgo;6;;1.7;1.5;-0.94;2.88;16.59;6.63;2007-03-15;True;False;35000;2026-08-28
LU0284208971;JPM US Growth D acc EUR hedged;JPMorgan Funds - US Growth Fund D (acc) - EUR (hedged);JPMorgan Asset Management (Europe) S.à r.l.;Equity;US Equity Large Cap Growth;RV Otros;EUR;Luxemburgo;6;;;1.5;-1.41;2.11;15.7;5.85;2007-03-15;True;False;5000;2026-08-28
LU0157182857;JPM US Select Equity A acc EUR Hdg;JPMorgan Investment Funds - US Select Equity Fund A (acc) EUR (hedged);JPMorgan Asset Management (Europe) S.à r.l.;Equity;US Equity Large Cap Blend;RV Otros;EUR;Luxemburgo;6;;1.68;1.5;3.62;6.96;14.25;6.58;2007-03-15;True;False;35000;2026-08-28
LU0157183665;JPM US Select Equity D acc EUR Hdg;JPMorgan Investment Funds - US Select Equity Fund D (acc) EUR (hedged);JPMorgan Asset Management (Europe) S.à r.l.;Equity;US Equity Large Cap Blend;RV Otros;EUR;Luxemburgo;6;;2.21;1.5;3.26;6.4;13.64;6.02;2007-03-15;True;False;5000;2026-08-28
LU0281482918;JPM US Select Equity Plus A acc EUR H;JPMorgan Funds - US Select Equity Plus Fund A (acc) - EUR (hedged);JPMorgan Asset Management (Europe) S.à r.l.;Equity;US Equity Large Cap Blend;RV Otros;EUR;Luxemburgo;6;;1.68;1.5;6.3;10.55;17.53;9.35;2007-07-05;True;False;35000;2026-08-28
LU0281485184;JPM US Select Equity Plus D acc EUR H;JPMorgan Funds - US Select Equity Plus Fund D (acc) - EUR (hedged);JPMorgan Asset Management (Europe) S.à r.l.;Equity;US Equity Large Cap Blend;RV Otros;EUR;Luxemburgo;6;;2.47;1.5;5.74;9.71;16.6;8.47;2007-07-05;True;False;5000;2026-08-28
LU1569815910;JPM US Smaller Companies A acc EUR Hdg;JPMorgan Funds - US Smaller Companies Fund A (acc) - EUR (hedged);JPMorgan Asset Management (Europe) S.à r.l.;Equity;US Equity Small Cap;RV Otros;EUR;Luxemburgo;6;;1.8;1.5;8.01;2.8;4.22;-1.51;2017-02-28;True;False;35000;2026-08-28
LU2560836129;JPM US Technology A acc EUR Hdg;JPMorgan Funds - US Technology Fund A (acc) - EUR (hedged);JPMorgan Asset Management (Europe) S.à r.l.;Equity;Technology Sector Equity;RV Otros;EUR;Luxemburgo;7;;1.72;1.5;9.36;15.96;22.4;;2023-01-09;True;False;35000;2026-08-28
LU0244270301;JPM US Value A acc EUR hedged;JPMorgan Funds - US Value Fund A (acc) - EUR (hedged);JPMorgan Asset Management (Europe) S.à r.l.;Equity;US Equity Large Cap Value;RV Otros;EUR;Luxemburgo;5;;1.7;1.5;13.7;18.41;13.31;6.49;2006-11-13;True;False;35000;2026-08-28
LU0244270723;JPM US Value D acc EUR hedged;JPMorgan Funds - US Value Fund D (acc) - EUR (hedged);JPMorgan Asset Management (Europe) S.à r.l.;Equity;US Equity Large Cap Value;RV Otros;EUR;Luxemburgo;5;;2.47;1.5;13.1;17.49;12.4;5.66;2006-11-13;True;False;5000;2026-08-28
IE0002122038;Janus Henderson Glb Life Scn A2 HEUR;Janus Henderson Capital Funds plc - Global Life Sciences Fund Class A2 HEUR;Janus Henderson Investors;Equity;Healthcare Sector Equity;RV Otros;EUR;Irlanda;6;;2.41;1.5;10.92;33.4;11.12;4.62;2000-03-31;True;False;2500;2026-08-28
IE0002167009;Janus Henderson Glb Tech&Inno A2 HEUR;Janus Henderson Capital Funds plc - Global Technology and Innovation Fund A2 HEUR;Janus Henderson Investors;Equity;Technology Sector Equity;RV Otros;EUR;Irlanda;7;;2.43;1.5;25.87;31.6;29.45;10.61;2000-03-31;True;False;2500;2026-08-28
LU1914905929;Janus Henderson Global Select A2 HEUR;Janus Henderson Global Select Fund A2 HEUR;Janus Henderson Investors;Equity;Global Equity Large Cap;RV Otros;EUR;Luxemburgo;6;;1.66;1.5;9.56;13.1;16.38;4.16;2019-03-08;True;False;2500;2026-08-28
LU2441282972;Janus Henderson Hrzn Biotec A2 HEUR;Janus Henderson Horizon Biotechnology Fund A2 HEUR;Janus Henderson Investors;Equity;Healthcare Sector Equity;RV Otros;EUR;Luxemburgo;6;;5.13;1.2;22.53;69.23;27.53;;2022-02-25;True;False;2500;2026-08-28
LU1983262087;Janus Henderson Hrzn Glb SC A2 HEUR;Janus Henderson Horizon Global Smaller Companies Fund A2 HEUR;Janus Henderson Investors;Equity;Global Equity Mid/Small Cap;RV Otros;EUR;Luxemburgo;;;1.88;1.2;10.42;14.45;;;2024-08-08;True;False;2500;2026-08-28
IE0009531827;Janus Henderson US Forty A2 HEUR;Janus Henderson Capital Funds plc - US Forty Fund Class A2 HEUR;Janus Henderson Investors;Equity;US Equity Large Cap Growth;RV Otros;EUR;Irlanda;6;;2.16;1.25;4.59;7.35;17.63;4.68;1999-12-31;True;False;2500;2026-08-28
LU1809978817;LO Funds World Brands SH USD PA;LO Funds - World Brands Fund Syst. NAV Hdg (USD) P A;Lombard Odier Funds (Europe) SA;Equity;Consumer Goods & Services Sector Equity;RV Otros;USD;Luxemburgo;6;;;1;1.55;-0.35;9.1;4.29;2018-06-25;True;False;3000;2026-08-28
IE00BZC0SB97;Lazard Glbl Lstd Infras Eq B Acc USD H;Lazard Global Listed Infrastructure Equity Fund B Acc USD Hedged;Lazard Fund Managers (Ireland) Ltd;Equity;Infrastructure Sector Equity;RV Otros;USD;Irlanda;5;;;1.75;3.7;8.91;13.6;9.5;2016-11-01;True;False;0;2026-08-28
LU1797806400;M&G (Lux) Japan A H EUR Acc;M&G (Lux) Japan Fund EUR A-H Acc;M&G Luxembourg S.A.;Equity;Japan Equity;RV Otros;EUR;Luxemburgo;6;;1.72;1.5;24.72;45.18;28.23;24.1;2018-11-06;True;False;1000;2026-08-28
LU1670627410;M&G (Lux) North Amer Div A H EUR Acc;M&G (Lux) North American Dividend Fund EUR A-H Acc;M&G Luxembourg S.A.;Equity;US Equity Large Cap Blend;RV Otros;EUR;Luxemburgo;6;;1.74;1.5;5.18;10.1;14.13;7.01;2018-11-09;True;False;1000;2026-08-28
LU2864447920;MFS Meridian Contrarian Capital AH1 EUR;MFS Meridian Funds - Contrarian Capital Fund AH1 EUR;MFS Investment Management Company (Lux) S.à.r.l;Equity;Global Equity Large Cap;RV Otros;EUR;Luxemburgo;5;;;1;16.48;20.77;;;2024-11-20;True;False;0;2026-08-28
LU1985811865;MFS Meridian Contrarian Value AH1 EUR;MFS Meridian Funds - Contrarian Value AH1 EUR;MFS Investment Management Company (Lux) S.à.r.l;Equity;Global Equity Large Cap;RV Otros;EUR;Luxemburgo;6;;;1;19.02;21.98;20.46;11.44;2019-08-21;True;False;0;2026-08-28
LU0947761044;MFS Meridian European Value AH1 USD;MFS Meridian Funds - European Value Fund AH1 USD;MFS Investment Management Company (Lux) S.à.r.l;Equity;Europe Equity Large Cap;RV Otros;USD;Luxemburgo;5;;1.94;1.05;14.21;17.68;10.82;6.07;2013-08-19;True;False;0;2026-08-28
LU1625124802;MFS Meridian Global Equity AH1 EUR;MFS Meridian Funds - Global Equity Fund AH1 EUR;MFS Investment Management Company (Lux) S.à.r.l;Equity;Global Equity Large Cap;RV Otros;EUR;Luxemburgo;5;;1.94;1.05;5.62;7.79;7.74;0.78;2017-07-03;True;False;0;2026-08-28
LU0583241160;MFS Meridian US Value AH1 EUR;MFS Meridian Funds - U.S. Value Fund AH1 EUR;MFS Investment Management Company (Lux) S.à.r.l;Equity;US Equity Large Cap Value;RV Otros;EUR;Luxemburgo;5;;1.96;1.05;8.9;10.77;10.33;4.08;2011-02-01;True;False;0;2026-08-28
LU1378879248;MS INVF Asia Opportunity AH EUR;Morgan Stanley Investment Funds - Asia Opportunity Fund AH (EUR);MSIM Fund Management (Ireland) Limited;Equity;Asia ex-Japan Equity;RV Otros;EUR;Luxemburgo;6;;1.92;1.6;9.84;6.83;8.38;-3.11;2016-03-31;True;False;0;2026-08-28
LU0815264352;MS INVF Emerging Leaders Equity AH EUR;Morgan Stanley Investment Funds - Emerging Leaders Equity Fund AH (EUR);MSIM Fund Management (Ireland) Limited;Equity;Global Emerging Markets Equity;RV Otros;EUR;Luxemburgo;6;;2.21;1.9;7.64;10.76;7.82;-5.72;2012-08-17;True;False;0;2026-08-28
LU0335216932;MS INVF Global Brands AH EUR;Morgan Stanley Investment Funds - Global Brands Fund AH (EUR);MSIM Fund Management (Ireland) Limited;Equity;Global Equity Large Cap;RV Otros;EUR;Luxemburgo;5;;1.87;1.6;-5.31;-11.03;0.41;-1.4;2008-01-14;True;False;0;2026-08-28
LU0552899998;MS INVF Global Brands AHX EUR;Morgan Stanley Investment Funds - Global Brands Fund AHX (EUR);MSIM Fund Management (Ireland) Limited;Equity;Global Equity Large Cap;RV Otros;EUR;Luxemburgo;5;;1.87;1.6;-5.3;-11.01;0.39;-1.41;2010-10-25;True;False;0;2026-08-28
LU0868754382;MS INVF Global Insight AH (EUR);Morgan Stanley Investment Funds - Global Insight Fund AH (EUR);MSIM Fund Management (Ireland) Limited;Equity;Global Equity Large Cap;RV Otros;EUR;Luxemburgo;7;;1.86;1.6;-2.89;-4.5;23.52;-5.27;2019-03-27;True;False;0;2026-08-28
LU0552385618;MS INVF Global Opportunity AH EUR;Morgan Stanley Investment Funds - Global Opportunity Fund AH (EUR);MSIM Fund Management (Ireland) Limited;Equity;Global Equity Large Cap;RV Otros;EUR;Luxemburgo;6;;1.87;1.6;3.65;1.22;16.56;1.6;2010-11-30;True;False;0;2026-08-28
LU0955011506;MS INVF Global Quality AH EUR;Morgan Stanley Investment Funds - Global Quality Fund AH (EUR);MSIM Fund Management (Ireland) Limited;Equity;Global Equity Large Cap;RV Otros;EUR;Luxemburgo;5;;1.87;1.6;2.45;-1.74;4.4;0.13;2013-08-01;True;False;0;2026-08-28
LU1905620776;MS INVF Global Quality Select AH EUR Acc;Morgan Stanley Investment Funds - Global Quality Select Fund AH EUR Acc;MSIM Fund Management (Ireland) Limited;Equity;Global Equity Large Cap;RV Otros;EUR;Luxemburgo;5;;1.77;1.5;2.13;-2.09;5.49;0.64;2018-11-16;True;False;0;2026-08-28
LU0512092221;MS INVF QuantActive Global Infra AH EUR;Morgan Stanley Investment Funds - QuantActive Global Infrastructure Fund AH (EUR);MSIM Fund Management (Ireland) Limited;Equity;Infrastructure Sector Equity;RV Otros;EUR;Luxemburgo;5;;1.51;1.25;6.55;7.25;9.72;2.62;2010-06-14;True;False;0;2026-08-28
LU0266117927;MS INVF US Advantage AH EUR;Morgan Stanley Investment Funds - US Advantage Fund AH (EUR);MSIM Fund Management (Ireland) Limited;Equity;US Equity Large Cap Growth;RV Otros;EUR;Luxemburgo;7;;1.67;1.4;-4.26;-5.28;18.72;-5.76;2006-10-31;True;False;0;2026-08-28
LU0266117414;MS INVF US Growth AH EUR;Morgan Stanley Investment Funds - US Growth Fund AH (EUR);MSIM Fund Management (Ireland) Limited;Equity;US Equity Large Cap Growth;RV Otros;EUR;Luxemburgo;7;;;1.4;-4.46;-5.44;22.55;-6.32;2006-10-31;True;False;0;2026-08-28
IE00B5648R31;Man Jpn CoreAlpha Eq D H EUR;Man Funds plc - Man Japan CoreAlpha Equity D H EUR;Man Asset Management (Ireland) Limited;Equity;Japan Equity;RV Otros;EUR;Irlanda;6;;1.72;1.5;25.19;46.04;30.84;27.51;2010-03-02;True;False;1000;2026-08-28
IE00B56CKP98;Man Jpn CoreAlpha Eq D H USD;Man Funds plc - Man Japan CoreAlpha Equity D H USD;Man Asset Management (Ireland) Limited;Equity;Japan Equity;RV Otros;USD;Irlanda;6;;1.72;1.5;26.7;48.93;33.28;30.01;2010-02-02;True;False;1000;2026-08-28
LU1381420600;Mirae Asset ESG Asia Grt Cnsmr Eq A EURH;Mirae Asset Global Discovery Fund - ESG Asia Great Consumer Equity Fund A EUR Hedged Capitalization;Mirae Asset Global Investments (HK) Ltd;Equity;Asia ex-Japan Equity;RV Otros;EUR;Luxemburgo;6;;;2;23.52;24.63;11.12;-4.97;2016-09-21;True;False;0;2026-08-28
IE00BMPRXP56;Neuberger Next Gen Cnnctvity EUR AAcc;Neuberger Next Generation Connectivity Fund EUR A Accumulating Class;Neuberger Berman Asset Management Ireland Limited;Equity;Technology Sector Equity;RV Otros;EUR;Irlanda;6;;1.83;1.7;37.6;53.86;40.37;12.01;2020-05-13;True;False;1000;2026-08-28
LU1770034509;Ninety One GSF All China Eq A Acc EUR H;Ninety One Global Strategy Fund - All China Equity Fund A Acc EUR Hedged(Reference);Ninety One Luxembourg S.A.;Equity;Greater China Equity;RV Otros;EUR;Luxemburgo;6;;;1.5;2.24;9.13;15.5;-1.32;2018-02-22;True;False;3000;2026-08-28
LU1578889864;Ninety One GSF Glb Gold A Acc EUR H;Ninety One Global Strategy Fund - Global Gold Fund A Acc EUR Hedged(Reference);Ninety One Luxembourg S.A.;Equity;Precious Metals Sector Equity;RV Otros;EUR;Luxemburgo;7;;;1.5;15.7;78.31;53.41;25.18;2017-03-24;True;False;3000;2026-08-28
IE00B4NF1620;Nomura Fds Japan Strategic Value A EUR H;Nomura Funds Ireland plc - Japan Strategic Value Fund Class A EUR Hedged;Nomura Asset Management U.K. Limited;Equity;Japan Equity;RV Otros;EUR;Irlanda;6;;1.57;1.4;11.99;26.94;26.13;22.35;2013-05-15;True;False;5000;2026-08-28
LU0278529986;Nordea 1 - Global Stable Eq EUR H BP EUR;Nordea 1 - Global Stable Equity EUR Hedged BP EUR;Nordea Investment Funds SA;Equity;Equity Miscellaneous;RV Otros;EUR;Luxemburgo;4;;1.8;1.5;7.06;8.7;7.54;4.31;2007-03-05;True;False;0;2026-08-28
IE00BKRC1166;PIMCO GIS StocksPLUS E EUR H Acc;PIMCO GIS plc - StocksPLUS™ Fund E EUR (Hedged) Accumulation;PIMCO Global Advisors (Ireland) Limited;Equity;US Equity Large Cap Blend;RV Otros;EUR;Irlanda;6;;;2.5;10.83;16.61;18.38;8.37;2017-08-02;True;False;5000;2026-08-28
LU1279334996;Pictet - Robotics HP EUR;Pictet - Robotics HP EUR;Pictet Asset Management (Europe) SA;Equity;Technology Sector Equity;RV Otros;EUR;Luxemburgo;7;;2.02;2.4;26.01;42.26;27.53;10.65;2015-10-07;True;False;0;2026-08-28
LU0190161025;Pictet-Biotech HP EUR;Pictet-Biotech HP EUR;Pictet Asset Management (Europe) SA;Equity;Healthcare Sector Equity;RV Otros;EUR;Luxemburgo;7;;2.04;2.4;20.97;63.3;25.13;7.5;2004-06-30;True;False;0;2026-08-28
LU0650147779;Pictet-Clean Energy Transition HP EUR;Pictet-Clean Energy Transition HP EUR;Pictet Asset Management (Europe) SA;Equity;Energy Sector Equity;RV Otros;EUR;Luxemburgo;6;;2.03;2.4;23.2;33.23;18.41;6.62;2017-12-22;True;False;0;2026-08-28
LU0474967303;Pictet-Digital HP EUR;Pictet-Digital HP EUR;Pictet Asset Management (Europe) SA;Equity;Technology Sector Equity;RV Otros;EUR;Luxemburgo;6;;2.03;2.4;15.62;19.35;24.23;6.32;2015-12-14;True;False;0;2026-08-28
LU0474970190;Pictet-Global Megatrend Sel HP EUR;Pictet-Global Megatrend Selection HP EUR;Pictet Asset Management (Europe) SA;Equity;Global Equity Large Cap;RV Otros;EUR;Luxemburgo;6;;2.04;2.4;9.31;12.26;10.67;0.38;2011-06-09;True;False;0;2026-08-28
LU0650148314;Pictet-Japanese Equity Opps HP EUR;Pictet-Japanese Equity Opportunities HP EUR;Pictet Asset Management (Europe) SA;Equity;Japan Equity;RV Otros;EUR;Luxemburgo;6;;1.61;1.8;20.56;34.67;23.77;17.29;2013-04-11;True;False;0;2026-08-28
LU0248320664;Pictet-Longevity HP EUR;Pictet-Longevity HP EUR;Pictet Asset Management (Europe) SA;Equity;Healthcare Sector Equity;RV Otros;EUR;Luxemburgo;6;;2.05;2.4;-7.68;-7.01;-1.82;-5.99;2006-03-22;True;False;0;2026-08-28
LU0650148827;Pictet-Security HP EUR;Pictet-Security HP EUR;Pictet Asset Management (Europe) SA;Equity;Global Equity Large Cap;RV Otros;EUR;Luxemburgo;6;;2.03;2.4;27.18;22.56;16.61;1.7;2016-10-27;True;False;0;2026-08-28
LU0592905250;Pictet-USA Index HP EUR;Pictet-USA Index HP EUR;Pictet Asset Management (Europe) SA;Equity;US Equity Large Cap Blend;RV Otros;EUR;Luxemburgo;6;;0.48;0.45;10.94;16.56;18.48;9.46;2019-06-04;True;True;0;2026-08-28
IE00BZ4D7648;Polar Capital Global Tech R EUR Hdg Acc;Polar Capital Funds PLC - Polar Capital Global Technology Fund R EUR Hedged Accumulation;Polar Capital LLP;Equity;Technology Sector Equity;RV Otros;EUR;Irlanda;7;;;1.5;47.01;76.71;47.76;19.58;2017-05-17;True;False;0;2026-08-28
IE00BTN23623;Polar Capital Global Tech R EUR Hdg Inc;Polar Capital Funds PLC - Polar Capital Global Technology Fund R EUR Hedged Income;Polar Capital LLP;Equity;Technology Sector Equity;RV Otros;EUR;Irlanda;7;;;1.5;47.03;76.8;47.73;19.55;2015-01-19;True;False;0;2026-08-28
IE00B7G7VV19;Polar Capital Japan Value R Euro Hedged;Polar Capital Funds PLC - Polar Capital Japan Value Fund Class R Euro Hedged;Polar Capital LLP;Equity;Japan Equity;RV Otros;EUR;Irlanda;5;;;1.35;31;50.41;33.55;26;2012-10-31;True;False;0;2026-08-28
IE00B88DDG32;Polar Capital Japan Value R US Dllr Hdg;Polar Capital Funds PLC - Polar Capital Japan Value Fund Class R US Dollar Hedged;Polar Capital LLP;Equity;Japan Equity;RV Otros;USD;Irlanda;5;;;1.35;32.47;53.37;36.08;28.39;2012-10-31;True;False;0;2026-08-28
IE00B5NJSL59;Polar Capital North American R EUR Hdg;Polar Capital Funds PLC - Polar Capital North American Fund Class R EUR Hedged;Polar Capital LLP;Equity;US Equity Large Cap Blend;RV Otros;EUR;Irlanda;6;;;1.25;15.54;14.95;16.7;7.01;2011-11-15;True;False;0;2026-08-28
IE00B99MMG94;Polen Capital Focus US Gr EUR Retail;Polen Capital Investment Funds plc - Polen Capital Focus U.S. Growth Fund EUR Class (Retail);Polen Capital Management, LLC;Equity;US Equity Large Cap Growth;RV Otros;EUR;Irlanda;6;;1.59;1.5;-9;-9.75;3.55;-4.58;2017-06-08;True;False;1000;2026-08-28
LU1549401203;Robeco BP Global Premium Eqs DH EUR;Robeco BP Global Premium Equities DH EUR;Robeco Institutional Asset Management BV;Equity;Global Equity Large Cap;RV Otros;EUR;Luxemburgo;5;;1.47;1.25;14.77;22.26;19.25;12.09;2017-01-19;True;False;0;2026-08-28
LU0510167264;Robeco BP US Large Cap Equities DH €;Robeco BP US Large Cap Equities DH €;Robeco Institutional Asset Management BV;Equity;US Equity Large Cap Value;RV Otros;EUR;Luxemburgo;6;;1.46;1.25;19.37;25.04;17.36;9.72;2010-05-28;True;False;0;2026-08-28
LU0320896664;Robeco BP US Premium Equities DH €;Robeco BP US Premium Equities DH €;Robeco Institutional Asset Management BV;Equity;US Equity Large Cap Value;RV Otros;EUR;Luxemburgo;6;;1.71;1.5;17.32;22.74;14.43;8.07;2005-12-03;True;False;0;2026-08-28
LU0674140040;Robeco BP US Select Opports Eqs DH €;Robeco BP US Select Opportunities Equities DH €;Robeco Institutional Asset Management BV;Equity;US Equity Mid Cap;RV Otros;EUR;Luxemburgo;6;;1.72;1.5;14.59;13.19;12.5;6.38;2011-09-19;True;False;0;2026-08-28
LU1834769124;Robeco Global Consumer Trends Eqs DH €;Robeco Global Consumer Trends Equities DH €;Robeco Institutional Asset Management BV;Equity;Global Equity Large Cap;RV Otros;EUR;Luxemburgo;5;;1.71;1.5;3.97;2.73;10.26;-1.44;2018-08-02;True;False;0;2026-08-28
LU0228659784;Schroder ISF BIC A Acc USD;Schroder International Selection Fund BIC (Brazil India China) A Accumulation USD;Schroder Investment Management (Europe) S.A.;Equity;Global Emerging Markets Equity;RV Otros;USD;Luxemburgo;6;;1.84;1.5;-6.13;0.93;7.5;-3.81;2005-10-31;True;False;1000;2026-08-28
LU1015429985;Schroder ISF EURO Equity A Acc GBP Hdg;Schroder International Selection Fund EURO Equity A Accumulation GBP Hedged;Schroder Investment Management (Europe) S.A.;Equity;Europe Equity Large Cap;RV Otros;GBP;Luxemburgo;6;;1.87;1.5;12.58;16.77;17.4;8.09;2014-02-05;True;False;;2026-08-28
LU0947062542;Schroder ISF Em Mkts A Acc EUR Hdg;Schroder International Selection Fund Emerging Markets A Accumulation EUR Hedged;Schroder Investment Management (Europe) S.A.;Equity;Global Emerging Markets Equity;RV Otros;EUR;Luxemburgo;6;;;1.5;25.51;44.52;23.02;5.38;2013-07-10;True;False;1000;2026-08-28
LU0306804302;Schroder ISF Glb Clmt Chg Eq A Acc EUR H;Schroder International Selection Fund Global Climate Change Equity A Accumulation EUR Hedged;Schroder Investment Management (Europe) S.A.;Equity;Global Equity Large Cap;RV Otros;EUR;Luxemburgo;6;;1.86;1.5;8.42;15.73;11.11;0.43;2007-10-12;True;False;1000;2026-08-28
LU0867894346;Schroder ISF Glb Div Mxmsr A Acc EUR H;Schroder International Selection Fund Global Dividend Maximiser A Accumulation EUR Hedged;Schroder Investment Management (Europe) S.A.;Equity;Global Equity Large Cap;RV Otros;EUR;Luxemburgo;5;;;1.5;15.59;21.1;13.59;7.28;2013-01-23;True;False;1000;2026-08-28
LU0671501129;Schroder ISF Glb Div Mxmsr A Dis€HQF;Schroder International Selection Fund Global Dividend Maximiser A Distribution EUR Hedged QF;Schroder Investment Management (Europe) S.A.;Equity;Global Equity Large Cap;RV Otros;EUR;Luxemburgo;5;;;1.5;15.61;21.1;13.59;7.3;2011-09-21;True;False;1000;2026-08-28
LU2016064623;Schroder ISF Glbl Alt Engy A Acc CHF H;Schroder International Selection Fund Global Alternative Energy A Accumulation CHF Hedged;Schroder Investment Management (Europe) S.A.;Equity;Energy Sector Equity;RV Otros;CHF;Luxemburgo;6;;1.87;1.5;4.45;12.67;-2.49;-7.54;2019-07-10;True;False;1000;2026-08-28
LU2016064201;Schroder ISF Glbl Alt Engy A Acc EUR H;Schroder International Selection Fund Global Alternative Energy A Accumulation EUR Hedged;Schroder Investment Management (Europe) S.A.;Equity;Energy Sector Equity;RV Otros;EUR;Luxemburgo;6;;1.87;1.5;6.1;15.34;-0.29;-6.15;2019-07-10;True;False;1000;2026-08-28
LU0671501558;Schroder ISF Global Energy A Acc EUR H;Schroder International Selection Fund Global Energy A Accumulation EUR Hedged;Schroder Investment Management (Europe) S.A.;Equity;Energy Sector Equity;RV Otros;EUR;Luxemburgo;6;;1.89;1.5;40.61;47.53;16.19;20.35;2011-09-07;True;False;1000;2026-08-28
LU1223083673;Schroder ISF Global Gold A Acc CHF;Schroder International Selection Fund Global Gold A Accumulation CHF Hedged;Schroder Investment Management (Europe) S.A.;Equity;Precious Metals Sector Equity;RV Otros;CHF;Luxemburgo;7;;1.88;1.5;15.91;73.67;57.48;26.94;2016-06-29;True;False;;2026-08-28
LU1223083087;Schroder ISF Global Gold A Acc EUR;Schroder International Selection Fund Global Gold A Accumulation EUR Hedged;Schroder Investment Management (Europe) S.A.;Equity;Precious Metals Sector Equity;RV Otros;EUR;Luxemburgo;7;;1.88;1.5;17.95;78.14;61.34;29.25;2016-06-29;True;False;1000;2026-08-28
LU0334662938;Schroder ISF Hong Kong Eq B Acc EUR Hdg;Schroder International Selection Fund Hong Kong Equity B Accumulation EUR Hedged;Schroder Investment Management (Europe) S.A.;Equity;Greater China Equity;RV Otros;EUR;Luxemburgo;6;;;1.5;-2.52;1.68;5;-4.07;2007-12-14;True;False;1000;2026-08-28
LU0236737465;Schroder ISF Japanese Eq A Acc EUR Hdg;Schroder International Selection Fund Japanese Equity A Accumulation EUR Hedged;Schroder Investment Management (Europe) S.A.;Equity;Japan Equity;RV Otros;EUR;Luxemburgo;6;;1.62;1.25;18.62;31.74;21.4;15.02;2005-12-16;True;False;1000;2026-08-28
LU0903425923;Schroder ISF Japanese Eq A Acc USD Hdg;Schroder International Selection Fund Japanese Equity A Accumulation USD Hedged;Schroder Investment Management (Europe) S.A.;Equity;Japan Equity;RV Otros;USD;Luxemburgo;6;;1.61;1.25;20.12;34.42;23.6;17.31;2013-03-27;True;False;1000;2026-08-28
LU0943301571;Schroder ISF Jpn Opports A Acc EUR Hdg;Schroder International Selection Fund Japanese Opportunities A Accumulation EUR Hedged;Schroder Investment Management (Europe) S.A.;Equity;Japan Equity;RV Otros;EUR;Luxemburgo;6;;;1.5;24.29;40.08;26.39;20.68;2013-06-26;True;False;1000;2026-08-28
LU1015430058;Schroder ISF Swiss Equity A Acc EUR Hdg;Schroder International Selection Fund Swiss Equity A Accumulation EUR Hedged;Schroder Investment Management (Europe) S.A.;Equity;Europe Equity Large Cap;RV Otros;EUR;Luxemburgo;5;;1.61;1.25;10.89;15.24;10.88;3.37;2014-02-05;True;False;1000;2026-08-28
LU0271483876;Schroder ISF US Large Cap A Acc EUR Hdg;Schroder International Selection Fund US Large Cap A Accumulation EUR Hedged;Schroder Investment Management (Europe) S.A.;Equity;US Equity Large Cap Blend;RV Otros;EUR;Luxemburgo;5;;;1.25;6.93;10.78;18.3;9.29;2006-10-20;True;False;1000;2026-08-28
LU0334663233;Schroder ISF US S&M-Cap Eq A Acc EUR Hdg;Schroder International Selection Fund US Small & Mid-Cap Equity A Accumulation EUR Hedged;Schroder Investment Management (Europe) S.A.;Equity;US Equity Mid Cap;RV Otros;EUR;Luxemburgo;6;;;1.5;17.58;26.47;11.03;3.84;2007-12-14;True;False;1000;2026-08-28
IE00BD8DY654;Seilern America EUR H R;Seilern America EUR H R;Seilern International AG;Equity;US Equity Large Cap Growth;RV Otros;EUR;Irlanda;6;;1.68;1.5;-3.9;-4.63;2.02;-2.2;2016-09-15;True;False;500;2026-08-28
IE0031724234;Seilern World Growth EUR H R;Seilern World Growth EUR H R;Seilern International AG;Equity;Global Equity Large Cap;RV Otros;EUR;Irlanda;6;;1.64;1.5;-2.66;-2.92;-0.43;-4.15;2002-03-28;True;False;500;2026-08-28
IE00B5NLJK73;Seilern World Growth USD H R;Seilern World Growth USD H R;Seilern International AG;Equity;Global Equity Large Cap;RV Otros;USD;Irlanda;6;;1.62;1.5;-1.42;-0.86;1.71;-1.8;2001-06-29;True;False;500;2026-08-28
LU1860996138;T. Rowe Price Glb Foc Gr Eq An EUR;T. Rowe Price Funds SICAV - Global Focused Growth Equity Fund An (EUR);T. Rowe Price (Luxembourg) Management S.à r.l.;Equity;Global Equity Large Cap;RV Otros;EUR;Luxemburgo;6;;1.7;1.6;16.39;26.7;19.38;4.98;2018-08-06;True;False;1000;2026-08-28
LU1602119973;T. Rowe Price Glb Tech Eq Ah (EUR);T. Rowe Price Funds SICAV - Global Technology Equity Fund Ah (EUR);T. Rowe Price (Luxembourg) Management S.à r.l.;Equity;Technology Sector Equity;RV Otros;EUR;Luxemburgo;7;;1.85;1.75;33.59;45.21;33.73;4.42;2017-04-28;True;False;1000;2026-08-28
LU1770377700;T. Rowe Price US Blue Chip Eq An EUR;T. Rowe Price Funds SICAV - US Blue Chip Equity Fund An (EUR);T. Rowe Price (Luxembourg) Management S.à r.l.;Equity;US Equity Large Cap Growth;RV Otros;EUR;Luxemburgo;6;;1.63;1.5;-1.03;4.19;18.81;5;2018-02-20;True;False;1000;2026-08-28
LU1582221328;T. Rowe Price US Smlr Cm Eq An (EUR);T. Rowe Price Funds SICAV - US Smaller Companies Equity Fund An (EUR);T. Rowe Price (Luxembourg) Management S.à r.l.;Equity;US Equity Small Cap;RV Otros;EUR;Luxemburgo;6;;1.71;1.6;14.79;16.81;10.59;2.62;2017-05-10;True;False;1000;2026-08-28
LU2858665453;T. Rowe Price US Struct Rsh Eq An EUR;T. Rowe Price Funds SICAV - US Structured Research Equity Fund An (EUR);T. Rowe Price (Luxembourg) Management S.à r.l.;Equity;US Equity Large Cap Blend;RV Otros;EUR;Luxemburgo;6;;0.86;0.75;11.65;17.3;;;2024-08-09;True;False;0;2026-08-28
LU0316493583;Templeton Asian Growth A(acc)EUR-H1;Templeton Asian Growth Fund A(acc)EUR-H1;Franklin Templeton International Services S.à r.l.;Equity;Asia ex-Japan Equity;RV Otros;EUR;Luxemburgo;6;;2.1;1.85;33.67;48.53;22.53;4.43;2007-09-03;True;False;;2026-08-28
LU0626262082;Templeton Emerging Markets A(acc)EUR-H1;Templeton Emerging Markets Fund A(acc)EUR-H1;Franklin Templeton International Services S.à r.l.;Equity;Global Emerging Markets Equity;RV Otros;EUR;Luxemburgo;6;;1.98;1.65;30.59;48.62;25.87;8.17;2011-05-27;True;False;;2026-08-28
LU0496363770;Templeton Frontier Markets A(acc)EUR-H1;Templeton Frontier Markets Fund A(acc)EUR-H1;Franklin Templeton International Services S.à r.l.;Equity;Global Emerging Markets Equity;RV Otros;EUR;Luxemburgo;6;;2.52;2.1;13.94;15.95;17.49;8.16;2010-03-31;True;False;;2026-08-28
LU0277301916;UBAM 30 Global Leaders Equity AHC USD;UBAM - 30 Global Leaders Equity AHC USD;UBP Asset Management (Europe) S.A.;Equity;Global Equity Large Cap;RV Otros;USD;Luxemburgo;6;;;1.5;5.23;7.65;8.22;2.97;2006-12-12;True;False;0;2026-08-28
LU0352162191;UBAM Swiss Equity AHC EUR;UBAM - Swiss Equity AHC EUR;UBP Asset Management (Europe) S.A.;Equity;Europe Equity Large Cap;RV Otros;EUR;Luxemburgo;6;;1.38;1;10.65;14.92;12.66;1.68;2010-02-03;True;False;0;2026-08-28
LU2000522420;UBS (Lux) EF China Oppo(USD) P EUR H acc;UBS (Lux) Equity Fund - China Opportunity (USD) P EUR Hedged acc;UBS Asset Management (Europe) S.A.;Equity;Greater China Equity;RV Otros;EUR;Luxemburgo;7;;2.43;1.91;-8.39;-8.51;3.53;-6.78;2019-05-31;True;False;0;2026-08-28
LU0763739140;UBS (Lux) EF Greater China (USD) EURH P;UBS (Lux) Equity Fund - Greater China (USD) (EUR hedged) P-acc;UBS Asset Management (Europe) S.A.;Equity;Greater China Equity;RV Otros;EUR;Luxemburgo;6;;2.45;1.91;-6.02;-4.09;7.09;-4.24;2012-04-02;True;False;0;2026-08-28
LU0804734787;UBS (Lux) EF Tech Opp (USD) EURH P acc;UBS (Lux) Equity Fund - Tech Opportunity (USD) (EUR hedged) P-acc;UBS Asset Management (Europe) S.A.;Equity;Technology Sector Equity;RV Otros;EUR;Luxemburgo;7;;2.16;1.67;15.58;23.62;20.19;4.96;2012-10-04;True;False;0;2026-08-28
LU0611173930;UBS (Lux) ES Global Hi Div $ EURH P-acc;UBS (Lux) Equity SICAV - Global High Dividend (USD) (EUR hedged) P-acc;UBS Asset Management (Europe) S.A.;Equity;Global Equity Large Cap;RV Otros;EUR;Luxemburgo;5;;1.61;1.24;25.39;32.53;18.21;10.3;2011-04-15;True;False;0;2026-08-28
LU0511785726;UBS (Lux) ES USA Growth $ EUR H P-acc;UBS (Lux) Equity SICAV - USA Growth (USD) (EUR hedged) P-acc;UBS Asset Management (Europe) S.A.;Equity;US Equity Large Cap Growth;RV Otros;EUR;Luxemburgo;6;;2.14;1.67;4.17;8.11;18.01;6.85;2010-06-17;True;False;30000000;2026-08-28
LU1683285321;UBS Lux Dgtl Hlth Eq Fd EUR H P acc;UBS (Lux) Investment SICAV 2 - UBS (Lux) Digital Health Equity Fund (EUR hedged) P acc;UBS Asset Management (Europe) S.A.;Equity;Healthcare Sector Equity;RV Otros;EUR;Luxemburgo;7;;;2.02;6.61;11.57;2.95;-10.63;2017-12-14;True;False;0;2026-08-28
LU1594283548;UBS Lux Glb Qul Div Eq Fd EUR H P dist;UBS (Lux) Investment SICAV 2 - UBS (Lux) Global Quality Dividend Equity Fund (EUR hedged) P dist;UBS Asset Management (Europe) S.A.;Equity;Global Equity Large Cap;RV Otros;EUR;Luxemburgo;5;;1.95;2.02;22.75;29.11;21;10.57;2017-08-23;True;False;0;2026-08-28
LU1692116715;UBS Lux Infras Eq Fd EUR H P acc;UBS (Lux) Investment SICAV 2 - UBS (Lux) Infrastructure Equity Fund (EUR hedged) P acc;UBS Asset Management (Europe) S.A.;Equity;Infrastructure Sector Equity;RV Otros;EUR;Luxemburgo;5;;;2.02;7.52;7.77;9.44;1.77;2017-12-14;True;False;0;2026-08-28
LU1430036803;UBS Lux Rbtc and Atmtn Eq CHF H P acc;UBS (Lux) Investment SICAV 2 - UBS (Lux) Robotics and Automation Equity Fund (CHF hedged) P acc;UBS Asset Management (Europe) S.A.;Equity;Technology Sector Equity;RV Otros;CHF;Luxemburgo;6;;1.93;2.02;13.38;17.81;8.96;-1.97;2017-07-13;True;False;0;2026-08-28
LU1430036985;UBS Lux Rbtc and Atmtn Eq EUR H P acc;UBS (Lux) Investment SICAV 2 - UBS (Lux) Robotics and Automation Equity Fund (EUR hedged) P acc;UBS Asset Management (Europe) S.A.;Equity;Technology Sector Equity;RV Otros;EUR;Luxemburgo;6;;1.93;2.02;14.81;20.18;11.3;-0.46;2017-03-31;True;False;0;2026-08-28
LU0909472069;UBS Lux Sec Eq Fd EUR H P acc;UBS (Lux) Investment SICAV 2 - UBS (Lux) Security Equity Fund (EUR hedged) P acc;UBS Asset Management (Europe) S.A.;Equity;Global Equity Mid/Small Cap;RV Otros;EUR;Luxemburgo;6;;;2.02;10.93;10.93;13.7;4.02;2013-05-02;True;False;0;2026-08-28
IE00B1G3DH73;Vanguard U.S. 500 Stk Idx € H Acc;Vanguard U.S. 500 Stock Index Fund EUR Hedged Acc;Vanguard Group (Ireland) Limited;Equity;US Equity Large Cap Blend;RV Otros;EUR;Irlanda;6;;0.1;0.1;11.79;17.51;19.19;9.82;2006-10-31;True;True;1000000;2026-08-28
LU0218912235;Vontobel Emerging Markets Eq H Hdg EUR;Vontobel Fund - Emerging Markets Equity H (hedged) EUR Cap;Vontobel Asset Management S.A.;Equity;Global Emerging Markets Equity;RV Otros;EUR;Luxemburgo;6;;2.14;1.65;22.17;34.99;13.33;0.42;2005-12-02;True;False;0;2026-08-28
LU0218911690;Vontobel Global Equity H Hedged EUR;Vontobel Fund - Global Equity H (hedged) EUR Cap;Vontobel Asset Management S.A.;Equity;Global Equity Large Cap;RV Otros;EUR;Luxemburgo;5;;2.02;1.65;-4.01;-6.28;4.21;-1.17;2007-11-02;True;False;0;2026-08-28
LU0218912151;Vontobel US Equity H Hdg EUR;Vontobel Fund - US Equity H (hedged) EUR Cap;Vontobel Asset Management S.A.;Equity;US Equity Large Cap Blend;RV Otros;EUR;Luxemburgo;5;;2.14;1.65;-7.89;-9.49;4.33;1.53;2006-01-10;True;False;0;2026-08-28
LU1646585114;Vontobel mtx Em Mkts Ldrs H (hedged);Vontobel Fund - mtx Emerging Markets Leaders H (hedged) EUR Cap;Vontobel Asset Management S.A.;Equity;Global Emerging Markets Equity;RV Otros;EUR;Luxemburgo;5;;2.07;2;24.66;38.21;20.99;4.38;2017-08-11;True;False;0;2026-08-28
LU1804833579;Wellington Asia Tech EUR D AccH;Wellington Asia Technology Fund EUR D AcH;Wellington Luxembourg S.à r.l.;Equity;Technology Sector Equity;RV Otros;EUR;Luxemburgo;6;;2.14;0.9;31.55;50.61;30.83;9.26;2018-06-21;True;False;5000;2026-08-28
LU1848873714;abrdn-China A Share Sust Eq A Acc HEUR;abrdn SICAV I - China A Share Sustainable Equity Fund A Acc Hedged EUR;abrdn Investments Luxembourg S.A.;Equity;Greater China Equity;RV Otros;EUR;Luxemburgo;6;;;1.75;8.01;20.33;7.59;-4.89;2018-07-25;True;False;1000;2026-08-28
LU0505663400;abrdn-Future Minerals A Acc HEUR;abrdn SICAV I - Future Minerals Fund A Acc Hedged EUR;abrdn Investments Luxembourg S.A.;Equity;Natural Resources Sector Equity;RV Otros;EUR;Luxemburgo;6;;;1.5;25.43;54.67;18.83;9.75;2010-07-26;True;False;1000;2026-08-28
LU0476877054;abrdn-Japan Sml Comp Sust Eq A Acc HEUR;abrdn SICAV I - Japanese Smaller Companies Sustainable Equity Fund A Acc Hedged EUR;abrdn Investments Luxembourg S.A.;Equity;Japan Equity;RV Otros;EUR;Luxemburgo;6;;;1.5;23.15;35.19;23.45;12.21;2010-05-18;True;False;1000;2026-08-28
LU0476876759;abrdn-Japan Sustainable Eqty A Acc HEUR;abrdn SICAV I - Japanese Sustainable Equity Fund A Acc Hedged EUR;abrdn Investments Luxembourg S.A.;Equity;Japan Equity;RV Otros;EUR;Luxemburgo;6;;;1.5;25.65;45.45;29.26;17.16;2010-05-18;True;False;1000;2026-08-28
LU0912262788;abrdn-Japan Sustainable Eqty A Acc HUSD;abrdn SICAV I - Japanese Sustainable Equity Fund A Acc Hedged USD;abrdn Investments Luxembourg S.A.;Equity;Japan Equity;RV Otros;USD;Luxemburgo;6;;;1.5;27.5;48.73;31.64;19.53;2013-05-22;True;False;500;2026-08-28
LU1323878188;abrdn-Nrth American Sml Comp A Acc HEUR;abrdn SICAV I - North American Smaller Companies Fund A Acc Hedged EUR;abrdn Investments Luxembourg S.A.;Equity;US Equity Small Cap;RV Otros;EUR;Luxemburgo;6;;;1.5;17.09;18.37;14.09;2.57;2016-03-23;True;False;1000;2026-08-28
LU0204988207;iMGP Japan Opportunities C EUR HP;iMGP Japan Opportunities C EUR HP;iM Global Partner Asset Management S.A.;Equity;Japan Equity;RV Otros;EUR;Luxemburgo;5;;2.02;1.5;21.28;36.36;25.74;21.33;2005-04-01;True;False;0;2026-08-28
LU0390717543;Amundi MSCI Pac Ex Jpn SRIClmtPrsAlgdAE;Amundi MSCI Pacific Ex Japan SRI Climate Paris Aligned - AE;Amundi Luxembourg S.A.;Equity;Asia ex-Japan Equity;RV Pacífico (ex-Japón);EUR;Luxemburgo;5;1;;0.15;10.29;9.41;7.71;3.11;2008-11-25;True;True;;2026-08-28
IE0007218849;Vanguard Pac ex-Japan Stk Idx USD Acc;Vanguard Pacific ex-Japan Stock Index Fund USD Acc;Vanguard Group (Ireland) Limited;Equity;Asia ex-Japan Equity;RV Pacífico (ex-Japón);USD;Irlanda;6;3;0.16;0.16;16.1;17.23;17.96;7.1;2005-07-22;True;True;1000000;2026-08-28
LU0011847091;BGF United Kingdom A2;BlackRock Global Funds - United Kingdom Fund A2;BlackRock (Luxembourg) SA;Equity;UK Equity Large Cap;RV RU Cap. Grande;GBP;Luxemburgo;5;2;1.81;1.5;5.9;7.19;10.91;2.44;1985-12-31;True;False;;2026-08-28
LU0171293177;BGF United Kingdom A2 EUR;BlackRock Global Funds - United Kingdom Fund A2 EUR;BlackRock (Luxembourg) SA;Equity;UK Equity Large Cap;RV RU Cap. Grande;EUR;Luxemburgo;5;2;1.81;1.5;7.85;7.83;10.9;2.4;1985-12-31;True;False;;2026-08-28
LU1775979708;Invesco UK Equity A GBP AD;Invesco Funds - Invesco UK Equity Fund A Annual Distribution GBP;Invesco Management S.A.;Equity;UK Equity Large Cap;RV RU Cap. Grande;GBP;Luxemburgo;5;4;;1.3;10.85;18.78;15.26;12.73;2018-10-08;True;False;1000;2026-08-28
LU1775980201;Invesco UK Equity E EUR Acc;Invesco Funds - Invesco UK Equity Fund E Accumulation EUR;Invesco Management S.A.;Equity;UK Equity Large Cap;RV RU Cap. Grande;EUR;Luxemburgo;5;3;;1.8;12.55;18.99;14.69;12.18;2018-10-08;True;False;500;2026-08-28
IE00B7MSLV86;iShares UK Index (IE) Instl Acc EUR;iShares UK Index Fund (IE) Institutional Acc EUR;BlackRock Asset Management Ireland Ltd;Equity;UK Equity Large Cap;RV RU Cap. Grande;EUR;Irlanda;5;4;0.17;0.15;14.2;22.21;18.08;13.23;2012-02-24;True;True;1000000;2026-08-28
LU1653748860;CPR Invest Food For Gens A EUR Acc;CPR Invest - Food For Generations A EUR Acc;CPR Asset Management;Equity;Equity Miscellaneous;RV Sector Agricultura;EUR;Luxemburgo;6;3;;1.6;7.95;3.66;0.94;-1.95;2017-09-18;True;False;1;2026-08-28
LU2013745885;CPR Invest Food For Gnrtns A USD Acc;CPR Invest - Food For Generations A USD Acc;CPR Asset Management;Equity;Equity Miscellaneous;RV Sector Agricultura;USD;Luxemburgo;5;3;;1.6;7.03;3.58;3.6;-2.14;2020-10-14;True;False;1;2026-08-28
LU0273158872;DWS Invest Global Agribusiness LC;DWS Invest Global Agribusiness LC;DWS Investment S.A.;Equity;Equity Miscellaneous;RV Sector Agricultura;EUR;Luxemburgo;5;3;1.69;1.5;10.71;5.47;-1.21;0.46;2006-11-20;True;False;0;2026-08-28
LU0363470070;DWS Invest Global Agribusiness LD;DWS Invest Global Agribusiness LD;DWS Investment S.A.;Equity;Equity Miscellaneous;RV Sector Agricultura;EUR;Luxemburgo;5;3;1.69;1.5;10.7;5.46;-1.21;0.46;2008-07-01;True;False;0;2026-08-28
LU0273164847;DWS Invest Global Agribusiness USD LC;DWS Invest Global Agribusiness USD LC;DWS Investment S.A.;Equity;Equity Miscellaneous;RV Sector Agricultura;USD;Luxemburgo;5;3;1.69;1.5;9.68;5.95;1.3;0.26;2006-11-20;True;False;0;2026-08-28
LU0366534344;Pictet - Nutrition P EUR;Pictet - Nutrition P EUR;Pictet Asset Management (Europe) SA;Equity;Equity Miscellaneous;RV Sector Agricultura;EUR;Luxemburgo;5;2;1.99;2.4;6.21;0.04;-1.07;-5.54;2009-05-28;True;False;0;2026-08-28
LU0428745748;Pictet-Nutrition P USD;Pictet-Nutrition P USD;Pictet Asset Management (Europe) SA;Equity;Equity Miscellaneous;RV Sector Agricultura;USD;Luxemburgo;5;2;2;2.4;5.54;0.49;1.45;-5.72;2009-05-28;True;False;0;2026-08-28
LU1165135440;BNP Paribas Aqua C C;BNP Paribas Funds Aqua Classic Capitalisation;BNP Paribas Asset Management Luxembourg;Equity;Equity Miscellaneous;RV Sector Agua;EUR;Luxemburgo;6;3;;1.75;8.58;5.39;7.08;2.82;2015-07-16;True;False;0;2026-08-28
LU1620156130;BNP Paribas Aqua C USD C;BNP Paribas Funds Aqua Classic USD Capitalisation;BNP Paribas Asset Management Luxembourg;Equity;Equity Miscellaneous;RV Sector Agua;USD;Luxemburgo;6;3;;1.75;7.67;5.87;9.91;2.58;2017-09-29;True;False;0;2026-08-28
LU1892829828;Fidelity Water & Waste A Acc EUR;Fidelity Funds - Water & Waste Fund A Acc EUR;FIL Investment Management (Luxembourg) S.à r.l.;Equity;Equity Miscellaneous;RV Sector Agua;EUR;Luxemburgo;5;2;;1.5;4.34;1.75;4.49;-0.29;2018-10-31;True;False;2500;2026-08-28
LU0104884860;Pictet-Water P EUR;Pictet-Water P EUR;Pictet Asset Management (Europe) SA;Equity;Equity Miscellaneous;RV Sector Agua;EUR;Luxemburgo;5;2;1.99;2.4;-2.96;-6.82;3.13;0.22;2000-01-19;True;False;0;2026-08-28
LU0255980327;Pictet-Water P USD;Pictet-Water P USD;Pictet Asset Management (Europe) SA;Equity;Equity Miscellaneous;RV Sector Agua;USD;Luxemburgo;6;2;1.99;2.4;-3.58;-6.4;5.75;0.02;2006-05-26;True;False;0;2026-08-28
LU0255980673;Pictet-Water R USD;Pictet-Water R USD;Pictet Asset Management (Europe) SA;Equity;Equity Miscellaneous;RV Sector Agua;USD;Luxemburgo;6;1;2.69;2.9;-4.03;-7.06;5.01;-0.69;2006-05-26;True;False;0;2026-08-28
LU2146190751;Robeco Sustainable Water D CHF Cap;Robeco Sustainable Water D-CHF Capitalisation;Robeco Institutional Asset Management BV;Equity;Equity Miscellaneous;RV Sector Agua;CHF;Luxemburgo;6;3;1.71;1.5;8.71;6.09;6.96;-0.51;2020-10-29;True;False;0;2026-08-28
LU2146190835;Robeco Sustainable Water D EUR Cap;Robeco Sustainable Water D-EUR Capitalisation;Robeco Institutional Asset Management BV;Equity;Equity Miscellaneous;RV Sector Agua;EUR;Luxemburgo;6;3;1.71;1.5;7.74;5.88;7.58;2.3;2020-10-29;True;False;0;2026-08-28
LU2146191130;Robeco Sustainable Water D USD Cap;Robeco Sustainable Water D-USD Capitalisation;Robeco Institutional Asset Management BV;Equity;Equity Miscellaneous;RV Sector Agua;USD;Luxemburgo;6;3;1.71;1.5;6.83;5.8;10.42;2.11;2020-10-29;True;False;0;2026-08-28
LU1120766388;Candriam Eqs L Biotech C EUR Cap;Candriam Equities L Biotechnology Class C EUR Cap;Candriam;Equity;Healthcare Sector Equity;RV Sector Biotecnología;EUR;Luxemburgo;6;4;2;1.6;27.31;61.14;21.75;12.67;2015-05-20;True;False;0;2026-08-28
LU0108459040;Candriam Eqs L Biotech C USD Cap;Candriam Equities L Biotechnology Class C USD Cap;Candriam;Equity;Healthcare Sector Equity;RV Sector Biotecnología;USD;Luxemburgo;6;4;;1.6;26.28;61.11;25.03;12.52;2000-04-06;True;False;0;2026-08-28
LU0108459552;Candriam Eqs L Biotech C USD Dis;Candriam Equities L Biotechnology Class C USD Dis;Candriam;Equity;Healthcare Sector Equity;RV Sector Biotecnología;USD;Luxemburgo;6;4;2.04;1.6;26.25;61.05;24.98;12.48;2000-04-06;True;False;0;2026-08-28
LU0133359157;Candriam Eqs L Biotech N USD Cap;Candriam Equities L Biotechnology Class N USD Cap;Candriam;Equity;Healthcare Sector Equity;RV Sector Biotecnología;USD;Luxemburgo;6;4;;2;25.98;60.54;24.57;12.08;2002-08-23;True;False;0;2026-08-28
DE0009769976;DWS ESG Biotech LC;DWS ESG Biotech LC;DWS Investment GmbH;Equity;Healthcare Sector Equity;RV Sector Biotecnología;EUR;Alemania;6;3;1.5;1.5;14.58;43.34;14.4;5.79;1999-08-16;True;False;0;2026-08-28
LU0109394709;Franklin Biotechnology Discv A(acc)USD;Franklin Biotechnology Discovery Fund A(acc)USD;Franklin Templeton International Services S.à r.l.;Equity;Healthcare Sector Equity;RV Sector Biotecnología;USD;Luxemburgo;6;5;1.81;1.5;25.05;71.4;29.94;11.77;2000-04-03;True;False;1000;2026-08-28
LU2441282899;Janus Henderson Hrzn Biotec A2 EUR;Janus Henderson Horizon Biotechnology Fund A2 EUR;Janus Henderson Investors;Equity;Healthcare Sector Equity;RV Sector Biotecnología;EUR;Luxemburgo;6;5;5.34;1.2;24.62;70.92;26.77;;2022-02-25;True;False;2500;2026-08-28
LU0255977455;Pictet - Biotech P EUR;Pictet - Biotech P EUR;Pictet Asset Management (Europe) SA;Equity;Healthcare Sector Equity;RV Sector Biotecnología;EUR;Luxemburgo;6;4;1.99;2.4;23.41;66.14;24.81;10.38;2006-06-14;True;False;0;2026-08-28
LU0090689299;Pictet-Biotech P USD;Pictet-Biotech P USD;Pictet Asset Management (Europe) SA;Equity;Healthcare Sector Equity;RV Sector Biotecnología;USD;Luxemburgo;6;4;1.99;2.4;22.62;66.9;27.99;10.16;1995-11-30;True;False;0;2026-08-28
IE00B3XLHR60;Polar Capital Biotech R Inc;Polar Capital Funds PLC - Biotechnology Fund R Inc;Polar Capital LLP;Equity;Healthcare Sector Equity;RV Sector Biotecnología;USD;Irlanda;6;5;;1.5;26.08;57.65;30.48;14.27;2013-10-31;True;False;0;2026-08-28
IE00B3VXGD32;Polar Capital Biotech R Inc EUR;Polar Capital Funds PLC - Biotechnology Fund R Inc EUR;Polar Capital LLP;Equity;Healthcare Sector Equity;RV Sector Biotecnología;EUR;Irlanda;6;5;;1.5;27.14;57.74;27.12;14.48;2013-10-31;True;False;;2026-08-28
LU0069152568;UBS (Lux) EF Biotech (USD) P-acc;UBS (Lux) Equity Fund - Biotech (USD) P-acc;UBS Asset Management (Europe) S.A.;Equity;Healthcare Sector Equity;RV Sector Biotecnología;USD;Luxemburgo;6;3;2.09;1.63;28.98;59.18;19.52;6.03;1996-10-15;True;False;;2026-08-28
LU0823411706;BNP Paribas Consumer Innovtr Cl C;BNP Paribas Funds Consumer InnovatorsClassic Capitalisation;BNP Paribas Asset Management Luxembourg;Equity;Consumer Goods & Services Sector Equity;RV Sector Consumo;EUR;Luxemburgo;6;3;;1.5;-4.37;-6.14;4.87;-1.26;2013-05-24;True;False;0;2026-08-28
LU0114721508;Fidelity Global Consumer Brds A-Dis-EUR;Fidelity Funds - Global Consumer Brands Fund A-DIST-EUR;FIL Investment Management (Luxembourg) S.à r.l.;Equity;Consumer Goods & Services Sector Equity;RV Sector Consumo;EUR;Luxemburgo;6;4;;1.5;1.02;3.32;6.96;2.55;2000-09-01;True;False;;2026-08-28
LU0840140957;Fidelity Global Consumer Brds E-Acc-EUR;Fidelity Funds - Global Consumer Brands Fund E-Acc-EUR;FIL Investment Management (Luxembourg) S.à r.l.;Equity;Consumer Goods & Services Sector Equity;RV Sector Consumo;EUR;Luxemburgo;6;4;;1.5;0.53;2.56;6.17;1.79;2012-11-07;True;False;2500;2026-08-28
LU0329429384;GAM Multistock Luxury Brands Eq EUR A;GAM Multistock - Luxury Brands Equity EUR A;GAM (Luxembourg) SA;Equity;Consumer Goods & Services Sector Equity;RV Sector Consumo;EUR;Luxemburgo;6;3;2.06;1.6;-3.88;-0.29;1.68;0.22;2008-01-31;True;False;0;2026-08-28
LU0329429897;GAM Multistock Luxury Brands Eq EUR B;GAM Multistock - Luxury Brands Equity EUR B;GAM (Luxembourg) SA;Equity;Consumer Goods & Services Sector Equity;RV Sector Consumo;EUR;Luxemburgo;6;3;2.06;1.6;-3.88;-0.29;1.69;0.22;2008-01-31;True;False;0;2026-08-28
LU0329430986;GAM Multistock Luxury Brands Eq EUR E;GAM Multistock - Luxury Brands Equity EUR E;GAM (Luxembourg) SA;Equity;Consumer Goods & Services Sector Equity;RV Sector Consumo;EUR;Luxemburgo;6;3;2.81;1.6;-4.35;-1.04;0.92;-0.52;2008-01-31;True;False;0;2026-08-28
LU0329430127;GAM Multistock Luxury Brands Eq USD B;GAM Multistock - Luxury Brands Equity USD B;GAM (Luxembourg) SA;Equity;Consumer Goods & Services Sector Equity;RV Sector Consumo;USD;Luxemburgo;6;3;2.05;1.6;-4.68;-0.36;3.95;-0.23;2008-01-31;True;False;0;2026-08-28
LU0329431018;GAM Multistock Luxury Brands Eq USD E;GAM Multistock - Luxury Brands Equity USD E;GAM (Luxembourg) SA;Equity;Consumer Goods & Services Sector Equity;RV Sector Consumo;USD;Luxemburgo;6;3;2.81;1.6;-5.15;-1.11;3.17;-0.98;2008-01-31;True;False;0;2026-08-28
LU0334857785;Invesco Asia Consumer Demand E EUR Acc;Invesco Funds - Invesco Asia Consumer Demand Fund E Accumulation EUR;Invesco Management S.A.;Equity;Consumer Goods & Services Sector Equity;RV Sector Consumo;EUR;Luxemburgo;6;3;;2.25;19.06;19.96;13.32;2.49;2008-03-25;True;False;500;2026-08-28
LU2168317308;Invesco Glbl Consmr Trnds A EUR Acc;Invesco Funds - Invesco Global Consumer Trends Fund A Accumulation EUR;Invesco Management S.A.;Equity;Consumer Goods & Services Sector Equity;RV Sector Consumo;EUR;Luxemburgo;6;2;;1.5;0.64;-2.96;14.76;-0.74;2020-05-14;True;False;1000;2026-08-28
LU0052864419;Invesco Glbl Consmr Trnds A USD Acc;Invesco Funds - Invesco Global Consumer Trends Fund A Accumulation USD;Invesco Management S.A.;Equity;Consumer Goods & Services Sector Equity;RV Sector Consumo;USD;Luxemburgo;7;2;;1.5;-0.31;-2.45;17.65;-0.94;1994-10-03;True;False;1500;2026-08-28
LU1809976522;LO Funds World Brands EUR PA;LO Funds - World Brands Fund (EUR) P A;Lombard Odier Funds (Europe) SA;Equity;Consumer Goods & Services Sector Equity;RV Sector Consumo;EUR;Luxemburgo;6;4;;1;0.39;-2.22;7.33;2.42;2018-06-25;True;False;3000;2026-08-28
LU0217139020;Pictet-Premium Brands P EUR;Pictet-Premium Brands P EUR;Pictet Asset Management (Europe) SA;Equity;Consumer Goods & Services Sector Equity;RV Sector Consumo;EUR;Luxemburgo;6;3;1.98;2.4;-3.92;-1.14;2.25;1.55;2005-05-31;True;False;0;2026-08-28
LU0280433847;Pictet-Premium Brands P USD;Pictet-Premium Brands P USD;Pictet Asset Management (Europe) SA;Equity;Consumer Goods & Services Sector Equity;RV Sector Consumo;USD;Luxemburgo;6;3;1.98;2.4;-4.53;-0.69;4.85;1.35;2007-01-23;True;False;0;2026-08-28
LU1883318740;Amundi Fds Glb Eq Resp A EUR C;Amundi Funds - Global Equity Responsible A EUR (C);Amundi Luxembourg S.A.;Equity;Global Equity Large Cap;RV Sector Ecología;EUR;Luxemburgo;5;4;2.11;1.5;6.24;8.22;13.51;5.74;1990-04-30;True;False;1;2026-08-28
LU2041044178;BGF Circular Economy A2 EUR;BlackRock Global Funds - Circular Economy Fund A2 EUR;BlackRock (Luxembourg) SA;Equity;Global Equity Large Cap;RV Sector Ecología;EUR;Luxemburgo;6;1;1.81;1.5;3.07;-0.84;1.89;-2.36;2019-10-02;True;False;;2026-08-28
LU0406802339;BNP Paribas Climate Change Cl C;BNP Paribas Funds Climate Change Classic Capitalisation;BNP Paribas Asset Management Luxembourg;Equity;Global Equity Mid/Small Cap;RV Sector Ecología;EUR;Luxemburgo;6;3;;2.2;18.56;15.13;7.73;0.52;2009-11-12;True;False;0;2026-08-28
LU0406802685;BNP Paribas Climate Change Cl Dis;BNP Paribas Funds Climate Change Classic Distribution;BNP Paribas Asset Management Luxembourg;Equity;Global Equity Mid/Small Cap;RV Sector Ecología;EUR;Luxemburgo;6;3;;2.2;18.55;15.14;7.73;0.52;2006-05-30;True;False;0;2026-08-28
LU0406803063;BNP Paribas Climate Change N C;BNP Paribas Funds Climate Change N Capitalisation;BNP Paribas Asset Management Luxembourg;Equity;Global Equity Mid/Small Cap;RV Sector Ecología;EUR;Luxemburgo;6;2;;2.2;17.98;14.27;6.93;-0.23;2013-12-12;True;False;0;2026-08-28
ES0114806039;Bankinter Eficien Energ Y Medioamb R FI;Bankinter Eficiencia Energética Y Medioambiente R FI;Bankinter Gestión de Activos SGIIC;Equity;Equity Miscellaneous;RV Sector Ecología;EUR;España;6;4;1.81;1.6;11.2;15.5;11.98;5.41;2001-04-20;True;False;1;2026-08-28
AT0000A03N37;ERSTE WWF Stock Environment EUR R01 VT;ERSTE WWF Stock Environment EUR R01 VT;Erste Asset Management GmbH;Equity;Global Equity Mid/Small Cap;RV Sector Ecología;EUR;Austria;7;1;;1.8;5.97;15.64;-2.24;-8.71;2008-01-10;True;False;1;2026-08-28
LU1939256001;Ninety One GSF Global Envir A Acc EUR;Ninety One Global Strategy Fund - Global Environment Fund A Acc EUR;Ninety One Luxembourg S.A.;Equity;Global Equity Large Cap;RV Sector Ecología;EUR;Luxemburgo;6;2;;1.5;13.12;17.9;7.45;0.98;2019-02-25;True;False;3000;2026-08-28
LU0348926287;Nordea 1 - Global Climate & Envir BP EUR;Nordea 1 - Global Climate and Environment Fund BP EUR;Nordea Investment Funds SA;Equity;Global Equity Mid/Small Cap;RV Sector Ecología;EUR;Luxemburgo;5;5;1.8;1.5;17.7;18.91;12.01;5.3;2008-03-13;True;False;0;2026-08-28
LU0607974713;Nordea 1 - Global Climate & Envir BP USD;Nordea 1 - Global Climate and Environment Fund BP USD;Nordea Investment Funds SA;Equity;Global Equity Mid/Small Cap;RV Sector Ecología;USD;Luxemburgo;6;5;;1.5;16.55;19.47;14.84;5.08;2015-06-05;True;False;;2026-08-28
LU0503631714;Pictet - Global Envir Opps P EUR;Pictet - Global Environmental Opportunities P EUR;Pictet Asset Management (Europe) SA;Equity;Global Equity Large Cap;RV Sector Ecología;EUR;Luxemburgo;6;4;1.99;2.4;15.18;12.92;7.83;2.69;2010-09-10;True;False;0;2026-08-28
LU0503632282;Pictet - Global Envir Opps P USD;Pictet - Global Environmental Opportunities P USD;Pictet Asset Management (Europe) SA;Equity;Global Equity Large Cap;RV Sector Ecología;USD;Luxemburgo;6;4;1.99;2.4;14.44;13.44;10.57;2.49;2010-09-10;True;False;0;2026-08-28
LU0503631987;Pictet - Global Envir Opps R EUR;Pictet - Global Environmental Opportunities R EUR;Pictet Asset Management (Europe) SA;Equity;Global Equity Large Cap;RV Sector Ecología;EUR;Luxemburgo;6;3;2.7;2.9;14.65;12.13;7.07;1.97;2010-09-10;True;False;0;2026-08-28
LU2092758726;Robeco Circular Economy D € Cap;Robeco Circular Economy D EUR Capitalisation;Robeco Institutional Asset Management BV;Equity;Global Equity Large Cap;RV Sector Ecología;EUR;Luxemburgo;6;5;;1.5;22.32;26.58;18.69;8.64;2020-01-23;True;False;0;2026-08-28
LU0302446645;Schroder ISF Glb Clmt Chg Eq A Acc EUR;Schroder International Selection Fund Global Climate Change Equity A Accumulation EUR;Schroder Investment Management (Europe) S.A.;Equity;Global Equity Large Cap;RV Sector Ecología;EUR;Luxemburgo;5;4;;1.5;11.05;18.02;10.94;3.31;2007-06-29;True;False;1000;2026-08-28
LU0302445910;Schroder ISF Glb Clmt Chg Eq A Acc USD;Schroder International Selection Fund Global Climate Change Equity A Accumulation USD;Schroder Investment Management (Europe) S.A.;Equity;Global Equity Large Cap;RV Sector Ecología;USD;Luxemburgo;6;4;;1.5;10.1;18.58;13.7;3.1;2007-06-29;True;False;1000;2026-08-28
LU0128520375;Templeton Glb Climate Change A (acc) EUR;Templeton Global Climate Change Fund Class A (acc) EUR;Franklin Templeton International Services S.à r.l.;Equity;Global Equity Large Cap;RV Sector Ecología;EUR;Luxemburgo;6;4;1.82;1.5;21.19;34.38;13.16;7.54;2001-05-14;True;False;;2026-08-28
LU0029873410;Templeton Glb Climate Change A(Ydis)EUR;Templeton Global Climate Change Fund A(Ydis)EUR;Franklin Templeton International Services S.à r.l.;Equity;Global Equity Large Cap;RV Sector Ecología;EUR;Luxemburgo;6;4;1.82;1.5;21.2;34.37;13.17;7.54;1991-04-26;True;False;1000;2026-08-28
LU0384405600;Vontobel Global Envir Change B EUR;Vontobel Fund - Global Environmental Change B EUR Cap;Vontobel Asset Management S.A.;Equity;Global Equity Large Cap;RV Sector Ecología;EUR;Luxemburgo;6;4;1.97;1.65;19.71;22.81;12.98;6.12;2008-11-17;True;False;0;2026-08-28
LU0122376428;BGF World Energy A2;BlackRock Global Funds - World Energy Fund A2;BlackRock (Luxembourg) SA;Equity;Energy Sector Equity;RV Sector Energía;USD;Luxemburgo;6;3;2.06;1.75;37.77;41.54;15.5;20.9;2001-04-06;True;False;5000;2026-08-28
LU0171301533;BGF World Energy A2 EUR;BlackRock Global Funds - World Energy Fund A2 EUR;BlackRock (Luxembourg) SA;Equity;Energy Sector Equity;RV Sector Energía;EUR;Luxemburgo;6;3;2.06;1.75;38.65;40.89;12.63;21.14;2001-04-06;True;False;;2026-08-28
LU0204068364;BGF World Engy A4;BlackRock Global Funds - World Energy Fund A4;BlackRock (Luxembourg) SA;Equity;Energy Sector Equity;RV Sector Energía;GBP;Luxemburgo;6;3;2.06;1.75;36.13;40.06;12.64;21.21;2001-04-06;True;False;;2026-08-28
LU0300741732;Franklin Natural Resources A(acc)EUR;Franklin Natural Resources Fund A(acc)EUR;Franklin Templeton International Services S.à r.l.;Equity;Energy Sector Equity;RV Sector Energía;EUR;Luxemburgo;6;2;1.84;1.5;30.46;45.64;15.74;19.74;2007-07-12;True;False;;2026-08-28
LU1046545411;GS NA Engy & Engy Infras Eq Base Acc USD;Goldman Sachs North America Energy & Energy Infrastructure Equity Portfolio Base Acc USD;Goldman Sachs Asset Management B.V.;Equity;Energy Sector Equity;RV Sector Energía;USD;Luxemburgo;6;4;;1.5;32.49;34.94;20.23;22;2014-04-14;True;False;5000;2026-08-28
LU1046545502;GS NA Engy & Engy Infras Eq E Acc EUR;Goldman Sachs North America Energy & Energy Infrastructure Equity Portfolio E Acc EUR;Goldman Sachs Asset Management B.V.;Equity;Energy Sector Equity;RV Sector Energía;EUR;Luxemburgo;6;3;;1.5;32.7;33.38;16.39;21.35;2014-04-14;True;False;1500;2026-08-28
IE00BGHQF524;Guinness Global Energy C EUR Acc;Guinness Global Energy C EUR Accumulation;Guinness Asset Management Limited;Equity;Energy Sector Equity;RV Sector Energía;EUR;Irlanda;6;2;1.77;1.99;40.18;45;13.42;19.81;2013-11-29;True;False;0;2026-08-28
IE00B3CCJB88;Guinness Global Energy D EUR Acc;Guinness Global Energy D EUR Accumulation;Guinness Asset Management Limited;Equity;Energy Sector Equity;RV Sector Energía;EUR;Irlanda;6;2;1.27;1.49;40.64;45.72;13.99;20.41;2008-09-02;True;False;0;2026-08-28
LU0374901568;Schroder ISF Global Energy A Acc EUR;Schroder International Selection Fund Global Energy A Accumulation EUR;Schroder Investment Management (Europe) S.A.;Equity;Energy Sector Equity;RV Sector Energía;EUR;Luxemburgo;6;2;1.85;1.5;43.43;49.74;15.72;23.49;2008-07-11;True;False;1000;2026-08-28
LU0256331488;Schroder ISF Global Energy A Acc USD;Schroder International Selection Fund Global Energy A Accumulation USD;Schroder Investment Management (Europe) S.A.;Equity;Energy Sector Equity;RV Sector Energía;USD;Luxemburgo;6;2;1.85;1.5;42.21;50.45;18.61;23.25;2006-06-30;True;False;1000;2026-08-28
LU0124384867;BGF Sustainable Energy A2;BlackRock Global Funds - Sustainable Energy Fund A2;BlackRock (Luxembourg) SA;Equity;Energy Sector Equity;RV Sector Energía Alternativa;USD;Luxemburgo;6;4;1.96;1.65;14.15;26.64;13.6;5.3;2001-04-06;True;False;5000;2026-08-28
LU0171289902;BGF Sustainable Energy A2 EUR;BlackRock Global Funds - Sustainable Energy Fund A2 EUR;BlackRock (Luxembourg) SA;Equity;Energy Sector Equity;RV Sector Energía Alternativa;EUR;Luxemburgo;6;4;1.96;1.65;14.84;26.08;10.78;5.51;2001-04-06;True;False;;2026-08-28
LU0823414635;BNP Clean Energy Solutions - C C;BNP Clean Energy Solutions - Classic Capitalisation;BNP Paribas Asset Management Luxembourg;Equity;Energy Sector Equity;RV Sector Energía Alternativa;EUR;Luxemburgo;7;1;;1.5;-0.45;15.9;-1.48;-12.46;2013-05-17;True;False;100;2026-08-28
LU0823414718;BNP Clean Energy Solutions C D;BNP Clean Energy Solutions Classic Distribution;BNP Paribas Asset Management Luxembourg;Equity;Energy Sector Equity;RV Sector Energía Alternativa;EUR;Luxemburgo;7;1;;1.5;-0.44;15.9;-1.48;-12.45;2013-05-17;True;False;0;2026-08-28
LU0823414478;BNP Clean Energy Solutions C USD C;BNP Clean Energy Solutions C USD-Capitalisation;BNP Paribas Asset Management Luxembourg;Equity;Energy Sector Equity;RV Sector Energía Alternativa;USD;Luxemburgo;7;1;;1.5;-0.62;18.55;1.34;-12.78;2013-05-17;True;False;0;2026-08-28
NO0013670588;DNB Nuclear Energy S EUR;DNB Nuclear Energy S EUR;DNB Asset Management AS;Equity;Energy Sector Equity;RV Sector Energía Alternativa;EUR;Noruega;5;;;0.4;12.04;;;;2025-10-10;True;True;300;2026-08-28
LU0280435388;Pictet - Clean Energy Transition P EUR;Pictet - Clean Energy Transition P EUR;Pictet Asset Management (Europe) SA;Equity;Energy Sector Equity;RV Sector Energía Alternativa;EUR;Luxemburgo;6;4;1.98;2.4;26.03;35.97;18.23;9.77;2007-05-14;True;False;0;2026-08-28
LU0280430660;Pictet-Clean Energy Transition P USD;Pictet-Clean Energy Transition P USD;Pictet Asset Management (Europe) SA;Equity;Energy Sector Equity;RV Sector Energía Alternativa;USD;Luxemburgo;6;4;1.98;2.4;25.21;36.58;21.24;9.55;2007-05-14;True;False;0;2026-08-28
IE000EWWPFJ6;Polar Capital Smart Energy R Acc;Polar Capital Funds PLC - Smart Energy Fund R Accumulation;Polar Capital LLP;Equity;Energy Sector Equity;RV Sector Energía Alternativa;USD;Irlanda;6;5;;1.5;44.37;70.7;30.62;;2021-09-30;True;False;0;2026-08-28
IE0006TUI4G7;Polar Capital Smart Energy R Acc EUR;Polar Capital Funds PLC - Smart Energy Fund R Accumulation EUR;Polar Capital LLP;Equity;Energy Sector Equity;RV Sector Energía Alternativa;EUR;Irlanda;6;5;;1.5;45.51;70.84;27.27;;2021-09-30;True;False;;2026-08-28
LU2145461757;Robeco Smart Energy D-EUR Cap;Robeco Smart Energy D-EUR Capitalisation;Robeco Institutional Asset Management BV;Equity;Energy Sector Equity;RV Sector Energía Alternativa;EUR;Luxemburgo;6;5;1.71;1.5;32.4;49.8;21.86;11.76;2020-10-29;True;False;0;2026-08-28
LU2145461914;Robeco Smart Energy D-USD Cap;Robeco Smart Energy D-USD Capitalisation;Robeco Institutional Asset Management BV;Equity;Energy Sector Equity;RV Sector Energía Alternativa;USD;Luxemburgo;6;5;1.71;1.5;31.3;49.68;25.08;11.55;2020-10-29;True;False;0;2026-08-28
LU2390151400;Schroder ISF Glbl Alt Engy A Acc EUR;Schroder International Selection Fund Global Alternative Energy A Accumulation EUR;Schroder Investment Management (Europe) S.A.;Equity;Energy Sector Equity;RV Sector Energía Alternativa;EUR;Luxemburgo;6;2;1.84;1.5;8.66;17.63;-0.24;;2021-10-20;True;False;1000;2026-08-28
IE00BWY56V74;Algebris Financial Equity R EUR Acc;Algebris UCITS Funds plc - Algebris Financial Equity Fund R EUR Acc;Algebris (UK) Limited;Equity;Financials Sector Equity;RV Sector Finanzas;EUR;Irlanda;6;4;;1.8;13.2;21.35;30.3;22.05;2016-03-24;True;False;10000;2026-08-28
LU0106831901;BGF World Financials A2;BlackRock Global Funds - World Financials Fund A2;BlackRock (Luxembourg) SA;Equity;Financials Sector Equity;RV Sector Finanzas;USD;Luxemburgo;6;4;1.82;1.5;7.29;18.09;31.59;14.7;2000-03-03;True;False;5000;2026-08-28
LU0171304719;BGF World Financials A2 EUR;BlackRock Global Funds - World Financials Fund A2 EUR;BlackRock (Luxembourg) SA;Equity;Financials Sector Equity;RV Sector Finanzas;EUR;Luxemburgo;6;4;1.82;1.5;7.98;17.57;28.32;14.93;2000-03-03;True;False;;2026-08-28
ES0114805031;Bankinter Finanzas Globales R FI;Bankinter Finanzas Globales R FI;Bankinter Gestión de Activos SGIIC;Equity;Financials Sector Equity;RV Sector Finanzas;EUR;España;6;3;1.7;1.5;12.16;19.29;21.74;12.06;2000-07-10;True;False;1;2026-08-28
LU1391767586;Fidelity Global Financial Svcs A-Acc-EUR;Fidelity Funds - Global Financial Services Fund A-Acc-EUR;FIL Investment Management (Luxembourg) S.à r.l.;Equity;Financials Sector Equity;RV Sector Finanzas;EUR;Luxemburgo;6;3;;1.5;9.62;11.63;18.49;10.13;2016-04-20;True;False;2500;2026-08-28
LU0114722498;Fidelity Global Financial Svcs A-Dis-EUR;Fidelity Funds - Global Financial Services Fund A-DIST-EUR;FIL Investment Management (Luxembourg) S.à r.l.;Equity;Financials Sector Equity;RV Sector Finanzas;EUR;Luxemburgo;6;3;;1.5;9.61;11.65;18.49;10.13;2000-09-01;True;False;;2026-08-28
LU0971096721;Fidelity Global Financial Svcs A-Dis-USD;Fidelity Funds - Global Financial Services Fund A-DIST-USD;FIL Investment Management (Luxembourg) S.à r.l.;Equity;Financials Sector Equity;RV Sector Finanzas;USD;Luxemburgo;6;3;;1.5;8.88;12.08;21.59;9.87;2013-10-16;True;False;2500;2026-08-28
IE00B52VLZ70;Polar Capital Global Ins R Acc EUR;Polar Capital Funds PLC - Polar Capital Global Insurance Fund R Acc EUR;Polar Capital LLP;Equity;Financials Sector Equity;RV Sector Finanzas;EUR;Irlanda;5;3;;1.25;8.98;12.84;12.5;12.07;2011-05-31;True;False;;2026-08-28
LU1079558364;Robeco New World Financials D $;Robeco Capital Growth Funds - Robeco New World Financials D $;Robeco Institutional Asset Management BV;Equity;Financials Sector Equity;RV Sector Finanzas;USD;Luxemburgo;6;3;1.71;1.5;4.11;8.08;20.57;7.38;2014-06-26;True;False;0;2026-08-28
LU0187077481;Robeco New World Financials D €;Robeco Capital Growth Funds - Robeco New World Financials D €;Robeco Institutional Asset Management BV;Equity;Financials Sector Equity;RV Sector Finanzas;EUR;Luxemburgo;6;3;1.71;1.5;4.99;8.15;17.48;7.58;1998-06-03;True;False;0;2026-08-28
IE00BZ18VS27;BNY Mellon Global Infras Inc EUR A Acc;BNY Mellon Global Infrastructure Income Fund EUR A Acc;BNY Mellon Fund Management (Lux) S.A.;Equity;Infrastructure Sector Equity;RV Sector Infraestructura;EUR;Irlanda;;;;1.85;13.52;19.32;;;2025-08-21;True;False;5000;2026-08-28
LU2162004548;DWS Invest ESG Next Gnrtn Infras LC;DWS Invest - DWS Invest ESG Next Generation Infrastructure LC;DWS Investment S.A.;Equity;Infrastructure Sector Equity;RV Sector Infraestructura;EUR;Luxemburgo;5;2;1.61;1.5;10;15.64;9.12;2.49;2020-05-15;True;False;0;2026-08-28
LU0329760770;DWS Invest Global Infras LC;DWS Invest Global Infrastructure LC;DWS Investment S.A.;Equity;Infrastructure Sector Equity;RV Sector Infraestructura;EUR;Luxemburgo;5;3;1.59;1.5;6.85;7;8.94;4.92;2008-01-14;True;False;0;2026-08-28
LU0329760853;DWS Invest Global Infras NC;DWS Invest Global Infrastructure NC;DWS Investment S.A.;Equity;Infrastructure Sector Equity;RV Sector Infraestructura;EUR;Luxemburgo;5;2;2.29;2;6.36;6.26;8.18;4.19;2008-01-14;True;False;0;2026-08-28
LU0329761661;DWS Invest Global Infras USD LC;DWS Invest Global Infrastructure USD LC;DWS Investment S.A.;Equity;Infrastructure Sector Equity;RV Sector Infraestructura;USD;Luxemburgo;5;3;1.59;1.5;5.86;7.49;11.71;4.71;2008-07-01;True;False;0;2026-08-28
IE0002J6K1G3;FTGF CB Glb Infras Inc AGEURAcc;FTGF ClearBridge Global Infrastructure Income Fund Class A (G) EUR Accumulating;Franklin Templeton International Services S.à r.l.;Equity;Infrastructure Sector Equity;RV Sector Infraestructura;EUR;Irlanda;;;1.71;1.25;;;;;2026-05-08;True;False;0;2026-08-28
IE00BD4GTQ32;FTGF CB Infras Val A EUR Acc;FTGF ClearBridge Infrastructure Value Fund Class A Euro Accumulating;Franklin Templeton International Services S.à r.l.;Equity;Infrastructure Sector Equity;RV Sector Infraestructura;EUR;Irlanda;6;4;1.97;1.5;9.26;12.25;10.52;7.28;2016-12-12;True;False;1000;2026-08-28
LU1665237704;M&G (Lux) Global Listed Infras A EUR Acc;M&G (Lux) Global Listed Infrastructure Fund EUR A Acc;M&G Luxembourg S.A.;Equity;Infrastructure Sector Equity;RV Sector Infraestructura;EUR;Luxemburgo;5;2;2.08;1.75;14.18;14.07;7.01;4.17;2017-10-05;True;False;1000;2026-08-28
LU1665237613;M&G (Lux) Global Listed Infras A EUR Inc;M&G (Lux) Global Listed Infrastructure Fund EUR A Inc;M&G Luxembourg S.A.;Equity;Infrastructure Sector Equity;RV Sector Infraestructura;EUR;Luxemburgo;5;2;2.08;1.75;14.19;14.08;7.02;4.17;2017-10-05;True;False;1000;2026-08-28
LU1665236995;M&G (Lux) Global Listed Infras A USD Acc;M&G (Lux) Global Listed Infrastructure Fund USD A Acc;M&G Luxembourg S.A.;Equity;Infrastructure Sector Equity;RV Sector Infraestructura;USD;Luxemburgo;6;2;2.08;1.75;13.14;14.67;9.71;3.96;2017-10-05;True;False;1000;2026-08-28
LU0384381660;MS INVF QuantActive Global Infra A;Morgan Stanley Investment Funds - QuantActive Global Infrastructure Fund A;MSIM Fund Management (Ireland) Limited;Equity;Infrastructure Sector Equity;RV Sector Infraestructura;USD;Luxemburgo;5;3;1.49;1.25;7.82;9.44;12.14;5.05;2010-06-14;True;False;0;2026-08-28
LU0617149793;Partners Group Listed Infras USD P Acc;Partners Group Listed Investments SICAV - Listed Infrastructure USD P Acc;Partners Group AG;Equity;Infrastructure Sector Equity;RV Sector Infraestructura;USD;Luxemburgo;6;2;2.26;1.95;9.11;7.23;9.14;3.03;2012-06-27;True;False;0;2026-08-28
LU1692116392;UBS Lux Infras Eq Fd P acc;UBS (Lux) Investment SICAV 2 - UBS (Lux) Infrastructure Equity Fund P acc;UBS Asset Management (Europe) S.A.;Equity;Infrastructure Sector Equity;RV Sector Infraestructura;USD;Luxemburgo;5;3;;1.92;8.97;10.1;11.95;4.38;2017-12-14;True;False;0;2026-08-28
IE000JMRXFF8;Wellington Endrng Infras Asts EUR D Ac;Wellington Enduring Infrastructure Assets Fund EUR D Ac;Wellington Luxembourg S.à r.l.;Equity;Infrastructure Sector Equity;RV Sector Infraestructura;EUR;Irlanda;5;4;1.7;0.7;12.65;17.64;15.26;8.24;2021-07-26;True;False;5000;2026-08-28
NO0013528356;DNB European Defence EU;DNB European Defence EU;DNB Asset Management AS;Equity;Industrials Sector Equity;RV Sector Materiales Insustriales;EUR;Noruega;6;;;1.7;12.79;10.99;;;2025-04-23;True;False;300;2026-08-28
NO0013684779;DNB European Defence S USD;DNB European Defence S USD;DNB Asset Management AS;Equity;Industrials Sector Equity;RV Sector Materiales Insustriales;USD;Noruega;6;;;1.7;12.07;;;;2025-10-28;True;False;300;2026-08-28
DE000DWS29E6;DWS Smart Industrial Technologies LC;DWS Smart Industrial Technologies LC;DWS Investment GmbH;Equity;Industrials Sector Equity;RV Sector Materiales Insustriales;EUR;Alemania;6;3;1.45;1.45;14.99;22.22;19.06;10.98;2020-10-01;True;False;0;2026-08-28
DE0005152482;DWS Smart Industrial Technologies LD;DWS Smart Industrial Technologies LD;DWS Investment GmbH;Equity;Industrials Sector Equity;RV Sector Materiales Insustriales;EUR;Alemania;6;4;1.45;1.45;14.99;22.21;19.05;10.98;2006-04-24;True;False;0;2026-08-28
LU2504555777;Fidelity Global Industrials A-Acc-EUR;Fidelity Funds - Global Industrials Fund A-Acc-EUR;FIL Investment Management (Luxembourg) S.à r.l.;Equity;Industrials Sector Equity;RV Sector Materiales Insustriales;EUR;Luxemburgo;5;3;;1.5;23.39;27.14;16.39;;2022-07-27;True;False;2500;2026-08-28
LU0114722902;Fidelity Global Industrials A-Dis-EUR;Fidelity Funds - Global Industrials Fund A-DIST-EUR;FIL Investment Management (Luxembourg) S.à r.l.;Equity;Industrials Sector Equity;RV Sector Materiales Insustriales;EUR;Luxemburgo;5;4;;1.5;23.4;27.2;16.39;14.79;2000-09-01;True;False;;2026-08-28
LU1822851884;Finserve Global Defence & Sec I EUR R;LUX MULTIMANAGER SICAV - Finserve Global Defence & Security Fund I EUR R;Finserve Nordic AB;Equity;Industrials Sector Equity;RV Sector Materiales Insustriales;EUR;Luxemburgo;6;;;1.6;5.48;9.6;;;2024-04-02;True;False;0;2026-08-28
LU2145463613;Robeco Smart Materials D EUR;Robeco Smart Materials D EUR;Robeco Institutional Asset Management BV;Equity;Industrials Sector Equity;RV Sector Materiales Insustriales;EUR;Luxemburgo;6;2;1.7;1.5;47.65;74.4;19.17;8.31;2020-10-29;True;False;0;2026-08-28
LU2145463704;Robeco Smart Materials D USD;Robeco Smart Materials D USD;Robeco Institutional Asset Management BV;Equity;Industrials Sector Equity;RV Sector Materiales Insustriales;USD;Luxemburgo;6;2;1.7;1.5;46.4;74.27;22.32;8.11;2020-10-29;True;False;1;2026-08-28
LU0055631609;BGF World Gold A2;BlackRock Global Funds - World Gold Fund A2;BlackRock (Luxembourg) SA;Equity;Precious Metals Sector Equity;RV Sector Oro y Metales preciosos;USD;Luxemburgo;7;3;2.06;1.75;18.39;75.57;54.92;25.74;1994-12-30;True;False;5000;2026-08-28
LU0171305526;BGF World Gold A2 EUR;BlackRock Global Funds - World Gold Fund A2 EUR;BlackRock (Luxembourg) SA;Equity;Precious Metals Sector Equity;RV Sector Oro y Metales preciosos;EUR;Luxemburgo;7;3;2.06;1.75;19.16;74.78;51.08;25.98;1994-12-30;True;False;;2026-08-28
LU0273159177;DWS Invest Gold and Prec Mtl Eqs LC;DWS Invest Gold and Precious Metals Equities LC;DWS Investment S.A.;Equity;Precious Metals Sector Equity;RV Sector Oro y Metales preciosos;EUR;Luxemburgo;7;4;1.61;1.5;20.96;71.67;55.06;27.63;2006-11-20;True;False;0;2026-08-28
LU0496367763;Franklin Gold and Prec Mtls A(acc)EUR;Franklin Gold and Precious Metals Fund A(acc)EUR;Franklin Templeton International Services S.à r.l.;Equity;Precious Metals Sector Equity;RV Sector Oro y Metales preciosos;EUR;Luxemburgo;7;3;1.8;1.5;21.14;84.88;59.43;27.54;2010-04-30;True;False;1000;2026-08-28
IE00BYVJR916;Jupiter Gold & Silver L EUR Acc;Jupiter Gold & Silver Fund L EUR Accumulation;Jupiter Asset Management (Europe) Limited;Equity;Precious Metals Sector Equity;RV Sector Oro y Metales preciosos;EUR;Irlanda;7;3;1.62;1.5;10.22;70.58;53.9;26.48;2016-07-07;True;False;500;2026-08-28
LU0345780281;Ninety One GSF Glb Gold A Acc USD;Ninety One Global Strategy Fund - Global Gold Fund A Acc USD;Ninety One Luxembourg S.A.;Equity;Precious Metals Sector Equity;RV Sector Oro y Metales preciosos;USD;Luxemburgo;7;3;;1.5;18.83;85.26;58.36;29.48;2007-11-30;True;False;3000;2026-08-28
LU0604766674;Allianz Global Metals and Mining AT EUR;Allianz Global Investors Fund - Allianz Global Metals and Mining AT EUR;Allianz Global Investors GmbH;Equity;Natural Resources Sector Equity;RV Sector Recursos Naturales;EUR;Luxemburgo;6;3;1.8;1.8;28.96;71.72;26.19;16.27;2011-04-12;True;False;0;2026-08-28
LU0408222593;BGF Wld Mining Class A4;BlackRock Global Funds - World Mining Fund A4;BlackRock (Luxembourg) SA;Equity;Natural Resources Sector Equity;RV Sector Recursos Naturales;EUR;Luxemburgo;7;4;2.06;1.75;28.32;70.03;24.56;14.96;2009-01-17;True;False;;2026-08-28
LU0075056555;BGF World Mining A2;BlackRock Global Funds - World Mining Fund A2;BlackRock (Luxembourg) SA;Equity;Natural Resources Sector Equity;RV Sector Recursos Naturales;USD;Luxemburgo;7;4;2.06;1.75;27.49;70.8;27.73;14.73;1997-03-24;True;False;5000;2026-08-28
LU0172157280;BGF World Mining A2 EUR;BlackRock Global Funds - World Mining Fund A2 EUR;BlackRock (Luxembourg) SA;Equity;Natural Resources Sector Equity;RV Sector Recursos Naturales;EUR;Luxemburgo;7;4;2.06;1.75;28.32;70.03;24.56;14.96;1997-03-24;True;False;;2026-08-28
LU0208853274;JPM Global Natural Resources A acc EUR;JPMorgan Funds - Global Natural Resources Fund A (acc) EUR;JPMorgan Asset Management (Europe) S.à r.l.;Equity;Natural Resources Sector Equity;RV Sector Recursos Naturales;EUR;Luxemburgo;6;4;1.75;1.5;31.35;56.35;21.52;18.62;2004-12-21;True;False;35000;2026-08-28
LU0266512127;JPM Global Natural Resources A acc USD;JPMorgan Funds - Global Natural Resources Fund A (acc) USD;JPMorgan Asset Management (Europe) S.à r.l.;Equity;Natural Resources Sector Equity;RV Sector Recursos Naturales;USD;Luxemburgo;6;4;1.75;1.5;30.47;57.08;24.59;18.38;2006-09-12;True;False;35000;2026-08-28
LU0208853944;JPM Global Natural Resources D acc EUR;JPMorgan Funds - Global Natural Resources Fund D (acc) EUR;JPMorgan Asset Management (Europe) S.à r.l.;Equity;Natural Resources Sector Equity;RV Sector Recursos Naturales;EUR;Luxemburgo;6;4;2.75;1.5;30.4;54.72;20.29;17.42;2005-12-05;True;False;5000;2026-08-28
LU0266512630;JPM Global Natural Resources D acc USD;JPMorgan Funds - Global Natural Resources Fund D (acc) USD;JPMorgan Asset Management (Europe) S.à r.l.;Equity;Natural Resources Sector Equity;RV Sector Recursos Naturales;USD;Luxemburgo;6;4;2.8;1.5;29.59;55.4;23.28;17.14;2007-06-08;True;False;5000;2026-08-28
LU2358792120;Ninety One GSF Glb Ntrl Res A Acc EUR;Ninety One Global Strategy Fund - Global Natural Resources Fund A Acc EUR;Ninety One Luxembourg S.A.;Equity;Natural Resources Sector Equity;RV Sector Recursos Naturales;EUR;Luxemburgo;6;5;;1.5;25.49;49.22;20.15;19.2;2021-07-22;True;False;;2026-08-28
LU0345780950;Ninety One GSF Glb Ntrl Res A Acc USD;Ninety One Global Strategy Fund - Global Natural Resources Fund A Acc USD;Ninety One Luxembourg S.A.;Equity;Natural Resources Sector Equity;RV Sector Recursos Naturales;USD;Luxemburgo;6;5;;1.5;24.6;49.42;23.25;19.02;2008-01-31;True;False;3000;2026-08-28
LU0340559557;Pictet-Timber P EUR;Pictet-Timber P EUR;Pictet Asset Management (Europe) SA;Equity;Natural Resources Sector Equity;RV Sector Recursos Naturales;EUR;Luxemburgo;6;2;2;2.4;0.18;-8.27;-3.59;-2.96;2008-09-29;True;False;0;2026-08-28
LU0340557775;Pictet-Timber P USD;Pictet-Timber P USD;Pictet Asset Management (Europe) SA;Equity;Natural Resources Sector Equity;RV Sector Recursos Naturales;USD;Luxemburgo;6;2;2;2.4;-0.45;-7.85;-1.14;-3.16;2008-09-29;True;False;0;2026-08-28
LU0340558237;Pictet-Timber P dy USD;Pictet-Timber P dy USD;Pictet Asset Management (Europe) SA;Equity;Natural Resources Sector Equity;RV Sector Recursos Naturales;USD;Luxemburgo;6;2;2;2.4;-0.46;-7.85;-1.14;-3.16;2008-09-29;True;False;0;2026-08-28
LU0340559805;Pictet-Timber R EUR;Pictet-Timber R EUR;Pictet Asset Management (Europe) SA;Equity;Natural Resources Sector Equity;RV Sector Recursos Naturales;EUR;Luxemburgo;6;2;2.7;2.9;-0.28;-8.91;-4.27;-3.64;2008-09-29;True;False;0;2026-08-28
LU0505663822;abrdn-Future Minerals A Acc EUR;abrdn SICAV I - Future Minerals Fund A Acc EUR;abrdn Investments Luxembourg S.A.;Equity;Natural Resources Sector Equity;RV Sector Recursos Naturales;EUR;Luxemburgo;6;4;;1.5;28.63;57.69;18.63;12.78;2010-07-26;True;False;1000;2026-08-28
LU0505663152;abrdn-Future Minerals A Acc USD;abrdn SICAV I - Future Minerals Fund A Acc USD;abrdn Investments Luxembourg S.A.;Equity;Natural Resources Sector Equity;RV Sector Recursos Naturales;USD;Luxemburgo;6;4;;1.5;27.46;58.54;21.62;12.56;2010-07-26;True;False;500;2026-08-28
LU0251853072;AB Intl Health Care A EUR Acc;AB SICAV I - International Health Care Portfolio Class A EUR Acc;AllianceBernstein (Luxembourg) S.à r.l.;Equity;Healthcare Sector Equity;RV Sector Salud;EUR;Luxemburgo;6;4;1.95;1.8;9.62;21.35;4.2;3.74;1999-01-04;True;False;750;2026-08-28
LU0058720904;AB Intl Health Care A USD;AB SICAV I - International Health Care Portfolio A Acc;AllianceBernstein (Luxembourg) S.à r.l.;Equity;Healthcare Sector Equity;RV Sector Salud;USD;Luxemburgo;6;4;1.94;1.8;8.7;21.49;6.87;3.56;1995-07-05;True;False;2000;2026-08-28
LU0122379950;BGF World Healthscience A2;BlackRock Global Funds - World Healthscience Fund A2;BlackRock (Luxembourg) SA;Equity;Healthcare Sector Equity;RV Sector Salud;USD;Luxemburgo;5;4;1.81;1.5;7.24;19.26;8.07;4.07;2001-04-06;True;False;5000;2026-08-28
LU0171307068;BGF World Healthscience A2 EUR;BlackRock Global Funds - World Healthscience Fund A2 EUR;BlackRock (Luxembourg) SA;Equity;Healthcare Sector Equity;RV Sector Salud;EUR;Luxemburgo;5;4;1.81;1.5;7.91;18.71;5.39;4.28;2001-04-06;True;False;;2026-08-28
LU0823416762;BNP Paribas Health Cr Innovtr Cl Cap;BNP Paribas Funds Health Care Innovators Classic Capitalisation;BNP Paribas Asset Management Luxembourg;Equity;Healthcare Sector Equity;RV Sector Salud;EUR;Luxemburgo;6;4;;1.5;5.88;21.97;7.32;5.14;2013-05-17;True;False;0;2026-08-28
LU0823416689;BNP Paribas Health Cr Innovtr Cl USD Cap;BNP Paribas Funds Health Care Innovators Classic USD Capitalisation;BNP Paribas Asset Management Luxembourg;Equity;Healthcare Sector Equity;RV Sector Salud;USD;Luxemburgo;6;4;;1.5;4.99;21.88;10.15;4.95;2013-05-17;True;False;0;2026-08-28
ES0156741003;Bankinter Indice Salud A FI;Bankinter Indice Salud A FI;Bankinter Gestión de Activos SGIIC;Equity;Healthcare Sector Equity;RV Sector Salud;EUR;España;6;4;0;0.5;9.01;21.43;4.91;3.78;2020-11-20;True;False;50000;2026-08-28
ES0156741029;Bankinter Indice Salud R FI;Bankinter Indice Salud R FI;Bankinter Gestión de Activos SGIIC;Equity;Healthcare Sector Equity;RV Sector Salud;EUR;España;6;3;1.01;0.7;8.87;21.19;4.7;3.57;2020-11-20;True;False;10;2026-08-28
LU1811048138;Bellevue Digital Health B EUR;Bellevue Funds (Lux) - Bellevue Digital Health B EUR;Bellevue Asset Management Ltd.;Equity;Healthcare Sector Equity;RV Sector Salud;EUR;Luxemburgo;7;1;2.16;1.6;2.94;3.94;1.64;-7.77;2018-04-30;True;False;0;2026-08-28
LU0415391431;Bellevue Medtech & Services B EUR;Bellevue Funds (Lux) - Bellevue Medtech & Services B EUR;Bellevue Asset Management Ltd.;Equity;Healthcare Sector Equity;RV Sector Salud;EUR;Luxemburgo;6;3;2.15;1.6;-9.67;-10.61;-1.05;-2.18;2009-09-30;True;False;0;2026-08-28
LU0453818899;Bellevue Medtech & Services B USD;Bellevue Funds (Lux) - Bellevue Medtech & Services B USD;Bellevue Asset Management Ltd.;Equity;Healthcare Sector Equity;RV Sector Salud;USD;Luxemburgo;6;3;2.15;1.6;-10.43;-10.68;1.56;-2.36;2009-09-30;True;False;0;2026-08-28
LU1864484214;Candriam Equities L Oncology C EUR Cap;Candriam Equities L Oncology Fund Class C EUR Cap;Candriam;Equity;Healthcare Sector Equity;RV Sector Salud;EUR;Luxemburgo;6;4;;1.6;14.93;39.13;9.75;4.15;2019-04-26;True;False;0;2026-08-28
LU1864481467;Candriam Equities L Oncology C USD Cap;Candriam Equities L Oncology Fund Class C USD Cap;Candriam;Equity;Healthcare Sector Equity;RV Sector Salud;USD;Luxemburgo;6;4;;1.6;13.96;39.02;12.64;3.95;2018-11-15;True;False;0;2026-08-28
LU0261952419;Fidelity Global Healthcare A-Acc-EUR;Fidelity Funds - Global Healthcare Fund A-Acc-EUR;FIL Investment Management (Luxembourg) S.à r.l.;Equity;Healthcare Sector Equity;RV Sector Salud;EUR;Luxemburgo;5;2;;1.5;-0.32;5.56;-0.51;-0.82;2006-09-25;True;False;2500;2026-08-28
LU0882574055;Fidelity Global Healthcare A-Acc-USD;Fidelity Funds - Global Healthcare Fund A-Acc-USD;FIL Investment Management (Luxembourg) S.à r.l.;Equity;Healthcare Sector Equity;RV Sector Salud;USD;Luxemburgo;5;2;;1.5;-1.03;5.94;2.08;-1.06;2013-03-27;True;False;2500;2026-08-28
LU0114720955;Fidelity Global Healthcare A-Dis-EUR;Fidelity Funds - Global Healthcare Fund A-DIST-EUR;FIL Investment Management (Luxembourg) S.à r.l.;Equity;Healthcare Sector Equity;RV Sector Salud;EUR;Luxemburgo;5;2;;1.5;-0.32;5.56;-0.51;-0.81;2000-09-01;True;False;;2026-08-28
LU0880062913;JPM Global Healthcare A acc EUR;JPMorgan Funds - Global Healthcare Fund A (acc) EUR;JPMorgan Asset Management (Europe) S.à r.l.;Equity;Healthcare Sector Equity;RV Sector Salud;EUR;Luxemburgo;5;3;1.7;1.5;8.12;20.71;4.57;2.56;2013-02-01;True;False;35000;2026-08-28
LU0432979614;JPM Global Healthcare A acc USD;JPMorgan Funds - Global Healthcare Fund A (acc) USD;JPMorgan Asset Management (Europe) S.à r.l.;Equity;Healthcare Sector Equity;RV Sector Salud;USD;Luxemburgo;5;4;1.7;1.5;7.43;21.26;7.23;2.37;2009-10-02;True;False;35000;2026-08-28
LU0432979374;JPM Global Healthcare A dist USD;JPMorgan Funds - Global Healthcare Fund A (dist) USD;JPMorgan Asset Management (Europe) S.à r.l.;Equity;Healthcare Sector Equity;RV Sector Salud;USD;Luxemburgo;5;4;1.7;1.5;7.43;21.26;7.23;2.37;2009-10-02;True;False;35000;2026-08-28
LU1021349151;JPM Global Healthcare D acc EUR;JPMorgan Funds - Global Healthcare Fund D (acc) EUR;JPMorgan Asset Management (Europe) S.à r.l.;Equity;Healthcare Sector Equity;RV Sector Salud;EUR;Luxemburgo;5;3;2.71;1.5;7.41;19.51;3.52;1.53;2014-02-06;True;False;5000;2026-08-28
LU0432979960;JPM Global Healthcare D acc USD;JPMorgan Funds - Global Healthcare Fund D (acc) USD;JPMorgan Asset Management (Europe) S.à r.l.;Equity;Healthcare Sector Equity;RV Sector Salud;USD;Luxemburgo;5;3;2.71;1.5;6.72;20.04;6.15;1.34;2009-10-02;True;False;5000;2026-08-28
IE00BMXMV145;Janus Henderson Glb Life Scn A2 EUR;Janus Henderson Capital Funds plc - Global Life Sciences Fund Class A2 EUR;Janus Henderson Investors;Equity;Healthcare Sector Equity;RV Sector Salud;EUR;Irlanda;6;5;2.41;1.5;13.34;36.1;10.57;7.25;2021-03-30;True;False;2500;2026-08-28
IE0009355771;Janus Henderson Glb Life Scn A2 USD;Janus Henderson Capital Funds plc - Global Life Sciences Fund Class A2 USD;Janus Henderson Investors;Equity;Healthcare Sector Equity;RV Sector Salud;USD;Irlanda;6;5;2.41;1.5;12.37;36.26;13.38;6.97;2000-03-31;True;False;2500;2026-08-28
LU0255978776;Pictet-Longevity P EUR;Pictet-Longevity P EUR;Pictet Asset Management (Europe) SA;Equity;Healthcare Sector Equity;RV Sector Salud;EUR;Luxemburgo;5;1;2;2.4;-5.77;-5.32;-2.11;-3.5;2006-06-14;True;False;0;2026-08-28
LU0188501257;Pictet-Longevity PUSD;Pictet-Longevity PUSD;Pictet Asset Management (Europe) SA;Equity;Healthcare Sector Equity;RV Sector Salud;USD;Luxemburgo;6;1;2;2.4;-6.37;-4.89;0.38;-3.7;2004-06-30;True;False;0;2026-08-28
IE00B3NLTK32;Polar Capital Healthcare Opports R Inc;Polar Capital Funds PLC - Polar Capital Healthcare Opportunities Fund R Inc;Polar Capital LLP;Equity;Healthcare Sector Equity;RV Sector Salud;USD;Irlanda;6;5;;1.5;11.92;26.4;15.33;7.4;2009-04-01;True;False;0;2026-08-28
IE00B3NLSS43;Polar Capital Healthcare Opports R Inc EUR;Polar Capital Funds PLC - Polar Capital Healthcare Opportunities Fund R Inc EUR;Polar Capital LLP;Equity;Healthcare Sector Equity;RV Sector Salud;EUR;Irlanda;6;5;;1.5;12.88;26.48;12.37;7.6;2009-04-01;True;False;;2026-08-28
LU1683285164;UBS Lux Dgtl Hlth Eq Fd P acc;UBS (Lux) Investment SICAV 2 - UBS (Lux) Digital Health Equity Fund P acc;UBS Asset Management (Europe) S.A.;Equity;Healthcare Sector Equity;RV Sector Salud;USD;Luxemburgo;7;1;;1.92;8.09;14.05;5.56;-8.19;2017-12-14;True;False;0;2026-08-28
LU0329630130;Variopartner MIV Global Medtech P2 EUR;Variopartner SICAV - MIV Global Medtech Fund P2 EUR Cap;MIV Asset Management AG;Equity;Healthcare Sector Equity;RV Sector Salud;EUR;Luxemburgo;6;2;1.6;1.5;-12.77;-13.65;-1.35;-4.66;2010-01-13;True;False;0;2026-08-28
LU0969575561;Variopartner MIV Global Medtech P3 USD;Variopartner SICAV - MIV Global Medtech Fund P3 USD Cap;MIV Asset Management AG;Equity;Healthcare Sector Equity;RV Sector Salud;USD;Luxemburgo;6;2;1.6;1.5;-13.5;-13.71;1.26;-4.83;2013-10-21;True;False;0;2026-08-28
LU1536921650;AXAWF Robotech A Cap EUR;AXA World Funds - Robotech A Capitalisation EUR;BNP PARIBAS ASSET MANAGEMENT Europe;Equity;Technology Sector Equity;RV Sector Tecnología;EUR;Luxemburgo;6;2;1.74;1.5;17.18;20.42;13.69;4.41;2017-02-01;True;False;0;2026-08-28
LU1529780063;AXAWF Robotech A Cap USD;AXA World Funds - Robotech A Capitalisation USD;BNP PARIBAS ASSET MANAGEMENT Europe;Equity;Technology Sector Equity;RV Sector Tecnología;USD;Luxemburgo;6;2;1.74;1.5;16.2;20.97;16.69;4.16;2017-02-01;True;False;0;2026-08-28
LU2286300988;Allianz Cyber Security AT EUR Acc;Allianz Global Investors Fund - Allianz Cyber Security AT EUR Acc;Allianz Global Investors GmbH;Equity;Technology Sector Equity;RV Sector Tecnología;EUR;Luxemburgo;7;3;2.05;2.35;29.03;28.04;25.02;7.74;2021-02-09;True;False;0;2026-08-28
LU2286300806;Allianz Cyber Security AT USD Acc;Allianz Global Investors Fund - Allianz Cyber Security AT USD Acc;Allianz Global Investors GmbH;Equity;Technology Sector Equity;RV Sector Tecnología;USD;Luxemburgo;7;3;2.05;2.35;28.04;28.59;28.26;7.66;2021-02-09;True;False;0;2026-08-28
LU1548497699;Allianz Global Artfcl Intlgc AT EUR;Allianz Global Investors Fund - Allianz Global Artificial Intelligence AT EUR;Allianz Global Investors GmbH;Equity;Technology Sector Equity;RV Sector Tecnología;EUR;Luxemburgo;7;2;2.05;2.05;18.23;29.22;19.04;4.83;2017-05-02;True;False;0;2026-08-28
LU1548497426;Allianz Global Artfcl Intlgc AT USD;Allianz Global Investors Fund - Allianz Global Artificial Intelligence AT USD;Allianz Global Investors GmbH;Equity;Technology Sector Equity;RV Sector Tecnología;USD;Luxemburgo;7;2;2.05;2.05;17.34;29.89;22.14;4.64;2017-03-31;True;False;0;2026-08-28
LU1861215975;BGF Next Generation Technology A2;BlackRock Global Funds - Next Generation Technology Fund A2;BlackRock (Luxembourg) SA;Equity;Technology Sector Equity;RV Sector Tecnología;USD;Luxemburgo;6;2;1.81;1.5;36.63;54.58;32.16;5.39;2018-09-04;True;False;5000;2026-08-28
LU1917164938;BGF Next Generation Technology E2;BlackRock Global Funds - Next Generation Technology Fund E2;BlackRock (Luxembourg) SA;Equity;Technology Sector Equity;RV Sector Tecnología;EUR;Luxemburgo;7;2;2.31;1.5;37.09;53.1;28.22;5.08;2018-12-12;True;False;5000;2026-08-28
LU0056508442;BGF World Technology A2;BlackRock Global Funds - World Technology Fund A2;BlackRock (Luxembourg) SA;Equity;Technology Sector Equity;RV Sector Tecnología;USD;Luxemburgo;6;4;1.81;1.5;30.17;39.69;32.63;11.19;1995-03-03;True;False;5000;2026-08-28
LU0171310443;BGF World Technology A2 EUR;BlackRock Global Funds - World Technology Fund A2 EUR;BlackRock (Luxembourg) SA;Equity;Technology Sector Equity;RV Sector Tecnología;EUR;Luxemburgo;6;4;1.81;1.5;31;39.07;29.33;11.41;1995-03-03;True;False;;2026-08-28
LU0171311680;BGF World Technology A2 GBP;BlackRock Global Funds - World Technology Fund A2 GBP;BlackRock (Luxembourg) SA;Equity;Technology Sector Equity;RV Sector Tecnología;GBP;Luxemburgo;6;4;1.81;1.5;28.62;38.23;29.34;11.45;1995-03-03;True;False;;2026-08-28
LU0823421689;BNP Paribas Disrpt Tech Cl C;BNP Paribas Funds Disruptive Technology Classic Capitalisation;BNP Paribas Asset Management Luxembourg;Equity;Technology Sector Equity;RV Sector Tecnología;EUR;Luxemburgo;6;4;;1.5;25.92;38.98;24.69;13.98;2013-05-17;True;False;0;2026-08-28
IE00BZ199G90;BNY Mellon Mobility Innovation EUR A Acc;BNY Mellon Mobility Innovation Fund EUR A Acc;BNY Mellon Fund Management (Lux) S.A.;Equity;Technology Sector Equity;RV Sector Tecnología;EUR;Irlanda;6;2;;1.85;16.05;24.44;15.07;4.77;2018-10-05;True;False;5000;2026-08-28
IE00BZ199J22;BNY Mellon Mobility Innovation USD A Acc;BNY Mellon Mobility Innovation Fund USD A Acc;BNY Mellon Fund Management (Lux) S.A.;Equity;Technology Sector Equity;RV Sector Tecnología;USD;Irlanda;6;2;;1.85;15.09;24.6;18.06;4.62;2018-08-01;True;False;5000;2026-08-28
ES0114105036;Bankinter EE.UU. Nasdaq 100 R FI;Bankinter EE.UU. Nasdaq 100 R FI;Bankinter Gestión de Activos SGIIC;Equity;Technology Sector Equity;RV Sector Tecnología;EUR;España;6;3;1.26;1.15;12.13;19.61;20.85;10.05;2001-03-07;True;True;1;2026-08-28
ES0114797030;Bankinter Tecnología R FI;BankinterTecnología R FI;Bankinter Gestión de Activos SGIIC;Equity;Technology Sector Equity;RV Sector Tecnología;EUR;España;6;3;1.54;1.4;19.09;27.28;21.78;13.19;1999-06-25;True;False;1;2026-08-28
LU2092176515;BlueBox Funds Global Technology C € Acc;BlueBox Funds - BlueBox Global Technology Fund Class C EUR Acc;BlueBox Asset Management UK Ltd;Equity;Technology Sector Equity;RV Sector Tecnología;EUR;Luxemburgo;7;3;2.48;2.2;25.33;35.7;24.77;13.39;2021-04-21;True;False;;2026-08-28
LU0444971666;CT (Lux) Global Tech AU USD;CT (Lux) - Global Technology Class AU (USD Accumulation Shares);Threadneedle Management Luxembourg S.A.;Equity;Technology Sector Equity;RV Sector Tecnología;USD;Luxemburgo;6;5;1.95;1.65;48.91;74.62;41.34;22.11;2010-03-12;True;False;2500;2026-08-28
LU1502282632;Candriam Eqs L Rbtc&Innov Tech C EUR Cap;Candriam Equities L Robotics & Innovative Technology Class C EUR Cap;Candriam;Equity;Technology Sector Equity;RV Sector Tecnología;EUR;Luxemburgo;6;3;1.95;1.6;34.38;48.67;24.75;12.46;2017-06-06;True;False;0;2026-08-28
LU2809794220;Carmignac Pf Tech Solutions A EUR Acc;Carmignac Portfolio Tech Solutions A EUR Acc;Carmignac Gestion Luxembourg S.A.;Equity;Technology Sector Equity;RV Sector Tecnología;EUR;Luxemburgo;6;;1.79;2;38.06;60.58;;;2024-06-21;True;False;0;2026-08-28
LU0302296495;DNB Fund Technology A EUR Acc;DNB Fund - Technology A EUR (Acc);DNB Asset Management AS;Equity;Technology Sector Equity;RV Sector Tecnología;EUR;Luxemburgo;6;4;1.55;1.5;21.92;37.88;30.01;18.06;2007-08-16;True;False;0;2026-08-28
LU1047850349;DNB Fund Technology A USD Acc;DNB Fund - Technology A USD (Acc);DNB Asset Management AS;Equity;Technology Sector Equity;RV Sector Tecnología;USD;Luxemburgo;6;4;1.56;1.5;20.89;37.77;33.44;17.84;2015-08-10;True;False;0;2026-08-28
DE0008474149;DWS Artificial Intelligence ND;DWS Artificial Intelligence ND;DWS Investment GmbH;Equity;Technology Sector Equity;RV Sector Tecnología;EUR;Alemania;6;3;1.77;1.7;19.41;22.96;21.97;10.91;1983-10-14;True;False;0;2026-08-28
LU1863263346;DWS Invest Artificial Intllgnc LC;DWS Invest Artificial Intelligence LC;DWS Investment S.A.;Equity;Technology Sector Equity;RV Sector Tecnología;EUR;Luxemburgo;6;3;1.6;1.5;20.29;24.32;23.55;11.52;2018-10-01;True;False;0;2026-08-28
LU1885668399;DWS Invest Artificial Intllgnc USD LC;DWS Invest Artificial Intelligence USD LC;DWS Investment S.A.;Equity;Technology Sector Equity;RV Sector Tecnología;USD;Luxemburgo;6;3;1.6;1.5;19.17;24.88;26.7;11.3;2019-04-04;True;False;0;2026-08-28
LU1819480192;Echiquier Artificial Intelligence B EUR;Echiquier Artificial Intelligence B EUR;La Financière de l'Echiquier;Equity;Technology Sector Equity;RV Sector Tecnología;EUR;Luxemburgo;7;2;;1.64;20.81;31.17;29.46;5.5;2018-06-20;True;False;0;2026-08-28
LU2466448532;Echiquier Space B;Echiquier Space B;La Financière de l'Echiquier;Equity;Technology Sector Equity;RV Sector Tecnología;EUR;Luxemburgo;5;3;;1.65;10.31;16.95;33;10.86;2022-12-12;True;False;0;2026-08-28
LU2466448706;Echiquier Space B USD;Echiquier Space B USD;La Financière de l'Echiquier;Equity;Technology Sector Equity;RV Sector Tecnología;USD;Luxemburgo;5;;;1.65;;;;;2022-07-01;True;False;0;2026-08-28
LU1244893696;EdRF Big Data A EUR;Edmond de Rothschild Fund - Big Data A-EUR accumulating;Edmond de Rothschild Asset Management (France);Equity;Technology Sector Equity;RV Sector Tecnología;EUR;Luxemburgo;5;3;2.08;1.6;19.91;24.65;16.36;11.35;2015-08-31;True;False;1;2026-08-28
LU1244893779;EdRF Big Data A USD;Edmond de Rothschild Fund - Big Data A USD;Edmond de Rothschild Asset Management (France);Equity;Technology Sector Equity;RV Sector Tecnología;USD;Luxemburgo;5;3;2.08;1.6;18.97;24.64;19.47;11.17;2015-08-31;True;False;0;2026-08-28
LU1244895394;EdRF Big Data R EUR;Edmond de Rothschild Fund - Big Data R EUR;Edmond de Rothschild Asset Management (France);Equity;Technology Sector Equity;RV Sector Tecnología;EUR;Luxemburgo;5;3;2.57;2.1;19.66;24.17;15.85;10.88;2015-09-23;True;False;1;2026-08-28
LU1213836080;Fidelity Global Technology A-Acc-EUR;Fidelity Funds - Global Technology Fund A-Acc-EUR;FIL Investment Management (Luxembourg) S.à r.l.;Equity;Technology Sector Equity;RV Sector Tecnología;EUR;Luxemburgo;6;4;;1.5;17.28;26.4;22.43;14.01;2015-04-16;True;False;2500;2026-08-28
LU1046421795;Fidelity Global Technology A-Acc-USD;Fidelity Funds - Global Technology Fund A-Acc-USD;FIL Investment Management (Luxembourg) S.à r.l.;Equity;Technology Sector Equity;RV Sector Tecnología;USD;Luxemburgo;6;4;;1.5;16.47;26.84;25.63;13.73;2014-04-09;True;False;2500;2026-08-28
LU0099574567;Fidelity Global Technology A-Dis-EUR;Fidelity Funds - Global Technology Fund A-DIST-EUR;FIL Investment Management (Luxembourg) S.à r.l.;Equity;Technology Sector Equity;RV Sector Tecnología;EUR;Luxemburgo;6;4;;1.5;17.28;26.39;22.44;14;1999-09-01;True;False;;2026-08-28
LU0260870158;Franklin Technology A Acc EUR;Franklin Technology Fund A (Acc) EUR;Franklin Templeton International Services S.à r.l.;Equity;Technology Sector Equity;RV Sector Tecnología;EUR;Luxemburgo;7;3;1.8;1.5;26.43;31.85;25.93;10.24;2006-09-01;True;False;;2026-08-28
LU0109392836;Franklin Technology A Acc USD;Franklin Technology Fund A (Acc) USD;Franklin Templeton International Services S.à r.l.;Equity;Technology Sector Equity;RV Sector Tecnología;USD;Luxemburgo;7;3;1.8;1.5;25.32;31.99;29.15;9.97;2000-04-03;True;False;1000;2026-08-28
LU2484078832;Invesco Artificial Intllgnc A Acc EUR;Invesco Funds - Invesco Artificial Intelligence Fund A Acc EUR;Invesco Management S.A.;Equity;Technology Sector Equity;RV Sector Tecnología;EUR;Luxemburgo;6;3;;1.5;18.83;27.27;25.28;;2022-08-08;True;False;1000;2026-08-28
LU0210532015;JPM Europe Dynamic Techs A acc EUR;JPMorgan Funds - Europe Dynamic Technologies Fund A (acc) EUR;JPMorgan Asset Management (Europe) S.à r.l.;Equity;Technology Sector Equity;RV Sector Tecnología;EUR;Luxemburgo;6;2;1.74;1.5;21.7;28.06;12.5;2.2;2005-03-31;True;False;35000;2026-08-28
LU0104030142;JPM Europe Dynamic Techs A dist EUR;JPMorgan Funds - Europe Dynamic Technologies Fund A (dist) EUR;JPMorgan Asset Management (Europe) S.à r.l.;Equity;Technology Sector Equity;RV Sector Tecnología;EUR;Luxemburgo;6;2;1.75;1.5;21.68;28.04;12.47;2.19;1999-11-08;True;False;35000;2026-08-28
LU0117884675;JPM Europe Dynamic Techs D acc EUR;JPMorgan Funds - Europe Dynamic Technologies Fund D (acc) EUR;JPMorgan Asset Management (Europe) S.à r.l.;Equity;Technology Sector Equity;RV Sector Tecnología;EUR;Luxemburgo;6;2;2.75;1.5;20.86;26.76;11.34;1.17;2000-10-13;True;False;5000;2026-08-28
LU0159052710;JPM US Technology A acc EUR;JPMorgan Funds - US Technology Fund A (acc) - EUR;JPMorgan Asset Management (Europe) S.à r.l.;Equity;Technology Sector Equity;RV Sector Tecnología;EUR;Luxemburgo;7;3;1.68;1.5;12.17;18.54;21.9;9.8;2010-06-11;True;False;35000;2026-08-28
LU0210536867;JPM US Technology A acc USD;JPMorgan Funds - US Technology Fund A (acc) - USD;JPMorgan Asset Management (Europe) S.à r.l.;Equity;Technology Sector Equity;RV Sector Tecnología;USD;Luxemburgo;7;3;1.71;1.5;11.43;19.04;24.97;9.56;2005-03-31;True;False;35000;2026-08-28
LU0082616367;JPM US Technology A dist USD;JPMorgan Funds - US Technology Fund A (dist) - USD;JPMorgan Asset Management (Europe) S.à r.l.;Equity;Technology Sector Equity;RV Sector Tecnología;USD;Luxemburgo;7;3;;1.5;11.42;19.04;24.97;9.56;1997-12-05;True;False;35000;2026-08-28
LU0159053015;JPM US Technology D acc EUR;JPMorgan Funds - US Technology Fund D (acc) - EUR;JPMorgan Asset Management (Europe) S.à r.l.;Equity;Technology Sector Equity;RV Sector Tecnología;EUR;Luxemburgo;7;3;2.69;1.5;11.43;17.36;20.68;8.7;2009-12-11;True;False;5000;2026-08-28
LU0117885052;JPM US Technology D acc USD;JPMorgan Funds - US Technology Fund D (acc) - USD;JPMorgan Asset Management (Europe) S.à r.l.;Equity;Technology Sector Equity;RV Sector Tecnología;USD;Luxemburgo;7;3;2.69;1.5;10.67;17.82;23.75;8.48;2000-10-13;True;False;5000;2026-08-28
IE0009356076;Janus Henderson Glb Tech&Inno A2 USD;Janus Henderson Capital Funds plc - Global Technology and Innovation Fund A2 USD;Janus Henderson Investors;Equity;Technology Sector Equity;RV Sector Tecnología;USD;Irlanda;6;4;2.43;1.5;27.77;34.65;32.01;13.31;2000-03-31;True;False;2500;2026-08-28
LU0572952280;Janus Henderson Hrzn GlbTechLdrs A2EUR;Janus Henderson Horizon Global Technology Leaders Fund A2 EUR;Janus Henderson Investors;Equity;Technology Sector Equity;RV Sector Tecnología;EUR;Luxemburgo;6;4;1.87;1.2;25.5;34.03;29.12;15.5;2007-10-19;True;False;2500;2026-08-28
LU0572952017;Janus Henderson Hrzn GlbTechLdrs A2GBP;Janus Henderson Horizon Global Technology Leaders Fund A2 GBP;Janus Henderson Investors;Equity;Technology Sector Equity;RV Sector Tecnología;GBP;Luxemburgo;6;4;1.87;1.2;23.23;33.22;29.13;15.54;2006-01-03;True;False;1500;2026-08-28
LU0070992663;Janus Henderson Hrzn GlbTechLdrs A2USD;Janus Henderson Horizon Global Technology Leaders Fund A2 USD;Janus Henderson Investors;Equity;Technology Sector Equity;RV Sector Tecnología;USD;Luxemburgo;6;4;1.87;1.2;24.7;34.64;32.41;15.26;1996-10-15;True;False;2500;2026-08-28
IE00018YKVN0;Neuberger Nex GenSpcEcyEURAAccUnH;Neuberger Next Generation Space Economy Fund EUR A Accumulating Class - Unhedged;Neuberger Berman Asset Management Ireland Limited;Equity;Technology Sector Equity;RV Sector Tecnología;EUR;Irlanda;6;;1.85;0.85;10.42;20.07;;;2024-10-30;True;False;1000000;2026-08-28
IE00BMD7ZB71;Neuberger Next Gen Cnnctvity EUR A Acc;Neuberger Next Generation Connectivity Fund EUR A Accumulating Class - Unhedged;Neuberger Berman Asset Management Ireland Limited;Equity;Technology Sector Equity;RV Sector Tecnología;EUR;Irlanda;6;3;1.83;1.7;40.83;57.72;39.76;15.12;2020-04-22;True;False;1000;2026-08-28
IE00BMPRXN33;Neuberger Next Gen Cnnctvity USD A Acc;Neuberger Next Generation Connectivity Fund USD A Accumulating Class;Neuberger Berman Asset Management Ireland Limited;Equity;Technology Sector Equity;RV Sector Tecnología;USD;Irlanda;6;3;1.83;1.7;39.62;57.51;43.46;14.91;2020-05-04;True;False;1000;2026-08-28
LU1919842267;Oddo BHF Artificial Intellig CR-EUR;Oddo BHF Artificial Intelligence CR-EUR;ODDO BHF Asset Management SAS;Equity;Technology Sector Equity;RV Sector Tecnología;EUR;Luxemburgo;6;3;;1.6;15.67;21.75;20.05;9.87;2019-01-14;True;False;100;2026-08-28
LU1279334210;Pictet - Robotics P EUR;Pictet - Robotics P EUR;Pictet Asset Management (Europe) SA;Equity;Technology Sector Equity;RV Sector Tecnología;EUR;Luxemburgo;6;3;1.97;2.4;28.91;45.15;27.22;13.83;2015-10-07;True;False;0;2026-08-28
LU1279333675;Pictet - Robotics P USD;Pictet - Robotics P USD;Pictet Asset Management (Europe) SA;Equity;Technology Sector Equity;RV Sector Tecnología;USD;Luxemburgo;7;3;1.97;2.4;28.08;45.81;30.45;13.6;2015-10-07;True;False;0;2026-08-28
LU1279334301;Pictet - Robotics P dy EUR;Pictet - Robotics P dy EUR;Pictet Asset Management (Europe) SA;Equity;Technology Sector Equity;RV Sector Tecnología;EUR;Luxemburgo;6;3;1.97;2.4;28.9;45.15;27.22;13.83;2015-10-07;True;False;0;2026-08-28
LU1279334483;Pictet - Robotics R EUR;Pictet - Robotics R EUR;Pictet Asset Management (Europe) SA;Equity;Technology Sector Equity;RV Sector Tecnología;EUR;Luxemburgo;6;3;2.68;2.9;28.31;44.14;26.32;13.03;2015-10-07;True;False;0;2026-08-28
LU1279333832;Pictet - Robotics R USD;Pictet - Robotics R USD;Pictet Asset Management (Europe) SA;Equity;Technology Sector Equity;RV Sector Tecnología;USD;Luxemburgo;7;3;2.68;2.9;27.49;44.79;29.53;12.81;2015-10-07;True;False;0;2026-08-28
LU0340554913;Pictet-Digital P EUR;Pictet-Digital P EUR;Pictet Asset Management (Europe) SA;Equity;Technology Sector Equity;RV Sector Tecnología;EUR;Luxemburgo;6;3;1.98;2.4;18.23;21.7;23.81;9.22;2008-06-30;True;False;0;2026-08-28
LU0101692670;Pictet-Digital PUSD;Pictet-Digital PUSD;Pictet Asset Management (Europe) SA;Equity;Technology Sector Equity;RV Sector Tecnología;USD;Luxemburgo;6;3;1.98;2.4;17.48;22.25;26.96;9;1997-11-14;True;False;0;2026-08-28
LU0340555134;Pictet-Digital R EUR;Pictet-Digital R EUR;Pictet Asset Management (Europe) SA;Equity;Technology Sector Equity;RV Sector Tecnología;EUR;Luxemburgo;6;3;2.69;2.9;17.69;20.84;22.94;8.45;2008-06-30;True;False;0;2026-08-28
IE00BM95B621;Polar Capital Global Tech R Acc;Polar Capital Funds PLC - Polar Capital Global Technology Fund R Acc;Polar Capital LLP;Equity;Technology Sector Equity;RV Sector Tecnología;EUR;Irlanda;6;5;;1.5;50.48;81.12;47.08;22.81;2020-06-30;True;False;0;2026-08-28
IE00B433M743;Polar Capital Global Tech R Inc;Polar Capital Funds PLC - Polar Capital Global Technology Fund R Income;Polar Capital LLP;Equity;Technology Sector Equity;RV Sector Tecnología;USD;Irlanda;7;5;;1.5;49.22;81.02;50.96;22.59;2009-09-04;True;False;0;2026-08-28
IE00B4468526;Polar Capital Global Tech R Inc EUR;Polar Capital Funds PLC - Polar Capital Global Technology Fund R Income EUR;Polar Capital LLP;Equity;Technology Sector Equity;RV Sector Tecnología;EUR;Irlanda;7;5;;1.5;50.49;81.16;47.09;22.81;2009-09-04;True;False;;2026-08-28
IE00B42N8Z54;Polar Capital Global Tech R Inc GBP;Polar Capital Funds PLC - Polar Capital Global Technology Fund R Income GBP;Polar Capital LLP;Equity;Technology Sector Equity;RV Sector Tecnología;GBP;Irlanda;7;5;;1.5;47.7;79.56;47.02;22.81;2009-09-04;True;False;;2026-08-28
FR0014008M99;R-co Thematic Blockchain Global Eq C EUR;R-co Thematic Blockchain Global Equity C EUR;Rothschild & Co Asset Management;Equity;Technology Sector Equity;RV Sector Tecnología;EUR;Francia;6;2;;2.25;-2.62;-5.25;28.36;;2022-07-08;True;False;1;2026-08-28
LU1700710939;Robeco FinTech D EUR;Robeco FinTech D EUR;Robeco Institutional Asset Management BV;Equity;Technology Sector Equity;RV Sector Tecnología;EUR;Luxemburgo;6;2;1.71;1.5;-4.79;-13.34;9.06;-3.12;2017-11-17;True;False;0;2026-08-28
LU1700711317;Robeco FinTech D USD;Robeco FinTech D USD;Robeco Institutional Asset Management BV;Equity;Technology Sector Equity;RV Sector Tecnología;USD;Luxemburgo;6;2;1.71;1.5;-5.6;-13.4;11.93;-3.3;2017-11-17;True;False;0;2026-08-28
LU2145465402;Robeco Smart Mobility D-EUR Cap;Robeco Smart Mobility D-EUR Capitalisation;Robeco Institutional Asset Management BV;Equity;Technology Sector Equity;RV Sector Tecnología;EUR;Luxemburgo;6;2;;1.5;22.91;29.94;11.99;5.86;2020-10-29;True;False;0;2026-08-28
LU2145465584;Robeco Smart Mobility D-USD Cap;Robeco Smart Mobility D-USD Capitalisation;Robeco Institutional Asset Management BV;Equity;Technology Sector Equity;RV Sector Tecnología;USD;Luxemburgo;7;2;1.72;1.5;21.87;29.84;14.94;5.67;2020-10-29;True;False;0;2026-08-28
LU1244139660;T. Rowe Price Glb Tech Eq A;T. Rowe Price Funds SICAV - Global Technology Equity Fund A;T. Rowe Price (Luxembourg) Management S.à r.l.;Equity;Technology Sector Equity;RV Sector Tecnología;USD;Luxemburgo;7;2;1.85;1.75;35.56;47.74;36.14;6.51;2015-06-15;True;False;0;2026-08-28
LU0081259029;UBS (Lux) EF Tech Opp (USD) P acc;UBS (Lux) Equity Fund - Tech Opportunity (USD) P-acc;UBS Asset Management (Europe) S.A.;Equity;Technology Sector Equity;RV Sector Tecnología;USD;Luxemburgo;7;2;2.11;1.63;17.26;26.51;22.81;7.66;1997-12-01;True;False;;2026-08-28
LU1330433571;UBS Lux Rbtc and Atmtn Eq P acc;UBS (Lux) Investment SICAV 2 - UBS (Lux) Robotics and Automation Equity Fund P acc;UBS Asset Management (Europe) S.A.;Equity;Technology Sector Equity;RV Sector Tecnología;USD;Luxemburgo;6;2;1.85;1.92;16.56;23.19;13.85;2.2;2016-06-30;True;False;0;2026-08-28
LU1751454437;Wellington Asia Tech USD D Acc;Wellington Asia Technology Fund USD D Ac;Wellington Luxembourg S.à r.l.;Equity;Technology Sector Equity;RV Sector Tecnología;USD;Luxemburgo;6;3;2.14;0.9;33.8;54.56;34;12.3;2018-03-14;True;False;5000;2026-08-28
LU0087657150;AXAWF Switzerland Eq A Cap CHF;AXA World Funds - Switzerland Equity A Capitalisation CHF;BNP PARIBAS ASSET MANAGEMENT Europe;Equity;Europe Equity Large Cap;RV Suiza;CHF;Luxemburgo;5;2;1.74;1.5;12.29;15.01;7.45;1.08;1990-06-20;True;False;0;2026-08-28
LU0184627536;AXAWF Switzerland Eq A Cap EUR;AXA World Funds - Switzerland Equity A Capitalisation EUR;BNP PARIBAS ASSET MANAGEMENT Europe;Equity;Europe Equity Large Cap;RV Suiza;EUR;Luxemburgo;5;2;1.74;1.5;11.67;14.9;8.22;4.11;2004-02-27;True;False;0;2026-08-28
LU0054754816;Fidelity Switzerland A-Dis-CHF;Fidelity Funds - Switzerland Fund A-DIST-CHF;FIL Investment Management (Luxembourg) S.à r.l.;Equity;Europe Equity Large Cap;RV Suiza;CHF;Luxemburgo;5;1;;1.5;11.15;13.88;8.63;0.54;1995-02-13;True;False;;2026-08-28
LU0106244287;Schroder ISF Swiss Equity A Acc CHF;Schroder International Selection Fund Swiss Equity A Accumulation CHF;Schroder Investment Management (Europe) S.A.;Equity;Europe Equity Large Cap;RV Suiza;CHF;Luxemburgo;5;2;1.58;1.25;9.29;12.74;8.51;1.86;2000-01-17;True;False;;2026-08-28
LU0073503921;UBAM Swiss Equity AC CHF;UBAM - Swiss Equity AC CHF;UBP Asset Management (Europe) S.A.;Equity;Europe Equity Large Cap;RV Suiza;CHF;Luxemburgo;6;2;1.38;1;9.32;12.84;10.7;0.55;1997-01-31;True;False;0;2026-08-28
LU0038279252;GAM Multistock Swiss Sm & Md Cp Eq CHF A;GAM Multistock - Swiss Small & Mid Cap Equity CHF A;GAM (Luxembourg) SA;Equity;Europe Equity Mid/Small Cap;RV Suiza Cap. Peq/Mediana;CHF;Luxemburgo;6;2;1.72;1.6;10.12;10.55;5.29;-2.15;1992-04-24;True;False;0;2026-08-28
LU0038279179;GAM Multistock Swiss Sm & Md Cp Eq CHF B;GAM Multistock - Swiss Small & Mid Cap Equity CHF B;GAM (Luxembourg) SA;Equity;Europe Equity Mid/Small Cap;RV Suiza Cap. Peq/Mediana;CHF;Luxemburgo;6;2;1.72;1.6;10.12;10.55;5.29;-2.15;1992-04-24;True;False;0;2026-08-28
LU0636969866;Mirabaud Eqs Swiss Sm & Mid A CHF Acc;Mirabaud - Equities Swiss Small & Mid A CHF Acc;Mirabaud Asset Management (Suisse) SA;Equity;Europe Equity Mid/Small Cap;RV Suiza Cap. Peq/Mediana;CHF;Luxemburgo;6;2;1.8;1.5;8.17;11.43;6.79;-0.92;2004-02-23;True;False;1;2026-08-28
LU0401357313;JPM Taiwan A acc EUR;JPMorgan Funds - Taiwan Fund A (acc) EUR;JPMorgan Asset Management (Europe) S.à r.l.;Equity;Greater China Equity;RV Taiwán Cap. Grande;EUR;Luxemburgo;7;2;1.8;1.5;73.78;91.24;41.65;20.13;2008-12-09;True;False;35000;2026-08-28
LU0270816068;Schroder ISF Taiwanese Equity A1 Acc USD;Schroder International Selection Fund Taiwanese Equity A1 Accumulation USD;Schroder Investment Management (Europe) S.A.;Equity;Greater China Equity;RV Taiwán Cap. Grande;USD;Luxemburgo;6;2;;1.5;88.02;117.66;45.95;21.02;2008-01-18;True;False;1000;2026-08-28
LU2020674334;Mapfre AM US Forgotten Value R;Mapfre AM US Forgotten Value R;Mapfre Asset Management SGIIC;Equity;US Equity Mid Cap;RV USA Cap. Flexible;EUR;Luxemburgo;6;3;;1.75;14.74;17.84;11.05;4.16;2019-12-24;True;False;10;2026-08-28
IE00B5KSKH55;Polar Capital North American R;Polar Capital Funds PLC - Polar Capital North American Fund Class R;Polar Capital LLP;Equity;US Equity Large Cap Blend;RV USA Cap. Flexible;USD;Irlanda;6;4;;1.25;16.91;17.34;18.88;9.4;2011-11-15;True;False;0;2026-08-28
IE00B6TTF483;Polar Capital North American R GBP;Polar Capital Funds PLC - Polar Capital North American Fund Class R GBP;Polar Capital LLP;Equity;US Equity Large Cap Blend;RV USA Cap. Flexible;GBP;Irlanda;6;4;;1.25;15.73;16.39;15.78;9.6;2011-11-15;True;False;;2026-08-28
LU0787776565;AB Select US Equity A EUR;AB SICAV I - Select US Equity Portfolio A EUR Acc;AllianceBernstein (Luxembourg) S.à r.l.;Equity;US Equity Large Cap Blend;RV USA Cap. Grande Blend;EUR;Luxemburgo;6;4;1.97;1.8;12.07;16.42;17.59;11.89;2011-10-28;True;False;2000;2026-08-28
LU0683600562;AB Select US Equity A USD;AB SICAV I - Select US Equity Portfolio A Acc;AllianceBernstein (Luxembourg) S.à r.l.;Equity;US Equity Large Cap Blend;RV USA Cap. Grande Blend;USD;Luxemburgo;5;4;1.97;1.8;11.13;16.55;20.6;11.7;2011-10-28;True;False;2000;2026-08-28
IE00B530N462;AXA IM US Enhanced Index Eq QI B Acc;AXA IM Equity Trust - AXA IM US Enhanced Index Equity QI B Acc;BNP PARIBAS ASSET MANAGEMENT Europe;Equity;US Equity Large Cap Blend;RV USA Cap. Grande Blend;EUR;Irlanda;6;3;0.84;0.8;12.13;17.79;16.45;11.08;2014-07-11;True;False;5000;2026-08-28
IE0033609722;AXA IM US Enhanced Index Eq QI B(USD);AXA IM Equity Trust - AXA IM US Enhanced Index Equity QI B (USD);BNP PARIBAS ASSET MANAGEMENT Europe;Equity;US Equity Large Cap Blend;RV USA Cap. Grande Blend;USD;Irlanda;6;3;;0.8;11.2;17.71;19.53;10.88;2009-01-21;True;False;5000;2026-08-28
LU1992126992;Allianz US Equity Fund AT EUR;Allianz Global Investors Fund - Allianz US Equity Fund AT EUR;Allianz Global Investors GmbH;Equity;US Equity Large Cap Blend;RV USA Cap. Grande Blend;EUR;Luxemburgo;6;2;1.8;1.8;9.8;14.41;16.4;8.73;2019-12-17;True;False;0;2026-08-28
LU1883859230;Amundi Fds US Equity Rsrch A EUR C;Amundi Funds - US Equity Research A EUR (C);Amundi Luxembourg S.A.;Equity;US Equity Large Cap Blend;RV USA Cap. Grande Blend;EUR;Luxemburgo;6;2;1.8;1.5;15.07;23.21;14.58;9.02;2000-12-18;True;False;1;2026-08-28
LU1883859404;Amundi Fds US Equity Rsrch A USD C;Amundi Funds - US Equity Research A USD (C);Amundi Luxembourg S.A.;Equity;US Equity Large Cap Blend;RV USA Cap. Grande Blend;USD;Luxemburgo;6;2;1.79;1.5;14.09;23.74;17.61;8.75;2001-12-27;True;False;1;2026-08-28
LU3081004643;Amundi Fds US Equity Rsrch A2 USD C;Amundi Funds - US Equity Research A2 USD (C);Amundi Luxembourg S.A.;Equity;US Equity Large Cap Blend;RV USA Cap. Grande Blend;USD;Luxemburgo;;;1.94;1.65;13.99;;;;2025-12-01;True;False;;2026-08-28
LU1883872332;Amundi Fds US Pioneer A EUR C;Amundi Funds - US Pioneer Fund A EUR (C);Amundi Luxembourg S.A.;Equity;US Equity Large Cap Blend;RV USA Cap. Grande Blend;EUR;Luxemburgo;6;3;1.78;1.25;11;18.21;18.49;11.47;2001-10-29;True;False;1;2026-08-28
LU1883872415;Amundi Fds US Pioneer A USD C;Amundi Funds - US Pioneer Fund A USD (C);Amundi Luxembourg S.A.;Equity;US Equity Large Cap Blend;RV USA Cap. Grande Blend;USD;Luxemburgo;6;3;1.78;1.25;10.09;18.77;21.63;11.21;2001-12-11;True;False;1;2026-08-28
LU2070308726;Amundi Fds US Pioneer A2 EUR C;Amundi Funds - US Pioneer Fund A2 EUR (C);Amundi Luxembourg S.A.;Equity;US Equity Large Cap Blend;RV USA Cap. Grande Blend;EUR;Luxemburgo;6;3;1.95;1.4;10.93;18.09;18.32;11.32;2019-11-19;True;False;0;2026-08-28
LU0389812347;Amundi MSCI NrthAmESGBrdTransition-AE(C);Amundi MSCI North America ESG Broad Transition - AE (C);Amundi Luxembourg S.A.;Equity;US Equity Large Cap Blend;RV USA Cap. Grande Blend;EUR;Luxemburgo;6;3;;0.15;13;19.04;17.24;11.35;2008-09-24;True;True;0;2026-08-28
LU0442407853;Amundi MSCI NrthAmESGBrdTransition-AU(C);Amundi MSCI North America ESG Broad Transition - AU (C);Amundi Luxembourg S.A.;Equity;US Equity Large Cap Blend;RV USA Cap. Grande Blend;USD;Luxemburgo;6;3;;0.15;12.04;18.95;20.34;11.14;2009-12-21;True;True;1;2026-08-28
LU0996179007;Amundi S&P 500 Screened INDEX AE Acc;Amundi S&P 500 Screened INDEX AE Acc;Amundi Luxembourg S.A.;Equity;US Equity Large Cap Blend;RV USA Cap. Grande Blend;EUR;Luxemburgo;6;4;;0.15;14.34;22.5;18.43;13.54;2014-04-17;True;True;0;2026-08-28
LU0996179189;Amundi S&P 500 Screened INDEX AE Dist;Amundi S&P 500 Screened INDEX AE Dist;Amundi Luxembourg S.A.;Equity;US Equity Large Cap Blend;RV USA Cap. Grande Blend;EUR;Luxemburgo;6;4;;0.15;14.34;22.5;18.43;13.54;2014-04-17;True;True;;2026-08-28
LU0996178884;Amundi S&P 500 Screened INDEX AU Acc;Amundi S&P 500 Screened INDEX AU Acc;Amundi Luxembourg S.A.;Equity;US Equity Large Cap Blend;RV USA Cap. Grande Blend;USD;Luxemburgo;6;4;;0.15;13.37;22.41;21.55;13.32;2014-04-17;True;True;1;2026-08-28
LU1893896552;ArtemisFds(Lux) US Extd Alpha A EUR Acc;Artemis Funds (Lux) - US Extended Alpha A accumulation EUR;Artemis Investment Management LLP;Equity;US Equity Large Cap Blend;RV USA Cap. Grande Blend;EUR;Luxemburgo;5;3;;1.65;16.67;23.9;17.35;11.35;2018-11-06;True;False;25000;2026-08-28
LU1893896636;ArtemisFds(Lux) US Extd Alpha A USD Acc;Artemis Funds (Lux) - US Extended Alpha A accumulation USD;Artemis Investment Management LLP;Equity;US Equity Large Cap Blend;RV USA Cap. Grande Blend;USD;Luxemburgo;5;3;;1.65;15.93;24.46;20.33;11.14;2018-11-06;True;False;25000;2026-08-28
LU0154236417;BGF US Flexible Equity A2;BlackRock Global Funds - US Flexible Equity Fund A2;BlackRock (Luxembourg) SA;Equity;US Equity Large Cap Blend;RV USA Cap. Grande Blend;USD;Luxemburgo;6;4;1.81;1.5;14.88;27.63;22.41;13.04;2002-10-31;True;False;5000;2026-08-28
LU0171296865;BGF US Flexible Equity A2 EUR;BlackRock Global Funds - US Flexible Equity Fund A2 EUR;BlackRock (Luxembourg) SA;Equity;US Equity Large Cap Blend;RV USA Cap. Grande Blend;EUR;Luxemburgo;6;4;1.81;1.5;15.64;27.05;19.38;13.27;2002-10-31;True;False;;2026-08-28
LU1956163379;BNPP Rspnb US Mlt-Fac Eq Cl EUR Acc;BNP Paribas Funds Responsible US Multi-Factor Equity Classic EUR Acc;BNP Paribas Asset Management Luxembourg;Equity;US Equity Large Cap Blend;RV USA Cap. Grande Blend;EUR;Luxemburgo;6;3;;1.5;17.02;21.06;17.34;11.6;2019-09-27;True;False;0;2026-08-28
ES0113574042;Bankinter Multi-Asset Investment US FI;Bankinter Multi-Asset Investment US Investment FI;Bankinter Gestión de Activos SGIIC;Equity;US Equity Large Cap Blend;RV USA Cap. Grande Blend;EUR;España;6;2;0.5;0.4;13.17;19.93;16.91;;2022-01-21;True;False;1;2026-08-28
ES0114763032;Bankinter Índice América R FI;Bankinter Índice América R FI;Bankinter Gestión de Activos SGIIC;Equity;US Equity Large Cap Blend;RV USA Cap. Grande Blend;EUR;España;6;1;1.1;1;9.72;15.33;17.21;9.03;2000-07-28;True;True;1;2026-08-28
LU0061475181;CT (Lux) American AU;CT (Lux) - American Class AU (USD Accumulation Shares);Threadneedle Management Luxembourg S.A.;Equity;US Equity Large Cap Blend;RV USA Cap. Grande Blend;USD;Luxemburgo;6;3;1.8;1.5;12.79;20.79;19.87;9.47;1995-10-31;True;False;2500;2026-08-28
LU2227857237;Candriam Sustainable Eq US C EUR Acc;Candriam Sustainable Equity US C EUR Acc;Candriam;Equity;US Equity Large Cap Blend;RV USA Cap. Grande Blend;EUR;Luxemburgo;6;2;1.91;1.5;11.61;19.02;15.29;9.15;2021-06-08;True;False;0;2026-08-28
LU1378994856;Capital Group InvCoAmer LUX B;Capital Group Investment Company of America LUX B;Capital International Management Company Sàrl;Equity;US Equity Large Cap Blend;RV USA Cap. Grande Blend;USD;Luxemburgo;6;3;0.9;1.3;10.31;14.35;20.92;11.98;2016-06-17;True;False;0;2026-08-28
LU1378994690;Capital Group InvCoAmer LUX B EUR;Capital Group Investment Company of America LUX B EUR;Capital International Management Company Sàrl;Equity;US Equity Large Cap Blend;RV USA Cap. Grande Blend;EUR;Luxemburgo;6;3;0.9;1.3;11.29;14.24;17.92;12.27;2016-06-17;True;False;;2026-08-28
IE00BYX5MX67;Fidelity S&P 500 Index EUR P Acc;Fidelity S&P 500 Index Fund EUR P Acc;FIL Investment Management (Luxembourg) S.A., Ireland Branch;Equity;US Equity Large Cap Blend;RV USA Cap. Grande Blend;EUR;Irlanda;6;4;0.06;0.06;13.65;19.75;18.28;12.74;2018-03-20;True;True;0;2026-08-28
IE00BYX5MS15;Fidelity S&P 500 Index USD P Acc;Fidelity S&P 500 Index Fund USD P Acc;FIL Investment Management (Luxembourg) S.A., Ireland Branch;Equity;US Equity Large Cap Blend;RV USA Cap. Grande Blend;USD;Irlanda;6;4;0.06;0.06;12.63;19.62;21.41;12.53;2018-03-20;True;True;0;2026-08-28
LU0275692696;Fidelity US Equity Fund A-Acc-EUR;Fidelity Funds - US Equity Fund A-Acc-EUR;FIL Investment Management (Luxembourg) S.à r.l.;Equity;US Equity Large Cap Blend;RV USA Cap. Grande Blend;EUR;Luxemburgo;5;2;;1.5;6.1;6.68;8.08;4.76;2006-12-04;True;False;2500;2026-08-28
LU0275693405;Fidelity US Equity Fund A-Acc-USD;Fidelity Funds - US Equity Fund A-Acc-USD;FIL Investment Management (Luxembourg) S.à r.l.;Equity;US Equity Large Cap Blend;RV USA Cap. Grande Blend;USD;Luxemburgo;5;2;;1.5;5.35;7.05;10.89;4.51;2006-12-04;True;False;2500;2026-08-28
LU0077335932;Fidelity US Equity Fund A-Dis-USD;Fidelity Funds - US Equity Fund A-DIST-USD;FIL Investment Management (Luxembourg) S.à r.l.;Equity;US Equity Large Cap Blend;RV USA Cap. Grande Blend;USD;Luxemburgo;5;2;;1.5;5.34;7;10.89;4.51;1997-06-30;True;False;2500;2026-08-28
LU0234572021;GS US CORE Equity Base Acc USD;Goldman Sachs US CORE Equity Portfolio Base Acc USD Close;Goldman Sachs Asset Management B.V.;Equity;US Equity Large Cap Blend;RV USA Cap. Grande Blend;USD;Luxemburgo;6;3;;1;9.55;16.43;20.48;10.71;2005-11-21;True;False;5000;2026-08-28
LU0234571726;GS US CORE Equity Base Acc USD Snap;Goldman Sachs US CORE Equity Portfolio Base Acc USD Snap;Goldman Sachs Asset Management B.V.;Equity;US Equity Large Cap Blend;RV USA Cap. Grande Blend;USD;Luxemburgo;6;3;;1;8.51;16.33;20.43;10.76;2005-11-14;True;False;5000;2026-08-28
LU0065004045;GS US CORE Equity Base Inc USD Snap;Goldman Sachs US CORE Equity Portfolio Base Inc USD Snap;Goldman Sachs Asset Management B.V.;Equity;US Equity Large Cap Blend;RV USA Cap. Grande Blend;USD;Luxemburgo;6;3;;1;8.5;16.33;20.44;10.76;1996-11-18;True;False;5000;2026-08-28
LU0133265412;GS US CORE Equity E Acc EUR;Goldman Sachs US CORE Equity Portfolio E Acc EUR;Goldman Sachs Asset Management B.V.;Equity;US Equity Large Cap Blend;RV USA Cap. Grande Blend;EUR;Luxemburgo;5;3;;1;8.83;15.21;16.86;10.42;2001-07-31;True;False;1500;2026-08-28
LU0234588027;GS US Equity ESG Base Acc USD;Goldman Sachs US Equity ESG Portfolio Base Acc USD;Goldman Sachs Asset Management B.V.;Equity;US Equity Large Cap Blend;RV USA Cap. Grande Blend;USD;Luxemburgo;6;2;;1.5;9.48;13.49;15.77;7.77;2006-02-03;True;False;5000;2026-08-28
LU0234687605;GS US Equity ESG E Acc EUR;Goldman Sachs US Equity ESG Portfolio E Acc EUR;Goldman Sachs Asset Management B.V.;Equity;US Equity Large Cap Blend;RV USA Cap. Grande Blend;EUR;Luxemburgo;5;1;;1.5;9.65;12.16;12.05;7.18;2006-02-03;True;False;1500;2026-08-28
LU0217390227;JPM America Equity A acc EUR;JPMorgan Funds - America Equity Fund A (acc) EUR;JPMorgan Asset Management (Europe) S.à r.l.;Equity;US Equity Large Cap Blend;RV USA Cap. Grande Blend;EUR;Luxemburgo;5;3;;1.5;7.87;10.65;14.98;10.76;2013-05-07;True;False;35000;2026-08-28
LU0210528500;JPM America Equity A acc USD;JPMorgan Funds - America Equity Fund A (acc) USD;JPMorgan Asset Management (Europe) S.à r.l.;Equity;US Equity Large Cap Blend;RV USA Cap. Grande Blend;USD;Luxemburgo;6;3;;1.5;7.17;11.15;17.89;10.56;2005-04-01;True;False;35000;2026-08-28
LU0053666078;JPM America Equity A dist USD;JPMorgan Funds - America Equity Fund A (dist) USD;JPMorgan Asset Management (Europe) S.à r.l.;Equity;US Equity Large Cap Blend;RV USA Cap. Grande Blend;USD;Luxemburgo;6;3;;1.5;7.18;11.15;17.91;10.57;1988-11-16;True;False;35000;2026-08-28
LU0217390490;JPM America Equity D acc EUR;JPMorgan Funds - America Equity Fund D (acc) EUR;JPMorgan Asset Management (Europe) S.à r.l.;Equity;US Equity Large Cap Blend;RV USA Cap. Grande Blend;EUR;Luxemburgo;5;3;;1.5;7.3;9.76;14.04;9.86;2006-05-08;True;False;5000;2026-08-28
LU0117861202;JPM America Equity D acc USD;JPMorgan Funds - America Equity Fund D (acc) USD;JPMorgan Asset Management (Europe) S.à r.l.;Equity;US Equity Large Cap Blend;RV USA Cap. Grande Blend;USD;Luxemburgo;6;3;;1.5;6.65;10.3;17;9.73;2000-10-13;True;False;5000;2026-08-28
LU0218171717;JPM US Select Equity A acc EUR;JPMorgan Investment Funds - US Select Equity Fund A (acc) EUR;JPMorgan Asset Management (Europe) S.à r.l.;Equity;US Equity Large Cap Blend;RV USA Cap. Grande Blend;EUR;Luxemburgo;5;3;1.67;1.5;6.02;9.09;13.67;9.24;2008-06-10;True;False;35000;2026-08-28
LU0070214290;JPM US Select Equity A acc USD;JPMorgan Investment Funds - US Select Equity Fund A (acc) USD;JPMorgan Asset Management (Europe) S.à r.l.;Equity;US Equity Large Cap Blend;RV USA Cap. Grande Blend;USD;Luxemburgo;6;3;1.67;1.5;5.34;9.58;16.56;9.03;1984-07-05;True;False;35000;2026-08-28
LU0247985343;JPM US Select Equity A dist USD;JPMorgan Investment Funds - US Select Equity Fund A (dist) USD;JPMorgan Asset Management (Europe) S.à r.l.;Equity;US Equity Large Cap Blend;RV USA Cap. Grande Blend;USD;Luxemburgo;6;3;1.7;1.5;5.33;9.56;16.53;9.01;2006-05-15;True;False;35000;2026-08-28
LU0218172103;JPM US Select Equity D acc EUR;JPMorgan Investment Funds - US Select Equity Fund D (acc) EUR;JPMorgan Asset Management (Europe) S.à r.l.;Equity;US Equity Large Cap Blend;RV USA Cap. Grande Blend;EUR;Luxemburgo;5;2;2.21;1.5;5.64;8.49;13.04;8.61;2019-06-24;True;False;5000;2026-08-28
LU0115097544;JPM US Select Equity D acc USD;JPMorgan Investment Funds - US Select Equity Fund D (acc) USD;JPMorgan Asset Management (Europe) S.à r.l.;Equity;US Equity Large Cap Blend;RV USA Cap. Grande Blend;USD;Luxemburgo;6;3;2.18;1.5;4.99;9.02;15.96;8.47;2002-02-01;True;False;5000;2026-08-28
LU0281483569;JPM US Select Equity Plus A acc EUR;JPMorgan Funds - US Select Equity Plus Fund A (acc) - EUR;JPMorgan Asset Management (Europe) S.à r.l.;Equity;US Equity Large Cap Blend;RV USA Cap. Grande Blend;EUR;Luxemburgo;5;4;1.68;1.5;8.68;12.7;16.89;12.08;2014-02-12;True;False;35000;2026-08-28
LU0292454872;JPM US Select Equity Plus A acc USD;JPMorgan Funds - US Select Equity Plus Fund A (acc) - USD;JPMorgan Asset Management (Europe) S.à r.l.;Equity;US Equity Large Cap Blend;RV USA Cap. Grande Blend;USD;Luxemburgo;6;4;1.67;1.5;8.01;13.24;19.88;11.88;2007-07-05;True;False;35000;2026-08-28
LU0281484963;JPM US Select Equity Plus D acc EUR;JPMorgan Funds - US Select Equity Plus Fund D (acc) - EUR;JPMorgan Asset Management (Europe) S.à r.l.;Equity;US Equity Large Cap Blend;RV USA Cap. Grande Blend;EUR;Luxemburgo;5;3;2.45;1.5;8.14;11.84;15.96;11.16;2018-02-23;True;False;5000;2026-08-28
LU0281484880;JPM US Select Equity Plus D acc USD;JPMorgan Funds - US Select Equity Plus Fund D (acc) - USD;JPMorgan Asset Management (Europe) S.à r.l.;Equity;US Equity Large Cap Blend;RV USA Cap. Grande Blend;USD;Luxemburgo;6;3;2.43;1.5;7.47;12.38;18.97;11.02;2007-07-05;True;False;5000;2026-08-28
IE0031385887;Jupiter Merian NA Eq (IRL) L $ Acc;Jupiter Merian North American Equity Fund (IRL) L USD Acc;Jupiter Asset Management (Europe) Limited;Equity;US Equity Large Cap Blend;RV USA Cap. Grande Blend;USD;Irlanda;6;4;1.71;1.5;17.79;26.79;23.85;12.87;2002-04-17;True;False;500;2026-08-28
IE00B01FHS02;Jupiter Merian NA Eq (IRL) L EUR Acc;Jupiter Merian North American Equity Fund (IRL) L EUR Acc;Jupiter Asset Management (Europe) Limited;Equity;US Equity Large Cap Blend;RV USA Cap. Grande Blend;EUR;Irlanda;5;4;1.7;1.5;18.76;25.99;20.77;13.08;2004-11-30;True;False;500;2026-08-28
LU1833929729;ODDO BHF US Equity Trend CR EUR;ODDO BHF US Equity Trend CR-EUR;ODDO BHF Asset Management SAS;Equity;US Equity Large Cap Blend;RV USA Cap. Grande Blend;EUR;Luxemburgo;6;4;;1.2;14.06;20.36;21.18;12.77;2018-07-16;True;False;100;2026-08-28
LU0474966164;Pictet-USA Index P EUR;Pictet-USA Index P EUR;Pictet Asset Management (Europe) SA;Equity;US Equity Large Cap Blend;RV USA Cap. Grande Blend;EUR;Luxemburgo;6;3;0.44;0.45;13.42;19.29;17.86;12.31;2011-06-07;True;True;0;2026-08-28
LU0130732877;Pictet-USA Index P USD;Pictet-USA Index PUSD;Pictet Asset Management (Europe) SA;Equity;US Equity Large Cap Blend;RV USA Cap. Grande Blend;USD;Luxemburgo;6;3;0.44;0.45;12.46;19.2;20.96;12.1;1999-11-04;True;True;0;2026-08-28
LU0248185190;Schroder ISF US Large Cap A Acc EUR;Schroder International Selection Fund US Large Cap A Accumulation EUR;Schroder Investment Management (Europe) S.A.;Equity;US Equity Large Cap Blend;RV USA Cap. Grande Blend;EUR;Luxemburgo;5;3;;1.25;9.28;12.69;17.77;12;2006-03-22;True;False;1000;2026-08-28
LU0106261372;Schroder ISF US Large Cap A Acc USD;Schroder International Selection Fund US Large Cap A Accumulation USD;Schroder Investment Management (Europe) S.A.;Equity;US Equity Large Cap Blend;RV USA Cap. Grande Blend;USD;Luxemburgo;5;3;;1.25;8.42;13.31;20.73;11.8;2000-01-17;True;False;1000;2026-08-28
LU0429319345;T. Rowe Price US Eq A;T. Rowe Price Funds SICAV - US Equity Fund A;T. Rowe Price (Luxembourg) Management S.à r.l.;Equity;US Equity Large Cap Blend;RV USA Cap. Grande Blend;USD;Luxemburgo;5;3;1.59;1.5;12.44;16.83;18.59;10.08;2009-06-26;True;False;0;2026-08-28
LU1438969518;T. Rowe Price US Eq A (EUR);T. Rowe Price Funds SICAV - US Equity Fund A (EUR);T. Rowe Price (Luxembourg) Management S.à r.l.;Equity;US Equity Large Cap Blend;RV USA Cap. Grande Blend;EUR;Luxemburgo;5;3;1.59;1.5;13.14;16.28;15.67;10.31;2016-06-30;True;False;1000;2026-08-28
LU2858665370;T. Rowe Price US Struct Rsh Eq A EUR;T. Rowe Price Funds SICAV - US Structured Research Equity Fund A (EUR);T. Rowe Price (Luxembourg) Management S.à r.l.;Equity;US Equity Large Cap Blend;RV USA Cap. Grande Blend;EUR;Luxemburgo;5;;0.84;0.75;14.05;19.16;;;2024-08-09;True;False;0;2026-08-28
IE0032620787;Vanguard US 500 Stock Index Inv EUR Acc;Vanguard U.S. 500 Stock Index Fund Investor EUR Accumulation;Vanguard Group (Ireland) Limited;Equity;US Equity Large Cap Blend;RV USA Cap. Grande Blend;EUR;Irlanda;6;4;0.1;0.1;14.42;19.61;18.5;12.68;2003-04-30;True;True;1000000;2026-08-28
IE0002639668;Vanguard US 500 Stock Index Inv USD Acc;Vanguard U.S. 500 Stock Index Fund Investor USD Accumulation;Vanguard Group (Ireland) Limited;Equity;US Equity Large Cap Blend;RV USA Cap. Grande Blend;USD;Irlanda;6;4;0.1;0.1;13.46;20.16;21.63;12.41;1998-11-04;True;True;1000000;2026-08-28
LU1717118274;Vontobel US Equity B EUR;Vontobel Fund - US Equity B EUR Cap;Vontobel Asset Management S.A.;Equity;US Equity Large Cap Blend;RV USA Cap. Grande Blend;EUR;Luxemburgo;5;1;1.99;1.65;-5.9;-7.44;3.8;4.09;2017-11-24;True;False;0;2026-08-28
LU0035765741;Vontobel US Equity B USD;Vontobel Fund - US Equity B USD Cap;Vontobel Asset Management S.A.;Equity;US Equity Large Cap Blend;RV USA Cap. Grande Blend;USD;Luxemburgo;5;2;1.99;1.65;-6.7;-7.51;6.54;3.89;1991-11-21;True;False;0;2026-08-28
LU0836513001;iShares North America Eq Idx (LU) A2 USD;iShares North America Equity Index Fund (LU) A2 USD;BlackRock (Luxembourg) SA;Equity;US Equity Large Cap Blend;RV USA Cap. Grande Blend;USD;Luxemburgo;6;3;0.52;0.45;12.23;19.84;21.49;11.6;2012-10-23;True;True;5;2026-08-28
IE00BD0NCT25;iShares US Index (IE) D Acc USD;iShares US Index Fund (IE) D Acc USD;BlackRock Asset Management Ireland Ltd;Equity;US Equity Large Cap Blend;RV USA Cap. Grande Blend;USD;Irlanda;6;4;0.08;0.08;11.71;19.28;21.06;12.4;2017-04-27;True;True;100000;2026-08-28
LU0232524495;AB American Growth A EUR;AB SICAV I - American Growth Portfolio A EUR Acc;AllianceBernstein (Luxembourg) S.à r.l.;Equity;US Equity Large Cap Growth;RV USA Cap. Grande Growth;EUR;Luxemburgo;6;4;;1.5;4.09;5.34;13.88;7.54;2000-11-24;True;False;2000;2026-08-28
LU0079474960;AB American Growth A USD;AB SICAV I - American Growth Portfolio A Acc;AllianceBernstein (Luxembourg) S.à r.l.;Equity;US Equity Large Cap Growth;RV USA Cap. Grande Growth;USD;Luxemburgo;6;4;;1.5;3.21;5.45;16.79;7.35;1997-01-06;True;False;2000;2026-08-28
LU1232087814;Alger American Asset Growth A EU;Alger SICAV - Alger American Asset Growth Fund Class A EU;Alger Management Ltd;Equity;US Equity Large Cap Growth;RV USA Cap. Grande Growth;EUR;Luxemburgo;6;4;2.11;1.75;13.93;22.65;31.4;14.44;2015-06-08;True;False;100;2026-08-28
LU0070176184;Alger American Asset Growth A US;Alger SICAV - Alger American Asset Growth Fund Class A US;Alger Management Ltd;Equity;US Equity Large Cap Growth;RV USA Cap. Grande Growth;USD;Luxemburgo;6;4;2.11;1.75;12.91;22.72;34.75;14.24;1996-08-19;True;False;100;2026-08-28
LU1883854199;Amundi Fds US Eq Fundm Gr A EUR C;Amundi Funds - US Equity Fundamental Growth A EUR C;Amundi Luxembourg S.A.;Equity;US Equity Large Cap Growth;RV USA Cap. Grande Growth;EUR;Luxemburgo;6;3;1.78;1.5;8.8;10.58;12.91;9.2;2008-12-12;True;False;1;2026-08-28
LU1883854355;Amundi Fds US Eq Fundm Gr A USD C;Amundi Funds - US Equity Fundamental Growth A USD C;Amundi Luxembourg S.A.;Equity;US Equity Large Cap Growth;RV USA Cap. Grande Growth;USD;Luxemburgo;6;3;1.78;1.5;7.88;11.09;15.9;8.95;2019-06-07;True;False;0;2026-08-28
LU3081004486;Amundi Fds US Eq Fundm Gr A2 EUR C;Amundi Funds - US Equity Fundamental Growth A2 EUR C;Amundi Luxembourg S.A.;Equity;US Equity Large Cap Growth;RV USA Cap. Grande Growth;EUR;Luxemburgo;;;;1.65;8.33;;;;2025-06-27;True;False;;2026-08-28
LU2819204210;Amundi Fds US Eq Fundm Gr A2 USD C;Amundi Funds - US Equity Fundamental Growth A2 USD C;Amundi Luxembourg S.A.;Equity;US Equity Large Cap Growth;RV USA Cap. Grande Growth;USD;Luxemburgo;;;1.94;1.65;7.41;10.78;;;2024-05-29;True;False;;2026-08-28
LU0171298135;BGF US Growth A2 EUR;BlackRock Global Funds - US Growth Fund A2 EUR;BlackRock (Luxembourg) SA;Equity;US Equity Large Cap Growth;RV USA Cap. Grande Growth;EUR;Luxemburgo;6;3;1.81;1.5;15.22;16.18;19.71;8.49;1999-04-30;True;False;;2026-08-28
LU0171298218;BGF US Growth E2 EUR;BlackRock Global Funds - US Growth Fund E2 EUR;BlackRock (Luxembourg) SA;Equity;US Equity Large Cap Growth;RV USA Cap. Grande Growth;EUR;Luxemburgo;6;3;2.31;1.5;14.85;15.62;19.11;7.95;2002-07-11;True;False;;2026-08-28
IE00BK5TWD80;Baillie Gifford WW US Equity Gr A EUR;Baillie Gifford Worldwide US Equity Growth Fund Class A EUR Acc;Baillie Gifford Investment Management (Europe) Limited;Equity;US Equity Large Cap Growth;RV USA Cap. Grande Growth;EUR;Irlanda;7;1;1.63;1.5;0.15;-6.81;14.26;-5.22;2019-09-30;True;False;1000;2026-08-28
IE00B0PVD642;Brown Advisory US Equity Growth $ A;Brown Advisory US Equity Growth $ A;Brown Adv (Ireland) Limited;Equity;US Equity Large Cap Growth;RV USA Cap. Grande Growth;USD;Irlanda;6;2;;1.5;12.22;6.85;13.18;2.58;2010-06-29;True;False;5000;2026-08-28
IE00BF1T6Q88;Brown Advisory US Sust Gr EUR A Acc;Brown Advisory US Sustainable Growth Fund EUR Class A Acc Shares;Brown Adv (Ireland) Limited;Equity;US Equity Large Cap Growth;RV USA Cap. Grande Growth;EUR;Irlanda;6;2;;1.5;10.91;8.38;11.2;5.61;2021-02-09;True;False;5000;2026-08-28
IE00BF1T6L34;Brown Advisory US Sust Gr USD A Acc;Brown Advisory US Sustainable Growth Fund USD Class A Acc Shares;Brown Adv (Ireland) Limited;Equity;US Equity Large Cap Growth;RV USA Cap. Grande Growth;USD;Irlanda;6;2;;1.5;9.93;8.28;14.12;5.42;2020-05-07;True;False;5000;2026-08-28
IE00B6X2JP23;Comgest Gr America EUR R Acc;Comgest Growth America EUR R Acc;Comgest Asset Management Intl Ltd;Equity;US Equity Large Cap Growth;RV USA Cap. Grande Growth;EUR;Irlanda;6;3;2.09;2;0.92;2.65;9.23;7.25;2012-06-14;True;False;10;2026-08-28
LU1221952796;Edgewood L Sel US Select Growth A USD AD;Edgewood L Select US Select Growth A USD AD;Edgewood Management LLC;Equity;US Equity Large Cap Growth;RV USA Cap. Grande Growth;USD;Luxemburgo;6;2;;1.25;-4.1;-1.75;10.21;-0.76;2015-05-07;True;False;0;2026-08-28
IE00B19Z9612;FTGF CB US Lg Cp Gr A EUR Acc;FTGF ClearBridge US Large Cap Growth Fund Class A Euro Accumulating;Franklin Templeton International Services S.à r.l.;Equity;US Equity Large Cap Growth;RV USA Cap. Grande Growth;EUR;Irlanda;6;3;1.72;1.25;4.33;3.91;12.55;6.98;2008-08-27;True;False;1000;2026-08-28
IE00B19Z9505;FTGF CB US Lg Cp Gr A USD Acc;FTGF ClearBridge US Large Cap Growth Fund Class A US$ Accumulating;Franklin Templeton International Services S.à r.l.;Equity;US Equity Large Cap Growth;RV USA Cap. Grande Growth;USD;Irlanda;6;3;1.72;1.25;3.45;4.03;15.43;6.81;2007-04-20;True;False;1000;2026-08-28
IE000IJHRNQ0;Findlay Park American A EUR Acc;Findlay Park American ICAV Class A EUR Accumulation;Findlay Park Partners LLP;Equity;US Equity Large Cap Growth;RV USA Cap. Grande Growth;EUR;Irlanda;;2;1.7;1.7;9.16;8.48;8.19;;2023-05-02;True;False;;2026-08-28
LU0260861751;Franklin US Opportunities A(Ydis)EUR;Franklin U.S. Opportunities Fund A(Ydis)EUR;Franklin Templeton International Services S.à r.l.;Equity;US Equity Large Cap Growth;RV USA Cap. Grande Growth;EUR;Luxemburgo;6;2;1.8;1.5;9.13;7.8;14.15;4.53;2006-09-01;True;False;;2026-08-28
LU0260869739;Franklin US Opportunities A(acc)EUR;Franklin U.S. Opportunities Fund A(acc)EUR;Franklin Templeton International Services S.à r.l.;Equity;US Equity Large Cap Growth;RV USA Cap. Grande Growth;EUR;Luxemburgo;6;2;1.8;1.5;9.11;7.79;14.16;4.53;2006-09-01;True;False;;2026-08-28
LU0109391861;Franklin US Opportunities A(acc)USD;Franklin U.S. Opportunities Fund A(acc)USD;Franklin Templeton International Services S.à r.l.;Equity;US Equity Large Cap Growth;RV USA Cap. Grande Growth;USD;Luxemburgo;6;2;;1.5;8.18;7.95;17.07;4.27;2000-04-03;True;False;1000;2026-08-28
LU0210536198;JPM US Growth A acc USD;JPMorgan Funds - US Growth Fund A (acc) - USD;JPMorgan Asset Management (Europe) S.à r.l.;Equity;US Equity Large Cap Growth;RV USA Cap. Grande Growth;USD;Luxemburgo;6;4;1.69;1.5;0.68;5.38;18.9;9.09;2005-03-31;True;False;35000;2026-08-28
LU0119089182;JPM US Growth A dist GBP;JPMorgan Funds - US Growth Fund A (dist) - GBP;JPMorgan Asset Management (Europe) S.à r.l.;Equity;US Equity Large Cap Growth;RV USA Cap. Grande Growth;GBP;Luxemburgo;6;4;1.8;1.5;-0.55;4.2;15.85;9.24;2000-10-20;True;False;35000;2026-08-28
LU0119065240;JPM US Growth D acc USD;JPMorgan Funds - US Growth Fund D (acc) - USD;JPMorgan Asset Management (Europe) S.à r.l.;Equity;US Equity Large Cap Growth;RV USA Cap. Grande Growth;USD;Luxemburgo;6;4;2.46;1.5;0.18;4.58;17.99;8.27;2000-10-20;True;False;5000;2026-08-28
IE0004445239;Janus Henderson US Forty A2 USD;Janus Henderson Capital Funds plc - US Forty Fund Class A2 USD;Janus Henderson Investors;Equity;US Equity Large Cap Growth;RV USA Cap. Grande Growth;USD;Irlanda;6;3;2.16;1.25;6.16;9.81;19.97;7.16;1998-12-24;True;False;2500;2026-08-28
LU0225737302;MS INVF US Advantage A;Morgan Stanley Investment Funds - US Advantage Fund A;MSIM Fund Management (Ireland) Limited;Equity;US Equity Large Cap Growth;RV USA Cap. Grande Growth;USD;Luxemburgo;7;1;1.64;1.4;-2.83;-3.08;21.37;-3.11;2005-12-01;True;False;0;2026-08-28
LU2295319482;MS INVF US Advantage A EUR;Morgan Stanley Investment Funds - US Advantage Fund A (EUR);MSIM Fund Management (Ireland) Limited;Equity;US Equity Large Cap Growth;RV USA Cap. Grande Growth;EUR;Luxemburgo;7;1;1.64;1.4;-2.17;-3.48;18.35;-2.92;2021-04-16;True;False;;2026-08-28
LU2295319565;MS INVF US Growth A EUR;Morgan Stanley Investment Funds - US Growth Fund A (EUR);MSIM Fund Management (Ireland) Limited;Equity;US Equity Large Cap Growth;RV USA Cap. Grande Growth;EUR;Luxemburgo;7;1;;1.4;-2.31;-3.5;22.22;-3.44;2021-02-26;True;False;;2026-08-28
LU0073232471;MS INVF US Growth A USD;Morgan Stanley Investment Funds - US Growth Fund A (USD);MSIM Fund Management (Ireland) Limited;Equity;US Equity Large Cap Growth;RV USA Cap. Grande Growth;USD;Luxemburgo;7;1;;1.4;-2.92;-3.04;25.33;-3.62;1997-02-03;True;False;0;2026-08-28
IE00BGK04N24;Polen Capital Focus US Gr A Retail;Polen Capital Investment Funds plc - Polen Capital Focus U.S. Growth Fund A Class (Retail);Polen Capital Management, LLC;Equity;US Equity Large Cap Growth;RV USA Cap. Grande Growth;USD;Irlanda;6;1;1.59;1.5;-7.69;-7.67;5.69;-2.25;2014-03-10;True;False;1000;2026-08-28
IE00BF5FQ626;Polen Capital Focus US Gr EUR Retail UnH;Polen Capital Investment Funds plc - Polen Capital Focus U.S. Growth Fund EUR Class (Retail Unhdg);Polen Capital Management, LLC;Equity;US Equity Large Cap Growth;RV USA Cap. Grande Growth;EUR;Irlanda;6;1;1.59;1.5;-6.92;-7.82;3.02;-2.09;2019-02-05;True;False;1000;2026-08-28
IE00B99FTC33;Polen Capital Focus US Gr USD Retail;Polen Capital Investment Funds plc - Polen Capital Focus U.S. Growth Fund USD Class (Retail);Polen Capital Management, LLC;Equity;US Equity Large Cap Growth;RV USA Cap. Grande Growth;USD;Irlanda;6;1;1.59;1.5;-7.69;-7.66;5.7;-2.26;2015-03-13;True;False;1000;2026-08-28
IE00BMPRPP98;Seilern America EUR U R;Seilern America EUR U R;Seilern International AG;Equity;US Equity Large Cap Growth;RV USA Cap. Grande Growth;EUR;Irlanda;6;2;1.65;1.5;-1.79;-2.45;1.46;0.28;2020-04-16;True;False;500;2026-08-28
IE00B1ZBRN64;Seilern America USD U R;Seilern America USD U R;Seilern International AG;Equity;US Equity Large Cap Growth;RV USA Cap. Grande Growth;USD;Irlanda;6;2;1.66;1.5;-2.61;-2.52;4.14;0.09;2007-06-11;True;False;500;2026-08-28
LU0133085943;T. Rowe Price US Blue Chip Eq A;T. Rowe Price Funds SICAV - US Blue Chip Equity Fund A;T. Rowe Price (Luxembourg) Management S.à r.l.;Equity;US Equity Large Cap Growth;RV USA Cap. Grande Growth;USD;Luxemburgo;6;3;1.61;1.5;0.29;6.38;21.17;7.51;2003-02-05;True;False;0;2026-08-28
LU1438969195;T. Rowe Price US Blue Chip Eq A (EUR);T. Rowe Price Funds SICAV - US Blue Chip Equity Fund A (EUR);T. Rowe Price (Luxembourg) Management S.à r.l.;Equity;US Equity Large Cap Growth;RV USA Cap. Grande Growth;EUR;Luxemburgo;6;3;1.61;1.5;0.93;5.92;18.15;7.69;2016-06-30;True;False;1000;2026-08-28
LU1777971893;T. Rowe Price US Lg Cap Gr Eq A EUR;T. Rowe Price Funds SICAV - US Large Cap Growth Equity Fund A (EUR);T. Rowe Price (Luxembourg) Management S.à r.l.;Equity;US Equity Large Cap Growth;RV USA Cap. Grande Growth;EUR;Luxemburgo;6;3;1.6;1.5;6.58;11.66;18.9;9.51;2018-02-20;True;False;2500000;2026-08-28
LU0174119429;T. Rowe Price US Lrg Cap Gr Eq A;T. Rowe Price Funds SICAV - US Large Cap Growth Equity Fund A;T. Rowe Price (Luxembourg) Management S.à r.l.;Equity;US Equity Large Cap Growth;RV USA Cap. Grande Growth;USD;Luxemburgo;6;4;1.59;1.5;5.9;12.17;21.95;9.35;2003-11-13;True;False;0;2026-08-28
LU0198837287;UBS (Lux) ES USA Growth $ P-acc;UBS (Lux) Equity SICAV - USA Growth (USD) P-acc;UBS Asset Management (Europe) S.A.;Equity;US Equity Large Cap Growth;RV USA Cap. Grande Growth;USD;Luxemburgo;6;3;2.09;1.63;5.57;10.53;20.4;9.32;2004-10-08;True;False;;2026-08-28
LU1894682704;Amundi Fds US Equity Rsrch Val A EUR C;Amundi Funds - US Equity Research Value A EUR (C);Amundi Luxembourg S.A.;Equity;US Equity Large Cap Value;RV USA Cap. Grande Value;EUR;Luxemburgo;6;2;1.8;1.5;19.71;23.68;12.87;8.76;2008-12-12;True;False;1;2026-08-28
LU3081004726;Amundi Fds US Equity Rsrch Val A2 EUR C;Amundi Funds - US Equity Research Value A2 EUR (C);Amundi Luxembourg S.A.;Equity;US Equity Large Cap Value;RV USA Cap. Grande Value;EUR;Luxemburgo;;;;1.65;19.59;;;;2025-06-27;True;False;;2026-08-28
LU0072461881;BGF US Basic Value A2;BlackRock Global Funds - US Basic Value Fund A2;BlackRock (Luxembourg) SA;Equity;US Equity Large Cap Value;RV USA Cap. Grande Value;USD;Luxemburgo;5;3;1.81;1.5;15.1;22.43;16.98;9.74;1997-01-08;True;False;5000;2026-08-28
LU0171293920;BGF US Basic Value A2 EUR;BlackRock Global Funds - US Basic Value Fund A2 EUR;BlackRock (Luxembourg) SA;Equity;US Equity Large Cap Value;RV USA Cap. Grande Value;EUR;Luxemburgo;5;3;1.81;1.5;15.84;21.88;14.07;9.96;1997-01-08;True;False;;2026-08-28
IE0031575271;Brandes US Value A Euro;Brandes US Value Fund A Euro Acc;Brandes Investment Partners (Europe) Limited;Equity;US Equity Large Cap Value;RV USA Cap. Grande Value;EUR;Irlanda;6;3;;0.7;16.57;21.46;14.68;10.92;2003-07-17;True;False;10000;2026-08-28
IE0031575388;Brandes US Value A GBP;Brandes US Value Fund A GBP Acc;Brandes Investment Partners (Europe) Limited;Equity;US Equity Large Cap Value;RV USA Cap. Grande Value;GBP;Irlanda;5;3;1.71;0.7;14.61;20.8;14.63;10.92;2005-09-22;True;False;;2026-08-28
IE0031575164;Brandes US Value A USD;Brandes US Value Fund A USD Acc;Brandes Investment Partners (Europe) Limited;Equity;US Equity Large Cap Value;RV USA Cap. Grande Value;USD;Irlanda;6;4;1.71;0.7;15.56;21.64;17.58;10.65;2003-07-17;True;False;10000;2026-08-28
IE00B19Z3920;FTGF CB US Value A EUR Acc;FTGF ClearBridge US Value Fund Class A Euro Accumulating;Franklin Templeton International Services S.à r.l.;Equity;US Equity Large Cap Value;RV USA Cap. Grande Value;EUR;Irlanda;6;3;1.83;1.35;16.54;20.22;13.06;10.17;2007-06-12;True;False;1000;2026-08-28
IE0002270589;FTGF CB US Value A USD Dis(A);FTGF ClearBridge US Value Fund Class A US$ Distributing (A);Franklin Templeton International Services S.à r.l.;Equity;US Equity Large Cap Value;RV USA Cap. Grande Value;USD;Irlanda;6;3;1.83;1.35;15.5;20.29;15.94;9.96;1998-03-23;True;False;1000;2026-08-28
LU0251127410;Fidelity America A-Acc-EUR;Fidelity Funds - America Fund A-Acc-EUR;FIL Investment Management (Luxembourg) S.à r.l.;Equity;US Equity Large Cap Value;RV USA Cap. Grande Value;EUR;Luxemburgo;5;1;;1.5;7.86;12.41;8.01;7.28;2006-07-03;True;False;;2026-08-28
LU0251131958;Fidelity America A-Acc-USD;Fidelity Funds - America Fund A-Acc-USD;FIL Investment Management (Luxembourg) S.à r.l.;Equity;US Equity Large Cap Value;RV USA Cap. Grande Value;USD;Luxemburgo;5;1;;1.5;7.12;12.81;10.82;7.02;2006-07-03;True;False;2500;2026-08-28
LU0048573561;Fidelity America A-Dis;Fidelity Funds - America Fund A-DIST;FIL Investment Management (Luxembourg) S.à r.l.;Equity;US Equity Large Cap Value;RV USA Cap. Grande Value;USD;Luxemburgo;5;1;;1.5;7.15;12.82;10.83;7.02;1990-10-01;True;False;2500;2026-08-28
LU0069450822;Fidelity America A-Dis-EUR;Fidelity Funds - America Fund A-DIST-EUR;FIL Investment Management (Luxembourg) S.à r.l.;Equity;US Equity Large Cap Value;RV USA Cap. Grande Value;EUR;Luxemburgo;5;1;;1.5;7.86;12.43;8.02;7.29;2004-02-16;True;False;;2026-08-28
LU0140362707;Franklin Mutual US Value A acc EUR;Franklin Mutual U.S. Value Fund A(acc)EUR;Franklin Templeton International Services S.à r.l.;Equity;US Equity Large Cap Value;RV USA Cap. Grande Value;EUR;Luxemburgo;5;1;1.83;1.5;11.25;12.49;10.05;6.17;2001-12-31;True;False;;2026-08-28
LU0070302665;Franklin Mutual US Value A acc USD;Franklin Mutual U.S. Value Fund A(acc)USD;Franklin Templeton International Services S.à r.l.;Equity;US Equity Large Cap Value;RV USA Cap. Grande Value;USD;Luxemburgo;6;1;1.84;1.5;10.27;12.63;12.85;5.91;1997-07-07;True;False;1000;2026-08-28
IE00B3N32X37;Heptagon Yacktman US Equity A USD Acc;Heptagon Fund ICAV - Yacktman US Equity Fund A USD Acc;Heptagon Capital Limited;Equity;US Equity Large Cap Value;RV USA Cap. Grande Value;USD;Irlanda;5;4;;1.5;20.52;28.68;15.15;8.44;2011-01-31;True;False;15000;2026-08-28
IE00B95B6G86;Heptagon Yacktman US Equity AE EUR Acc;Heptagon Fund ICAV - Yacktman US Equity Fund AE EUR Acc;Heptagon Capital Limited;Equity;US Equity Large Cap Value;RV USA Cap. Grande Value;EUR;Irlanda;5;4;1.77;1.5;21.54;28.77;12.19;8.64;2013-11-07;True;False;15000;2026-08-28
LU1211166183;JPM US Value A acc EUR;JPMorgan Funds - US Value Fund A (acc) - EUR;JPMorgan Asset Management (Europe) S.à r.l.;Equity;US Equity Large Cap Value;RV USA Cap. Grande Value;EUR;Luxemburgo;5;3;1.72;1.5;15.97;20.41;12.64;9.07;2015-04-09;True;False;35000;2026-08-28
LU0210536511;JPM US Value A acc USD;JPMorgan Funds - US Value Fund A (acc) - USD;JPMorgan Asset Management (Europe) S.à r.l.;Equity;US Equity Large Cap Value;RV USA Cap. Grande Value;USD;Luxemburgo;5;3;1.69;1.5;15.23;21;15.53;8.88;2005-03-31;True;False;35000;2026-08-28
LU0119066727;JPM US Value D acc USD;JPMorgan Funds - US Value Fund D (acc) - USD;JPMorgan Asset Management (Europe) S.à r.l.;Equity;US Equity Large Cap Value;RV USA Cap. Grande Value;USD;Luxemburgo;5;2;2.45;1.5;14.65;20.08;14.64;8.05;2000-10-20;True;False;5000;2026-08-28
LU1670626792;M&G (Lux) North Amer Val A EUR Acc;M&G (Lux) North American Value Fund EUR A Acc;M&G Luxembourg S.A.;Equity;US Equity Large Cap Value;RV USA Cap. Grande Value;EUR;Luxemburgo;5;4;1.71;1.5;20.79;30.38;15.89;11.6;2018-11-09;True;False;1000;2026-08-28
LU1670627097;M&G (Lux) North Amer Val A USD Acc;M&G (Lux) North American Value Fund USD A Acc;M&G Luxembourg S.A.;Equity;US Equity Large Cap Value;RV USA Cap. Grande Value;USD;Luxemburgo;6;4;1.71;1.5;19.68;31.07;18.8;11.38;2018-11-09;True;False;1000;2026-08-28
LU0125979160;MFS Meridian US Value A1 USD;MFS Meridian Funds - U.S. Value Fund A1 USD;MFS Investment Management Company (Lux) S.à.r.l;Equity;US Equity Large Cap Value;RV USA Cap. Grande Value;USD;Luxemburgo;5;2;1.91;1.05;10.38;13.22;12.69;6.41;2002-02-01;True;False;0;2026-08-28
LU0510167009;Robeco BP US Large Cap Equities D $;Robeco BP US Large Cap Equities D $;Robeco Institutional Asset Management BV;Equity;US Equity Large Cap Value;RV USA Cap. Grande Value;USD;Luxemburgo;6;4;1.47;1.25;21.02;27.77;19.62;12.14;2010-05-28;True;False;0;2026-08-28
LU0474363974;Robeco BP US Large Cap Equities D €;Robeco BP US Large Cap Equities D €;Robeco Institutional Asset Management BV;Equity;US Equity Large Cap Value;RV USA Cap. Grande Value;EUR;Luxemburgo;5;4;1.46;1.25;22.05;27.87;16.55;12.35;2010-01-04;True;False;0;2026-08-28
LU0226953718;Robeco BP US Premium Equities D $;Robeco BP US Premium Equities ClassD $;Robeco Institutional Asset Management BV;Equity;US Equity Large Cap Value;RV USA Cap. Grande Value;USD;Luxemburgo;6;3;1.71;1.5;18.88;25.38;16.65;10.52;2005-10-03;True;False;0;2026-08-28
LU0434928536;Robeco BP US Premium Equities D €;Robeco BP US Premium Equities D €;Robeco Institutional Asset Management BV;Equity;US Equity Large Cap Value;RV USA Cap. Grande Value;EUR;Luxemburgo;5;3;1.71;1.5;19.89;25.48;13.65;10.72;2009-07-13;True;False;0;2026-08-28
LU0792910720;Robeco BP US Premium Equities F $;Robeco BP US Premium Equities F $;Robeco Institutional Asset Management BV;Equity;US Equity Large Cap Value;RV USA Cap. Grande Value;USD;Luxemburgo;6;3;0.96;0.75;19.46;26.33;17.53;11.35;2012-07-03;True;False;0;2026-08-28
LU0006061336;BGF US Mid-Cap Value A2;BlackRock Global Funds - US Mid-Cap Value Fund A2;BlackRock (Luxembourg) SA;Equity;US Equity Mid Cap;RV USA Cap. Mediana;USD;Luxemburgo;6;4;1.81;1.5;15.04;17.82;14.33;8.32;1987-05-13;True;False;5000;2026-08-28
LU0171298648;BGF US Mid-Cap Value A2 EUR;BlackRock Global Funds - US Mid-Cap Value Fund A2 EUR;BlackRock (Luxembourg) SA;Equity;US Equity Mid Cap;RV USA Cap. Mediana;EUR;Luxemburgo;6;4;1.81;1.5;15.78;17.29;11.5;8.54;1987-05-13;True;False;;2026-08-28
LU0154245756;BNP Paribas US Mid Cap Classic R;BNP Paribas Funds US Mid CapClassicR;BNP Paribas Asset Management Luxembourg;Equity;US Equity Mid Cap;RV USA Cap. Mediana;USD;Luxemburgo;6;3;;1.75;10.9;15;11.94;5.38;2006-01-31;True;False;0;2026-08-28
LU0674140396;Robeco BP US Select Opports Eqs D $;Robeco BP US Select Opportunities Equities D $;Robeco Institutional Asset Management BV;Equity;US Equity Mid Cap;RV USA Cap. Mediana;USD;Luxemburgo;6;4;1.72;1.5;16.08;15.59;14.66;8.86;2011-09-19;True;False;0;2026-08-28
LU0975848937;Robeco BP US Select Opports Eqs D €;Robeco BP US Select Opportunities Equities D €;Robeco Institutional Asset Management BV;Equity;US Equity Mid Cap;RV USA Cap. Mediana;EUR;Luxemburgo;6;4;1.72;1.5;17.07;15.68;11.71;9.07;2013-10-03;True;False;0;2026-08-28
LU0248178732;Schroder ISF US S&M-Cap Eq A Acc EUR;Schroder International Selection Fund US Small & Mid-Cap Equity A Accumulation EUR;Schroder Investment Management (Europe) S.A.;Equity;US Equity Mid Cap;RV USA Cap. Mediana;EUR;Luxemburgo;6;3;;1.5;20.18;28.67;10.6;6.48;2006-03-28;True;False;1000;2026-08-28
LU0205193047;Schroder ISF US S&M-Cap Eq A Acc USD;Schroder International Selection Fund US Small & Mid-Cap Equity A Accumulation USD;Schroder Investment Management (Europe) S.A.;Equity;US Equity Mid Cap;RV USA Cap. Mediana;USD;Luxemburgo;6;3;;1.5;19.15;29.28;13.36;6.27;2004-12-10;True;False;1000;2026-08-28
LU1339879758;Alger Small Cap Focus A US;Alger SICAV - Alger Small Cap Focus Fund Class A US;Alger Management Ltd;Equity;US Equity Small Cap;RV USA Cap. Pequeña;USD;Luxemburgo;7;1;2.31;1.75;20.49;29.14;15.53;-4.61;2016-01-29;True;False;100;2026-08-28
LU0823410997;BNP Paribas US Small Cap ClassicC;BNP Paribas Funds US Small Cap ClassicC;BNP Paribas Asset Management Luxembourg;Equity;US Equity Small Cap;RV USA Cap. Pequeña;USD;Luxemburgo;6;3;;1.75;16.66;22.93;17.52;7.27;2013-05-17;True;False;0;2026-08-28
LU1864950479;CT (Lux) American Smaller Com 1E EUR;CT (Lux) - American Smaller Companies 1E (EUR Accumulation);Threadneedle Management Luxembourg S.A.;Equity;US Equity Small Cap;RV USA Cap. Pequeña;EUR;Luxemburgo;6;3;1.68;1.5;11.66;14.69;7.99;5.1;2018-10-23;True;False;;2026-08-28
LU1864950719;CT (Lux) American Smaller Com 1U USD;CT (Lux) - American Smaller Companies 1U (USD Accumulation);Threadneedle Management Luxembourg S.A.;Equity;US Equity Small Cap;RV USA Cap. Pequeña;USD;Luxemburgo;6;3;1.68;1.5;10.72;14.61;10.84;4.91;2018-10-23;True;False;;2026-08-28
IE00B19Z4C24;FTGF RY US SmCp Opp A EUR Acc;FTGF Royce US Small Cap Opportunity Fund Class A Euro Accumulating;Franklin Templeton International Services S.à r.l.;Equity;US Equity Small Cap;RV USA Cap. Pequeña;EUR;Irlanda;6;3;1.98;1.5;26.16;30.83;15.18;9.16;2007-07-12;True;False;1000;2026-08-28
IE00B19Z4B17;FTGF RY US SmCp Opp A USD Acc;FTGF Royce US Small Cap Opportunity Fund Class A US$ Accumulating;Franklin Templeton International Services S.à r.l.;Equity;US Equity Small Cap;RV USA Cap. Pequeña;USD;Irlanda;6;3;1.98;1.5;25.12;31;18.16;8.99;2007-05-09;True;False;1000;2026-08-28
IE0031619046;FTGF RY US SmCp Opp A USD Dis(A);FTGF Royce US Small Cap Opportunity Fund Class A US$ Distributing (A);Franklin Templeton International Services S.à r.l.;Equity;US Equity Small Cap;RV USA Cap. Pequeña;USD;Irlanda;6;3;1.98;1.5;25.12;31;18.16;8.99;2002-11-08;True;False;1000;2026-08-28
IE00B19Z6G02;FTGF RY US Smlr Coms A EUR Acc;FTGF Royce US Smaller Companies Fund Class A Euro Accumulating;Franklin Templeton International Services S.à r.l.;Equity;US Equity Small Cap;RV USA Cap. Pequeña;EUR;Irlanda;6;2;2.04;1.5;24.85;25.85;9.66;7.57;2008-10-01;True;False;1000;2026-08-28
IE00BH3Z9Y78;Heptagon Driehaus US Sm Cp Eq AE EUR Acc;Heptagon Fund ICAV - Driehaus US Small Cap Equity Fund AE EUR Acc;Heptagon Capital Limited;Equity;US Equity Small Cap;RV USA Cap. Pequeña;EUR;Irlanda;7;3;1.63;1.5;17.7;31.61;17.98;6.32;2019-10-04;True;False;15000;2026-08-28
LU0401357743;JPM US Small Cap Growth A acc EUR;JPMorgan Funds - US Small Cap Growth Fund A (acc) - EUR;JPMorgan Asset Management (Europe) S.à r.l.;Equity;US Equity Small Cap;RV USA Cap. Pequeña;EUR;Luxemburgo;6;2;1.78;1.5;20.2;23.87;10.89;0.4;2011-05-09;True;False;35000;2026-08-28
LU0210535976;JPM US Small Cap Growth A acc USD;JPMorgan Funds - US Small Cap Growth Fund A (acc) - USD;JPMorgan Asset Management (Europe) S.à r.l.;Equity;US Equity Small Cap;RV USA Cap. Pequeña;USD;Luxemburgo;6;2;1.75;1.5;19.46;24.47;13.73;0.23;2005-03-31;True;False;35000;2026-08-28
LU0053671581;JPM US Small Cap Growth A dist USD;JPMorgan Funds - US Small Cap Growth Fund A (dist) - USD;JPMorgan Asset Management (Europe) S.à r.l.;Equity;US Equity Small Cap;RV USA Cap. Pequeña;USD;Luxemburgo;6;2;1.78;1.5;19.44;24.44;13.71;0.21;1984-09-11;True;False;35000;2026-08-28
LU0117881226;JPM US Small Cap Growth D acc USD;JPMorgan Funds - US Small Cap Growth Fund D (acc) - USD;JPMorgan Asset Management (Europe) S.à r.l.;Equity;US Equity Small Cap;RV USA Cap. Pequeña;USD;Luxemburgo;6;1;2.53;1.5;18.85;23.47;12.85;-0.55;2000-10-13;True;False;5000;2026-08-28
LU0053697206;JPM US Smaller Companies A dist USD;JPMorgan Funds - US Smaller Companies Fund A (dist) - USD;JPMorgan Asset Management (Europe) S.à r.l.;Equity;US Equity Small Cap;RV USA Cap. Pequeña;USD;Luxemburgo;6;1;1.74;1.5;9.49;5.08;6.4;0.88;1988-11-16;True;False;35000;2026-08-28
LU0117881572;JPM US Smaller Companies D acc USD;JPMorgan Funds - US Smaller Companies Fund D (acc) - USD;JPMorgan Asset Management (Europe) S.à r.l.;Equity;US Equity Small Cap;RV USA Cap. Pequeña;USD;Luxemburgo;6;1;2.8;1.5;8.76;3.99;5.29;-0.17;2000-10-13;True;False;5000;2026-08-28
IE000K3S9DW4;Lazard Baylight US Sm Cap Eq BP Acc EUR;Lazard Baylight US Small Cap Equity Fund BP Acc EUR;Lazard Fund Managers (Ireland) Ltd;Equity;US Equity Small Cap;RV USA Cap. Pequeña;EUR;Irlanda;;;;1.65;17.72;17.9;;;2024-11-13;True;False;;2026-08-28
LU0918140210;T. Rowe Price US Smlr Cm Eq A (EUR);T. Rowe Price Funds SICAV - US Smaller Companies Equity Fund A (EUR);T. Rowe Price (Luxembourg) Management S.à r.l.;Equity;US Equity Small Cap;RV USA Cap. Pequeña;EUR;Luxemburgo;6;4;1.72;1.6;17.09;18.82;10.05;5.18;2013-05-22;True;False;1000;2026-08-28
LU0133096635;T. Rowe Price US Smlr Coms Eq A;T. Rowe Price Funds SICAV - US Smaller Companies Equity Fund A;T. Rowe Price (Luxembourg) Management S.à r.l.;Equity;US Equity Small Cap;RV USA Cap. Pequeña;USD;Luxemburgo;6;4;1.72;1.6;16.32;19.37;12.85;4.99;2001-07-31;True;False;0;2026-08-28
LU0566484027;abrdn-Nrth American Sml Comp A Acc USD;abrdn SICAV I - North American Smaller Companies Fund A Acc USD;abrdn Investments Luxembourg S.A.;Equity;US Equity Small Cap;RV USA Cap. Pequeña;USD;Luxemburgo;6;3;;1.5;18.57;20.92;16.42;4.95;2013-10-01;True;False;500;2026-08-28
BE6289210211;DPAM B Eqs US Div Sus A;DPAM B - Equities US Dividend Sustainable A EUR Dis;Degroof Petercam Asset Management SA;Equity;US Equity Large Cap Value;RV USA Dividendo;EUR;Bélgica;6;2;1.82;1.6;13.37;16.26;11.84;8.35;2016-10-26;True;False;1;2026-08-28
BE0947853660;DPAM B Eqs US Div Sus B EUR Cap;DPAM B - Equities US Dividend Sustainable B EUR Cap;Degroof Petercam Asset Management SA;Equity;US Equity Large Cap Value;RV USA Dividendo;EUR;Bélgica;6;3;1.81;1.6;13.39;16.28;11.85;8.48;2008-04-01;True;False;1;2026-08-28
BE0947865789;DPAM B Eqs US Div Sus B USD;DPAM B - Equities US Dividend Sustainable B USD Cap;Degroof Petercam Asset Management SA;Equity;US Equity Large Cap Value;RV USA Dividendo;USD;Bélgica;6;3;1.83;1.6;12.41;16.16;14.77;8.26;2013-12-10;True;False;1;2026-08-28
LU0781238778;DWS Invest II ESG US Top Div LC;DWS Invest II ESG US Top Dividend LC;DWS Investment S.A.;Equity;US Equity Large Cap Value;RV USA Dividendo;EUR;Luxemburgo;5;2;1.61;1.5;11.7;14.53;10.82;8.2;2012-07-02;True;False;0;2026-08-28
LU0781238851;DWS Invest II ESG US Top Div LD;DWS Invest II ESG US Top Dividend LD;DWS Investment S.A.;Equity;US Equity Large Cap Value;RV USA Dividendo;EUR;Luxemburgo;5;2;1.61;1.5;11.71;14.54;10.82;8.2;2012-07-02;True;False;0;2026-08-28
LU0781238935;DWS Invest II ESG US Top Div NC;DWS Invest II ESG US Top Dividend NC;DWS Investment S.A.;Equity;US Equity Large Cap Value;RV USA Dividendo;EUR;Luxemburgo;5;2;2.31;2;11.2;13.74;10.05;7.45;2012-07-02;True;False;0;2026-08-28
LU0781240089;DWS Invest II ESG US Top Div USD LC;DWS Invest II ESG US Top Dividend USD LC;DWS Investment S.A.;Equity;US Equity Large Cap Value;RV USA Dividendo;USD;Luxemburgo;5;2;1.61;1.5;10.67;15.06;13.64;7.99;2014-01-20;True;False;0;2026-08-28
LU0214494824;GS US Equity Income P Cap USD;Goldman Sachs US Equity Income - P Cap USD;Goldman Sachs Asset Management B.V.;Equity;US Equity Large Cap Value;RV USA Dividendo;USD;Luxemburgo;5;3;;1.5;9.71;12.22;14.76;10.52;2005-03-31;True;False;;2026-08-28
LU1670627253;M&G (Lux) North Amer Div A EUR Acc;M&G (Lux) North American Dividend Fund EUR A Acc;M&G Luxembourg S.A.;Equity;US Equity Large Cap Blend;RV USA Dividendo;EUR;Luxemburgo;5;4;1.72;1.5;7.7;12.09;13.48;9.6;2018-11-09;True;False;1000;2026-08-28
LU1670627923;M&G (Lux) North Amer Div A USD Acc;M&G (Lux) North American Dividend Fund USD A Acc;M&G Luxembourg S.A.;Equity;US Equity Large Cap Blend;RV USA Dividendo;USD;Luxemburgo;6;3;1.72;1.5;6.71;12.69;16.34;9.38;2018-11-09;True;False;1000;2026-08-28
LU2066958385;UBS Lux Eurp Entrepreneur Eq Fd P acc;UBS (Lux) Investment SICAV 2 - UBS (Lux) European Entrepreneur Equity Fund P acc;UBS Asset Management (Europe) S.A.;Equity;Europe Equity Mid/Small Cap;RV Zona Euro Cap. Flexible;EUR;Luxemburgo;6;2;;1.92;7.86;13.99;10.76;1.94;2020-02-14;True;False;0;2026-08-28
LU1975717056;White Fleet IV DIVAS Eurz Val R EUR Acc;White Fleet IV - DIVAS Eurozone Value R EUR Acc;DIVAS Asset Management AG;Equity;Europe Equity Large Cap;RV Zona Euro Cap. Flexible;EUR;Luxemburgo;7;4;1.72;1.5;1.1;8.99;13.66;14.37;2019-05-14;True;False;0;2026-08-28
LU0925041153;Abante GF European Quality Equity Fund B;Abante Global Funds European Quality Equity Class B;Abante Asesores Gestión SGIIC;Equity;Europe Equity Large Cap;RV Zona Euro Cap. Grande;EUR;Luxemburgo;7;3;;2;9.2;20.26;17.23;10.96;2013-06-11;True;False;0;2026-08-28
LU0256839944;Allianz Euroland Equity Growth A EUR;Allianz Global Investors Fund - Allianz Euroland Equity Growth A EUR;Allianz Global Investors GmbH;Equity;Europe Equity Large Cap;RV Zona Euro Cap. Grande;EUR;Luxemburgo;6;1;1.8;1.8;4.14;5.34;2.87;-4.17;2006-10-16;True;False;0;2026-08-28
LU0256840447;Allianz Euroland Equity Growth AT EUR;Allianz Global Investors Fund - Allianz Euroland Equity Growth AT EUR;Allianz Global Investors GmbH;Equity;Europe Equity Large Cap;RV Zona Euro Cap. Grande;EUR;Luxemburgo;6;1;1.8;1.8;4.14;5.33;2.87;-4.17;2006-10-16;True;False;0;2026-08-28
LU3204039369;Allianz European Autonomy AT EUR;Allianz Global Investors Fund - Allianz European Autonomy AT EUR;Allianz Global Investors GmbH;Equity;Europe Equity Large Cap;RV Zona Euro Cap. Grande;EUR;Luxemburgo;6;;1.8;2.1;10.89;15.42;;;2025-11-13;True;False;;2026-08-28
LU0389811372;Amundi MSCI EMU ESG Selection - AE (C);Amundi MSCI EMU ESG Selection - AE (C);Amundi Luxembourg S.A.;Equity;Europe Equity Large Cap;RV Zona Euro Cap. Grande;EUR;Luxemburgo;6;4;0.3;0.15;21.38;30.59;17.53;10.38;2008-09-23;True;True;0;2026-08-28
LU0093502762;BGF Euro-Markets A2;BlackRock Global Funds - Euro-Markets Fund A2;BlackRock (Luxembourg) SA;Equity;Europe Equity Large Cap;RV Zona Euro Cap. Grande;EUR;Luxemburgo;6;3;1.82;1.5;10.19;14.77;14.28;6.89;1999-01-04;True;False;5000;2026-08-28
LU0171277485;BGF Euro-Markets A2 USD;BlackRock Global Funds - Euro-Markets Fund A2 USD;BlackRock (Luxembourg) SA;Equity;Europe Equity Large Cap;RV Zona Euro Cap. Grande;USD;Luxemburgo;6;3;1.82;1.5;9.5;15.31;17.2;6.68;1999-01-04;True;False;5000;2026-08-28
ES0114754031;Bankinter Índice Europeo R FI;Bankinter Índice Europeo R FI;Bankinter Gestión de Activos SGIIC;Equity;Europe Equity Large Cap;RV Zona Euro Cap. Grande;EUR;España;6;3;1.19;1;12.8;20.82;16.41;9.78;2000-07-10;True;False;1;2026-08-28
BE0058181786;DPAM B Equities Euroland A Dis;DPAM B - Equities Euroland A Dis;Degroof Petercam Asset Management SA;Equity;Europe Equity Large Cap;RV Zona Euro Cap. Grande;EUR;Bélgica;6;3;1.81;1.6;13.35;18.52;13.65;7.07;1998-04-18;True;False;1;2026-08-28
BE0058182792;DPAM B Equities Euroland B Cap;DPAM B - Equities Euroland B Cap;Degroof Petercam Asset Management SA;Equity;Europe Equity Large Cap;RV Zona Euro Cap. Grande;EUR;Bélgica;6;3;1.75;1.6;13.39;18.59;13.71;6.91;1998-04-18;True;False;1;2026-08-28
LU1769938041;DWS Invest CROCI Euro LC;DWS Invest CROCI Euro LC;DWS Investment S.A.;Equity;Europe Equity Large Cap;RV Zona Euro Cap. Grande;EUR;Luxemburgo;6;3;1.15;1;20.23;33.36;13.09;6.78;2018-08-28;True;False;0;2026-08-28
LU0145644893;DWS Invest ESG Top Euroland LC;DWS Invest ESG Top Euroland LC;DWS Investment S.A.;Equity;Europe Equity Large Cap;RV Zona Euro Cap. Grande;EUR;Luxemburgo;6;3;1.6;1.5;10.67;19.81;13.87;6.13;2002-06-03;True;False;0;2026-08-28
LU0261952682;Fidelity Euro 50 Index A-Acc-EUR;Fidelity Funds - Euro 50 Index Fund A-Acc-EUR;FIL Investment Management (Luxembourg) S.à r.l.;Equity;Europe Equity Large Cap;RV Zona Euro Cap. Grande;EUR;Luxemburgo;6;4;;1.5;12.6;21.48;17.97;11.96;2006-09-25;True;True;2500;2026-08-28
LU0069450319;Fidelity Euro 50 Index A-Dis-EUR;Fidelity Funds - Euro 50 Index Fund A-DIST-EUR;FIL Investment Management (Luxembourg) S.à r.l.;Equity;Europe Equity Large Cap;RV Zona Euro Cap. Grande;EUR;Luxemburgo;6;4;;1.5;12.56;21.43;17.95;11.96;1996-10-08;True;True;;2026-08-28
LU0238202427;Fidelity Sustainable Euroz Eq A-Acc-EUR;Fidelity Funds - Sustainable Eurozone Equity Fund A-Acc-EUR;FIL Investment Management (Luxembourg) S.à r.l.;Equity;Europe Equity Large Cap;RV Zona Euro Cap. Grande;EUR;Luxemburgo;6;2;1.92;1.5;7.67;11.84;10.53;4.81;2005-12-12;True;False;;2026-08-28
LU2219351876;Fidelity Sustainable Euroz Eq A-Inc-EUR;Fidelity Funds - Sustainable Eurozone Equity Fund A-Inc-EUR;FIL Investment Management (Luxembourg) S.à r.l.;Equity;Europe Equity Large Cap;RV Zona Euro Cap. Grande;EUR;Luxemburgo;6;2;;1.5;7.62;11.77;10.51;4.8;2021-02-10;True;False;2500;2026-08-28
LU0127786431;GS Eurozone EQ Inc-P Cap EUR;Goldman Sachs Eurozone Equity Income - P Cap EUR;Goldman Sachs Asset Management B.V.;Equity;Europe Equity Large Cap;RV Zona Euro Cap. Grande;EUR;Luxemburgo;5;4;;1.5;14.68;21.86;16.37;11.28;1999-04-08;True;False;0;2026-08-28
LU1240328812;Invesco Euro Equity A EUR Acc;Invesco Funds - Invesco Euro Equity Fund A Accumulation EUR;Invesco Management S.A.;Equity;Europe Equity Large Cap;RV Zona Euro Cap. Grande;EUR;Luxemburgo;5;3;;1.5;19.07;25.35;15.17;11.04;2015-10-02;True;False;1000;2026-08-28
LU0661985969;JPM Euroland Dynamic A perf acc EUR;JPMorgan Funds - Euroland Dynamic Fund A (perf) (acc) EUR;JPMorgan Asset Management (Europe) S.à r.l.;Equity;Europe Equity Large Cap;RV Zona Euro Cap. Grande;EUR;Luxemburgo;5;4;1.79;1.5;10.62;17.4;19.08;11.21;2011-09-20;True;False;35000;2026-08-28
LU0661986348;JPM Euroland Dynamic D perf acc EUR;JPMorgan Funds - Euroland Dynamic Fund D (perf) (acc) EUR;JPMorgan Asset Management (Europe) S.à r.l.;Equity;Europe Equity Large Cap;RV Zona Euro Cap. Grande;EUR;Luxemburgo;5;4;2.55;1.5;10.06;16.47;18.4;10.5;2011-09-20;True;False;5000;2026-08-28
LU0210529490;JPM Euroland Equity A acc EUR;JPMorgan Funds - Euroland Equity Fund A (acc) EUR;JPMorgan Asset Management (Europe) S.à r.l.;Equity;Europe Equity Large Cap;RV Zona Euro Cap. Grande;EUR;Luxemburgo;5;4;1.73;1.5;11.7;21.33;17.81;10.69;2005-03-31;True;False;35000;2026-08-28
LU0089640097;JPM Euroland Equity A dist EUR;JPMorgan Funds - Euroland Equity Fund A (dist) EUR;JPMorgan Asset Management (Europe) S.à r.l.;Equity;Europe Equity Large Cap;RV Zona Euro Cap. Grande;EUR;Luxemburgo;5;4;1.73;1.5;11.7;21.33;17.81;10.68;1988-11-30;True;False;35000;2026-08-28
LU0117858166;JPM Euroland Equity D acc EUR;JPMorgan Funds - Euroland Equity Fund D (acc) EUR;JPMorgan Asset Management (Europe) S.à r.l.;Equity;Europe Equity Large Cap;RV Zona Euro Cap. Grande;EUR;Luxemburgo;5;3;2.49;1.5;11.12;20.37;16.9;9.84;2000-10-13;True;False;5000;2026-08-28
LU0011889846;Janus Henderson Hrzn Euroland A2 EUR;Janus Henderson Horizon Euroland Fund A2 EUR;Janus Henderson Investors;Equity;Europe Equity Large Cap;RV Zona Euro Cap. Grande;EUR;Luxemburgo;5;4;1.87;1.2;18.31;24.48;19.32;10.81;1984-07-02;True;False;2500;2026-08-28
LU0255981135;Pictet-Euroland Index R EUR;Pictet-Euroland Index R EUR;Pictet Asset Management (Europe) SA;Equity;Europe Equity Large Cap;RV Zona Euro Cap. Grande;EUR;Luxemburgo;6;4;0.76;0.9;14;21.86;17.51;10.27;2006-06-29;True;True;0;2026-08-28
LU0106235293;Schroder ISF EURO Equity A Acc EUR;Schroder International Selection Fund EURO Equity A Accumulation EUR;Schroder Investment Management (Europe) S.A.;Equity;Europe Equity Large Cap;RV Zona Euro Cap. Grande;EUR;Luxemburgo;6;2;1.83;1.5;11.43;14.81;15.75;6.66;2000-01-17;True;False;1000;2026-08-28
LU0091115906;Schroder ISF EURO Equity A Dis EUR AV;Schroder International Selection Fund EURO Equity A Distribution EUR AV;Schroder Investment Management (Europe) S.A.;Equity;Europe Equity Large Cap;RV Zona Euro Cap. Grande;EUR;Luxemburgo;6;2;1.83;1.5;11.43;14.81;15.75;6.66;1998-11-20;True;False;1000;2026-08-28
LU0150928074;Schroder ISF EURO Equity A1 Acc USD;Schroder International Selection Fund EURO Equity A1 Accumulation USD;Schroder Investment Management (Europe) S.A.;Equity;Europe Equity Large Cap;RV Zona Euro Cap. Grande;USD;Luxemburgo;6;2;2.33;1.5;9.91;14.78;18.04;5.91;2002-06-28;True;False;1000;2026-08-28
LU0106235376;Schroder ISF EURO Equity B Acc EUR;Schroder International Selection Fund EURO Equity B Accumulation EUR;Schroder Investment Management (Europe) S.A.;Equity;Europe Equity Large Cap;RV Zona Euro Cap. Grande;EUR;Luxemburgo;6;2;2.43;1.5;10.99;14.13;15.05;6.02;2000-01-17;True;False;1000;2026-08-28
IE0008248803;Vanguard €z Stk Idx € Acc;Vanguard Eurozone Stock Index Fund EUR Acc;Vanguard Group (Ireland) Limited;Equity;Europe Equity Large Cap;RV Zona Euro Cap. Grande;EUR;Irlanda;6;4;0.12;0.12;13.54;21.95;18.04;10.72;2001-10-25;True;True;1000000;2026-08-28
IE0003867441;BNY Mellon Small Cap Euroland EUR A Acc;BNY Mellon Small Cap Euroland Fund EUR A Acc;BNY Mellon Fund Management (Lux) S.A.;Equity;Europe Equity Mid/Small Cap;RV Zona Euro Cap. Mediana;EUR;Irlanda;6;4;;2;8.67;13.81;12.57;5.46;2003-05-09;True;False;5000;2026-08-28
IE0003867557;BNY Mellon Small Cap Euroland USD A Acc;BNY Mellon Small Cap Euroland Fund USD A Acc;BNY Mellon Fund Management (Lux) S.A.;Equity;Europe Equity Mid/Small Cap;RV Zona Euro Cap. Mediana;USD;Irlanda;6;4;;2;7.67;14.42;15.46;5.27;2014-07-16;True;False;5000;2026-08-28
FR0010288308;Groupama Avenir Euro NC;Groupama Avenir Euro NC;Groupama Asset Management;Equity;Europe Equity Mid/Small Cap;RV Zona Euro Cap. Mediana;EUR;Francia;6;2;;2.02;-5.12;-4.58;0.99;-7.54;2006-04-25;True;False;500;2026-08-28
FR0010547869;Sextant PME A;Sextant PME A;Amiral Gestion;Equity;Europe Equity Mid/Small Cap;RV Zona Euro Cap. Pequeña;EUR;Francia;6;3;;2.3;2.2;5.35;6.88;0.68;2007-12-17;True;False;0;2026-08-28
NL0006238131;Robeco Afrika Fonds – EUR E;Robeco Afrika Fonds – EUR E;Robeco Institutional Asset Management BV;Equity;Africa Equity;RV África;EUR;Holanda;6;4;;1.75;14.88;44.24;28.42;14.96;2008-06-09;True;False;0;2026-08-28
LU2539333562;JPM Mdl Est, Afr & Em Eurp Opps A accEUR;JPMorgan Funds - Middle East, Africa & Emerging Europe Opportunities Fund A (acc) EUR;JPMorgan Asset Management (Europe) S.à r.l.;Equity;Africa Equity;RV África y Oriente Medio;EUR;Luxemburgo;5;5;1.8;1.5;12.49;19.01;16.65;;2023-01-31;True;False;35000;2026-08-28
LU2539336078;JPM Mdl Est, Afr & Em Eurp Opps A accUSD;JPMorgan Funds - Middle East, Africa & Emerging Europe Opportunities Fund A (acc) USD;JPMorgan Asset Management (Europe) S.à r.l.;Equity;Africa Equity;RV África y Oriente Medio;USD;Luxemburgo;6;5;1.8;1.5;11.77;19.55;19.49;;2023-01-31;True;False;35000;2026-08-28
LU2539336235;JPM Mdl Est, Afr & Em Eurp Opps A disUSD;JPMorgan Funds - Middle East, Africa & Emerging Europe Opportunities Fund A (dist) USD;JPMorgan Asset Management (Europe) S.à r.l.;Equity;Africa Equity;RV África y Oriente Medio;USD;Luxemburgo;6;5;1.8;1.5;11.76;19.55;19.5;;2023-01-31;True;False;35000;2026-08-28
LU2539337043;JPM Mdl Est, Afr & Em Eurp Opps D accEUR;JPMorgan Funds - Middle East, Africa & Emerging Europe Opportunities Fund D (acc) EUR;JPMorgan Asset Management (Europe) S.à r.l.;Equity;Africa Equity;RV África y Oriente Medio;EUR;Luxemburgo;5;5;2.8;1.5;11.76;17.83;15.49;;2023-01-31;True;False;5000;2026-08-28
LU2539337126;JPM Mdl Est, Afr & Em Eurp Opps D accUSD;JPMorgan Funds - Middle East, Africa & Emerging Europe Opportunities Fund D (acc) USD;JPMorgan Asset Management (Europe) S.à r.l.;Equity;Africa Equity;RV África y Oriente Medio;USD;Luxemburgo;6;5;2.8;1.5;11.04;18.36;18.29;;2023-01-31;True;False;5000;2026-08-28
IE00B8J38129;Algebris Financial Credit R EUR Acc;Algebris UCITS Funds plc - Algebris Financial Credit Fund R EUR Acc;Algebris (UK) Limited;Fixed Income;Europe Fixed Income;EUR Deuda Subordinada;EUR;Irlanda;4;4;1.98;1.2;1.49;3.19;8.35;2.81;2013-01-22;True;False;10000;2026-08-28
IE00B8XCT900;Algebris Financial Credit Rd EUR Inc;Algebris UCITS Funds plc - Algebris Financial Credit Fund Rd EUR Inc;Algebris (UK) Limited;Fixed Income;Europe Fixed Income;EUR Deuda Subordinada;EUR;Irlanda;4;4;1.99;1.2;1.48;3.2;8.43;2.86;2013-04-12;True;False;10000;2026-08-28
LU1883334275;Amundi Fds Glb Subrdntd Bd A EUR C;Amundi Funds - Global Subordinated Bond A EUR (C);Amundi Luxembourg S.A.;Fixed Income;Europe Fixed Income;EUR Deuda Subordinada;EUR;Luxemburgo;4;3;1.67;1.2;0.86;2.45;10.79;2.75;2015-12-10;True;False;1;2026-08-28
FR0013277571;Echiquier Hybrid Bonds A;Echiquier Hybrid Bonds A;La Financière de l'Echiquier;Fixed Income;Europe Fixed Income;EUR Deuda Subordinada;EUR;Francia;3;2;;1.3;0.47;1.57;5.81;1.21;2017-09-12;True;False;100;2026-08-28
FR0011034495;EdR SICAV Financial Bonds A EUR;EdR SICAV - Financial Bonds A EUR;Edmond de Rothschild Asset Management (France);Fixed Income;Europe Fixed Income;EUR Deuda Subordinada;EUR;Francia;4;3;;1.15;1.23;2.67;7.31;2.05;2011-04-08;True;False;1;2026-08-28
FR0011289966;EdR SICAV Financial Bonds B EUR;EdR SICAV - Financial Bonds B EUR;Edmond de Rothschild Asset Management (France);Fixed Income;Europe Fixed Income;EUR Deuda Subordinada;EUR;Francia;4;4;;1.15;1.21;2.65;7.48;2.53;2012-07-25;True;False;1;2026-08-28
IE00B567SW70;GAM Star Credit Opps (EUR) Ord EUR Acc;GAM Star Fund plc - GAM Star Credit Opportunities (EUR) Class Ordinary EUR Accumulation;GAM Fund Management Limited;Fixed Income;Europe Fixed Income;EUR Deuda Subordinada;EUR;Irlanda;4;2;;1.35;0.75;1.4;7.74;0.44;2011-07-05;True;False;10000;2026-08-28
FR0013259181;Groupama Euro Financial Debt NC;Groupama Euro Financial Debt NC;Groupama Asset Management;Fixed Income;Europe Fixed Income;EUR Deuda Subordinada;EUR;Francia;4;4;;1.47;2.22;5.01;9.05;2.6;2017-05-31;True;False;1;2026-08-28
LU1111708357;JSS Twelve Sust Ins Bd P EUR Acc;JSS Twelve Sustainable Insurance Bond P EUR Acc;J. Safra Sarasin Fund Management (Luxembourg) S.A.;Fixed Income;Europe Fixed Income;EUR Deuda Subordinada;EUR;Luxemburgo;3;2;1.33;1.1;0.22;1.53;6.23;0.99;2014-12-01;True;False;0;2026-08-28
FR0011766401;La Française Sub Debt R;La Française Sub Debt R;Crédit Mutuel Asset Management;Fixed Income;Europe Fixed Income;EUR Deuda Subordinada;EUR;Francia;3;3;;1.15;1.33;2.72;7.58;1.33;2014-03-12;True;False;50000;2026-08-28
FR0013306727;Lazard Capital Fi SRI RVC EUR;Lazard Capital Fi SRI RVC EUR;Lazard Frères Gestion;Fixed Income;Europe Fixed Income;EUR Deuda Subordinada;EUR;Francia;5;4;;1.82;2.38;4.48;10.6;3.18;2018-03-16;True;False;1;2026-08-28
FR0010952796;Lazard Capital Fi SRI RVD EUR;Lazard Capital Fi SRI RVD EUR;Lazard Frères Gestion;Fixed Income;Europe Fixed Income;EUR Deuda Subordinada;EUR;Francia;5;4;;1.82;2.37;4.48;10.61;3.19;2010-11-30;True;False;1;2026-08-28
IE00BYV1RN13;Neuberger Corporate Hyb Bd EUR A Acc;Neuberger Corporate Hybrid Bond Fund EUR A Accumulating Class;Neuberger Berman Asset Management Ireland Limited;Fixed Income;Europe Fixed Income;EUR Deuda Subordinada;EUR;Irlanda;4;2;1.26;1.2;0.47;2;6.37;0.8;2016-06-03;True;False;1000;2026-08-28
LU0772944145;Nordea 1 - European Fincl Dbt BP EUR;Nordea 1 - European Financial Debt Fund BP EUR;Nordea Investment Funds SA;Fixed Income;Europe Fixed Income;EUR Deuda Subordinada;EUR;Luxemburgo;4;4;;1;1.07;2;7.99;2.29;2012-09-28;True;False;0;2026-08-28
LU2947881152;Robeco Corporate Hybrid Bonds DH €;Robeco Corporate Hybrid Bonds DH €;Robeco Institutional Asset Management BV;Fixed Income;Europe Fixed Income;EUR Deuda Subordinada;EUR;Luxemburgo;4;;1.13;0.9;0.25;1.78;;;2024-12-17;True;False;0;2026-08-28
LU0622663093;Robeco Financial Institutions Bds B €;Robeco Financial Institutions Bonds B €;Robeco Institutional Asset Management BV;Fixed Income;Europe Fixed Income;EUR Deuda Subordinada;EUR;Luxemburgo;3;3;1.02;0.8;0.72;1.73;6.57;1.36;2011-05-16;True;False;0;2026-08-28
LU0622663176;Robeco Financial Institutions Bds D €;Robeco Financial Institutions Bonds D €;Robeco Institutional Asset Management BV;Fixed Income;Europe Fixed Income;EUR Deuda Subordinada;EUR;Luxemburgo;3;3;1.02;0.8;0.71;1.73;6.57;1.36;2011-05-16;True;False;0;2026-08-28
LU0599119707;SWC (LU) BF Cmtt COCO ATH EUR;Swisscanto (LU) Bond Fund - Swisscanto (LU) Bond Fund Committed COCO ATH EUR;Swisscanto Asset Management International S.A.;Fixed Income;Europe Fixed Income;EUR Deuda Subordinada;EUR;Luxemburgo;4;4;1.6;1.5;1.62;3.88;9.04;2.87;2011-05-31;True;False;10000;2026-08-28
LU1585264176;Tikehau Subfin RS Acc;Tikehau Subfin Fund RS Acc;Tikehau Investment Management;Fixed Income;Europe Fixed Income;EUR Deuda Subordinada;EUR;Luxemburgo;4;3;1.25;1.1;2.23;3.33;8.77;2.32;2017-07-24;True;False;1000;2026-08-28
LU0277197249;BGF Asian Tiger Bond E2 EUR;BlackRock Global Funds - Asian Tiger Bond Fund E2 EUR;BlackRock (Luxembourg) SA;Fixed Income;Asia Fixed Income;RF Asia;EUR;Luxemburgo;4;2;1.71;1;1.8;3.36;4.39;-0.63;2002-07-11;True;False;;2026-08-28
LU0229951891;Templeton Asian Bond A(acc)EUR;Templeton Asian Bond Fund A(acc)EUR;Franklin Templeton International Services S.à r.l.;Fixed Income;Asia Fixed Income;RF Asia - Moneda Local;EUR;Luxemburgo;4;1;1.47;1.05;1.5;-0.18;-0.96;-0.97;2005-10-25;True;False;;2026-08-28
FR0012903276;AXA IM Europe Short Duration High Yld AC;AXA IM Europe Short Duration High Yield AC;BNP PARIBAS ASSET MANAGEMENT Europe;Fixed Income;Europe Fixed Income;RF Bonos Alto Rendimiento EUR;EUR;Francia;4;3;;1.2;1.89;2.75;4.68;2.57;2015-10-02;True;False;0;2026-08-28
LU0658026603;AXAIMFIIS Europe Short Dur HY F Cap EUR;AXA IM Fixed Income Investment Strategies - Europe Short Duration High Yield F Capitalisation EUR;BNP PARIBAS ASSET MANAGEMENT Europe;Fixed Income;Europe Fixed Income;RF Bonos Alto Rendimiento EUR;EUR;Luxemburgo;4;2;1.16;1;1.72;2.5;4.41;2.49;2011-08-05;True;False;0;2026-08-28
LU1191877379;BGF European High Yield Bond A2;BlackRock Global Funds - European High Yield Bond Fund A2;BlackRock (Luxembourg) SA;Fixed Income;Europe Fixed Income;RF Bonos Alto Rendimiento EUR;EUR;Luxemburgo;3;4;1.21;1;1.95;2.88;7.49;2.61;2015-07-23;True;False;5000;2026-08-28
LU0206510082;BlueBay High Yield ESG Bond R EUR;BlueBay Funds - BlueBay High Yield ESG Bond Fund R - EUR;BlueBay Funds Management Company S.A.;Fixed Income;Europe Fixed Income;RF Bonos Alto Rendimiento EUR;EUR;Luxemburgo;3;4;1.41;1.25;1.02;2;6.18;2.18;2004-10-11;True;False;0;2026-08-28
FR0011829134;CM-AM High Yield Short Duration RC;CM-AM High Yield Short Duration RC;Crédit Mutuel Asset Management;Fixed Income;Global Fixed Income;RF Bonos Alto Rendimiento EUR;EUR;Francia;4;4;0.4;1;1.5;2.98;6;3.67;2014-04-30;True;False;0;2026-08-28
LU1979271860;CT (Lux) - European S/T HY Bd AE;CT (Lux) - European Short-Term High Yield Bond AE;Threadneedle Management Luxembourg S.A.;Fixed Income;Europe Fixed Income;RF Bonos Alto Rendimiento EUR;EUR;Luxemburgo;3;3;0.9;0.75;2.46;3.3;5.71;3.3;2019-07-17;True;False;2500;2026-08-28
LU1829334579;CT (Lux) - Eurp High Yld Bd 1E;CT (Lux) - European High Yield Bond 1E (EUR Accumulation Shares);Threadneedle Management Luxembourg S.A.;Fixed Income;Europe Fixed Income;RF Bonos Alto Rendimiento EUR;EUR;Luxemburgo;3;3;1.38;1.2;1.65;2.43;6.32;1.73;2018-08-29;True;False;0;2026-08-28
LU0012119607;Candriam Bds Euro High Yld C EUR Cap;Candriam Bonds Euro High Yield Class C EUR Cap;Candriam;Fixed Income;Europe Fixed Income;RF Bonos Alto Rendimiento EUR;EUR;Luxemburgo;3;4;;1.2;0.9;2.17;6.09;2.59;1989-05-31;True;False;0;2026-08-28
LU0616839501;DWS Invest Euro High Yield Corp LC;DWS Invest Euro High Yield Corporates LC;DWS Investment S.A.;Fixed Income;Europe Fixed Income;RF Bonos Alto Rendimiento EUR;EUR;Luxemburgo;3;3;1.18;1.1;2.68;2.9;5.91;2.35;2012-07-30;True;False;0;2026-08-28
LU0616839766;DWS Invest Euro High Yield Corp LD;DWS Invest Euro High Yield Corporates LD;DWS Investment S.A.;Fixed Income;Europe Fixed Income;RF Bonos Alto Rendimiento EUR;EUR;Luxemburgo;3;3;1.18;1.1;2.67;2.89;5.91;2.35;2012-07-30;True;False;0;2026-08-28
LU0146855530;EDM Intern. High Yield Sh Duration;EDM International High Yield Short Duration;EDM Gestion, S.A.U., S.G.I.I.C.;Fixed Income;Europe Fixed Income;RF Bonos Alto Rendimiento EUR;EUR;Luxemburgo;4;1;;1.5;0.84;1.77;3.44;0.99;2011-10-06;True;False;0;2026-08-28
LU0251130802;Fidelity European Hi Yld A-Acc-EUR;Fidelity Funds - European High Yield Fund A-Acc-EUR;FIL Investment Management (Luxembourg) S.à r.l.;Fixed Income;Europe Fixed Income;RF Bonos Alto Rendimiento EUR;EUR;Luxemburgo;3;3;;1;1.8;2.04;6.87;2.18;2006-07-03;True;False;2500;2026-08-28
LU0210531470;JPM Europe High Yield Bond A acc EUR;JPMorgan Funds - Europe High Yield Bond Fund A (acc) EUR;JPMorgan Asset Management (Europe) S.à r.l.;Fixed Income;Europe Fixed Income;RF Bonos Alto Rendimiento EUR;EUR;Luxemburgo;4;3;0.95;0.75;1.33;2.46;5.76;2.19;2005-03-31;True;False;35000;2026-08-28
LU0117897578;JPM Europe High Yield Bond D acc EUR;JPMorgan Funds - Europe High Yield Bond Fund D (acc) EUR;JPMorgan Asset Management (Europe) S.à r.l.;Fixed Income;Europe Fixed Income;RF Bonos Alto Rendimiento EUR;EUR;Luxemburgo;4;2;1.5;0.75;0.96;1.89;5.18;1.63;2000-10-13;True;False;5000;2026-08-28
LU0828815570;Janus Henderson Hrzn Euro HY Bd A2 EUR;Janus Henderson Horizon Euro High Yield Bond Fund A2 EUR;Janus Henderson Investors;Fixed Income;Europe Fixed Income;RF Bonos Alto Rendimiento EUR;EUR;Luxemburgo;3;3;1.17;0.75;1.28;1.92;6.94;1.54;2012-11-19;True;False;2500;2026-08-28
LU1720111282;LSF-Arcano Lw Vol Eurp Inc-ESG Sel RE-A;LUXEMBOURG SELECTION FUND - Arcano Low Volat Europ Inc Fd - ESG Selection RE-A;Arcano Capital SGIIC;Fixed Income;Europe Fixed Income;RF Bonos Alto Rendimiento EUR;EUR;Luxemburgo;3;4;1.5;1.3;1.5;2.62;6.01;3.37;2018-03-28;True;False;1;2026-08-28
LU1720111795;LSF-Arcano Lw Vol Eurp Inc-ESG Sel RE-D;LUXEMBOURG SELECTION FUND - Arcano Low Volat Europ Inc Fd - ESG Selection RE-D;Arcano Capital SGIIC;Fixed Income;Europe Fixed Income;RF Bonos Alto Rendimiento EUR;EUR;Luxemburgo;3;4;1.5;1.3;1.49;2.62;6.01;2.79;2021-03-19;True;False;1;2026-08-28
LU0073255761;MS INVF European HY Bd A;Morgan Stanley Investment Funds - European High Yield Bond Fund A;MSIM Fund Management (Ireland) Limited;Fixed Income;Europe Fixed Income;RF Bonos Alto Rendimiento EUR;EUR;Luxemburgo;3;3;1.09;0.85;1.95;3.18;6.63;2.45;1998-12-01;True;False;0;2026-08-28
IE00BJ4XDR50;Muzinich Europeyield HEUR Acc R;Muzinich Europeyield Fund Hedged Euro Accumulation R Units;Muzinich & Co. (Ireland) Limited;Fixed Income;Europe Fixed Income;RF Bonos Alto Rendimiento EUR;EUR;Irlanda;3;3;;1.5;1.68;2.82;6.65;2.59;2016-03-08;True;False;1000;2026-08-28
LU0255640731;Nordea 1 - European High Yld Bd AP EUR;Nordea 1 - European High Yield Bond Fund AP EUR;Nordea Investment Funds SA;Fixed Income;Europe Fixed Income;RF Bonos Alto Rendimiento EUR;EUR;Luxemburgo;4;3;;1;1.7;3.07;7.25;2.46;2006-06-30;True;False;0;2026-08-28
LU0836286186;Nordea 1 - European High Yld Bd AP USD;Nordea 1 - European High Yield Bond Fund AP USD;Nordea Investment Funds SA;Fixed Income;Europe Fixed Income;RF Bonos Alto Rendimiento EUR;USD;Luxemburgo;4;3;;1;0.71;3.55;9.96;2.25;2012-10-05;True;False;;2026-08-28
LU0141799501;Nordea 1 - European High Yld Bd BP EUR;Nordea 1 - European High Yield Bond Fund BP EUR;Nordea Investment Funds SA;Fixed Income;Europe Fixed Income;RF Bonos Alto Rendimiento EUR;EUR;Luxemburgo;4;3;;1;1.7;3.07;7.26;2.47;2006-01-04;True;False;0;2026-08-28
LU1486845537;Oddo BHF Euro Credit Short Dur CR-EUR;Oddo BHF Euro Credit Short Duration CR-EUR;ODDO BHF Asset Management SAS;Fixed Income;Europe Fixed Income;RF Bonos Alto Rendimiento EUR;EUR;Luxemburgo;3;3;;0.8;1.37;2.49;4.19;2.62;2016-10-11;True;False;100;2026-08-28
LU0726357527;Pictet-EUR Short Term High Yield P EUR;Pictet-EUR Short Term High Yield P EUR;Pictet Asset Management (Europe) SA;Fixed Income;Europe Fixed Income;RF Bonos Alto Rendimiento EUR;EUR;Luxemburgo;4;3;1.17;1.6;1.68;2.7;5.26;2.82;2012-01-30;True;False;0;2026-08-28
LU0726357790;Pictet-EUR Short Term High Yield P dyEUR;Pictet-EUR Short Term High Yield P dy EUR;Pictet Asset Management (Europe) SA;Fixed Income;Europe Fixed Income;RF Bonos Alto Rendimiento EUR;EUR;Luxemburgo;3;3;1.17;1.6;1.67;2.69;5.26;2.82;2012-01-30;True;False;0;2026-08-28
LU0981470551;QSF - Quaestio European HY Bd RA;QSF - Quaestio European High Yield Bond Fund Class RA;Quaestio Capital SGR S.p.A;Fixed Income;Europe Fixed Income;RF Bonos Alto Rendimiento EUR;EUR;Luxemburgo;;3;;1.75;1.02;1.83;6.64;;2022-09-09;True;False;;2026-08-28
LU0849399786;Schroder ISF EURO Hi Yld A Acc;Schroder International Selection Fund EURO High Yield A Accumulation;Schroder Investment Management (Europe) S.A.;Fixed Income;Europe Fixed Income;RF Bonos Alto Rendimiento EUR;EUR;Luxemburgo;4;4;;1;1.99;2.51;7.94;2.67;2012-11-14;True;False;1000;2026-08-28
LU0849400543;Schroder ISF EURO Hi Yld A Dis EUR QV;Schroder International Selection Fund EURO High Yield A Distribution EUR QV;Schroder Investment Management (Europe) S.A.;Fixed Income;Europe Fixed Income;RF Bonos Alto Rendimiento EUR;EUR;Luxemburgo;4;4;;1;1.99;2.51;7.94;2.67;2012-11-14;True;False;1000;2026-08-28
LU0086177085;UBS (Lux) BF Euro Hi Yld € P-acc;UBS (Lux) Bond Fund - Euro High Yield (EUR) P-acc;UBS Asset Management (Europe) S.A.;Fixed Income;Europe Fixed Income;RF Bonos Alto Rendimiento EUR;EUR;Luxemburgo;3;4;1.32;1.01;1.65;3.06;7.39;3.48;1998-05-15;True;False;0;2026-08-28
LU0119176310;abrdn-Euro High Yield Bond A Acc EUR;abrdn SICAV I – Euro High Yield Bond Fund Class A Acc EUR;abrdn Investments Luxembourg S.A.;Fixed Income;Europe Fixed Income;RF Bonos Alto Rendimiento EUR;EUR;Luxemburgo;4;3;;1.25;2.64;3.57;6.49;2.41;2000-11-13;True;False;500;2026-08-28
IE00BC1J1W89;Barings Global High Yield Bd E USD Acc;Barings Global High Yield Bond Fund E USD Accumulating Shares;Baring International Fund Mgrs (Ireland) Limited;Fixed Income;Global Fixed Income;RF Bonos Alto Rendimiento Global;USD;Irlanda;4;5;1.08;1;3.12;5.34;8.89;4.3;2017-01-03;True;False;1000;2026-08-28
LU1362999481;Robeco High Yield Bonds D €;Robeco High Yield Bonds D €;Robeco Institutional Asset Management BV;Fixed Income;Global Fixed Income;RF Bonos Alto Rendimiento Global;EUR;Luxemburgo;4;3;1.32;1.1;2.97;4.12;4.38;3.01;2016-02-18;True;False;0;2026-08-28
LU0125750504;AXAWF Global High Yield Bds A Cap EUR H;AXA World Funds - Global High Yield Bonds A Capitalisation EUR (Hedged);BNP PARIBAS ASSET MANAGEMENT Europe;Fixed Income;Global Fixed Income;RF Bonos Alto Rendimiento Global - EUR Cubierto;EUR;Luxemburgo;4;3;;1.25;1.21;2.1;5.66;1.55;2001-03-12;True;False;0;2026-08-28
IE00B296X584;Aegon High Yield Global Bd A Acc EUR Hdg;Aegon High Yield Global Bond Fund A Acc EUR (Hedged);Aegon Investment Management BV;Fixed Income;Global Fixed Income;RF Bonos Alto Rendimiento Global - EUR Cubierto;EUR;Irlanda;3;4;;1;1.86;3.42;7.66;3.41;2012-05-17;True;False;1000;2026-08-28
LU0093504206;BGF Global High Yield Bond A2 EUR Hedged;BlackRock Global Funds - Global High Yield Bond Fund A2 EUR Hedged;BlackRock (Luxembourg) SA;Fixed Income;Global Fixed Income;RF Bonos Alto Rendimiento Global - EUR Cubierto;EUR;Luxemburgo;4;3;1.46;1.25;1.2;2.53;6.28;0.9;2003-05-16;True;False;5000;2026-08-28
IE00BD5CTX77;BNY Mellon Glb ShrtDtd HY Bd EUR H Acc H;BNY Mellon Global Short-Dated High Yield Bond Fund EUR H Acc Hedged;BNY Mellon Fund Management (Lux) S.A.;Fixed Income;Global Fixed Income;RF Bonos Alto Rendimiento Global - EUR Cubierto;EUR;Irlanda;3;4;;1.25;1.89;2.77;5.89;3.47;2016-11-30;True;False;5000;2026-08-28
IE00BD5CTY84;BNY Mellon Glb ShrtDtd HY Bd EUR H Inc H;BNY Mellon Global Short-Dated High Yield Bond Fund EUR H Inc Hedged;BNY Mellon Fund Management (Lux) S.A.;Fixed Income;Global Fixed Income;RF Bonos Alto Rendimiento Global - EUR Cubierto;EUR;Irlanda;3;4;;1.25;1.9;2.79;5.87;3.48;2017-05-05;True;False;5000;2026-08-28
LU0170291933;Candriam Bds Global Hi Yld C EUR Cap;Candriam Bonds Global High Yield Class C EUR Cap;Candriam;Fixed Income;Global Fixed Income;RF Bonos Alto Rendimiento Global - EUR Cubierto;EUR;Luxemburgo;3;4;1.47;1.2;0.41;1.74;5.96;3.26;2003-09-15;True;False;0;2026-08-28
LU0618658370;GS Glbl Hi Yld E EUR Hdg QDist;Goldman Sachs Global High Yield Portfolio E EUR-Hedged QDist;Goldman Sachs Asset Management B.V.;Fixed Income;Global Fixed Income;RF Bonos Alto Rendimiento Global - EUR Cubierto;EUR;Luxemburgo;4;1;;1.1;0.62;1.82;5.45;0.49;2011-04-21;True;False;1500;2026-08-28
LU0405800185;GS Glbl Hi Yld Oth Ccy Acc EUR Hdg;Goldman Sachs Global High Yield Portfolio Other Currency Acc EUR-Hedged;Goldman Sachs Asset Management B.V.;Fixed Income;Global Fixed Income;RF Bonos Alto Rendimiento Global - EUR Cubierto;EUR;Luxemburgo;4;2;;1.1;0.91;2.35;5.94;0.99;2008-12-18;True;False;5000;2026-08-28
LU1775968339;Invesco Global High Yield A MDEURH;Invesco Funds - Invesco Global High Yield Fund A Monthly Distribution (EUR Hedged) EUR;Invesco Management S.A.;Fixed Income;Global Fixed Income;RF Bonos Alto Rendimiento Global - EUR Cubierto;EUR;Luxemburgo;4;2;;1;0.84;2.46;5.3;0.83;2018-10-08;True;False;1000;2026-08-28
LU1775967950;Invesco Global High Yield AEURH;Invesco Funds - Invesco Global High Yield Fund A (EUR Hedged) EUR;Invesco Management S.A.;Fixed Income;Global Fixed Income;RF Bonos Alto Rendimiento Global - EUR Cubierto;EUR;Luxemburgo;4;2;;1;0.81;2.46;5.31;0.83;2018-10-08;True;False;1000;2026-08-28
LU1670722161;M&G (Lux) Glb Fl Rt HY A H EUR Acc;M&G (Lux) Global Floating Rate High Yield Fund EUR A-H Acc;M&G Luxembourg S.A.;Fixed Income;Global Fixed Income;RF Bonos Alto Rendimiento Global - EUR Cubierto;EUR;Luxemburgo;3;4;1.19;1;1.73;1.67;5.07;3.94;2018-09-21;True;False;1000;2026-08-28
LU1670722245;M&G (Lux) Glb Fl Rt HY A H EUR Inc;M&G (Lux) Global Floating Rate High Yield Fund EUR A-H Inc;M&G Luxembourg S.A.;Fixed Income;Global Fixed Income;RF Bonos Alto Rendimiento Global - EUR Cubierto;EUR;Luxemburgo;3;4;1.19;1;1.76;1.69;5.09;3.97;2018-09-21;True;False;1000;2026-08-28
IE00BDTYYP61;Man Hi Yld Opps D EUR Acc;Man Funds VI plc - Man High Yield Opportunities D EUR;Man Group Ltd;Fixed Income;Global Fixed Income;RF Bonos Alto Rendimiento Global - EUR Cubierto;EUR;Irlanda;4;5;1.56;1.35;3.64;3.67;8.9;3.66;2019-01-17;True;False;1000;2026-08-28
LU0862027439;Mirabaud - Global Hi Yld Bds AH EUR Acc;Mirabaud - Global High Yield Bonds AH EUR Acc;Mirabaud Asset Management Ltd;Fixed Income;Global Fixed Income;RF Bonos Alto Rendimiento Global - EUR Cubierto;EUR;Luxemburgo;4;2;1.47;1.2;0.87;2.36;5.17;0.85;2013-02-01;True;False;0;2026-08-28
IE00BN4PYZ40;Muzinich LongShortCreditYld HEUR Acc NA;Muzinich LongShortCreditYield Fund Hedged Euro Accumulation NA Units;Muzinich & Co. (Ireland) Limited;Fixed Income;Global Fixed Income;RF Bonos Alto Rendimiento Global - EUR Cubierto;EUR;Irlanda;3;2;;1.15;0.46;0.69;3.12;0.61;2021-03-03;True;False;5000;2026-08-28
IE00BF8H6M17;Muzinich LongShortCreditYld HEUR Acc NR;Muzinich LongShortCreditYield Fund Hedged Euro Accumulation NR Units;Muzinich & Co. (Ireland) Limited;Fixed Income;Global Fixed Income;RF Bonos Alto Rendimiento Global - EUR Cubierto;EUR;Irlanda;3;1;;1.5;0.27;0.37;2.86;0.29;2013-11-14;True;False;1000;2026-08-28
IE00B11XZ327;PIMCO GIS Glb Hi Yld Bd E EURH Acc;PIMCO GIS Global High Yield Bond Fund E Class EUR (Hedged) Accumulation;PIMCO Global Advisors (Ireland) Limited;Fixed Income;Global Fixed Income;RF Bonos Alto Rendimiento Global - EUR Cubierto;EUR;Irlanda;4;2;;2.5;0.5;2.11;5.51;1.1;2006-03-31;True;False;1000;2026-08-28
LU0545439217;Robeco High Yield Bonds 0DH €;Robeco High Yield Bonds 0DH €;Robeco Institutional Asset Management BV;Fixed Income;Global Fixed Income;RF Bonos Alto Rendimiento Global - EUR Cubierto;EUR;Luxemburgo;4;2;1.32;1.1;1.34;2.47;4.97;1.26;2010-10-04;True;False;0;2026-08-28
LU0454740118;Robeco High Yield Bonds BH €;Robeco High Yield Bonds BH €;Robeco Institutional Asset Management BV;Fixed Income;Global Fixed Income;RF Bonos Alto Rendimiento Global - EUR Cubierto;EUR;Luxemburgo;4;2;1.32;1.1;1.36;2.51;4.98;1.27;2009-12-18;True;False;0;2026-08-28
LU0085136942;Robeco High Yield Bonds DH €;Robeco High Yield Bonds DH €;Robeco Institutional Asset Management BV;Fixed Income;Global Fixed Income;RF Bonos Alto Rendimiento Global - EUR Cubierto;EUR;Luxemburgo;4;2;1.32;1.1;1.34;2.47;4.97;1.26;1998-04-17;True;False;0;2026-08-28
LU0569862609;UBAM Global High Yield Solution AHC EUR;UBAM - Global High Yield Solution AHC EUR;UBP Asset Management (Europe) S.A.;Fixed Income;Global Fixed Income;RF Bonos Alto Rendimiento Global - EUR Cubierto;EUR;Luxemburgo;4;5;0.73;0.4;2.05;4.78;8.62;4.66;2010-12-03;True;False;0;2026-08-28
LU0567554463;BGF Global High Yield Bond A2 GBP Hedged;BlackRock Global Funds - Global High Yield Bond Fund A2 GBP Hedged;BlackRock (Luxembourg) SA;Fixed Income;Global Fixed Income;RF Bonos Alto Rendimiento Global - GBP Cubierto;GBP;Luxemburgo;4;2;1.46;1.25;2.35;4.49;8.03;2.41;2010-12-14;True;False;;2026-08-28
LU0184630167;AXAWF Global High Yield Bds A Cap USD;AXA World Funds - Global High Yield Bonds A Capitalisation USD;BNP PARIBAS ASSET MANAGEMENT Europe;Fixed Income;Global Fixed Income;RF Bonos Alto Rendimiento Global - USD Cubierto;USD;Luxemburgo;4;3;;1.25;2.39;4.06;7.68;3.56;2004-02-27;True;False;0;2026-08-28
LU0764618640;BGF Global High Yield Bond A6;BlackRock Global Funds - Global High Yield Bond Fund A6;BlackRock (Luxembourg) SA;Fixed Income;Global Fixed Income;RF Bonos Alto Rendimiento Global - USD Cubierto;USD;Luxemburgo;4;3;1.46;1.25;2.37;4.56;8.32;3;2012-04-02;True;False;5000;2026-08-28
IE0030011294;BNY Mellon Global Hi Yld Bd A EUR Acc;BNY Mellon Global High Yield Bond Fund A EUR Acc;BNY Mellon Fund Management (Lux) S.A.;Fixed Income;Global Fixed Income;RF Bonos Alto Rendimiento Global - USD Cubierto;EUR;Irlanda;4;3;;1.25;2.69;2.72;5.21;3.4;2004-02-11;True;False;5000;2026-08-28
LU0740037022;Fidelity Global High Yield A-Acc-USD;Fidelity Funds - Global High Yield Fund A-Acc-USD;FIL Investment Management (Luxembourg) S.à r.l.;Fixed Income;Global Fixed Income;RF Bonos Alto Rendimiento Global - USD Cubierto;USD;Luxemburgo;3;2;;1.25;3.54;5.53;8.36;1.99;2012-03-05;True;False;2500;2026-08-28
LU0766124472;Fidelity Global High Yield E-Acc-EUR;Fidelity Funds - Global High Yield Fund E-Acc-EUR;FIL Investment Management (Luxembourg) S.à r.l.;Fixed Income;Global Fixed Income;RF Bonos Alto Rendimiento Global - USD Cubierto;EUR;Luxemburgo;4;1;;1.5;3.98;4.75;5.17;1.82;2012-05-01;True;False;;2026-08-28
LU0234573771;GS Glbl Hi Yld Base Acc USD;Goldman Sachs Global High Yield Portfolio Base Acc USD;Goldman Sachs Asset Management B.V.;Fixed Income;Global Fixed Income;RF Bonos Alto Rendimiento Global - USD Cubierto;USD;Luxemburgo;4;2;;1.1;2.09;4.34;7.87;2.91;2005-11-14;True;False;5000;2026-08-28
LU0083912112;GS Glbl Hi Yld Base Inc USD;Goldman Sachs Global High Yield Portfolio Base Inc USD;Goldman Sachs Asset Management B.V.;Fixed Income;Global Fixed Income;RF Bonos Alto Rendimiento Global - USD Cubierto;USD;Luxemburgo;4;2;;1.1;2.14;4.31;7.87;2.92;1998-01-27;True;False;5000;2026-08-28
LU1775969659;Invesco Global High Yield A-SD USD;Invesco Funds - Invesco Global High Yield Fund A Semi-annual Distribution USD;Invesco Management S.A.;Fixed Income;Global Fixed Income;RF Bonos Alto Rendimiento Global - USD Cubierto;USD;Luxemburgo;4;2;;1;2.01;4.51;7.37;2.94;2018-10-08;True;False;1500;2026-08-28
LU1670723136;M&G (Lux) Glb Fl Rt HY A USD Acc;M&G (Lux) Global Floating Rate High Yield Fund USD A Acc;M&G Luxembourg S.A.;Fixed Income;Global Fixed Income;RF Bonos Alto Rendimiento Global - USD Cubierto;USD;Luxemburgo;3;4;1.17;1;2.87;3.64;7.03;5.97;2018-09-21;True;False;1000;2026-08-28
LU1670723219;M&G (Lux) Glb Fl Rt HY A USD Inc;M&G (Lux) Global Floating Rate High Yield Fund USD A Inc;M&G Luxembourg S.A.;Fixed Income;Global Fixed Income;RF Bonos Alto Rendimiento Global - USD Cubierto;USD;Luxemburgo;3;4;1.17;1;2.87;3.64;7.03;5.97;2018-09-21;True;False;1000;2026-08-28
IE000AQP1N64;Man Hi Yld Opps D USD Acc H;Man Funds VI plc - Man High Yield Opportunities D H USD;Man Group Ltd;Fixed Income;Global Fixed Income;RF Bonos Alto Rendimiento Global - USD Cubierto;USD;Irlanda;4;5;1.58;1.35;4.8;5.63;10.82;;2022-08-19;True;False;1000;2026-08-28
IE00B1D7YM41;PIMCO GIS Glb Hi Yld Bd E USD Acc;PIMCO GIS Global High Yield Bond Fund E Class USD Accumulation;PIMCO Global Advisors (Ireland) Limited;Fixed Income;Global Fixed Income;RF Bonos Alto Rendimiento Global - USD Cubierto;USD;Irlanda;4;3;;2.5;1.64;4.07;7.46;3.05;2006-09-11;True;False;1000;2026-08-28
IE00B193ML14;PIMCO GIS Glb Hi Yld Bd E USD Inc;PIMCO GIS Global High Yield Bond Fund E Class USD Income;PIMCO Global Advisors (Ireland) Limited;Fixed Income;Global Fixed Income;RF Bonos Alto Rendimiento Global - USD Cubierto;USD;Irlanda;4;3;;2.5;1.69;4.05;7.47;3.07;2006-07-31;True;False;1000;2026-08-28
LU0594695172;Robeco High Yield Bonds 0DH $;Robeco High Yield Bonds 0DH $;Robeco Institutional Asset Management BV;Fixed Income;Global Fixed Income;RF Bonos Alto Rendimiento Global - USD Cubierto;USD;Luxemburgo;3;3;1.32;1.1;2.54;4.49;6.91;3.3;2011-02-28;True;False;0;2026-08-28
LU0594695099;Robeco High Yield Bonds DH $;Robeco High Yield Bonds DH $;Robeco Institutional Asset Management BV;Fixed Income;Global Fixed Income;RF Bonos Alto Rendimiento Global - USD Cubierto;USD;Luxemburgo;3;3;1.32;1.1;2.54;4.49;6.9;3.3;2011-03-14;True;False;0;2026-08-28
LU0569862351;UBAM Global High Yield Solution AC USD;UBAM - Global High Yield Solution AC USD;UBP Asset Management (Europe) S.A.;Fixed Income;Global Fixed Income;RF Bonos Alto Rendimiento Global - USD Cubierto;USD;Luxemburgo;4;5;0.73;0.4;3.42;7.08;10.87;6.99;2010-12-03;True;False;0;2026-08-28
LU0292585030;AXAIMFIIS US Short Dur HY F Cap USD;AXA IM Fixed Income Investment Strategies - US Short Duration High Yield F Capitalisation USD;BNP PARIBAS ASSET MANAGEMENT Europe;Fixed Income;US Fixed Income;RF Bonos Alto Rendimiento USD;USD;Luxemburgo;4;2;1.19;1;1.85;3.9;6.29;3.49;2007-03-30;True;False;0;2026-08-28
LU0276014999;AXAWF US High Yield Bonds A Cap USD;AXA World Funds - US High Yield Bonds A Capitalisation USD;BNP PARIBAS ASSET MANAGEMENT Europe;Fixed Income;US Fixed Income;RF Bonos Alto Rendimiento USD;USD;Luxemburgo;4;3;1.43;1.2;2.15;3.93;7.58;3.44;2010-02-26;True;False;0;2026-08-28
LU1883861137;Amundi Fds US HY Bond A EUR C;Amundi Funds - US High Yield Bond A EUR (C);Amundi Luxembourg S.A.;Fixed Income;US Fixed Income;RF Bonos Alto Rendimiento USD;EUR;Luxemburgo;4;2;1.64;1.35;3.43;4.26;4.71;3.23;2000-12-18;True;False;1;2026-08-28
LU1883861483;Amundi Fds US HY Bond A USD C;Amundi Funds - US High Yield Bond A USD (C);Amundi Luxembourg S.A.;Fixed Income;US Fixed Income;RF Bonos Alto Rendimiento USD;USD;Luxemburgo;4;2;1.64;1.35;2.53;4.7;7.45;2.98;2001-12-27;True;False;1;2026-08-28
LU0046676465;BGF US Dollar High Yield BdA2;BlackRock Global Funds - US Dollar High Yield Bond Fund A2;BlackRock (Luxembourg) SA;Fixed Income;US Fixed Income;RF Bonos Alto Rendimiento USD;USD;Luxemburgo;4;3;1.46;1.25;1.94;4.44;8.16;3.47;1993-10-29;True;False;5000;2026-08-28
LU0261953904;Fidelity US High Yield A-Acc-EUR;Fidelity Funds - US High Yield Fund A-Acc-EUR;FIL Investment Management (Luxembourg) S.à r.l.;Fixed Income;US Fixed Income;RF Bonos Alto Rendimiento USD;EUR;Luxemburgo;4;3;;1;3.87;5.22;4.99;3.68;2006-09-25;True;False;2500;2026-08-28
LU0605520377;Fidelity US High Yield A-Acc-USD;Fidelity Funds - US High Yield Fund A-Acc-USD;FIL Investment Management (Luxembourg) S.à r.l.;Fixed Income;US Fixed Income;RF Bonos Alto Rendimiento USD;USD;Luxemburgo;4;3;;1;3.16;5.63;7.72;3.44;2011-04-06;True;False;2500;2026-08-28
LU0132385880;Fidelity US High Yield A-Dis-EUR;Fidelity Funds - US High Yield Fund A-DIST-EUR;FIL Investment Management (Luxembourg) S.à r.l.;Fixed Income;US Fixed Income;RF Bonos Alto Rendimiento USD;EUR;Luxemburgo;4;3;;1;3.85;5.2;4.99;3.69;2001-09-05;True;False;;2026-08-28
LU0344579569;JPM Global High Yield Bd D acc USD;JPMorgan Investment Funds - Global High Yield Bond Fund D (acc) USD;JPMorgan Asset Management (Europe) S.à r.l.;Fixed Income;US Fixed Income;RF Bonos Alto Rendimiento USD;USD;Luxemburgo;4;3;1.54;0.85;1.97;4.1;8.08;3.35;2010-09-17;True;False;5000;2026-08-28
IE00BFNWYN85;Lord Abbett High Yield A USD Acc;Lord Abbett High Yield Fund Class A USD Accumulating;Lord Abbett (Ireland) Ltd;Fixed Income;US Fixed Income;RF Bonos Alto Rendimiento USD;USD;Irlanda;4;3;1.48;1.35;2.41;4.56;8.14;2.58;2014-02-18;True;False;2500;2026-08-28
IE0033033972;Muzinich Americayield HUSD Acc R;Muzinich Americayield Fund Hedged USD Accumulation R Units;Muzinich & Co. (Ireland) Limited;Fixed Income;US Fixed Income;RF Bonos Alto Rendimiento USD;USD;Irlanda;4;2;;1.5;2.23;4.23;7.09;2.46;2003-07-25;True;False;1000;2026-08-28
IE00B4PTJ249;Muzinich ShortDurationHY HUSD Acc R;Muzinich ShortDurationHighYield Fund Hedged USD Accumulation R Units;Muzinich & Co. (Ireland) Limited;Fixed Income;US Fixed Income;RF Bonos Alto Rendimiento USD;USD;Irlanda;3;2;;1.1;2.59;4.71;6.09;3.52;2010-10-12;True;False;1000;2026-08-28
LU0602537226;Nordea 1 - Low Dur US Hi Yld Bd BP EUR;Nordea 1 - Low Duration US High Yield Bond Fund BP EUR;Nordea Investment Funds SA;Fixed Income;US Fixed Income;RF Bonos Alto Rendimiento USD;EUR;Luxemburgo;4;3;0.81;1;3.15;3.72;3.34;3.93;2011-06-01;True;False;0;2026-08-28
IE00B11XZ871;PIMCO GIS US Hi Yld Bd E Acc;PIMCO GIS US High Yield Bond Fund E Class Accumulation;PIMCO Global Advisors (Ireland) Limited;Fixed Income;US Fixed Income;RF Bonos Alto Rendimiento USD;USD;Irlanda;4;2;;2.5;1.28;3.86;7.58;2.77;2006-03-31;True;False;1000;2026-08-28
LU0577855355;UBS(Lux) BS Short Dur HY $ P Acc;UBS (Lux) Bond SICAV - Short Duration High Yield (USD) P-acc;UBS Asset Management (Europe) S.A.;Fixed Income;US Fixed Income;RF Bonos Alto Rendimiento USD;USD;Luxemburgo;3;3;1.33;1.01;2.44;4.48;6.68;4.23;2011-02-18;True;False;;2026-08-28
LU0251658612;AXAWF Euro Inflation Bonds A Cap EUR;AXA World Funds - Euro Inflation Bonds A Capitalisation EUR;BNP PARIBAS ASSET MANAGEMENT Europe;Fixed Income;Europe Fixed Income;RF Bonos Ligados Inflación EUR;EUR;Luxemburgo;4;3;0.73;0.5;2.09;2.33;1.42;-0.33;2006-04-17;True;False;0;2026-08-28
IE00B04GQQ17;Vanguard Euroz InfLnk Bd Idx Inv EUR Acc;Vanguard Eurozone Inflation-Linked Bond Index Fund Investor EUR Accumulation;Vanguard Group (Ireland) Limited;Fixed Income;Europe Fixed Income;RF Bonos Ligados Inflación EUR;EUR;Irlanda;4;4;0.12;0.12;2.46;3.06;2.12;0.14;2009-04-07;True;True;1000000;2026-08-28
LU0219444592;MFS Meridian Inflation Adjstd Bd A1 USD;MFS Meridian Funds - Inflation Adjusted Bond Fund A1 USD;MFS Investment Management Company (Lux) S.à.r.l;Fixed Income;US Fixed Income;RF Bonos Ligados a la Inflación USD ;USD;Luxemburgo;4;2;0.98;0.5;0.48;0.24;3.46;-0.61;2005-09-26;True;False;0;2026-08-28
LU0135487659;Pictet-CHF Bonds P;Pictet-CHF Bonds P;Pictet Asset Management (Europe) SA;Fixed Income;Europe Fixed Income;RF CHF ;CHF;Luxemburgo;3;3;0.63;0.8;0.34;-0.06;2.92;-0.08;1992-02-10;True;False;0;2026-08-28
LU2267099674;BGF China Bond A2 EUR;BlackRock Global Funds - China Bond Fund Class A2 USD EUR;BlackRock (Luxembourg) SA;Fixed Income;Asia Fixed Income;RF China;EUR;Luxemburgo;4;4;0.98;0.75;6.96;9.31;4.81;0.59;2011-11-11;True;False;;2026-08-28
LU0679941327;BGF China Bond A2 USD;BlackRock Global Funds - China Bond Fund Class A2 USD USD;BlackRock (Luxembourg) SA;Fixed Income;Asia Fixed Income;RF China;USD;Luxemburgo;4;4;0.98;0.75;5.99;9.79;7.47;0.38;2011-11-11;True;False;5000;2026-08-28
LU0679941673;BGF China Bond A3 USD;BlackRock Global Funds - China Bond Fund A3 USD;BlackRock (Luxembourg) SA;Fixed Income;Asia Fixed Income;RF China;USD;Luxemburgo;4;4;0.98;0.75;7.81;11.78;8.08;0.73;2013-03-13;True;False;5000;2026-08-28
ES0113182002;Bankinter Buy & Hold 2028 B FI;Bankinter Buy & Hold 2028 B FI;Bankinter Gestión de Activos SGIIC;Fixed Income;Fixed Income Miscellaneous;RF Deuda A Plazo Fijo;EUR;España;;;;0.5;;;;;2026-04-10;True;False;200000;2026-08-28
ES0113182010;Bankinter Buy & Hold 2028 R FI;Bankinter Buy & Hold 2028 R FI;Bankinter Gestión de Activos SGIIC;Fixed Income;Fixed Income Miscellaneous;RF Deuda A Plazo Fijo;EUR;España;;;;0.6;;;;;2026-04-10;True;False;1;2026-08-28
ES0113389003;Bankinter Buy & Hold 2029 B FI;Bankinter Buy & Hold 2029 B FI;Bankinter Gestión de Activos SGIIC;Fixed Income;Fixed Income Miscellaneous;RF Deuda A Plazo Fijo;EUR;España;;;;0.5;0.71;1.22;;;2025-05-09;True;False;1000000;2026-08-28
ES0113389029;Bankinter Buy & Hold 2029 R FI;Bankinter Buy & Hold 2029 R FI;Bankinter Gestión de Activos SGIIC;Fixed Income;Fixed Income Miscellaneous;RF Deuda A Plazo Fijo;EUR;España;;;;0.6;0.64;1.12;;;2025-05-09;True;False;1;2026-08-28
ES0159039025;Bankinter Buy & Hold 2030 B FI;Bankinter Buy & Hold 2030 B FI;Bankinter Gestión de Activos SGIIC;Fixed Income;Fixed Income Miscellaneous;RF Deuda A Plazo Fijo;EUR;España;;;;0.5;0.38;;;;2025-10-31;True;False;1000000;2026-08-28
ES0159039017;Bankinter Buy & Hold 2030 R FI;Bankinter Buy & Hold 2030 R FI;Bankinter Gestión de Activos SGIIC;Fixed Income;Fixed Income Miscellaneous;RF Deuda A Plazo Fijo;EUR;España;2;;0.26;0.6;0.32;0.49;2.63;;2022-09-23;True;False;1;2026-08-28
ES0113366001;Bankinter Deuda Publica 2027 FI;Bankinter Deuda Publica 2027 FI;Bankinter Gestión de Activos SGIIC;Fixed Income;Fixed Income Miscellaneous;RF Deuda A Plazo Fijo;EUR;España;;;;0.5;0.62;1;;;2024-04-12;False;False;;2026-08-28
ES0114876032;Bankinter Deuda Publica 2028 FI;Bankinter Deuda Publica 2028 FI;Bankinter Gestión de Activos SGIIC;Fixed Income;Fixed Income Miscellaneous;RF Deuda A Plazo Fijo;EUR;España;3;;0.38;0.5;0.01;0.39;2.11;0.84;1997-01-22;False;False;500;2026-08-28
ES0113367009;Bankinter Deuda Pública 2029 FI;Bankinter Deuda Pública 2029 FI;Bankinter Gestión de Activos SGIIC;Fixed Income;Fixed Income Miscellaneous;RF Deuda A Plazo Fijo;EUR;España;;;;0.5;-0.32;0.03;;;2025-04-25;False;False;1;2026-08-28
ES0159040007;Bankinter Horizonte 2027 B FI;Bankinter Horizonte 2027 B FI;Bankinter Gestión de Activos SGIIC;Fixed Income;Fixed Income Miscellaneous;RF Deuda A Plazo Fijo;EUR;España;;;0;0.5;0;0;;;2024-04-12;True;False;1000000;2026-08-28
ES0159040023;Bankinter Horizonte 2027 R FI;Bankinter Horizonte 2027 R FI;Bankinter Gestión de Activos SGIIC;Fixed Income;Fixed Income Miscellaneous;RF Deuda A Plazo Fijo;EUR;España;;;0.53;0.6;0.96;1.56;;;2024-04-12;True;False;1;2026-08-28
ES0159038019;Bankinter Horizonte 2028 B FI;Bankinter Horizonte 2028 B FI;Bankinter Gestión de Activos SGIIC;Fixed Income;Fixed Income Miscellaneous;RF Deuda A Plazo Fijo;EUR;España;2;;0.19;0.5;0.64;0.96;2.82;;2021-04-09;True;False;1000000;2026-08-28
ES0159038001;Bankinter Horizonte 2028 R FI;Bankinter Horizonte 2028 R FI;Bankinter Gestión de Activos SGIIC;Fixed Income;Fixed Income Miscellaneous;RF Deuda A Plazo Fijo;EUR;España;2;;0.3;0.6;0.57;0.86;2.72;;2021-04-09;True;False;1;2026-08-28
FR00140081Y1;Carmignac Credit 2027 A EUR Acc;Carmignac Credit 2027 A EUR Acc;Carmignac Gestion;Fixed Income;Fixed Income Miscellaneous;RF Deuda A Plazo Fijo;EUR;Francia;3;;1.04;0.9;0.82;1.7;5.41;;2022-05-02;True;False;0;2026-08-28
FR00140081Z8;Carmignac Credit 2027 A EUR Ydis;Carmignac Credit 2027 A EUR Ydis;Carmignac Gestion;Fixed Income;Fixed Income Miscellaneous;RF Deuda A Plazo Fijo;EUR;Francia;3;;1.04;0.9;0.82;1.7;5.41;;2022-05-02;True;False;0;2026-08-28
FR001400KAV4;Carmignac Credit 2029 A Eur Acc;Carmignac Credit 2029 A Eur Acc;Carmignac Gestion;Fixed Income;Fixed Income Miscellaneous;RF Deuda A Plazo Fijo;EUR;Francia;;;1.14;1;1.06;2.5;;;2023-10-20;True;False;0;2026-08-28
FR001400KAW2;Carmignac Credit 2029 A Eur Ydis;Carmignac Credit 2029 A Eur Ydis;Carmignac Gestion;Fixed Income;Fixed Income Miscellaneous;RF Deuda A Plazo Fijo;EUR;Francia;;;1.14;1;1.04;2.55;;;2023-10-20;True;False;0;2026-08-28
FR001400U4S3;Carmignac Credit 2031 A EUR Acc;Carmignac Credit 2031 A EUR Acc;Carmignac Gestion;Fixed Income;Fixed Income Miscellaneous;RF Deuda A Plazo Fijo;EUR;Francia;;;1.14;1;1.4;2.98;;;2024-12-31;True;False;0;2026-08-28
FR001400U4T1;Carmignac Credit 2031 A EUR Ydis;Carmignac Credit 2031 A EUR Ydis;Carmignac Gestion;Fixed Income;Fixed Income Miscellaneous;RF Deuda A Plazo Fijo;EUR;Francia;;;1.14;1;1.4;3.02;;;2024-12-31;True;False;0;2026-08-28
FR001400S680;EdR SICAV Millesima 2030 A;EdR SICAV Millesima 2030 A;Edmond de Rothschild Asset Management (France);Fixed Income;Fixed Income Miscellaneous;RF Deuda A Plazo Fijo;EUR;Francia;4;;1.09;1;1.5;1.56;;;2024-08-30;True;False;1;2026-08-28
FR001400S6A0;EdR SICAV Millesima 2030 A USD H;EdR SICAV Millesima 2030 A USD H;Edmond de Rothschild Asset Management (France);Fixed Income;Fixed Income Miscellaneous;RF Deuda A Plazo Fijo;USD;Francia;4;;1.09;1;2.47;3.27;;;2024-09-13;True;False;1;2026-08-28
FR001400S6B8;EdR SICAV Millesima 2030 B EUR;EdR SICAV Millesima 2030 B EUR;Edmond de Rothschild Asset Management (France);Fixed Income;Fixed Income Miscellaneous;RF Deuda A Plazo Fijo;EUR;Francia;4;;1.09;1;1.51;1.54;;;2024-09-30;True;False;1;2026-08-28
FR00140120M2;EdR SICAV Millesima 2032 A EUR;Edmond de Rothschild SICAV Millesima 2032 A EUR;Edmond de Rothschild Asset Management (France);Fixed Income;Fixed Income Miscellaneous;RF Deuda A Plazo Fijo;EUR;Francia;;;0.87;1.1;2.27;;;;2025-12-02;True;False;1;2026-08-28
FR00140120N0;EdR SICAV Millesima 2032 A USD H;Edmond de Rothschild SICAV Millesima 2032 A USD H;Edmond de Rothschild Asset Management (France);Fixed Income;Fixed Income Miscellaneous;RF Deuda A Plazo Fijo;USD;Francia;;;0.61;1.1;;;;;2026-01-12;True;False;1;2026-08-28
FR00140120O8;EdR SICAV Millesima 2032 B EUR;Edmond de Rothschild SICAV Millesima 2032 B EUR;Edmond de Rothschild Asset Management (France);Fixed Income;Fixed Income Miscellaneous;RF Deuda A Plazo Fijo;EUR;Francia;;;0.16;1.1;;;;;2026-03-11;True;False;1;2026-08-28
FR0013439452;La Française Rendement Glb 2028 RD EUR;La Française Rendement Global 2028 RD EUR;Crédit Mutuel Asset Management;Fixed Income;Fixed Income Miscellaneous;RF Deuda A Plazo Fijo;EUR;Francia;4;;1.15;1.11;0.72;-1.33;4.93;0.27;2020-01-30;True;False;0;2026-08-28
FR0013272739;La Française Rendement Glb 2031 D;La Française Rendement Global 2031 D;Crédit Mutuel Asset Management;Fixed Income;Fixed Income Miscellaneous;RF Deuda A Plazo Fijo;EUR;Francia;4;;1.35;1.19;1.33;2.73;5.44;1.19;2017-08-30;True;False;0;2026-08-28
FR0013258647;La Française Rendement Glb 2031 R;La Française Rendement Global 2031 R;Crédit Mutuel Asset Management;Fixed Income;Fixed Income Miscellaneous;RF Deuda A Plazo Fijo;EUR;Francia;4;;1.3;1.19;1.36;2.76;5.45;1.19;2017-08-30;True;False;0;2026-08-28
FR0013399805;Lazard Credit 2030 RC EUR;Lazard Credit 2030 RC EUR;Lazard Frères Gestion;Fixed Income;Fixed Income Miscellaneous;RF Deuda A Plazo Fijo;EUR;Francia;3;;;0.84;0.64;1.53;3.83;1.89;2019-03-04;True;False;1000;2026-08-28
FR0013412525;Lazard Credit 2030 RD EUR;Lazard Credit 2030 RD EUR;Lazard Frères Gestion;Fixed Income;Fixed Income Miscellaneous;RF Deuda A Plazo Fijo;EUR;Francia;3;;;0.84;0.64;1.52;3.81;1.88;2019-04-26;True;False;1000;2026-08-28
LU3249705412;M&G (Lux) Fxd Mat Bd Hgh Yld2031PEURAcc;M&G (Lux) Investment Funds 1 -M&G (Lux) Fixed Maturity Bond High Yield Fund 2031 P EUR Accumulation;M&G Luxembourg S.A.;Fixed Income;Fixed Income Miscellaneous;RF Deuda A Plazo Fijo;EUR;Luxemburgo;4;;0.44;1.2;;;;;2026-02-24;True;False;;2026-08-28
LU3249705768;M&G (Lux) Fxd Mat Bd Hgh Yld2031PEURDis;M&G (Lux) Investment Funds 1 -M&G (Lux) Fixed Maturity Bond High Yield Fund 2031 P EUR Distribution;M&G Luxembourg S.A.;Fixed Income;Fixed Income Miscellaneous;RF Deuda A Plazo Fijo;EUR;Luxemburgo;4;;0.45;1.2;;;;;2026-02-24;True;False;;2026-08-28
FR0013505450;Tikehau 2027 R Acc EUR;Tikehau 2027 R Acc EUR;Tikehau Investment Management;Fixed Income;Fixed Income Miscellaneous;RF Deuda A Plazo Fijo;EUR;Francia;4;;;1.4;1.3;2.4;5.86;1.81;2020-05-29;True;False;100;2026-08-28
FR0013505492;Tikehau 2027 R Dis EUR;Tikehau 2027 R Dis EUR;Tikehau Investment Management;Fixed Income;Fixed Income Miscellaneous;RF Deuda A Plazo Fijo;EUR;Francia;4;;;1.4;1.3;2.4;5.86;1.81;2020-05-29;True;False;100;2026-08-28
FR001400K2B5;Tikehau 2029 R Acc EUR;Tikehau 2029 R Acc EUR;Tikehau Investment Management;Fixed Income;Fixed Income Miscellaneous;RF Deuda A Plazo Fijo;EUR;Francia;;;1.2;1.1;0.47;1.13;;;2023-11-20;True;False;100;2026-08-28
FR001400K2C3;Tikehau 2029 R Dis EUR;Tikehau 2029 R Dis EUR;Tikehau Investment Management;Fixed Income;Fixed Income Miscellaneous;RF Deuda A Plazo Fijo;EUR;Francia;;;1.19;1.1;0.47;1.12;;;2023-11-20;True;False;100;2026-08-28
LU0251661756;AXAWF Euro Credit Short Dur A Cap EUR;AXA World Funds - Euro Credit Short Duration A Capitalisation EUR;BNP PARIBAS ASSET MANAGEMENT Europe;Fixed Income;Europe Fixed Income;RF Deuda Corporativa Corto Plazo EUR;EUR;Luxemburgo;2;2;0.86;0.65;0.34;0.9;3.36;1.2;2006-04-17;True;False;0;2026-08-28
LU0236145453;DWS Invest Short Duration Credit LC;DWS Invest Short Duration Credit LC;DWS Investment S.A.;Fixed Income;Europe Fixed Income;RF Deuda Corporativa Corto Plazo EUR;EUR;Luxemburgo;2;3;0.69;0.6;0.66;1.32;4.35;1.5;2006-02-27;True;False;0;2026-08-28
FI0008800503;Evli Short Corporate Bond A;Evli Short Corporate Bond A;Evli-Rahastoyhtiö Oy;Fixed Income;Europe Fixed Income;RF Deuda Corporativa Corto Plazo EUR;EUR;Finlandia;3;5;;0.55;1.23;2.09;4.66;2.09;1997-09-30;True;False;5000;2026-08-28
FI0008800511;Evli Short Corporate Bond B;Evli Short Corporate Bond B;Evli-Rahastoyhtiö Oy;Fixed Income;Europe Fixed Income;RF Deuda Corporativa Corto Plazo EUR;EUR;Finlandia;3;5;;0.55;1.23;2.09;4.66;2.09;1997-09-30;True;False;1000;2026-08-28
FR0010288332;Groupama Euro Credit Short Duration NC;Groupama Euro Credit Short Duration NC;Groupama Asset Management;Fixed Income;Europe Fixed Income;RF Deuda Corporativa Corto Plazo EUR;EUR;Francia;2;3;;1.52;0.89;1.66;4.06;1.73;2006-04-25;True;False;1;2026-08-28
FR0013439163;La Française Carbon Impct Flt Rt I;La Française Carbon Impact Floating Rates I;Crédit Mutuel Asset Management;Fixed Income;Europe Fixed Income;RF Deuda Corporativa Corto Plazo EUR;EUR;Francia;3;5;0.47;0.35;1.76;2.9;4.7;3.1;1994-12-30;True;False;100000;2026-08-28
FR0013439148;La Française Carbon Impct Flt Rt R;La Française Carbon Impact Floating Rates R;Crédit Mutuel Asset Management;Fixed Income;Europe Fixed Income;RF Deuda Corporativa Corto Plazo EUR;EUR;Francia;3;4;0.84;0.7;1.52;2.54;4.33;;1994-12-30;True;False;0;2026-08-28
LU1670718219;M&G (Lux) Short Dtd Corp Bd A EUR Acc;M&G (Lux) Short Dated Corporate Bond Fund EUR A Acc;M&G Luxembourg S.A.;Fixed Income;Europe Fixed Income;RF Deuda Corporativa Corto Plazo EUR;EUR;Luxemburgo;2;4;0.47;0.25;0.88;1.67;3.74;1.85;2018-10-26;True;False;1000;2026-08-28
LU1670718300;M&G (Lux) Short Dtd Corp Bd A EUR Inc;M&G (Lux) Short Dated Corporate Bond Fund EUR A Inc;M&G Luxembourg S.A.;Fixed Income;Europe Fixed Income;RF Deuda Corporativa Corto Plazo EUR;EUR;Luxemburgo;2;4;0.47;0.25;0.88;1.67;3.74;1.85;2018-10-26;True;False;1000;2026-08-28
LU1694212348;Nordea 1 - Low Dur Eurp Cov Bd BP EUR;Nordea 1 - Low Duration European Covered Bond Fund BP EUR;Nordea Investment Funds SA;Fixed Income;Europe Fixed Income;RF Deuda Corporativa Corto Plazo EUR;EUR;Luxemburgo;2;3;0.71;0.5;0.23;1.56;3.41;1.66;2017-10-24;True;False;0;2026-08-28
LU0935222066;Ostrum Credit Short Dur R/A EUR;Natixis AM Funds - Ostrum Credit Short Duration R/A (EUR);Natixis Investment Managers International;Fixed Income;Europe Fixed Income;RF Deuda Corporativa Corto Plazo EUR;EUR;Luxemburgo;2;3;0.85;0.6;0.53;1.06;3.73;1.46;2013-10-24;True;False;0;2026-08-28
FR0011071778;Ostrum Crédit Euro 1-3 R (C) EUR;Ostrum Crédit Euro 1-3 R (C) EUR;Natixis Investment Managers International;Fixed Income;Europe Fixed Income;RF Deuda Corporativa Corto Plazo EUR;EUR;Francia;2;3;;0.55;0.53;1.08;3.62;1.43;2011-07-22;True;False;1;2026-08-28
LU0954602750;Pictet-EUR Short Term Corp Bds P EUR;Pictet-EUR Short Term Corporate Bonds P EUR;Pictet Asset Management (Europe) SA;Fixed Income;Europe Fixed Income;RF Deuda Corporativa Corto Plazo EUR;EUR;Luxemburgo;2;2;0.7;0.9;0.85;1.61;4.24;1.21;2013-11-25;True;False;0;2026-08-28
LU1293074719;Schr ISF EURO Crd Conv Sht Dur A Acc EUR;Schroder International Selection Fund EURO Credit Conviction Short Duration A Accumulation EUR;Schroder Investment Management (Europe) S.A.;Fixed Income;Europe Fixed Income;RF Deuda Corporativa Corto Plazo EUR;EUR;Luxemburgo;3;;1.5;1.2;0.67;1.35;;;2015-11-11;True;False;1000;2026-08-28
LU1585265066;Tikehau Short Duration R EUR Acc;Tikehau Short Duration Fund R EUR Acc;Tikehau Investment Management;Fixed Income;Europe Fixed Income;RF Deuda Corporativa Corto Plazo EUR;EUR;Luxemburgo;2;3;1.14;1;0.97;1.82;3.59;1.87;2020-09-01;True;False;100;2026-08-28
LU0960403268;AXAWF US Credit Short Dur IG A Cap USD;AXA World Funds - US Credit Short Duration IG A Capitalisation USD;BNP PARIBAS ASSET MANAGEMENT Europe;Fixed Income;US Fixed Income;RF Deuda Corporativa Corto Plazo USD;USD;Luxemburgo;2;2;0.87;0.65;1.29;2.72;4.85;2.27;2013-09-03;True;False;0;2026-08-28
IE00BYP0Y779;Lord Abbett Short Dur Inc A EUR Acc;Lord Abbett Short Duration Income Fund Class A EUR Accumulating;Lord Abbett (Ireland) Ltd;Fixed Income;US Fixed Income;RF Deuda Corporativa Corto Plazo USD;EUR;Irlanda;4;3;1.07;1;2.25;2.63;2.24;;2016-02-01;True;False;2500;2026-08-28
IE00BFNWXY26;Lord Abbett Short Dur Inc A USD Acc;Lord Abbett Short Duration Income Fund Class A USD Accumulating;Lord Abbett (Ireland) Ltd;Fixed Income;US Fixed Income;RF Deuda Corporativa Corto Plazo USD;USD;Irlanda;2;2;1.07;1;1.36;3.09;4.95;2.15;2014-02-18;True;False;2500;2026-08-28
LU1740847006;MFS Meridian Limited Maturity A1 EUR;MFS Meridian Funds - Limited Maturity Fund A1;MFS Investment Management Company (Lux) S.à.r.l;Fixed Income;US Fixed Income;RF Deuda Corporativa Corto Plazo USD;EUR;Luxemburgo;4;2;1.13;0.6;1.96;2.32;1.88;2.15;2018-02-16;True;False;0;2026-08-28
LU0219442893;MFS Meridian Limited Maturity A1 USD;MFS Meridian Funds - Limited Maturity Fund A1 USD;MFS Investment Management Company (Lux) S.à.r.l;Fixed Income;US Fixed Income;RF Deuda Corporativa Corto Plazo USD;USD;Luxemburgo;2;2;1.14;0.6;1.07;2.41;4.5;1.89;2005-09-26;True;False;0;2026-08-28
LU0029761532;UBAM USD Floating Rate Notes AC USD;UBAM - USD Floating Rate Notes AC USD;UBP Asset Management (Europe) S.A.;Fixed Income;US Fixed Income;RF Deuda Corporativa Corto Plazo USD;USD;Luxemburgo;2;4;;0.4;2.53;4.09;5.45;4.28;1990-12-18;True;False;0;2026-08-28
LU1145633407;Allianz Euro Credit SRI AT EUR;Allianz Global Investors Fund - Allianz Euro Credit SRI AT EUR;Allianz Global Investors GmbH;Fixed Income;Europe Fixed Income;RF Deuda Corporativa EUR;EUR;Luxemburgo;3;2;1.09;2;-0.46;-0.37;4.1;-1.47;2015-02-02;True;False;0;2026-08-28
LU1525412281;Amundi EUR Corporate Bd 1-5Y ESG AE Acc;Amundi Index Solution - Amundi EUR Corporate Bond 1-5Y ESG AE Acc;Amundi Luxembourg S.A.;Fixed Income;Europe Fixed Income;RF Deuda Corporativa EUR;EUR;Luxemburgo;3;4;;0.25;0.5;0.93;3.83;0.7;2016-11-29;True;True;;2026-08-28
LU1050469367;Amundi EUR Corporate Bond ESG AE-C;Amundi Index Solutions - Amundi EUR Corporate Bond ESG AE-C;Amundi Luxembourg S.A.;Fixed Income;Europe Fixed Income;RF Deuda Corporativa EUR;EUR;Luxemburgo;3;2;;0.2;0.37;0.68;4.08;-0.44;2014-04-14;True;True;0;2026-08-28
LU0162658883;BGF Euro Corporate Bond A2;BlackRock Global Funds - Euro Corporate Bond Fund A2;BlackRock (Luxembourg) SA;Fixed Income;Europe Fixed Income;RF Deuda Corporativa EUR;EUR;Luxemburgo;3;3;1.01;0.8;0.06;0.64;4;-0.53;2006-07-31;True;False;5000;2026-08-28
LU2777377792;BNPP E € Corp Bond SRI PAB 3-5Y Tr ClAcc;BNP Paribas Easy € Corp Bond SRI PAB 3-5Y Track Classic Acc;BNP Paribas Asset Management Luxembourg;Fixed Income;Europe Fixed Income;RF Deuda Corporativa EUR;EUR;Luxemburgo;3;;;0.3;2.97;2.69;;;2019-10-04;True;True;;2026-08-28
LU2954943440;BNPP E € Corp Bond SRI PAB 3-5Y Tr PrAcc;BNP Paribas Easy € Corp Bond SRI PAB 3-5Y Track Privilege Acc;BNP Paribas Asset Management Luxembourg;Fixed Income;Europe Fixed Income;RF Deuda Corporativa EUR;EUR;Luxemburgo;3;;;0.03;0.59;1.26;;;2024-12-18;True;True;100000;2026-08-28
LU0357317923;BlueBay Investment Grade Bd R EUR (AID);BlueBay Funds - BlueBay Investment Grade Bond Fund R - EUR (AIDiv);BlueBay Funds Management Company S.A.;Fixed Income;Europe Fixed Income;RF Deuda Corporativa EUR;EUR;Luxemburgo;3;4;0.91;0.75;-0.19;0.19;4.34;-0.4;2008-09-04;True;False;0;2026-08-28
LU0217402501;BlueBay Investment Grade Bd R EUR Acc;BlueBay Funds - BlueBay Investment Grade Bond Fund - R - EUR accumulating;BlueBay Funds Management Company S.A.;Fixed Income;Europe Fixed Income;RF Deuda Corporativa EUR;EUR;Luxemburgo;3;4;0.91;0.75;-0.18;0.19;4.34;-0.4;2005-03-28;True;False;0;2026-08-28
LU1902444584;CPR Invest Climate Bonds Euro A EUR Acc;CPR Invest - Climate Bonds Euro - A EUR - Acc;CPR Asset Management;Fixed Income;Europe Fixed Income;RF Deuda Corporativa EUR;EUR;Luxemburgo;3;4;;0.7;0.22;0.9;4.65;0.21;2018-12-06;True;False;1;2026-08-28
LU1313770452;Candriam Sst Bd Euro Corp C € Acc;Candriam Sustainable Bond Euro Corporate C - CAP - EUR;Candriam;Fixed Income;Europe Fixed Income;RF Deuda Corporativa EUR;EUR;Luxemburgo;3;3;0.99;0.75;0.3;0.83;4.17;-0.21;2016-05-17;True;False;0;2026-08-28
LU0300357554;DWS Invest Euro Corporate Bds LC;DWS Invest Euro Corporate Bonds LC;DWS Investment S.A.;Fixed Income;Europe Fixed Income;RF Deuda Corporativa EUR;EUR;Luxemburgo;3;3;0.96;0.9;-0.03;0.47;4.18;-0.65;2007-05-21;True;False;0;2026-08-28
LU0441433728;DWS Invest Euro Corporate Bds LD;DWS Invest Euro Corporate Bonds LD;DWS Investment S.A.;Fixed Income;Europe Fixed Income;RF Deuda Corporativa EUR;EUR;Luxemburgo;3;3;0.96;0.9;-0.02;0.47;4.18;-0.65;2009-10-30;True;False;0;2026-08-28
FI0008801097;Evli Corporate Bond B;Evli Corporate Bond B;Evli-Rahastoyhtiö Oy;Fixed Income;Europe Fixed Income;RF Deuda Corporativa EUR;EUR;Finlandia;3;4;0.86;0.85;0.74;1.53;5.24;0.48;1999-09-14;True;False;1000;2026-08-28
LU0243957825;Invesco Euro Corporate Bond A EUR Acc;Invesco Funds - Invesco Euro Corporate Bond Fund A Accumulation EUR;Invesco Management S.A.;Fixed Income;Europe Fixed Income;RF Deuda Corporativa EUR;EUR;Luxemburgo;3;3;;1;-0.06;0.35;3.71;-0.28;2006-03-31;True;False;1000;2026-08-28
LU0248037169;Invesco Euro Corporate Bond A MD EUR;Invesco Funds - Invesco Euro Corporate Bond Fund A Monthly Distribution EUR;Invesco Management S.A.;Fixed Income;Europe Fixed Income;RF Deuda Corporativa EUR;EUR;Luxemburgo;3;3;;1;-0.07;0.35;3.71;-0.29;2006-05-02;True;False;1000;2026-08-28
LU0451950314;Janus Henderson Hrzn Euro Corp Bd A2 EUR;Janus Henderson Horizon Euro Corporate Bond Fund A2 EUR;Janus Henderson Investors;Fixed Income;Europe Fixed Income;RF Deuda Corporativa EUR;EUR;Luxemburgo;3;2;1.17;0.75;-0.1;0.22;3.96;-1.03;2009-12-18;True;False;2500;2026-08-28
LU1670629549;M&G (Lux) Euro Corp Bd A EUR Acc;M&G (Lux) Euro Corporate Bond Fund EUR A Acc;M&G Luxembourg S.A.;Fixed Income;Europe Fixed Income;RF Deuda Corporativa EUR;EUR;Luxemburgo;3;3;0.61;0.4;0.09;0.48;4.13;-0.3;2018-11-09;True;False;1000;2026-08-28
LU2482630162;M&G European Credit Investment P EUR Acc;European Specialist Investment Funds - M&G European Credit Investment Fund Class P EUR Acc;M&G Luxembourg S.A.;Fixed Income;Europe Fixed Income;RF Deuda Corporativa EUR;EUR;Luxemburgo;3;3;0.49;0.49;0.22;0.57;4.44;;2022-06-21;True;False;1000;2026-08-28
LU1914597502;MFS Meridian Euro Credit A1 EUR;MFS Meridian Funds - Euro Credit Fund A1 EUR;MFS Investment Management Company (Lux) S.à.r.l;Fixed Income;Europe Fixed Income;RF Deuda Corporativa EUR;EUR;Luxemburgo;3;3;1.14;0.5;-0.36;-0.09;4.73;-0.25;2019-02-15;True;False;0;2026-08-28
LU0132601682;MS INVF Euro Corporate Bond A;Morgan Stanley Investment Funds - Euro Corporate Bond Fund A;MSIM Fund Management (Ireland) Limited;Fixed Income;Europe Fixed Income;RF Deuda Corporativa EUR;EUR;Luxemburgo;3;4;1.04;0.8;-0.04;0.51;4.37;-0.19;2001-09-04;True;False;0;2026-08-28
LU0239680886;MS INVF Euro Corporate Bond AX;Morgan Stanley Investment Funds - Euro Corporate Bond Fund AX;MSIM Fund Management (Ireland) Limited;Fixed Income;Europe Fixed Income;RF Deuda Corporativa EUR;EUR;Luxemburgo;3;4;1.04;0.8;-0.03;0.52;4.37;-0.19;2009-07-06;True;False;0;2026-08-28
IE000JM1MJ59;Man Euro Corp Bd D EUR Acc;Man Funds plc - Man Euro Corporate Bond D EUR;Man Asset Management (Ireland) Limited;Fixed Income;Europe Fixed Income;RF Deuda Corporativa EUR;EUR;Irlanda;3;;1.45;1.24;2.22;3.66;;;2023-10-26;True;False;1000;2026-08-28
LU0076315455;Nordea 1 - European Covered Bond BP EUR;Nordea 1 - European Covered Bond Fund BP EUR;Nordea Investment Funds SA;Fixed Income;Europe Fixed Income;RF Deuda Corporativa EUR;EUR;Luxemburgo;3;2;0.86;0.6;-1.17;-0.51;2.82;-1.4;1996-07-05;True;False;0;2026-08-28
IE00B3KR3M49;PIMCO GIS Euro Credit E EUR Acc;PIMCO GIS Euro Credit Fund E Class EUR Accumulation;PIMCO Global Advisors (Ireland) Limited;Fixed Income;Europe Fixed Income;RF Deuda Corporativa EUR;EUR;Irlanda;3;1;;2.5;-0.78;-0.24;3.37;-1.66;2010-05-25;True;False;;2026-08-28
FR0007008750;R-co Conviction Credit Euro C EUR;R-co Conviction Credit Euro C EUR;Rothschild & Co Asset Management;Fixed Income;Europe Fixed Income;RF Deuda Corporativa EUR;EUR;Francia;2;5;0.81;0.71;0.76;1.44;5.22;0.91;2000-12-29;True;False;2500;2026-08-28
LU0213453771;Robeco Euro Credit Bonds D €;Robeco Euro Credit Bonds D €;Robeco Institutional Asset Management BV;Fixed Income;Europe Fixed Income;RF Deuda Corporativa EUR;EUR;Luxemburgo;3;3;0.92;0.7;0.08;0.49;3.96;-0.37;2005-04-01;True;False;0;2026-08-28
LU0503372608;Robeco Euro SDG Credits D EUR Cap;Robeco Euro SDG Credits D EUR Capitalisation;Robeco Institutional Asset Management BV;Fixed Income;Europe Fixed Income;RF Deuda Corporativa EUR;EUR;Luxemburgo;3;3;0.92;0.7;0.08;0.49;3.95;-0.51;2010-05-18;True;False;0;2026-08-28
LU0113257694;Schroder ISF EURO Corp Bd A Acc EUR;Schroder International Selection Fund EURO Corporate Bond A Accumulation EUR;Schroder Investment Management (Europe) S.A.;Fixed Income;Europe Fixed Income;RF Deuda Corporativa EUR;EUR;Luxemburgo;3;4;1.04;0.75;0.37;1.04;5.22;-0.18;2000-06-30;True;False;1000;2026-08-28
LU0425487740;Schroder ISF EURO Corp Bd A Dis EUR SF;Schroder International Selection Fund EURO Corporate Bond A Distribution EUR SF;Schroder Investment Management (Europe) S.A.;Fixed Income;Europe Fixed Income;RF Deuda Corporativa EUR;EUR;Luxemburgo;3;4;1.04;0.75;0.37;1.04;5.22;-0.18;2009-04-30;True;False;1000;2026-08-28
LU0995119665;Schroder ISF EURO Crdt Convct A Acc EUR;Schroder International Selection Fund EURO Credit Conviction A Accumulation EUR;Schroder Investment Management (Europe) S.A.;Fixed Income;Europe Fixed Income;RF Deuda Corporativa EUR;EUR;Luxemburgo;3;5;1.28;1;0.71;1.43;5.86;0.21;2013-12-18;True;False;1000;2026-08-28
LU0995120242;Schroder ISF EURO Crdt Convct A DisEURS;Schroder International Selection Fund EURO Credit Conviction A Distribution EUR S;Schroder Investment Management (Europe) S.A.;Fixed Income;Europe Fixed Income;RF Deuda Corporativa EUR;EUR;Luxemburgo;3;5;1.28;1;0.72;1.43;5.86;0.21;2013-12-18;True;False;1000;2026-08-28
LU2080993616;Schroder ISF Sust EURO Crdt A Acc EUR;Schroder International Selection Fund Sustainable EURO Credit A Accumulation EUR;Schroder Investment Management (Europe) S.A.;Fixed Income;Europe Fixed Income;RF Deuda Corporativa EUR;EUR;Luxemburgo;3;4;1.03;0.75;0.07;0.64;4.51;0.12;2019-12-17;True;False;1000;2026-08-28
FR0011288513;Sycomore Sélection Crédit R;Sycomore Sélection Crédit R;Sycomore Asset Management;Fixed Income;Europe Fixed Income;RF Deuda Corporativa EUR;EUR;Francia;3;4;;1.2;0.38;1.31;4.85;1.23;2012-12-05;True;False;0;2026-08-28
LU0133089424;T. Rowe Price Euro Corp Bd - A;T. Rowe Price Funds SICAV - Euro Corporate Bond Fund - A;T. Rowe Price (Luxembourg) Management S.à r.l.;Fixed Income;Europe Fixed Income;RF Deuda Corporativa EUR;EUR;Luxemburgo;3;3;0.55;0.44;0.12;0.71;4.38;-0.12;2004-11-09;True;False;0;2026-08-28
LU0162626096;UBS (Lux) BS EUR Corp (EUR) P-acc;UBS (Lux) Bond SICAV - EUR Corporates (EUR) P-acc;UBS Asset Management (Europe) S.A.;Fixed Income;Europe Fixed Income;RF Deuda Corporativa EUR;EUR;Luxemburgo;3;2;1.14;0.86;-0.06;0.45;3.88;-0.69;2003-04-11;True;False;0;2026-08-28
IE0009591805;Vanguard Euro IG Bd Idx Inv EUR Acc;Vanguard Euro Investment Grade Bond Index Fund Investor EUR Accumulation;Vanguard Group (Ireland) Limited;Fixed Income;Europe Fixed Income;RF Deuda Corporativa EUR;EUR;Irlanda;3;2;0.12;0.12;0.13;0.6;3.73;-0.97;2001-05-30;True;True;1000000;2026-08-28
LU0153585723;Vontobel Euro Corporate Bond B EUR;Vontobel Fund - Euro Corporate Bond B EUR Cap;Vontobel Asset Management S.A.;Fixed Income;Europe Fixed Income;RF Deuda Corporativa EUR;EUR;Luxemburgo;4;3;1.35;1.1;-0.1;0.61;4.26;-0.84;2002-09-27;True;False;0;2026-08-28
LU0153585996;Vontobel Euro Corporate Bond C EUR;Vontobel Fund - Euro Corporate Bond C EUR Cap;Vontobel Asset Management S.A.;Fixed Income;Europe Fixed Income;RF Deuda Corporativa EUR;EUR;Luxemburgo;4;2;1.75;1.6;-0.36;0.22;3.85;-1.22;2007-07-16;True;False;0;2026-08-28
LU1775980979;Invesco Sterling Bond A GBP Acc;Invesco Funds - Invesco Sterling Bond Fund A Accumulation GBP;Invesco Management S.A.;Fixed Income;Sterling Fixed Income;RF Deuda Corporativa GBP;GBP;Luxemburgo;4;4;;0.75;-0.63;3.04;5.54;0.71;2018-10-08;True;False;1000;2026-08-28
LU1525413685;Amundi Global Corp Bd 1-5Y ESG AE-C;Amundi Index Solutions - Amundi Global Corporate Bond 1-5Y ESG AE-C;Amundi Luxembourg S.A.;Fixed Income;Global Fixed Income;RF Deuda Corporativa Global;EUR;Luxemburgo;3;4;;0.25;1.58;2.34;3.13;;2020-08-13;True;True;1;2026-08-28
IE00B4Y6F282;FTGF WA Sh Dur Bl Chp Bd A USD Acc;FTGF Western Asset Short Duration Blue Chip Bond Fund Class A US$ Accumulating;Franklin Templeton International Services S.à r.l.;Fixed Income;Global Fixed Income;RF Deuda Corporativa Global;USD;Irlanda;3;4;1.16;0.85;0.94;2.3;4.77;1.59;2009-06-25;True;False;1000;2026-08-28
LU0839536322;Amundi Fds Global Corp Bd A EUR H C;Amundi Funds - Global Corporate Bond A EUR Hgd (C);Amundi Luxembourg S.A.;Fixed Income;Global Fixed Income;RF Deuda Corporativa Global - EUR Cubierto;EUR;Luxemburgo;4;2;1.31;0.9;-1.41;-0.55;3.58;-1.84;2012-12-11;True;False;;2026-08-28
IE00B4Y6F514;FTGF WA Sh Dur Bl Chp Bd A EURH Acc;FTGF Western Asset Short Duration Blue Chip Bond Fund Class A Euro Accumulating (Hedged);Franklin Templeton International Services S.à r.l.;Fixed Income;Global Fixed Income;RF Deuda Corporativa Global - EUR Cubierto;EUR;Irlanda;3;3;1.16;0.85;-0.22;0.34;2.81;-0.33;2014-01-30;True;False;1000;2026-08-28
LU0408846458;JPM Global Corporate Bd A acc EUR Hdg;JPMorgan Funds - Global Corporate Bond Fund A (acc) EUR (hedged);JPMorgan Asset Management (Europe) S.à r.l.;Fixed Income;Global Fixed Income;RF Deuda Corporativa Global - EUR Cubierto;EUR;Luxemburgo;4;2;0.98;0.8;-1.28;0.15;3.55;-1.81;2009-02-27;True;False;35000;2026-08-28
LU0790204860;JPM Global Corporate Bd A dist EUR Hdg;JPMorgan Funds - Global Corporate Bond Fund A (dist) EUR (hedged);JPMorgan Asset Management (Europe) S.à r.l.;Fixed Income;Global Fixed Income;RF Deuda Corporativa Global - EUR Cubierto;EUR;Luxemburgo;4;2;1;0.8;-1.32;0.14;3.5;-1.83;2012-06-04;True;False;35000;2026-08-28
LU0408846961;JPM Global Corporate Bd D acc EUR Hdg;JPMorgan Funds - Global Corporate Bond Fund D (acc) EUR (hedged);JPMorgan Asset Management (Europe) S.à r.l.;Fixed Income;Global Fixed Income;RF Deuda Corporativa Global - EUR Cubierto;EUR;Luxemburgo;4;2;1.39;0.8;-1.53;-0.25;3.1;-2.21;2009-02-27;True;False;5000;2026-08-28
LU0503867672;JPM Global Corporate Bd D div EUR Hdg;JPMorgan Funds - Global Corporate Bond Fund D (div) EUR (hedged);JPMorgan Asset Management (Europe) S.à r.l.;Fixed Income;Global Fixed Income;RF Deuda Corporativa Global - EUR Cubierto;EUR;Luxemburgo;4;2;1.38;0.8;-1.52;-0.23;3.12;-2.2;2010-04-19;True;False;5000;2026-08-28
IE000MI53C66;Man GlInGd Opports D H EUR Acc;Man Funds plc - Man Global Investment Grade Opportunities D H EUR;Man Asset Management (Ireland) Limited;Fixed Income;Global Fixed Income;RF Deuda Corporativa Global - EUR Cubierto;EUR;Irlanda;4;5;1.46;1.24;1.15;2.55;9.57;;2023-04-20;True;False;1000;2026-08-28
IE00BHNWQ814;Muzinich Glbl Shrt DurInvmtGrdHEURAccR;Muzinich Global Short Duration Investment Grade Fund Hedged EUR Accumulation R;Muzinich & Co. (Ireland) Limited;Fixed Income;Global Fixed Income;RF Deuda Corporativa Global - EUR Cubierto;EUR;Irlanda;2;5;;0.5;0.68;1.46;3.59;1.37;2019-09-10;True;False;1000;2026-08-28
IE00B11XZ434;PIMCO GIS GlInGd Crdt E EURH Acc;PIMCO GIS Global Investment Grade Credit Fund E Class EUR (Hedged) Accumulation;PIMCO Global Advisors (Ireland) Limited;Fixed Income;Global Fixed Income;RF Deuda Corporativa Global - EUR Cubierto;EUR;Irlanda;4;1;;2.5;-0.74;0.69;3.54;-2.24;2006-03-31;True;False;;2026-08-28
IE00BJTCP712;PIMCO GIS Lw Dur GlInGd Crdt E EUR H Acc;PIMCO GIS Low Duration Global Investment Grade Credit Fund E Class EUR (Hedged) Accumulation;PIMCO Global Advisors (Ireland) Limited;Fixed Income;Global Fixed Income;RF Deuda Corporativa Global - EUR Cubierto;EUR;Irlanda;3;3;;1.39;-0.59;0.1;2.94;-0.28;2014-02-28;True;False;;2026-08-28
LU1362999564;Robeco Global Credits DH EUR;Robeco Global Credits DH EUR;Robeco Institutional Asset Management BV;Fixed Income;Global Fixed Income;RF Deuda Corporativa Global - EUR Cubierto;EUR;Luxemburgo;4;3;1.01;0.8;-1.03;-0.07;3.26;-1.96;2016-02-18;True;False;0;2026-08-28
LU1857098336;Robeco Global Short Dur Crdts M2H €;Robeco Global Short Duration Credits M2H €;Robeco Institutional Asset Management BV;Fixed Income;Global Fixed Income;RF Deuda Corporativa Global - EUR Cubierto;EUR;Luxemburgo;4;4;1.22;1;-0.01;0.71;3.31;0.09;2018-08-02;True;False;0;2026-08-28
LU0201325072;Schroder ISF Glb Corp Bd A Dis EUR H Q;Schroder International Selection Fund Global Corporate Bond A Distribution EUR Hedged Q;Schroder Investment Management (Europe) S.A.;Fixed Income;Global Fixed Income;RF Deuda Corporativa Global - EUR Cubierto;EUR;Luxemburgo;4;2;1.06;0.75;-0.97;0.31;3.6;-1.86;2004-09-30;True;False;1000;2026-08-28
LU0201324851;Schroder ISF Glbl Corp Bd A Acc EUR Hdg;Schroder International Selection Fund Global Corporate Bond A Accumulation EUR Hedged;Schroder Investment Management (Europe) S.A.;Fixed Income;Global Fixed Income;RF Deuda Corporativa Global - EUR Cubierto;EUR;Luxemburgo;4;3;1.06;0.75;-0.98;0.31;3.61;-1.85;2004-09-30;True;False;1000;2026-08-28
LU0248179540;Schroder ISF Glbl Corp Bd A1 Acc EUR Hdg;Schroder International Selection Fund Global Corporate Bond A1 Accumulation EUR Hedged;Schroder Investment Management (Europe) S.A.;Fixed Income;Global Fixed Income;RF Deuda Corporativa Global - EUR Cubierto;EUR;Luxemburgo;4;2;1.51;0.75;-1.27;-0.13;3.15;-2.29;2006-03-22;True;False;1000;2026-08-28
IE00B65YMD51;PIMCO GIS GlInGd Crdt E GBPH Inc;PIMCO GIS Global Investment Grade Credit Fund E Class GBP (Hedged) Income;PIMCO Global Advisors (Ireland) Limited;Fixed Income;Global Fixed Income;RF Deuda Corporativa Global - GBP Cubierto;GBP;Irlanda;4;1;;2.5;0.33;2.55;5.23;-0.77;2009-03-31;True;False;;2026-08-28
LU0557863056;Amundi Fds Global Corp Bd A EUR C;Amundi Funds - Global Corporate Bond A EUR (C);Amundi Luxembourg S.A.;Fixed Income;Global Fixed Income;RF Deuda Corporativa Global - USD Cubierto;EUR;Luxemburgo;4;2;1.31;0.9;0.66;1.63;2.88;0.4;2011-05-05;True;False;;2026-08-28
LU0319688791;Amundi Fds Global Corp Bd A USD C;Amundi Funds - Global Corporate Bond A USD (C);Amundi Luxembourg S.A.;Fixed Income;Global Fixed Income;RF Deuda Corporativa Global - USD Cubierto;USD;Luxemburgo;4;2;1.31;0.9;-0.25;1.46;5.57;0.17;2007-10-30;True;False;1;2026-08-28
LU0408846375;JPM Global Corporate Bd A acc USD;JPMorgan Funds - Global Corporate Bond Fund A (acc) USD;JPMorgan Asset Management (Europe) S.à r.l.;Fixed Income;Global Fixed Income;RF Deuda Corporativa Global - USD Cubierto;USD;Luxemburgo;4;2;0.98;0.8;-0.15;2.13;5.53;0.21;2009-02-27;True;False;35000;2026-08-28
LU0408846706;JPM Global Corporate Bd D acc USD;JPMorgan Funds - Global Corporate Bond Fund D (acc) USD;JPMorgan Asset Management (Europe) S.à r.l.;Fixed Income;Global Fixed Income;RF Deuda Corporativa Global - USD Cubierto;USD;Luxemburgo;4;2;1.39;0.8;-0.47;1.69;5.09;-0.22;2009-02-27;True;False;5000;2026-08-28
IE000V4MQ908;Man GlInGd Opports D USD Acc;Man Funds plc - Man Global Investment Grade Opportunities D USD;Man Asset Management (Ireland) Limited;Fixed Income;Global Fixed Income;RF Deuda Corporativa Global - USD Cubierto;USD;Irlanda;4;5;1.46;1.24;2.31;4.56;11.63;;2023-04-27;True;False;1000;2026-08-28
IE00B3K7XK29;PIMCO GIS GlInGd Crdt E USD Acc;PIMCO GIS Global Investment Grade Credit Fund E Class USD Accumulation;PIMCO Global Advisors (Ireland) Limited;Fixed Income;Global Fixed Income;RF Deuda Corporativa Global - USD Cubierto;USD;Irlanda;4;1;;2.5;0.46;2.71;5.5;-0.3;2008-12-10;True;False;1000;2026-08-28
LU0106258311;Schroder ISF Glbl Corp Bd A Acc USD;Schroder International Selection Fund Global Corporate Bond A Accumulation USD;Schroder Investment Management (Europe) S.A.;Fixed Income;Global Fixed Income;RF Deuda Corporativa Global - USD Cubierto;USD;Luxemburgo;4;3;1.03;0.75;0.23;2.38;5.65;0.14;2000-01-17;True;False;1000;2026-08-28
IE00BDFB5T26;Vanguard Glb Corp Bd Idx $ H Acc;Vanguard Global Corporate Bond Index Fund USD Hedged Acc;Vanguard Group (Ireland) Limited;Fixed Income;Global Fixed Income;RF Deuda Corporativa Global - USD Cubierto;USD;Irlanda;4;3;0.18;0.18;0.52;2.48;5.81;0.53;2017-11-02;True;True;1000000;2026-08-28
LU0622305505;GS EM Corp Bd Base Acc USD;Goldman Sachs Emerging Markets Corporate Bond Portfolio Base Acc USD;Goldman Sachs Asset Management B.V.;Fixed Income;Emerging Markets Fixed Income;RF Deuda Corporativa Global Emergente;USD;Luxemburgo;4;3;;1.25;2.06;4.43;7.54;1.7;2011-05-17;True;False;5000;2026-08-28
LU1073944867;JSS Bond Em MKts S/T P $;JSS Bond - Emerging Markets Short-term P USD;J. Safra Sarasin Fund Management (Luxembourg) S.A.;Fixed Income;Emerging Markets Fixed Income;RF Deuda Corporativa Global Emergente;USD;Luxemburgo;3;3;1.12;1;1.58;3.41;5.51;2.31;2014-07-31;True;False;0;2026-08-28
IE00BFNXVX02;Muzinich EmergingMktsShrtDur HUSD Acc R;Muzinich EmergingMarketsShortDuration Fund Hedged USD Accumulation R Units;Muzinich & Co. (Ireland) Limited;Fixed Income;Emerging Markets Fixed Income;RF Deuda Corporativa Global Emergente;USD;Irlanda;3;3;;1.1;1.91;3.38;6.37;2.12;2014-06-24;True;False;1000;2026-08-28
LU1055196213;Pictet-Short Term Em Corp Bds P USD;Pictet-Short Term Emerging Corporate Bonds P USD;Pictet Asset Management (Europe) SA;Fixed Income;Emerging Markets Fixed Income;RF Deuda Corporativa Global Emergente;USD;Luxemburgo;3;3;1.33;1.8;2.18;4.04;6.49;2.58;2014-05-14;True;False;0;2026-08-28
LU0566480116;abrdn-Emerg Mrkt Corp Bond A Acc USD;abrdn SICAV I - Emerging Markets Corporate Bond Fund A Acc USD;abrdn Investments Luxembourg S.A.;Fixed Income;Emerging Markets Fixed Income;RF Deuda Corporativa Global Emergente;USD;Luxemburgo;3;3;;1.5;2.26;4.59;8.03;1.66;2011-03-07;True;False;500;2026-08-28
LU1080015693;EdRF Emerging Credit A EUR H;Edmond de Rothschild Fund - Emerging Credit A EUR Hedged;Edmond de Rothschild Asset Management (France);Fixed Income;Emerging Markets Fixed Income;RF Deuda Corporativa Global Emergentes - Cubierto EUR;EUR;Luxemburgo;4;4;1.28;1;2.97;3.83;6.42;0.17;2014-07-15;True;False;0;2026-08-28
LU0622306651;GS EM Corp Bd Oth Ccy Acc EUR Hdg;Goldman Sachs Emerging Markets Corporate Bond Portfolio Other Currency Acc EUR-Hedged;Goldman Sachs Asset Management B.V.;Fixed Income;Emerging Markets Fixed Income;RF Deuda Corporativa Global Emergentes - Cubierto EUR;EUR;Luxemburgo;4;3;;1.25;0.96;2.5;5.64;-0.2;2011-05-17;True;False;5000;2026-08-28
LU0512127621;JPM Emerg Mkts Corp Bd A acc EUR H;JPMorgan Funds - Emerging Markets Corporate Bond Fund A (acc) EUR (hedged);JPMorgan Asset Management (Europe) S.à r.l.;Fixed Income;Emerging Markets Fixed Income;RF Deuda Corporativa Global Emergentes - Cubierto EUR;EUR;Luxemburgo;4;3;1.26;1;0.96;2.37;5.71;-0.47;2010-07-14;True;False;35000;2026-08-28
LU0512128355;JPM Emerg Mkts Corp Bd D acc EUR H;JPMorgan Funds - Emerging Markets Corporate Bond Fund D (acc) EUR (hedged);JPMorgan Asset Management (Europe) S.à r.l.;Fixed Income;Emerging Markets Fixed Income;RF Deuda Corporativa Global Emergentes - Cubierto EUR;EUR;Luxemburgo;4;2;1.76;1;0.63;1.85;5.17;-0.98;2010-08-27;True;False;5000;2026-08-28
LU0980585672;Loomis Sayles S/T Em Mkts Bd R/A H-EUR;Natixis International Fds (Lux) I - Loomis Sayles Short Term Emerging Markets Bond Fd R/A (H-EUR);Natixis Investment Managers International;Fixed Income;Emerging Markets Fixed Income;RF Deuda Corporativa Global Emergentes - Cubierto EUR;EUR;Luxemburgo;3;2;1.3;1.3;-0.03;0.87;3.75;-0.33;2015-02-17;True;False;1000;2026-08-28
IE0006SZI3X0;Man EM Corp Crdt Alt DN H EUR Acc;Man Funds VI plc - Man Emerging Markets Corporate Credit Alternative DN H EUR;Man Group Ltd;Fixed Income;Emerging Markets Fixed Income;RF Deuda Corporativa Global Emergentes - Cubierto EUR;EUR;Irlanda;4;;;1.75;5.65;8.76;;;2024-09-02;True;False;1000;2026-08-28
IE00BFNXVS58;Muzinich EmergingMktsShrtDur HEUR Acc R;Muzinich EmergingMarketsShortDuration Fund Hedged Euro Accumulation R Units;Muzinich & Co. (Ireland) Limited;Fixed Income;Emerging Markets Fixed Income;RF Deuda Corporativa Global Emergentes - Cubierto EUR;EUR;Irlanda;3;3;;1.1;0.8;1.45;4.4;0.19;2014-06-20;True;False;1000;2026-08-28
LU1055198938;Pictet-Short Term Em Corp Bds HP EUR;Pictet-Short Term Emerging Corporate Bonds HP EUR;Pictet Asset Management (Europe) SA;Fixed Income;Emerging Markets Fixed Income;RF Deuda Corporativa Global Emergentes - Cubierto EUR;EUR;Luxemburgo;3;3;1.38;1.8;0.96;2.01;4.47;0.66;2014-05-14;True;False;0;2026-08-28
LU0654954816;abrdn-Emerg Mrkt Corp Bond A Acc HEUR;abrdn SICAV I - Emerging Markets Corporate Bond Fund A Acc Hedged EUR;abrdn Investments Luxembourg S.A.;Fixed Income;Emerging Markets Fixed Income;RF Deuda Corporativa Global Emergentes - Cubierto EUR;EUR;Luxemburgo;3;3;;1.5;1.1;2.59;6.02;-0.25;2014-03-21;True;False;;2026-08-28
LU0546067371;AXAIMFIIS US Corp Itmt Bds F Cap USD;AXA IM Fixed Income Investment Strategies - US Corporate Intermediate Bonds F Capitalisation USD;BNP PARIBAS ASSET MANAGEMENT Europe;Fixed Income;US Fixed Income;RF Deuda Corporativa USD;USD;Luxemburgo;4;4;0.93;0.75;0.07;1.71;5.02;0.73;2010-09-30;True;False;0;2026-08-28
LU1567057721;Capital Group USCrpBd LUX B;Capital Group US Corporate Bond Fund LUX B;Capital International Management Company Sàrl;Fixed Income;US Fixed Income;RF Deuda Corporativa USD;USD;Luxemburgo;4;2;0.9;0.8;-0.65;1.11;4.28;-1.01;2017-03-21;True;False;0;2026-08-28
LU1567057309;Capital Group USCrpBd LUX B EUR;Capital Group US Corporate Bond Fund LUX B EUR;Capital International Management Company Sàrl;Fixed Income;US Fixed Income;RF Deuda Corporativa USD;EUR;Luxemburgo;4;2;0.9;0.8;0.13;1.01;1.68;-0.84;2017-03-21;True;False;;2026-08-28
LU0458979076;Nordea 1 - US Corporate Bond BP EUR;Nordea 1 - US Corporate Bond Fund BP EUR;Nordea Investment Funds SA;Fixed Income;US Fixed Income;RF Deuda Corporativa USD;EUR;Luxemburgo;4;3;1.03;0.7;0.67;1.67;2.66;-0.46;2010-02-12;True;False;0;2026-08-28
LU0146923718;UBAM Medium Term US Corporate Bd AC USD;UBAM - Medium Term US Corporate Bond AC USD;UBP Asset Management (Europe) S.A.;Fixed Income;US Fixed Income;RF Deuda Corporativa USD;USD;Luxemburgo;3;4;;0.5;0.02;1.99;5.74;1.31;2002-05-03;True;False;0;2026-08-28
IE00B04GQX83;Vanguard U.S. Invm Grd Crdt Idx USD Acc;Vanguard U.S. Investment Grade Credit Index Fund USD Acc;Vanguard Group (Ireland) Limited;Fixed Income;US Fixed Income;RF Deuda Corporativa USD;USD;Irlanda;4;3;0.12;0.12;0.23;2.38;5.49;0.21;2004-12-16;True;True;1000000;2026-08-28
LU1646952801;abrdn-US Dollar Credit Sust Bd A AccUSD;abrdn SICAV I - US Dollar Credit Sustainable Bond Fund A Acc USD;abrdn Investments Luxembourg S.A.;Fixed Income;US Fixed Income;RF Deuda Corporativa USD;USD;Luxemburgo;4;3;;0.8;-0.77;1.73;4.84;-0.63;2017-12-08;True;False;500;2026-08-28
LU0097116437;Eurizon Bond EUR Short Term LTE R Acc;Eurizon Fund - Bond EUR Short Term LTE Class Unit R EUR Accumulation;Eurizon Capital SGR SpA - Luxembourg Branch;Fixed Income;Europe Fixed Income;RF Deuda Pública Corto Plazo EUR;EUR;Luxemburgo;2;3;;0.3;0.22;0.62;2.28;0.48;1999-07-16;True;True;50000;2026-08-28
LU0396183898;Generali IS Euro Bond 1/3Y EX;Generali Investments SICAV - Euro Bond 1-3 Years EX;Generali Investments Luxembourg SA;Fixed Income;Europe Fixed Income;RF Deuda Pública Corto Plazo EUR;EUR;Luxemburgo;2;4;0.94;0.7;-0.15;0.31;2.37;1.21;2009-03-09;True;False;500;2026-08-28
LU0145485214;Generali IS Euro Short Term Bond DX;Generali Investments SICAV - Euro Short Term Bond Fund DX;Generali Investments Luxembourg SA;Fixed Income;Europe Fixed Income;RF Deuda Pública Corto Plazo EUR;EUR;Luxemburgo;2;5;0.45;0.3;1.14;1.76;2.76;2.09;2003-11-26;True;False;500;2026-08-28
LU0145485560;Generali IS Euro Short Term Bond DY;Generali Investments SICAV - Euro Short Term Bond Fund DY;Generali Investments Luxembourg SA;Fixed Income;Europe Fixed Income;RF Deuda Pública Corto Plazo EUR;EUR;Luxemburgo;2;5;0.45;0.3;1.14;1.76;2.76;2.11;2015-06-19;True;False;500;2026-08-28
LU0408877412;JPM Euro Govt Shrt Dur Bd A acc EUR;JPMorgan Funds - Euro Government Short Duration Bond Fund A (acc) EUR;JPMorgan Asset Management (Europe) S.à r.l.;Fixed Income;Europe Fixed Income;RF Deuda Pública Corto Plazo EUR;EUR;Luxemburgo;2;3;0.5;0.35;0.07;0.52;2.42;0.74;2009-02-20;True;False;35000;2026-08-28
LU0408877842;JPM Euro Govt Shrt Dur Bd D acc EUR;JPMorgan Funds - Euro Government Short Duration Bond Fund D (acc) EUR;JPMorgan Asset Management (Europe) S.à r.l.;Fixed Income;Europe Fixed Income;RF Deuda Pública Corto Plazo EUR;EUR;Luxemburgo;2;3;0.55;0.35;0.04;0.48;2.38;0.69;2009-02-20;True;False;0;2026-08-28
LU1050470373;Amundi Core Euro Govt Bd AE Acc;Amundi Core Euro Government Bond AE Acc;Amundi Luxembourg S.A.;Fixed Income;Europe Fixed Income;RF Deuda Pública EUR;EUR;Luxemburgo;4;3;0.35;0.2;-0.78;-0.19;1.94;-2.91;2014-04-14;True;True;;2026-08-28
LU0111548326;BNP Paribas Euro Government Bd C C;BNP Paribas Funds Euro Government Bond Classic Capitalisation;BNP Paribas Asset Management Luxembourg;Fixed Income;Europe Fixed Income;RF Deuda Pública EUR;EUR;Luxemburgo;4;2;0.91;0.7;-1.17;-0.76;1.33;-3.17;1999-05-11;True;False;0;2026-08-28
LU0549541232;BlueBay Inv Grd Euro Govt Bd M EUR Acc;BlueBay Funds - BlueBay Investment Grade Euro Government Bond Fund M EUR Acc;BlueBay Funds Management Company S.A.;Fixed Income;Europe Fixed Income;RF Deuda Pública EUR;EUR;Luxemburgo;4;3;;0.5;-2.68;-1.83;1.89;-2.47;2013-12-06;True;False;0;2026-08-28
LU0549537040;BlueBay Inv Grd Euro Govt Bd R EUR Acc;BlueBay Funds - BlueBay Investment Grade Euro Government Bond Fund R EUR Acc;BlueBay Funds Management Company S.A.;Fixed Income;Europe Fixed Income;RF Deuda Pública EUR;EUR;Luxemburgo;4;3;;0.75;-2.89;-2.16;1.55;-2.8;2013-10-30;True;False;0;2026-08-28
FR0007004130;CM-AM Obli Souverains RC;CM-AM Obli Souverains RC;Crédit Mutuel Asset Management;Fixed Income;Europe Fixed Income;RF Deuda Pública EUR;EUR;Francia;3;2;;0.7;-0.8;-0.44;1.69;-3.1;1996-09-17;True;False;1;2026-08-28
BE0943877671;DPAM B Bonds Eur Govt B Cap;DPAM B - Bonds Eur Government B Cap;Degroof Petercam Asset Management SA;Fixed Income;Europe Fixed Income;RF Deuda Pública EUR;EUR;Bélgica;4;4;0.65;0.5;-0.58;0.22;2.35;-2.41;1996-10-04;True;False;1;2026-08-28
LU0012017942;Eurizon Bond EUR Medium Term LTE R Acc;Eurizon Fund - Bond EUR Medium Term LTE Class Unit R EUR Accumulation;Eurizon Capital SGR SpA - Luxembourg Branch;Fixed Income;Europe Fixed Income;RF Deuda Pública EUR;EUR;Luxemburgo;3;4;;0.35;-0.45;-0.05;2.43;-0.71;1988-11-29;True;True;50000;2026-08-28
LU0145476817;Generali IS Euro Bond DX;Generali Investments SICAV - Euro Bond Fund DX;Generali Investments Luxembourg SA;Fixed Income;Europe Fixed Income;RF Deuda Pública EUR;EUR;Luxemburgo;4;3;1.34;1.1;-1.74;-1.28;1.54;-1.84;2003-11-26;True;False;500;2026-08-28
LU0363447680;JPM EU Government Bond A acc EUR;JPMorgan Funds - EU Government Bond Fund A (acc) EUR;JPMorgan Asset Management (Europe) S.à r.l.;Fixed Income;Europe Fixed Income;RF Deuda Pública EUR;EUR;Luxemburgo;4;3;0.6;0.4;-1.33;-0.35;2.1;-2.75;2008-10-03;True;False;35000;2026-08-28
LU0355584037;JPM EU Government Bond D acc EUR;JPMorgan Funds - EU Government Bond Fund D (acc) EUR;JPMorgan Asset Management (Europe) S.à r.l.;Fixed Income;Europe Fixed Income;RF Deuda Pública EUR;EUR;Luxemburgo;4;3;0.8;0.4;-1.46;-0.56;1.9;-2.94;2008-10-03;True;False;5000;2026-08-28
FR0011311414;OSTRUM SRI EURO BONDS 3-5 E;OSTRUM SRI EURO BONDS 3-5 E;Natixis Investment Managers International;Fixed Income;Europe Fixed Income;RF Deuda Pública EUR;EUR;Francia;2;4;;0.8;-0.5;-0.14;2.36;-0.77;2012-10-17;True;False;1000;2026-08-28
FR0000003196;Ostrum SRI EURO Sovereign Bods R (C)EUR;Ostrum SRI EURO Sovereign Bonds R (C) EUR;Natixis Investment Managers International;Fixed Income;Europe Fixed Income;RF Deuda Pública EUR;EUR;Francia;3;2;;0.7;-0.76;-0.32;1.41;-3.34;1993-12-30;True;False;1;2026-08-28
LU0213453268;Robeco Euro Government Bonds D €;Robeco Euro Government Bonds D €;Robeco Institutional Asset Management BV;Fixed Income;Europe Fixed Income;RF Deuda Pública EUR;EUR;Luxemburgo;4;3;0.63;0.42;-1.39;-0.65;2.35;-2.84;2003-04-04;True;False;0;2026-08-28
IE0007472115;Vanguard Euro Govt Bd Idx Inv EUR Acc;Vanguard Euro Government Bond Index Fund Investor EUR Accumulation;Vanguard Group (Ireland) Limited;Fixed Income;Europe Fixed Income;RF Deuda Pública EUR;EUR;Irlanda;4;3;0.12;0.12;-0.66;-0.12;2.26;-2.7;2001-04-18;True;True;1000000;2026-08-28
LU1646950771;abrdn-Euro Government Bond A Acc EUR;abrdn SICAV I - Euro Government Bond Fund A Acc EUR;abrdn Investments Luxembourg S.A.;Fixed Income;Europe Fixed Income;RF Deuda Pública EUR;EUR;Luxemburgo;4;1;;0.6;-1.53;-0.45;1.65;-3.83;2017-12-08;True;False;1000;2026-08-28
LU0836513266;iShares Euro Govt Bd Idx (LU) A2 EUR;iShares Euro Government Bond Index Fund (LU) A2 EUR;BlackRock (Luxembourg) SA;Fixed Income;Europe Fixed Income;RF Deuda Pública EUR;EUR;Luxemburgo;4;2;0.54;0.45;-1.07;-0.47;1.62;-3.26;2012-10-23;True;True;5;2026-08-28
LU0389812933;Amundi IS Core Global Gvt Bd AHE-C;Amundi Index Solutions - Amundi Core Global Government Bond AHE-C;Amundi Luxembourg S.A.;Fixed Income;Global Fixed Income;RF Deuda Pública Global - Cubierto EUR;EUR;Luxemburgo;3;3;;0.2;-1.43;-0.84;1.01;-2.8;2008-09-25;True;True;0;2026-08-28
LU0406674076;JPM Global Government Bd A acc EUR;JPMorgan Funds - Global Government Bond Fund A (acc) EUR;JPMorgan Asset Management (Europe) S.à r.l.;Fixed Income;Global Fixed Income;RF Deuda Pública Global - Cubierto EUR;EUR;Luxemburgo;3;3;0.6;0.4;-1.96;-0.91;1.13;-2.74;2009-02-20;True;False;35000;2026-08-28
LU0406674589;JPM Global Government Bd D acc EUR;JPMorgan Funds - Global Government Bond Fund D (acc) EUR;JPMorgan Asset Management (Europe) S.à r.l.;Fixed Income;Global Fixed Income;RF Deuda Pública Global - Cubierto EUR;EUR;Luxemburgo;3;3;0.8;0.4;-2.03;-1.11;0.94;-2.93;2009-02-20;True;False;5000;2026-08-28
LU0006061385;BGF Global Government Bond A2;BlackRock Global Funds - Global Government Bond Fund A2;BlackRock (Luxembourg) SA;Fixed Income;Global Fixed Income;RF Deuda Pública Global - Cubierto USD;USD;Luxemburgo;3;2;0.98;0.75;-0.65;0.99;3.3;-1.26;1987-05-13;True;False;5000;2026-08-28
LU0543330301;Franklin US Government A(acc)USD;Franklin U.S. Government Fund A(acc)USD;Franklin Templeton International Services S.à r.l.;Fixed Income;US Fixed Income;RF Deuda Pública USD;USD;Luxemburgo;4;3;1.01;0.7;0.26;2.5;3.82;-0.35;2010-09-30;True;False;1000;2026-08-28
LU0812851797;MFS Meridian US Government Bond A1 EUR;MFS Meridian Funds - U.S. Government Bond Fund A1 EUR;MFS Investment Management Company (Lux) S.à.r.l;Fixed Income;US Fixed Income;RF Deuda Pública USD;EUR;Luxemburgo;4;3;0.98;0.5;0.35;1.05;0.85;-0.78;2012-08-24;True;False;0;2026-08-28
LU0219442547;MFS Meridian US Government Bond A1 USD;MFS Meridian Funds - U.S. Government Bond Fund A1 USD;MFS Investment Management Company (Lux) S.à.r.l;Fixed Income;US Fixed Income;RF Deuda Pública USD;USD;Luxemburgo;4;3;0.98;0.5;-0.55;1.18;3.44;-1.04;2005-09-26;True;False;0;2026-08-28
LU0128488383;Pictet-USD Government Bonds P USD;Pictet-USD Government Bonds P USD;Pictet Asset Management (Europe) SA;Fixed Income;US Fixed Income;RF Deuda Pública USD;USD;Luxemburgo;4;3;0.58;0.6;-0.35;1.49;3.1;-1.23;1992-02-10;True;False;0;2026-08-28
IE0007471927;Vanguard U.S. Govt Bd Idx $ Acc;Vanguard U.S. Government Bond Index Fund USD Acc;Vanguard Group (Ireland) Limited;Fixed Income;US Fixed Income;RF Deuda Pública USD;USD;Irlanda;4;3;0.12;0.12;-0.13;1.58;3.53;-0.79;2002-01-31;True;True;1000000;2026-08-28
IE0007471695;Vanguard US Govt Bd Idx Inv USD Acc;Vanguard U.S. Government Bond Index Fund Investor USD Accumulation;Vanguard Group (Ireland) Limited;Fixed Income;US Fixed Income;RF Deuda Pública USD;USD;Irlanda;4;3;0.12;0.12;-0.13;1.58;3.53;-0.79;2002-03-06;True;True;1000000;2026-08-28
LU1706854152;Amundi SF Divers S/T Bd Sel A EUR ND;Amundi S.F. - Diversified Short-Term Bond Select A EUR ND;Amundi Luxembourg S.A.;Fixed Income;Europe Fixed Income;RF Diversificada Corto Plazo EUR;EUR;Luxemburgo;3;5;;0.6;1.34;2.42;5.71;3.15;2018-03-23;True;False;1;2026-08-28
LU0118255248;BGF Euro Short Duration Bond A1;BlackRock Global Funds - Euro Short Duration Bond Fund A1;BlackRock (Luxembourg) SA;Fixed Income;Europe Fixed Income;RF Diversificada Corto Plazo EUR;EUR;Luxemburgo;3;2;0.89;0.75;-0.18;0.72;2.93;0.76;2000-10-02;True;False;5000;2026-08-28
LU0093503810;BGF Euro Short Duration Bond A2;BlackRock Global Funds - Euro Short Duration Bond Fund A2;BlackRock (Luxembourg) SA;Fixed Income;Europe Fixed Income;RF Diversificada Corto Plazo EUR;EUR;Luxemburgo;3;2;0.89;0.75;0;0.74;2.95;0.79;1999-01-04;True;False;5000;2026-08-28
LU0325598166;BNP Paribas Enhanced Bond 6M C C;BNP Paribas Funds Enhanced Bd 6M Classic Capitalisation;BNP Paribas Asset Management Luxembourg;Fixed Income;Europe Fixed Income;RF Diversificada Corto Plazo EUR;EUR;Luxemburgo;2;4;1.81;0.5;1.08;1.81;3.4;1.58;2007-10-30;True;False;0;2026-08-28
LU0325599487;BNP Paribas Enhanced Bond 6M N C;BNP Paribas Funds Enhanced Bd 6M N Capitalisation;BNP Paribas Asset Management Luxembourg;Fixed Income;Europe Fixed Income;RF Diversificada Corto Plazo EUR;EUR;Luxemburgo;2;3;2.5;0.5;1.01;1.72;3.29;1.48;2007-10-30;True;False;0;2026-08-28
LU1819948784;BNP Paribas Sus Enh Bd 12M Cl EUR Acc;BNP Paribas Funds Sustainable Enhanced Bond 12M Classic EUR Acc;BNP Paribas Asset Management Luxembourg;Fixed Income;Europe Fixed Income;RF Diversificada Corto Plazo EUR;EUR;Luxemburgo;2;3;;0.8;0.86;1.5;3.2;1.58;2019-09-20;True;False;0;2026-08-28
ES0110053032;Bankinter Ahorro Renta Fija R FI;Bankinter Ahorro Renta Fija R FI;Bankinter Gestión de Activos SGIIC;Fixed Income;Europe Fixed Income;RF Diversificada Corto Plazo EUR;EUR;España;2;2;0.67;0.55;0.53;1.04;2.67;0.95;1996-09-11;True;False;;2026-08-28
ES0113574034;Bankinter Multi-Asset Invmt Prudent FI;Bankinter Multi-Asset Investment Prudent Investment FI;Bankinter Gestión de Activos SGIIC;Fixed Income;Europe Fixed Income;RF Diversificada Corto Plazo EUR;EUR;España;2;3;0.32;0.25;1.03;1.67;3.02;;2022-01-21;True;False;1;2026-08-28
ES0113368007;Bankinter Premium Ahorro B FI;Bankinter Premium Ahorro B FI;Bankinter Gestión de Activos SGIIC;Fixed Income;Europe Fixed Income;RF Diversificada Corto Plazo EUR;EUR;España;;;;0.44;1.15;1.7;;;2025-07-11;True;False;500000;2026-08-28
ES0113368015;Bankinter Premium Ahorro R FI;Bankinter Premium Ahorro R FI;Bankinter Gestión de Activos SGIIC;Fixed Income;Europe Fixed Income;RF Diversificada Corto Plazo EUR;EUR;España;;;;0.54;1.08;1.6;;;2025-07-11;True;False;10000;2026-08-28
LU0157929810;Candriam Bds Euro Short Term C EUR Cap;Candriam Bonds Euro Short Term Class C EUR Cap;Candriam;Fixed Income;Europe Fixed Income;RF Diversificada Corto Plazo EUR;EUR;Luxemburgo;2;3;0.62;0.4;0.49;1.05;3;1.11;1995-12-07;True;False;0;2026-08-28
LU1299306321;Carmignac Pf Sécurité AW EUR Acc;Carmignac Portfolio Sécurité AW EUR Acc;Carmignac Gestion Luxembourg S.A.;Fixed Income;Europe Fixed Income;RF Diversificada Corto Plazo EUR;EUR;Luxemburgo;3;4;1.2;1;0.46;0.57;3.56;1.3;2015-11-19;True;False;0;2026-08-28
LU1299306677;Carmignac Pf Sécurité AW EUR Ydis;Carmignac Portfolio Sécurité AW EUR Ydis;Carmignac Gestion Luxembourg S.A.;Fixed Income;Europe Fixed Income;RF Diversificada Corto Plazo EUR;EUR;Luxemburgo;2;4;1.2;1;0.46;0.56;3.56;1.33;2015-11-19;True;False;0;2026-08-28
FR0010149120;Carmignac Sécurité AW EUR Acc;Carmignac Sécurité AW EUR Acc;Carmignac Gestion;Fixed Income;Europe Fixed Income;RF Diversificada Corto Plazo EUR;EUR;Francia;3;4;1.11;1.11;0.52;0.65;3.66;1.33;1989-01-26;True;False;0;2026-08-28
FR0011269083;Carmignac Sécurité AW EUR Ydis;Carmignac Sécurité AW EUR Ydis;Carmignac Gestion;Fixed Income;Europe Fixed Income;RF Diversificada Corto Plazo EUR;EUR;Francia;2;4;1.11;1.11;0.51;0.65;3.66;1.44;2012-06-19;True;False;0;2026-08-28
LU0145655824;DWS Invest ESG Euro Bonds (Short) LC;DWS Invest ESG Euro Bonds (Short) LC;DWS Investment S.A.;Fixed Income;Europe Fixed Income;RF Diversificada Corto Plazo EUR;EUR;Luxemburgo;2;3;0.48;0.6;0.28;0.83;2.97;1.15;2002-06-03;True;False;0;2026-08-28
LU0267388220;Fidelity Euro Short Term Bond A-Acc-EUR;Fidelity Funds - Euro Short Term Bond Fund A-Acc-EUR;FIL Investment Management (Luxembourg) S.à r.l.;Fixed Income;Europe Fixed Income;RF Diversificada Corto Plazo EUR;EUR;Luxemburgo;3;3;0.71;0.5;0.82;1.11;3.05;0.44;2008-03-10;True;False;;2026-08-28
LU1022658667;Franklin Euro Short Dur Bd A(acc)EUR;Franklin Euro Short Duration Bond Fund A(acc)EUR;Franklin Templeton International Services S.à r.l.;Fixed Income;Europe Fixed Income;RF Diversificada Corto Plazo EUR;EUR;Luxemburgo;2;3;0.6;0.5;0.46;1.02;2.91;1.31;2014-02-21;True;False;;2026-08-28
LU0952573136;FvS Bond Defensive R;Flossbach von Storch - Bond Defensive R;Flossbach von Storch Invest S.A.;Fixed Income;Europe Fixed Income;RF Diversificada Corto Plazo EUR;EUR;Luxemburgo;3;1;0.88;0.72;-0.16;0.06;2.11;;2013-10-01;True;False;0;2026-08-28
LU0607519195;Invesco Euro Short Term Bond A EUR Acc;Invesco Funds - Invesco Euro Short Term Bond Fund A Accumulation EUR;Invesco Management S.A.;Fixed Income;Europe Fixed Income;RF Diversificada Corto Plazo EUR;EUR;Luxemburgo;2;3;;0.6;0.18;0.66;2.97;0.63;2011-05-04;True;False;1000;2026-08-28
LU0073235904;MS INVF Short Maturity Euro Bond A;Morgan Stanley Investment Funds - Short Maturity Euro Bond Fund A;MSIM Fund Management (Ireland) Limited;Fixed Income;Europe Fixed Income;RF Diversificada Corto Plazo EUR;EUR;Luxemburgo;2;2;1.04;0.8;0;0.43;2.62;0.82;1997-02-01;True;False;0;2026-08-28
IE00BNG2T811;Neuberger Short Dur Er Bd EURAAcc;Neuberger Short Duration Euro Bond Fund EUR A Accumulating Class;Neuberger Berman Asset Management Ireland Limited;Fixed Income;Europe Fixed Income;RF Diversificada Corto Plazo EUR;EUR;Irlanda;3;5;0.43;0.38;1.07;1.82;5.07;2.38;2021-06-10;True;False;1000;2026-08-28
IE00B90VC092;PIMCO European S/T Opports E EUR Acc;PIMCO European Short-Term Opportunities Fund E EUR Accumulation;PIMCO Global Advisors (Ireland) Limited;Fixed Income;Europe Fixed Income;RF Diversificada Corto Plazo EUR;EUR;Irlanda;3;3;;2.5;0.66;1.9;3.86;1.63;2013-03-25;True;False;1000;2026-08-28
LU0981470809;QSF - Quaestio Global Enhanced Csh R Acc;QSF - Quaestio Global Enhanced Cash Fund R Acc;Quaestio Capital SGR S.p.A;Fixed Income;Europe Fixed Income;RF Diversificada Corto Plazo EUR;EUR;Luxemburgo;2;4;;0.85;1.06;1.79;3.9;2.03;2018-06-21;True;False;;2026-08-28
LU0120689640;Vontobel TwentyFour Euro S/TBnd B EUR;Vontobel Fund - TwentyFour Euro Short Term Bond B EUR Cap;Vontobel Asset Management S.A.;Fixed Income;Europe Fixed Income;RF Diversificada Corto Plazo EUR;EUR;Luxemburgo;2;3;0.75;0.55;0.34;0.8;2.78;1.06;2000-10-24;True;False;0;2026-08-28
LU0154237225;BGF US Dollar Short Duration Bd A2;BlackRock Global Funds - US Dollar Short Duration Bond Fund A2;BlackRock (Luxembourg) SA;Fixed Income;US Fixed Income;RF Diversificada Corto Plazo USD;USD;Luxemburgo;3;3;0.88;0.75;1.16;2.75;4.75;1.94;2002-10-31;True;False;5000;2026-08-28
LU0172420597;BGF US Dollar Short Duration Bd A3 EUR;BlackRock Global Funds - US Dollar Short Duration Bond Fund A3 EUR;BlackRock (Luxembourg) SA;Fixed Income;US Fixed Income;RF Diversificada Corto Plazo USD;EUR;Luxemburgo;3;3;0.89;0.75;1.5;1.99;2.06;2.1;2003-09-01;True;False;;2026-08-28
LU0171298564;BGF US Dollar Short Duration Bd E2 EUR;BlackRock Global Funds - US Dollar Short Duration Bond Fund E2 EUR;BlackRock (Luxembourg) SA;Fixed Income;US Fixed Income;RF Diversificada Corto Plazo USD;EUR;Luxemburgo;3;2;1.39;0.75;1.54;1.8;1.65;1.65;2002-10-31;True;False;;2026-08-28
LU0551246555;Franklin US Low Duration A(acc)USD;Franklin U.S. Low Duration Fund A(acc)USD;Franklin Templeton International Services S.à r.l.;Fixed Income;US Fixed Income;RF Diversificada Corto Plazo USD;USD;Luxemburgo;3;2;0.7;0.5;1.28;2.75;4.59;1.92;2010-12-08;True;False;1000;2026-08-28
LU0562247428;JPM US Short Duration Bond A acc USD;JPMorgan Funds - US Short Duration Bond Fund A (acc) - USD;JPMorgan Asset Management (Europe) S.à r.l.;Fixed Income;US Fixed Income;RF Diversificada Corto Plazo USD;USD;Luxemburgo;2;3;0.8;0.6;1.05;2.58;4.59;2.11;2010-12-15;True;False;35000;2026-08-28
LU0562248079;JPM US Short Duration Bond D acc USD;JPMorgan Funds - US Short Duration Bond Fund D (acc) - USD;JPMorgan Asset Management (Europe) S.à r.l.;Fixed Income;US Fixed Income;RF Diversificada Corto Plazo USD;USD;Luxemburgo;2;2;1.1;0.6;0.85;2.27;4.28;1.8;2010-12-15;True;False;5000;2026-08-28
IE00B2478W85;PIMCO GIS Low Avrg Dur E USD Acc;PIMCO GIS Low Average Duration Fund E Class USD Accumulation;PIMCO Global Advisors (Ireland) Limited;Fixed Income;US Fixed Income;RF Diversificada Corto Plazo USD;USD;Irlanda;2;2;;2.5;0.51;1.86;4.05;1.21;2007-09-21;True;False;1000;2026-08-28
LU0175073625;Pictet-USD Short Mid-Term Bonds P;Pictet-USD Short Mid-Term Bonds P;Pictet Asset Management (Europe) SA;Fixed Income;US Fixed Income;RF Diversificada Corto Plazo USD;USD;Luxemburgo;2;3;0.5;0.6;1.23;2.75;4.4;2.16;2003-09-18;True;False;0;2026-08-28
LU1361553693;Pictet-USD Short Mid-Term Bonds P EUR;Pictet-USD Short Mid-Term Bonds P EUR;Pictet Asset Management (Europe) SA;Fixed Income;US Fixed Income;RF Diversificada Corto Plazo USD;EUR;Luxemburgo;4;3;0.5;0.6;2.08;2.28;1.71;2.4;2016-02-09;True;False;0;2026-08-28
LU0251659180;AXAWF Euro 7-10 A Cap EUR;AXA World Funds - Euro 7-10 A Capitalisation EUR;BNP PARIBAS ASSET MANAGEMENT Europe;Fixed Income;Europe Fixed Income;RF Diversificada EUR;EUR;Luxemburgo;4;3;0.84;0.6;-0.59;-0.19;3.27;-2.36;2006-04-17;True;False;0;2026-08-28
LU0251659776;AXAWF Euro Strategic Bonds A Cap EUR;AXA World Funds - Euro Strategic Bonds A Capitalisation EUR;BNP PARIBAS ASSET MANAGEMENT Europe;Fixed Income;Europe Fixed Income;RF Diversificada EUR;EUR;Luxemburgo;3;5;0.85;0.6;0.68;1.43;4.85;1.91;2006-04-17;True;False;0;2026-08-28
LU0050372472;BGF Euro Bond A2;BlackRock Global Funds - Euro Bond A2;BlackRock (Luxembourg) SA;Fixed Income;Europe Fixed Income;RF Diversificada EUR;EUR;Luxemburgo;4;2;0.97;0.75;-0.86;-0.07;2.49;-2.29;1994-03-31;True;False;5000;2026-08-28
LU0172396516;BGF Euro Bond A3;BlackRock Global Funds - Euro Bond Fund A3;BlackRock (Luxembourg) SA;Fixed Income;Europe Fixed Income;RF Diversificada EUR;EUR;Luxemburgo;4;2;0.97;0.75;-0.9;-0.07;2.48;-2.29;2003-09-01;True;False;5000;2026-08-28
LU0430265933;BGF Euro Bond A4;BlackRock Global Funds - Euro Bond Fund A4;BlackRock (Luxembourg) SA;Fixed Income;Europe Fixed Income;RF Diversificada EUR;EUR;Luxemburgo;4;2;0.97;0.75;-0.87;-0.05;2.5;-2.29;2010-07-26;True;False;5000;2026-08-28
IE0032722260;BNY Mellon Euroland Bond EUR A Acc;BNY Mellon Euroland Bond Fund EUR A Acc;BNY Mellon Fund Management (Lux) S.A.;Fixed Income;Europe Fixed Income;RF Diversificada EUR;EUR;Irlanda;4;3;;1;-0.99;-0.47;3.13;-1.98;2003-09-05;True;False;5000;2026-08-28
ES0114867031;Bankinter Deuda Financiera R FI;Bankinter Deuda Financiera R FI;Bankinter Gestión de Activos SGIIC;Fixed Income;Europe Fixed Income;RF Diversificada EUR;EUR;España;3;4;1.13;1;0.11;0.6;4;0.59;1991-04-01;True;False;1;2026-08-28
ES0113574026;Bankinter Multi-Asset Invmt Long Term FI;Bankinter Multi-Asset Investment Long Term Investment FI;Bankinter Gestión de Activos SGIIC;Fixed Income;Europe Fixed Income;RF Diversificada EUR;EUR;España;3;4;0.38;0.3;0.15;0.62;3.76;;2022-01-21;True;False;1;2026-08-28
ES0114837034;Bankinter Renta Fija Largo Plazo R FI;Bankinter Renta Fija Largo Plazo R FI;Bankinter Gestión de Activos SGIIC;Fixed Income;Europe Fixed Income;RF Diversificada EUR;EUR;España;3;3;1.35;1.2;-0.91;-0.82;2.52;-0.41;1996-10-11;True;False;1;2026-08-28
LU0549543014;BlueBay Inv Grd Euro Aggt Bd R EUR;BlueBay Funds - BlueBay Investment Grade Euro Aggregate Bond Fund R - EUR;BlueBay Funds Management Company S.A.;Fixed Income;Europe Fixed Income;RF Diversificada EUR;EUR;Luxemburgo;4;3;;0.75;-2.56;-1.87;2.52;-2.09;2011-11-21;True;False;0;2026-08-28
LU0279509904;Ethna-DEFENSIV A;Ethna-DEFENSIV A;ETHENEA Independent Investors S.A.;Fixed Income;Europe Fixed Income;RF Diversificada EUR;EUR;Luxemburgo;2;5;1.17;0.9;-0.91;-0.56;3.66;1.49;2007-04-02;True;False;0;2026-08-28
LU0279509144;Ethna-DEFENSIV T;Ethna-DEFENSIV T;ETHENEA Independent Investors S.A.;Fixed Income;Europe Fixed Income;RF Diversificada EUR;EUR;Luxemburgo;2;5;1.17;0.9;-0.88;-0.53;3.67;1.49;2007-04-02;True;False;0;2026-08-28
LU0251130638;Fidelity Euro Bond A-Acc-EUR;Fidelity Funds - Euro Bond Fund A-Acc-EUR;FIL Investment Management (Luxembourg) S.à r.l.;Fixed Income;Europe Fixed Income;RF Diversificada EUR;EUR;Luxemburgo;4;2;;0.75;-1.82;-1.31;2.53;-2.82;2006-07-03;True;False;;2026-08-28
LU0048579097;Fidelity Euro Bond A-Dis-EUR;Fidelity Funds - Euro Bond Fund A-DIST-EUR;FIL Investment Management (Luxembourg) S.à r.l.;Fixed Income;Europe Fixed Income;RF Diversificada EUR;EUR;Luxemburgo;4;2;;0.75;-1.79;-1.31;2.53;-2.82;1990-10-01;True;False;;2026-08-28
LU0238209513;Fidelity Euro Bond E-Acc-EUR;Fidelity Funds - Euro Bond Fund E-Acc-EUR;FIL Investment Management (Luxembourg) S.à r.l.;Fixed Income;Europe Fixed Income;RF Diversificada EUR;EUR;Luxemburgo;4;1;;1.5;-2.06;-1.71;2.12;-3.21;2006-01-23;True;False;;2026-08-28
LU0170473374;Franklin European Ttl Ret A(acc)EUR;Franklin European Total Return Fund A(acc)EUR;Franklin Templeton International Services S.à r.l.;Fixed Income;Europe Fixed Income;RF Diversificada EUR;EUR;Luxemburgo;3;3;0.95;0.7;0.06;0.51;2.89;-1.33;2003-08-29;True;False;;2026-08-28
LU0066341099;Invesco Euro Bond A EUR Acc;Invesco Funds - Invesco Euro Bond Fund A Accumulation EUR;Invesco Management S.A.;Fixed Income;Europe Fixed Income;RF Diversificada EUR;EUR;Luxemburgo;4;3;;0.75;-0.87;-0.65;3.05;-2.1;1996-04-01;True;False;1000;2026-08-28
LU2638558333;Miralta SICAV Sequoia - A EUR;Miralta SICAV Sequoia Fund - A EUR;Miralta Asset Management SAU;Fixed Income;Europe Fixed Income;RF Diversificada EUR;EUR;Luxemburgo;;4;;0.7;1.05;1.64;3.68;2.04;2024-03-05;True;False;;2026-08-28
LU1915690595;Nordea 1 - Active Rates Opport. BP EUR;Nordea 1 - Active Rates Opportunities Fund Fund BP EUR;Nordea Investment Funds SA;Fixed Income;Europe Fixed Income;RF Diversificada EUR;EUR;Luxemburgo;3;4;0.91;0.7;-2.59;0.32;3.44;1.81;2019-01-29;True;False;0;2026-08-28
IE00B11XYY66;PIMCO GIS Euro Bond E EUR Acc;PIMCO GIS Euro Bond Fund E Class EUR Accumulation;PIMCO Global Advisors (Ireland) Limited;Fixed Income;Europe Fixed Income;RF Diversificada EUR;EUR;Irlanda;4;2;;2.5;-0.88;0.1;2.65;-2.61;2006-03-31;True;False;;2026-08-28
LU0106235533;Schroder ISF EURO Bond A Acc EUR;Schroder International Selection Fund EURO Bond A Accumulation EUR;Schroder Investment Management (Europe) S.A.;Fixed Income;Europe Fixed Income;RF Diversificada EUR;EUR;Luxemburgo;4;2;;0.75;-0.46;0.11;3.04;-3;2000-01-17;True;False;1000;2026-08-28
LU0093472081;Schroder ISF EURO Bond A Dis QV;Schroder International Selection Fund EURO Bond A Distribution EUR QV;Schroder Investment Management (Europe) S.A.;Fixed Income;Europe Fixed Income;RF Diversificada EUR;EUR;Luxemburgo;4;2;;0.75;-0.46;0.1;3.04;-3;1999-04-19;True;False;1000;2026-08-28
LU0138643068;DPAM L Bonds Universalis Uncons B EUR;DPAM L - Bonds Universalis Unconstrained B EUR;Degroof Petercam Asset Management SA;Fixed Income;Global Fixed Income;RF Diversificada Global;EUR;Luxemburgo;4;5;1.01;0.8;1.45;2.49;3.65;-0.7;1985-01-01;True;False;0;2026-08-28
LU0557861274;Amundi Fds Glbl Aggt Bd A EUR C;Amundi Funds - Global Aggregate Bond A EUR (C);Amundi Luxembourg S.A.;Fixed Income;Global Fixed Income;RF Diversificada Global - Cubierto USD;EUR;Luxemburgo;4;4;1.35;0.8;2.2;3.18;2.81;1.77;2011-07-07;True;False;1;2026-08-28
LU0319688015;Amundi Fds Glbl Aggt Bd A USD C;Amundi Funds - Global Aggregate Bond A USD (C);Amundi Luxembourg S.A.;Fixed Income;Global Fixed Income;RF Diversificada Global - Cubierto USD;USD;Luxemburgo;3;4;1.34;0.8;1.19;2.93;5.47;1.5;2007-10-30;True;False;1;2026-08-28
LU0430493139;JPM Aggregate Bond A acc USD;JPMorgan Funds - Aggregate Bond Fund A (acc) USD;JPMorgan Asset Management (Europe) S.à r.l.;Fixed Income;Global Fixed Income;RF Diversificada Global - Cubierto USD;USD;Luxemburgo;3;3;0.9;0.7;-0.31;1.64;4.21;0.18;2009-11-09;True;False;35000;2026-08-28
LU0430493642;JPM Aggregate Bond D acc USD;JPMorgan Funds - Aggregate Bond Fund D (acc) USD;JPMorgan Asset Management (Europe) S.à r.l.;Fixed Income;Global Fixed Income;RF Diversificada Global - Cubierto USD;USD;Luxemburgo;3;2;1.3;0.7;-0.54;1.27;3.79;-0.22;2013-11-19;True;False;5000;2026-08-28
LU1332516696;JSS Global Opportunities P USD Acc;JSS Bond - Global Opportunities P USD acc;J. Safra Sarasin Fund Management (Luxembourg) S.A.;Fixed Income;Global Fixed Income;RF Diversificada Global - Cubierto USD;USD;Luxemburgo;4;2;1.32;1.4;-0.18;0.45;3.26;-0.52;2015-12-30;True;False;0;2026-08-28
IE00BH65QN23;Vanguard Global S/T Bd Idx USD H Acc;Vanguard Global Short-Term Bond Index Fund USD Hedged Acc;Vanguard Group (Ireland) Limited;Fixed Income;Global Fixed Income;RF Diversificada Global - Cubierto USD;USD;Irlanda;3;4;0.15;0.15;1.16;2.52;4.87;2.09;2014-01-31;True;True;1000000;2026-08-28
LU0906524193;Amundi Fds Glbl Aggt Bd A EUR H C;Amundi Funds - Global Aggregate Bond A EUR Hgd (C);Amundi Luxembourg S.A.;Fixed Income;Global Fixed Income;RF Diversificada Global - Cubierto  EUR;EUR;Luxemburgo;3;4;1.34;0.8;0.15;1.09;3.52;-0.36;2013-04-16;True;False;1;2026-08-28
LU0613076990;Amundi Fds Glbl Aggt Bd G EUR H C;Amundi Funds - Global Aggregate Bond G EUR Hgd (C);Amundi Luxembourg S.A.;Fixed Income;Global Fixed Income;RF Diversificada Global - Cubierto  EUR;EUR;Luxemburgo;3;4;1.54;0.8;0.06;0.94;3.36;-0.52;2011-05-06;True;False;;2026-08-28
LU0613077295;Amundi Fds Glbl Aggt Bd G EUR H MTD D;Amundi Funds - Global Aggregate Bond G EUR Hgd MTD (D);Amundi Luxembourg S.A.;Fixed Income;Global Fixed Income;RF Diversificada Global - Cubierto  EUR;EUR;Luxemburgo;3;4;1.54;0.8;-0.1;0.76;3.31;-0.61;2011-06-09;True;False;;2026-08-28
LU0337577430;Fidelity Global Bond A-Acc-EUR H;Fidelity Funds - Global Bond Fund A-Acc-EUR (hedged);FIL Investment Management (Luxembourg) S.à r.l.;Fixed Income;Global Fixed Income;RF Diversificada Global - Cubierto  EUR;EUR;Luxemburgo;3;2;;0.75;-1.49;-1.05;1.59;-2.49;2008-03-10;True;False;;2026-08-28
LU0430493212;JPM Aggregate Bond A acc EUR Hdg;JPMorgan Funds - Aggregate Bond Fund A (acc) EUR (hedged);JPMorgan Asset Management (Europe) S.à r.l.;Fixed Income;Global Fixed Income;RF Diversificada Global - Cubierto  EUR;EUR;Luxemburgo;3;3;0.9;0.7;-1.36;-0.23;2.28;-1.74;2009-11-09;True;False;35000;2026-08-28
LU0430493725;JPM Aggregate Bond D acc EUR Hdg;JPMorgan Funds - Aggregate Bond Fund D (acc) EUR (hedged);JPMorgan Asset Management (Europe) S.à r.l.;Fixed Income;Global Fixed Income;RF Diversificada Global - Cubierto  EUR;EUR;Luxemburgo;3;2;1.3;0.7;-1.66;-0.64;1.85;-2.14;2013-11-19;True;False;5000;2026-08-28
LU1332517074;JSS Global Opportunities P EURH Acc;JSS Bond - Global Opportunities P EUR acc hedged;J. Safra Sarasin Fund Management (Luxembourg) S.A.;Fixed Income;Global Fixed Income;RF Diversificada Global - Cubierto  EUR;EUR;Luxemburgo;4;2;1.32;1.4;-1.35;-1.57;1.18;-2.59;2015-12-30;True;False;0;2026-08-28
IE00B11XZ103;PIMCO GIS Glb Bd E EUR Hedged Acc;PIMCO GIS Global Bond Fund E Class EUR (Hedged) Accumulation;PIMCO Global Advisors (Ireland) Limited;Fixed Income;Global Fixed Income;RF Diversificada Global - Cubierto  EUR;EUR;Irlanda;3;3;;2.5;-1.68;-0.51;2.6;-1.72;2006-03-31;True;False;1000;2026-08-28
IE00BF2FJG67;PIMCO GIS Low Duration Opps E EURH Acc;PIMCO GIS Low Duration Opportunities Fund E Class EUR (Hedged) Accumulation;PIMCO Global Advisors (Ireland) Limited;Fixed Income;Global Fixed Income;RF Diversificada Global - Cubierto  EUR;EUR;Irlanda;3;5;;1.2;0.68;2.59;4.84;0.63;2017-10-20;True;False;;2026-08-28
LU2885076518;Robeco Global Bonds DH EUR Acc;Robeco Global Bonds DH EUR Acc;Robeco Institutional Asset Management BV;Fixed Income;Global Fixed Income;RF Diversificada Global - Cubierto  EUR;EUR;Luxemburgo;3;2;1.01;0.8;-1.9;-1.55;1.71;-2.9;2024-12-13;True;False;0;2026-08-28
LU0706127809;UBS (Lux) BS Glb S/T Flex $ EUR H P-acc;UBS (Lux) Bond SICAV - Global Short Term Flexible (USD) (EUR hedged) P-acc;UBS Asset Management (Europe) S.A.;Fixed Income;Global Fixed Income;RF Diversificada Global - Cubierto  EUR;EUR;Luxemburgo;3;5;0.94;0.7;0.89;1.6;3.53;0.78;2011-12-01;True;False;0;2026-08-28
IE00B18GC888;Vanguard Global Bd Idx EUR H Acc;Vanguard Global Bond Index Fund EUR Hedged Acc;Vanguard Group (Ireland) Limited;Fixed Income;Global Fixed Income;RF Diversificada Global - Cubierto  EUR;EUR;Irlanda;4;3;0.15;0.15;-0.97;-0.17;2.35;-2.11;2014-02-27;True;True;1000000;2026-08-28
LU1880401101;Amundi Fds US Bond A EUR C;Amundi Funds - US Bond A EUR (C);Amundi Luxembourg S.A.;Fixed Income;US Fixed Income;RF Diversificada USD;EUR;Luxemburgo;4;3;1.34;0.75;0.61;1.3;2.06;-0.14;2019-06-24;True;False;0;2026-08-28
LU1880401523;Amundi Fds US Bond A USD C;Amundi Funds - US Bond A USD (C);Amundi Luxembourg S.A.;Fixed Income;US Fixed Income;RF Diversificada USD;USD;Luxemburgo;4;3;1.04;0.75;-0.24;1.76;4.77;-0.37;2019-06-21;True;False;0;2026-08-28
LU1880402687;Amundi Fds US Bond G USD C;Amundi Funds - US Bond G USD (C);Amundi Luxembourg S.A.;Fixed Income;US Fixed Income;RF Diversificada USD;USD;Luxemburgo;4;2;1.29;0.8;-0.41;1.48;4.54;-0.6;2019-06-24;True;False;;2026-08-28
LU0261947682;Fidelity US Dollar Bond A-Acc-USD;Fidelity Funds - US Dollar Bond Fund A-Acc-USD;FIL Investment Management (Luxembourg) S.à r.l.;Fixed Income;US Fixed Income;RF Diversificada USD;USD;Luxemburgo;4;3;;0.75;-0.99;0.78;3.58;-0.96;2006-09-25;True;False;2500;2026-08-28
LU0048622798;Fidelity US Dollar Bond A-Dis-USD;Fidelity Funds - US Dollar Bond Fund A-DIST-USD;FIL Investment Management (Luxembourg) S.à r.l.;Fixed Income;US Fixed Income;RF Diversificada USD;USD;Luxemburgo;4;3;;0.75;-0.99;0.74;3.56;-0.96;1990-11-12;True;False;2500;2026-08-28
LU0117838648;JPM US Aggregate Bond D acc USD;JPMorgan Funds - US Aggregate Bond Fund D (acc) - USD;JPMorgan Asset Management (Europe) S.à r.l.;Fixed Income;US Fixed Income;RF Diversificada USD;USD;Luxemburgo;4;2;1.35;0.9;-0.75;1.38;3.71;-0.88;2000-10-13;True;False;5000;2026-08-28
IE00B11XZ988;PIMCO GIS Ttl Ret Bd E USD Acc;PIMCO GIS Total Return Bond Fund E Class USD Accumulation;PIMCO Global Advisors (Ireland) Limited;Fixed Income;US Fixed Income;RF Diversificada USD;USD;Irlanda;4;2;;2.5;0.1;2.85;5.08;-0.64;2006-03-31;True;False;1000;2026-08-28
LU0106260564;Schroder ISF US Dllr Bd A Acc USD;Schroder International Selection Fund US Dollar Bond A Accumulation USD;Schroder Investment Management (Europe) S.A.;Fixed Income;US Fixed Income;RF Diversificada USD;USD;Luxemburgo;4;3;;0.75;-0.02;2.8;4.78;-0.88;2000-01-17;True;False;1000;2026-08-28
LU1164219682;AXAWF Euro Credit Total Ret A Cap EUR;AXA World Funds - Euro Credit Total Return A Capitalisation EUR;BNP PARIBAS ASSET MANAGEMENT Europe;Fixed Income;Europe Fixed Income;RF Flexible EUR;EUR;Luxemburgo;4;5;1.16;0.95;0.36;0.83;6.06;3.89;2015-04-10;True;False;0;2026-08-28
LU1164219922;AXAWF Euro Credit Total Ret A Dis EUR;AXA World Funds - Euro Credit Total Return A Distribution EUR;BNP PARIBAS ASSET MANAGEMENT Europe;Fixed Income;Europe Fixed Income;RF Flexible EUR;EUR;Luxemburgo;4;5;1.16;0.95;0.36;0.83;6.06;3.89;2017-08-28;True;False;0;2026-08-28
LU2002383896;Allianz Credit Opp Plus AT EUR;Allianz Global Investors Fund - Allianz Credit Opportunities Plus AT EUR;Allianz Global Investors GmbH;Fixed Income;Europe Fixed Income;RF Flexible EUR;EUR;Luxemburgo;3;4;1.29;2;-0.92;-0.46;6.1;2.1;2019-06-13;True;False;0;2026-08-28
LU1483615412;Assenagon Credit Selection ESG P2;Assenagon Credit Selection ESG (P2);Assenagon Asset Management SA;Fixed Income;Europe Fixed Income;RF Flexible EUR;EUR;Luxemburgo;3;4;1.69;1.4;-0.04;1.01;5.26;2.39;2023-12-19;True;False;0;2026-08-28
ES0158989006;Bankinter Flexible Bond B FI;Bankinter Flexible Bond B FI;Bankinter Gestión de Activos SGIIC;Fixed Income;Europe Fixed Income;RF Flexible EUR;EUR;España;3;3;0.77;0.65;0.59;1.52;4.62;1.14;2021-05-21;True;False;500000;2026-08-28
ES0158989022;Bankinter Flexible Bond R FI;Bankinter Flexible Bond R FI;Bankinter Gestión de Activos SGIIC;Fixed Income;Europe Fixed Income;RF Flexible EUR;EUR;España;3;3;0.92;0.8;0.49;1.37;4.46;0.99;2021-05-21;True;False;10;2026-08-28
ES0158992000;Bankinter Premium RF Largo Plazo B FI;Bankinter Premium Renta Fija Largo Plazo B FI;Bankinter Gestión de Activos SGIIC;Fixed Income;Europe Fixed Income;RF Flexible EUR;EUR;España;3;;0.11;0.5;-0.88;-0.49;;;2024-10-25;True;False;500000;2026-08-28
ES0158992026;Bankinter Premium RF Largo Plazo R FI;Bankinter Premium Renta Fija Largo Plazo R FI;Bankinter Gestión de Activos SGIIC;Fixed Income;Europe Fixed Income;RF Flexible EUR;EUR;España;3;;0.23;0.8;-1.08;-0.79;;;2024-10-25;True;False;10000;2026-08-28
ES0158979007;Bankinter Premium Renta Fija B FI;Bankinter Premium Renta Fija FI;Bankinter Gestión de Activos SGIIC;Fixed Income;Europe Fixed Income;RF Flexible EUR;EUR;España;2;;0.6;0.55;0.45;0.95;;;2023-10-20;True;False;500000;2026-08-28
ES0158979015;Bankinter Premium Renta Fija R FI;Bankinter Premium Renta Fija R FI;Bankinter Gestión de Activos SGIIC;Fixed Income;Europe Fixed Income;RF Flexible EUR;EUR;España;2;;0.9;0.85;0.25;0.64;;;2023-10-20;True;False;10000;2026-08-28
LU2278574988;Buy & Hold Luxembourg B&H Bond Class 2;Buy & Hold Luxembourg B&H Bond Class 2;Buy & Hold Capital SGIIC;Fixed Income;Europe Fixed Income;RF Flexible EUR;EUR;Luxemburgo;2;4;;1.25;1.49;2.36;5.97;2.46;2021-04-15;True;False;1;2026-08-28
LU2842969151;Buy & Hold Luxembourg B&H Debt 2 EUR Acc;Buy & Hold Luxembourg B&H Debt 2 EUR Acc;Buy & Hold Capital SGIIC;Fixed Income;Europe Fixed Income;RF Flexible EUR;EUR;Luxemburgo;2;4;;0.89;0.65;1.34;3.78;2.32;2024-12-02;True;False;;2026-08-28
LU0096353940;CT (Lux) European Strat Bd AE;CT (Lux) - European Strategic Bond Class AE (EUR Accumulation Shares);Threadneedle Management Luxembourg S.A.;Fixed Income;Europe Fixed Income;RF Flexible EUR;EUR;Luxemburgo;3;3;1.1;0.9;-0.04;0.12;4.13;0.27;1999-04-02;True;False;2500;2026-08-28
LU0252128276;Candriam Bds Total Ret C EUR Cap;Candriam Bonds Total Return Class C EUR Cap;Candriam;Fixed Income;Europe Fixed Income;RF Flexible EUR;EUR;Luxemburgo;3;2;1.12;0.9;0.83;1.52;3.09;1.19;2006-05-16;True;False;0;2026-08-28
LU1623762843;Carmignac Pf Credit A EUR Acc;Carmignac Pf Credit A EUR Acc;Carmignac Gestion Luxembourg S.A.;Fixed Income;Europe Fixed Income;RF Flexible EUR;EUR;Luxemburgo;3;4;1.2;1;0.75;2.08;7.28;2.19;2017-07-31;True;False;0;2026-08-28
LU0336084032;Carmignac Pf Flexible Bond A EUR Acc;Carmignac Pf Flexible Bond A EUR Acc;Carmignac Gestion Luxembourg S.A.;Fixed Income;Europe Fixed Income;RF Flexible EUR;EUR;Luxemburgo;3;3;1.2;1;2.11;1.94;5.3;1.35;2007-12-14;True;False;0;2026-08-28
LU0992631050;Carmignac Pf Flexible Bond A EUR Ydis;Carmignac Pf Flexible Bond A EUR Ydis;Carmignac Gestion Luxembourg S.A.;Fixed Income;Europe Fixed Income;RF Flexible EUR;EUR;Luxemburgo;3;3;1.2;1;2.13;1.96;5.27;1.44;2013-11-15;True;False;0;2026-08-28
LU0546216986;DIP - Paradigma Flexible Bd A EUR;DIP - Paradigma Flexible Bonds A EUR;A&G Fondos SGIIC;Fixed Income;Europe Fixed Income;RF Flexible EUR;EUR;Luxemburgo;3;3;;0.9;0.9;1.5;3.82;1.32;2010-11-02;True;False;0;2026-08-28
LU0284393930;DNCA Invest Credit Conviction A EUR;DNCA Invest Credit Conviction Class A shares EUR;DNCA Finance;Fixed Income;Europe Fixed Income;RF Flexible EUR;EUR;Luxemburgo;3;4;1.43;1;0.85;2.03;5.89;2.23;2008-04-14;True;False;2500;2026-08-28
FR0013460920;EdR SICAV Short Duration Credit A EUR;EdR SICAV - Short Duration Credit A EUR;Edmond de Rothschild Asset Management (France);Fixed Income;Europe Fixed Income;RF Flexible EUR;EUR;Francia;3;4;0.85;0.7;1.27;2.26;4.9;2.26;2020-01-20;True;False;1;2026-08-28
FR0013460961;EdR SICAV Short Duration Credit B EUR;EdR SICAV - Short Duration Credit B EUR;Edmond de Rothschild Asset Management (France);Fixed Income;Europe Fixed Income;RF Flexible EUR;EUR;Francia;3;4;0.86;0.85;1.27;2.26;4.9;2.26;2020-10-30;True;False;1;2026-08-28
LU1161527038;EdRF Bond Allocation A EUR Acc;Edmond de Rothschild Fund - Bond Allocation A EUR Acc;Edmond de Rothschild Asset Management (France);Fixed Income;Europe Fixed Income;RF Flexible EUR;EUR;Luxemburgo;3;3;1.24;0.8;0.03;1.26;4.61;0.36;2004-12-30;True;False;0;2026-08-28
LU1161526907;EdRF Bond Allocation B EUR Inc;Edmond de Rothschild Fund - Bond Allocation B EUR Inc;Edmond de Rothschild Asset Management (France);Fixed Income;Europe Fixed Income;RF Flexible EUR;EUR;Luxemburgo;3;3;1.24;0.8;0.04;1.26;4.6;0.37;2004-12-30;True;False;0;2026-08-28
FI0008811989;Evli Nordic Corporate Bond A;Evli Nordic Corporate Bond A;Evli-Rahastoyhtiö Oy;Fixed Income;Europe Fixed Income;RF Flexible EUR;EUR;Finlandia;3;4;;0.75;1.79;2.94;5.64;2.18;2007-04-16;True;False;5000;2026-08-28
FI0008811997;Evli Nordic Corporate Bond B;Evli Nordic Corporate Bond B;Evli-Rahastoyhtiö Oy;Fixed Income;Europe Fixed Income;RF Flexible EUR;EUR;Finlandia;3;4;0.75;0.75;1.79;2.94;5.64;2.18;2007-04-16;True;False;1000;2026-08-28
LU0571102010;Groupama Alpha Fixed Income NC;Groupama Alpha Fixed Income NC;Groupama Asset Management;Fixed Income;Europe Fixed Income;RF Flexible EUR;EUR;Luxemburgo;3;3;;1;1.3;1.9;3.22;2.26;2010-12-15;True;False;0;2026-08-28
LU1891750868;Groupama Alpha Fixed Income Plus NC;Groupama Alpha Fixed Income Plus NC;Groupama Asset Management;Fixed Income;Europe Fixed Income;RF Flexible EUR;EUR;Luxemburgo;3;3;1.61;1.4;1.19;1.78;3.7;;2021-12-27;True;False;0;2026-08-28
FR0010230490;Lazard Credit Opportunities RC EUR;Lazard Credit Opportunities RC EUR;Lazard Frères Gestion;Fixed Income;Europe Fixed Income;RF Flexible EUR;EUR;Francia;4;4;1.7;1.75;-0.84;2.65;4.52;2.84;2005-10-28;True;False;1;2026-08-28
LU1109965605;MS INVF European Fixed Inc Opps A;Morgan Stanley Investment Funds - European Fixed Income Opportunities Fund A;MSIM Fund Management (Ireland) Limited;Fixed Income;Europe Fixed Income;RF Flexible EUR;EUR;Luxemburgo;3;3;1.24;1;0.32;1.34;4.26;0.78;2014-09-30;True;False;0;2026-08-28
LU1135359625;MS INVF European Fixed Inc Opps AR;Morgan Stanley Investment Funds - European Fixed Income Opportunities Fund AR;MSIM Fund Management (Ireland) Limited;Fixed Income;Europe Fixed Income;RF Flexible EUR;EUR;Luxemburgo;3;3;1.24;1;0.31;1.29;4.27;0.79;2014-11-07;True;False;0;2026-08-28
LU2222028099;Merchbanc FCP Renta Fija Flex A;Merchbanc FCP Renta Fija Flex A;Andbank Asset Management Luxembourg;Fixed Income;Europe Fixed Income;RF Flexible EUR;EUR;Luxemburgo;3;4;;0.25;0.92;1.94;5.72;3.08;2020-11-19;True;False;0;2026-08-28
LU3105996899;Mutuactivos Mutuafondo Flex Bds A EUR C;Mutuactivos International SICAV - Mutuafondo Flexible Bonds A EUR Capitalisation;Mutuactivos S.A.U., S.G.I.I.C.;Fixed Income;Europe Fixed Income;RF Flexible EUR;EUR;Luxemburgo;;4;;0.93;0.26;1.1;5.65;2.06;2026-01-20;True;False;;2026-08-28
IE00B3QDMK77;PIMCO GIS Euro Income Bond E EUR Acc;PIMCO GIS Euro Income Bond Fund E Class EUR Accumulation;PIMCO Global Advisors (Ireland) Limited;Fixed Income;Europe Fixed Income;RF Flexible EUR;EUR;Irlanda;3;3;;2.5;-0.4;1.1;4.92;0.36;2011-02-28;True;False;1000;2026-08-28
IE00B46MFP70;PIMCO GIS Euro Income Bond E EUR Inc;PIMCO GIS Euro Income Bond Fund E Class EUR Income;PIMCO Global Advisors (Ireland) Limited;Fixed Income;Europe Fixed Income;RF Flexible EUR;EUR;Irlanda;3;3;;2.5;-0.37;1.21;4.92;0.37;2011-02-28;True;False;;2026-08-28
LU1850104735;Pareturn Mutuafondo Glbl Fixed Inc PBEUR;Pareturn Mutuafondo Global Fixed Income P B EUR;Mutuactivos S.A.U., S.G.I.I.C.;Fixed Income;Europe Fixed Income;RF Flexible EUR;EUR;Luxemburgo;3;4;;;0.37;1.06;5.86;2.27;2020-01-17;True;False;;2026-08-28
FR0013202132;Sextant Credit Opportunities A;Sextant Credit Opportunities A;Amiral Gestion;Fixed Income;Europe Fixed Income;RF Flexible EUR;EUR;Francia;4;;;1.1;0.19;1.05;;;2017-03-30;True;False;1;2026-08-28
LU0110451209;Capital Group GlbHiInc LUX B;Capital Group Global High Income Opportunities LUX B;Capital International Management Company Sàrl;Fixed Income;Global Fixed Income;RF Flexible Global;EUR;Luxemburgo;4;4;1.4;1.3;3.06;4.85;4.86;2.54;2001-01-15;True;False;0;2026-08-28
LU0110450813;Capital Group GlbHiInc LUX B USD;Capital Group Global High Income Opportunities LUX B USD;Capital International Management Company Sàrl;Fixed Income;Global Fixed Income;RF Flexible Global;USD;Luxemburgo;4;4;1.4;1.3;2.16;4.98;7.53;2.28;2001-01-15;True;False;0;2026-08-28
LU0193743431;Capital Group GlbHiInc LUX Bd USD;Capital Group Global High Income Opportunities LUX Bd USD;Capital International Management Company Sàrl;Fixed Income;Global Fixed Income;RF Flexible Global;USD;Luxemburgo;4;4;1.4;1.3;2.18;4.99;7.54;2.29;2004-08-31;True;False;0;2026-08-28
LU0817814519;Capital Group GlbHiInc LUX Bgd;Capital Group Global High Income Opportunities LUX Bgd;Capital International Management Company Sàrl;Fixed Income;Global Fixed Income;RF Flexible Global;EUR;Luxemburgo;4;4;1.4;1.3;3.02;4.85;4.84;2.52;2013-02-01;True;False;0;2026-08-28
LU0336083497;Carmignac Pf Global Bond A EUR Acc;Carmignac Pf Global Bond A EUR Acc;Carmignac Gestion Luxembourg S.A.;Fixed Income;Global Fixed Income;RF Flexible Global;EUR;Luxemburgo;3;3;;1;3.58;4.4;3.07;0.77;2007-12-14;True;False;0;2026-08-28
LU1299302098;Carmignac Pf Global Bond A EUR Minc;Carmignac Pf Global Bond A EUR Minc;Carmignac Gestion Luxembourg S.A.;Fixed Income;Global Fixed Income;RF Flexible Global;EUR;Luxemburgo;3;3;;1;3.57;4.39;3.07;0.76;2015-11-19;True;False;0;2026-08-28
LU1694789451;DNCA Invest Alpha Bonds A EUR;DNCA Invest Alpha Bonds A EUR;DNCA Finance;Fixed Income;Global Fixed Income;RF Flexible Global;EUR;Luxemburgo;3;4;1.31;1.2;1.62;2.89;3.92;4.75;2017-12-14;True;False;2500;2026-08-28
IE00B19Z3V48;FTGF WA Glb Mlt Strat A USD Acc;FTGF Western Asset Global Multi Strategy Fund Class A US$ Accumulating;Franklin Templeton International Services S.à r.l.;Fixed Income;Global Fixed Income;RF Flexible Global;USD;Irlanda;4;3;1.4;1.1;0.77;2.55;5.32;0.8;2007-05-09;True;False;1000;2026-08-28
LU0766124712;Fidelity Glb Shrt Dur Inc A-Acc-EUR;Fidelity Funds - Global Short Duration Income Fund A-Acc-EUR;FIL Investment Management (Luxembourg) S.à r.l.;Fixed Income;Global Fixed Income;RF Flexible Global;EUR;Luxemburgo;4;5;;1.5;2.79;3.79;4.18;3.91;2012-05-14;True;False;2500;2026-08-28
LU0963986202;Mirabaud - Global Strat Bd A USD Acc;Mirabaud - Global Strategic Bond Fund A USD Acc;Mirabaud Asset Management Ltd;Fixed Income;Global Fixed Income;RF Flexible Global;USD;Luxemburgo;4;3;1.47;1.2;0.95;2.98;5.43;1.51;2013-10-01;True;False;1;2026-08-28
LU0300745303;Templeton Global Bond A(Ydis)EUR;Templeton Global Bond Fund A(Ydis)EUR;Franklin Templeton International Services S.à r.l.;Fixed Income;Global Fixed Income;RF Flexible Global;EUR;Luxemburgo;4;2;1.38;1.05;5.42;6.67;1.74;0.81;2007-07-12;True;False;;2026-08-28
LU0152980495;Templeton Global Bond A(acc)EUR;Templeton Global Bond Fund A(acc)EUR;Franklin Templeton International Services S.à r.l.;Fixed Income;Global Fixed Income;RF Flexible Global;EUR;Luxemburgo;4;2;1.38;1.05;5.55;6.73;1.73;0.84;2002-09-09;True;False;;2026-08-28
LU0252652382;Templeton Global Bond A(acc)USD;Templeton Global Bond Fund A(acc)USD;Franklin Templeton International Services S.à r.l.;Fixed Income;Global Fixed Income;RF Flexible Global;USD;Luxemburgo;4;2;1.38;1.05;4.61;6.86;4.33;0.59;2006-04-28;True;False;1000;2026-08-28
LU0300745725;Templeton Global Ttl Ret A(Ydis)EUR;Templeton Global Total Return Fund A(Ydis)EUR;Franklin Templeton International Services S.à r.l.;Fixed Income;Global Fixed Income;RF Flexible Global;EUR;Luxemburgo;4;2;1.39;1.05;7.15;10.67;5.18;1.35;2007-07-12;True;False;;2026-08-28
LU0260870661;Templeton Global Ttl Ret A(acc)EUR;Templeton Global Total Return Fund A(acc)EUR;Franklin Templeton International Services S.à r.l.;Fixed Income;Global Fixed Income;RF Flexible Global;EUR;Luxemburgo;4;3;1.39;1.05;7.28;10.79;5.21;1.42;2006-09-01;True;False;;2026-08-28
LU0170475312;Templeton Global Ttl Ret A(acc)USD;Templeton Global Total Return Fund A(acc)USD;Franklin Templeton International Services S.à r.l.;Fixed Income;Global Fixed Income;RF Flexible Global;USD;Luxemburgo;4;3;1.39;1.05;6.34;10.9;7.88;1.16;2003-08-29;True;False;1000;2026-08-28
LU0170477797;Templeton Global Ttl Ret N(acc)USD;Templeton Global Total Return Fund N(acc)USD;Franklin Templeton International Services S.à r.l.;Fixed Income;Global Fixed Income;RF Flexible Global;USD;Luxemburgo;4;2;2.09;1.75;5.88;10.15;7.13;0.46;2003-08-29;True;False;1000;2026-08-28
LU0746604288;AXAWF Global Strat Inc A Cap EUR H;AXA World Funds - Global Strategic Income A Capitalisation EUR (Hedged);BNP PARIBAS ASSET MANAGEMENT Europe;Fixed Income;Global Fixed Income;RF Flexible Global-EUR Cubierto;EUR;Luxemburgo;3;2;1.25;1;0.58;1.85;3.37;-1.49;2012-05-14;True;False;0;2026-08-28
LU0278453476;BGF Fixed Income Global Opps A2 EUR H;BlackRock Global Funds - Fixed Income Global Opportunities Fund A2 EUR Hedged;BlackRock (Luxembourg) SA;Fixed Income;Global Fixed Income;RF Flexible Global-EUR Cubierto;EUR;Luxemburgo;4;3;1.22;1;0.19;1.72;4.24;0.46;2007-01-31;True;False;5000;2026-08-28
LU2155808491;BNP Paribas Glb Abs Ret Bd Cl EUR Cap;BNP Paribas Funds Global Absolute Return Bond Classic EUR Cap;BNP Paribas Asset Management Luxembourg;Fixed Income;Global Fixed Income;RF Flexible Global-EUR Cubierto;EUR;Luxemburgo;3;4;;0.9;0.59;-0.31;4.5;3.15;2021-06-04;True;False;0;2026-08-28
IE00B6VXJV34;BNY Mellon Absolute Ret Bd EUR R Acc;BNY Mellon Absolute Return Bond Fund EUR R Acc;BNY Mellon Fund Management (Lux) S.A.;Fixed Income;Global Fixed Income;RF Flexible Global-EUR Cubierto;EUR;Irlanda;3;4;;1;0.43;1.06;4.86;3.38;2012-11-09;True;False;5000;2026-08-28
LU0438336264;BSF ESG Fixed Income Strategies A2 EUR;BlackRock ESG Fixed Income Strategies Fund A2 EUR;BlackRock (Luxembourg) SA;Fixed Income;Global Fixed Income;RF Flexible Global-EUR Cubierto;EUR;Luxemburgo;3;4;;1;0.4;1.71;4.17;2.07;2009-09-30;True;False;5000;2026-08-28
LU1040967272;BSF ESG Fixed Income Strategies A4 EUR;BlackRock ESG Fixed Income Strategies Fund A4 EUR;BlackRock (Luxembourg) SA;Fixed Income;Global Fixed Income;RF Flexible Global-EUR Cubierto;EUR;Luxemburgo;3;4;;1;0.4;1.71;4.17;2.07;2014-03-05;True;False;5000;2026-08-28
LU0627765794;BlueBay Inv Grd Abs Ret Bd M EUR;BlueBay Funds - BlueBay Investment Grade Absolute Return Bond Fund M - EUR;BlueBay Funds Management Company S.A.;Fixed Income;Global Fixed Income;RF Flexible Global-EUR Cubierto;EUR;Luxemburgo;3;4;1.14;1;-2.02;-1.56;2.63;2;2013-05-21;True;False;0;2026-08-28
LU0627761884;BlueBay Inv Grd Abs Ret Bd R EUR;BlueBay Funds - BlueBay Investment Grade Absolute Return Bond Fund R - EUR;BlueBay Funds Management Company S.A.;Fixed Income;Global Fixed Income;RF Flexible Global-EUR Cubierto;EUR;Luxemburgo;3;3;1.7;1.5;-2.37;-2.12;2.05;1.43;2012-07-05;True;False;0;2026-08-28
LU0417109930;CB-Accent Lux Swan Ultra S/T Bd B;CB-Accent Lux Swan Ultra Short-Term Bond B;Swan Asset Management S.A.;Fixed Income;Global Fixed Income;RF Flexible Global-EUR Cubierto;EUR;Luxemburgo;3;4;1.88;1;1.28;2.21;4.39;2.45;2009-04-02;True;False;1;2026-08-28
LU1829331633;CT (Lux) Credit Opps 1E;CT (Lux) - Credit Opportunities 1E (EUR Accumulation Shares);Threadneedle Management Luxembourg S.A.;Fixed Income;Global Fixed Income;RF Flexible Global-EUR Cubierto;EUR;Luxemburgo;4;3;1.17;1;1.09;1.03;3.38;0.77;2018-08-29;True;False;0;2026-08-28
LU3261279650;CT (Lux) Global Abs Ret Bd A Acc EUR;CT (Lux) Global Absolute Return Bond Fund A Acc EUR;Columbia Threadneedle Management Limited;Fixed Income;Global Fixed Income;RF Flexible Global-EUR Cubierto;EUR;Luxemburgo;;;1;2;;;;;2026-01-13;True;False;;2026-08-28
LU0151324422;Candriam Bds Crdt Opps C EUR Cap;Candriam Bonds Credit Opportunities Class C EUR Cap;Candriam;Fixed Income;Global Fixed Income;RF Flexible Global-EUR Cubierto;EUR;Luxemburgo;3;4;1.41;1;1.05;2.1;3.51;1.78;2003-02-06;True;False;0;2026-08-28
FR0010760694;Candriam Long Short Credit Classique;Candriam Long Short Credit Classique;Candriam;Fixed Income;Global Fixed Income;RF Flexible Global-EUR Cubierto;EUR;Francia;4;4;;0.8;1.21;2.04;3.71;2.46;2009-10-27;True;False;0;2026-08-28
LU0579955484;Capital Group GlbHiInc LUX Bh-EUR;Capital Group Global High Income Opportunities LUX Bh-EUR;Capital International Management Company Sàrl;Fixed Income;Global Fixed Income;RF Flexible Global-EUR Cubierto;EUR;Luxemburgo;4;3;1.4;1.3;0.99;2.94;5.49;0.25;2011-04-11;True;False;0;2026-08-28
IE00B23Z7J34;FTGF WA Glb Mlt Strat A EUR H Acc;FTGF Western Asset Global Multi Strategy Fund Class A Euro Accumulating (Hedged);Franklin Templeton International Services S.à r.l.;Fixed Income;Global Fixed Income;RF Flexible Global-EUR Cubierto;EUR;Irlanda;4;2;1.43;1.1;-0.41;0.53;3.31;-1.17;2008-02-12;True;False;1000;2026-08-28
IE00B940S603;FTGF WA Glb Mlt Strat A EUR H Dis (M)+e;FTGF Western Asset Global Multi Strategy Fund Class A Euro Distributing (M) (Hedged) Plus (e);Franklin Templeton International Services S.à r.l.;Fixed Income;Global Fixed Income;RF Flexible Global-EUR Cubierto;EUR;Irlanda;4;2;1.43;1.1;-0.44;0.5;3.33;-1.16;2013-04-02;True;False;1000;2026-08-28
IE00B23Z7K49;FTGF WA Glb Mlt Strat A EUR H Dis(M);FTGF Western Asset Global Multi Strategy Fund Class A Euro Distributing (M) (Hedged);Franklin Templeton International Services S.à r.l.;Fixed Income;Global Fixed Income;RF Flexible Global-EUR Cubierto;EUR;Irlanda;4;2;1.43;1.1;-0.47;0.47;3.3;-1.16;2008-04-28;True;False;1000;2026-08-28
LU1731833304;Fidelity Glb Shrt Dur Inc A-Acc-EUR H;Fidelity Funds - Global Short Duration Income Fund A-Acc-EUR (Euro/USD hedged);FIL Investment Management (Luxembourg) S.à r.l.;Fixed Income;Global Fixed Income;RF Flexible Global-EUR Cubierto;EUR;Luxemburgo;3;4;;1.5;0.98;2.25;4.99;1.77;2017-12-13;True;False;2500;2026-08-28
LU1731833486;Fidelity Glb Shrt Dur Inc A-QInc-G-EUR H;Fidelity Funds - Global Short Duration Income Fund A-QInc-G-EUR (Euro/USD hedged);FIL Investment Management (Luxembourg) S.à r.l.;Fixed Income;Global Fixed Income;RF Flexible Global-EUR Cubierto;EUR;Luxemburgo;3;4;;1.5;0.96;2.24;4.98;1.74;2017-12-13;True;False;2500;2026-08-28
LU0882574998;Fidelity Global Inc A-Acc-EUR H;Fidelity Funds - Global Income Fund A-Acc-EUR (hedged);FIL Investment Management (Luxembourg) S.à r.l.;Fixed Income;Global Fixed Income;RF Flexible Global-EUR Cubierto;EUR;Luxemburgo;3;3;;1;0.24;1.79;5.3;0.31;2013-04-09;True;False;2500;2026-08-28
LU0893310481;Fidelity Global Inc A-QInc(G)-EUR H;Fidelity Funds - Global Income Fund A-QINCOME(G)-EUR (hedged);FIL Investment Management (Luxembourg) S.à r.l.;Fixed Income;Global Fixed Income;RF Flexible Global-EUR Cubierto;EUR;Luxemburgo;3;3;;1;0.25;1.75;5.33;0.33;2013-04-09;True;False;;2026-08-28
LU1481583711;FvS Bond Opportunities RT;Flossbach von Storch - Bond Opportunities RT;Flossbach von Storch Invest S.A.;Fixed Income;Global Fixed Income;RF Flexible Global-EUR Cubierto;EUR;Luxemburgo;3;3;1.02;0.87;-0.94;-0.6;3.16;-0.21;2016-10-18;True;False;0;2026-08-28
LU0890597635;JPM Global Bd Opps A acc EUR H;JPMorgan Funds - Global Bond Opportunities Fund A (acc) - EUR (hedged);JPMorgan Asset Management (Europe) S.à r.l.;Fixed Income;Global Fixed Income;RF Flexible Global-EUR Cubierto;EUR;Luxemburgo;4;3;1.2;1;-0.33;0.99;3.72;0.06;2013-04-16;True;False;35000;2026-08-28
LU0890598104;JPM Global Bd Opps D acc EUR H;JPMorgan Funds - Global Bond Opportunities Fund D (acc) - EUR (hedged);JPMorgan Asset Management (Europe) S.à r.l.;Fixed Income;Global Fixed Income;RF Flexible Global-EUR Cubierto;EUR;Luxemburgo;4;2;1.7;1;-0.67;0.48;3.2;-0.44;2013-04-16;True;False;5000;2026-08-28
LU2081629425;JPM Global Bond Opps ESG A acc EUR Hdg;JPMorgan Funds - Global Bond Opportunities ESG Fund A (acc) - EUR (hedged);JPMorgan Asset Management (Europe) S.à r.l.;Fixed Income;Global Fixed Income;RF Flexible Global-EUR Cubierto;EUR;Luxemburgo;4;3;1.2;1;-0.36;0.94;3.73;0.08;2019-12-03;True;False;35000;2026-08-28
LU0514679652;JPM Global Strat Bd A perf acc EUR H;JPMorgan Funds - Global Strategic Bond Fund A (perf) (acc) EUR (hedged);JPMorgan Asset Management (Europe) S.à r.l.;Fixed Income;Global Fixed Income;RF Flexible Global-EUR Cubierto;EUR;Luxemburgo;3;3;1.2;1;0.33;1.16;3.89;0.99;2010-06-03;True;False;35000;2026-08-28
LU0853555380;Jupiter Dynamic Bond L EUR Acc;Jupiter Dynamic Bond Class L EUR Acc;Jupiter Asset Management International S.A.;Fixed Income;Global Fixed Income;RF Flexible Global-EUR Cubierto;EUR;Luxemburgo;4;2;1.45;1.25;1.61;3.19;4.04;-1.44;2013-05-10;True;False;500;2026-08-28
LU0459992896;Jupiter Dynamic Bond L EUR Q Inc;Jupiter Dynamic Bond Class L EUR Q Inc;Jupiter Asset Management International S.A.;Fixed Income;Global Fixed Income;RF Flexible Global-EUR Cubierto;EUR;Luxemburgo;4;2;1.45;1.25;1.6;3.19;4.01;-1.45;2012-05-08;True;False;500;2026-08-28
LU1670724373;M&G (Lux) Optimal Income A EUR Acc;M&G (Lux) Optimal Income Fund EUR A Acc;M&G Luxembourg S.A.;Fixed Income;Global Fixed Income;RF Flexible Global-EUR Cubierto;EUR;Luxemburgo;4;;1.34;1.25;;;;;2018-09-07;True;False;1000;2026-08-28
LU1670724456;M&G (Lux) Optimal Income A EUR Inc;M&G (Lux) Optimal Income Fund EUR A Inc;M&G Luxembourg S.A.;Fixed Income;Global Fixed Income;RF Flexible Global-EUR Cubierto;EUR;Luxemburgo;4;;1.34;1.25;;;;;2018-09-07;True;False;1000;2026-08-28
LU2415445837;M&G (Lux) Sust Mac Flex Crdt P EUR Acc;M&G (Lux) Sustainable Macro Flexible Credit Fund EUR P Acc;M&G Luxembourg S.A.;Fixed Income;Global Fixed Income;RF Flexible Global-EUR Cubierto;EUR;Luxemburgo;3;3;1.1;1.1;1.09;1.56;4.16;;2022-02-24;True;False;1000;2026-08-28
LU2482630675;M&G Total Return Crdt Invmt P EUR Acc;European Specialist Investment Funds - M&G Total Return Credit Investment Fd P EUR Acc;M&G Luxembourg S.A.;Fixed Income;Global Fixed Income;RF Flexible Global-EUR Cubierto;EUR;Luxemburgo;3;4;1.09;1.25;1.38;1.71;4.96;;2022-06-21;True;False;1000;2026-08-28
LU1340703070;MFS Meridian Global Oppc Bd AH1 EUR;MFS Meridian Funds - Global Opportunistic Bond Fund AH1 EUR;MFS Investment Management Company (Lux) S.à.r.l;Fixed Income;Global Fixed Income;RF Flexible Global-EUR Cubierto;EUR;Luxemburgo;3;2;1.2;0.55;-1.22;-0.41;2.44;-1.83;2016-07-11;True;False;0;2026-08-28
IE000Z9YV312;ML Alpha Fixed Inc UCITS FIEHA H EUR Acc;MontLake UCITS Platform ICAV - Alpha Fixed Income UCITS Fund FIEHA Hedged EUR Accumulation;Fortune Financial Strategies S.A.;Fixed Income;Global Fixed Income;RF Flexible Global-EUR Cubierto;EUR;Irlanda;3;;2.04;0.9;2.38;5.25;;;2024-05-23;True;False;;2026-08-28
LU0712123511;MS INVF Global Fixed Income Opps AH EUR;Morgan Stanley Investment Funds - Global Fixed Income Opportunities Fund AH (EUR);MSIM Fund Management (Ireland) Limited;Fixed Income;Global Fixed Income;RF Flexible Global-EUR Cubierto;EUR;Luxemburgo;3;3;1.27;1;-0.06;1.39;3.99;0.36;2012-04-02;True;False;0;2026-08-28
IE000WFG9PJ8;Man Dynamic Income DB H EUR Cap;Man Funds plc - Man Dynamic Income DB H EUR Capitalisation;Man Asset Management (Ireland) Limited;Fixed Income;Global Fixed Income;RF Flexible Global-EUR Cubierto;EUR;Irlanda;5;;;1.75;3.89;;;;2025-10-10;True;False;1000;2026-08-28
IE00B65YMK29;Muzinich Enhancedyield S-T HEUR Acc R;Muzinich Enhancedyield Short-Term Fund Hedged Euro Accumulation R Units;Muzinich & Co. (Ireland) Limited;Fixed Income;Global Fixed Income;RF Flexible Global-EUR Cubierto;EUR;Irlanda;2;4;;0.75;0.79;1.65;3.94;1.2;2009-04-07;True;False;1000;2026-08-28
IE00B4MQD153;Muzinich Enhancedyield S-T HEUR Inc R;Muzinich Enhancedyield Short-Term Fund Hedged Euro Income R Units;Muzinich & Co. (Ireland) Limited;Fixed Income;Global Fixed Income;RF Flexible Global-EUR Cubierto;EUR;Irlanda;3;4;;0.75;0.78;1.65;3.94;1.2;2014-08-14;True;False;1000;2026-08-28
LU0915365364;Nordea 1 - Flexible Fixed Income BP EUR;Nordea 1 - Flexible Fixed Income Fund BP EUR;Nordea Investment Funds SA;Fixed Income;Global Fixed Income;RF Flexible Global-EUR Cubierto;EUR;Luxemburgo;3;2;;0.8;0.24;0.76;3.06;0.35;2013-05-02;True;False;0;2026-08-28
IE00B1Z6D669;PIMCO GIS Divers Inc E EURH Acc;PIMCO GIS Diversified Income Fund E Class EUR (Hedged) Accumulation;PIMCO Global Advisors (Ireland) Limited;Fixed Income;Global Fixed Income;RF Flexible Global-EUR Cubierto;EUR;Irlanda;4;2;;2.5;0.44;2.91;5.76;-1.19;2007-07-03;True;False;1000;2026-08-28
IE00B4TG9K96;PIMCO GIS Divers Inc E EURH Inc;PIMCO GIS Diversified Income Fund E Class EUR (Hedged) Income;PIMCO Global Advisors (Ireland) Limited;Fixed Income;Global Fixed Income;RF Flexible Global-EUR Cubierto;EUR;Irlanda;4;2;;2.5;0.41;2.95;5.74;-1.18;2009-10-16;True;False;;2026-08-28
IE00B5B5L056;PIMCO GIS Dynamic Bd E EUR H Acc;PIMCO GIS Dynamic Bond Fund E Class EUR (Hedged) Accumulation;PIMCO Global Advisors (Ireland) Limited;Fixed Income;Global Fixed Income;RF Flexible Global-EUR Cubierto;EUR;Irlanda;3;3;;2.5;0.17;1.86;4.21;0.08;2009-11-20;True;False;1000;2026-08-28
IE00B84J9L26;PIMCO GIS Income E EUR Hedged Acc;PIMCO GIS Income Fund E Class EUR (Hedged) Accumulation;PIMCO Global Advisors (Ireland) Limited;Fixed Income;Global Fixed Income;RF Flexible Global-EUR Cubierto;EUR;Irlanda;3;3;;2.5;-0.49;1.77;4.51;0.62;2012-11-30;True;False;1000;2026-08-28
IE00B8N0MW85;PIMCO GIS Income E EUR Hedged Inc;PIMCO GIS Income Fund E Class EUR (Hedged) Income;PIMCO Global Advisors (Ireland) Limited;Fixed Income;Global Fixed Income;RF Flexible Global-EUR Cubierto;EUR;Irlanda;3;3;;2.5;-0.45;1.8;4.53;0.63;2012-11-30;True;False;1000;2026-08-28
IE00BDTM8703;PIMCO GIS Income E EUR Hedged Inc II;PIMCO GIS Income Fund E Class EUR (Hedged) Income II;PIMCO Global Advisors (Ireland) Limited;Fixed Income;Global Fixed Income;RF Flexible Global-EUR Cubierto;EUR;Irlanda;3;3;;2.5;-0.46;1.71;4.49;0.61;2018-08-31;True;False;;2026-08-28
LU2091212550;Robeco Credit Income DH EUR Cap;Robeco Credit Income DH EUR;Robeco Institutional Asset Management BV;Fixed Income;Global Fixed Income;RF Flexible Global-EUR Cubierto;EUR;Luxemburgo;4;3;1.22;1;0.31;1.38;5.5;0.25;2019-12-17;True;False;0;2026-08-28
LU1984948874;SIH FCP Brightgate Global Income F;SIH FCP - BrightGate Global Income Fund F EUR Acc;Brightgate Capital SGIIC;Fixed Income;Global Fixed Income;RF Flexible Global-EUR Cubierto;EUR;Luxemburgo;4;5;;1;2.3;3.02;7.42;4.6;2019-06-20;True;False;1000;2026-08-28
LU1514168027;Schroder ISF Glb Crdt Inc A Dis € HQF;Schroder International Selection Fund Global Credit Income A Distribution EUR Hedged QF;Schroder Investment Management (Europe) S.A.;Fixed Income;Global Fixed Income;RF Flexible Global-EUR Cubierto;EUR;Luxemburgo;4;3;1.41;1.1;-0.28;0.82;5.17;-0.04;2016-11-30;True;False;1000;2026-08-28
LU1514167722;Schroder ISF Glbl Crdt Inc A Acc EUR Hdg;Schroder International Selection Fund Global Credit Income A Accumulation EUR Hedged;Schroder Investment Management (Europe) S.A.;Fixed Income;Global Fixed Income;RF Flexible Global-EUR Cubierto;EUR;Luxemburgo;4;3;1.41;1.1;-0.28;0.82;5.18;-0.03;2016-11-30;True;False;1000;2026-08-28
LU1046235732;Schroder ISF Strat Crdt A Acc EUR Hdg;Schroder International Selection Fund Strategic Credit A Accumulation EUR Hedged;Schroder Investment Management (Europe) S.A.;Fixed Income;Global Fixed Income;RF Flexible Global-EUR Cubierto;EUR;Luxemburgo;5;5;1.31;1;0.89;1.98;5.59;1.94;2014-04-23;True;False;1000;2026-08-28
LU0201323531;Schroder ISF Strategic Bd A Acc EUR Hdg;Schroder International Selection Fund Strategic Bond A Accumulation EUR Hedged;Schroder Investment Management (Europe) S.A.;Fixed Income;Global Fixed Income;RF Flexible Global-EUR Cubierto;EUR;Luxemburgo;4;3;;1;-0.14;0.9;4.8;0.81;2004-09-30;True;False;1000;2026-08-28
LU2954937988;T. Rowe Price Divers Inc Bd AdqnEUR;T. Rowe Price Funds SICAV - Diversified Income Bond Fund - Adqn (EUR);T. Rowe Price (Luxembourg) Management S.à r.l.;Fixed Income;Global Fixed Income;RF Flexible Global-EUR Cubierto;EUR;Luxemburgo;3;;0.99;0.84;1.41;2.57;;;2025-01-08;True;False;0;2026-08-28
LU1807408304;T. Rowe Price Divers Inc Bd An;T. Rowe Price Funds SICAV - Diversified Income Bond Fund An (EUR);T. Rowe Price (Luxembourg) Management S.à r.l.;Fixed Income;Global Fixed Income;RF Flexible Global-EUR Cubierto;EUR;Luxemburgo;3;;0.98;0.84;1.32;2.47;;;2024-03-14;True;False;;2026-08-28
LU0366770310;Templeton Global Bond A(Mdis)EUR-H1;Templeton Global Bond Fund A(Mdis)EUR-H1;Franklin Templeton International Services S.à r.l.;Fixed Income;Global Fixed Income;RF Flexible Global-EUR Cubierto;EUR;Luxemburgo;4;1;1.38;1.05;3.32;4.5;2.14;-1.7;2008-06-16;True;False;;2026-08-28
LU0366773504;Templeton Global Ttl Ret A(Mdis)EUR-H1;Templeton Global Total Return Fund A(Mdis)EUR-H1;Franklin Templeton International Services S.à r.l.;Fixed Income;Global Fixed Income;RF Flexible Global-EUR Cubierto;EUR;Luxemburgo;4;1;1.39;1.05;5.07;8.66;5.62;-1.26;2008-06-16;True;False;;2026-08-28
LU0517465034;Templeton Global Ttl Ret A(Ydis)EUR-H1;Templeton Global Total Return Fund A(Ydis)EUR-H1;Franklin Templeton International Services S.à r.l.;Fixed Income;Global Fixed Income;RF Flexible Global-EUR Cubierto;EUR;Luxemburgo;4;1;1.39;1.05;4.83;8.57;5.58;-1.31;2010-06-21;True;False;;2026-08-28
LU0294221097;Templeton Global Ttl Ret A(acc)EUR-H1;Templeton Global Total Return Fund A(acc)EUR-H1;Franklin Templeton International Services S.à r.l.;Fixed Income;Global Fixed Income;RF Flexible Global-EUR Cubierto;EUR;Luxemburgo;4;1;1.39;1.05;4.92;8.49;5.58;-1.28;2007-04-10;True;False;;2026-08-28
LU0366773256;Templeton Global Ttl Ret N(Mdis)EUR-H1;Templeton Global Total Return Fund N(Mdis)EUR-H1;Franklin Templeton International Services S.à r.l.;Fixed Income;Global Fixed Income;RF Flexible Global-EUR Cubierto;EUR;Luxemburgo;4;1;2.09;1.75;4.43;7.71;4.84;-1.97;2008-06-16;True;False;;2026-08-28
LU1112750929;Vontobel Global Active Bond B EUR;Vontobel Fund - Global Active Bond B EUR Cap;Vontobel Asset Management S.A.;Fixed Income;Global Fixed Income;RF Flexible Global-EUR Cubierto;EUR;Luxemburgo;4;2;1.03;0.85;0.43;2.06;5.88;-1.88;2014-10-03;True;False;0;2026-08-28
LU1380459518;Vontobel TwentyFour StratInc AH Hdg EUR;Vontobel Fund - TwentyFour Strategic Income Fund AH (hedged) EUR Dist;Vontobel Asset Management S.A.;Fixed Income;Global Fixed Income;RF Flexible Global-EUR Cubierto;EUR;Luxemburgo;3;4;1.41;1.25;0.39;1.69;5.85;0.25;2016-03-23;True;False;0;2026-08-28
LU1695534757;Vontobel TwentyFour StratInc AQH HGrsEUR;Vontobel Fund - TwentyFour Strategic Income Fund AQH (hedged) Gross EUR Dist;Vontobel Asset Management S.A.;Fixed Income;Global Fixed Income;RF Flexible Global-EUR Cubierto;EUR;Luxemburgo;3;3;1.38;1.25;0.4;1.7;5.82;0.21;2017-10-10;True;False;0;2026-08-28
LU1551754515;Vontobel TwentyFour StratInc H Hdg EUR;Vontobel Fund - TwentyFour Strategic Income Fund H (hedged) EUR Cap;Vontobel Asset Management S.A.;Fixed Income;Global Fixed Income;RF Flexible Global-EUR Cubierto;EUR;Luxemburgo;3;3;1.41;1.25;0.43;1.73;5.85;0.24;2017-01-31;True;False;0;2026-08-28
LU2004361643;M&G (Lux) Optimal Inc AH GBP Acc;M&G (Lux) Optimal Income Fund GBP A-H Acc;M&G Luxembourg S.A.;Fixed Income;Global Fixed Income;RF Flexible Global-GBP Cubierto;GBP;Luxemburgo;3;;1.36;1.25;;;;;2019-07-05;True;False;1000;2026-08-28
LU0278466700;BGF Fixed Income Global Opps A2;BlackRock Global Funds - Fixed Income Global Opportunities Fund A2;BlackRock (Luxembourg) SA;Fixed Income;Global Fixed Income;RF Flexible Global-USD Cubierto;USD;Luxemburgo;4;3;1.22;1;1.36;3.78;6.29;2.47;2007-01-31;True;False;5000;2026-08-28
LU1005243255;BGF Fixed Income Global Opps A2 EUR;BlackRock Global Funds - Fixed Income Global Opportunities Fund A2 EUR;BlackRock (Luxembourg) SA;Fixed Income;Global Fixed Income;RF Flexible Global-USD Cubierto;EUR;Luxemburgo;4;3;1.22;1;2.07;3.31;3.65;2.69;2007-01-31;True;False;;2026-08-28
IE00B4S5QX91;BNY Mellon Absolute Ret Bd USD R Acc H;BNY Mellon Absolute Return Bond Fund USD R Acc Hedged;BNY Mellon Fund Management (Lux) S.A.;Fixed Income;Global Fixed Income;RF Flexible Global-USD Cubierto;USD;Irlanda;3;4;;1;1.52;2.92;6.47;5;2013-07-22;True;False;5000;2026-08-28
LU1046547540;BSF ESG Fixed Income Strategies A2 USD;BlackRock ESG Fixed Income Strategies Fund A2 USD;BlackRock (Luxembourg) SA;Fixed Income;Global Fixed Income;RF Flexible Global-USD Cubierto;USD;Luxemburgo;3;4;;1;1.51;3.61;6.08;4.07;2014-04-02;True;False;5000;2026-08-28
LU1046548191;BSF ESG Fixed Income Strategies A4 USD H;BlackRock ESG Fixed Income Strategies Fund A4 USD Hedged;BlackRock (Luxembourg) SA;Fixed Income;Global Fixed Income;RF Flexible Global-USD Cubierto;USD;Luxemburgo;3;4;;1;1.51;3.62;6.08;4.07;2014-04-02;True;False;5000;2026-08-28
LU0867954264;JPM Global Bd Opps A acc USD;JPMorgan Funds - Global Bond Opportunities Fund A (acc) - USD;JPMorgan Asset Management (Europe) S.à r.l.;Fixed Income;Global Fixed Income;RF Flexible Global-USD Cubierto;USD;Luxemburgo;4;3;1.2;1;0.87;3.01;5.73;2.11;2013-02-22;True;False;35000;2026-08-28
LU1670725347;M&G (Lux) Optimal Income A H USD Acc;M&G (Lux) Optimal Income Fund USD A-H Acc;M&G Luxembourg S.A.;Fixed Income;Global Fixed Income;RF Flexible Global-USD Cubierto;USD;Luxemburgo;4;;1.35;1.25;;;;;2018-09-07;True;False;1000;2026-08-28
LU1670725420;M&G (Lux) Optimal Income A H USD Inc;M&G (Lux) Optimal Income Fund USD A-H Inc;M&G Luxembourg S.A.;Fixed Income;Global Fixed Income;RF Flexible Global-USD Cubierto;USD;Luxemburgo;4;;1.35;1.25;;;;;2018-09-07;True;False;1000;2026-08-28
LU1340702932;MFS Meridian Global Oppc Bd A1 EUR;MFS Meridian Funds - Global Opportunistic Bond Fund A1 EUR;MFS Investment Management Company (Lux) S.à.r.l;Fixed Income;Global Fixed Income;RF Flexible Global-USD Cubierto;EUR;Luxemburgo;4;1;1.2;0.55;0.71;1.33;1.72;0.39;2016-07-11;True;False;0;2026-08-28
LU0694238766;MS INVF Global Fixed Income Opps A;Morgan Stanley Investment Funds - Global Fixed Income Opportunities Fund A;MSIM Fund Management (Ireland) Limited;Fixed Income;Global Fixed Income;RF Flexible Global-USD Cubierto;USD;Luxemburgo;3;3;1.24;1;1.13;3.44;6;2.32;2011-11-07;True;False;0;2026-08-28
LU2295320142;MS INVF Global Fixed Income Opps A EUR;Morgan Stanley Investment Funds - Global Fixed Income Opportunities Fund A (EUR);MSIM Fund Management (Ireland) Limited;Fixed Income;Global Fixed Income;RF Flexible Global-USD Cubierto;EUR;Luxemburgo;4;3;1.24;1;1.77;2.99;3.37;2.52;2021-04-30;True;False;;2026-08-28
IE000EGAKI03;Man Dynamic Income DB H USD Cap;Man Funds plc - Man Dynamic Income DB USD Capitalisation;Man Asset Management (Ireland) Limited;Fixed Income;Global Fixed Income;RF Flexible Global-USD Cubierto;USD;Irlanda;5;;;1.75;5;;;;2025-10-10;True;False;1000;2026-08-28
IE00B51H7M53;Muzinich Enhancedyield S-T HUSD Acc R;Muzinich Enhancedyield Short-Term Fund Hedged USD Accumulation R Units;Muzinich & Co. (Ireland) Limited;Fixed Income;Global Fixed Income;RF Flexible Global-USD Cubierto;USD;Irlanda;2;3;;0.75;1.86;3.55;5.84;3.07;2011-05-18;True;False;1000;2026-08-28
IE00B3Y6DR28;PIMCO GIS Dynamic Bd E Acc;PIMCO GIS Dynamic Bond Fund E Class Accumulation;PIMCO Global Advisors (Ireland) Limited;Fixed Income;Global Fixed Income;RF Flexible Global-USD Cubierto;USD;Irlanda;3;3;;2.5;1.28;3.85;6.12;1.98;2010-05-11;True;False;1000;2026-08-28
IE00B7KFL990;PIMCO GIS Income E USD Acc;PIMCO GIS Income Fund E Class USD Accumulation;PIMCO Global Advisors (Ireland) Limited;Fixed Income;Global Fixed Income;RF Flexible Global-USD Cubierto;USD;Irlanda;3;3;;2.5;0.67;3.76;6.49;2.63;2012-11-30;True;False;1000;2026-08-28
IE00B8K7V925;PIMCO GIS Income E USD Inc;PIMCO GIS Income Fund E Class USD Income;PIMCO Global Advisors (Ireland) Limited;Fixed Income;Global Fixed Income;RF Flexible Global-USD Cubierto;USD;Irlanda;3;3;;2.5;0.71;3.74;6.48;2.62;2012-11-30;True;False;1000;2026-08-28
IE00BV1VS594;PIMCO GIS Income Investor USD Acc;PIMCO GIS Income Fund Investor USD Accumulation;PIMCO Global Advisors (Ireland) Limited;Fixed Income;Global Fixed Income;RF Flexible Global-USD Cubierto;USD;Irlanda;3;4;;0.55;1.06;4.36;7.09;3.19;2015-01-20;True;False;1000000;2026-08-28
LU1380459609;Vontobel TwentyFour StratInc AH Hdg USD;Vontobel Fund - TwentyFour Strategic Income Fund AH (hedged) USD Dist;Vontobel Asset Management S.A.;Fixed Income;Global Fixed Income;RF Flexible Global-USD Cubierto;USD;Luxemburgo;3;4;1.38;1.25;1.51;3.64;7.79;2.15;2016-03-23;True;False;0;2026-08-28
LU0232525203;AB American Income A2 EUR;AB FCP I - American Income Portfolio A2 EUR Acc;AllianceBernstein (Luxembourg) S.à r.l.;Fixed Income;US Fixed Income;RF Flexible USD;EUR;Luxemburgo;4;2;1.32;1.1;0.98;1.51;2.99;0.81;2001-06-01;True;False;2000;2026-08-28
LU0095030564;AB American Income A2 USD;AB FCP I - American Income Portfolio A2 Acc;AllianceBernstein (Luxembourg) S.à r.l.;Fixed Income;US Fixed Income;RF Flexible USD;USD;Luxemburgo;4;2;1.33;1.1;0.12;1.62;5.62;0.64;1998-10-26;True;False;2000;2026-08-28
LU0232526433;AB American Income C2 EUR;AB FCP I - American Income Portfolio C2 EUR Acc;AllianceBernstein (Luxembourg) S.à r.l.;Fixed Income;US Fixed Income;RF Flexible USD;EUR;Luxemburgo;4;2;1.77;1.55;0.67;1.06;2.52;0.36;2001-06-01;True;False;2000;2026-08-28
LU1021288185;AB Mortgage Income A2 Acc;AB FCP I - Mortgage Income Portfolio A2 Acc;AllianceBernstein (Luxembourg) S.à r.l.;Fixed Income;US Fixed Income;RF Flexible USD;USD;Luxemburgo;4;5;1.32;1.1;2.37;4.4;7.03;5.27;2014-02-20;True;False;2000;2026-08-28
LU1883841022;Amundi Fds Strat Inc A EUR C;Amundi Funds - Strategic Income A EUR (C);Amundi Luxembourg S.A.;Fixed Income;US Fixed Income;RF Flexible USD;EUR;Luxemburgo;4;2;1.79;1.5;1.3;2.37;3.1;0.79;2003-04-04;True;False;1;2026-08-28
LU2070309294;Amundi Fds Strat Inc A2 EUR C;Amundi Funds - Strategic Income A2 EUR (C);Amundi Luxembourg S.A.;Fixed Income;US Fixed Income;RF Flexible USD;EUR;Luxemburgo;4;2;1.98;1.7;1.2;2.78;3.02;0.71;2019-11-19;True;False;;2026-08-28
LU3081002787;Amundi Fds Strat Inc A2 EUR H MGI D;Amundi Funds - Strategic Income A2 EUR Hgd MGI (D);Amundi Luxembourg S.A.;Fixed Income;US Fixed Income;RF Flexible USD;EUR;Luxemburgo;;;1.79;1.7;-0.84;;;;2025-06-27;True;False;;2026-08-28
LU2530434740;Capital Group MSI LUX B EUR;Capital Group Multi-Sector Income Fund LUX B EUR;Capital International Management Company Sàrl;Fixed Income;US Fixed Income;RF Flexible USD;EUR;Luxemburgo;4;3;1.1;1;2.04;2.81;4.19;;2022-11-29;True;False;;2026-08-28
LU2530434583;Capital Group MSI LUX Bd EUR;Capital Group Multi-Sector Income Fund LUX Bd EUR;Capital International Management Company Sàrl;Fixed Income;US Fixed Income;RF Flexible USD;EUR;Luxemburgo;4;4;1.1;1;2.11;2.86;4.17;;2022-11-29;True;False;;2026-08-28
LU0300737037;Franklin Strategic Income A(acc)USD;Franklin Strategic Income Fund A(acc)USD;Franklin Templeton International Services S.à r.l.;Fixed Income;US Fixed Income;RF Flexible USD;USD;Luxemburgo;3;3;1.35;1.25;0.83;2.71;5.43;1.16;2007-07-12;True;False;1000;2026-08-28
LU0323456466;JPM Income Opp A perf acc USD;JPMorgan Investment Funds - Income Opportunity Fund A (perf) (acc) USD;JPMorgan Asset Management (Europe) S.à r.l.;Fixed Income;US Fixed Income;RF Flexible USD;USD;Luxemburgo;3;3;1.2;1;2.02;3.08;4.09;3;2008-10-14;True;False;35000;2026-08-28
LU0070215933;JPM US Bond A acc USD;JPMorgan Investment Funds - US Bond Fund A (acc) USD;JPMorgan Asset Management (Europe) S.à r.l.;Fixed Income;US Fixed Income;RF Flexible USD;USD;Luxemburgo;4;2;1.1;0.9;-0.35;1.97;4.12;-0.64;1997-05-15;True;False;35000;2026-08-28
LU0115104423;JPM US Bond D acc USD;JPMorgan Investment Funds - US Bond Fund D (acc) USD;JPMorgan Asset Management (Europe) S.à r.l.;Fixed Income;US Fixed Income;RF Flexible USD;USD;Luxemburgo;4;2;1.35;0.9;-0.51;1.72;3.86;-0.89;2001-11-13;True;False;5000;2026-08-28
LU3211767630;Loomis Sayles Multisector Inc R/A USD;Natixis International Funds (Lux) I Loomis Sayles Multisector Income Fund R/A (USD);Natixis Investment Managers International;Fixed Income;US Fixed Income;RF Flexible USD;USD;Luxemburgo;4;2;;1.45;-0.21;1.76;6.22;0.82;2026-06-15;True;False;;2026-08-28
LU3211767804;Loomis Sayles Multisector Inc RE/A EUR;Natixis International Funds (Lux) I Loomis Sayles Multisector Income Fund RE/A (EUR);Natixis Investment Managers International;Fixed Income;US Fixed Income;RF Flexible USD;EUR;Luxemburgo;;2;;1.75;0.43;1.44;3.13;0.65;2026-06-15;True;False;;2026-08-28
IE00B95GFL15;PIMCO GIS Credit Opps Bd E Acc;PIMCO GIS Credit Opportunities Bond Fund E Class Accumulation;PIMCO Global Advisors (Ireland) Limited;Fixed Income;US Fixed Income;RF Flexible USD;USD;Irlanda;3;3;;2.5;-0.51;1.78;6.02;2.95;2012-12-21;True;False;1000;2026-08-28
LU1353950568;AXAWF Global Infl Sh Dur Bds A Cap USD;AXA World Funds - Global Inflation Short Duration Bonds A Capitalisation USD;BNP PARIBAS ASSET MANAGEMENT Europe;Fixed Income;Global Fixed Income;RF Global Bonos Ligados Inflación;USD;Luxemburgo;3;5;0.72;0.5;2.15;2.26;4.56;2.87;2016-02-16;True;False;0;2026-08-28
LU0266009793;AXAWF Global Infl Bds A Cap EUR;AXA World Funds - Global Inflation Bonds A Capitalisation EUR;BNP PARIBAS ASSET MANAGEMENT Europe;Fixed Income;Global Fixed Income;RF Global Bonos Ligados Inflación - EUR Cubierto;EUR;Luxemburgo;4;2;;0.6;-0.27;0.37;0.65;-4.12;2006-09-05;True;False;0;2026-08-28
LU1353950725;AXAWF Global Infl Sh Dur Bds A Cap EUR H;AXA World Funds - Global Inflation Short Duration Bonds A Capitalisation EUR (Hedged);BNP PARIBAS ASSET MANAGEMENT Europe;Fixed Income;Global Fixed Income;RF Global Bonos Ligados Inflación - EUR Cubierto;EUR;Luxemburgo;3;4;0.75;0.5;1.02;0.5;2.58;0.94;2016-02-16;True;False;0;2026-08-28
LU1353950998;AXAWF Global Infl Sh Dur Bds A Dis EUR H;AXA World Funds - Global Inflation Short Duration Bonds A Distribution EUR (Hedged);BNP PARIBAS ASSET MANAGEMENT Europe;Fixed Income;Global Fixed Income;RF Global Bonos Ligados Inflación - EUR Cubierto;EUR;Luxemburgo;3;4;0.75;0.5;1.03;0.33;2.6;0.89;2016-10-12;True;False;0;2026-08-28
LU1353951376;AXAWF Global Infl Sh Dur Bds E Cap EUR H;AXA World Funds - Global Inflation Short Duration Bonds E Capitalisation EUR (Hedged);BNP PARIBAS ASSET MANAGEMENT Europe;Fixed Income;Global Fixed Income;RF Global Bonos Ligados Inflación - EUR Cubierto;EUR;Luxemburgo;3;4;1.25;0.5;0.7;0;2.07;0.44;2016-02-16;True;False;0;2026-08-28
LU2257473269;AXAWF Inflation Plus A Cap EUR;AXA World Funds - Inflation Plus A Capitalisation EUR;BNP PARIBAS ASSET MANAGEMENT Europe;Fixed Income;Global Fixed Income;RF Global Bonos Ligados Inflación - EUR Cubierto;EUR;Luxemburgo;3;5;0.93;0.7;1.25;1.18;3.02;;2021-10-04;True;False;0;2026-08-28
LU0266009959;AXAWF Global Infl Bds A Cap USD H;AXA World Funds - Global Inflation Bonds A Capitalisation USD (Hedged);BNP PARIBAS ASSET MANAGEMENT Europe;Fixed Income;Global Fixed Income;RF Global Bonos Ligados Inflación - USD Cubierto;USD;Luxemburgo;4;2;;0.6;0.81;2.4;2.62;-2.07;2006-09-05;True;False;0;2026-08-28
LU0800597873;AXAWF Em Mkts Sh Dur Bds A Cap USD;AXA World Funds - Emerging Markets Short Duration Bonds A Capitalisation USD;BNP PARIBAS ASSET MANAGEMENT Europe;Fixed Income;Emerging Markets Fixed Income;RF Global Emergente;USD;Luxemburgo;3;3;1.26;1;2.58;4.96;7.32;1.26;2012-09-05;True;False;0;2026-08-28
LU1882449801;Amundi Fds Em Mkts Bd A EUR C;Amundi Funds - Emerging Markets Bond A EUR (C);Amundi Luxembourg S.A.;Fixed Income;Emerging Markets Fixed Income;RF Global Emergente;EUR;Luxemburgo;4;4;1.7;1.35;4.86;9.43;8.01;2.85;2000-12-18;True;False;1;2026-08-28
LU1882450304;Amundi Fds Em Mkts Bd A USD C;Amundi Funds - Emerging Markets Bond A USD (C);Amundi Luxembourg S.A.;Fixed Income;Emerging Markets Fixed Income;RF Global Emergente;USD;Luxemburgo;5;4;1.7;1.35;4.11;10.03;10.85;2.59;2002-05-02;True;False;1;2026-08-28
LU0200680600;BGF Emerging Markets Bond A2;BlackRock Global Funds - Emerging Markets Bond Fund A2;BlackRock (Luxembourg) SA;Fixed Income;Emerging Markets Fixed Income;RF Global Emergente;USD;Luxemburgo;4;4;1.47;1.25;3.95;10.31;12.43;3.63;2004-10-01;True;False;5000;2026-08-28
LU0200683885;BGF Emerging Markets Bond A2 EUR;BlackRock Global Funds - Emerging Markets Bond Fund A2 EUR;BlackRock (Luxembourg) SA;Fixed Income;Emerging Markets Fixed Income;RF Global Emergente;EUR;Luxemburgo;4;4;1.47;1.25;4.64;9.78;9.64;3.83;2004-10-01;True;False;;2026-08-28
LU1897607013;EdRF Emerging Sovereign A USD;Edmond de Rothschild Fund - Emerging Sovereign A USD;Edmond de Rothschild Asset Management (France);Fixed Income;Emerging Markets Fixed Income;RF Global Emergente;USD;Luxemburgo;5;4;1.42;1;4.43;11.08;12.82;2.8;2019-04-24;True;False;0;2026-08-28
LU0555020303;GS EM Debt HC-P Cap USD;Goldman Sachs Emerging Markets Debt (Hard Currency) - P Cap USD;Goldman Sachs Asset Management B.V.;Fixed Income;Emerging Markets Fixed Income;RF Global Emergente;USD;Luxemburgo;4;3;;1.2;2.95;8.79;10.16;1.64;2011-07-27;True;False;;2026-08-28
LU0133266147;GS Em Mkts Dbt E Acc EUR;Goldman Sachs Emerging Markets Debt Portfolio E Acc EUR;Goldman Sachs Asset Management B.V.;Fixed Income;Emerging Markets Fixed Income;RF Global Emergente;EUR;Luxemburgo;4;2;;1.25;3.19;7.96;6.78;1.2;2001-07-31;True;False;1500;2026-08-28
LU0499112034;JPM Emerging Markets Debt A acc USD;JPMorgan Funds - Emerging Markets Debt Fund A (acc) USD;JPMorgan Asset Management (Europe) S.à r.l.;Fixed Income;Emerging Markets Fixed Income;RF Global Emergente;USD;Luxemburgo;4;2;1.42;1.15;3.21;9.43;10.43;1.45;2010-04-09;True;False;35000;2026-08-28
LU1670631016;M&G (Lux) Em Mkts Bd A EUR Acc;M&G (Lux) Emerging Markets Bond Fund EUR A Acc;M&G Luxembourg S.A.;Fixed Income;Emerging Markets Fixed Income;RF Global Emergente;EUR;Luxemburgo;4;4;1.43;1.25;4.21;7.57;6.63;3.37;2018-09-21;True;False;1000;2026-08-28
LU1670631107;M&G (Lux) Em Mkts Bd A EUR Inc;M&G (Lux) Emerging Markets Bond Fund EUR A Inc;M&G Luxembourg S.A.;Fixed Income;Emerging Markets Fixed Income;RF Global Emergente;EUR;Luxemburgo;4;4;1.43;1.25;4.31;7.64;6.68;3.39;2018-09-21;True;False;1000;2026-08-28
LU1670632337;M&G (Lux) Em Mkts Bd A USD Acc;M&G (Lux) Emerging Markets Bond Fund USD A Acc;M&G Luxembourg S.A.;Fixed Income;Emerging Markets Fixed Income;RF Global Emergente;USD;Luxemburgo;4;4;1.43;1.25;3.25;8.13;9.31;3.16;2018-09-21;True;False;1000;2026-08-28
LU1670632410;M&G (Lux) Em Mkts Bd A USD Inc;M&G (Lux) Emerging Markets Bond Fund USD A Inc;M&G Luxembourg S.A.;Fixed Income;Emerging Markets Fixed Income;RF Global Emergente;USD;Luxemburgo;4;4;1.43;1.25;3.25;8.14;9.31;3.16;2018-09-21;True;False;1000;2026-08-28
LU0219422606;MFS Meridian Emerging Mkts Dbt A1 EUR;MFS Meridian Funds - Emerging Markets Debt Fund A1 EUR;MFS Investment Management Company (Lux) S.à.r.l;Fixed Income;Emerging Markets Fixed Income;RF Global Emergente;EUR;Luxemburgo;4;3;1.52;0.9;3.27;7.13;6.44;2.02;2005-09-26;True;False;0;2026-08-28
LU0125948108;MFS Meridian Emerging Mkts Dbt A1 USD;MFS Meridian Funds - Emerging Markets Debt Fund A1 USD;MFS Investment Management Company (Lux) S.à.r.l;Fixed Income;Emerging Markets Fixed Income;RF Global Emergente;USD;Luxemburgo;4;3;1.52;0.9;2.33;7.25;9.18;1.75;2001-01-31;True;False;0;2026-08-28
LU2630425226;MS INVF Emerging Mkts Dbt Opps A;Morgan Stanley Investment Funds - Emerging Markets Debt Opportunities Fund A;MSIM Fund Management (Ireland) Limited;Fixed Income;Emerging Markets Fixed Income;RF Global Emergente;USD;Luxemburgo;4;5;1.64;1.4;9.39;15.89;14.1;7.29;2023-08-11;True;False;0;2026-08-28
LU2784406998;MS INVF Emerging Mkts Dbt Opps A EUR;Morgan Stanley Investment Funds - Emerging Markets Debt Opportunities Fund A EUR;MSIM Fund Management (Ireland) Limited;Fixed Income;Emerging Markets Fixed Income;RF Global Emergente;EUR;Luxemburgo;4;;1.64;1.4;10.14;15.33;;;2024-03-21;True;False;;2026-08-28
LU0132414144;abrdn-Emerging Markets Bond A Acc USD;abrdn SICAV I – Emerging Markets Bond Fund Class A Acc USD;abrdn Investments Luxembourg S.A.;Fixed Income;Emerging Markets Fixed Income;RF Global Emergente;USD;Luxemburgo;4;3;;1.5;2.62;7.76;10.05;1.86;2001-08-15;True;False;500;2026-08-28
LU0278457204;BGF Emerging Markets Lcl Ccy Bd A2 EUR;BlackRock Global Funds - Emerging Markets Local Currency Bond Fund A2 EUR;BlackRock (Luxembourg) SA;Fixed Income;Emerging Markets Fixed Income;RF Global Emergente - Moneda Local;EUR;Luxemburgo;4;2;1.27;1;5.33;9.26;5.07;3.68;2007-02-02;True;False;;2026-08-28
LU0907927171;DPAM L Bonds Emerging Markets Sust A EUR;DPAM L - Bonds Emerging Markets Sustainable A EUR EUR;Degroof Petercam Asset Management SA;Fixed Income;Emerging Markets Fixed Income;RF Global Emergente - Moneda Local;EUR;Luxemburgo;3;4;1.2;1;4.85;9.54;5.45;4.71;2013-03-18;True;False;0;2026-08-28
LU0907927338;DPAM L Bonds Emerging Markets Sust B EUR;DPAM L - Bonds Emerging Markets Sustainable B EUR EUR;Degroof Petercam Asset Management SA;Fixed Income;Emerging Markets Fixed Income;RF Global Emergente - Moneda Local;EUR;Luxemburgo;4;4;1.2;1;4.85;9.55;5.46;4.73;2013-03-18;True;False;0;2026-08-28
LU1200235353;DPAM L Bonds Emerging Markets Sust B USD;DPAM L - Bonds Emerging Markets Sustainable B USD;Degroof Petercam Asset Management SA;Fixed Income;Emerging Markets Fixed Income;RF Global Emergente - Moneda Local;USD;Luxemburgo;4;4;1.21;1;3.96;9.45;8.2;4.52;2016-09-12;True;False;0;2026-08-28
LU0280437673;Pictet-Emerging Local Ccy Dbt PEUR;Pictet-Emerging Local Currency Debt PEUR;Pictet Asset Management (Europe) SA;Fixed Income;Emerging Markets Fixed Income;RF Global Emergente - Moneda Local;EUR;Luxemburgo;4;2;1.53;2.1;2.88;7.88;5.01;3.39;2007-01-23;True;False;0;2026-08-28
LU0255798109;Pictet-Emerging Local Ccy Dbt PUSD;Pictet-Emerging Local Currency Debt PUSD;Pictet Asset Management (Europe) SA;Fixed Income;Emerging Markets Fixed Income;RF Global Emergente - Moneda Local;USD;Luxemburgo;5;2;1.53;2.1;2.01;7.8;7.78;3.2;2006-06-26;True;False;0;2026-08-28
LU0255798364;Pictet-Emerging Local Ccy Dbt R USD;Pictet-Emerging Local Currency Debt R USD;Pictet Asset Management (Europe) SA;Fixed Income;Emerging Markets Fixed Income;RF Global Emergente - Moneda Local;USD;Luxemburgo;5;2;1.94;3;1.74;7.36;7.34;2.78;2006-06-26;True;False;0;2026-08-28
LU0800572702;AXAWF Em Mkts Sh Dur Bds A Cap EUR H;AXA World Funds - Emerging Markets Short Duration Bonds A Capitalisation EUR (Hedged);BNP PARIBAS ASSET MANAGEMENT Europe;Fixed Income;Emerging Markets Fixed Income;RF Global Emergente - Sesgo EUR;EUR;Luxemburgo;3;3;1.29;1;1.45;2.99;5.29;-0.7;2012-12-05;True;False;0;2026-08-28
LU1882450056;Amundi Fds Em Mkts Bd A EUR H C;Amundi Funds - Emerging Markets Bond A EUR Hgd (C);Amundi Luxembourg S.A.;Fixed Income;Emerging Markets Fixed Income;RF Global Emergente - Sesgo EUR;EUR;Luxemburgo;5;3;1.7;1.35;2.8;7.76;8.77;0.58;2014-05-30;True;False;1;2026-08-28
LU0413376566;BGF Emerging Markets Bond A2 H;BlackRock Global Funds - Emerging Markets Bond Fund A2 Hedged;BlackRock (Luxembourg) SA;Fixed Income;Emerging Markets Fixed Income;RF Global Emergente - Sesgo EUR;EUR;Luxemburgo;4;4;;1.25;2.67;8.08;10.18;1.25;2009-03-04;True;False;5000;2026-08-28
LU1596575156;BNP Paribas Em Bd Cl H EUR C;BNP Paribas Funds Emerging Bond Classic H EUR Capitalisation;BNP Paribas Asset Management Luxembourg;Fixed Income;Emerging Markets Fixed Income;RF Global Emergente - Sesgo EUR;EUR;Luxemburgo;5;2;;1.1;-0.06;4.22;7.41;-1.47;2017-07-28;True;False;0;2026-08-28
LU1897613763;EdRF Emerging Sovereign A EUR H;Edmond de Rothschild Fund - Emerging Sovereign A EUR H;Edmond de Rothschild Asset Management (France);Fixed Income;Emerging Markets Fixed Income;RF Global Emergente - Sesgo EUR;EUR;Luxemburgo;6;4;1.42;1;3.15;8.81;10.6;0.53;2019-01-21;True;False;0;2026-08-28
LU0262418394;GS Em Mkts Dbt Base Acc EUR Hdg;Goldman Sachs Emerging Markets Debt Portfolio Base Acc EUR-Hedged;Goldman Sachs Asset Management B.V.;Fixed Income;Emerging Markets Fixed Income;RF Global Emergente - Sesgo EUR;EUR;Luxemburgo;4;2;;1.25;1.7;6.83;8.02;-0.53;2007-10-12;True;False;5000;2026-08-28
LU0501220429;Global Evolution Frt Mkts R EUR H;Global Evolution Funds - Frontier Markets R EUR H;Global Evolution Asset Management A/S;Fixed Income;Emerging Markets Fixed Income;RF Global Emergente - Sesgo EUR;EUR;Luxemburgo;4;5;;1.5;6.88;12.88;12.29;5.33;2011-01-19;True;False;50;2026-08-28
IE00BD9Y4V21;H2O Multi Emerging Debt R EUR H;H2O Multi Emerging Debt Fund Class R EUR Hedged;H2O Asset Management L.L.P.;Fixed Income;Emerging Markets Fixed Income;RF Global Emergente - Sesgo EUR;EUR;Irlanda;6;3;0.5;1.6;7.15;13.09;13.92;2.28;2016-10-19;True;False;0;2026-08-28
LU0210532528;JPM Emerging Markets Debt A acc EURH;JPMorgan Funds - Emerging Markets Debt Fund A (acc) EUR (hedged);JPMorgan Asset Management (Europe) S.à r.l.;Fixed Income;Emerging Markets Fixed Income;RF Global Emergente - Sesgo EUR;EUR;Luxemburgo;4;2;1.4;1.15;1.98;7.26;8.29;-0.79;2005-03-31;True;False;35000;2026-08-28
LU0117898204;JPM Emerging Markets Debt D acc EURH;JPMorgan Funds - Emerging Markets Debt Fund D (acc) EUR (hedged);JPMorgan Asset Management (Europe) S.à r.l.;Fixed Income;Emerging Markets Fixed Income;RF Global Emergente - Sesgo EUR;EUR;Luxemburgo;4;2;2.15;1.15;1.45;6.5;7.49;-1.54;2000-10-13;True;False;5000;2026-08-28
LU1670631289;M&G (Lux) Em Mkts Bd A H EUR Acc;M&G (Lux) Emerging Markets Bond Fund EUR A-H Acc;M&G Luxembourg S.A.;Fixed Income;Emerging Markets Fixed Income;RF Global Emergente - Sesgo EUR;EUR;Luxemburgo;4;4;1.45;1.25;1.98;5.92;7.05;0.82;2018-09-21;True;False;1000;2026-08-28
LU1670631362;M&G (Lux) Em Mkts Bd A H EUR Inc;M&G (Lux) Emerging Markets Bond Fund EUR A-H Inc;M&G Luxembourg S.A.;Fixed Income;Emerging Markets Fixed Income;RF Global Emergente - Sesgo EUR;EUR;Luxemburgo;4;4;1.45;1.25;2.09;6.01;7.09;0.84;2018-09-21;True;False;1000;2026-08-28
LU1670631792;M&G (Lux) Em Mkts Bd B H EUR Acc;M&G (Lux) Emerging Markets Bond Fund EUR B-H Acc;M&G Luxembourg S.A.;Fixed Income;Emerging Markets Fixed Income;RF Global Emergente - Sesgo EUR;EUR;Luxemburgo;4;3;1.95;1.75;1.66;5.42;6.53;0.32;2018-09-21;True;False;1000;2026-08-28
LU0583240519;MFS Meridian Emerging Mkts Dbt AH1 EUR;MFS Meridian Funds - Emerging Markets Debt Fund AH1 EUR;MFS Investment Management Company (Lux) S.à.r.l;Fixed Income;Emerging Markets Fixed Income;RF Global Emergente - Sesgo EUR;EUR;Luxemburgo;4;3;1.55;0.9;1.29;5.31;7.17;-0.27;2011-02-01;True;False;0;2026-08-28
LU2784407020;MS INVF Emerging Mkts Dbt Opps AH EUR;Morgan Stanley Investment Funds - Emerging Markets Debt Opportunities Fund AH EUR;MSIM Fund Management (Ireland) Limited;Fixed Income;Emerging Markets Fixed Income;RF Global Emergente - Sesgo EUR;EUR;Luxemburgo;4;;1.66;1.4;8.05;13.52;;;2024-03-21;True;False;;2026-08-28
LU3028669292;MS INVF Emerging Mkts Dbt Opps AHR EUR;Morgan Stanley Investment Funds - Emerging Markets Debt Opportunities Fund AHR EUR;MSIM Fund Management (Ireland) Limited;Fixed Income;Emerging Markets Fixed Income;RF Global Emergente - Sesgo EUR;EUR;Luxemburgo;4;;1.66;1.4;8.1;13.54;;;2025-05-14;True;False;;2026-08-28
LU1705558135;Mirabaud Global Emerg Mkt Bd AH EUR Acc;Mirabaud - Global Emerging Market Bond Fund AH EUR Acc;Mirabaud Asset Management Ltd;Fixed Income;Emerging Markets Fixed Income;RF Global Emergente - Sesgo EUR;EUR;Luxemburgo;4;2;1.48;1.2;1.78;6.08;6.67;-0.27;2017-11-02;True;False;0;2026-08-28
LU1708489858;Mirabaud Global Emerg Mkt Bd NH EUR Inc;Mirabaud - Global Emerging Market Bond Fund NH EUR Inc;Mirabaud Asset Management Ltd;Fixed Income;Emerging Markets Fixed Income;RF Global Emergente - Sesgo EUR;EUR;Luxemburgo;4;3;0.88;0.7;2.17;6.71;7.31;0.33;2017-11-02;True;False;0;2026-08-28
IE00B986FT65;Neuberger Em Mkt Debt Hrd Ccy EUR A Acc;Neuberger Emerging Market Debt - Hard Currency Fund EUR A Accumulating Class;Neuberger Berman Asset Management Ireland Limited;Fixed Income;Emerging Markets Fixed Income;RF Global Emergente - Sesgo EUR;EUR;Irlanda;5;3;1.47;1.4;2.13;7.45;10.98;1.06;2013-05-31;True;False;1000;2026-08-28
IE00BDZRWZ54;Neuberger Shrt DurEM DbtEUR A Acc;Neuberger Short Duration Emerging Market Debt Fund EUR A Accumulating Class;Neuberger Berman Asset Management Ireland Limited;Fixed Income;Emerging Markets Fixed Income;RF Global Emergente - Sesgo EUR;EUR;Irlanda;4;4;1.06;1;1.4;3.21;6.02;1.41;2014-06-13;True;False;1000;2026-08-28
IE00BDZRX078;Neuberger Shrt DurEM DbtEUR A Inc;Neuberger Short Duration Emerging Market Debt Fund EUR A Distributing Class;Neuberger Berman Asset Management Ireland Limited;Fixed Income;Emerging Markets Fixed Income;RF Global Emergente - Sesgo EUR;EUR;Irlanda;4;4;1.06;1;1.28;3.15;5.99;1.38;2014-06-06;True;False;1000;2026-08-28
IE00BDTM8810;PIMCO GIS Em Mkts Bd ESG E EUR H Acc;PIMCO GIS Emerging Markets Bond ESG Fund E Class EUR (Hedged) Accumulation;PIMCO Global Advisors (Ireland) Limited;Fixed Income;Emerging Markets Fixed Income;RF Global Emergente - Sesgo EUR;EUR;Irlanda;4;2;;2.5;0.47;4.88;7.77;-1.13;2018-08-31;True;False;;2026-08-28
LU1799936510;Pictet TR - Sirius HP EUR;Pictet TR - Sirius HP EUR;Pictet Asset Management (Europe) SA;Fixed Income;Emerging Markets Fixed Income;RF Global Emergente - Sesgo EUR;EUR;Luxemburgo;4;5;2.59;2.3;5.76;9.75;7.91;5.37;2019-08-08;True;False;0;2026-08-28
IE00BD2ZKT29;Principal Finisterre Unc EMFI A HAcc€;Principal Global Investors Funds - Finisterre Unconstrained Emerging Market Fxd Inc Fd A Hdg Acc EUR;Principal Global Investors (Ireland) Ltd;Fixed Income;Emerging Markets Fixed Income;RF Global Emergente - Sesgo EUR;EUR;Irlanda;4;4;;2;1.9;6;7.48;1.75;2018-12-21;True;False;1000;2026-08-28
LU2812398050;Vontobel EM Blend H H EUR Acc;Vontobel Fund - Emerging Markets Blend H Hedged EUR Acc;Vontobel Asset Management S.A.;Fixed Income;Emerging Markets Fixed Income;RF Global Emergente - Sesgo EUR;EUR;Luxemburgo;5;;1.53;1.25;4.88;9.56;;;2024-06-11;True;False;0;2026-08-28
LU0926439992;Vontobel EM Debt H Hdg EUR;Vontobel Fund - Emerging Markets Debt H (hedged) EUR Cap;Vontobel Asset Management S.A.;Fixed Income;Emerging Markets Fixed Income;RF Global Emergente - Sesgo EUR;EUR;Luxemburgo;4;4;1.41;1.1;3.17;7;11.23;1.27;2013-05-15;True;False;0;2026-08-28
LU0376989207;abrdn-Emerging Markets Bond A Acc H EUR;abrdn SICAV I – Emerging Markets Bond Fund Class A Acc Hedged EUR;abrdn Investments Luxembourg S.A.;Fixed Income;Emerging Markets Fixed Income;RF Global Emergente - Sesgo EUR;EUR;Luxemburgo;4;3;;1.5;1.43;5.68;7.98;-0.17;2007-07-11;True;False;1000;2026-08-28
LU1373035580;iShares Em Mkts Govt Bd Idx (LU) A2 EURH;iShares Emerging Markets Government Bond Index Fund (LU) A2 EUR Hedged;BlackRock (Luxembourg) SA;Fixed Income;Emerging Markets Fixed Income;RF Global Emergente - Sesgo EUR;EUR;Luxemburgo;4;3;0.52;0.45;0.77;5.01;7.43;-0.36;2016-04-13;True;True;5;2026-08-28
LU0251661087;AXAWF Euro Long Dur Bd A Cap EUR;AXA World Funds - Euro Long Duration Bonds A Capitalisation EUR;BNP PARIBAS ASSET MANAGEMENT Europe;Fixed Income;Europe Fixed Income;RF Largo Plazo EUR;EUR;Luxemburgo;5;4;0.85;0.6;-1.75;-1.09;0.87;-7.36;2006-04-17;True;False;0;2026-08-28
LU0592505589;AB American Income A2 EUR H;AB FCP I - American Income Portfolio A2 EUR H Acc;AllianceBernstein (Luxembourg) S.à r.l.;Fixed Income;US Fixed Income;RF Otros;EUR;Luxemburgo;4;;1.32;1.1;-1.04;-0.37;3.59;-1.46;2011-03-01;True;False;2000;2026-08-28
LU0592505662;AB American Income C2 EUR H;AB FCP I - American Income Portfolio C2 EUR H Acc;AllianceBernstein (Luxembourg) S.à r.l.;Fixed Income;US Fixed Income;RF Otros;EUR;Luxemburgo;4;;1.77;1.55;-1.4;-0.84;3.05;-1.94;2011-03-01;True;False;2000;2026-08-28
LU0931218647;AXAIMFIIS Europe Short Dur HY E Cap USDH;AXA IM Fixed Income Investment Strategies - Europe Short Duration High Yield E Cap USD (Hedged);BNP PARIBAS ASSET MANAGEMENT Europe;Fixed Income;Europe Fixed Income;RF Otros;USD;Luxemburgo;4;;1.54;1;2.57;4.06;5.95;4.08;2013-11-27;True;False;0;2026-08-28
LU0546066993;AXAIMFIIS US Corp Itmt Bds F Cap EUR H;AXA IM Fixed Income Investment Strategies - US Corporate Intermediate Bonds F Capitalisation EUR Hdg;BNP PARIBAS ASSET MANAGEMENT Europe;Fixed Income;US Fixed Income;RF Otros;EUR;Luxemburgo;4;;0.96;0.75;-1;-0.08;3.02;-1.22;2010-09-30;True;False;0;2026-08-28
LU0523282928;AXAIMFIIS US Short Dur HY E Cap EUR H;AXA IM Fixed Income Investment Strategies - US Short Duration High Yield E Capitalisation EUR (Hdg);BNP PARIBAS ASSET MANAGEMENT Europe;Fixed Income;US Fixed Income;RF Otros;EUR;Luxemburgo;4;;1.57;1;0.39;1.45;3.89;1.09;2010-07-02;True;False;0;2026-08-28
LU0292585626;AXAIMFIIS US Short Dur HY F Cap EUR H;AXA IM Fixed Income Investment Strategies - US Short Duration High Yield F Capitalisation EUR (Hdg);BNP PARIBAS ASSET MANAGEMENT Europe;Fixed Income;US Fixed Income;RF Otros;EUR;Luxemburgo;4;;1.22;1;0.65;1.83;4.24;1.42;2007-03-30;True;False;0;2026-08-28
LU0292586350;AXAIMFIIS US Short Dur HY F Dis EUR H;AXA IM Fixed Income Investment Strategies - US Short Duration High Yield F Distribution EUR (Hdg);BNP PARIBAS ASSET MANAGEMENT Europe;Fixed Income;US Fixed Income;RF Otros;EUR;Luxemburgo;4;;1.22;1;0.63;1.81;4.25;1.45;2007-03-30;True;False;0;2026-08-28
LU0960403342;AXAWF US Credit Short Dur IG A Cap EUR H;AXA World Funds - US Credit Short Duration IG A Capitalisation EUR (Hedged);BNP PARIBAS ASSET MANAGEMENT Europe;Fixed Income;US Fixed Income;RF Otros;EUR;Luxemburgo;2;;0.9;0.65;0.16;0.81;2.86;0.29;2013-09-03;True;False;0;2026-08-28
LU0276013082;AXAWF US High Yield Bonds A Cap EUR H;AXA World Funds - US High Yield Bonds A Capitalisation EUR (Hedged);BNP PARIBAS ASSET MANAGEMENT Europe;Fixed Income;US Fixed Income;RF Otros;EUR;Luxemburgo;4;;1.46;1.2;0.93;1.85;5.5;1.37;2007-04-27;True;False;0;2026-08-28
IE00BG226Z29;Aegon European ABS A EUR Acc;Aegon European ABS Fund A EUR Acc;Aegon Investment Management BV;Fixed Income;Fixed Income Miscellaneous;RF Otros;EUR;Irlanda;3;;;1.5;1.94;2.67;4.6;2.96;2018-05-23;True;False;0;2026-08-28
IE00B8ZQ4Z18;Algebris Financial Credit R CHF Acc;Algebris UCITS Funds plc - Algebris Financial Credit Fund R CHF Acc;Algebris (UK) Limited;Fixed Income;Europe Fixed Income;RF Otros;CHF;Irlanda;4;;1.85;1.2;0.13;1.09;6.14;1.12;2014-06-30;True;False;10000;2026-08-28
LU1740661167;Allianz Global Floating Rt Nts + ATH2EUR;Allianz Global Investors Fund - Allianz Global Floating Rate Notes Plus AT (H2-EUR);Allianz Global Investors GmbH;Fixed Income;US Fixed Income;RF Otros;EUR;Luxemburgo;2;;0.55;0.9;0.93;1.64;3.52;2.19;2018-02-07;True;False;0;2026-08-28
LU1883841378;Amundi Fds Strat Inc A EUR H AD D;Amundi Funds - Strategic Income A EUR Hgd AD (D);Amundi Luxembourg S.A.;Fixed Income;US Fixed Income;RF Otros;EUR;Luxemburgo;4;;1.79;1.5;-0.69;0.84;3.8;-1.36;2011-03-31;True;False;1;2026-08-28
LU1883841295;Amundi Fds Strat Inc A EUR H C;Amundi Funds - Strategic Income A EUR Hgd (C);Amundi Luxembourg S.A.;Fixed Income;US Fixed Income;RF Otros;EUR;Luxemburgo;4;;1.79;1.5;-0.69;0.85;3.79;-1.4;2004-02-13;True;False;1;2026-08-28
LU1883841451;Amundi Fds Strat Inc A EUR H MGI D;Amundi Funds - Strategic Income A EUR Hgd MGI (D);Amundi Luxembourg S.A.;Fixed Income;US Fixed Income;RF Otros;EUR;Luxemburgo;4;;1.79;1.5;-0.71;0.83;3.77;-1.4;2006-07-03;True;False;1;2026-08-28
LU1880401366;Amundi Fds US Bond A EUR H C;Amundi Funds - US Bond A EUR Hgd (C);Amundi Luxembourg S.A.;Fixed Income;US Fixed Income;RF Otros;EUR;Luxemburgo;4;;1.34;0.75;-1.38;-0.21;2.74;-2.33;2019-06-24;True;False;;2026-08-28
LU1250980452;BGF Asian Tiger Bond A2 EUR Hedged;BlackRock Global Funds - Asian Tiger Bond Fund A2 EUR Hedged;BlackRock (Luxembourg) SA;Fixed Income;Asia Fixed Income;RF Otros;EUR;Luxemburgo;4;;1.21;1;0.2;2.28;5.49;-2.41;2015-06-24;True;False;;2026-08-28
LU0841166456;BGF Asian Tiger Bond A3 EUR Hedged;BlackRock Global Funds - Asian Tiger Bond Fund A3 EUR Hedged;BlackRock (Luxembourg) SA;Fixed Income;Asia Fixed Income;RF Otros;EUR;Luxemburgo;4;;1.21;1;0.34;2.34;5.52;-2.4;2012-10-24;True;False;;2026-08-28
LU0359002093;BGF Emerging Markets Lcl Ccy Bd A2 EUR H;BlackRock Global Funds - Emerging Markets Local Currency Bond Fund A2 EUR Hedged;BlackRock (Luxembourg) SA;Fixed Income;Emerging Markets Fixed Income;RF Otros;EUR;Luxemburgo;4;;1.27;1;3.15;7.39;5.37;0.94;2008-06-09;True;False;5000;2026-08-28
LU0456865749;BGF Euro Short Duration Bond A2 USD H;BlackRock Global Funds - Euro Short Duration Bond Fund A2 USD Hedged;BlackRock (Luxembourg) SA;Fixed Income;Europe Fixed Income;RF Otros;USD;Luxemburgo;3;;0.89;0.75;1.06;2.57;4.79;2.62;2010-01-21;True;False;5000;2026-08-28
LU0448387455;BGF Euro Short Duration Bond A4 GBP H;BlackRock Global Funds - Euro Short Duration Bond Fund A4 GBP Hedged;BlackRock (Luxembourg) SA;Fixed Income;Europe Fixed Income;RF Otros;GBP;Luxemburgo;3;;0.89;0.75;1.1;2.59;4.64;2.26;2009-10-26;True;False;;2026-08-28
LU0330917963;BGF US Dollar High Yield Bd A2 EUR H;BlackRock Global Funds - US Dollar High Yield Bond Fund A2 EUR Hedged;BlackRock (Luxembourg) SA;Fixed Income;US Fixed Income;RF Otros;EUR;Luxemburgo;4;;1.46;1.25;0.76;2.43;6.1;1.33;2007-12-17;True;False;5000;2026-08-28
LU0839485744;BGF US Dollar Short Duration Bd A2 EUR H;BlackRock Global Funds - US Dollar Short Duration Bond Fund A2 EUR Hedged;BlackRock (Luxembourg) SA;Fixed Income;US Fixed Income;RF Otros;EUR;Luxemburgo;3;;0.89;0.75;0;0.8;2.83;0.02;2012-11-07;True;False;;2026-08-28
IE00BKZGY116;Barings EM Local Debt E EUR Acc;Barings Emerging Markets Local Debt Fund E EUR Accumulating Shares;Baring International Fund Mgrs (Ireland) Limited;Fixed Income;Emerging Markets Fixed Income;RF Otros;EUR;Irlanda;5;;1.35;1.2;3.41;8.75;6.5;1.28;2015-04-10;True;False;1000;2026-08-28
LU0241882488;BlueBay High Yield ESG Bond R USD;BlueBay Funds - BlueBay High Yield ESG Bond Fund R - USD;BlueBay Funds Management Company S.A.;Fixed Income;Europe Fixed Income;RF Otros;USD;Luxemburgo;3;;1.41;1.25;2.17;3.99;8.16;4.15;2006-04-10;True;False;0;2026-08-28
LU0241884856;BlueBay Investment Grade Bd R USD;BlueBay Funds - BlueBay Investment Grade Bond Fund R - USD;BlueBay Funds Management Company S.A.;Fixed Income;Europe Fixed Income;RF Otros;USD;Luxemburgo;3;;0.91;0.75;0.96;2.14;6.28;1.51;2007-03-26;True;False;0;2026-08-28
FR0010832469;CPR Focus Inflation P;CPR Focus Inflation P;CPR Asset Management;Fixed Income;Fixed Income Miscellaneous;RF Otros;EUR;Francia;3;;;1.2;3.8;1.99;1.89;3.52;2009-12-23;True;False;1;2026-08-28
LU2098772366;Candriam Bonds Credit Alpha C EUR;Candriam Bonds Credit Alpha C EUR;Candriam;Fixed Income;Long/Short Credit;RF Otros;EUR;Luxemburgo;6;;1.29;1.2;1.24;1.58;3.66;3.61;2021-02-04;True;False;0;2026-08-28
LU2530434401;Capital Group MSI LUX Bdh-EUR;Capital Group Multi-Sector Income Fund LUX Bdh-EUR;Capital International Management Company Sàrl;Fixed Income;US Fixed Income;RF Otros;EUR;Luxemburgo;4;;1.1;1;-0.07;0.91;4.84;;2022-11-29;True;False;;2026-08-28
LU2530433932;Capital Group MSI LUX Bh-EUR;Capital Group Multi-Sector Income Fund LUX Bh-EUR;Capital International Management Company Sàrl;Fixed Income;US Fixed Income;RF Otros;EUR;Luxemburgo;4;;1.1;1;-0.02;0.95;4.87;;2022-11-29;True;False;;2026-08-28
LU2178557489;Capital Group USCrpBd LUX Bh-EUR;Capital Group US Corporate Bond Fund LUX Bh-EUR;Capital International Management Company Sàrl;Fixed Income;US Fixed Income;RF Otros;EUR;Luxemburgo;4;;0.9;0.8;-1.81;-0.9;2.24;-3.01;2020-06-12;True;False;0;2026-08-28
LU0807689749;Carmignac Pf Flexible Bond A USD Acc H;Carmignac Pf Flexible Bond A USD Acc Hdg;Carmignac Gestion Luxembourg S.A.;Fixed Income;Europe Fixed Income;RF Otros;USD;Luxemburgo;3;;1.2;1;3;3.43;6.75;2.79;2012-07-19;True;False;0;2026-08-28
LU1299306834;Carmignac Pf Sécurité AW USD AccH;Carmignac Portfolio Sécurité AW USD Acc Hedged;Carmignac Gestion Luxembourg S.A.;Fixed Income;Europe Fixed Income;RF Otros;USD;Luxemburgo;3;;1.2;1;1.5;2.37;5.33;3.04;2015-11-19;True;False;0;2026-08-28
LU0621411155;Fidelity European Hi Yld A-Acc-USD H;Fidelity Funds - European High Yield Fund A-Acc-USD (hedged);FIL Investment Management (Luxembourg) S.à r.l.;Fixed Income;Europe Fixed Income;RF Otros;USD;Luxemburgo;3;;;1;2.96;4.01;8.82;4.12;2011-05-18;True;False;2500;2026-08-28
LU0337581549;Fidelity US High Yield A-Acc-EUR H;Fidelity Funds - US High Yield Fund A-Acc-EUR (hedged);FIL Investment Management (Luxembourg) S.à r.l.;Fixed Income;US Fixed Income;RF Otros;EUR;Luxemburgo;4;;;1;1.99;3.66;5.77;1.47;2011-05-18;True;False;;2026-08-28
LU0889566484;Franklin Strategic Income A(Mdis)EUR-H1;Franklin Strategic Income Fund A(Mdis)EUR-H1;Franklin Templeton International Services S.à r.l.;Fixed Income;US Fixed Income;RF Otros;EUR;Luxemburgo;3;;1.35;1.25;-0.4;0.76;3.43;-0.93;2013-02-26;True;False;1000;2026-08-28
LU0592650674;Franklin Strategic Income A(acc)EUR-H1;Franklin Strategic Income Fund A(acc)EUR-H1;Franklin Templeton International Services S.à r.l.;Fixed Income;US Fixed Income;RF Otros;EUR;Luxemburgo;4;;1.35;1.25;-0.35;0.7;3.42;-0.9;2011-03-18;True;False;1000;2026-08-28
LU1446800812;Franklin US Government A(acc)EUR-H1;Franklin U.S. Government Fund A(acc)EUR-H1;Franklin Templeton International Services S.à r.l.;Fixed Income;US Fixed Income;RF Otros;EUR;Luxemburgo;3;;1.01;0.7;-0.95;0.48;1.82;-2.38;2016-07-29;True;False;;2026-08-28
LU1446800903;Franklin US Low Duration A(acc)EUR-H1;Franklin U.S. Low Duration Fund A(acc)EUR-H1;Franklin Templeton International Services S.à r.l.;Fixed Income;US Fixed Income;RF Otros;EUR;Luxemburgo;3;;0.7;0.5;0.21;0.83;2.68;-0.04;2016-07-29;True;False;;2026-08-28
IE00B560QG61;GAM Star Credit Opps (USD) Ord USD Acc;GAM Star Fund plc - GAM Star Credit Opportunities (USD) Class Ordinary USD Accumulation;GAM Fund Management Limited;Fixed Income;Fixed Income Miscellaneous;RF Otros;USD;Irlanda;3;;;1.35;1.78;3.37;8.54;2.66;2011-07-19;True;False;10000;2026-08-28
IE00BQZHS253;GAM Star Income Ord EURH Acc;GAM Star Fund plc - GAM Star Income Class Ordinary Hedged EUR Accumulation Hedged;GAM Fund Management Limited;Fixed Income;US Fixed Income;RF Otros;EUR;Irlanda;4;;;1.3;1.5;2.58;3.82;1.48;2014-09-30;True;False;10000;2026-08-28
LU1835818565;GS AAA ABS-X Cap EUR;Goldman Sachs AAA ABS - X Cap EUR;Goldman Sachs Asset Management B.V.;Fixed Income;Fixed Income Miscellaneous;RF Otros;EUR;Luxemburgo;2;;;0.6;1.47;2.2;3.32;;2022-05-20;True;False;;2026-08-28
LU0108415935;JPM Global High Yield Bd A acc EUR Hdg;JPMorgan Investment Funds - Global High Yield Bond Fund A (acc) EUR (hedged);JPMorgan Asset Management (Europe) S.à r.l.;Fixed Income;US Fixed Income;RF Otros;EUR;Luxemburgo;4;;1.06;0.85;1.07;2.53;6.56;1.76;2000-03-24;True;False;35000;2026-08-28
LU0115103029;JPM Global High Yield Bd D acc EUR Hdg;JPMorgan Investment Funds - Global High Yield Bond Fund D (acc) EUR (hedged);JPMorgan Asset Management (Europe) S.à r.l.;Fixed Income;US Fixed Income;RF Otros;EUR;Luxemburgo;4;;1.44;0.85;0.82;2.15;6.15;1.37;2001-04-18;True;False;5000;2026-08-28
LU1041599587;JPM Income A acc EUR Hdg;JPMorgan Funds - Income Fund A (acc) EUR (hedged);JPMorgan Asset Management (Europe) S.à r.l.;Fixed Income;US Fixed Income;RF Otros;EUR;Luxemburgo;3;;1.17;1;0.63;1.31;4.23;-0.02;2014-06-16;True;False;35000;2026-08-28
LU1041599744;JPM Income A div EUR Hdg;JPMorgan Funds - Income Fund A (div) EUR (hedged);JPMorgan Asset Management (Europe) S.à r.l.;Fixed Income;US Fixed Income;RF Otros;EUR;Luxemburgo;3;;1.17;1;0.62;1.32;4.24;-0.01;2014-06-16;True;False;35000;2026-08-28
LU0289470113;JPM Income Opp A perf acc EUR Hdg;JPMorgan Investment Funds - Income Opportunity Fund A (perf) (acc) EUR (hedged);JPMorgan Asset Management (Europe) S.à r.l.;Fixed Income;US Fixed Income;RF Otros;EUR;Luxemburgo;3;;1.2;1;0.9;1.18;2.26;1.18;2007-07-19;True;False;35000;2026-08-28
LU0289473059;JPM Income Opp D perf acc EUR Hdg;JPMorgan Investment Funds - Income Opportunity Fund D (perf) (acc) EUR (hedged);JPMorgan Asset Management (Europe) S.à r.l.;Fixed Income;US Fixed Income;RF Otros;EUR;Luxemburgo;3;;1.45;1;0.74;0.93;2.01;0.92;2007-07-19;True;False;5000;2026-08-28
LU0679000579;JPM US Aggregate Bond A acc EUR Hdg;JPMorgan Funds - US Aggregate Bond Fund A (acc) - EUR (hedged);JPMorgan Asset Management (Europe) S.à r.l.;Fixed Income;US Fixed Income;RF Otros;EUR;Luxemburgo;4;;1.09;0.9;-1.68;-0.29;2.02;-2.58;2011-10-03;True;False;35000;2026-08-28
LU0549623634;JPM US Aggregate Bond D acc EUR Hdg;JPMorgan Funds - US Aggregate Bond Fund D (acc) - EUR (hedged);JPMorgan Asset Management (Europe) S.à r.l.;Fixed Income;US Fixed Income;RF Otros;EUR;Luxemburgo;4;;1.35;0.9;-1.84;-0.54;1.76;-2.83;2010-11-02;True;False;5000;2026-08-28
LU0562247691;JPM US Short Duration Bond A acc EUR H;JPMorgan Funds - US Short Duration Bond Fund A (acc) - EUR (hedged);JPMorgan Asset Management (Europe) S.à r.l.;Fixed Income;US Fixed Income;RF Otros;EUR;Luxemburgo;2;;0.8;0.6;-0.06;0.67;2.7;0.22;2011-03-15;True;False;35000;2026-08-28
LU0562248152;JPM US Short Duration Bond D acc EUR H;JPMorgan Funds - US Short Duration Bond Fund D (acc) - EUR (hedged);JPMorgan Asset Management (Europe) S.à r.l.;Fixed Income;US Fixed Income;RF Otros;EUR;Luxemburgo;2;;1.1;0.6;-0.25;0.37;2.39;-0.08;2011-03-15;True;False;5000;2026-08-28
LU0117369479;Lemanik SICAV Actv S/T Crdt Cap Ret EURA;Lemanik SICAV - Active Short Term Credit Capitalisation Retail EUR A;Lemanik Invest S.A.;Fixed Income;Fixed Income Miscellaneous;RF Otros;EUR;Luxemburgo;3;;;1.25;0.79;1.07;3.29;2.21;2001-11-16;True;False;0;2026-08-28
IE00BYP0Y993;Lord Abbett Short Dur Inc A EUR H Acc;Lord Abbett Short Duration Income Fund Class A EUR Hedged Accumulating;Lord Abbett (Ireland) Ltd;Fixed Income;US Fixed Income;RF Otros;EUR;Irlanda;2;;1.07;1;0.29;1.08;2.99;0.23;2016-02-01;True;False;2500;2026-08-28
LU1670630042;M&G (Lux) Euro Corp Bd A H USD Acc;M&G (Lux) Euro Corporate Bond Fund USD A-H Acc;M&G Luxembourg S.A.;Fixed Income;Europe Fixed Income;RF Otros;USD;Luxemburgo;3;;0.62;0.4;1.2;2.36;6.03;1.62;2018-11-09;True;False;1000;2026-08-28
LU1964705062;MFS Meridian US Government Bond AH1 EUR;MFS Meridian Funds - U.S. Government Bond AH1 EUR;MFS Investment Management Company (Lux) S.à.r.l;Fixed Income;US Fixed Income;RF Otros;EUR;Luxemburgo;4;;0.98;0.5;-1.63;-0.77;1.4;-3.07;2019-04-17;True;False;0;2026-08-28
LU1832969650;MS INVF Euro Corporate Bd - Dur Hgd A;Morgan Stanley Investment Funds - Euro Corporate Bond - Duration Hedged Fund A;MSIM Fund Management (Ireland) Limited;Fixed Income;Fixed Income Miscellaneous;RF Otros;EUR;Luxemburgo;3;;1.04;0.8;1.51;2.75;5.83;3.43;2018-07-06;True;False;0;2026-08-28
IE0032860565;Muzinich Americayield HEUR Acc R;Muzinich Americayield Fund Hedged Euro Accumulation R Units;Muzinich & Co. (Ireland) Limited;Fixed Income;US Fixed Income;RF Otros;EUR;Irlanda;4;;;1.5;1.06;2.21;5.05;0.4;2003-03-19;True;False;1000;2026-08-28
IE00B3MB7B14;Muzinich ShortDurationHY HEUR Acc R;Muzinich ShortDurationHighYield Fund Hedged Euro Accumulation R Units;Muzinich & Co. (Ireland) Limited;Fixed Income;US Fixed Income;RF Otros;EUR;Irlanda;3;;;1.1;1.45;2.72;4.09;1.49;2010-10-12;True;False;1000;2026-08-28
IE00B7FN4G61;Neuberger ShrtDurHYEggm €AAcc;Neuberger Short Duration High Yield Engagement Fund EUR A Acc Class;Neuberger Berman Asset Management Ireland Limited;Fixed Income;US Fixed Income;RF Otros;EUR;Irlanda;4;;1.32;1.2;0.91;2.22;4.79;2.02;2011-12-20;True;False;1000;2026-08-28
LU0492942718;Ninety One GSF Lat Am Corp Dbt A Acc USD;Ninety One Global Strategy Fund - Latin American Corporate Debt Fund A Acc USD;Ninety One Luxembourg S.A.;Fixed Income;Latin America Fixed Income;RF Otros;USD;Luxemburgo;3;;;1.5;2.73;4.83;7.74;2.98;2010-04-30;True;False;3000;2026-08-28
LU1578889609;Ninety One GSF Lat Am Corp Dbt A Acc € H;Ninety One Global Strategy Fund - Latin American Corporate Debt Fund A Acc EUR Hedged (Reference);Ninety One Luxembourg S.A.;Fixed Income;Latin America Fixed Income;RF Otros;EUR;Luxemburgo;4;;;1.5;1.45;2.67;5.6;0.75;2017-03-24;True;False;3000;2026-08-28
IE00B78CQ196;Nomura Fds US High Yield Bond A EUR H;Nomura Funds Ireland plc - US High Yield Bond Fund Class A EUR Hedged;Nomura Asset Management U.K. Limited;Fixed Income;US Fixed Income;RF Otros;EUR;Irlanda;4;;1.14;1;1.04;2.52;6.1;1.75;2012-04-10;True;False;5000;2026-08-28
LU1818765064;Nordea 1 - Low Dur Eurp Cov Bd HB USD;Nordea 1 - Low Duration European Covered Bond Fund HB USD;Nordea Investment Funds SA;Fixed Income;Europe Fixed Income;RF Otros;USD;Luxemburgo;2;;0.72;0.5;1.35;3.52;5.3;3.52;2018-05-29;True;False;;2026-08-28
LU0458980595;Nordea 1 - US Corporate Bond HB EUR;Nordea 1 - US Corporate Bond Fund HB EUR;Nordea Investment Funds SA;Fixed Income;US Fixed Income;RF Otros;EUR;Luxemburgo;4;;1.03;0.7;-1.47;0.13;3.21;-2.62;2010-02-12;True;False;0;2026-08-28
IE00BFRSV973;PIMCO GIS Capital Scs E EURH Acc;PIMCO GIS Capital Securities Fund E Class EUR (Hedged) Accumulation;PIMCO Global Advisors (Ireland) Limited;Fixed Income;Fixed Income Miscellaneous;RF Otros;EUR;Irlanda;4;;;1.69;0.62;2.91;7.83;0.95;2013-10-28;True;False;;2026-08-28
IE00BFRSV866;PIMCO GIS Capital Scs E USD Acc;PIMCO GIS Capital Securities Fund E Class USD Accumulation;PIMCO Global Advisors (Ireland) Limited;Fixed Income;Fixed Income Miscellaneous;RF Otros;USD;Irlanda;4;;;1.69;1.75;4.89;9.77;2.86;2013-10-28;True;False;1000;2026-08-28
IE00B95G9K86;PIMCO GIS Credit Opps Bd E EUR H Acc;PIMCO GIS Credit Opportunities Bond Fund E Class EUR (Hedged) Accumulation;PIMCO Global Advisors (Ireland) Limited;Fixed Income;US Fixed Income;RF Otros;EUR;Irlanda;3;;;2.5;-1.59;-0.09;4.08;1.04;2012-12-21;True;False;;2026-08-28
IE00B283G405;PIMCO GIS Low Avrg Dur E EURH Acc;PIMCO GIS Low Average Duration Fund E Class EUR (Hedged) Accumulation;PIMCO Global Advisors (Ireland) Limited;Fixed Income;US Fixed Income;RF Otros;EUR;Irlanda;2;;;2.5;-0.6;-0.12;2.17;-0.66;2009-07-24;True;False;;2026-08-28
IE00BDT57Y96;PIMCO GIS Low Dur Inc E EUR Hdg Acc;PIMCO GIS Low Duration Income Fund E Class EUR (Hedged) Accumulation;PIMCO Global Advisors (Ireland) Limited;Fixed Income;US Fixed Income;RF Otros;EUR;Irlanda;3;;;2.5;0.72;2.47;4.7;1.75;2018-05-31;True;False;;2026-08-28
IE00B11XZB05;PIMCO GIS Ttl Ret Bd E EURH Acc;PIMCO GIS Total Return Bond Fund E Class EUR (Hedged) Accumulation;PIMCO Global Advisors (Ireland) Limited;Fixed Income;US Fixed Income;RF Otros;EUR;Irlanda;4;;;2.5;-1.04;0.9;3.13;-2.59;2006-03-31;True;False;;2026-08-28
IE00B11XZ764;PIMCO GIS US Hi Yld Bd E EURH Acc;PIMCO GIS US High Yield Bond Fund E Class EUR (Hedged) Accumulation;PIMCO Global Advisors (Ireland) Limited;Fixed Income;US Fixed Income;RF Otros;EUR;Irlanda;4;;;2.5;0.18;1.89;5.62;0.82;2006-03-31;True;False;;2026-08-28
IE00BDB4ZH30;PIMCO GIS US S/T E EUR Hedged Acc;PIMCO GIS US Short-Term Fund E Class EUR (Hedged) Accumulation;PIMCO Global Advisors (Ireland) Limited;Fixed Income;US Fixed Income;RF Otros;EUR;Irlanda;2;;;1.15;1.62;2.2;3.05;1.61;2016-06-08;True;False;;2026-08-28
LU1608101579;Pareto Nordic Corporate Bond A EUR;Pareto Nordic Corporate Bond A EUR;Pareto Asset Management AS;Fixed Income;Europe Fixed Income;RF Otros;EUR;Luxemburgo;4;;;1;3.17;4.62;6.46;4.51;2017-06-07;True;False;0;2026-08-28
LU0954603725;Pictet-EUR Short Term Corp Bds HR USD;Pictet-EUR Short Term Corporate Bonds HR USD;Pictet Asset Management (Europe) SA;Fixed Income;Europe Fixed Income;RF Otros;USD;Luxemburgo;3;;1;1.25;1.75;3.18;5.73;2.66;2013-11-25;True;False;0;2026-08-28
LU0736302232;Pictet-EUR Short Term High Yield HP USD;Pictet-EUR Short Term High Yield HP USD;Pictet Asset Management (Europe) SA;Fixed Income;Europe Fixed Income;RF Otros;USD;Luxemburgo;3;;1.22;1.6;2.77;4.53;7.07;4.61;2012-01-30;True;False;0;2026-08-28
LU0340553949;Pictet-Emerging Local Ccy Dbt HP EUR;Pictet-Emerging Local Currency Debt HP EUR;Pictet Asset Management (Europe) SA;Fixed Income;Emerging Markets Fixed Income;RF Otros;EUR;Luxemburgo;4;;1.58;2.1;0.58;5.39;5.36;0.78;2008-01-23;True;False;0;2026-08-28
LU0340554327;Pictet-Emerging Local Ccy Dbt HR EUR;Pictet-Emerging Local Currency Debt HR EUR;Pictet Asset Management (Europe) SA;Fixed Income;Emerging Markets Fixed Income;RF Otros;EUR;Luxemburgo;4;;1.98;3;0.31;4.95;4.93;0.37;2008-01-23;True;False;0;2026-08-28
LU2166021886;Pictet-USD Government Bonds HP EUR;Pictet-USD Government Bonds HP EUR;Pictet Asset Management (Europe) SA;Fixed Income;US Fixed Income;RF Otros;EUR;Luxemburgo;4;;0.63;0.6;-1.55;-0.54;1.04;-3.22;2020-05-04;True;False;0;2026-08-28
LU1256216356;Pictet-USD Government Bonds HP dy EUR;Pictet-USD Government Bonds HP dy EUR;Pictet Asset Management (Europe) SA;Fixed Income;US Fixed Income;RF Otros;EUR;Luxemburgo;4;;0.63;0.6;-1.55;-0.54;1.04;-3.21;2015-07-06;True;False;0;2026-08-28
IE0032590923;Principal Preferred Secs A Acc USD;Principal Global Investors Funds - Preferred Securities Fund A Acc USD;Principal Global Investors (Ireland) Ltd;Fixed Income;Fixed Income Miscellaneous;RF Otros;USD;Irlanda;3;;1.07;2;1.23;3.72;7.58;2.59;2012-03-27;True;False;1000;2026-08-28
IE00B00Z9M92;Principal Preferred Secs A Hdg Acc EUR;Principal Global Investors Funds - Preferred Securities Fund A Hedged Acc EUR;Principal Global Investors (Ireland) Ltd;Fixed Income;Fixed Income Miscellaneous;RF Otros;EUR;Irlanda;3;;;2;0.16;1.82;5.63;0.67;2003-04-22;True;False;1000;2026-08-28
LU1025004406;Robeco Financial Institutions Bds DH $;Robeco Financial Institutions Bonds DH $;Robeco Institutional Asset Management BV;Fixed Income;Europe Fixed Income;RF Otros;USD;Luxemburgo;3;;1.02;0.8;1.85;3.65;8.49;3.36;2014-02-04;True;False;0;2026-08-28
IE000K7H1E84;Royal London Abs Ret Govt Bd W EUR H Acc;Royal London Absolute Return Government Bond Fund Class W EUR Hedged Acc;Royal London Asset Management Ltd;Fixed Income;Sterling Fixed Income;RF Otros;EUR;Irlanda;;;0.75;0.75;1.23;2.38;;;2025-04-08;True;False;1000;2026-08-28
LU0428345051;Schroder ISF EURO Corp Bd A Acc USD H;Schroder International Selection Fund EURO Corporate Bond A Accumulation USD Hedged;Schroder Investment Management (Europe) S.A.;Fixed Income;Europe Fixed Income;RF Otros;USD;Luxemburgo;3;;1.07;0.75;1.5;2.96;7.09;1.63;2009-05-22;True;False;1000;2026-08-28
LU0291343597;Schroder ISF US Dllr Bd A Acc EUR H;Schroder International Selection Fund US Dollar Bond A Accumulation EUR Hedged;Schroder Investment Management (Europe) S.A.;Fixed Income;US Fixed Income;RF Otros;EUR;Luxemburgo;4;;;0.75;-1.22;0.71;2.72;-2.86;2007-04-13;True;False;1000;2026-08-28
LU0352160062;UBAM Medium Term US Corporate Bd AHC EUR;UBAM - Medium Term US Corporate Bond AHC EUR;UBP Asset Management (Europe) S.A.;Fixed Income;US Fixed Income;RF Otros;EUR;Luxemburgo;4;;;0.5;-1.17;-0.05;3.7;-0.69;2011-12-02;True;False;0;2026-08-28
LU1254412460;abrdn-Indian Bond A Acc EUR;abrdn SICAV I - Indian Bond Fund A Acc EUR;abrdn Investments Luxembourg S.A.;Fixed Income;Fixed Income Miscellaneous;RF Otros;EUR;Luxemburgo;4;;;1;-3.7;-5.54;-2.51;-1.05;2015-09-01;True;False;;2026-08-28
LU1650570317;abrdn-Indian Bond A Acc H EUR;abrdn SICAV I - Indian Bond Fund A Acc Hedged EUR;abrdn Investments Luxembourg S.A.;Fixed Income;Fixed Income Miscellaneous;RF Otros;EUR;Luxemburgo;4;;;1;-5.69;-7.43;-1.96;-3.19;2017-08-18;True;False;1000;2026-08-28
LU2628679511;abrdn-Short Dtd Enh Inc A Acc Hdg EUR;abrdn SICAV I - Short Dated Enhanced Income Fund A Acc Hedged EUR;abrdn Investments Luxembourg S.A.;Fixed Income;US Fixed Income;RF Otros;EUR;Luxemburgo;2;;;0.5;0.78;1.71;3.84;;2023-07-06;True;False;500;2026-08-28
LU1646952983;abrdn-US Dollar Credit Sust Bd AAccHCAD;abrdn SICAV I - US Dollar Credit Sustainable Bond Fund A Acc Hedged CAD;abrdn Investments Luxembourg S.A.;Fixed Income;US Fixed Income;RF Otros;CAD;Luxemburgo;4;;;0.8;-1.81;-0.01;3.42;-1.58;2018-02-23;True;False;1000;2026-08-28
LU1164802040;Pictet-Chinese Local Currency Debt R EUR;Pictet-Chinese Local Currency Debt R EUR;Pictet Asset Management (Europe) SA;Fixed Income;Asia Fixed Income;RF RMB Local;EUR;Luxemburgo;4;2;1.75;3;6.3;7.62;2.46;1.57;2015-03-03;True;False;0;2026-08-28
LU1717043670;UBS (Lux) BS China Fxd Inc ¥ USD P acc;UBS (Lux) Bond SICAV - China Fixed Income (RMB) USD P-acc;UBS Asset Management (Europe) S.A.;Fixed Income;Asia Fixed Income;RF RMB Local;USD;Luxemburgo;3;2;1.22;0.92;5.62;7.94;5.57;2.07;2018-03-14;True;False;0;2026-08-28
LU1882441816;Amundi Fds US S/T Bond A2 EUR C;Amundi Funds - US Short Term Bond A2 EUR (C);Amundi Luxembourg S.A.;Fixed Income;US Fixed Income;RF Ultra Corto Plazo - USD;EUR;Luxemburgo;4;4;0.72;0.5;3.14;3.43;2.37;4.15;2000-12-18;True;False;1;2026-08-28
LU1882441907;Amundi Fds US S/T Bond A2 USD C;Amundi Funds - US Short Term Bond A2 USD (C);Amundi Luxembourg S.A.;Fixed Income;US Fixed Income;RF Ultra Corto Plazo - USD;USD;Luxemburgo;2;4;0.73;0.5;2.31;3.95;5.11;3.91;2002-05-02;True;False;0;2026-08-28
LU1546474658;DWS USD Floating Rate Notes LC;DWS USD Floating Rate Notes LC;DWS Investment S.A.;Fixed Income;US Fixed Income;RF Ultra Corto Plazo - USD;USD;Luxemburgo;2;5;0.35;0.6;2.6;4.21;5.27;4.17;2017-02-06;True;False;0;2026-08-28
LU0041580167;DWS USD Floating Rate Notes LD;DWS USD Floating Rate Notes LD;DWS Investment S.A.;Fixed Income;US Fixed Income;RF Ultra Corto Plazo - USD;USD;Luxemburgo;2;5;0.35;0.6;2.6;4.21;5.27;4.17;1992-11-10;True;False;0;2026-08-28
LU0028121183;Invesco USD Ultra-S/T Dbt A Acc USD;Invesco Funds - Invesco USD Ultra-Short Term Debt Fund A Accumulation USD;Invesco Management S.A.;Fixed Income;US Fixed Income;RF Ultra Corto Plazo - USD;USD;Luxemburgo;2;3;;0.25;2.31;3.85;4.94;3.67;1991-01-02;True;False;1500;2026-08-28
LU0513027705;JPM Managed Reserves A acc USD;JPMorgan Funds - Managed Reserves Fund A (acc) USD;JPMorgan Asset Management (Europe) S.à r.l.;Fixed Income;US Fixed Income;RF Ultra Corto Plazo - USD;USD;Luxemburgo;2;2;0.6;0.4;2.02;3.45;4.5;3.27;2010-06-10;True;False;35000;2026-08-28
IE00BMTRX064;PIMCO GIS US S/T E USD Acc;PIMCO GIS US Short-Term Fund E Class USD Accumulation;PIMCO Global Advisors (Ireland) Limited;Fixed Income;US Fixed Income;RF Ultra Corto Plazo - USD;USD;Irlanda;2;3;;1.15;2.66;4.13;4.89;3.42;2014-06-30;True;False;1000;2026-08-28
IE00BMTRWZ44;PIMCO GIS US S/T Investor USD Acc;PIMCO GIS US Short-Term Fund Investor USD Accumulation;PIMCO Global Advisors (Ireland) Limited;Fixed Income;US Fixed Income;RF Ultra Corto Plazo - USD;USD;Irlanda;2;3;;0.45;2.8;4.27;4.98;3.51;2014-06-30;True;False;1000000;2026-08-28
LU1089088741;Allianz Floating Rt Notes+VarZn AT EUR;Allianz Global Investors Fund - Allianz Floating Rate Notes Plus VarioZins AT EUR;Allianz Global Investors GmbH;Fixed Income;Europe Fixed Income;RF Ultra Corto Plazo EUR;EUR;Luxemburgo;1;3;0.5;0.45;1.24;1.86;2.95;2.07;2016-08-11;True;False;0;2026-08-28
FR0010829697;Amundi Enhan Ult Sht Trm Bd Select P-C;Amundi Enhanced Ultra Short Term Bond Select P-C;Amundi Asset Management;Fixed Income;Europe Fixed Income;RF Ultra Corto Plazo EUR;EUR;Francia;2;3;;0.7;1.14;1.83;3.23;2.15;2010-01-21;True;False;1;2026-08-28
LU1838941372;Candriam Bds Floating Rt Nts C EUR Acc;Candriam Bonds Floating Rate Notes C EUR Cap;Candriam;Fixed Income;Europe Fixed Income;RF Ultra Corto Plazo EUR;EUR;Luxemburgo;2;3;;0.5;1.4;2.11;3.02;2.01;2018-09-03;True;False;0;2026-08-28
LU0034353002;DWS Floating Rate Notes LC;DWS Floating Rate Notes LC;DWS Investment S.A.;Fixed Income;Europe Fixed Income;RF Ultra Corto Plazo EUR;EUR;Luxemburgo;1;4;0.25;0.6;1.63;2.49;3.51;2.41;1991-07-15;True;False;0;2026-08-28
LU1122765560;DWS Floating Rate Notes LD;DWS Floating Rate Notes LD;DWS Investment S.A.;Fixed Income;Europe Fixed Income;RF Ultra Corto Plazo EUR;EUR;Luxemburgo;1;4;0.25;0.6;1.62;2.48;3.5;2.41;2014-12-01;True;False;0;2026-08-28
LU1965927921;DWS Invest ESG Fltng Rt Nots LC;DWS Invest ESG Floating Rate Notes LC;DWS Investment S.A.;Fixed Income;Europe Fixed Income;RF Ultra Corto Plazo EUR;EUR;Luxemburgo;1;4;0.24;0.18;1.59;2.41;3.49;2.33;2019-04-05;True;False;0;2026-08-28
FI0008804463;Evli Euro Liquidity B;Evli Euro Liquidity B;Evli-Rahastoyhtiö Oy;Fixed Income;Europe Fixed Income;RF Ultra Corto Plazo EUR;EUR;Finlandia;2;5;;0.3;1.43;2.28;3.61;2.52;1996-01-31;True;False;1000;2026-08-28
LU1345485095;Fidelity Euro Ultr Shrt Dur A-Acc- €;Fidelity Funds - Euro Ultra Short Duration A-Acc-EUR;FIL Investment Management (Luxembourg) S.à r.l.;Fixed Income;Europe Fixed Income;RF Ultra Corto Plazo EUR;EUR;Luxemburgo;2;;0.41;1.5;;;;;2016-02-16;True;False;;2026-08-28
FR0013346079;Groupama Ultra Short Term NC;Groupama Ultra Short Term NC;Groupama Asset Management;Fixed Income;Europe Fixed Income;RF Ultra Corto Plazo EUR;EUR;Francia;1;4;;0.43;1.39;2.04;3.15;2.21;2019-01-18;True;False;1;2026-08-28
FR001400CFA4;Ostrum Credit Ultr Shrt Pls R/C(EUR);Ostrum Credit Ultra Short Plus R/C (EUR);Natixis Investment Managers International;Fixed Income;Europe Fixed Income;RF Ultra Corto Plazo EUR;EUR;Francia;2;4;;0.45;1.64;2.55;3.5;;2023-02-23;True;False;1;2026-08-28
FR0013231453;Ostrum Credit Ultra Shrt Pls I-C EUR;Ostrum Credit Ultra Short Plus I-C EUR;Natixis Investment Managers International;Fixed Income;Europe Fixed Income;RF Ultra Corto Plazo EUR;EUR;Francia;2;5;;0.4;1.72;2.69;3.6;2.77;2017-01-24;True;False;100000;2026-08-28
LU0086913042;BNP Paribas Europe Convertible C Cap;BNP Paribas Funds Europe Convertible Classic Capitalisation;BNP Paribas Asset Management Luxembourg;Hybrid Securities;Convertibles;RF Convertibles Europa;EUR;Luxemburgo;4;3;;1.2;6.93;7.51;10.21;2.42;1998-05-07;True;False;0;2026-08-28
LU0107087537;BNP Paribas Europe Convertible N Dis;BNP Paribas Funds Europe Convertible N Distribution;BNP Paribas Asset Management Luxembourg;Hybrid Securities;Convertibles;RF Convertibles Europa;EUR;Luxemburgo;4;2;;1.2;6.51;6.86;9.54;1.81;2000-03-22;True;False;0;2026-08-28
FR0010858498;Lazard Convertible Global RC EUR;Lazard Convertible Global RC EUR;Lazard Frères Gestion;Hybrid Securities;Convertibles;RF Convertibles Global;EUR;Francia;4;2;1.54;1.64;8.73;10.52;5.69;0.38;2010-03-01;True;False;1;2026-08-28
FR0013398914;Lazard Convertible Global RD EUR;Lazard Convertible Global RD EUR;Lazard Frères Gestion;Hybrid Securities;Convertibles;RF Convertibles Global;EUR;Francia;4;1;1.53;1.64;8.72;10.49;5.68;0.37;2019-02-06;True;False;1;2026-08-28
LU1670708335;M&G (Lux) Glb Cnvrts A EUR Acc;M&G (Lux) Global Convertibles Fund EUR A Acc;M&G Luxembourg S.A.;Hybrid Securities;Convertibles;RF Convertibles Global;EUR;Luxemburgo;4;3;1.71;1.5;17.32;22.32;12.83;5.13;2018-11-09;True;False;1000;2026-08-28
LU0823394852;BNP Paribas Glbl Cnvrt Cl RH EUR C;BNP Paribas Funds Global Convertible Classic RH EUR Capitalisation;BNP Paribas Asset Management Luxembourg;Hybrid Securities;Convertibles;RF Convertibles Global - EUR Cubierto;EUR;Luxemburgo;5;4;;1.2;14.93;22.35;12.73;3.19;2013-05-17;True;False;0;2026-08-28
FR0013268356;Lazard Convertible Global RC H-EUR;Lazard Convertible Global RC H-EUR;Lazard Frères Gestion;Hybrid Securities;Convertibles;RF Convertibles Global - EUR Cubierto;EUR;Francia;4;1;1.59;1.69;6.86;8.99;6.69;-0.62;2017-07-24;True;False;1;2026-08-28
LU1670708509;M&G (Lux) Glb Cnvrts A H EUR Acc;M&G (Lux) Global Convertibles Fund EUR A-H Acc;M&G Luxembourg S.A.;Hybrid Securities;Convertibles;RF Convertibles Global - EUR Cubierto;EUR;Luxemburgo;4;4;1.73;1.5;15.1;20.7;13.49;3.78;2018-11-09;True;False;1000;2026-08-28
LU0823394779;BNP Paribas Glbl Cnvrt Cl C;BNP Paribas Funds Global Convertible Classic Capitalisation;BNP Paribas Asset Management Luxembourg;Hybrid Securities;Convertibles;RF Convertibles Global - USD Cubierto;USD;Luxemburgo;5;4;;1.2;16.54;25.02;14.92;5.29;2013-05-17;True;False;0;2026-08-28
ES0138954005;Bankinter Objetivo Enero 2027 B FI;Bankinter Objetivo Enero 2027 B FI;Bankinter Gestión de Activos SGIIC;Other;Capital Protected;Capital Protegido;EUR;España;;;0.36;0.35;0.9;1.43;;;2024-02-09;False;False;200000;2026-08-28
ES0138954039;Bankinter Objetivo Enero 2027 R FI;Bankinter Objetivo Enero 2027 R FI;Bankinter Gestión de Activos SGIIC;Other;Capital Protected;Capital Protegido;EUR;España;1;;0.6;0.59;0.74;1.19;2.21;1.39;1994-05-30;False;False;1;2026-08-28
ES0114024005;Bankinter Objetivo Europa 2027 FI;Bankinter Objetivo Europa 2027 FI;Bankinter Gestión de Activos SGIIC;Other;Capital Protected;Capital Protegido;EUR;España;3;;0.62;0.72;5.6;8.3;5.09;2.16;2012-01-27;False;False;500;2026-08-28
ES0113585006;Bankinter Objetivo Europa 2029 FI;Bankinter Objetivo Europa 2029 FI;Bankinter Gestión de Activos SGIIC;Other;Capital Protected;Capital Protegido;EUR;España;3;;0.52;0.56;4.97;7.93;8.97;5.25;2009-07-28;False;False;500;2026-08-28
IE00BMX0B961;Bankinter Protección 2 A EUR Acc;Bankinter Protección 2 Fund Class A EUR Accumulation;J.P. Morgan Mansart Management Ltd;Other;Capital Protected;Capital Protegido;EUR;Irlanda;3;;;0.51;2.64;4.65;3.15;0.4;2020-10-06;True;False;100;2026-08-28
IE00BJM09W56;Bankinter Protección A EUR Acc;Bankinter Protección Fund Class A EUR Accumulation;J.P. Morgan Mansart Management Ltd;Other;Capital Protected;Capital Protegido;EUR;Irlanda;3;;;0.51;2.55;4.45;3;0.25;2020-01-21;True;False;100;2026-08-28
FR0014004V01;Bankinter Top Protección Classic Cap;Bankinter Top Protección Classic Cap;BNP PARIBAS ASSET MANAGEMENT Europe;Other;Capital Protected;Capital Protegido;EUR;Francia;3;;;0.95;0.22;0.49;2.96;;2021-10-04;True;False;100;2026-08-28
ES0113063004;BK Euribor Rentas IV Garantizado FI;Bankinter Euribor Rentas IV Garantizado FI;Bankinter Gestión de Activos SGIIC;Other;Guaranteed;Garantizados;EUR;España;3;;0.42;0.3;0.72;1.21;2.93;0.24;2013-04-19;False;False;500;2026-08-28
ES0164950000;Bankinter España 2027 Garantizado FI;Bankinter España 2027 Garantizado FI;Bankinter Gestión de Activos SGIIC;Other;Guaranteed;Garantizados;EUR;España;3;;0.51;0.39;3.32;6.28;7.66;1.6;2009-10-09;False;False;500;2026-08-28
ES0156738009;Bankinter Euribor 2026 Garantizado FI;Bankinter Euribor 2026 Garantizado FI;Bankinter Gestión de Activos SGIIC;Other;Guaranteed;Garantizados;EUR;España;3;;0.52;0.4;1.31;1.81;2.94;0.21;2017-12-15;False;False;500;2026-08-28
ES0179392008;Bankinter Euribor 2027 Garantizado FI;Bankinter Euribor 2027 Garantizado FI;Bankinter Gestión de Activos SGIIC;Other;Guaranteed;Garantizados;EUR;España;3;;0.41;0.3;0.69;1.18;3.13;0.12;2013-03-15;False;False;500;2026-08-28
ES0156739007;Bankinter Ibex 2026 Plus Garantizado FI;Bankinter Ibex 2026 Plus Garantizado FI;Bankinter Gestión de Activos SGIIC;Other;Guaranteed;Garantizados;EUR;España;3;;0.52;0.4;1.7;3.13;5.42;0.89;2018-03-05;False;False;500;2026-08-28
ES0113815031;Bankinter Ibex 2026 Plus II Garant. FI;Bankinter Ibex 2026 Plus II Garantizado FI;Bankinter Gestión de Activos SGIIC;Other;Guaranteed;Garantizados;EUR;España;3;;0.41;0.3;1.88;3.79;5.61;0.96;2006-01-24;False;False;500;2026-08-28
ES0113983003;Bankinter Ibex 2028 Plus Garantizado FI;Bankinter Ibex 2028 Plus Garantizado FI;Bankinter Gestión de Activos SGIIC;Other;Guaranteed;Garantizados;EUR;España;3;;0;0.29;4.52;8.85;9.55;2.45;2011-02-21;False;False;500;2026-08-28
ES0130354006;Bankinter Ibex Rentas 2027 Gar. FI;Bankinter Ibex Rentas 2027 Garantizado FI;Bankinter Gestión de Activos SGIIC;Other;Guaranteed;Garantizados;EUR;España;3;;0.3;0.19;0.82;1.31;3.27;-0.56;2011-12-23;False;False;500;2026-08-28
ES0113584009;Bankinter Indice España 2027 Garantiz FI;Bankinter Indice España 2027 Garantizado FI;Bankinter Gestión de Activos SGIIC;Other;Guaranteed;Garantizados;EUR;España;3;;0.51;0.4;11.4;21.04;16.53;7.37;2008-09-22;False;False;500;2026-08-28
ES0164542005;Bankinter Media Europea 2026 Gar. FI;Bankinter Media Europea 2026 Garantizado FI;Bankinter Gestión de Activos SGIIC;Other;Guaranteed;Garantizados;EUR;España;3;;0.53;0.4;2.26;3.32;5.14;0.99;2010-04-20;False;False;500;2026-08-28
ES0164585004;Bankinter Europeo Inverso FI;Bankinter Europeo Inverso FI;Bankinter Gestión de Activos SGIIC;Other;Trading Tools;Trading - Apalancados/Inversos RV;EUR;España;6;;1.16;1;-12.09;-18.45;-13.7;-11.26;2008-11-14;True;True;1;2026-08-28
ES0164384010;Bankinter Inverso EEUU R FI;Bankinter Inverso EEUU R FI;Bankinter Gestión de Activos SGIIC;Other;Trading Tools;Trading - Apalancados/Inversos RV;EUR;España;;;;1;;;;;2026-02-13;True;False;1;2026-08-28
LU1931957093;BNPP Flexi I Commodities Cl Hdg EUR Cap;BNP Paribas Flexi I Commodities Classic Hedged EUR Capitalisation;BNP Paribas Asset Management Luxembourg;Real Assets;Commodities Broad Basket;Materias Primas - Diversificado;EUR;Luxemburgo;6;;;1.5;18.73;35.31;11.77;8.86;2019-11-15;True;False;0;2026-08-28
LU1931956285;BNPP Flexi I Commodities Cl USD Cap;BNP Paribas Flexi I Commodities Classic USD Capitalisation;BNP Paribas Asset Management Luxembourg;Real Assets;Commodities Broad Basket;Materias Primas - Diversificado;USD;Luxemburgo;6;;;1.5;20.97;38.71;14.3;11.32;2019-11-15;True;False;0;2026-08-28
LU1881477043;DWS Invest Enh Cmdty Strat LC;DWS Invest Enhanced Commodity Strategy LC;DWS Investment S.A.;Real Assets;Commodities Broad Basket;Materias Primas - Diversificado;EUR;Luxemburgo;6;;1.35;1.2;32.44;45.74;12.02;10.98;2019-05-07;True;False;0;2026-08-28
LU0397155978;GSQrtx Mdfd Stgy Blmbrg Cmd TR A EUR;GSQuartix Modified Strategy on the Bloomberg Commodity IndexTotal Return Portfolio A EUR;Amundi Luxembourg S.A.;Real Assets;Commodities Broad Basket;Materias Primas - Diversificado;EUR;Luxemburgo;6;;1.14;1;23.72;37.12;11.21;9.82;2009-05-19;True;False;1000;2026-08-28
LU0397155895;GSQuartix Mdfd Stgy Blmbrg CmdIdxTR AUS$;Structured Investments SICAV GSQuartix Modified StrategyontheBloombergCommodityIndexTotalReturn AUSD;Amundi Luxembourg S.A.;Real Assets;Commodities Broad Basket;Materias Primas - Diversificado;USD;Luxemburgo;6;;1.14;1;25.13;39.81;13.45;12.11;2009-05-20;True;False;1000;2026-08-28
LU2607330011;MS INVF Parametric Commodity A Acc;Morgan Stanley Investment Funds - Parametric Commodity Fund A Acc;MSIM Fund Management (Ireland) Limited;Real Assets;Commodities Broad Basket;Materias Primas - Diversificado;USD;Luxemburgo;4;;1.64;1.4;25.55;38.81;;;2024-02-27;True;True;0;2026-08-28
IE00B79S1F56;PIMCO GIS Cmdty Real Ret E EURH Acc;PIMCO GIS Commodity Real Return Fund E Class EUR (Hedged) Accumulation;PIMCO Global Advisors (Ireland) Limited;Real Assets;Commodities Broad Basket;Materias Primas - Diversificado;EUR;Irlanda;6;;;2.5;27.4;37.41;12.11;8.18;2012-03-07;True;False;;2026-08-28
IE00B1D7YH97;PIMCO GIS Cmdty Real Ret E USD Acc;PIMCO GIS Commodity Real Return Fund E Class USD Accumulation;PIMCO Global Advisors (Ireland) Limited;Real Assets;Commodities Broad Basket;Materias Primas - Diversificado;USD;Irlanda;6;;;2.5;29.04;40.31;14.3;10.35;2007-09-21;True;False;1000;2026-08-28
LU0415415636;Vontobel Commodity H Hedged EUR;Vontobel Fund - Commodity H (hedged) EUR Cap;Vontobel Asset Management S.A.;Real Assets;Commodities Broad Basket;Materias Primas - Diversificado;EUR;Luxemburgo;6;;1.87;1.65;23.6;33.83;12.45;9.2;2008-05-14;True;False;0;2026-08-28
FR0014008NN3;Ofi Invest Energy Strategic Metals R;Ofi Invest Energy Strategic Metals R;OFI Invest Asset Management;Real Assets;Commodities Specified;Materias Primas - Industria y Metales;EUR;Francia;4;;1.83;1.81;0;33.6;14.13;;2022-06-08;True;False;0;2026-08-28
FR0011170182;Ofi Invest Precious Metals R;Ofi Invest Precious Metals R;OFI Invest Asset Management;Real Assets;Commodities Specified;Materias Primas - Metales Preciosos;EUR;Francia;5;;;1.5;-2.7;41.03;26.04;10.95;2012-03-08;True;False;0;2026-08-28
