Isin;Name;LegalName;ProviderCompanyName;GlobalAssetClass;GlobalCategoryName;CategoryName;Currency;DomicileName;SRRI;StarRatingM255;ExpenseRatio;ManagementFee;ReturnM0;ReturnM12;ReturnM36;ReturnM60;InceptionDate;UCITS;IndexFund;InitialPurchase;fecha
LU2743114956;UI - Aktia EM Local Ccy Bd+ Share R Acc;UI - Aktia EM Local Currency Bond+ - share class R Acc;;;;;EUR;Luxemburgo;;;;;;;;;2026-04-27;False;False;;2026-09-03
LU1594335520;Allianz Dyn MltAst Stgy SRI75 AT EUR;Allianz Global Investors Fund - Allianz Dynamic Multi Asset Strategy SRI 75 AT EUR;Allianz Global Investors GmbH;Allocation;Aggressive Allocation;Mixtos Agresivos EUR - Global;EUR;Luxemburgo;5;5;1.65;1.85;10.76;23.09;14.83;8.46;2017-05-02;True;False;0;2026-09-03
LU0352312853;Allianz Strategy 75 CT EUR;Allianz Strategy 75 CT EUR;Allianz Global Investors GmbH;Allocation;Aggressive Allocation;Mixtos Agresivos EUR - Global;EUR;Luxemburgo;5;4;1.5;1.65;8.04;15.7;11.43;5.56;2008-07-01;True;False;0;2026-09-03
LU0048293368;BL-Global 75 B EUR;BL-Global 75 B EUR Acc;BLI - Banque de Luxembourg Investments SA;Allocation;Aggressive Allocation;Mixtos Agresivos EUR - Global;EUR;Luxemburgo;4;3;1.43;1.25;5.98;17.17;10.62;5.8;1993-10-28;True;False;0;2026-09-03
ES0113569018;Bankinter Platea Agresivo A FI;Bankinter Platea Agresivo A FI;Bankinter Gestión de Activos SGIIC;Allocation;Aggressive Allocation;Mixtos Agresivos EUR - Global;EUR;España;5;4;2.87;1.35;10.37;16.57;12.47;6.76;2017-09-29;True;False;50000;2026-09-03
ES0113569000;Bankinter Platea Agresivo B FI;Bankinter Platea Agresivo B FI;Bankinter Gestión de Activos SGIIC;Allocation;Aggressive Allocation;Mixtos Agresivos EUR - Global;EUR;España;5;4;2.87;1.25;10.47;16.71;12.55;6.86;2015-11-20;True;False;200000;2026-09-03
ES0113569026;Bankinter Platea Agresivo R FI;Bankinter Platea Agresivo R FI;Bankinter Gestión de Activos SGIIC;Allocation;Aggressive Allocation;Mixtos Agresivos EUR - Global;EUR;España;5;4;2.16;1.55;11.08;17.74;13.09;7.06;2020-03-17;True;False;10;2026-09-03
ES0113573028;Bankinter Platea Megatendencias A FI;Bankinter Platea Megatendencias A FI;Bankinter Gestión de Activos SGIIC;Allocation;Aggressive Allocation;Mixtos Agresivos EUR - Global;EUR;España;;;4.19;1.25;13.43;19.63;;;2024-09-06;True;False;50000;2026-09-03
ES0113573036;Bankinter Platea Megatendencias B FI;Bankinter Platea Megatendencias B FI;Bankinter Gestión de Activos SGIIC;Allocation;Aggressive Allocation;Mixtos Agresivos EUR - Global;EUR;España;;;0;1.15;9.8;15.97;;;2024-09-06;True;False;200000;2026-09-03
ES0113573002;Bankinter Platea Megatendencias R FI;Bankinter Platea Megatendencias R FI;Bankinter Gestión de Activos SGIIC;Allocation;Aggressive Allocation;Mixtos Agresivos EUR - Global;EUR;España;7;2;2.75;1.3;13.8;20.28;11.56;3.47;2019-07-30;True;False;10;2026-09-03
ES0135705012;Bankinter Premium Agresivo A FI;Bankinter Premium Agresivo A FI;Bankinter Gestión de Activos SGIIC;Allocation;Aggressive Allocation;Mixtos Agresivos EUR - Global;EUR;España;6;4;1.62;1.4;11.32;18.7;13.28;7.47;2017-06-23;True;False;50000;2026-09-03
ES0135705004;Bankinter Premium Agresivo B FI;Bankinter Premium Agresivo B FI;Bankinter Gestión de Activos SGIIC;Allocation;Aggressive Allocation;Mixtos Agresivos EUR - Global;EUR;España;6;4;0.97;0.75;11.81;19.47;14.03;8.23;2016-07-15;True;False;500000;2026-09-03
ES0135705038;Bankinter Premium Agresivo D FI;Bankinter Premium Agresivo D FI;Bankinter Gestión de Activos SGIIC;Allocation;Aggressive Allocation;Mixtos Agresivos EUR - Global;EUR;España;6;3;1.62;1.4;11.32;15.72;11.37;;2022-03-25;True;False;50000;2026-09-03
ES0135705020;Bankinter Premium Agresivo R FI;Bankinter Premium Agresivo R FI;Bankinter Gestión de Activos SGIIC;Allocation;Aggressive Allocation;Mixtos Agresivos EUR - Global;EUR;España;6;4;1.77;1.55;11.21;18.52;13.11;7.31;2021-07-02;True;False;10000;2026-09-03
ES0113734018;Bankinter Premium Dinámico A FI;Bankinter Premium Dinámico A FI;Bankinter Gestión de Activos SGIIC;Allocation;Aggressive Allocation;Mixtos Agresivos EUR - Global;EUR;España;5;3;1.44;1.25;6.73;11.26;9.31;4.94;2017-09-15;True;False;50000;2026-09-03
ES0113734000;Bankinter Premium Dinámico B FI;Bankinter Premium Dinámico B FI;Bankinter Gestión de Activos SGIIC;Allocation;Aggressive Allocation;Mixtos Agresivos EUR - Global;EUR;España;5;3;0.89;0.7;7.12;11.88;9.93;5.57;2016-07-15;True;False;500000;2026-09-03
ES0113734034;Bankinter Premium Dinámico D FI;Bankinter Premium Dinámico D FI;Bankinter Gestión de Activos SGIIC;Allocation;Aggressive Allocation;Mixtos Agresivos EUR - Global;EUR;España;5;2;1.44;1.25;6.73;9.03;7.84;;2022-03-25;True;False;50000;2026-09-03
ES0113734026;Bankinter Premium Dinámico R FI;Bankinter Premium Dinámico R FI;Bankinter Gestión de Activos SGIIC;Allocation;Aggressive Allocation;Mixtos Agresivos EUR - Global;EUR;España;5;3;1.54;1.35;6.66;11.15;9.2;4.83;2021-07-02;True;False;10000;2026-09-03
LU1431864153;Fidelity Global Multi Asset Dyn ADisEURH;Fidelity Funds - Global Multi Asset Dynamic Fund A-DIST-EUR (EUR/USD hedged);FIL Investment Management (Luxembourg) S.à r.l.;Allocation;Aggressive Allocation;Mixtos Agresivos EUR - Global;EUR;Luxemburgo;5;2;;1.5;11.77;23.02;13.87;3.34;2016-06-30;True;False;;2026-09-03
LU0433182416;First Eagle Amundi International AHE-C;First Eagle Amundi International Fund Class AHE-C Shares;First Eagle Investment Management, LLC;Allocation;Aggressive Allocation;Mixtos Agresivos EUR - Global;EUR;Luxemburgo;5;3;3.01;2;7.81;17.24;13.59;6.68;2009-08-19;True;False;0;2026-09-03
LU0565134938;First Eagle Amundi International AHE-QD;First Eagle Amundi International Fund Class AHE-QD Shares;First Eagle Investment Management, LLC;Allocation;Aggressive Allocation;Mixtos Agresivos EUR - Global;EUR;Luxemburgo;5;3;2.44;2;8.25;17.73;13.75;6.77;2011-06-09;True;False;0;2026-09-03
LU1245471567;FvS Multi Asset Growth ET;Flossbach von Storch - Multi Asset Growth ET;Flossbach von Storch Invest S.A.;Allocation;Aggressive Allocation;Mixtos Agresivos EUR - Global;EUR;Luxemburgo;5;2;2;1.87;2.59;7.62;7.8;3.14;2015-07-13;True;False;0;2026-09-03
LU0119195450;GS Patrimonial Aggr-P Cap EUR;Goldman Sachs Patrimonial Aggressive - P Cap EUR;Goldman Sachs Asset Management B.V.;Allocation;Aggressive Allocation;Mixtos Agresivos EUR - Global;EUR;Luxemburgo;5;4;;1.2;9.01;14.54;11.29;5.96;1994-07-15;True;False;0;2026-09-03
FR0000292302;Lazard Patrimoine Croissance C;Lazard Patrimoine Croissance C;Lazard Frères Gestion;Allocation;Aggressive Allocation;Mixtos Agresivos EUR - Global;EUR;Francia;4;2;;1.5;5.8;7.78;5.09;3.61;1988-05-10;True;False;1;2026-09-03
LU1820809694;Capital Group CIB LUX B;Capital Group CIB LUX B;Capital International Management Company Sàrl;Allocation;Aggressive Allocation;Mixtos Agresivos USD;USD;Luxemburgo;5;3;1.55;1.4;9.9;14.42;14.28;7.32;2018-09-21;True;False;0;2026-09-03
LU1820809421;Capital Group CIB LUX B EUR;Capital Group CIB LUX B EUR;Capital International Management Company Sàrl;Allocation;Aggressive Allocation;Mixtos Agresivos USD;EUR;Luxemburgo;5;3;1.55;1.4;11.42;15.48;11.56;7.79;2018-09-21;True;False;;2026-09-03
LU0261961675;Fidelity Global Multi Asset Dyn A-AccUSD;Fidelity Funds - Global Multi Asset Dynamic Fund A-Acc-USD;FIL Investment Management (Luxembourg) S.à r.l.;Allocation;Aggressive Allocation;Mixtos Agresivos USD;USD;Luxemburgo;5;2;;1.5;13.37;25.63;16.14;5.54;2006-09-25;True;False;6000;2026-09-03
LU0565135745;First Eagle Amundi International AE-C;First Eagle Amundi International Fund Class AE-C Shares;First Eagle Investment Management, LLC;Allocation;Aggressive Allocation;Mixtos Agresivos USD;EUR;Luxemburgo;5;4;4.64;2;10;19.22;12.74;9.29;2010-12-03;True;False;0;2026-09-03
LU0565419693;First Eagle Amundi International AE-QD;First Eagle Amundi International Fund Class AE-QD Shares;First Eagle Investment Management, LLC;Allocation;Aggressive Allocation;Mixtos Agresivos USD;EUR;Luxemburgo;4;4;4.47;2;9.99;19.41;12.8;9.33;2010-12-03;True;False;0;2026-09-03
LU0068578508;First Eagle Amundi International AU-C;First Eagle Amundi International Fund Class AU-C Shares;First Eagle Investment Management, LLC;Allocation;Aggressive Allocation;Mixtos Agresivos USD;USD;Luxemburgo;5;4;4.33;2;8.61;18.33;15.51;8.87;1996-08-12;True;False;;2026-09-03
LU0033035865;UBS (Lux) SF Yield (CHF) P-acc;UBS (Lux) Strategy Fund - Yield (CHF) P-acc;UBS Asset Management (Europe) S.A.;Allocation;Cautious Allocation;Mixtos Defensivos CHF;CHF;Luxemburgo;4;2;1.56;1.15;2.42;4.89;4.08;-0.89;1991-09-10;True;False;;2026-09-03
LU2475579202;A&G Flota Nomad Flexible Allc A Cap;A&G Flota Nomad Flexible Allocation A Cap;A&G Fondos SGIIC;Allocation;Cautious Allocation;Mixtos Defensivos EUR;EUR;Luxemburgo;;3;;1;3.7;7.55;5.72;;2022-10-24;True;False;0;2026-09-03
LU1254136416;Allianz Capital Plus AT EUR;Allianz Global Investors Fund - Allianz Capital Plus AT EUR;Allianz Global Investors GmbH;Allocation;Cautious Allocation;Mixtos Defensivos EUR;EUR;Luxemburgo;4;2;1.15;1.15;1.8;4.61;3.01;-1.07;2015-10-27;True;False;0;2026-09-03
ES0114793039;Bankinter Mixto Renta Fija R FI;Bankinter Mixto Renta Fija R FI;Bankinter Gestión de Activos SGIIC;Allocation;Cautious Allocation;Mixtos Defensivos EUR;EUR;España;4;3;1.52;1.35;3.22;5.97;5.02;2.12;1997-12-01;True;False;1;2026-09-03
ES0115087019;Bankinter Premium Conservador A FI;Bankinter Premium Conservador A FI;Bankinter Gestión de Activos SGIIC;Allocation;Cautious Allocation;Mixtos Defensivos EUR;EUR;España;3;3;1.09;0.95;2.04;3.68;4.79;1.77;2017-09-15;True;False;50000;2026-09-03
ES0115087001;Bankinter Premium Conservador B FI;Bankinter Premium Conservador B FI;Bankinter Gestión de Activos SGIIC;Allocation;Cautious Allocation;Mixtos Defensivos EUR;EUR;España;3;3;0.74;0.6;2.28;4.05;5.17;2.15;2016-07-15;True;False;500000;2026-09-03
ES0115087027;Bankinter Premium Conservador D FI;Bankinter Premium Conservador D FI;Bankinter Gestión de Activos SGIIC;Allocation;Cautious Allocation;Mixtos Defensivos EUR;EUR;España;3;3;1.09;0.95;2.04;3.67;4.79;1.56;2020-06-26;True;False;50000;2026-09-03
ES0115087035;Bankinter Premium Conservador R FI;Bankinter Premium Conservador R FI;Bankinter Gestión de Activos SGIIC;Allocation;Cautious Allocation;Mixtos Defensivos EUR;EUR;España;3;3;1.2;1.05;1.97;3.58;4.68;1.65;2021-07-02;True;False;10000;2026-09-03
ES0113258018;Bankinter Premium Defensivo A FI;Bankinter Premium Defensivo A FI;Bankinter Gestión de Activos SGIIC;Allocation;Cautious Allocation;Mixtos Defensivos EUR;EUR;España;3;3;0.78;0.65;0.98;1.9;3.59;1;2017-09-15;True;False;50000;2026-09-03
ES0113258000;Bankinter Premium Defensivo B FI;Bankinter Premium Defensivo B FI;Bankinter Gestión de Activos SGIIC;Allocation;Cautious Allocation;Mixtos Defensivos EUR;EUR;España;3;2;0.52;0.4;1.15;2.16;3.86;1.3;2016-07-15;True;False;50000;2026-09-03
ES0113258026;Bankinter Premium Defensivo R FI;Bankinter Premium Defensivo R FI;Bankinter Gestión de Activos SGIIC;Allocation;Cautious Allocation;Mixtos Defensivos EUR;EUR;España;3;3;0.88;0.75;0.91;1.8;3.49;0.9;2021-07-02;True;False;10000;2026-09-03
LU1966822956;Cartesio Income R;Cartesio Funds Income R;Cartesio Inversiones SGIIC;Allocation;Cautious Allocation;Mixtos Defensivos EUR;EUR;Luxemburgo;4;5;;1;2.5;4.78;8.23;5.01;2020-01-13;True;False;6000;2026-09-03
LU0284394235;DNCA Invest Eurose A EUR;DNCA Invest Eurose Class A shares EUR;DNCA Finance;Allocation;Cautious Allocation;Mixtos Defensivos EUR;EUR;Luxemburgo;3;5;1.76;1.4;2.2;3.73;5.14;3.78;2007-09-28;True;False;100;2026-09-03
LU0992632538;EdRF Income Europe A EUR;Edmond de Rothschild Fund - Income Europe A EUR;Edmond de Rothschild Asset Management (France);Allocation;Cautious Allocation;Mixtos Defensivos EUR;EUR;Luxemburgo;4;4;1.56;1.3;1.94;2.97;5.69;2.38;2013-12-31;True;False;0;2026-09-03
LU0992632611;EdRF Income Europe B EUR;Edmond de Rothschild Fund - Income Europe B EUR;Edmond de Rothschild Asset Management (France);Allocation;Cautious Allocation;Mixtos Defensivos EUR;EUR;Luxemburgo;4;3;1.56;1.3;1.93;2.96;5.17;2.07;2013-12-31;True;False;0;2026-09-03
LU0794790716;Invesco Pan European Hi Inc A EUR AD;Invesco Funds - Invesco Pan European High Income Fund A Annual Distribution EUR;Invesco Management S.A.;Allocation;Cautious Allocation;Mixtos Defensivos EUR;EUR;Luxemburgo;4;5;;1.25;3.42;6.27;6.62;2.67;2012-06-27;True;False;1000;2026-09-03
LU0243957239;Invesco Pan European Hi Inc A EUR Acc;Invesco Funds - Invesco Pan European High Income Fund A Accumulation EUR;Invesco Management S.A.;Allocation;Cautious Allocation;Mixtos Defensivos EUR;EUR;Luxemburgo;4;5;;1.25;3.42;6.31;6.63;2.68;2006-03-31;True;False;1000;2026-09-03
LU1097692153;Invesco Pan European Hi Inc A EUR MD-1;Invesco Funds - Invesco Pan European High Income Fund A Monthly distribution-1 EUR;Invesco Management S.A.;Allocation;Cautious Allocation;Mixtos Defensivos EUR;EUR;Luxemburgo;4;5;;1.25;3.37;6.31;6.63;2.67;2014-12-10;True;False;1000;2026-09-03
LU0243957312;Invesco Pan European Hi Inc A EUR QD;Invesco Funds - Invesco Pan European High Income Fund A Quarterly Distribution EUR;Invesco Management S.A.;Allocation;Cautious Allocation;Mixtos Defensivos EUR;EUR;Luxemburgo;4;5;;1.25;3.4;6.29;6.63;2.68;2006-03-31;True;False;1000;2026-09-03
FR0010611293;Échiquier Arty SRI A;Échiquier Arty SRI A;La Financière de l'Echiquier;Allocation;Cautious Allocation;Mixtos Defensivos EUR;EUR;Francia;4;4;;1.5;0.84;2.42;4.59;1.29;2008-05-30;True;False;0;2026-09-03
LU0960400249;AXAWF Global Income Gen A Cap EUR;AXA World Funds - Global Income Generation A Capitalisation EUR;BNP PARIBAS ASSET MANAGEMENT Europe;Allocation;Cautious Allocation;Mixtos Defensivos EUR - Global;EUR;Luxemburgo;4;3;1.48;1.25;6.86;9.01;6.5;1.63;2015-09-16;True;False;0;2026-09-03
LU1089088071;Allianz Dyn MltAst Stgy SRI15 A EUR;Allianz Global Investors Fund - Allianz Dynamic Multi Asset Strategy SRI 15 A EUR;Allianz Global Investors GmbH;Allocation;Cautious Allocation;Mixtos Defensivos EUR - Global;EUR;Luxemburgo;4;3;1.15;1.45;2.81;8.67;6.12;1.65;2014-12-04;True;False;0;2026-09-03
LU1548496022;Allianz Dyn MltAst Stgy SRI15 AT EUR;Allianz Global Investors Fund - Allianz Dynamic Multi Asset Strategy SRI 15 AT EUR;Allianz Global Investors GmbH;Allocation;Cautious Allocation;Mixtos Defensivos EUR - Global;EUR;Luxemburgo;4;3;1.15;1.45;2.82;8.68;6.12;1.65;2017-01-30;True;False;0;2026-09-03
LU0398560267;Allianz Strategy 15 CT EUR;Allianz Strategy 15 CT EUR;Allianz Global Investors GmbH;Allocation;Cautious Allocation;Mixtos Defensivos EUR - Global;EUR;Luxemburgo;3;1;1.25;1.4;0.36;2.65;3.23;-1.05;2009-01-26;True;False;0;2026-09-03
LU1883329432;Amundi Fds Global MA Cnsrv A EUR C;Amundi Funds - Global Multi-Asset Conservative A EUR (C);Amundi Luxembourg S.A.;Allocation;Cautious Allocation;Mixtos Defensivos EUR - Global;EUR;Luxemburgo;5;4;1.82;1.25;2.64;5.69;5.89;1.24;2013-05-07;True;False;1;2026-09-03
LU1941681956;Amundi Fds MA Consrv Rspnb A EUR C;Amundi Funds - Multi-Asset Conservative Responsible - A EUR (C);Amundi Luxembourg S.A.;Allocation;Cautious Allocation;Mixtos Defensivos EUR - Global;EUR;Luxemburgo;4;3;1.5;1.2;2.83;3.74;4.39;0.29;2019-04-18;True;False;1;2026-09-03
LU2794620414;Assenagon I Multi Asset Con P2;Assenagon I Multi Asset Conservative (P2);Assenagon Asset Management SA;Allocation;Cautious Allocation;Mixtos Defensivos EUR - Global;EUR;Luxemburgo;4;5;1.92;1.3;5.15;10.02;9.99;4.84;2024-05-14;True;False;0;2026-09-03
ES0158988008;Bankinter Ethos A FI;Bankinter Ethos A FI;Bankinter Gestión de Activos SGIIC;Allocation;Cautious Allocation;Mixtos Defensivos EUR - Global;EUR;España;3;4;0.89;0.75;2.33;4.57;5.53;2.42;2021-03-26;True;False;200000;2026-09-03
ES0158988032;Bankinter Ethos R FI;Bankinter Ethos R FI;Bankinter Gestión de Activos SGIIC;Allocation;Cautious Allocation;Mixtos Defensivos EUR - Global;EUR;España;3;4;1.14;1;2.16;4.3;5.26;2.16;2021-03-26;True;False;10;2026-09-03
LU1496042869;Bankinter IFS Multifunds Cnsrv A Acc;Bankinter International Fund SICAV - Multifunds Conservative A Acc;Bankinter Luxembourg S.A.;Allocation;Cautious Allocation;Mixtos Defensivos EUR - Global;EUR;Luxemburgo;3;3;;0.05;2.09;3.51;4.44;1.45;2017-03-06;True;False;;2026-09-03
LU1496042943;Bankinter IFS Multifunds Cnsrv B Acc;Bankinter International Fund SICAV - Multifunds Conservative B Acc;Bankinter Luxembourg S.A.;Allocation;Cautious Allocation;Mixtos Defensivos EUR - Global;EUR;Luxemburgo;3;3;;0.05;2.28;3.81;4.73;1.74;2017-03-07;True;False;;2026-09-03
ES0113500013;Bankinter Platea Conservador A FI;Bankinter Platea Conservador A FI;Bankinter Gestión de Activos SGIIC;Allocation;Cautious Allocation;Mixtos Defensivos EUR - Global;EUR;España;3;3;2.18;0.9;2.03;3.48;4.61;1.7;2017-09-29;True;False;50000;2026-09-03
ES0113500005;Bankinter Platea Conservador B FI;Bankinter Platea Conservador B FI;Bankinter Gestión de Activos SGIIC;Allocation;Cautious Allocation;Mixtos Defensivos EUR - Global;EUR;España;3;3;1.88;0.75;2.12;3.63;4.76;1.85;2015-11-20;True;False;200000;2026-09-03
ES0113500039;Bankinter Platea Conservador D FI;Bankinter Platea Conservador D FI;Bankinter Gestión de Activos SGIIC;Allocation;Cautious Allocation;Mixtos Defensivos EUR - Global;EUR;España;3;3;1.52;1.1;2.06;3.54;4.67;1.43;2020-10-30;True;False;10;2026-09-03
ES0113500021;Bankinter Platea Conservador R FI;Bankinter Platea Conservador R FI;Bankinter Gestión de Activos SGIIC;Allocation;Cautious Allocation;Mixtos Defensivos EUR - Global;EUR;España;3;3;1.52;1.1;2.06;3.55;4.68;1.64;2020-03-17;True;False;10;2026-09-03
ES0135704015;Bankinter Platea Defensivo A FI;Bankinter Platea Defensivo A FI;Bankinter Gestión de Activos SGIIC;Allocation;Cautious Allocation;Mixtos Defensivos EUR - Global;EUR;España;3;3;0.97;0.65;0.98;1.81;3.55;0.86;2017-09-29;True;False;50000;2026-09-03
ES0135704007;Bankinter Platea Defensivo B FI;Bankinter Platea Defensivo B FI;Bankinter Gestión de Activos SGIIC;Allocation;Cautious Allocation;Mixtos Defensivos EUR - Global;EUR;España;3;2;0.82;0.5;1.08;1.96;3.71;1.01;2015-11-20;True;False;200000;2026-09-03
ES0135704023;Bankinter Platea Defensivo R FI;Bankinter Platea Defensivo R FI;Bankinter Gestión de Activos SGIIC;Allocation;Cautious Allocation;Mixtos Defensivos EUR - Global;EUR;España;3;3;1.11;0.75;0.91;1.71;3.43;0.73;2020-03-17;True;False;10;2026-09-03
LU2075344551;DIP Lift Income R1 EUR Acc;DIP - Lift Income R1 EUR Acc;A&G Fondos SGIIC;Allocation;Cautious Allocation;Mixtos Defensivos EUR - Global;EUR;Luxemburgo;5;3;;1.25;2.95;5.77;3.17;1.99;2020-11-05;True;False;0;2026-09-03
LU2075344635;DIP Lift Income R2 EUR Inc;DIP - Lift Income R2 EUR Inc;A&G Fondos SGIIC;Allocation;Cautious Allocation;Mixtos Defensivos EUR - Global;EUR;Luxemburgo;5;2;;1.25;0.9;3.67;2.48;1.58;2023-12-21;True;False;0;2026-09-03
LU0087412390;DWS Concept DJE Alpha Renten Global LC;DWS Concept DJE Alpha Renten Global LC;DWS Investment S.A.;Allocation;Cautious Allocation;Mixtos Defensivos EUR - Global;EUR;Luxemburgo;3;4;;1.35;2.04;3.98;4.98;1.77;1998-04-30;True;False;1;2026-09-03
LU0136412771;Ethna-AKTIV A;Ethna-AKTIV A;ETHENEA Independent Investors S.A.;Allocation;Cautious Allocation;Mixtos Defensivos EUR - Global;EUR;Luxemburgo;4;5;2.6;1.65;4.31;9.64;6.58;4.17;2002-02-15;True;False;0;2026-09-03
LU0431139764;Ethna-AKTIV T;Ethna-AKTIV T;ETHENEA Independent Investors S.A.;Allocation;Cautious Allocation;Mixtos Defensivos EUR - Global;EUR;Luxemburgo;4;5;2.99;1.65;4.32;9.65;6.58;4.17;2009-07-17;True;False;0;2026-09-03
LU0393653166;Fidelity Glb MA Dfsv A-Acc-EUR;Fidelity Funds - Global Multi Asset Defensive Fund A-Acc-EUR;FIL Investment Management (Luxembourg) S.à r.l.;Allocation;Cautious Allocation;Mixtos Defensivos EUR - Global;EUR;Luxemburgo;4;2;;0.9;3.18;7.56;5.89;0.22;2009-01-19;True;False;;2026-09-03
LU0413543991;Fidelity Glb MA Dfsv A-Dis-EUR;Fidelity Funds - Global Multi Asset Defensive Fund A-DIST-EUR;FIL Investment Management (Luxembourg) S.à r.l.;Allocation;Cautious Allocation;Mixtos Defensivos EUR - Global;EUR;Luxemburgo;4;2;;1.5;3.16;7.6;5.9;0.24;2009-09-18;True;False;;2026-09-03
LU1245470593;FvS Multi Asset Defensive ET;Flossbach von Storch - Multi Asset Defensive ET;Flossbach von Storch Invest S.A.;Allocation;Cautious Allocation;Mixtos Defensivos EUR - Global;EUR;Luxemburgo;4;3;2.02;1.87;0.5;3.24;4.79;1.27;2015-07-10;True;False;0;2026-09-03
LU0119196938;GS Patrimonial Def-P Cap EUR;Goldman Sachs Patrimonial Defensive - P Cap EUR;Goldman Sachs Asset Management B.V.;Allocation;Cautious Allocation;Mixtos Defensivos EUR - Global;EUR;Luxemburgo;4;2;;1.2;1.83;3.92;4.84;-0.11;1994-07-15;True;False;0;2026-09-03
LU0701293705;Incometric Heed Patrimonio A1;Incometric Fund Heed Patrimonio A1;Heed Capital SGOIC SA;Allocation;Cautious Allocation;Mixtos Defensivos EUR - Global;EUR;Luxemburgo;5;5;;1.5;3.72;9.44;10.38;2.98;2012-09-20;True;False;5000;2026-09-03
LU1458463079;JPM Global Income Cnsrv A acc EUR;JPMorgan Investment Funds - Global Income Conservative Fund A (acc) EUR;JPMorgan Asset Management (Europe) S.à r.l.;Allocation;Cautious Allocation;Mixtos Defensivos EUR - Global;EUR;Luxemburgo;4;2;1.43;1.25;1.87;4.6;5.6;0.3;2016-10-12;True;False;35000;2026-09-03
LU1458463152;JPM Global Income Cnsrv A dist EUR;JPMorgan Investment Funds - Global Income Conservative Fund A (dist) EUR;JPMorgan Asset Management (Europe) S.à r.l.;Allocation;Cautious Allocation;Mixtos Defensivos EUR - Global;EUR;Luxemburgo;4;2;1.43;1.25;1.87;4.59;5.6;0.3;2016-10-12;True;False;35000;2026-09-03
LU1458463236;JPM Global Income Cnsrv A div EUR;JPMorgan Investment Funds - Global Income Conservative Fund A (div) EUR;JPMorgan Asset Management (Europe) S.à r.l.;Allocation;Cautious Allocation;Mixtos Defensivos EUR - Global;EUR;Luxemburgo;4;2;1.43;1.25;1.86;4.59;5.6;0.31;2016-10-12;True;False;35000;2026-09-03
LU1458464713;JPM Global Income Cnsrv D acc EUR;JPMorgan Investment Funds - Global Income Conservative Fund D (acc) EUR;JPMorgan Asset Management (Europe) S.à r.l.;Allocation;Cautious Allocation;Mixtos Defensivos EUR - Global;EUR;Luxemburgo;4;2;1.78;1.25;1.63;4.23;5.23;-0.05;2016-10-12;True;False;5000;2026-09-03
LU1458464804;JPM Global Income Cnsrv D div EUR;JPMorgan Investment Funds - Global Income Conservative Fund D (div) EUR;JPMorgan Asset Management (Europe) S.à r.l.;Allocation;Cautious Allocation;Mixtos Defensivos EUR - Global;EUR;Luxemburgo;4;2;1.78;1.25;1.63;4.23;5.23;-0.04;2016-11-10;True;False;5000;2026-09-03
FR0012355139;Lazard Patrimoine SRI RC EUR;Lazard Patrimoine SRI RC EUR;Lazard Frères Gestion;Allocation;Cautious Allocation;Mixtos Defensivos EUR - Global;EUR;Francia;3;3;;1.42;-0.08;1.16;1.97;0.45;2014-12-31;True;False;1;2026-09-03
LU0566417423;March Intl Torrenova Lux A-EUR;March International Torrenova Lux Class A-EUR;March Asset Management SGIIC;Allocation;Cautious Allocation;Mixtos Defensivos EUR - Global;EUR;Luxemburgo;3;2;;1.25;2.04;4.06;3.76;1.48;2010-12-01;True;False;0;2026-09-03
LU1570387610;Ninety One GSF Glb Mang Inc A Acc EUR H;Ninety One Global Strategy Fund - Global Managed Income Fund A Acc EUR Hedged(Reference);Ninety One Luxembourg S.A.;Allocation;Cautious Allocation;Mixtos Defensivos EUR - Global;EUR;Luxemburgo;4;2;;1.15;1.4;2.4;3.34;0.31;2017-02-28;True;False;3000;2026-09-03
LU1328179103;Ninety One GSF Glb Mang Inc A Inc-2 EURH;Ninety One Global Strategy Fund - Global Managed Income Fund A Inc-2 EUR Hedged(Reference);Ninety One Luxembourg S.A.;Allocation;Cautious Allocation;Mixtos Defensivos EUR - Global;EUR;Luxemburgo;3;2;;1.15;1.5;2.44;3.35;0.31;2015-12-17;True;False;3000;2026-09-03
LU0634509953;Nordea 1 - Balanced Income Fd BP EUR;Nordea 1 - Balanced Income Fund BP EUR;Nordea Investment Funds SA;Allocation;Cautious Allocation;Mixtos Defensivos EUR - Global;EUR;Luxemburgo;2;1;1.45;1.2;0.09;0.94;2.65;-1.02;2012-02-22;True;False;0;2026-09-03
DE000A2JJ1W5;Oddo BHF Polaris Moderate CR EUR;Oddo BHF Polaris Moderate CR EUR;ODDO BHF Asset Management GmbH;Allocation;Cautious Allocation;Mixtos Defensivos EUR - Global;EUR;Alemania;4;3;1.19;1.5;0.8;2.67;4.42;1.58;2018-10-01;True;False;100;2026-09-03
IE00BG800Y73;PIMCO GIS Strategic Inc E EURH Acc;PIMCO GIS Strategic Income Fund E Class EUR (Hedged) Accumulation;PIMCO Global Advisors (Ireland) Limited;Allocation;Cautious Allocation;Mixtos Defensivos EUR - Global;EUR;Irlanda;4;5;;1.69;4.5;7.88;8.32;3.49;2013-12-16;True;False;1000;2026-09-03
IE00BG800X66;PIMCO GIS Strategic Inc E EURH IncII;PIMCO GIS Strategic Income Fund E Class EUR (Hedged) Income II;PIMCO Global Advisors (Ireland) Limited;Allocation;Cautious Allocation;Mixtos Defensivos EUR - Global;EUR;Irlanda;4;5;;1.69;4.52;7.88;8.33;3.49;2013-12-16;True;False;;2026-09-03
LU0941349192;Pictet-Multi Asset Global Opps P EUR;Pictet-Multi Asset Global Opportunities P EUR;Pictet Asset Management (Europe) SA;Allocation;Cautious Allocation;Mixtos Defensivos EUR - Global;EUR;Luxemburgo;4;4;1.2;1.35;2.65;5.52;7.41;2.43;2013-08-21;True;False;0;2026-09-03
IE00BDZS0L05;Pyrford Glbl Tot Ret(Sterling)W EUR HAcc;Pyrford Global Total Return (Sterling) Fund Class W EUR Hedged Accumulating;Pyrford International Ltd;Allocation;Cautious Allocation;Mixtos Defensivos EUR - Global;EUR;Irlanda;4;4;;1.5;2.4;4.26;4.56;2.27;2018-02-01;True;False;50;2026-09-03
LU0776414087;Schroder ISF Glbl MA Bal A Acc EUR;Schroder International Selection Fund Global Multi-Asset Balanced A Accumulation EUR;Schroder Investment Management (Europe) S.A.;Allocation;Cautious Allocation;Mixtos Defensivos EUR - Global;EUR;Luxemburgo;4;5;1.55;1.25;8.03;12.79;10.12;4.2;2012-07-02;True;False;1000;2026-09-03
LU0776414756;Schroder ISF Glbl MA Bal A Dis Q;Schroder International Selection Fund Global Multi-Asset Balanced A Distribution EUR Q;Schroder Investment Management (Europe) S.A.;Allocation;Cautious Allocation;Mixtos Defensivos EUR - Global;EUR;Luxemburgo;4;5;1.55;1.25;8.03;12.79;10.12;4.2;2012-07-02;True;False;1000;2026-09-03
LU0757360457;Schroder ISF Glbl MA Inc A Acc EUR H;Schroder International Selection Fund Global Multi-Asset Income A Accumulation EUR Hedged;Schroder Investment Management (Europe) S.A.;Allocation;Cautious Allocation;Mixtos Defensivos EUR - Global;EUR;Luxemburgo;4;3;1.59;1.25;4.9;9.66;8.34;2.24;2012-04-18;True;False;1000;2026-09-03
LU0757360960;Schroder ISF Glbl MA Inc A Dis EUR H QV;Schroder International Selection Fund Global Multi-Asset Income A Distribution EUR Hedged QV;Schroder Investment Management (Europe) S.A.;Allocation;Cautious Allocation;Mixtos Defensivos EUR - Global;EUR;Luxemburgo;4;3;1.59;1.25;4.9;9.64;8.33;2.24;2012-04-18;True;False;1000;2026-09-03
LU0033040782;UBS (Lux) SF Yield (EUR) P-acc;UBS (Lux) Strategy Fund - Yield (EUR) P-acc;UBS Asset Management (Europe) S.A.;Allocation;Cautious Allocation;Mixtos Defensivos EUR - Global;EUR;Luxemburgo;4;3;1.58;1.15;3.87;6.94;6.57;0.94;1991-09-10;True;False;3000000;2026-09-03
LU1646954765;abrdn-Diversified Income A Acc HEUR;abrdn SICAV I - Diversified Income Fund A Acc Hedged EUR;abrdn Investments Luxembourg S.A.;Allocation;Cautious Allocation;Mixtos Defensivos EUR - Global;EUR;Luxemburgo;4;4;;1.2;4.29;6.15;6.25;2.36;2017-08-03;True;False;1000;2026-09-03
LU1239090977;abrdn-Diversified Income A Grs MInc HEUR;abrdn SICAV I - Diversified Income Fund A Gross MInc Hedged EUR;abrdn Investments Luxembourg S.A.;Allocation;Cautious Allocation;Mixtos Defensivos EUR - Global;EUR;Luxemburgo;4;4;;1.2;4.32;6.14;6.25;2.35;2015-10-14;True;False;;2026-09-03
LU1883330521;Amundi Fds Glb MA Trg Inc A2 EUR C;Amundi Funds - Global Multi-Asset Target Income A2 EUR (C);Amundi Luxembourg S.A.;Allocation;Cautious Allocation;Mixtos Defensivos USD;EUR;Luxemburgo;4;4;1.95;1.5;6.09;11.69;7.17;4.96;2013-05-02;True;False;1;2026-09-03
LU1883330950;Amundi Fds Glb MA Trg Inc A2 EUR QTI D;Amundi Funds - Global Multi-Asset Target Income A2 EUR QTI (D);Amundi Luxembourg S.A.;Allocation;Cautious Allocation;Mixtos Defensivos USD;EUR;Luxemburgo;4;4;1.95;1.5;6.07;11.68;7.17;4.95;2019-06-11;True;False;0;2026-09-03
LU0553828673;Barclays MultiManager Port 1 A Acc USD;Barclays Portfolios SICAV - Barclays MultiManager Portfolio 1 A Acc USD;Barclays Investment Solutions Limited;Allocation;Cautious Allocation;Mixtos Defensivos USD;USD;Luxemburgo;3;3;;0.6;3.04;5.04;6.11;2.2;2011-01-10;True;False;;2026-09-03
LU1075211430;Invesco Pan European Hi Inc A USDH Acc;Invesco Funds - Invesco Pan European High Income Fund A (USD Hedged) Accumulation USD;Invesco Management S.A.;Allocation;Cautious Allocation;Mixtos Defensivos USD;USD;Luxemburgo;4;5;;1.25;4.61;8.29;8.58;4.71;2014-07-23;True;False;1500;2026-09-03
LU1910254660;Ninety One GSF Glb Mang Inc A Acc EUR;Ninety One Global Strategy Fund - Global Managed Income Fund A Acc EUR;Ninety One Luxembourg S.A.;Allocation;Cautious Allocation;Mixtos Defensivos USD;EUR;Luxemburgo;4;3;;1.15;3.91;5.51;2.91;2.86;2018-11-30;True;False;3000;2026-09-03
LU0972617095;Ninety One GSF Glb Mang Inc A Acc USD;Ninety One Global Strategy Fund - Global Managed Income Fund A Acc USD;Ninety One Luxembourg S.A.;Allocation;Cautious Allocation;Mixtos Defensivos USD;USD;Luxemburgo;3;3;;1.15;2.59;4.46;5.41;2.41;2013-09-27;True;False;3000;2026-09-03
LU1910254744;Ninety One GSF Glb Mang Inc A Inc EUR;Ninety One Global Strategy Fund - Global Managed Income Fund A Inc-2 EUR;Ninety One Luxembourg S.A.;Allocation;Cautious Allocation;Mixtos Defensivos USD;EUR;Luxemburgo;4;3;;1.15;4.23;5.54;2.93;2.87;2018-11-30;True;False;3000;2026-09-03
IE00BG800R07;PIMCO GIS Strategic Inc E USD Acc;PIMCO GIS Strategic Income Fund E Class USD Accumulation;PIMCO Global Advisors (Ireland) Limited;Allocation;Cautious Allocation;Mixtos Defensivos USD;USD;Irlanda;4;5;;1.69;5.54;9.6;10.24;5.23;2013-12-16;True;False;1000;2026-09-03
IE00BG800Q99;PIMCO GIS Strategic Inc E USD Inc;PIMCO GIS Strategic Income Fund E Class USD Income II;PIMCO Global Advisors (Ireland) Limited;Allocation;Cautious Allocation;Mixtos Defensivos USD;USD;Irlanda;4;5;;1.69;5.51;9.55;10.25;5.22;2013-12-16;True;False;1000;2026-09-03
LU0757359368;Schroder ISF Glbl MA Inc A Acc USD;Schroder International Selection Fund Global Multi-Asset Income A Accumulation USD;Schroder Investment Management (Europe) S.A.;Allocation;Cautious Allocation;Mixtos Defensivos USD;USD;Luxemburgo;4;4;7.97;1.25;6.24;11.96;10.52;4.4;2012-04-18;True;False;1000;2026-09-03
LU0757359954;Schroder ISF Glbl MA Inc A Dis $ MF;Schroder International Selection Fund Global Multi-Asset Income A Distribution USD MF;Schroder Investment Management (Europe) S.A.;Allocation;Cautious Allocation;Mixtos Defensivos USD;USD;Luxemburgo;4;4;1.55;1.25;6.24;11.96;10.52;4.4;2012-04-18;True;False;1000;2026-09-03
LU1417001382;UBS (Lux) SF Yield $ P-4%-mdist;UBS (Lux) Strategy Fund - Yield (USD) P-4%-mdist;UBS Asset Management (Europe) S.A.;Allocation;Cautious Allocation;Mixtos Defensivos USD;USD;Luxemburgo;4;3;1.57;1.15;4.87;8.63;8.54;2.74;2016-06-01;True;False;30000000;2026-09-03
LU0033043885;UBS (Lux) SF Yield $ P-acc;UBS (Lux) Strategy Fund - Yield (USD) P-acc;UBS Asset Management (Europe) S.A.;Allocation;Cautious Allocation;Mixtos Defensivos USD;USD;Luxemburgo;4;3;1.57;1.15;4.87;8.63;8.54;2.75;1991-09-10;True;False;5000000;2026-09-03
LU0033041590;UBS (Lux) SF Yield $ P-dist;UBS (Lux) Strategy Fund - Yield (USD) P-dist;UBS Asset Management (Europe) S.A.;Allocation;Cautious Allocation;Mixtos Defensivos USD;USD;Luxemburgo;4;3;1.57;1.15;4.88;8.63;8.54;2.74;1991-09-10;True;False;;2026-09-03
LU1124235240;abrdn-Diversified Income A Grs MInc EUR;abrdn SICAV I - Diversified Income Fund A Gross MInc EUR;abrdn Investments Luxembourg S.A.;Allocation;Cautious Allocation;Mixtos Defensivos USD;EUR;Luxemburgo;4;4;;1.2;7.16;8.76;5.78;4.76;2015-06-01;True;False;1000;2026-09-03
LU1124234862;abrdn-Diversified Income A Grs MInc USD;abrdn SICAV I - Diversified Income Fund A Gross MInc USD;abrdn Investments Luxembourg S.A.;Allocation;Cautious Allocation;Mixtos Defensivos USD;USD;Luxemburgo;4;5;;1.2;5.56;8.2;8.1;4.26;2015-06-01;True;False;500;2026-09-03
LU2748242042;Acacia Renta Dinamica R EUR Acc;Athenee FCP Acacia Renta Dinamica R EUR Accumulated;Andbank Asset Management Luxembourg;Allocation;Flexible Allocation;Mixtos Flexibles EUR;EUR;Luxemburgo;;;;;1.89;2.97;;;2024-02-12;True;False;0;2026-09-03
LU1966822527;Cartesio Equity R;Cartesio Funds Equity R;Cartesio Inversiones SGIIC;Allocation;Flexible Allocation;Mixtos Flexibles EUR;EUR;Luxemburgo;6;5;;1.55;11.26;18.73;16.84;10.49;2020-01-13;True;False;6000;2026-09-03
LU1097688045;Invesco Balanced-Risk Select A EUR Acc;Invesco Funds - Invesco Balanced-Risk Select Fund A Accumulation EUR;Invesco Management S.A.;Allocation;Flexible Allocation;Mixtos Flexibles EUR;EUR;Luxemburgo;5;3;;1.25;15.64;20.97;9.15;1.18;2014-08-20;True;False;1000;2026-09-03
FR0010738120;Sycomore Partners P;Sycomore Partners P;Sycomore Asset Management;Allocation;Flexible Allocation;Mixtos Flexibles EUR;EUR;Francia;4;2;1.49;1.5;4.54;7.76;3.3;1.34;2009-03-30;True;False;0;2026-09-03
LU0465917044;AXAWF Global Optimal Income A Cap EUR;AXA World Funds - Global Optimal Income A Capitalisation EUR;BNP PARIBAS ASSET MANAGEMENT Europe;Allocation;Flexible Allocation;Mixtos Flexibles EUR - Global;EUR;Luxemburgo;5;3;1.43;1.2;5.99;13.88;12.18;3.33;2013-03-08;True;False;0;2026-09-03
LU0465917127;AXAWF Global Optimal Income A Dis gr EUR;AXA World Funds - Global Optimal Income A Distribution gr EUR;BNP PARIBAS ASSET MANAGEMENT Europe;Allocation;Flexible Allocation;Mixtos Flexibles EUR - Global;EUR;Luxemburgo;5;3;1.43;1.2;5.99;13.88;12.18;3.33;2014-02-10;True;False;0;2026-09-03
LU0465917390;AXAWF Global Optimal Income E Cap EUR;AXA World Funds - Global Optimal Income E Capitalisation EUR;BNP PARIBAS ASSET MANAGEMENT Europe;Allocation;Flexible Allocation;Mixtos Flexibles EUR - Global;EUR;Luxemburgo;5;3;1.93;1.2;5.63;13.31;11.62;2.81;2013-03-08;True;False;0;2026-09-03
DE000A0X7541;Acatis Value Event Fonds A;Acatis Value Event Fonds A;ACATIS Investment Kapitalverwaltungsgesellschaft mbH;Allocation;Flexible Allocation;Mixtos Flexibles EUR - Global;EUR;Alemania;5;3;1.8;1.8;0.08;0.7;3.39;2.38;2008-12-15;True;False;0;2026-09-03
DE000A1T73W9;Acatis Value Event Fonds C;Acatis Value Event Fonds C;ACATIS Investment Kapitalverwaltungsgesellschaft mbH;Allocation;Flexible Allocation;Mixtos Flexibles EUR - Global;EUR;Alemania;5;3;1.8;1.8;0.07;0.69;3.39;2.37;2013-07-10;True;False;0;2026-09-03
LU1883340595;Amundi Fds Pio Flexible Opps A EUR H C;Amundi Funds - Pioneer Flexible Opportunities A EUR Hgd (C);Amundi Luxembourg S.A.;Allocation;Flexible Allocation;Mixtos Flexibles EUR - Global;EUR;Luxemburgo;6;3;2.65;1.5;6.93;11.11;14.96;3.78;2011-11-30;True;False;1;2026-09-03
LU0211340665;BL-Global Flexible EUR B;BL-Global Flexible EUR B EUR Acc;BLI - Banque de Luxembourg Investments SA;Allocation;Flexible Allocation;Mixtos Flexibles EUR - Global;EUR;Luxemburgo;4;3;1.43;1.25;8.76;16.15;9.18;3.35;2005-06-04;True;False;0;2026-09-03
IE00B4Z6HC18;BNY Mellon Glbl Rl Ret (EUR) A Acc;BNY Mellon Global Real Return Fund (EUR) A Acc;BNY Mellon Fund Management (Lux) S.A.;Allocation;Flexible Allocation;Mixtos Flexibles EUR - Global;EUR;Irlanda;4;2;;1.5;5.93;11.24;8.52;1.89;2010-03-08;True;False;5000;2026-09-03
IE00BBPRD471;BNY Mellon Glbl Rl Ret (EUR) A Inc;BNY Mellon Global Real Return Fund (EUR) A Inc;BNY Mellon Fund Management (Lux) S.A.;Allocation;Flexible Allocation;Mixtos Flexibles EUR - Global;EUR;Irlanda;4;2;;1.5;5.94;11.24;8.51;1.89;2013-08-02;True;False;5000;2026-09-03
LU1496043081;Bankinter IFS Multifunds Dynam A Acc;Bankinter International Fund SICAV - Multifunds Dynam A Acc;Bankinter Luxembourg S.A.;Allocation;Flexible Allocation;Mixtos Flexibles EUR - Global;EUR;Luxemburgo;4;3;;0.05;5.64;9.32;8.5;3.98;2017-03-06;True;False;;2026-09-03
LU1496043164;Bankinter IFS Multifunds Dynam B Acc;Bankinter International Fund SICAV - Multifunds Dynam B Acc;Bankinter Luxembourg S.A.;Allocation;Flexible Allocation;Mixtos Flexibles EUR - Global;EUR;Luxemburgo;5;4;;0.05;5.95;9.8;8.96;4.42;2017-03-06;True;False;;2026-09-03
ES0115086011;Bankinter Platea Dinámico A FI;Bankinter Platea Dinámico A FI;Bankinter Gestión de Activos SGIIC;Allocation;Flexible Allocation;Mixtos Flexibles EUR - Global;EUR;España;5;4;2.56;1.25;6.05;9.89;8.8;4.6;2017-09-29;True;False;50000;2026-09-03
ES0115086003;Bankinter Platea Dinámico B FI;Bankinter Platea Dinámico B FI;Bankinter Gestión de Activos SGIIC;Allocation;Flexible Allocation;Mixtos Flexibles EUR - Global;EUR;España;5;4;2.33;1.1;6.18;10.07;9;4.78;2015-11-20;True;False;200000;2026-09-03
ES0115086029;Bankinter Platea Dinámico R FI;Bankinter Platea Dinámico R FI;Bankinter Gestión de Activos SGIIC;Allocation;Flexible Allocation;Mixtos Flexibles EUR - Global;EUR;España;5;4;1.86;1.35;6.49;10.62;9.31;4.86;2020-03-17;True;False;10;2026-09-03
LU0494761835;Bellevue Global Macro B EUR;Bellevue Funds (Lux) - Bellevue Global Macro B EUR;Bellevue Asset Management Ltd.;Allocation;Flexible Allocation;Mixtos Flexibles EUR - Global;EUR;Luxemburgo;4;;1.91;1.4;-1.06;0.71;;;2010-03-31;True;False;0;2026-09-03
LU2278574715;Buy & Hold Luxembourg Flexible Class 2;Buy & Hold Luxembourg B&H Flexible Class 2;Buy & Hold Capital SGIIC;Allocation;Flexible Allocation;Mixtos Flexibles EUR - Global;EUR;Luxemburgo;3;3;;1.45;2.12;3.46;6.09;2.8;2021-04-15;True;False;1;2026-09-03
LU2715954504;Carmignac Pf Inflation Solu A EUR Acc;Carmignac Portfolio Inflation Solution A EUR Acc;Carmignac Gestion Luxembourg S.A.;Allocation;Flexible Allocation;Mixtos Flexibles EUR - Global;EUR;Luxemburgo;4;;1.82;2;5.49;6.3;;;2023-12-15;True;False;0;2026-09-03
LU0159550747;DJE - Multi Asset & Trends I (EUR);DJE - Multi Asset & Trends I (EUR);DJE Investment SA;Allocation;Flexible Allocation;Mixtos Flexibles EUR - Global;EUR;Luxemburgo;5;5;1.69;1.2;5.58;10.7;10.36;4.96;2003-01-27;True;False;75000;2026-09-03
LU0599946893;DWS Concept Kaldemorgen EUR LC;DWS Concept Kaldemorgen EUR LC;DWS Investment S.A.;Allocation;Flexible Allocation;Mixtos Flexibles EUR - Global;EUR;Luxemburgo;4;3;1.54;1.5;3.36;7.72;5.17;3.26;2011-05-02;True;False;0;2026-09-03
LU0599946976;DWS Concept Kaldemorgen EUR LD;DWS Concept Kaldemorgen EUR LD;DWS Investment S.A.;Allocation;Flexible Allocation;Mixtos Flexibles EUR - Global;EUR;Luxemburgo;4;3;1.54;1.5;3.37;7.72;5.18;3.26;2011-05-02;True;False;0;2026-09-03
LU0497415702;Eurizon Flexible Equity Strat R EUR Acc;Eurizon Fund - Flexible Equity Strategy Class Unit R EUR Accumulation;Eurizon Capital SGR SpA - Luxembourg Branch;Allocation;Flexible Allocation;Mixtos Flexibles EUR - Global;EUR;Luxemburgo;6;3;2.85;1.8;6.11;8.35;7.1;2.95;2010-07-09;True;False;500;2026-09-03
LU1431865044;Fidelity Multi Asst Dyn Infl A-Acc-EUR H;Fidelity Funds - Multi Asset Dynamic Inflation Fund A-Acc-EUR (EUR/USD hedged);FIL Investment Management (Luxembourg) S.à r.l.;Allocation;Flexible Allocation;Mixtos Flexibles EUR - Global;EUR;Luxemburgo;4;2;;1.5;4.84;15.63;10.21;1.98;2016-06-30;True;False;;2026-09-03
LU1038809395;FvS Multiple Opportunities II RT;Flossbach von Storch - Multiple Opportunities II RT;Flossbach von Storch Invest S.A.;Allocation;Flexible Allocation;Mixtos Flexibles EUR - Global;EUR;Luxemburgo;5;3;1.66;1.47;1.33;4.33;4.53;1.83;2014-04-03;True;False;0;2026-09-03
LU0482498176;Invesco Balanced-Risk Allc A EUR AD;Invesco Funds - Invesco Balanced-Risk Allocation Fund A Annual Distribution EUR;Invesco Management S.A.;Allocation;Flexible Allocation;Mixtos Flexibles EUR - Global;EUR;Luxemburgo;5;2;;1.25;15.47;19.89;7.78;0.85;2010-04-28;True;False;1000;2026-09-03
LU0432616737;Invesco Balanced-Risk Allc A EUR Acc;Invesco Funds - Invesco Balanced-Risk Allocation Fund A Accumulation EUR;Invesco Management S.A.;Allocation;Flexible Allocation;Mixtos Flexibles EUR - Global;EUR;Luxemburgo;5;2;;1.25;15.49;19.91;7.78;0.85;2009-09-01;True;False;1000;2026-09-03
LU2386306141;Isatis Investment Technology B4;Isatis Investment Technology B4;Funds Avenue;Allocation;Flexible Allocation;Mixtos Flexibles EUR - Global;EUR;Luxemburgo;6;5;;2;15.01;12.38;17.27;;2023-01-17;True;False;250000;2026-09-03
LU2874078400;Isatis Investment Technology B6;Isatis Investment Technology B6;Funds Avenue;Allocation;Flexible Allocation;Mixtos Flexibles EUR - Global;EUR;Luxemburgo;;;;2.5;13.54;10.93;;;2024-12-03;True;False;10;2026-09-03
LU2971739102;Isatis Investment Technology B7;Isatis Investment Technology B7;Funds Avenue;Allocation;Flexible Allocation;Mixtos Flexibles EUR - Global;USD;Luxemburgo;;;;2;;;;;2026-03-30;True;False;20000;2026-09-03
LU1582988058;M&G (Lux) Dynamic Allocation A EUR Acc;M&G (Lux) Dynamic Allocation Fund EUR A Acc;M&G Luxembourg S.A.;Allocation;Flexible Allocation;Mixtos Flexibles EUR - Global;EUR;Luxemburgo;5;3;1.95;1.75;4.19;10.33;7.81;4.51;2018-01-16;True;False;1000;2026-09-03
LU1582988132;M&G (Lux) Dynamic Allocation A EUR Inc;M&G (Lux) Dynamic Allocation Fund EUR A Inc;M&G Luxembourg S.A.;Allocation;Flexible Allocation;Mixtos Flexibles EUR - Global;EUR;Luxemburgo;5;3;1.95;1.75;4.19;10.33;7.81;4.51;2018-01-16;True;False;1000;2026-09-03
LU0694238501;MS INVF Global Bal Rsk Contr FOF A;Morgan Stanley Investment Funds - Global Balanced Risk Control Fund of Funds A;MSIM Fund Management (Ireland) Limited;Allocation;Flexible Allocation;Mixtos Flexibles EUR - Global;EUR;Luxemburgo;4;2;2.34;2;4.37;7.48;7.12;1.62;2011-11-02;True;False;0;2026-09-03
LU1860979399;Pareturn Varianza Cervino WldInvms RBEUR;Pareturn Varianza Cervino World Investments P-B EUR Cap;Varianza Gestión SGIIC;Allocation;Flexible Allocation;Mixtos Flexibles EUR - Global;EUR;Luxemburgo;5;4;;1.5;9.81;18.23;9.92;5.6;2018-10-19;True;False;;2026-09-03
FR0011253624;R-co Valor C EUR;R-co Valor C EUR;Rothschild & Co Asset Management;Allocation;Flexible Allocation;Mixtos Flexibles EUR - Global;EUR;Francia;4;5;1.54;1.58;-2.22;3.96;10.45;6.62;1994-04-08;True;False;0;2026-09-03
FR0011261189;R-co Valor D EUR;R-co Valor D EUR;Rothschild & Co Asset Management;Allocation;Flexible Allocation;Mixtos Flexibles EUR - Global;EUR;Francia;4;5;1.54;1.58;-2.22;3.96;10.45;6.62;1994-04-08;True;False;0;2026-09-03
LU0107768052;Schroder ISF Inflation Plus A Acc EUR;Schroder International Selection Fund Inflation Plus A Accumulation EUR;Schroder Investment Management (Europe) S.A.;Allocation;Flexible Allocation;Mixtos Flexibles EUR - Global;EUR;Luxemburgo;6;3;;1.5;12.38;21.95;8.89;6.02;2000-03-31;True;False;1000;2026-09-03
LU0107768136;Schroder ISF Inflation Plus B Acc EUR;Schroder International Selection Fund Inflation Plus B Accumulation EUR;Schroder Investment Management (Europe) S.A.;Allocation;Flexible Allocation;Mixtos Flexibles EUR - Global;EUR;Luxemburgo;6;3;;1.5;12.01;21.35;8.34;5.49;2000-03-31;True;False;1000;2026-09-03
LU2147879543;Tikehau Intl Crs Asts R EUR Acc;Tikehau International Cross Assets R EUR Acc;Tikehau Investment Management;Allocation;Flexible Allocation;Mixtos Flexibles EUR - Global;EUR;Luxemburgo;4;3;1.66;1.5;3.3;5.28;6.2;2.72;2020-12-31;True;False;100;2026-09-03
IE00BYV18N80;Trojan (Ireland) I EUR Acc;Trojan Funds (Ireland) plc - Trojan Fund (Ireland) I EUR Acc;Troy Asset Management Limited;Allocation;Flexible Allocation;Mixtos Flexibles EUR - Global;EUR;Irlanda;3;2;1.59;1.5;0.13;2.33;3.69;1.1;2016-08-31;True;False;0;2026-09-03
LU2872701516;UBS (Lux) KSS Glbl Allc (USD) EURH P-acc;UBS (Lux) Key Selection SICAV - Global Allocation (USD) EUR Hedged P-acc;UBS Asset Management (Europe) S.A.;Allocation;Flexible Allocation;Mixtos Flexibles EUR - Global;EUR;Luxemburgo;5;;2.19;1.67;8.18;15.06;;;2024-09-09;True;False;;2026-09-03
LU2872701276;UBS (Lux) KSS Glbl Allc (USD) GBPH P-acc;UBS (Lux) Key Selection SICAV - Global Allocation (USD) GBP Hedged P-acc;UBS Asset Management (Europe) S.A.;Allocation;Flexible Allocation;Mixtos Flexibles GBP;GBP;Luxemburgo;5;;2.19;1.67;9.39;17.17;;;2024-09-09;True;False;;2026-09-03
LU1883340322;Amundi Fds Pio Flexible Opps A EUR C;Amundi Funds - Pioneer Flexible Opportunities A EUR (C);Amundi Luxembourg S.A.;Allocation;Flexible Allocation;Mixtos Flexibles USD;EUR;Luxemburgo;6;4;3.19;1.5;9.37;13.98;14.27;6.89;2011-11-16;True;False;1;2026-09-03
LU0599947602;DWS Concept Kaldemorgen USD LCH;DWS Concept Kaldemorgen USD LCH;DWS Investment S.A.;Allocation;Flexible Allocation;Mixtos Flexibles USD;USD;Luxemburgo;4;3;1.57;1.5;4.38;9.51;6.72;4.85;2014-02-24;True;False;400000;2026-09-03
LU0251130554;Fidelity Multi Asst Dyn Infl A-Acc-EUR;Fidelity Funds - Multi Asset Dynamic Inflation Fund A-Acc-EUR;FIL Investment Management (Luxembourg) S.à r.l.;Allocation;Flexible Allocation;Mixtos Flexibles USD;EUR;Luxemburgo;4;3;;1.5;7.4;18.51;9.56;4.38;2006-07-03;True;False;2500;2026-09-03
LU0056886558;Fidelity Multi Asst Dyn Infl A-Dis-EUR;Fidelity Funds - Multi Asset Dynamic Inflation Fund A-DIST-EUR;FIL Investment Management (Luxembourg) S.à r.l.;Allocation;Flexible Allocation;Mixtos Flexibles USD;EUR;Luxemburgo;4;3;;1.5;7.42;18.43;9.56;4.38;1995-06-26;True;False;;2026-09-03
LU1280372688;FvS Multiple Opportunities II USD-RT;Flossbach von Storch - Multiple Opportunities II USD-RT;Flossbach von Storch Invest S.A.;Allocation;Flexible Allocation;Mixtos Flexibles USD;USD;Luxemburgo;5;3;1.65;1.47;2.39;6.09;6.11;3.47;2016-07-04;True;False;0;2026-09-03
LU0482498762;Invesco Balanced-Risk Allc A USDH Acc;Invesco Funds - Invesco Balanced-Risk Allocation Fund A (USD Hedged) Accumulation USD;Invesco Management S.A.;Allocation;Flexible Allocation;Mixtos Flexibles USD;USD;Luxemburgo;5;3;;1.25;16.88;22.25;9.85;2.95;2010-04-28;True;False;1500;2026-09-03
LU1582988991;M&G (Lux) Dynamic Allocation A USD H Acc;M&G (Lux) Dynamic Allocation Fund USD A-H Acc;M&G Luxembourg S.A.;Allocation;Flexible Allocation;Mixtos Flexibles USD;USD;Luxemburgo;5;4;1.97;1.75;5.41;12.47;9.88;6.63;2018-01-16;True;False;1000;2026-09-03
LU1582989023;M&G (Lux) Dynamic Allocation A USD H Inc;M&G (Lux) Dynamic Allocation Fund USD A-H Inc;M&G Luxembourg S.A.;Allocation;Flexible Allocation;Mixtos Flexibles USD;USD;Luxemburgo;5;4;1.97;1.75;5.38;12.45;9.91;6.66;2018-01-16;True;False;1000;2026-09-03
LU1099740216;MS INVF Global Bal Rsk Contr FOF AH USD;Morgan Stanley Investment Funds - Global Balanced Risk Control Fund of Funds AH (USD);MSIM Fund Management (Ireland) Limited;Allocation;Flexible Allocation;Mixtos Flexibles USD;USD;Luxemburgo;4;3;2.36;2;5.56;9.52;9.01;3.48;2014-08-18;True;False;0;2026-09-03
LU0236177068;BGF Global Allocation A2 GBP Hedged;BlackRock Global Funds - Global Allocation Fund A2 GBP Hedged;BlackRock (Luxembourg) SA;Allocation;Moderate Allocation;Mixtos GBP 40-60% Renta Variable;GBP;Luxemburgo;5;3;1.77;1.5;6.07;12.98;12.14;3.85;2005-12-01;True;False;;2026-09-03
LU0271681321;Barclays MultiManager Port 3 A Acc GBP;Barclays Portfolios SICAV - Barclays MultiManager Portfolio 3 A Acc GBP;Barclays Investment Solutions Limited;Allocation;Moderate Allocation;Mixtos GBP 40-60% Renta Variable;GBP;Luxemburgo;4;3;;1.5;5.58;8.96;8.33;3.73;2008-06-05;True;False;1000;2026-09-03
LU0533027347;Capital Group EM TotOpp LUX B EUR;Capital Group Emerging Markets Total Opportunities LUX B EUR;Capital International Management Company Sàrl;Allocation;Flexible Allocation;Mixtos Global Emergentes ;EUR;Luxemburgo;4;3;0.15;1.5;6.21;10.87;6.92;2.75;2009-06-08;True;False;;2026-09-03
LU0810662568;Capital Group EM TotOpp LUX Bh-EUR;Capital Group Emerging Markets Total Opportunities LUX Bh-EUR;Capital International Management Company Sàrl;Allocation;Flexible Allocation;Mixtos Global Emergentes ;EUR;Luxemburgo;4;2;1.65;1.5;4.88;9.25;7.22;1.49;2012-08-07;True;False;0;2026-09-03
LU0592698954;Carmignac Pf Emerg Patrim A EUR Acc;Carmignac Portfolio Emerging Patrimoine A EUR Acc;Carmignac Gestion Luxembourg S.A.;Allocation;Allocation Miscellaneous;Mixtos Global Emergentes ;EUR;Luxemburgo;5;3;1.8;1.5;12.68;22.91;10.07;3.38;2011-03-31;True;False;0;2026-09-03
LU0807690911;Carmignac Pf Emerg Patrim A EUR Ydis;Carmignac Portfolio Emerging Patrimoine A EUR Ydis;Carmignac Gestion Luxembourg S.A.;Allocation;Allocation Miscellaneous;Mixtos Global Emergentes ;EUR;Luxemburgo;4;3;1.8;1.5;12.68;22.9;10.07;3.4;2012-07-19;True;False;0;2026-09-03
LU0608808167;Templeton Em Mkts Dyn Inc A YDis EUR;Templeton Emerging Markets Dynamic Income Fund A(Ydis)EUR;Franklin Templeton International Services S.à r.l.;Allocation;Allocation Miscellaneous;Mixtos Global Emergentes ;EUR;Luxemburgo;5;5;1.85;1.5;19.48;32.41;16.81;7.92;2011-04-29;True;False;;2026-09-03
LU0049785289;UBS (Lux) SF Balanced (CHF) P-acc;UBS (Lux) Strategy Fund - Balanced (CHF) P-acc;UBS Asset Management (Europe) S.A.;Allocation;Moderate Allocation;Mixtos Moderados CHF;CHF;Luxemburgo;4;2;1.75;1.3;4.71;8.37;6.01;0.34;1994-07-01;True;False;;2026-09-03
ES0114877030;Bankinter Mixto Flexible R FI;Bankinter Mixto Flexible R FI;Bankinter Gestión de Activos SGIIC;Allocation;Moderate Allocation;Mixtos Moderados EUR;EUR;España;5;4;1.79;1.6;8.9;15.65;8.18;3.84;1997-04-16;True;False;1;2026-09-03
ES0164586010;Bankinter Premium Moderado A FI;Bankinter Premium Moderado A FI;Bankinter Gestión de Activos SGIIC;Allocation;Moderate Allocation;Mixtos Moderados EUR;EUR;España;4;3;1.32;1.15;4.24;7.29;6.99;3.26;2017-09-15;True;False;50000;2026-09-03
ES0164586002;Bankinter Premium Moderado B FI;Bankinter Premium Moderado B FI;Bankinter Gestión de Activos SGIIC;Allocation;Moderate Allocation;Mixtos Moderados EUR;EUR;España;4;3;0.82;0.65;4.59;7.83;7.54;3.83;2016-07-15;True;False;500000;2026-09-03
ES0164586028;Bankinter Premium Moderado D FI;Bankinter Premium Moderado D FI;Bankinter Gestión de Activos SGIIC;Allocation;Moderate Allocation;Mixtos Moderados EUR;EUR;España;4;3;1.32;1.15;4.24;7.27;6.97;2.93;2020-06-26;True;False;50000;2026-09-03
ES0164586036;Bankinter Premium Moderado R FI;Bankinter Premium Moderado R FI;Bankinter Gestión de Activos SGIIC;Allocation;Moderate Allocation;Mixtos Moderados EUR;EUR;España;4;3;1.42;1.25;4.17;7.19;6.88;3.16;2021-07-02;True;False;10000;2026-09-03
LU0261950553;Fidelity European Mlt-Asst Inc A Acc EUR;Fidelity Funds - European Multi Asset Income Fund A-Acc-EUR;FIL Investment Management (Luxembourg) S.à r.l.;Allocation;Moderate Allocation;Mixtos Moderados EUR;EUR;Luxemburgo;4;3;;1.5;2.5;6.14;7.16;2.12;2006-09-25;True;False;2500;2026-09-03
IE00BYYPF474;Aegon Global Diversified Inc EUR A Acc;Aegon Global Diversified Income Fund EUR A Acc;Aegon Investment Management BV;Allocation;Moderate Allocation;Mixtos Moderados EUR - Global;EUR;Irlanda;5;4;;1.05;7.3;13.25;9.98;4.62;2016-07-29;True;False;500;2026-09-03
IE00BYYPF581;Aegon Global Diversified Inc EUR A Inc;Aegon Global Diversified Income Fund EUR A Inc;Aegon Investment Management BV;Allocation;Moderate Allocation;Mixtos Moderados EUR - Global;EUR;Irlanda;5;4;;1.05;7.3;13.25;9.98;4.62;2016-07-29;True;False;500;2026-09-03
IE00BCZQ7T48;Algebris Financial Income R EUR Acc;Algebris UCITS Funds plc - Algebris Financial Income Fund R EUR Acc;Algebris (UK) Limited;Allocation;Moderate Allocation;Mixtos Moderados EUR - Global;EUR;Irlanda;5;5;1.89;1.8;5.42;10;16.82;10.37;2013-09-20;True;False;10000;2026-09-03
LU1093406186;Allianz Dyn MltAst Stgy SRI 50 AT EUR;Allianz Global Investors Fund - Allianz Dynamic Multi Asset Strategy SRI 50 AT EUR;Allianz Global Investors GmbH;Allocation;Aggressive Allocation;Mixtos Moderados EUR - Global;EUR;Luxemburgo;4;5;1.65;1.65;7.13;16.32;10.73;5.12;2014-09-03;True;False;0;2026-09-03
LU0913601281;Allianz Income and Growth AM H2 EUR;Allianz Global Investors Fund - Allianz Income and Growth AM (H2-EUR);Allianz Global Investors GmbH;Allocation;Moderate Allocation;Mixtos Moderados EUR - Global;EUR;Luxemburgo;5;3;1.5;1.5;3.95;7.47;8.29;2.07;2013-05-02;True;False;0;2026-09-03
LU1070113664;Allianz Income and Growth AT H2 EUR;Allianz Global Investors Fund - Allianz Income and Growth AT (H2-EUR);Allianz Global Investors GmbH;Allocation;Moderate Allocation;Mixtos Moderados EUR - Global;EUR;Luxemburgo;5;3;1.5;1.5;3.93;7.44;8.24;2.04;2014-08-12;True;False;0;2026-09-03
LU0352312184;Allianz Strategy 50 CT EUR;Allianz Strategy 50 CT EUR;Allianz Global Investors GmbH;Allocation;Moderate Allocation;Mixtos Moderados EUR - Global;EUR;Luxemburgo;4;3;1.35;1.5;4.2;9.3;7.8;2.63;2008-07-01;True;False;0;2026-09-03
LU1883327816;Amundi Fds Global Mlt-Asst A EUR C;Amundi Funds - Global Multi-Asset A EUR (C);Amundi Luxembourg S.A.;Allocation;Moderate Allocation;Mixtos Moderados EUR - Global;EUR;Luxemburgo;5;4;1.97;1.5;7.67;13.28;10.16;3.56;2008-12-12;True;False;1;2026-09-03
LU2183143689;Amundi Fds Global Mlt-Asst A2 EUR C;Amundi Funds - Global Multi-Asset A2 EUR (C);Amundi Luxembourg S.A.;Allocation;Moderate Allocation;Mixtos Moderados EUR - Global;EUR;Luxemburgo;4;3;2.16;1.7;7.53;13.05;9.94;3.5;2020-06-19;True;False;0;2026-09-03
LU0093503497;BGF ESG Multi-Asset A2;BlackRock Global Funds - ESG Multi-Asset Fund A2;BlackRock (Luxembourg) SA;Allocation;Moderate Allocation;Mixtos Moderados EUR - Global;EUR;Luxemburgo;4;4;1.54;1.2;7.62;14.93;8.86;3.17;1999-01-04;True;False;5000;2026-09-03
LU0212925753;BGF Global Allocation A2 EUR Hedged;BlackRock Global Funds - Global Allocation Fund A2 EUR Hedged;BlackRock (Luxembourg) SA;Allocation;Moderate Allocation;Mixtos Moderados EUR - Global;EUR;Luxemburgo;5;3;1.77;1.5;4.85;10.95;10.35;2.35;2005-04-22;True;False;5000;2026-09-03
LU0240613025;BGF Global Allocation A4 EUR Hedged;BlackRock Global Funds - Global Allocation Fund A4 EUR Hedged;BlackRock (Luxembourg) SA;Allocation;Moderate Allocation;Mixtos Moderados EUR - Global;EUR;Luxemburgo;5;3;1.77;1.5;4.86;10.95;10.37;2.35;2006-01-25;True;False;5000;2026-09-03
LU1133085917;BGF Global Multi-Asset Inc A6 EUR H;BlackRock Global Funds - Global Multi-Asset Income Fund A6 EUR Hedged;BlackRock (Luxembourg) SA;Allocation;Moderate Allocation;Mixtos Moderados EUR - Global;EUR;Luxemburgo;4;2;1.78;1.5;2.34;4.88;6.46;0.7;2014-11-19;True;False;5000;2026-09-03
LU0048292634;BL-Global 50 A EUR;BL-Global 50 A EUR Inc;BLI - Banque de Luxembourg Investments SA;Allocation;Moderate Allocation;Mixtos Moderados EUR - Global;EUR;Luxemburgo;4;4;1.44;1.25;3.81;13.3;9.17;4.96;1993-10-28;True;False;0;2026-09-03
LU0048292808;BL-Global 50 B EUR;BL-Global 50 B EUR Acc;BLI - Banque de Luxembourg Investments SA;Allocation;Moderate Allocation;Mixtos Moderados EUR - Global;EUR;Luxemburgo;4;4;1.44;1.25;3.81;13.3;9.17;4.96;1993-10-28;True;False;0;2026-09-03
LU1241524708;BSF BK MyMap Plus Moderate A2 EUR;BlackRock Strategic Funds - BlackRock MyMap Plus Moderate Fund A2 EUR;BlackRock (Luxembourg) SA;Allocation;Moderate Allocation;Mixtos Moderados EUR - Global;EUR;Luxemburgo;4;3;;1;5.09;10.03;9.36;3.45;2015-06-03;True;False;5000;2026-09-03
LU1165444743;Bankinter IFS Multifunds Moderate A;Bankinter International Fund SICAV Multifunds Moderate A;Bankinter Luxembourg S.A.;Allocation;Moderate Allocation;Mixtos Moderados EUR - Global;EUR;Luxemburgo;4;2;;0.05;3.86;6.61;6.57;2.85;2015-06-15;True;False;1;2026-09-03
LU1165444826;Bankinter IFS Multifunds Moderate B;Bankinter International Fund SICAV Multifunds Moderate B;Bankinter Luxembourg S.A.;Allocation;Moderate Allocation;Mixtos Moderados EUR - Global;EUR;Luxemburgo;4;3;;0.05;4.13;7.04;7.01;3.28;2015-05-04;True;False;1000000;2026-09-03
ES0113257010;Bankinter Platea Moderado A FI;Bankinter Platea Moderado A FI;Bankinter Gestión de Activos SGIIC;Allocation;Moderate Allocation;Mixtos Moderados EUR - Global;EUR;España;4;3;2.15;1.15;4.08;6.75;6.52;2.92;2017-09-29;True;False;50000;2026-09-03
ES0113257002;Bankinter Platea Moderado B FI;Bankinter Platea Moderado B FI;Bankinter Gestión de Activos SGIIC;Allocation;Moderate Allocation;Mixtos Moderados EUR - Global;EUR;España;4;3;1.98;1;4.19;6.91;6.68;3.08;2015-11-20;True;False;200000;2026-09-03
ES0113257036;Bankinter Platea Moderado D FI;Bankinter Platea Moderado D FI;Bankinter Gestión de Activos SGIIC;Allocation;Moderate Allocation;Mixtos Moderados EUR - Global;EUR;España;4;3;1.7;1.25;4.34;7.17;6.81;2.73;2020-10-30;True;False;10;2026-09-03
ES0113257028;Bankinter Platea Moderado R FI;Bankinter Platea Moderado R FI;Bankinter Gestión de Activos SGIIC;Allocation;Moderate Allocation;Mixtos Moderados EUR - Global;EUR;España;4;3;1.7;1.25;4.34;7.2;6.83;3.05;2020-03-17;True;False;10;2026-09-03
LU1102542534;CT (Lux) Glbl Mlt Ast Inc AEC;CT (Lux) - Global Multi Asset Income Class AEC (EUR Distribution Hedged Shares);Threadneedle Management Luxembourg S.A.;Allocation;Moderate Allocation;Mixtos Moderados EUR - Global;EUR;Luxemburgo;5;3;1.55;1.25;5.49;8.52;8.96;2.96;2014-11-04;True;False;2500;2026-09-03
LU0640488994;CT (Lux) Glbl Mlt Ast Inc AEH;CT (Lux) - Global Multi Asset Income Class AEH (EUR Accumulation Hedged Shares);Threadneedle Management Luxembourg S.A.;Allocation;Moderate Allocation;Mixtos Moderados EUR - Global;EUR;Luxemburgo;5;3;1.55;1.25;5.53;8.56;8.95;2.96;2012-09-18;True;False;2500;2026-09-03
LU1006076209;Capital Group GlbAlloc LUX Bh-EUR;Capital Group Global Allocation Fund LUX Bh-EUR;Capital International Management Company Sàrl;Allocation;Moderate Allocation;Mixtos Moderados EUR - Global;EUR;Luxemburgo;4;4;1.54;1.4;4.9;6.99;8.38;2.77;2014-01-31;True;False;0;2026-09-03
FR0010135103;Carmignac Patrimoine A EUR Acc;Carmignac Patrimoine A EUR Acc;Carmignac Gestion;Allocation;Moderate Allocation;Mixtos Moderados EUR - Global;EUR;Francia;4;3;1.84;1.5;7.38;10.68;9.45;2.91;1989-11-07;True;False;0;2026-09-03
FR0011269588;Carmignac Patrimoine A EUR Ydis;Carmignac Patrimoine A EUR Ydis;Carmignac Gestion;Allocation;Moderate Allocation;Mixtos Moderados EUR - Global;EUR;Francia;4;3;1.84;1.5;7.39;10.73;9.5;2.96;2012-06-19;True;False;0;2026-09-03
FR0010306142;Carmignac Patrimoine E EUR Acc;Carmignac Patrimoine E EUR Acc;Carmignac Gestion;Allocation;Moderate Allocation;Mixtos Moderados EUR - Global;EUR;Francia;4;3;2.34;2;7.12;10.35;9.04;2.49;2006-07-01;True;False;0;2026-09-03
LU1163533422;Carmignac Pf Patrimoine A EUR Minc;Carmignac Portfolio Patrimoine A EUR Minc;Carmignac Gestion Luxembourg S.A.;Allocation;Moderate Allocation;Mixtos Moderados EUR - Global;EUR;Luxemburgo;3;3;1.8;1.5;7.65;11.2;9.37;2.88;2014-12-31;True;False;0;2026-09-03
LU0553169458;DJE - Zins & Dividende I (EUR);DJE - Zins & Dividende I (EUR);DJE Investment SA;Allocation;Moderate Allocation;Mixtos Moderados EUR - Global;EUR;Luxemburgo;4;4;0.87;1.42;7.07;11.41;8.21;4.11;2010-12-06;True;False;75000;2026-09-03
LU0987487336;Fidelity Glb Mlt Ast Inc A-Acc-EUR H;Fidelity Funds - Global Multi Asset Income Fund A-Acc-EUR (hedged);FIL Investment Management (Luxembourg) S.à r.l.;Allocation;Moderate Allocation;Mixtos Moderados EUR - Global;EUR;Luxemburgo;4;1;;1.5;5.18;9.12;7.09;0.45;2013-11-11;True;False;;2026-09-03
LU0987487419;Fidelity Glb Mlt Ast IncA-QInc(G)-EURH;Fidelity Funds - Global Multi Asset Income Fund A-QINCOME(G)-EUR (hedged);FIL Investment Management (Luxembourg) S.à r.l.;Allocation;Moderate Allocation;Mixtos Moderados EUR - Global;EUR;Luxemburgo;4;1;;1.5;5.2;9.23;7.14;0.47;2013-11-11;True;False;;2026-09-03
LU1095740319;First Eagle Amundi Income Bldr AHE-QVD;First Eagle Amundi Income Builder Fund Class AHE-QVD Shares;First Eagle Investment Management, LLC;Allocation;Moderate Allocation;Mixtos Moderados EUR - Global;EUR;Luxemburgo;4;4;1.85;1.6;8.99;16.07;11.06;5.04;2014-09-03;True;False;0;2026-09-03
LU0316494987;Franklin Glbl Fdmtl Strats A(acc)EUR-H1;Franklin Global Fundamental Strategies Fund A(acc)EUR-H1;Franklin Templeton International Services S.à r.l.;Allocation;Moderate Allocation;Mixtos Moderados EUR - Global;EUR;Luxemburgo;5;1;1.82;1.5;2.44;5.56;9.23;1;2007-10-25;True;False;;2026-09-03
LU0360500044;Franklin Glbl Fdmtl Strats N(acc)EUR-H1;Franklin Global Fundamental Strategies Fund N(acc)EUR-H1;Franklin Templeton International Services S.à r.l.;Allocation;Moderate Allocation;Mixtos Moderados EUR - Global;EUR;Luxemburgo;5;1;2.57;2.25;1.95;4.64;8.37;0.22;2008-05-15;True;False;;2026-09-03
LU1245471054;FvS Multi Asset Balanced ET;Flossbach von Storch - Multi Asset Balanced ET;Flossbach von Storch Invest S.A.;Allocation;Moderate Allocation;Mixtos Moderados EUR - Global;EUR;Luxemburgo;4;2;2;1.87;1.62;5.57;6.34;2.16;2015-07-13;True;False;0;2026-09-03
LU0119195963;GS Patrimonial Balanced-P Cap EUR;Goldman Sachs Patrimonial Balanced - P Cap EUR;Goldman Sachs Asset Management B.V.;Allocation;Moderate Allocation;Mixtos Moderados EUR - Global;EUR;Luxemburgo;4;4;;1.2;5.42;9.23;8.08;2.93;1977-12-23;True;False;0;2026-09-03
LU0908524852;Halley Alinea Global B;Halley Alinea Global B;Andbank Asset Management Luxembourg;Allocation;Moderate Allocation;Mixtos Moderados EUR - Global;EUR;Luxemburgo;6;3;;1.57;8.52;14.27;8.99;9.64;2013-05-07;True;False;100;2026-09-03
LU1097688714;Invesco Global Income A EUR Acc;Invesco Funds - Invesco Global Income Fund A Accumulation EUR;Invesco Management S.A.;Allocation;Moderate Allocation;Mixtos Moderados EUR - Global;EUR;Luxemburgo;4;4;;1.25;4.76;6.92;8.45;3.97;2014-11-12;True;False;1000;2026-09-03
LU0740858229;JPM Global Income A acc EUR;JPMorgan Investment Funds - Global Income Fund A (acc) EUR;JPMorgan Asset Management (Europe) S.à r.l.;Allocation;Moderate Allocation;Mixtos Moderados EUR - Global;EUR;Luxemburgo;4;2;1.4;1.25;5.94;9.55;8.33;2.25;2012-03-01;True;False;35000;2026-09-03
LU0395794307;JPM Global Income A div EUR;JPMorgan Investment Funds - Global Income Fund A (div) EUR;JPMorgan Asset Management (Europe) S.à r.l.;Allocation;Moderate Allocation;Mixtos Moderados EUR - Global;EUR;Luxemburgo;4;2;1.4;1.25;5.94;9.55;8.33;2.26;2008-12-11;True;False;35000;2026-09-03
LU0740858492;JPM Global Income D acc EUR;JPMorgan Investment Funds - Global Income Fund D (acc) EUR;JPMorgan Asset Management (Europe) S.à r.l.;Allocation;Moderate Allocation;Mixtos Moderados EUR - Global;EUR;Luxemburgo;4;2;1.75;1.25;5.69;9.16;7.95;1.89;2012-03-01;True;False;5000;2026-09-03
LU0404220724;JPM Global Income D div EUR;JPMorgan Investment Funds - Global Income Fund D (div) EUR;JPMorgan Asset Management (Europe) S.à r.l.;Allocation;Moderate Allocation;Mixtos Moderados EUR - Global;EUR;Luxemburgo;4;2;1.75;1.25;5.69;9.16;7.95;1.9;2009-07-08;True;False;5000;2026-09-03
LU0070212591;JPMGlobal Balanced A acc EUR;JPMorgan Investment Funds - Global Balanced Fund A (acc) - EUR;JPMorgan Asset Management (Europe) S.à r.l.;Allocation;Moderate Allocation;Mixtos Moderados EUR - Global;EUR;Luxemburgo;4;3;1.65;1.45;3.22;7.68;7.61;1.45;1995-07-18;True;False;35000;2026-09-03
LU0115099839;JPMGlobal Balanced D acc EUR;JPMorgan Investment Funds - Global Balanced Fund D (acc) - EUR;JPMorgan Asset Management (Europe) S.à r.l.;Allocation;Moderate Allocation;Mixtos Moderados EUR - Global;EUR;Luxemburgo;4;2;2.15;1.45;2.87;7.14;7.08;0.94;2002-07-10;True;False;5000;2026-09-03
IE0009514989;Janus Henderson Balanced A2 HEUR;Janus Henderson Capital Funds plc - Balanced Fund Class A2 HEUR;Janus Henderson Investors;Allocation;Moderate Allocation;Mixtos Moderados EUR - Global;EUR;Irlanda;5;4;1.9;1;2.66;6.1;9.84;3.09;1999-12-31;True;False;2500;2026-09-03
IE00B83BYG91;Janus Henderson Balanced A5m HEUR;Janus Henderson Capital Funds plc - Balanced Fund Class A5m HEUR;Janus Henderson Investors;Allocation;Moderate Allocation;Mixtos Moderados EUR - Global;EUR;Irlanda;5;4;1.9;1;2.63;6.06;9.85;3.1;2013-10-01;True;False;2500;2026-09-03
LU1582984818;M&G (Lux) Income Allocation A EUR Acc;M&G (Lux) Income Allocation Fund EUR A Acc;M&G Luxembourg S.A.;Allocation;Moderate Allocation;Mixtos Moderados EUR - Global;EUR;Luxemburgo;4;2;1.72;1.5;4.09;9.96;5.26;1.75;2018-01-16;True;False;1000;2026-09-03
LU1582984909;M&G (Lux) Income Allocation A EUR Inc;M&G (Lux) Income Allocation Fund EUR A Inc;M&G Luxembourg S.A.;Allocation;Moderate Allocation;Mixtos Moderados EUR - Global;EUR;Luxemburgo;5;2;1.72;1.5;4.09;9.96;5.26;1.75;2018-01-16;True;False;1000;2026-09-03
LU1582985039;M&G (Lux) Income Allocation A Q EUR Inc;M&G (Lux) Income Allocation Fund EUR A Q Inc;M&G Luxembourg S.A.;Allocation;Moderate Allocation;Mixtos Moderados EUR - Global;EUR;Luxemburgo;5;2;1.72;1.5;4.09;9.96;5.26;1.75;2018-01-16;True;False;1000;2026-09-03
LU1900799617;M&G (Lux) Sustainable Allc A EUR Acc;M&G (Lux) Sustainable Allocation Fund EUR A Acc;M&G Luxembourg S.A.;Allocation;Moderate Allocation;Mixtos Moderados EUR - Global;EUR;Luxemburgo;4;1;1.73;1.5;3.5;7.61;4.98;0.65;2018-12-04;True;False;1000;2026-09-03
LU1123736917;MFS Meridian Global Total Ret AH1 EUR;MFS Meridian Funds - Global Total Return Fund AH1 EUR;MFS Investment Management Company (Lux) S.à.r.l;Allocation;Moderate Allocation;Mixtos Moderados EUR - Global;EUR;Luxemburgo;5;2;1.9;1.05;7.2;9.66;8.15;1.96;2014-12-05;True;False;0;2026-09-03
LU1442549298;MFS Meridian Prudent Capital AH1 EUR;MFS Meridian Funds - Prudent Capital Fund AH1 EUR;MFS Investment Management Company (Lux) S.à.r.l;Allocation;Moderate Allocation;Mixtos Moderados EUR - Global;EUR;Luxemburgo;4;1;;1.05;1.28;0.15;6.7;1.09;2016-11-02;True;False;0;2026-09-03
IE00BRJT7613;Man TargetRisk D H EUR;Man Funds VI plc - Man TargetRisk D H EUR;Man Group Ltd;Allocation;Moderate Allocation;Mixtos Moderados EUR - Global;EUR;Irlanda;5;1;1.69;1.5;6.43;15.08;7.01;0.72;2016-08-18;True;False;1000;2026-09-03
LU0255639139;Nordea 1 - Stable Return AP EUR;Nordea 1 - Stable Return Fund AP EUR;Nordea Investment Funds SA;Allocation;Moderate Allocation;Mixtos Moderados EUR - Global;EUR;Luxemburgo;4;1;1.8;1.5;-0.26;0.25;0.54;-0.74;2006-06-30;True;False;0;2026-09-03
LU0227384020;Nordea 1 - Stable Return BP EUR;Nordea 1 - Stable Return Fund BP EUR;Nordea Investment Funds SA;Allocation;Moderate Allocation;Mixtos Moderados EUR - Global;EUR;Luxemburgo;4;1;1.8;1.5;-0.26;0.25;0.54;-0.74;2005-11-02;True;False;0;2026-09-03
LU1481479811;Olea Investment Netrl Inversiones A Cap;Olea Investment Fund - Olea Neutral Inversiones A Cap;Olea Gestión de Activos SGIIC;Allocation;Moderate Allocation;Mixtos Moderados EUR - Global;EUR;Luxemburgo;4;4;;1.4;1.73;4.47;6.88;4.02;2018-09-24;True;False;1;2026-09-03
IE00B4YYY703;PIMCO GIS Bal Inc & Gr E EURH Acc;PIMCO GIS Balanced Income and Growth Fund E Class EUR (Hedged) Accumulation;PIMCO Global Advisors (Ireland) Limited;Allocation;Moderate Allocation;Mixtos Moderados EUR - Global;EUR;Irlanda;4;4;;2.5;11.05;18.32;14.24;4.99;2009-06-22;True;False;1000;2026-09-03
FR0013367265;R-co Valor Balanced C EUR;R-co Valor Balanced C EUR;Rothschild & Co Asset Management;Allocation;Moderate Allocation;Mixtos Moderados EUR - Global;EUR;Francia;3;3;1.35;1.3;-1.45;2.23;7.74;3.49;2018-10-26;True;False;0;2026-09-03
LU0208341536;SWC (LU) PF Sust Balanced (EUR) AT;Swisscanto (LU) Portfolio Fund - Swisscanto (LU) Portfolio Fund Sustainable Balanced (EUR) AT;Swisscanto Asset Management International S.A.;Allocation;Moderate Allocation;Mixtos Moderados EUR - Global;EUR;Luxemburgo;4;4;1.5;1.45;9.07;13.46;9.28;3.43;2005-03-07;True;False;100;2026-09-03
LU0316492858;Templeton Glbl Val and Inc A (Acc) EURH1;Templeton Global Value and Income Fund A (Acc) EUR -H1;Franklin Templeton International Services S.à r.l.;Allocation;Moderate Allocation;Mixtos Moderados EUR - Global;EUR;Luxemburgo;6;4;1.65;1.3;15.65;23.62;13.74;5.5;2007-09-03;True;False;;2026-09-03
LU0049785446;UBS (Lux) SF Balanced (EUR) P-acc;UBS (Lux) Strategy Fund - Balanced (EUR) P-acc;UBS Asset Management (Europe) S.A.;Allocation;Moderate Allocation;Mixtos Moderados EUR - Global;EUR;Luxemburgo;4;3;1.78;1.3;6.08;10.22;8.54;2.22;1994-07-01;True;False;3000000;2026-09-03
LU0820561818;Allianz Income and Growth AM USD;Allianz Global Investors Fund - Allianz Income and Growth AM USD;Allianz Global Investors GmbH;Allocation;Moderate Allocation;Mixtos Moderados USD;USD;Luxemburgo;5;4;1.5;1.5;5.16;9.55;10.26;4.13;2012-10-16;True;False;0;2026-09-03
LU0689472784;Allianz Income and Growth AT USD;Allianz Global Investors Fund - Allianz Income and Growth AT USD;Allianz Global Investors GmbH;Allocation;Moderate Allocation;Mixtos Moderados USD;USD;Luxemburgo;5;4;1.5;1.5;5.16;9.55;10.26;4.12;2011-11-18;True;False;0;2026-09-03
LU0494093205;BGF ESG Multi-Asset A2 USD H;BlackRock Global Funds - ESG Multi-Asset Fund A2 USD Hedged;BlackRock (Luxembourg) SA;Allocation;Moderate Allocation;Mixtos Moderados USD;USD;Luxemburgo;4;4;1.54;1.2;8.97;17.21;10.89;5.14;2010-04-16;True;False;5000;2026-09-03
LU0072462426;BGF Global Allocation A2;BlackRock Global Funds - Global Allocation Fund A2;BlackRock (Luxembourg) SA;Allocation;Moderate Allocation;Mixtos Moderados USD;USD;Luxemburgo;5;4;1.77;1.5;6.36;13.42;12.71;4.78;1997-01-03;True;False;5000;2026-09-03
LU0171283459;BGF Global Allocation A2 EUR;BlackRock Global Funds - Global Allocation Fund A2 EUR;BlackRock (Luxembourg) SA;Allocation;Moderate Allocation;Mixtos Moderados USD;EUR;Luxemburgo;5;4;1.77;1.5;7.52;13.98;10.16;5.24;1997-01-03;True;False;;2026-09-03
LU0147396450;BGF Global Allocation E2;BlackRock Global Funds - Global Allocation Fund E2;BlackRock (Luxembourg) SA;Allocation;Moderate Allocation;Mixtos Moderados USD;USD;Luxemburgo;5;3;2.27;1.5;6.01;12.86;12.15;4.26;2002-07-01;True;False;5000;2026-09-03
LU0784385840;BGF Global Multi-Asset Inc A2;BlackRock Global Funds - Global Multi-Asset Income Fund A2;BlackRock (Luxembourg) SA;Allocation;Moderate Allocation;Mixtos Moderados USD;USD;Luxemburgo;4;2;1.78;1.5;4.12;7.53;8.82;3.04;2012-06-28;True;False;5000;2026-09-03
LU1162516477;BGF Global Multi-Asset Inc A2 EUR;BlackRock Global Funds - Global Multi-Asset Income Fund A2 EUR;BlackRock (Luxembourg) SA;Allocation;Moderate Allocation;Mixtos Moderados USD;EUR;Luxemburgo;4;2;1.78;1.5;5.29;8.12;6.35;3.5;2012-06-28;True;False;;2026-09-03
LU0784384876;BGF Global Multi-Asset Inc A6;BlackRock Global Funds - Global Multi-Asset Income Fund A6;BlackRock (Luxembourg) SA;Allocation;Moderate Allocation;Mixtos Moderados USD;USD;Luxemburgo;4;2;1.78;1.5;3.53;6.86;8.59;2.92;2012-06-28;True;False;5000;2026-09-03
LU0553821405;Barclays MultiManager Port 3 A Acc USD;Barclays Portfolios SICAV - Barclays MultiManager Portfolio 3 A Acc USD;Barclays Investment Solutions Limited;Allocation;Moderate Allocation;Mixtos Moderados USD;USD;Luxemburgo;4;3;;1.5;5.53;8.89;8.41;3.9;2010-12-10;True;False;;2026-09-03
LU2343843681;Capital Group AMBAL LUX B;Capital Group AMBAL LUX B;Capital International Management Company Sàrl;Allocation;Moderate Allocation;Mixtos Moderados USD;USD;Luxemburgo;5;5;1.45;1.3;8.28;15.09;14.78;7.28;2021-07-27;True;False;0;2026-09-03
LU2359297087;Capital Group AMBAL LUX B EUR;Capital Group AMBAL LUX B EUR;Capital International Management Company Sàrl;Allocation;Moderate Allocation;Mixtos Moderados USD;EUR;Luxemburgo;5;5;1.45;1.3;9.79;16.12;12.03;7.74;2021-07-27;True;False;;2026-09-03
LU1006075656;Capital Group GlbAlloc LUX B;Capital Group Global Allocation Fund LUX B;Capital International Management Company Sàrl;Allocation;Moderate Allocation;Mixtos Moderados USD;EUR;Luxemburgo;4;3;1.54;1.4;6.51;8.28;7.34;3.75;2014-01-31;True;False;0;2026-09-03
LU1006075227;Capital Group GlbAlloc LUX B USD;Capital Group Global Allocation Fund LUX B USD;Capital International Management Company Sàrl;Allocation;Moderate Allocation;Mixtos Moderados USD;USD;Luxemburgo;4;3;1.54;1.4;5.01;7.25;9.98;3.31;2014-01-31;True;False;0;2026-09-03
FR0011269067;Carmignac Patrimoine A USD Acc Hdg;Carmignac Patrimoine A USD Acc Hdg;Carmignac Gestion;Allocation;Moderate Allocation;Mixtos Moderados USD;USD;Francia;4;3;1.84;1.5;8.24;12.15;10.76;4.28;2012-06-19;True;False;50000000;2026-09-03
LU1116430247;Fidelity Glb Mlt Ast Inc A-Acc-EUR;Fidelity Funds - Global Multi Asset Income Fund A-Acc-EUR;FIL Investment Management (Luxembourg) S.à r.l.;Allocation;Moderate Allocation;Mixtos Moderados USD;EUR;Luxemburgo;4;2;;1.5;7.84;11.85;6.2;2.12;2014-10-08;True;False;;2026-09-03
LU0905233846;Fidelity Glb Mlt Ast Inc A-Acc-USD;Fidelity Funds - Global Multi Asset Income Fund A-Acc-USD;FIL Investment Management (Luxembourg) S.à r.l.;Allocation;Moderate Allocation;Mixtos Moderados USD;USD;Luxemburgo;4;2;;1.5;6.5;11.2;8.76;1.65;2013-03-27;True;False;2500;2026-09-03
LU1333218029;Fidelity Glb Mlt Ast Inc A-EUR;Fidelity Funds - Global Multi Asset Income Fund A-EUR;FIL Investment Management (Luxembourg) S.à r.l.;Allocation;Moderate Allocation;Mixtos Moderados USD;EUR;Luxemburgo;4;2;;1.5;7.87;11.82;6.22;2.14;2015-12-21;True;False;;2026-09-03
LU1095739816;First Eagle Amundi Income Builder AU-C;First Eagle Amundi Income Builder Fund Class AU-C Shares;First Eagle Investment Management, LLC;Allocation;Moderate Allocation;Mixtos Moderados USD;USD;Luxemburgo;4;4;4.19;1.6;8.79;16.36;12.71;7.02;2014-09-03;True;False;0;2026-09-03
LU0316494805;Franklin Glbl Fdmtl Strats A(acc)EUR;Franklin Global Fundamental Strategies Fund A(acc)EUR;Franklin Templeton International Services S.à r.l.;Allocation;Moderate Allocation;Mixtos Moderados USD;EUR;Luxemburgo;5;2;1.82;1.5;5.31;8.84;8.73;3.94;2007-10-25;True;False;;2026-09-03
LU0762807625;JPM Global Income A acc USD Hdg;JPMorgan Investment Funds - Global Income Fund A (acc) USD (hedged);JPMorgan Asset Management (Europe) S.à r.l.;Allocation;Moderate Allocation;Mixtos Moderados USD;USD;Luxemburgo;4;3;1.42;1.25;7.3;11.78;10.45;4.41;2012-05-30;True;False;35000;2026-09-03
LU0726765562;JPM Global Income A div USD Hdg;JPMorgan Investment Funds - Global Income Fund A (div) USD (hedged);JPMorgan Asset Management (Europe) S.à r.l.;Allocation;Moderate Allocation;Mixtos Moderados USD;USD;Luxemburgo;4;3;1.41;1.25;7.31;11.79;10.47;4.42;2012-01-13;True;False;35000;2026-09-03
LU0762814597;JPM Global Income D acc USD Hdg;JPMorgan Investment Funds - Global Income Fund D (acc) USD (hedged);JPMorgan Asset Management (Europe) S.à r.l.;Allocation;Moderate Allocation;Mixtos Moderados USD;USD;Luxemburgo;4;3;1.77;1.25;7.05;11.39;10.07;4.05;2012-05-30;True;False;5000;2026-09-03
LU0957039414;JPMGlobal Balanced A acc USD Hdg;JPMorgan Investment Funds - Global Balanced Fund A (acc) - USD (hedged);JPMorgan Asset Management (Europe) S.à r.l.;Allocation;Moderate Allocation;Mixtos Moderados USD;USD;Luxemburgo;4;3;1.65;1.45;4.62;9.96;9.67;3.61;2013-11-20;True;False;35000;2026-09-03
LU0957040008;JPMGlobal Balanced D acc USD Hdg;JPMorgan Investment Funds - Global Balanced Fund D (acc) - USD (hedged);JPMorgan Asset Management (Europe) S.à r.l.;Allocation;Moderate Allocation;Mixtos Moderados USD;USD;Luxemburgo;4;3;2.15;1.45;4.27;9.42;9.12;3.09;2013-11-20;True;False;5000;2026-09-03
IE0004445015;Janus Henderson Balanced A2 USD;Janus Henderson Capital Funds plc - Balanced Fund Class A2 USD;Janus Henderson Investors;Allocation;Moderate Allocation;Mixtos Moderados USD;USD;Irlanda;5;5;1.9;1;4.03;8.34;11.96;5.29;1998-12-24;True;False;2500;2026-09-03
LU1582986359;M&G (Lux) Income Allocation A USD H Acc;M&G (Lux) Income Allocation Fund USD A-H Acc;M&G Luxembourg S.A.;Allocation;Moderate Allocation;Mixtos Moderados USD;USD;Luxemburgo;5;3;1.74;1.5;5.34;12.12;7.24;3.8;2018-01-16;True;False;1000;2026-09-03
LU0219418836;MFS Meridian Global Total Ret A1 EUR;MFS Meridian Funds - Global Total Return Fund A1 EUR;MFS Investment Management Company (Lux) S.à.r.l;Allocation;Moderate Allocation;Mixtos Moderados USD;EUR;Luxemburgo;4;3;1.84;1.05;9.87;12.76;7.78;4.62;2005-09-26;True;False;0;2026-09-03
LU0219441499;MFS Meridian Global Total Ret A1 USD;MFS Meridian Funds - Global Total Return Fund A1 USD;MFS Investment Management Company (Lux) S.à.r.l;Allocation;Moderate Allocation;Mixtos Moderados USD;USD;Luxemburgo;5;3;1.84;1.05;8.39;11.73;10.41;4.21;2001-01-31;True;False;0;2026-09-03
LU1442549025;MFS Meridian Prudent Capital A1 EUR;MFS Meridian Funds - Prudent Capital Fund A1 EUR;MFS Investment Management Company (Lux) S.à.r.l;Allocation;Moderate Allocation;Mixtos Moderados USD;EUR;Luxemburgo;4;2;1.92;1.05;4.05;3.24;6.23;3.69;2016-11-02;True;False;0;2026-09-03
LU1442548993;MFS Meridian Prudent Capital A1 USD;MFS Meridian Funds - Prudent Capital Fund A1 USD;MFS Investment Management Company (Lux) S.à.r.l;Allocation;Moderate Allocation;Mixtos Moderados USD;USD;Luxemburgo;4;2;;1.05;2.59;2.28;8.81;3.28;2016-11-02;True;False;0;2026-09-03
IE00BRJT7498;Man TargetRisk D USD;Man Funds VI plc - Man TargetRisk D USD;Man Group Ltd;Allocation;Moderate Allocation;Mixtos Moderados USD;USD;Irlanda;5;2;1.69;1.5;7.75;17.47;9.15;2.82;2016-09-07;True;False;1000;2026-09-03
LU1032955483;Nordea 1 - Stable Return HB USD;Nordea 1 - Stable Return Fund HB USD;Nordea Investment Funds SA;Allocation;Moderate Allocation;Mixtos Moderados USD;USD;Luxemburgo;4;1;;1.5;1;2.31;2.45;1.15;2014-02-20;True;False;;2026-09-03
IE00B4YYXB79;PIMCO GIS Bal Inc & Gr E USD Acc;PIMCO GIS Balanced Income and Growth Fund E Class USD Accumulation;PIMCO Global Advisors (Ireland) Limited;Allocation;Moderate Allocation;Mixtos Moderados USD;USD;Irlanda;5;4;;2.5;12.16;20.01;16.18;6.34;2009-06-22;True;False;1000;2026-09-03
LU0195953822;Templeton Glbl Val and Inc A (Acc) EUR;Templeton Global Value and Income Fund A (Acc) EUR;Franklin Templeton International Services S.à r.l.;Allocation;Moderate Allocation;Mixtos Moderados USD;EUR;Luxemburgo;5;5;1.65;1.3;18.87;27.48;13.26;8.57;2004-12-13;True;False;;2026-09-03
LU0052756011;Templeton Glbl Val and Inc A (Qdis) USD;Templeton Global Value and Income Fund A (Qdis) USD;Franklin Templeton International Services S.à r.l.;Allocation;Moderate Allocation;Mixtos Moderados USD;USD;Luxemburgo;5;5;1.65;1.3;17.25;26.32;16.05;8.11;1994-06-01;True;False;1000;2026-09-03
LU0049785792;UBS (Lux) SF Balanced $ P-acc;UBS (Lux) Strategy Fund - Balanced (USD) P-acc;UBS Asset Management (Europe) S.A.;Allocation;Moderate Allocation;Mixtos Moderados USD;USD;Luxemburgo;4;3;1.76;1.3;7.1;11.91;10.6;3.98;1994-07-01;True;False;;2026-09-03
LU0608807789;Templeton Em Mkts Dyn Inc A Acc EUR-H1;Templeton Emerging Markets Dynamic Income Fund A(acc)EUR-H1;Franklin Templeton International Services S.à r.l.;Allocation;Allocation Miscellaneous;Mixtos Otros;EUR;Luxemburgo;6;;1.85;1.5;16.16;28.37;17.27;4.74;2011-04-29;True;False;;2026-09-03
LU0608808241;Templeton Em Mkts Dyn IncA YDis EUR-H1;Templeton Emerging Markets Dynamic Income Fund A(Ydis)EUR-H1;Franklin Templeton International Services S.à r.l.;Allocation;Allocation Miscellaneous;Mixtos Otros;EUR;Luxemburgo;5;;1.85;1.5;16.08;28.31;17.2;4.68;2011-04-29;True;False;;2026-09-03
FR0010016477;Candriam Index Arbitrage Classique EUR;Candriam Index Arbitrage Classique en EUR;Candriam;Alternative Strategies;Market Neutral;Alternativo Arbitraje Valor-Relativo;EUR;Francia;3;;0.4;0.8;-0.83;0.35;2.25;1.62;2003-09-09;True;False;0;2026-09-03
IE00BFZ4RX34;Lazard Rathmore Alternative BP Acc EUR H;Lazard Rathmore Alternative Fund BP Acc EUR Hedged;Lazard Fund Managers (Ireland) Ltd;Alternative Strategies;Market Neutral;Alternativo Arbitraje Valor-Relativo;EUR;Irlanda;3;;2.6;2.5;2.56;4.41;4.61;1.81;2019-09-20;True;False;1000;2026-09-03
IE00B9DCSJ09;Amundi Tiedemann Arbitrage Strat A EUR;Amundi Alternative Funds PLC - Amundi Tiedemann Arbitrage Strategy Fund A EUR;Amundi Asset Management;Alternative Strategies;Market Neutral;Alternativo Event Driven;EUR;Irlanda;5;;;1.25;1.19;3.66;3.53;2.02;2013-08-06;True;False;10000;2026-09-03
LU1376384878;BSF Global Event Driven A2 EUR H;BlackRock Strategic Funds - Global Event Driven Fund A2 EUR Hedged;BlackRock (Luxembourg) SA;Alternative Strategies;Market Neutral;Alternativo Event Driven;EUR;Luxemburgo;4;;;1.5;1.68;3.4;3.68;1.31;2016-03-08;True;False;5000;2026-09-03
LU1251620883;BSF Global Event Driven A2 USD;BlackRock Strategic Funds - Global Event Driven Fund A2 USD;BlackRock (Luxembourg) SA;Alternative Strategies;Market Neutral;Alternativo Event Driven;USD;Luxemburgo;4;;;1.5;2.85;5.36;5.72;3.43;2015-08-05;True;False;5000;2026-09-03
FR0000438707;Candriam Risk Arbitrage C;Candriam Risk Arbitrage C;Candriam;Alternative Strategies;Market Neutral;Alternativo Event Driven;EUR;Francia;3;;;0.8;1.04;1.76;3.76;1.75;1996-03-28;True;False;0;2026-09-03
LU0687943661;GAMCO Intl SICAV Merger Arbtrg A (EUR);GAMCO International SICAV - GAMCO Merger Arbitrage A (EUR);Gabelli Funds LLC;Alternative Strategies;Market Neutral;Alternativo Event Driven;EUR;Luxemburgo;4;;1.53;1.5;1.45;2.89;4.34;2.75;2011-09-30;True;False;;2026-09-03
LU0687943745;GAMCO Intl SICAV Merger Arbtrg A (USD);GAMCO International SICAV - GAMCO Merger Arbitrage A (USD);Gabelli Funds LLC;Alternative Strategies;Market Neutral;Alternativo Event Driven;USD;Luxemburgo;4;;2.72;1.5;2.23;4.31;6.05;4.51;2011-09-30;True;False;1000;2026-09-03
LU0912262275;Helium Fund Performance B EUR;Helium Fund - Helium Performance B EUR;SYQUANT CAPITAL SAS;Alternative Strategies;Market Neutral;Alternativo Event Driven;EUR;Luxemburgo;3;;2.37;2;2.52;4.27;4.68;3.71;2013-05-31;True;False;5000;2026-09-03
LU1293073745;Schroder GAIA BlueTrend A Acc EUR Hedged;Schroder GAIA BlueTrend A Accumulation EUR Hedged;Schroder Investment Management (Europe) S.A.;Alternative Strategies;Alternative Miscellaneous;Alternativo Futuros Gestionados EUR;EUR;Luxemburgo;7;2;2.03;1.6;11.09;29.53;0.32;1.65;2015-12-09;True;False;;2026-09-03
LU0411704413;BSF European Absolute Return A2 EUR;BlackRock Strategic Funds - European Absolute Return Fund A2 EUR;BlackRock (Luxembourg) SA;Alternative Strategies;Market Neutral;Alternativo Market Neutral - RV EUR;EUR;Luxemburgo;4;2;;1.5;-4.02;-1.91;1.58;0.6;2009-02-27;True;False;5000;2026-09-03
LU0414668557;BSF European Absolute Return A4 EUR;BlackRock Strategic Funds - European Absolute Return Fund A4 EUR;BlackRock (Luxembourg) SA;Alternative Strategies;Market Neutral;Alternativo Market Neutral - RV EUR;EUR;Luxemburgo;4;2;;1.5;-4.02;-1.91;1.58;0.61;2009-02-27;True;False;5000;2026-09-03
LU1508158430;BSF Systematic APAC Eq Abs Rt A2 EUR H;BlackRock Strategic Fds - BlackRock Systematic Asia Pacific Equity Absolute Return Fd A2 EUR Hedged;BlackRock (Luxembourg) SA;Alternative Strategies;Market Neutral;Alternativo Market Neutral - RV EUR;EUR;Luxemburgo;4;5;2.58;1.5;3.71;5.86;11.86;9.21;2017-02-22;True;False;5000;2026-09-03
LU0725892466;BSF Systematic US Eq Abs Ret A2 EUR H;BlackRock Strategic Funds - Systematic US Equity Absolute Return Fund A2 EUR Hedged;BlackRock (Luxembourg) SA;Alternative Strategies;Market Neutral;Alternativo Market Neutral - RV EUR;EUR;Luxemburgo;4;4;;1.5;8.97;11.6;8.19;6.21;2012-02-17;True;False;5000;2026-09-03
IE00B7V30396;CT Real Estate Eq Mkt Netrl A Acc EUR;CT Real Estate Equity Market Neutral Fund A Acc EUR;Thames River Capital LLP;Alternative Strategies;Market Neutral;Alternativo Market Neutral - RV EUR;EUR;Irlanda;4;3;2.17;1.75;2.03;1.35;2.08;1.71;2012-12-03;True;False;100000;2026-09-03
LU2210151341;Fidelity Abs Ret Glb Eq A-PF-Acc-EUR H;Fidelity Funds - Absolute Return Global Equity Fund A-PF-Acc-Euro (Euro/USD hedged);FIL Investment Management (Luxembourg) S.à r.l.;Alternative Strategies;Market Neutral;Alternativo Market Neutral - RV EUR;EUR;Luxemburgo;3;4;;1.8;-3.43;2.06;3.67;4.59;2020-09-24;True;False;2500;2026-09-03
LU1001747408;JPM Eurp Eq Abs Alp A perf acc EUR;JPMorgan Funds - Europe Equity Absolute Alpha Fund A (perf) (acc) EUR;JPMorgan Asset Management (Europe) S.à r.l.;Alternative Strategies;Market Neutral;Alternativo Market Neutral - RV EUR;EUR;Luxemburgo;4;5;1.72;1.5;2.27;5.26;11.45;9.09;2013-12-19;True;False;35000;2026-09-03
LU1176912761;JPM Eurp Eq Abs Alp D perf acc EUR;JPMorgan Funds - Europe Equity Absolute Alpha Fund D (perf) (acc) EUR;JPMorgan Asset Management (Europe) S.à r.l.;Alternative Strategies;Market Neutral;Alternativo Market Neutral - RV EUR;EUR;Luxemburgo;4;5;2.47;1.5;1.8;4.57;10.81;8.44;2015-04-28;True;False;5000;2026-09-03
IE00BLP5S460;Jupiter Merian Glb Eq Abs Rt L € H Acc;Jupiter Merian Global Equity Absolute Return Fund L EUR Hedged Acc;Jupiter Asset Management (Europe) Limited;Alternative Strategies;Market Neutral;Alternativo Market Neutral - RV EUR;EUR;Irlanda;4;4;;1.5;5;10.83;10.31;9.51;2011-11-24;True;False;500;2026-09-03
LU0705071453;RAM (Lux) Sys Eurp Mkt Netrl Eq B EUR;RAM (Lux) Systematic Funds - European Market Neutral Equity B EUR;RAM Active Investments SA;Alternative Strategies;Market Neutral;Alternativo Market Neutral - RV EUR;EUR;Luxemburgo;5;4;4.37;1.6;2.06;3.03;10.32;5.3;2011-12-15;True;False;0;2026-09-03
IE00BLP5S577;Jupiter Merian Glb Eq Abs Rt L £ H Acc;Jupiter Merian Global Equity Absolute Return Fund L GBP Hedged Acc;Jupiter Asset Management (Europe) Limited;Alternative Strategies;Market Neutral;Alternativo Market Neutral - RV GBP;GBP;Irlanda;4;4;;1.5;6.16;12.6;11.96;10.92;2009-06-30;True;False;500;2026-09-03
LU1508157978;BSF Systematic APAC Eq Abs Rt A2 USD;BlackRock Strategic Fds - BlackRock Systematic Asia Pacific Equity Absolute Return Fd A2 USD;BlackRock (Luxembourg) SA;Alternative Strategies;Market Neutral;Alternativo Market Neutral - RV USD;USD;Luxemburgo;4;5;;1.5;4.88;7.88;13.87;11.17;2017-02-22;True;False;5000;2026-09-03
LU0725887540;BSF Systematic US Eq Abs Ret A2 USD;BlackRock Strategic Funds - Systematic US Equity Absolute Return Fund A2 USD;BlackRock (Luxembourg) SA;Alternative Strategies;Market Neutral;Alternativo Market Neutral - RV USD;USD;Luxemburgo;4;4;;1.5;10.32;13.84;10.06;8.05;2012-02-17;True;False;5000;2026-09-03
LU2670341259;Fidelity Abs Ret Glb Eq A-Acc-EUR;Fidelity Funds - Absolute Return Global Equity Fund A-Acc-EUR;FIL Investment Management (Luxembourg) S.à r.l.;Alternative Strategies;Market Neutral;Alternativo Market Neutral - RV USD;EUR;Luxemburgo;4;;;1.8;-1.77;4.32;3.1;;2023-08-23;True;False;2500;2026-09-03
LU2210151697;Fidelity Abs Ret Glb Eq A-PF-Acc-USD;Fidelity Funds - Absolute Return Global Equity Fund A-PF-Acc-USD;FIL Investment Management (Luxembourg) S.à r.l.;Alternative Strategies;Market Neutral;Alternativo Market Neutral - RV USD;USD;Luxemburgo;3;4;;1.8;-2.29;4.04;5.6;6.46;2020-09-24;True;False;2500;2026-09-03
LU1112015109;JPM Eurp Eq Abs Alp A perf acc USD H;JPMorgan Funds - Europe Equity Absolute Alpha Fund A (perf) (acc) USD (hedged);JPMorgan Asset Management (Europe) S.à r.l.;Alternative Strategies;Market Neutral;Alternativo Market Neutral - RV USD;USD;Luxemburgo;4;5;1.8;1.5;3.34;7.17;13.47;11.06;2014-09-23;True;False;35000;2026-09-03
IE00BLP5S353;Jupiter Merian Glb Eq Abs Rt L USD Acc;Jupiter Merian Global Equity Absolute Return Fund L USD Acc;Jupiter Asset Management (Europe) Limited;Alternative Strategies;Market Neutral;Alternativo Market Neutral - RV USD;USD;Irlanda;4;4;;1.5;6.15;12.75;12.1;11.02;2013-05-02;True;False;500;2026-09-03
LU1352906025;BSF BLK Sysmc Styl Fac Abs Rt A2 H €;BlackRock Strategic Funds - BLK Systematic Style Factor Absolute Return Fund Class A2 Hedged EUR;BlackRock (Luxembourg) SA;Alternative Strategies;Multialternative;Alternativo Multiestrategia EUR;EUR;Luxemburgo;4;5;;1.1;10.63;17.64;11.84;10.74;2017-06-07;True;False;5000;2026-09-03
ES0114860036;Bankinter Multiestrategia R FI;Bankinter Multiestrategia R FI;Bankinter Gestión de Activos SGIIC;Alternative Strategies;Multialternative;Alternativo Multiestrategia EUR;EUR;España;3;2;1.09;0.85;2.04;3.13;3.07;0.55;1992-03-12;True;False;1;2026-09-03
LU1093756242;Franklin Alt Strats A(acc)EUR-H1;Franklin Alternative Strategies Fund A(acc)EUR-H1;Franklin Templeton International Services S.à r.l.;Alternative Strategies;Multialternative;Alternativo Multiestrategia EUR;EUR;Luxemburgo;6;2;2.55;2.55;2.11;5.16;5.31;0.74;2014-09-15;True;False;;2026-09-03
LU1908333054;Franklin Alt Strats APF (acc)EUR-H1;Franklin Alternative Strategies Fund A PF (acc) EUR-H1;Franklin Templeton International Services S.à r.l.;Alternative Strategies;Multialternative;Alternativo Multiestrategia EUR;EUR;Luxemburgo;6;2;1.9;1.8;2.58;5.87;5.92;1.35;2018-11-30;True;False;;2026-09-03
LU1908333138;Franklin Alt Strats APF(Ydis)EUR-H1;Franklin Alternative Strategies Fund A PF (Ydis) EUR-H1;Franklin Templeton International Services S.à r.l.;Alternative Strategies;Multialternative;Alternativo Multiestrategia EUR;EUR;Luxemburgo;5;2;1.9;1.8;2.58;5.89;5.32;1.05;2018-11-30;True;False;;2026-09-03
LU0445386369;Nordea 1 - Alpha 10 MA Fd BP EUR;Nordea 1 - Alpha 10 MA Fund BP EUR;Nordea Investment Funds SA;Alternative Strategies;Multialternative;Alternativo Multiestrategia EUR;EUR;Luxemburgo;4;2;2;1.7;4.18;9.8;-0.19;-0.82;2009-09-30;True;False;0;2026-09-03
LU0607983896;Nordea 1 - Alpha 15 MA Fd BP EUR;Nordea 1 - Alpha 15 MA Fund BP EUR;Nordea Investment Funds SA;Alternative Strategies;Multialternative;Alternativo Multiestrategia EUR;EUR;Luxemburgo;5;2;2.29;2;5.69;14.16;-1.3;-2.1;2011-08-11;True;False;0;2026-09-03
LU1807426207;Nordea 1 - Alpha 7 MA Fd BP EUR;Nordea 1 - Alpha 7 MA Fund BP EUR;Nordea Investment Funds SA;Alternative Strategies;Multialternative;Alternativo Multiestrategia EUR;EUR;Luxemburgo;4;1;1.9;1.6;3.25;7.29;0.61;-0.21;2018-05-23;True;False;0;2026-09-03
LU1352905993;BSF BLK Sysmc Styl Fac Abs Rt A2 $;BlackRock Strategic Funds - BLK Systematic Style Factor Absolute Return Fund Class A2 USD;BlackRock (Luxembourg) SA;Alternative Strategies;Multialternative;Alternativo Multiestrategia USD;USD;Luxemburgo;4;4;;1.1;11.85;19.8;13.82;12.56;2016-02-29;True;False;5000;2026-09-03
LU1929549837;Franklin Alt Strats A (Acc) EUR;Franklin Alternative Strategies Fund A (Acc) EUR;Franklin Templeton International Services S.à r.l.;Alternative Strategies;Multialternative;Alternativo Multiestrategia USD;EUR;Luxemburgo;5;2;2.55;2.55;4.7;8.09;4.59;3.03;2019-01-18;True;False;;2026-09-03
LU1093756168;Franklin Alt Strats A(acc)USD;Franklin Alternative Strategies Fund A(acc)USD;Franklin Templeton International Services S.à r.l.;Alternative Strategies;Multialternative;Alternativo Multiestrategia USD;USD;Luxemburgo;6;3;2.75;2.55;3.25;7.11;7.19;2.59;2014-09-15;True;False;1000;2026-09-03
LU1882439323;Amundi Fds Abs Ret MS A EUR C;Amundi Funds - Absolute Return Multi-Strategy A EUR (C);Amundi Luxembourg S.A.;Alternative Strategies;Global Macro;Alternativo Trading Macro EUR;EUR;Luxemburgo;4;2;1.68;1.2;1.23;4.76;4.98;0.09;2008-12-12;True;False;1;2026-09-03
LU1561565588;Fulcrum Diversified Absolute Ret A € Acc;Fulcrum UCITS SICAV - Fulcrum Diversified Absolute Return Fund A EUR Acc;Fulcrum Asset Management LLP;Alternative Strategies;Global Macro;Alternativo Trading Macro EUR;EUR;Luxemburgo;3;3;;1.5;1.9;4.41;6;3.55;2017-02-28;True;False;10000;2026-09-03
LU0917670407;JPM Global Macro A acc EUR Hdg;JPMorgan Investment Funds - Global Macro Fund A (acc) EUR (hedged);JPMorgan Asset Management (Europe) S.à r.l.;Alternative Strategies;Global Macro;Alternativo Trading Macro EUR;EUR;Luxemburgo;4;2;;1.25;0;1.91;1.08;-1.16;2013-06-12;True;False;35000;2026-09-03
LU0917670829;JPM Global Macro D acc EUR Hdg;JPMorgan Investment Funds - Global Macro Fund D (acc) EUR (hedged);JPMorgan Asset Management (Europe) S.à r.l.;Alternative Strategies;Global Macro;Alternativo Trading Macro EUR;EUR;Luxemburgo;4;2;;1.25;-0.3;1.46;0.62;-1.61;2013-06-12;True;False;5000;2026-09-03
LU0095938881;JPM Global Macro Opps A acc EUR;JPMorgan Investment Funds - Global Macro Opportunities Fund A (acc) EUR;JPMorgan Asset Management (Europe) S.à r.l.;Alternative Strategies;Global Macro;Alternativo Trading Macro EUR;EUR;Luxemburgo;5;2;1.45;1.25;-0.32;2.66;0.7;-2.42;1998-10-23;True;False;35000;2026-09-03
LU0247991580;JPM Global Macro Opps A dist EUR;JPMorgan Investment Funds - Global Macro Opportunities Fund A (dist) EUR;JPMorgan Asset Management (Europe) S.à r.l.;Alternative Strategies;Global Macro;Alternativo Trading Macro EUR;EUR;Luxemburgo;5;2;1.45;1.25;-0.33;2.65;0.7;-2.42;2006-06-01;True;False;35000;2026-09-03
LU0115098948;JPM Global Macro Opps D acc EUR;JPMorgan Investment Funds - Global Macro Opportunities Fund D (acc) EUR;JPMorgan Asset Management (Europe) S.à r.l.;Alternative Strategies;Global Macro;Alternativo Trading Macro EUR;EUR;Luxemburgo;5;2;2.15;1.25;-0.79;1.95;-0.01;-3.1;2001-12-12;True;False;5000;2026-09-03
LU0235843108;JPM Global Macro D acc USD;JPMorgan Investment Funds - Global Macro Fund D (acc) USD;JPMorgan Asset Management (Europe) S.à r.l.;Alternative Strategies;Global Macro;Alternativo Trading Macro USD;USD;Luxemburgo;4;2;1.9;1.25;0.85;3.4;2.37;0.19;2005-11-28;True;False;5000;2026-09-03
LU1181866309;JPM Global Macro Opps A acc USD Hdg;JPMorgan Investment Funds - Global Macro Opportunities Fund A (acc) USD (hedged);JPMorgan Asset Management (Europe) S.à r.l.;Alternative Strategies;Global Macro;Alternativo Trading Macro USD;USD;Luxemburgo;5;2;1.45;1.25;0.89;4.73;2.44;-0.61;2015-02-05;True;False;35000;2026-09-03
LU0272941971;Amundi Fds Volatil Euro A EUR C;Amundi Funds - Volatility Euro A EUR (C);Amundi Luxembourg S.A.;Alternative Strategies;Options Trading;Alternativo Trading de Opciones;EUR;Luxemburgo;6;;1.59;1.2;2.55;0.74;1.62;1.18;2006-11-14;True;False;;2026-09-03
LU0557872479;Amundi Fds Volatil Wld A EUR C;Amundi Funds - Volatility World A EUR (C);Amundi Luxembourg S.A.;Alternative Strategies;Options Trading;Alternativo Trading de Opciones;EUR;Luxemburgo;6;;1.63;1.2;1.9;1.22;0.74;2.9;2011-06-15;True;False;;2026-09-03
LU0442406889;Amundi Fds Volatil Wld A EUR H C;Amundi Funds - Volatility World A EUR Hgd (C);Amundi Luxembourg S.A.;Alternative Strategies;Options Trading;Alternativo Trading de Opciones;EUR;Luxemburgo;6;;1.63;1.2;-0.45;-1.49;1.36;0.77;2009-09-15;True;False;;2026-09-03
LU0319687124;Amundi Fds Volatil Wld A USD C;Amundi Funds - Volatility World A USD (C);Amundi Luxembourg S.A.;Alternative Strategies;Options Trading;Alternativo Trading de Opciones;USD;Luxemburgo;6;;1.63;1.2;0.61;0.22;3.13;2.48;2007-11-15;True;False;1;2026-09-03
FR0010693689;AXA Court Terme P;AXA Court Terme P;BNP PARIBAS ASSET MANAGEMENT Europe;Capital Preservation;Euro Money Market;Mercado Monetario Corto Plazo EUR;EUR;Francia;1;;;0.6;1.37;2.02;2.87;2.08;2008-12-05;True;False;0;2026-09-03
FR0011399633;Amundi Euro Liquid Short Term Govies E C;Amundi Euro Liquidity Short Term Govies E C;Amundi Asset Management;Capital Preservation;Euro Money Market;Mercado Monetario Corto Plazo EUR;EUR;Francia;1;;;0.35;1.18;1.73;2.58;1.77;2013-03-15;True;False;10;2026-09-03
LU0432365988;BGF Euro Reserve A2;BlackRock Global Funds - Euro Reserve Fund A2;BlackRock (Luxembourg) SA;Capital Preservation;Euro Money Market;Mercado Monetario Corto Plazo EUR;EUR;Luxemburgo;1;;0.54;0.45;1.14;1.71;2.47;1.7;2009-07-24;True;False;5000;2026-09-03
LU0167237543;BNP Paribas InstiCash € 1D LVNAV C Cp;BNP Paribas InstiCash EUR 1D LVNAV Classic Capitalisation;BNP Paribas Asset Management Luxembourg;Capital Preservation;Euro Money Market;Mercado Monetario Corto Plazo EUR;EUR;Luxemburgo;1;;0.41;0.35;1.19;1.77;2.63;1.86;2003-07-03;True;False;0;2026-09-03
IE00B29LM454;BlackRock ICS Euro Liq Adm VI EUR Acc;BlackRock Institutional Cash Series Euro Liquidity Fund Admin VI EUR Acc;BlackRock Asset Management Ireland Ltd;Capital Preservation;Euro Money Market;Mercado Monetario Corto Plazo EUR;EUR;Irlanda;1;;;0.7;1.17;1.72;2.55;1.7;2007-11-27;True;False;25000;2026-09-03
LU0354091653;Candriam Money Market Euro AAA C Acc;Candriam Money Market Euro AAA C Acc EUR;Candriam;Capital Preservation;Euro Money Market;Mercado Monetario Corto Plazo EUR;EUR;Luxemburgo;1;;0.56;0.5;1.1;1.61;2.47;1.73;2008-04-14;True;False;0;2026-09-03
FR0010149161;Carmignac Court Terme A EUR Acc;Carmignac Court Terme A EUR Acc;Carmignac Gestion;Capital Preservation;Euro Money Market;Mercado Monetario Corto Plazo EUR;EUR;Francia;1;;0.5;0.75;1.19;1.74;2.58;1.9;1989-01-26;True;False;0;2026-09-03
FR0010288316;Groupama Entreprises NC;Groupama Entreprises NC;Groupama Asset Management;Capital Preservation;Euro Money Market;Mercado Monetario Corto Plazo EUR;EUR;Francia;1;;;0.58;1.32;1.95;2.84;2.04;2006-04-25;True;False;1;2026-09-03
LU1873127366;JPM EUR Liqdty LVNAV A acc.;JPMorgan Liquidity Funds - EUR Liquidity LVNAV Fund A (acc.);JPMorgan Asset Management (Europe) S.à r.l.;Capital Preservation;Euro Money Market;Mercado Monetario Corto Plazo EUR;EUR;Luxemburgo;1;;0.45;0.4;1.17;1.72;2.51;;2022-09-13;True;False;35000;2026-09-03
LU1873127879;JPM EUR Liqdty LVNAV D acc.;JPMorgan Liquidity Funds - EUR Liquidity LVNAV Fund D (acc.);JPMorgan Asset Management (Europe) S.à r.l.;Capital Preservation;Euro Money Market;Mercado Monetario Corto Plazo EUR;EUR;Luxemburgo;1;;0.5;0.45;1.14;1.67;2.44;;2022-09-13;True;False;10000;2026-09-03
LU0252499412;JPM EUR Money Market VNAV A acc EUR;JPMorgan Funds - EUR Money Market VNAV Fund A (acc) EUR;JPMorgan Asset Management (Europe) S.à r.l.;Capital Preservation;Euro Money Market;Mercado Monetario Corto Plazo EUR;EUR;Luxemburgo;1;;0.37;0.25;1.2;1.77;2.59;1.82;2006-05-22;True;False;35000;2026-09-03
LU0252500524;JPM EUR Money Market VNAV D acc EUR;JPMorgan Funds - EUR Money Market VNAV Fund D (acc) EUR;JPMorgan Asset Management (Europe) S.à r.l.;Capital Preservation;Euro Money Market;Mercado Monetario Corto Plazo EUR;EUR;Luxemburgo;1;;0.61;0.4;1.04;1.52;2.33;1.64;2006-08-30;True;False;5000;2026-09-03
LU0128494191;Pictet-Short-Term Money Market EUR P;Pictet-Short-Term Money Market EUR P;Pictet Asset Management (Europe) SA;Capital Preservation;Euro Money Market;Mercado Monetario Corto Plazo EUR;EUR;Luxemburgo;1;;0.24;0.3;1.33;1.96;2.81;1.98;1998-10-08;True;False;0;2026-09-03
LU0128495834;Pictet-Short-Term Money Market EUR R;Pictet-Short-Term Money Market EUR R;Pictet Asset Management (Europe) SA;Capital Preservation;Euro Money Market;Mercado Monetario Corto Plazo EUR;EUR;Luxemburgo;1;;0.37;0.6;1.24;1.83;2.68;1.85;2001-05-07;True;False;0;2026-09-03
LU0090865873;abrdn Liquidity-Euro Fund A-2 Acc EUR;abrdn Liquidity Fund (Lux) - Euro Fund A-2 Acc EUR;abrdn Investments Luxembourg S.A.;Capital Preservation;Euro Money Market;Mercado Monetario Corto Plazo EUR;EUR;Luxemburgo;1;;;;1.28;1.86;2.76;1.98;1990-07-23;True;False;500;2026-09-03
LU1925356468;BNP Paribas InstiCash GBP 1D LVNAV Cl D;BNP Paribas InstiCash GBP 1D LVNAV Classic Dis;BNP Paribas Asset Management Luxembourg;Capital Preservation;Sterling Money Market;Mercado Monetario Corto Plazo GBP;GBP;Luxemburgo;1;;0.42;0.35;1.58;2.86;4.08;3.25;2020-02-14;True;False;;2026-09-03
LU0070177588;JPM GBP Std Mny Mkt VNAV A acc.;JPMorgan Liquidity Funds - GBP Standard Money Market VNAV Fund A (acc.);JPMorgan Asset Management (Europe) S.à r.l.;Capital Preservation;Sterling Money Market;Mercado Monetario Corto Plazo GBP;GBP;Luxemburgo;1;;0.45;0.4;2.38;3.75;4.45;3.35;1996-04-15;True;False;30000;2026-09-03
LU0161688402;JPM GBP Std Mny Mkt VNAV D acc.;JPMorgan Liquidity Funds - GBP Standard Money Market VNAV Fund D (acc.);JPMorgan Asset Management (Europe) S.à r.l.;Capital Preservation;Sterling Money Market;Mercado Monetario Corto Plazo GBP;GBP;Luxemburgo;1;;0.5;0.45;2.34;3.7;4.38;3.28;2008-05-07;True;False;6000;2026-09-03
LU0049015760;abrdn Liquidity-Sterling Fund A-2 AccGBP;abrdn Liquidity Fund (Lux) - Sterling Fund A-2 Acc GBP;abrdn Investments Luxembourg S.A.;Capital Preservation;Sterling Money Market;Mercado Monetario Corto Plazo GBP;GBP;Luxemburgo;1;;;0.5;2.37;3.64;4.35;3.37;1985-07-01;True;False;500;2026-09-03
LU0090845503;BGF US Dollar Reserve E2;BlackRock Global Funds - US Dollar Reserve Fund E2;BlackRock (Luxembourg) SA;Capital Preservation;US Money Market;Mercado Monetario Corto Plazo USD;USD;Luxemburgo;1;;0.79;0.45;2.03;3.23;4;3.17;1998-09-01;True;False;5000;2026-09-03
LU0167238863;BNP Paribas InstiCash USD 1D LVNAV Cl C;BNP Paribas InstiCash USD 1D LVNAV Classic Cap;BNP Paribas Asset Management Luxembourg;Capital Preservation;US Money Market;Mercado Monetario Corto Plazo USD;USD;Luxemburgo;1;;0.41;0.35;2.34;3.67;4.44;3.65;2003-06-13;True;False;;2026-09-03
IE00B2Q5LL07;GS USD Treasury Liq Res Adm Acc;Goldman Sachs US$ Treasury Liquid Reserves Fund Administration Acc;Goldman Sachs Asset Management Fund Services Ltd;Capital Preservation;US Money Market;Mercado Monetario Corto Plazo USD;USD;Irlanda;1;;;0.2;2.21;3.45;4.22;3.4;2008-04-03;True;False;100000;2026-09-03
IE00B3DWSS75;GS USD Treasury Liq Res Super Adm Acc;Goldman Sachs US$ Treasury Liquid Reserves Fund Super Administration Acc;Goldman Sachs Asset Management Fund Services Ltd;Capital Preservation;US Money Market;Mercado Monetario Corto Plazo USD;USD;Irlanda;1;;;0.2;2.04;3.19;3.96;3.17;2008-10-20;True;False;10000;2026-09-03
LU1873130741;JPM USD Liquidity LVNAV A acc.;JPMorgan Liquidity Funds - USD Liquidity LVNAV Fund A (acc);JPMorgan Asset Management (Europe) S.à r.l.;Capital Preservation;US Money Market;Mercado Monetario Corto Plazo USD;USD;Luxemburgo;1;;0.45;0.4;2.26;3.58;4.33;3.49;2018-12-03;True;False;35000;2026-09-03
LU1873131392;JPM USD Liquidity LVNAV D acc.;JPMorgan Liquidity Funds - USD Liquidity LVNAV Fund D (acc);JPMorgan Asset Management (Europe) S.à r.l.;Capital Preservation;US Money Market;Mercado Monetario Corto Plazo USD;USD;Luxemburgo;1;;0.5;0.45;2.23;3.53;4.26;;2022-09-13;True;False;10000;2026-09-03
LU0945454980;JPM USD Money Market VNAV A acc USD;JPMorgan Funds - USD Money Market VNAV Fund A (acc) - USD;JPMorgan Asset Management (Europe) S.à r.l.;Capital Preservation;US Money Market;Mercado Monetario Corto Plazo USD;USD;Luxemburgo;1;;;0.25;2.31;3.6;4.38;3.55;2014-06-06;True;False;35000;2026-09-03
LU1873132101;JPM USD Treasury CNAV A acc.;JPMorgan Liquidity Funds - USD Treasury CNAV Fund A (acc.);JPMorgan Asset Management (Europe) S.à r.l.;Capital Preservation;US Money Market;Mercado Monetario Corto Plazo USD;USD;Luxemburgo;1;;;0.4;2.18;3.43;4.16;;2018-12-03;True;False;35000;2026-09-03
LU1873132523;JPM USD Treasury CNAV D acc.;JPMorgan Liquidity Funds - USD Treasury CNAV Fund D (acc.);JPMorgan Asset Management (Europe) S.à r.l.;Capital Preservation;US Money Market;Mercado Monetario Corto Plazo USD;USD;Luxemburgo;1;;;0.45;2.15;3.38;4.09;;2018-12-03;True;False;10000;2026-09-03
LU0128496485;Pictet-Short-Term Money Market USD P;Pictet-Short-Term Money Market USD P;Pictet Asset Management (Europe) SA;Capital Preservation;US Money Market;Mercado Monetario Corto Plazo USD;USD;Luxemburgo;1;;0.31;0.3;2.42;3.8;4.61;3.79;1997-08-26;True;False;0;2026-09-03
LU0128497293;Pictet-Short-Term Money Market USD P dy;Pictet-Short-Term Money Market USD P dy;Pictet Asset Management (Europe) SA;Capital Preservation;US Money Market;Mercado Monetario Corto Plazo USD;USD;Luxemburgo;1;;0.31;0.3;2.42;3.8;4.61;3.86;1997-08-26;True;False;0;2026-09-03
LU0366537446;Pictet-Sovereign Short-Term MM USD P;Pictet-Sovereign Short-Term Money Market USD P;Pictet Asset Management (Europe) SA;Capital Preservation;US Money Market;Mercado Monetario Corto Plazo USD;USD;Luxemburgo;1;;0.25;0.3;2.41;3.76;4.52;3.66;2008-06-16;True;False;0;2026-09-03
LU0049014870;abrdn Liquidity-US Dollar Fund A-2AccUSD;abrdn Liquidity Fund (Lux) - US Dollar Fund A-2 Acc USD;abrdn Investments Luxembourg S.A.;Capital Preservation;US Money Market;Mercado Monetario Corto Plazo USD;USD;Luxemburgo;1;;;0.5;2.28;3.56;4.39;3.56;1984-09-17;True;False;500;2026-09-03
FR0011408764;Amundi Euro Liquidity-Rated Responsbl P;Amundi Euro Liquidity-Rated Responsible P;Amundi Asset Management;Capital Preservation;Euro Money Market;Mercado Monetario EUR;EUR;Francia;1;;;1;1.26;1.85;2.7;1.88;2013-03-28;True;False;1;2026-09-03
LU0568620560;Amundi Fds Cash EUR A2 EUR C;Amundi Funds - Cash EUR A2 EUR (C);Amundi Luxembourg S.A.;Capital Preservation;Euro Money Market;Mercado Monetario EUR;EUR;Luxemburgo;1;;0.68;0.75;1.1;1.62;2.5;1.74;2011-06-24;True;False;0;2026-09-03
LU0083138064;BNP Paribas Euro Money Market C Cap;BNP Paribas Funds Euro Money Market Classic Capitalisation;BNP Paribas Asset Management Luxembourg;Capital Preservation;Euro Money Market;Mercado Monetario EUR;EUR;Luxemburgo;1;;;0.5;1.21;1.79;2.66;1.9;1991-02-08;True;False;0;2026-09-03
LU0083137926;BNP Paribas Euro Money Market C Dis;BNP Paribas Funds Euro Money Market Classic Distribution;BNP Paribas Asset Management Luxembourg;Capital Preservation;Euro Money Market;Mercado Monetario EUR;EUR;Luxemburgo;1;;;0.5;1.21;1.79;2.66;1.9;1991-02-08;True;False;0;2026-09-03
LU0423950210;BNPP InstiCash EUR 3M Cl Cap;BNP Paribas InstiCash EUR 3M Classic Cap;BNP Paribas Asset Management Luxembourg;Capital Preservation;Euro Money Market;Mercado Monetario EUR;EUR;Luxemburgo;1;;0.41;0.35;1.3;1.91;2.78;1.97;2009-05-12;True;False;0;2026-09-03
ES0114821038;Bankinter Ahorro Activos Euro R FI;Bankinter Ahorro Activos Euro R FI;Bankinter Gestión de Activos SGIIC;Capital Preservation;Euro Money Market;Mercado Monetario EUR;EUR;España;1;;0.7;0.6;0.97;1.45;2.43;1.38;1997-12-23;True;False;1;2026-09-03
ES0113921037;Bankinter Capital 1 FI;Bankinter Capital 1 FI;Bankinter Gestión de Activos SGIIC;Capital Preservation;Euro Money Market;Mercado Monetario EUR;EUR;España;1;;0.76;0.7;0.95;1.4;2.21;1.31;2006-11-16;True;False;1;2026-09-03
ES0114801030;Bankinter Capital 2 FI;Bankinter Capital 2 FI;Bankinter Gestión de Activos SGIIC;Capital Preservation;Euro Money Market;Mercado Monetario EUR;EUR;España;1;;0.61;0.5;1.07;1.59;2.4;1.49;1997-12-23;True;False;6000;2026-09-03
ES0115155030;Bankinter Capital 3 FI;Bankinter Capital 3 FI;Bankinter Gestión de Activos SGIIC;Capital Preservation;Euro Money Market;Mercado Monetario EUR;EUR;España;1;;0.46;0.4;1.14;1.69;2.5;1.62;2003-01-28;True;False;60000;2026-09-03
ES0127186031;Bankinter Capital 4 FI;Bankinter Capital 4 FI;Bankinter Gestión de Activos SGIIC;Capital Preservation;Euro Money Market;Mercado Monetario EUR;EUR;España;1;;0.2;0.3;1.21;1.79;2.63;1.8;2000-08-17;True;False;600000;2026-09-03
ES0114868039;Bankinter Capital Plus FI;Bankinter Capital Plus FI;Bankinter Gestión de Activos SGIIC;Capital Preservation;Euro Money Market;Mercado Monetario EUR;EUR;España;1;;0.53;0.45;1.1;1.62;2.45;1.52;1991-04-01;True;False;1;2026-09-03
LU0093583077;Candriam Money Market Euro C Acc;Candriam Money Market Euro C Acc EUR;Candriam;Capital Preservation;Euro Money Market;Mercado Monetario EUR;EUR;Luxemburgo;1;;0.61;0.5;1.15;1.7;2.56;1.7;1990-07-16;True;False;0;2026-09-03
FR0013314234;Groupama Trésorerie NC;Groupama Trésorerie NC;Groupama Asset Management;Capital Preservation;Euro Money Market;Mercado Monetario EUR;EUR;Francia;1;;;0.58;1.35;2;2.89;;2022-02-03;True;False;1;2026-09-03
LU2095450123;JPM EUR Std Mny Mkt VNAV A acc.;JPMorgan Liquidity Funds - EUR Standard Money Market VNAV Fund A (acc.);JPMorgan Asset Management (Europe) S.à r.l.;Capital Preservation;Euro Money Market;Mercado Monetario EUR;EUR;Luxemburgo;1;;0.45;0.4;1.25;1.83;2.65;;2022-07-25;True;False;35000;2026-09-03
LU2095450636;JPM EUR Std Mny Mkt VNAV D acc.;JPMorgan Liquidity Funds - EUR Standard Money Market VNAV Fund D (acc.);JPMorgan Asset Management (Europe) S.à r.l.;Capital Preservation;Euro Money Market;Mercado Monetario EUR;EUR;Luxemburgo;1;;0.5;0.45;1.21;1.78;2.58;;2022-07-25;True;False;10000;2026-09-03
LU0006344922;UBS (Lux) Money Market EUR P-acc;UBS (Lux) Money Market Fund - EUR P-acc;UBS Asset Management (Europe) S.A.;Capital Preservation;Euro Money Market;Mercado Monetario EUR;EUR;Luxemburgo;1;;0.51;0.4;1.13;1.64;2.47;1.72;1989-10-09;True;False;0;2026-09-03
LU0006277635;UBS (Lux) Money Market GBP P-acc;UBS (Lux) Money Market Fund - GBP P-acc;UBS Asset Management (Europe) S.A.;Capital Preservation;Sterling Money Market;Mercado Monetario GBP;GBP;Luxemburgo;1;;0.53;0.4;2.31;3.55;4.24;3.21;1988-11-25;True;False;;2026-09-03
LU1397021822;UBS (Lux) Mny Mkt USD CAD H P-acc;UBS (Lux) Money Market Fund - USD (CAD hedged) P-acc;UBS Asset Management (Europe) S.A.;Capital Preservation;US Money Market;Mercado Monetario Otros;CAD;Luxemburgo;1;;0.56;0.44;1.08;1.79;2.98;2.59;2016-07-05;True;False;0;2026-09-03
LU0568621618;Amundi Fds Cash USD A2 USD C;Amundi Funds - Cash USD A2 USD (C);Amundi Luxembourg S.A.;Capital Preservation;US Money Market;Mercado Monetario USD;USD;Luxemburgo;1;;0.48;0.75;2.33;3.66;4.5;3.7;2011-06-24;True;False;0;2026-09-03
LU0012186622;BNP Paribas USD Money Market Classic C;BNP Paribas Funds USD Money Market Classic C;BNP Paribas Asset Management Luxembourg;Capital Preservation;US Money Market;Mercado Monetario USD;USD;Luxemburgo;1;;;0.5;2.37;3.71;4.47;3.7;1990-07-26;True;False;0;2026-09-03
LU0012186549;BNP Paribas USD Money Market Classic D;BNP Paribas Funds USD Money MarketClassicD;BNP Paribas Asset Management Luxembourg;Capital Preservation;US Money Market;Mercado Monetario USD;USD;Luxemburgo;1;;;0.5;2.37;3.71;4.47;3.7;1990-07-26;True;False;0;2026-09-03
LU0011815304;JPM USD Std Mny Mkt VNAV A acc.;JPMorgan Liquidity Funds - USD Standard Money Market VNAV Fund A (acc.);JPMorgan Asset Management (Europe) S.à r.l.;Capital Preservation;US Money Market;Mercado Monetario USD;USD;Luxemburgo;1;;0.45;0.4;2.32;3.71;4.52;3.62;1987-01-12;True;False;35000;2026-09-03
LU0161687693;JPM USD Std Mny Mkt VNAV D acc.;JPMorgan Liquidity Funds - USD Standard Money Market VNAV Fund D (acc.);JPMorgan Asset Management (Europe) S.à r.l.;Capital Preservation;US Money Market;Mercado Monetario USD;USD;Luxemburgo;1;;0.5;0.45;2.28;3.66;4.45;3.55;2009-01-07;True;False;10000;2026-09-03
LU0006277684;UBS (Lux) Mny Mkt USD P-acc;UBS (Lux) Money Market Fund - USD P-acc;UBS Asset Management (Europe) S.A.;Capital Preservation;US Money Market;Mercado Monetario USD;USD;Luxemburgo;1;;0.51;0.4;2.19;3.54;4.32;3.46;1988-11-25;True;False;;2026-09-03
BE6213828088;DPAM B Real Est Eur Sus Div A;DPAM B - Real Estate Europe Dividend Sustainable A Dis;Degroof Petercam Asset Management SA;Equity;Real Estate Sector Equity;Inmobiliario - Indirecto Europa;EUR;Bélgica;6;4;1.82;1.6;-1.22;-2.6;6.24;-3.01;2010-12-28;True;False;1;2026-09-03
BE6213829094;DPAM B Real Est Eur Sus Div B;DPAM B - Real Estate Europe Dividend Sustainable B Cap;Degroof Petercam Asset Management SA;Equity;Real Estate Sector Equity;Inmobiliario - Indirecto Europa;EUR;Bélgica;6;4;1.79;1.6;-1.2;-2.57;6.26;-3.39;2010-12-28;True;False;1;2026-09-03
LU0088927925;Janus Henderson HrznPaEurPropertyEqA2EUR;Janus Henderson Horizon Pan European Property Equities Fund A2 EUR;Janus Henderson Investors;Equity;Real Estate Sector Equity;Inmobiliario - Indirecto Europa;EUR;Luxemburgo;6;4;1.87;1.2;-2.12;1.96;4.99;-5.94;1998-07-01;True;False;2500;2026-09-03
LU1328852659;Amundi IS FTSE EPRA NAREIT Global AE-C;Amundi Index Solutions - Amundi FTSE EPRA NAREIT Global AE-C;Amundi Luxembourg S.A.;Equity;Real Estate Sector Equity;Inmobiliario - Indirecto Global;EUR;Luxemburgo;5;3;;0.15;10.39;10.02;6.67;0.61;2015-12-11;True;True;;2026-09-03
LU0250181095;GS Gbl Real Estate EQ-P Cap USD;Goldman Sachs Global Real Estate Equity (Former NN) - P Cap USD;Goldman Sachs Asset Management B.V.;Equity;Real Estate Sector Equity;Inmobiliario - Indirecto Global;USD;Luxemburgo;6;2;;1.5;7.75;6.77;6.65;-1.96;2007-05-07;True;False;;2026-09-03
IE0033534441;Janus Henderson Glb Rl EstEqInc A3qUSD;Janus Henderson Capital Funds plc - Global Real Estate Equity Income Fund Class A3q USD;Janus Henderson Investors;Equity;Real Estate Sector Equity;Inmobiliario - Indirecto Global;USD;Irlanda;6;5;2.22;1.25;10.09;10.14;8.88;0.1;2003-09-29;True;False;2500;2026-09-03
LU0264738294;Janus Henderson Hrzn GlblPtyEqsA2EUR;Janus Henderson Horizon Global Property Equities Fund A2 EUR;Janus Henderson Investors;Equity;Real Estate Sector Equity;Inmobiliario - Indirecto Global;EUR;Luxemburgo;5;3;1.87;1.2;9.47;10.04;4.26;-1.46;2006-01-03;True;False;2500;2026-09-03
LU0209137388;Janus Henderson Hrzn GlblPtyEqsA2USD;Janus Henderson Horizon Global Property Equities Fund A2 USD;Janus Henderson Investors;Equity;Real Estate Sector Equity;Inmobiliario - Indirecto Global;USD;Luxemburgo;6;3;1.87;1.2;8.32;9.55;6.68;-1.88;2005-01-03;True;False;2500;2026-09-03
LU0209137206;Janus Henderson Hrzn GlblPtyEqsA3qUSD;Janus Henderson Horizon Global Property Equities Fund A3q USD;Janus Henderson Investors;Equity;Real Estate Sector Equity;Inmobiliario - Indirecto Global;USD;Luxemburgo;6;3;1.87;1.2;8.32;9.49;6.67;-1.89;2005-01-03;True;False;2500;2026-09-03
LU0828244219;Janus Henderson Hrzn GlblPtyEqsA2HEUR;Janus Henderson Horizon Global Property Equities Fund A2 HEUR;Janus Henderson Investors;Equity;Real Estate Sector Equity;Inmobiliario - Indirecto Otros;EUR;Luxemburgo;6;;1.87;1.2;6.86;7.25;4.34;-4.21;2012-10-11;True;False;2500;2026-09-03
FR0000172041;AXA Aedificandi AC;AXA Aedificandi AC;BNP Paribas Real Estate Investment Management France;Equity;Real Estate Sector Equity;Inmobiliario - Indirecto Zona Euro;EUR;Francia;6;4;;2.39;-2.33;-5.26;5.29;-5.58;2003-04-28;True;False;0;2026-09-03
DE0009769869;DWS Aktien Strategie Deutschland LC;DWS Aktien Strategie Deutschland LC;DWS Investment GmbH;Equity;Europe Equity Large Cap;RV Alemania;EUR;Alemania;6;2;1.44;1.4;3.37;7.95;11.07;2.98;1999-02-01;True;False;0;2026-09-03
DE0008490962;DWS Deutschland LC;DWS Deutschland LC;DWS Investment GmbH;Equity;Europe Equity Large Cap;RV Alemania;EUR;Alemania;6;2;1.4;1.4;4.68;7.91;11.74;4.22;1993-10-20;True;False;0;2026-09-03
LU0740822621;DWS Invest German Equities LC;DWS Invest German Equities LC;DWS Investment S.A.;Equity;Europe Equity Large Cap;RV Alemania;EUR;Luxemburgo;6;2;1.62;1.5;5.42;8.79;11.95;4.03;2012-08-20;True;False;0;2026-09-03
LU0740822977;DWS Invest German Equities LD;DWS Invest German Equities LD;DWS Investment S.A.;Equity;Europe Equity Large Cap;RV Alemania;EUR;Luxemburgo;6;2;1.62;1.5;5.42;8.79;11.95;4.02;2012-08-20;True;False;0;2026-09-03
LU0261948227;Fidelity Germany A-Acc-EUR;Fidelity Funds - Germany Fund A-Acc-EUR;FIL Investment Management (Luxembourg) S.à r.l.;Equity;Europe Equity Large Cap;RV Alemania;EUR;Luxemburgo;6;4;;1.5;5.77;10.02;16.36;6.69;2006-09-25;True;False;2500;2026-09-03
LU0048580004;Fidelity Germany A-Dis-EUR;Fidelity Funds - Germany Fund A-DIST-EUR;FIL Investment Management (Luxembourg) S.à r.l.;Equity;Europe Equity Large Cap;RV Alemania;EUR;Luxemburgo;6;4;;1.5;5.75;10.01;16.34;6.69;1990-10-01;True;False;;2026-09-03
LU0775052292;UBS (Lux) ES German Opp € P acc;UBS (Lux) Equity SICAV - German Opportunity (EUR) P-acc;UBS Asset Management (Europe) S.A.;Equity;Europe Equity Large Cap;RV Alemania;EUR;Luxemburgo;5;4;1.57;1.2;11.84;13.05;15.36;8.49;2012-07-13;True;False;0;2026-09-03
LU0048573645;Fidelity ASEAN A-Dis-USD;Fidelity Funds - ASEAN Fund A-DIST-USD;FIL Investment Management (Luxembourg) S.à r.l.;Equity;Asia ex-Japan Equity;RV Asia;USD;Luxemburgo;5;3;;1.5;7.65;11.1;10.25;4.48;1990-10-01;True;False;2500;2026-09-03
LU0441852612;JPM ASEAN Equity A acc EUR;JPMorgan Funds - ASEAN Equity Fund A (acc) EUR;JPMorgan Asset Management (Europe) S.à r.l.;Equity;Asia ex-Japan Equity;RV Asia;EUR;Luxemburgo;5;4;1.8;1.5;12.41;15.16;9.19;6.07;2009-09-04;True;False;35000;2026-09-03
LU0072462343;BGF Asian Dragon A2;BlackRock Global Funds - Asian Dragon Fund A2;BlackRock (Luxembourg) SA;Equity;Asia ex-Japan Equity;RV Asia (ex-Japón);USD;Luxemburgo;6;2;1.83;1.5;20.62;34.67;18.35;5.55;1997-01-02;True;False;5000;2026-09-03
LU0171269466;BGF Asian Dragon A2 EUR;BlackRock Global Funds - Asian Dragon Fund A2 EUR;BlackRock (Luxembourg) SA;Equity;Asia ex-Japan Equity;RV Asia (ex-Japón);EUR;Luxemburgo;6;2;1.83;1.5;21.9;35.33;15.67;6.01;1997-01-02;True;False;;2026-09-03
LU0147401631;BGF Asian Dragon E2;BlackRock Global Funds - Asian Dragon Fund E2;BlackRock (Luxembourg) SA;Equity;Asia ex-Japan Equity;RV Asia (ex-Japón);USD;Luxemburgo;6;2;2.33;1.5;20.2;33.99;17.75;5.02;2002-07-18;True;False;5000;2026-09-03
LU0171270985;BGF Asian Dragon E2 EUR;BlackRock Global Funds - Asian Dragon Fund E2 EUR;BlackRock (Luxembourg) SA;Equity;Asia ex-Japan Equity;RV Asia (ex-Japón);EUR;Luxemburgo;6;2;2.33;1.5;21.5;34.66;15.09;5.48;2002-07-18;True;False;;2026-09-03
LU0823397103;BNP Paribas Asia Ex-Jpn Eq Cl Cap;BNP Paribas Funds Asia Ex-Japan Equity Classic Capitalisation;BNP Paribas Asset Management Luxembourg;Equity;Asia ex-Japan Equity;RV Asia (ex-Japón);USD;Luxemburgo;6;3;1.52;1.5;35.11;45.91;23.92;6.49;2013-05-17;True;False;0;2026-09-03
LU1048814831;FAST - Asia Fund A-PF-ACC-EUR;Fidelity Active Strategy - FAST - Asia Fund A-PF-ACC-EUR;FIL Investment Management (Luxembourg) S.à r.l.;Equity;Asia ex-Japan Equity;RV Asia (ex-Japón);EUR;Luxemburgo;6;1;1.95;1.5;7.64;8.23;6.39;0.73;2014-04-02;True;False;;2026-09-03
LU0261946445;Fidelity Asia Eq ESG A-Acc-EUR;Fidelity Funds - Asia Equity ESG Fund A-Acc-EUR;FIL Investment Management (Luxembourg) S.à r.l.;Equity;Asia ex-Japan Equity;RV Asia (ex-Japón);EUR;Luxemburgo;6;3;;1.5;23.15;36.55;13.86;4.76;2006-09-25;True;False;2500;2026-09-03
LU0261947096;Fidelity Asia Eq ESG A-Acc-USD;Fidelity Funds - Asia Equity ESG Fund A-Acc-USD;FIL Investment Management (Luxembourg) S.à r.l.;Equity;Asia ex-Japan Equity;RV Asia (ex-Japón);USD;Luxemburgo;6;3;;1.5;21.69;35.86;16.63;4.29;2006-09-25;True;False;2500;2026-09-03
LU0069452877;Fidelity Asia Eq ESG A-Dis-EUR;Fidelity Funds - Asia Equity ESG Fund A-DIST-EUR;FIL Investment Management (Luxembourg) S.à r.l.;Equity;Asia ex-Japan Equity;RV Asia (ex-Japón);EUR;Luxemburgo;6;3;;1.5;23.25;36.59;13.87;4.78;2004-02-16;True;False;;2026-09-03
LU0413542167;Fidelity Asian Special Sits A-Acc-EUR;Fidelity Funds - Asian Special Situations Fund A-Acc-EUR;FIL Investment Management (Luxembourg) S.à r.l.;Equity;Asia ex-Japan Equity;RV Asia (ex-Japón);EUR;Luxemburgo;6;3;;1.5;41;60.61;22.97;8.57;2009-02-23;True;False;2500;2026-09-03
LU0261950983;Fidelity Asian Special Sits A-Acc-USD;Fidelity Funds - Asian Special Situations Fund A-Acc-USD;FIL Investment Management (Luxembourg) S.à r.l.;Equity;Asia ex-Japan Equity;RV Asia (ex-Japón);USD;Luxemburgo;6;3;;1.5;39.31;59.78;25.96;8.08;2006-09-25;True;False;2500;2026-09-03
LU0329678410;Fidelity Emerging Asia A-Acc-EUR;Fidelity Funds - Emerging Asia Fund A-Acc-EUR;FIL Investment Management (Luxembourg) S.à r.l.;Equity;Asia ex-Japan Equity;RV Asia (ex-Japón);EUR;Luxemburgo;6;3;;1.5;22.4;34.78;16.81;9.32;2008-04-21;True;False;2500;2026-09-03
LU0329678337;Fidelity Emerging Asia A-Acc-USD;Fidelity Funds - Emerging Asia Fund A-Acc-USD;FIL Investment Management (Luxembourg) S.à r.l.;Equity;Asia ex-Japan Equity;RV Asia (ex-Japón);USD;Luxemburgo;6;3;;1.5;20.91;34.06;19.66;8.82;2008-04-21;True;False;2500;2026-09-03
LU0075112721;Invesco Asia Opportunities Eq A USD Acc;Invesco Funds - Invesco Asia Opportunities Equity Fund A Accumulation USD;Invesco Management S.A.;Equity;Asia ex-Japan Equity;RV Asia (ex-Japón);USD;Luxemburgo;6;2;;1.5;21.72;30.28;19.36;4.31;1999-08-09;True;False;1500;2026-09-03
LU0115143082;Invesco Asia Opportunities Eq E EUR Acc;Invesco Funds - Invesco Asia Opportunities Equity Fund E Accumulation EUR;Invesco Management S.A.;Equity;Asia ex-Japan Equity;RV Asia (ex-Japón);EUR;Luxemburgo;6;2;;2.25;22.94;29.98;15.93;4.03;2000-08-14;True;False;500;2026-09-03
LU1775951525;Invesco Asian Equity A USD AD;Invesco Funds - Invesco Asian Equity Fund A Annual Distribution USD;Invesco Management S.A.;Equity;Asia ex-Japan Equity;RV Asia (ex-Japón);USD;Luxemburgo;6;5;;1.5;19.58;33.17;19.54;9.08;2018-09-07;True;False;1500;2026-09-03
LU1775949628;Invesco Asian Equity A USD Acc;Invesco Funds - Invesco Asian Equity Fund A Accumulation USD;Invesco Management S.A.;Equity;Asia ex-Japan Equity;RV Asia (ex-Japón);USD;Luxemburgo;6;4;;1.5;19.59;33.24;19.56;9.09;2018-09-07;True;False;1500;2026-09-03
LU1775950477;Invesco Asian Equity E EUR Acc;Invesco Funds - Invesco Asian Equity Fund E Accumulation EUR;Invesco Management S.A.;Equity;Asia ex-Japan Equity;RV Asia (ex-Japón);EUR;Luxemburgo;6;4;;2.25;20.79;32.87;16.1;8.78;2018-09-07;True;False;500;2026-09-03
LU1378878430;MS INVF Asia Opportunity A;Morgan Stanley Investment Funds - Asia Opportunity Fund A;MSIM Fund Management (Ireland) Limited;Equity;Asia ex-Japan Equity;RV Asia (ex-Japón);USD;Luxemburgo;6;2;1.89;1.6;11.06;8.72;9.54;-1.71;2016-03-31;True;False;0;2026-09-03
LU2295319219;MS INVF Asia Opportunity A EUR;Morgan Stanley Investment Funds - Asia Opportunity Fund A (EUR);MSIM Fund Management (Ireland) Limited;Equity;Asia ex-Japan Equity;RV Asia (ex-Japón);EUR;Luxemburgo;6;1;1.89;1.6;12.27;9.24;7.06;-1.28;2021-02-26;True;False;;2026-09-03
LU0593848723;Mirae Asset ESG Asia Grt Cnsmr Eq A EUR;Mirae Asset Global Discovery Fund - ESG Asia Great Consumer Equity Fund A EUR Capitalization;Mirae Asset Global Investments (HK) Ltd;Equity;Asia ex-Japan Equity;RV Asia (ex-Japón);EUR;Luxemburgo;6;1;;2;23.2;25.41;9.37;-3.12;2013-02-05;True;False;0;2026-09-03
LU0593848301;Mirae Asset ESG Asia Grt Cnsmr Eq A USD;Mirae Asset Global Discovery Fund - ESG Asia Great Consumer Equity Fund A USD Capitalization;Mirae Asset Global Investments (HK) Ltd;Equity;Asia ex-Japan Equity;RV Asia (ex-Japón);USD;Luxemburgo;6;1;;2;21.35;24.7;11.77;-3.57;2011-06-07;True;False;0;2026-09-03
LU0336299580;Mirae Asst ESG Asia Sect Ldr Eq A EURCap;Mirae Asset Global Discovery Fund - ESG Asia Sector Leader Equity Fund A EUR Cap;Mirae Asset Global Investments (HK) Ltd;Equity;Asia ex-Japan Equity;RV Asia (ex-Japón);EUR;Luxemburgo;6;2;;2;31.74;40.96;18.29;7.12;2014-10-06;True;False;0;2026-09-03
LU0336299408;Mirae Asst ESG Asia Sect Ldr Eq A USD;Mirae Asset Global Discovery Fund - ESG Asia Sector Leader Equity Fund A USD;Mirae Asset Global Investments (HK) Ltd;Equity;Asia ex-Japan Equity;RV Asia (ex-Japón);USD;Luxemburgo;6;2;;2;29.73;40.15;20.84;6.61;2013-05-17;True;False;0;2026-09-03
LU0591059224;Robeco Asian Stars Equities D €;Robeco Asian Stars Equities D €;Robeco Institutional Asset Management BV;Equity;Asia ex-Japan Equity;RV Asia (ex-Japón);EUR;Luxemburgo;6;4;1.5;1.5;24.44;37.57;16.26;9.73;2011-03-18;True;False;0;2026-09-03
LU0248184466;Schroder ISF Asian Opports A Acc EUR;Schroder International Selection Fund Asian Opportunities A Accumulation EUR;Schroder Investment Management (Europe) S.A.;Equity;Asia ex-Japan Equity;RV Asia (ex-Japón);EUR;Luxemburgo;6;3;1.84;1.5;27.09;43.84;18.8;6.88;2006-03-22;True;False;1000;2026-09-03
LU0106259558;Schroder ISF Asian Opports A Acc USD;Schroder International Selection Fund Asian Opportunities A Accumulation USD;Schroder Investment Management (Europe) S.A.;Equity;Asia ex-Japan Equity;RV Asia (ex-Japón);USD;Luxemburgo;6;3;1.84;1.5;25.34;43.35;21.38;6.39;2000-01-17;True;False;1000;2026-09-03
LU0248172537;Schroder ISF Emerging Asia A Acc EUR;Schroder International Selection Fund Emerging Asia A Accumulation EUR;Schroder Investment Management (Europe) S.A.;Equity;Asia ex-Japan Equity;RV Asia (ex-Japón);EUR;Luxemburgo;6;4;1.84;1.5;25.12;40.14;18.47;7.23;2006-03-17;True;False;1000;2026-09-03
LU0181495838;Schroder ISF Emerging Asia A Acc USD;Schroder International Selection Fund Emerging Asia A Accumulation USD;Schroder Investment Management (Europe) S.A.;Equity;Asia ex-Japan Equity;RV Asia (ex-Japón);USD;Luxemburgo;6;4;1.84;1.5;23.4;39.66;21.04;6.74;2004-01-09;True;False;1000;2026-09-03
LU0248173006;Schroder ISF Emerging Asia B Acc EUR;Schroder International Selection Fund Emerging Asia B Accumulation EUR;Schroder Investment Management (Europe) S.A.;Equity;Asia ex-Japan Equity;RV Asia (ex-Japón);EUR;Luxemburgo;6;4;2.44;1.5;24.62;39.3;17.76;6.58;2006-03-17;True;False;1000;2026-09-03
LU0229940001;Templeton Asian Growth A(acc)EUR;Templeton Asian Growth Fund A(acc)EUR;Franklin Templeton International Services S.à r.l.;Equity;Asia ex-Japan Equity;RV Asia (ex-Japón);EUR;Luxemburgo;6;3;2.1;1.85;35.59;50.93;20.46;6.89;2005-10-25;True;False;;2026-09-03
LU0128522157;Templeton Asian Growth A(acc)USD;Templeton Asian Growth Fund A(acc)USD;Franklin Templeton International Services S.à r.l.;Equity;Asia ex-Japan Equity;RV Asia (ex-Japón);USD;Luxemburgo;6;3;2.1;1.85;33.73;49.54;23.43;6.44;2001-05-14;True;False;1000;2026-09-03
LU0235996351;UBS (Lux) KSS Asian Eqs $ USD P Acc;UBS (Lux) Key Selection SICAV - Asian Equities (USD) USD P-acc;UBS Asset Management (Europe) S.A.;Equity;Asia ex-Japan Equity;RV Asia (ex-Japón);USD;Luxemburgo;6;4;2.12;1.63;28.46;47.72;23.4;6.39;2006-04-24;True;False;;2026-09-03
LU0702159772;Fidelity Asian Smaller Coms A-Acc-EUR;Fidelity Funds - Asian Smaller Companies Fund A-Acc-EUR;FIL Investment Management (Luxembourg) S.à r.l.;Equity;Asia ex-Japan Equity;RV Asia (ex-Japón) Cap. Peq/Mediana;EUR;Luxemburgo;5;3;;1.5;5.74;8.96;6.97;5.87;2011-12-07;True;False;2500;2026-09-03
LU0702159699;Fidelity Asian Smaller Coms A-Acc-USD;Fidelity Funds - Asian Smaller Companies Fund A-Acc-USD;FIL Investment Management (Luxembourg) S.à r.l.;Equity;Asia ex-Japan Equity;RV Asia (ex-Japón) Cap. Peq/Mediana;USD;Luxemburgo;5;3;;1.5;4.44;8.37;9.57;5.38;2011-12-07;True;False;2500;2026-09-03
LU0702159426;Fidelity Asian Smaller Coms A-Dis-EUR;Fidelity Funds - Asian Smaller Companies Fund A-DIST-EUR;FIL Investment Management (Luxembourg) S.à r.l.;Equity;Asia ex-Japan Equity;RV Asia (ex-Japón) Cap. Peq/Mediana;EUR;Luxemburgo;5;3;;1.5;5.75;8.94;6.98;5.87;2011-12-07;True;False;;2026-09-03
LU0390135415;Templeton Asian Smlr Coms A(acc)EUR;Templeton Asian Smaller Companies Fund A(acc)EUR;Franklin Templeton International Services S.à r.l.;Equity;Asia ex-Japan Equity;RV Asia (ex-Japón) Cap. Peq/Mediana;EUR;Luxemburgo;5;3;2.15;1.85;18.17;17.45;10.68;5.26;2008-10-14;True;False;;2026-09-03
LU0390135332;Templeton Asian Smlr Coms A(acc)USD;Templeton Asian Smaller Companies Fund A(acc)USD;Franklin Templeton International Services S.à r.l.;Equity;Asia ex-Japan Equity;RV Asia (ex-Japón) Cap. Peq/Mediana;USD;Luxemburgo;5;3;2.15;1.85;16.54;16.37;13.41;4.82;2008-10-14;True;False;1000;2026-09-03
LU0348784041;Allianz Oriental Income AT EUR;Allianz Global Investors Fund - Allianz Oriental Income AT EUR;Allianz Global Investors GmbH;Equity;Asia Equity;RV Asia Pacífico;EUR;Luxemburgo;6;4;1.8;1.8;26.38;35.67;18.09;8.2;2009-12-07;True;False;0;2026-09-03
LU0348784397;Allianz Oriental Income AT USD;Allianz Global Investors Fund - Allianz Oriental Income AT USD;Allianz Global Investors GmbH;Equity;Asia Equity;RV Asia Pacífico;USD;Luxemburgo;6;4;1.8;1.8;24.62;34.84;20.67;7.73;2005-12-12;True;False;0;2026-09-03
LU0368678339;Fidelity Pacific A-Acc-EUR;Fidelity Funds - Pacific Fund A-Acc-EUR;FIL Investment Management (Luxembourg) S.à r.l.;Equity;Asia Equity;RV Asia Pacífico;EUR;Luxemburgo;6;2;;1.5;23.32;32.66;17.57;4.64;2008-06-02;True;False;2500;2026-09-03
LU0049112450;Fidelity Pacific A-Dis-USD;Fidelity Funds - Pacific Fund A-DIST-USD;FIL Investment Management (Luxembourg) S.à r.l.;Equity;Asia Equity;RV Asia Pacífico;USD;Luxemburgo;6;2;;1.5;21.83;31.97;20.44;4.17;1994-01-10;True;False;2500;2026-09-03
LU0217390573;JPM Pacific Equity A acc EUR;JPMorgan Funds - Pacific Equity Fund A (acc) EUR;JPMorgan Asset Management (Europe) S.à r.l.;Equity;Asia Equity;RV Asia Pacífico;EUR;Luxemburgo;6;3;;1.5;18.58;28.45;15.27;3.95;2005-09-20;True;False;35000;2026-09-03
LU0052474979;JPM Pacific Equity A dist USD;JPMorgan Funds - Pacific Equity Fund A (dist) USD;JPMorgan Asset Management (Europe) S.à r.l.;Equity;Asia Equity;RV Asia Pacífico;USD;Luxemburgo;6;3;;1.5;17.32;27.83;17.94;3.51;1988-11-16;True;False;35000;2026-09-03
LU0217390656;JPM Pacific Equity D acc EUR;JPMorgan Funds - Pacific Equity Fund D (acc) EUR;JPMorgan Asset Management (Europe) S.à r.l.;Equity;Asia Equity;RV Asia Pacífico;EUR;Luxemburgo;6;3;;1.5;17.95;27.4;14.34;3.11;2006-05-08;True;False;0;2026-09-03
LU0117866854;JPM Pacific Equity D acc USD;JPMorgan Funds - Pacific Equity Fund D (acc) USD;JPMorgan Asset Management (Europe) S.à r.l.;Equity;Asia Equity;RV Asia Pacífico;USD;Luxemburgo;6;3;;1.5;16.7;26.83;17.03;2.71;2000-10-13;True;False;5000;2026-09-03
LU0487305319;Robeco Asia-Pacific Equities D $;Robeco Asia-Pacific Equities D $;Robeco Institutional Asset Management BV;Equity;Asia Equity;RV Asia Pacífico;USD;Luxemburgo;6;5;1.76;1.5;24.31;38.77;23.69;12.44;2010-02-18;True;False;0;2026-09-03
LU0084617165;Robeco Asia-Pacific Equities D €;Robeco Asia-Pacific Equities D €;Robeco Institutional Asset Management BV;Equity;Asia Equity;RV Asia Pacífico;EUR;Luxemburgo;5;5;1.76;1.5;25.91;40.16;20.82;12.94;1998-04-17;True;False;0;2026-09-03
IE0003782467;BNY Mellon Asian Opports EUR A Acc;BNY Mellon Asian Opportunities Fund EUR A Acc;BNY Mellon Fund Management (Lux) S.A.;Equity;Asia ex-Japan Equity;RV Asia Pacífico (ex-Japón);EUR;Irlanda;5;2;;2;17.32;23.36;11.92;2.18;2002-01-02;True;False;5000;2026-09-03
LU0345361124;Fidelity Asia Pacific Opps A-Acc-EUR;Fidelity Funds - Asia Pacific Opportunities Fund A-Acc-EUR;FIL Investment Management (Luxembourg) S.à r.l.;Equity;Asia ex-Japan Equity;RV Asia Pacífico (ex-Japón);EUR;Luxemburgo;5;2;;1.5;6.36;7.06;5.42;1.46;2008-02-18;True;False;;2026-09-03
LU2008162690;Fidelity Asia Pacific Opps A-Acc-USD;Fidelity Funds - Asia Pacific Opportunities Fund A-Acc-USD;FIL Investment Management (Luxembourg) S.à r.l.;Equity;Asia ex-Japan Equity;RV Asia Pacífico (ex-Japón);USD;Luxemburgo;6;1;;1.5;5.11;6.5;7.98;1;2019-06-12;True;False;2500;2026-09-03
LU0441855714;JPM Asia Pacific Equity A acc EUR;JPMorgan Funds - Asia Pacific Equity Fund A (acc) EUR;JPMorgan Asset Management (Europe) S.à r.l.;Equity;Asia ex-Japan Equity;RV Asia Pacífico (ex-Japón);EUR;Luxemburgo;6;4;1.8;1.5;28.21;42.46;21.76;9.43;2009-09-09;True;False;35000;2026-09-03
LU0441854154;JPM Asia Pacific Equity A acc USD;JPMorgan Funds - Asia Pacific Equity Fund A (acc) USD;JPMorgan Asset Management (Europe) S.à r.l.;Equity;Asia ex-Japan Equity;RV Asia Pacífico (ex-Japón);USD;Luxemburgo;6;4;1.8;1.5;26.78;41.63;24.52;8.91;2009-09-09;True;False;35000;2026-09-03
LU0613488591;JPM Asia Pacific Equity A dist USD;JPMorgan Funds - Asia Pacific Equity Fund A (dist) USD;JPMorgan Asset Management (Europe) S.à r.l.;Equity;Asia ex-Japan Equity;RV Asia Pacífico (ex-Japón);USD;Luxemburgo;6;4;1.8;1.5;26.79;41.7;24.55;8.95;2011-04-07;True;False;35000;2026-09-03
LU0441856365;JPM Asia Pacific Equity D acc EUR;JPMorgan Funds - Asia Pacific Equity Fund D (acc) EUR;JPMorgan Asset Management (Europe) S.à r.l.;Equity;Asia ex-Japan Equity;RV Asia Pacífico (ex-Japón);EUR;Luxemburgo;6;4;2.55;1.5;27.48;41.27;20.79;8.56;2013-09-13;True;False;5000;2026-09-03
LU0441854741;JPM Asia Pacific Equity D acc USD;JPMorgan Funds - Asia Pacific Equity Fund D (acc) USD;JPMorgan Asset Management (Europe) S.à r.l.;Equity;Asia ex-Japan Equity;RV Asia Pacífico (ex-Japón);USD;Luxemburgo;6;4;2.55;1.5;26.12;40.58;23.58;8.09;2013-09-13;True;False;5000;2026-09-03
LU1670618187;M&G (Lux) Asian A EUR Acc;M&G (Lux) Asian Fund EUR A Acc;M&G Luxembourg S.A.;Equity;Asia ex-Japan Equity;RV Asia Pacífico (ex-Japón);EUR;Luxemburgo;6;4;1.74;1.5;22.12;35.31;23.37;12.82;2018-10-26;True;False;1000;2026-09-03
LU0498180339;abrdn-Asia Pac Sustainable Eq A Acc EUR;abrdn SICAV I - Asia Pacific Sustainable Equity Fund A Acc EUR;abrdn Investments Luxembourg S.A.;Equity;Asia ex-Japan Equity;RV Asia Pacífico (ex-Japón);EUR;Luxemburgo;5;2;;1.75;21.67;33.19;14.1;3.43;2011-01-13;True;False;1000;2026-09-03
LU0011963245;abrdn-Asia Pac Sustainable Eq A Acc USD;abrdn SICAV I - Asia Pacific Sustainable Equity Fund A Acc USD;abrdn Investments Luxembourg S.A.;Equity;Asia ex-Japan Equity;RV Asia Pacífico (ex-Japón);USD;Luxemburgo;6;2;;1.75;19.67;32.5;16.59;2.93;1988-04-26;True;False;500;2026-09-03
LU0820944071;Schroder ISF Asian Eq Yld A Acc EUR;Schroder International Selection Fund Asian Equity Yield A Accumulation EUR;Schroder Investment Management (Europe) S.A.;Equity;Asia ex-Japan Equity;RV Asia Pacífico (ex-Japón) Alto Dividendo;EUR;Luxemburgo;5;3;;1.5;24.27;34.59;19.84;10.08;2012-09-12;True;False;1000;2026-09-03
LU0188438112;Schroder ISF Asian Eq Yld A Acc USD;Schroder International Selection Fund Asian Equity Yield A Accumulation USD;Schroder Investment Management (Europe) S.A.;Equity;Asia ex-Japan Equity;RV Asia Pacífico (ex-Japón) Alto Dividendo;USD;Luxemburgo;6;3;;1.5;22.57;34.14;22.44;9.58;2004-06-11;True;False;1000;2026-09-03
LU0256780106;Candriam Eqs L Australia C EUR Cap;Candriam Equities L Australia Class C EUR Cap;Candriam;Equity;Australia & New Zealand Equity;RV Australia y Nueva Zelanda;EUR;Luxemburgo;6;2;;1.5;14.17;14.4;9.1;5.49;2006-07-04;True;False;0;2026-09-03
LU0261950041;Fidelity Australian Divers Eq A-Acc-AUD;Fidelity Funds - Australian Diversified Equity Fund A-Acc-AUD;FIL Investment Management (Luxembourg) S.à r.l.;Equity;Australia & New Zealand Equity;RV Australia y Nueva Zelanda;AUD;Luxemburgo;5;2;;1.5;5.11;3.2;9.26;4.68;2006-09-25;True;False;;2026-09-03
IE00B23S7K36;BNY Mellon Brazil Equity EUR A Acc;BNY Mellon Brazil Equity Fund EUR A Acc;BNY Mellon Fund Management (Lux) S.A.;Equity;Latin America Equity;RV Brasil;EUR;Irlanda;7;4;;2;8.45;16.32;9.15;6.41;2007-09-14;True;False;5000;2026-09-03
IE00B23S7L43;BNY Mellon Brazil Equity USD A Acc;BNY Mellon Brazil Equity Fund USD A Acc;BNY Mellon Fund Management (Lux) S.A.;Equity;Latin America Equity;RV Brasil;USD;Irlanda;7;4;;2;7.06;15.16;11.88;5.99;2007-08-31;True;False;5000;2026-09-03
LU0616856935;DWS Invest Brazilian Equities LC;DWS Invest Brazilian Equities LC;DWS Investment S.A.;Equity;Latin America Equity;RV Brasil;EUR;Luxemburgo;7;4;1.94;1.75;16.84;29.81;6.93;5.87;2012-10-01;True;False;0;2026-09-03
LU0196696453;HSBC GIF Brazil Equity AC;HSBC Global Investment Funds - Brazil Equity AC;HSBC Global Invesment Funds;Equity;Latin America Equity;RV Brasil;USD;Luxemburgo;7;2;;1.75;14.66;28.7;9.94;3.24;2004-09-06;True;False;5000;2026-09-03
LU0551369712;HSBC GIF Brazil Equity ACEUR;HSBC Global Investment Funds - Brazil Equity ACEUR;HSBC Global Invesment Funds;Equity;Latin America Equity;RV Brasil;EUR;Luxemburgo;7;2;;1.75;16.29;29.49;7.41;3.72;2011-06-28;True;False;5000;2026-09-03
LU0359201612;BGF China A2;BlackRock Global Funds - China Fund A2;BlackRock (Luxembourg) SA;Equity;Greater China Equity;RV China;USD;Luxemburgo;6;3;1.82;1.5;-5.74;-4.81;8.53;-6.16;2008-06-24;True;False;5000;2026-09-03
LU0823426308;BNP Paribas China Eq Cl C;BNP Paribas Funds China Equity Classic Capitalisation;BNP Paribas Asset Management Luxembourg;Equity;Greater China Equity;RV China;USD;Luxemburgo;7;4;1.95;1.75;0.2;0.07;8.24;-5.2;2013-05-17;True;False;0;2026-09-03
LU0823425839;BNP Paribas China Eq Cl EUR C;BNP Paribas Funds China Equity Classic EUR Capitalisation;BNP Paribas Asset Management Luxembourg;Equity;Greater China Equity;RV China;EUR;Luxemburgo;6;4;;1.75;1.49;1.07;5.73;-4.78;2013-05-17;True;False;0;2026-09-03
LU1160365091;EdRF China A EUR;Edmond de Rothschild Fund - China A EUR;Edmond de Rothschild Asset Management (France);Equity;Greater China Equity;RV China;EUR;Luxemburgo;7;2;2.16;1.7;-10.54;-15.11;2.34;-5.91;2015-06-25;True;False;0;2026-09-03
LU0594300096;Fidelity China Consumer A-Acc-EUR;Fidelity Funds - China Consumer Fund A-Acc-EUR;FIL Investment Management (Luxembourg) S.à r.l.;Equity;Greater China Equity;RV China;EUR;Luxemburgo;7;2;;1.5;-8.76;-11.07;-2.79;-8.13;2011-02-23;True;False;;2026-09-03
LU0594300179;Fidelity China Consumer A-Acc-USD;Fidelity Funds - China Consumer Fund A-Acc-USD;FIL Investment Management (Luxembourg) S.à r.l.;Equity;Greater China Equity;RV China;USD;Luxemburgo;7;2;;1.5;-9.86;-11.57;-0.44;-8.55;2011-02-23;True;False;2500;2026-09-03
LU0594300419;Fidelity China Consumer A-Dis-USD;Fidelity Funds - China Consumer Fund A-DIST-USD;FIL Investment Management (Luxembourg) S.à r.l.;Equity;Greater China Equity;RV China;USD;Luxemburgo;7;2;;1.5;-9.83;-11.49;-0.41;-8.54;2011-02-23;True;False;2500;2026-09-03
LU0318931192;Fidelity China Focus A-Acc-EUR;Fidelity Funds - China Focus Fund A-Acc-EUR;FIL Investment Management (Luxembourg) S.à r.l.;Equity;Greater China Equity;RV China;EUR;Luxemburgo;6;4;;1.5;-7.78;-7.3;2.4;1.6;2007-09-24;True;False;2500;2026-09-03
LU0173614495;Fidelity China Focus A-Dis-USD;Fidelity Funds - China Focus Fund A-DIST-USD;FIL Investment Management (Luxembourg) S.à r.l.;Equity;Greater China Equity;RV China;USD;Luxemburgo;6;4;;1.5;-8.88;-7.79;4.89;1.14;2003-08-18;True;False;2500;2026-09-03
IE00B1W3X048;GAM Star China Equity A USD Acc;GAM Star Fund plc - GAM Star China Equity Class A USD Accumulation;GAM Fund Management Limited;Equity;Greater China Equity;RV China;USD;Irlanda;7;2;;1.1;-10.04;-13.35;6.68;-8.46;2009-10-01;True;False;10000;2026-09-03
IE00B1W3WK72;GAM Star China Equity Ord EUR Acc;GAM Star Fund plc - GAM Star China Equity Class Ordinary EUR Accumulation;GAM Fund Management Limited;Equity;Greater China Equity;RV China;EUR;Irlanda;7;2;;1.35;-8.75;-12.28;4.44;-7.85;2011-03-04;True;False;10000;2026-09-03
LU0210526637;JPM China A acc USD;JPMorgan Funds - China Fund A (acc) USD;JPMorgan Asset Management (Europe) S.à r.l.;Equity;Greater China Equity;RV China;USD;Luxemburgo;7;3;1.8;1.5;-4.28;-2.73;5.54;-7.61;2005-03-31;True;False;35000;2026-09-03
LU0051755006;JPM China A dist USD;JPMorgan Funds - China Fund A (dist) USD;JPMorgan Asset Management (Europe) S.à r.l.;Equity;Greater China Equity;RV China;USD;Luxemburgo;7;3;1.8;1.5;-4.29;-2.73;5.54;-7.62;1994-07-04;True;False;35000;2026-09-03
LU0522352607;JPM China D acc EUR;JPMorgan Funds - China Fund D (acc) EUR;JPMorgan Asset Management (Europe) S.à r.l.;Equity;Greater China Equity;RV China;EUR;Luxemburgo;7;2;2.8;1.5;-3.9;-3.22;2.18;-8.14;2010-07-13;True;False;5000;2026-09-03
LU0117867159;JPM China D acc USD;JPMorgan Funds - China Fund D (acc) USD;JPMorgan Asset Management (Europe) S.à r.l.;Equity;Greater China Equity;RV China;USD;Luxemburgo;7;2;2.8;1.5;-4.93;-3.7;4.48;-8.54;2000-10-13;True;False;5000;2026-09-03
LU0187077309;Robeco Chinese Equities D €;Robeco Chinese Equities D €;Robeco Institutional Asset Management BV;Equity;Greater China Equity;RV China;EUR;Luxemburgo;7;3;1.85;1.6;-6.33;-6.05;3;-7.01;2004-06-07;True;False;0;2026-09-03
LU1831875890;Schroder ISF All China Equity B Acc EUR;Schroder International Selection Fund All China Equity B Accumulation EUR;Schroder Investment Management (Europe) S.A.;Equity;Greater China Equity;RV China;EUR;Luxemburgo;6;2;2.47;1.5;-3.77;-0.57;2.23;-5.57;2018-06-27;True;False;1000;2026-09-03
LU2345993211;Schroder ISF China Opps A Acc EUR;Schroder International Selection Fund China Opportunities A Accumulation EUR;Schroder Investment Management (Europe) S.A.;Equity;Greater China Equity;RV China;EUR;Luxemburgo;6;2;1.83;1.5;-4.25;-1.85;3.32;-4.79;2021-06-15;True;False;1000;2026-09-03
LU0244354667;Schroder ISF China Opps A Acc USD;Schroder International Selection Fund China Opportunities A Accumulation USD;Schroder Investment Management (Europe) S.A.;Equity;Greater China Equity;RV China;USD;Luxemburgo;7;3;;1.5;-5.57;-2.18;5.51;-5.22;2006-02-17;True;False;1000;2026-09-03
LU0260864003;Templeton China A(Ydis)EUR;Templeton China Fund A(Ydis)EUR;Franklin Templeton International Services S.à r.l.;Equity;Greater China Equity;RV China;EUR;Luxemburgo;7;1;2.28;2.1;-6.89;-5.45;1.56;-8.3;2006-09-01;True;False;;2026-09-03
LU0052750758;Templeton China A(acc)USD;Templeton China Fund A(acc)USD;Franklin Templeton International Services S.à r.l.;Equity;Greater China Equity;RV China;USD;Luxemburgo;7;1;2.28;2.1;-8.16;-6.31;4.08;-8.67;1994-09-01;True;False;1000;2026-09-03
LU2131365186;UBS (Lux) EF China Oppo(USD) P EUR acc;UBS (Lux) Equity Fund - China Opportunity (USD) P EUR acc;UBS Asset Management (Europe) S.A.;Equity;Greater China Equity;RV China;EUR;Luxemburgo;6;2;2.38;1.87;-8.75;-9.79;1.96;-5.35;2020-03-06;True;False;;2026-09-03
LU1997244873;Allianz China A Shares A EUR;Allianz Global Investors Fund - Allianz China A Shares A EUR;Allianz Global Investors GmbH;Equity;Greater China Equity;RV China - A Shares;EUR;Luxemburgo;6;3;2.25;2.25;14.23;26.4;13.07;-2.08;2019-10-23;True;False;0;2026-09-03
LU1997245177;Allianz China A Shares AT USD;Allianz Global Investors Fund - Allianz China A Shares AT USD;Allianz Global Investors GmbH;Equity;Greater China Equity;RV China - A Shares;USD;Luxemburgo;6;4;2.25;2.25;12.6;25.58;15.42;-2.56;2009-03-31;True;False;0;2026-09-03
LU1580142542;BGF Systematic China A-Shr Opps A2;BlackRock Global Funds - Systematic China A-Share Opportunities Fund A2;BlackRock (Luxembourg) SA;Equity;Greater China Equity;RV China - A Shares;USD;Luxemburgo;6;3;1.83;1.5;6.83;12.66;12.1;-0.53;2017-10-26;True;False;5000;2026-09-03
LU1255011097;JPM China AShare Opps A acc EUR;JPMorgan Funds - China A-Share Opportunities Fund A (acc) EUR;JPMorgan Asset Management (Europe) S.à r.l.;Equity;Greater China Equity;RV China - A Shares;EUR;Luxemburgo;6;4;1.72;1.5;9.71;20.19;8.14;-2.79;2015-09-11;True;False;35000;2026-09-03
LU1706168710;JPM China AShare Opps D acc EUR;JPMorgan Funds - China A-Share Opportunities Fund D (acc) EUR;JPMorgan Asset Management (Europe) S.à r.l.;Equity;Greater China Equity;RV China - A Shares;EUR;Luxemburgo;6;2;2.47;1.5;9.17;19.28;7.33;-3.52;2017-10-31;True;False;5000;2026-09-03
LU1146622755;abrdn-China A Share Sust Eq A Acc USD;abrdn SICAV I - China A Share Sustainable Equity Fund A Acc USD;abrdn Investments Luxembourg S.A.;Equity;Greater China Equity;RV China - A Shares;USD;Luxemburgo;6;3;;1.75;6.53;16.41;7.9;-3;2015-03-16;True;False;500;2026-09-03
LU0301637293;JPM Korea Equity A acc EUR;JPMorgan Funds - Korea Equity Fund A (acc) EUR;JPMorgan Asset Management (Europe) S.à r.l.;Equity;Korea Equity;RV Corea;EUR;Luxemburgo;6;2;1.8;1.5;58.66;103.74;33.6;13.81;2007-09-28;True;False;35000;2026-09-03
LU0301634860;JPM Korea Equity A acc USD;JPMorgan Funds - Korea Equity Fund A (acc) USD;JPMorgan Asset Management (Europe) S.à r.l.;Equity;Korea Equity;RV Corea;USD;Luxemburgo;7;2;1.8;1.5;56.98;102.82;36.72;13.32;2007-09-28;True;False;35000;2026-09-03
LU0301638341;JPM Korea Equity D acc USD;JPMorgan Funds - Korea Equity Fund D (acc) USD;JPMorgan Asset Management (Europe) S.à r.l.;Equity;Korea Equity;RV Corea;USD;Luxemburgo;7;2;2.8;1.5;55.97;100.79;35.34;12.19;2007-09-28;True;False;5000;2026-09-03
LU0861897477;Abante GF Spanish Opportunities Fund B;Abante Global Funds Spanish Opportunities Class B;Abante Asesores Gestión SGIIC;Equity;Europe Equity Mid/Small Cap;RV España;EUR;Luxemburgo;7;2;;2;7.85;20.87;28.54;18.29;2013-06-11;True;False;0;2026-09-03
ES0125621039;Bankinter Bolsa España R FI;Bankinter Bolsa España R FI;Bankinter Gestión de Activos SGIIC;Equity;Europe Equity Large Cap;RV España;EUR;España;6;3;1.82;1.6;12.95;29.94;22.55;14.39;1998-11-11;True;False;1;2026-09-03
ES0114794037;Bankinter Indice Ibex R FI;Bankinter Indice Ibex R FI;Bankinter Gestión de Activos SGIIC;Equity;Europe Equity Large Cap;RV España;EUR;España;6;4;1.11;1;16.06;34.94;30.12;19.44;1998-04-27;True;True;1;2026-09-03
LU0563745743;Bestinver Tordesillas SICAV Iberia A;Bestinver Tordesillas SICAV Iberia A;Bestinver Gestión SGIIC;Equity;Europe Equity Mid/Small Cap;RV España;EUR;Luxemburgo;4;4;2.08;1.75;11.74;30.26;25.82;16.78;2013-10-29;True;False;1000;2026-09-03
LU0995386439;EDM Inversion/Spanish Equity R EUR;EDM Inversion/Spanish Equity R EUR;EDM Gestion, S.A.U., S.G.I.I.C.;Equity;Europe Equity Mid/Small Cap;RV España;EUR;Luxemburgo;6;1;2.59;1.25;10.39;18.45;14.23;8.11;2014-04-01;True;False;0;2026-09-03
LU0261948904;Fidelity Iberia A-Acc-EUR;Fidelity Funds - Iberia Fund A-Acc-EUR;FIL Investment Management (Luxembourg) S.à r.l.;Equity;Europe Equity Large Cap;RV España;EUR;Luxemburgo;5;4;;1.5;13.77;26.34;27.09;15.9;2006-09-25;True;False;2500;2026-09-03
LU0048581077;Fidelity Iberia A-Dis-EUR;Fidelity Funds - Iberia Fund A-DIST-EUR;FIL Investment Management (Luxembourg) S.à r.l.;Equity;Europe Equity Large Cap;RV España;EUR;Luxemburgo;5;4;;1.5;13.78;26.31;27.09;15.9;1990-10-01;True;False;;2026-09-03
LU1330191898;Magallanes V.I. UCITS Iberian Equity R;Magallanes Value Investors UCITS Iberian Equity R;Magallanes Value Investors SGIIC;Equity;Europe Equity Mid/Small Cap;RV España;EUR;Luxemburgo;6;3;2.22;2;12.24;23.76;24.31;15.76;2015-12-31;True;False;100;2026-09-03
LU1145111883;Pareturn Mutuafondo España Lux P EUR;Pareturn Mutuafondo España Lux Class P EUR Cap;Mutuactivos S.A.U., S.G.I.I.C.;Equity;Europe Equity Mid/Small Cap;RV España;EUR;Luxemburgo;6;4;;1.5;9.95;23.77;23.86;17.11;2015-01-05;True;False;;2026-09-03
LU0414045582;Allianz European Equity Div A EUR;Allianz Global Investors Fund - Allianz European Equity Dividend A EUR;Allianz Global Investors GmbH;Equity;Europe Equity Large Cap;RV Europa Alto Dividendo;EUR;Luxemburgo;5;3;1.8;1.8;13.95;22.9;15.33;9.94;2011-01-10;True;False;0;2026-09-03
LU0414045822;Allianz European Equity Div AT EUR;Allianz Global Investors Fund - Allianz European Equity Dividend AT EUR;Allianz Global Investors GmbH;Equity;Europe Equity Large Cap;RV Europa Alto Dividendo;EUR;Luxemburgo;5;3;1.8;1.8;13.95;22.9;15.33;9.94;2009-03-10;True;False;0;2026-09-03
LU1883311224;Amundi Fds Eurp Eq Inc Sel A2 EUR C;Amundi Funds - Europe Equity Income Select A2 EUR C;Amundi Luxembourg S.A.;Equity;Europe Equity Large Cap;RV Europa Alto Dividendo;EUR;Luxemburgo;5;3;1.81;1.5;12.58;19.06;13.87;9.03;2013-09-10;True;False;1;2026-09-03
LU1883311653;Amundi Fds Eurp Eq Inc Sel A2 EUR SATI D;Amundi Funds - Europe Equity Income Select A2 EUR SATI D;Amundi Luxembourg S.A.;Equity;Europe Equity Large Cap;RV Europa Alto Dividendo;EUR;Luxemburgo;6;3;1.81;1.5;12.57;19.05;13.87;9.03;2011-11-23;True;False;1;2026-09-03
LU0562822386;BGF European Equity Income A2;BlackRock Global Funds - European Equity Income Fund A2;BlackRock (Luxembourg) SA;Equity;Europe Equity Large Cap;RV Europa Alto Dividendo;EUR;Luxemburgo;5;3;1.82;1.5;4.72;12.78;11.84;6.43;2010-12-03;True;False;5000;2026-09-03
LU0561744862;BGF European Equity Income A5G;BlackRock Global Funds - European Equity Income Fund A5G;BlackRock (Luxembourg) SA;Equity;Europe Equity Large Cap;RV Europa Alto Dividendo;EUR;Luxemburgo;5;3;1.82;1.5;4.7;12.73;11.84;6.43;2010-12-03;True;False;;2026-09-03
LU1051768569;BGF European Equity Income A6;BlackRock Global Funds - European Equity Income Fund A6;BlackRock (Luxembourg) SA;Equity;Europe Equity Large Cap;RV Europa Alto Dividendo;EUR;Luxemburgo;5;3;1.82;1.5;4.4;12.47;11.75;6.36;2014-04-02;True;False;;2026-09-03
LU0628612748;BGF European Equity Income E2;BlackRock Global Funds - European Equity Income Fund E2;BlackRock (Luxembourg) SA;Equity;Europe Equity Large Cap;RV Europa Alto Dividendo;EUR;Luxemburgo;6;2;2.32;1.5;4.38;12.23;11.28;5.9;2011-05-20;True;False;5000;2026-09-03
LU0111491469;BNP Paribas Sust Eurp Div C C;BNP Paribas Funds Sustainable Europe Dividend Classic Capitalisation;BNP Paribas Asset Management Luxembourg;Equity;Europe Equity Large Cap;RV Europa Alto Dividendo;EUR;Luxemburgo;5;2;1.46;1.5;9.67;18.44;12.79;8.24;2000-10-16;True;False;0;2026-09-03
LU0353647737;Fidelity European Div A-Acc-EUR;Fidelity Funds - European Dividend Fund A-Acc-EUR;FIL Investment Management (Luxembourg) S.à r.l.;Equity;Europe Equity Large Cap;RV Europa Alto Dividendo;EUR;Luxemburgo;5;3;;1.5;5.84;12.2;13.05;8.8;2010-11-02;True;False;2500;2026-09-03
LU0267986122;Invesco Pan European Eq Inc A EUR Acc;Invesco Funds - Invesco Pan European Equity Income Fund A Accumulation EUR;Invesco Management S.A.;Equity;Europe Equity Large Cap;RV Europa Alto Dividendo;EUR;Luxemburgo;6;3;;1.5;12.8;22.5;11.92;8.13;2006-10-31;True;False;1000;2026-09-03
LU0169527297;JPM Europe Strategic Div A acc EUR;JPMorgan Investment Funds - Europe Strategic Dividend Fund A (acc) - EUR;JPMorgan Asset Management (Europe) S.à r.l.;Equity;Europe Equity Large Cap;RV Europa Alto Dividendo;EUR;Luxemburgo;5;5;1.75;1.5;15.96;27.89;21.01;12.91;2005-02-24;True;False;35000;2026-09-03
LU0714182432;JPM Europe Strategic Div A div EUR;JPMorgan Investment Funds - Europe Strategic Dividend Fund A (div) - EUR;JPMorgan Asset Management (Europe) S.à r.l.;Equity;Europe Equity Large Cap;RV Europa Alto Dividendo;EUR;Luxemburgo;5;5;1.76;1.5;15.95;27.88;20.99;12.89;2011-12-01;True;False;35000;2026-09-03
LU0169528261;JPM Europe Strategic Div D acc EUR;JPMorgan Investment Funds - Europe Strategic Dividend Fund D (acc) - EUR;JPMorgan Asset Management (Europe) S.à r.l.;Equity;Europe Equity Large Cap;RV Europa Alto Dividendo;EUR;Luxemburgo;5;4;2.55;1.5;15.35;26.89;20.05;12;2005-12-09;True;False;5000;2026-09-03
LU0714182606;JPM Europe Strategic Div D div EUR;JPMorgan Investment Funds - Europe Strategic Dividend Fund D (div) - EUR;JPMorgan Asset Management (Europe) S.à r.l.;Equity;Europe Equity Large Cap;RV Europa Alto Dividendo;EUR;Luxemburgo;5;4;2.51;1.5;15.37;26.93;20.09;12.05;2011-12-01;True;False;5000;2026-09-03
LU0319791538;Schroder ISF Eurp Div Mxmsr A Acc EUR;Schroder International Selection Fund European Dividend Maximiser A Accumulation EUR;Schroder Investment Management (Europe) S.A.;Equity;Europe Equity Large Cap;RV Europa Alto Dividendo;EUR;Luxemburgo;5;2;;1.5;11.63;19.66;11.93;5.46;2007-10-05;True;False;1000;2026-09-03
LU0321371998;Schroder ISF Eurp Div Mxmsr A Dis QF;Schroder International Selection Fund European Dividend Maximiser A Distribution EUR QF;Schroder Investment Management (Europe) S.A.;Equity;Europe Equity Large Cap;RV Europa Alto Dividendo;EUR;Luxemburgo;5;2;;1.5;11.63;19.66;11.93;5.46;2007-10-05;True;False;1000;2026-09-03
LU0566497433;UBS(LUX) ES € European Hi Div P acc;UBS (Lux) Equity SICAV - European High Dividend (EUR) P-acc;UBS Asset Management (Europe) S.A.;Equity;Europe Equity Large Cap;RV Europa Alto Dividendo;EUR;Luxemburgo;5;3;1.57;1.2;13.43;22.32;16.46;8.98;2010-12-10;True;False;0;2026-09-03
LU0235308482;Alken European Opportunities R;Alken Fund - European Opportunities Class R;AFFM SA;Equity;Europe Equity Large Cap;RV Europa Cap. Flexible;EUR;Luxemburgo;6;5;3.19;1.5;6.02;15.14;24.63;18.08;2006-01-03;True;False;0;2026-09-03
LU0866838492;Alken European Opportunities US2;Alken Fund - European Opportunities Class US2;AFFM SA;Equity;Europe Equity Large Cap;RV Europa Cap. Flexible;USD;Luxemburgo;6;5;3.35;1.5;4.68;14.02;27.6;17.57;2013-09-12;True;False;0;2026-09-03
LU3232939028;Athenee FCP Alinea Eurp Eqs M EUR Acc;Athenee FCP - Alinea European Equities M EUR Accumulated;Andbank Asset Management Luxembourg;Equity;Europe Equity Large Cap;RV Europa Cap. Flexible;EUR;Luxemburgo;;;;1;;;;;2026-03-03;True;False;;2026-09-03
LU0418790928;BSF European Opps Extension E2 EUR;BlackRock Strategic Funds - European Opportunities Extension Fund E2 EUR;BlackRock (Luxembourg) SA;Equity;Europe Equity Large Cap;RV Europa Cap. Flexible;EUR;Luxemburgo;6;3;;1.5;1.1;5.23;6.29;1.3;2009-03-25;True;False;5000;2026-09-03
ES0114802038;Bankinter Dividendo Europa R FI;Bankinter Dividendo Europa R FI;Bankinter Gestión de Activos SGIIC;Equity;Europe Equity Large Cap;RV Europa Cap. Flexible;EUR;España;6;4;1.8;1.6;11.39;21.22;11.88;7.65;1999-01-28;True;False;1;2026-09-03
LU0389173070;Bestinfund R EUR Cap;Bestinfund R EUR Cap;Bestinver Gestión SGIIC;Equity;Europe Equity Large Cap;RV Europa Cap. Flexible;EUR;Luxemburgo;4;3;;1.85;13.34;19.1;14.03;7.34;2008-12-29;True;False;0;2026-09-03
LU0389173401;Bestinver International R EUR Cap;Bestinver International R EUR Cap;Bestinver Gestión SGIIC;Equity;Europe Equity Large Cap;RV Europa Cap. Flexible;EUR;Luxemburgo;4;3;;1.85;14.48;19.69;13.79;6.98;2008-12-29;True;False;0;2026-09-03
IE00B4ZJ4188;Comgest Gr Europe Opps EUR Acc;Comgest Growth Europe Opportunities EUR Acc;Comgest Asset Management Intl Ltd;Equity;Europe Equity Large Cap;RV Europa Cap. Flexible;EUR;Irlanda;6;2;1.6;1.5;1.76;4.35;-2.24;-7.18;2009-08-07;True;False;50;2026-09-03
LU0870553020;DNCA Invest SRI Europe Gr A EUR;DNCA Invest SRI Europe Growth Class A shares EUR;DNCA Finance;Equity;Europe Equity Large Cap;RV Europa Cap. Flexible;EUR;Luxemburgo;6;2;2.12;2;4.16;5.07;1.15;-2.72;2012-12-28;True;False;2500;2026-09-03
LU1330191542;Magallanes V.I. UCITS European Eq R EUR;Magallanes Value Investors UCITS European Equity R EUR;Magallanes Value Investors SGIIC;Equity;Europe Equity Large Cap;RV Europa Cap. Flexible;EUR;Luxemburgo;6;4;1.95;2;10.85;21.32;13.83;12.8;2016-02-01;True;False;100;2026-09-03
LU1904671556;Protea Nao European Equities Rebate Cl;Protea Fund - Nao European Equities Rebate Class;Nao Asset Management ESG SGIIC;Equity;Europe Equity Large Cap;RV Europa Cap. Flexible;EUR;Luxemburgo;6;4;2.28;1.75;6.58;12.49;10.11;7.13;2019-01-22;True;False;0;2026-09-03
LU0161305163;Schroder ISF European Value A Acc EUR;Schroder International Selection Fund European Value A Accumulation EUR;Schroder Investment Management (Europe) S.A.;Equity;Europe Equity Large Cap;RV Europa Cap. Flexible;EUR;Luxemburgo;6;4;1.83;1.5;14;25.35;15.87;12.69;2003-01-31;True;False;1000;2026-09-03
LU0389811885;Amundi IS Core MSCI Europe AE-C;Amundi Index Solutions - Amundi Core MSCI Europe AE-C;Amundi Luxembourg S.A.;Equity;Europe Equity Large Cap;RV Europa Cap. Grande Blend;EUR;Luxemburgo;5;4;;0.15;12.05;20.67;14.97;9.63;2008-09-25;True;True;0;2026-09-03
IE000GBN91O8;Ardtur European Focus R EUR;Ardtur EUROPEAN FOCUS FUND EURO R;S. W. Mitchell Capital LLP;Equity;Europe Equity Large Cap;RV Europa Cap. Grande Blend;EUR;Irlanda;6;5;;1.2;15.86;25.98;19.52;16.27;2022-01-28;True;False;;2026-09-03
LU0229084990;BGF European Equity Transition A2;BlackRock Global Funds - European Equity Transition Fund A2;BlackRock (Luxembourg) SA;Equity;Europe Equity Large Cap;RV Europa Cap. Grande Blend;EUR;Luxemburgo;6;;1.82;1.5;7;15.68;;;2005-10-14;True;False;5000;2026-09-03
LU0823399810;BNP Paribas Europe Eq C C;BNP Paribas Funds Europe Equity Classic Capitalisation;BNP Paribas Asset Management Luxembourg;Equity;Europe Equity Large Cap;RV Europa Cap. Grande Blend;EUR;Luxemburgo;6;2;;1.5;8.5;15.6;8.31;4.68;2013-05-17;True;False;0;2026-09-03
LU3051940263;BNPP Europe Strat Autonomy Cl EUR Cap;BNP Paribas Funds Europe Strategic Autonomy Classic EUR Capitalisation;BNP Paribas Asset Management Luxembourg;Equity;Europe Equity Large Cap;RV Europa Cap. Grande Blend;EUR;Luxemburgo;6;;;1.5;12.33;14.26;;;2025-05-19;True;False;;2026-09-03
ES0113574000;Bankinter Multi-Asset Invmt Europe FI;Bankinter Multi-Asset Investment Europe Investment FI;Bankinter Gestión de Activos SGIIC;Equity;Europe Equity Large Cap;RV Europa Cap. Grande Blend;EUR;España;6;4;0.56;0.4;10.48;18.84;14.43;;2022-01-21;True;False;1;2026-09-03
ES0114879036;Bankinter Renta Variable Euro R FI;Bankinter Renta Variable Euro R FI;Bankinter Gestión de Activos SGIIC;Equity;Europe Equity Large Cap;RV Europa Cap. Grande Blend;EUR;España;6;3;2.11;1.9;12.58;22.25;12.98;8.13;1998-04-27;True;False;1;2026-09-03
LU0096368971;CT (Lux) Pan European Equities DE;CT (Lux) Pan European Equities - DE;Threadneedle Management Luxembourg S.A.;Equity;Europe Equity Large Cap;RV Europa Cap. Grande Blend;EUR;Luxemburgo;6;3;1.7;1.5;8.53;15.88;11.55;5.71;1999-09-06;True;False;2500;2026-09-03
LU2378104066;Candriam Sust Eq Quant Eurp C EUR Acc;Candriam Sustainable Equity Quant Europe (C-Acc) EUR;Candriam;Equity;Europe Equity Large Cap;RV Europa Cap. Grande Blend;EUR;Luxemburgo;6;3;;1.5;6.99;12.91;12.06;6.27;2022-01-25;True;False;0;2026-09-03
BE0940002729;DPAM B Equities Eur Sust B € Cap;DPAM B - Equities Europe Sustainable B EUR Cap;Degroof Petercam Asset Management SA;Equity;Europe Equity Large Cap;RV Europa Cap. Grande Blend;EUR;Bélgica;6;3;1.75;1.6;9.82;14.77;8.29;3.54;2002-12-31;True;False;1;2026-09-03
LU1111642820;Eleva European Selection A2 EUR acc;Eleva European Selection A2 EUR acc;Eleva Capital S.A.S.;Equity;Europe Equity Large Cap;RV Europa Cap. Grande Blend;EUR;Luxemburgo;5;5;2.08;2;8.68;18.05;14.67;9.07;2015-06-16;True;False;0;2026-09-03
LU0719899097;Exane Funds 2 Exane Eqty Select Europe B;Exane Funds 2 Exane Equity Select Europe Fund B;Exane Asset Management;Equity;Europe Equity Large Cap;RV Europa Cap. Grande Blend;EUR;Luxemburgo;4;3;;1.8;8.5;18.38;13.7;7.33;2012-09-28;True;False;1;2026-09-03
LU0251128657;Fidelity Europe Equity ESG A-Acc-EUR;Fidelity Funds - Europe Equity ESG Fund A-Acc-EUR;FIL Investment Management (Luxembourg) S.à r.l.;Equity;Europe Equity Large Cap;RV Europa Cap. Grande Blend;EUR;Luxemburgo;6;3;;1.5;14.17;22.75;13;;2006-07-03;True;False;;2026-09-03
LU0296857971;Fidelity European Growth A-Acc-EUR;Fidelity Funds - European Growth Fund A-Acc-EUR;FIL Investment Management (Luxembourg) S.à r.l.;Equity;Europe Equity Large Cap;RV Europa Cap. Grande Blend;EUR;Luxemburgo;5;3;;1.5;4.23;9.82;11.02;6.12;2007-05-02;True;False;2500;2026-09-03
LU0048578792;Fidelity European Growth A-Dis-EUR;Fidelity Funds - European Growth Fund A-DIST-EUR;FIL Investment Management (Luxembourg) S.à r.l.;Equity;Europe Equity Large Cap;RV Europa Cap. Grande Blend;EUR;Luxemburgo;5;3;;1.5;4.22;9.78;11.02;6.12;1990-10-01;True;False;;2026-09-03
IE00B1W3XB56;GAM Star European Equity C EUR Acc;GAM Star Fund plc - GAM Star European Equity Class C EUR Accumulation;GAM Fund Management Limited;Equity;Europe Equity Large Cap;RV Europa Cap. Grande Blend;EUR;Irlanda;5;3;;1.1;6.04;13.65;10.21;5.05;2009-03-06;True;False;10000;2026-09-03
IE0002987190;GAM Star European Equity Ord EUR Acc;GAM Star Fund plc - GAM Star European Equity Ordinary EUR Accumulation;GAM Fund Management Limited;Equity;Europe Equity Large Cap;RV Europa Cap. Grande Blend;EUR;Irlanda;5;3;;1.35;6.54;14.45;10.98;5.79;1992-10-12;True;False;10000;2026-09-03
LU0234681749;GS Europe CORE Equity Base Acc EUR;Goldman Sachs Europe CORE Equity Portfolio Base Acc EUR;Goldman Sachs Asset Management B.V.;Equity;Europe Equity Large Cap;RV Europa Cap. Grande Blend;EUR;Luxemburgo;5;5;;1.25;13.42;26.56;19.12;11.05;2005-11-14;True;False;5000;2026-09-03
LU0102219945;GS Europe CORE Equity Base Inc EUR;Goldman Sachs Europe CORE Equity Portfolio Base Inc EUR;Goldman Sachs Asset Management B.V.;Equity;Europe Equity Large Cap;RV Europa Cap. Grande Blend;EUR;Luxemburgo;5;5;;1.25;13.39;26.52;19.11;11.05;1999-10-01;True;False;5000;2026-09-03
LU1599216030;GS Europe CORE Equity Oth Ccy Acc USD;Goldman Sachs Europe CORE Equity Portfolio Other Currency Acc USD;Goldman Sachs Asset Management B.V.;Equity;Europe Equity Large Cap;RV Europa Cap. Grande Blend;USD;Luxemburgo;6;5;;1.25;12.18;25.9;21.88;10.57;2017-04-27;True;False;5000;2026-09-03
LU0119750205;Invesco Sus Pan Eurp Sysmc Eq A EUR Acc;Invesco Funds - Invesco Sustainable Pan European Systematic Equity Fund A Acc EUR;Invesco Management S.A.;Equity;Europe Equity Large Cap;RV Europa Cap. Grande Blend;EUR;Luxemburgo;5;3;;1.3;8.4;14.33;13.85;7.29;2000-11-06;True;False;1000;2026-09-03
LU0210530662;JPM Europe Dynamic A acc EUR;JPMorgan Funds - Europe Dynamic Fund A (acc) EUR;JPMorgan Asset Management (Europe) S.à r.l.;Equity;Europe Equity Large Cap;RV Europa Cap. Grande Blend;EUR;Luxemburgo;5;4;1.74;1.5;9.25;20.3;16.09;9.38;2005-03-31;True;False;35000;2026-09-03
LU0955580203;JPM Europe Dynamic A acc USD;JPMorgan Funds - Europe Dynamic Fund A (acc) USD;JPMorgan Asset Management (Europe) S.à r.l.;Equity;Europe Equity Large Cap;RV Europa Cap. Grande Blend;USD;Luxemburgo;6;4;1.8;1.5;8.01;19.61;18.7;8.85;2013-10-23;True;False;35000;2026-09-03
LU0119063039;JPM Europe Dynamic D acc EUR;JPMorgan Funds - Europe Dynamic Fund D (acc) EUR;JPMorgan Asset Management (Europe) S.à r.l.;Equity;Europe Equity Large Cap;RV Europa Cap. Grande Blend;EUR;Luxemburgo;5;3;2.52;1.5;8.66;19.33;15.18;8.54;2000-12-08;True;False;5000;2026-09-03
LU0289089384;JPM Europe Eq Pl A perf acc EUR;JPMorgan Funds - Europe Equity Plus Fund A (perf) (acc) EUR;JPMorgan Asset Management (Europe) S.à r.l.;Equity;Europe Equity Large Cap;RV Europa Cap. Grande Blend;EUR;Luxemburgo;5;5;1.71;1.5;11.88;24.16;21.09;13.64;2007-06-25;True;False;35000;2026-09-03
LU0336375786;JPM Europe Eq Pl A perf acc USD;JPMorgan Funds - Europe Equity Plus Fund A (perf) (acc) USD;JPMorgan Asset Management (Europe) S.à r.l.;Equity;Europe Equity Large Cap;RV Europa Cap. Grande Blend;USD;Luxemburgo;6;5;1.76;1.5;10.66;23.52;23.87;13.09;2007-12-20;True;False;35000;2026-09-03
LU0289214628;JPM Europe Eq Pl D perf acc EUR;JPMorgan Funds - Europe Equity Plus Fund D (perf) (acc) EUR;JPMorgan Asset Management (Europe) S.à r.l.;Equity;Europe Equity Large Cap;RV Europa Cap. Grande Blend;EUR;Luxemburgo;5;5;2.71;1.5;11.17;23.09;20.26;12.71;2007-06-25;True;False;5000;2026-09-03
LU0336375869;JPM Europe Eq Pl D perf acc USD;JPMorgan Funds - Europe Equity Plus Fund D (perf) (acc) USD;JPMorgan Asset Management (Europe) S.à r.l.;Equity;Europe Equity Large Cap;RV Europa Cap. Grande Blend;USD;Luxemburgo;6;5;2.8;1.5;9.84;22.34;22.94;12.12;2007-12-20;True;False;5000;2026-09-03
LU0210530746;JPM Europe Equity A acc EUR;JPMorgan Funds - Europe Equity Fund A (acc) EUR;JPMorgan Asset Management (Europe) S.à r.l.;Equity;Europe Equity Large Cap;RV Europa Cap. Grande Blend;EUR;Luxemburgo;5;4;1.22;1;10.5;21.31;15.38;9.91;2005-03-31;True;False;35000;2026-09-03
LU0119078227;JPM Europe Equity A acc USD;JPMorgan Funds - Europe Equity Fund A (acc) USD;JPMorgan Asset Management (Europe) S.à r.l.;Equity;Europe Equity Large Cap;RV Europa Cap. Grande Blend;USD;Luxemburgo;6;4;1.24;1;9.31;20.67;18.01;9.41;2000-10-13;True;False;35000;2026-09-03
LU0053685029;JPM Europe Equity A dist EUR;JPMorgan Funds - Europe Equity Fund A (dist) EUR;JPMorgan Asset Management (Europe) S.à r.l.;Equity;Europe Equity Large Cap;RV Europa Cap. Grande Blend;EUR;Luxemburgo;5;4;1.21;1;10.49;21.28;15.38;9.91;1988-12-01;True;False;35000;2026-09-03
LU0117858596;JPM Europe Equity D acc EUR;JPMorgan Funds - Europe Equity Fund D (acc) EUR;JPMorgan Asset Management (Europe) S.à r.l.;Equity;Europe Equity Large Cap;RV Europa Cap. Grande Blend;EUR;Luxemburgo;5;4;2;1;9.92;20.32;14.46;9.05;2000-10-13;True;False;5000;2026-09-03
LU0079556006;JPM Europe Select Equity A acc EUR;JPMorgan Investment Funds - Europe Select Equity Fund A (acc) - EUR;JPMorgan Asset Management (Europe) S.à r.l.;Equity;Europe Equity Large Cap;RV Europa Cap. Grande Blend;EUR;Luxemburgo;5;3;1.71;1.5;9.87;21;11.72;7.22;1997-08-29;True;False;35000;2026-09-03
LU0159405223;JPM Europe Select Equity D acc EUR;JPMorgan Investment Funds - Europe Select Equity Fund D (acc) - EUR;JPMorgan Asset Management (Europe) S.à r.l.;Equity;Europe Equity Large Cap;RV Europa Cap. Grande Blend;EUR;Luxemburgo;5;3;2.53;1.5;9.27;20.01;10.8;6.32;2007-03-19;True;False;5000;2026-09-03
LU0503932328;Janus Henderson Hrzn PnEurpMd&LrgCpA2EUR;Janus Henderson Horizon Pan European Mid and Large Cap Fund A2 EUR;Janus Henderson Investors;Equity;Europe Equity Large Cap;RV Europa Cap. Grande Blend;EUR;Luxemburgo;5;3;1.9;1.2;6.33;11.88;9.73;5.76;2011-02-03;True;False;2500;2026-09-03
LU0201075453;Janus HndrsnPan Eurp A2 EUR;Janus Henderson Pan European Fund A2 EUR;Janus Henderson Investors;Equity;Europe Equity Large Cap;RV Europa Cap. Grande Blend;EUR;Luxemburgo;5;3;1.65;1.5;5.17;12.89;11.92;7.89;2005-03-24;True;False;2500;2026-09-03
LU0260085492;Jupiter European Select L EUR Acc;Jupiter European Select Class L EUR Acc;Jupiter Asset Management International S.A.;Equity;Europe Equity Large Cap;RV Europa Cap. Grande Blend;EUR;Luxemburgo;6;2;1.72;1.5;12.81;22.28;9.23;2.48;2001-08-17;True;False;500;2026-09-03
LU0648597655;MFS Meridian Blnd Rsrch Eurp Eq A1 EUR;MFS Meridian Funds - Blended Research European Equity Fund A1 EUR;MFS Investment Management Company (Lux) S.à.r.l;Equity;Europe Equity Large Cap;RV Europa Cap. Grande Blend;EUR;Luxemburgo;5;5;1.52;0.5;12.31;22.07;16.47;10.67;2011-08-22;True;False;0;2026-09-03
LU0094557526;MFS Meridian European Research A1 EUR;MFS Meridian Funds - European Research Fund A1 EUR;MFS Investment Management Company (Lux) S.à.r.l;Equity;Europe Equity Large Cap;RV Europa Cap. Grande Blend;EUR;Luxemburgo;5;3;1.95;1.05;12;17.01;10.35;5.29;1999-03-12;True;False;0;2026-09-03
LU0125951151;MFS Meridian European Value A1 EUR;MFS Meridian Funds - European Value Fund A1 EUR;MFS Investment Management Company (Lux) S.à.r.l;Equity;Europe Equity Large Cap;RV Europa Cap. Grande Blend;EUR;Luxemburgo;5;3;1.92;1.05;11.45;14.97;7.87;3.76;2002-10-01;True;False;0;2026-09-03
LU0219440764;MFS Meridian European Value A1 USD;MFS Meridian Funds - European Value Fund A1 USD;MFS Investment Management Company (Lux) S.à.r.l;Equity;Europe Equity Large Cap;RV Europa Cap. Grande Blend;USD;Luxemburgo;6;3;1.92;1.05;9.93;13.93;10.5;3.35;2005-09-26;True;False;0;2026-09-03
LU3076185084;Nordea 1 - Empower Europe BP EUR;Nordea 1 - Empower Europe BP EUR;Nordea Investment Funds SA;Equity;Europe Equity Large Cap;RV Europa Cap. Grande Blend;EUR;Luxemburgo;;;2.16;1.75;12.09;21.16;;;2025-06-12;True;False;0;2026-09-03
LU1706108062;Nordea 1 - Eur Sust Stars Equity E EUR;Nordea 1 - European Sustainable Stars Equity Fund E EUR;Nordea Investment Funds SA;Equity;Europe Equity Large Cap;RV Europa Cap. Grande Blend;EUR;Luxemburgo;4;3;2.56;1.5;12.72;20.99;13.89;7.11;2017-11-14;True;False;0;2026-09-03
LU0935229400;Ostrum Europe MinVol R/A EUR;Natixis AM Funds - Ostrum Europe MinVol R/A (EUR);Natixis Investment Managers International;Equity;Europe Equity Large Cap;RV Europa Cap. Grande Blend;EUR;Luxemburgo;5;2;1.85;1.6;9.01;10.8;9.32;4.56;2013-11-26;True;False;0;2026-09-03
LU0935229582;Ostrum Europe MinVol R/D EUR;Natixis AM Funds - Ostrum Europe MinVol R/D (EUR);Natixis Investment Managers International;Equity;Europe Equity Large Cap;RV Europa Cap. Grande Blend;EUR;Luxemburgo;5;2;1.85;1.6;9.01;10.79;9.3;4.55;2015-10-12;True;False;0;2026-09-03
LU0144509717;Pictet - Quest Europe Sust Eq P EUR;Pictet - Quest Europe Sustainable Equities P EUR;Pictet Asset Management (Europe) SA;Equity;Europe Equity Large Cap;RV Europa Cap. Grande Blend;EUR;Luxemburgo;5;3;1.16;1.2;8.42;16.45;12.47;7.4;2002-09-30;True;False;0;2026-09-03
LU0130731390;Pictet-Europe Index P EUR;Pictet-Europe Index P EUR;Pictet Asset Management (Europe) SA;Equity;Europe Equity Large Cap;RV Europa Cap. Grande Blend;EUR;Luxemburgo;5;4;0.44;0.45;11.65;20.17;14.75;9.4;1999-04-22;True;True;0;2026-09-03
LU0187077218;Robeco European Stars Equities D EUR;Robeco European Stars Equities D EUR;Robeco Institutional Asset Management BV;Equity;Europe Equity Large Cap;RV Europa Cap. Grande Blend;EUR;Luxemburgo;5;3;;1.25;6.95;13.9;9.85;6.13;1991-05-28;True;False;0;2026-09-03
LU0312334617;Robeco QI European Cnsrv Eqs B €;Robeco QI European Conservative Equities B €;Robeco Institutional Asset Management BV;Equity;Europe Equity Large Cap;RV Europa Cap. Grande Blend;EUR;Luxemburgo;6;3;1.01;0.8;11.93;17.47;14.31;7.39;2007-08-07;True;False;0;2026-09-03
LU0910541241;Robeco QI European Cnsrv Eqs D $;Robeco QI European Conservative Equities D $;Robeco Institutional Asset Management BV;Equity;Europe Equity Large Cap;RV Europa Cap. Grande Blend;USD;Luxemburgo;5;3;1.01;0.8;10.51;16.31;17.02;6.92;2013-03-26;True;False;0;2026-09-03
LU0339661307;Robeco QI European Cnsrv Eqs D €;Robeco QI European Conservative Equities D €;Robeco Institutional Asset Management BV;Equity;Europe Equity Large Cap;RV Europa Cap. Grande Blend;EUR;Luxemburgo;5;3;1.01;0.8;11.93;17.47;14.31;7.39;2008-01-25;True;False;0;2026-09-03
LU1910162970;Schroder ISF European Sus Eq A Acc EUR;Schroder International Selection Fund European Sustainable Equity A Accumulation EUR;Schroder Investment Management (Europe) S.A.;Equity;Europe Equity Large Cap;RV Europa Cap. Grande Blend;EUR;Luxemburgo;5;2;1.59;1.25;6.4;15.77;7.56;3.08;2018-12-12;True;False;1000;2026-09-03
LU2293689407;Schroder ISF European Sus Eq A EUR SAD;Schroder International Selection Fund European Sustainable Equity A Semi-Annual Distribution EUR;Schroder Investment Management (Europe) S.A.;Equity;Europe Equity Large Cap;RV Europa Cap. Grande Blend;EUR;Luxemburgo;5;2;1.6;1.25;6.4;15.77;7.56;3.08;2021-03-11;True;False;1000;2026-09-03
LU2022034933;Schroder ISF European Sus Eq B EUR Acc;Schroder International Selection Fund European Sustainable Equity B Accumulation EUR;Schroder Investment Management (Europe) S.A.;Equity;Europe Equity Large Cap;RV Europa Cap. Grande Blend;EUR;Luxemburgo;5;1;2.19;1.25;5.97;15.07;6.91;2.46;2019-08-08;True;False;1000;2026-09-03
LU0093666013;Templeton European Insights A acc EUR;Templeton European Insights Fund Class A (acc) EUR;Franklin Templeton International Services S.à r.l.;Equity;Europe Equity Large Cap;RV Europa Cap. Grande Blend;EUR;Luxemburgo;5;3;1.84;1.5;10.62;16.56;16.84;10.07;1999-01-08;True;False;1000;2026-09-03
LU0128521001;Templeton European Insights N acc EUR;Templeton European Insights Fund Class N (acc) EUR;Franklin Templeton International Services S.à r.l.;Equity;Europe Equity Large Cap;RV Europa Cap. Grande Blend;EUR;Luxemburgo;6;3;2.59;2.25;10.05;15.69;15.96;9.24;2001-05-14;True;False;;2026-09-03
LU0723564463;UBS (Lux) ES Eurp Opp Uncons € P;UBS (Lux) Equity SICAV - European Opportunity Unconstrained (EUR) P-acc;UBS Asset Management (Europe) S.A.;Equity;Europe Equity Large Cap;RV Europa Cap. Grande Blend;EUR;Luxemburgo;5;3;1.98;1.53;14.11;24.35;11.36;3.92;2012-06-14;True;False;0;2026-09-03
LU0006391097;UBS (Lux) Eq Eurp Opp (EUR) P acc;UBS (Lux) Equity Fund - European Opportunity (EUR) P-acc;UBS Asset Management (Europe) S.A.;Equity;Europe Equity Large Cap;RV Europa Cap. Grande Blend;EUR;Luxemburgo;5;3;1.87;1.42;16.2;24.4;11.47;4.65;1990-08-24;True;False;0;2026-09-03
IE0007987708;Vanguard €pean Stk Idx € Acc;Vanguard European Stock Index Fund EUR Acc;Vanguard Group (Ireland) Limited;Equity;Europe Equity Large Cap;RV Europa Cap. Grande Blend;EUR;Irlanda;5;4;0.12;0.12;11.75;22.13;15.13;9.74;2000-06-08;True;True;1000000;2026-09-03
IE00B8BPMF80;Wellington Strategic Eurp Eq EUR D Ac;Wellington Strategic European Equity Fund EUR D Ac;Wellington Luxembourg S.à r.l.;Equity;Europe Equity Large Cap;RV Europa Cap. Grande Blend;EUR;Irlanda;5;5;1.69;0.7;6.6;11.19;19.36;12.44;2012-12-12;True;False;5000;2026-09-03
LU0836512706;iShares Europe Equity Index (LU) A2 EUR;iShares Europe Equity Index Fund (LU) A2 EUR;BlackRock (Luxembourg) SA;Equity;Europe Equity Large Cap;RV Europa Cap. Grande Blend;EUR;Luxemburgo;5;4;0.53;0.45;11.82;21.71;14.55;9.23;2012-10-23;True;True;5;2026-09-03
LU0256839191;Allianz Europe Equity Growth A EUR;Allianz Global Investors Fund - Allianz Europe Equity Growth A EUR;Allianz Global Investors GmbH;Equity;Europe Equity Large Cap;RV Europa Cap. Grande Growth;EUR;Luxemburgo;6;1;1.8;1.8;2;3.44;1.39;-4.18;2006-10-16;True;False;0;2026-09-03
LU0256839274;Allianz Europe Equity Growth AT EUR;Allianz Global Investors Fund - Allianz Europe Equity Growth AT EUR;Allianz Global Investors GmbH;Equity;Europe Equity Large Cap;RV Europa Cap. Grande Growth;EUR;Luxemburgo;6;1;1.8;1.8;2;3.44;1.39;-4.18;2006-10-16;True;False;0;2026-09-03
LU2207970232;Aperture European Innovation DX EUR Acc;Aperture Investors SICAV - European Innovation Fund DX EUR Acc;Aperture Investors UK Ltd;Equity;Europe Equity Large Cap;RV Europa Cap. Grande Growth;EUR;Luxemburgo;5;5;;0.3;18.83;29.45;20.04;11;2020-12-23;True;False;500;2026-09-03
LU0011846440;BGF European A2;BlackRock Global Funds - European Fund A2;BlackRock (Luxembourg) SA;Equity;Europe Equity Large Cap;RV Europa Cap. Grande Growth;EUR;Luxemburgo;6;4;1.81;1.5;7.89;13.07;7.47;1.73;1993-11-30;True;False;5000;2026-09-03
LU0154234636;BGF European Special Situations A2;BlackRock Global Funds - European Special Situations Fund A2;BlackRock (Luxembourg) SA;Equity;Europe Equity Large Cap;RV Europa Cap. Grande Growth;EUR;Luxemburgo;6;3;1.82;1.5;7.26;8.37;3.14;-1.17;2002-10-14;True;False;;2026-09-03
FR0010836163;CPR Silver Age P;CPR Silver Age P;CPR Asset Management;Equity;Europe Equity Large Cap;RV Europa Cap. Grande Growth;EUR;Francia;6;4;1.62;1.62;3.29;8.66;7.5;2.99;2009-12-22;True;False;1;2026-09-03
LU1829334819;CT (Lux) Pan Eur Focus 1E EUR;CT (Lux) Pan European Focus 1E EUR Acc;Threadneedle Management Luxembourg S.A.;Equity;Europe Equity Large Cap;RV Europa Cap. Grande Growth;EUR;Luxemburgo;6;;1.7;1.5;10.47;15.89;;;2018-10-05;True;False;0;2026-09-03
LU0344046155;Candriam Eqs L Eurp Innovt C EUR Cap;Candriam Equities L Europe Innovation Class C EUR Cap;Candriam;Equity;Europe Equity Large Cap;RV Europa Cap. Grande Growth;EUR;Luxemburgo;6;1;;1.6;2.98;2.83;-0.02;-4.87;2008-05-02;True;False;0;2026-09-03
LU0099161993;Carmignac Pf Grande Europe A EUR Acc;Carmignac Portfolio Grande Europe A EUR Acc;Carmignac Gestion Luxembourg S.A.;Equity;Europe Equity Large Cap;RV Europa Cap. Grande Growth;EUR;Luxemburgo;6;4;1.8;1.5;3.71;6.12;5.39;1.23;1999-07-01;True;False;0;2026-09-03
IE0004766675;Comgest Gr Europe EUR Acc;Comgest Growth Europe EUR Acc;Comgest Asset Management Intl Ltd;Equity;Europe Equity Large Cap;RV Europa Cap. Grande Growth;EUR;Irlanda;6;2;1.59;1.5;-4.18;-3.34;-1.75;-1.22;2000-05-15;True;False;50;2026-09-03
LU0028445327;EDM Intern. Strategy R EUR;EDM International Strategy R EUR;EDM Gestion, S.A.U., S.G.I.I.C.;Equity;Europe Equity Large Cap;RV Europa Cap. Grande Growth;EUR;Luxemburgo;6;3;2.79;2.5;0.23;7.11;6.76;3.6;1995-10-31;True;False;0;2026-09-03
LU0261959422;Fidelity European Dynamic Gr A-Acc-EUR;Fidelity Funds - European Dynamic Growth Fund A-Acc-EUR;FIL Investment Management (Luxembourg) S.à r.l.;Equity;Europe Equity Large Cap;RV Europa Cap. Grande Growth;EUR;Luxemburgo;6;3;;1.5;4.34;4.57;1.17;-1.44;2006-09-25;True;False;;2026-09-03
LU0202403266;Fidelity FAST Europe A-ACC-EUR;Fidelity Active Strategy - FAST - Europe Fund A-ACC-EUR;FIL Investment Management (Luxembourg) S.à r.l.;Equity;Europe Equity Large Cap;RV Europa Cap. Grande Growth;EUR;Luxemburgo;6;3;1.95;1.5;3.2;3.34;-0.49;-1.09;2004-10-04;True;False;;2026-09-03
LU0348529792;Fidelity FAST Europe E-ACC-EUR;Fidelity Active Strategy - FAST - Europe Fund E-ACC-EUR;FIL Investment Management (Luxembourg) S.à r.l.;Equity;Europe Equity Large Cap;RV Europa Cap. Grande Growth;EUR;Luxemburgo;6;2;2.7;1.5;2.68;2.56;-1.24;-1.83;2008-02-22;True;False;;2026-09-03
LU0210531801;JPM Europe Strategic Gr A acc EUR;JPMorgan Funds - Europe Strategic Growth Fund A (acc) EUR;JPMorgan Asset Management (Europe) S.à r.l.;Equity;Europe Equity Large Cap;RV Europa Cap. Grande Growth;EUR;Luxemburgo;5;5;1.74;1.5;10.23;17.99;12.88;5.33;2005-03-31;True;False;35000;2026-09-03
LU0107398538;JPM Europe Strategic Gr A dist EUR;JPMorgan Funds - Europe Strategic Growth Fund A (dist) EUR;JPMorgan Asset Management (Europe) S.à r.l.;Equity;Europe Equity Large Cap;RV Europa Cap. Grande Growth;EUR;Luxemburgo;5;5;1.73;1.5;10.22;18.01;12.88;5.33;2000-02-14;True;False;35000;2026-09-03
LU0117858679;JPM Europe Strategic Gr D acc EUR;JPMorgan Funds - Europe Strategic Growth Fund D (acc) EUR;JPMorgan Asset Management (Europe) S.à r.l.;Equity;Europe Equity Large Cap;RV Europa Cap. Grande Growth;EUR;Luxemburgo;5;4;2.49;1.5;9.7;17.14;12.04;4.54;2000-10-13;True;False;5000;2026-09-03
LU1387591305;MS INVF Europe Opportunity A;Morgan Stanley Investment Funds - Europe Opportunity Fund A;MSIM Fund Management (Ireland) Limited;Equity;Europe Equity Large Cap;RV Europa Cap. Grande Growth;EUR;Luxemburgo;6;2;1.74;1.5;-6.73;-5.06;2.73;-5.67;2016-04-08;True;False;0;2026-09-03
IE00B68JD125;Seilern Europa EUR U R;Seilern Europa EUR U R;Seilern International AG;Equity;Europe Equity Large Cap;RV Europa Cap. Grande Growth;EUR;Irlanda;6;2;1.76;1.5;-0.95;-5.68;0.59;-1.65;2011-01-04;True;False;500;2026-09-03
IE00B4MB6665;Seilern Europa EUR U R (Founders);Seilern Europa EUR U R (Founders);Seilern International AG;Equity;Europe Equity Large Cap;RV Europa Cap. Grande Growth;EUR;Irlanda;6;3;0.76;0.5;-0.29;-4.73;1.6;-0.66;2009-10-16;True;False;500;2026-09-03
LU0094541447;abrdn-European Sust Equity A Acc EUR;abrdn SICAV I - European Sustainable Equity Fund A Acc EUR;abrdn Investments Luxembourg S.A.;Equity;Europe Equity Large Cap;RV Europa Cap. Grande Growth;EUR;Luxemburgo;6;3;;1.5;7.87;7.23;3.54;-0.46;1993-01-29;True;False;500;2026-09-03
LU0476876080;abrdn-European Sust Equity S Acc EUR;abrdn SICAV I - European Sustainable Equity Fund S Acc EUR;abrdn Investments Luxembourg S.A.;Equity;Europe Equity Large Cap;RV Europa Cap. Grande Growth;EUR;Luxemburgo;6;3;;1.92;7.57;6.78;3.11;-0.87;2010-05-18;True;False;1000;2026-09-03
LU1883314244;Amundi Fds European Eq Val A EUR C;Amundi Funds - European Equity Value A EUR C;Amundi Luxembourg S.A.;Equity;Europe Equity Large Cap;RV Europa Cap. Grande Value;EUR;Luxemburgo;6;3;1.84;1.5;13.72;26.52;15.79;11.07;2008-12-12;True;False;1;2026-09-03
LU1883314756;Amundi Fds European Eq Val A USD C;Amundi Funds - European Equity Value A USD C;Amundi Luxembourg S.A.;Equity;Europe Equity Large Cap;RV Europa Cap. Grande Value;USD;Luxemburgo;7;3;1.84;1.5;12.25;25.76;18.53;10.56;2019-06-11;True;False;1;2026-09-03
LU0072462186;BGF European Value A2;BlackRock Global Funds - European Value Fund A2;BlackRock (Luxembourg) SA;Equity;Europe Equity Large Cap;RV Europa Cap. Grande Value;EUR;Luxemburgo;5;3;1.81;1.5;8.72;19.81;16.38;11.09;1997-01-08;True;False;5000;2026-09-03
LU0171281750;BGF European Value A2 USD;BlackRock Global Funds - European Value Fund A2 USD;BlackRock (Luxembourg) SA;Equity;Europe Equity Large Cap;RV Europa Cap. Grande Value;USD;Luxemburgo;5;3;1.81;1.5;7.56;19.22;19.08;10.6;1997-01-08;True;False;5000;2026-09-03
LU0147394679;BGF European Value E2;BlackRock Global Funds - European Value Fund E2;BlackRock (Luxembourg) SA;Equity;Europe Equity Large Cap;RV Europa Cap. Grande Value;EUR;Luxemburgo;6;3;2.31;1.5;8.36;19.22;15.81;10.54;1997-01-08;True;False;5000;2026-09-03
IE0031574647;Brandes European Value A Euro;Brandes European Value Fund A Euro Acc;Brandes Investment Partners (Europe) Limited;Equity;Europe Equity Large Cap;RV Europa Cap. Grande Value;EUR;Irlanda;5;4;1.71;0.7;14.55;21.01;19.71;13.98;2003-07-17;True;False;10000;2026-09-03
IE0031574530;Brandes European Value A USD;Brandes European Value Fund A USD Acc;Brandes Investment Partners (Europe) Limited;Equity;Europe Equity Large Cap;RV Europa Cap. Grande Value;USD;Irlanda;6;4;1.68;0.7;12.95;20.48;22.65;13.43;2003-02-12;True;False;10000;2026-09-03
LU0284396016;DNCA Invest Value Europe A EUR;DNCA Invest Value Europe Class A shares EUR;DNCA Finance;Equity;Europe Equity Large Cap;RV Europa Cap. Grande Value;EUR;Luxemburgo;6;3;2.78;2;14.11;21.12;18.58;12.59;2008-06-26;True;False;2500;2026-09-03
LU0140363002;Franklin Mutual European A EUR Acc;Franklin Mutual European Fund A(acc)EUR;Franklin Templeton International Services S.à r.l.;Equity;Europe Equity Large Cap;RV Europa Cap. Grande Value;EUR;Luxemburgo;5;3;1.81;1.5;11.5;19.07;15.59;10.66;2001-12-31;True;False;1000;2026-09-03
LU0109981661;Franklin Mutual European A(acc)USD;Franklin Mutual European Fund A(acc)USD;Franklin Templeton International Services S.à r.l.;Equity;Europe Equity Large Cap;RV Europa Cap. Grande Value;USD;Luxemburgo;6;3;1.82;1.5;9.93;17.79;18.43;10.19;2000-04-03;True;False;1000;2026-09-03
LU0267985231;Invesco Pan European Equity A EUR AD;Invesco Funds - Invesco Pan European Equity Fund A Annual Distribution EUR;Invesco Management S.A.;Equity;Europe Equity Large Cap;RV Europa Cap. Grande Value;EUR;Luxemburgo;5;3;;1.5;15.98;27.98;12.88;9.92;2006-12-11;True;False;1000;2026-09-03
LU0028118809;Invesco Pan European Equity A EUR Acc;Invesco Funds - Invesco Pan European Equity Fund A Accumulation EUR;Invesco Management S.A.;Equity;Europe Equity Large Cap;RV Europa Cap. Grande Value;EUR;Luxemburgo;5;3;;1.5;16.03;28.02;12.88;9.92;1991-01-02;True;False;1000;2026-09-03
LU0334858593;Invesco Pan European Equity A USD AD;Invesco Funds - Invesco Pan European Equity Fund A Annual Distribution USD;Invesco Management S.A.;Equity;Europe Equity Large Cap;RV Europa Cap. Grande Value;USD;Luxemburgo;6;3;;1.5;14.27;27.34;15.35;9.39;2008-04-28;True;False;1500;2026-09-03
LU0115141201;Invesco Pan European Equity E EUR Acc;Invesco Funds - Invesco Pan European Equity Fund E Accumulation EUR;Invesco Management S.A.;Equity;Europe Equity Large Cap;RV Europa Cap. Grande Value;EUR;Luxemburgo;5;2;;2;15.61;27.36;12.32;9.36;2000-08-14;True;False;500;2026-09-03
LU0642795305;Invesco Pan European Focus Eq A EUR Acc;Invesco Funds - Invesco Pan European Focus Equity Fund A Accumulation EUR;Invesco Management S.A.;Equity;Europe Equity Large Cap;RV Europa Cap. Grande Value;EUR;Luxemburgo;6;2;;1.5;13.23;23.19;8.98;7.15;2011-07-07;True;False;1000;2026-09-03
LU0210531983;JPM Europe Strategic Val A acc EUR;JPMorgan Funds - Europe Strategic Value Fund A (acc) EUR;JPMorgan Asset Management (Europe) S.à r.l.;Equity;Europe Equity Large Cap;RV Europa Cap. Grande Value;EUR;Luxemburgo;5;4;1.72;1.5;15.93;29.28;22.53;15.01;2005-03-31;True;False;35000;2026-09-03
LU0107398884;JPM Europe Strategic Val A dist EUR;JPMorgan Funds - Europe Strategic Value Fund A (dist) EUR;JPMorgan Asset Management (Europe) S.à r.l.;Equity;Europe Equity Large Cap;RV Europa Cap. Grande Value;EUR;Luxemburgo;5;4;1.7;1.5;15.97;29.29;22.55;15.03;2000-02-14;True;False;35000;2026-09-03
LU0117858752;JPM Europe Strategic Val D acc EUR;JPMorgan Funds - Europe Strategic Value Fund D (acc) EUR;JPMorgan Asset Management (Europe) S.à r.l.;Equity;Europe Equity Large Cap;RV Europa Cap. Grande Value;EUR;Luxemburgo;5;4;2.51;1.5;15.3;28.28;21.57;14.12;2000-10-13;True;False;5000;2026-09-03
LU1670707527;M&G (Lux) Eurp Strat Val A EUR Acc;M&G (Lux) European Strategic Value Fund EUR A Acc;M&G Luxembourg S.A.;Equity;Europe Equity Large Cap;RV Europa Cap. Grande Value;EUR;Luxemburgo;5;5;1.65;1.5;12.86;24.64;20.93;15.46;2018-09-20;True;False;1000;2026-09-03
LU2057292596;M&G (Lux) Eurp Strat Val A EUR Inc;M&G (Lux) European Strategic Value Fund EUR A Inc;M&G Luxembourg S.A.;Equity;Europe Equity Large Cap;RV Europa Cap. Grande Value;EUR;Luxemburgo;5;5;1.65;1.5;12.86;24.64;20.93;15.46;2019-12-06;True;False;1000;2026-09-03
LU0153925689;UBS (Lux) KSS Eurp Eq Val Opp EUR P-acc;UBS (Lux) Key Selection SICAV - European Equity Value Opportunity (EUR) P-acc;UBS Asset Management (Europe) S.A.;Equity;Europe Equity Large Cap;RV Europa Cap. Grande Value;EUR;Luxemburgo;5;4;1.83;1.4;18.47;28.23;19.05;14.74;2002-11-08;True;False;0;2026-09-03
LU0212178916;BNP Paribas Europe Small Cap Cl C;BNP Paribas Funds Europe Small Cap Classic Capitalisation;BNP Paribas Asset Management Luxembourg;Equity;Europe Equity Mid/Small Cap;RV Europa Cap. Mediana;EUR;Luxemburgo;5;4;;1.75;8.86;15.81;14.26;3.32;2007-09-25;True;False;0;2026-09-03
ES0114764030;Bankinter Pequeñas Compañías Europa R FI;Bankinter Pequeñas Compañías Europa R FI;Bankinter Gestión de Activos SGIIC;Equity;Europe Equity Mid/Small Cap;RV Europa Cap. Mediana;EUR;España;6;3;1.91;1.6;12.2;17.36;11.86;2.54;2005-05-02;True;False;1;2026-09-03
IE0004766014;Comgest Gr Europe Smaller EUR Acc;Comgest Growth Europe Smaller Companies EUR Acc;Comgest Asset Management Intl Ltd;Equity;Europe Equity Mid/Small Cap;RV Europa Cap. Mediana;EUR;Irlanda;6;1;1.6;1.5;-1.44;-2.67;-1.46;-8.76;2000-04-25;True;False;50;2026-09-03
LU2357626170;DWS Invest ESG Eurp Small/Mid Cap NC;DWS Invest ESG European Small/Mid Cap NC;DWS Investment S.A.;Equity;Europe Equity Mid/Small Cap;RV Europa Cap. Mediana;EUR;Luxemburgo;6;3;2.11;2;7.16;13.29;8.98;0.9;2021-07-15;True;False;0;2026-09-03
LU0675297237;Groupama Avenir Europe NC;Groupama Avenir Europe NC;Groupama Asset Management;Equity;Europe Equity Mid/Small Cap;RV Europa Cap. Mediana;EUR;Luxemburgo;6;1;1.94;1.8;-1.11;0.39;1.43;-8.24;2014-12-12;True;False;0;2026-09-03
LU2240056015;Lonvia Mid-Cap Europe Retail;Lonvia Mid-Cap Europe Retail;Sunny Asset Management;Equity;Europe Equity Mid/Small Cap;RV Europa Cap. Mediana;EUR;Luxemburgo;6;1;;2.2;-4.59;-7.85;-1.97;-9.87;2020-10-21;True;False;1;2026-09-03
LU0125944966;MFS Meridian European Smlr Coms A1 EUR;MFS Meridian Funds - European Smaller Companies Fund A1 EUR;MFS Investment Management Company (Lux) S.à.r.l;Equity;Europe Equity Mid/Small Cap;RV Europa Cap. Mediana;EUR;Luxemburgo;5;3;2.04;1.05;9.85;6.19;7.28;0.73;2001-11-05;True;False;0;2026-09-03
LU0219440681;MFS Meridian European Smlr Coms A1 USD;MFS Meridian Funds - European Smaller Companies Fund A1 USD;MFS Investment Management Company (Lux) S.à.r.l;Equity;Europe Equity Mid/Small Cap;RV Europa Cap. Mediana;USD;Luxemburgo;6;3;2.04;1.05;8.33;5.2;9.88;0.33;2005-09-26;True;False;0;2026-09-03
LU0489687243;Mandarine Unique S&M Caps Europe R EUR;Mandarine Funds - Mandarine Unique Small & Mid Caps Europe R;Mandarine Gestion;Equity;Europe Equity Mid/Small Cap;RV Europa Cap. Mediana;EUR;Luxemburgo;6;2;;1.95;4.14;5.26;5.08;-2.07;2010-03-29;True;False;50;2026-09-03
FR0000974149;Oddo BHF Avenir Europe CR-EUR;Oddo BHF Avenir Europe CR-EUR;ODDO BHF Asset Management SAS;Equity;Europe Equity Mid/Small Cap;RV Europa Cap. Mediana;EUR;Francia;6;3;;2;8.45;12.79;6.17;-0.46;1999-05-25;True;False;1;2026-09-03
FR0011380070;Oddo BHF Avenir Europe DR-EUR;Oddo BHF Avenir Europe DR-EUR;ODDO BHF Asset Management SAS;Equity;Europe Equity Mid/Small Cap;RV Europa Cap. Mediana;EUR;Francia;6;3;;2;8.45;12.79;6.17;-0.46;2012-12-27;True;False;1;2026-09-03
LU0282719219;CT (Lux) Pan Eurp SmCp Opps AE;CT (Lux) - Pan European Small Cap Opportunities Class AE (EUR Accumulation Shares);Threadneedle Management Luxembourg S.A.;Equity;Europe Equity Mid/Small Cap;RV Europa Cap. Pequeña;EUR;Luxemburgo;6;3;1.85;1.5;8.55;9.32;6.84;-3.66;2007-01-19;True;False;2500;2026-09-03
LU0261951528;Fidelity European Smlr Coms A-Acc-EUR;Fidelity Funds - European Smaller Companies Fund A-Acc-EUR;FIL Investment Management (Luxembourg) S.à r.l.;Equity;Europe Equity Mid/Small Cap;RV Europa Cap. Pequeña;EUR;Luxemburgo;6;3;;1.5;5.85;9.83;7.56;-0.75;2006-09-25;True;False;2500;2026-09-03
LU0061175625;Fidelity European Smlr Coms A-Dis-EUR;Fidelity Funds - European Smaller Companies Fund A-DIST-EUR;FIL Investment Management (Luxembourg) S.à r.l.;Equity;Europe Equity Mid/Small Cap;RV Europa Cap. Pequeña;EUR;Luxemburgo;6;3;;1.5;5.84;9.82;7.55;-0.76;1995-12-01;True;False;;2026-09-03
LU0933684283;Incometric Equam Global Value B;Incometric Equam Global Value B;ADEPA Asset Management SA;Equity;Europe Equity Mid/Small Cap;RV Europa Cap. Pequeña;EUR;Luxemburgo;5;5;;1.7;12.16;14.42;10.16;7.4;2019-09-27;True;False;100;2026-09-03
LU0210072939;JPM Europe Dyn Sm Cap A perf acc EUR;JPMorgan Funds - Europe Dynamic Small Cap Fund A (perf) (acc) EUR;JPMorgan Asset Management (Europe) S.à r.l.;Equity;Europe Equity Mid/Small Cap;RV Europa Cap. Pequeña;EUR;Luxemburgo;6;3;1.8;1.5;9.08;17.31;13.7;0.08;2005-01-27;True;False;35000;2026-09-03
LU0210073408;JPM Europe Dyn Sm Cap A perf dist EUR;JPMorgan Funds - Europe Dynamic Small Cap Fund A (perf) (dist) EUR;JPMorgan Asset Management (Europe) S.à r.l.;Equity;Europe Equity Mid/Small Cap;RV Europa Cap. Pequeña;EUR;Luxemburgo;6;3;1.8;1.5;9.07;17.31;13.7;0.05;2006-01-12;True;False;35000;2026-09-03
LU0210075874;JPM Europe Dyn Sm Cap D perf acc EUR;JPMorgan Funds - Europe Dynamic Small Cap Fund D (perf) (acc) EUR;JPMorgan Asset Management (Europe) S.à r.l.;Equity;Europe Equity Mid/Small Cap;RV Europa Cap. Pequeña;EUR;Luxemburgo;6;3;2.8;1.5;8.36;16.15;12.57;-0.95;2005-12-05;True;False;5000;2026-09-03
LU0210531637;JPM Europe Small Cap A acc EUR;JPMorgan Funds - Europe Small Cap Fund A (acc) EUR;JPMorgan Asset Management (Europe) S.à r.l.;Equity;Europe Equity Mid/Small Cap;RV Europa Cap. Pequeña;EUR;Luxemburgo;6;4;1.79;1.5;9.29;17.22;16.53;3.02;2005-03-31;True;False;35000;2026-09-03
LU0053687074;JPM Europe Small Cap A dist EUR;JPMorgan Funds - Europe Small Cap Fund A (dist) EUR;JPMorgan Asset Management (Europe) S.à r.l.;Equity;Europe Equity Mid/Small Cap;RV Europa Cap. Pequeña;EUR;Luxemburgo;6;4;1.75;1.5;9.3;17.25;16.57;3.05;1994-04-18;True;False;35000;2026-09-03
LU0117859560;JPM Europe Small Cap D acc EUR;JPMorgan Funds - Europe Small Cap Fund D (acc) EUR;JPMorgan Asset Management (Europe) S.à r.l.;Equity;Europe Equity Mid/Small Cap;RV Europa Cap. Pequeña;EUR;Luxemburgo;6;4;2.8;1.5;8.52;16.01;15.34;1.97;2000-10-13;True;False;5000;2026-09-03
LU1611731263;Janus Henderson Hrzn PanEurpSmrComs A1€;Janus Henderson Horizon Pan European Smaller Companies Fund A1 EUR;Janus Henderson Investors;Equity;Europe Equity Mid/Small Cap;RV Europa Cap. Pequeña;EUR;Luxemburgo;6;4;1.87;1.2;12.49;17.65;11.87;3.34;2017-06-06;True;False;2500;2026-09-03
LU0046217351;Janus Henderson Hrzn PanEurpSmrComs A2€;Janus Henderson Horizon Pan European Smaller Companies Fund A2 EUR;Janus Henderson Investors;Equity;Europe Equity Mid/Small Cap;RV Europa Cap. Pequeña;EUR;Luxemburgo;6;4;1.87;1.2;12.49;17.65;11.85;3.34;1993-08-27;True;False;2500;2026-09-03
LU0201078713;Janus HndrsnPan Eurp S&M Cp A2 EUR;Janus Henderson Pan European Small and Mid-Cap Fund A2 EUR;Janus Henderson Investors;Equity;Europe Equity Mid/Small Cap;RV Europa Cap. Pequeña;EUR;Luxemburgo;6;3;1.66;1.5;15.71;21.24;13.19;4.31;2005-03-24;True;False;2500;2026-09-03
LU0334003224;Mirabaud - Discovery Europe A EUR Acc;Mirabaud - Discovery Europe A EUR Acc;Mirabaud Asset Management Ltd;Equity;Europe Equity Mid/Small Cap;RV Europa Cap. Pequeña;EUR;Luxemburgo;6;4;1.83;1.5;8.99;14.53;19.11;3.55;2007-12-12;True;False;0;2026-09-03
LU0106237406;Schroder ISF Eurp Smlr Coms A Acc EUR;Schroder International Selection Fund European Smaller Companies A Accumulation EUR;Schroder Investment Management (Europe) S.A.;Equity;Europe Equity Mid/Small Cap;RV Europa Cap. Pequeña;EUR;Luxemburgo;6;2;1.86;1.5;9.86;9.92;5.73;-3.42;2000-01-17;True;False;1000;2026-09-03
LU0053902499;Schroder ISF Eurp Smlr Coms A Dis EUR AV;Schroder International Selection Fund European Smaller Companies A Distribution EUR AV;Schroder Investment Management (Europe) S.A.;Equity;Europe Equity Mid/Small Cap;RV Europa Cap. Pequeña;EUR;Luxemburgo;6;2;1.86;1.5;9.86;9.92;5.73;-3.42;1994-10-07;True;False;1000;2026-09-03
LU0251572656;Schroder ISF Eurp Smlr Coms A1 Acc USD;Schroder International Selection Fund European Smaller Companies A1 Accumulation USD;Schroder Investment Management (Europe) S.A.;Equity;Europe Equity Mid/Small Cap;RV Europa Cap. Pequeña;USD;Luxemburgo;6;2;2.36;1.5;7.98;9;7.48;-4.34;2006-04-24;True;False;1000;2026-09-03
LU2525865122;Valentum FCP - Flagship A EUR Acc;Valentum FCP - Flagship Class A EUR Acc;Valentum Asset Management SGIIC;Equity;Europe Equity Mid/Small Cap;RV Europa Cap. Pequeña;EUR;Luxemburgo;;5;;;18.88;29.04;17.7;;2023-03-03;True;False;0;2026-09-03
LU0106817157;Schroder ISF Emerging Europe A Acc EUR;Schroder International Selection Fund Emerging Europe A Accumulation EUR;Schroder Investment Management (Europe) S.A.;Equity;Europe Emerging Markets Equity;RV Europa Emergente ex-Rusia;EUR;Luxemburgo;7;3;;1.5;27.05;36.51;27.3;-3.15;2000-01-28;True;False;1000;2026-09-03
LU0251572144;Schroder ISF Emerging Europe A1 Acc USD;Schroder International Selection Fund Emerging Europe A1 Accumulation USD;Schroder Investment Management (Europe) S.A.;Equity;Europe Emerging Markets Equity;RV Europa Emergente ex-Rusia;USD;Luxemburgo;7;2;2.27;1.5;24.89;35.36;29.41;-4.07;2006-04-24;True;False;1000;2026-09-03
LU0106819104;Schroder ISF Emerging Europe B Acc EUR;Schroder International Selection Fund Emerging Europe B Accumulation EUR;Schroder Investment Management (Europe) S.A.;Equity;Europe Emerging Markets Equity;RV Europa Emergente ex-Rusia;EUR;Luxemburgo;7;2;;1.5;26.54;35.69;26.54;-3.73;2000-01-28;True;False;1000;2026-09-03
LU0224105477;BGF Continental Eurp Flex A2;BlackRock Global Funds - Continental European Flexible Fund Class A2;BlackRock (Luxembourg) SA;Equity;Europe Equity Large Cap;RV Europa ex-RU;EUR;Luxemburgo;6;3;1.82;1.5;7.83;14.15;9.7;2.83;1986-11-24;True;False;5000;2026-09-03
IE0033640594;GAM Star Continental Eurp Eq EUR Acc;GAM Star Fund plc - GAM Star Continental European Equity Class EUR Accumulation;GAM Fund Management Limited;Equity;Europe Equity Large Cap;RV Europa ex-RU;EUR;Irlanda;6;3;;1.35;6.35;14.09;11.02;5.7;2005-09-02;True;False;10000;2026-09-03
IE0033640933;GAM Star Continental Eurp Eq GBP Acc;GAM Star Fund plc - GAM Star Continental European Equity Class GBP Accumulation;GAM Fund Management Limited;Equity;Europe Equity Large Cap;RV Europa ex-RU;GBP;Irlanda;5;3;;1.35;4.32;13.05;11.02;5.62;2003-10-24;True;False;6000;2026-09-03
LU0201071890;Janus HndrsnContinen Eurp A2 EUR;Janus Henderson Continental European Fund A2 EUR;Janus Henderson Investors;Equity;Europe Equity Large Cap;RV Europa ex-RU;EUR;Luxemburgo;5;3;1.65;1.5;4.86;12.9;10.82;7.04;2004-10-29;True;False;2500;2026-09-03
LU0150924321;Janus HndrsnContinen Eurp A2 USD;Janus Henderson Continental European Fund A2 USD;Janus Henderson Investors;Equity;Europe Equity Large Cap;RV Europa ex-RU;USD;Luxemburgo;6;3;1.64;1.5;3.54;11.79;13.46;6.57;2002-07-02;True;False;2500;2026-09-03
LU0631859229;Bellevue Entrepreneur Europe Small B EUR;Bellevue Funds (Lux) - Bellevue Entrepreneur Europe Small B EUR;Bellevue Asset Management Ltd.;Equity;Europe Equity Mid/Small Cap;RV Europa ex-RU Cap. Med/Peq;EUR;Luxemburgo;5;4;2.2;1.6;10.42;14.56;14.34;4.39;2011-06-30;True;False;0;2026-09-03
LU1864952335;CT (Lux) Eur Smlr Com 1E EUR;CT (Lux) - European Smaller Companies 1E (EUR Accumulation);Threadneedle Management Luxembourg S.A.;Equity;Europe Equity Mid/Small Cap;RV Europa ex-RU Cap. Med/Peq;EUR;Luxemburgo;6;2;1.72;1.5;8.04;9.59;6.51;-1.64;2018-10-23;True;False;;2026-09-03
IE00BWCGWH04;E.I. Sturdza Strat Eurp Slvr Strs AEURUH;E.I. Sturdza Funds plc - Strategic European Silver Stars Fund A EUR UH;Eric Sturdza Asset Management S.A.;Equity;Europe Equity Mid/Small Cap;RV Europa ex-RU Cap. Med/Peq;EUR;Irlanda;6;3;;1.5;11.48;12.43;4.88;1.48;2015-05-05;True;False;0;2026-09-03
LU2798962978;Independance Am Europe Mid A (C);Independance Am Europe Mid A (C);Indépendance AM;Equity;Europe Equity Mid/Small Cap;RV Europa ex-RU Cap. Med/Peq;EUR;Luxemburgo;;;;1.95;12.62;19.54;;;2024-10-01;True;False;1;2026-09-03
LU1333148903;Azvalor Lux SICAV Azvalor Intl R;Azvalor Lux SICAV Azvalor International R;Azvalor Asset Management SGIIC;Equity;Global Equity Mid/Small Cap;RV Global  Cap. Flexible;EUR;Luxemburgo;6;3;;2.2;29.14;44.82;13.5;17.74;2015-12-18;True;False;1;2026-09-03
LU2388163516;DIP - Paradigma Value Cat Eq A EUR Acc;DIP - Paradigma Value Catalyst Equity A EUR Acc;A&G Fondos SGIIC;Equity;Global Equity Mid/Small Cap;RV Global  Cap. Flexible;EUR;Luxemburgo;6;4;;1.35;40.23;52;19.77;;2021-10-06;True;False;0;2026-09-03
LU2061961145;DNB Fund Disrpt Opps A EUR Acc;DNB Fund - Disruptive Opportunities A EUR (Acc);DNB Asset Management AS;Equity;Global Equity Large Cap;RV Global  Cap. Flexible;EUR;Luxemburgo;6;3;1.56;1.5;21.15;35.16;35.03;8.79;2019-12-10;True;False;0;2026-09-03
LU1048657123;FAST - Global Fund A-PF-ACC-EUR;Fidelity Active Strategy - FAST - Global Fund A-PF-ACC-EUR;FIL Investment Management (Luxembourg) S.à r.l.;Equity;Global Equity Mid/Small Cap;RV Global  Cap. Flexible;EUR;Luxemburgo;6;4;1.93;1.5;16.39;15.52;5.03;10.34;2014-04-02;True;False;2500;2026-09-03
LU0966156126;FAST - Global Fund A-PF-ACC-USD;Fidelity Active Strategy - FAST - Global Fund A-PF-ACC-USD;FIL Investment Management (Luxembourg) S.à r.l.;Equity;Global Equity Mid/Small Cap;RV Global  Cap. Flexible;USD;Luxemburgo;6;4;1.93;1.5;14.97;14.92;7.6;9.94;2013-09-30;True;False;2500;2026-09-03
LU0966156399;FAST - Global Fund E-PF-ACC-EUR;Fidelity Active Strategy - FAST - Global Fund E-PF-ACC-EUR;FIL Investment Management (Luxembourg) S.à r.l.;Equity;Global Equity Mid/Small Cap;RV Global  Cap. Flexible;EUR;Luxemburgo;6;4;2.68;1.5;15.81;14.68;4.27;9.44;2013-09-30;True;False;2500;2026-09-03
LU0332192961;GS Gbl Social Impact EQ-P Cap EUR;Goldman Sachs Global Social Impact Equity - P Cap EUR;Goldman Sachs Asset Management B.V.;Equity;Global Equity Large Cap;RV Global  Cap. Flexible;EUR;Luxemburgo;6;1;;1.5;-1.48;-6.12;1.66;;2008-12-04;True;False;0;2026-09-03
LU0119200128;GS Gbl Social Impact EQ-PCapUSD;Goldman Sachs Global Social Impact Equity - P Cap USD;Goldman Sachs Asset Management B.V.;Equity;Global Equity Large Cap;RV Global  Cap. Flexible;USD;Luxemburgo;6;1;;1.5;-2.73;-7;4.07;;1998-01-26;True;False;;2026-09-03
LU0332192888;GS Gbl Social Impact EQ-X Cap EUR;Goldman Sachs Global Social Impact Equity - X Cap EUR;Goldman Sachs Asset Management B.V.;Equity;Global Equity Large Cap;RV Global  Cap. Flexible;EUR;Luxemburgo;6;1;;2;-1.81;-6.59;1.15;;2008-12-04;True;False;0;2026-09-03
LU0121174428;GS Gbl Social Impact EQ-X Cap USD;Goldman Sachs Global Social Impact Equity - X Cap USD;Goldman Sachs Asset Management B.V.;Equity;Global Equity Large Cap;RV Global  Cap. Flexible;USD;Luxemburgo;6;1;;2;-3.05;-7.45;3.56;;2001-04-24;True;False;;2026-09-03
IE00BH6XS969;Heptagon Kopernik Glb AllCp Eq A $ Acc;Heptagon Fund ICAV - Kopernik Global All-Cap Equity Fund A USD Acc;Heptagon Capital Limited;Equity;Global Equity Mid/Small Cap;RV Global  Cap. Flexible;USD;Irlanda;6;5;1.62;1.5;15.58;35.97;28.87;15.2;2015-09-28;True;False;15000;2026-09-03
IE00BH6XSF26;Heptagon Kopernik Glb AllCp Eq AE € Acc;Heptagon Fund ICAV - Kopernik Global All-Cap Equity Fund AE EUR Acc;Heptagon Capital Limited;Equity;Global Equity Mid/Small Cap;RV Global  Cap. Flexible;EUR;Irlanda;6;5;1.62;1.5;17.06;37.32;25.88;15.71;2017-11-03;True;False;15000;2026-09-03
IE00BYR8H148;Jupiter Merian World Equity L EUR Acc;Jupiter Merian World Equity Fund L EUR Acc;Jupiter Asset Management (Europe) Limited;Equity;Global Equity Large Cap;RV Global  Cap. Flexible;EUR;Irlanda;5;5;1.59;1.5;14.76;23.98;19.94;12.86;2016-03-31;True;False;500;2026-09-03
LU0386882277;Pictet - Global Megatrend Sel P EUR;Pictet - Global Megatrend Selection P EUR;Pictet Asset Management (Europe) SA;Equity;Global Equity Large Cap;RV Global  Cap. Flexible;EUR;Luxemburgo;5;3;1.99;2.4;9.12;13.35;8.56;2.45;2008-10-31;True;False;0;2026-09-03
LU0386859887;Pictet-Global Megatrend Sel P USD;Pictet-Global Megatrend Selection P USD;Pictet Asset Management (Europe) SA;Equity;Global Equity Large Cap;RV Global  Cap. Flexible;USD;Luxemburgo;6;3;1.99;2.4;7.95;12.79;11.07;2;2008-10-31;True;False;0;2026-09-03
LU0270904781;Pictet-Security P EUR;Pictet-Security P EUR;Pictet Asset Management (Europe) SA;Equity;Global Equity Large Cap;RV Global  Cap. Flexible;EUR;Luxemburgo;6;3;1.98;2.4;23.48;21.1;12.96;3.27;2006-10-31;True;False;0;2026-09-03
LU0256846139;Pictet-Security P USD;Pictet-Security P USD;Pictet Asset Management (Europe) SA;Equity;Global Equity Large Cap;RV Global  Cap. Flexible;USD;Luxemburgo;6;3;1.98;2.4;22.16;20.51;15.57;2.82;2006-10-31;True;False;0;2026-09-03
LU0256846303;Pictet-Security P dy USD;Pictet-Security P dy USD;Pictet Asset Management (Europe) SA;Equity;Global Equity Large Cap;RV Global  Cap. Flexible;USD;Luxemburgo;6;3;1.98;2.4;22.16;20.51;15.57;2.82;2006-10-31;True;False;0;2026-09-03
LU1048590381;Robeco QI Global Momentum Equities D €;Robeco QI Global Momentum Equities D €;Robeco Institutional Asset Management BV;Equity;Global Equity Large Cap;RV Global  Cap. Flexible;EUR;Luxemburgo;6;4;1.21;1;16.95;22.14;19.75;10.91;2014-03-27;True;False;0;2026-09-03
LU0909471251;UBS Lux Sec Eq Fd P acc;UBS (Lux) Investment SICAV 2 - UBS (Lux) Security Equity Fund P acc;UBS Asset Management (Europe) S.A.;Equity;Global Equity Mid/Small Cap;RV Global  Cap. Flexible;USD;Luxemburgo;6;4;;1.92;12.42;12.72;14.89;6.38;2013-05-02;True;False;0;2026-09-03
LU1883320993;Amundi Fds Glb Eq Inc Sel A2 EUR C;Amundi Funds - Global Equity Income Select A2 EUR (C);Amundi Luxembourg S.A.;Equity;Global Equity Large Cap;RV Global Alto Dividendo;EUR;Luxemburgo;5;4;1.82;1.5;12.73;18.54;14.02;10.95;2008-03-07;True;False;1;2026-09-03
LU1883321298;Amundi Fds Glb Eq Inc Sel A2 EUR QTI D;Amundi Funds - Global Equity Income Select A2 EUR QTI (D);Amundi Luxembourg S.A.;Equity;Global Equity Large Cap;RV Global Alto Dividendo;EUR;Luxemburgo;6;4;1.82;1.5;12.74;18.55;14.02;10.95;2012-12-06;True;False;1;2026-09-03
LU0309191657;BL-Equities Dividend B EUR;BL-Equities Dividend B EUR Acc;BLI - Banque de Luxembourg Investments SA;Equity;Global Equity Large Cap;RV Global Alto Dividendo;EUR;Luxemburgo;5;1;1.45;1.25;1.58;2.11;2.46;1.98;2007-10-31;True;False;0;2026-09-03
IE00B3V93F27;BNY Mellon Global Equity Inc EUR A Acc;BNY Mellon Global Equity Income Fund EUR A Acc;BNY Mellon Fund Management (Lux) S.A.;Equity;Global Equity Large Cap;RV Global Alto Dividendo;EUR;Irlanda;5;3;;2;13.76;21.55;12.47;9.85;2010-09-03;True;False;5000;2026-09-03
IE00B3XPRY57;BNY Mellon Global Equity Inc USD A Acc;BNY Mellon Global Equity Income Fund USD A Acc;BNY Mellon Fund Management (Lux) S.A.;Equity;Global Equity Large Cap;RV Global Alto Dividendo;USD;Irlanda;5;3;;2;12.06;21.01;14.97;9.36;2012-02-09;True;False;5000;2026-09-03
LU1864953143;CT (Lux) Sustainable Glbl Eq Inc 1E EUR;CT (Lux) - Sustainable Global Equity Income 1E (EUR Accumulation);Threadneedle Management Luxembourg S.A.;Equity;Global Equity Large Cap;RV Global Alto Dividendo;EUR;Luxemburgo;5;3;1.68;1.5;18.95;21.8;12.94;8.49;2018-10-23;True;False;;2026-09-03
LU1864953499;CT (Lux) Sustainable Glbl Eq Inc 1EP EUR;CT (Lux) - Sustainable Global Equity Income 1EP (EUR Distribution);Threadneedle Management Luxembourg S.A.;Equity;Global Equity Large Cap;RV Global Alto Dividendo;EUR;Luxemburgo;5;3;1.68;1.5;18.94;21.78;12.94;8.48;2018-10-23;True;False;;2026-09-03
LU1616932866;DWS Invest ESG Equity Income LC;DWS Invest ESG Equity Income LC;DWS Investment S.A.;Equity;Global Equity Large Cap;RV Global Alto Dividendo;EUR;Luxemburgo;5;2;1.58;1.5;14.33;19.61;12.57;7.64;2017-08-07;True;False;0;2026-09-03
LU1616932940;DWS Invest ESG Equity Income LD;DWS Invest ESG Equity Income LD;DWS Investment S.A.;Equity;Global Equity Large Cap;RV Global Alto Dividendo;EUR;Luxemburgo;5;2;1.58;1.5;14.35;19.61;12.57;7.64;2017-08-07;True;False;0;2026-09-03
LU0507265923;DWS Invest Top Dividend LC;DWS Invest Top Dividend LC;DWS Investment S.A.;Equity;Global Equity Large Cap;RV Global Alto Dividendo;EUR;Luxemburgo;4;3;1.59;1.5;15.74;24.4;13.42;9.42;2010-07-01;True;False;0;2026-09-03
LU0507266061;DWS Invest Top Dividend LD;DWS Invest Top Dividend LD;DWS Investment S.A.;Equity;Global Equity Large Cap;RV Global Alto Dividendo;EUR;Luxemburgo;4;3;1.59;1.5;15.74;24.41;13.42;9.42;2010-07-01;True;False;0;2026-09-03
LU0507266491;DWS Invest Top Dividend USD LC;DWS Invest Top Dividend USD LC;DWS Investment S.A.;Equity;Global Equity Large Cap;RV Global Alto Dividendo;USD;Luxemburgo;5;3;1.59;1.5;14.16;23.8;16.05;8.94;2010-09-13;True;False;0;2026-09-03
DE000DWS1U90;DWS Top Dividende LC;DWS Top Dividende LC;DWS Investment GmbH;Equity;Global Equity Large Cap;RV Global Alto Dividendo;EUR;Alemania;4;3;1.45;1.45;15.83;24.36;13.72;9.69;2017-09-01;True;False;0;2026-09-03
DE0009848119;DWS Top Dividende LD;DWS Top Dividende LD;DWS Investment GmbH;Equity;Global Equity Large Cap;RV Global Alto Dividendo;EUR;Alemania;4;3;1.45;1.45;15.83;24.35;13.71;9.69;2003-04-28;True;False;0;2026-09-03
LU2242646235;Fidelity Global Div Pl A Acc USD;Fidelity Funds - Global Dividend Plus Fund A-Acc-USD;FIL Investment Management (Luxembourg) S.à r.l.;Equity;Global Equity Large Cap;RV Global Alto Dividendo;USD;Luxemburgo;5;3;;1.5;7.99;15.25;15.93;8.55;2021-06-09;True;False;2500;2026-09-03
LU0099575291;Fidelity Global Div Pl A EUR;Fidelity Funds - Global Dividend Plus Fund A-EUR;FIL Investment Management (Luxembourg) S.à r.l.;Equity;Global Equity Large Cap;RV Global Alto Dividendo;EUR;Luxemburgo;5;3;;1.5;9.37;15.92;13.2;9.06;1999-09-01;True;False;;2026-09-03
LU0115774233;Fidelity Global Div Pl E Acc EUR;Fidelity Funds - Global Dividend Plus Fund E-Acc-EUR;FIL Investment Management (Luxembourg) S.à r.l.;Equity;Global Equity Large Cap;RV Global Alto Dividendo;EUR;Luxemburgo;5;3;;1.5;8.79;15;12.33;8.24;2000-09-11;True;False;2500;2026-09-03
LU1261431768;Fidelity Global Dividend A-Acc-EUR;Fidelity Funds - Global Dividend Fund A-Acc-EUR;FIL Investment Management (Luxembourg) S.à r.l.;Equity;Global Equity Large Cap;RV Global Alto Dividendo;EUR;Luxemburgo;4;3;;1.5;9.53;14.46;13.33;8.72;2015-08-07;True;False;2500;2026-09-03
LU0772969993;Fidelity Global Dividend A-Acc-USD;Fidelity Funds - Global Dividend Fund A-Acc-USD;FIL Investment Management (Luxembourg) S.à r.l.;Equity;Global Equity Large Cap;RV Global Alto Dividendo;USD;Luxemburgo;5;3;;1.5;8.18;13.81;16.08;8.23;2012-05-04;True;False;2500;2026-09-03
LU0731782826;Fidelity Global Dividend A-MInc(G)-EUR;Fidelity Funds - Global Dividend Fund A-MINCOME(G)-EUR;FIL Investment Management (Luxembourg) S.à r.l.;Equity;Global Equity Large Cap;RV Global Alto Dividendo;EUR;Luxemburgo;4;3;;1.5;9.51;14.42;13.3;8.73;2012-01-30;True;False;;2026-09-03
LU0731783048;Fidelity Global Dividend A-MInc(G)-USD;Fidelity Funds - Global Dividend Fund A-MINCOME(G)-USD;FIL Investment Management (Luxembourg) S.à r.l.;Equity;Global Equity Large Cap;RV Global Alto Dividendo;USD;Luxemburgo;5;3;;1.5;8.16;13.78;16.06;8.23;2012-01-30;True;False;2500;2026-09-03
LU0731782404;Fidelity Global Dividend A-QInc(G)-EUR;Fidelity Funds - Global Dividend Fund A-QINCOME(G)-EUR;FIL Investment Management (Luxembourg) S.à r.l.;Equity;Global Equity Large Cap;RV Global Alto Dividendo;EUR;Luxemburgo;4;3;;1.5;9.52;14.4;13.31;8.72;2012-01-30;True;False;;2026-09-03
LU0731782586;Fidelity Global Dividend A-QInc(G)-USD;Fidelity Funds - Global Dividend Fund A-QINCOME(G)-USD;FIL Investment Management (Luxembourg) S.à r.l.;Equity;Global Equity Large Cap;RV Global Alto Dividendo;USD;Luxemburgo;5;3;;1.5;8.17;13.84;16.07;8.24;2012-01-30;True;False;2500;2026-09-03
LU1038895451;Fidelity Global Dividend E-Acc-EUR;Fidelity Funds - Global Dividend Fund E-Acc-EUR;FIL Investment Management (Luxembourg) S.à r.l.;Equity;Global Equity Large Cap;RV Global Alto Dividendo;EUR;Luxemburgo;4;3;;1.5;8.95;13.55;12.47;7.91;2014-03-10;True;False;2500;2026-09-03
LU0261951957;Fidelity Global Dividend Pl A Acc EUR;Fidelity Funds - Global Dividend Plus Fund A-Acc-EUR;FIL Investment Management (Luxembourg) S.à r.l.;Equity;Global Equity Large Cap;RV Global Alto Dividendo;EUR;Luxemburgo;5;3;;1.5;9.36;15.9;13.17;9.05;2006-09-25;True;False;2500;2026-09-03
IE00BDGV0290;Guinness Global Equity Income D EUR Acc;Guinness Global Equity Income D EUR Accumulation;Guinness Asset Management Limited;Equity;Global Equity Large Cap;RV Global Alto Dividendo;EUR;Irlanda;5;3;1.27;1.49;12.61;14.25;10.39;8.93;2017-01-23;True;False;100000000;2026-09-03
IE00B66B5L40;Guinness Global Equity Income D EUR Dist;Guinness Global Equity Income D EUR Distribution;Guinness Asset Management Limited;Equity;Global Equity Large Cap;RV Global Alto Dividendo;EUR;Irlanda;5;3;1.27;1.49;12.61;14.25;10.39;8.93;2010-12-31;True;False;;2026-09-03
LU1075210465;Invesco Global Equity Income A EUR AD;Invesco Funds - Invesco Global Equity Income Fund A Annual Distribution EUR;Invesco Management S.A.;Equity;Global Equity Large Cap;RV Global Alto Dividendo;EUR;Luxemburgo;5;4;;1.4;13.98;16.02;15.12;12.3;2014-07-23;True;False;1000;2026-09-03
LU0607513230;Invesco Global Equity Income A USD Acc;Invesco Funds - Invesco Global Equity Income Fund A Accumulation USD;Invesco Management S.A.;Equity;Global Equity Large Cap;RV Global Alto Dividendo;USD;Luxemburgo;6;4;;1.4;12.28;15.41;17.61;11.76;2011-09-30;True;False;1500;2026-09-03
LU0329202252;JPM Global Dividend A acc EUR;JPMorgan Investment Funds - Global Dividend Fund A (acc) EUR;JPMorgan Asset Management (Europe) S.à r.l.;Equity;Global Equity Large Cap;RV Global Alto Dividendo;EUR;Luxemburgo;5;3;1.69;1.5;9.05;12.97;10.43;8.63;2010-10-04;True;False;35000;2026-09-03
LU0329201957;JPM Global Dividend A acc USD;JPMorgan Investment Funds - Global Dividend Fund A (acc) USD;JPMorgan Asset Management (Europe) S.à r.l.;Equity;Global Equity Large Cap;RV Global Alto Dividendo;USD;Luxemburgo;5;3;1.7;1.5;7.87;12.4;12.98;8.15;2007-11-28;True;False;35000;2026-09-03
LU0714179727;JPM Global Dividend A div EUR;JPMorgan Investment Funds - Global Dividend Fund A (div) EUR;JPMorgan Asset Management (Europe) S.à r.l.;Equity;Global Equity Large Cap;RV Global Alto Dividendo;EUR;Luxemburgo;5;3;1.68;1.5;9.06;12.97;10.44;8.64;2011-12-01;True;False;35000;2026-09-03
LU0714181467;JPM Global Dividend A div USD;JPMorgan Investment Funds - Global Dividend Fund A (div) USD;JPMorgan Asset Management (Europe) S.à r.l.;Equity;Global Equity Large Cap;RV Global Alto Dividendo;USD;Luxemburgo;5;3;1.75;1.5;7.84;12.34;12.91;8.1;2012-01-13;True;False;35000;2026-09-03
LU0329203490;JPM Global Dividend D acc USD;JPMorgan Investment Funds - Global Dividend Fund D (acc) USD;JPMorgan Asset Management (Europe) S.à r.l.;Equity;Global Equity Large Cap;RV Global Alto Dividendo;USD;Luxemburgo;5;3;2.45;1.5;7.34;11.56;12.13;7.34;2007-11-28;True;False;5000;2026-09-03
LU1670710075;M&G (Lux) Glb Dividend A EUR Acc;M&G (Lux) Global Dividend Fund EUR A Acc;M&G Luxembourg S.A.;Equity;Global Equity Large Cap;RV Global Alto Dividendo;EUR;Luxemburgo;5;3;1.92;1.75;13.07;20.67;13.95;10.06;2018-09-20;True;False;1000;2026-09-03
LU1670710158;M&G (Lux) Glb Dividend A EUR Inc;M&G (Lux) Global Dividend Fund EUR A Inc;M&G Luxembourg S.A.;Equity;Global Equity Large Cap;RV Global Alto Dividendo;EUR;Luxemburgo;5;3;1.92;1.75;13.1;20.7;13.97;10.07;2018-09-20;True;False;1000;2026-09-03
LU1670711040;M&G (Lux) Glb Dividend A USD Acc;M&G (Lux) Global Dividend Fund USD A Acc;M&G Luxembourg S.A.;Equity;Global Equity Large Cap;RV Global Alto Dividendo;USD;Luxemburgo;6;4;1.92;1.75;11.38;20.05;16.44;9.53;2018-09-20;True;False;1000;2026-09-03
LU0306806265;Schroder ISF Glb Div Mxmsr A Acc USD;Schroder International Selection Fund Global Dividend Maximiser A Accumulation USD;Schroder Investment Management (Europe) S.A.;Equity;Global Equity Large Cap;RV Global Alto Dividendo;USD;Luxemburgo;5;3;;1.5;17.04;24.49;15.3;9.64;2007-07-13;True;False;1000;2026-09-03
LU0306807586;Schroder ISF Glb Div Mxmsr A Dis$QF;Schroder International Selection Fund Global Dividend Maximiser A Distribution USD QF;Schroder Investment Management (Europe) S.A.;Equity;Global Equity Large Cap;RV Global Alto Dividendo;USD;Luxemburgo;5;3;;1.5;17.04;24.49;15.3;9.64;2007-07-13;True;False;1000;2026-09-03
LU0248166992;Schroder ISF Global Eq Yld A Acc EUR;Schroder International Selection Fund Global Equity Yield A Accumulation EUR;Schroder Investment Management (Europe) S.A.;Equity;Global Equity Large Cap;RV Global Alto Dividendo;EUR;Luxemburgo;5;3;;1.5;20.96;27.28;14.13;10.92;2006-03-17;True;False;1000;2026-09-03
LU0611173427;UBS (Lux) ES Global Hi Div $ P-acc;UBS (Lux) Equity SICAV - Global High Dividend (USD) P-acc;UBS Asset Management (Europe) S.A.;Equity;Global Equity Large Cap;RV Global Alto Dividendo;USD;Luxemburgo;5;4;1.56;1.2;25.6;34.16;19.63;12.2;2011-04-15;True;False;;2026-09-03
LU0439730457;UBS Lux Glbl Qual Div Eq Fd P acc;UBS (Lux) Investment SICAV 2 - UBS (Lux) Global Quality Dividend Equity Fund P acc;UBS Asset Management (Europe) S.A.;Equity;Global Equity Large Cap;RV Global Alto Dividendo;USD;Luxemburgo;5;5;1.87;1.92;23.34;31.27;22.78;13.12;2010-04-15;True;False;0;2026-09-03
LU2463475223;abrdn-Global Dynamic Div A Acc EUR;abrdn SICAV I - Global Dynamic Dividend Fund A Acc EUR;abrdn Investments Luxembourg S.A.;Equity;Global Equity Large Cap;RV Global Alto Dividendo;EUR;Luxemburgo;6;3;;1.5;12.84;20.91;12.03;;2022-05-05;True;False;1000;2026-09-03
LU2237443382;abrdn-Global Dynamic Div A Grs MIncAUSD;abrdn SICAV I - Global Dynamic Dividend Fund A Gross MIncA USD;abrdn Investments Luxembourg S.A.;Equity;Global Equity Large Cap;RV Global Alto Dividendo;USD;Luxemburgo;5;3;;1.5;11.15;20.3;14.48;7.27;2020-10-14;True;False;500;2026-09-03
LU1998907197;AB Low Volatility Eq A EUR;AB SICAV I- Low Volatility Equity Portfolio A EUR Acc;AllianceBernstein (Luxembourg) S.à r.l.;Equity;Global Equity Large Cap;RV Global Cap. Grande Blend;EUR;Luxemburgo;6;3;1.67;1.5;7.55;10.14;10.5;8.37;2019-06-06;True;False;2000;2026-09-03
LU1774149998;AXAWF Sustainable Equity QI A Cap EUR;AXA World Funds Sustainable Equity QI A Capitalisation EUR;BNP PARIBAS ASSET MANAGEMENT Europe;Equity;Global Equity Large Cap;RV Global Cap. Grande Blend;EUR;Luxemburgo;6;3;0.61;0.45;7.63;10.05;11.11;7.72;2018-02-20;True;False;0;2026-09-03
LU0861895935;Abante Equity Managers B EUR;Abante Global Funds - Abante Equity Managers Class B EUR;Abante Asesores Gestión SGIIC;Equity;Global Equity Large Cap;RV Global Cap. Grande Blend;EUR;Luxemburgo;5;1;;2;8.61;13.01;9.28;1.83;2013-06-11;True;False;0;2026-09-03
DE0009781740;Acatis Aktien Global Fonds A;Acatis Aktien Global Fonds A;ACATIS Investment Kapitalverwaltungsgesellschaft mbH;Equity;Global Equity Large Cap;RV Global Cap. Grande Blend;EUR;Alemania;6;3;1.51;1.35;10.98;19.28;13.47;6.06;1997-05-21;True;False;0;2026-09-03
LU1563397410;Allianz Global Equity Insights AT EUR;Allianz Global Investors Fund - Allianz Global Equity Insights AT EUR;Allianz Global Investors GmbH;Equity;Global Equity Large Cap;RV Global Cap. Grande Blend;EUR;Luxemburgo;6;2;2.05;2.05;5.79;13.92;10.94;4.24;2017-03-07;True;False;0;2026-09-03
LU1883342377;Amundi Fds Global Equity A EUR C;Amundi Funds - Global Equity A EUR (C);Amundi Luxembourg S.A.;Equity;Global Equity Large Cap;RV Global Cap. Grande Blend;EUR;Luxemburgo;6;5;3.09;1.65;17.29;28.13;19.61;13.94;2001-06-25;True;False;1;2026-09-03
LU0996182563;Amundi IS MSCI World AE-C;Amundi Index Solutions - Amundi Index MSCI World AE-C;Amundi Luxembourg S.A.;Equity;Global Equity Large Cap;RV Global Cap. Grande Blend;EUR;Luxemburgo;5;4;;0.15;13.63;20.48;16.75;11.21;2014-04-09;True;True;0;2026-09-03
LU0996182647;Amundi IS MSCI World AE-D;Amundi Index Solutions - Amundi Index MSCI World AE-D;Amundi Luxembourg S.A.;Equity;Global Equity Large Cap;RV Global Cap. Grande Blend;EUR;Luxemburgo;5;4;;0.15;13.63;20.48;16.74;11.21;2014-04-09;True;True;;2026-09-03
LU0996182308;Amundi IS MSCI World AU-C;Amundi Index Solutions - Amundi Index MSCI World AU-C;Amundi Luxembourg S.A.;Equity;Global Equity Large Cap;RV Global Cap. Grande Blend;USD;Luxemburgo;6;4;;0.15;12.19;19.29;19.52;10.72;2013-12-16;True;True;1;2026-09-03
LU0238689110;BGF Global Dynamic Eq A2;BlackRock Global Funds - Global Dynamic Equity Fund A2;BlackRock (Luxembourg) SA;Equity;Global Equity Large Cap;RV Global Cap. Grande Blend;USD;Luxemburgo;6;3;1.82;1.5;9.22;20.33;16.17;7.07;2006-02-28;True;False;5000;2026-09-03
LU0238689623;BGF Global Dynamic Eq A2 EUR;BlackRock Global Funds - Global Dynamic Equity Fund A2 EUR;BlackRock (Luxembourg) SA;Equity;Global Equity Large Cap;RV Global Cap. Grande Blend;EUR;Luxemburgo;6;3;1.82;1.5;10.41;20.93;13.55;7.55;2006-02-28;True;False;;2026-09-03
LU0011850046;BGF Global Long-Horizon Equity A2;BlackRock Global Funds - Global Long-Horizon Equity Fund A2;BlackRock (Luxembourg) SA;Equity;Global Equity Large Cap;RV Global Cap. Grande Blend;USD;Luxemburgo;6;2;1.81;1.5;0.52;5.36;8.35;2.25;1996-02-29;True;False;5000;2026-09-03
LU0171285314;BGF Global Long-Horizon Equity A2 EUR;BlackRock Global Funds - Global Long-Horizon Equity Fund A2 EUR;BlackRock (Luxembourg) SA;Equity;Global Equity Large Cap;RV Global Cap. Grande Blend;EUR;Luxemburgo;6;2;1.81;1.5;1.6;5.87;5.89;2.69;1996-02-29;True;False;;2026-09-03
FR0014009V22;Bankinter Innova A;Bankinter Innova A;Edmond de Rothschild Asset Management (France);Equity;Global Equity Large Cap;RV Global Cap. Grande Blend;EUR;Francia;6;3;;1.65;4.85;4.77;15.23;;2022-06-24;True;False;100;2026-09-03
ES0113574018;Bankinter Multi-Asset Invmt Global FI;Bankinter Multi-Asset Investment Global Investment FI;Bankinter Gestión de Activos SGIIC;Equity;Global Equity Large Cap;RV Global Cap. Grande Blend;EUR;España;6;3;0.57;0.4;13.22;20.84;16.4;;2022-01-21;True;False;1;2026-09-03
ES0115157036;Bankinter Sostenibilidad R FI;Bankinter Sostenibilidad R FI;Bankinter Gestión de Activos SGIIC;Equity;Global Equity Large Cap;RV Global Cap. Grande Blend;EUR;España;6;3;1.8;1.6;13.93;21.97;13.65;9.75;2003-11-12;True;False;1;2026-09-03
ES0113572004;Bankinter Índice Global R FI;Bankinter Índice Global R FI;Bankinter Gestión de Activos SGIIC;Equity;Global Equity Large Cap;RV Global Cap. Grande Blend;EUR;España;6;3;1.2;1;12.3;19.03;14.94;7.75;2018-03-23;True;True;1;2026-09-03
LU1891311356;DWS Invest SDG Global Equities LC;DWS Invest SDG Global Equities LC;DWS Investment S.A.;Equity;Global Equity Large Cap;RV Global Cap. Grande Blend;EUR;Luxemburgo;5;2;1.58;1.5;7.71;13.96;9.5;4.52;2018-11-02;True;False;0;2026-09-03
LU1366333091;Fidelity Global Focus A-Acc-USD;Fidelity Funds - Global Focus Fund A-Acc-USD;FIL Investment Management (Luxembourg) S.à r.l.;Equity;Global Equity Large Cap;RV Global Cap. Grande Blend;USD;Luxemburgo;6;3;;1.5;-0.38;7.72;13.29;5.63;2016-05-12;True;False;2500;2026-09-03
LU0157922724;Fidelity Global Focus A-Dis-EUR;Fidelity Funds - Global Focus Fund A-DIST-EUR;FIL Investment Management (Luxembourg) S.à r.l.;Equity;Global Equity Large Cap;RV Global Cap. Grande Blend;EUR;Luxemburgo;5;3;;1.5;0.84;8.33;10.6;6.11;2003-01-14;True;False;;2026-09-03
LU0157924183;Fidelity Global Focus A-Dis-GBP;Fidelity Funds - Global Focus Fund A-DIST-GBP;FIL Investment Management (Luxembourg) S.à r.l.;Equity;Global Equity Large Cap;RV Global Cap. Grande Blend;GBP;Luxemburgo;5;3;;1.5;-0.82;6.82;10.68;6.12;2003-01-14;True;False;;2026-09-03
IE00BYX5NX33;Fidelity MSCI World Index EUR P Acc;Fidelity MSCI World Index Fund EUR P Acc;FIL Investment Management (Luxembourg) S.A., Ireland Branch;Equity;Global Equity Large Cap;RV Global Cap. Grande Blend;EUR;Irlanda;5;4;0.12;0.12;13.72;20.65;16.91;11.45;2018-03-20;True;True;0;2026-09-03
LU1261432659;Fidelity World A-Acc-EUR;Fidelity Funds - World Fund A-Acc-EUR;FIL Investment Management (Luxembourg) S.à r.l.;Equity;Global Equity Large Cap;RV Global Cap. Grande Blend;EUR;Luxemburgo;5;4;;1.5;12.59;21.14;15.42;8.66;2015-08-07;True;False;2500;2026-09-03
LU1084165304;Fidelity World A-Acc-USD;Fidelity Funds - World Fund A-Acc-USD;FIL Investment Management (Luxembourg) S.à r.l.;Equity;Global Equity Large Cap;RV Global Cap. Grande Blend;USD;Luxemburgo;6;4;;1.5;11.26;20.57;18.24;8.17;2014-07-17;True;False;2500;2026-09-03
LU0069449576;Fidelity World A-Dis-EUR;Fidelity Funds - World Fund A-DIST-EUR;FIL Investment Management (Luxembourg) S.à r.l.;Equity;Global Equity Large Cap;RV Global Cap. Grande Blend;EUR;Luxemburgo;5;4;;1.5;12.61;21.18;15.44;8.66;1996-09-06;True;False;;2026-09-03
LU0201159711;GS Global CORE Eq E Acc EUR Snap;Goldman Sachs Global CORE Equity Portfolio E Acc EUR Snap;Goldman Sachs Asset Management B.V.;Equity;Global Equity Large Cap;RV Global Cap. Grande Blend;EUR;Luxemburgo;5;4;;1.25;11.12;20.52;16.77;9.84;2005-06-29;True;False;1500;2026-09-03
LU1698129183;GS Global CORE Eq Oth Ccy Acc EUR Snap;Goldman Sachs Global CORE Equity Portfolio Other Currency Acc EUR Snap;Goldman Sachs Asset Management B.V.;Equity;Global Equity Large Cap;RV Global Cap. Grande Blend;EUR;Luxemburgo;5;4;;1.25;11.46;21.12;17.35;10.39;2017-10-19;True;False;5000;2026-09-03
FR0010722348;Groupama Global Active Equity NC;Groupama Global Active Equity NC;Groupama Asset Management;Equity;Global Equity Large Cap;RV Global Cap. Grande Blend;EUR;Francia;6;5;;2.02;17.28;27.55;18.79;12.88;2009-04-14;True;False;0;2026-09-03
LU0210534227;JPM Global Focus A acc EUR;JPMorgan Funds - Global Focus Fund A (acc) EUR;JPMorgan Asset Management (Europe) S.à r.l.;Equity;Global Equity Large Cap;RV Global Cap. Grande Blend;EUR;Luxemburgo;5;4;1.41;1.5;7.64;11.08;12.33;9.32;2005-03-31;True;False;35000;2026-09-03
LU0168342896;JPM Global Focus A dist USD;JPMorgan Funds - Global Focus Fund A (dist) USD;JPMorgan Asset Management (Europe) S.à r.l.;Equity;Global Equity Large Cap;RV Global Cap. Grande Blend;USD;Luxemburgo;6;4;1.38;1.5;6.46;10.48;14.84;8.76;2006-12-04;True;False;35000;2026-09-03
LU0168343274;JPM Global Focus D acc EUR;JPMorgan Funds - Global Focus Fund D (acc) EUR;JPMorgan Asset Management (Europe) S.à r.l.;Equity;Global Equity Large Cap;RV Global Cap. Grande Blend;EUR;Luxemburgo;5;3;1.17;1.5;6.91;9.98;11.19;8.22;2003-05-23;True;False;5000;2026-09-03
LU0157178582;JPM Global Select Equity A acc EUR;JPMorgan Investment Funds - Global Select Equity Fund A (acc) EUR;JPMorgan Asset Management (Europe) S.à r.l.;Equity;Global Equity Large Cap;RV Global Cap. Grande Blend;EUR;Luxemburgo;5;3;1.67;1.5;7.55;10.89;11.44;8.99;2014-03-04;True;False;35000;2026-09-03
LU0070217475;JPM Global Select Equity A acc USD;JPMorgan Investment Funds - Global Select Equity Fund A (acc) USD;JPMorgan Asset Management (Europe) S.à r.l.;Equity;Global Equity Large Cap;RV Global Cap. Grande Blend;USD;Luxemburgo;6;3;1.68;1.5;6.38;10.33;14;8.51;1981-04-30;True;False;35000;2026-09-03
LU0157179127;JPM Global Select Equity D acc EUR;JPMorgan Investment Funds - Global Select Equity Fund D (acc) EUR;JPMorgan Asset Management (Europe) S.à r.l.;Equity;Global Equity Large Cap;RV Global Cap. Grande Blend;EUR;Luxemburgo;5;3;2.48;1.5;6.97;9.99;10.53;8.09;2021-05-25;True;False;5000;2026-09-03
LU0115085028;JPM Global Select Equity D acc USD;JPMorgan Investment Funds - Global Select Equity Fund D (acc) USD;JPMorgan Asset Management (Europe) S.à r.l.;Equity;Global Equity Large Cap;RV Global Cap. Grande Blend;USD;Luxemburgo;6;3;2.44;1.5;5.85;9.5;13.13;7.68;2002-04-15;True;False;5000;2026-09-03
LU0200076213;Janus Henderson Global Select A2 EUR;Janus Henderson Global Select Fund A2 EUR;Janus Henderson Investors;Equity;Global Equity Large Cap;RV Global Cap. Grande Blend;EUR;Luxemburgo;5;3;1.66;1.5;10.83;15.44;14.51;6.35;2004-10-29;True;False;2500;2026-09-03
LU0200076999;Janus Henderson Global Select A2 USD;Janus Henderson Global Select Fund A2 USD;Janus Henderson Investors;Equity;Global Equity Large Cap;RV Global Cap. Grande Blend;USD;Luxemburgo;6;3;1.66;1.5;9.43;14.3;17.24;5.88;2005-03-24;True;False;2500;2026-09-03
LU1670715207;M&G (Lux) Glbl SustainParisAlgndEURAAcc;M&G (Lux) Global Sustain Paris Aligned Fund EUR A Acc;M&G Luxembourg S.A.;Equity;Global Equity Large Cap;RV Global Cap. Grande Blend;EUR;Luxemburgo;5;3;1.97;1.75;5.92;10.02;7.69;6.11;2018-11-09;True;False;1000;2026-09-03
LU0219418919;MFS Meridian Global Concntr A1 EUR;MFS Meridian Funds - Global Concentrated Fund A1 EUR;MFS Investment Management Company (Lux) S.à.r.l;Equity;Global Equity Large Cap;RV Global Cap. Grande Blend;EUR;Luxemburgo;5;2;2.07;1.15;5.67;8.19;5.52;2.48;2005-09-26;True;False;0;2026-09-03
LU0219441572;MFS Meridian Global Concntr A1 USD;MFS Meridian Funds - Global Concentrated Fund A1 USD;MFS Investment Management Company (Lux) S.à.r.l;Equity;Global Equity Large Cap;RV Global Cap. Grande Blend;USD;Luxemburgo;5;2;2.06;1.15;4.22;7.22;8.11;2.08;1999-04-08;True;False;0;2026-09-03
LU0094560744;MFS Meridian Global Equity A1 EUR;MFS Meridian Funds - Global Equity Fund A1 EUR;MFS Investment Management Company (Lux) S.à.r.l;Equity;Global Equity Large Cap;RV Global Cap. Grande Blend;EUR;Luxemburgo;5;2;1.92;1.05;6.49;9.26;6.03;2.92;1999-03-12;True;False;0;2026-09-03
LU0219441069;MFS Meridian Global Equity A1 USD;MFS Meridian Funds - Global Equity Fund A1 USD;MFS Investment Management Company (Lux) S.à.r.l;Equity;Global Equity Large Cap;RV Global Cap. Grande Blend;USD;Luxemburgo;5;2;1.9;1.05;5.04;8.26;8.63;2.52;2005-09-26;True;False;0;2026-09-03
LU1914599201;MFS Meridian Global Intrnsc Val A1 EUR;MFS Meridian Funds - Global Intrinsic Value Fund A1 EUR;MFS Investment Management Company (Lux) S.à.r.l;Equity;Global Equity Large Cap;RV Global Cap. Grande Blend;EUR;Luxemburgo;5;2;1.85;1;11.21;15.9;11.64;6.24;2019-02-15;True;False;0;2026-09-03
LU0119620416;MS INVF Global Brands A;Morgan Stanley Investment Funds - Global Brands Fund A;MSIM Fund Management (Ireland) Limited;Equity;Global Equity Large Cap;RV Global Cap. Grande Blend;USD;Luxemburgo;5;2;1.84;1.6;-5.02;-9.07;1.6;0.26;2000-10-30;True;False;0;2026-09-03
LU2295319300;MS INVF Global Brands A EUR;Morgan Stanley Investment Funds - Global Brands Fund A (EUR);MSIM Fund Management (Ireland) Limited;Equity;Global Equity Large Cap;RV Global Cap. Grande Blend;EUR;Luxemburgo;5;1;1.84;1.6;-3.99;-8.61;-0.7;0.69;2021-04-16;True;False;;2026-09-03
LU0955010870;MS INVF Global Quality A;Morgan Stanley Investment Funds - Global Quality Fund A;MSIM Fund Management (Ireland) Limited;Equity;Global Equity Large Cap;RV Global Cap. Grande Blend;USD;Luxemburgo;5;2;1.84;1.6;2.12;0;5.34;1.79;2013-08-01;True;False;0;2026-09-03
LU1842711845;MS INVF Global Quality Select A USD Acc;Morgan Stanley Investment Funds - Global Quality Select Fund A USD Acc;MSIM Fund Management (Ireland) Limited;Equity;Global Equity Large Cap;RV Global Cap. Grande Blend;USD;Luxemburgo;5;1;1.74;1.5;1.84;-0.33;6.3;2.3;2018-06-29;True;False;0;2026-09-03
LU0985320059;Nordea 1 - Glb Sust Stars Equity BP EUR;Nordea 1 - Global Sustainable Stars Equity Fund BP EUR;Nordea Investment Funds SA;Equity;Global Equity Large Cap;RV Global Cap. Grande Blend;EUR;Luxemburgo;5;3;1.8;1.5;10.99;16.92;11.35;6.12;2016-05-17;True;False;0;2026-09-03
LU0985320646;Nordea 1 - Glb Sust Stars Equity E EUR;Nordea 1 - Global Sustainable Stars Equity Fund E EUR;Nordea Investment Funds SA;Equity;Global Equity Large Cap;RV Global Cap. Grande Blend;EUR;Luxemburgo;4;3;2.55;1.5;10.43;16.05;10.52;5.32;2016-05-17;True;False;0;2026-09-03
LU0845340131;Pictet - Quest Global Sust Eq P EUR;Pictet - Quest Global Sustainable Equities P EUR;Pictet Asset Management (Europe) SA;Equity;Global Equity Large Cap;RV Global Cap. Grande Blend;EUR;Luxemburgo;5;4;1.17;2.4;12.66;19.85;14.61;10.55;2012-11-30;True;False;0;2026-09-03
LU2749782368;Pictet Quest AI-Driven Glb Eq P USD Acc;Pictet - Quest AI-Driven Global Equities P USD Acc;Pictet Asset Management (Europe) SA;Equity;Global Equity Large Cap;RV Global Cap. Grande Blend;USD;Luxemburgo;;;0.62;1;12.89;21.2;;;2024-03-28;True;False;0;2026-09-03
LU0503634221;Pictet SmartCity P EUR;Pictet - SmartCity P EUR;Pictet Asset Management (Europe) SA;Equity;Global Equity Large Cap;RV Global Cap. Grande Blend;EUR;Luxemburgo;6;1;1.97;2.4;4;2.51;4.71;-1.49;2010-05-12;True;False;0;2026-09-03
LU0550966351;Pictet SmartCity P dm EUR;Pictet - SmartCity P dm EUR;Pictet Asset Management (Europe) SA;Equity;Global Equity Large Cap;RV Global Cap. Grande Blend;EUR;Luxemburgo;6;1;1.97;2.4;4;2.51;4.72;-1.49;2010-12-15;True;False;0;2026-09-03
LU0387754996;Robeco Global Stars Equities D EUR;Robeco Global Stars Equities D EUR;Robeco Institutional Asset Management BV;Equity;Global Equity Large Cap;RV Global Cap. Grande Blend;EUR;Luxemburgo;5;4;1.46;1.25;9.08;15.09;13.73;9;2008-11-10;True;False;0;2026-09-03
LU1123620707;Robeco QI Glb Dev 3D Enh Idx Eqs D €;Robeco QI Global Developed 3D Enhanced Index Equities D EUR;Robeco Institutional Asset Management BV;Equity;Global Equity Large Cap;RV Global Cap. Grande Blend;EUR;Luxemburgo;6;4;0.71;0.5;13.45;21.44;17.82;11.62;2014-12-12;True;False;0;2026-09-03
LU0705780269;Robeco QI Global Conservative Eqs B €;Robeco Capital Growth Funds - Robeco QI Global Conservative Equities B EUR;Robeco Institutional Asset Management BV;Equity;Global Equity Large Cap;RV Global Cap. Grande Blend;EUR;Luxemburgo;5;3;1.01;0.8;11.51;15.57;12.39;9;2011-12-13;True;False;0;2026-09-03
LU0705782398;Robeco QI Global Conservative Eqs D €;Robeco Capital Growth Funds - Robeco QI Global Conservative Equities D EUR;Robeco Institutional Asset Management BV;Equity;Global Equity Large Cap;RV Global Cap. Grande Blend;EUR;Luxemburgo;5;3;1.01;0.8;11.5;15.56;12.39;9;2011-12-13;True;False;0;2026-09-03
LU1274519823;Robeco QI Global Dev Cnsrv Eqs D €;Robeco QI Global Developed Conservative Equities D €;Robeco Institutional Asset Management BV;Equity;Global Equity Large Cap;RV Global Cap. Grande Blend;EUR;Luxemburgo;5;3;1.01;0.8;10.14;15.23;13;9.42;2015-09-16;True;False;0;2026-09-03
LU1654173217;Robeco QI Global Dev Enh Index Eqs D €;Robeco QI Global Developed Enhanced Index Equities D €;Robeco Institutional Asset Management BV;Equity;Global Equity Large Cap;RV Global Cap. Grande Blend;EUR;Luxemburgo;5;5;0.72;0.5;14.14;21.48;18.4;12.8;2017-09-15;True;False;0;2026-09-03
FR001400CEG4;Sextant Quality Focus A;Sextant Quality Focus A;Amiral Gestion;Equity;Global Equity Large Cap;RV Global Cap. Grande Blend;EUR;Francia;;2;;1.8;2.62;3.22;8.45;;2022-11-30;True;False;1;2026-09-03
IE00B5456744;Vanguard ESG Dev Wld All Cp Eq IdxEURAcc;Vanguard ESG Developed World All Cap Equity Index Fund EUR Acc;Vanguard Group (Ireland) Limited;Equity;Global Equity Large Cap;RV Global Cap. Grande Blend;EUR;Irlanda;6;4;0.2;0.2;15.04;22.85;17.24;10.33;2011-02-07;True;True;1000000;2026-09-03
IE00B03HD209;Vanguard Glb Stk Idx $ Acc;Vanguard Global Stock Index Fund USD Acc;Vanguard Group (Ireland) Limited;Equity;Global Equity Large Cap;RV Global Cap. Grande Blend;USD;Irlanda;6;4;0.18;0.18;12.51;20.67;19.76;10.87;1998-08-04;True;True;1000000;2026-09-03
IE00B03HD191;Vanguard Glb Stk Idx € Acc;Vanguard Global Stock Index Fund EUR Acc;Vanguard Group (Ireland) Limited;Equity;Global Equity Large Cap;RV Global Cap. Grande Blend;EUR;Irlanda;5;4;0.18;0.18;13.97;21.39;16.99;11.39;2002-12-10;True;True;1000000;2026-09-03
LU2504564761;iShares World Equity Index (LU) A2 EUR;iShares World Equity Index Fund (LU) A2 EUR;BlackRock (Luxembourg) SA;Equity;Global Equity Large Cap;RV Global Cap. Grande Blend;EUR;Luxemburgo;5;4;0.52;0.45;12.79;20.85;16.45;;2022-09-07;True;True;5;2026-09-03
IE00BMDQ3Z40;BF1 Global Uncons Eq A USD Acc;BlackRock Funds I ICAV - BlackRock Global Unconstrained Equity Fund (UK) A USD;BlackRock Asset Management Ireland Ltd;Equity;Global Equity Large Cap;RV Global Cap. Grande Growth;USD;Irlanda;6;4;;1.7;13.21;19.24;13.31;7.21;2021-04-01;True;False;5000;2026-09-03
IE00B29M2H10;BNY Mellon Long-Term Glbl Eq EUR A Acc;BNY Mellon Long-Term Global Equity Fund EUR A Acc;BNY Mellon Fund Management (Lux) S.A.;Equity;Global Equity Large Cap;RV Global Cap. Grande Growth;EUR;Irlanda;5;2;;2;6.38;7.61;5.34;3.59;2008-04-18;True;False;5000;2026-09-03
IE00B42QQV61;BNY Mellon Long-Term Glbl Eq GBP A Acc;BNY Mellon Long-Term Global Equity Fund Sterling A Acc;BNY Mellon Fund Management (Lux) S.A.;Equity;Global Equity Large Cap;RV Global Cap. Grande Growth;GBP;Irlanda;5;2;;2;4.65;6.63;5.4;3.53;2009-10-23;True;False;5000;2026-09-03
IE00B29M2J34;BNY Mellon Long-Term Glbl Eq USD A Acc;BNY Mellon Long-Term Global Equity Fund USD A Acc;BNY Mellon Fund Management (Lux) S.A.;Equity;Global Equity Large Cap;RV Global Cap. Grande Growth;USD;Irlanda;6;2;;2;4.89;6.58;7.9;3.13;2008-04-04;True;False;5000;2026-09-03
IE00BK5TW727;Baillie Gifford WW L/T Glb Gr A EUR Acc;Baillie Gifford Worldwide Long Term Global Growth Fund Class A EUR Acc;Baillie Gifford Investment Management (Europe) Limited;Equity;Global Equity Large Cap;RV Global Cap. Grande Growth;EUR;Irlanda;7;1;1.56;1.5;-7.22;-9.29;9.94;-2.5;2019-09-30;True;False;1000;2026-09-03
IE00BD1DSB51;Baillie Gifford WW L/T Glb Gr A USD Acc;Baillie Gifford Worldwide Long Term Global Growth Fund Class A USD Acc;Baillie Gifford Investment Management (Europe) Limited;Equity;Global Equity Large Cap;RV Global Cap. Grande Growth;USD;Irlanda;7;1;1.56;1.5;-8.51;-10.08;12.34;-2.95;2019-06-13;True;False;1000;2026-09-03
IE00BLF9YH30;BlackRock Global Uncons Eq A EUR Acc;BlackRock Funds I ICAV - BlackRock Global Unconstrained Equity Fund A EUR Acc;BlackRock Asset Management Ireland Ltd;Equity;Global Equity Large Cap;RV Global Cap. Grande Growth;EUR;Irlanda;6;4;;1.7;14.68;19.96;10.69;7.72;2020-07-13;True;False;5000;2026-09-03
IE00BJM0B969;Blue Whale Growth EUR R;Blue Whale Investment Funds ICAV - Blue Whale Growth Fund EUR R Class;Blue Whale Capital LLP (Waystone);Equity;Global Equity Large Cap;RV Global Cap. Grande Growth;EUR;Irlanda;6;4;;1.5;21.34;40.36;26.83;12.44;2020-09-25;True;False;1000;2026-09-03
LU1530899142;CPR Invest Glbl Dsrpt Opp A EUR Acc;CPR Invest - Global Disruptive Opportunities Class A EUR Acc;CPR Asset Management;Equity;Global Equity Large Cap;RV Global Cap. Grande Growth;EUR;Luxemburgo;6;2;;2;16.17;21.88;15.37;2.26;2016-12-22;True;False;1;2026-09-03
LU0757431068;CT (Lux) Global Focus AE;CT (Lux) - Global Focus Class AE (EUR Accumulation Shares);Threadneedle Management Luxembourg S.A.;Equity;Global Equity Large Cap;RV Global Cap. Grande Growth;EUR;Luxemburgo;6;5;1.7;1.5;16.68;21.84;16.42;8.43;1995-10-31;True;False;;2026-09-03
LU1433070262;CT (Lux) Global Focus AEP;CT (Lux) - Global Focus Class AEP (EUR Distribution Shares);Threadneedle Management Luxembourg S.A.;Equity;Global Equity Large Cap;RV Global Cap. Grande Growth;EUR;Luxemburgo;6;5;1.7;1.5;16.68;21.84;16.4;8.42;2016-07-07;True;False;2500;2026-09-03
LU0061474960;CT (Lux) Global Focus AU;CT (Lux) - Global Focus Class AU (USD Accumulation Shares);Threadneedle Management Luxembourg S.A.;Equity;Global Equity Large Cap;RV Global Cap. Grande Growth;USD;Luxemburgo;6;5;1.7;1.5;15.21;20.71;19.17;7.94;1995-10-31;True;False;2500;2026-09-03
LU2050929863;Capital Group NewEcon LUX B;Capital Group New Economy Fund LUX B;Capital International Management Company Sàrl;Equity;Global Equity Large Cap;RV Global Cap. Grande Growth;USD;Luxemburgo;6;5;0.9;1.5;15.67;31.34;24.82;9.61;2019-11-07;True;False;0;2026-09-03
LU2050929277;Capital Group NewEcon LUX B EUR;Capital Group New Economy Fund LUX B EUR;Capital International Management Company Sàrl;Equity;Global Equity Large Cap;RV Global Cap. Grande Growth;EUR;Luxemburgo;6;5;0.9;1.5;17.28;32.57;21.8;10.08;2019-11-07;True;False;;2026-09-03
LU1295551573;Capital Group NewPers LUX B;Capital Group New Perspective Fund LUX B;Capital International Management Company Sàrl;Equity;Global Equity Large Cap;RV Global Cap. Grande Growth;USD;Luxemburgo;6;4;0.09;1.5;5.75;11.26;15.49;5.87;2015-10-30;True;False;0;2026-09-03
LU1295551144;Capital Group NewPers LUX B EUR;Capital Group New Perspective Fund LUX B EUR;Capital International Management Company Sàrl;Equity;Global Equity Large Cap;RV Global Cap. Grande Growth;EUR;Luxemburgo;6;4;0.09;1.5;7.25;12.33;12.72;6.33;2015-10-30;True;False;;2026-09-03
LU1295551227;Capital Group NewPers LUX B GBP;Capital Group New Perspective Fund LUX B GBP;Capital International Management Company Sàrl;Equity;Global Equity Large Cap;RV Global Cap. Grande Growth;GBP;Luxemburgo;6;4;0.09;1.5;5.49;11.31;12.81;6.27;2015-10-30;True;False;;2026-09-03
LU1295552209;Capital Group NewPers LUX Bgd EUR;Capital Group New Perspective Fund LUX Bgd EUR;Capital International Management Company Sàrl;Equity;Global Equity Large Cap;RV Global Cap. Grande Growth;EUR;Luxemburgo;6;4;1.59;1.5;7.25;12.29;12.72;6.33;2015-10-30;True;False;;2026-09-03
FR0010148981;Carmignac Investissement A EUR Acc;Carmignac Investissement A EUR Acc;Carmignac Gestion;Equity;Global Equity Large Cap;RV Global Cap. Grande Growth;EUR;Francia;6;4;2.2;1.7;19.22;31.32;22.36;9.98;1989-01-26;True;False;0;2026-09-03
BE0946563377;DPAM B Eqs NewGems Sust A Dis;DPAM B - Equities NewGems Sustainable A Dis;Degroof Petercam Asset Management SA;Equity;Global Equity Large Cap;RV Global Cap. Grande Growth;EUR;Bélgica;6;4;1.77;1.6;13.07;19.84;13.42;5.83;2006-10-02;True;False;1;2026-09-03
BE0946564383;DPAM B Eqs NewGems Sust B Cap;DPAM B - Equities NewGems Sustainable B Cap;Degroof Petercam Asset Management SA;Equity;Global Equity Large Cap;RV Global Cap. Grande Growth;EUR;Bélgica;6;4;1.73;1.6;13.11;19.9;13.47;5.32;2006-10-02;True;False;1;2026-09-03
BE0058652646;DPAM B Equities World Sust B Cap;DPAM B - Equities World Sustainable B Cap;Degroof Petercam Asset Management SA;Equity;Global Equity Large Cap;RV Global Cap. Grande Growth;EUR;Bélgica;6;3;1.74;1.6;6.31;8.89;8.64;3.16;2001-12-14;True;False;1;2026-09-03
IE000VOGDDG7;FTGF ClearBridge Glb Gr Ldrs A EUR Acc;FTGF ClearBridge Global Growth Leaders Fund Class A Euro Accumulating;Franklin Templeton International Services S.à r.l.;Equity;Global Equity Large Cap;RV Global Cap. Grande Growth;EUR;Irlanda;;;1.78;1.3;2.37;;;;2025-10-31;True;False;1000;2026-09-03
IE00BG1D7R55;FTGF ClearBridge Glb Gr Ldrs A USD Acc;FTGF ClearBridge Global Growth Leaders Fund Class A US$ Accumulating;Franklin Templeton International Services S.à r.l.;Equity;Global Equity Large Cap;RV Global Cap. Grande Growth;USD;Irlanda;6;4;1.78;1.3;0.96;4.33;13.63;5.49;2018-06-29;True;False;1000;2026-09-03
LU0251129895;Fidelity Global Thematic Opps A-Acc-EUR;Fidelity Funds - Global Thematic Opportunities Fund A-Acc-EUR;FIL Investment Management (Luxembourg) S.à r.l.;Equity;Global Equity Large Cap;RV Global Cap. Grande Growth;EUR;Luxemburgo;5;3;;1.5;13.71;22.42;13.32;5.65;2006-07-03;True;False;2500;2026-09-03
LU0251132253;Fidelity Global Thematic Opps A-Acc-USD;Fidelity Funds - Global Thematic Opportunities Fund A-Acc-USD;FIL Investment Management (Luxembourg) S.à r.l.;Equity;Global Equity Large Cap;RV Global Cap. Grande Growth;USD;Luxemburgo;6;3;;1.5;12.3;21.79;16.08;5.17;2006-07-03;True;False;2500;2026-09-03
LU0048584097;Fidelity Global Thematic Opps A-USD;Fidelity Funds - Global Thematic Opportunities Fund A-USD;FIL Investment Management (Luxembourg) S.à r.l.;Equity;Global Equity Large Cap;RV Global Cap. Grande Growth;USD;Luxemburgo;6;3;;1.5;12.37;21.84;16.09;5.18;1991-12-31;True;False;2500;2026-09-03
IE00BH481053;GQG Partners Global Equity A EUR Acc;GQG Partners Global Equity Fund Class A Euro Accumulating;GQG Partners LLC;Equity;Global Equity Large Cap;RV Global Cap. Grande Growth;EUR;Irlanda;5;4;1.34;1.25;6.41;5.23;5.96;6.52;2021-12-13;True;False;1000;2026-09-03
IE00BH480Z36;GQG Partners Global Equity A USD Acc;GQG Partners Global Equity Fund Class A US Dollar Accumulating;GQG Partners LLC;Equity;Global Equity Large Cap;RV Global Cap. Grande Growth;USD;Irlanda;5;4;1.34;1.25;4.92;4.13;8.58;6.05;2020-07-24;True;False;1000;2026-09-03
LU0786609619;GS Global Future Gen Eq Base Acc USD;Goldman Sachs Global Future Generations Equity Portfolio Base Acc USD;Goldman Sachs Asset Management B.V.;Equity;Global Equity Large Cap;RV Global Cap. Grande Growth;USD;Luxemburgo;6;2;1.67;1.5;1.21;5.82;14.69;-0.1;2012-09-19;True;False;5000;2026-09-03
LU2104925693;GS Global Future Gen Eq OC Acc EUR;Goldman Sachs Global Future Generations Equity Portfolio Other Currency Acc EUR;Goldman Sachs Asset Management B.V.;Equity;Global Equity Large Cap;RV Global Cap. Grande Growth;EUR;Luxemburgo;6;2;1.66;1.5;2.28;6.28;12.1;0.33;2020-01-27;True;False;5000;2026-09-03
LU1897556517;Groupama Global Disruption NC;Groupama Global Disruption NC;Groupama Asset Management;Equity;Global Equity Large Cap;RV Global Cap. Grande Growth;EUR;Luxemburgo;6;5;;2;17.55;30.43;19.5;12.45;2018-12-21;True;False;0;2026-09-03
IE00BYQ67K80;GuardCap Global Equity S EUR Acc;GuardCap Global Equity Fund S EUR Acc;GuardCap Asset Management Limited;Equity;Global Equity Large Cap;RV Global Cap. Grande Growth;EUR;Irlanda;6;2;;1.5;0.95;-0.15;0.43;0.79;2017-01-31;True;False;;2026-09-03
IE00BQXX3D17;Guinness Global Innovators C EUR ACC;Guinness Global Innovators Fund C EUR ACC;Guinness Asset Management Limited;Equity;Global Equity Large Cap;RV Global Cap. Grande Growth;EUR;Irlanda;6;5;1.83;1.99;9.25;18.4;14.83;8.62;2014-10-31;True;False;0;2026-09-03
LU2357235576;Incometric Nartex Equity R Cap EUR Acc;Incometric Fund Nartex Equity Fund R Cap EUR Accumulation;Dux Inversores SGIIC S.A.;Equity;Global Equity Large Cap;RV Global Cap. Grande Growth;EUR;Luxemburgo;6;2;;;-0.22;0.39;5.45;;2021-12-01;True;False;0;2026-09-03
LU2814886946;Incometric Nartex Equity RU USD Acc;Incometric Fund Nartex Equity Fund RU USD Accumulation;Dux Inversores SGIIC S.A.;Equity;Global Equity Large Cap;RV Global Cap. Grande Growth;USD;Luxemburgo;;;;1.65;-1.5;-0.65;;;2024-05-22;True;False;1000;2026-09-03
LU1762220934;Invesco Global Founders & Owners A USDAD;Invesco Funds - Invesco Global Founders & Owners Fund A Annual Distribution USD;Invesco Management S.A.;Equity;Global Equity Large Cap;RV Global Cap. Grande Growth;USD;Luxemburgo;6;5;;1.4;5.9;7.28;19.33;10.92;2018-03-08;True;False;1500;2026-09-03
LU2601038578;Invesco Global Founders & Owners AEURAcc;Invesco Funds - Invesco Global Founders & Owners Fund A Accumulation EUR;Invesco Management S.A.;Equity;Global Equity Large Cap;RV Global Cap. Grande Growth;EUR;Luxemburgo;6;5;;1.4;7.51;7.82;16.79;;2023-04-26;True;False;1000;2026-09-03
LU1218204391;Invesco Global Founders & Owners AUSDAcc;Invesco Funds - Invesco Global Founders & Owners Fund A Accumulation USD;Invesco Management S.A.;Equity;Global Equity Large Cap;RV Global Cap. Grande Growth;USD;Luxemburgo;6;4;;1.4;5.91;7.28;19.31;10.92;2015-05-20;True;False;1500;2026-09-03
LU0868753731;MS INVF Global Insight A;Morgan Stanley Investment Funds - Global Insight Fund A;MSIM Fund Management (Ireland) Limited;Equity;Global Equity Large Cap;RV Global Cap. Grande Growth;USD;Luxemburgo;7;1;1.84;1.6;-5.14;-6.58;21.64;-3.72;2013-01-31;True;False;0;2026-09-03
LU2295320068;MS INVF Global Insight A (EUR);Morgan Stanley Investment Funds - Global Insight Fund A (EUR);MSIM Fund Management (Ireland) Limited;Equity;Global Equity Large Cap;RV Global Cap. Grande Growth;EUR;Luxemburgo;7;2;1.84;1.6;-4.16;-6.14;18.88;-3.3;2021-02-26;True;False;;2026-09-03
LU0552385295;MS INVF Global Opportunity A;Morgan Stanley Investment Funds - Global Opportunity Fund A;MSIM Fund Management (Ireland) Limited;Equity;Global Equity Large Cap;RV Global Cap. Grande Growth;USD;Luxemburgo;6;3;1.84;1.6;3.92;3.51;16.76;3.38;2010-11-30;True;False;0;2026-09-03
LU2308174304;MS INVF Global Opportunity A EUR;Morgan Stanley Investment Funds - Global Opportunity Fund A (EUR);MSIM Fund Management (Ireland) Limited;Equity;Global Equity Large Cap;RV Global Cap. Grande Growth;EUR;Luxemburgo;6;2;1.84;1.6;5.05;4.02;14.13;3.83;2021-03-05;True;False;0;2026-09-03
LU1203833295;Mirabaud - Global Focus A cap. EUR;Mirabaud - Global Focus A cap. EUR;Mirabaud Asset Management Ltd;Equity;Global Equity Large Cap;RV Global Cap. Grande Growth;EUR;Luxemburgo;6;2;1.83;1.5;3.15;4.45;8.5;0;2015-04-13;True;False;0;2026-09-03
LU1008513852;Mirabaud - Global Focus A cap. USD;Mirabaud - Global Focus A cap. USD;Mirabaud Asset Management Ltd;Equity;Global Equity Large Cap;RV Global Cap. Grande Growth;USD;Luxemburgo;6;2;1.83;1.5;1.84;3.48;11.07;-0.44;2013-12-20;True;False;1;2026-09-03
IE00BF0GL105;Polar Cptl PLCArtfclIntllgncRAcc;Polar Capital Funds PLC - Artificial Intelligence Fund RAcc;Polar Capital LLP;Equity;Global Equity Large Cap;RV Global Cap. Grande Growth;USD;Irlanda;6;5;;1.3;35.86;56.79;35.36;16.04;2017-10-06;True;False;0;2026-09-03
IE00BF0GL212;Polar Cptl PLCArtfclIntllgncRAcc EUR;Polar Capital Funds PLC - Artificial Intelligence Fund RAcc EUR;Polar Capital LLP;Equity;Global Equity Large Cap;RV Global Cap. Grande Growth;EUR;Irlanda;6;5;;1.3;37.54;58.25;32.23;16.56;2017-10-06;True;False;;2026-09-03
LU0187079347;Robeco Global Consumer Trends D EUR;Robeco Global Consumer Trends D EUR;Robeco Institutional Asset Management BV;Equity;Global Equity Large Cap;RV Global Cap. Grande Growth;EUR;Luxemburgo;6;2;1.7;1.5;4.62;4.05;8.31;0.22;1998-06-03;True;False;0;2026-09-03
LU0554840073;Robeco Global Consumer Trends Eqs D $;Robeco Global Consumer Trends Equities D $;Robeco Institutional Asset Management BV;Equity;Global Equity Large Cap;RV Global Cap. Grande Growth;USD;Luxemburgo;6;2;1.71;1.5;3.29;3.07;10.88;-0.23;2010-11-12;True;False;0;2026-09-03
LU0974293671;Robeco Global Multi-Thematic D EUR Cap;Robeco Global Multi-Thematic D EUR Capitalisation;Robeco Institutional Asset Management BV;Equity;Global Equity Large Cap;RV Global Cap. Grande Growth;EUR;Luxemburgo;6;3;;1.6;8.18;11.4;10.62;2.89;2013-11-15;True;False;0;2026-09-03
IE00B2NXKW18;Seilern World Growth EUR U R;Seilern World Growth EUR U R;Seilern International AG;Equity;Global Equity Large Cap;RV Global Cap. Grande Growth;EUR;Irlanda;6;2;1.62;1.5;-0.5;-1.4;-1.52;-2.07;2008-01-01;True;False;500;2026-09-03
LU2905591629;Sifter Fund - Global RA;Sifter Fund - Global RA;Sifter Capital Oy;Equity;Global Equity Large Cap;RV Global Cap. Grande Growth;EUR;Luxemburgo;;;2.28;2;17.19;28.77;;;2024-10-22;True;False;;2026-09-03
LU1438969351;T. Rowe Price Glb Foc Gr Eq A (EUR);T. Rowe Price Funds SICAV - Global Focused Growth Equity Fund A (EUR);T. Rowe Price (Luxembourg) Management S.à r.l.;Equity;Global Equity Large Cap;RV Global Cap. Grande Growth;EUR;Luxemburgo;6;5;1.7;1.6;16.31;28.78;16.9;7;2016-06-30;True;False;0;2026-09-03
LU0143551892;T. Rowe Price Global Fcs Gr Eq A;T. Rowe Price Funds SICAV - Global Focused Growth Equity Fund A;T. Rowe Price (Luxembourg) Management S.à r.l.;Equity;Global Equity Large Cap;RV Global Cap. Grande Growth;USD;Luxemburgo;6;5;1.69;1.6;15.08;28.14;19.6;6.54;2003-03-28;True;False;0;2026-09-03
LU0573559563;UBAM 30 Global Leaders Equity AC EUR;UBAM - 30 Global Leaders Equity AC EUR;UBP Asset Management (Europe) S.A.;Equity;Global Equity Large Cap;RV Global Cap. Grande Growth;EUR;Luxemburgo;6;3;2.06;1.5;5.37;7.36;5.08;2.37;2013-01-23;True;False;0;2026-09-03
LU0218910536;Vontobel Global Equity B USD;Vontobel Fund - Global Equity B USD Cap;Vontobel Asset Management S.A.;Equity;Global Equity Large Cap;RV Global Cap. Grande Growth;USD;Luxemburgo;5;2;1.99;1.65;-4.89;-6.08;5.19;0.45;2005-07-01;True;False;0;2026-09-03
LU1366139522;Wellington Glbl Quality Gr EUR D Ac;Wellington Global Quality Growth Fund EUR D Ac;Wellington Luxembourg S.à r.l.;Equity;Global Equity Large Cap;RV Global Cap. Grande Growth;EUR;Luxemburgo;5;4;1.79;0.75;9.51;13.89;15.23;7.05;2016-07-20;True;False;5000;2026-09-03
FR0010859769;Échiquier World Equity Growth A;Échiquier World Equity Growth A;La Financière de l'Echiquier;Equity;Global Equity Large Cap;RV Global Cap. Grande Growth;EUR;Francia;5;4;;2.29;9.83;14.66;12.09;7.08;2010-04-16;True;False;0;2026-09-03
IE0031573904;Brandes Global Value A Euro Acc;Brandes Global Value Fund A Euro Acc;Brandes Investment Partners (Europe) Limited;Equity;Global Equity Large Cap;RV Global Cap. Grande Value;EUR;Irlanda;5;3;1.77;0.7;12.02;21.55;16.58;12.91;2002-11-29;True;False;10000;2026-09-03
IE0031573896;Brandes Global Value A USD Acc;Brandes Global Value Fund A USD Acc;Brandes Investment Partners (Europe) Limited;Equity;Global Equity Large Cap;RV Global Cap. Grande Value;USD;Irlanda;6;3;1.74;0.7;10.48;21.02;19.77;12.79;2002-11-29;True;False;10000;2026-09-03
LU1278917452;DWS Invest CROCI Sectors Plus LC;DWS Invest CROCI Sectors Plus LC;DWS Investment S.A.;Equity;Global Equity Large Cap;RV Global Cap. Grande Value;EUR;Luxemburgo;5;3;1.49;1.35;19.5;22.42;7.42;7.77;2015-11-18;True;False;0;2026-09-03
LU2357751820;DWS Invest CROCI Sectors Plus USD LC;DWS Invest CROCI Sectors Plus USD LC;DWS Investment S.A.;Equity;Global Equity Large Cap;RV Global Cap. Grande Value;USD;Luxemburgo;5;1;1.48;1.35;17.88;21.83;9.91;;2021-09-14;True;False;0;2026-09-03
LU1769941003;DWS Invest CROCI World Vl LC;DWS Invest CROCI World Value LC;DWS Investment S.A.;Equity;Global Equity Large Cap;RV Global Cap. Grande Value;EUR;Luxemburgo;5;3;1.55;1.4;19.24;27.43;12.06;10.57;2018-08-28;True;False;0;2026-09-03
LU0211333025;Franklin Mutual Glbl DiscvA(acc)EUR;Franklin Mutual Global Discovery Fund A(acc)EUR;Franklin Templeton International Services S.à r.l.;Equity;Global Equity Large Cap;RV Global Cap. Grande Value;EUR;Luxemburgo;5;2;1.82;1.5;9.06;14.44;9.96;8.59;2005-10-25;True;False;;2026-09-03
LU0211331839;Franklin Mutual Glbl DiscvA(acc)USD;Franklin Mutual Global Discovery Fund A(acc)USD;Franklin Templeton International Services S.à r.l.;Equity;Global Equity Large Cap;RV Global Cap. Grande Value;USD;Luxemburgo;5;2;1.82;1.5;7.58;13.38;12.67;8.14;2005-10-25;True;False;1000;2026-09-03
LU2334866550;JPM Global Value A acc EUR;JPMorgan Funds - Global Value Fund A (acc) EUR;JPMorgan Asset Management (Europe) S.à r.l.;Equity;Global Equity Large Cap;RV Global Cap. Grande Value;EUR;Luxemburgo;5;4;1.8;1.5;22.24;33.68;19.17;14.17;2021-06-03;True;False;35000;2026-09-03
LU2864448068;MFS Meridian Contrarian Capital A1 EUR;MFS Meridian Funds - Contrarian Capital Fund A1 EUR;MFS Investment Management Company (Lux) S.à.r.l;Equity;Global Equity Large Cap;RV Global Cap. Grande Value;EUR;Luxemburgo;5;;;1;19.1;24.29;;;2024-11-20;True;False;0;2026-09-03
LU0112467450;Nordea 1 - Global Stable Equity BP EUR;Nordea 1 - Global Stable Equity Fund BP EUR;Nordea Investment Funds SA;Equity;Global Equity Large Cap;RV Global Cap. Grande Value;EUR;Luxemburgo;5;1;1.72;1.5;9.12;10.51;6.34;5.57;2006-01-02;True;False;0;2026-09-03
LU0203975197;Robeco BP Global Premium Eqs B EUR;Robeco BP Global Premium Equities B EUR;Robeco Institutional Asset Management BV;Equity;Global Equity Large Cap;RV Global Cap. Grande Value;EUR;Luxemburgo;5;3;1.46;1.25;15.09;23.03;17.55;13.04;2004-12-13;True;False;0;2026-09-03
LU0203975437;Robeco BP Global Premium Eqs D EUR;Robeco BP Global Premium Equities D EUR;Robeco Institutional Asset Management BV;Equity;Global Equity Large Cap;RV Global Cap. Grande Value;EUR;Luxemburgo;5;3;1.45;1.25;15.1;23.04;17.55;13.05;2004-12-13;True;False;0;2026-09-03
LU0951559797;Robeco BP Global Premium Eqs D USD;Robeco BP Global Premium Equities D USD;Robeco Institutional Asset Management BV;Equity;Global Equity Large Cap;RV Global Cap. Grande Value;USD;Luxemburgo;6;3;1.47;1.25;13.63;21.88;20.33;12.55;2013-07-12;True;False;0;2026-09-03
LU0248176017;Schroder ISF QEP Glb ActvVal A Acc EUR;Schroder International Selection Fund QEP Global Active Value A Accumulation EUR;Schroder Investment Management (Europe) S.A.;Equity;Global Equity Large Cap;RV Global Cap. Grande Value;EUR;Luxemburgo;5;4;;1.25;19.83;31.32;18.68;12.22;2006-03-28;True;False;1000;2026-09-03
LU0203345920;Schroder ISF QEP Glb ActvVal A Acc USD;Schroder International Selection Fund QEP Global Active Value A Accumulation USD;Schroder Investment Management (Europe) S.A.;Equity;Global Equity Large Cap;RV Global Cap. Grande Value;USD;Luxemburgo;5;4;;1.25;18.18;30.87;21.25;11.71;2004-10-29;True;False;1000;2026-09-03
LU0203347892;Schroder ISF QEP Glb ActvVal A Dis AV;Schroder International Selection Fund QEP Global Active Value A Distribution USD AV;Schroder Investment Management (Europe) S.A.;Equity;Global Equity Large Cap;RV Global Cap. Grande Value;USD;Luxemburgo;5;4;;1.25;18.18;30.87;21.25;11.71;2004-10-29;True;False;1000;2026-09-03
LU1493953001;T. Rowe Price Glb Val Eq A (EUR);T. Rowe Price Funds SICAV - Global Value Equity Fund A (EUR);T. Rowe Price (Luxembourg) Management S.à r.l.;Equity;Global Equity Large Cap;RV Global Cap. Grande Value;EUR;Luxemburgo;5;4;1.72;1.6;21.88;37.89;19.28;12.44;2016-09-20;True;False;1000;2026-09-03
IE0031069168;AXA IM Global Small Cap Eq QIB;AXA IM Equity Trust - AXA IM Global Small Cap Equity QIB;BNP PARIBAS ASSET MANAGEMENT Europe;Equity;Global Equity Mid/Small Cap;RV Global Capitalización Pequeña y Mediana;EUR;Irlanda;5;4;1.64;1.5;18.29;24.91;16.22;9.97;2001-10-05;True;False;5000;2026-09-03
LU0054578231;BGF Systematic Glbl SmallCap A2;BlackRock Global Funds - Systematic Global SmallCap Fund A2;BlackRock (Luxembourg) SA;Equity;Global Equity Mid/Small Cap;RV Global Capitalización Pequeña y Mediana;USD;Luxemburgo;6;4;1.82;1.5;17.82;23.34;17.79;8.45;1994-11-04;True;False;5000;2026-09-03
LU0171288334;BGF Systematic Glbl SmallCap A2 EUR;BlackRock Global Funds - Systematic Global SmallCap Fund A2 EUR;BlackRock (Luxembourg) SA;Equity;Global Equity Mid/Small Cap;RV Global Capitalización Pequeña y Mediana;EUR;Luxemburgo;6;4;1.82;1.5;19.09;23.94;15.13;8.92;1994-11-04;True;False;;2026-09-03
IE00BJ5JS224;Baillie Gifford WW Discovery A EUR Acc;Baillie Gifford Worldwide Discovery Fund A EUR Acc;Baillie Gifford Investment Management (Europe) Limited;Equity;Global Equity Mid/Small Cap;RV Global Capitalización Pequeña y Mediana;EUR;Irlanda;6;1;1.64;1.5;13.55;11.29;5.83;-9.16;2019-04-12;True;False;1000;2026-09-03
LU0570870567;CT (Lux) Glb Smlr Coms AE;CT (Lux) - Global Smaller Companies AE (EUR Accumulation Shares);Threadneedle Management Luxembourg S.A.;Equity;Global Equity Mid/Small Cap;RV Global Capitalización Pequeña y Mediana;EUR;Luxemburgo;6;2;1.8;1.5;9.14;8.84;0.53;-3.87;2011-03-03;True;False;2500;2026-09-03
LU0245181838;GS Glb Sm Cp CORE Eq E Acc EUR Close;Goldman Sachs Global Small Cap CORE Equity Portfolio E Acc EUR Close;Goldman Sachs Asset Management B.V.;Equity;Global Equity Mid/Small Cap;RV Global Capitalización Pequeña y Mediana;EUR;Luxemburgo;6;4;;1.25;17.24;22.65;16.16;9.76;2007-03-30;True;False;1500;2026-09-03
LU1599216113;GS Glb Sm Cp CORE Eq OthCcy Acc EURSnap;Goldman Sachs Global Small Cap CORE Equity Portfolio Other Currency Acc EUR Snap;Goldman Sachs Asset Management B.V.;Equity;Global Equity Mid/Small Cap;RV Global Capitalización Pequeña y Mediana;EUR;Luxemburgo;6;4;;1.25;17.1;24.75;16.87;10.36;2017-04-27;True;False;5000;2026-09-03
LU3038481936;Hamco Global Value R EUR Acc;Hamco SICAV - Global Value R EUR Acc;HAMCO AM, SGIIC, SA;Equity;Global Equity Mid/Small Cap;RV Global Capitalización Pequeña y Mediana;EUR;Luxemburgo;;4;;0.9;15.51;19.51;10.8;15.89;2025-11-25;True;False;100;2026-09-03
LU1984712320;Janus Henderson Hrzn Glb SC A2 EUR;Janus Henderson Horizon Global Smaller Companies Fund A2 EUR;Janus Henderson Investors;Equity;Global Equity Mid/Small Cap;RV Global Capitalización Pequeña y Mediana;EUR;Luxemburgo;6;4;1.88;1.2;10.54;16.01;17.74;10.71;2019-08-06;True;False;2500;2026-09-03
LU1983261782;Janus Henderson Hrzn Glb SC A2 USD;Janus Henderson Horizon Global Smaller Companies Fund A2 USD;Janus Henderson Investors;Equity;Global Equity Mid/Small Cap;RV Global Capitalización Pequeña y Mediana;USD;Luxemburgo;6;4;1.88;1.2;9.35;15.43;20.34;10.14;2019-08-06;True;False;2500;2026-09-03
IE00B42W4L06;Vanguard Glb Small-Cp Idx € Acc;Vanguard Global Small-Cap Index Fund EUR Acc;Vanguard Group (Ireland) Limited;Equity;Global Equity Mid/Small Cap;RV Global Capitalización Pequeña y Mediana;EUR;Irlanda;6;4;0.29;0.29;17.89;23.79;14.13;7.22;2012-12-11;True;True;1000000;2026-09-03
IE00B42LF923;Vanguard Global Small-Cap Idx USD Acc;Vanguard Global Small-Cap Index Fund USD Acc;Vanguard Group (Ireland) Limited;Equity;Global Equity Mid/Small Cap;RV Global Capitalización Pequeña y Mediana;USD;Irlanda;6;4;0.29;0.29;16.37;23.05;16.84;6.72;2009-12-10;True;True;1000000;2026-09-03
LU2530217723;abrdn- Global Smaller Comp A Acc EUR;abrdn SICAV II-Global Smaller Companies Fund A Acc EUR;abrdn Investments Luxembourg S.A.;Equity;Global Equity Mid/Small Cap;RV Global Capitalización Pequeña y Mediana;EUR;Luxemburgo;6;1;;1.8;-0.43;-5.94;2.94;-5.89;2022-11-25;True;False;1000;2026-09-03
LU0996177134;Amundi IS Core MSCI Emerg Mkts AE-C;Amundi Index Solutions - Amundi Core MSCI Emerging Markets AE-C;Amundi Luxembourg S.A.;Equity;Global Emerging Markets Equity;RV Global Emergente;EUR;Luxemburgo;6;3;0.45;0.3;24.86;38.43;19.57;8.08;2014-04-09;True;True;0;2026-09-03
LU0047713382;BGF Emerging Markets A2;BlackRock Global Funds - Emerging Markets Fund A2;BlackRock (Luxembourg) SA;Equity;Global Emerging Markets Equity;RV Global Emergente;USD;Luxemburgo;6;2;1.86;1.5;22.63;38.36;15.99;2.15;1993-11-30;True;False;5000;2026-09-03
LU0171275786;BGF Emerging Markets A2 EUR;BlackRock Global Funds - Emerging Markets Fund A2 EUR;BlackRock (Luxembourg) SA;Equity;Global Emerging Markets Equity;RV Global Emergente;EUR;Luxemburgo;6;2;1.86;1.5;23.95;39.05;13.37;2.6;1993-11-30;True;False;;2026-09-03
LU1289970086;BSF Emerging Markets Eq Strats A2 USD;BlackRock Strategic Funds - Emerging Markets Equity Strategies Fund A2 USD;BlackRock (Luxembourg) SA;Equity;Global Emerging Markets Equity;RV Global Emergente;USD;Luxemburgo;6;5;;1.5;8.36;23.17;19.14;13.63;2015-09-18;True;False;5000;2026-09-03
LU1321847805;BSF Emerging Markets Eq Strats E2 EUR;BlackRock Strategic Funds - Emerging Markets Equity Strategies Fund E2 EUR;BlackRock (Luxembourg) SA;Equity;Global Emerging Markets Equity;RV Global Emergente;EUR;Luxemburgo;6;4;;1.5;9.16;23.15;15.86;13.55;2015-11-18;True;False;5000;2026-09-03
IE00BK5TW610;Baillie Gifford WW EM LdgComs A EUR Acc;Baillie Gifford Worldwide Emerging Markets Leading Companies Fund Class A EUR Acc;Baillie Gifford Investment Management (Europe) Limited;Equity;Global Emerging Markets Equity;RV Global Emergente;EUR;Irlanda;6;2;1.6;1.5;34.66;51.18;19.87;6.62;2019-09-30;True;False;1000;2026-09-03
ES0113571006;Bankinter Emergentes R FI;Bankinter Emergentes R FI;Bankinter Gestión de Activos SGIIC;Equity;Global Emerging Markets Equity;RV Global Emergente;EUR;España;6;3;1.37;1;23.63;36.53;17.85;6.66;2018-02-23;True;False;1;2026-09-03
IE00B6RNXY80;Brandes Emerging Markets Value A Euro;Brandes Emerging Markets Value Fund Euro Class A Shares;Brandes Investment Partners (Europe) Limited;Equity;Global Emerging Markets Equity;RV Global Emergente;EUR;Irlanda;6;4;1.95;0.85;23.32;40.34;20.64;12.76;2013-01-11;True;False;;2026-09-03
IE00B6TRNJ36;Brandes Emerging Markets Value A USD;Brandes Emerging Markets Value Fund US Dollar Class A Shares;Brandes Investment Partners (Europe) Limited;Equity;Global Emerging Markets Equity;RV Global Emergente;USD;Irlanda;6;4;1.95;0.85;21.65;39.67;23.58;12.24;2013-02-28;True;False;10000;2026-09-03
LU0056052961;Candriam Eqs L Em Mkts C EUR Cap;Candriam Equities L Emerging Markets Class C EUR Cap;Candriam;Equity;Global Emerging Markets Equity;RV Global Emergente;EUR;Luxemburgo;6;3;;1.6;25.73;42;21.34;5.39;1994-06-02;True;False;0;2026-09-03
LU1481180195;Capital Group NewWorld LUX B;Capital Group New World Fund LUX B;Capital International Management Company Sàrl;Equity;Global Emerging Markets Equity;RV Global Emergente;USD;Luxemburgo;6;3;1.75;1.6;15.38;24.93;16.93;5.17;2016-10-28;True;False;0;2026-09-03
LU1481179858;Capital Group NewWorld LUX B EUR;Capital Group New World Fund LUX B EUR;Capital International Management Company Sàrl;Equity;Global Emerging Markets Equity;RV Global Emergente;EUR;Luxemburgo;6;3;1.75;1.6;16.99;26.1;14.11;5.62;2016-10-28;True;False;;2026-09-03
FR0010149302;Carmignac Emergents A EUR Acc;Carmignac Emergents A EUR Acc;Carmignac Gestion;Equity;Global Emerging Markets Equity;RV Global Emergente;EUR;Francia;6;3;1.73;1.5;28.94;45.87;19.28;6.39;1997-02-03;True;False;0;2026-09-03
LU2540616898;DWS Invest ESG Glbl Em Mkts Eqs NC;DWS Invest ESG Global Emerging Markets Equities NC;DWS Investment S.A.;Equity;Global Emerging Markets Equity;RV Global Emergente;EUR;Luxemburgo;6;3;2.1;2;25.93;37.64;18.34;;2022-11-24;True;False;;2026-09-03
LU1984220373;DWS Invest ESG Global Em Mkts Eqs LC;DWS Invest ESG Global Emerging Markets Equities LC;DWS Investment S.A.;Equity;Global Emerging Markets Equity;RV Global Emergente;EUR;Luxemburgo;6;3;1.6;1.5;26.35;38.35;18.94;7.46;2019-05-29;True;False;0;2026-09-03
IE00B3NFBQ59;Federated Hermes Glb EM Eq R EUR Acc;Federated Hermes Global Emerging Markets Equity Fund Class R EUR Accumulating;Hermes Fund Managers Ireland Ltd;Equity;Global Emerging Markets Equity;RV Global Emergente;EUR;Irlanda;6;3;;1.5;19.94;30.79;15.59;3.62;2011-10-11;True;False;1000;2026-09-03
LU1048684796;Fidelity Emerging Markets A-Acc-EUR;Fidelity Funds - Emerging Markets Fund A-Acc-EUR;FIL Investment Management (Luxembourg) S.à r.l.;Equity;Global Emerging Markets Equity;RV Global Emergente;EUR;Luxemburgo;6;3;;1.5;31.47;48.98;20.71;5.21;2014-04-02;True;False;;2026-09-03
LU0261950470;Fidelity Emerging Markets A-Acc-USD;Fidelity Funds - Emerging Markets Fund A-Acc-USD;FIL Investment Management (Luxembourg) S.à r.l.;Equity;Global Emerging Markets Equity;RV Global Emergente;USD;Luxemburgo;6;3;;1.5;29.88;48.22;23.65;4.74;2006-09-25;True;False;2500;2026-09-03
LU0307839646;Fidelity Emerging Markets A-DIST-EUR;Fidelity Funds - Emerging Markets Fund A-DIST-EUR;FIL Investment Management (Luxembourg) S.à r.l.;Equity;Global Emerging Markets Equity;RV Global Emergente;EUR;Luxemburgo;6;3;;1.5;31.5;49;20.69;5.21;2007-07-23;True;False;;2026-09-03
LU0115763970;Fidelity Emerging Markets E-Acc-EUR;Fidelity Funds - Emerging Markets Fund E-Acc-EUR;FIL Investment Management (Luxembourg) S.à r.l.;Equity;Global Emerging Markets Equity;RV Global Emergente;EUR;Luxemburgo;6;2;;1.5;30.83;47.89;19.8;4.43;2000-09-11;True;False;;2026-09-03
LU1206943596;Fidelity FAST Emerging Markets A-ACC-EUR;Fidelity Active Strategy - FAST - Emerging Markets Fund A-ACC-EUR;FIL Investment Management (Luxembourg) S.à r.l.;Equity;Global Emerging Markets Equity;RV Global Emergente;EUR;Luxemburgo;6;4;1.94;1.5;35.64;62.73;32.61;10.96;2015-04-01;True;False;2500;2026-09-03
IE00BYX5M476;Fidelity MSCI Emerg Mkts Indx EUR P Acc;Fidelity MSCI Emerging Markets Index Fund EUR P Acc;FIL Investment Management (Luxembourg) S.A., Ireland Branch;Equity;Global Emerging Markets Equity;RV Global Emergente;EUR;Irlanda;5;3;0.2;0.2;26.15;39.95;20.05;8.48;2018-03-20;True;True;0;2026-09-03
IE00BYW5Q247;GQG Partners Emerging Mkts Eq A EUR Acc;GQG Partners Emerging Markets Equity Fund Class A Euro Accumulating;GQG Partners LLC;Equity;Global Emerging Markets Equity;RV Global Emergente;EUR;Irlanda;5;2;1.65;1.5;6.84;12.95;7.78;3;2017-07-17;True;False;1000;2026-09-03
IE00BYW5Q130;GQG Partners Emerging Mkts Eq A USD Acc;GQG Partners Emerging Markets Equity Fund Class A US Dollar Accumulating;GQG Partners LLC;Equity;Global Emerging Markets Equity;RV Global Emergente;USD;Irlanda;5;2;1.65;1.5;5.34;11.79;10.44;2.56;2017-07-17;True;False;1000;2026-09-03
LU0313355587;GS EM CORE Eq Base Acc USD Close;Goldman Sachs Emerging Markets CORE Equity Portfolio Base Acc USD Close;Goldman Sachs Asset Management B.V.;Equity;Global Emerging Markets Equity;RV Global Emergente;USD;Luxemburgo;6;3;;1.35;28.56;44.06;23.56;7.78;2009-08-10;True;False;5000;2026-09-03
LU3121069069;Invesco Emerging Mkt Eq A EUR Acc;Invesco Funds - Invesco Emerging Markets Equity Fund A Accumulation EUR;Invesco Management S.A.;Equity;Global Emerging Markets Equity;RV Global Emergente;EUR;Luxemburgo;6;;;1.4;24.12;39.01;;;2025-08-27;True;False;1000;2026-09-03
LU0862449690;JPM Emerging Markets Div A acc EUR;JPMorgan Funds - Emerging Markets Dividend Fund A (acc) EUR;JPMorgan Asset Management (Europe) S.à r.l.;Equity;Global Emerging Markets Equity;RV Global Emergente;EUR;Luxemburgo;5;4;1.8;1.5;27.53;42.65;19.34;9.76;2012-12-11;True;False;35000;2026-09-03
LU0217576759;JPM Emerging Mkts Eq A acc EUR;JPMorgan Funds - Emerging Markets Equity Fund A (acc) EUR;JPMorgan Asset Management (Europe) S.à r.l.;Equity;Global Emerging Markets Equity;RV Global Emergente;EUR;Luxemburgo;6;3;1.73;1.5;28.05;46.4;18.78;4.45;2005-09-20;True;False;35000;2026-09-03
LU0210529656;JPM Emerging Mkts Eq A acc USD;JPMorgan Funds - Emerging Markets Equity Fund A (acc) USD;JPMorgan Asset Management (Europe) S.à r.l.;Equity;Global Emerging Markets Equity;RV Global Emergente;USD;Luxemburgo;6;3;1.73;1.5;26.66;45.68;21.53;4;2005-03-31;True;False;35000;2026-09-03
LU0053685615;JPM Emerging Mkts Eq A dist USD;JPMorgan Funds - Emerging Markets Equity Fund A (dist) USD;JPMorgan Asset Management (Europe) S.à r.l.;Equity;Global Emerging Markets Equity;RV Global Emergente;USD;Luxemburgo;6;3;1.74;1.5;26.65;45.62;21.52;3.99;1994-04-13;True;False;35000;2026-09-03
LU0217576833;JPM Emerging Mkts Eq D acc EUR;JPMorgan Funds - Emerging Markets Equity Fund D (acc) EUR;JPMorgan Asset Management (Europe) S.à r.l.;Equity;Global Emerging Markets Equity;RV Global Emergente;EUR;Luxemburgo;6;3;2.51;1.5;27.35;45.2;17.84;3.64;2006-05-08;True;False;5000;2026-09-03
LU0117895366;JPM Emerging Mkts Eq D acc USD;JPMorgan Funds - Emerging Markets Equity Fund D (acc) USD;JPMorgan Asset Management (Europe) S.à r.l.;Equity;Global Emerging Markets Equity;RV Global Emergente;USD;Luxemburgo;6;3;2.54;1.5;25.98;44.5;20.55;3.16;2000-10-13;True;False;5000;2026-09-03
LU1670618690;M&G (Lux) Glb Em Mkts A EUR Acc;M&G (Lux) Global Emerging Markets Fund EUR A Acc;M&G Luxembourg S.A.;Equity;Global Emerging Markets Equity;RV Global Emergente;EUR;Luxemburgo;6;4;2;1.75;18.48;32.08;18.23;10.82;2018-10-26;True;False;1000;2026-09-03
LU1670624664;M&G (Lux) Glb Em Mkts A USD Acc;M&G (Lux) Global Emerging Markets Fund USD A Acc;M&G Luxembourg S.A.;Equity;Global Emerging Markets Equity;RV Global Emergente;USD;Luxemburgo;6;4;2;1.75;16.71;31.39;20.81;10.29;2018-10-26;True;False;1000;2026-09-03
LU0815263628;MS INVF Emerging Leaders Equity A;Morgan Stanley Investment Funds - Emerging Leaders Equity Fund A;MSIM Fund Management (Ireland) Limited;Equity;Global Emerging Markets Equity;RV Global Emergente;USD;Luxemburgo;6;1;2.19;1.9;6.95;11.71;8.02;-4.55;2012-08-17;True;False;0;2026-09-03
LU0602539867;Nordea 1 - Emerging Sust Strs Eq BP EUR;Nordea 1 - Emerging Sustainable Stars Equity Fund BP EUR;Nordea Investment Funds SA;Equity;Global Emerging Markets Equity;RV Global Emergente;EUR;Luxemburgo;6;2;1.82;1.5;30.75;42.98;19.68;3.54;2011-04-15;True;False;0;2026-09-03
LU0602539602;Nordea 1 - Emerging Sust Strs Eq BP USD;Nordea 1 - Emerging Sustainable Stars Equity Fund BP USD;Nordea Investment Funds SA;Equity;Global Emerging Markets Equity;RV Global Emergente;USD;Luxemburgo;5;2;1.82;1.5;28.69;42.11;22.35;3.06;2011-04-15;True;False;;2026-09-03
LU0424800612;RAM (Lux) Sys Emg Mkts Equities L EUR;RAM (Lux) Systematic Funds - Emerging Markets Equities L EUR;RAM Active Investments SA;Equity;Global Emerging Markets Equity;RV Global Emergente;EUR;Luxemburgo;5;4;1.88;1.2;16.35;25.2;16.21;9.17;2009-05-05;True;False;50000;2026-09-03
LU0337098114;Robeco Emerging Stars Equities D $;Robeco Capital Growth Funds - Robeco Emerging Stars Equities D USD;Robeco Institutional Asset Management BV;Equity;Global Emerging Markets Equity;RV Global Emergente;USD;Luxemburgo;6;4;;1.5;29.45;47.9;26.31;11.17;2008-01-09;True;False;0;2026-09-03
LU0254836850;Robeco Emerging Stars Equities D €;Robeco Capital Growth Funds - Robeco Emerging Stars Equities D EUR;Robeco Institutional Asset Management BV;Equity;Global Emerging Markets Equity;RV Global Emergente;EUR;Luxemburgo;6;4;;1.5;31.12;49.87;23.51;11.73;2006-11-02;True;False;0;2026-09-03
LU0329355670;Robeco QI EM Active Equities D €;Robeco QI Emerging Markets Active Equities D €;Robeco Institutional Asset Management BV;Equity;Global Emerging Markets Equity;RV Global Emergente;EUR;Luxemburgo;5;5;1.52;1.25;28.21;40.14;22.37;12.73;2008-01-29;True;False;0;2026-09-03
LU0582532197;Robeco QI Emerging Cnsrv Eqs B €;Robeco QI Emerging Conservative Equities B €;Robeco Institutional Asset Management BV;Equity;Global Emerging Markets Equity;RV Global Emergente;EUR;Luxemburgo;5;4;;1.25;21.85;26.98;15.63;9.88;2011-02-14;True;False;0;2026-09-03
LU0854930350;Robeco QI Emerging Cnsrv Eqs D $;Robeco QI Emerging Conservative Equities D $;Robeco Institutional Asset Management BV;Equity;Global Emerging Markets Equity;RV Global Emergente;USD;Luxemburgo;5;4;;1.25;20.31;25.71;18.37;9.4;2012-11-30;True;False;0;2026-09-03
LU0582533245;Robeco QI Emerging Cnsrv Eqs D €;Robeco QI Emerging Conservative Equities D €;Robeco Institutional Asset Management BV;Equity;Global Emerging Markets Equity;RV Global Emergente;EUR;Luxemburgo;4;4;;1.25;21.84;26.97;15.62;9.88;2011-02-14;True;False;0;2026-09-03
LU0248176959;Schroder ISF Em Mkts A Acc EUR;Schroder International Selection Fund Emerging Markets A Accumulation EUR;Schroder Investment Management (Europe) S.A.;Equity;Global Emerging Markets Equity;RV Global Emergente;EUR;Luxemburgo;6;4;;1.5;26.05;45.79;21.45;7.37;2006-03-17;True;False;1000;2026-09-03
LU0106252389;Schroder ISF Em Mkts A Acc USD;Schroder International Selection Fund Emerging Markets A Accumulation USD;Schroder Investment Management (Europe) S.A.;Equity;Global Emerging Markets Equity;RV Global Emergente;USD;Luxemburgo;6;4;;1.5;24.31;45.3;24.09;6.88;2000-01-17;True;False;1000;2026-09-03
LU0279459456;Schroder ISF Glb Em Mkt Opps A Acc EUR;Schroder International Selection Fund Global Emerging Market Opportunities A Accumulation EUR;Schroder Investment Management (Europe) S.A.;Equity;Global Emerging Markets Equity;RV Global Emergente;EUR;Luxemburgo;6;4;;1.5;27.07;44.27;20.47;7.8;2007-01-19;True;False;1000;2026-09-03
LU0029874905;Templeton Emerging Markets A(Ydis)USD;Templeton Emerging Markets Fund A(Ydis)USD;Franklin Templeton International Services S.à r.l.;Equity;Global Emerging Markets Equity;RV Global Emergente;USD;Luxemburgo;6;4;1.97;1.65;31.38;50.54;27.42;10.28;1991-02-28;True;False;1000;2026-09-03
LU0188151921;Templeton Emerging Markets N(acc)EUR;Templeton Emerging Markets Fund N(acc)EUR;Franklin Templeton International Services S.à r.l.;Equity;Global Emerging Markets Equity;RV Global Emergente;EUR;Luxemburgo;6;4;2.47;2.15;32.75;51.17;23.74;10.19;2004-03-15;True;False;;2026-09-03
LU0109402221;Templeton Emerging Markets N(acc)USD;Templeton Emerging Markets Fund N(acc)USD;Franklin Templeton International Services S.à r.l.;Equity;Global Emerging Markets Equity;RV Global Emergente;USD;Luxemburgo;6;4;2.47;2.15;30.95;49.78;26.79;9.73;2000-04-03;True;False;1000;2026-09-03
LU0328353924;UBS (Lux) ES Glb EM Markts Opp(USD) Pacc;UBS (Lux) Equity SICAV - Global Emerging Markets Opportunity (USD) P-acc;UBS Asset Management (Europe) S.A.;Equity;Global Emerging Markets Equity;RV Global Emergente;USD;Luxemburgo;6;3;1.99;1.54;22.18;42.6;21.78;4.99;2008-09-25;True;False;;2026-09-03
IE0031787223;Vanguard Em Mkts Stk Idx $ Acc;Vanguard Emerging Markets Stock Index Fund USD Acc;Vanguard Group (Ireland) Limited;Equity;Global Emerging Markets Equity;RV Global Emergente;USD;Irlanda;6;3;0.23;0.23;22.69;36.62;22.37;7.68;2014-02-27;True;True;1000000;2026-09-03
IE0031786696;Vanguard Em Mkts Stk Idx € Acc;Vanguard Emerging Markets Stock Index Fund EUR Acc;Vanguard Group (Ireland) Limited;Equity;Global Emerging Markets Equity;RV Global Emergente;EUR;Irlanda;6;3;0.23;0.23;24.29;37.44;19.54;8.19;2014-02-27;True;True;1000000;2026-09-03
LU0040507039;Vontobel Emerging Markets Eq B USD;Vontobel Fund - Emerging Markets Equity B USD Cap;Vontobel Asset Management S.A.;Equity;Global Emerging Markets Equity;RV Global Emergente;USD;Luxemburgo;6;2;2.11;1.65;23.56;38.15;15.26;2.12;1992-11-03;True;False;0;2026-09-03
LU0571085413;Vontobel mtx Em Mkts Ldrs B USD;Vontobel Fund - mtx Emerging Markets Leaders B USD Cap;Vontobel Asset Management S.A.;Equity;Global Emerging Markets Equity;RV Global Emergente;USD;Luxemburgo;6;3;2.04;2;26.61;42.05;22.48;6.18;2011-07-15;True;False;0;2026-09-03
LU0498181733;abrdn-Emerg Markets Equity A Acc EUR;abrdn SICAV I - Emerging Markets Equity Fund A Acc EUR;abrdn Investments Luxembourg S.A.;Equity;Global Emerging Markets Equity;RV Global Emergente;EUR;Luxemburgo;6;2;;1.75;30.03;44.67;18.71;4.83;2010-05-25;True;False;1000;2026-09-03
LU0132412106;abrdn-Emerg Markets Equity A Acc USD;abrdn SICAV I - Emerging Markets Equity Fund A Acc USD;abrdn Investments Luxembourg S.A.;Equity;Global Emerging Markets Equity;RV Global Emergente;USD;Luxemburgo;6;2;;1.75;27.89;43.92;21.3;4.32;2001-08-15;True;False;500;2026-09-03
FI4000066915;Evli Emerging Frontier B;Evli Emerging Frontier B;Evli-Rahastoyhtiö Oy;Equity;Global Emerging Markets Equity;RV Global Emergente  Cap. Peq/Med;EUR;Finlandia;6;5;;1.9;1.98;5.37;12.46;10.19;2013-10-08;True;False;1000;2026-09-03
LU0318933057;JPM Em Mkts Small Cap A perf acc EUR;JPMorgan Funds - Emerging Markets Small Cap Fund A (perf) (acc) EUR;JPMorgan Asset Management (Europe) S.à r.l.;Equity;Global Emerging Markets Equity;RV Global Emergente  Cap. Peq/Med;EUR;Luxemburgo;5;2;1.8;1.5;13.16;16;8.17;2.12;2007-11-15;True;False;35000;2026-09-03
LU0318933487;JPM Em Mkts Small Cap D perf acc EUR;JPMorgan Funds - Emerging Markets Small Cap Fund D (perf) (acc) EUR;JPMorgan Asset Management (Europe) S.à r.l.;Equity;Global Emerging Markets Equity;RV Global Emergente  Cap. Peq/Med;EUR;Luxemburgo;5;1;2.8;1.5;12.42;14.83;7.08;1.09;2010-06-11;True;False;5000;2026-09-03
LU0300743431;Templeton Em Mkts Smlr Coms A(acc)EUR;Templeton Emerging Markets Smaller Companies Fund A(acc)EUR;Franklin Templeton International Services S.à r.l.;Equity;Global Emerging Markets Equity;RV Global Emergente  Cap. Peq/Med;EUR;Luxemburgo;5;2;2.48;2.1;17.65;17.94;10.39;5.26;2007-10-18;True;False;;2026-09-03
LU0300738514;Templeton Em Mkts Smlr Coms A(acc)USD;Templeton Emerging Markets Smaller Companies Fund A(acc)USD;Franklin Templeton International Services S.à r.l.;Equity;Global Emerging Markets Equity;RV Global Emergente  Cap. Peq/Med;USD;Luxemburgo;5;2;2.48;2.1;15.97;16.81;13.1;4.82;2007-10-18;True;False;1000;2026-09-03
LU1775963454;Invesco Emerg Mkts ex-China Eq A USD AD;Invesco Funds - Invesco Emerging Markets ex-China Equity Fund A Annual Distribution USD;Invesco Management S.A.;Equity;Global Emerging Markets Equity;RV Global Emergente Ex-China;USD;Luxemburgo;6;;;1.4;40.25;62.19;;;2018-09-07;True;False;1500;2026-09-03
LU0666199749;HSBC GIF Frontier Markets AC;HSBC Global Investment Funds - Frontier Markets AC;HSBC Global Invesment Funds;Equity;Global Emerging Markets Equity;RV Global Mercados Frontera;USD;Luxemburgo;5;4;;1.75;9.78;10.54;18.51;14.43;2011-11-30;True;False;5000;2026-09-03
LU0708055370;HSBC GIF Frontier Markets ACEUR;HSBC Global Investment Funds - Frontier Markets ACEUR;HSBC Global Invesment Funds;Equity;Global Emerging Markets Equity;RV Global Mercados Frontera;EUR;Luxemburgo;5;4;;1.75;11.32;11.58;15.92;14.93;2012-10-01;True;False;5000;2026-09-03
IE00B68FF474;Magna New Frontiers R Acc;Magna Umbrella Fund plc - Magna New Frontiers Fund R Acc;Fiera Capital (UK) Limited;Equity;Global Emerging Markets Equity;RV Global Mercados Frontera;EUR;Irlanda;6;3;;1.95;9.61;11.06;13.17;10.22;2011-03-16;True;False;5000;2026-09-03
LU2407913743;Schroder ISF Frntr Mkts Eq A Acc EUR;Schroder International Selection Fund Frontier Markets Equity A Accumulation EUR;Schroder Investment Management (Europe) S.A.;Equity;Global Emerging Markets Equity;RV Global Mercados Frontera;EUR;Luxemburgo;5;4;;1.5;16.38;21.63;19.11;;2022-01-19;True;False;1000;2026-09-03
LU0562313402;Schroder ISF Frntr Mkts Eq A USD Acc;Schroder International Selection Fund Frontier Markets Equity A Accumulation USD;Schroder Investment Management (Europe) S.A.;Equity;Global Emerging Markets Equity;RV Global Mercados Frontera;USD;Luxemburgo;5;5;;1.5;14.78;21.21;21.7;14.65;2010-12-15;True;False;1000;2026-09-03
LU0390137031;Templeton Frontier Markets A(acc)EUR;Templeton Frontier Markets Fund A(acc)EUR;Franklin Templeton International Services S.à r.l.;Equity;Global Emerging Markets Equity;RV Global Mercados Frontera;EUR;Luxemburgo;5;3;2.52;2.1;16.25;19.13;16.26;10.77;2008-10-14;True;False;;2026-09-03
LU0390136736;Templeton Frontier Markets A(acc)USD;Templeton Frontier Markets Fund A(acc)USD;Franklin Templeton International Services S.à r.l.;Equity;Global Emerging Markets Equity;RV Global Mercados Frontera;USD;Luxemburgo;5;3;2.52;2.1;14.65;18.05;19.11;10.3;2008-10-14;True;False;1000;2026-09-03
LU0455706654;Fidelity China Innovation A-Acc-EUR;Fidelity Funds - China Innovation Fund A-Acc-EUR;FIL Investment Management (Luxembourg) S.à r.l.;Equity;Greater China Equity;RV Gran China;EUR;Luxemburgo;6;2;;1.5;-0.27;-1.45;6.24;-4.67;2009-11-23;True;False;;2026-09-03
LU1400166911;Fidelity Greater China A-Acc-EUR;Fidelity Funds - Greater China Fund A-Acc-EUR;FIL Investment Management (Luxembourg) S.à r.l.;Equity;Greater China Equity;RV Gran China;EUR;Luxemburgo;6;3;;1.5;11.87;16.73;11.55;0;2016-05-05;True;False;2500;2026-09-03
LU1224710126;Fidelity Greater China A-Acc-USD;Fidelity Funds - Greater China Fund A-Acc-USD;FIL Investment Management (Luxembourg) S.à r.l.;Equity;Greater China Equity;RV Gran China;USD;Luxemburgo;6;3;;1.5;10.53;16.12;14.27;-0.46;2015-05-19;True;False;2500;2026-09-03
LU0048580855;Fidelity Greater China A-Dis-USD;Fidelity Funds - Greater China Fund A-DIST-USD;FIL Investment Management (Luxembourg) S.à r.l.;Equity;Greater China Equity;RV Gran China;USD;Luxemburgo;6;3;;1.5;10.49;16.11;14.28;-0.45;1990-10-01;True;False;2500;2026-09-03
LU0048816135;Invesco Greater China Equity A USD Acc;Invesco Funds - Invesco Greater China Equity Fund A Accumulation USD;Invesco Management S.A.;Equity;Greater China Equity;RV Gran China;USD;Luxemburgo;6;3;;1.5;18.04;28.41;20.14;3.66;1992-07-15;True;False;1500;2026-09-03
LU0210526801;JPM Greater China A acc USD;JPMorgan Funds - Greater China Fund A (acc) USD;JPMorgan Asset Management (Europe) S.à r.l.;Equity;Greater China Equity;RV Gran China;USD;Luxemburgo;6;4;1.76;1.5;16.04;24.83;17.67;0.29;2005-03-31;True;False;35000;2026-09-03
LU0522352946;JPM Greater China D acc EUR;JPMorgan Funds - Greater China Fund D (acc) EUR;JPMorgan Asset Management (Europe) S.à r.l.;Equity;Greater China Equity;RV Gran China;EUR;Luxemburgo;6;3;2.76;1.5;16.5;24.2;13.91;-0.28;2010-07-13;True;False;5000;2026-09-03
LU0721876364;Matthews China Innovators A USD Acc;Matthews Asia Funds - China Innovators Fund A USD Acc;Matthews International Capital Management, LLC;Equity;Greater China Equity;RV Gran China;USD;Luxemburgo;6;2;;1.5;25.66;27.44;13.4;-3.18;2012-02-29;True;False;1000;2026-09-03
LU0365775922;Schroder ISF Greater China A Acc EUR;Schroder International Selection Fund Greater China A Accumulation EUR;Schroder Investment Management (Europe) S.A.;Equity;Greater China Equity;RV Gran China;EUR;Luxemburgo;6;3;;1.5;15.68;23.16;12.84;1.11;2008-05-23;True;False;1000;2026-09-03
LU0140636845;Schroder ISF Greater China A Acc USD;Schroder International Selection Fund Greater China A Accumulation USD;Schroder Investment Management (Europe) S.A.;Equity;Greater China Equity;RV Gran China;USD;Luxemburgo;6;3;;1.5;14.09;22.74;15.23;0.65;2002-03-28;True;False;1000;2026-09-03
LU0577510026;UBS (Lux) EF Greater China (USD) (EUR) N;UBS (Lux) Equity Fund - Greater China (USD) (EUR) N-acc;UBS Asset Management (Europe) S.A.;Equity;Greater China Equity;RV Gran China;EUR;Luxemburgo;6;2;2.81;2.2;-5.59;-4.21;5.32;-2.92;2011-02-08;True;False;0;2026-09-03
LU0149534421;Schroder ISF Hong Kong Eq A Acc HKD;Schroder International Selection Fund Hong Kong Equity A Accumulation HKD;Schroder Investment Management (Europe) S.A.;Equity;Greater China Equity;RV Hong Kong;HKD;Luxemburgo;6;3;;1.5;-3.29;0.81;5.47;-2.88;2002-08-09;True;False;1000;2026-09-03
IE00BDR0R800;Ashoka WhiteOak India Opps F EUR Acc;Ashoka WhiteOak ICAV - Ashoka WhiteOak India Opportunities Fund Class F EUR Accumulation;Ashoka WhiteOak Capital Pte. Ltd.;Equity;India Equity;RV India;EUR;Irlanda;6;3;1.86;1.75;-1.04;-1.1;5.11;3.36;2020-08-25;True;False;0;2026-09-03
IE00BDR0R792;Ashoka WhiteOak India Opps F USD Acc;Ashoka WhiteOak ICAV - Ashoka WhiteOak India Opportunities Fund Class F USD Accumulation;Ashoka WhiteOak Capital Pte. Ltd.;Equity;India Equity;RV India;USD;Irlanda;6;3;1.86;1.75;-2.1;-1.49;7.49;2.91;2019-03-05;True;False;0;2026-09-03
LU0068770873;DWS India;DWS India;DWS Investment S.A.;Equity;India Equity;RV India;EUR;Luxemburgo;5;3;;2;-6.84;-6.29;-0.17;0.66;1996-07-30;True;False;0;2026-09-03
LU0197230542;Fidelity India Focus A-EUR;Fidelity Funds - India Focus Fund A-EUR;FIL Investment Management (Luxembourg) S.à r.l.;Equity;India Equity;RV India;EUR;Luxemburgo;5;4;;1.5;-6.71;-6.13;1.46;1.04;2004-08-23;True;False;;2026-09-03
LU0197230971;Fidelity India Focus A-GBP;Fidelity Funds - India Focus Fund A-GBP;FIL Investment Management (Luxembourg) S.à r.l.;Equity;India Equity;RV India;GBP;Luxemburgo;5;4;;1.5;-8.24;-7.41;1.54;1.05;2004-08-23;True;False;;2026-09-03
LU0197229882;Fidelity India Focus A-USD;Fidelity Funds - India Focus Fund A-USD;FIL Investment Management (Luxembourg) S.à r.l.;Equity;India Equity;RV India;USD;Luxemburgo;5;4;;1.5;-7.83;-6.62;3.93;0.58;2004-08-23;True;False;2500;2026-09-03
LU0260862304;Franklin India A(Ydis)EUR;Franklin India Fund A(Ydis)EUR;Franklin Templeton International Services S.à r.l.;Equity;India Equity;RV India;EUR;Luxemburgo;6;3;1.83;1.5;-7.94;-7.37;1.16;3.04;2006-09-01;True;False;;2026-09-03
LU0231205187;Franklin India A(acc)EUR;Franklin India Fund A(acc)EUR;Franklin Templeton International Services S.à r.l.;Equity;India Equity;RV India;EUR;Luxemburgo;5;3;1.83;1.5;-7.94;-7.38;1.16;3.04;2005-10-25;True;False;;2026-09-03
LU0231203729;Franklin India A(acc)USD;Franklin India Fund A(acc)USD;Franklin Templeton International Services S.à r.l.;Equity;India Equity;RV India;USD;Luxemburgo;6;3;1.83;1.5;-9.2;-8.24;3.65;2.61;2005-10-25;True;False;1000;2026-09-03
LU0333810181;GS India Equity Base Acc USD;Goldman Sachs India Equity Portfolio Base Acc USD;Goldman Sachs Asset Management B.V.;Equity;India Equity;RV India;USD;Luxemburgo;5;4;;1.75;-3.76;-3.13;6.25;2.96;2008-03-26;True;False;5000;2026-09-03
LU0333810009;GS India Equity Base Inc USD;Goldman Sachs India Equity Portfolio Base Inc USD;Goldman Sachs Asset Management B.V.;Equity;India Equity;RV India;USD;Luxemburgo;5;4;;1.75;-3.76;-3.13;6.25;2.95;2008-03-26;True;False;5000;2026-09-03
LU0333810850;GS India Equity E Acc EUR;Goldman Sachs India Equity Portfolio E Acc EUR;Goldman Sachs Asset Management B.V.;Equity;India Equity;RV India;EUR;Luxemburgo;6;3;;1.75;-3.05;-3.15;3.32;2.88;2008-03-26;True;False;1500;2026-09-03
LU0164881194;HSBC GIF Indian Equity AC;HSBC Global Investment Funds - Indian Equity AC;HSBC Global Invesment Funds;Equity;India Equity;RV India;USD;Luxemburgo;5;3;;1.5;-9.4;-6.79;5.36;3.01;2003-05-28;True;False;5000;2026-09-03
LU0551365645;HSBC GIF Indian Equity ACEUR;HSBC Global Investment Funds - Indian Equity ACEUR;HSBC Global Invesment Funds;Equity;India Equity;RV India;EUR;Luxemburgo;5;3;;1.5;-8.22;-6.23;2.92;3.49;2013-03-21;True;False;5000;2026-09-03
LU0066902890;HSBC GIF Indian Equity AD;HSBC Global Investment Funds - Indian Equity AD;HSBC Global Invesment Funds;Equity;India Equity;RV India;USD;Luxemburgo;5;3;;1.5;-9.4;-6.79;5.36;3.01;1996-03-01;True;False;5000;2026-09-03
LU0551366536;HSBC GIF Indian Equity ADEUR;HSBC Global Investment Funds - Indian Equity ADEUR;HSBC Global Invesment Funds;Equity;India Equity;RV India;EUR;Luxemburgo;5;3;;1.5;-8.22;-6.23;2.92;3.49;2011-06-28;True;False;5000;2026-09-03
LU1642786039;Invesco India Equity A EUR Acc;Invesco Funds - Invesco India Equity Fund A Accumulation EUR;Invesco Management S.A.;Equity;India Equity;RV India;EUR;Luxemburgo;6;4;;1.5;-3.66;-4.39;3.34;4.02;2017-08-16;True;False;1000;2026-09-03
LU0267983889;Invesco India Equity A USD AD;Invesco Funds - Invesco India Equity Fund A Annual Distribution USD;Invesco Management S.A.;Equity;India Equity;RV India;USD;Luxemburgo;6;3;;1.5;-5.05;-4.86;5.59;3.52;2006-12-11;True;False;1500;2026-09-03
LU0210527015;JPM India A acc USD;JPMorgan Funds - India Fund A (acc) USD;JPMorgan Asset Management (Europe) S.à r.l.;Equity;India Equity;RV India;USD;Luxemburgo;5;1;1.8;1.5;-11;-11.43;0.57;-0.98;2005-03-31;True;False;35000;2026-09-03
LU0058908533;JPM India A dist USD;JPMorgan Funds - India Fund A (dist) USD;JPMorgan Asset Management (Europe) S.à r.l.;Equity;India Equity;RV India;USD;Luxemburgo;5;1;1.79;1.5;-10.98;-11.41;0.59;-0.96;1995-08-31;True;False;35000;2026-09-03
LU0522352516;JPM India D acc EUR;JPMorgan Funds - India Fund D (acc) EUR;JPMorgan Asset Management (Europe) S.à r.l.;Equity;India Equity;RV India;EUR;Luxemburgo;5;1;2.6;1.5;-10.51;-11.7;-2.48;-1.34;2010-07-13;True;False;5000;2026-09-03
LU0117881739;JPM India D acc USD;JPMorgan Funds - India Fund D (acc) USD;JPMorgan Asset Management (Europe) S.à r.l.;Equity;India Equity;RV India;USD;Luxemburgo;5;1;2.6;1.5;-11.46;-12.13;-0.22;-1.76;2000-10-13;True;False;5000;2026-09-03
LU0329070915;Jupiter India Select L EUR Acc;Jupiter India Select Class L EUR Acc;Jupiter Asset Management International S.A.;Equity;India Equity;RV India;EUR;Luxemburgo;6;4;1.97;1.75;-9.09;-7.36;8.06;9.49;2011-05-25;True;False;500;2026-09-03
LU0365089902;Jupiter India Select L USD A Inc;Jupiter India Select Class L USD A Inc;Jupiter Asset Management International S.A.;Equity;India Equity;RV India;USD;Luxemburgo;6;4;1.97;1.75;-10.4;-7.79;10.45;8.98;2008-05-02;True;False;500;2026-09-03
IE00B0JY6M65;PineBridge India Equity A;PineBridge Global Funds - India Equity Fund A;PineBridge Investments Ireland Ltd;Equity;India Equity;RV India;USD;Irlanda;5;3;2.05;1.3;-7.86;-6.12;4.6;0.29;2005-09-12;True;False;1000;2026-09-03
LU0571488617;Robeco Indian Equities D $;Robeco Indian Equities D $;Robeco Institutional Asset Management BV;Equity;India Equity;RV India;USD;Luxemburgo;6;4;1.91;1.6;-9.17;-9.9;3.65;2.97;2011-01-21;True;False;0;2026-09-03
LU0491217419;Robeco Indian Equities D €;Robeco Indian Equities D €;Robeco Institutional Asset Management BV;Equity;India Equity;RV India;EUR;Luxemburgo;5;4;;1.6;-8.01;-9;1.24;3.43;2010-08-23;True;False;0;2026-09-03
IE00BDH6RQ67;UTI India Dynamic Equity EURO Retail;UTI India Dynamic Equity EURO Retail;UTI International (Singapore) Pvt. Ltd.;Equity;India Equity;RV India;EUR;Irlanda;6;1;1.93;1.7;-3.67;-8.18;-0.08;-1.73;2016-08-29;True;False;0;2026-09-03
LU0231462077;abrdn-Indian Equity A Acc GBP;abrdn SICAV I - Indian Equity Fund A Acc GBP;abrdn Investments Luxembourg S.A.;Equity;India Equity;RV India;GBP;Luxemburgo;5;2;;1.75;-7.41;-9.1;1.41;-1.16;2006-03-28;True;False;500;2026-09-03
LU0231490524;abrdn-Indian Equity A Acc USD;abrdn SICAV I - Indian Equity Fund A Acc USD;abrdn Investments Luxembourg S.A.;Equity;India Equity;RV India;USD;Luxemburgo;6;2;;1.75;-7.23;-8.38;3.51;-1.61;2006-03-24;True;False;500;2026-09-03
LU0922333322;Fidelity Italy A-Acc-EUR;Fidelity Funds - Italy Fund A-Acc-EUR;FIL Investment Management (Luxembourg) S.à r.l.;Equity;Europe Equity Large Cap;RV Italia;EUR;Luxemburgo;6;3;;1.5;13.83;22.03;21.46;14.64;2013-05-07;True;False;2500;2026-09-03
LU0048584766;Fidelity Italy A-Dis-EUR;Fidelity Funds - Italy Fund A-DIST-EUR;FIL Investment Management (Luxembourg) S.à r.l.;Equity;Europe Equity Large Cap;RV Italia;EUR;Luxemburgo;6;3;;1.5;13.85;22.05;21.46;14.64;1990-10-01;True;False;;2026-09-03
LU0069164738;iMGP Italian Opportunities C EUR;iMGP Italian Opportunities C EUR;iM Global Partner Asset Management S.A.;Equity;Europe Equity Mid/Small Cap;RV Italia;EUR;Luxemburgo;6;3;2.33;1.75;15.02;23.26;26.37;15.95;1996-09-16;True;False;0;2026-09-03
LU0996180864;Amundi MSCI Japan ESG BrdTrnstn AE-C EUR;Amundi MSCI Japan ESG Broad Transition INDEX AE Acc;Amundi Luxembourg S.A.;Equity;Japan Equity;RV Japón Cap. Grande Blend;EUR;Luxemburgo;6;3;;0.15;21.05;28.35;15.5;8.99;2009-05-21;True;True;;2026-09-03
LU0012181748;BNP Paribas Japan Eq Cl Cap;BNP Paribas Funds Japan Equity Classic Capitalisation;BNP Paribas Asset Management Luxembourg;Equity;Japan Equity;RV Japón Cap. Grande Blend;JPY;Luxemburgo;6;4;;1.5;27.94;43.37;25.52;20.17;1990-03-27;True;False;0;2026-09-03
LU0107049875;BNP Paribas Japan Eq N Cap;BNP Paribas Funds Japan Equity N Capitalisation;BNP Paribas Asset Management Luxembourg;Equity;Japan Equity;RV Japón Cap. Grande Blend;JPY;Luxemburgo;6;3;;1.5;27.31;42.28;24.58;19.27;1990-12-31;True;False;0;2026-09-03
ES0114104039;Bankinter Índice Japón R FI;Bankinter Índice Japón R FI;Bankinter Gestión de Activos SGIIC;Equity;Japan Equity;RV Japón Cap. Grande Blend;EUR;España;6;5;1.11;1;23.12;37.98;23.95;17.73;2000-06-14;True;True;1;2026-09-03
LU1769942159;DWS Invest CROCI Japan JPY LC;DWS Invest CROCI Japan JPY LC;DWS Investment S.A.;Equity;Japan Equity;RV Japón Cap. Grande Blend;JPY;Luxemburgo;6;3;1.15;1;19.89;33.74;18.84;17.7;2018-08-30;True;False;0;2026-09-03
LU0251130042;Fidelity Japan Equity ESG A-Acc-EUR;Fidelity Funds - Japan Equity ESG Fund A-Acc-EUR;FIL Investment Management (Luxembourg) S.à r.l.;Equity;Japan Equity;RV Japón Cap. Grande Blend;EUR;Luxemburgo;6;1;;1.5;16.23;20;9.47;2.97;2006-07-03;True;False;;2026-09-03
LU0069452018;Fidelity Japan Equity ESG A-Dis-EUR;Fidelity Funds - Japan Equity ESG Fund A-Dist-EUR;FIL Investment Management (Luxembourg) S.à r.l.;Equity;Japan Equity;RV Japón Cap. Grande Blend;EUR;Luxemburgo;6;1;;1.5;16.17;19.99;9.46;2.97;2004-02-16;True;False;;2026-09-03
LU0048585144;Fidelity Japan Equity ESG A-JPY;Fidelity Funds - Japan Equity ESG Fund A-JPY;FIL Investment Management (Luxembourg) S.à r.l.;Equity;Japan Equity;RV Japón Cap. Grande Blend;JPY;Luxemburgo;6;1;;1.5;16.22;27.91;15.26;10.31;1990-10-01;True;False;;2026-09-03
LU0413543058;Fidelity Japan Value A-Acc-EUR;Fidelity Funds - Japan Value Fund A-Acc-EUR;FIL Investment Management (Luxembourg) S.à r.l.;Equity;Japan Equity;RV Japón Cap. Grande Blend;EUR;Luxemburgo;6;4;;1.5;20.57;30.7;17.86;12.56;2009-02-23;True;False;2500;2026-09-03
LU1670626446;M&G (Lux) Japan A EUR Acc;M&G (Lux) Japan Fund EUR A Acc;M&G Luxembourg S.A.;Equity;Japan Equity;RV Japón Cap. Grande Blend;EUR;Luxemburgo;6;4;1.71;1.5;21.39;32.86;17.41;13.29;2018-10-26;True;False;1000;2026-09-03
LU0474966750;Pictet-Japan Index P EUR;Pictet-Japan Index P EUR;Pictet Asset Management (Europe) SA;Equity;Japan Equity;RV Japón Cap. Grande Blend;EUR;Luxemburgo;6;3;0.45;0.45;19.83;26.84;15.84;9.41;2011-06-08;True;True;0;2026-09-03
LU0148536690;Pictet-Japan Index P JPY;Pictet-Japan Index P JPY;Pictet Asset Management (Europe) SA;Equity;Japan Equity;RV Japón Cap. Grande Blend;JPY;Luxemburgo;6;3;0.45;0.45;20.52;35.71;22.15;17.35;2002-06-06;True;True;0;2026-09-03
LU0255979402;Pictet-Japanese Equity Opps P EUR;Pictet-Japanese Equity Opportunities P EUR;Pictet Asset Management (Europe) SA;Equity;Japan Equity;RV Japón Cap. Grande Blend;EUR;Luxemburgo;6;3;1.56;1.8;17.33;23.07;13.34;7.03;2006-06-14;True;False;0;2026-09-03
LU0155301624;Pictet-Japanese Equity Opps R JPY;Pictet-Japanese Equity Opportunities R JPY;Pictet Asset Management (Europe) SA;Equity;Japan Equity;RV Japón Cap. Grande Blend;JPY;Luxemburgo;6;2;2.07;2.5;17.6;30.99;18.9;14.19;2002-11-15;True;False;0;2026-09-03
LU0106239873;Schroder ISF Japanese Eq A Acc JPY;Schroder International Selection Fund Japanese Equity A Accumulation JPY;Schroder Investment Management (Europe) S.A.;Equity;Japan Equity;RV Japón Cap. Grande Blend;JPY;Luxemburgo;6;1;1.58;1.25;16.42;30.28;17.46;12.77;2000-01-17;True;False;;2026-09-03
LU0231790675;Templeton Japan A(acc)EUR;Templeton Japan Fund A(acc)EUR;Franklin Templeton International Services S.à r.l.;Equity;Japan Equity;RV Japón Cap. Grande Blend;EUR;Luxemburgo;6;3;1.83;1.5;12.2;16.51;18.29;10.47;2005-10-25;True;False;;2026-09-03
LU0231790832;Templeton Japan A(acc)USD;Templeton Japan Fund A(acc)USD;Franklin Templeton International Services S.à r.l.;Equity;Japan Equity;RV Japón Cap. Grande Blend;USD;Luxemburgo;6;3;1.83;1.5;10.6;15.37;21.15;10.02;2005-10-25;True;False;1000;2026-09-03
IE0007286036;Vanguard Jpn Stk Idx € Acc;Vanguard Japan Stock Index Fund EUR Acc;Vanguard Group (Ireland) Limited;Equity;Japan Equity;RV Japón Cap. Grande Blend;EUR;Irlanda;6;3;0.16;0.16;20.88;27.84;16.44;9.9;2006-03-29;True;True;1000000;2026-09-03
LU0204987902;iMGP Japan Opportunities C JPY;iMGP Japan Opportunities C JPY;iM Global Partner Asset Management S.A.;Equity;Japan Equity;RV Japón Cap. Grande Blend;JPY;Luxemburgo;5;3;2.01;1.5;19.43;32.97;21.45;18.95;2005-03-31;True;False;0;2026-09-03
LU0578148453;BL-Equities Japan B JPY;BL-Equities Japan B JPY Acc;BLI - Banque de Luxembourg Investments SA;Equity;Japan Equity;RV Japón Cap. Grande Growth;JPY;Luxemburgo;6;2;1.5;1.25;15.52;24.29;10.39;6.85;2011-06-27;True;False;0;2026-09-03
IE0004767087;Comgest Gr Japan JPY Acc;Comgest Growth Japan JPY Acc;Comgest Asset Management Intl Ltd;Equity;Japan Equity;RV Japón Cap. Grande Growth;JPY;Irlanda;6;3;1.57;1.5;25.62;39.02;21.17;9.44;2000-05-19;True;False;5000;2026-09-03
IE0003008186;GAM Star Japan Ldrs-A EUR;GAM Star Fund plc - GAM Star Japan Leaders-A EUR;GAM Fund Management Limited;Equity;Japan Equity;RV Japón Cap. Grande Growth;EUR;Irlanda;6;1;;1.1;14.04;13.76;2.65;-4.08;1992-03-04;True;False;10000;2026-09-03
LU0133264795;GS Japan Equity E Acc EUR Snap;Goldman Sachs Japan Equity Portfolio E Acc EUR Snap;Goldman Sachs Asset Management B.V.;Equity;Japan Equity;RV Japón Cap. Grande Growth;EUR;Luxemburgo;6;3;;1.5;14.48;18.68;11.36;5.58;2001-07-31;True;False;1500;2026-09-03
LU1217870671;GS Japan Equity Ptnrs Base Acc JPY(Snap);Goldman Sachs Japan Equity Partners Portfolio Base Acc JPY (Snap);Goldman Sachs Asset Management B.V.;Equity;Japan Equity;RV Japón Cap. Grande Growth;JPY;Luxemburgo;6;3;;1.5;17.75;23.25;16.52;12.08;2015-05-27;True;False;500000;2026-09-03
LU2068251110;Invesco Japanese Eq Adv A EUR Acc;Invesco Funds - Invesco Japanese Equity Advantage Fund A Accumulation EUR;Invesco Management S.A.;Equity;Japan Equity;RV Japón Cap. Grande Growth;EUR;Luxemburgo;6;3;;1.4;21.22;23.99;10.14;4.69;2019-11-20;True;False;1000;2026-09-03
LU0607514717;Invesco Japanese Eq Adv A JPY Acc;Invesco Funds - Invesco Japanese Equity Advantage Fund A Accumulation JPY;Invesco Management S.A.;Equity;Japan Equity;RV Japón Cap. Grande Growth;JPY;Luxemburgo;6;3;;1.4;21.97;32.7;16.16;12.28;2011-09-30;True;False;120000;2026-09-03
LU0217390730;JPM Japan Equity A acc EUR;JPMorgan Funds - Japan Equity Fund A (acc) EUR;JPMorgan Asset Management (Europe) S.à r.l.;Equity;Japan Equity;RV Japón Cap. Grande Growth;EUR;Luxemburgo;6;3;;1.5;11.9;13.3;15.38;2.87;2006-06-12;True;False;35000;2026-09-03
LU0210527361;JPM Japan Equity A acc USD;JPMorgan Funds - Japan Equity Fund A (acc) USD;JPMorgan Asset Management (Europe) S.à r.l.;Equity;Japan Equity;RV Japón Cap. Grande Growth;USD;Luxemburgo;6;3;;1.5;10.65;12.72;18.07;2.43;2005-03-31;True;False;35000;2026-09-03
LU0053696224;JPM Japan Equity A dist USD;JPMorgan Funds - Japan Equity Fund A (dist) USD;JPMorgan Asset Management (Europe) S.à r.l.;Equity;Japan Equity;RV Japón Cap. Grande Growth;USD;Luxemburgo;6;3;;1.5;10.67;12.73;18.06;2.43;1988-11-16;True;False;35000;2026-09-03
LU0217390813;JPM Japan Equity D acc EUR;JPMorgan Funds - Japan Equity Fund D (acc) EUR;JPMorgan Asset Management (Europe) S.à r.l.;Equity;Japan Equity;RV Japón Cap. Grande Growth;EUR;Luxemburgo;6;2;;1.5;11.18;12.38;14.43;2.04;2006-05-08;True;False;5000;2026-09-03
LU0117866185;JPM Japan Equity D acc USD;JPMorgan Funds - Japan Equity Fund D (acc) USD;JPMorgan Asset Management (Europe) S.à r.l.;Equity;Japan Equity;RV Japón Cap. Grande Growth;USD;Luxemburgo;6;2;;1.5;10.12;11.85;17.15;1.63;2000-10-13;True;False;5000;2026-09-03
LU0828244052;JPM Japan Sustainable Eq A acc EUR;JPMorgan Investment Funds - Japan Sustainable Equity Fund A (acc) EUR;JPMorgan Asset Management (Europe) S.à r.l.;Equity;Japan Equity;RV Japón Cap. Grande Growth;EUR;Luxemburgo;6;3;1.69;1.5;20.32;21.49;14.56;5.88;2012-09-24;True;False;35000;2026-09-03
LU0070214613;JPM Japan Sustainable Eq A acc JPY;JPMorgan Investment Funds - Japan Sustainable Equity Fund A (acc) JPY;JPMorgan Asset Management (Europe) S.à r.l.;Equity;Japan Equity;RV Japón Cap. Grande Growth;JPY;Luxemburgo;6;3;1.8;1.5;20.35;29.35;20.57;13.4;1993-11-12;True;False;35000;2026-09-03
LU0115096736;JPM Japan Sustainable Eq D acc JPY;JPMorgan Investment Funds - Japan Sustainable Equity Fund D (acc) JPY;JPMorgan Asset Management (Europe) S.à r.l.;Equity;Japan Equity;RV Japón Cap. Grande Growth;JPY;Luxemburgo;6;3;2.55;1.5;19.74;28.38;19.66;12.56;2002-03-22;True;False;5000;2026-09-03
LU0011963674;abrdn-Japan Sustainable Eqty A Acc JPY;abrdn SICAV I - Japanese Sustainable Equity Fund A Acc JPY;abrdn Investments Luxembourg S.A.;Equity;Japan Equity;RV Japón Cap. Grande Growth;JPY;Luxemburgo;6;3;;1.5;23.25;42.82;24.32;14.41;1988-04-26;True;False;500;2026-09-03
IE00BYVDZH74;Man Jpn CoreAlpha Eq D EUR;Man Funds plc - Man Japan CoreAlpha Equity D EUR;Man Asset Management (Ireland) Limited;Equity;Japan Equity;RV Japón Cap. Grande Value;EUR;Irlanda;6;2;1.71;1.5;24.48;34.94;19.96;16.83;2015-11-23;True;False;1000;2026-09-03
IE00BP4VM748;Man Jpn CoreAlpha Eq D USD;Man Funds plc - Man Japan CoreAlpha Equity D USD;Man Asset Management (Ireland) Limited;Equity;Japan Equity;RV Japón Cap. Grande Value;USD;Irlanda;6;3;1.72;1.5;22.51;33.88;22.73;16.24;2016-09-27;True;False;1000;2026-09-03
LU0171289068;BGF Japan Small & MidCap Opps A2 EUR;BlackRock Global Funds - Japan Small & MidCap Opportunities Fund A2 EUR;BlackRock (Luxembourg) SA;Equity;Japan Equity;RV Japón Cap. Med/Peq;EUR;Luxemburgo;5;3;1.81;1.5;15.71;19.06;16.89;6.23;1987-05-13;True;False;;2026-09-03
LU0090841692;BGF Japan Small & MidCap Opps E2 USD;BlackRock Global Funds - Japan Small & MidCap Opportunities Fund E2 USD;BlackRock (Luxembourg) SA;Equity;Japan Equity;RV Japón Cap. Med/Peq;USD;Luxemburgo;6;3;2.31;1.5;13.55;17.89;19;5.24;1987-05-13;True;False;5000;2026-09-03
LU0069970746;BNP Paribas Japan Sm Cp Cl C;BNP Paribas Funds Japan Small Cap Classic Capitalisation;BNP Paribas Asset Management Luxembourg;Equity;Japan Equity;RV Japón Cap. Med/Peq;JPY;Luxemburgo;6;4;;1.85;26.54;41.2;27.02;18.77;1996-09-30;True;False;0;2026-09-03
LU0251807987;BNP Paribas Japan Sm Cp Cl EUR C;BNP Paribas Funds Japan Small Cap Classic EUR Capitalisation;BNP Paribas Asset Management Luxembourg;Equity;Japan Equity;RV Japón Cap. Med/Peq;EUR;Luxemburgo;6;4;;1.85;25.49;31.2;20.33;10.67;2015-05-13;True;False;0;2026-09-03
LU0107058785;BNP Paribas Japan Sm Cp N C;BNP Paribas Funds Japan Small Cap N Capitalisation;BNP Paribas Asset Management Luxembourg;Equity;Japan Equity;RV Japón Cap. Med/Peq;JPY;Luxemburgo;6;3;;1.85;25.91;40.16;26.07;17.88;1996-10-04;True;False;;2026-09-03
LU1670715975;M&G (Lux) Japan Smlr Comps A EUR Acc;M&G (Lux) Japan Smaller Companies Fund EUR A Acc;M&G Luxembourg S.A.;Equity;Japan Equity;RV Japón Cap. Med/Peq;EUR;Luxemburgo;6;4;1.73;1.5;25.76;32.11;13.11;10.73;2018-10-26;True;False;1000;2026-09-03
LU1670715629;M&G (Lux) Japan Smlr Comps A USD Acc;M&G (Lux) Japan Smaller Companies Fund USD A Acc;M&G Luxembourg S.A.;Equity;Japan Equity;RV Japón Cap. Med/Peq;USD;Luxemburgo;6;4;1.73;1.5;23.88;31.43;15.58;10.2;2018-10-26;True;False;1000;2026-09-03
LU0552029406;Amundi Fds Latin Amer Eq A EUR C;Amundi Funds - Latin America Equity A EUR (C);Amundi Luxembourg S.A.;Equity;Latin America Equity;RV Latinoamérica;EUR;Luxemburgo;6;5;2.2;1.7;19.65;34.87;12.07;11.69;2010-11-10;True;False;0;2026-09-03
LU0201575346;Amundi Fds Latin Amer Eq A USD C;Amundi Funds - Latin America Equity A USD (C);Amundi Luxembourg S.A.;Equity;Latin America Equity;RV Latinoamérica;USD;Luxemburgo;6;5;2.2;1.7;18.12;33.73;14.8;11.35;1994-02-21;True;False;1;2026-09-03
LU0072463663;BGF Latin American A2;BlackRock Global Funds - Latin American Fund A2;BlackRock (Luxembourg) SA;Equity;Latin America Equity;RV Latinoamérica;USD;Luxemburgo;6;2;2.08;1.75;9.14;18.04;5.83;5.97;1997-01-09;True;False;5000;2026-09-03
LU0171289498;BGF Latin American A2 EUR;BlackRock Global Funds - Latin American Fund A2 EUR;BlackRock (Luxembourg) SA;Equity;Latin America Equity;RV Latinoamérica;EUR;Luxemburgo;6;2;2.08;1.75;10.34;18.62;3.45;6.43;1997-01-09;True;False;;2026-09-03
LU0171289571;BGF Latin American E2 EUR;BlackRock Global Funds - Latin American Fund E2 EUR;BlackRock (Luxembourg) SA;Equity;Latin America Equity;RV Latinoamérica;EUR;Luxemburgo;7;2;2.58;1.75;9.97;18.03;2.93;5.9;2002-07-01;True;False;;2026-09-03
LU0399356780;DWS Invest Latin American Eqs LC;DWS Invest Latin American Equities LC;DWS Investment S.A.;Equity;Latin America Equity;RV Latinoamérica;EUR;Luxemburgo;6;4;1.84;1.75;16.11;31.03;10.33;9.97;2012-10-01;True;False;0;2026-09-03
LU0813337002;DWS Invest Latin American Eqs NC;DWS Invest Latin American Equities NC;DWS Investment S.A.;Equity;Latin America Equity;RV Latinoamérica;EUR;Luxemburgo;6;4;2.49;2.2;15.6;30.17;9.62;9.26;2012-10-01;True;False;0;2026-09-03
LU0813337184;DWS Invest Latin American Eqs USD LC;DWS Invest Latin American Equities USD LC;DWS Investment S.A.;Equity;Latin America Equity;RV Latinoamérica;USD;Luxemburgo;6;4;1.83;1.75;14.53;30.39;12.89;9.49;2013-01-14;True;False;0;2026-09-03
LU1213835942;Fidelity Latin America A-Acc-EUR;Fidelity Funds - Latin America Fund A-Acc-EUR;FIL Investment Management (Luxembourg) S.à r.l.;Equity;Latin America Equity;RV Latinoamérica;EUR;Luxemburgo;6;3;;1.5;13.77;31.1;10.66;5.99;2015-04-16;True;False;;2026-09-03
LU0050427557;Fidelity Latin America A-Dis-USD;Fidelity Funds - Latin America Fund A-DIST-USD;FIL Investment Management (Luxembourg) S.à r.l.;Equity;Latin America Equity;RV Latinoamérica;USD;Luxemburgo;6;3;;1.5;12.39;30.32;13.37;5.52;1994-05-09;True;False;2500;2026-09-03
LU0831102792;JPM Latin America Equity A acc EUR;JPMorgan Funds - Latin America Equity Fund A (acc) EUR;JPMorgan Asset Management (Europe) S.à r.l.;Equity;Latin America Equity;RV Latinoamérica;EUR;Luxemburgo;6;4;1.8;1.5;14.47;28.3;11.03;9.64;2012-10-04;True;False;35000;2026-09-03
LU0210535034;JPM Latin America Equity A acc USD;JPMorgan Funds - Latin America Equity Fund A (acc) USD;JPMorgan Asset Management (Europe) S.à r.l.;Equity;Latin America Equity;RV Latinoamérica;USD;Luxemburgo;6;4;1.8;1.5;13.26;27.69;13.6;9.16;2005-03-31;True;False;35000;2026-09-03
LU0053687314;JPM Latin America Equity A dist USD;JPMorgan Funds - Latin America Equity Fund A (dist) USD;JPMorgan Asset Management (Europe) S.à r.l.;Equity;Latin America Equity;RV Latinoamérica;USD;Luxemburgo;6;4;1.8;1.5;13.25;27.67;13.6;9.16;1992-05-13;True;False;35000;2026-09-03
LU0522352862;JPM Latin America Equity D acc EUR;JPMorgan Funds - Latin America Equity Fund D (acc) EUR;JPMorgan Asset Management (Europe) S.à r.l.;Equity;Latin America Equity;RV Latinoamérica;EUR;Luxemburgo;6;3;2.8;1.5;13.72;27.04;9.93;8.55;2010-07-13;True;False;5000;2026-09-03
LU0117896174;JPM Latin America Equity D acc USD;JPMorgan Funds - Latin America Equity Fund D (acc) USD;JPMorgan Asset Management (Europe) S.à r.l.;Equity;Latin America Equity;RV Latinoamérica;USD;Luxemburgo;6;3;2.8;1.5;12.51;26.42;12.47;8.07;2000-10-13;True;False;5000;2026-09-03
LU0248181363;Schroder ISF Latin American A Acc EUR;Schroder International Selection Fund Latin American A Accumulation EUR;Schroder Investment Management (Europe) S.A.;Equity;Latin America Equity;RV Latinoamérica;EUR;Luxemburgo;6;4;1.86;1.5;13.56;28.95;7.98;8.1;2006-03-22;True;False;1000;2026-09-03
LU0106259046;Schroder ISF Latin American A Acc USD;Schroder International Selection Fund Latin American A Accumulation USD;Schroder Investment Management (Europe) S.A.;Equity;Latin America Equity;RV Latinoamérica;USD;Luxemburgo;6;4;;1.5;12;28.51;10.32;7.61;2000-01-17;True;False;1000;2026-09-03
LU0592650328;Templeton Latin America A(acc)EUR;Templeton Latin America Fund A(acc)EUR;Franklin Templeton International Services S.à r.l.;Equity;Latin America Equity;RV Latinoamérica;EUR;Luxemburgo;7;3;2.25;1.9;17.05;32.39;9.73;8.84;2011-03-18;True;False;;2026-09-03
LU0128526570;Templeton Latin America A(acc)USD;Templeton Latin America Fund A(acc)USD;Franklin Templeton International Services S.à r.l.;Equity;Latin America Equity;RV Latinoamérica;USD;Luxemburgo;6;3;2.25;1.9;15.52;31.14;12.48;8.42;2001-05-14;True;False;1000;2026-09-03
LU0572586591;Alken Absolute Return Europe A;Alken Fund - Absolute Return Europe Class A;AFFM SA;Equity;Long/Short Equity;RV Long/Short Europa;EUR;Luxemburgo;6;4;;2.1;-2.61;-0.6;11.91;8.99;2012-06-28;True;False;0;2026-09-03
LU0572586674;Alken Absolute Return Europe I;Alken Fund - Absolute Return Europe Class I;AFFM SA;Equity;Long/Short Equity;RV Long/Short Europa;EUR;Luxemburgo;6;5;;1.5;-2.21;-0.05;12.47;9.53;2011-01-28;True;False;0;2026-09-03
FR0010174144;BDL Rempart C;BDL Rempart C;BDL Capital Management;Equity;Long/Short Equity;RV Long/Short Europa;EUR;Francia;6;4;;2.25;5.76;6.67;8.59;8.54;2005-09-07;True;False;10;2026-09-03
FR0010149179;Carmignac Absolute Ret Eur A EUR Acc;Carmignac Absolute Return Europe A EUR Acc;Carmignac Gestion;Equity;Long/Short Equity;RV Long/Short Europa;EUR;Francia;4;2;2.2;2;-1.16;1.14;1.3;-0.65;1997-02-03;True;False;0;2026-09-03
LU1317704051;Carmignac Pf L-S Eurp Eqs A EUR Acc;Carmignac Portfolio Long-Short European Equities A EUR Acc;Carmignac Gestion Luxembourg S.A.;Equity;Long/Short Equity;RV Long/Short Europa;EUR;Luxemburgo;4;4;1.8;1.5;4.49;9.14;10.6;4.73;2015-11-19;True;False;0;2026-09-03
LU1331971769;Eleva Abs Ret Eurp A1 EUR acc;Eleva Absolute Return Europe A1 (EUR) acc;Eleva Capital S.A.S.;Equity;Long/Short Equity;RV Long/Short Europa;EUR;Luxemburgo;4;3;3.32;2;1.33;4.7;5.16;3.73;2016-01-29;True;False;0;2026-09-03
LU0264597450;Janus Henderson Hrzn PanEurpAbsRetA1 EUR;Janus Henderson Horizon Pan European Absolute Return Fund A1 EUR;Janus Henderson Investors;Equity;Long/Short Equity;RV Long/Short Europa;EUR;Luxemburgo;4;3;2.69;1.2;-2.51;1.45;6.44;2.42;2006-12-01;True;False;2500;2026-09-03
LU0264597617;Janus Henderson Hrzn PanEurpAbsRetA2 EUR;Janus Henderson Horizon Pan European Absolute Return Fund A2 EUR;Janus Henderson Investors;Equity;Long/Short Equity;RV Long/Short Europa;EUR;Luxemburgo;4;3;2.79;1.2;-2.49;1.47;6.42;2.35;2006-12-01;True;False;2500;2026-09-03
IE00BLG2W007;Liontrust GF EurpStratEq A4 Acc €;Liontrust GF European Strategic Equity Fund A4 Acc EUR;Liontrust Investment Partners LLP;Equity;Long/Short Equity;RV Long/Short Europa;EUR;Irlanda;6;5;1.71;1.5;5.4;10.89;9.85;12.47;2014-04-25;True;False;1000;2026-09-03
LU1433232854;Pictet TR - Atlas P EUR;Pictet TR - Atlas P EUR;Pictet Asset Management (Europe) SA;Equity;Long/Short Equity;RV Long/Short Global;EUR;Luxemburgo;3;3;2.22;2.3;2.19;5.22;6.34;3.28;2016-11-15;True;False;0;2026-09-03
LU2206556016;Pictet TR Atlas Titan P EUR;Pictet TR Atlas Titan P EUR;Pictet Asset Management (Europe) SA;Equity;Long/Short Equity;RV Long/Short Global;EUR;Luxemburgo;2;4;3.48;2.3;3.85;9.99;11.2;6;2020-10-01;True;False;0;2026-09-03
LU0506197614;Janus Henderson Hrzn PanEurpAbsRetA2HUSD;Janus Henderson Horizon Pan European Absolute Return Fund A2 HUSD;Janus Henderson Investors;Equity;Long/Short Equity;RV Long/Short Otros;USD;Luxemburgo;4;;2.66;1.2;-1.53;3.2;8.21;4.31;2012-04-04;True;False;2500;2026-09-03
LU0490786174;Janus HndrsnAbsolute Return A2 HEUR;Janus Henderson Absolute Return Fund A2 HEUR;Janus Henderson Investors;Equity;Long/Short Equity;RV Long/Short Otros;EUR;Luxemburgo;4;;1.65;1.5;1.18;2.38;4.78;2.74;2010-06-01;True;False;2500;2026-09-03
LU0953998514;Janus HndrsnAbsolute Return A2 HUSD;Janus Henderson Absolute Return Fund A2 HUSD;Janus Henderson Investors;Equity;Long/Short Equity;RV Long/Short Otros;USD;Luxemburgo;4;;1.65;1.5;2.28;4.2;6.43;4.5;2013-10-31;True;False;2500;2026-09-03
LU0496443887;Pictet TR - Mandarin HP EUR;Pictet TR - Mandarin HP EUR;Pictet Asset Management (Europe) SA;Equity;Long/Short Equity;RV Long/Short Otros;EUR;Luxemburgo;5;;2.02;2.3;7.95;9.34;9.98;1.96;2018-11-23;True;False;0;2026-09-03
LU0496443531;Pictet TR - Mandarin P USD;Pictet TR - Mandarin P USD;Pictet Asset Management (Europe) SA;Equity;Long/Short Equity;RV Long/Short Otros;USD;Luxemburgo;5;;1.97;2.3;8.89;11.13;12.01;3.96;2010-10-01;True;False;0;2026-09-03
LU1725200650;Schroder GAIA Contour Tech Eq A Acc EURH;Schroder GAIA Contour Tech Equity A Accumulation EUR Hedged;Schroder Investment Management (Europe) S.A.;Equity;Long/Short Equity;RV Long/Short Otros;EUR;Luxemburgo;6;;2.47;2;1.94;10.62;21.08;11.04;2017-12-20;True;False;;2026-09-03
LU0694232645;Sissener Canopus EUR R;Sissener SICAV - Sissener Canopus EUR R;Sissener AS;Equity;Long/Short Equity;RV Long/Short Otros;EUR;Luxemburgo;4;;;1.75;8.51;11.6;13.37;;2022-09-22;True;False;10;2026-09-03
LU0081952003;Nordea 1 - Norwegian Equity BP NOK;Nordea 1 - Norwegian Equity Fund BP NOK;Nordea Investment Funds SA;Equity;Europe Equity Mid/Small Cap;RV Noruega;NOK;Luxemburgo;5;2;1.8;1.5;15.16;23.72;16.11;9.67;1997-11-21;True;False;;2026-09-03
LU0922334643;Fidelity Nordic A-Acc-EUR;Fidelity Funds - Nordic Fund A-Acc-EUR;FIL Investment Management (Luxembourg) S.à r.l.;Equity;Europe Equity Mid/Small Cap;RV Nórdica Cap. Med/Peq;EUR;Luxemburgo;6;5;;1.5;18.46;32.65;22.43;12.56;2013-05-07;True;False;2500;2026-09-03
LU0261949381;Fidelity Nordic A-Acc-SEK;Fidelity Funds - Nordic Fund A-Acc-SEK;FIL Investment Management (Luxembourg) S.à r.l.;Equity;Europe Equity Mid/Small Cap;RV Nórdica Cap. Med/Peq;SEK;Luxemburgo;5;5;;1.5;22.04;34.29;19.75;14.65;2006-09-25;True;False;;2026-09-03
LU0048588080;Fidelity Nordic A-Dis-SEK;Fidelity Funds - Nordic Fund A-DIST-SEK;FIL Investment Management (Luxembourg) S.à r.l.;Equity;Europe Equity Mid/Small Cap;RV Nórdica Cap. Med/Peq;SEK;Luxemburgo;5;5;;1.5;22.05;34.31;19.76;14.66;1990-10-01;True;False;;2026-09-03
LU0511403387;AB American Growth A EUR H;AB SICAV I- American Growth Portfolio A EUR H Acc;AllianceBernstein (Luxembourg) S.à r.l.;Equity;US Equity Large Cap Growth;RV Otros;EUR;Luxemburgo;6;;;1.5;0.48;2.35;12.9;4.34;2010-06-30;True;False;2000;2026-09-03
LU1834054899;AB Intl Health Care A EUR H;AB SICAV I - International Health Care Portfolio Class A EUR H Acc;AllianceBernstein (Luxembourg) S.à r.l.;Equity;Healthcare Sector Equity;RV Otros;EUR;Luxemburgo;6;;1.95;1.8;6.17;17.64;3.91;0.75;2018-09-06;True;False;2000;2026-09-03
LU0861579778;AB Low Volatility Eq A EUR H;AB SICAV I - Low Volatility Equity Portfolio A EUR H Acc;AllianceBernstein (Luxembourg) S.à r.l.;Equity;Global Equity Large Cap;RV Otros;EUR;Luxemburgo;5;;1.67;1.5;4.54;6.67;10.89;5.39;2012-12-11;True;False;2000;2026-09-03
LU0683600646;AB Select US Equity A EUR H;AB SICAV I - Select US Equity Portfolio A EUR H Acc;AllianceBernstein (Luxembourg) S.à r.l.;Equity;US Equity Large Cap Blend;RV Otros;EUR;Luxemburgo;6;;1.97;1.8;8.85;13.17;17.11;8.83;2011-10-28;True;False;2000;2026-09-03
IE00BRGCKS69;AXA IM US Enhanced Index Eq QI B Acc H;AXA IM Equity Trust - AXA IM US Enhanced Index Equity QI B Acc Hedged;BNP PARIBAS ASSET MANAGEMENT Europe;Equity;US Equity Large Cap Blend;RV Otros;EUR;Irlanda;6;;0.95;0.8;8.95;14.44;15.84;8.09;2017-06-12;True;False;5000;2026-09-03
LU1644517127;AXAWF Robotech A Capitalisation EUR Hdg;AXA World Funds - Robotech A Capitalisation EUR (Hedged);BNP PARIBAS ASSET MANAGEMENT Europe;Equity;Technology Sector Equity;RV Otros;EUR;Luxemburgo;7;;1.77;1.5;10.09;14.13;11.23;0.44;2017-07-13;True;False;0;2026-09-03
IE00BWY56W81;Algebris Financial Equity R USD Acc;Algebris UCITS Funds plc - Algebris Financial Equity Fund R USD Acc;Algebris (UK) Limited;Equity;Financials Sector Equity;RV Otros;USD;Irlanda;6;;1.91;1.8;13.37;23;31.46;25.21;2020-12-30;True;False;10000;2026-09-03
LU1339879162;Alger American Asset Growth A EUH;Alger SICAV - Alger American Asset Growth Fund Class A EUH;Alger Management Ltd;Equity;US Equity Large Cap Growth;RV Otros;EUR;Luxemburgo;6;;2.11;1.75;9.85;18.86;29.75;10.58;2016-02-26;True;False;100;2026-09-03
LU1339879832;Alger Small Cap Focus A EUH;Alger SICAV - Alger Small Cap Focus Fund Class A EUH;Alger Management Ltd;Equity;US Equity Small Cap;RV Otros;EUR;Luxemburgo;7;;2.3;1.75;12.68;18.88;9.46;-8.91;2016-02-26;True;False;100;2026-09-03
LU1322973477;Allianz Best Styles Global Eq AT H EUR;Allianz Global Investors Fund - Allianz Best Styles Global Equity AT (H-EUR);Allianz Global Investors GmbH;Equity;Global Equity Large Cap;RV Otros;EUR;Luxemburgo;5;;1.3;1.3;9.28;16.92;18.12;10.65;2015-12-16;True;False;0;2026-09-03
LU2289578952;Allianz China A Opportunities AT H2-EUR;Allianz Global Investors Fund - Allianz China A Opportunities AT H2-EUR;Allianz Global Investors GmbH;Equity;Greater China Equity;RV Otros;EUR;Luxemburgo;6;;2.25;2.25;10.37;21.44;12.54;-4.62;2021-03-05;True;False;0;2026-09-03
LU0857590862;Allianz Europe Equity Growth AT H2 USD;Allianz Global Investors Fund - Allianz Europe Equity Growth AT H2-USD;Allianz Global Investors GmbH;Equity;Europe Equity Large Cap;RV Otros;USD;Luxemburgo;6;;1.8;1.8;3.39;5.61;3.39;-1.95;2012-12-06;True;False;0;2026-09-03
LU1548497772;Allianz Global Artfcl Intlgc AT H2EUR;Allianz Global Investors Fund - Allianz Global Artificial Intelligence AT (H2-EUR);Allianz Global Investors GmbH;Equity;Technology Sector Equity;RV Otros;EUR;Luxemburgo;7;;2.05;2.05;13.38;25.36;16.85;1.31;2017-03-31;True;False;0;2026-09-03
LU0962745302;Allianz Global Small Cap Equity AT H EUR;Allianz Global Investors Fund - Allianz Global Small Cap Equity AT (H-EUR);Allianz Global Investors GmbH;Equity;Global Equity Mid/Small Cap;RV Otros;EUR;Luxemburgo;6;;2.05;2.05;16.75;23.82;13.47;4.15;2013-09-13;True;False;0;2026-09-03
LU1880398125;Amundi Fds Global Equity A EURHC;Amundi Funds - Global Equity A EUR H (C);Amundi Luxembourg S.A.;Equity;Global Equity Large Cap;RV Otros;EUR;Luxemburgo;6;;3.35;1.65;14.7;25.83;20.44;12.54;2019-06-21;True;False;1;2026-09-03
LU1883854272;Amundi Fds US Eq Fundm Gr A EUR H C;Amundi Funds - US Equity Fundamental Growth A EUR H C;Amundi Luxembourg S.A.;Equity;US Equity Large Cap Growth;RV Otros;EUR;Luxemburgo;6;;1.78;1.5;4.02;6.7;11.6;5.91;2012-02-03;True;False;1;2026-09-03
LU3081005020;Amundi Fds US Pioneer A2 EUR H C;Amundi Funds - US Pioneer Fund A2 EUR Hgd (C);Amundi Luxembourg S.A.;Equity;US Equity Large Cap Blend;RV Otros;EUR;Luxemburgo;6;;1.77;1.4;6.15;;;;2025-06-26;True;False;;2026-09-03
LU1049757120;Amundi MSCINrthAmESGBrdTransition-AHE(C);Amundi MSCI North America ESG Broad Transition - AHE (C);Amundi Luxembourg S.A.;Equity;US Equity Large Cap Blend;RV Otros;EUR;Luxemburgo;6;;;0.15;9.56;15.42;16.39;8.04;2016-04-12;True;True;;2026-09-03
LU2778908793;Arcus Japan C Acc EUR H;Arcus Japan C Acc EUR Hedged;Arcus Investment Limited;Equity;Japan Equity;RV Otros;EUR;Luxemburgo;6;;1.67;1.5;17.58;32.17;;;2024-05-15;True;False;1000;2026-09-03
LU1893896479;ArtemisFds(Lux) US Extd Alpha A EUR AccH;Artemis Funds (Lux) - US Extended Alpha A accumulation hedged EUR;Artemis Investment Management LLP;Equity;US Equity Large Cap Blend;RV Otros;EUR;Luxemburgo;5;;;1.65;12.42;21.26;16.28;8.06;2018-11-06;True;False;25000;2026-09-03
LU1279613365;BGF Asian Dragon A2 EUR Hedged;BlackRock Global Funds - Asian Dragon Fund A2 EUR Hedged;BlackRock (Luxembourg) SA;Equity;Asia ex-Japan Equity;RV Otros;EUR;Luxemburgo;6;;1.83;1.5;18.33;31.08;15.54;2.74;2015-09-09;True;False;;2026-09-03
LU0359201455;BGF China A2 EUR Hedged;BlackRock Global Funds - China Fund A2 EUR Hedged;BlackRock (Luxembourg) SA;Equity;Greater China Equity;RV Otros;EUR;Luxemburgo;6;;1.83;1.5;-7.22;-7.04;6.05;-8.73;2008-06-24;True;False;5000;2026-09-03
LU1196525536;BGF Continental Eurp Flex A2 USD H;BlackRock Global Funds - Continental European Flexible Fund A2 USD Hedged;BlackRock (Luxembourg) SA;Equity;Europe Equity Large Cap;RV Otros;USD;Luxemburgo;6;;1.81;1.5;9.28;16.54;11.79;5.11;2015-03-04;True;False;5000;2026-09-03
LU2087590274;BGF Emerging Markets A2 EUR H;BlackRock Global Funds - Emerging Markets Fund A2 EUR Hedged;BlackRock (Luxembourg) SA;Equity;Global Emerging Markets Equity;RV Otros;EUR;Luxemburgo;6;;1.85;1.5;20.24;34.59;13.14;-0.61;2019-12-18;True;False;5000;2026-09-03
LU2719174067;BGF Emerging Markets Ex-China A2 H;BlackRock Global Funds - Emerging Markets Ex-China Fund A2 Hedged EUR Acc;BlackRock (Luxembourg) SA;Equity;Global Emerging Markets Equity;RV Otros;EUR;Luxemburgo;6;;1.85;1.5;35.17;56.41;;;2024-05-13;True;False;;2026-09-03
LU2719175205;BGF Emerging Markets Ex-China E2 H;BlackRock Global Funds - Emerging Markets Ex-China Fund E2 Hedged Acc;BlackRock (Luxembourg) SA;Equity;Global Emerging Markets Equity;RV Otros;EUR;Luxemburgo;5;;2.35;1.5;34.72;55.62;;;2024-05-13;True;False;;2026-09-03
LU0986743572;BGF Euro-Markets A2 GBP Hedged;BlackRock Global Funds - Euro-Markets Fund A2 GBP Hedged;BlackRock (Luxembourg) SA;Equity;Europe Equity Large Cap;RV Otros;GBP;Luxemburgo;6;;1.82;1.5;9.34;16.52;14.76;7.51;2013-11-13;True;False;;2026-09-03
LU0969580488;BGF Euro-Markets A2 USD Hedged;BlackRock Global Funds - Euro-Markets Fund A2 USD Hedged;BlackRock (Luxembourg) SA;Equity;Europe Equity Large Cap;RV Otros;USD;Luxemburgo;6;;1.82;1.5;9.67;17.01;15.38;8.54;2013-09-25;True;False;5000;2026-09-03
LU0526926950;BGF European A2 USD Hedged;BlackRock Global Funds - European Fund A2 USD Hedged;BlackRock (Luxembourg) SA;Equity;Europe Equity Large Cap;RV Otros;USD;Luxemburgo;6;;1.81;1.5;9.34;15.47;9.43;3.93;2010-10-07;True;False;5000;2026-09-03
LU0969580561;BGF European Special Situations A2 USD H;BlackRock Global Funds - European Special Situations Fund A2 USD Hedged;BlackRock (Luxembourg) SA;Equity;Europe Equity Large Cap;RV Otros;USD;Luxemburgo;6;;1.82;1.5;8.71;10.67;5.13;1.02;2013-09-25;True;False;5000;2026-09-03
LU0238690555;BGF Global Dynamic Eq A2 H;BlackRock Global Funds - Global Dynamic Equity Fund A2 EUR Hedged;BlackRock (Luxembourg) SA;Equity;Global Equity Large Cap;RV Otros;EUR;Luxemburgo;6;;1.82;1.5;7.54;17.58;13.73;4.44;2007-06-29;True;False;;2026-09-03
LU0255399742;BGF Japan Small & MidCap Opps A2 H;BlackRock Global Funds - Japan Small & MidCap Opportunities Fund A2 EUR Hedged;BlackRock (Luxembourg) SA;Equity;Japan Equity;RV Otros;EUR;Luxemburgo;5;;1.81;1.5;16.68;28.18;25.3;15.06;2006-05-29;True;False;5000;2026-09-03
LU1864666240;BGF Natural Resources A2 H;BGF Natural Resources Fund Class A2 EUR Hedged;BlackRock (Luxembourg) SA;Equity;Natural Resources Sector Equity;RV Otros;EUR;Luxemburgo;6;;1.81;1.5;23.25;35.77;12.36;11.15;2018-09-12;True;False;;2026-09-03
LU2310089771;BGF Next Generation Technology A2 CHF H;BlackRock Global Funds - Next Generation Technology Fund A2 CHF Hedged;BlackRock (Luxembourg) SA;Equity;Technology Sector Equity;RV Otros;CHF;Luxemburgo;6;;1.81;1.5;25.9;41.8;23.16;-0.29;2021-03-24;True;False;;2026-09-03
LU1861216510;BGF Next Generation Technology A2 EUR H;BlackRock Global Funds - Next Generation Technology Fund A2 EUR Hedged;BlackRock (Luxembourg) SA;Equity;Technology Sector Equity;RV Otros;EUR;Luxemburgo;6;;1.81;1.5;27.56;44.62;25.42;0.87;2018-09-04;True;False;;2026-09-03
LU1822773807;BGF Sustainable Energy A2 EUR H;BlackRock Global Funds - Sustainable Energy Fund A2 EUR Hedged;BlackRock (Luxembourg) SA;Equity;Energy Sector Equity;RV Otros;EUR;Luxemburgo;6;;1.96;1.65;8.46;23.07;8.95;1.28;2018-05-23;True;False;5000;2026-09-03
LU0200685153;BGF US Basic Value A2 EUR Hedged;BlackRock Global Funds - US Basic Value Fund A2 EUR Hedged;BlackRock (Luxembourg) SA;Equity;US Equity Large Cap Value;RV Otros;EUR;Luxemburgo;5;;1.81;1.5;13.75;21.18;14;7.29;2004-09-30;True;False;5000;2026-09-03
LU0200684693;BGF US Flexible Equity A2 EUR H;BlackRock Global Funds - US Flexible Equity Fund A2 EUR Hedged;BlackRock (Luxembourg) SA;Equity;US Equity Large Cap Blend;RV Otros;EUR;Luxemburgo;6;;1.81;1.5;12.49;25.62;18.82;10.15;2004-10-04;True;False;5000;2026-09-03
LU0408222163;BGF US Flexible Equity A4 H;BlackRock Global Funds - US Flexible Equity Fund A4 EUR Hedged;BlackRock (Luxembourg) SA;Equity;US Equity Large Cap Blend;RV Otros;EUR;Luxemburgo;6;;1.81;1.5;12.5;25.6;18.82;10.14;2009-02-02;True;False;5000;2026-09-03
LU0589470672;BGF World Energy A2 CHF Hedged;BlackRock Global Funds - World Energy Fund A2 CHF Hedged;BlackRock (Luxembourg) SA;Equity;Energy Sector Equity;RV Otros;CHF;Luxemburgo;6;;2.06;1.75;37.81;37.81;10.6;17.31;2011-03-25;True;False;;2026-09-03
LU0326422176;BGF World Energy A2 EUR Hedged;BlackRock Global Funds - World Energy Fund A2 EUR Hedged;BlackRock (Luxembourg) SA;Equity;Energy Sector Equity;RV Otros;EUR;Luxemburgo;6;;2.06;1.75;39.78;40.89;12.89;18.91;2007-11-30;True;False;5000;2026-09-03
LU0521028471;BGF World Gold A2 CHF Hedged;BlackRock Global Funds - World Gold Fund A2 CHF Hedged;BlackRock (Luxembourg) SA;Equity;Precious Metals Sector Equity;RV Otros;CHF;Luxemburgo;7;;2.05;1.75;7.82;50.45;43.63;18.59;2010-07-19;True;False;;2026-09-03
LU0326422689;BGF World Gold A2 EUR Hedged;BlackRock Global Funds - World Gold Fund A2 EUR Hedged;BlackRock (Luxembourg) SA;Equity;Precious Metals Sector Equity;RV Otros;EUR;Luxemburgo;7;;2.05;1.75;9.3;53.57;46.49;20.14;2007-10-31;True;False;5000;2026-09-03
LU1822774284;BGF World Healthscience A2 EUR H;BlackRock Global Funds - World Healthscience Fund A2 EUR Hedged;BlackRock (Luxembourg) SA;Equity;Healthcare Sector Equity;RV Otros;EUR;Luxemburgo;5;;1.78;1.5;6.39;17.45;5.58;1.64;2018-06-06;True;False;;2026-09-03
LU0326424115;BGF World Mining A2 EUR Hedged;BlackRock Global Funds - World Mining Fund A2 EUR Hedged;BlackRock (Luxembourg) SA;Equity;Natural Resources Sector Equity;RV Otros;EUR;Luxemburgo;7;;2.06;1.75;20.92;58.25;21.45;10.62;2007-11-23;True;False;5000;2026-09-03
LU1822773716;BGF World Technology A2 EUR H;BlackRock Global Funds - World Technology Fund A2 EUR Hedged;BlackRock (Luxembourg) SA;Equity;Technology Sector Equity;RV Otros;EUR;Luxemburgo;6;;1.78;1.5;24.46;33.8;26.83;7.43;2018-05-23;True;False;;2026-09-03
LU0887931292;BL-Equities Japan B EUR Hedged;BL-Equities Japan B EUR Hedged Acc;BLI - Banque de Luxembourg Investments SA;Equity;Japan Equity;RV Otros;EUR;Luxemburgo;6;;1.55;1.25;16.21;25.46;12.05;7.89;2013-03-01;True;False;0;2026-09-03
LU0194438338;BNP Paribas Japan Eq Cl H EUR Cap;BNP Paribas Funds Japan Equity Classic H EUR Capitalisation;BNP Paribas Asset Management Luxembourg;Equity;Japan Equity;RV Otros;EUR;Luxemburgo;6;;;1.5;28.93;44.88;28;21.85;2004-06-29;True;False;0;2026-09-03
LU0265293521;BNP Paribas Turkey Equity Classic R;BNP Paribas Funds Turkey EquityClassicR;BNP Paribas Asset Management Luxembourg;Equity;Equity Miscellaneous;RV Otros;EUR;Luxemburgo;7;;;1.75;5.34;0.82;2.12;16.72;2013-05-24;True;False;0;2026-09-03
LU0823433189;BNP Paribas Turkey Equity Classic USD R;BNP Paribas Funds Turkey EquityClassic USDR;BNP Paribas Asset Management Luxembourg;Equity;Equity Miscellaneous;RV Otros;USD;Luxemburgo;7;;;1.75;4.01;-0.16;4.56;16.22;2013-05-24;True;False;0;2026-09-03
LU0823433858;BNP Paribas Turkey Equity N R;BNP Paribas Funds Turkey EquityNR;BNP Paribas Asset Management Luxembourg;Equity;Equity Miscellaneous;RV Otros;EUR;Luxemburgo;7;;;1.75;4.81;0.06;1.36;15.85;2013-05-24;True;False;0;2026-09-03
LU0251806666;BNP Paribas US Small Cap Classic H EURC;BNP Paribas Funds US Small Cap Classic H EURC;BNP Paribas Asset Management Luxembourg;Equity;US Equity Small Cap;RV Otros;EUR;Luxemburgo;6;;;1.75;12.22;17.13;12.64;3.74;2013-05-17;True;False;0;2026-09-03
IE00BB7N4179;BNY Mellon Brazil Equity EUR H Acc H;BNY Mellon Brazil Equity Fund EUR H Acc Hedged;BNY Mellon Fund Management (Lux) S.A.;Equity;Latin America Equity;RV Otros;EUR;Irlanda;7;;;2;5.35;12.38;9.24;3.52;2013-06-27;True;False;5000;2026-09-03
IE00B89ZWR21;BNY Mellon Global Equity Inc EUR H Acc H;BNY Mellon Global Equity Income Fund EUR H Acc Hedged;BNY Mellon Fund Management (Lux) S.A.;Equity;Global Equity Large Cap;RV Otros;EUR;Irlanda;5;;;2;10.51;18.42;12.56;6.87;2013-04-09;True;False;5000;2026-09-03
IE00B9CMBW59;BNY Mellon Global Equity Inc EUR H Inc H;BNY Mellon Global Equity Income Fund EUR H Inc Hedged;BNY Mellon Fund Management (Lux) S.A.;Equity;Global Equity Large Cap;RV Otros;EUR;Irlanda;5;;;2;10.53;18.45;12.55;6.86;2013-04-09;True;False;5000;2026-09-03
LU0580275534;Bellevue Medtech & Services HB EUR;Bellevue Funds (Lux) - Bellevue Medtech & Services HB EUR;Bellevue Asset Management Ltd.;Equity;Healthcare Sector Equity;RV Otros;EUR;Luxemburgo;6;;2.16;1.6;-12.38;-12.8;-1.39;-5.02;2011-01-31;True;False;0;2026-09-03
IE00B2NN6563;Brown Advisory US Equity Growth € A Hdg;Brown Advisory US Equity Growth € A Hedged;Brown Adv (Ireland) Limited;Equity;US Equity Large Cap Growth;RV Otros;EUR;Irlanda;6;;;1.5;8.16;1.94;8.58;-0.58;2010-08-04;True;False;5000;2026-09-03
IE00BG0R2Z11;Brown Advisory US Sust Gr EUR A Acc Hdg;Brown Advisory US Sustainable Growth Fund EUR Class A Acc Shares Hedged;Brown Adv (Ireland) Limited;Equity;US Equity Large Cap Growth;RV Otros;EUR;Irlanda;6;;;1.5;6.61;4.41;10.03;2.29;2020-09-01;True;False;5000;2026-09-03
LU2389405080;CPR Invest Hydrogen A EUR Acc;CPR Invest Hydrogen A EUR Acc;CPR Asset Management;Equity;Equity Miscellaneous;RV Otros;EUR;Luxemburgo;6;;;1.6;14.03;28.54;12.6;;2021-11-30;True;False;1;2026-09-03
LU1878469607;CT (Lux) American Smaller Com AEH EUR;CT (Lux) - American Smaller Companies AEH (EUR Accumulation);Threadneedle Management Luxembourg S.A.;Equity;US Equity Small Cap;RV Otros;EUR;Luxemburgo;6;;1.8;1.5;5.58;8.04;6.01;1.11;2018-10-23;True;False;2500;2026-09-03
LU0198728585;CT (Lux) Global Focus AEH;CT (Lux) - Global Focus Class AEH (EUR Accumulation Hedged Shares);Threadneedle Management Luxembourg S.A.;Equity;Global Equity Large Cap;RV Otros;EUR;Luxemburgo;6;;1.7;1.5;13.59;18.08;16.74;5.43;1998-06-25;True;False;2500;2026-09-03
LU0444972557;CT (Lux) Global Tech AEH EUR;CT (Lux) - Global Technology Class AEH (EUR Accumulation Hedged Shares);Threadneedle Management Luxembourg S.A.;Equity;Technology Sector Equity;RV Otros;EUR;Luxemburgo;6;;1.95;1.65;44.79;68.3;35.77;18.57;2013-05-13;True;False;2500;2026-09-03
LU1120766206;Candriam Eqs L Biotech C EUR Hedged Cap;Candriam Equities L Biotechnology Class C EUR Hedged Cap;Candriam;Equity;Healthcare Sector Equity;RV Otros;EUR;Luxemburgo;6;;;1.6;21.07;53.54;20.55;8.78;2015-01-22;True;False;0;2026-09-03
LU1293437023;Candriam Eqs L Em Mkts C USD H Cap;Candriam Equities L Emerging Markets Class C USD H Cap;Candriam;Equity;Global Emerging Markets Equity;RV Otros;USD;Luxemburgo;6;;;1.6;27.46;44.93;23.49;7.3;2017-08-03;True;False;0;2026-09-03
LU1864481624;Candriam Equities L Oncology CH EUR Cap;Candriam Equities L Oncology Fund Class CH EUR Cap;Candriam;Equity;Healthcare Sector Equity;RV Otros;EUR;Luxemburgo;6;;;1.6;9.67;32.59;8.74;0.59;2019-03-12;True;False;0;2026-09-03
LU1378995317;Capital Group InvCoAmer LUX Bh-EUR;Capital Group Investment Company of America LUX Bh-EUR;Capital International Management Company Sàrl;Equity;US Equity Large Cap Blend;RV Otros;EUR;Luxemburgo;6;;1.45;1.3;7.2;10.57;17.11;9.12;2016-06-17;True;False;0;2026-09-03
LU2230629466;Capital Group NewEcon LUX Bh-EUR;Capital Group New Economy Fund LUX Bh-EUR;Capital International Management Company Sàrl;Equity;Global Equity Large Cap;RV Otros;EUR;Luxemburgo;6;;0.9;1.5;14.69;29.55;22.48;7.56;2020-09-21;True;False;0;2026-09-03
LU1746180204;Capital Group NewPers LUX Bdh-EUR;Capital Group New Perspective Fund LUX Bdh-EUR;Capital International Management Company Sàrl;Equity;Global Equity Large Cap;RV Otros;EUR;Luxemburgo;6;;1.59;1.5;5.42;10.47;13.4;4.63;2018-01-04;True;False;0;2026-09-03
LU1295552621;Capital Group NewPers LUX Bh-EUR;Capital Group New Perspective Fund LUX Bh-EUR;Capital International Management Company Sàrl;Equity;Global Equity Large Cap;RV Otros;EUR;Luxemburgo;6;;1.59;1.5;5.4;10.49;13.38;4.63;2015-10-30;True;False;0;2026-09-03
LU1295552894;Capital Group NewPers LUX Bh-GBP;Capital Group New Perspective Fund LUX Bh-GBP;Capital International Management Company Sàrl;Equity;Global Equity Large Cap;RV Otros;GBP;Luxemburgo;6;;1.59;1.5;6.08;12.01;14.87;5.87;2015-10-30;True;False;0;2026-09-03
LU0807689079;Carmignac Pf Grande Europe A USD Acc Hdg;Carmignac Portfolio Grande Europe A USD Acc Hdg;Carmignac Gestion Luxembourg S.A.;Equity;Europe Equity Large Cap;RV Otros;USD;Luxemburgo;6;;1.8;1.5;5.03;8.28;7.32;3.33;2012-07-19;True;False;0;2026-09-03
LU3145732932;DNB Technology Retail A (EUR) (Hedged);DNB Fund - Technology Retail A (EUR) (Hedged);DNB Asset Management AS;Equity;Technology Sector Equity;RV Otros;EUR;Luxemburgo;;;1.58;1.5;22.04;;;;2025-11-25;True;False;0;2026-09-03
LU0616865175;DWS Invest Global Infras CHF LCH;DWS Invest Global Infrastructure CHF LCH;DWS Investment S.A.;Equity;Infrastructure Sector Equity;RV Otros;CHF;Luxemburgo;5;;1.62;1.5;3.76;4.55;5.57;2.46;2013-11-29;True;False;0;2026-09-03
LU1560646298;DWS Invest Global Infras EUR LCH (P);DWS Invest Global Infrastructure EUR LCH (P);DWS Investment S.A.;Equity;Infrastructure Sector Equity;RV Otros;EUR;Luxemburgo;5;;1.62;1.5;3.32;4.85;8.35;2.65;2017-02-15;True;False;0;2026-09-03
LU0616863808;DWS Invest Top Dividend LCH (P);DWS Invest Top Dividend LCH (P);DWS Investment S.A.;Equity;Global Equity Large Cap;RV Otros;EUR;Luxemburgo;4;;1.62;1.5;13.89;22.82;13.85;8.42;2014-12-11;True;False;0;2026-09-03
LU0544572604;DWS Invest Top Dividend USD LCH(P);DWS Invest Top Dividend USD LCH(P);DWS Investment S.A.;Equity;Global Equity Large Cap;RV Otros;USD;Luxemburgo;4;;1.61;1.5;15.21;25.21;16;10.59;2012-05-30;True;False;0;2026-09-03
LU2589699524;FAST - Global Fund APFACC-EUR (EUR/USDH);Fidelity Active Strategy - FAST - Global Fund A-PF-ACC-EUR (EUR/USD hedged);FIL Investment Management (Luxembourg) S.à r.l.;Equity;Global Equity Mid/Small Cap;RV Otros;EUR;Luxemburgo;6;;1.93;1.5;13.17;12.16;;;2024-04-24;True;False;2500;2026-09-03
IE00BHR40R02;FTGF CB Infras Val A EURH Acc PH;FTGF ClearBridge Infrastructure Value Fund Class A Euro Accumulating (Hedged) (PH);Franklin Templeton International Services S.à r.l.;Equity;Infrastructure Sector Equity;RV Otros;EUR;Irlanda;6;;1.97;1.5;4.9;8.71;9.79;5.34;2019-12-03;True;False;1000;2026-09-03
IE00BYML7L80;FTGF CB US Lg Cp Gr A EURH Acc;FTGF ClearBridge US Large Cap Growth Fund Class A Euro Accumulating (Hedged);Franklin Templeton International Services S.à r.l.;Equity;US Equity Large Cap Growth;RV Otros;EUR;Irlanda;6;;1.72;1.25;1.58;1.88;11.97;3.97;2016-02-05;True;False;1000;2026-09-03
IE00B7RM3Q42;FTGF CB US Value A EUR H Acc;FTGF ClearBridge US Value Fund Class A Euro Accumulating (Hedged);Franklin Templeton International Services S.à r.l.;Equity;US Equity Large Cap Value;RV Otros;EUR;Irlanda;6;;1.83;1.35;13.02;16.26;12.4;;2021-12-09;True;False;1000;2026-09-03
IE000Z4DSSW2;FTGF ClearBridge Glb Gr Ldrs A EUR H Acc;FTGF ClearBridge Global Growth Leaders Fund Class A Euro Accumulating (Hedged);Franklin Templeton International Services S.à r.l.;Equity;Global Equity Large Cap;RV Otros;EUR;Irlanda;;;1.78;1.3;-0.5;;;;2025-10-31;True;False;1000;2026-09-03
IE00B8K62S50;FTGF Putnam US Research A EURH Acc;FTGF Putnam US Research Fund Class A Euro Accumulating (Hedged);Franklin Templeton International Services S.à r.l.;Equity;US Equity Large Cap Blend;RV Otros;EUR;Irlanda;6;;1.38;1.25;12.32;19.46;;;2025-04-28;True;False;1000;2026-09-03
IE00B7MC4336;FTGF RY US SmCp Opp A EURH Acc;FTGF Royce US Small Cap Opportunity Fund Class A Euro Accumulating (Hedged);Franklin Templeton International Services S.à r.l.;Equity;US Equity Small Cap;RV Otros;EUR;Irlanda;7;;1.97;1.5;19.92;24.14;13.09;5.47;2013-02-20;True;False;1000;2026-09-03
IE00BBL4VX78;Federated Hermes Asia exJpn Eq R EURAccH;Federated Hermes Asia ex-Japan Equity Fund Class R EUR Accumulating Hedged;Hermes Fund Managers Ireland Ltd;Equity;Asia ex-Japan Equity;RV Otros;EUR;Irlanda;6;;;1.5;15.26;23.93;18.96;7.1;2014-03-11;True;False;1000;2026-09-03
LU0945775517;Fidelity America A-Acc-EUR H;Fidelity Funds - America Fund A-Acc-EUR (hedged);FIL Investment Management (Luxembourg) S.à r.l.;Equity;US Equity Large Cap Value;RV Otros;EUR;Luxemburgo;5;;;1.5;5.22;11.13;8.06;4.84;2013-07-12;True;False;;2026-09-03
LU2348703278;Fidelity Asia Eq ESG A-Acc-EUR H;Fidelity Funds - Asia Equity ESG Fund A-Acc-EUR Hedged;FIL Investment Management (Luxembourg) S.à r.l.;Equity;Asia ex-Japan Equity;RV Otros;EUR;Luxemburgo;6;;;1.5;20.64;35.14;15.88;4.24;2021-06-09;True;False;;2026-09-03
LU0303816705;Fidelity Em Eurp Mdl Est&Afr A Acc EUR;Fidelity Funds - Emerging Europe, Middle East and Africa Fund A-Acc-EUR;FIL Investment Management (Luxembourg) S.à r.l.;Equity;Global Emerging Markets Equity;RV Otros;EUR;Luxemburgo;6;;;1.5;17.25;31.67;23.11;-0.21;2007-06-11;True;False;;2026-09-03
LU1097728288;Fidelity Emerging Markets A-Acc-EUR H;Fidelity Funds - Emerging Markets Fund A-Acc-EUR (hedged);FIL Investment Management (Luxembourg) S.à r.l.;Equity;Global Emerging Markets Equity;RV Otros;EUR;Luxemburgo;6;;;1.5;27.07;44.84;22.16;5;2014-08-28;True;False;;2026-09-03
LU0688698975;Fidelity FAST Emerging MarketsA-ACC-EURH;Fidelity Active Strategy - FAST - Emerging Markets Fund A-ACC-EUR (hedged);FIL Investment Management (Luxembourg) S.à r.l.;Equity;Global Emerging Markets Equity;RV Otros;EUR;Luxemburgo;6;;1.94;1.5;33.85;61.48;35.11;11.54;2011-10-31;True;False;;2026-09-03
LU0840141096;Fidelity Global Consumer Brds E-Acc-EURH;Fidelity Funds - Global Consumer Brands Fund E-Acc-EUR (hedged);FIL Investment Management (Luxembourg) S.à r.l.;Equity;Consumer Goods & Services Sector Equity;RV Otros;EUR;Luxemburgo;6;;;1.5;-1.63;2.87;5.77;-0.25;2012-11-07;True;False;;2026-09-03
LU0605515377;Fidelity Global Dividend A-Acc-EUR H;Fidelity Funds - Global Dividend Fund A-Acc-EUR (hedged);FIL Investment Management (Luxembourg) S.à r.l.;Equity;Global Equity Large Cap;RV Otros;EUR;Luxemburgo;5;;;1.5;8.55;13.96;14.02;8.05;2012-01-30;True;False;;2026-09-03
LU0840139785;Fidelity Global Dividend E-MInc(G)-EUR H;Fidelity Funds - Global Dividend Fund E-MINCOME(G)-EUR (hedged);FIL Investment Management (Luxembourg) S.à r.l.;Equity;Global Equity Large Cap;RV Otros;EUR;Luxemburgo;5;;;1.5;7.99;13.06;13.15;7.22;2012-11-07;True;False;;2026-09-03
LU2670341689;Fidelity Global Financial Svcs A-AccEURH;Fidelity Funds - Global Financial Services Fund A-Acc-EUR (hedged);FIL Investment Management (Luxembourg) S.à r.l.;Equity;Financials Sector Equity;RV Otros;EUR;Luxemburgo;6;;;1.5;8.9;13.07;18.79;;2023-08-23;True;False;2500;2026-09-03
LU1273508926;Fidelity Global Financial Svcs A-AccUSDH;Fidelity Funds - Global Financial Services Fund A-Acc-USD (hedged);FIL Investment Management (Luxembourg) S.à r.l.;Equity;Financials Sector Equity;RV Otros;USD;Luxemburgo;6;;;1.5;10.23;15.34;21.17;11.19;2015-08-20;True;False;2500;2026-09-03
LU1366332952;Fidelity Global Focus A-Acc-EUR H;Fidelity Funds - Global Focus Fund A-Acc-EUR (hedged);FIL Investment Management (Luxembourg) S.à r.l.;Equity;Global Equity Large Cap;RV Otros;EUR;Luxemburgo;6;;;1.5;-1.31;6.29;11.53;4.52;2016-05-12;True;False;;2026-09-03
LU2670341846;Fidelity Global Healthcare A-Acc-EUR H;Fidelity Funds - Global Healthcare Fund A-Acc-EUR (hedged);FIL Investment Management (Luxembourg) S.à r.l.;Equity;Healthcare Sector Equity;RV Otros;EUR;Luxemburgo;5;;;1.5;-2.05;5.05;-0.13;;2023-08-23;True;False;2500;2026-09-03
LU1841614867;Fidelity Global Technology A-Acc-EURH;Fidelity Funds - Global Technology Fund A-Acc-EUR (hedged);FIL Investment Management (Luxembourg) S.à r.l.;Equity;Technology Sector Equity;RV Otros;EUR;Luxemburgo;6;;;1.5;14.15;26.84;21.42;12.11;2018-07-11;True;False;2500;2026-09-03
LU1235294995;Fidelity Global Technology A-Acc-USD H;Fidelity Funds - Global Technology Fund A-Acc-USD (hedged);FIL Investment Management (Luxembourg) S.à r.l.;Equity;Technology Sector Equity;RV Otros;USD;Luxemburgo;6;;;1.5;15.6;29.34;23.7;14.61;2015-06-03;True;False;2500;2026-09-03
LU0997586945;Fidelity Japan Equity ESG A-Acc-USD H;Fidelity Funds - Japan Equity ESG Fund A-Acc-USD (hedged);FIL Investment Management (Luxembourg) S.à r.l.;Equity;Japan Equity;RV Otros;USD;Luxemburgo;6;;;1.5;18.53;31.87;19.9;14.12;2014-01-10;True;False;2500;2026-09-03
LU0997587083;Fidelity Japan Value A-Acc-USD H;Fidelity Funds - Japan Value Fund A-Acc-USD (hedged);FIL Investment Management (Luxembourg) S.à r.l.;Equity;Japan Equity;RV Otros;USD;Luxemburgo;6;;;1.5;23.04;43.45;28.95;24.67;2014-01-10;True;False;2500;2026-09-03
LU0611489658;Fidelity Japan Value A-Dis-EUR H;Fidelity Funds - Japan Value Fund A-DIST-EUR (hedged);FIL Investment Management (Luxembourg) S.à r.l.;Equity;Japan Equity;RV Otros;EUR;Luxemburgo;6;;;1.5;21.64;40.98;26.7;22.3;2011-03-28;True;False;;2026-09-03
LU0997586861;Fidelity Nordic A-Acc-USD H;Fidelity Funds - Nordic Fund A-Acc-USD (hedged);FIL Investment Management (Luxembourg) S.à r.l.;Equity;Europe Equity Mid/Small Cap;RV Otros;USD;Luxemburgo;5;;;1.5;18.33;32.81;22.84;15.97;2014-01-10;True;False;2500;2026-09-03
IE00BYX5N110;Fidelity S&P 500 Index EUR P Acc H;Fidelity S&P 500 Index Fund EUR P Acc (Hedged);FIL Investment Management (Luxembourg) S.A., Ireland Branch;Equity;US Equity Large Cap Blend;RV Otros;EUR;Irlanda;6;;0.15;0.15;10.39;16.35;17.72;9.46;2018-03-20;True;True;0;2026-09-03
LU0346393456;Fidelity US Equity Fund A-Acc-EUR H;Fidelity Funds - US Equity Fund A-Acc-EUR (hedged);FIL Investment Management (Luxembourg) S.à r.l.;Equity;US Equity Large Cap Blend;RV Otros;EUR;Luxemburgo;5;;;1.5;2.7;5.37;7.37;1.86;2008-03-10;True;False;;2026-09-03
LU1892830248;Fidelity Water & Waste A Acc EUR H;Fidelity Funds - Water & Waste Fund A Acc EUR (EUR/USD hedged);FIL Investment Management (Luxembourg) S.à r.l.;Equity;Equity Miscellaneous;RV Otros;EUR;Luxemburgo;6;;;1.5;0.16;-0.24;3.27;-3.67;2018-11-07;True;False;2500;2026-09-03
LU2595359303;Fidelity World A-Acc-EUR H;Fidelity Funds - World Fund A-Acc-EUR (EUR/USD Hgd);FIL Investment Management (Luxembourg) S.à r.l.;Equity;Global Equity Large Cap;RV Otros;EUR;Luxemburgo;6;;;1.5;9.87;18.16;15.99;;2023-03-08;True;False;2500;2026-09-03
LU1803069274;Franklin Biotechnology Discv A(acc)EURH1;Franklin Biotechnology Discovery Fund A(acc) EUR-H1;Franklin Templeton International Services S.à r.l.;Equity;Healthcare Sector Equity;RV Otros;EUR;Luxemburgo;6;;1.81;1.5;20.17;63.56;25.78;8.28;2018-04-06;True;False;;2026-09-03
LU0496368142;Franklin Gold and Prec Mtls A(acc)EUR-H1;Franklin Gold and Precious Metals Fund A(acc)EUR-H1;Franklin Templeton International Services S.à r.l.;Equity;Precious Metals Sector Equity;RV Otros;EUR;Luxemburgo;7;;1.8;1.5;8.54;61.62;53.69;21.01;2010-04-30;True;False;1000;2026-09-03
LU1212701376;Franklin India A(acc)EUR-H1;Franklin India Fund A(acc)EUR-H1;Franklin Templeton International Services S.à r.l.;Equity;India Equity;RV Otros;EUR;Luxemburgo;6;;1.83;1.5;-10.34;-10.07;1.63;0.32;2015-04-24;True;False;;2026-09-03
LU0294219513;Franklin Mutual Glbl DiscvA(acc)EUR-H2;Franklin Mutual Global Discovery Fund A(acc)EUR-H2;Franklin Templeton International Services S.à r.l.;Equity;Global Equity Large Cap;RV Otros;EUR;Luxemburgo;5;;1.83;1.5;7.09;12.87;10.54;7.27;2007-04-10;True;False;1000;2026-09-03
LU0626261860;Franklin Natural Resources A(Ydis)EUR-H1;Franklin Natural Resources Fund A(Ydis)EUR-H1;Franklin Templeton International Services S.à r.l.;Equity;Energy Sector Equity;RV Otros;EUR;Luxemburgo;7;;1.83;1.5;27.51;41.22;14.77;17.29;2011-05-27;True;False;;2026-09-03
LU1704830576;Franklin Technology A Acc EUR-H1;Franklin Technology Fund A (Acc) EUR-H1;Franklin Templeton International Services S.à r.l.;Equity;Technology Sector Equity;RV Otros;EUR;Luxemburgo;7;;1.81;1.5;19.12;24.54;23.21;6.02;2017-10-27;True;False;;2026-09-03
LU0316494391;Franklin US Opportunities A(acc)EUR-H1;Franklin U.S. Opportunities Fund A(acc)EUR-H1;Franklin Templeton International Services S.à r.l.;Equity;US Equity Large Cap Growth;RV Otros;EUR;Luxemburgo;6;;1.8;1.5;4.03;3.59;12.58;0.74;2007-09-03;True;False;;2026-09-03
LU0982201278;GAM Multistock Asia Focus Equity EUR Bh;GAM Multistock - Asia Focus Equity EUR Bh Hedged;GAM (Luxembourg) SA;Equity;Asia ex-Japan Equity;RV Otros;EUR;Luxemburgo;6;;;1.6;20.59;29.07;18.14;1.81;2021-04-12;True;False;0;2026-09-03
IE00B1W3X261;GAM Star China Equity C EUR Acc;GAM Star Fund plc - GAM Star China Equity Class C EUR Accumulation Hedged;GAM Fund Management Limited;Equity;Greater China Equity;RV Otros;EUR;Irlanda;7;;;1.1;-11.5;-15.57;4.02;-10.91;2010-09-22;True;False;10000;2026-09-03
IE00B1W3XQ00;GAM Star Japan Ldrs C EUR Acc;GAM Star Fund plc - GAM Star Japan Leaders Class C EUR Accumulation Hedged;GAM Fund Management Limited;Equity;Japan Equity;RV Otros;EUR;Irlanda;6;;;1.1;15.53;22.79;10.37;4.11;2016-04-22;True;False;10000;2026-09-03
LU0546912030;GS Gbl Social Impact EQ-PCapEUR(HGii);Goldman Sachs Global Social Impact Equity - P Cap EUR (hedged ii);Goldman Sachs Asset Management B.V.;Equity;Global Equity Large Cap;RV Otros;EUR;Luxemburgo;6;;;1.5;-3.14;-7.5;1.9;;2011-04-11;True;False;0;2026-09-03
LU1785488757;GS Global CORE Eq E Acc EUR H Snap;Goldman Sachs Global CORE Equity Portfolio E Acc EUR Hedged Snap;Goldman Sachs Asset Management B.V.;Equity;Global Equity Large Cap;RV Otros;EUR;Luxemburgo;5;;;1.25;8.98;18.27;17.47;8.18;2018-03-05;True;False;1500;2026-09-03
LU2038515610;GS Global CORE Eq OC Acc EURH Snap;Goldman Sachs Global CORE Equity Portfolio Other Currency Acc EUR-Hedged Snap;Goldman Sachs Asset Management B.V.;Equity;Global Equity Large Cap;RV Otros;EUR;Luxemburgo;5;;;1.25;9.31;18.87;18.07;8.72;2019-08-22;True;False;5000;2026-09-03
LU0612441583;GS Japan Equity Oth CcyAccEUR Hdg (Snap);Goldman Sachs Japan Equity Portfolio Other Currency Shares Acc EUR-Hedged (Snap);Goldman Sachs Asset Management B.V.;Equity;Japan Equity;RV Otros;EUR;Luxemburgo;6;;;1.5;15.96;28.63;20.58;15.51;2011-04-26;True;False;5000;2026-09-03
LU1217870911;GS Japan EquityPtnrsOthCcyAccEUR H(Snap);Goldman Sachs Japan Equity Partners Portfolio Other Currency Acc EUR-Hedged (Snap);Goldman Sachs Asset Management B.V.;Equity;Japan Equity;RV Otros;EUR;Luxemburgo;6;;;1.5;18.48;24.52;19;13.68;2015-05-27;True;False;5000;2026-09-03
LU0433926119;GS US Equity ESG E Acc EUR Hdg;Goldman Sachs US Equity ESG Portfolio E Acc EUR-Hedged;Goldman Sachs Asset Management B.V.;Equity;US Equity Large Cap Blend;RV Otros;EUR;Luxemburgo;6;;;1.5;6.05;10.09;11.15;4.05;2010-07-06;True;False;1500;2026-09-03
LU0213961682;HSBC GIF Turkey Equity AC;HSBC Global Investment Funds - Turkey Equity AC;HSBC Global Invesment Funds;Equity;Equity Miscellaneous;RV Otros;EUR;Luxemburgo;7;;;1.75;5.4;1.32;-0.82;19.99;2005-03-24;True;False;5000;2026-09-03
IE00BH3ZB298;Heptagon Driehaus US Sm Cp Eq AEH EURAcc;Heptagon Fund ICAV - Driehaus US Small Cap Equity Fund AEH EUR Acc;Heptagon Capital Limited;Equity;US Equity Small Cap;RV Otros;EUR;Irlanda;7;;1.66;1.5;9.75;22.58;14.31;1.82;2020-11-25;True;False;15000;2026-09-03
IE00BYZ09F04;Heptagon WCM Global Equity AEH EUR Acc;Heptagon Fund ICAV - WCM Global Equity Fund Class AEH EUR Acc;Heptagon Capital Limited;Equity;Global Equity Large Cap;RV Otros;EUR;Irlanda;6;;1.64;1.5;8.46;15.41;23.28;7.08;2021-01-20;True;False;15000;2026-09-03
IE00BYNG3695;Heptagon Yacktman US Equity AEH EUR Acc;Heptagon Fund ICAV - Yacktman US Equity Fund AEH EUR Acc;Heptagon Capital Limited;Equity;US Equity Large Cap Value;RV Otros;EUR;Irlanda;5;;;1.5;18.34;24.78;11.94;5.81;2020-12-08;True;False;15000;2026-09-03
LU3166377286;Incometric Nartex Equity R EUR Hdg Acc;Incometric Fund Nartex Equity Fund R EUR Hedged Accumulation;Dux Inversores SGIIC S.A.;Equity;Global Equity Large Cap;RV Otros;EUR;Luxemburgo;;;;1.65;-2.35;;;;2025-09-25;True;False;1000;2026-09-03
LU0482497442;Invesco Asia Consumer Demand A EURH Acc;Invesco Funds - Invesco Asia Consumer Demand Fund A (EUR Hedged) Accumulation EUR;Invesco Management S.A.;Equity;Consumer Goods & Services Sector Equity;RV Otros;EUR;Luxemburgo;6;;;1.5;14.84;18.27;13.11;-0.66;2010-03-31;True;False;1000;2026-09-03
LU1762219332;Invesco Asia Opportunities Eq A EURH Acc;Invesco Funds - Invesco Asia Opportunities Equity Fund A (EUR Hedged) Accumulation EUR;Invesco Management S.A.;Equity;Asia ex-Japan Equity;RV Otros;EUR;Luxemburgo;6;;;1.5;19.45;26.85;16.56;1.51;2018-03-08;True;False;1000;2026-09-03
LU2305832698;Invesco Asian Equity A EURH Acc;Invesco Funds - Invesco Asian Equity Fund A Accumulation EUR Hedged;Invesco Management S.A.;Equity;Asia ex-Japan Equity;RV Otros;EUR;Luxemburgo;6;;;1.5;17.65;29.98;16.81;6.31;2021-03-03;True;False;1000;2026-09-03
LU2790101831;Invesco Emerg Mkts ex-China Eq A EURHAcc;Invesco Funds - Invesco Emerging Markets ex-China Equity Fund A Accumulation EUR Hedged;Invesco Management S.A.;Equity;Global Emerging Markets Equity;RV Otros;EUR;Luxemburgo;5;;;1.4;37.89;58.1;;;2024-04-24;True;False;1000;2026-09-03
LU3073598800;Invesco Emerging Mkt Eq A EUR H Acc;Invesco Funds - Invesco Emerging Markets Equity Fund A (EUR Hedged) Accumulation EUR;Invesco Management S.A.;Equity;Global Emerging Markets Equity;RV Otros;EUR;Luxemburgo;6;;;1.4;20.27;34.99;;;2025-06-25;True;False;1000;2026-09-03
LU1590492135;Invesco Glbl Consmr Trnds A EURH Acc;Invesco Funds - Invesco Global Consumer Trends Fund A (EUR Hedged) Accumulation EUR;Invesco Management S.A.;Equity;Consumer Goods & Services Sector Equity;RV Otros;EUR;Luxemburgo;7;;;1.5;-7.71;-8.29;11.32;-5.23;2017-05-10;True;False;1000;2026-09-03
LU0794791870;Invesco Global Equity Income A EURH Acc;Invesco Funds - Invesco Global Equity Income Fund A (EUR Hedged) Accumulation EUR;Invesco Management S.A.;Equity;Global Equity Large Cap;RV Otros;EUR;Luxemburgo;6;;;1.4;10.62;12.77;14.99;8.88;2012-06-27;True;False;1000;2026-09-03
LU0482497798;Invesco Greater China Equity A EURH Acc;Invesco Funds - Invesco Greater China Equity Fund A (EUR Hedged) Accumulation EUR;Invesco Management S.A.;Equity;Greater China Equity;RV Otros;EUR;Luxemburgo;6;;;1.5;15.9;25.05;17.23;0.79;2010-03-30;True;False;1000;2026-09-03
LU0955866438;Invesco Japanese Eq Adv A EURH Acc;Invesco Funds - Invesco Japanese Equity Advantage Fund A (EUR Hedged) Accumulation EUR;Invesco Management S.A.;Equity;Japan Equity;RV Otros;EUR;Luxemburgo;6;;;1.4;22.76;34.09;18.43;13.7;2013-09-18;True;False;1000;2026-09-03
LU1075211869;Invesco Pan European Equity A USDH Acc;Invesco Funds - Invesco Pan European Equity Fund A (USD Hedged) Accumulation USD;Invesco Management S.A.;Equity;Europe Equity Large Cap;RV Otros;USD;Luxemburgo;5;;;1.5;17.57;30.72;15.11;12.41;2014-07-23;True;False;1500;2026-09-03
LU0159042083;JPM America Equity A acc EUR Hdg;JPMorgan Funds - America Equity Fund A (acc) EUR (hedged);JPMorgan Asset Management (Europe) S.à r.l.;Equity;US Equity Large Cap Blend;RV Otros;EUR;Luxemburgo;6;;;1.5;4.41;8.48;14.14;7.74;2007-03-15;True;False;35000;2026-09-03
LU0159059210;JPM America Equity D acc EUR Hdg;JPMorgan Funds - America Equity Fund D (acc) EUR (hedged);JPMorgan Asset Management (Europe) S.à r.l.;Equity;US Equity Large Cap Blend;RV Otros;EUR;Luxemburgo;6;;;1.5;3.91;7.67;13.27;6.92;2007-03-15;True;False;5000;2026-09-03
LU0159050771;JPM Emerging Mkts Eq A acc EUR Hdg;JPMorgan Funds - Emerging Markets Equity Fund A (acc) EUR (hedged);JPMorgan Asset Management (Europe) S.à r.l.;Equity;Global Emerging Markets Equity;RV Otros;EUR;Luxemburgo;6;;1.8;1.5;24.43;41.97;18.61;1.2;2011-08-10;True;False;35000;2026-09-03
LU0159050938;JPM Emerging Mkts Eq D acc EUR Hdg;JPMorgan Funds - Emerging Markets Equity Fund D (acc) EUR (hedged);JPMorgan Asset Management (Europe) S.à r.l.;Equity;Global Emerging Markets Equity;RV Otros;EUR;Luxemburgo;6;;2.55;1.5;23.81;40.91;17.72;0.44;2013-04-15;True;False;5000;2026-09-03
LU0979766432;JPM Euroland Equity A acc USD Hdg;JPMorgan Funds - Euroland Equity Fund A (acc) USD (hedged);JPMorgan Asset Management (Europe) S.à r.l.;Equity;Europe Equity Large Cap;RV Otros;USD;Luxemburgo;5;;1.8;1.5;11.86;24.59;19.25;12.58;2013-12-12;True;False;35000;2026-09-03
LU0994472909;JPM Europe Eq Pl A perf acc USD Hdg;JPMorgan Funds - Europe Equity Plus Fund A (perf) (acc) USD (hedged);JPMorgan Asset Management (Europe) S.à r.l.;Equity;Europe Equity Large Cap;RV Otros;USD;Luxemburgo;5;;1.73;1.5;13.03;26.29;23.35;15.67;2014-01-09;True;False;35000;2026-09-03
LU1046624125;JPM Europe Eq Pl D perf acc USD Hdg;JPMorgan Funds - Europe Equity Plus Fund D (perf) (acc) USD (hedged);JPMorgan Asset Management (Europe) S.à r.l.;Equity;Europe Equity Large Cap;RV Otros;USD;Luxemburgo;5;;2.8;1.5;12.26;25.26;22.37;14.62;2014-05-14;True;False;5000;2026-09-03
LU0329202419;JPM Global Dividend A acc EUR Hdg;JPMorgan Investment Funds - Global Dividend Fund A (acc) EUR (hedged);JPMorgan Asset Management (Europe) S.à r.l.;Equity;Global Equity Large Cap;RV Otros;EUR;Luxemburgo;5;;1.7;1.5;6.84;10.99;11.27;7.18;2007-11-28;True;False;35000;2026-09-03
LU0714180493;JPM Global Dividend A div EUR Hdg;JPMorgan Investment Funds - Global Dividend Fund A (div) EUR (hedged);JPMorgan Asset Management (Europe) S.à r.l.;Equity;Global Equity Large Cap;RV Otros;EUR;Luxemburgo;5;;1.72;1.5;6.83;10.97;11.23;7.14;2012-02-22;True;False;35000;2026-09-03
LU0329203656;JPM Global Dividend D acc EUR Hdg;JPMorgan Investment Funds - Global Dividend Fund D (acc) EUR (hedged);JPMorgan Asset Management (Europe) S.à r.l.;Equity;Global Equity Large Cap;RV Otros;EUR;Luxemburgo;5;;2.45;1.5;6.3;10.15;10.43;6.38;2007-11-28;True;False;5000;2026-09-03
LU0714180907;JPM Global Dividend D div EUR Hdg;JPMorgan Investment Funds - Global Dividend Fund D (div) EUR (hedged);JPMorgan Asset Management (Europe) S.à r.l.;Equity;Global Equity Large Cap;RV Otros;EUR;Luxemburgo;5;;2.45;1.5;6.3;10.16;10.44;6.39;2012-02-22;True;False;5000;2026-09-03
LU0289215948;JPM Global Focus A acc EUR Hdg;JPMorgan Funds - Global Focus Fund A (acc) EUR (hedged);JPMorgan Asset Management (Europe) S.à r.l.;Equity;Global Equity Large Cap;RV Otros;EUR;Luxemburgo;5;;1.28;1.5;5.51;9.1;13.11;7.71;2007-07-11;True;False;35000;2026-09-03
LU0289216169;JPM Global Focus D acc EUR Hdg;JPMorgan Funds - Global Focus Fund D (acc) EUR (hedged);JPMorgan Asset Management (Europe) S.à r.l.;Equity;Global Equity Large Cap;RV Otros;EUR;Luxemburgo;5;;0.99;1.5;4.79;7.96;11.95;6.61;2007-07-11;True;False;5000;2026-09-03
LU1832115528;JPM Global Healthcare A acc EUR Hdg;JPMorgan Funds - Global Healthcare Fund A (acc) EUR (hedged);JPMorgan Asset Management (Europe) S.à r.l.;Equity;Healthcare Sector Equity;RV Otros;EUR;Luxemburgo;5;;1.8;1.5;7.03;20.35;4.74;0.68;2018-10-09;True;False;35000;2026-09-03
LU0289476318;JPM Global Select Equity A acc EUR Hdg;JPMorgan Investment Funds - Global Select Equity Fund A (acc) EUR (hedged);JPMorgan Asset Management (Europe) S.à r.l.;Equity;Global Equity Large Cap;RV Otros;EUR;Luxemburgo;5;;1.68;1.5;5.45;9.05;12.2;;2022-03-28;True;False;35000;2026-09-03
LU0927678416;JPM Japan Equity A acc EUR Hdg;JPMorgan Funds - Japan Equity Fund A (acc) EUR (hedged);JPMorgan Asset Management (Europe) S.à r.l.;Equity;Japan Equity;RV Otros;EUR;Luxemburgo;6;;;1.5;12.8;22.06;24.04;11.9;2013-12-06;True;False;35000;2026-09-03
LU0927678507;JPM Japan Equity A acc USD Hdg;JPMorgan Funds - Japan Equity Fund A (acc) USD (hedged);JPMorgan Asset Management (Europe) S.à r.l.;Equity;Japan Equity;RV Otros;USD;Luxemburgo;6;;;1.5;14.31;24.56;26.68;14.45;2013-12-06;True;False;35000;2026-09-03
LU2659281708;JPM Mdl Est, Afr & Em Eurp Opps AdisEURH;JPMorgan Funds - Middle East, Africa & Emerging Europe Opportunities Fund A (dist) EUR (H);JPMorgan Asset Management (Europe) S.à r.l.;Equity;Africa Equity;RV Otros;EUR;Luxemburgo;5;;1.8;1.5;8.54;16.72;;;2023-12-14;True;False;;2026-09-03
LU2659281880;JPM Mdl Est, Afr & Em Eurp Opps DaccEURH;JPMorgan Funds - Middle East, Africa & Emerging Europe Opportunities Fund D (acc) EUR (H);JPMorgan Asset Management (Europe) S.à r.l.;Equity;Africa Equity;RV Otros;EUR;Luxemburgo;5;;2.8;1.5;7.8;15.55;;;2023-12-14;True;False;;2026-09-03
LU2053353079;JPM Thmtcs Gentc Thrps A acc EUR Hdg;JPMorgan Funds - Thematics - Genetic Therapies Fund A (acc) EUR (hedged);JPMorgan Asset Management (Europe) S.à r.l.;Equity;Healthcare Sector Equity;RV Otros;EUR;Luxemburgo;6;;0.99;0.72;21.89;46.01;9.41;-6.36;2019-10-24;True;False;35000;2026-09-03
LU2091933452;JPM Thmtcs Gentc Thrps D acc EUR Hdg;JPMorgan Funds - Thematics - Genetic Therapies Fund D (acc) EUR (hedged);JPMorgan Asset Management (Europe) S.à r.l.;Equity;Healthcare Sector Equity;RV Otros;EUR;Luxemburgo;6;;2;0.72;21.07;44.54;8.31;-7.3;2019-12-19;True;False;5000;2026-09-03
LU0284208625;JPM US Growth A acc EUR hedged;JPMorgan Funds - US Growth Fund A (acc) - EUR (hedged);JPMorgan Asset Management (Europe) S.à r.l.;Equity;US Equity Large Cap Growth;RV Otros;EUR;Luxemburgo;6;;1.7;1.5;-2.4;2.5;14.37;6;2007-03-15;True;False;35000;2026-09-03
LU0284208971;JPM US Growth D acc EUR hedged;JPMorgan Funds - US Growth Fund D (acc) - EUR (hedged);JPMorgan Asset Management (Europe) S.à r.l.;Equity;US Equity Large Cap Growth;RV Otros;EUR;Luxemburgo;6;;;1.5;-2.87;1.74;13.52;5.21;2007-03-15;True;False;5000;2026-09-03
LU0157182857;JPM US Select Equity A acc EUR Hdg;JPMorgan Investment Funds - US Select Equity Fund A (acc) EUR (hedged);JPMorgan Asset Management (Europe) S.à r.l.;Equity;US Equity Large Cap Blend;RV Otros;EUR;Luxemburgo;6;;1.67;1.5;2.75;7.26;12.85;6.24;2007-03-15;True;False;35000;2026-09-03
LU0157183665;JPM US Select Equity D acc EUR Hdg;JPMorgan Investment Funds - US Select Equity Fund D (acc) EUR (hedged);JPMorgan Asset Management (Europe) S.à r.l.;Equity;US Equity Large Cap Blend;RV Otros;EUR;Luxemburgo;6;;2.2;1.5;2.38;6.69;12.26;5.68;2007-03-15;True;False;5000;2026-09-03
LU0281482918;JPM US Select Equity Plus A acc EUR H;JPMorgan Funds - US Select Equity Plus Fund A (acc) - EUR (hedged);JPMorgan Asset Management (Europe) S.à r.l.;Equity;US Equity Large Cap Blend;RV Otros;EUR;Luxemburgo;6;;1.68;1.5;4.94;10.46;15.87;8.94;2007-07-05;True;False;35000;2026-09-03
LU0281485184;JPM US Select Equity Plus D acc EUR H;JPMorgan Funds - US Select Equity Plus Fund D (acc) - EUR (hedged);JPMorgan Asset Management (Europe) S.à r.l.;Equity;US Equity Large Cap Blend;RV Otros;EUR;Luxemburgo;6;;2.47;1.5;4.37;9.57;14.94;8.06;2007-07-05;True;False;5000;2026-09-03
LU1569815910;JPM US Smaller Companies A acc EUR Hdg;JPMorgan Funds - US Smaller Companies Fund A (acc) - EUR (hedged);JPMorgan Asset Management (Europe) S.à r.l.;Equity;US Equity Small Cap;RV Otros;EUR;Luxemburgo;6;;1.8;1.5;4.86;1.45;2.16;-2.37;2017-02-28;True;False;35000;2026-09-03
LU2560836129;JPM US Technology A acc EUR Hdg;JPMorgan Funds - US Technology Fund A (acc) - EUR (hedged);JPMorgan Asset Management (Europe) S.à r.l.;Equity;Technology Sector Equity;RV Otros;EUR;Luxemburgo;7;;1.72;1.5;5.11;12.15;18.29;;2023-01-09;True;False;35000;2026-09-03
LU0244270301;JPM US Value A acc EUR hedged;JPMorgan Funds - US Value Fund A (acc) - EUR (hedged);JPMorgan Asset Management (Europe) S.à r.l.;Equity;US Equity Large Cap Value;RV Otros;EUR;Luxemburgo;5;;1.7;1.5;13.19;18.86;12.29;6.54;2006-11-13;True;False;35000;2026-09-03
LU0244270723;JPM US Value D acc EUR hedged;JPMorgan Funds - US Value Fund D (acc) - EUR (hedged);JPMorgan Asset Management (Europe) S.à r.l.;Equity;US Equity Large Cap Value;RV Otros;EUR;Luxemburgo;5;;2.47;1.5;12.62;17.98;11.44;5.72;2006-11-13;True;False;5000;2026-09-03
IE0002122038;Janus Henderson Glb Life Scn A2 HEUR;Janus Henderson Capital Funds plc - Global Life Sciences Fund Class A2 HEUR;Janus Henderson Investors;Equity;Healthcare Sector Equity;RV Otros;EUR;Irlanda;6;;2.41;1.5;10.71;32.88;10.67;4.13;2000-03-31;True;False;2500;2026-09-03
IE0002167009;Janus Henderson Glb Tech&Inno A2 HEUR;Janus Henderson Capital Funds plc - Global Technology and Innovation Fund A2 HEUR;Janus Henderson Investors;Equity;Technology Sector Equity;RV Otros;EUR;Irlanda;7;;2.43;1.5;21.95;29.14;26.36;9.76;2000-03-31;True;False;2500;2026-09-03
LU1914905929;Janus Henderson Global Select A2 HEUR;Janus Henderson Global Select Fund A2 HEUR;Janus Henderson Investors;Equity;Global Equity Large Cap;RV Otros;EUR;Luxemburgo;6;;1.66;1.5;7.95;11.91;14.87;3.51;2019-03-08;True;False;2500;2026-09-03
LU2441282972;Janus Henderson Hrzn Biotec A2 HEUR;Janus Henderson Horizon Biotechnology Fund A2 HEUR;Janus Henderson Investors;Equity;Healthcare Sector Equity;RV Otros;EUR;Luxemburgo;6;;5.13;1.2;20.07;64.09;25.46;;2022-02-25;True;False;2500;2026-09-03
LU1983262087;Janus Henderson Hrzn Glb SC A2 HEUR;Janus Henderson Horizon Global Smaller Companies Fund A2 HEUR;Janus Henderson Investors;Equity;Global Equity Mid/Small Cap;RV Otros;EUR;Luxemburgo;;;1.88;1.2;7.7;12.79;;;2024-08-08;True;False;2500;2026-09-03
IE0009531827;Janus Henderson US Forty A2 HEUR;Janus Henderson Capital Funds plc - US Forty Fund Class A2 HEUR;Janus Henderson Investors;Equity;US Equity Large Cap Growth;RV Otros;EUR;Irlanda;6;;2.16;1.25;1.38;5.9;15.08;3.72;1999-12-31;True;False;2500;2026-09-03
LU1809978817;LO Funds World Brands SH USD PA;LO Funds - World Brands Fund Syst. NAV Hdg (USD) P A;Lombard Odier Funds (Europe) SA;Equity;Consumer Goods & Services Sector Equity;RV Otros;USD;Luxemburgo;6;;;1;0.34;-0.64;7.72;3.84;2018-06-25;True;False;3000;2026-09-03
IE00BZC0SB97;Lazard Glbl Lstd Infras Eq B Acc USD H;Lazard Global Listed Infrastructure Equity Fund B Acc USD Hedged;Lazard Fund Managers (Ireland) Ltd;Equity;Infrastructure Sector Equity;RV Otros;USD;Irlanda;5;;;1.75;2.96;9.46;13.13;9.12;2016-11-01;True;False;0;2026-09-03
LU1797806400;M&G (Lux) Japan A H EUR Acc;M&G (Lux) Japan Fund EUR A-H Acc;M&G Luxembourg S.A.;Equity;Japan Equity;RV Otros;EUR;Luxemburgo;6;;1.72;1.5;23.08;43.74;26.3;23.07;2018-11-06;True;False;1000;2026-09-03
LU1670627410;M&G (Lux) North Amer Div A H EUR Acc;M&G (Lux) North American Dividend Fund EUR A-H Acc;M&G Luxembourg S.A.;Equity;US Equity Large Cap Blend;RV Otros;EUR;Luxemburgo;6;;1.74;1.5;3.82;8.93;12.68;6.63;2018-11-09;True;False;1000;2026-09-03
LU2864447920;MFS Meridian Contrarian Capital AH1 EUR;MFS Meridian Funds - Contrarian Capital Fund AH1 EUR;MFS Investment Management Company (Lux) S.à.r.l;Equity;Global Equity Large Cap;RV Otros;EUR;Luxemburgo;5;;;1;15.93;20.69;;;2024-11-20;True;False;0;2026-09-03
LU0947761044;MFS Meridian European Value AH1 USD;MFS Meridian Funds - European Value Fund AH1 USD;MFS Investment Management Company (Lux) S.à.r.l;Equity;Europe Equity Large Cap;RV Otros;USD;Luxemburgo;5;;1.94;1.05;12.9;17.22;9.87;5.79;2013-08-19;True;False;0;2026-09-03
LU1625124802;MFS Meridian Global Equity AH1 EUR;MFS Meridian Funds - Global Equity Fund AH1 EUR;MFS Investment Management Company (Lux) S.à.r.l;Equity;Global Equity Large Cap;RV Otros;EUR;Luxemburgo;5;;1.94;1.05;3.53;5.86;6.45;0.22;2017-07-03;True;False;0;2026-09-03
LU0583241160;MFS Meridian US Value AH1 EUR;MFS Meridian Funds - U.S. Value Fund AH1 EUR;MFS Investment Management Company (Lux) S.à.r.l;Equity;US Equity Large Cap Value;RV Otros;EUR;Luxemburgo;5;;1.96;1.05;7.71;9.56;9.55;3.88;2011-02-01;True;False;0;2026-09-03
LU1378879248;MS INVF Asia Opportunity AH EUR;Morgan Stanley Investment Funds - Asia Opportunity Fund AH (EUR);MSIM Fund Management (Ireland) Limited;Equity;Asia ex-Japan Equity;RV Otros;EUR;Luxemburgo;6;;1.92;1.6;9.26;6.15;7.06;-4.15;2016-03-31;True;False;0;2026-09-03
LU0815264352;MS INVF Emerging Leaders Equity AH EUR;Morgan Stanley Investment Funds - Emerging Leaders Equity Fund AH (EUR);MSIM Fund Management (Ireland) Limited;Equity;Global Emerging Markets Equity;RV Otros;EUR;Luxemburgo;6;;2.21;1.9;5.37;9.15;5.69;-6.83;2012-08-17;True;False;0;2026-09-03
LU0335216932;MS INVF Global Brands AH EUR;Morgan Stanley Investment Funds - Global Brands Fund AH (EUR);MSIM Fund Management (Ireland) Limited;Equity;Global Equity Large Cap;RV Otros;EUR;Luxemburgo;5;;1.87;1.6;-6.47;-11.2;-0.56;-2.05;2008-01-14;True;False;0;2026-09-03
LU0552899998;MS INVF Global Brands AHX EUR;Morgan Stanley Investment Funds - Global Brands Fund AHX (EUR);MSIM Fund Management (Ireland) Limited;Equity;Global Equity Large Cap;RV Otros;EUR;Luxemburgo;5;;1.87;1.6;-6.46;-11.18;-0.57;-2.06;2010-10-25;True;False;0;2026-09-03
LU0868754382;MS INVF Global Insight AH (EUR);Morgan Stanley Investment Funds - Global Insight Fund AH (EUR);MSIM Fund Management (Ireland) Limited;Equity;Global Equity Large Cap;RV Otros;EUR;Luxemburgo;7;;1.86;1.6;-6.57;-8.66;19.02;-6.4;2019-03-27;True;False;0;2026-09-03
LU0552385618;MS INVF Global Opportunity AH EUR;Morgan Stanley Investment Funds - Global Opportunity Fund AH (EUR);MSIM Fund Management (Ireland) Limited;Equity;Global Equity Large Cap;RV Otros;EUR;Luxemburgo;6;;1.87;1.6;2.29;1.07;14.33;0.79;2010-11-30;True;False;0;2026-09-03
LU0955011506;MS INVF Global Quality AH EUR;Morgan Stanley Investment Funds - Global Quality Fund AH (EUR);MSIM Fund Management (Ireland) Limited;Equity;Global Equity Large Cap;RV Otros;EUR;Luxemburgo;5;;1.87;1.6;0.76;-2.15;3.15;-0.57;2013-08-01;True;False;0;2026-09-03
LU1905620776;MS INVF Global Quality Select AH EUR Acc;Morgan Stanley Investment Funds - Global Quality Select Fund AH EUR Acc;MSIM Fund Management (Ireland) Limited;Equity;Global Equity Large Cap;RV Otros;EUR;Luxemburgo;5;;1.77;1.5;0.51;-2.46;4.15;-0.02;2018-11-16;True;False;0;2026-09-03
LU0512092221;MS INVF QuantActive Global Infra AH EUR;Morgan Stanley Investment Funds - QuantActive Global Infrastructure Fund AH (EUR);MSIM Fund Management (Ireland) Limited;Equity;Infrastructure Sector Equity;RV Otros;EUR;Luxemburgo;5;;1.51;1.25;4.92;6.66;8.66;1.77;2010-06-14;True;False;0;2026-09-03
LU0266117927;MS INVF US Advantage AH EUR;Morgan Stanley Investment Funds - US Advantage Fund AH (EUR);MSIM Fund Management (Ireland) Limited;Equity;US Equity Large Cap Growth;RV Otros;EUR;Luxemburgo;7;;1.67;1.4;-7.07;-7.9;14.96;-6.6;2006-10-31;True;False;0;2026-09-03
LU0266117414;MS INVF US Growth AH EUR;Morgan Stanley Investment Funds - US Growth Fund AH (EUR);MSIM Fund Management (Ireland) Limited;Equity;US Equity Large Cap Growth;RV Otros;EUR;Luxemburgo;7;;;1.4;-7.95;-9.88;17.89;-7.27;2006-10-31;True;False;0;2026-09-03
IE00B5648R31;Man Jpn CoreAlpha Eq D H EUR;Man Funds plc - Man Japan CoreAlpha Equity D H EUR;Man Asset Management (Ireland) Limited;Equity;Japan Equity;RV Otros;EUR;Irlanda;6;;1.72;1.5;25.9;45.79;29.33;27.19;2010-03-02;True;False;1000;2026-09-03
IE00B56CKP98;Man Jpn CoreAlpha Eq D H USD;Man Funds plc - Man Japan CoreAlpha Equity D H USD;Man Asset Management (Ireland) Limited;Equity;Japan Equity;RV Otros;USD;Irlanda;6;;1.72;1.5;27.44;48.65;31.73;29.68;2010-02-02;True;False;1000;2026-09-03
LU1381420600;Mirae Asset ESG Asia Grt Cnsmr Eq A EURH;Mirae Asset Global Discovery Fund - ESG Asia Great Consumer Equity Fund A EUR Hedged Capitalization;Mirae Asset Global Investments (HK) Ltd;Equity;Asia ex-Japan Equity;RV Otros;EUR;Luxemburgo;6;;;2;19.15;21.32;8.98;-6.13;2016-09-21;True;False;0;2026-09-03
IE00BMPRXP56;Neuberger Next Gen Cnnctvity EUR AAcc;Neuberger Next Generation Connectivity Fund EUR A Accumulating Class;Neuberger Berman Asset Management Ireland Limited;Equity;Technology Sector Equity;RV Otros;EUR;Irlanda;6;;1.83;1.7;34.6;50.17;37.37;11.13;2020-05-13;True;False;1000;2026-09-03
LU1770034509;Ninety One GSF All China Eq A Acc EUR H;Ninety One Global Strategy Fund - All China Equity Fund A Acc EUR Hedged(Reference);Ninety One Luxembourg S.A.;Equity;Greater China Equity;RV Otros;EUR;Luxemburgo;6;;;1.5;0.89;5.43;14.17;-1.96;2018-02-22;True;False;3000;2026-09-03
LU1578889864;Ninety One GSF Glb Gold A Acc EUR H;Ninety One Global Strategy Fund - Global Gold Fund A Acc EUR Hedged(Reference);Ninety One Luxembourg S.A.;Equity;Precious Metals Sector Equity;RV Otros;EUR;Luxemburgo;7;;;1.5;7.75;61.69;48.41;22.54;2017-03-24;True;False;3000;2026-09-03
IE00B4NF1620;Nomura Fds Japan Strategic Value A EUR H;Nomura Funds Ireland plc - Japan Strategic Value Fund Class A EUR Hedged;Nomura Asset Management U.K. Limited;Equity;Japan Equity;RV Otros;EUR;Irlanda;6;;1.57;1.4;11.34;25.93;24.64;21.51;2013-05-15;True;False;5000;2026-09-03
LU0278529986;Nordea 1 - Global Stable Eq EUR H BP EUR;Nordea 1 - Global Stable Equity EUR Hedged BP EUR;Nordea Investment Funds SA;Equity;Global Equity Large Cap;RV Otros;EUR;Luxemburgo;4;;1.8;1.5;7.23;9.41;7.1;4.15;2007-03-05;True;False;0;2026-09-03
IE00BKRC1166;PIMCO GIS StocksPLUS E EUR H Acc;PIMCO GIS plc - StocksPLUS™ Fund E EUR (Hedged) Accumulation;PIMCO Global Advisors (Ireland) Limited;Equity;US Equity Large Cap Blend;RV Otros;EUR;Irlanda;6;;;2.5;10.08;15.98;17.12;7.96;2017-08-02;True;False;5000;2026-09-03
LU1279334996;Pictet - Robotics HP EUR;Pictet - Robotics HP EUR;Pictet Asset Management (Europe) SA;Equity;Technology Sector Equity;RV Otros;EUR;Luxemburgo;7;;2.02;2.4;24.17;41.74;24.99;10.02;2015-10-07;True;False;0;2026-09-03
LU0190161025;Pictet-Biotech HP EUR;Pictet-Biotech HP EUR;Pictet Asset Management (Europe) SA;Equity;Healthcare Sector Equity;RV Otros;EUR;Luxemburgo;7;;2.04;2.4;18.6;55.27;23.17;6.53;2004-06-30;True;False;0;2026-09-03
LU0650147779;Pictet-Clean Energy Transition HP EUR;Pictet-Clean Energy Transition HP EUR;Pictet Asset Management (Europe) SA;Equity;Energy Sector Equity;RV Otros;EUR;Luxemburgo;6;;2.03;2.4;17.87;31.42;15.35;5.38;2017-12-22;True;False;0;2026-09-03
LU0474967303;Pictet-Digital HP EUR;Pictet-Digital HP EUR;Pictet Asset Management (Europe) SA;Equity;Technology Sector Equity;RV Otros;EUR;Luxemburgo;6;;2.03;2.4;11.85;15.9;21.06;4.98;2015-12-14;True;False;0;2026-09-03
LU0474970190;Pictet-Global Megatrend Sel HP EUR;Pictet-Global Megatrend Selection HP EUR;Pictet Asset Management (Europe) SA;Equity;Global Equity Large Cap;RV Otros;EUR;Luxemburgo;6;;2.04;2.4;6.32;10.18;8.59;-0.54;2011-06-09;True;False;0;2026-09-03
LU0650148314;Pictet-Japanese Equity Opps HP EUR;Pictet-Japanese Equity Opportunities HP EUR;Pictet Asset Management (Europe) SA;Equity;Japan Equity;RV Otros;EUR;Luxemburgo;6;;1.61;1.8;18.71;32.93;21.82;16.16;2013-04-11;True;False;0;2026-09-03
LU0248320664;Pictet-Longevity HP EUR;Pictet-Longevity HP EUR;Pictet Asset Management (Europe) SA;Equity;Healthcare Sector Equity;RV Otros;EUR;Luxemburgo;6;;2.05;2.4;-9.17;-8.36;-2.96;-6.62;2006-03-22;True;False;0;2026-09-03
LU0650148827;Pictet-Security HP EUR;Pictet-Security HP EUR;Pictet Asset Management (Europe) SA;Equity;Global Equity Large Cap;RV Otros;EUR;Luxemburgo;6;;2.03;2.4;20.32;17.74;13.06;0.29;2016-10-27;True;False;0;2026-09-03
LU0592905250;Pictet-USA Index HP EUR;Pictet-USA Index HP EUR;Pictet Asset Management (Europe) SA;Equity;US Equity Large Cap Blend;RV Otros;EUR;Luxemburgo;6;;0.48;0.45;10.26;16.01;17.27;9.07;2019-06-04;True;True;0;2026-09-03
IE00BZ4D7648;Polar Capital Global Tech R EUR Hdg Acc;Polar Capital Funds PLC - Polar Capital Global Technology Fund R EUR Hedged Accumulation;Polar Capital LLP;Equity;Technology Sector Equity;RV Otros;EUR;Irlanda;7;;;1.5;46.17;75.42;45.18;19;2017-05-17;True;False;0;2026-09-03
IE00BTN23623;Polar Capital Global Tech R EUR Hdg Inc;Polar Capital Funds PLC - Polar Capital Global Technology Fund R EUR Hedged Income;Polar Capital LLP;Equity;Technology Sector Equity;RV Otros;EUR;Irlanda;7;;;1.5;46.2;75.5;45.16;18.96;2015-01-19;True;False;0;2026-09-03
IE00B7G7VV19;Polar Capital Japan Value R Euro Hedged;Polar Capital Funds PLC - Polar Capital Japan Value Fund Class R Euro Hedged;Polar Capital LLP;Equity;Japan Equity;RV Otros;EUR;Irlanda;5;;;1.35;29.15;46.84;31.36;25.19;2012-10-31;True;False;0;2026-09-03
IE00B88DDG32;Polar Capital Japan Value R US Dllr Hdg;Polar Capital Funds PLC - Polar Capital Japan Value Fund Class R US Dollar Hedged;Polar Capital LLP;Equity;Japan Equity;RV Otros;USD;Irlanda;5;;;1.35;30.64;49.72;33.84;27.57;2012-10-31;True;False;0;2026-09-03
IE00B5NJSL59;Polar Capital North American R EUR Hdg;Polar Capital Funds PLC - Polar Capital North American Fund Class R EUR Hedged;Polar Capital LLP;Equity;US Equity Large Cap Blend;RV Otros;EUR;Irlanda;6;;;1.25;13.42;13.17;14.89;6.37;2011-11-15;True;False;0;2026-09-03
IE00B99MMG94;Polen Capital Focus US Gr EUR Retail;Polen Capital Investment Funds plc - Polen Capital Focus U.S. Growth Fund EUR Class (Retail);Polen Capital Management, LLC;Equity;US Equity Large Cap Growth;RV Otros;EUR;Irlanda;6;;1.59;1.5;-10.02;-10.94;1.98;-5.14;2017-06-08;True;False;1000;2026-09-03
LU1549401203;Robeco BP Global Premium Eqs DH EUR;Robeco BP Global Premium Equities DH EUR;Robeco Institutional Asset Management BV;Equity;Global Equity Large Cap;RV Otros;EUR;Luxemburgo;5;;1.47;1.25;13.46;21.73;17.94;11.77;2017-01-19;True;False;0;2026-09-03
LU0510167264;Robeco BP US Large Cap Equities DH €;Robeco BP US Large Cap Equities DH €;Robeco Institutional Asset Management BV;Equity;US Equity Large Cap Value;RV Otros;EUR;Luxemburgo;6;;1.46;1.25;16.93;22.17;15.64;9.33;2010-05-28;True;False;0;2026-09-03
LU0320896664;Robeco BP US Premium Equities DH €;Robeco BP US Premium Equities DH €;Robeco Institutional Asset Management BV;Equity;US Equity Large Cap Value;RV Otros;EUR;Luxemburgo;6;;1.71;1.5;15.8;21.15;13.21;7.81;2005-12-03;True;False;0;2026-09-03
LU0674140040;Robeco BP US Select Opports Eqs DH €;Robeco BP US Select Opportunities Equities DH €;Robeco Institutional Asset Management BV;Equity;US Equity Mid Cap;RV Otros;EUR;Luxemburgo;6;;1.72;1.5;12.24;11.08;10.77;5.9;2011-09-19;True;False;0;2026-09-03
LU1834769124;Robeco Global Consumer Trends Eqs DH €;Robeco Global Consumer Trends Equities DH €;Robeco Institutional Asset Management BV;Equity;Global Equity Large Cap;RV Otros;EUR;Luxemburgo;5;;1.71;1.5;2.32;1.56;8.57;-2.09;2018-08-02;True;False;0;2026-09-03
LU0228659784;Schroder ISF BIC A Acc USD;Schroder International Selection Fund BIC (Brazil India China) A Accumulation USD;Schroder Investment Management (Europe) S.A.;Equity;Global Emerging Markets Equity;RV Otros;USD;Luxemburgo;6;;1.84;1.5;-7.66;-1.77;6.42;-4.86;2005-10-31;True;False;1000;2026-09-03
LU1015429985;Schroder ISF EURO Equity A Acc GBP Hdg;Schroder International Selection Fund EURO Equity A Accumulation GBP Hedged;Schroder Investment Management (Europe) S.A.;Equity;Europe Equity Large Cap;RV Otros;GBP;Luxemburgo;6;;1.87;1.5;9.48;16.11;15.83;7.18;2014-02-05;True;False;;2026-09-03
LU0947062542;Schroder ISF Em Mkts A Acc EUR Hdg;Schroder International Selection Fund Emerging Markets A Accumulation EUR Hedged;Schroder Investment Management (Europe) S.A.;Equity;Global Emerging Markets Equity;RV Otros;EUR;Luxemburgo;6;;;1.5;22.27;41.72;21.27;4.25;2013-07-10;True;False;1000;2026-09-03
LU0306804302;Schroder ISF Glb Clmt Chg Eq A Acc EUR H;Schroder International Selection Fund Global Climate Change Equity A Accumulation EUR Hedged;Schroder Investment Management (Europe) S.A.;Equity;Global Equity Large Cap;RV Otros;EUR;Luxemburgo;6;;1.86;1.5;5.27;14.34;8.96;-0.5;2007-10-12;True;False;1000;2026-09-03
LU0867894346;Schroder ISF Glb Div Mxmsr A Acc EUR H;Schroder International Selection Fund Global Dividend Maximiser A Accumulation EUR Hedged;Schroder Investment Management (Europe) S.A.;Equity;Global Equity Large Cap;RV Otros;EUR;Luxemburgo;5;;;1.5;15.33;21.65;12.74;6.95;2013-01-23;True;False;1000;2026-09-03
LU0671501129;Schroder ISF Glb Div Mxmsr A Dis€HQF;Schroder International Selection Fund Global Dividend Maximiser A Distribution EUR Hedged QF;Schroder Investment Management (Europe) S.A.;Equity;Global Equity Large Cap;RV Otros;EUR;Luxemburgo;5;;;1.5;15.34;21.65;12.73;6.96;2011-09-21;True;False;1000;2026-09-03
LU2016064623;Schroder ISF Glbl Alt Engy A Acc CHF H;Schroder International Selection Fund Global Alternative Energy A Accumulation CHF Hedged;Schroder Investment Management (Europe) S.A.;Equity;Energy Sector Equity;RV Otros;CHF;Luxemburgo;6;;1.87;1.5;0.39;11.64;-4.55;-8.61;2019-07-10;True;False;1000;2026-09-03
LU2016064201;Schroder ISF Glbl Alt Engy A Acc EUR H;Schroder International Selection Fund Global Alternative Energy A Accumulation EUR Hedged;Schroder Investment Management (Europe) S.A.;Equity;Energy Sector Equity;RV Otros;EUR;Luxemburgo;6;;1.87;1.5;2.02;14.29;-2.39;-7.22;2019-07-10;True;False;1000;2026-09-03
LU0671501558;Schroder ISF Global Energy A Acc EUR H;Schroder International Selection Fund Global Energy A Accumulation EUR Hedged;Schroder Investment Management (Europe) S.A.;Equity;Energy Sector Equity;RV Otros;EUR;Luxemburgo;6;;1.89;1.5;44.25;50.55;15.64;20.59;2011-09-07;True;False;1000;2026-09-03
LU1223083673;Schroder ISF Global Gold A Acc CHF;Schroder International Selection Fund Global Gold A Accumulation CHF Hedged;Schroder Investment Management (Europe) S.A.;Equity;Precious Metals Sector Equity;RV Otros;CHF;Luxemburgo;7;;1.88;1.5;7.36;53.59;52.4;24.39;2016-06-29;True;False;;2026-09-03
LU1223083087;Schroder ISF Global Gold A Acc EUR;Schroder International Selection Fund Global Gold A Accumulation EUR Hedged;Schroder Investment Management (Europe) S.A.;Equity;Precious Metals Sector Equity;RV Otros;EUR;Luxemburgo;7;;1.88;1.5;9.31;57.57;56.15;26.66;2016-06-29;True;False;1000;2026-09-03
LU0334662938;Schroder ISF Hong Kong Eq B Acc EUR Hdg;Schroder International Selection Fund Hong Kong Equity B Accumulation EUR Hedged;Schroder Investment Management (Europe) S.A.;Equity;Greater China Equity;RV Otros;EUR;Luxemburgo;6;;;1.5;-4.27;-0.9;3.73;-4.85;2007-12-14;True;False;1000;2026-09-03
LU0236737465;Schroder ISF Japanese Eq A Acc EUR Hdg;Schroder International Selection Fund Japanese Equity A Accumulation EUR Hedged;Schroder Investment Management (Europe) S.A.;Equity;Japan Equity;RV Otros;EUR;Luxemburgo;6;;1.62;1.25;17.15;31.51;19.68;14.02;2005-12-16;True;False;1000;2026-09-03
LU0903425923;Schroder ISF Japanese Eq A Acc USD Hdg;Schroder International Selection Fund Japanese Equity A Accumulation USD Hedged;Schroder Investment Management (Europe) S.A.;Equity;Japan Equity;RV Otros;USD;Luxemburgo;6;;1.61;1.25;18.63;34.11;21.84;16.29;2013-03-27;True;False;1000;2026-09-03
LU0943301571;Schroder ISF Jpn Opports A Acc EUR Hdg;Schroder International Selection Fund Japanese Opportunities A Accumulation EUR Hedged;Schroder Investment Management (Europe) S.A.;Equity;Japan Equity;RV Otros;EUR;Luxemburgo;6;;;1.5;22.3;37.97;24.35;19.68;2013-06-26;True;False;1000;2026-09-03
LU1015430058;Schroder ISF Swiss Equity A Acc EUR Hdg;Schroder International Selection Fund Swiss Equity A Accumulation EUR Hedged;Schroder Investment Management (Europe) S.A.;Equity;Europe Equity Large Cap;RV Otros;EUR;Luxemburgo;5;;1.61;1.25;9.55;15.85;10.08;3;2014-02-05;True;False;1000;2026-09-03
LU0271483876;Schroder ISF US Large Cap A Acc EUR Hdg;Schroder International Selection Fund US Large Cap A Accumulation EUR Hedged;Schroder Investment Management (Europe) S.A.;Equity;US Equity Large Cap Blend;RV Otros;EUR;Luxemburgo;5;;;1.25;4.71;10.3;16.24;8.64;2006-10-20;True;False;1000;2026-09-03
LU0334663233;Schroder ISF US S&M-Cap Eq A Acc EUR Hdg;Schroder International Selection Fund US Small & Mid-Cap Equity A Accumulation EUR Hedged;Schroder Investment Management (Europe) S.A.;Equity;US Equity Mid Cap;RV Otros;EUR;Luxemburgo;6;;;1.5;13.8;23.43;8.69;2.84;2007-12-14;True;False;1000;2026-09-03
IE00BD8DY654;Seilern America EUR H R;Seilern America EUR H R;Seilern International AG;Equity;US Equity Large Cap Growth;RV Otros;EUR;Irlanda;6;;1.68;1.5;-3.91;-5.46;0.98;-2.38;2016-09-15;True;False;500;2026-09-03
IE0031724234;Seilern World Growth EUR H R;Seilern World Growth EUR H R;Seilern International AG;Equity;Global Equity Large Cap;RV Otros;EUR;Irlanda;6;;1.64;1.5;-2.12;-3.31;-1.27;-4.28;2002-03-28;True;False;500;2026-09-03
IE00B5NLJK73;Seilern World Growth USD H R;Seilern World Growth USD H R;Seilern International AG;Equity;Global Equity Large Cap;RV Otros;USD;Irlanda;6;;1.62;1.5;-0.87;-1.32;0.82;-1.94;2001-06-29;True;False;500;2026-09-03
LU1860996138;T. Rowe Price Glb Foc Gr Eq An EUR;T. Rowe Price Funds SICAV - Global Focused Growth Equity Fund An (EUR);T. Rowe Price (Luxembourg) Management S.à r.l.;Equity;Global Equity Large Cap;RV Otros;EUR;Luxemburgo;6;;1.7;1.6;13.47;25.41;17.13;4;2018-08-06;True;False;1000;2026-09-03
LU1602119973;T. Rowe Price Glb Tech Eq Ah (EUR);T. Rowe Price Funds SICAV - Global Technology Equity Fund Ah (EUR);T. Rowe Price (Luxembourg) Management S.à r.l.;Equity;Technology Sector Equity;RV Otros;EUR;Luxemburgo;7;;1.85;1.75;28.88;42.69;30;3.27;2017-04-28;True;False;1000;2026-09-03
LU1770377700;T. Rowe Price US Blue Chip Eq An EUR;T. Rowe Price Funds SICAV - US Blue Chip Equity Fund An (EUR);T. Rowe Price (Luxembourg) Management S.à r.l.;Equity;US Equity Large Cap Growth;RV Otros;EUR;Luxemburgo;6;;1.63;1.5;-2.37;4.15;16.79;4.25;2018-02-20;True;False;1000;2026-09-03
LU1582221328;T. Rowe Price US Smlr Cm Eq An (EUR);T. Rowe Price Funds SICAV - US Smaller Companies Equity Fund An (EUR);T. Rowe Price (Luxembourg) Management S.à r.l.;Equity;US Equity Small Cap;RV Otros;EUR;Luxemburgo;6;;1.71;1.6;12.96;15.96;8.85;1.94;2017-05-10;True;False;1000;2026-09-03
LU2858665453;T. Rowe Price US Struct Rsh Eq An EUR;T. Rowe Price Funds SICAV - US Structured Research Equity Fund An (EUR);T. Rowe Price (Luxembourg) Management S.à r.l.;Equity;US Equity Large Cap Blend;RV Otros;EUR;Luxemburgo;6;;0.86;0.75;10.76;17.66;;;2024-08-09;True;False;0;2026-09-03
LU0316493583;Templeton Asian Growth A(acc)EUR-H1;Templeton Asian Growth Fund A(acc)EUR-H1;Franklin Templeton International Services S.à r.l.;Equity;Asia ex-Japan Equity;RV Otros;EUR;Luxemburgo;6;;2.1;1.85;31.67;46.18;20.86;3.57;2007-09-03;True;False;;2026-09-03
LU0626262082;Templeton Emerging Markets A(acc)EUR-H1;Templeton Emerging Markets Fund A(acc)EUR-H1;Franklin Templeton International Services S.à r.l.;Equity;Global Emerging Markets Equity;RV Otros;EUR;Luxemburgo;6;;1.98;1.65;29.34;47.2;24.72;7.27;2011-05-27;True;False;;2026-09-03
LU0496363770;Templeton Frontier Markets A(acc)EUR-H1;Templeton Frontier Markets Fund A(acc)EUR-H1;Franklin Templeton International Services S.à r.l.;Equity;Global Emerging Markets Equity;RV Otros;EUR;Luxemburgo;6;;2.52;2.1;13.18;15.66;16.81;7.9;2010-03-31;True;False;;2026-09-03
LU0277301916;UBAM 30 Global Leaders Equity AHC USD;UBAM - 30 Global Leaders Equity AHC USD;UBP Asset Management (Europe) S.A.;Equity;Global Equity Large Cap;RV Otros;USD;Luxemburgo;6;;2.08;1.5;4.27;6.7;7.3;2.52;2006-12-12;True;False;0;2026-09-03
LU0352162191;UBAM Swiss Equity AHC EUR;UBAM - Swiss Equity AHC EUR;UBP Asset Management (Europe) S.A.;Equity;Europe Equity Large Cap;RV Otros;EUR;Luxemburgo;6;;1.37;1;8.88;13.85;11.43;1.15;2010-02-03;True;False;0;2026-09-03
LU2000522420;UBS (Lux) EF China Oppo(USD) P EUR H acc;UBS (Lux) Equity Fund - China Opportunity (USD) P EUR Hedged acc;UBS Asset Management (Europe) S.A.;Equity;Greater China Equity;RV Otros;EUR;Luxemburgo;7;;2.44;1.91;-11.22;-12.21;2.06;-7.89;2019-05-31;True;False;0;2026-09-03
LU0763739140;UBS (Lux) EF Greater China (USD) EURH P;UBS (Lux) Equity Fund - Greater China (USD) (EUR hedged) P-acc;UBS Asset Management (Europe) S.A.;Equity;Greater China Equity;RV Otros;EUR;Luxemburgo;6;;2.45;1.91;-7.91;-6.45;5.79;-5.18;2012-04-02;True;False;0;2026-09-03
LU0804734787;UBS (Lux) EF Tech Opp (USD) EURH P acc;UBS (Lux) Equity Fund - Tech Opportunity (USD) (EUR hedged) P-acc;UBS Asset Management (Europe) S.A.;Equity;Technology Sector Equity;RV Otros;EUR;Luxemburgo;7;;2.16;1.67;17.41;24.43;18.19;5.12;2012-10-04;True;False;0;2026-09-03
LU0611173930;UBS (Lux) ES Global Hi Div $ EURH P-acc;UBS (Lux) Equity SICAV - Global High Dividend (USD) (EUR hedged) P-acc;UBS Asset Management (Europe) S.A.;Equity;Global Equity Large Cap;RV Otros;EUR;Luxemburgo;5;;1.61;1.24;24.14;31.51;17.32;9.88;2011-04-15;True;False;0;2026-09-03
LU0511785726;UBS (Lux) ES USA Growth $ EUR H P-acc;UBS (Lux) Equity SICAV - USA Growth (USD) (EUR hedged) P-acc;UBS Asset Management (Europe) S.A.;Equity;US Equity Large Cap Growth;RV Otros;EUR;Luxemburgo;6;;2.14;1.67;2.81;6.9;16.24;6.25;2010-06-17;True;False;30000000;2026-09-03
LU1683285321;UBS Lux Dgtl Hlth Eq Fd EUR H P acc;UBS (Lux) Investment SICAV 2 - UBS (Lux) Digital Health Equity Fund (EUR hedged) P acc;UBS Asset Management (Europe) S.A.;Equity;Healthcare Sector Equity;RV Otros;EUR;Luxemburgo;7;;;2.02;4.64;9.92;0.92;-11.73;2017-12-14;True;False;0;2026-09-03
LU1594283548;UBS Lux Glb Qul Div Eq Fd EUR H P dist;UBS (Lux) Investment SICAV 2 - UBS (Lux) Global Quality Dividend Equity Fund (EUR hedged) P dist;UBS Asset Management (Europe) S.A.;Equity;Global Equity Large Cap;RV Otros;EUR;Luxemburgo;5;;1.95;2.02;21.66;28.35;20.02;10.3;2017-08-23;True;False;0;2026-09-03
LU1692116715;UBS Lux Infras Eq Fd EUR H P acc;UBS (Lux) Investment SICAV 2 - UBS (Lux) Infrastructure Equity Fund (EUR hedged) P acc;UBS Asset Management (Europe) S.A.;Equity;Infrastructure Sector Equity;RV Otros;EUR;Luxemburgo;5;;;2.02;5.11;5.57;8.28;0.76;2017-12-14;True;False;0;2026-09-03
LU1430036803;UBS Lux Rbtc and Atmtn Eq CHF H P acc;UBS (Lux) Investment SICAV 2 - UBS (Lux) Robotics and Automation Equity Fund (CHF hedged) P acc;UBS Asset Management (Europe) S.A.;Equity;Technology Sector Equity;RV Otros;CHF;Luxemburgo;6;;1.93;2.02;11.08;13.88;7.02;-2.81;2017-07-13;True;False;0;2026-09-03
LU1430036985;UBS Lux Rbtc and Atmtn Eq EUR H P acc;UBS (Lux) Investment SICAV 2 - UBS (Lux) Robotics and Automation Equity Fund (EUR hedged) P acc;UBS Asset Management (Europe) S.A.;Equity;Technology Sector Equity;RV Otros;EUR;Luxemburgo;6;;1.93;2.02;12.55;16.23;9.32;-1.31;2017-03-31;True;False;0;2026-09-03
LU0909472069;UBS Lux Sec Eq Fd EUR H P acc;UBS (Lux) Investment SICAV 2 - UBS (Lux) Security Equity Fund (EUR hedged) P acc;UBS Asset Management (Europe) S.A.;Equity;Global Equity Mid/Small Cap;RV Otros;EUR;Luxemburgo;6;;;2.02;10.96;10.31;12.35;3.72;2013-05-02;True;False;0;2026-09-03
IE00B1G3DH73;Vanguard U.S. 500 Stk Idx € H Acc;Vanguard U.S. 500 Stock Index Fund EUR Hedged Acc;Vanguard Group (Ireland) Limited;Equity;US Equity Large Cap Blend;RV Otros;EUR;Irlanda;6;;0.1;0.1;10.86;17.73;17.88;9.5;2006-10-31;True;True;1000000;2026-09-03
LU0218912235;Vontobel Emerging Markets Eq H Hdg EUR;Vontobel Fund - Emerging Markets Equity H (hedged) EUR Cap;Vontobel Asset Management S.A.;Equity;Global Emerging Markets Equity;RV Otros;EUR;Luxemburgo;6;;2.14;1.65;21.94;35.22;12.8;-0.14;2005-12-02;True;False;0;2026-09-03
LU0218911690;Vontobel Global Equity H Hedged EUR;Vontobel Fund - Global Equity H (hedged) EUR Cap;Vontobel Asset Management S.A.;Equity;Global Equity Large Cap;RV Otros;EUR;Luxemburgo;5;;2.02;1.65;-6.1;-8.01;2.96;-1.94;2007-11-02;True;False;0;2026-09-03
LU0218912151;Vontobel US Equity H Hdg EUR;Vontobel Fund - US Equity H (hedged) EUR Cap;Vontobel Asset Management S.A.;Equity;US Equity Large Cap Blend;RV Otros;EUR;Luxemburgo;5;;2.14;1.65;-10.13;-11.92;2.91;0.75;2006-01-10;True;False;0;2026-09-03
LU1646585114;Vontobel mtx Em Mkts Ldrs H (hedged);Vontobel Fund - mtx Emerging Markets Leaders H (hedged) EUR Cap;Vontobel Asset Management S.A.;Equity;Global Emerging Markets Equity;RV Otros;EUR;Luxemburgo;5;;2.07;2;24.92;39.05;19.91;3.84;2017-08-11;True;False;0;2026-09-03
LU2169560872;WCM Select Global Growth Equity R/AH-EUR;Natixis International Funds (Lux) I - WCM Select Global Growth Equity Fund R/A (H-EUR);Natixis Investment Managers International;Equity;Global Equity Large Cap;RV Otros;EUR;Luxemburgo;6;;1.9;1.9;7.62;14.75;;;2025-07-08;True;False;1000;2026-09-03
LU1804833579;Wellington Asia Tech EUR D AccH;Wellington Asia Technology Fund EUR D AcH;Wellington Luxembourg S.à r.l.;Equity;Technology Sector Equity;RV Otros;EUR;Luxemburgo;6;;2.14;0.9;29.54;49.62;28.45;8.06;2018-06-21;True;False;5000;2026-09-03
LU1848873714;abrdn-China A Share Sust Eq A Acc HEUR;abrdn SICAV I - China A Share Sustainable Equity Fund A Acc Hedged EUR;abrdn Investments Luxembourg S.A.;Equity;Greater China Equity;RV Otros;EUR;Luxemburgo;6;;;1.75;5.09;13.91;5.69;-5.17;2018-07-25;True;False;1000;2026-09-03
LU0505663400;abrdn-Future Minerals A Acc HEUR;abrdn SICAV I - Future Minerals Fund A Acc Hedged EUR;abrdn Investments Luxembourg S.A.;Equity;Natural Resources Sector Equity;RV Otros;EUR;Luxemburgo;6;;;1.5;19.68;47.07;16.03;8.53;2010-07-26;True;False;1000;2026-09-03
LU0476877054;abrdn-Japan Sml Comp Sust Eq A Acc HEUR;abrdn SICAV I - Japanese Smaller Companies Sustainable Equity Fund A Acc Hedged EUR;abrdn Investments Luxembourg S.A.;Equity;Japan Equity;RV Otros;EUR;Luxemburgo;6;;;1.5;20.95;33.19;21.55;11.07;2010-05-18;True;False;1000;2026-09-03
LU0476876759;abrdn-Japan Sustainable Eqty A Acc HEUR;abrdn SICAV I - Japanese Sustainable Equity Fund A Acc Hedged EUR;abrdn Investments Luxembourg S.A.;Equity;Japan Equity;RV Otros;EUR;Luxemburgo;6;;;1.5;24.09;44.33;27.01;16.01;2010-05-18;True;False;1000;2026-09-03
LU0912262788;abrdn-Japan Sustainable Eqty A Acc HUSD;abrdn SICAV I - Japanese Sustainable Equity Fund A Acc Hedged USD;abrdn Investments Luxembourg S.A.;Equity;Japan Equity;RV Otros;USD;Luxemburgo;6;;;1.5;25.95;47.56;29.35;18.35;2013-05-22;True;False;500;2026-09-03
LU1323878188;abrdn-Nrth American Sml Comp A Acc HEUR;abrdn SICAV I - North American Smaller Companies Fund A Acc Hedged EUR;abrdn Investments Luxembourg S.A.;Equity;US Equity Small Cap;RV Otros;EUR;Luxemburgo;6;;;1.5;13.73;14.22;11.38;1.32;2016-03-23;True;False;1000;2026-09-03
LU0204988207;iMGP Japan Opportunities C EUR HP;iMGP Japan Opportunities C EUR HP;iM Global Partner Asset Management S.A.;Equity;Japan Equity;RV Otros;EUR;Luxemburgo;5;;2.02;1.5;20.33;34.47;24.01;20.7;2005-04-01;True;False;0;2026-09-03
LU0390717543;Amundi MSCI Pac Ex Jpn SRIClmtPrsAlgdAE;Amundi MSCI Pacific Ex Japan SRI Climate Paris Aligned - AE;Amundi Luxembourg S.A.;Equity;Asia ex-Japan Equity;RV Pacífico (ex-Japón);EUR;Luxemburgo;5;1;;0.15;9.46;8.2;6.29;2.65;2008-11-25;True;True;;2026-09-03
IE0007218849;Vanguard Pac ex-Japan Stk Idx USD Acc;Vanguard Pacific ex-Japan Stock Index Fund USD Acc;Vanguard Group (Ireland) Limited;Equity;Asia ex-Japan Equity;RV Pacífico (ex-Japón);USD;Irlanda;6;3;0.16;0.16;15.72;16.5;16.43;6.73;2005-07-22;True;True;1000000;2026-09-03
LU0011847091;BGF United Kingdom A2;BlackRock Global Funds - United Kingdom Fund A2;BlackRock (Luxembourg) SA;Equity;UK Equity Large Cap;RV RU Cap. Grande;GBP;Luxemburgo;5;2;1.81;1.5;5.31;8.29;10.1;2.12;1985-12-31;True;False;;2026-09-03
LU0171293177;BGF United Kingdom A2 EUR;BlackRock Global Funds - United Kingdom Fund A2 EUR;BlackRock (Luxembourg) SA;Equity;UK Equity Large Cap;RV RU Cap. Grande;EUR;Luxemburgo;5;2;1.81;1.5;7.07;9.7;10;2.1;1985-12-31;True;False;;2026-09-03
LU1775979708;Invesco UK Equity A GBP AD;Invesco Funds - Invesco UK Equity Fund A Annual Distribution GBP;Invesco Management S.A.;Equity;UK Equity Large Cap;RV RU Cap. Grande;GBP;Luxemburgo;5;4;;1.3;9.67;20.52;14.04;12.42;2018-10-08;True;False;1000;2026-09-03
LU1775980201;Invesco UK Equity E EUR Acc;Invesco Funds - Invesco UK Equity Fund E Accumulation EUR;Invesco Management S.A.;Equity;UK Equity Large Cap;RV RU Cap. Grande;EUR;Luxemburgo;5;3;;1.8;11.14;21.44;13.35;11.88;2018-10-08;True;False;500;2026-09-03
IE00B7MSLV86;iShares UK Index (IE) Instl Acc EUR;iShares UK Index Fund (IE) Institutional Acc EUR;BlackRock Asset Management Ireland Ltd;Equity;UK Equity Large Cap;RV RU Cap. Grande;EUR;Irlanda;5;4;0.17;0.15;13.42;22.2;17.04;13.06;2012-02-24;True;True;1000000;2026-09-03
LU1653748860;CPR Invest Food For Gens A EUR Acc;CPR Invest - Food For Generations A EUR Acc;CPR Asset Management;Equity;Equity Miscellaneous;RV Sector Agricultura;EUR;Luxemburgo;6;3;;1.6;7.48;4.25;0.31;-2.05;2017-09-18;True;False;1;2026-09-03
LU2013745885;CPR Invest Food For Gnrtns A USD Acc;CPR Invest - Food For Generations A USD Acc;CPR Asset Management;Equity;Equity Miscellaneous;RV Sector Agricultura;USD;Luxemburgo;5;3;;1.6;6.11;3.27;2.69;-2.48;2020-10-14;True;False;1;2026-09-03
LU0273158872;DWS Invest Global Agribusiness LC;DWS Invest Global Agribusiness LC;DWS Investment S.A.;Equity;Equity Miscellaneous;RV Sector Agricultura;EUR;Luxemburgo;5;3;1.69;1.5;13.28;9.75;-1.01;0.87;2006-11-20;True;False;0;2026-09-03
LU0363470070;DWS Invest Global Agribusiness LD;DWS Invest Global Agribusiness LD;DWS Investment S.A.;Equity;Equity Miscellaneous;RV Sector Agricultura;EUR;Luxemburgo;5;3;1.69;1.5;13.27;9.75;-1.01;0.87;2008-07-01;True;False;0;2026-09-03
LU0273164847;DWS Invest Global Agribusiness USD LC;DWS Invest Global Agribusiness USD LC;DWS Investment S.A.;Equity;Equity Miscellaneous;RV Sector Agricultura;USD;Luxemburgo;5;3;1.69;1.5;11.74;9.22;1.28;0.43;2006-11-20;True;False;0;2026-09-03
LU0366534344;Pictet - Nutrition P EUR;Pictet - Nutrition P EUR;Pictet Asset Management (Europe) SA;Equity;Equity Miscellaneous;RV Sector Agricultura;EUR;Luxemburgo;5;2;1.99;2.4;6.86;1.52;-1.5;-5.47;2009-05-28;True;False;0;2026-09-03
LU0428745748;Pictet-Nutrition P USD;Pictet-Nutrition P USD;Pictet Asset Management (Europe) SA;Equity;Equity Miscellaneous;RV Sector Agricultura;USD;Luxemburgo;5;2;2;2.4;5.72;1.02;0.78;-5.88;2009-05-28;True;False;0;2026-09-03
LU1165135440;BNP Paribas Aqua C C;BNP Paribas Funds Aqua Classic Capitalisation;BNP Paribas Asset Management Luxembourg;Equity;Equity Miscellaneous;RV Sector Agua;EUR;Luxemburgo;6;3;;1.75;6.4;5.04;5.45;2.35;2015-07-16;True;False;0;2026-09-03
LU1620156130;BNP Paribas Aqua C USD C;BNP Paribas Funds Aqua Classic USD Capitalisation;BNP Paribas Asset Management Luxembourg;Equity;Equity Miscellaneous;RV Sector Agua;USD;Luxemburgo;6;3;;1.75;5.06;4;7.95;1.9;2017-09-29;True;False;0;2026-09-03
LU1892829828;Fidelity Water & Waste A Acc EUR;Fidelity Funds - Water & Waste Fund A Acc EUR;FIL Investment Management (Luxembourg) S.à r.l.;Equity;Equity Miscellaneous;RV Sector Agua;EUR;Luxemburgo;5;2;;1.5;2.69;2.41;3.01;-0.9;2018-10-31;True;False;2500;2026-09-03
LU0104884860;Pictet-Water P EUR;Pictet-Water P EUR;Pictet Asset Management (Europe) SA;Equity;Equity Miscellaneous;RV Sector Agua;EUR;Luxemburgo;5;2;1.99;2.4;-5.48;-7.35;1.52;-0.52;2000-01-19;True;False;0;2026-09-03
LU0255980327;Pictet-Water P USD;Pictet-Water P USD;Pictet Asset Management (Europe) SA;Equity;Equity Miscellaneous;RV Sector Agua;USD;Luxemburgo;6;2;1.99;2.4;-6.49;-7.8;3.87;-0.95;2006-05-26;True;False;0;2026-09-03
LU0255980673;Pictet-Water R USD;Pictet-Water R USD;Pictet Asset Management (Europe) SA;Equity;Equity Miscellaneous;RV Sector Agua;USD;Luxemburgo;6;1;2.69;2.9;-6.93;-8.45;3.14;-1.65;2006-05-26;True;False;0;2026-09-03
LU2146190751;Robeco Sustainable Water D CHF Cap;Robeco Sustainable Water D-CHF Capitalisation;Robeco Institutional Asset Management BV;Equity;Equity Miscellaneous;RV Sector Agua;CHF;Luxemburgo;6;3;1.71;1.5;5.64;3.86;5.06;-1.33;2020-10-29;True;False;0;2026-09-03
LU2146190835;Robeco Sustainable Water D EUR Cap;Robeco Sustainable Water D-EUR Capitalisation;Robeco Institutional Asset Management BV;Equity;Equity Miscellaneous;RV Sector Agua;EUR;Luxemburgo;6;3;1.71;1.5;4.37;3.15;5.58;1.48;2020-10-29;True;False;0;2026-09-03
LU2146191130;Robeco Sustainable Water D USD Cap;Robeco Sustainable Water D-USD Capitalisation;Robeco Institutional Asset Management BV;Equity;Equity Miscellaneous;RV Sector Agua;USD;Luxemburgo;6;3;1.71;1.5;3.05;2.18;8.08;1.03;2020-10-29;True;False;0;2026-09-03
LU1120766388;Candriam Eqs L Biotech C EUR Cap;Candriam Equities L Biotechnology Class C EUR Cap;Candriam;Equity;Healthcare Sector Equity;RV Sector Biotecnología;EUR;Luxemburgo;6;4;;1.6;24.38;58.48;20.33;11.83;2015-05-20;True;False;0;2026-09-03
LU0108459040;Candriam Eqs L Biotech C USD Cap;Candriam Equities L Biotechnology Class C USD Cap;Candriam;Equity;Healthcare Sector Equity;RV Sector Biotecnología;USD;Luxemburgo;6;4;;1.6;22.85;57.09;23.25;11.4;2000-04-06;True;False;0;2026-09-03
LU0108459552;Candriam Eqs L Biotech C USD Dis;Candriam Equities L Biotechnology Class C USD Dis;Candriam;Equity;Healthcare Sector Equity;RV Sector Biotecnología;USD;Luxemburgo;6;4;;1.6;22.82;57.03;23.21;11.36;2000-04-06;True;False;0;2026-09-03
LU0133359157;Candriam Eqs L Biotech N USD Cap;Candriam Equities L Biotechnology Class N USD Cap;Candriam;Equity;Healthcare Sector Equity;RV Sector Biotecnología;USD;Luxemburgo;6;4;;2;22.55;56.53;22.8;10.96;2002-08-23;True;False;0;2026-09-03
DE0009769976;DWS ESG Biotech LC;DWS ESG Biotech LC;DWS Investment GmbH;Equity;Healthcare Sector Equity;RV Sector Biotecnología;EUR;Alemania;6;3;1.5;1.5;12.45;42.08;13.26;5.06;1999-08-16;True;False;0;2026-09-03
LU0109394709;Franklin Biotechnology Discv A(acc)USD;Franklin Biotechnology Discovery Fund A(acc)USD;Franklin Templeton International Services S.à r.l.;Equity;Healthcare Sector Equity;RV Sector Biotecnología;USD;Luxemburgo;6;5;1.81;1.5;22.03;67.18;28.37;10.76;2000-04-03;True;False;1000;2026-09-03
LU2441282899;Janus Henderson Hrzn Biotec A2 EUR;Janus Henderson Horizon Biotechnology Fund A2 EUR;Janus Henderson Investors;Equity;Healthcare Sector Equity;RV Sector Biotecnología;EUR;Luxemburgo;6;5;5.34;1.2;22.68;67.29;25.04;;2022-02-25;True;False;2500;2026-09-03
LU0255977455;Pictet - Biotech P EUR;Pictet - Biotech P EUR;Pictet Asset Management (Europe) SA;Equity;Healthcare Sector Equity;RV Sector Biotecnología;EUR;Luxemburgo;6;4;1.99;2.4;21.56;59.47;23.13;9.65;2006-06-14;True;False;0;2026-09-03
LU0090689299;Pictet-Biotech P USD;Pictet-Biotech P USD;Pictet Asset Management (Europe) SA;Equity;Healthcare Sector Equity;RV Sector Biotecnología;USD;Luxemburgo;6;4;1.99;2.4;20.26;58.69;25.98;9.17;1995-11-30;True;False;0;2026-09-03
IE00B3XLHR60;Polar Capital Biotech R Inc;Polar Capital Funds PLC - Biotechnology Fund R Inc;Polar Capital LLP;Equity;Healthcare Sector Equity;RV Sector Biotecnología;USD;Irlanda;6;5;;1.5;21.71;52.55;28.1;12.67;2013-10-31;True;False;0;2026-09-03
IE00B3VXGD32;Polar Capital Biotech R Inc EUR;Polar Capital Funds PLC - Biotechnology Fund R Inc EUR;Polar Capital LLP;Equity;Healthcare Sector Equity;RV Sector Biotecnología;EUR;Irlanda;6;5;;1.5;23.26;53.95;25.13;13.17;2013-10-31;True;False;;2026-09-03
LU0069152568;UBS (Lux) EF Biotech (USD) P-acc;UBS (Lux) Equity Fund - Biotech (USD) P-acc;UBS Asset Management (Europe) S.A.;Equity;Healthcare Sector Equity;RV Sector Biotecnología;USD;Luxemburgo;6;3;2.1;1.63;25.15;53.97;17.79;5.21;1996-10-15;True;False;;2026-09-03
LU0823411706;BNP Paribas Consumer Innovtr Cl C;BNP Paribas Funds Consumer InnovatorsClassic Capitalisation;BNP Paribas Asset Management Luxembourg;Equity;Consumer Goods & Services Sector Equity;RV Sector Consumo;EUR;Luxemburgo;6;3;;1.5;-5.92;-6.79;3.07;-1.81;2013-05-24;True;False;0;2026-09-03
LU0114721508;Fidelity Global Consumer Brds A-Dis-EUR;Fidelity Funds - Global Consumer Brands Fund A-DIST-EUR;FIL Investment Management (Luxembourg) S.à r.l.;Equity;Consumer Goods & Services Sector Equity;RV Sector Consumo;EUR;Luxemburgo;6;4;;1.5;0.68;5.19;5.94;2.14;2000-09-01;True;False;;2026-09-03
LU0840140957;Fidelity Global Consumer Brds E-Acc-EUR;Fidelity Funds - Global Consumer Brands Fund E-Acc-EUR;FIL Investment Management (Luxembourg) S.à r.l.;Equity;Consumer Goods & Services Sector Equity;RV Sector Consumo;EUR;Luxemburgo;6;4;;1.5;0.19;4.42;5.15;1.38;2012-11-07;True;False;2500;2026-09-03
LU0329429384;GAM Multistock Luxury Brands Eq EUR A;GAM Multistock - Luxury Brands Equity EUR A;GAM (Luxembourg) SA;Equity;Consumer Goods & Services Sector Equity;RV Sector Consumo;EUR;Luxemburgo;6;3;2.06;1.6;-7.54;-4.58;0.08;-0.75;2008-01-31;True;False;0;2026-09-03
LU0329429897;GAM Multistock Luxury Brands Eq EUR B;GAM Multistock - Luxury Brands Equity EUR B;GAM (Luxembourg) SA;Equity;Consumer Goods & Services Sector Equity;RV Sector Consumo;EUR;Luxemburgo;6;3;2.06;1.6;-7.54;-4.57;0.08;-0.75;2008-01-31;True;False;0;2026-09-03
LU0329430986;GAM Multistock Luxury Brands Eq EUR E;GAM Multistock - Luxury Brands Equity EUR E;GAM (Luxembourg) SA;Equity;Consumer Goods & Services Sector Equity;RV Sector Consumo;EUR;Luxemburgo;6;3;2.81;1.6;-8;-5.29;-0.67;-1.49;2008-01-31;True;False;0;2026-09-03
LU0329430127;GAM Multistock Luxury Brands Eq USD B;GAM Multistock - Luxury Brands Equity USD B;GAM (Luxembourg) SA;Equity;Consumer Goods & Services Sector Equity;RV Sector Consumo;USD;Luxemburgo;6;3;2.05;1.6;-8.71;-5.51;2.05;-1.45;2008-01-31;True;False;0;2026-09-03
LU0329431018;GAM Multistock Luxury Brands Eq USD E;GAM Multistock - Luxury Brands Equity USD E;GAM (Luxembourg) SA;Equity;Consumer Goods & Services Sector Equity;RV Sector Consumo;USD;Luxemburgo;6;3;2.81;1.6;-9.17;-6.22;1.28;-2.19;2008-01-31;True;False;0;2026-09-03
LU0334857785;Invesco Asia Consumer Demand E EUR Acc;Invesco Funds - Invesco Asia Consumer Demand Fund E Accumulation EUR;Invesco Management S.A.;Equity;Consumer Goods & Services Sector Equity;RV Sector Consumo;EUR;Luxemburgo;6;3;;2.25;18.11;21.16;12.49;1.79;2008-03-25;True;False;500;2026-09-03
LU2168317308;Invesco Glbl Consmr Trnds A EUR Acc;Invesco Funds - Invesco Global Consumer Trends Fund A Accumulation EUR;Invesco Management S.A.;Equity;Consumer Goods & Services Sector Equity;RV Sector Consumo;EUR;Luxemburgo;6;2;;1.5;-4.73;-5.51;11.11;-2.24;2020-05-14;True;False;1000;2026-09-03
LU0052864419;Invesco Glbl Consmr Trnds A USD Acc;Invesco Funds - Invesco Global Consumer Trends Fund A Accumulation USD;Invesco Management S.A.;Equity;Consumer Goods & Services Sector Equity;RV Sector Consumo;USD;Luxemburgo;7;2;;1.5;-6.16;-6;13.53;-2.72;1994-10-03;True;False;1500;2026-09-03
LU1809976522;LO Funds World Brands EUR PA;LO Funds - World Brands Fund (EUR) P A;Lombard Odier Funds (Europe) SA;Equity;Consumer Goods & Services Sector Equity;RV Sector Consumo;EUR;Luxemburgo;6;4;;1;-0.83;-2.5;5.99;1.97;2018-06-25;True;False;3000;2026-09-03
LU0217139020;Pictet-Premium Brands P EUR;Pictet-Premium Brands P EUR;Pictet Asset Management (Europe) SA;Equity;Consumer Goods & Services Sector Equity;RV Sector Consumo;EUR;Luxemburgo;6;3;1.98;2.4;-5.65;-1.55;1.12;0.97;2005-05-31;True;False;0;2026-09-03
LU0280433847;Pictet-Premium Brands P USD;Pictet-Premium Brands P USD;Pictet Asset Management (Europe) SA;Equity;Consumer Goods & Services Sector Equity;RV Sector Consumo;USD;Luxemburgo;6;3;1.98;2.4;-6.65;-2.03;3.46;0.54;2007-01-23;True;False;0;2026-09-03
LU1883318740;Amundi Fds Glb Eq Resp A EUR C;Amundi Funds - Global Equity Responsible A EUR (C);Amundi Luxembourg S.A.;Equity;Global Equity Large Cap;RV Sector Ecología;EUR;Luxemburgo;5;4;2.11;1.5;5.37;9;12.6;5.66;1990-04-30;True;False;1;2026-09-03
LU2041044178;BGF Circular Economy A2 EUR;BlackRock Global Funds - Circular Economy Fund A2 EUR;BlackRock (Luxembourg) SA;Equity;Global Equity Large Cap;RV Sector Ecología;EUR;Luxemburgo;6;1;1.81;1.5;0.44;-1.55;0.26;-2.98;2019-10-02;True;False;;2026-09-03
LU0406802339;BNP Paribas Climate Change Cl C;BNP Paribas Funds Climate Change Classic Capitalisation;BNP Paribas Asset Management Luxembourg;Equity;Global Equity Mid/Small Cap;RV Sector Ecología;EUR;Luxemburgo;6;3;;2.2;15.08;12.95;5.88;-0.34;2009-11-12;True;False;0;2026-09-03
LU0406802685;BNP Paribas Climate Change Cl Dis;BNP Paribas Funds Climate Change Classic Distribution;BNP Paribas Asset Management Luxembourg;Equity;Global Equity Mid/Small Cap;RV Sector Ecología;EUR;Luxemburgo;6;3;;2.2;15.08;12.95;5.88;-0.34;2006-05-30;True;False;0;2026-09-03
ES0114806039;Bankinter Eficien Energ Y Medioamb R FI;Bankinter Eficiencia Energética Y Medioambiente R FI;Bankinter Gestión de Activos SGIIC;Equity;Equity Miscellaneous;RV Sector Ecología;EUR;España;6;4;1.81;1.6;9.72;15.29;10.59;4.89;2001-04-20;True;False;1;2026-09-03
AT0000A03N37;ERSTE WWF Stock Environment EUR R01 VT;ERSTE WWF Stock Environment EUR R01 VT;Erste Asset Management GmbH;Equity;Global Equity Mid/Small Cap;RV Sector Ecología;EUR;Austria;7;1;;1.8;4.23;15.49;-3.98;-9.17;2008-01-10;True;False;1;2026-09-03
LU2300162596;GS Environmental Impact Eq OC EUR Acc;Goldman Sachs Global Environmental Impact Equity Portfolio Other Currency Shares Acc EUR;Goldman Sachs Asset Management B.V.;Equity;Global Equity Large Cap;RV Sector Ecología;EUR;Luxemburgo;6;2;;1.75;8.41;11.31;7.04;-1.3;2021-02-22;True;False;5000;2026-09-03
LU0348926287;Nordea 1 - Global Climate & Envir BP EUR;Nordea 1 - Global Climate and Environment Fund BP EUR;Nordea Investment Funds SA;Equity;Global Equity Mid/Small Cap;RV Sector Ecología;EUR;Luxemburgo;5;5;1.8;1.5;14.87;18.5;10.21;4.71;2008-03-13;True;False;0;2026-09-03
LU0607974713;Nordea 1 - Global Climate & Envir BP USD;Nordea 1 - Global Climate and Environment Fund BP USD;Nordea Investment Funds SA;Equity;Global Equity Mid/Small Cap;RV Sector Ecología;USD;Luxemburgo;6;5;;1.5;13.11;17.78;12.67;4.22;2015-06-05;True;False;;2026-09-03
LU0503631714;Pictet - Global Envir Opps P EUR;Pictet - Global Environmental Opportunities P EUR;Pictet Asset Management (Europe) SA;Equity;Global Equity Large Cap;RV Sector Ecología;EUR;Luxemburgo;6;4;1.99;2.4;11.61;10.85;5.89;1.92;2010-09-10;True;False;0;2026-09-03
LU0503632282;Pictet - Global Envir Opps P USD;Pictet - Global Environmental Opportunities P USD;Pictet Asset Management (Europe) SA;Equity;Global Equity Large Cap;RV Sector Ecología;USD;Luxemburgo;6;4;1.99;2.4;10.42;10.31;8.34;1.48;2010-09-10;True;False;0;2026-09-03
LU0503631987;Pictet - Global Envir Opps R EUR;Pictet - Global Environmental Opportunities R EUR;Pictet Asset Management (Europe) SA;Equity;Global Equity Large Cap;RV Sector Ecología;EUR;Luxemburgo;6;3;2.7;2.9;11.08;10.07;5.14;1.21;2010-09-10;True;False;0;2026-09-03
LU2092758726;Robeco Circular Economy D € Cap;Robeco Circular Economy D EUR Capitalisation;Robeco Institutional Asset Management BV;Equity;Global Equity Large Cap;RV Sector Ecología;EUR;Luxemburgo;6;5;;1.5;20.3;25.25;17.18;8.18;2020-01-23;True;False;0;2026-09-03
LU0302446645;Schroder ISF Glb Clmt Chg Eq A Acc EUR;Schroder International Selection Fund Global Climate Change Equity A Accumulation EUR;Schroder Investment Management (Europe) S.A.;Equity;Global Equity Large Cap;RV Sector Ecología;EUR;Luxemburgo;5;4;;1.5;8.41;17.51;9.12;2.61;2007-06-29;True;False;1000;2026-09-03
LU0302445910;Schroder ISF Glb Clmt Chg Eq A Acc USD;Schroder International Selection Fund Global Climate Change Equity A Accumulation USD;Schroder Investment Management (Europe) S.A.;Equity;Global Equity Large Cap;RV Sector Ecología;USD;Luxemburgo;6;4;;1.5;6.92;17.11;11.48;2.14;2007-06-29;True;False;1000;2026-09-03
LU0128520375;Templeton Glb Climate Change A (acc) EUR;Templeton Global Climate Change Fund Class A (acc) EUR;Franklin Templeton International Services S.à r.l.;Equity;Global Equity Large Cap;RV Sector Ecología;EUR;Luxemburgo;6;4;1.82;1.5;19.62;33.94;11.54;7.15;2001-05-14;True;False;;2026-09-03
LU0029873410;Templeton Glb Climate Change A(Ydis)EUR;Templeton Global Climate Change Fund A(Ydis)EUR;Franklin Templeton International Services S.à r.l.;Equity;Global Equity Large Cap;RV Sector Ecología;EUR;Luxemburgo;6;4;1.82;1.5;19.62;33.92;11.53;7.15;1991-04-26;True;False;1000;2026-09-03
LU0384405600;Vontobel Global Envir Change B EUR;Vontobel Fund - Global Environmental Change B EUR Cap;Vontobel Asset Management S.A.;Equity;Global Equity Large Cap;RV Sector Ecología;EUR;Luxemburgo;6;4;1.97;1.65;16.6;20.52;11.2;5.42;2008-11-17;True;False;0;2026-09-03
LU0122376428;BGF World Energy A2;BlackRock Global Funds - World Energy Fund A2;BlackRock (Luxembourg) SA;Equity;Energy Sector Equity;RV Sector Energía;USD;Luxemburgo;6;3;2.06;1.75;41.34;43.49;14.94;21.41;2001-04-06;True;False;5000;2026-09-03
LU0171301533;BGF World Energy A2 EUR;BlackRock Global Funds - World Energy Fund A2 EUR;BlackRock (Luxembourg) SA;Equity;Energy Sector Equity;RV Sector Energía;EUR;Luxemburgo;6;3;2.06;1.75;42.84;44.17;12.34;21.94;2001-04-06;True;False;;2026-09-03
LU0204068364;BGF World Engy A4;BlackRock Global Funds - World Energy Fund A4;BlackRock (Luxembourg) SA;Equity;Energy Sector Equity;RV Sector Energía;GBP;Luxemburgo;6;3;2.06;1.75;40.53;42.33;12.45;21.96;2001-04-06;True;False;;2026-09-03
LU0300741732;Franklin Natural Resources A(acc)EUR;Franklin Natural Resources Fund A(acc)EUR;Franklin Templeton International Services S.à r.l.;Equity;Energy Sector Equity;RV Sector Energía;EUR;Luxemburgo;6;2;1.84;1.5;30.8;45.47;14.18;20.48;2007-07-12;True;False;;2026-09-03
LU1046545411;GS NA Engy & Engy Infras Eq Base Acc USD;Goldman Sachs North America Energy & Energy Infrastructure Equity Portfolio Base Acc USD;Goldman Sachs Asset Management B.V.;Equity;Energy Sector Equity;RV Sector Energía;USD;Luxemburgo;6;4;;1.5;35.48;36.45;20.06;22.35;2014-04-14;True;False;5000;2026-09-03
LU1046545502;GS NA Engy & Engy Infras Eq E Acc EUR;Goldman Sachs North America Energy & Energy Infrastructure Equity Portfolio E Acc EUR;Goldman Sachs Asset Management B.V.;Equity;Energy Sector Equity;RV Sector Energía;EUR;Luxemburgo;6;3;;1.5;36.2;36.11;16.44;21.94;2014-04-14;True;False;1500;2026-09-03
IE00BGHQF524;Guinness Global Energy C EUR Acc;Guinness Global Energy C EUR Accumulation;Guinness Asset Management Limited;Equity;Energy Sector Equity;RV Sector Energía;EUR;Irlanda;6;2;1.77;1.99;45.47;48.26;13.37;20.68;2013-11-29;True;False;0;2026-09-03
IE00B3CCJB88;Guinness Global Energy D EUR Acc;Guinness Global Energy D EUR Accumulation;Guinness Asset Management Limited;Equity;Energy Sector Equity;RV Sector Energía;EUR;Irlanda;6;2;1.27;1.49;45.96;49;13.94;21.28;2008-09-02;True;False;0;2026-09-03
LU0374901568;Schroder ISF Global Energy A Acc EUR;Schroder International Selection Fund Global Energy A Accumulation EUR;Schroder Investment Management (Europe) S.A.;Equity;Energy Sector Equity;RV Sector Energía;EUR;Luxemburgo;6;2;1.85;1.5;47.93;53.97;15.53;24.05;2008-07-11;True;False;1000;2026-09-03
LU0256331488;Schroder ISF Global Energy A Acc USD;Schroder International Selection Fund Global Energy A Accumulation USD;Schroder Investment Management (Europe) S.A.;Equity;Energy Sector Equity;RV Sector Energía;USD;Luxemburgo;6;2;1.85;1.5;45.9;53.45;18.04;23.49;2006-06-30;True;False;1000;2026-09-03
LU0124384867;BGF Sustainable Energy A2;BlackRock Global Funds - Sustainable Energy Fund A2;BlackRock (Luxembourg) SA;Equity;Energy Sector Equity;RV Sector Energía Alternativa;USD;Luxemburgo;6;4;1.96;1.65;10.3;26.14;11.65;4.09;2001-04-06;True;False;5000;2026-09-03
LU0171289902;BGF Sustainable Energy A2 EUR;BlackRock Global Funds - Sustainable Energy Fund A2 EUR;BlackRock (Luxembourg) SA;Equity;Energy Sector Equity;RV Sector Energía Alternativa;EUR;Luxemburgo;6;4;1.96;1.65;11.46;26.77;9.12;4.54;2001-04-06;True;False;;2026-09-03
LU0823414635;BNP Clean Energy Solutions - C C;BNP Clean Energy Solutions - Classic Capitalisation;BNP Paribas Asset Management Luxembourg;Equity;Energy Sector Equity;RV Sector Energía Alternativa;EUR;Luxemburgo;7;1;;1.5;-4.3;12.69;-3.95;-13.63;2013-05-17;True;False;100;2026-09-03
LU0823414718;BNP Clean Energy Solutions C D;BNP Clean Energy Solutions Classic Distribution;BNP Paribas Asset Management Luxembourg;Equity;Energy Sector Equity;RV Sector Energía Alternativa;EUR;Luxemburgo;7;1;;1.5;-4.3;12.69;-3.95;-13.63;2013-05-17;True;False;0;2026-09-03
LU0823414478;BNP Clean Energy Solutions C USD C;BNP Clean Energy Solutions C USD-Capitalisation;BNP Paribas Asset Management Luxembourg;Equity;Energy Sector Equity;RV Sector Energía Alternativa;USD;Luxemburgo;7;1;;1.5;-5.51;11.57;-1.68;-14.01;2013-05-17;True;False;0;2026-09-03
NO0013670588;DNB Nuclear Energy S EUR;DNB Nuclear Energy S EUR;DNB Asset Management AS;Equity;Energy Sector Equity;RV Sector Energía Alternativa;EUR;Noruega;5;;;0.4;9.39;;;;2025-10-10;True;True;300;2026-09-03
LU0280435388;Pictet - Clean Energy Transition P EUR;Pictet - Clean Energy Transition P EUR;Pictet Asset Management (Europe) SA;Equity;Energy Sector Equity;RV Sector Energía Alternativa;EUR;Luxemburgo;6;4;1.98;2.4;21.13;35.4;15.42;8.76;2007-05-14;True;False;0;2026-09-03
LU0280430660;Pictet-Clean Energy Transition P USD;Pictet-Clean Energy Transition P USD;Pictet Asset Management (Europe) SA;Equity;Energy Sector Equity;RV Sector Energía Alternativa;USD;Luxemburgo;6;4;1.98;2.4;19.82;34.73;18.09;8.28;2007-05-14;True;False;0;2026-09-03
IE000EWWPFJ6;Polar Capital Smart Energy R Acc;Polar Capital Funds PLC - Smart Energy Fund R Accumulation;Polar Capital LLP;Equity;Energy Sector Equity;RV Sector Energía Alternativa;USD;Irlanda;6;5;;1.5;38.63;65.66;27.15;;2021-09-30;True;False;0;2026-09-03
IE0006TUI4G7;Polar Capital Smart Energy R Acc EUR;Polar Capital Funds PLC - Smart Energy Fund R Accumulation EUR;Polar Capital LLP;Equity;Energy Sector Equity;RV Sector Energía Alternativa;EUR;Irlanda;6;5;;1.5;40.38;67.34;24.18;;2021-09-30;True;False;;2026-09-03
LU2145461757;Robeco Smart Energy D-EUR Cap;Robeco Smart Energy D-EUR Capitalisation;Robeco Institutional Asset Management BV;Equity;Energy Sector Equity;RV Sector Energía Alternativa;EUR;Luxemburgo;6;5;1.71;1.5;26.67;44.01;18.81;10.68;2020-10-29;True;False;0;2026-09-03
LU2145461914;Robeco Smart Energy D-USD Cap;Robeco Smart Energy D-USD Capitalisation;Robeco Institutional Asset Management BV;Equity;Energy Sector Equity;RV Sector Energía Alternativa;USD;Luxemburgo;6;5;1.71;1.5;25.08;42.67;21.63;10.19;2020-10-29;True;False;0;2026-09-03
LU2390151400;Schroder ISF Glbl Alt Engy A Acc EUR;Schroder International Selection Fund Global Alternative Energy A Accumulation EUR;Schroder Investment Management (Europe) S.A.;Equity;Energy Sector Equity;RV Sector Energía Alternativa;EUR;Luxemburgo;6;2;1.84;1.5;5.04;17.47;-2.05;;2021-10-20;True;False;1000;2026-09-03
IE00BWY56V74;Algebris Financial Equity R EUR Acc;Algebris UCITS Funds plc - Algebris Financial Equity Fund R EUR Acc;Algebris (UK) Limited;Equity;Financials Sector Equity;RV Sector Finanzas;EUR;Irlanda;6;4;;1.8;12.02;20.62;28.99;21.76;2016-03-24;True;False;10000;2026-09-03
LU0106831901;BGF World Financials A2;BlackRock Global Funds - World Financials Fund A2;BlackRock (Luxembourg) SA;Equity;Financials Sector Equity;RV Sector Finanzas;USD;Luxemburgo;6;4;1.82;1.5;6.82;19.55;30.32;14.86;2000-03-03;True;False;5000;2026-09-03
LU0171304719;BGF World Financials A2 EUR;BlackRock Global Funds - World Financials Fund A2 EUR;BlackRock (Luxembourg) SA;Equity;Financials Sector Equity;RV Sector Finanzas;EUR;Luxemburgo;6;4;1.82;1.5;7.97;20.11;27.38;15.36;2000-03-03;True;False;;2026-09-03
ES0114805031;Bankinter Finanzas Globales R FI;Bankinter Finanzas Globales R FI;Bankinter Gestión de Activos SGIIC;Equity;Financials Sector Equity;RV Sector Finanzas;EUR;España;6;3;1.7;1.5;10.99;18.37;20.48;11.91;2000-07-10;True;False;1;2026-09-03
LU1391767586;Fidelity Global Financial Svcs A-Acc-EUR;Fidelity Funds - Global Financial Services Fund A-Acc-EUR;FIL Investment Management (Luxembourg) S.à r.l.;Equity;Financials Sector Equity;RV Sector Finanzas;EUR;Luxemburgo;6;3;;1.5;10.23;14.04;17.85;10.36;2016-04-20;True;False;2500;2026-09-03
LU0114722498;Fidelity Global Financial Svcs A-Dis-EUR;Fidelity Funds - Global Financial Services Fund A-DIST-EUR;FIL Investment Management (Luxembourg) S.à r.l.;Equity;Financials Sector Equity;RV Sector Finanzas;EUR;Luxemburgo;6;3;;1.5;10.23;14.08;17.84;10.37;2000-09-01;True;False;;2026-09-03
LU0971096721;Fidelity Global Financial Svcs A-Dis-USD;Fidelity Funds - Global Financial Services Fund A-DIST-USD;FIL Investment Management (Luxembourg) S.à r.l.;Equity;Financials Sector Equity;RV Sector Finanzas;USD;Luxemburgo;6;3;;1.5;8.92;13.47;20.72;9.87;2013-10-16;True;False;2500;2026-09-03
IE00B52VLZ70;Polar Capital Global Ins R Acc EUR;Polar Capital Funds PLC - Polar Capital Global Insurance Fund R Acc EUR;Polar Capital LLP;Equity;Financials Sector Equity;RV Sector Finanzas;EUR;Irlanda;5;3;;1.25;8.33;12.19;11.7;12.1;2011-05-31;True;False;;2026-09-03
LU1079558364;Robeco New World Financials D $;Robeco Capital Growth Funds - Robeco New World Financials D $;Robeco Institutional Asset Management BV;Equity;Financials Sector Equity;RV Sector Finanzas;USD;Luxemburgo;6;3;1.71;1.5;2.47;6.5;18.89;6.79;2014-06-26;True;False;0;2026-09-03
LU0187077481;Robeco New World Financials D €;Robeco Capital Growth Funds - Robeco New World Financials D €;Robeco Institutional Asset Management BV;Equity;Financials Sector Equity;RV Sector Finanzas;EUR;Luxemburgo;6;3;1.71;1.5;3.78;7.5;16.14;7.26;1998-06-03;True;False;0;2026-09-03
IE00BZ18VS27;BNY Mellon Global Infras Inc EUR A Acc;BNY Mellon Global Infrastructure Income Fund EUR A Acc;BNY Mellon Fund Management (Lux) S.A.;Equity;Infrastructure Sector Equity;RV Sector Infraestructura;EUR;Irlanda;;;;1.85;12.58;19.25;;;2025-08-21;True;False;5000;2026-09-03
LU2162004548;DWS Invest ESG Next Gnrtn Infras LC;DWS Invest - DWS Invest ESG Next Generation Infrastructure LC;DWS Investment S.A.;Equity;Infrastructure Sector Equity;RV Sector Infraestructura;EUR;Luxemburgo;5;2;1.61;1.5;7.5;15.52;8.21;1.68;2020-05-15;True;False;0;2026-09-03
LU0329760770;DWS Invest Global Infras LC;DWS Invest Global Infrastructure LC;DWS Investment S.A.;Equity;Infrastructure Sector Equity;RV Sector Infraestructura;EUR;Luxemburgo;5;3;1.59;1.5;5.43;7.04;8.2;4.36;2008-01-14;True;False;0;2026-09-03
LU0329760853;DWS Invest Global Infras NC;DWS Invest Global Infrastructure NC;DWS Investment S.A.;Equity;Infrastructure Sector Equity;RV Sector Infraestructura;EUR;Luxemburgo;5;2;2.29;2;4.94;6.3;7.44;3.63;2008-01-14;True;False;0;2026-09-03
LU0329761661;DWS Invest Global Infras USD LC;DWS Invest Global Infrastructure USD LC;DWS Investment S.A.;Equity;Infrastructure Sector Equity;RV Sector Infraestructura;USD;Luxemburgo;5;3;1.59;1.5;4;6.52;10.7;3.91;2008-07-01;True;False;0;2026-09-03
IE0002J6K1G3;FTGF CB Glb Infras Inc AGEURAcc;FTGF ClearBridge Global Infrastructure Income Fund Class A (G) EUR Accumulating;Franklin Templeton International Services S.à r.l.;Equity;Infrastructure Sector Equity;RV Sector Infraestructura;EUR;Irlanda;;;1.71;1.25;;;;;2026-05-08;True;False;0;2026-09-03
IE00BD4GTQ32;FTGF CB Infras Val A EUR Acc;FTGF ClearBridge Infrastructure Value Fund Class A Euro Accumulating;Franklin Templeton International Services S.à r.l.;Equity;Infrastructure Sector Equity;RV Sector Infraestructura;EUR;Irlanda;6;4;1.97;1.5;6.72;10.69;9.47;6.55;2016-12-12;True;False;1000;2026-09-03
LU1665237704;M&G (Lux) Global Listed Infras A EUR Acc;M&G (Lux) Global Listed Infrastructure Fund EUR A Acc;M&G Luxembourg S.A.;Equity;Infrastructure Sector Equity;RV Sector Infraestructura;EUR;Luxemburgo;5;2;2.08;1.75;13.1;14.57;6.46;3.81;2017-10-05;True;False;1000;2026-09-03
LU1665237613;M&G (Lux) Global Listed Infras A EUR Inc;M&G (Lux) Global Listed Infrastructure Fund EUR A Inc;M&G Luxembourg S.A.;Equity;Infrastructure Sector Equity;RV Sector Infraestructura;EUR;Luxemburgo;5;2;2.08;1.75;13.12;14.58;6.46;3.81;2017-10-05;True;False;1000;2026-09-03
LU1665236995;M&G (Lux) Global Listed Infras A USD Acc;M&G (Lux) Global Listed Infrastructure Fund USD A Acc;M&G Luxembourg S.A.;Equity;Infrastructure Sector Equity;RV Sector Infraestructura;USD;Luxemburgo;6;2;2.08;1.75;11.42;13.98;8.78;3.31;2017-10-05;True;False;1000;2026-09-03
LU0384381660;MS INVF QuantActive Global Infra A;Morgan Stanley Investment Funds - QuantActive Global Infrastructure Fund A;MSIM Fund Management (Ireland) Limited;Equity;Infrastructure Sector Equity;RV Sector Infraestructura;USD;Luxemburgo;5;3;1.49;1.25;6.2;8.8;11.06;4.18;2010-06-14;True;False;0;2026-09-03
LU1692116392;UBS Lux Infras Eq Fd P acc;UBS (Lux) Investment SICAV 2 - UBS (Lux) Infrastructure Equity Fund P acc;UBS Asset Management (Europe) S.A.;Equity;Infrastructure Sector Equity;RV Sector Infraestructura;USD;Luxemburgo;5;3;;1.92;6.54;7.86;10.76;3.34;2017-12-14;True;False;0;2026-09-03
IE000JMRXFF8;Wellington Endrng Infras Asts EUR D Ac;Wellington Enduring Infrastructure Assets Fund EUR D Ac;Wellington Luxembourg S.à r.l.;Equity;Infrastructure Sector Equity;RV Sector Infraestructura;EUR;Irlanda;5;4;1.7;0.7;12.71;18.05;15.24;7.79;2021-07-26;True;False;5000;2026-09-03
NO0013528356;DNB European Defence EU;DNB European Defence EU;DNB Asset Management AS;Equity;Industrials Sector Equity;RV Sector Materiales Insustriales;EUR;Noruega;6;;;1.7;9.27;5.78;;;2025-04-23;True;False;300;2026-09-03
NO0013684779;DNB European Defence S USD;DNB European Defence S USD;DNB Asset Management AS;Equity;Industrials Sector Equity;RV Sector Materiales Insustriales;USD;Noruega;6;;;1.7;7.89;;;;2025-10-28;True;False;300;2026-09-03
DE000DWS29E6;DWS Smart Industrial Technologies LC;DWS Smart Industrial Technologies LC;DWS Investment GmbH;Equity;Industrials Sector Equity;RV Sector Materiales Insustriales;EUR;Alemania;6;3;1.45;1.45;10.27;18.51;16.44;10.02;2020-10-01;True;False;0;2026-09-03
DE0005152482;DWS Smart Industrial Technologies LD;DWS Smart Industrial Technologies LD;DWS Investment GmbH;Equity;Industrials Sector Equity;RV Sector Materiales Insustriales;EUR;Alemania;6;4;1.45;1.45;10.27;18.51;16.43;10.01;2006-04-24;True;False;0;2026-09-03
LU2504555777;Fidelity Global Industrials A-Acc-EUR;Fidelity Funds - Global Industrials Fund A-Acc-EUR;FIL Investment Management (Luxembourg) S.à r.l.;Equity;Industrials Sector Equity;RV Sector Materiales Insustriales;EUR;Luxemburgo;5;3;;1.5;22.22;27.93;14.86;;2022-07-27;True;False;2500;2026-09-03
LU0114722902;Fidelity Global Industrials A-Dis-EUR;Fidelity Funds - Global Industrials Fund A-DIST-EUR;FIL Investment Management (Luxembourg) S.à r.l.;Equity;Industrials Sector Equity;RV Sector Materiales Insustriales;EUR;Luxemburgo;5;4;;1.5;22.18;27.92;14.84;14.6;2000-09-01;True;False;;2026-09-03
LU1822851884;Finserve Global Defence & Sec I EUR R;LUX MULTIMANAGER SICAV - Finserve Global Defence & Security Fund I EUR R;Finserve Nordic AB;Equity;Industrials Sector Equity;RV Sector Materiales Insustriales;EUR;Luxemburgo;6;;;1.6;0.73;4.12;;;2024-04-02;True;False;0;2026-09-03
LU2145463613;Robeco Smart Materials D EUR;Robeco Smart Materials D EUR;Robeco Institutional Asset Management BV;Equity;Industrials Sector Equity;RV Sector Materiales Insustriales;EUR;Luxemburgo;6;2;1.7;1.5;39.85;65.17;15.35;7.04;2020-10-29;True;False;0;2026-09-03
LU2145463704;Robeco Smart Materials D USD;Robeco Smart Materials D USD;Robeco Institutional Asset Management BV;Equity;Industrials Sector Equity;RV Sector Materiales Insustriales;USD;Luxemburgo;6;2;1.7;1.5;38.08;63.63;18.08;6.57;2020-10-29;True;False;1;2026-09-03
LU0055631609;BGF World Gold A2;BlackRock Global Funds - World Gold Fund A2;BlackRock (Luxembourg) SA;Equity;Precious Metals Sector Equity;RV Sector Oro y Metales preciosos;USD;Luxemburgo;7;3;2.06;1.75;11.97;58.67;50.52;23.89;1994-12-30;True;False;5000;2026-09-03
LU0171305526;BGF World Gold A2 EUR;BlackRock Global Funds - World Gold Fund A2 EUR;BlackRock (Luxembourg) SA;Equity;Precious Metals Sector Equity;RV Sector Oro y Metales preciosos;EUR;Luxemburgo;7;3;2.06;1.75;13.19;59.45;47.12;24.43;1994-12-30;True;False;;2026-09-03
LU0273159177;DWS Invest Gold and Prec Mtl Eqs LC;DWS Invest Gold and Precious Metals Equities LC;DWS Investment S.A.;Equity;Precious Metals Sector Equity;RV Sector Oro y Metales preciosos;EUR;Luxemburgo;7;4;1.61;1.5;15.44;56.59;51.57;26.21;2006-11-20;True;False;0;2026-09-03
LU0496367763;Franklin Gold and Prec Mtls A(acc)EUR;Franklin Gold and Precious Metals Fund A(acc)EUR;Franklin Templeton International Services S.à r.l.;Equity;Precious Metals Sector Equity;RV Sector Oro y Metales preciosos;EUR;Luxemburgo;7;3;1.8;1.5;12.52;68.54;54.38;25.7;2010-04-30;True;False;1000;2026-09-03
IE00BYVJR916;Jupiter Gold & Silver L EUR Acc;Jupiter Gold & Silver Fund L EUR Accumulation;Jupiter Asset Management (Europe) Limited;Equity;Precious Metals Sector Equity;RV Sector Oro y Metales preciosos;EUR;Irlanda;7;3;1.62;1.5;3.08;50.84;49.36;24.15;2016-07-07;True;False;500;2026-09-03
IE00BYVJR809;Jupiter Gold & Silver L USD Acc;Jupiter Gold & Silver Fund L USD Accumulation;Jupiter Asset Management (Europe) Limited;Equity;Precious Metals Sector Equity;RV Sector Oro y Metales preciosos;USD;Irlanda;7;3;1.62;1.5;1.57;50.11;52.63;23.56;2016-03-08;True;False;500;2026-09-03
LU0345780281;Ninety One GSF Glb Gold A Acc USD;Ninety One Global Strategy Fund - Global Gold Fund A Acc USD;Ninety One Luxembourg S.A.;Equity;Precious Metals Sector Equity;RV Sector Oro y Metales preciosos;USD;Luxemburgo;7;3;;1.5;10.6;67.83;53.18;26.74;2007-11-30;True;False;3000;2026-09-03
LU0604766674;Allianz Global Metals and Mining AT EUR;Allianz Global Investors Fund - Allianz Global Metals and Mining AT EUR;Allianz Global Investors GmbH;Equity;Natural Resources Sector Equity;RV Sector Recursos Naturales;EUR;Luxemburgo;6;3;1.8;1.8;22.94;62.91;23.41;14.89;2011-04-12;True;False;0;2026-09-03
LU0408222593;BGF Wld Mining Class A4;BlackRock Global Funds - World Mining Fund A4;BlackRock (Luxembourg) SA;Equity;Natural Resources Sector Equity;RV Sector Recursos Naturales;EUR;Luxemburgo;7;4;2.06;1.75;25.02;64.13;21.84;14.34;2009-01-17;True;False;;2026-09-03
LU0075056555;BGF World Mining A2;BlackRock Global Funds - World Mining Fund A2;BlackRock (Luxembourg) SA;Equity;Natural Resources Sector Equity;RV Sector Recursos Naturales;USD;Luxemburgo;7;4;2.06;1.75;23.68;63.33;24.65;13.84;1997-03-24;True;False;5000;2026-09-03
LU0172157280;BGF World Mining A2 EUR;BlackRock Global Funds - World Mining Fund A2 EUR;BlackRock (Luxembourg) SA;Equity;Natural Resources Sector Equity;RV Sector Recursos Naturales;EUR;Luxemburgo;7;4;2.06;1.75;25.02;64.15;21.84;14.34;1997-03-24;True;False;;2026-09-03
LU0208853274;JPM Global Natural Resources A acc EUR;JPMorgan Funds - Global Natural Resources Fund A (acc) EUR;JPMorgan Asset Management (Europe) S.à r.l.;Equity;Natural Resources Sector Equity;RV Sector Recursos Naturales;EUR;Luxemburgo;6;4;1.75;1.5;31.2;53.79;19.86;18.42;2004-12-21;True;False;35000;2026-09-03
LU0266512127;JPM Global Natural Resources A acc USD;JPMorgan Funds - Global Natural Resources Fund A (acc) USD;JPMorgan Asset Management (Europe) S.à r.l.;Equity;Natural Resources Sector Equity;RV Sector Recursos Naturales;USD;Luxemburgo;6;4;1.75;1.5;29.74;53.06;22.62;17.88;2006-09-12;True;False;35000;2026-09-03
LU0208853944;JPM Global Natural Resources D acc EUR;JPMorgan Funds - Global Natural Resources Fund D (acc) EUR;JPMorgan Asset Management (Europe) S.à r.l.;Equity;Natural Resources Sector Equity;RV Sector Recursos Naturales;EUR;Luxemburgo;6;4;2.75;1.5;30.28;52.25;18.65;17.24;2005-12-05;True;False;5000;2026-09-03
LU0266512630;JPM Global Natural Resources D acc USD;JPMorgan Funds - Global Natural Resources Fund D (acc) USD;JPMorgan Asset Management (Europe) S.à r.l.;Equity;Natural Resources Sector Equity;RV Sector Recursos Naturales;USD;Luxemburgo;6;4;2.8;1.5;28.89;51.51;21.32;16.67;2007-06-08;True;False;5000;2026-09-03
LU2358792120;Ninety One GSF Glb Ntrl Res A Acc EUR;Ninety One Global Strategy Fund - Global Natural Resources Fund A Acc EUR;Ninety One Luxembourg S.A.;Equity;Natural Resources Sector Equity;RV Sector Recursos Naturales;EUR;Luxemburgo;6;5;;1.5;27.21;49.91;19.19;19.4;2021-07-22;True;False;;2026-09-03
LU0345780950;Ninety One GSF Glb Ntrl Res A Acc USD;Ninety One Global Strategy Fund - Global Natural Resources Fund A Acc USD;Ninety One Luxembourg S.A.;Equity;Natural Resources Sector Equity;RV Sector Recursos Naturales;USD;Luxemburgo;6;5;;1.5;25.56;48.37;22.1;18.91;2008-01-31;True;False;3000;2026-09-03
LU0340559557;Pictet-Timber P EUR;Pictet-Timber P EUR;Pictet Asset Management (Europe) SA;Equity;Natural Resources Sector Equity;RV Sector Recursos Naturales;EUR;Luxemburgo;6;2;2;2.4;-1.33;-7.75;-4.9;-3.43;2008-09-29;True;False;0;2026-09-03
LU0340557775;Pictet-Timber P USD;Pictet-Timber P USD;Pictet Asset Management (Europe) SA;Equity;Natural Resources Sector Equity;RV Sector Recursos Naturales;USD;Luxemburgo;6;2;2;2.4;-2.38;-8.21;-2.7;-3.85;2008-09-29;True;False;0;2026-09-03
LU0340558237;Pictet-Timber P dy USD;Pictet-Timber P dy USD;Pictet Asset Management (Europe) SA;Equity;Natural Resources Sector Equity;RV Sector Recursos Naturales;USD;Luxemburgo;6;2;2;2.4;-2.39;-8.21;-2.7;-3.85;2008-09-29;True;False;0;2026-09-03
LU0340559805;Pictet-Timber R EUR;Pictet-Timber R EUR;Pictet Asset Management (Europe) SA;Equity;Natural Resources Sector Equity;RV Sector Recursos Naturales;EUR;Luxemburgo;6;2;2.7;2.9;-1.8;-8.41;-5.57;-4.11;2008-09-29;True;False;0;2026-09-03
LU0505663822;abrdn-Future Minerals A Acc EUR;abrdn SICAV I - Future Minerals Fund A Acc EUR;abrdn Investments Luxembourg S.A.;Equity;Natural Resources Sector Equity;RV Sector Recursos Naturales;EUR;Luxemburgo;6;4;;1.5;23.49;51.53;16.21;11.84;2010-07-26;True;False;1000;2026-09-03
LU0505663152;abrdn-Future Minerals A Acc USD;abrdn SICAV I - Future Minerals Fund A Acc USD;abrdn Investments Luxembourg S.A.;Equity;Natural Resources Sector Equity;RV Sector Recursos Naturales;USD;Luxemburgo;6;4;;1.5;21.65;50.75;18.75;11.31;2010-07-26;True;False;500;2026-09-03
LU0251853072;AB Intl Health Care A EUR Acc;AB SICAV I - International Health Care Portfolio Class A EUR Acc;AllianceBernstein (Luxembourg) S.à r.l.;Equity;Healthcare Sector Equity;RV Sector Salud;EUR;Luxemburgo;6;4;1.95;1.8;8.98;21.15;3.55;3.61;1999-01-04;True;False;750;2026-09-03
LU0058720904;AB Intl Health Care A USD;AB SICAV I - International Health Care Portfolio A Acc;AllianceBernstein (Luxembourg) S.à r.l.;Equity;Healthcare Sector Equity;RV Sector Salud;USD;Luxemburgo;6;4;1.94;1.8;7.48;20.03;6.1;3.17;1995-07-05;True;False;2000;2026-09-03
LU0122379950;BGF World Healthscience A2;BlackRock Global Funds - World Healthscience Fund A2;BlackRock (Luxembourg) SA;Equity;Healthcare Sector Equity;RV Sector Salud;USD;Luxemburgo;5;4;1.81;1.5;7.61;19.67;7.75;3.95;2001-04-06;True;False;5000;2026-09-03
LU0171307068;BGF World Healthscience A2 EUR;BlackRock Global Funds - World Healthscience Fund A2 EUR;BlackRock (Luxembourg) SA;Equity;Healthcare Sector Equity;RV Sector Salud;EUR;Luxemburgo;5;4;1.81;1.5;8.77;20.26;5.32;4.41;2001-04-06;True;False;;2026-09-03
LU0823416762;BNP Paribas Health Cr Innovtr Cl Cap;BNP Paribas Funds Health Care Innovators Classic Capitalisation;BNP Paribas Asset Management Luxembourg;Equity;Healthcare Sector Equity;RV Sector Salud;EUR;Luxemburgo;6;4;;1.5;4.27;20.77;6.48;4.7;2013-05-17;True;False;0;2026-09-03
LU0823416689;BNP Paribas Health Cr Innovtr Cl USD Cap;BNP Paribas Funds Health Care Innovators Classic USD Capitalisation;BNP Paribas Asset Management Luxembourg;Equity;Healthcare Sector Equity;RV Sector Salud;USD;Luxemburgo;6;4;;1.5;2.95;19.58;9.01;4.25;2013-05-17;True;False;0;2026-09-03
ES0156741003;Bankinter Indice Salud A FI;Bankinter Indice Salud A FI;Bankinter Gestión de Activos SGIIC;Equity;Healthcare Sector Equity;RV Sector Salud;EUR;España;6;4;0;0.5;7.99;20.32;4.38;3.62;2020-11-20;True;False;50000;2026-09-03
ES0156741029;Bankinter Indice Salud R FI;Bankinter Indice Salud R FI;Bankinter Gestión de Activos SGIIC;Equity;Healthcare Sector Equity;RV Sector Salud;EUR;España;6;3;1.01;0.7;7.84;20.08;4.18;3.41;2020-11-20;True;False;10;2026-09-03
LU1811048138;Bellevue Digital Health B EUR;Bellevue Funds (Lux) - Bellevue Digital Health B EUR;Bellevue Asset Management Ltd.;Equity;Healthcare Sector Equity;RV Sector Salud;EUR;Luxemburgo;7;1;2.16;1.6;1.89;3.08;-0.32;-8.64;2018-04-30;True;False;0;2026-09-03
LU0415391431;Bellevue Medtech & Services B EUR;Bellevue Funds (Lux) - Bellevue Medtech & Services B EUR;Bellevue Asset Management Ltd.;Equity;Healthcare Sector Equity;RV Sector Salud;EUR;Luxemburgo;6;3;2.15;1.6;-10.61;-10.9;-1.86;-2.58;2009-09-30;True;False;0;2026-09-03
LU0453818899;Bellevue Medtech & Services B USD;Bellevue Funds (Lux) - Bellevue Medtech & Services B USD;Bellevue Asset Management Ltd.;Equity;Healthcare Sector Equity;RV Sector Salud;USD;Luxemburgo;6;3;2.15;1.6;-11.74;-11.77;0.47;-3.01;2009-09-30;True;False;0;2026-09-03
LU1864484214;Candriam Equities L Oncology C EUR Cap;Candriam Equities L Oncology Fund Class C EUR Cap;Candriam;Equity;Healthcare Sector Equity;RV Sector Salud;EUR;Luxemburgo;6;4;;1.6;12.64;36.85;8.57;3.47;2019-04-26;True;False;0;2026-09-03
LU1864481467;Candriam Equities L Oncology C USD Cap;Candriam Equities L Oncology Fund Class C USD Cap;Candriam;Equity;Healthcare Sector Equity;RV Sector Salud;USD;Luxemburgo;6;4;;1.6;11.21;35.57;11.15;3.02;2018-11-15;True;False;0;2026-09-03
LU0261952419;Fidelity Global Healthcare A-Acc-EUR;Fidelity Funds - Global Healthcare Fund A-Acc-EUR;FIL Investment Management (Luxembourg) S.à r.l.;Equity;Healthcare Sector Equity;RV Sector Salud;EUR;Luxemburgo;5;2;;1.5;-0.67;6.36;-0.9;-0.97;2006-09-25;True;False;2500;2026-09-03
LU0882574055;Fidelity Global Healthcare A-Acc-USD;Fidelity Funds - Global Healthcare Fund A-Acc-USD;FIL Investment Management (Luxembourg) S.à r.l.;Equity;Healthcare Sector Equity;RV Sector Salud;USD;Luxemburgo;5;2;;1.5;-1.88;5.82;1.51;-1.41;2013-03-27;True;False;2500;2026-09-03
LU0114720955;Fidelity Global Healthcare A-Dis-EUR;Fidelity Funds - Global Healthcare Fund A-DIST-EUR;FIL Investment Management (Luxembourg) S.à r.l.;Equity;Healthcare Sector Equity;RV Sector Salud;EUR;Luxemburgo;5;2;;1.5;-0.68;6.36;-0.9;-0.97;2000-09-01;True;False;;2026-09-03
LU0880062913;JPM Global Healthcare A acc EUR;JPMorgan Funds - Global Healthcare Fund A (acc) EUR;JPMorgan Asset Management (Europe) S.à r.l.;Equity;Healthcare Sector Equity;RV Sector Salud;EUR;Luxemburgo;5;3;1.7;1.5;8.7;22.21;4.29;2.54;2013-02-01;True;False;35000;2026-09-03
LU0432979614;JPM Global Healthcare A acc USD;JPMorgan Funds - Global Healthcare Fund A (acc) USD;JPMorgan Asset Management (Europe) S.à r.l.;Equity;Healthcare Sector Equity;RV Sector Salud;USD;Luxemburgo;5;4;1.7;1.5;7.55;21.62;6.7;2.09;2009-10-02;True;False;35000;2026-09-03
LU0432979374;JPM Global Healthcare A dist USD;JPMorgan Funds - Global Healthcare Fund A (dist) USD;JPMorgan Asset Management (Europe) S.à r.l.;Equity;Healthcare Sector Equity;RV Sector Salud;USD;Luxemburgo;5;4;1.7;1.5;7.55;21.62;6.71;2.1;2009-10-02;True;False;35000;2026-09-03
LU1021349151;JPM Global Healthcare D acc EUR;JPMorgan Funds - Global Healthcare Fund D (acc) EUR;JPMorgan Asset Management (Europe) S.à r.l.;Equity;Healthcare Sector Equity;RV Sector Salud;EUR;Luxemburgo;5;3;2.71;1.5;7.98;20.99;3.24;1.51;2014-02-06;True;False;5000;2026-09-03
LU0432979960;JPM Global Healthcare D acc USD;JPMorgan Funds - Global Healthcare Fund D (acc) USD;JPMorgan Asset Management (Europe) S.à r.l.;Equity;Healthcare Sector Equity;RV Sector Salud;USD;Luxemburgo;5;3;2.71;1.5;6.82;20.4;5.63;1.08;2009-10-02;True;False;5000;2026-09-03
IE00BMXMV145;Janus Henderson Glb Life Scn A2 EUR;Janus Henderson Capital Funds plc - Global Life Sciences Fund Class A2 EUR;Janus Henderson Investors;Equity;Healthcare Sector Equity;RV Sector Salud;EUR;Irlanda;6;5;2.41;1.5;12.83;36.32;9.93;7.02;2021-03-30;True;False;2500;2026-09-03
IE0009355771;Janus Henderson Glb Life Scn A2 USD;Janus Henderson Capital Funds plc - Global Life Sciences Fund Class A2 USD;Janus Henderson Investors;Equity;Healthcare Sector Equity;RV Sector Salud;USD;Irlanda;6;5;2.41;1.5;12.18;35.72;12.91;6.46;2000-03-31;True;False;2500;2026-09-03
LU0255978776;Pictet-Longevity P EUR;Pictet-Longevity P EUR;Pictet Asset Management (Europe) SA;Equity;Healthcare Sector Equity;RV Sector Salud;EUR;Luxemburgo;5;1;2;2.4;-6.87;-5.82;-3.03;-3.93;2006-06-14;True;False;0;2026-09-03
LU0188501257;Pictet-Longevity PUSD;Pictet-Longevity PUSD;Pictet Asset Management (Europe) SA;Equity;Healthcare Sector Equity;RV Sector Salud;USD;Luxemburgo;6;1;2;2.4;-7.86;-6.28;-0.79;-4.35;2004-06-30;True;False;0;2026-09-03
IE00B3NLTK32;Polar Capital Healthcare Opports R Inc;Polar Capital Funds PLC - Polar Capital Healthcare Opportunities Fund R Inc;Polar Capital LLP;Equity;Healthcare Sector Equity;RV Sector Salud;USD;Irlanda;6;5;;1.5;9.79;24.12;13.99;6.36;2009-04-01;True;False;0;2026-09-03
IE00B3NLSS43;Polar Capital Healthcare Opports R Inc EUR;Polar Capital Funds PLC - Polar Capital Healthcare Opportunities Fund R Inc EUR;Polar Capital LLP;Equity;Healthcare Sector Equity;RV Sector Salud;EUR;Irlanda;6;5;;1.5;11.21;25.28;11.34;6.83;2009-04-01;True;False;;2026-09-03
LU1683285164;UBS Lux Dgtl Hlth Eq Fd P acc;UBS (Lux) Investment SICAV 2 - UBS (Lux) Digital Health Equity Fund P acc;UBS Asset Management (Europe) S.A.;Equity;Healthcare Sector Equity;RV Sector Salud;USD;Luxemburgo;7;1;;1.92;6.12;12.37;3.5;-9.32;2017-12-14;True;False;0;2026-09-03
LU0329630130;Variopartner MIV Global Medtech P2 EUR;Variopartner SICAV - MIV Global Medtech Fund P2 EUR Cap;MIV Asset Management AG;Equity;Healthcare Sector Equity;RV Sector Salud;EUR;Luxemburgo;6;2;1.6;1.5;-13.73;-13.89;-2.09;-5.13;2010-01-13;True;False;0;2026-09-03
LU0969575561;Variopartner MIV Global Medtech P3 USD;Variopartner SICAV - MIV Global Medtech Fund P3 USD Cap;MIV Asset Management AG;Equity;Healthcare Sector Equity;RV Sector Salud;USD;Luxemburgo;6;2;1.6;1.5;-14.82;-14.69;0.24;-5.54;2013-10-21;True;False;0;2026-09-03
LU1536921650;AXAWF Robotech A Cap EUR;AXA World Funds - Robotech A Capitalisation EUR;BNP PARIBAS ASSET MANAGEMENT Europe;Equity;Technology Sector Equity;RV Sector Tecnología;EUR;Luxemburgo;6;2;1.74;1.5;13.18;18.93;11.17;3.58;2017-02-01;True;False;0;2026-09-03
LU1529780063;AXAWF Robotech A Cap USD;AXA World Funds - Robotech A Capitalisation USD;BNP PARIBAS ASSET MANAGEMENT Europe;Equity;Technology Sector Equity;RV Sector Tecnología;USD;Luxemburgo;6;2;1.74;1.5;11.72;18.22;13.8;3.1;2017-02-01;True;False;0;2026-09-03
LU2286300988;Allianz Cyber Security AT EUR Acc;Allianz Global Investors Fund - Allianz Cyber Security AT EUR Acc;Allianz Global Investors GmbH;Equity;Technology Sector Equity;RV Sector Tecnología;EUR;Luxemburgo;7;3;2.05;2.35;32.06;26.43;23.56;8.02;2021-02-09;True;False;0;2026-09-03
LU2286300806;Allianz Cyber Security AT USD Acc;Allianz Global Investors Fund - Allianz Cyber Security AT USD Acc;Allianz Global Investors GmbH;Equity;Technology Sector Equity;RV Sector Tecnología;USD;Luxemburgo;7;3;2.05;2.35;30.2;25.56;26.26;7.62;2021-02-09;True;False;0;2026-09-03
LU1548497699;Allianz Global Artfcl Intlgc AT EUR;Allianz Global Investors Fund - Allianz Global Artificial Intelligence AT EUR;Allianz Global Investors GmbH;Equity;Technology Sector Equity;RV Sector Tecnología;EUR;Luxemburgo;7;2;2.05;2.05;16.61;28.94;16.61;4.26;2017-05-02;True;False;0;2026-09-03
LU1548497426;Allianz Global Artfcl Intlgc AT USD;Allianz Global Investors Fund - Allianz Global Artificial Intelligence AT USD;Allianz Global Investors GmbH;Equity;Technology Sector Equity;RV Sector Tecnología;USD;Luxemburgo;7;2;2.05;2.05;14.99;28.16;19.16;3.78;2017-03-31;True;False;0;2026-09-03
LU1861215975;BGF Next Generation Technology A2;BlackRock Global Funds - Next Generation Technology Fund A2;BlackRock (Luxembourg) SA;Equity;Technology Sector Equity;RV Sector Tecnología;USD;Luxemburgo;6;2;1.81;1.5;30.03;48.64;28.01;3.57;2018-09-04;True;False;5000;2026-09-03
LU1917164938;BGF Next Generation Technology E2;BlackRock Global Funds - Next Generation Technology Fund E2;BlackRock (Luxembourg) SA;Equity;Technology Sector Equity;RV Sector Tecnología;EUR;Luxemburgo;7;2;2.31;1.5;31.01;48.6;24.48;3.5;2018-12-12;True;False;5000;2026-09-03
LU0056508442;BGF World Technology A2;BlackRock Global Funds - World Technology Fund A2;BlackRock (Luxembourg) SA;Equity;Technology Sector Equity;RV Sector Tecnología;USD;Luxemburgo;6;4;1.81;1.5;26.67;37.24;29.43;10.17;1995-03-03;True;False;5000;2026-09-03
LU0171310443;BGF World Technology A2 EUR;BlackRock Global Funds - World Technology Fund A2 EUR;BlackRock (Luxembourg) SA;Equity;Technology Sector Equity;RV Sector Tecnología;EUR;Luxemburgo;6;4;1.81;1.5;28.04;37.92;26.51;10.66;1995-03-03;True;False;;2026-09-03
LU0171311680;BGF World Technology A2 GBP;BlackRock Global Funds - World Technology Fund A2 GBP;BlackRock (Luxembourg) SA;Equity;Technology Sector Equity;RV Sector Tecnología;GBP;Luxemburgo;6;4;1.81;1.5;25.94;36.16;26.62;10.68;1995-03-03;True;False;;2026-09-03
LU0823421689;BNP Paribas Disrpt Tech Cl C;BNP Paribas Funds Disruptive Technology Classic Capitalisation;BNP Paribas Asset Management Luxembourg;Equity;Technology Sector Equity;RV Sector Tecnología;EUR;Luxemburgo;6;4;;1.5;23.51;34.92;22.16;13.27;2013-05-17;True;False;0;2026-09-03
IE00BZ199G90;BNY Mellon Mobility Innovation EUR A Acc;BNY Mellon Mobility Innovation Fund EUR A Acc;BNY Mellon Fund Management (Lux) S.A.;Equity;Technology Sector Equity;RV Sector Tecnología;EUR;Irlanda;6;2;;1.85;15.27;24.6;13.21;4.39;2018-10-05;True;False;5000;2026-09-03
IE00BZ199J22;BNY Mellon Mobility Innovation USD A Acc;BNY Mellon Mobility Innovation Fund USD A Acc;BNY Mellon Fund Management (Lux) S.A.;Equity;Technology Sector Equity;RV Sector Tecnología;USD;Irlanda;6;2;;1.85;13.7;23.45;16.03;3.97;2018-08-01;True;False;5000;2026-09-03
ES0114105036;Bankinter EE.UU. Nasdaq 100 R FI;Bankinter EE.UU. Nasdaq 100 R FI;Bankinter Gestión de Activos SGIIC;Equity;Technology Sector Equity;RV Sector Tecnología;EUR;España;6;3;1.26;1.15;11.5;19.46;19.2;9.48;2001-03-07;True;True;1;2026-09-03
ES0114797030;Bankinter Tecnología R FI;BankinterTecnología R FI;Bankinter Gestión de Activos SGIIC;Equity;Technology Sector Equity;RV Sector Tecnología;EUR;España;6;3;1.54;1.4;18.72;28.41;20.17;12.64;1999-06-25;True;False;1;2026-09-03
LU2092176515;BlueBox Funds Global Technology C € Acc;BlueBox Funds - BlueBox Global Technology Fund Class C EUR Acc;BlueBox Asset Management UK Ltd;Equity;Technology Sector Equity;RV Sector Tecnología;EUR;Luxemburgo;7;3;2.46;2.2;25;36.63;22.7;13.12;2021-04-21;True;False;;2026-09-03
LU0444971666;CT (Lux) Global Tech AU USD;CT (Lux) - Global Technology Class AU (USD Accumulation Shares);Threadneedle Management Luxembourg S.A.;Equity;Technology Sector Equity;RV Sector Tecnología;USD;Luxemburgo;6;5;1.95;1.65;47.09;72.36;38.65;21.48;2010-03-12;True;False;2500;2026-09-03
LU0757431738;CT (Lux) Global Tech DE;CT (Lux) - Global Technology Class DE (EUR Accumulation Shares);Threadneedle Management Luxembourg S.A.;Equity;Technology Sector Equity;RV Sector Tecnología;EUR;Luxemburgo;6;5;2.3;2;48.63;73.37;34.96;21.59;1997-05-02;True;False;2500;2026-09-03
LU1502282632;Candriam Eqs L Rbtc&Innov Tech C EUR Cap;Candriam Equities L Robotics & Innovative Technology Class C EUR Cap;Candriam;Equity;Technology Sector Equity;RV Sector Tecnología;EUR;Luxemburgo;6;3;;1.6;35.06;49.65;23.48;12.26;2017-06-06;True;False;0;2026-09-03
LU2809794220;Carmignac Pf Tech Solutions A EUR Acc;Carmignac Portfolio Tech Solutions A EUR Acc;Carmignac Gestion Luxembourg S.A.;Equity;Technology Sector Equity;RV Sector Tecnología;EUR;Luxemburgo;6;;1.79;2;41.04;65.07;;;2024-06-21;True;False;0;2026-09-03
LU0302296495;DNB Fund Technology A EUR Acc;DNB Fund - Technology A EUR (Acc);DNB Asset Management AS;Equity;Technology Sector Equity;RV Sector Tecnología;EUR;Luxemburgo;6;4;1.55;1.5;22.48;38.18;28.6;18.23;2007-08-16;True;False;0;2026-09-03
LU1047850349;DNB Fund Technology A USD Acc;DNB Fund - Technology A USD (Acc);DNB Asset Management AS;Equity;Technology Sector Equity;RV Sector Tecnología;USD;Luxemburgo;6;4;1.56;1.5;20.94;36.89;31.66;17.71;2015-08-10;True;False;0;2026-09-03
DE0008474149;DWS Artificial Intelligence ND;DWS Artificial Intelligence ND;DWS Investment GmbH;Equity;Technology Sector Equity;RV Sector Tecnología;EUR;Alemania;6;3;1.77;1.7;18.59;23.15;21.06;10.41;1983-10-14;True;False;0;2026-09-03
LU1863263346;DWS Invest Artificial Intllgnc LC;DWS Invest Artificial Intelligence LC;DWS Investment S.A.;Equity;Technology Sector Equity;RV Sector Tecnología;EUR;Luxemburgo;6;3;1.6;1.5;16.99;23.02;20.9;10.45;2018-10-01;True;False;0;2026-09-03
LU1885668399;DWS Invest Artificial Intllgnc USD LC;DWS Invest Artificial Intelligence USD LC;DWS Investment S.A.;Equity;Technology Sector Equity;RV Sector Tecnología;USD;Luxemburgo;6;3;1.6;1.5;15.39;22.42;23.7;9.97;2019-04-04;True;False;0;2026-09-03
LU1819480192;Echiquier Artificial Intelligence B EUR;Echiquier Artificial Intelligence B EUR;La Financière de l'Echiquier;Equity;Technology Sector Equity;RV Sector Tecnología;EUR;Luxemburgo;7;2;;1.64;19.55;27.69;26.79;4.69;2018-06-20;True;False;0;2026-09-03
LU2466448532;Echiquier Space B;Echiquier Space B;La Financière de l'Echiquier;Equity;Technology Sector Equity;RV Sector Tecnología;EUR;Luxemburgo;5;3;;1.65;6.24;13.84;29.53;9.63;2022-12-12;True;False;0;2026-09-03
LU2466448706;Echiquier Space B USD;Echiquier Space B USD;La Financière de l'Echiquier;Equity;Technology Sector Equity;RV Sector Tecnología;USD;Luxemburgo;5;;;1.65;;;;;2022-07-01;True;False;0;2026-09-03
LU1244893696;EdRF Big Data A EUR;Edmond de Rothschild Fund - Big Data A-EUR accumulating;Edmond de Rothschild Asset Management (France);Equity;Technology Sector Equity;RV Sector Tecnología;EUR;Luxemburgo;5;3;2.08;1.6;20.37;24.76;15.55;11.35;2015-08-31;True;False;1;2026-09-03
LU1244893779;EdRF Big Data A USD;Edmond de Rothschild Fund - Big Data A USD;Edmond de Rothschild Asset Management (France);Equity;Technology Sector Equity;RV Sector Tecnología;USD;Luxemburgo;5;3;2.08;1.6;18.93;23.68;18.32;10.89;2015-08-31;True;False;0;2026-09-03
LU1244895394;EdRF Big Data R EUR;Edmond de Rothschild Fund - Big Data R EUR;Edmond de Rothschild Asset Management (France);Equity;Technology Sector Equity;RV Sector Tecnología;EUR;Luxemburgo;5;3;2.57;2.1;20.11;24.27;15.04;10.87;2015-09-23;True;False;1;2026-09-03
LU1213836080;Fidelity Global Technology A-Acc-EUR;Fidelity Funds - Global Technology Fund A-Acc-EUR;FIL Investment Management (Luxembourg) S.à r.l.;Equity;Technology Sector Equity;RV Sector Tecnología;EUR;Luxemburgo;6;4;;1.5;16.31;28.53;20.3;13.78;2015-04-16;True;False;2500;2026-09-03
LU1046421795;Fidelity Global Technology A-Acc-USD;Fidelity Funds - Global Technology Fund A-Acc-USD;FIL Investment Management (Luxembourg) S.à r.l.;Equity;Technology Sector Equity;RV Sector Tecnología;USD;Luxemburgo;6;4;;1.5;14.91;27.87;23.22;13.27;2014-04-09;True;False;2500;2026-09-03
LU0099574567;Fidelity Global Technology A-Dis-EUR;Fidelity Funds - Global Technology Fund A-DIST-EUR;FIL Investment Management (Luxembourg) S.à r.l.;Equity;Technology Sector Equity;RV Sector Tecnología;EUR;Luxemburgo;6;4;;1.5;16.31;28.54;20.29;13.78;1999-09-01;True;False;;2026-09-03
LU0260870158;Franklin Technology A Acc EUR;Franklin Technology Fund A (Acc) EUR;Franklin Templeton International Services S.à r.l.;Equity;Technology Sector Equity;RV Sector Tecnología;EUR;Luxemburgo;7;3;1.8;1.5;22.67;28.65;22.6;9.57;2006-09-01;True;False;;2026-09-03
LU0109392836;Franklin Technology A Acc USD;Franklin Technology Fund A (Acc) USD;Franklin Templeton International Services S.à r.l.;Equity;Technology Sector Equity;RV Sector Tecnología;USD;Luxemburgo;7;3;1.8;1.5;20.98;27.46;25.62;9.11;2000-04-03;True;False;1000;2026-09-03
LU2484078832;Invesco Artificial Intllgnc A Acc EUR;Invesco Funds - Invesco Artificial Intelligence Fund A Acc EUR;Invesco Management S.A.;Equity;Technology Sector Equity;RV Sector Tecnología;EUR;Luxemburgo;6;3;;1.5;13.04;23.15;21.72;;2022-08-08;True;False;1000;2026-09-03
LU0210532015;JPM Europe Dynamic Techs A acc EUR;JPMorgan Funds - Europe Dynamic Technologies Fund A (acc) EUR;JPMorgan Asset Management (Europe) S.à r.l.;Equity;Technology Sector Equity;RV Sector Tecnología;EUR;Luxemburgo;6;2;1.74;1.5;17.94;27.93;10.48;1.23;2005-03-31;True;False;35000;2026-09-03
LU0104030142;JPM Europe Dynamic Techs A dist EUR;JPMorgan Funds - Europe Dynamic Technologies Fund A (dist) EUR;JPMorgan Asset Management (Europe) S.à r.l.;Equity;Technology Sector Equity;RV Sector Tecnología;EUR;Luxemburgo;6;2;1.75;1.5;17.92;27.93;10.47;1.22;1999-11-08;True;False;35000;2026-09-03
LU0117884675;JPM Europe Dynamic Techs D acc EUR;JPMorgan Funds - Europe Dynamic Technologies Fund D (acc) EUR;JPMorgan Asset Management (Europe) S.à r.l.;Equity;Technology Sector Equity;RV Sector Tecnología;EUR;Luxemburgo;6;2;2.75;1.5;17.1;26.64;9.35;0.2;2000-10-13;True;False;5000;2026-09-03
LU0159052710;JPM US Technology A acc EUR;JPMorgan Funds - US Technology Fund A (acc) - EUR;JPMorgan Asset Management (Europe) S.à r.l.;Equity;Technology Sector Equity;RV Sector Tecnología;EUR;Luxemburgo;7;3;1.68;1.5;8.31;15.72;18.11;8.68;2010-06-11;True;False;35000;2026-09-03
LU0210536867;JPM US Technology A acc USD;JPMorgan Funds - US Technology Fund A (acc) - USD;JPMorgan Asset Management (Europe) S.à r.l.;Equity;Technology Sector Equity;RV Sector Tecnología;USD;Luxemburgo;7;3;1.71;1.5;7.14;15.13;20.81;8.18;2005-03-31;True;False;35000;2026-09-03
LU0082616367;JPM US Technology A dist USD;JPMorgan Funds - US Technology Fund A (dist) - USD;JPMorgan Asset Management (Europe) S.à r.l.;Equity;Technology Sector Equity;RV Sector Tecnología;USD;Luxemburgo;7;3;;1.5;7.13;15.12;20.82;8.18;1997-12-05;True;False;35000;2026-09-03
LU0159053015;JPM US Technology D acc EUR;JPMorgan Funds - US Technology Fund D (acc) - EUR;JPMorgan Asset Management (Europe) S.à r.l.;Equity;Technology Sector Equity;RV Sector Tecnología;EUR;Luxemburgo;7;3;2.69;1.5;7.58;14.56;16.93;7.59;2009-12-11;True;False;5000;2026-09-03
LU0117885052;JPM US Technology D acc USD;JPMorgan Funds - US Technology Fund D (acc) - USD;JPMorgan Asset Management (Europe) S.à r.l.;Equity;Technology Sector Equity;RV Sector Tecnología;USD;Luxemburgo;7;3;2.69;1.5;6.39;13.96;19.61;7.13;2000-10-13;True;False;5000;2026-09-03
IE0009356076;Janus Henderson Glb Tech&Inno A2 USD;Janus Henderson Capital Funds plc - Global Technology and Innovation Fund A2 USD;Janus Henderson Investors;Equity;Technology Sector Equity;RV Sector Tecnología;USD;Irlanda;6;4;2.43;1.5;23.81;32.1;28.85;12.45;2000-03-31;True;False;2500;2026-09-03
LU0572952280;Janus Henderson Hrzn GlbTechLdrs A2EUR;Janus Henderson Horizon Global Technology Leaders Fund A2 EUR;Janus Henderson Investors;Equity;Technology Sector Equity;RV Sector Tecnología;EUR;Luxemburgo;6;4;1.87;1.2;23.13;33.34;26.65;14.74;2007-10-19;True;False;2500;2026-09-03
LU0572952017;Janus Henderson Hrzn GlbTechLdrs A2GBP;Janus Henderson Horizon Global Technology Leaders Fund A2 GBP;Janus Henderson Investors;Equity;Technology Sector Equity;RV Sector Tecnología;GBP;Luxemburgo;6;4;1.87;1.2;21.12;31.64;26.77;14.77;2006-01-03;True;False;1500;2026-09-03
LU0070992663;Janus Henderson Hrzn GlbTechLdrs A2USD;Janus Henderson Horizon Global Technology Leaders Fund A2 USD;Janus Henderson Investors;Equity;Technology Sector Equity;RV Sector Tecnología;USD;Luxemburgo;6;4;1.87;1.2;21.81;32.69;29.58;14.25;1996-10-15;True;False;2500;2026-09-03
IE00018YKVN0;Neuberger Nex GenSpcEcyEURAAccUnH;Neuberger Next Generation Space Economy Fund EUR A Accumulating Class - Unhedged;Neuberger Berman Asset Management Ireland Limited;Equity;Technology Sector Equity;RV Sector Tecnología;EUR;Irlanda;6;;1.85;0.85;7.36;18.05;;;2024-10-30;True;False;1000000;2026-09-03
IE00BMD7ZB71;Neuberger Next Gen Cnnctvity EUR A Acc;Neuberger Next Generation Connectivity Fund EUR A Accumulating Class - Unhedged;Neuberger Berman Asset Management Ireland Limited;Equity;Technology Sector Equity;RV Sector Tecnología;EUR;Irlanda;6;3;1.83;1.7;38.36;55.11;37.15;14.5;2020-04-22;True;False;1000;2026-09-03
IE00BMPRXN33;Neuberger Next Gen Cnnctvity USD A Acc;Neuberger Next Generation Connectivity Fund USD A Accumulating Class;Neuberger Berman Asset Management Ireland Limited;Equity;Technology Sector Equity;RV Sector Tecnología;USD;Irlanda;6;3;1.83;1.7;36.63;53.68;40.4;14;2020-05-04;True;False;1000;2026-09-03
LU1919842267;Oddo BHF Artificial Intellig CR-EUR;Oddo BHF Artificial Intelligence CR-EUR;ODDO BHF Asset Management SAS;Equity;Technology Sector Equity;RV Sector Tecnología;EUR;Luxemburgo;6;3;;1.6;14.86;19.72;18.07;9.14;2019-01-14;True;False;100;2026-09-03
LU1279334210;Pictet - Robotics P EUR;Pictet - Robotics P EUR;Pictet Asset Management (Europe) SA;Equity;Technology Sector Equity;RV Sector Tecnología;EUR;Luxemburgo;6;3;1.97;2.4;27.6;45.96;24.95;13.45;2015-10-07;True;False;0;2026-09-03
LU1279333675;Pictet - Robotics P USD;Pictet - Robotics P USD;Pictet Asset Management (Europe) SA;Equity;Technology Sector Equity;RV Sector Tecnología;USD;Luxemburgo;7;3;1.97;2.4;26.23;45.25;27.84;12.95;2015-10-07;True;False;0;2026-09-03
LU1279334301;Pictet - Robotics P dy EUR;Pictet - Robotics P dy EUR;Pictet Asset Management (Europe) SA;Equity;Technology Sector Equity;RV Sector Tecnología;EUR;Luxemburgo;6;3;1.97;2.4;27.6;45.96;24.95;13.45;2015-10-07;True;False;0;2026-09-03
LU1279334483;Pictet - Robotics R EUR;Pictet - Robotics R EUR;Pictet Asset Management (Europe) SA;Equity;Technology Sector Equity;RV Sector Tecnología;EUR;Luxemburgo;6;3;2.68;2.9;27;44.94;24.07;12.65;2015-10-07;True;False;0;2026-09-03
LU1279333832;Pictet - Robotics R USD;Pictet - Robotics R USD;Pictet Asset Management (Europe) SA;Equity;Technology Sector Equity;RV Sector Tecnología;USD;Luxemburgo;7;3;2.68;2.9;25.64;44.23;26.94;12.16;2015-10-07;True;False;0;2026-09-03
LU0340554913;Pictet-Digital P EUR;Pictet-Digital P EUR;Pictet Asset Management (Europe) SA;Equity;Technology Sector Equity;RV Sector Tecnología;EUR;Luxemburgo;6;3;1.98;2.4;14.9;19.28;20.91;8.1;2008-06-30;True;False;0;2026-09-03
LU0101692670;Pictet-Digital PUSD;Pictet-Digital PUSD;Pictet Asset Management (Europe) SA;Equity;Technology Sector Equity;RV Sector Tecnología;USD;Luxemburgo;6;3;1.98;2.4;13.67;18.7;23.71;7.64;1997-11-14;True;False;0;2026-09-03
LU0340555134;Pictet-Digital R EUR;Pictet-Digital R EUR;Pictet Asset Management (Europe) SA;Equity;Technology Sector Equity;RV Sector Tecnología;EUR;Luxemburgo;6;3;2.69;2.9;14.35;18.44;20.06;7.35;2008-06-30;True;False;0;2026-09-03
IE00BM95B621;Polar Capital Global Tech R Acc;Polar Capital Funds PLC - Polar Capital Global Technology Fund R Acc;Polar Capital LLP;Equity;Technology Sector Equity;RV Sector Tecnología;EUR;Irlanda;6;5;;1.5;50.32;81.36;44.91;22.51;2020-06-30;True;False;0;2026-09-03
IE00B433M743;Polar Capital Global Tech R Inc;Polar Capital Funds PLC - Polar Capital Global Technology Fund R Income;Polar Capital LLP;Equity;Technology Sector Equity;RV Sector Tecnología;USD;Irlanda;7;5;;1.5;48.42;79.64;48.34;21.99;2009-09-04;True;False;0;2026-09-03
IE00B4468526;Polar Capital Global Tech R Inc EUR;Polar Capital Funds PLC - Polar Capital Global Technology Fund R Income EUR;Polar Capital LLP;Equity;Technology Sector Equity;RV Sector Tecnología;EUR;Irlanda;7;5;;1.5;50.32;81.33;44.89;22.52;2009-09-04;True;False;;2026-09-03
IE00B42N8Z54;Polar Capital Global Tech R Inc GBP;Polar Capital Funds PLC - Polar Capital Global Technology Fund R Income GBP;Polar Capital LLP;Equity;Technology Sector Equity;RV Sector Tecnología;GBP;Irlanda;7;5;;1.5;47.46;79.28;44.9;22.43;2009-09-04;True;False;;2026-09-03
FR0014008M99;R-co Thematic Blockchain Global Eq C EUR;R-co Thematic Blockchain Global Equity C EUR;Rothschild & Co Asset Management;Equity;Technology Sector Equity;RV Sector Tecnología;EUR;Francia;6;2;;2.25;-1.4;-3.26;27.3;;2022-07-08;True;False;1;2026-09-03
LU1700710939;Robeco FinTech D EUR;Robeco FinTech D EUR;Robeco Institutional Asset Management BV;Equity;Technology Sector Equity;RV Sector Tecnología;EUR;Luxemburgo;6;2;1.71;1.5;-6.4;-14.9;7.17;-3.67;2017-11-17;True;False;0;2026-09-03
LU1700711317;Robeco FinTech D USD;Robeco FinTech D USD;Robeco Institutional Asset Management BV;Equity;Technology Sector Equity;RV Sector Tecnología;USD;Luxemburgo;6;2;1.71;1.5;-7.59;-15.7;9.71;-4.09;2017-11-17;True;False;0;2026-09-03
LU2145465402;Robeco Smart Mobility D-EUR Cap;Robeco Smart Mobility D-EUR Capitalisation;Robeco Institutional Asset Management BV;Equity;Technology Sector Equity;RV Sector Tecnología;EUR;Luxemburgo;6;2;;1.5;20.27;28.8;10.29;5.42;2020-10-29;True;False;0;2026-09-03
LU2145465584;Robeco Smart Mobility D-USD Cap;Robeco Smart Mobility D-USD Capitalisation;Robeco Institutional Asset Management BV;Equity;Technology Sector Equity;RV Sector Tecnología;USD;Luxemburgo;7;2;1.72;1.5;18.74;27.61;12.91;4.96;2020-10-29;True;False;0;2026-09-03
LU1244139660;T. Rowe Price Glb Tech Eq A;T. Rowe Price Funds SICAV - Global Technology Equity Fund A;T. Rowe Price (Luxembourg) Management S.à r.l.;Equity;Technology Sector Equity;RV Sector Tecnología;USD;Luxemburgo;7;2;1.85;1.75;30.97;45.28;32.37;5.35;2015-06-15;True;False;0;2026-09-03
LU0081259029;UBS (Lux) EF Tech Opp (USD) P acc;UBS (Lux) Equity Fund - Tech Opportunity (USD) P-acc;UBS Asset Management (Europe) S.A.;Equity;Technology Sector Equity;RV Sector Tecnología;USD;Luxemburgo;7;2;2.11;1.63;19.14;27.29;20.77;7.82;1997-12-01;True;False;;2026-09-03
LU1330433571;UBS Lux Rbtc and Atmtn Eq P acc;UBS (Lux) Investment SICAV 2 - UBS (Lux) Robotics and Automation Equity Fund P acc;UBS Asset Management (Europe) S.A.;Equity;Technology Sector Equity;RV Sector Tecnología;USD;Luxemburgo;6;2;1.85;1.92;14.33;19.16;11.84;1.35;2016-06-30;True;False;0;2026-09-03
LU1751454437;Wellington Asia Tech USD D Acc;Wellington Asia Technology Fund USD D Ac;Wellington Luxembourg S.à r.l.;Equity;Technology Sector Equity;RV Sector Tecnología;USD;Luxemburgo;6;3;2.14;0.9;31.82;53.57;31.62;11.07;2018-03-14;True;False;5000;2026-09-03
LU0087657150;AXAWF Switzerland Eq A Cap CHF;AXA World Funds - Switzerland Equity A Capitalisation CHF;BNP PARIBAS ASSET MANAGEMENT Europe;Equity;Europe Equity Large Cap;RV Suiza;CHF;Luxemburgo;5;2;1.74;1.5;11.48;16.26;6.68;0.84;1990-06-20;True;False;0;2026-09-03
LU0184627536;AXAWF Switzerland Eq A Cap EUR;AXA World Funds - Switzerland Equity A Capitalisation EUR;BNP PARIBAS ASSET MANAGEMENT Europe;Equity;Europe Equity Large Cap;RV Suiza;EUR;Luxemburgo;5;2;1.74;1.5;9.87;13.76;7.13;3.7;2004-02-27;True;False;0;2026-09-03
LU0054754816;Fidelity Switzerland A-Dis-CHF;Fidelity Funds - Switzerland Fund A-DIST-CHF;FIL Investment Management (Luxembourg) S.à r.l.;Equity;Europe Equity Large Cap;RV Suiza;CHF;Luxemburgo;5;1;;1.5;10.82;15.42;8.01;0.38;1995-02-13;True;False;;2026-09-03
LU0106244287;Schroder ISF Swiss Equity A Acc CHF;Schroder International Selection Fund Swiss Equity A Accumulation CHF;Schroder Investment Management (Europe) S.A.;Equity;Europe Equity Large Cap;RV Suiza;CHF;Luxemburgo;5;2;1.58;1.25;7.94;13.35;7.73;1.49;2000-01-17;True;False;;2026-09-03
LU0073503921;UBAM Swiss Equity AC CHF;UBAM - Swiss Equity AC CHF;UBP Asset Management (Europe) S.A.;Equity;Europe Equity Large Cap;RV Suiza;CHF;Luxemburgo;6;2;1.38;1;7.53;11.78;9.48;0.01;1997-01-31;True;False;0;2026-09-03
LU0038279252;GAM Multistock Swiss Sm & Md Cp Eq CHF A;GAM Multistock - Swiss Small & Mid Cap Equity CHF A;GAM (Luxembourg) SA;Equity;Europe Equity Mid/Small Cap;RV Suiza Cap. Peq/Mediana;CHF;Luxemburgo;6;2;1.72;1.6;8.45;9.57;4.24;-2.92;1992-04-24;True;False;0;2026-09-03
LU0038279179;GAM Multistock Swiss Sm & Md Cp Eq CHF B;GAM Multistock - Swiss Small & Mid Cap Equity CHF B;GAM (Luxembourg) SA;Equity;Europe Equity Mid/Small Cap;RV Suiza Cap. Peq/Mediana;CHF;Luxemburgo;6;2;1.72;1.6;8.45;9.57;4.24;-2.92;1992-04-24;True;False;0;2026-09-03
LU0636969866;Mirabaud Eqs Swiss Sm & Mid A CHF Acc;Mirabaud - Equities Swiss Small & Mid A CHF Acc;Mirabaud Asset Management (Suisse) SA;Equity;Europe Equity Mid/Small Cap;RV Suiza Cap. Peq/Mediana;CHF;Luxemburgo;6;2;1.8;1.5;6.98;10.67;5.97;-1.39;2004-02-23;True;False;1;2026-09-03
LU0401357313;JPM Taiwan A acc EUR;JPMorgan Funds - Taiwan Fund A (acc) EUR;JPMorgan Asset Management (Europe) S.à r.l.;Equity;Greater China Equity;RV Taiwán Cap. Grande;EUR;Luxemburgo;7;2;1.8;1.5;79.27;104.15;42.66;20.46;2008-12-09;True;False;35000;2026-09-03
LU0270816068;Schroder ISF Taiwanese Equity A1 Acc USD;Schroder International Selection Fund Taiwanese Equity A1 Accumulation USD;Schroder Investment Management (Europe) S.A.;Equity;Greater China Equity;RV Taiwán Cap. Grande;USD;Luxemburgo;6;2;;1.5;88.63;127.34;45.33;20.56;2008-01-18;True;False;1000;2026-09-03
IE00B6TTF483;Polar Capital North American R GBP;Polar Capital Funds PLC - Polar Capital North American Fund Class R GBP;Polar Capital LLP;Equity;US Equity Large Cap Blend;RV USA Cap. Flexible;GBP;Irlanda;6;4;;1.25;14.05;15.26;14.32;9.13;2011-11-15;True;False;;2026-09-03
LU0787776565;AB Select US Equity A EUR;AB SICAV I - Select US Equity Portfolio A EUR Acc;AllianceBernstein (Luxembourg) S.à r.l.;Equity;US Equity Large Cap Blend;RV USA Cap. Grande Blend;EUR;Luxemburgo;6;4;1.97;1.8;11.96;16.81;16.63;11.85;2011-10-28;True;False;2000;2026-09-03
LU0683600562;AB Select US Equity A USD;AB SICAV I - Select US Equity Portfolio A Acc;AllianceBernstein (Luxembourg) S.à r.l.;Equity;US Equity Large Cap Blend;RV USA Cap. Grande Blend;USD;Luxemburgo;5;4;1.97;1.8;10.41;15.74;19.5;11.37;2011-10-28;True;False;2000;2026-09-03
IE00B530N462;AXA IM US Enhanced Index Eq QI B Acc;AXA IM Equity Trust - AXA IM US Enhanced Index Equity QI B Acc;BNP PARIBAS ASSET MANAGEMENT Europe;Equity;US Equity Large Cap Blend;RV USA Cap. Grande Blend;EUR;Irlanda;6;3;0.84;0.8;11.86;18.1;15.49;10.98;2014-07-11;True;False;5000;2026-09-03
IE0033609722;AXA IM US Enhanced Index Eq QI B(USD);AXA IM Equity Trust - AXA IM US Enhanced Index Equity QI B (USD);BNP PARIBAS ASSET MANAGEMENT Europe;Equity;US Equity Large Cap Blend;RV USA Cap. Grande Blend;USD;Irlanda;6;3;;0.8;10.44;16.99;18.23;10.49;2009-01-21;True;False;5000;2026-09-03
LU1992126992;Allianz US Equity Fund AT EUR;Allianz Global Investors Fund - Allianz US Equity Fund AT EUR;Allianz Global Investors GmbH;Equity;US Equity Large Cap Blend;RV USA Cap. Grande Blend;EUR;Luxemburgo;6;2;1.8;1.8;9.33;14.49;15.17;8.51;2019-12-17;True;False;0;2026-09-03
LU1883859230;Amundi Fds US Equity Rsrch A EUR C;Amundi Funds - US Equity Research A EUR (C);Amundi Luxembourg S.A.;Equity;US Equity Large Cap Blend;RV USA Cap. Grande Blend;EUR;Luxemburgo;6;2;1.8;1.5;13.21;22.81;13.02;8.88;2000-12-18;True;False;1;2026-09-03
LU1883859404;Amundi Fds US Equity Rsrch A USD C;Amundi Funds - US Equity Research A USD (C);Amundi Luxembourg S.A.;Equity;US Equity Large Cap Blend;RV USA Cap. Grande Blend;USD;Luxemburgo;6;2;1.79;1.5;11.76;21.65;15.72;8.38;2001-12-27;True;False;1;2026-09-03
LU3081004643;Amundi Fds US Equity Rsrch A2 USD C;Amundi Funds - US Equity Research A2 USD (C);Amundi Luxembourg S.A.;Equity;US Equity Large Cap Blend;RV USA Cap. Grande Blend;USD;Luxemburgo;;;1.94;1.65;11.64;;;;2025-12-01;True;False;;2026-09-03
LU1883872332;Amundi Fds US Pioneer A EUR C;Amundi Funds - US Pioneer Fund A EUR (C);Amundi Luxembourg S.A.;Equity;US Equity Large Cap Blend;RV USA Cap. Grande Blend;EUR;Luxemburgo;6;3;1.78;1.25;9.09;17.66;16.48;11.3;2001-10-29;True;False;1;2026-09-03
LU1883872415;Amundi Fds US Pioneer A USD C;Amundi Funds - US Pioneer Fund A USD (C);Amundi Luxembourg S.A.;Equity;US Equity Large Cap Blend;RV USA Cap. Grande Blend;USD;Luxemburgo;6;3;1.78;1.25;7.7;16.57;19.24;10.81;2001-12-11;True;False;1;2026-09-03
LU2070308726;Amundi Fds US Pioneer A2 EUR C;Amundi Funds - US Pioneer Fund A2 EUR (C);Amundi Luxembourg S.A.;Equity;US Equity Large Cap Blend;RV USA Cap. Grande Blend;EUR;Luxemburgo;6;3;1.95;1.4;8.99;17.51;16.3;11.16;2019-11-19;True;False;0;2026-09-03
LU0389812347;Amundi MSCI NrthAmESGBrdTransition-AE(C);Amundi MSCI North America ESG Broad Transition - AE (C);Amundi Luxembourg S.A.;Equity;US Equity Large Cap Blend;RV USA Cap. Grande Blend;EUR;Luxemburgo;6;3;;0.15;12.62;19.27;16.19;11.2;2008-09-24;True;True;0;2026-09-03
LU0442407853;Amundi MSCI NrthAmESGBrdTransition-AU(C);Amundi MSCI North America ESG Broad Transition - AU (C);Amundi Luxembourg S.A.;Equity;US Equity Large Cap Blend;RV USA Cap. Grande Blend;USD;Luxemburgo;6;3;;0.15;11.2;18.09;18.95;10.71;2009-12-21;True;True;1;2026-09-03
LU0996179007;Amundi S&P 500 Screened INDEX AE Acc;Amundi S&P 500 Screened INDEX AE Acc;Amundi Luxembourg S.A.;Equity;US Equity Large Cap Blend;RV USA Cap. Grande Blend;EUR;Luxemburgo;6;4;;0.15;13.68;22.44;17.29;13.32;2014-04-17;True;True;0;2026-09-03
LU0996179189;Amundi S&P 500 Screened INDEX AE Dist;Amundi S&P 500 Screened INDEX AE Dist;Amundi Luxembourg S.A.;Equity;US Equity Large Cap Blend;RV USA Cap. Grande Blend;EUR;Luxemburgo;6;4;;0.15;13.68;22.44;17.3;13.32;2014-04-17;True;True;;2026-09-03
LU0996178884;Amundi S&P 500 Screened INDEX AU Acc;Amundi S&P 500 Screened INDEX AU Acc;Amundi Luxembourg S.A.;Equity;US Equity Large Cap Blend;RV USA Cap. Grande Blend;USD;Luxemburgo;6;4;;0.15;12.24;21.23;20.08;12.82;2014-04-17;True;True;1;2026-09-03
LU1893896552;ArtemisFds(Lux) US Extd Alpha A EUR Acc;Artemis Funds (Lux) - US Extended Alpha A accumulation EUR;Artemis Investment Management LLP;Equity;US Equity Large Cap Blend;RV USA Cap. Grande Blend;EUR;Luxemburgo;5;3;;1.65;15.17;24.43;15.9;11.01;2018-11-06;True;False;25000;2026-09-03
LU1893896636;ArtemisFds(Lux) US Extd Alpha A USD Acc;Artemis Funds (Lux) - US Extended Alpha A accumulation USD;Artemis Investment Management LLP;Equity;US Equity Large Cap Blend;RV USA Cap. Grande Blend;USD;Luxemburgo;5;3;;1.65;13.94;23.83;18.58;10.53;2018-11-06;True;False;25000;2026-09-03
LU0154236417;BGF US Flexible Equity A2;BlackRock Global Funds - US Flexible Equity Fund A2;BlackRock (Luxembourg) SA;Equity;US Equity Large Cap Blend;RV USA Cap. Grande Blend;USD;Luxemburgo;6;4;1.81;1.5;14.17;28.43;21.13;12.68;2002-10-31;True;False;5000;2026-09-03
LU0171296865;BGF US Flexible Equity A2 EUR;BlackRock Global Funds - US Flexible Equity Fund A2 EUR;BlackRock (Luxembourg) SA;Equity;US Equity Large Cap Blend;RV USA Cap. Grande Blend;EUR;Luxemburgo;6;4;1.81;1.5;15.41;29.08;18.39;13.17;2002-10-31;True;False;;2026-09-03
LU1956163379;BNPP Rspnb US Mlt-Fac Eq Cl EUR Acc;BNP Paribas Funds Responsible US Multi-Factor Equity Classic EUR Acc;BNP Paribas Asset Management Luxembourg;Equity;US Equity Large Cap Blend;RV USA Cap. Grande Blend;EUR;Luxemburgo;6;3;;1.5;15.63;21.32;16.28;11.4;2019-09-27;True;False;0;2026-09-03
ES0113574042;Bankinter Multi-Asset Investment US FI;Bankinter Multi-Asset Investment US Investment FI;Bankinter Gestión de Activos SGIIC;Equity;US Equity Large Cap Blend;RV USA Cap. Grande Blend;EUR;España;6;2;0.5;0.4;13.31;20.4;16.03;;2022-01-21;True;False;1;2026-09-03
ES0114763032;Bankinter Índice América R FI;Bankinter Índice América R FI;Bankinter Gestión de Activos SGIIC;Equity;US Equity Large Cap Blend;RV USA Cap. Grande Blend;EUR;España;6;1;1.1;1;9.1;14.82;16.04;8.67;2000-07-28;True;True;1;2026-09-03
LU0061475181;CT (Lux) American AU;CT (Lux) - American Class AU (USD Accumulation Shares);Threadneedle Management Luxembourg S.A.;Equity;US Equity Large Cap Blend;RV USA Cap. Grande Blend;USD;Luxemburgo;6;3;1.8;1.5;11.97;20.02;18.47;9.09;1995-10-31;True;False;2500;2026-09-03
LU1378994856;Capital Group InvCoAmer LUX B;Capital Group Investment Company of America LUX B;Capital International Management Company Sàrl;Equity;US Equity Large Cap Blend;RV USA Cap. Grande Blend;USD;Luxemburgo;6;3;0.9;1.3;8.68;12.97;19.4;11.55;2016-06-17;True;False;0;2026-09-03
LU1378994690;Capital Group InvCoAmer LUX B EUR;Capital Group Investment Company of America LUX B EUR;Capital International Management Company Sàrl;Equity;US Equity Large Cap Blend;RV USA Cap. Grande Blend;EUR;Luxemburgo;6;3;0.9;1.3;10.21;14.05;16.53;12.02;2016-06-17;True;False;;2026-09-03
IE00BYX5MX67;Fidelity S&P 500 Index EUR P Acc;Fidelity S&P 500 Index Fund EUR P Acc;FIL Investment Management (Luxembourg) S.A., Ireland Branch;Equity;US Equity Large Cap Blend;RV USA Cap. Grande Blend;EUR;Irlanda;6;4;0.06;0.06;13.5;20.27;17.38;12.62;2018-03-20;True;True;0;2026-09-03
IE00BYX5MS15;Fidelity S&P 500 Index USD P Acc;Fidelity S&P 500 Index Fund USD P Acc;FIL Investment Management (Luxembourg) S.A., Ireland Branch;Equity;US Equity Large Cap Blend;RV USA Cap. Grande Blend;USD;Irlanda;6;4;0.06;0.06;11.99;19.04;20.17;12.13;2018-03-20;True;True;0;2026-09-03
LU0275692696;Fidelity US Equity Fund A-Acc-EUR;Fidelity Funds - US Equity Fund A-Acc-EUR;FIL Investment Management (Luxembourg) S.à r.l.;Equity;US Equity Large Cap Blend;RV USA Cap. Grande Blend;EUR;Luxemburgo;5;2;;1.5;5.33;8.1;7.01;4.65;2006-12-04;True;False;2500;2026-09-03
LU0275693405;Fidelity US Equity Fund A-Acc-USD;Fidelity Funds - US Equity Fund A-Acc-USD;FIL Investment Management (Luxembourg) S.à r.l.;Equity;US Equity Large Cap Blend;RV USA Cap. Grande Blend;USD;Luxemburgo;5;2;;1.5;4.03;7.55;9.61;4.17;2006-12-04;True;False;2500;2026-09-03
LU0077335932;Fidelity US Equity Fund A-Dis-USD;Fidelity Funds - US Equity Fund A-DIST-USD;FIL Investment Management (Luxembourg) S.à r.l.;Equity;US Equity Large Cap Blend;RV USA Cap. Grande Blend;USD;Luxemburgo;5;2;;1.5;4.08;7.59;9.63;4.18;1997-06-30;True;False;2500;2026-09-03
LU0234572021;GS US CORE Equity Base Acc USD;Goldman Sachs US CORE Equity Portfolio Base Acc USD Close;Goldman Sachs Asset Management B.V.;Equity;US Equity Large Cap Blend;RV USA Cap. Grande Blend;USD;Luxemburgo;6;3;;1;8.15;15.29;18.79;10.39;2005-11-21;True;False;5000;2026-09-03
LU0234571726;GS US CORE Equity Base Acc USD Snap;Goldman Sachs US CORE Equity Portfolio Base Acc USD Snap;Goldman Sachs Asset Management B.V.;Equity;US Equity Large Cap Blend;RV USA Cap. Grande Blend;USD;Luxemburgo;6;3;;1;7.76;16.59;18.85;10.37;2005-11-14;True;False;5000;2026-09-03
LU0065004045;GS US CORE Equity Base Inc USD Snap;Goldman Sachs US CORE Equity Portfolio Base Inc USD Snap;Goldman Sachs Asset Management B.V.;Equity;US Equity Large Cap Blend;RV USA Cap. Grande Blend;USD;Luxemburgo;6;3;;1;7.76;16.59;18.85;10.37;1996-11-18;True;False;5000;2026-09-03
LU0133265412;GS US CORE Equity E Acc EUR;Goldman Sachs US CORE Equity Portfolio E Acc EUR;Goldman Sachs Asset Management B.V.;Equity;US Equity Large Cap Blend;RV USA Cap. Grande Blend;EUR;Luxemburgo;5;3;;1;8.54;16.57;15.58;10.29;2001-07-31;True;False;1500;2026-09-03
LU0234588027;GS US Equity ESG Base Acc USD;Goldman Sachs US Equity ESG Portfolio Base Acc USD;Goldman Sachs Asset Management B.V.;Equity;US Equity Large Cap Blend;RV USA Cap. Grande Blend;USD;Luxemburgo;6;2;;1.5;8.03;13.26;14.19;7.21;2006-02-03;True;False;5000;2026-09-03
LU0234687605;GS US Equity ESG E Acc EUR;Goldman Sachs US Equity ESG Portfolio E Acc EUR;Goldman Sachs Asset Management B.V.;Equity;US Equity Large Cap Blend;RV USA Cap. Grande Blend;EUR;Luxemburgo;5;1;;1.5;8.66;12.96;10.78;6.87;2006-02-03;True;False;1500;2026-09-03
LU0217390227;JPM America Equity A acc EUR;JPMorgan Funds - America Equity Fund A (acc) EUR;JPMorgan Asset Management (Europe) S.à r.l.;Equity;US Equity Large Cap Blend;RV USA Cap. Grande Blend;EUR;Luxemburgo;5;3;;1.5;7.2;11.51;13.74;10.64;2013-05-07;True;False;35000;2026-09-03
LU0210528500;JPM America Equity A acc USD;JPMorgan Funds - America Equity Fund A (acc) USD;JPMorgan Asset Management (Europe) S.à r.l.;Equity;US Equity Large Cap Blend;RV USA Cap. Grande Blend;USD;Luxemburgo;6;3;;1.5;6.03;10.94;16.36;10.16;2005-04-01;True;False;35000;2026-09-03
LU0053666078;JPM America Equity A dist USD;JPMorgan Funds - America Equity Fund A (dist) USD;JPMorgan Asset Management (Europe) S.à r.l.;Equity;US Equity Large Cap Blend;RV USA Cap. Grande Blend;USD;Luxemburgo;6;3;;1.5;6.05;10.96;16.38;10.18;1988-11-16;True;False;35000;2026-09-03
LU0217390490;JPM America Equity D acc EUR;JPMorgan Funds - America Equity Fund D (acc) EUR;JPMorgan Asset Management (Europe) S.à r.l.;Equity;US Equity Large Cap Blend;RV USA Cap. Grande Blend;EUR;Luxemburgo;5;3;;1.5;6.63;10.64;12.83;9.75;2006-05-08;True;False;5000;2026-09-03
LU0117861202;JPM America Equity D acc USD;JPMorgan Funds - America Equity Fund D (acc) USD;JPMorgan Asset Management (Europe) S.à r.l.;Equity;US Equity Large Cap Blend;RV USA Cap. Grande Blend;USD;Luxemburgo;6;3;;1.5;5.5;10.12;15.49;9.34;2000-10-13;True;False;5000;2026-09-03
LU0218171717;JPM US Select Equity A acc EUR;JPMorgan Investment Funds - US Select Equity Fund A (acc) EUR;JPMorgan Asset Management (Europe) S.à r.l.;Equity;US Equity Large Cap Blend;RV USA Cap. Grande Blend;EUR;Luxemburgo;5;3;1.66;1.5;5.6;10.42;12.55;9.16;2008-06-10;True;False;35000;2026-09-03
LU0070214290;JPM US Select Equity A acc USD;JPMorgan Investment Funds - US Select Equity Fund A (acc) USD;JPMorgan Asset Management (Europe) S.à r.l.;Equity;US Equity Large Cap Blend;RV USA Cap. Grande Blend;USD;Luxemburgo;6;3;1.67;1.5;4.47;9.88;15.15;8.69;1984-07-05;True;False;35000;2026-09-03
LU0247985343;JPM US Select Equity A dist USD;JPMorgan Investment Funds - US Select Equity Fund A (dist) USD;JPMorgan Asset Management (Europe) S.à r.l.;Equity;US Equity Large Cap Blend;RV USA Cap. Grande Blend;USD;Luxemburgo;6;3;1.68;1.5;4.46;9.85;15.12;8.66;2006-05-15;True;False;35000;2026-09-03
LU0218172103;JPM US Select Equity D acc EUR;JPMorgan Investment Funds - US Select Equity Fund D (acc) EUR;JPMorgan Asset Management (Europe) S.à r.l.;Equity;US Equity Large Cap Blend;RV USA Cap. Grande Blend;EUR;Luxemburgo;5;2;2.22;1.5;5.21;9.81;11.93;8.53;2019-06-24;True;False;5000;2026-09-03
LU0115097544;JPM US Select Equity D acc USD;JPMorgan Investment Funds - US Select Equity Fund D (acc) USD;JPMorgan Asset Management (Europe) S.à r.l.;Equity;US Equity Large Cap Blend;RV USA Cap. Grande Blend;USD;Luxemburgo;6;3;2.18;1.5;4.11;9.32;14.55;8.13;2002-02-01;True;False;5000;2026-09-03
LU0281483569;JPM US Select Equity Plus A acc EUR;JPMorgan Funds - US Select Equity Plus Fund A (acc) - EUR;JPMorgan Asset Management (Europe) S.à r.l.;Equity;US Equity Large Cap Blend;RV USA Cap. Grande Blend;EUR;Luxemburgo;5;4;1.68;1.5;7.78;13.63;15.5;11.94;2014-02-12;True;False;35000;2026-09-03
LU0292454872;JPM US Select Equity Plus A acc USD;JPMorgan Funds - US Select Equity Plus Fund A (acc) - USD;JPMorgan Asset Management (Europe) S.à r.l.;Equity;US Equity Large Cap Blend;RV USA Cap. Grande Blend;USD;Luxemburgo;6;4;1.67;1.5;6.64;13.1;18.19;11.45;2007-07-05;True;False;35000;2026-09-03
LU0281484963;JPM US Select Equity Plus D acc EUR;JPMorgan Funds - US Select Equity Plus Fund D (acc) - EUR;JPMorgan Asset Management (Europe) S.à r.l.;Equity;US Equity Large Cap Blend;RV USA Cap. Grande Blend;EUR;Luxemburgo;5;3;2.45;1.5;7.22;12.76;14.58;11.02;2018-02-23;True;False;5000;2026-09-03
LU0281484880;JPM US Select Equity Plus D acc USD;JPMorgan Funds - US Select Equity Plus Fund D (acc) - USD;JPMorgan Asset Management (Europe) S.à r.l.;Equity;US Equity Large Cap Blend;RV USA Cap. Grande Blend;USD;Luxemburgo;6;3;2.43;1.5;6.08;12.21;17.28;10.61;2007-07-05;True;False;5000;2026-09-03
IE0031385887;Jupiter Merian NA Eq (IRL) L $ Acc;Jupiter Merian North American Equity Fund (IRL) L USD Acc;Jupiter Asset Management (Europe) Limited;Equity;US Equity Large Cap Blend;RV USA Cap. Grande Blend;USD;Irlanda;6;4;1.71;1.5;15.8;24.8;21.82;12.19;2002-04-17;True;False;500;2026-09-03
IE00B01FHS02;Jupiter Merian NA Eq (IRL) L EUR Acc;Jupiter Merian North American Equity Fund (IRL) L EUR Acc;Jupiter Asset Management (Europe) Limited;Equity;US Equity Large Cap Blend;RV USA Cap. Grande Blend;EUR;Irlanda;5;4;1.7;1.5;17.44;25.33;19.18;12.7;2004-11-30;True;False;500;2026-09-03
LU1833929729;ODDO BHF US Equity Trend CR EUR;ODDO BHF US Equity Trend CR-EUR;ODDO BHF Asset Management SAS;Equity;US Equity Large Cap Blend;RV USA Cap. Grande Blend;EUR;Luxemburgo;6;4;;1.2;13.85;20.96;20.19;12.59;2018-07-16;True;False;100;2026-09-03
LU0474966164;Pictet-USA Index P EUR;Pictet-USA Index P EUR;Pictet Asset Management (Europe) SA;Equity;US Equity Large Cap Blend;RV USA Cap. Grande Blend;EUR;Luxemburgo;6;3;0.44;0.45;13.24;19.8;16.95;12.19;2011-06-07;True;True;0;2026-09-03
LU0130732877;Pictet-USA Index P USD;Pictet-USA Index PUSD;Pictet Asset Management (Europe) SA;Equity;US Equity Large Cap Blend;RV USA Cap. Grande Blend;USD;Luxemburgo;6;3;0.44;0.45;11.81;18.62;19.73;11.7;1999-11-04;True;True;0;2026-09-03
LU0248185190;Schroder ISF US Large Cap A Acc EUR;Schroder International Selection Fund US Large Cap A Accumulation EUR;Schroder Investment Management (Europe) S.A.;Equity;US Equity Large Cap Blend;RV USA Cap. Grande Blend;EUR;Luxemburgo;5;3;;1.25;7.6;13.08;16.07;11.63;2006-03-22;True;False;1000;2026-09-03
LU0106261372;Schroder ISF US Large Cap A Acc USD;Schroder International Selection Fund US Large Cap A Accumulation USD;Schroder Investment Management (Europe) S.A.;Equity;US Equity Large Cap Blend;RV USA Cap. Grande Blend;USD;Luxemburgo;5;3;;1.25;6.19;12.77;18.61;11.14;2000-01-17;True;False;1000;2026-09-03
LU0429319345;T. Rowe Price US Eq A;T. Rowe Price Funds SICAV - US Equity Fund A;T. Rowe Price (Luxembourg) Management S.à r.l.;Equity;US Equity Large Cap Blend;RV USA Cap. Grande Blend;USD;Luxemburgo;5;3;1.59;1.5;11.86;17.26;17.45;9.81;2009-06-26;True;False;0;2026-09-03
LU1438969518;T. Rowe Price US Eq A (EUR);T. Rowe Price Funds SICAV - US Equity Fund A (EUR);T. Rowe Price (Luxembourg) Management S.à r.l.;Equity;US Equity Large Cap Blend;RV USA Cap. Grande Blend;EUR;Luxemburgo;5;3;1.59;1.5;13.04;17.81;14.8;10.3;2016-06-30;True;False;1000;2026-09-03
LU2858665370;T. Rowe Price US Struct Rsh Eq A EUR;T. Rowe Price Funds SICAV - US Structured Research Equity Fund A (EUR);T. Rowe Price (Luxembourg) Management S.à r.l.;Equity;US Equity Large Cap Blend;RV USA Cap. Grande Blend;EUR;Luxemburgo;5;;0.84;0.75;13.79;20.8;;;2024-08-09;True;False;0;2026-09-03
IE0032620787;Vanguard US 500 Stock Index Inv EUR Acc;Vanguard U.S. 500 Stock Index Fund Investor EUR Accumulation;Vanguard Group (Ireland) Limited;Equity;US Equity Large Cap Blend;RV USA Cap. Grande Blend;EUR;Irlanda;6;4;0.1;0.1;14;21.09;17.51;12.61;2003-04-30;True;True;1000000;2026-09-03
LU1717118274;Vontobel US Equity B EUR;Vontobel Fund - US Equity B EUR Cap;Vontobel Asset Management S.A.;Equity;US Equity Large Cap Blend;RV USA Cap. Grande Blend;EUR;Luxemburgo;5;1;1.99;1.65;-7.77;-9.17;2.64;3.55;2017-11-24;True;False;0;2026-09-03
LU0035765741;Vontobel US Equity B USD;Vontobel Fund - US Equity B USD Cap;Vontobel Asset Management S.A.;Equity;US Equity Large Cap Blend;RV USA Cap. Grande Blend;USD;Luxemburgo;5;2;1.99;1.65;-8.94;-10.01;5.08;3.09;1991-11-21;True;False;0;2026-09-03
LU0836513001;iShares North America Eq Idx (LU) A2 USD;iShares North America Equity Index Fund (LU) A2 USD;BlackRock (Luxembourg) SA;Equity;US Equity Large Cap Blend;RV USA Cap. Grande Blend;USD;Luxemburgo;6;3;0.52;0.45;11.24;19.86;19.85;11.12;2012-10-23;True;True;5;2026-09-03
IE00BD0NCT25;iShares US Index (IE) D Acc USD;iShares US Index Fund (IE) D Acc USD;BlackRock Asset Management Ireland Ltd;Equity;US Equity Large Cap Blend;RV USA Cap. Grande Blend;USD;Irlanda;6;4;0.08;0.08;11.09;18.75;19.83;12;2017-04-27;True;True;100000;2026-09-03
LU0232524495;AB American Growth A EUR;AB SICAV I - American Growth Portfolio A EUR Acc;AllianceBernstein (Luxembourg) S.à r.l.;Equity;US Equity Large Cap Growth;RV USA Cap. Grande Growth;EUR;Luxemburgo;6;4;;1.5;3.59;5.88;12.51;7.26;2000-11-24;True;False;2000;2026-09-03
LU0079474960;AB American Growth A USD;AB SICAV I - American Growth Portfolio A Acc;AllianceBernstein (Luxembourg) S.à r.l.;Equity;US Equity Large Cap Growth;RV USA Cap. Grande Growth;USD;Luxemburgo;6;4;;1.5;2.16;4.89;15.27;6.8;1997-01-06;True;False;2000;2026-09-03
LU1232087814;Alger American Asset Growth A EU;Alger SICAV - Alger American Asset Growth Fund Class A EU;Alger Management Ltd;Equity;US Equity Large Cap Growth;RV USA Cap. Grande Growth;EUR;Luxemburgo;6;4;2.11;1.75;13.13;22.8;29.29;14;2015-06-08;True;False;100;2026-09-03
LU0070176184;Alger American Asset Growth A US;Alger SICAV - Alger American Asset Growth Fund Class A US;Alger Management Ltd;Equity;US Equity Large Cap Growth;RV USA Cap. Grande Growth;USD;Luxemburgo;6;4;2.11;1.75;11.51;21.6;32.46;13.51;1996-08-19;True;False;100;2026-09-03
LU1883854199;Amundi Fds US Eq Fundm Gr A EUR C;Amundi Funds - US Equity Fundamental Growth A EUR C;Amundi Luxembourg S.A.;Equity;US Equity Large Cap Growth;RV USA Cap. Grande Growth;EUR;Luxemburgo;6;3;1.78;1.5;6.83;10.08;11.18;8.79;2008-12-12;True;False;1;2026-09-03
LU1883854355;Amundi Fds US Eq Fundm Gr A USD C;Amundi Funds - US Equity Fundamental Growth A USD C;Amundi Luxembourg S.A.;Equity;US Equity Large Cap Growth;RV USA Cap. Grande Growth;USD;Luxemburgo;6;3;1.78;1.5;5.48;9.05;13.83;8.32;2019-06-07;True;False;0;2026-09-03
LU3081004486;Amundi Fds US Eq Fundm Gr A2 EUR C;Amundi Funds - US Equity Fundamental Growth A2 EUR C;Amundi Luxembourg S.A.;Equity;US Equity Large Cap Growth;RV USA Cap. Grande Growth;EUR;Luxemburgo;;;;1.65;6.71;;;;2025-06-27;True;False;;2026-09-03
LU2819204210;Amundi Fds US Eq Fundm Gr A2 USD C;Amundi Funds - US Equity Fundamental Growth A2 USD C;Amundi Luxembourg S.A.;Equity;US Equity Large Cap Growth;RV USA Cap. Grande Growth;USD;Luxemburgo;;;1.94;1.65;5.36;8.87;;;2024-05-29;True;False;;2026-09-03
LU0171298135;BGF US Growth A2 EUR;BlackRock Global Funds - US Growth Fund A2 EUR;BlackRock (Luxembourg) SA;Equity;US Equity Large Cap Growth;RV USA Cap. Grande Growth;EUR;Luxemburgo;6;3;1.81;1.5;12.69;16.03;17.42;7.67;1999-04-30;True;False;;2026-09-03
LU0171298218;BGF US Growth E2 EUR;BlackRock Global Funds - US Growth Fund E2 EUR;BlackRock (Luxembourg) SA;Equity;US Equity Large Cap Growth;RV USA Cap. Grande Growth;EUR;Luxemburgo;6;3;2.31;1.5;12.3;15.44;16.82;7.13;2002-07-11;True;False;;2026-09-03
IE00BK5TWD80;Baillie Gifford WW US Equity Gr A EUR;Baillie Gifford Worldwide US Equity Growth Fund Class A EUR Acc;Baillie Gifford Investment Management (Europe) Limited;Equity;US Equity Large Cap Growth;RV USA Cap. Grande Growth;EUR;Irlanda;7;1;1.63;1.5;-1.51;-9.31;11.35;-5.68;2019-09-30;True;False;1000;2026-09-03
IE00BK70YW20;Baillie Gifford WW US Equity Gr A USD;Baillie Gifford Worldwide US Equity Growth Fund Class A USD Acc;Baillie Gifford Investment Management (Europe) Limited;Equity;US Equity Large Cap Growth;RV USA Cap. Grande Growth;USD;Irlanda;7;1;1.63;1.5;-2.87;-10.1;13.78;-6.12;2019-12-13;True;False;1000;2026-09-03
IE00B0PVD642;Brown Advisory US Equity Growth $ A;Brown Advisory US Equity Growth $ A;Brown Adv (Ireland) Limited;Equity;US Equity Large Cap Growth;RV USA Cap. Grande Growth;USD;Irlanda;6;2;;1.5;9.54;4.09;10.83;1.79;2010-06-29;True;False;5000;2026-09-03
IE00BF1T6Q88;Brown Advisory US Sust Gr EUR A Acc;Brown Advisory US Sustainable Growth Fund EUR Class A Acc Shares;Brown Adv (Ireland) Limited;Equity;US Equity Large Cap Growth;RV USA Cap. Grande Growth;EUR;Irlanda;6;2;;1.5;9.47;7.62;9.58;5.16;2021-02-09;True;False;5000;2026-09-03
IE00BF1T6L34;Brown Advisory US Sust Gr USD A Acc;Brown Advisory US Sustainable Growth Fund USD Class A Acc Shares;Brown Adv (Ireland) Limited;Equity;US Equity Large Cap Growth;RV USA Cap. Grande Growth;USD;Irlanda;6;2;;1.5;8.05;6.6;12.18;4.7;2020-05-07;True;False;5000;2026-09-03
LU1221952796;Edgewood L Sel US Select Growth A USD AD;Edgewood L Select US Select Growth A USD AD;Edgewood Management LLC;Equity;US Equity Large Cap Growth;RV USA Cap. Grande Growth;USD;Luxemburgo;6;2;;1.25;-6.37;-4.1;7.83;-1.68;2015-05-07;True;False;0;2026-09-03
IE00B19Z9612;FTGF CB US Lg Cp Gr A EUR Acc;FTGF ClearBridge US Large Cap Growth Fund Class A Euro Accumulating;Franklin Templeton International Services S.à r.l.;Equity;US Equity Large Cap Growth;RV USA Cap. Grande Growth;EUR;Irlanda;6;3;1.72;1.25;4.23;4.82;11.24;6.68;2008-08-27;True;False;1000;2026-09-03
IE00B19Z9505;FTGF CB US Lg Cp Gr A USD Acc;FTGF ClearBridge US Large Cap Growth Fund Class A US$ Accumulating;Franklin Templeton International Services S.à r.l.;Equity;US Equity Large Cap Growth;RV USA Cap. Grande Growth;USD;Irlanda;6;3;1.72;1.25;2.79;3.85;13.98;6.24;2007-04-20;True;False;1000;2026-09-03
IE000IJHRNQ0;Findlay Park American A EUR Acc;Findlay Park American ICAV Class A EUR Accumulation;Findlay Park Partners LLP;Equity;US Equity Large Cap Growth;RV USA Cap. Grande Growth;EUR;Irlanda;;2;1.7;1.7;6.03;5.95;6.28;;2023-05-02;True;False;;2026-09-03
LU0260861751;Franklin US Opportunities A(Ydis)EUR;Franklin U.S. Opportunities Fund A(Ydis)EUR;Franklin Templeton International Services S.à r.l.;Equity;US Equity Large Cap Growth;RV USA Cap. Grande Growth;EUR;Luxemburgo;6;2;1.8;1.5;7.01;6.94;12.04;3.91;2006-09-01;True;False;;2026-09-03
LU0260869739;Franklin US Opportunities A(acc)EUR;Franklin U.S. Opportunities Fund A(acc)EUR;Franklin Templeton International Services S.à r.l.;Equity;US Equity Large Cap Growth;RV USA Cap. Grande Growth;EUR;Luxemburgo;6;2;1.8;1.5;7.01;6.94;12.05;3.92;2006-09-01;True;False;;2026-09-03
LU0109391861;Franklin US Opportunities A(acc)USD;Franklin U.S. Opportunities Fund A(acc)USD;Franklin Templeton International Services S.à r.l.;Equity;US Equity Large Cap Growth;RV USA Cap. Grande Growth;USD;Luxemburgo;6;2;;1.5;5.55;5.94;14.81;3.48;2000-04-03;True;False;1000;2026-09-03
LU0210536198;JPM US Growth A acc USD;JPMorgan Funds - US Growth Fund A (acc) - USD;JPMorgan Asset Management (Europe) S.à r.l.;Equity;US Equity Large Cap Growth;RV USA Cap. Grande Growth;USD;Luxemburgo;6;4;1.69;1.5;-0.78;4.99;16.67;8.45;2005-03-31;True;False;35000;2026-09-03
LU0119089182;JPM US Growth A dist GBP;JPMorgan Funds - US Growth Fund A (dist) - GBP;JPMorgan Asset Management (Europe) S.à r.l.;Equity;US Equity Large Cap Growth;RV USA Cap. Grande Growth;GBP;Luxemburgo;6;4;1.8;1.5;-1.4;4.04;14.03;8.84;2000-10-20;True;False;35000;2026-09-03
LU0119065240;JPM US Growth D acc USD;JPMorgan Funds - US Growth Fund D (acc) - USD;JPMorgan Asset Management (Europe) S.à r.l.;Equity;US Equity Large Cap Growth;RV USA Cap. Grande Growth;USD;Luxemburgo;6;4;2.46;1.5;-1.29;4.17;15.78;7.63;2000-10-20;True;False;5000;2026-09-03
IE0004445239;Janus Henderson US Forty A2 USD;Janus Henderson Capital Funds plc - US Forty Fund Class A2 USD;Janus Henderson Investors;Equity;US Equity Large Cap Growth;RV USA Cap. Grande Growth;USD;Irlanda;6;3;2.16;1.25;2.92;8.3;17.35;6.18;1998-12-24;True;False;2500;2026-09-03
LU0225737302;MS INVF US Advantage A;Morgan Stanley Investment Funds - US Advantage Fund A;MSIM Fund Management (Ireland) Limited;Equity;US Equity Large Cap Growth;RV USA Cap. Grande Growth;USD;Luxemburgo;7;1;1.64;1.4;-5.67;-5.81;17.51;-3.98;2005-12-01;True;False;0;2026-09-03
LU2295319482;MS INVF US Advantage A EUR;Morgan Stanley Investment Funds - US Advantage Fund A (EUR);MSIM Fund Management (Ireland) Limited;Equity;US Equity Large Cap Growth;RV USA Cap. Grande Growth;EUR;Luxemburgo;7;1;1.64;1.4;-4.63;-5.36;14.87;-3.56;2021-04-16;True;False;;2026-09-03
LU2295319565;MS INVF US Growth A EUR;Morgan Stanley Investment Funds - US Growth Fund A (EUR);MSIM Fund Management (Ireland) Limited;Equity;US Equity Large Cap Growth;RV USA Cap. Grande Growth;EUR;Luxemburgo;7;1;;1.4;-5.44;-7.2;17.81;-4.19;2021-02-26;True;False;;2026-09-03
LU0073232471;MS INVF US Growth A USD;Morgan Stanley Investment Funds - US Growth Fund A (USD);MSIM Fund Management (Ireland) Limited;Equity;US Equity Large Cap Growth;RV USA Cap. Grande Growth;USD;Luxemburgo;7;1;;1.4;-6.47;-7.65;20.54;-4.61;1997-02-03;True;False;0;2026-09-03
IE00BF5FQ626;Polen Capital Focus US Gr EUR Retail UnH;Polen Capital Investment Funds plc - Polen Capital Focus U.S. Growth Fund EUR Class (Retail Unhdg);Polen Capital Management, LLC;Equity;US Equity Large Cap Growth;RV USA Cap. Grande Growth;EUR;Irlanda;6;1;1.59;1.5;-7.38;-8;1.59;-2.4;2019-02-05;True;False;1000;2026-09-03
IE00B99FTC33;Polen Capital Focus US Gr USD Retail;Polen Capital Investment Funds plc - Polen Capital Focus U.S. Growth Fund USD Class (Retail);Polen Capital Management, LLC;Equity;US Equity Large Cap Growth;RV USA Cap. Grande Growth;USD;Irlanda;6;1;1.59;1.5;-8.66;-8.86;4.1;-2.81;2015-03-13;True;False;1000;2026-09-03
IE00BMPRPP98;Seilern America EUR U R;Seilern America EUR U R;Seilern International AG;Equity;US Equity Large Cap Growth;RV USA Cap. Grande Growth;EUR;Irlanda;6;2;1.65;1.5;-1.36;-2.44;0.68;0.34;2020-04-16;True;False;500;2026-09-03
IE00B1ZBRN64;Seilern America USD U R;Seilern America USD U R;Seilern International AG;Equity;US Equity Large Cap Growth;RV USA Cap. Grande Growth;USD;Irlanda;6;2;1.66;1.5;-2.6;-3.4;3.07;-0.1;2007-06-11;True;False;500;2026-09-03
LU0133085943;T. Rowe Price US Blue Chip Eq A;T. Rowe Price Funds SICAV - US Blue Chip Equity Fund A;T. Rowe Price (Luxembourg) Management S.à r.l.;Equity;US Equity Large Cap Growth;RV USA Cap. Grande Growth;USD;Luxemburgo;6;3;1.61;1.5;-1.05;6.35;19.1;6.73;2003-02-05;True;False;0;2026-09-03
LU1438969195;T. Rowe Price US Blue Chip Eq A (EUR);T. Rowe Price Funds SICAV - US Blue Chip Equity Fund A (EUR);T. Rowe Price (Luxembourg) Management S.à r.l.;Equity;US Equity Large Cap Growth;RV USA Cap. Grande Growth;EUR;Luxemburgo;6;3;1.61;1.5;0;6.87;16.38;7.18;2016-06-30;True;False;1000;2026-09-03
LU1777971893;T. Rowe Price US Lg Cap Gr Eq A EUR;T. Rowe Price Funds SICAV - US Large Cap Growth Equity Fund A (EUR);T. Rowe Price (Luxembourg) Management S.à r.l.;Equity;US Equity Large Cap Growth;RV USA Cap. Grande Growth;EUR;Luxemburgo;6;3;1.6;1.5;4.75;11.27;16.9;8.84;2018-02-20;True;False;2500000;2026-09-03
LU0174119429;T. Rowe Price US Lrg Cap Gr Eq A;T. Rowe Price Funds SICAV - US Large Cap Growth Equity Fund A;T. Rowe Price (Luxembourg) Management S.à r.l.;Equity;US Equity Large Cap Growth;RV USA Cap. Grande Growth;USD;Luxemburgo;6;4;1.59;1.5;3.61;10.71;19.64;8.4;2003-11-13;True;False;0;2026-09-03
LU0198837287;UBS (Lux) ES USA Growth $ P-acc;UBS (Lux) Equity SICAV - USA Growth (USD) P-acc;UBS Asset Management (Europe) S.A.;Equity;US Equity Large Cap Growth;RV USA Cap. Grande Growth;USD;Luxemburgo;6;3;2.09;1.63;4.21;9.27;18.59;8.7;2004-10-08;True;False;;2026-09-03
LU1894682704;Amundi Fds US Equity Rsrch Val A EUR C;Amundi Funds - US Equity Research Value A EUR (C);Amundi Luxembourg S.A.;Equity;US Equity Large Cap Value;RV USA Cap. Grande Value;EUR;Luxemburgo;6;2;1.8;1.5;19.64;23.99;12.21;9;2008-12-12;True;False;1;2026-09-03
LU3081004726;Amundi Fds US Equity Rsrch Val A2 EUR C;Amundi Funds - US Equity Research Value A2 EUR (C);Amundi Luxembourg S.A.;Equity;US Equity Large Cap Value;RV USA Cap. Grande Value;EUR;Luxemburgo;;;;1.65;19.51;;;;2025-06-27;True;False;;2026-09-03
LU0072461881;BGF US Basic Value A2;BlackRock Global Funds - US Basic Value Fund A2;BlackRock (Luxembourg) SA;Equity;US Equity Large Cap Value;RV USA Cap. Grande Value;USD;Luxemburgo;5;3;1.81;1.5;15.27;23.73;16.35;9.82;1997-01-08;True;False;5000;2026-09-03
LU0171293920;BGF US Basic Value A2 EUR;BlackRock Global Funds - US Basic Value Fund A2 EUR;BlackRock (Luxembourg) SA;Equity;US Equity Large Cap Value;RV USA Cap. Grande Value;EUR;Luxemburgo;5;3;1.81;1.5;16.51;24.34;13.72;10.3;1997-01-08;True;False;;2026-09-03
IE0031575271;Brandes US Value A Euro;Brandes US Value Fund A Euro Acc;Brandes Investment Partners (Europe) Limited;Equity;US Equity Large Cap Value;RV USA Cap. Grande Value;EUR;Irlanda;6;3;1.73;0.7;17.36;22.98;14.19;11.27;2003-07-17;True;False;10000;2026-09-03
IE0031575388;Brandes US Value A GBP;Brandes US Value Fund A GBP Acc;Brandes Investment Partners (Europe) Limited;Equity;US Equity Large Cap Value;RV USA Cap. Grande Value;GBP;Irlanda;5;3;1.72;0.7;15.64;21.56;14.31;11.28;2005-09-22;True;False;;2026-09-03
IE0031575164;Brandes US Value A USD;Brandes US Value Fund A USD Acc;Brandes Investment Partners (Europe) Limited;Equity;US Equity Large Cap Value;RV USA Cap. Grande Value;USD;Irlanda;6;4;1.7;0.7;15.74;22.49;16.97;10.73;2003-07-17;True;False;10000;2026-09-03
IE00B19Z3920;FTGF CB US Value A EUR Acc;FTGF ClearBridge US Value Fund Class A Euro Accumulating;Franklin Templeton International Services S.à r.l.;Equity;US Equity Large Cap Value;RV USA Cap. Grande Value;EUR;Irlanda;6;3;1.83;1.35;16.06;19.78;11.77;10.22;2007-06-12;True;False;1000;2026-09-03
IE0002270589;FTGF CB US Value A USD Dis(A);FTGF ClearBridge US Value Fund Class A US$ Distributing (A);Franklin Templeton International Services S.à r.l.;Equity;US Equity Large Cap Value;RV USA Cap. Grande Value;USD;Irlanda;6;3;1.83;1.35;14.41;18.6;14.51;9.74;1998-03-23;True;False;1000;2026-09-03
LU0251127410;Fidelity America A-Acc-EUR;Fidelity Funds - America Fund A-Acc-EUR;FIL Investment Management (Luxembourg) S.à r.l.;Equity;US Equity Large Cap Value;RV USA Cap. Grande Value;EUR;Luxemburgo;5;1;;1.5;7.81;13.91;7.49;7.48;2006-07-03;True;False;;2026-09-03
LU0251131958;Fidelity America A-Acc-USD;Fidelity Funds - America Fund A-Acc-USD;FIL Investment Management (Luxembourg) S.à r.l.;Equity;US Equity Large Cap Value;RV USA Cap. Grande Value;USD;Luxemburgo;5;1;;1.5;6.53;13.32;10.11;6.99;2006-07-03;True;False;2500;2026-09-03
LU0048573561;Fidelity America A-Dis;Fidelity Funds - America Fund A-DIST;FIL Investment Management (Luxembourg) S.à r.l.;Equity;US Equity Large Cap Value;RV USA Cap. Grande Value;USD;Luxemburgo;5;1;;1.5;6.54;13.31;10.1;6.98;1990-10-01;True;False;2500;2026-09-03
LU0069450822;Fidelity America A-Dis-EUR;Fidelity Funds - America Fund A-DIST-EUR;FIL Investment Management (Luxembourg) S.à r.l.;Equity;US Equity Large Cap Value;RV USA Cap. Grande Value;EUR;Luxemburgo;5;1;;1.5;7.86;13.99;7.5;7.47;2004-02-16;True;False;;2026-09-03
LU0140362707;Franklin Mutual US Value A acc EUR;Franklin Mutual U.S. Value Fund A(acc)EUR;Franklin Templeton International Services S.à r.l.;Equity;US Equity Large Cap Value;RV USA Cap. Grande Value;EUR;Luxemburgo;5;1;1.83;1.5;10.95;12.82;9.27;6.35;2001-12-31;True;False;;2026-09-03
LU0070302665;Franklin Mutual US Value A acc USD;Franklin Mutual U.S. Value Fund A(acc)USD;Franklin Templeton International Services S.à r.l.;Equity;US Equity Large Cap Value;RV USA Cap. Grande Value;USD;Luxemburgo;6;1;1.84;1.5;9.42;11.77;11.96;5.91;1997-07-07;True;False;1000;2026-09-03
IE00B3N32X37;Heptagon Yacktman US Equity A USD Acc;Heptagon Fund ICAV - Yacktman US Equity Fund A USD Acc;Heptagon Capital Limited;Equity;US Equity Large Cap Value;RV USA Cap. Grande Value;USD;Irlanda;5;4;;1.5;19.81;27.35;14.26;8.21;2011-01-31;True;False;15000;2026-09-03
IE00B95B6G86;Heptagon Yacktman US Equity AE EUR Acc;Heptagon Fund ICAV - Yacktman US Equity Fund AE EUR Acc;Heptagon Capital Limited;Equity;US Equity Large Cap Value;RV USA Cap. Grande Value;EUR;Irlanda;5;4;1.77;1.5;21.35;28.55;11.61;8.69;2013-11-07;True;False;15000;2026-09-03
LU1211166183;JPM US Value A acc EUR;JPMorgan Funds - US Value Fund A (acc) - EUR;JPMorgan Asset Management (Europe) S.à r.l.;Equity;US Equity Large Cap Value;RV USA Cap. Grande Value;EUR;Luxemburgo;5;3;1.72;1.5;15.95;21.95;11.91;9.4;2015-04-09;True;False;35000;2026-09-03
LU0210536511;JPM US Value A acc USD;JPMorgan Funds - US Value Fund A (acc) - USD;JPMorgan Asset Management (Europe) S.à r.l.;Equity;US Equity Large Cap Value;RV USA Cap. Grande Value;USD;Luxemburgo;5;3;1.69;1.5;14.72;21.4;14.51;8.94;2005-03-31;True;False;35000;2026-09-03
LU0119066727;JPM US Value D acc USD;JPMorgan Funds - US Value Fund D (acc) - USD;JPMorgan Asset Management (Europe) S.à r.l.;Equity;US Equity Large Cap Value;RV USA Cap. Grande Value;USD;Luxemburgo;5;2;2.45;1.5;14.15;20.49;13.64;8.11;2000-10-20;True;False;5000;2026-09-03
LU1670626792;M&G (Lux) North Amer Val A EUR Acc;M&G (Lux) North American Value Fund EUR A Acc;M&G Luxembourg S.A.;Equity;US Equity Large Cap Value;RV USA Cap. Grande Value;EUR;Luxemburgo;5;4;1.71;1.5;19.21;29.32;14.63;11.48;2018-11-09;True;False;1000;2026-09-03
LU1670627097;M&G (Lux) North Amer Val A USD Acc;M&G (Lux) North American Value Fund USD A Acc;M&G Luxembourg S.A.;Equity;US Equity Large Cap Value;RV USA Cap. Grande Value;USD;Luxemburgo;6;4;1.71;1.5;17.43;28.65;17.13;10.94;2018-11-09;True;False;1000;2026-09-03
LU0125979160;MFS Meridian US Value A1 USD;MFS Meridian Funds - U.S. Value Fund A1 USD;MFS Investment Management Company (Lux) S.à.r.l;Equity;US Equity Large Cap Value;RV USA Cap. Grande Value;USD;Luxemburgo;5;2;1.91;1.05;9.18;11.94;11.88;6.21;2002-02-01;True;False;0;2026-09-03
LU0510167009;Robeco BP US Large Cap Equities D $;Robeco BP US Large Cap Equities D $;Robeco Institutional Asset Management BV;Equity;US Equity Large Cap Value;RV USA Cap. Grande Value;USD;Luxemburgo;6;4;1.47;1.25;18.58;24.82;17.87;11.75;2010-05-28;True;False;0;2026-09-03
LU0474363974;Robeco BP US Large Cap Equities D €;Robeco BP US Large Cap Equities D €;Robeco Institutional Asset Management BV;Equity;US Equity Large Cap Value;RV USA Cap. Grande Value;EUR;Luxemburgo;5;4;1.46;1.25;20.1;26.01;15.13;12.25;2010-01-04;True;False;0;2026-09-03
LU0226953718;Robeco BP US Premium Equities D $;Robeco BP US Premium Equities ClassD $;Robeco Institutional Asset Management BV;Equity;US Equity Large Cap Value;RV USA Cap. Grande Value;USD;Luxemburgo;6;3;1.71;1.5;17.36;23.74;15.41;10.25;2005-10-03;True;False;0;2026-09-03
LU0434928536;Robeco BP US Premium Equities D €;Robeco BP US Premium Equities D €;Robeco Institutional Asset Management BV;Equity;US Equity Large Cap Value;RV USA Cap. Grande Value;EUR;Luxemburgo;5;3;1.71;1.5;18.87;24.9;12.73;10.74;2009-07-13;True;False;0;2026-09-03
LU0792910720;Robeco BP US Premium Equities F $;Robeco BP US Premium Equities F $;Robeco Institutional Asset Management BV;Equity;US Equity Large Cap Value;RV USA Cap. Grande Value;USD;Luxemburgo;6;3;0.96;0.75;17.95;24.67;16.28;11.08;2012-07-03;True;False;0;2026-09-03
LU0006061336;BGF US Mid-Cap Value A2;BlackRock Global Funds - US Mid-Cap Value Fund A2;BlackRock (Luxembourg) SA;Equity;US Equity Mid Cap;RV USA Cap. Mediana;USD;Luxemburgo;6;4;1.81;1.5;14.27;18.83;13.07;8.02;1987-05-13;True;False;5000;2026-09-03
LU0171298648;BGF US Mid-Cap Value A2 EUR;BlackRock Global Funds - US Mid-Cap Value Fund A2 EUR;BlackRock (Luxembourg) SA;Equity;US Equity Mid Cap;RV USA Cap. Mediana;EUR;Luxemburgo;6;4;1.81;1.5;15.5;19.42;10.51;8.49;1987-05-13;True;False;;2026-09-03
LU0154245756;BNP Paribas US Mid Cap Classic R;BNP Paribas Funds US Mid CapClassicR;BNP Paribas Asset Management Luxembourg;Equity;US Equity Mid Cap;RV USA Cap. Mediana;USD;Luxemburgo;6;3;;1.75;7.78;10.33;9.56;4.45;2006-01-31;True;False;0;2026-09-03
LU0674140396;Robeco BP US Select Opports Eqs D $;Robeco BP US Select Opportunities Equities D $;Robeco Institutional Asset Management BV;Equity;US Equity Mid Cap;RV USA Cap. Mediana;USD;Luxemburgo;6;4;1.72;1.5;13.72;13.42;12.9;8.37;2011-09-19;True;False;0;2026-09-03
LU0975848937;Robeco BP US Select Opports Eqs D €;Robeco BP US Select Opportunities Equities D €;Robeco Institutional Asset Management BV;Equity;US Equity Mid Cap;RV USA Cap. Mediana;EUR;Luxemburgo;6;4;1.72;1.5;15.18;14.49;10.28;8.85;2013-10-03;True;False;0;2026-09-03
LU0248178732;Schroder ISF US S&M-Cap Eq A Acc EUR;Schroder International Selection Fund US Small & Mid-Cap Equity A Accumulation EUR;Schroder Investment Management (Europe) S.A.;Equity;US Equity Mid Cap;RV USA Cap. Mediana;EUR;Luxemburgo;6;3;;1.5;16.95;26.56;8.6;5.73;2006-03-28;True;False;1000;2026-09-03
LU0205193047;Schroder ISF US S&M-Cap Eq A Acc USD;Schroder International Selection Fund US Small & Mid-Cap Equity A Accumulation USD;Schroder Investment Management (Europe) S.A.;Equity;US Equity Mid Cap;RV USA Cap. Mediana;USD;Luxemburgo;6;3;;1.5;15.34;26.13;10.96;5.25;2004-12-10;True;False;1000;2026-09-03
LU0049842262;UBS (Lux) EF Mid Caps USA (USD) P;UBS (Lux) Equity Fund - Mid Caps USA (USD) P-acc;UBS Asset Management (Europe) S.A.;Equity;US Equity Mid Cap;RV USA Cap. Mediana;USD;Luxemburgo;6;4;1.86;1.44;7.46;4.65;11.05;2.6;1995-01-20;True;False;;2026-09-03
LU1339879758;Alger Small Cap Focus A US;Alger SICAV - Alger Small Cap Focus Fund Class A US;Alger Management Ltd;Equity;US Equity Small Cap;RV USA Cap. Pequeña;USD;Luxemburgo;7;1;2.31;1.75;14.66;22;11.86;-6.3;2016-01-29;True;False;100;2026-09-03
LU0823410997;BNP Paribas US Small Cap ClassicC;BNP Paribas Funds US Small Cap ClassicC;BNP Paribas Asset Management Luxembourg;Equity;US Equity Small Cap;RV USA Cap. Pequeña;USD;Luxemburgo;6;3;;1.75;13.57;19.56;14.85;6.12;2013-05-17;True;False;0;2026-09-03
LU1864950479;CT (Lux) American Smaller Com 1E EUR;CT (Lux) - American Smaller Companies 1E (EUR Accumulation);Threadneedle Management Luxembourg S.A.;Equity;US Equity Small Cap;RV USA Cap. Pequeña;EUR;Luxemburgo;6;3;1.68;1.5;8.52;11.68;5.86;4.1;2018-10-23;True;False;;2026-09-03
LU1864950719;CT (Lux) American Smaller Com 1U USD;CT (Lux) - American Smaller Companies 1U (USD Accumulation);Threadneedle Management Luxembourg S.A.;Equity;US Equity Small Cap;RV USA Cap. Pequeña;USD;Luxemburgo;6;3;1.68;1.5;7.15;10.64;8.37;3.65;2018-10-23;True;False;;2026-09-03
IE00B19Z4C24;FTGF RY US SmCp Opp A EUR Acc;FTGF Royce US Small Cap Opportunity Fund Class A Euro Accumulating;Franklin Templeton International Services S.à r.l.;Equity;US Equity Small Cap;RV USA Cap. Pequeña;EUR;Irlanda;6;3;1.98;1.5;23.14;27.99;12.48;8.27;2007-07-12;True;False;1000;2026-09-03
IE00B19Z4B17;FTGF RY US SmCp Opp A USD Acc;FTGF Royce US Small Cap Opportunity Fund Class A US$ Accumulating;Franklin Templeton International Services S.à r.l.;Equity;US Equity Small Cap;RV USA Cap. Pequeña;USD;Irlanda;6;3;1.98;1.5;21.46;26.83;15.28;7.84;2007-05-09;True;False;1000;2026-09-03
IE0031619046;FTGF RY US SmCp Opp A USD Dis(A);FTGF Royce US Small Cap Opportunity Fund Class A US$ Distributing (A);Franklin Templeton International Services S.à r.l.;Equity;US Equity Small Cap;RV USA Cap. Pequeña;USD;Irlanda;6;3;1.98;1.5;21.46;26.83;15.28;7.84;2002-11-08;True;False;1000;2026-09-03
IE00B19Z6G02;FTGF RY US Smlr Coms A EUR Acc;FTGF Royce US Smaller Companies Fund Class A Euro Accumulating;Franklin Templeton International Services S.à r.l.;Equity;US Equity Small Cap;RV USA Cap. Pequeña;EUR;Irlanda;6;2;2.04;1.5;21.24;23.51;7.08;6.63;2008-10-01;True;False;1000;2026-09-03
IE00BH3Z9Y78;Heptagon Driehaus US Sm Cp Eq AE EUR Acc;Heptagon Fund ICAV - Driehaus US Small Cap Equity Fund AE EUR Acc;Heptagon Capital Limited;Equity;US Equity Small Cap;RV USA Cap. Pequeña;EUR;Irlanda;7;3;1.63;1.5;12.93;26.78;14.2;4.84;2019-10-04;True;False;15000;2026-09-03
LU0401357743;JPM US Small Cap Growth A acc EUR;JPMorgan Funds - US Small Cap Growth Fund A (acc) - EUR;JPMorgan Asset Management (Europe) S.à r.l.;Equity;US Equity Small Cap;RV USA Cap. Pequeña;EUR;Luxemburgo;6;2;1.78;1.5;15.58;20.7;8.12;-0.82;2011-05-09;True;False;35000;2026-09-03
LU0210535976;JPM US Small Cap Growth A acc USD;JPMorgan Funds - US Small Cap Growth Fund A (acc) - USD;JPMorgan Asset Management (Europe) S.à r.l.;Equity;US Equity Small Cap;RV USA Cap. Pequeña;USD;Luxemburgo;6;2;1.75;1.5;14.37;20.15;10.65;-1.23;2005-03-31;True;False;35000;2026-09-03
LU0053671581;JPM US Small Cap Growth A dist USD;JPMorgan Funds - US Small Cap Growth Fund A (dist) - USD;JPMorgan Asset Management (Europe) S.à r.l.;Equity;US Equity Small Cap;RV USA Cap. Pequeña;USD;Luxemburgo;6;2;1.78;1.5;14.35;20.12;10.62;-1.26;1984-09-11;True;False;35000;2026-09-03
LU0117881226;JPM US Small Cap Growth D acc USD;JPMorgan Funds - US Small Cap Growth Fund D (acc) - USD;JPMorgan Asset Management (Europe) S.à r.l.;Equity;US Equity Small Cap;RV USA Cap. Pequeña;USD;Luxemburgo;6;1;2.53;1.5;13.77;19.22;9.78;-2;2000-10-13;True;False;5000;2026-09-03
LU0053697206;JPM US Smaller Companies A dist USD;JPMorgan Funds - US Smaller Companies Fund A (dist) - USD;JPMorgan Asset Management (Europe) S.à r.l.;Equity;US Equity Small Cap;RV USA Cap. Pequeña;USD;Luxemburgo;6;1;1.74;1.5;6.33;3.69;4.33;0.01;1988-11-16;True;False;35000;2026-09-03
LU0117881572;JPM US Smaller Companies D acc USD;JPMorgan Funds - US Smaller Companies Fund D (acc) - USD;JPMorgan Asset Management (Europe) S.à r.l.;Equity;US Equity Small Cap;RV USA Cap. Pequeña;USD;Luxemburgo;6;1;2.8;1.5;5.6;2.61;3.23;-1.04;2000-10-13;True;False;5000;2026-09-03
IE000K3S9DW4;Lazard Baylight US Sm Cap Eq BP Acc EUR;Lazard Baylight US Small Cap Equity Fund BP Acc EUR;Lazard Fund Managers (Ireland) Ltd;Equity;US Equity Small Cap;RV USA Cap. Pequeña;EUR;Irlanda;;;;1.65;15.33;15.78;;;2024-11-13;True;False;;2026-09-03
LU0918140210;T. Rowe Price US Smlr Cm Eq A (EUR);T. Rowe Price Funds SICAV - US Smaller Companies Equity Fund A (EUR);T. Rowe Price (Luxembourg) Management S.à r.l.;Equity;US Equity Small Cap;RV USA Cap. Pequeña;EUR;Luxemburgo;6;4;1.72;1.6;15.76;19.11;8.58;4.75;2013-05-22;True;False;1000;2026-09-03
LU0133096635;T. Rowe Price US Smlr Coms Eq A;T. Rowe Price Funds SICAV - US Smaller Companies Equity Fund A;T. Rowe Price (Luxembourg) Management S.à r.l.;Equity;US Equity Small Cap;RV USA Cap. Pequeña;USD;Luxemburgo;6;4;1.72;1.6;14.51;18.51;11.1;4.3;2001-07-31;True;False;0;2026-09-03
LU0566484027;abrdn-Nrth American Sml Comp A Acc USD;abrdn SICAV I - North American Smaller Companies Fund A Acc USD;abrdn Investments Luxembourg S.A.;Equity;US Equity Small Cap;RV USA Cap. Pequeña;USD;Luxemburgo;6;3;;1.5;15.2;16.68;13.65;3.67;2013-10-01;True;False;500;2026-09-03
BE6289210211;DPAM B Eqs US Div Sus A;DPAM B - Equities US Dividend Sustainable A EUR Dis;Degroof Petercam Asset Management SA;Equity;US Equity Large Cap Value;RV USA Dividendo;EUR;Bélgica;6;2;1.82;1.6;12.69;15.95;10.93;8.25;2016-10-26;True;False;1;2026-09-03
BE0947853660;DPAM B Eqs US Div Sus B EUR Cap;DPAM B - Equities US Dividend Sustainable B EUR Cap;Degroof Petercam Asset Management SA;Equity;US Equity Large Cap Value;RV USA Dividendo;EUR;Bélgica;6;3;1.81;1.6;12.7;15.98;10.94;8.38;2008-04-01;True;False;1;2026-09-03
BE0947865789;DPAM B Eqs US Div Sus B USD;DPAM B - Equities US Dividend Sustainable B USD Cap;Degroof Petercam Asset Management SA;Equity;US Equity Large Cap Value;RV USA Dividendo;USD;Bélgica;6;3;1.83;1.6;11.26;14.87;13.54;7.89;2013-12-10;True;False;1;2026-09-03
LU0781238778;DWS Invest II ESG US Top Div LC;DWS Invest II ESG US Top Dividend LC;DWS Investment S.A.;Equity;US Equity Large Cap Value;RV USA Dividendo;EUR;Luxemburgo;5;2;1.61;1.5;11.45;15.12;10.24;8.23;2012-07-02;True;False;0;2026-09-03
LU0781238851;DWS Invest II ESG US Top Div LD;DWS Invest II ESG US Top Dividend LD;DWS Investment S.A.;Equity;US Equity Large Cap Value;RV USA Dividendo;EUR;Luxemburgo;5;2;1.61;1.5;11.46;15.13;10.25;8.23;2012-07-02;True;False;0;2026-09-03
LU0781238935;DWS Invest II ESG US Top Div NC;DWS Invest II ESG US Top Dividend NC;DWS Investment S.A.;Equity;US Equity Large Cap Value;RV USA Dividendo;EUR;Luxemburgo;5;2;2.31;2;10.93;14.33;9.48;7.47;2012-07-02;True;False;0;2026-09-03
LU0781240089;DWS Invest II ESG US Top Div USD LC;DWS Invest II ESG US Top Dividend USD LC;DWS Investment S.A.;Equity;US Equity Large Cap Value;RV USA Dividendo;USD;Luxemburgo;5;2;1.61;1.5;9.95;14.57;12.8;7.76;2014-01-20;True;False;0;2026-09-03
LU0214494824;GS US Equity Income P Cap USD;Goldman Sachs US Equity Income - P Cap USD;Goldman Sachs Asset Management B.V.;Equity;US Equity Large Cap Value;RV USA Dividendo;USD;Luxemburgo;5;3;;1.5;8.37;10.46;13.37;10.13;2005-03-31;True;False;;2026-09-03
LU1670627253;M&G (Lux) North Amer Div A EUR Acc;M&G (Lux) North American Dividend Fund EUR A Acc;M&G Luxembourg S.A.;Equity;US Equity Large Cap Blend;RV USA Dividendo;EUR;Luxemburgo;5;4;1.72;1.5;6.89;11.96;12.37;9.5;2018-11-09;True;False;1000;2026-09-03
LU1670627923;M&G (Lux) North Amer Div A USD Acc;M&G (Lux) North American Dividend Fund USD A Acc;M&G Luxembourg S.A.;Equity;US Equity Large Cap Blend;RV USA Dividendo;USD;Luxemburgo;6;3;1.72;1.5;5.3;11.38;14.82;8.97;2018-11-09;True;False;1000;2026-09-03
LU2066958385;UBS Lux Eurp Entrepreneur Eq Fd P acc;UBS (Lux) Investment SICAV 2 - UBS (Lux) European Entrepreneur Equity Fund P acc;UBS Asset Management (Europe) S.A.;Equity;Europe Equity Mid/Small Cap;RV Zona Euro Cap. Flexible;EUR;Luxemburgo;6;2;;1.92;6.28;13.05;9.48;1.38;2020-02-14;True;False;0;2026-09-03
LU1975717056;White Fleet IV DIVAS Eurz Val R EUR Acc;White Fleet IV - DIVAS Eurozone Value R EUR Acc;DIVAS Asset Management AG;Equity;Europe Equity Large Cap;RV Zona Euro Cap. Flexible;EUR;Luxemburgo;7;4;1.72;1.5;2.09;10.66;13.49;14.56;2019-05-14;True;False;0;2026-09-03
LU0925041153;Abante GF European Quality Equity Fund B;Abante Global Funds European Quality Equity Class B;Abante Asesores Gestión SGIIC;Equity;Europe Equity Large Cap;RV Zona Euro Cap. Grande;EUR;Luxemburgo;7;3;;2;7.91;18.99;16.44;10.57;2013-06-11;True;False;0;2026-09-03
LU0256839944;Allianz Euroland Equity Growth A EUR;Allianz Global Investors Fund - Allianz Euroland Equity Growth A EUR;Allianz Global Investors GmbH;Equity;Europe Equity Large Cap;RV Zona Euro Cap. Grande;EUR;Luxemburgo;6;1;1.8;1.8;0.99;3.78;1.23;-5.16;2006-10-16;True;False;0;2026-09-03
LU0256840447;Allianz Euroland Equity Growth AT EUR;Allianz Global Investors Fund - Allianz Euroland Equity Growth AT EUR;Allianz Global Investors GmbH;Equity;Europe Equity Large Cap;RV Zona Euro Cap. Grande;EUR;Luxemburgo;6;1;1.8;1.8;0.99;3.78;1.23;-5.16;2006-10-16;True;False;0;2026-09-03
LU3204039369;Allianz European Autonomy AT EUR;Allianz Global Investors Fund - Allianz European Autonomy AT EUR;Allianz Global Investors GmbH;Equity;Europe Equity Large Cap;RV Zona Euro Cap. Grande;EUR;Luxemburgo;6;;1.8;2.1;7.9;14.8;;;2025-11-13;True;False;;2026-09-03
LU0389811372;Amundi MSCI EMU ESG Selection - AE (C);Amundi MSCI EMU ESG Selection - AE (C);Amundi Luxembourg S.A.;Equity;Europe Equity Large Cap;RV Zona Euro Cap. Grande;EUR;Luxemburgo;6;4;0.3;0.15;19.27;29.51;16.22;9.82;2008-09-23;True;True;0;2026-09-03
LU0093502762;BGF Euro-Markets A2;BlackRock Global Funds - Euro-Markets Fund A2;BlackRock (Luxembourg) SA;Equity;Europe Equity Large Cap;RV Zona Euro Cap. Grande;EUR;Luxemburgo;6;3;1.82;1.5;8.15;14.53;13.15;6.12;1999-01-04;True;False;5000;2026-09-03
LU0171277485;BGF Euro-Markets A2 USD;BlackRock Global Funds - Euro-Markets Fund A2 USD;BlackRock (Luxembourg) SA;Equity;Europe Equity Large Cap;RV Zona Euro Cap. Grande;USD;Luxemburgo;6;3;1.82;1.5;7;13.99;15.77;5.66;1999-01-04;True;False;5000;2026-09-03
ES0114754031;Bankinter Índice Europeo R FI;Bankinter Índice Europeo R FI;Bankinter Gestión de Activos SGIIC;Equity;Europe Equity Large Cap;RV Zona Euro Cap. Grande;EUR;España;6;3;1.19;1;10.93;19.62;15.3;9.16;2000-07-10;True;False;1;2026-09-03
BE0058181786;DPAM B Equities Euroland A Dis;DPAM B - Equities Euroland A Dis;Degroof Petercam Asset Management SA;Equity;Europe Equity Large Cap;RV Zona Euro Cap. Grande;EUR;Bélgica;6;3;1.81;1.6;11.34;17.28;12.46;6.44;1998-04-18;True;False;1;2026-09-03
BE0058182792;DPAM B Equities Euroland B Cap;DPAM B - Equities Euroland B Cap;Degroof Petercam Asset Management SA;Equity;Europe Equity Large Cap;RV Zona Euro Cap. Grande;EUR;Bélgica;6;3;1.75;1.6;11.38;17.35;12.53;6.28;1998-04-18;True;False;1;2026-09-03
LU1769938041;DWS Invest CROCI Euro LC;DWS Invest CROCI Euro LC;DWS Investment S.A.;Equity;Europe Equity Large Cap;RV Zona Euro Cap. Grande;EUR;Luxemburgo;6;3;1.15;1;19.6;35.05;12.09;6.61;2018-08-28;True;False;0;2026-09-03
LU0145644893;DWS Invest ESG Top Euroland LC;DWS Invest ESG Top Euroland LC;DWS Investment S.A.;Equity;Europe Equity Large Cap;RV Zona Euro Cap. Grande;EUR;Luxemburgo;6;3;1.6;1.5;9.27;20.85;12.9;5.59;2002-06-03;True;False;0;2026-09-03
LU0261952682;Fidelity Euro 50 Index A-Acc-EUR;Fidelity Funds - Euro 50 Index Fund A-Acc-EUR;FIL Investment Management (Luxembourg) S.à r.l.;Equity;Europe Equity Large Cap;RV Zona Euro Cap. Grande;EUR;Luxemburgo;6;4;;1.5;11.47;22.76;17.14;11.51;2006-09-25;True;True;2500;2026-09-03
LU0069450319;Fidelity Euro 50 Index A-Dis-EUR;Fidelity Funds - Euro 50 Index Fund A-DIST-EUR;FIL Investment Management (Luxembourg) S.à r.l.;Equity;Europe Equity Large Cap;RV Zona Euro Cap. Grande;EUR;Luxemburgo;6;4;;1.5;11.44;22.77;17.15;11.51;1996-10-08;True;True;;2026-09-03
LU0238202427;Fidelity Sustainable Euroz Eq A-Acc-EUR;Fidelity Funds - Sustainable Eurozone Equity Fund A-Acc-EUR;FIL Investment Management (Luxembourg) S.à r.l.;Equity;Europe Equity Large Cap;RV Zona Euro Cap. Grande;EUR;Luxemburgo;6;2;;1.5;6.55;13.67;9.83;4.33;2005-12-12;True;False;;2026-09-03
LU2219351876;Fidelity Sustainable Euroz Eq A-Inc-EUR;Fidelity Funds - Sustainable Eurozone Equity Fund A-Inc-EUR;FIL Investment Management (Luxembourg) S.à r.l.;Equity;Europe Equity Large Cap;RV Zona Euro Cap. Grande;EUR;Luxemburgo;6;2;;1.5;6.51;13.58;9.83;4.31;2021-02-10;True;False;2500;2026-09-03
LU0127786431;GS Eurozone EQ Inc-P Cap EUR;Goldman Sachs Eurozone Equity Income - P Cap EUR;Goldman Sachs Asset Management B.V.;Equity;Europe Equity Large Cap;RV Zona Euro Cap. Grande;EUR;Luxemburgo;5;4;;1.5;13.06;21.18;15.39;10.84;1999-04-08;True;False;0;2026-09-03
LU1240328812;Invesco Euro Equity A EUR Acc;Invesco Funds - Invesco Euro Equity Fund A Accumulation EUR;Invesco Management S.A.;Equity;Europe Equity Large Cap;RV Zona Euro Cap. Grande;EUR;Luxemburgo;5;3;;1.5;16.6;25.31;13.67;10.4;2015-10-02;True;False;1000;2026-09-03
LU0661985969;JPM Euroland Dynamic A perf acc EUR;JPMorgan Funds - Euroland Dynamic Fund A (perf) (acc) EUR;JPMorgan Asset Management (Europe) S.à r.l.;Equity;Europe Equity Large Cap;RV Zona Euro Cap. Grande;EUR;Luxemburgo;5;4;1.79;1.5;9.9;19;18.42;10.9;2011-09-20;True;False;35000;2026-09-03
LU0661986348;JPM Euroland Dynamic D perf acc EUR;JPMorgan Funds - Euroland Dynamic Fund D (perf) (acc) EUR;JPMorgan Asset Management (Europe) S.à r.l.;Equity;Europe Equity Large Cap;RV Zona Euro Cap. Grande;EUR;Luxemburgo;5;4;2.55;1.5;9.33;18.09;17.74;10.18;2011-09-20;True;False;5000;2026-09-03
LU0210529490;JPM Euroland Equity A acc EUR;JPMorgan Funds - Euroland Equity Fund A (acc) EUR;JPMorgan Asset Management (Europe) S.à r.l.;Equity;Europe Equity Large Cap;RV Zona Euro Cap. Grande;EUR;Luxemburgo;5;4;1.73;1.5;10.52;22.2;16.98;10.22;2005-03-31;True;False;35000;2026-09-03
LU0089640097;JPM Euroland Equity A dist EUR;JPMorgan Funds - Euroland Equity Fund A (dist) EUR;JPMorgan Asset Management (Europe) S.à r.l.;Equity;Europe Equity Large Cap;RV Zona Euro Cap. Grande;EUR;Luxemburgo;5;4;1.73;1.5;10.54;22.2;16.99;10.22;1988-11-30;True;False;35000;2026-09-03
LU0117858166;JPM Euroland Equity D acc EUR;JPMorgan Funds - Euroland Equity Fund D (acc) EUR;JPMorgan Asset Management (Europe) S.à r.l.;Equity;Europe Equity Large Cap;RV Zona Euro Cap. Grande;EUR;Luxemburgo;5;3;2.49;1.5;9.96;21.26;16.09;9.39;2000-10-13;True;False;5000;2026-09-03
LU0011889846;Janus Henderson Hrzn Euroland A2 EUR;Janus Henderson Horizon Euroland Fund A2 EUR;Janus Henderson Investors;Equity;Europe Equity Large Cap;RV Zona Euro Cap. Grande;EUR;Luxemburgo;5;4;1.87;1.2;15.43;24.11;17.63;10.11;1984-07-02;True;False;2500;2026-09-03
LU0255981135;Pictet-Euroland Index R EUR;Pictet-Euroland Index R EUR;Pictet Asset Management (Europe) SA;Equity;Europe Equity Large Cap;RV Zona Euro Cap. Grande;EUR;Luxemburgo;6;4;0.76;0.9;11.91;20.4;16.36;9.58;2006-06-29;True;True;0;2026-09-03
LU0106235293;Schroder ISF EURO Equity A Acc EUR;Schroder International Selection Fund EURO Equity A Accumulation EUR;Schroder Investment Management (Europe) S.A.;Equity;Europe Equity Large Cap;RV Zona Euro Cap. Grande;EUR;Luxemburgo;6;2;1.83;1.5;8.35;14.18;14.21;5.76;2000-01-17;True;False;1000;2026-09-03
LU0091115906;Schroder ISF EURO Equity A Dis EUR AV;Schroder International Selection Fund EURO Equity A Distribution EUR AV;Schroder Investment Management (Europe) S.A.;Equity;Europe Equity Large Cap;RV Zona Euro Cap. Grande;EUR;Luxemburgo;6;2;1.83;1.5;8.35;14.18;14.21;5.76;1998-11-20;True;False;1000;2026-09-03
LU0150928074;Schroder ISF EURO Equity A1 Acc USD;Schroder International Selection Fund EURO Equity A1 Accumulation USD;Schroder Investment Management (Europe) S.A.;Equity;Europe Equity Large Cap;RV Zona Euro Cap. Grande;USD;Luxemburgo;6;2;2.33;1.5;6.3;13.23;16.1;4.75;2002-06-28;True;False;1000;2026-09-03
LU0106235376;Schroder ISF EURO Equity B Acc EUR;Schroder International Selection Fund EURO Equity B Accumulation EUR;Schroder Investment Management (Europe) S.A.;Equity;Europe Equity Large Cap;RV Zona Euro Cap. Grande;EUR;Luxemburgo;6;2;2.43;1.5;7.91;13.5;13.52;5.12;2000-01-17;True;False;1000;2026-09-03
IE0008248803;Vanguard €z Stk Idx € Acc;Vanguard Eurozone Stock Index Fund EUR Acc;Vanguard Group (Ireland) Limited;Equity;Europe Equity Large Cap;RV Zona Euro Cap. Grande;EUR;Irlanda;6;4;0.12;0.12;12.35;23.22;17.07;10.29;2001-10-25;True;True;1000000;2026-09-03
IE0003867441;BNY Mellon Small Cap Euroland EUR A Acc;BNY Mellon Small Cap Euroland Fund EUR A Acc;BNY Mellon Fund Management (Lux) S.A.;Equity;Europe Equity Mid/Small Cap;RV Zona Euro Cap. Mediana;EUR;Irlanda;6;4;;2;6.61;14.22;11.2;4.79;2003-05-09;True;False;5000;2026-09-03
IE0003867557;BNY Mellon Small Cap Euroland USD A Acc;BNY Mellon Small Cap Euroland Fund USD A Acc;BNY Mellon Fund Management (Lux) S.A.;Equity;Europe Equity Mid/Small Cap;RV Zona Euro Cap. Mediana;USD;Irlanda;6;4;;2;5.01;13.64;13.67;4.31;2014-07-16;True;False;5000;2026-09-03
FR0010288308;Groupama Avenir Euro NC;Groupama Avenir Euro NC;Groupama Asset Management;Equity;Europe Equity Mid/Small Cap;RV Zona Euro Cap. Mediana;EUR;Francia;6;2;;2.02;-6.61;-4.96;-0.6;-8.2;2006-04-25;True;False;500;2026-09-03
FR0010547869;Sextant PME A;Sextant PME A;Amiral Gestion;Equity;Europe Equity Mid/Small Cap;RV Zona Euro Cap. Pequeña;EUR;Francia;6;3;;2.3;1.95;5.2;6.73;0.27;2007-12-17;True;False;0;2026-09-03
NL0006238131;Robeco Afrika Fonds – EUR E;Robeco Afrika Fonds – EUR E;Robeco Institutional Asset Management BV;Equity;Africa Equity;RV África;EUR;Holanda;6;4;;1.75;15.01;45.73;27.22;15.14;2008-06-09;True;False;0;2026-09-03
LU2539333562;JPM Mdl Est, Afr & Em Eurp Opps A accEUR;JPMorgan Funds - Middle East, Africa & Emerging Europe Opportunities Fund A (acc) EUR;JPMorgan Asset Management (Europe) S.à r.l.;Equity;Africa Equity;RV África y Oriente Medio;EUR;Luxemburgo;5;5;1.8;1.5;11.68;20.38;16.21;;2023-01-31;True;False;35000;2026-09-03
LU2539336078;JPM Mdl Est, Afr & Em Eurp Opps A accUSD;JPMorgan Funds - Middle East, Africa & Emerging Europe Opportunities Fund A (acc) USD;JPMorgan Asset Management (Europe) S.à r.l.;Equity;Africa Equity;RV África y Oriente Medio;USD;Luxemburgo;6;5;1.8;1.5;10.48;19.79;18.83;;2023-01-31;True;False;35000;2026-09-03
LU2539336235;JPM Mdl Est, Afr & Em Eurp Opps A disUSD;JPMorgan Funds - Middle East, Africa & Emerging Europe Opportunities Fund A (dist) USD;JPMorgan Asset Management (Europe) S.à r.l.;Equity;Africa Equity;RV África y Oriente Medio;USD;Luxemburgo;6;5;1.8;1.5;10.48;19.79;18.85;;2023-01-31;True;False;35000;2026-09-03
LU2539337043;JPM Mdl Est, Afr & Em Eurp Opps D accEUR;JPMorgan Funds - Middle East, Africa & Emerging Europe Opportunities Fund D (acc) EUR;JPMorgan Asset Management (Europe) S.à r.l.;Equity;Africa Equity;RV África y Oriente Medio;EUR;Luxemburgo;5;5;2.8;1.5;10.93;19.18;15.04;;2023-01-31;True;False;5000;2026-09-03
LU2539337126;JPM Mdl Est, Afr & Em Eurp Opps D accUSD;JPMorgan Funds - Middle East, Africa & Emerging Europe Opportunities Fund D (acc) USD;JPMorgan Asset Management (Europe) S.à r.l.;Equity;Africa Equity;RV África y Oriente Medio;USD;Luxemburgo;6;5;2.8;1.5;9.74;18.6;17.64;;2023-01-31;True;False;5000;2026-09-03
IE00B8J38129;Algebris Financial Credit R EUR Acc;Algebris UCITS Funds plc - Algebris Financial Credit Fund R EUR Acc;Algebris (UK) Limited;Fixed Income;Europe Fixed Income;EUR Deuda Subordinada;EUR;Irlanda;4;4;1.98;1.2;1.2;2.89;8.15;2.72;2013-01-22;True;False;10000;2026-09-03
IE00B8XCT900;Algebris Financial Credit Rd EUR Inc;Algebris UCITS Funds plc - Algebris Financial Credit Fund Rd EUR Inc;Algebris (UK) Limited;Fixed Income;Europe Fixed Income;EUR Deuda Subordinada;EUR;Irlanda;4;4;1.99;1.2;1.19;2.9;8.23;2.77;2013-04-12;True;False;10000;2026-09-03
LU1883334275;Amundi Fds Glb Subrdntd Bd A EUR C;Amundi Funds - Global Subordinated Bond A EUR (C);Amundi Luxembourg S.A.;Fixed Income;Europe Fixed Income;EUR Deuda Subordinada;EUR;Luxemburgo;4;3;1.67;1.2;0.42;1.98;10.56;2.65;2015-12-10;True;False;1;2026-09-03
FR0013277571;Echiquier Hybrid Bonds A;Echiquier Hybrid Bonds A;La Financière de l'Echiquier;Fixed Income;Europe Fixed Income;EUR Deuda Subordinada;EUR;Francia;3;2;;1.3;0.1;1.23;5.68;1.14;2017-09-12;True;False;100;2026-09-03
FR0011034495;EdR SICAV Financial Bonds A EUR;EdR SICAV - Financial Bonds A EUR;Edmond de Rothschild Asset Management (France);Fixed Income;Europe Fixed Income;EUR Deuda Subordinada;EUR;Francia;4;3;;1.15;0.75;2.22;7.05;1.94;2011-04-08;True;False;1;2026-09-03
FR0011289966;EdR SICAV Financial Bonds B EUR;EdR SICAV - Financial Bonds B EUR;Edmond de Rothschild Asset Management (France);Fixed Income;Europe Fixed Income;EUR Deuda Subordinada;EUR;Francia;4;4;;1.15;0.72;2.19;7.22;2.42;2012-07-25;True;False;1;2026-09-03
IE00B567SW70;GAM Star Credit Opps (EUR) Ord EUR Acc;GAM Star Fund plc - GAM Star Credit Opportunities (EUR) Class Ordinary EUR Accumulation;GAM Fund Management Limited;Fixed Income;Europe Fixed Income;EUR Deuda Subordinada;EUR;Irlanda;4;2;;1.35;0.4;1.13;7.54;0.36;2011-07-05;True;False;10000;2026-09-03
FR0013259181;Groupama Euro Financial Debt NC;Groupama Euro Financial Debt NC;Groupama Asset Management;Fixed Income;Europe Fixed Income;EUR Deuda Subordinada;EUR;Francia;4;4;;1.47;1.81;4.6;8.9;2.51;2017-05-31;True;False;1;2026-09-03
LU1111708357;JSS Twelve Sust Ins Bd P EUR Acc;JSS Twelve Sustainable Insurance Bond P EUR Acc;J. Safra Sarasin Fund Management (Luxembourg) S.A.;Fixed Income;Europe Fixed Income;EUR Deuda Subordinada;EUR;Luxemburgo;3;2;1.33;1.1;-0.39;1.06;5.94;0.86;2014-12-01;True;False;0;2026-09-03
FR0011766401;La Française Sub Debt R;La Française Sub Debt R;Crédit Mutuel Asset Management;Fixed Income;Europe Fixed Income;EUR Deuda Subordinada;EUR;Francia;3;3;;1.15;0.75;2.16;7.27;1.19;2014-03-12;True;False;50000;2026-09-03
FR0013306727;Lazard Capital Fi SRI RVC EUR;Lazard Capital Fi SRI RVC EUR;Lazard Frères Gestion;Fixed Income;Europe Fixed Income;EUR Deuda Subordinada;EUR;Francia;5;4;;1.82;1.96;4.04;10.42;3.07;2018-03-16;True;False;1;2026-09-03
FR0010952796;Lazard Capital Fi SRI RVD EUR;Lazard Capital Fi SRI RVD EUR;Lazard Frères Gestion;Fixed Income;Europe Fixed Income;EUR Deuda Subordinada;EUR;Francia;5;4;;1.82;1.96;4.04;10.44;3.08;2010-11-30;True;False;1;2026-09-03
IE00BYV1RN13;Neuberger Corporate Hyb Bd EUR A Acc;Neuberger Corporate Hybrid Bond Fund EUR A Accumulating Class;Neuberger Berman Asset Management Ireland Limited;Fixed Income;Europe Fixed Income;EUR Deuda Subordinada;EUR;Irlanda;4;2;1.26;1.2;0.08;1.6;6.26;0.72;2016-06-03;True;False;1000;2026-09-03
LU0772944145;Nordea 1 - European Fincl Dbt BP EUR;Nordea 1 - European Financial Debt Fund BP EUR;Nordea Investment Funds SA;Fixed Income;Europe Fixed Income;EUR Deuda Subordinada;EUR;Luxemburgo;4;4;;1;0.59;1.72;7.75;2.18;2012-09-28;True;False;0;2026-09-03
LU2947881152;Robeco Corporate Hybrid Bonds DH €;Robeco Corporate Hybrid Bonds DH €;Robeco Institutional Asset Management BV;Fixed Income;Europe Fixed Income;EUR Deuda Subordinada;EUR;Luxemburgo;4;;1.13;0.9;-0.09;1.43;;;2024-12-17;True;False;0;2026-09-03
LU0622663093;Robeco Financial Institutions Bds B €;Robeco Financial Institutions Bonds B €;Robeco Institutional Asset Management BV;Fixed Income;Europe Fixed Income;EUR Deuda Subordinada;EUR;Luxemburgo;3;3;1.02;0.8;0.19;1.32;6.29;1.27;2011-05-16;True;False;0;2026-09-03
LU0622663176;Robeco Financial Institutions Bds D €;Robeco Financial Institutions Bonds D €;Robeco Institutional Asset Management BV;Fixed Income;Europe Fixed Income;EUR Deuda Subordinada;EUR;Luxemburgo;3;3;1.02;0.8;0.19;1.32;6.28;1.26;2011-05-16;True;False;0;2026-09-03
LU0599119707;SWC (LU) BF Cmtt COCO ATH EUR;Swisscanto (LU) Bond Fund - Swisscanto (LU) Bond Fund Committed COCO ATH EUR;Swisscanto Asset Management International S.A.;Fixed Income;Europe Fixed Income;EUR Deuda Subordinada;EUR;Luxemburgo;4;4;1.6;1.5;1.17;3.42;8.91;2.75;2011-05-31;True;False;10000;2026-09-03
LU1585264176;Tikehau Subfin RS Acc;Tikehau Subfin Fund RS Acc;Tikehau Investment Management;Fixed Income;Europe Fixed Income;EUR Deuda Subordinada;EUR;Luxemburgo;4;3;1.25;1.1;1.96;3.06;8.58;2.25;2017-07-24;True;False;1000;2026-09-03
LU0277197249;BGF Asian Tiger Bond E2 EUR;BlackRock Global Funds - Asian Tiger Bond Fund E2 EUR;BlackRock (Luxembourg) SA;Fixed Income;Asia Fixed Income;RF Asia;EUR;Luxemburgo;4;2;1.71;1;1.74;3.61;4.2;-0.5;2002-07-11;True;False;;2026-09-03
LU0229951891;Templeton Asian Bond A(acc)EUR;Templeton Asian Bond Fund A(acc)EUR;Franklin Templeton International Services S.à r.l.;Fixed Income;Asia Fixed Income;RF Asia - Moneda Local;EUR;Luxemburgo;4;1;1.47;1.05;1.92;0.77;-1.11;-0.94;2005-10-25;True;False;;2026-09-03
FR0012903276;AXA IM Europe Short Duration High Yld AC;AXA IM Europe Short Duration High Yield AC;BNP PARIBAS ASSET MANAGEMENT Europe;Fixed Income;Europe Fixed Income;RF Bonos Alto Rendimiento EUR;EUR;Francia;4;3;;1.2;1.78;2.69;4.57;2.54;2015-10-02;True;False;0;2026-09-03
LU0658026603;AXAIMFIIS Europe Short Dur HY F Cap EUR;AXA IM Fixed Income Investment Strategies - Europe Short Duration High Yield F Capitalisation EUR;BNP PARIBAS ASSET MANAGEMENT Europe;Fixed Income;Europe Fixed Income;RF Bonos Alto Rendimiento EUR;EUR;Luxemburgo;4;2;1.16;1;1.52;2.41;4.28;2.44;2011-08-05;True;False;0;2026-09-03
LU1191877379;BGF European High Yield Bond A2;BlackRock Global Funds - European High Yield Bond Fund A2;BlackRock (Luxembourg) SA;Fixed Income;Europe Fixed Income;RF Bonos Alto Rendimiento EUR;EUR;Luxemburgo;3;4;1.21;1;1.67;2.82;7.27;2.52;2015-07-23;True;False;5000;2026-09-03
LU0206510082;BlueBay High Yield ESG Bond R EUR;BlueBay Funds - BlueBay High Yield ESG Bond Fund R - EUR;BlueBay Funds Management Company S.A.;Fixed Income;Europe Fixed Income;RF Bonos Alto Rendimiento EUR;EUR;Luxemburgo;3;4;1.41;1.25;0.9;1.85;6.02;2.15;2004-10-11;True;False;0;2026-09-03
FR0011829134;CM-AM High Yield Short Duration RC;CM-AM High Yield Short Duration RC;Crédit Mutuel Asset Management;Fixed Income;Global Fixed Income;RF Bonos Alto Rendimiento EUR;EUR;Francia;4;4;0.4;1;1.34;2.81;5.86;3.63;2014-04-30;True;False;0;2026-09-03
LU1979271860;CT (Lux) - European S/T HY Bd AE;CT (Lux) - European Short-Term High Yield Bond AE;Threadneedle Management Luxembourg S.A.;Fixed Income;Europe Fixed Income;RF Bonos Alto Rendimiento EUR;EUR;Luxemburgo;3;3;0.9;0.75;2.15;3.01;5.51;3.22;2019-07-17;True;False;2500;2026-09-03
LU1829334579;CT (Lux) - Eurp High Yld Bd 1E;CT (Lux) - European High Yield Bond 1E (EUR Accumulation Shares);Threadneedle Management Luxembourg S.A.;Fixed Income;Europe Fixed Income;RF Bonos Alto Rendimiento EUR;EUR;Luxemburgo;3;3;1.38;1.2;1.52;2.33;6.16;1.69;2018-08-29;True;False;0;2026-09-03
LU0012119607;Candriam Bds Euro High Yld C EUR Cap;Candriam Bonds Euro High Yield Class C EUR Cap;Candriam;Fixed Income;Europe Fixed Income;RF Bonos Alto Rendimiento EUR;EUR;Luxemburgo;3;4;1.48;1.2;0.71;1.99;5.95;2.54;1989-05-31;True;False;0;2026-09-03
LU0616839501;DWS Invest Euro High Yield Corp LC;DWS Invest Euro High Yield Corporates LC;DWS Investment S.A.;Fixed Income;Europe Fixed Income;RF Bonos Alto Rendimiento EUR;EUR;Luxemburgo;3;3;1.18;1.1;2.55;2.78;5.81;2.3;2012-07-30;True;False;0;2026-09-03
LU0616839766;DWS Invest Euro High Yield Corp LD;DWS Invest Euro High Yield Corporates LD;DWS Investment S.A.;Fixed Income;Europe Fixed Income;RF Bonos Alto Rendimiento EUR;EUR;Luxemburgo;3;3;1.18;1.1;2.55;2.77;5.81;2.3;2012-07-30;True;False;0;2026-09-03
LU0146855530;EDM Intern. High Yield Sh Duration;EDM International High Yield Short Duration;EDM Gestion, S.A.U., S.G.I.I.C.;Fixed Income;Europe Fixed Income;RF Bonos Alto Rendimiento EUR;EUR;Luxemburgo;4;1;;1.5;0.82;1.7;3.33;0.95;2011-10-06;True;False;0;2026-09-03
LU0251130802;Fidelity European Hi Yld A-Acc-EUR;Fidelity Funds - European High Yield Fund A-Acc-EUR;FIL Investment Management (Luxembourg) S.à r.l.;Fixed Income;Europe Fixed Income;RF Bonos Alto Rendimiento EUR;EUR;Luxemburgo;3;3;;1;1.6;1.96;6.6;2.15;2006-07-03;True;False;2500;2026-09-03
LU0210531470;JPM Europe High Yield Bond A acc EUR;JPMorgan Funds - Europe High Yield Bond Fund A (acc) EUR;JPMorgan Asset Management (Europe) S.à r.l.;Fixed Income;Europe Fixed Income;RF Bonos Alto Rendimiento EUR;EUR;Luxemburgo;4;3;0.95;0.75;1.01;2.36;5.54;2.1;2005-03-31;True;False;35000;2026-09-03
LU0117897578;JPM Europe High Yield Bond D acc EUR;JPMorgan Funds - Europe High Yield Bond Fund D (acc) EUR;JPMorgan Asset Management (Europe) S.à r.l.;Fixed Income;Europe Fixed Income;RF Bonos Alto Rendimiento EUR;EUR;Luxemburgo;4;2;1.5;0.75;0.63;1.8;4.96;1.54;2000-10-13;True;False;5000;2026-09-03
LU0828815570;Janus Henderson Hrzn Euro HY Bd A2 EUR;Janus Henderson Horizon Euro High Yield Bond Fund A2 EUR;Janus Henderson Investors;Fixed Income;Europe Fixed Income;RF Bonos Alto Rendimiento EUR;EUR;Luxemburgo;3;3;1.17;0.75;0.95;1.69;6.74;1.45;2012-11-19;True;False;2500;2026-09-03
LU1720111282;LSF-Arcano Lw Vol Eurp Inc-ESG Sel RE-A;LUXEMBOURG SELECTION FUND - Arcano Low Volat Europ Inc Fd - ESG Selection RE-A;Arcano Capital SGIIC;Fixed Income;Europe Fixed Income;RF Bonos Alto Rendimiento EUR;EUR;Luxemburgo;3;4;1.5;1.3;1.39;2.49;5.85;3.33;2018-03-28;True;False;1;2026-09-03
LU1720111795;LSF-Arcano Lw Vol Eurp Inc-ESG Sel RE-D;LUXEMBOURG SELECTION FUND - Arcano Low Volat Europ Inc Fd - ESG Selection RE-D;Arcano Capital SGIIC;Fixed Income;Europe Fixed Income;RF Bonos Alto Rendimiento EUR;EUR;Luxemburgo;3;4;1.5;1.3;1.39;2.5;5.85;2.75;2021-03-19;True;False;1;2026-09-03
LU0073255761;MS INVF European HY Bd A;Morgan Stanley Investment Funds - European High Yield Bond Fund A;MSIM Fund Management (Ireland) Limited;Fixed Income;Europe Fixed Income;RF Bonos Alto Rendimiento EUR;EUR;Luxemburgo;3;3;1.09;0.85;1.76;3.12;6.46;2.37;1998-12-01;True;False;0;2026-09-03
IE00BJ4XDR50;Muzinich Europeyield HEUR Acc R;Muzinich Europeyield Fund Hedged Euro Accumulation R Units;Muzinich & Co. (Ireland) Limited;Fixed Income;Europe Fixed Income;RF Bonos Alto Rendimiento EUR;EUR;Irlanda;3;3;;1.5;1.53;2.64;6.49;2.54;2016-03-08;True;False;1000;2026-09-03
LU0255640731;Nordea 1 - European High Yld Bd AP EUR;Nordea 1 - European High Yield Bond Fund AP EUR;Nordea Investment Funds SA;Fixed Income;Europe Fixed Income;RF Bonos Alto Rendimiento EUR;EUR;Luxemburgo;4;3;;1;1.33;2.86;6.97;2.36;2006-06-30;True;False;0;2026-09-03
LU0836286186;Nordea 1 - European High Yld Bd AP USD;Nordea 1 - European High Yield Bond Fund AP USD;Nordea Investment Funds SA;Fixed Income;Europe Fixed Income;RF Bonos Alto Rendimiento EUR;USD;Luxemburgo;4;3;;1;-0.23;2.23;9.36;1.89;2012-10-05;True;False;;2026-09-03
LU0141799501;Nordea 1 - European High Yld Bd BP EUR;Nordea 1 - European High Yield Bond Fund BP EUR;Nordea Investment Funds SA;Fixed Income;Europe Fixed Income;RF Bonos Alto Rendimiento EUR;EUR;Luxemburgo;4;3;;1;1.33;2.86;6.97;2.37;2006-01-04;True;False;0;2026-09-03
LU1486845537;Oddo BHF Euro Credit Short Dur CR-EUR;Oddo BHF Euro Credit Short Duration CR-EUR;ODDO BHF Asset Management SAS;Fixed Income;Europe Fixed Income;RF Bonos Alto Rendimiento EUR;EUR;Luxemburgo;3;3;;0.8;1.34;2.41;4.14;2.6;2016-10-11;True;False;100;2026-09-03
LU0726357527;Pictet-EUR Short Term High Yield P EUR;Pictet-EUR Short Term High Yield P EUR;Pictet Asset Management (Europe) SA;Fixed Income;Europe Fixed Income;RF Bonos Alto Rendimiento EUR;EUR;Luxemburgo;4;3;1.17;1.6;1.61;2.6;5.15;2.78;2012-01-30;True;False;0;2026-09-03
LU0726357790;Pictet-EUR Short Term High Yield P dyEUR;Pictet-EUR Short Term High Yield P dy EUR;Pictet Asset Management (Europe) SA;Fixed Income;Europe Fixed Income;RF Bonos Alto Rendimiento EUR;EUR;Luxemburgo;3;3;1.17;1.6;1.6;2.59;5.15;2.78;2012-01-30;True;False;0;2026-09-03
LU0981470551;QSF - Quaestio European HY Bd RA;QSF - Quaestio European High Yield Bond Fund Class RA;Quaestio Capital SGR S.p.A;Fixed Income;Europe Fixed Income;RF Bonos Alto Rendimiento EUR;EUR;Luxemburgo;;3;;1.75;0.95;1.83;6.52;;2022-09-09;True;False;;2026-09-03
LU0849399786;Schroder ISF EURO Hi Yld A Acc;Schroder International Selection Fund EURO High Yield A Accumulation;Schroder Investment Management (Europe) S.A.;Fixed Income;Europe Fixed Income;RF Bonos Alto Rendimiento EUR;EUR;Luxemburgo;4;4;;1;1.62;2.19;7.71;2.54;2012-11-14;True;False;1000;2026-09-03
LU0849400543;Schroder ISF EURO Hi Yld A Dis EUR QV;Schroder International Selection Fund EURO High Yield A Distribution EUR QV;Schroder Investment Management (Europe) S.A.;Fixed Income;Europe Fixed Income;RF Bonos Alto Rendimiento EUR;EUR;Luxemburgo;4;4;;1;1.62;2.19;7.71;2.54;2012-11-14;True;False;1000;2026-09-03
LU0086177085;UBS (Lux) BF Euro Hi Yld € P-acc;UBS (Lux) Bond Fund - Euro High Yield (EUR) P-acc;UBS Asset Management (Europe) S.A.;Fixed Income;Europe Fixed Income;RF Bonos Alto Rendimiento EUR;EUR;Luxemburgo;3;4;1.32;1.01;1.5;2.91;7.19;3.46;1998-05-15;True;False;0;2026-09-03
LU0119176310;abrdn-Euro High Yield Bond A Acc EUR;abrdn SICAV I – Euro High Yield Bond Fund Class A Acc EUR;abrdn Investments Luxembourg S.A.;Fixed Income;Europe Fixed Income;RF Bonos Alto Rendimiento EUR;EUR;Luxemburgo;4;3;;1.25;2.37;3.37;6.28;2.33;2000-11-13;True;False;500;2026-09-03
IE00BC1J1W89;Barings Global High Yield Bd E USD Acc;Barings Global High Yield Bond Fund E USD Accumulating Shares;Baring International Fund Mgrs (Ireland) Limited;Fixed Income;Global Fixed Income;RF Bonos Alto Rendimiento Global;USD;Irlanda;4;5;1.08;1;2.87;4.93;8.53;4.15;2017-01-03;True;False;1000;2026-09-03
LU1362999481;Robeco High Yield Bonds D €;Robeco High Yield Bonds D €;Robeco Institutional Asset Management BV;Fixed Income;Global Fixed Income;RF Bonos Alto Rendimiento Global;EUR;Luxemburgo;4;3;1.32;1.1;3.03;4.49;4.3;3.1;2016-02-18;True;False;0;2026-09-03
LU0125750504;AXAWF Global High Yield Bds A Cap EUR H;AXA World Funds - Global High Yield Bonds A Capitalisation EUR (Hedged);BNP PARIBAS ASSET MANAGEMENT Europe;Fixed Income;Global Fixed Income;RF Bonos Alto Rendimiento Global - EUR Cubierto;EUR;Luxemburgo;4;3;;1.25;0.98;1.82;5.31;1.46;2001-03-12;True;False;0;2026-09-03
IE00B296X584;Aegon High Yield Global Bd A Acc EUR Hdg;Aegon High Yield Global Bond Fund A Acc EUR (Hedged);Aegon Investment Management BV;Fixed Income;Global Fixed Income;RF Bonos Alto Rendimiento Global - EUR Cubierto;EUR;Irlanda;3;4;;1;1.77;3.23;7.42;3.32;2012-05-17;True;False;1000;2026-09-03
LU0093504206;BGF Global High Yield Bond A2 EUR Hedged;BlackRock Global Funds - Global High Yield Bond Fund A2 EUR Hedged;BlackRock (Luxembourg) SA;Fixed Income;Global Fixed Income;RF Bonos Alto Rendimiento Global - EUR Cubierto;EUR;Luxemburgo;4;3;1.46;1.25;0.94;2.43;5.91;0.77;2003-05-16;True;False;5000;2026-09-03
IE00BD5CTX77;BNY Mellon Glb ShrtDtd HY Bd EUR H Acc H;BNY Mellon Global Short-Dated High Yield Bond Fund EUR H Acc Hedged;BNY Mellon Fund Management (Lux) S.A.;Fixed Income;Global Fixed Income;RF Bonos Alto Rendimiento Global - EUR Cubierto;EUR;Irlanda;3;4;;1.25;1.85;2.76;5.74;3.43;2016-11-30;True;False;5000;2026-09-03
IE00BD5CTY84;BNY Mellon Glb ShrtDtd HY Bd EUR H Inc H;BNY Mellon Global Short-Dated High Yield Bond Fund EUR H Inc Hedged;BNY Mellon Fund Management (Lux) S.A.;Fixed Income;Global Fixed Income;RF Bonos Alto Rendimiento Global - EUR Cubierto;EUR;Irlanda;3;4;;1.25;1.86;2.78;5.74;3.44;2017-05-05;True;False;5000;2026-09-03
LU0170291933;Candriam Bds Global Hi Yld C EUR Cap;Candriam Bonds Global High Yield Class C EUR Cap;Candriam;Fixed Income;Global Fixed Income;RF Bonos Alto Rendimiento Global - EUR Cubierto;EUR;Luxemburgo;3;4;1.47;1.2;0.13;1.45;5.66;3.14;2003-09-15;True;False;0;2026-09-03
LU0618658370;GS Glbl Hi Yld E EUR Hdg QDist;Goldman Sachs Global High Yield Portfolio E EUR-Hedged QDist;Goldman Sachs Asset Management B.V.;Fixed Income;Global Fixed Income;RF Bonos Alto Rendimiento Global - EUR Cubierto;EUR;Luxemburgo;4;1;;1.1;0.33;1.81;5;0.31;2011-04-21;True;False;1500;2026-09-03
LU0405800185;GS Glbl Hi Yld Oth Ccy Acc EUR Hdg;Goldman Sachs Global High Yield Portfolio Other Currency Acc EUR-Hedged;Goldman Sachs Asset Management B.V.;Fixed Income;Global Fixed Income;RF Bonos Alto Rendimiento Global - EUR Cubierto;EUR;Luxemburgo;4;2;;1.1;0.7;2.32;5.54;0.83;2008-12-18;True;False;5000;2026-09-03
LU1775968339;Invesco Global High Yield A MDEURH;Invesco Funds - Invesco Global High Yield Fund A Monthly Distribution (EUR Hedged) EUR;Invesco Management S.A.;Fixed Income;Global Fixed Income;RF Bonos Alto Rendimiento Global - EUR Cubierto;EUR;Luxemburgo;4;2;;1;0.62;2.13;4.91;0.69;2018-10-08;True;False;1000;2026-09-03
LU1775967950;Invesco Global High Yield AEURH;Invesco Funds - Invesco Global High Yield Fund A (EUR Hedged) EUR;Invesco Management S.A.;Fixed Income;Global Fixed Income;RF Bonos Alto Rendimiento Global - EUR Cubierto;EUR;Luxemburgo;4;2;;1;0.42;2.03;4.88;0.68;2018-10-08;True;False;1000;2026-09-03
LU1670722161;M&G (Lux) Glb Fl Rt HY A H EUR Acc;M&G (Lux) Global Floating Rate High Yield Fund EUR A-H Acc;M&G Luxembourg S.A.;Fixed Income;Global Fixed Income;RF Bonos Alto Rendimiento Global - EUR Cubierto;EUR;Luxemburgo;3;4;1.19;1;1.7;1.71;4.89;3.88;2018-09-21;True;False;1000;2026-09-03
LU1670722245;M&G (Lux) Glb Fl Rt HY A H EUR Inc;M&G (Lux) Global Floating Rate High Yield Fund EUR A-H Inc;M&G Luxembourg S.A.;Fixed Income;Global Fixed Income;RF Bonos Alto Rendimiento Global - EUR Cubierto;EUR;Luxemburgo;3;4;1.19;1;1.73;1.73;4.91;3.91;2018-09-21;True;False;1000;2026-09-03
IE00BDTYYP61;Man Hi Yld Opps D EUR Acc;Man Funds VI plc - Man High Yield Opportunities D EUR;Man Group Ltd;Fixed Income;Global Fixed Income;RF Bonos Alto Rendimiento Global - EUR Cubierto;EUR;Irlanda;4;5;1.56;1.35;3.67;3.59;8.74;3.6;2019-01-17;True;False;1000;2026-09-03
IE00BN4PYZ40;Muzinich LongShortCreditYld HEUR Acc NA;Muzinich LongShortCreditYield Fund Hedged Euro Accumulation NA Units;Muzinich & Co. (Ireland) Limited;Fixed Income;Global Fixed Income;RF Bonos Alto Rendimiento Global - EUR Cubierto;EUR;Irlanda;3;2;;1.15;0.31;0.5;3.29;0.54;2021-03-03;True;False;5000;2026-09-03
IE00BF8H6M17;Muzinich LongShortCreditYld HEUR Acc NR;Muzinich LongShortCreditYield Fund Hedged Euro Accumulation NR Units;Muzinich & Co. (Ireland) Limited;Fixed Income;Global Fixed Income;RF Bonos Alto Rendimiento Global - EUR Cubierto;EUR;Irlanda;3;1;;1.5;0.11;0.19;3.03;0.22;2013-11-14;True;False;1000;2026-09-03
IE00B11XZ327;PIMCO GIS Glb Hi Yld Bd E EURH Acc;PIMCO GIS Global High Yield Bond Fund E Class EUR (Hedged) Accumulation;PIMCO Global Advisors (Ireland) Limited;Fixed Income;Global Fixed Income;RF Bonos Alto Rendimiento Global - EUR Cubierto;EUR;Irlanda;4;2;;2.5;0.15;1.68;5.14;0.94;2006-03-31;True;False;1000;2026-09-03
LU0545439217;Robeco High Yield Bonds 0DH €;Robeco High Yield Bonds 0DH €;Robeco Institutional Asset Management BV;Fixed Income;Global Fixed Income;RF Bonos Alto Rendimiento Global - EUR Cubierto;EUR;Luxemburgo;4;2;1.32;1.1;1.06;2.19;4.68;1.14;2010-10-04;True;False;0;2026-09-03
LU0454740118;Robeco High Yield Bonds BH €;Robeco High Yield Bonds BH €;Robeco Institutional Asset Management BV;Fixed Income;Global Fixed Income;RF Bonos Alto Rendimiento Global - EUR Cubierto;EUR;Luxemburgo;4;2;1.32;1.1;1.05;2.19;4.68;1.14;2009-12-18;True;False;0;2026-09-03
LU0085136942;Robeco High Yield Bonds DH €;Robeco High Yield Bonds DH €;Robeco Institutional Asset Management BV;Fixed Income;Global Fixed Income;RF Bonos Alto Rendimiento Global - EUR Cubierto;EUR;Luxemburgo;4;2;1.32;1.1;1.06;2.18;4.68;1.14;1998-04-17;True;False;0;2026-09-03
LU0569862609;UBAM Global High Yield Solution AHC EUR;UBAM - Global High Yield Solution AHC EUR;UBP Asset Management (Europe) S.A.;Fixed Income;Global Fixed Income;RF Bonos Alto Rendimiento Global - EUR Cubierto;EUR;Luxemburgo;4;5;0.72;0.4;1.56;4.49;8.09;4.46;2010-12-03;True;False;0;2026-09-03
LU0567554463;BGF Global High Yield Bond A2 GBP Hedged;BlackRock Global Funds - Global High Yield Bond Fund A2 GBP Hedged;BlackRock (Luxembourg) SA;Fixed Income;Global Fixed Income;RF Bonos Alto Rendimiento Global - GBP Cubierto;GBP;Luxemburgo;4;2;1.46;1.25;2.09;4.31;7.64;2.28;2010-12-14;True;False;;2026-09-03
LU0184630167;AXAWF Global High Yield Bds A Cap USD;AXA World Funds - Global High Yield Bonds A Capitalisation USD;BNP PARIBAS ASSET MANAGEMENT Europe;Fixed Income;Global Fixed Income;RF Bonos Alto Rendimiento Global - USD Cubierto;USD;Luxemburgo;4;3;;1.25;2.09;3.99;7.29;3.45;2004-02-27;True;False;0;2026-09-03
LU0764618640;BGF Global High Yield Bond A6;BlackRock Global Funds - Global High Yield Bond Fund A6;BlackRock (Luxembourg) SA;Fixed Income;Global Fixed Income;RF Bonos Alto Rendimiento Global - USD Cubierto;USD;Luxemburgo;4;3;1.46;1.25;1.5;3.75;7.76;2.76;2012-04-02;True;False;5000;2026-09-03
IE0030011294;BNY Mellon Global Hi Yld Bd A EUR Acc;BNY Mellon Global High Yield Bond Fund A EUR Acc;BNY Mellon Fund Management (Lux) S.A.;Fixed Income;Global Fixed Income;RF Bonos Alto Rendimiento Global - USD Cubierto;EUR;Irlanda;4;3;;1.25;3.1;3.48;5.17;3.56;2004-02-11;True;False;5000;2026-09-03
LU0740037022;Fidelity Global High Yield A-Acc-USD;Fidelity Funds - Global High Yield Fund A-Acc-USD;FIL Investment Management (Luxembourg) S.à r.l.;Fixed Income;Global Fixed Income;RF Bonos Alto Rendimiento Global - USD Cubierto;USD;Luxemburgo;3;2;;1.25;3.31;5.36;8.08;1.91;2012-03-05;True;False;2500;2026-09-03
LU0766124472;Fidelity Global High Yield E-Acc-EUR;Fidelity Funds - Global High Yield Fund E-Acc-EUR;FIL Investment Management (Luxembourg) S.à r.l.;Fixed Income;Global Fixed Income;RF Bonos Alto Rendimiento Global - USD Cubierto;EUR;Luxemburgo;4;1;;1.5;4.32;5.5;5.1;1.97;2012-05-01;True;False;;2026-09-03
LU0234573771;GS Glbl Hi Yld Base Acc USD;Goldman Sachs Global High Yield Portfolio Base Acc USD;Goldman Sachs Asset Management B.V.;Fixed Income;Global Fixed Income;RF Bonos Alto Rendimiento Global - USD Cubierto;USD;Luxemburgo;4;2;;1.1;1.86;4.23;7.43;2.74;2005-11-14;True;False;5000;2026-09-03
LU0083912112;GS Glbl Hi Yld Base Inc USD;Goldman Sachs Global High Yield Portfolio Base Inc USD;Goldman Sachs Asset Management B.V.;Fixed Income;Global Fixed Income;RF Bonos Alto Rendimiento Global - USD Cubierto;USD;Luxemburgo;4;2;;1.1;1.85;4.16;7.39;2.73;1998-01-27;True;False;5000;2026-09-03
LU1775969659;Invesco Global High Yield A-SD USD;Invesco Funds - Invesco Global High Yield Fund A Semi-annual Distribution USD;Invesco Management S.A.;Fixed Income;Global Fixed Income;RF Bonos Alto Rendimiento Global - USD Cubierto;USD;Luxemburgo;4;2;;1;1.69;4.06;6.94;2.79;2018-10-08;True;False;1500;2026-09-03
LU1670723136;M&G (Lux) Glb Fl Rt HY A USD Acc;M&G (Lux) Global Floating Rate High Yield Fund USD A Acc;M&G Luxembourg S.A.;Fixed Income;Global Fixed Income;RF Bonos Alto Rendimiento Global - USD Cubierto;USD;Luxemburgo;3;4;1.17;1;2.86;3.65;6.84;5.91;2018-09-21;True;False;1000;2026-09-03
LU1670723219;M&G (Lux) Glb Fl Rt HY A USD Inc;M&G (Lux) Global Floating Rate High Yield Fund USD A Inc;M&G Luxembourg S.A.;Fixed Income;Global Fixed Income;RF Bonos Alto Rendimiento Global - USD Cubierto;USD;Luxemburgo;3;4;1.17;1;2.86;3.65;6.84;5.9;2018-09-21;True;False;1000;2026-09-03
IE000AQP1N64;Man Hi Yld Opps D USD Acc H;Man Funds VI plc - Man High Yield Opportunities D H USD;Man Group Ltd;Fixed Income;Global Fixed Income;RF Bonos Alto Rendimiento Global - USD Cubierto;USD;Irlanda;4;5;1.58;1.35;4.84;5.49;10.64;;2022-08-19;True;False;1000;2026-09-03
IE00B1D7YM41;PIMCO GIS Glb Hi Yld Bd E USD Acc;PIMCO GIS Global High Yield Bond Fund E Class USD Accumulation;PIMCO Global Advisors (Ireland) Limited;Fixed Income;Global Fixed Income;RF Bonos Alto Rendimiento Global - USD Cubierto;USD;Irlanda;4;3;;2.5;1.32;3.64;7.08;2.9;2006-09-11;True;False;1000;2026-09-03
IE00B193ML14;PIMCO GIS Glb Hi Yld Bd E USD Inc;PIMCO GIS Global High Yield Bond Fund E Class USD Income;PIMCO Global Advisors (Ireland) Limited;Fixed Income;Global Fixed Income;RF Bonos Alto Rendimiento Global - USD Cubierto;USD;Irlanda;4;3;;2.5;1.4;3.66;7.08;2.92;2006-07-31;True;False;1000;2026-09-03
LU0594695172;Robeco High Yield Bonds 0DH $;Robeco High Yield Bonds 0DH $;Robeco Institutional Asset Management BV;Fixed Income;Global Fixed Income;RF Bonos Alto Rendimiento Global - USD Cubierto;USD;Luxemburgo;3;3;1.32;1.1;2.28;4.18;6.61;3.18;2011-02-28;True;False;0;2026-09-03
LU0594695099;Robeco High Yield Bonds DH $;Robeco High Yield Bonds DH $;Robeco Institutional Asset Management BV;Fixed Income;Global Fixed Income;RF Bonos Alto Rendimiento Global - USD Cubierto;USD;Luxemburgo;3;3;1.32;1.1;2.28;4.18;6.61;3.18;2011-03-14;True;False;0;2026-09-03
LU0569862351;UBAM Global High Yield Solution AC USD;UBAM - Global High Yield Solution AC USD;UBP Asset Management (Europe) S.A.;Fixed Income;Global Fixed Income;RF Bonos Alto Rendimiento Global - USD Cubierto;USD;Luxemburgo;4;5;0.73;0.4;2.93;6.75;10.32;6.78;2010-12-03;True;False;0;2026-09-03
LU0292585030;AXAIMFIIS US Short Dur HY F Cap USD;AXA IM Fixed Income Investment Strategies - US Short Duration High Yield F Capitalisation USD;BNP PARIBAS ASSET MANAGEMENT Europe;Fixed Income;US Fixed Income;RF Bonos Alto Rendimiento USD;USD;Luxemburgo;4;2;1.19;1;1.69;3.9;6.02;3.42;2007-03-30;True;False;0;2026-09-03
LU0276014999;AXAWF US High Yield Bonds A Cap USD;AXA World Funds - US High Yield Bonds A Capitalisation USD;BNP PARIBAS ASSET MANAGEMENT Europe;Fixed Income;US Fixed Income;RF Bonos Alto Rendimiento USD;USD;Luxemburgo;4;3;1.43;1.2;1.87;3.96;7.16;3.33;2010-02-26;True;False;0;2026-09-03
LU1883861137;Amundi Fds US HY Bond A EUR C;Amundi Funds - US High Yield Bond A EUR (C);Amundi Luxembourg S.A.;Fixed Income;US Fixed Income;RF Bonos Alto Rendimiento USD;EUR;Luxemburgo;4;2;1.64;1.35;3.56;5.3;4.62;3.31;2000-12-18;True;False;1;2026-09-03
LU1883861483;Amundi Fds US HY Bond A USD C;Amundi Funds - US High Yield Bond A USD (C);Amundi Luxembourg S.A.;Fixed Income;US Fixed Income;RF Bonos Alto Rendimiento USD;USD;Luxemburgo;4;2;1.64;1.35;2.25;4.3;7.11;2.86;2001-12-27;True;False;1;2026-09-03
LU0046676465;BGF US Dollar High Yield BdA2;BlackRock Global Funds - US Dollar High Yield Bond Fund A2;BlackRock (Luxembourg) SA;Fixed Income;US Fixed Income;RF Bonos Alto Rendimiento USD;USD;Luxemburgo;4;3;1.46;1.25;1.66;4.26;7.64;3.3;1993-10-29;True;False;5000;2026-09-03
LU0261953904;Fidelity US High Yield A-Acc-EUR;Fidelity Funds - US High Yield Fund A-Acc-EUR;FIL Investment Management (Luxembourg) S.à r.l.;Fixed Income;US Fixed Income;RF Bonos Alto Rendimiento USD;EUR;Luxemburgo;4;3;;1;4.14;6.19;4.73;3.75;2006-09-25;True;False;2500;2026-09-03
LU0605520377;Fidelity US High Yield A-Acc-USD;Fidelity Funds - US High Yield Fund A-Acc-USD;FIL Investment Management (Luxembourg) S.à r.l.;Fixed Income;US Fixed Income;RF Bonos Alto Rendimiento USD;USD;Luxemburgo;4;3;;1;2.85;5.6;7.29;3.28;2011-04-06;True;False;2500;2026-09-03
LU0132385880;Fidelity US High Yield A-Dis-EUR;Fidelity Funds - US High Yield Fund A-DIST-EUR;FIL Investment Management (Luxembourg) S.à r.l.;Fixed Income;US Fixed Income;RF Bonos Alto Rendimiento USD;EUR;Luxemburgo;4;3;;1;4.13;6.18;4.74;3.76;2001-09-05;True;False;;2026-09-03
LU0344579569;JPM Global High Yield Bd D acc USD;JPMorgan Investment Funds - Global High Yield Bond Fund D (acc) USD;JPMorgan Asset Management (Europe) S.à r.l.;Fixed Income;US Fixed Income;RF Bonos Alto Rendimiento USD;USD;Luxemburgo;4;3;1.46;0.85;1.68;3.91;7.61;3.19;2010-09-17;True;False;5000;2026-09-03
IE0033033972;Muzinich Americayield HUSD Acc R;Muzinich Americayield Fund Hedged USD Accumulation R Units;Muzinich & Co. (Ireland) Limited;Fixed Income;US Fixed Income;RF Bonos Alto Rendimiento USD;USD;Irlanda;4;2;;1.5;1.86;3.82;6.63;2.33;2003-07-25;True;False;1000;2026-09-03
IE00B4PTJ249;Muzinich ShortDurationHY HUSD Acc R;Muzinich ShortDurationHighYield Fund Hedged USD Accumulation R Units;Muzinich & Co. (Ireland) Limited;Fixed Income;US Fixed Income;RF Bonos Alto Rendimiento USD;USD;Irlanda;3;2;;1.1;2.41;4.53;5.87;3.45;2010-10-12;True;False;1000;2026-09-03
LU0602537226;Nordea 1 - Low Dur US Hi Yld Bd BP EUR;Nordea 1 - Low Duration US High Yield Bond Fund BP EUR;Nordea Investment Funds SA;Fixed Income;US Fixed Income;RF Bonos Alto Rendimiento USD;EUR;Luxemburgo;4;3;0.81;1;3.47;4.62;3.42;4.1;2011-06-01;True;False;0;2026-09-03
IE00B11XZ871;PIMCO GIS US Hi Yld Bd E Acc;PIMCO GIS US High Yield Bond Fund E Class Accumulation;PIMCO Global Advisors (Ireland) Limited;Fixed Income;US Fixed Income;RF Bonos Alto Rendimiento USD;USD;Irlanda;4;2;;2.5;0.95;3.42;7.12;2.59;2006-03-31;True;False;1000;2026-09-03
LU0577855355;UBS(Lux) BS Short Dur HY $ P Acc;UBS (Lux) Bond SICAV - Short Duration High Yield (USD) P-acc;UBS Asset Management (Europe) S.A.;Fixed Income;US Fixed Income;RF Bonos Alto Rendimiento USD;USD;Luxemburgo;3;3;1.33;1.01;2.32;4.31;6.44;4.16;2011-02-18;True;False;;2026-09-03
LU0251658612;AXAWF Euro Inflation Bonds A Cap EUR;AXA World Funds - Euro Inflation Bonds A Capitalisation EUR;BNP PARIBAS ASSET MANAGEMENT Europe;Fixed Income;Europe Fixed Income;RF Bonos Ligados Inflación EUR;EUR;Luxemburgo;4;3;0.73;0.5;1.5;2.26;1.18;-0.43;2006-04-17;True;False;0;2026-09-03
IE00B04GQQ17;Vanguard Euroz InfLnk Bd Idx Inv EUR Acc;Vanguard Eurozone Inflation-Linked Bond Index Fund Investor EUR Accumulation;Vanguard Group (Ireland) Limited;Fixed Income;Europe Fixed Income;RF Bonos Ligados Inflación EUR;EUR;Irlanda;4;4;0.12;0.12;1.9;3.07;1.85;0.03;2009-04-07;True;True;1000000;2026-09-03
LU0219444592;MFS Meridian Inflation Adjstd Bd A1 USD;MFS Meridian Funds - Inflation Adjusted Bond Fund A1 USD;MFS Investment Management Company (Lux) S.à.r.l;Fixed Income;US Fixed Income;RF Bonos Ligados a la Inflación USD ;USD;Luxemburgo;4;2;0.98;0.5;-0.12;-0.3;3.21;-0.67;2005-09-26;True;False;0;2026-09-03
LU0135487659;Pictet-CHF Bonds P;Pictet-CHF Bonds P;Pictet Asset Management (Europe) SA;Fixed Income;Europe Fixed Income;RF CHF ;CHF;Luxemburgo;3;3;0.63;0.8;0.05;-0.24;2.78;-0.12;1992-02-10;True;False;0;2026-09-03
LU2267099674;BGF China Bond A2 EUR;BlackRock Global Funds - China Bond Fund Class A2 USD EUR;BlackRock (Luxembourg) SA;Fixed Income;Asia Fixed Income;RF China;EUR;Luxemburgo;4;4;0.98;0.75;7.7;10.15;4.89;0.77;2011-11-11;True;False;;2026-09-03
LU0679941327;BGF China Bond A2 USD;BlackRock Global Funds - China Bond Fund Class A2 USD USD;BlackRock (Luxembourg) SA;Fixed Income;Asia Fixed Income;RF China;USD;Luxemburgo;4;4;0.98;0.75;6.3;9.62;7.32;0.34;2011-11-11;True;False;5000;2026-09-03
LU0679941673;BGF China Bond A3 USD;BlackRock Global Funds - China Bond Fund A3 USD;BlackRock (Luxembourg) SA;Fixed Income;Asia Fixed Income;RF China;USD;Luxemburgo;4;4;0.98;0.75;7.7;11.04;7.78;0.61;2013-03-13;True;False;5000;2026-09-03
ES0113182002;Bankinter Buy & Hold 2028 B FI;Bankinter Buy & Hold 2028 B FI;Bankinter Gestión de Activos SGIIC;Fixed Income;Fixed Income Miscellaneous;RF Deuda A Plazo Fijo;EUR;España;;;;0.5;;;;;2026-04-10;True;False;200000;2026-09-03
ES0113182010;Bankinter Buy & Hold 2028 R FI;Bankinter Buy & Hold 2028 R FI;Bankinter Gestión de Activos SGIIC;Fixed Income;Fixed Income Miscellaneous;RF Deuda A Plazo Fijo;EUR;España;;;;0.6;;;;;2026-04-10;True;False;1;2026-09-03
ES0113389003;Bankinter Buy & Hold 2029 B FI;Bankinter Buy & Hold 2029 B FI;Bankinter Gestión de Activos SGIIC;Fixed Income;Fixed Income Miscellaneous;RF Deuda A Plazo Fijo;EUR;España;;;;0.5;0.35;0.95;;;2025-05-09;True;False;1000000;2026-09-03
ES0113389029;Bankinter Buy & Hold 2029 R FI;Bankinter Buy & Hold 2029 R FI;Bankinter Gestión de Activos SGIIC;Fixed Income;Fixed Income Miscellaneous;RF Deuda A Plazo Fijo;EUR;España;;;;0.6;0.29;0.85;;;2025-05-09;True;False;1;2026-09-03
ES0159039025;Bankinter Buy & Hold 2030 B FI;Bankinter Buy & Hold 2030 B FI;Bankinter Gestión de Activos SGIIC;Fixed Income;Fixed Income Miscellaneous;RF Deuda A Plazo Fijo;EUR;España;;;;0.5;-0.08;;;;2025-10-31;True;False;1000000;2026-09-03
ES0159039017;Bankinter Buy & Hold 2030 R FI;Bankinter Buy & Hold 2030 R FI;Bankinter Gestión de Activos SGIIC;Fixed Income;Fixed Income Miscellaneous;RF Deuda A Plazo Fijo;EUR;España;2;;0.26;0.6;-0.14;0;2.43;;2022-09-23;True;False;1;2026-09-03
ES0113366001;Bankinter Deuda Publica 2027 FI;Bankinter Deuda Publica 2027 FI;Bankinter Gestión de Activos SGIIC;Fixed Income;Fixed Income Miscellaneous;RF Deuda A Plazo Fijo;EUR;España;;;;0.5;0.63;1.02;;;2024-04-12;False;False;;2026-09-03
ES0114876032;Bankinter Deuda Publica 2028 FI;Bankinter Deuda Publica 2028 FI;Bankinter Gestión de Activos SGIIC;Fixed Income;Fixed Income Miscellaneous;RF Deuda A Plazo Fijo;EUR;España;3;;0.38;0.5;-0.18;0.24;2.03;0.8;1997-01-22;False;False;500;2026-09-03
ES0113367009;Bankinter Deuda Pública 2029 FI;Bankinter Deuda Pública 2029 FI;Bankinter Gestión de Activos SGIIC;Fixed Income;Fixed Income Miscellaneous;RF Deuda A Plazo Fijo;EUR;España;;;;0.5;-0.62;-0.18;;;2025-04-25;False;False;1;2026-09-03
ES0159040007;Bankinter Horizonte 2027 B FI;Bankinter Horizonte 2027 B FI;Bankinter Gestión de Activos SGIIC;Fixed Income;Fixed Income Miscellaneous;RF Deuda A Plazo Fijo;EUR;España;;;0;0.5;0;0;;;2024-04-12;True;False;1000000;2026-09-03
ES0159040023;Bankinter Horizonte 2027 R FI;Bankinter Horizonte 2027 R FI;Bankinter Gestión de Activos SGIIC;Fixed Income;Fixed Income Miscellaneous;RF Deuda A Plazo Fijo;EUR;España;;;0.53;0.6;0.95;1.56;;;2024-04-12;True;False;1;2026-09-03
ES0159038019;Bankinter Horizonte 2028 B FI;Bankinter Horizonte 2028 B FI;Bankinter Gestión de Activos SGIIC;Fixed Income;Fixed Income Miscellaneous;RF Deuda A Plazo Fijo;EUR;España;2;;0.19;0.5;0.5;1.09;2.75;;2021-04-09;True;False;1000000;2026-09-03
ES0159038001;Bankinter Horizonte 2028 R FI;Bankinter Horizonte 2028 R FI;Bankinter Gestión de Activos SGIIC;Fixed Income;Fixed Income Miscellaneous;RF Deuda A Plazo Fijo;EUR;España;2;;0.3;0.6;0.43;0.99;2.65;;2021-04-09;True;False;1;2026-09-03
FR00140081Y1;Carmignac Credit 2027 A EUR Acc;Carmignac Credit 2027 A EUR Acc;Carmignac Gestion;Fixed Income;Fixed Income Miscellaneous;RF Deuda A Plazo Fijo;EUR;Francia;3;;1.04;0.9;0.69;1.57;5.28;;2022-05-02;True;False;0;2026-09-03
FR00140081Z8;Carmignac Credit 2027 A EUR Ydis;Carmignac Credit 2027 A EUR Ydis;Carmignac Gestion;Fixed Income;Fixed Income Miscellaneous;RF Deuda A Plazo Fijo;EUR;Francia;3;;1.04;0.9;0.69;1.57;5.28;;2022-05-02;True;False;0;2026-09-03
FR001400KAV4;Carmignac Credit 2029 A Eur Acc;Carmignac Credit 2029 A Eur Acc;Carmignac Gestion;Fixed Income;Fixed Income Miscellaneous;RF Deuda A Plazo Fijo;EUR;Francia;;;1.14;1;0.69;2.14;;;2023-10-20;True;False;0;2026-09-03
FR001400KAW2;Carmignac Credit 2029 A Eur Ydis;Carmignac Credit 2029 A Eur Ydis;Carmignac Gestion;Fixed Income;Fixed Income Miscellaneous;RF Deuda A Plazo Fijo;EUR;Francia;;;1.14;1;0.68;2.15;;;2023-10-20;True;False;0;2026-09-03
FR001400U4S3;Carmignac Credit 2031 A EUR Acc;Carmignac Credit 2031 A EUR Acc;Carmignac Gestion;Fixed Income;Fixed Income Miscellaneous;RF Deuda A Plazo Fijo;EUR;Francia;;;1.14;1;0.94;2.5;;;2024-12-31;True;False;0;2026-09-03
FR001400U4T1;Carmignac Credit 2031 A EUR Ydis;Carmignac Credit 2031 A EUR Ydis;Carmignac Gestion;Fixed Income;Fixed Income Miscellaneous;RF Deuda A Plazo Fijo;EUR;Francia;;;1.14;1;0.95;2.51;;;2024-12-31;True;False;0;2026-09-03
FR001400S680;EdR SICAV Millesima 2030 A;EdR SICAV Millesima 2030 A;Edmond de Rothschild Asset Management (France);Fixed Income;Fixed Income Miscellaneous;RF Deuda A Plazo Fijo;EUR;Francia;4;;1.09;1;1.36;2.1;;;2024-08-30;True;False;1;2026-09-03
FR001400S6A0;EdR SICAV Millesima 2030 A USD H;EdR SICAV Millesima 2030 A USD H;Edmond de Rothschild Asset Management (France);Fixed Income;Fixed Income Miscellaneous;RF Deuda A Plazo Fijo;USD;Francia;4;;1.09;1;2.34;3.8;;;2024-09-13;True;False;1;2026-09-03
FR001400S6B8;EdR SICAV Millesima 2030 B EUR;EdR SICAV Millesima 2030 B EUR;Edmond de Rothschild Asset Management (France);Fixed Income;Fixed Income Miscellaneous;RF Deuda A Plazo Fijo;EUR;Francia;4;;1.09;1;1.36;2.09;;;2024-09-30;True;False;1;2026-09-03
FR00140120M2;EdR SICAV Millesima 2032 A EUR;Edmond de Rothschild SICAV Millesima 2032 A EUR;Edmond de Rothschild Asset Management (France);Fixed Income;Fixed Income Miscellaneous;RF Deuda A Plazo Fijo;EUR;Francia;;;0.87;1.1;2.16;;;;2025-12-02;True;False;1;2026-09-03
FR00140120N0;EdR SICAV Millesima 2032 A USD H;Edmond de Rothschild SICAV Millesima 2032 A USD H;Edmond de Rothschild Asset Management (France);Fixed Income;Fixed Income Miscellaneous;RF Deuda A Plazo Fijo;USD;Francia;;;0.61;1.1;;;;;2026-01-12;True;False;1;2026-09-03
FR00140120O8;EdR SICAV Millesima 2032 B EUR;Edmond de Rothschild SICAV Millesima 2032 B EUR;Edmond de Rothschild Asset Management (France);Fixed Income;Fixed Income Miscellaneous;RF Deuda A Plazo Fijo;EUR;Francia;;;0.16;1.1;;;;;2026-03-11;True;False;1;2026-09-03
FR0013439452;La Française Rendement Glb 2028 RD EUR;La Française Rendement Global 2028 RD EUR;Crédit Mutuel Asset Management;Fixed Income;Fixed Income Miscellaneous;RF Deuda A Plazo Fijo;EUR;Francia;4;;1.15;1.11;0.67;-1.43;4.75;0.21;2020-01-30;True;False;0;2026-09-03
FR0013272739;La Française Rendement Glb 2031 D;La Française Rendement Global 2031 D;Crédit Mutuel Asset Management;Fixed Income;Fixed Income Miscellaneous;RF Deuda A Plazo Fijo;EUR;Francia;4;;1.35;1.19;1.1;2.44;5.24;1.09;2017-08-30;True;False;0;2026-09-03
FR0013258647;La Française Rendement Glb 2031 R;La Française Rendement Global 2031 R;Crédit Mutuel Asset Management;Fixed Income;Fixed Income Miscellaneous;RF Deuda A Plazo Fijo;EUR;Francia;4;;1.3;1.19;1.13;2.47;5.25;1.1;2017-08-30;True;False;0;2026-09-03
FR0013399805;Lazard Credit 2030 RC EUR;Lazard Credit 2030 RC EUR;Lazard Frères Gestion;Fixed Income;Fixed Income Miscellaneous;RF Deuda A Plazo Fijo;EUR;Francia;3;;;0.84;0.27;1.26;3.64;1.81;2019-03-04;True;False;1000;2026-09-03
FR0013412525;Lazard Credit 2030 RD EUR;Lazard Credit 2030 RD EUR;Lazard Frères Gestion;Fixed Income;Fixed Income Miscellaneous;RF Deuda A Plazo Fijo;EUR;Francia;3;;;0.84;0.27;1.26;3.63;1.8;2019-04-26;True;False;1000;2026-09-03
LU3249705412;M&G (Lux) Fxd Mat Bd Hgh Yld2031PEURAcc;M&G (Lux) Investment Funds 1 -M&G (Lux) Fixed Maturity Bond High Yield Fund 2031 P EUR Accumulation;M&G Luxembourg S.A.;Fixed Income;Fixed Income Miscellaneous;RF Deuda A Plazo Fijo;EUR;Luxemburgo;4;;0.44;1.2;;;;;2026-02-24;True;False;;2026-09-03
LU3249705768;M&G (Lux) Fxd Mat Bd Hgh Yld2031PEURDis;M&G (Lux) Investment Funds 1 -M&G (Lux) Fixed Maturity Bond High Yield Fund 2031 P EUR Distribution;M&G Luxembourg S.A.;Fixed Income;Fixed Income Miscellaneous;RF Deuda A Plazo Fijo;EUR;Luxemburgo;4;;0.45;1.2;;;;;2026-02-24;True;False;;2026-09-03
FR0013505450;Tikehau 2027 R Acc EUR;Tikehau 2027 R Acc EUR;Tikehau Investment Management;Fixed Income;Fixed Income Miscellaneous;RF Deuda A Plazo Fijo;EUR;Francia;4;;;1.4;1.27;2.38;5.75;1.78;2020-05-29;True;False;100;2026-09-03
FR0013505492;Tikehau 2027 R Dis EUR;Tikehau 2027 R Dis EUR;Tikehau Investment Management;Fixed Income;Fixed Income Miscellaneous;RF Deuda A Plazo Fijo;EUR;Francia;4;;;1.4;1.28;2.37;5.75;1.78;2020-05-29;True;False;100;2026-09-03
FR001400K2B5;Tikehau 2029 R Acc EUR;Tikehau 2029 R Acc EUR;Tikehau Investment Management;Fixed Income;Fixed Income Miscellaneous;RF Deuda A Plazo Fijo;EUR;Francia;;;1.2;1.1;0.12;0.87;;;2023-11-20;True;False;100;2026-09-03
FR001400K2C3;Tikehau 2029 R Dis EUR;Tikehau 2029 R Dis EUR;Tikehau Investment Management;Fixed Income;Fixed Income Miscellaneous;RF Deuda A Plazo Fijo;EUR;Francia;;;1.19;1.1;0.12;0.87;;;2023-11-20;True;False;100;2026-09-03
LU0251661756;AXAWF Euro Credit Short Dur A Cap EUR;AXA World Funds - Euro Credit Short Duration A Capitalisation EUR;BNP PARIBAS ASSET MANAGEMENT Europe;Fixed Income;Europe Fixed Income;RF Deuda Corporativa Corto Plazo EUR;EUR;Luxemburgo;2;2;0.86;0.65;0.11;0.77;3.22;1.15;2006-04-17;True;False;0;2026-09-03
LU0236145453;DWS Invest Short Duration Credit LC;DWS Invest Short Duration Credit LC;DWS Investment S.A.;Fixed Income;Europe Fixed Income;RF Deuda Corporativa Corto Plazo EUR;EUR;Luxemburgo;2;3;0.69;0.6;0.34;1.11;4.18;1.44;2006-02-27;True;False;0;2026-09-03
FI0008800503;Evli Short Corporate Bond A;Evli Short Corporate Bond A;Evli-Rahastoyhtiö Oy;Fixed Income;Europe Fixed Income;RF Deuda Corporativa Corto Plazo EUR;EUR;Finlandia;3;5;;0.55;1.05;1.91;4.52;2.04;1997-09-30;True;False;5000;2026-09-03
FI0008800511;Evli Short Corporate Bond B;Evli Short Corporate Bond B;Evli-Rahastoyhtiö Oy;Fixed Income;Europe Fixed Income;RF Deuda Corporativa Corto Plazo EUR;EUR;Finlandia;3;5;;0.55;1.05;1.91;4.52;2.04;1997-09-30;True;False;1000;2026-09-03
FR0010288332;Groupama Euro Credit Short Duration NC;Groupama Euro Credit Short Duration NC;Groupama Asset Management;Fixed Income;Europe Fixed Income;RF Deuda Corporativa Corto Plazo EUR;EUR;Francia;2;3;;1.52;0.71;1.5;3.94;1.7;2006-04-25;True;False;1;2026-09-03
FR0013439163;La Française Carbon Impct Flt Rt I;La Française Carbon Impact Floating Rates I;Crédit Mutuel Asset Management;Fixed Income;Europe Fixed Income;RF Deuda Corporativa Corto Plazo EUR;EUR;Francia;3;5;0.47;0.35;1.77;2.85;4.65;3.1;1994-12-30;True;False;100000;2026-09-03
FR0013439148;La Française Carbon Impct Flt Rt R;La Française Carbon Impact Floating Rates R;Crédit Mutuel Asset Management;Fixed Income;Europe Fixed Income;RF Deuda Corporativa Corto Plazo EUR;EUR;Francia;3;4;0.84;0.7;1.52;2.48;4.28;;1994-12-30;True;False;0;2026-09-03
LU1670718219;M&G (Lux) Short Dtd Corp Bd A EUR Acc;M&G (Lux) Short Dated Corporate Bond Fund EUR A Acc;M&G Luxembourg S.A.;Fixed Income;Europe Fixed Income;RF Deuda Corporativa Corto Plazo EUR;EUR;Luxemburgo;2;4;0.47;0.25;0.63;1.52;3.57;1.79;2018-10-26;True;False;1000;2026-09-03
LU1670718300;M&G (Lux) Short Dtd Corp Bd A EUR Inc;M&G (Lux) Short Dated Corporate Bond Fund EUR A Inc;M&G Luxembourg S.A.;Fixed Income;Europe Fixed Income;RF Deuda Corporativa Corto Plazo EUR;EUR;Luxemburgo;2;4;0.47;0.25;0.63;1.52;3.57;1.79;2018-10-26;True;False;1000;2026-09-03
LU1694212348;Nordea 1 - Low Dur Eurp Cov Bd BP EUR;Nordea 1 - Low Duration European Covered Bond Fund BP EUR;Nordea Investment Funds SA;Fixed Income;Europe Fixed Income;RF Deuda Corporativa Corto Plazo EUR;EUR;Luxemburgo;2;3;0.71;0.5;0.14;1.46;3.35;1.65;2017-10-24;True;False;0;2026-09-03
LU0935222066;Ostrum Credit Short Dur R/A EUR;Natixis AM Funds - Ostrum Credit Short Duration R/A (EUR);Natixis Investment Managers International;Fixed Income;Europe Fixed Income;RF Deuda Corporativa Corto Plazo EUR;EUR;Luxemburgo;2;3;0.85;0.6;0.35;0.9;3.62;1.43;2013-10-24;True;False;0;2026-09-03
FR0011071778;Ostrum Crédit Euro 1-3 R (C) EUR;Ostrum Crédit Euro 1-3 R (C) EUR;Natixis Investment Managers International;Fixed Income;Europe Fixed Income;RF Deuda Corporativa Corto Plazo EUR;EUR;Francia;2;3;;0.55;0.37;0.93;3.51;1.4;2011-07-22;True;False;1;2026-09-03
LU0954602750;Pictet-EUR Short Term Corp Bds P EUR;Pictet-EUR Short Term Corporate Bonds P EUR;Pictet Asset Management (Europe) SA;Fixed Income;Europe Fixed Income;RF Deuda Corporativa Corto Plazo EUR;EUR;Luxemburgo;2;2;0.7;0.9;0.59;1.39;4.08;1.15;2013-11-25;True;False;0;2026-09-03
LU1293074719;Schr ISF EURO Crd Conv Sht Dur A Acc EUR;Schroder International Selection Fund EURO Credit Conviction Short Duration A Accumulation EUR;Schroder Investment Management (Europe) S.A.;Fixed Income;Europe Fixed Income;RF Deuda Corporativa Corto Plazo EUR;EUR;Luxemburgo;3;;1.5;1.2;0.29;1.14;;;2015-11-11;True;False;1000;2026-09-03
LU1585265066;Tikehau Short Duration R EUR Acc;Tikehau Short Duration Fund R EUR Acc;Tikehau Investment Management;Fixed Income;Europe Fixed Income;RF Deuda Corporativa Corto Plazo EUR;EUR;Luxemburgo;2;3;;1;0.91;1.74;3.52;1.85;2020-09-01;True;False;100;2026-09-03
LU0960403268;AXAWF US Credit Short Dur IG A Cap USD;AXA World Funds - US Credit Short Duration IG A Capitalisation USD;BNP PARIBAS ASSET MANAGEMENT Europe;Fixed Income;US Fixed Income;RF Deuda Corporativa Corto Plazo USD;USD;Luxemburgo;2;2;0.87;0.65;1.11;2.56;4.67;2.22;2013-09-03;True;False;0;2026-09-03
IE00BYP0Y779;Lord Abbett Short Dur Inc A EUR Acc;Lord Abbett Short Duration Income Fund Class A EUR Accumulating;Lord Abbett (Ireland) Ltd;Fixed Income;US Fixed Income;RF Deuda Corporativa Corto Plazo USD;EUR;Irlanda;4;3;1.07;1;2.44;3.41;2.3;;2016-02-01;True;False;2500;2026-09-03
IE00BFNWXY26;Lord Abbett Short Dur Inc A USD Acc;Lord Abbett Short Duration Income Fund Class A USD Accumulating;Lord Abbett (Ireland) Ltd;Fixed Income;US Fixed Income;RF Deuda Corporativa Corto Plazo USD;USD;Irlanda;2;2;1.07;1;1.12;2.85;4.71;2.09;2014-02-18;True;False;2500;2026-09-03
LU1740847006;MFS Meridian Limited Maturity A1 EUR;MFS Meridian Funds - Limited Maturity Fund A1;MFS Investment Management Company (Lux) S.à.r.l;Fixed Income;US Fixed Income;RF Deuda Corporativa Corto Plazo USD;EUR;Luxemburgo;4;2;1.13;0.6;2.24;3.11;1.8;2.24;2018-02-16;True;False;0;2026-09-03
LU0219442893;MFS Meridian Limited Maturity A1 USD;MFS Meridian Funds - Limited Maturity Fund A1 USD;MFS Investment Management Company (Lux) S.à.r.l;Fixed Income;US Fixed Income;RF Deuda Corporativa Corto Plazo USD;USD;Luxemburgo;2;2;1.14;0.6;0.83;2.17;4.28;1.85;2005-09-26;True;False;0;2026-09-03
LU0029761532;UBAM USD Floating Rate Notes AC USD;UBAM - USD Floating Rate Notes AC USD;UBP Asset Management (Europe) S.A.;Fixed Income;US Fixed Income;RF Deuda Corporativa Corto Plazo USD;USD;Luxemburgo;2;4;0.63;0.4;2.54;4.07;5.41;4.28;1990-12-18;True;False;0;2026-09-03
LU1145633407;Allianz Euro Credit SRI AT EUR;Allianz Global Investors Fund - Allianz Euro Credit SRI AT EUR;Allianz Global Investors GmbH;Fixed Income;Europe Fixed Income;RF Deuda Corporativa EUR;EUR;Luxemburgo;3;2;1.09;2;-1.21;-0.64;3.76;-1.6;2015-02-02;True;False;0;2026-09-03
LU1525412281;Amundi EUR Corporate Bd 1-5Y ESG AE Acc;Amundi Index Solution - Amundi EUR Corporate Bond 1-5Y ESG AE Acc;Amundi Luxembourg S.A.;Fixed Income;Europe Fixed Income;RF Deuda Corporativa EUR;EUR;Luxemburgo;3;4;;0.25;0.18;0.68;3.63;0.69;2016-11-29;True;True;;2026-09-03
LU1050469367;Amundi EUR Corporate Bond ESG AE-C;Amundi Index Solutions - Amundi EUR Corporate Bond ESG AE-C;Amundi Luxembourg S.A.;Fixed Income;Europe Fixed Income;RF Deuda Corporativa EUR;EUR;Luxemburgo;3;2;;0.2;0.04;0.73;3.87;-0.47;2014-04-14;True;True;0;2026-09-03
LU0162658883;BGF Euro Corporate Bond A2;BlackRock Global Funds - Euro Corporate Bond Fund A2;BlackRock (Luxembourg) SA;Fixed Income;Europe Fixed Income;RF Deuda Corporativa EUR;EUR;Luxemburgo;3;3;1.01;0.8;-0.52;0.35;3.67;-0.62;2006-07-31;True;False;5000;2026-09-03
LU2954943440;BNPP E € Corp Bond SRI PAB 3-5Y Tr PrAcc;BNP Paribas Easy € Corp Bond SRI PAB 3-5Y Track Privilege Acc;BNP Paribas Asset Management Luxembourg;Fixed Income;Europe Fixed Income;RF Deuda Corporativa EUR;EUR;Luxemburgo;3;;;0.03;0.01;0.77;;;2024-12-18;True;True;100000;2026-09-03
LU0357317923;BlueBay Investment Grade Bd R EUR (AID);BlueBay Funds - BlueBay Investment Grade Bond Fund R - EUR (AIDiv);BlueBay Funds Management Company S.A.;Fixed Income;Europe Fixed Income;RF Deuda Corporativa EUR;EUR;Luxemburgo;3;4;0.91;0.75;-0.75;-0.23;4.04;-0.46;2008-09-04;True;False;0;2026-09-03
LU0217402501;BlueBay Investment Grade Bd R EUR Acc;BlueBay Funds - BlueBay Investment Grade Bond Fund - R - EUR accumulating;BlueBay Funds Management Company S.A.;Fixed Income;Europe Fixed Income;RF Deuda Corporativa EUR;EUR;Luxemburgo;3;4;0.91;0.75;-0.75;-0.23;4.04;-0.46;2005-03-28;True;False;0;2026-09-03
LU1902444584;CPR Invest Climate Bonds Euro A EUR Acc;CPR Invest - Climate Bonds Euro - A EUR - Acc;CPR Asset Management;Fixed Income;Europe Fixed Income;RF Deuda Corporativa EUR;EUR;Luxemburgo;3;4;;0.7;-0.36;0.47;4.36;0.1;2018-12-06;True;False;1;2026-09-03
LU1313770452;Candriam Sst Bd Euro Corp C € Acc;Candriam Sustainable Bond Euro Corporate C - CAP - EUR;Candriam;Fixed Income;Europe Fixed Income;RF Deuda Corporativa EUR;EUR;Luxemburgo;3;3;;0.75;-0.33;0.41;3.86;-0.31;2016-05-17;True;False;0;2026-09-03
LU0300357554;DWS Invest Euro Corporate Bds LC;DWS Invest Euro Corporate Bonds LC;DWS Investment S.A.;Fixed Income;Europe Fixed Income;RF Deuda Corporativa EUR;EUR;Luxemburgo;3;3;0.96;0.9;-0.65;0.24;3.89;-0.76;2007-05-21;True;False;0;2026-09-03
LU0441433728;DWS Invest Euro Corporate Bds LD;DWS Invest Euro Corporate Bonds LD;DWS Investment S.A.;Fixed Income;Europe Fixed Income;RF Deuda Corporativa EUR;EUR;Luxemburgo;3;3;0.96;0.9;-0.65;0.24;3.89;-0.76;2009-10-30;True;False;0;2026-09-03
FI0008801097;Evli Corporate Bond B;Evli Corporate Bond B;Evli-Rahastoyhtiö Oy;Fixed Income;Europe Fixed Income;RF Deuda Corporativa EUR;EUR;Finlandia;3;4;0.86;0.85;0.31;1.2;4.98;0.39;1999-09-14;True;False;1000;2026-09-03
LU0243957825;Invesco Euro Corporate Bond A EUR Acc;Invesco Funds - Invesco Euro Corporate Bond Fund A Accumulation EUR;Invesco Management S.A.;Fixed Income;Europe Fixed Income;RF Deuda Corporativa EUR;EUR;Luxemburgo;3;3;;1;-0.87;-0.05;3.3;-0.44;2006-03-31;True;False;1000;2026-09-03
LU0248037169;Invesco Euro Corporate Bond A MD EUR;Invesco Funds - Invesco Euro Corporate Bond Fund A Monthly Distribution EUR;Invesco Management S.A.;Fixed Income;Europe Fixed Income;RF Deuda Corporativa EUR;EUR;Luxemburgo;3;3;;1;-0.87;-0.05;3.31;-0.44;2006-05-02;True;False;1000;2026-09-03
LU0451950314;Janus Henderson Hrzn Euro Corp Bd A2 EUR;Janus Henderson Horizon Euro Corporate Bond Fund A2 EUR;Janus Henderson Investors;Fixed Income;Europe Fixed Income;RF Deuda Corporativa EUR;EUR;Luxemburgo;3;2;1.17;0.75;-0.79;-0.13;3.59;-1.16;2009-12-18;True;False;2500;2026-09-03
LU1670629549;M&G (Lux) Euro Corp Bd A EUR Acc;M&G (Lux) Euro Corporate Bond Fund EUR A Acc;M&G Luxembourg S.A.;Fixed Income;Europe Fixed Income;RF Deuda Corporativa EUR;EUR;Luxemburgo;3;3;0.61;0.4;-0.59;0.15;3.76;-0.43;2018-11-09;True;False;1000;2026-09-03
LU2482630162;M&G European Credit Investment P EUR Acc;European Specialist Investment Funds - M&G European Credit Investment Fund Class P EUR Acc;M&G Luxembourg S.A.;Fixed Income;Europe Fixed Income;RF Deuda Corporativa EUR;EUR;Luxemburgo;3;3;0.49;0.49;-0.28;0.17;4.16;;2022-06-21;True;False;1000;2026-09-03
LU1914597502;MFS Meridian Euro Credit A1 EUR;MFS Meridian Funds - Euro Credit Fund A1 EUR;MFS Investment Management Company (Lux) S.à.r.l;Fixed Income;Europe Fixed Income;RF Deuda Corporativa EUR;EUR;Luxemburgo;3;3;1.14;0.5;-0.72;-0.36;4.46;-0.31;2019-02-15;True;False;0;2026-09-03
LU0132601682;MS INVF Euro Corporate Bond A;Morgan Stanley Investment Funds - Euro Corporate Bond Fund A;MSIM Fund Management (Ireland) Limited;Fixed Income;Europe Fixed Income;RF Deuda Corporativa EUR;EUR;Luxemburgo;3;4;1.04;0.8;-0.69;0.26;4.04;-0.31;2001-09-04;True;False;0;2026-09-03
LU0239680886;MS INVF Euro Corporate Bond AX;Morgan Stanley Investment Funds - Euro Corporate Bond Fund AX;MSIM Fund Management (Ireland) Limited;Fixed Income;Europe Fixed Income;RF Deuda Corporativa EUR;EUR;Luxemburgo;3;4;1.04;0.8;-0.71;0.24;4.03;-0.31;2009-07-06;True;False;0;2026-09-03
IE000JM1MJ59;Man Euro Corp Bd D EUR Acc;Man Funds plc - Man Euro Corporate Bond D EUR;Man Asset Management (Ireland) Limited;Fixed Income;Europe Fixed Income;RF Deuda Corporativa EUR;EUR;Irlanda;3;;1.45;1.24;1.88;3.31;;;2023-10-26;True;False;1000;2026-09-03
LU0076315455;Nordea 1 - European Covered Bond BP EUR;Nordea 1 - European Covered Bond Fund BP EUR;Nordea Investment Funds SA;Fixed Income;Europe Fixed Income;RF Deuda Corporativa EUR;EUR;Luxemburgo;3;2;0.86;0.6;-1.77;-0.91;2.47;-1.49;1996-07-05;True;False;0;2026-09-03
IE00B3KR3M49;PIMCO GIS Euro Credit E EUR Acc;PIMCO GIS Euro Credit Fund E Class EUR Accumulation;PIMCO Global Advisors (Ireland) Limited;Fixed Income;Europe Fixed Income;RF Deuda Corporativa EUR;EUR;Irlanda;3;1;;2.5;-1.56;-0.87;2.98;-1.78;2010-05-25;True;False;;2026-09-03
FR0007008750;R-co Conviction Credit Euro C EUR;R-co Conviction Credit Euro C EUR;Rothschild & Co Asset Management;Fixed Income;Europe Fixed Income;RF Deuda Corporativa EUR;EUR;Francia;2;5;0.81;0.71;0.24;0.98;4.97;0.82;2000-12-29;True;False;2500;2026-09-03
LU0213453771;Robeco Euro Credit Bonds D €;Robeco Euro Credit Bonds D €;Robeco Institutional Asset Management BV;Fixed Income;Europe Fixed Income;RF Deuda Corporativa EUR;EUR;Luxemburgo;3;3;0.92;0.7;-0.44;0.11;3.68;-0.44;2005-04-01;True;False;0;2026-09-03
LU0503372608;Robeco Euro SDG Credits D EUR Cap;Robeco Euro SDG Credits D EUR Capitalisation;Robeco Institutional Asset Management BV;Fixed Income;Europe Fixed Income;RF Deuda Corporativa EUR;EUR;Luxemburgo;3;3;0.92;0.7;-0.45;0.1;3.67;-0.57;2010-05-18;True;False;0;2026-09-03
LU0113257694;Schroder ISF EURO Corp Bd A Acc EUR;Schroder International Selection Fund EURO Corporate Bond A Accumulation EUR;Schroder Investment Management (Europe) S.A.;Fixed Income;Europe Fixed Income;RF Deuda Corporativa EUR;EUR;Luxemburgo;3;4;1.04;0.75;-0.29;0.75;4.82;-0.31;2000-06-30;True;False;1000;2026-09-03
LU0425487740;Schroder ISF EURO Corp Bd A Dis EUR SF;Schroder International Selection Fund EURO Corporate Bond A Distribution EUR SF;Schroder Investment Management (Europe) S.A.;Fixed Income;Europe Fixed Income;RF Deuda Corporativa EUR;EUR;Luxemburgo;3;4;1.04;0.75;-0.29;0.75;4.82;-0.31;2009-04-30;True;False;1000;2026-09-03
LU0995119665;Schroder ISF EURO Crdt Convct A Acc EUR;Schroder International Selection Fund EURO Credit Conviction A Accumulation EUR;Schroder Investment Management (Europe) S.A.;Fixed Income;Europe Fixed Income;RF Deuda Corporativa EUR;EUR;Luxemburgo;3;5;1.28;1;0.09;1.13;5.49;0.09;2013-12-18;True;False;1000;2026-09-03
LU0995120242;Schroder ISF EURO Crdt Convct A DisEURS;Schroder International Selection Fund EURO Credit Conviction A Distribution EUR S;Schroder Investment Management (Europe) S.A.;Fixed Income;Europe Fixed Income;RF Deuda Corporativa EUR;EUR;Luxemburgo;3;5;1.28;1;0.09;1.13;5.49;0.09;2013-12-18;True;False;1000;2026-09-03
LU2080993616;Schroder ISF Sust EURO Crdt A Acc EUR;Schroder International Selection Fund Sustainable EURO Credit A Accumulation EUR;Schroder Investment Management (Europe) S.A.;Fixed Income;Europe Fixed Income;RF Deuda Corporativa EUR;EUR;Luxemburgo;3;4;1.03;0.75;-0.51;0.41;4.19;-0.03;2019-12-17;True;False;1000;2026-09-03
FR0011288513;Sycomore Sélection Crédit R;Sycomore Sélection Crédit R;Sycomore Asset Management;Fixed Income;Europe Fixed Income;RF Deuda Corporativa EUR;EUR;Francia;3;4;1.28;1.2;-0.02;1.03;4.67;1.14;2012-12-05;True;False;0;2026-09-03
LU0133089424;T. Rowe Price Euro Corp Bd - A;T. Rowe Price Funds SICAV - Euro Corporate Bond Fund - A;T. Rowe Price (Luxembourg) Management S.à r.l.;Fixed Income;Europe Fixed Income;RF Deuda Corporativa EUR;EUR;Luxemburgo;3;3;0.55;0.44;-0.47;0.47;4.08;-0.22;2004-11-09;True;False;0;2026-09-03
LU0162626096;UBS (Lux) BS EUR Corp (EUR) P-acc;UBS (Lux) Bond SICAV - EUR Corporates (EUR) P-acc;UBS Asset Management (Europe) S.A.;Fixed Income;Europe Fixed Income;RF Deuda Corporativa EUR;EUR;Luxemburgo;3;2;1.14;0.86;-0.64;0;3.53;-0.78;2003-04-11;True;False;0;2026-09-03
IE0009591805;Vanguard Euro IG Bd Idx Inv EUR Acc;Vanguard Euro Investment Grade Bond Index Fund Investor EUR Accumulation;Vanguard Group (Ireland) Limited;Fixed Income;Europe Fixed Income;RF Deuda Corporativa EUR;EUR;Irlanda;3;2;0.12;0.12;-0.52;0.39;3.4;-1.07;2001-05-30;True;True;1000000;2026-09-03
LU0153585723;Vontobel Euro Corporate Bond B EUR;Vontobel Fund - Euro Corporate Bond B EUR Cap;Vontobel Asset Management S.A.;Fixed Income;Europe Fixed Income;RF Deuda Corporativa EUR;EUR;Luxemburgo;4;3;1.35;1.1;-0.71;0.14;3.96;-0.95;2002-09-27;True;False;0;2026-09-03
LU0153585996;Vontobel Euro Corporate Bond C EUR;Vontobel Fund - Euro Corporate Bond C EUR Cap;Vontobel Asset Management S.A.;Fixed Income;Europe Fixed Income;RF Deuda Corporativa EUR;EUR;Luxemburgo;4;2;1.75;1.6;-0.97;-0.25;3.56;-1.33;2007-07-16;True;False;0;2026-09-03
LU1775980979;Invesco Sterling Bond A GBP Acc;Invesco Funds - Invesco Sterling Bond Fund A Accumulation GBP;Invesco Management S.A.;Fixed Income;Sterling Fixed Income;RF Deuda Corporativa GBP;GBP;Luxemburgo;4;4;;0.75;-1.52;2.55;5.01;0.51;2018-10-08;True;False;1000;2026-09-03
LU1525413685;Amundi Global Corp Bd 1-5Y ESG AE-C;Amundi Index Solutions - Amundi Global Corporate Bond 1-5Y ESG AE-C;Amundi Luxembourg S.A.;Fixed Income;Global Fixed Income;RF Deuda Corporativa Global;EUR;Luxemburgo;3;4;;0.25;1.48;2.46;3.02;;2020-08-13;True;True;1;2026-09-03
IE00B4Y6F282;FTGF WA Sh Dur Bl Chp Bd A USD Acc;FTGF Western Asset Short Duration Blue Chip Bond Fund Class A US$ Accumulating;Franklin Templeton International Services S.à r.l.;Fixed Income;Global Fixed Income;RF Deuda Corporativa Global;USD;Irlanda;3;4;1.16;0.85;0.58;1.88;4.52;1.49;2009-06-25;True;False;1000;2026-09-03
LU0839536322;Amundi Fds Global Corp Bd A EUR H C;Amundi Funds - Global Corporate Bond A EUR Hgd (C);Amundi Luxembourg S.A.;Fixed Income;Global Fixed Income;RF Deuda Corporativa Global - EUR Cubierto;EUR;Luxemburgo;4;2;1.31;0.9;-2.09;-1.08;3.22;-1.97;2012-12-11;True;False;;2026-09-03
IE00B4Y6F514;FTGF WA Sh Dur Bl Chp Bd A EURH Acc;FTGF Western Asset Short Duration Blue Chip Bond Fund Class A Euro Accumulating (Hedged);Franklin Templeton International Services S.à r.l.;Fixed Income;Global Fixed Income;RF Deuda Corporativa Global - EUR Cubierto;EUR;Irlanda;3;3;1.16;0.85;-0.6;-0.04;2.57;-0.43;2014-01-30;True;False;1000;2026-09-03
LU0408846458;JPM Global Corporate Bd A acc EUR Hdg;JPMorgan Funds - Global Corporate Bond Fund A (acc) EUR (hedged);JPMorgan Asset Management (Europe) S.à r.l.;Fixed Income;Global Fixed Income;RF Deuda Corporativa Global - EUR Cubierto;EUR;Luxemburgo;4;2;0.98;0.8;-1.96;-0.23;3.1;-1.98;2009-02-27;True;False;35000;2026-09-03
LU0790204860;JPM Global Corporate Bd A dist EUR Hdg;JPMorgan Funds - Global Corporate Bond Fund A (dist) EUR (hedged);JPMorgan Asset Management (Europe) S.à r.l.;Fixed Income;Global Fixed Income;RF Deuda Corporativa Global - EUR Cubierto;EUR;Luxemburgo;4;2;1;0.8;-2;-0.27;3.08;-2.01;2012-06-04;True;False;35000;2026-09-03
LU0408846961;JPM Global Corporate Bd D acc EUR Hdg;JPMorgan Funds - Global Corporate Bond Fund D (acc) EUR (hedged);JPMorgan Asset Management (Europe) S.à r.l.;Fixed Income;Global Fixed Income;RF Deuda Corporativa Global - EUR Cubierto;EUR;Luxemburgo;4;2;1.39;0.8;-2.26;-0.66;2.67;-2.39;2009-02-27;True;False;5000;2026-09-03
LU0503867672;JPM Global Corporate Bd D div EUR Hdg;JPMorgan Funds - Global Corporate Bond Fund D (div) EUR (hedged);JPMorgan Asset Management (Europe) S.à r.l.;Fixed Income;Global Fixed Income;RF Deuda Corporativa Global - EUR Cubierto;EUR;Luxemburgo;4;2;1.38;0.8;-2.29;-0.64;2.65;-2.38;2010-04-19;True;False;5000;2026-09-03
IE000MI53C66;Man GlInGd Opports D H EUR Acc;Man Funds plc - Man Global Investment Grade Opportunities D H EUR;Man Asset Management (Ireland) Limited;Fixed Income;Global Fixed Income;RF Deuda Corporativa Global - EUR Cubierto;EUR;Irlanda;4;5;1.46;1.24;0.67;2;9.17;;2023-04-20;True;False;1000;2026-09-03
IE00BHNWQ814;Muzinich Glbl Shrt DurInvmtGrdHEURAccR;Muzinich Global Short Duration Investment Grade Fund Hedged EUR Accumulation R;Muzinich & Co. (Ireland) Limited;Fixed Income;Global Fixed Income;RF Deuda Corporativa Global - EUR Cubierto;EUR;Irlanda;2;5;;0.5;0.47;1.26;3.43;1.32;2019-09-10;True;False;1000;2026-09-03
IE00B11XZ434;PIMCO GIS GlInGd Crdt E EURH Acc;PIMCO GIS Global Investment Grade Credit Fund E Class EUR (Hedged) Accumulation;PIMCO Global Advisors (Ireland) Limited;Fixed Income;Global Fixed Income;RF Deuda Corporativa Global - EUR Cubierto;EUR;Irlanda;4;1;;2.5;-1.54;-0.12;3.1;-2.45;2006-03-31;True;False;;2026-09-03
IE00BJTCP712;PIMCO GIS Lw Dur GlInGd Crdt E EUR H Acc;PIMCO GIS Low Duration Global Investment Grade Credit Fund E Class EUR (Hedged) Accumulation;PIMCO Global Advisors (Ireland) Limited;Fixed Income;Global Fixed Income;RF Deuda Corporativa Global - EUR Cubierto;EUR;Irlanda;3;3;;1.39;-1.18;-0.5;2.59;-0.41;2014-02-28;True;False;;2026-09-03
LU1362999564;Robeco Global Credits DH EUR;Robeco Global Credits DH EUR;Robeco Institutional Asset Management BV;Fixed Income;Global Fixed Income;RF Deuda Corporativa Global - EUR Cubierto;EUR;Luxemburgo;4;3;1.01;0.8;-1.64;-0.7;2.93;-2.11;2016-02-18;True;False;0;2026-09-03
LU1857098336;Robeco Global Short Dur crdts M2H EUR;Robeco Global Short Duration Credits M2H EUR;Robeco Institutional Asset Management BV;Fixed Income;Global Fixed Income;RF Deuda Corporativa Global - EUR Cubierto;EUR;Luxemburgo;4;4;1.22;1;-0.37;0.31;3.06;0;2018-08-02;True;False;0;2026-09-03
LU0201325072;Schroder ISF Glb Corp Bd A Dis EUR H Q;Schroder International Selection Fund Global Corporate Bond A Distribution EUR Hedged Q;Schroder Investment Management (Europe) S.A.;Fixed Income;Global Fixed Income;RF Deuda Corporativa Global - EUR Cubierto;EUR;Luxemburgo;4;2;1.06;0.75;-1.58;0.06;3.08;-2.02;2004-09-30;True;False;1000;2026-09-03
LU0201324851;Schroder ISF Glbl Corp Bd A Acc EUR Hdg;Schroder International Selection Fund Global Corporate Bond A Accumulation EUR Hedged;Schroder Investment Management (Europe) S.A.;Fixed Income;Global Fixed Income;RF Deuda Corporativa Global - EUR Cubierto;EUR;Luxemburgo;4;3;1.06;0.75;-1.59;0.06;3.1;-2.01;2004-09-30;True;False;1000;2026-09-03
LU0248179540;Schroder ISF Glbl Corp Bd A1 Acc EUR Hdg;Schroder International Selection Fund Global Corporate Bond A1 Accumulation EUR Hedged;Schroder Investment Management (Europe) S.A.;Fixed Income;Global Fixed Income;RF Deuda Corporativa Global - EUR Cubierto;EUR;Luxemburgo;4;2;1.51;0.75;-1.88;-0.38;2.64;-2.45;2006-03-22;True;False;1000;2026-09-03
IE00B65YMD51;PIMCO GIS GlInGd Crdt E GBPH Inc;PIMCO GIS Global Investment Grade Credit Fund E Class GBP (Hedged) Income;PIMCO Global Advisors (Ireland) Limited;Fixed Income;Global Fixed Income;RF Deuda Corporativa Global - GBP Cubierto;GBP;Irlanda;4;1;;2.5;-0.43;1.77;4.81;-0.97;2009-03-31;True;False;;2026-09-03
LU0557863056;Amundi Fds Global Corp Bd A EUR C;Amundi Funds - Global Corporate Bond A EUR (C);Amundi Luxembourg S.A.;Fixed Income;Global Fixed Income;RF Deuda Corporativa Global - USD Cubierto;EUR;Luxemburgo;4;2;1.31;0.9;0.35;1.89;2.75;0.47;2011-05-05;True;False;;2026-09-03
LU0319688791;Amundi Fds Global Corp Bd A USD C;Amundi Funds - Global Corporate Bond A USD (C);Amundi Luxembourg S.A.;Fixed Income;Global Fixed Income;RF Deuda Corporativa Global - USD Cubierto;USD;Luxemburgo;4;2;1.31;0.9;-0.92;0.88;5.19;0.03;2007-10-30;True;False;1;2026-09-03
LU0408846375;JPM Global Corporate Bd A acc USD;JPMorgan Funds - Global Corporate Bond Fund A (acc) USD;JPMorgan Asset Management (Europe) S.à r.l.;Fixed Income;Global Fixed Income;RF Deuda Corporativa Global - USD Cubierto;USD;Luxemburgo;4;2;0.98;0.8;-0.82;1.69;5.09;0.02;2009-02-27;True;False;35000;2026-09-03
LU0408846706;JPM Global Corporate Bd D acc USD;JPMorgan Funds - Global Corporate Bond Fund D (acc) USD;JPMorgan Asset Management (Europe) S.à r.l.;Fixed Income;Global Fixed Income;RF Deuda Corporativa Global - USD Cubierto;USD;Luxemburgo;4;2;1.39;0.8;-1.14;1.27;4.66;-0.39;2009-02-27;True;False;5000;2026-09-03
IE000V4MQ908;Man GlInGd Opports D USD Acc;Man Funds plc - Man Global Investment Grade Opportunities D USD;Man Asset Management (Ireland) Limited;Fixed Income;Global Fixed Income;RF Deuda Corporativa Global - USD Cubierto;USD;Irlanda;4;5;1.46;1.24;1.83;3.96;11.21;;2023-04-27;True;False;1000;2026-09-03
IE00B3K7XK29;PIMCO GIS GlInGd Crdt E USD Acc;PIMCO GIS Global Investment Grade Credit Fund E Class USD Accumulation;PIMCO Global Advisors (Ireland) Limited;Fixed Income;Global Fixed Income;RF Deuda Corporativa Global - USD Cubierto;USD;Irlanda;4;1;;2.5;-0.36;1.82;5.04;-0.51;2008-12-10;True;False;1000;2026-09-03
LU0106258311;Schroder ISF Glbl Corp Bd A Acc USD;Schroder International Selection Fund Global Corporate Bond A Accumulation USD;Schroder Investment Management (Europe) S.A.;Fixed Income;Global Fixed Income;RF Deuda Corporativa Global - USD Cubierto;USD;Luxemburgo;4;3;1.03;0.75;-0.37;2.08;5.12;-0.03;2000-01-17;True;False;1000;2026-09-03
IE00BDFB5T26;Vanguard Glb Corp Bd Idx $ H Acc;Vanguard Global Corporate Bond Index Fund USD Hedged Acc;Vanguard Group (Ireland) Limited;Fixed Income;Global Fixed Income;RF Deuda Corporativa Global - USD Cubierto;USD;Irlanda;4;3;0.18;0.18;-0.11;2.19;5.43;0.44;2017-11-02;True;True;1000000;2026-09-03
LU0622305505;GS EM Corp Bd Base Acc USD;Goldman Sachs Emerging Markets Corporate Bond Portfolio Base Acc USD;Goldman Sachs Asset Management B.V.;Fixed Income;Emerging Markets Fixed Income;RF Deuda Corporativa Global Emergente;USD;Luxemburgo;4;3;;1.25;1.78;4.11;7.28;1.59;2011-05-17;True;False;5000;2026-09-03
IE00BFNXVX02;Muzinich EmergingMktsShrtDur HUSD Acc R;Muzinich EmergingMarketsShortDuration Fund Hedged USD Accumulation R Units;Muzinich & Co. (Ireland) Limited;Fixed Income;Emerging Markets Fixed Income;RF Deuda Corporativa Global Emergente;USD;Irlanda;3;3;;1.1;1.77;3.16;6.17;2.06;2014-06-24;True;False;1000;2026-09-03
LU1055196213;Pictet-Short Term Em Corp Bds P USD;Pictet-Short Term Emerging Corporate Bonds P USD;Pictet Asset Management (Europe) SA;Fixed Income;Emerging Markets Fixed Income;RF Deuda Corporativa Global Emergente;USD;Luxemburgo;3;3;1.33;1.8;2.06;3.85;6.35;2.55;2014-05-14;True;False;0;2026-09-03
LU0566480116;abrdn-Emerg Mrkt Corp Bond A Acc USD;abrdn SICAV I - Emerging Markets Corporate Bond Fund A Acc USD;abrdn Investments Luxembourg S.A.;Fixed Income;Emerging Markets Fixed Income;RF Deuda Corporativa Global Emergente;USD;Luxemburgo;3;3;;1.5;1.98;4.2;7.72;1.54;2011-03-07;True;False;500;2026-09-03
LU1080015693;EdRF Emerging Credit A EUR H;Edmond de Rothschild Fund - Emerging Credit A EUR Hedged;Edmond de Rothschild Asset Management (France);Fixed Income;Emerging Markets Fixed Income;RF Deuda Corporativa Global Emergentes - Cubierto EUR;EUR;Luxemburgo;4;4;1.28;1;2.71;3.48;6.19;0.03;2014-07-15;True;False;0;2026-09-03
LU0622306651;GS EM Corp Bd Oth Ccy Acc EUR Hdg;Goldman Sachs Emerging Markets Corporate Bond Portfolio Other Currency Acc EUR-Hedged;Goldman Sachs Asset Management B.V.;Fixed Income;Emerging Markets Fixed Income;RF Deuda Corporativa Global Emergentes - Cubierto EUR;EUR;Luxemburgo;4;3;;1.25;0.69;2.23;5.38;-0.3;2011-05-17;True;False;5000;2026-09-03
LU0512127621;JPM Emerg Mkts Corp Bd A acc EUR H;JPMorgan Funds - Emerging Markets Corporate Bond Fund A (acc) EUR (hedged);JPMorgan Asset Management (Europe) S.à r.l.;Fixed Income;Emerging Markets Fixed Income;RF Deuda Corporativa Global Emergentes - Cubierto EUR;EUR;Luxemburgo;4;3;1.26;1;0.69;2.48;5.38;-0.58;2010-07-14;True;False;35000;2026-09-03
LU0512128355;JPM Emerg Mkts Corp Bd D acc EUR H;JPMorgan Funds - Emerging Markets Corporate Bond Fund D (acc) EUR (hedged);JPMorgan Asset Management (Europe) S.à r.l.;Fixed Income;Emerging Markets Fixed Income;RF Deuda Corporativa Global Emergentes - Cubierto EUR;EUR;Luxemburgo;4;2;1.76;1;0.35;1.96;4.85;-1.09;2010-08-27;True;False;5000;2026-09-03
LU0980585672;Loomis Sayles S/T Em Mkts Bd R/A H-EUR;Natixis International Fds (Lux) I - Loomis Sayles Short Term Emerging Markets Bond Fd R/A (H-EUR);Natixis Investment Managers International;Fixed Income;Emerging Markets Fixed Income;RF Deuda Corporativa Global Emergentes - Cubierto EUR;EUR;Luxemburgo;3;2;1.3;1.3;-0.18;0.62;3.57;-0.39;2015-02-17;True;False;1000;2026-09-03
IE0006SZI3X0;Man EM Corp Crdt Alt DN H EUR Acc;Man Funds VI plc - Man Emerging Markets Corporate Credit Alternative DN H EUR;Man Group Ltd;Fixed Income;Emerging Markets Fixed Income;RF Deuda Corporativa Global Emergentes - Cubierto EUR;EUR;Irlanda;4;;;1.75;5.65;8.58;;;2024-09-02;True;False;1000;2026-09-03
IE00BFNXVS58;Muzinich EmergingMktsShrtDur HEUR Acc R;Muzinich EmergingMarketsShortDuration Fund Hedged Euro Accumulation R Units;Muzinich & Co. (Ireland) Limited;Fixed Income;Emerging Markets Fixed Income;RF Deuda Corporativa Global Emergentes - Cubierto EUR;EUR;Irlanda;3;3;;1.1;0.65;1.27;4.21;0.14;2014-06-20;True;False;1000;2026-09-03
LU1055198938;Pictet-Short Term Em Corp Bds HP EUR;Pictet-Short Term Emerging Corporate Bonds HP EUR;Pictet Asset Management (Europe) SA;Fixed Income;Emerging Markets Fixed Income;RF Deuda Corporativa Global Emergentes - Cubierto EUR;EUR;Luxemburgo;3;3;1.38;1.8;0.81;1.82;4.34;0.63;2014-05-14;True;False;0;2026-09-03
LU0654954816;abrdn-Emerg Mrkt Corp Bond A Acc HEUR;abrdn SICAV I - Emerging Markets Corporate Bond Fund A Acc Hedged EUR;abrdn Investments Luxembourg S.A.;Fixed Income;Emerging Markets Fixed Income;RF Deuda Corporativa Global Emergentes - Cubierto EUR;EUR;Luxemburgo;3;3;;1.5;0.81;2.23;5.72;-0.37;2014-03-21;True;False;;2026-09-03
LU0546067371;AXAIMFIIS US Corp Itmt Bds F Cap USD;AXA IM Fixed Income Investment Strategies - US Corporate Intermediate Bonds F Capitalisation USD;BNP PARIBAS ASSET MANAGEMENT Europe;Fixed Income;US Fixed Income;RF Deuda Corporativa USD;USD;Luxemburgo;4;4;0.93;0.75;-0.43;1.39;4.67;0.6;2010-09-30;True;False;0;2026-09-03
LU1567057721;Capital Group USCrpBd LUX B;Capital Group US Corporate Bond Fund LUX B;Capital International Management Company Sàrl;Fixed Income;US Fixed Income;RF Deuda Corporativa USD;USD;Luxemburgo;4;2;0.9;0.8;-1.43;0.39;3.84;-1.25;2017-03-21;True;False;0;2026-09-03
LU1567057309;Capital Group USCrpBd LUX B EUR;Capital Group US Corporate Bond Fund LUX B EUR;Capital International Management Company Sàrl;Fixed Income;US Fixed Income;RF Deuda Corporativa USD;EUR;Luxemburgo;4;2;0.9;0.8;-0.12;1.36;1.35;-0.82;2017-03-21;True;False;;2026-09-03
LU0458979076;Nordea 1 - US Corporate Bond BP EUR;Nordea 1 - US Corporate Bond Fund BP EUR;Nordea Investment Funds SA;Fixed Income;US Fixed Income;RF Deuda Corporativa USD;EUR;Luxemburgo;4;3;1.03;0.7;0.55;2.37;2.33;-0.43;2010-02-12;True;False;0;2026-09-03
LU0146923718;UBAM Medium Term US Corporate Bd AC USD;UBAM - Medium Term US Corporate Bond AC USD;UBP Asset Management (Europe) S.A.;Fixed Income;US Fixed Income;RF Deuda Corporativa USD;USD;Luxemburgo;3;4;0.92;0.5;-0.7;1.14;5.28;1.1;2002-05-03;True;False;0;2026-09-03
IE00B04GQX83;Vanguard U.S. Invm Grd Crdt Idx USD Acc;Vanguard U.S. Investment Grade Credit Index Fund USD Acc;Vanguard Group (Ireland) Limited;Fixed Income;US Fixed Income;RF Deuda Corporativa USD;USD;Irlanda;4;3;0.12;0.12;-0.39;2.03;5.1;0.05;2004-12-16;True;True;1000000;2026-09-03
LU1646952801;abrdn-US Dollar Credit Sust Bd A AccUSD;abrdn SICAV I - US Dollar Credit Sustainable Bond Fund A Acc USD;abrdn Investments Luxembourg S.A.;Fixed Income;US Fixed Income;RF Deuda Corporativa USD;USD;Luxemburgo;4;3;;0.8;-1.55;1.22;4.21;-0.87;2017-12-08;True;False;500;2026-09-03
LU0097116437;Eurizon Bond EUR Short Term LTE R Acc;Eurizon Fund - Bond EUR Short Term LTE Class Unit R EUR Accumulation;Eurizon Capital SGR SpA - Luxembourg Branch;Fixed Income;Europe Fixed Income;RF Deuda Pública Corto Plazo EUR;EUR;Luxemburgo;2;3;;0.3;0.07;0.49;2.18;0.46;1999-07-16;True;True;50000;2026-09-03
LU0396183898;Generali IS Euro Bond 1/3Y EX;Generali Investments SICAV - Euro Bond 1-3 Years EX;Generali Investments Luxembourg SA;Fixed Income;Europe Fixed Income;RF Deuda Pública Corto Plazo EUR;EUR;Luxemburgo;2;4;0.94;0.7;-0.36;0.12;2.25;1.15;2009-03-09;True;False;500;2026-09-03
LU0145485214;Generali IS Euro Short Term Bond DX;Generali Investments SICAV - Euro Short Term Bond Fund DX;Generali Investments Luxembourg SA;Fixed Income;Europe Fixed Income;RF Deuda Pública Corto Plazo EUR;EUR;Luxemburgo;2;5;0.45;0.3;1.12;1.73;2.73;2.07;2003-11-26;True;False;500;2026-09-03
LU0145485560;Generali IS Euro Short Term Bond DY;Generali Investments SICAV - Euro Short Term Bond Fund DY;Generali Investments Luxembourg SA;Fixed Income;Europe Fixed Income;RF Deuda Pública Corto Plazo EUR;EUR;Luxemburgo;2;5;0.45;0.3;1.12;1.73;2.73;2.09;2015-06-19;True;False;500;2026-09-03
LU0408877412;JPM Euro Govt Shrt Dur Bd A acc EUR;JPMorgan Funds - Euro Government Short Duration Bond Fund A (acc) EUR;JPMorgan Asset Management (Europe) S.à r.l.;Fixed Income;Europe Fixed Income;RF Deuda Pública Corto Plazo EUR;EUR;Luxemburgo;2;3;0.5;0.35;-0.16;0.35;2.31;0.69;2009-02-20;True;False;35000;2026-09-03
LU0408877842;JPM Euro Govt Shrt Dur Bd D acc EUR;JPMorgan Funds - Euro Government Short Duration Bond Fund D (acc) EUR;JPMorgan Asset Management (Europe) S.à r.l.;Fixed Income;Europe Fixed Income;RF Deuda Pública Corto Plazo EUR;EUR;Luxemburgo;2;3;0.55;0.35;-0.18;0.31;2.27;0.65;2009-02-20;True;False;0;2026-09-03
LU1050470373;Amundi Core Euro Govt Bd AE Acc;Amundi Core Euro Government Bond AE Acc;Amundi Luxembourg S.A.;Fixed Income;Europe Fixed Income;RF Deuda Pública EUR;EUR;Luxemburgo;4;3;0.35;0.2;-1.44;-0.62;1.66;-2.97;2014-04-14;True;True;;2026-09-03
LU0111548326;BNP Paribas Euro Government Bd C C;BNP Paribas Funds Euro Government Bond Classic Capitalisation;BNP Paribas Asset Management Luxembourg;Fixed Income;Europe Fixed Income;RF Deuda Pública EUR;EUR;Luxemburgo;4;2;0.91;0.7;-2.03;-1.45;0.95;-3.28;1999-05-11;True;False;0;2026-09-03
LU0549541232;BlueBay Inv Grd Euro Govt Bd M EUR Acc;BlueBay Funds - BlueBay Investment Grade Euro Government Bond Fund M EUR Acc;BlueBay Funds Management Company S.A.;Fixed Income;Europe Fixed Income;RF Deuda Pública EUR;EUR;Luxemburgo;4;3;;0.5;-3.5;-2.58;1.54;-2.58;2013-12-06;True;False;0;2026-09-03
LU0549537040;BlueBay Inv Grd Euro Govt Bd R EUR Acc;BlueBay Funds - BlueBay Investment Grade Euro Government Bond Fund R EUR Acc;BlueBay Funds Management Company S.A.;Fixed Income;Europe Fixed Income;RF Deuda Pública EUR;EUR;Luxemburgo;4;3;;0.75;-3.72;-2.91;1.19;-2.91;2013-10-30;True;False;0;2026-09-03
FR0007004130;CM-AM Obli Souverains RC;CM-AM Obli Souverains RC;Crédit Mutuel Asset Management;Fixed Income;Europe Fixed Income;RF Deuda Pública EUR;EUR;Francia;3;2;;0.7;-1.43;-0.88;1.44;-3.18;1996-09-17;True;False;1;2026-09-03
BE0943877671;DPAM B Bonds Eur Govt B Cap;DPAM B - Bonds Eur Government B Cap;Degroof Petercam Asset Management SA;Fixed Income;Europe Fixed Income;RF Deuda Pública EUR;EUR;Bélgica;4;4;0.65;0.5;-1.13;-0.12;2.07;-2.5;1996-10-04;True;False;1;2026-09-03
LU0012017942;Eurizon Bond EUR Medium Term LTE R Acc;Eurizon Fund - Bond EUR Medium Term LTE Class Unit R EUR Accumulation;Eurizon Capital SGR SpA - Luxembourg Branch;Fixed Income;Europe Fixed Income;RF Deuda Pública EUR;EUR;Luxemburgo;3;4;;0.35;-0.87;-0.44;2.19;-0.78;1988-11-29;True;True;50000;2026-09-03
LU0145476817;Generali IS Euro Bond DX;Generali Investments SICAV - Euro Bond Fund DX;Generali Investments Luxembourg SA;Fixed Income;Europe Fixed Income;RF Deuda Pública EUR;EUR;Luxemburgo;4;3;1.34;1.1;-2.48;-1.81;1.24;-1.97;2003-11-26;True;False;500;2026-09-03
LU0363447680;JPM EU Government Bond A acc EUR;JPMorgan Funds - EU Government Bond Fund A (acc) EUR;JPMorgan Asset Management (Europe) S.à r.l.;Fixed Income;Europe Fixed Income;RF Deuda Pública EUR;EUR;Luxemburgo;4;3;0.6;0.4;-2.11;-0.74;1.76;-2.88;2008-10-03;True;False;35000;2026-09-03
LU0355584037;JPM EU Government Bond D acc EUR;JPMorgan Funds - EU Government Bond Fund D (acc) EUR;JPMorgan Asset Management (Europe) S.à r.l.;Fixed Income;Europe Fixed Income;RF Deuda Pública EUR;EUR;Luxemburgo;4;3;0.8;0.4;-2.25;-0.94;1.55;-3.08;2008-10-03;True;False;5000;2026-09-03
FR0011311414;OSTRUM SRI EURO BONDS 3-5 E;OSTRUM SRI EURO BONDS 3-5 E;Natixis Investment Managers International;Fixed Income;Europe Fixed Income;RF Deuda Pública EUR;EUR;Francia;2;4;;0.8;-0.89;-0.51;2.12;-0.83;2012-10-17;True;False;1000;2026-09-03
FR0000003196;Ostrum SRI EURO Sovereign Bods R (C)EUR;Ostrum SRI EURO Sovereign Bonds R (C) EUR;Natixis Investment Managers International;Fixed Income;Europe Fixed Income;RF Deuda Pública EUR;EUR;Francia;3;2;;0.7;-1.39;-0.76;1.13;-3.41;1993-12-30;True;False;1;2026-09-03
LU0213453268;Robeco Euro Government Bonds D €;Robeco Euro Government Bonds D €;Robeco Institutional Asset Management BV;Fixed Income;Europe Fixed Income;RF Deuda Pública EUR;EUR;Luxemburgo;4;3;0.63;0.42;-2.11;-1.16;1.96;-2.92;2003-04-04;True;False;0;2026-09-03
IE0007472115;Vanguard Euro Govt Bd Idx Inv EUR Acc;Vanguard Euro Government Bond Index Fund Investor EUR Accumulation;Vanguard Group (Ireland) Limited;Fixed Income;Europe Fixed Income;RF Deuda Pública EUR;EUR;Irlanda;4;3;0.12;0.12;-1.42;-0.36;1.91;-2.8;2001-04-18;True;True;1000000;2026-09-03
LU1646950771;abrdn-Euro Government Bond A Acc EUR;abrdn SICAV I - Euro Government Bond Fund A Acc EUR;abrdn Investments Luxembourg S.A.;Fixed Income;Europe Fixed Income;RF Deuda Pública EUR;EUR;Luxemburgo;4;1;;0.6;-2.56;-0.92;1.07;-3.97;2017-12-08;True;False;1000;2026-09-03
LU0836513266;iShares Euro Govt Bd Idx (LU) A2 EUR;iShares Euro Government Bond Index Fund (LU) A2 EUR;BlackRock (Luxembourg) SA;Fixed Income;Europe Fixed Income;RF Deuda Pública EUR;EUR;Luxemburgo;4;2;0.54;0.45;-1.79;-0.76;1.32;-3.37;2012-10-23;True;True;5;2026-09-03
LU0389812933;Amundi IS Core Global Gvt Bd AHE-C;Amundi Index Solutions - Amundi Core Global Government Bond AHE-C;Amundi Luxembourg S.A.;Fixed Income;Global Fixed Income;RF Deuda Pública Global - Cubierto EUR;EUR;Luxemburgo;3;3;;0.2;-2.08;-1.48;0.67;-2.92;2008-09-25;True;True;0;2026-09-03
LU0406674076;JPM Global Government Bd A acc EUR;JPMorgan Funds - Global Government Bond Fund A (acc) EUR;JPMorgan Asset Management (Europe) S.à r.l.;Fixed Income;Global Fixed Income;RF Deuda Pública Global - Cubierto EUR;EUR;Luxemburgo;3;3;0.6;0.4;-2.61;-1.49;0.77;-2.9;2009-02-20;True;False;35000;2026-09-03
LU0406674589;JPM Global Government Bd D acc EUR;JPMorgan Funds - Global Government Bond Fund D (acc) EUR;JPMorgan Asset Management (Europe) S.à r.l.;Fixed Income;Global Fixed Income;RF Deuda Pública Global - Cubierto EUR;EUR;Luxemburgo;3;3;0.8;0.4;-2.7;-1.71;0.56;-3.08;2009-02-20;True;False;5000;2026-09-03
LU0006061385;BGF Global Government Bond A2;BlackRock Global Funds - Global Government Bond Fund A2;BlackRock (Luxembourg) SA;Fixed Income;Global Fixed Income;RF Deuda Pública Global - Cubierto USD;USD;Luxemburgo;3;2;0.98;0.75;-1.3;0.53;2.9;-1.4;1987-05-13;True;False;5000;2026-09-03
LU0543330301;Franklin US Government A(acc)USD;Franklin U.S. Government Fund A(acc)USD;Franklin Templeton International Services S.à r.l.;Fixed Income;US Fixed Income;RF Deuda Pública USD;USD;Luxemburgo;4;3;1.01;0.7;-0.61;1.52;3.32;-0.55;2010-09-30;True;False;1000;2026-09-03
LU0812851797;MFS Meridian US Government Bond A1 EUR;MFS Meridian Funds - U.S. Government Bond Fund A1 EUR;MFS Investment Management Company (Lux) S.à.r.l;Fixed Income;US Fixed Income;RF Deuda Pública USD;EUR;Luxemburgo;4;3;0.98;0.5;0.17;1.32;0.56;-0.78;2012-08-24;True;False;0;2026-09-03
LU0219442547;MFS Meridian US Government Bond A1 USD;MFS Meridian Funds - U.S. Government Bond Fund A1 USD;MFS Investment Management Company (Lux) S.à.r.l;Fixed Income;US Fixed Income;RF Deuda Pública USD;USD;Luxemburgo;4;3;0.98;0.5;-1.21;0.39;3;-1.19;2005-09-26;True;False;0;2026-09-03
LU0128488383;Pictet-USD Government Bonds P USD;Pictet-USD Government Bonds P USD;Pictet Asset Management (Europe) SA;Fixed Income;US Fixed Income;RF Deuda Pública USD;USD;Luxemburgo;4;3;0.58;0.6;-1.01;0.91;2.75;-1.39;1992-02-10;True;False;0;2026-09-03
IE0007471927;Vanguard U.S. Govt Bd Idx $ Acc;Vanguard U.S. Government Bond Index Fund USD Acc;Vanguard Group (Ireland) Limited;Fixed Income;US Fixed Income;RF Deuda Pública USD;USD;Irlanda;4;3;0.12;0.12;-0.65;1.19;3.21;-0.92;2002-01-31;True;True;1000000;2026-09-03
IE0007471695;Vanguard US Govt Bd Idx Inv USD Acc;Vanguard U.S. Government Bond Index Fund Investor USD Accumulation;Vanguard Group (Ireland) Limited;Fixed Income;US Fixed Income;RF Deuda Pública USD;USD;Irlanda;4;3;0.12;0.12;-0.65;1.19;3.21;-0.92;2002-03-06;True;True;1000000;2026-09-03
LU1706854152;Amundi SF Divers S/T Bd Sel A EUR ND;Amundi S.F. - Diversified Short-Term Bond Select A EUR ND;Amundi Luxembourg S.A.;Fixed Income;Europe Fixed Income;RF Diversificada Corto Plazo EUR;EUR;Luxemburgo;3;5;;0.6;1.13;2.3;5.59;3.1;2018-03-23;True;False;1;2026-09-03
LU0118255248;BGF Euro Short Duration Bond A1;BlackRock Global Funds - Euro Short Duration Bond Fund A1;BlackRock (Luxembourg) SA;Fixed Income;Europe Fixed Income;RF Diversificada Corto Plazo EUR;EUR;Luxemburgo;3;2;0.89;0.75;-0.52;0.38;2.72;0.7;2000-10-02;True;False;5000;2026-09-03
LU0093503810;BGF Euro Short Duration Bond A2;BlackRock Global Funds - Euro Short Duration Bond Fund A2;BlackRock (Luxembourg) SA;Fixed Income;Europe Fixed Income;RF Diversificada Corto Plazo EUR;EUR;Luxemburgo;3;2;0.89;0.75;-0.24;0.62;2.8;0.75;1999-01-04;True;False;5000;2026-09-03
LU0325598166;BNP Paribas Enhanced Bond 6M C C;BNP Paribas Funds Enhanced Bd 6M Classic Capitalisation;BNP Paribas Asset Management Luxembourg;Fixed Income;Europe Fixed Income;RF Diversificada Corto Plazo EUR;EUR;Luxemburgo;2;4;1.81;0.5;0.98;1.71;3.34;1.57;2007-10-30;True;False;0;2026-09-03
LU0325599487;BNP Paribas Enhanced Bond 6M N C;BNP Paribas Funds Enhanced Bd 6M N Capitalisation;BNP Paribas Asset Management Luxembourg;Fixed Income;Europe Fixed Income;RF Diversificada Corto Plazo EUR;EUR;Luxemburgo;2;3;2.5;0.5;0.91;1.62;3.23;1.47;2007-10-30;True;False;0;2026-09-03
LU1819948784;BNP Paribas Sus Enh Bd 12M Cl EUR Acc;BNP Paribas Funds Sustainable Enhanced Bond 12M Classic EUR Acc;BNP Paribas Asset Management Luxembourg;Fixed Income;Europe Fixed Income;RF Diversificada Corto Plazo EUR;EUR;Luxemburgo;2;3;;0.8;0.74;1.4;3.13;1.56;2019-09-20;True;False;0;2026-09-03
ES0110053032;Bankinter Ahorro Renta Fija R FI;Bankinter Ahorro Renta Fija R FI;Bankinter Gestión de Activos SGIIC;Fixed Income;Europe Fixed Income;RF Diversificada Corto Plazo EUR;EUR;España;2;2;0.67;0.55;0.38;0.91;2.58;0.92;1996-09-11;True;False;;2026-09-03
ES0113574034;Bankinter Multi-Asset Invmt Prudent FI;Bankinter Multi-Asset Investment Prudent Investment FI;Bankinter Gestión de Activos SGIIC;Fixed Income;Europe Fixed Income;RF Diversificada Corto Plazo EUR;EUR;España;2;3;0.32;0.25;0.99;1.62;2.97;;2022-01-21;True;False;1;2026-09-03
ES0113368007;Bankinter Premium Ahorro B FI;Bankinter Premium Ahorro B FI;Bankinter Gestión de Activos SGIIC;Fixed Income;Europe Fixed Income;RF Diversificada Corto Plazo EUR;EUR;España;;;;0.44;1.17;1.7;;;2025-07-11;True;False;500000;2026-09-03
ES0113368015;Bankinter Premium Ahorro R FI;Bankinter Premium Ahorro R FI;Bankinter Gestión de Activos SGIIC;Fixed Income;Europe Fixed Income;RF Diversificada Corto Plazo EUR;EUR;España;;;;0.54;1.1;1.6;;;2025-07-11;True;False;10000;2026-09-03
LU0157929810;Candriam Bds Euro Short Term C EUR Cap;Candriam Bonds Euro Short Term Class C EUR Cap;Candriam;Fixed Income;Europe Fixed Income;RF Diversificada Corto Plazo EUR;EUR;Luxemburgo;2;3;0.62;0.4;0.22;0.79;2.84;1.07;1995-12-07;True;False;0;2026-09-03
LU1299306321;Carmignac Pf Sécurité AW EUR Acc;Carmignac Portfolio Sécurité AW EUR Acc;Carmignac Gestion Luxembourg S.A.;Fixed Income;Europe Fixed Income;RF Diversificada Corto Plazo EUR;EUR;Luxemburgo;3;4;1.2;1;0.18;0.28;3.42;1.25;2015-11-19;True;False;0;2026-09-03
LU1299306677;Carmignac Pf Sécurité AW EUR Ydis;Carmignac Portfolio Sécurité AW EUR Ydis;Carmignac Gestion Luxembourg S.A.;Fixed Income;Europe Fixed Income;RF Diversificada Corto Plazo EUR;EUR;Luxemburgo;2;4;1.2;1;0.18;0.28;3.42;1.28;2015-11-19;True;False;0;2026-09-03
FR0010149120;Carmignac Sécurité AW EUR Acc;Carmignac Sécurité AW EUR Acc;Carmignac Gestion;Fixed Income;Europe Fixed Income;RF Diversificada Corto Plazo EUR;EUR;Francia;3;4;1.11;1.11;0.25;0.37;3.52;1.29;1989-01-26;True;False;0;2026-09-03
FR0011269083;Carmignac Sécurité AW EUR Ydis;Carmignac Sécurité AW EUR Ydis;Carmignac Gestion;Fixed Income;Europe Fixed Income;RF Diversificada Corto Plazo EUR;EUR;Francia;2;4;1.11;1.11;0.24;0.38;3.52;1.4;2012-06-19;True;False;0;2026-09-03
LU0145655824;DWS Invest ESG Euro Bonds (Short) LC;DWS Invest ESG Euro Bonds (Short) LC;DWS Investment S.A.;Fixed Income;Europe Fixed Income;RF Diversificada Corto Plazo EUR;EUR;Luxemburgo;2;3;0.48;0.6;-0.01;0.64;2.82;1.1;2002-06-03;True;False;0;2026-09-03
LU0267388220;Fidelity Euro Short Term Bond A-Acc-EUR;Fidelity Funds - Euro Short Term Bond Fund A-Acc-EUR;FIL Investment Management (Luxembourg) S.à r.l.;Fixed Income;Europe Fixed Income;RF Diversificada Corto Plazo EUR;EUR;Luxemburgo;3;3;;0.5;0.76;0.99;2.95;0.44;2008-03-10;True;False;;2026-09-03
LU1022658667;Franklin Euro Short Dur Bd A(acc)EUR;Franklin Euro Short Duration Bond Fund A(acc)EUR;Franklin Templeton International Services S.à r.l.;Fixed Income;Europe Fixed Income;RF Diversificada Corto Plazo EUR;EUR;Luxemburgo;2;3;0.6;0.5;0.28;0.83;2.77;1.28;2014-02-21;True;False;;2026-09-03
LU0952573136;FvS Bond Defensive R;Flossbach von Storch - Bond Defensive R;Flossbach von Storch Invest S.A.;Fixed Income;Europe Fixed Income;RF Diversificada Corto Plazo EUR;EUR;Luxemburgo;3;1;0.88;0.72;-0.45;-0.25;1.94;;2013-10-01;True;False;0;2026-09-03
LU0607519195;Invesco Euro Short Term Bond A EUR Acc;Invesco Funds - Invesco Euro Short Term Bond Fund A Accumulation EUR;Invesco Management S.A.;Fixed Income;Europe Fixed Income;RF Diversificada Corto Plazo EUR;EUR;Luxemburgo;2;3;;0.6;-0.11;0.45;2.8;0.58;2011-05-04;True;False;1000;2026-09-03
LU0073235904;MS INVF Short Maturity Euro Bond A;Morgan Stanley Investment Funds - Short Maturity Euro Bond Fund A;MSIM Fund Management (Ireland) Limited;Fixed Income;Europe Fixed Income;RF Diversificada Corto Plazo EUR;EUR;Luxemburgo;2;2;1.04;0.8;-0.24;0.29;2.51;0.77;1997-02-01;True;False;0;2026-09-03
IE00BNG2T811;Neuberger Short Dur Er Bd EURAAcc;Neuberger Short Duration Euro Bond Fund EUR A Accumulating Class;Neuberger Berman Asset Management Ireland Limited;Fixed Income;Europe Fixed Income;RF Diversificada Corto Plazo EUR;EUR;Irlanda;3;5;0.43;0.38;0.89;1.62;4.93;2.33;2021-06-10;True;False;1000;2026-09-03
IE00B90VC092;PIMCO European S/T Opports E EUR Acc;PIMCO European Short-Term Opportunities Fund E EUR Accumulation;PIMCO Global Advisors (Ireland) Limited;Fixed Income;Europe Fixed Income;RF Diversificada Corto Plazo EUR;EUR;Irlanda;3;3;;2.5;0.38;1.62;3.69;1.55;2013-03-25;True;False;1000;2026-09-03
LU0981470809;QSF - Quaestio Global Enhanced Csh R Acc;QSF - Quaestio Global Enhanced Cash Fund R Acc;Quaestio Capital SGR S.p.A;Fixed Income;Europe Fixed Income;RF Diversificada Corto Plazo EUR;EUR;Luxemburgo;2;4;;0.85;0.99;1.7;3.83;2.01;2018-06-21;True;False;;2026-09-03
LU0120689640;Vontobel TwentyFour Euro S/TBnd B EUR;Vontobel Fund - TwentyFour Euro Short Term Bond B EUR Cap;Vontobel Asset Management S.A.;Fixed Income;Europe Fixed Income;RF Diversificada Corto Plazo EUR;EUR;Luxemburgo;2;3;0.75;0.55;0.04;0.51;2.63;1;2000-10-24;True;False;0;2026-09-03
LU0154237225;BGF US Dollar Short Duration Bd A2;BlackRock Global Funds - US Dollar Short Duration Bond Fund A2;BlackRock (Luxembourg) SA;Fixed Income;US Fixed Income;RF Diversificada Corto Plazo USD;USD;Luxemburgo;3;3;0.88;0.75;0.9;2.49;4.48;1.88;2002-10-31;True;False;5000;2026-09-03
LU0172420597;BGF US Dollar Short Duration Bd A3 EUR;BlackRock Global Funds - US Dollar Short Duration Bond Fund A3 EUR;BlackRock (Luxembourg) SA;Fixed Income;US Fixed Income;RF Diversificada Corto Plazo USD;EUR;Luxemburgo;3;3;0.89;0.75;1.21;2.25;1.91;2.17;2003-09-01;True;False;;2026-09-03
LU0171298564;BGF US Dollar Short Duration Bd E2 EUR;BlackRock Global Funds - US Dollar Short Duration Bond Fund E2 EUR;BlackRock (Luxembourg) SA;Fixed Income;US Fixed Income;RF Diversificada Corto Plazo USD;EUR;Luxemburgo;3;2;1.39;0.75;1.63;2.41;1.62;1.81;2002-10-31;True;False;;2026-09-03
LU0551246555;Franklin US Low Duration A(acc)USD;Franklin U.S. Low Duration Fund A(acc)USD;Franklin Templeton International Services S.à r.l.;Fixed Income;US Fixed Income;RF Diversificada Corto Plazo USD;USD;Luxemburgo;3;2;0.7;0.5;1.04;2.51;4.41;1.85;2010-12-08;True;False;1000;2026-09-03
LU0562247428;JPM US Short Duration Bond A acc USD;JPMorgan Funds - US Short Duration Bond Fund A (acc) - USD;JPMorgan Asset Management (Europe) S.à r.l.;Fixed Income;US Fixed Income;RF Diversificada Corto Plazo USD;USD;Luxemburgo;2;3;0.8;0.6;0.76;2.23;4.29;2.04;2010-12-15;True;False;35000;2026-09-03
LU0562248079;JPM US Short Duration Bond D acc USD;JPMorgan Funds - US Short Duration Bond Fund D (acc) - USD;JPMorgan Asset Management (Europe) S.à r.l.;Fixed Income;US Fixed Income;RF Diversificada Corto Plazo USD;USD;Luxemburgo;2;2;1.1;0.6;0.56;1.93;3.98;1.73;2010-12-15;True;False;5000;2026-09-03
IE00B2478W85;PIMCO GIS Low Avrg Dur E USD Acc;PIMCO GIS Low Average Duration Fund E Class USD Accumulation;PIMCO Global Advisors (Ireland) Limited;Fixed Income;US Fixed Income;RF Diversificada Corto Plazo USD;USD;Irlanda;2;2;;2.5;0.07;1.34;3.75;1.1;2007-09-21;True;False;1000;2026-09-03
LU0175073625;Pictet-USD Short Mid-Term Bonds P;Pictet-USD Short Mid-Term Bonds P;Pictet Asset Management (Europe) SA;Fixed Income;US Fixed Income;RF Diversificada Corto Plazo USD;USD;Luxemburgo;2;3;0.5;0.6;0.99;2.49;4.2;2.1;2003-09-18;True;False;0;2026-09-03
LU1361553693;Pictet-USD Short Mid-Term Bonds P EUR;Pictet-USD Short Mid-Term Bonds P EUR;Pictet Asset Management (Europe) SA;Fixed Income;US Fixed Income;RF Diversificada Corto Plazo USD;EUR;Luxemburgo;4;3;0.5;0.6;2.3;3.1;1.79;2.58;2016-02-09;True;False;0;2026-09-03
LU0251659180;AXAWF Euro 7-10 A Cap EUR;AXA World Funds - Euro 7-10 A Capitalisation EUR;BNP PARIBAS ASSET MANAGEMENT Europe;Fixed Income;Europe Fixed Income;RF Diversificada EUR;EUR;Luxemburgo;4;3;0.84;0.6;-1.64;-0.62;2.81;-2.52;2006-04-17;True;False;0;2026-09-03
LU0251659776;AXAWF Euro Strategic Bonds A Cap EUR;AXA World Funds - Euro Strategic Bonds A Capitalisation EUR;BNP PARIBAS ASSET MANAGEMENT Europe;Fixed Income;Europe Fixed Income;RF Diversificada EUR;EUR;Luxemburgo;3;5;0.85;0.6;-0.12;1.06;4.48;1.77;2006-04-17;True;False;0;2026-09-03
LU0050372472;BGF Euro Bond A2;BlackRock Global Funds - Euro Bond A2;BlackRock (Luxembourg) SA;Fixed Income;Europe Fixed Income;RF Diversificada EUR;EUR;Luxemburgo;4;2;0.97;0.75;-1.66;-0.44;2.07;-2.42;1994-03-31;True;False;5000;2026-09-03
LU0172396516;BGF Euro Bond A3;BlackRock Global Funds - Euro Bond Fund A3;BlackRock (Luxembourg) SA;Fixed Income;Europe Fixed Income;RF Diversificada EUR;EUR;Luxemburgo;4;2;0.97;0.75;-1.87;-0.64;2;-2.46;2003-09-01;True;False;5000;2026-09-03
LU0430265933;BGF Euro Bond A4;BlackRock Global Funds - Euro Bond Fund A4;BlackRock (Luxembourg) SA;Fixed Income;Europe Fixed Income;RF Diversificada EUR;EUR;Luxemburgo;4;2;0.97;0.75;-1.64;-0.43;2.08;-2.41;2010-07-26;True;False;5000;2026-09-03
IE0032722260;BNY Mellon Euroland Bond EUR A Acc;BNY Mellon Euroland Bond Fund EUR A Acc;BNY Mellon Fund Management (Lux) S.A.;Fixed Income;Europe Fixed Income;RF Diversificada EUR;EUR;Irlanda;4;3;;1;-1.74;-1.09;2.79;-2.07;2003-09-05;True;False;5000;2026-09-03
ES0114867031;Bankinter Deuda Financiera R FI;Bankinter Deuda Financiera R FI;Bankinter Gestión de Activos SGIIC;Fixed Income;Europe Fixed Income;RF Diversificada EUR;EUR;España;3;4;1.13;1;-0.42;0.21;3.71;0.5;1991-04-01;True;False;1;2026-09-03
ES0113574026;Bankinter Multi-Asset Invmt Long Term FI;Bankinter Multi-Asset Investment Long Term Investment FI;Bankinter Gestión de Activos SGIIC;Fixed Income;Europe Fixed Income;RF Diversificada EUR;EUR;España;3;4;0.38;0.3;-0.19;0.36;3.58;;2022-01-21;True;False;1;2026-09-03
ES0114837034;Bankinter Renta Fija Largo Plazo R FI;Bankinter Renta Fija Largo Plazo R FI;Bankinter Gestión de Activos SGIIC;Fixed Income;Europe Fixed Income;RF Diversificada EUR;EUR;España;3;3;1.35;1.2;-1.42;-1.23;2.27;-0.5;1996-10-11;True;False;1;2026-09-03
LU0549543014;BlueBay Inv Grd Euro Aggt Bd R EUR;BlueBay Funds - BlueBay Investment Grade Euro Aggregate Bond Fund R - EUR;BlueBay Funds Management Company S.A.;Fixed Income;Europe Fixed Income;RF Diversificada EUR;EUR;Luxemburgo;4;3;;0.75;-3.33;-2.6;2.2;-2.19;2011-11-21;True;False;0;2026-09-03
LU0279509904;Ethna-DEFENSIV A;Ethna-DEFENSIV A;ETHENEA Independent Investors S.A.;Fixed Income;Europe Fixed Income;RF Diversificada EUR;EUR;Luxemburgo;2;5;1.16;0.9;-1.92;-1.34;3.25;1.26;2007-04-02;True;False;0;2026-09-03
LU0279509144;Ethna-DEFENSIV T;Ethna-DEFENSIV T;ETHENEA Independent Investors S.A.;Fixed Income;Europe Fixed Income;RF Diversificada EUR;EUR;Luxemburgo;2;5;1.16;0.9;-1.9;-1.31;3.26;1.26;2007-04-02;True;False;0;2026-09-03
LU0251130638;Fidelity Euro Bond A-Acc-EUR;Fidelity Funds - Euro Bond Fund A-Acc-EUR;FIL Investment Management (Luxembourg) S.à r.l.;Fixed Income;Europe Fixed Income;RF Diversificada EUR;EUR;Luxemburgo;4;2;;0.75;-2.34;-1.45;2.3;-2.87;2006-07-03;True;False;;2026-09-03
LU0048579097;Fidelity Euro Bond A-Dis-EUR;Fidelity Funds - Euro Bond Fund A-DIST-EUR;FIL Investment Management (Luxembourg) S.à r.l.;Fixed Income;Europe Fixed Income;RF Diversificada EUR;EUR;Luxemburgo;4;2;;0.75;-2.28;-1.4;2.33;-2.86;1990-10-01;True;False;;2026-09-03
LU0238209513;Fidelity Euro Bond E-Acc-EUR;Fidelity Funds - Euro Bond Fund E-Acc-EUR;FIL Investment Management (Luxembourg) S.à r.l.;Fixed Income;Europe Fixed Income;RF Diversificada EUR;EUR;Luxemburgo;4;1;;1.5;-2.57;-1.82;1.9;-3.26;2006-01-23;True;False;;2026-09-03
LU0170473374;Franklin European Ttl Ret A(acc)EUR;Franklin European Total Return Fund A(acc)EUR;Franklin Templeton International Services S.à r.l.;Fixed Income;Europe Fixed Income;RF Diversificada EUR;EUR;Luxemburgo;3;3;0.95;0.7;-0.38;0.19;2.64;-1.4;2003-08-29;True;False;;2026-09-03
LU0066341099;Invesco Euro Bond A EUR Acc;Invesco Funds - Invesco Euro Bond Fund A Accumulation EUR;Invesco Management S.A.;Fixed Income;Europe Fixed Income;RF Diversificada EUR;EUR;Luxemburgo;4;3;;0.75;-1.66;-1.02;2.62;-2.23;1996-04-01;True;False;1000;2026-09-03
LU2638558333;Miralta SICAV Sequoia - A EUR;Miralta SICAV Sequoia Fund - A EUR;Miralta Asset Management SAU;Fixed Income;Europe Fixed Income;RF Diversificada EUR;EUR;Luxemburgo;;4;;0.7;0.25;0.85;3.4;1.87;2024-03-05;True;False;;2026-09-03
LU1915690595;Nordea 1 - Active Rates Opport. BP EUR;Nordea 1 - Active Rates Opportunities Fund Fund BP EUR;Nordea Investment Funds SA;Fixed Income;Europe Fixed Income;RF Diversificada EUR;EUR;Luxemburgo;3;4;0.91;0.7;-3.03;-0.06;3.3;1.72;2019-01-29;True;False;0;2026-09-03
IE00B11XYY66;PIMCO GIS Euro Bond E EUR Acc;PIMCO GIS Euro Bond Fund E Class EUR Accumulation;PIMCO Global Advisors (Ireland) Limited;Fixed Income;Europe Fixed Income;RF Diversificada EUR;EUR;Irlanda;4;2;;2.5;-1.61;-0.49;2.27;-2.71;2006-03-31;True;False;;2026-09-03
LU0106235533;Schroder ISF EURO Bond A Acc EUR;Schroder International Selection Fund EURO Bond A Accumulation EUR;Schroder Investment Management (Europe) S.A.;Fixed Income;Europe Fixed Income;RF Diversificada EUR;EUR;Luxemburgo;4;2;;0.75;-1.3;-0.33;2.56;-3.14;2000-01-17;True;False;1000;2026-09-03
LU0093472081;Schroder ISF EURO Bond A Dis QV;Schroder International Selection Fund EURO Bond A Distribution EUR QV;Schroder Investment Management (Europe) S.A.;Fixed Income;Europe Fixed Income;RF Diversificada EUR;EUR;Luxemburgo;4;2;;0.75;-1.3;-0.33;2.56;-3.14;1999-04-19;True;False;1000;2026-09-03
LU0138643068;DPAM L Bonds Universalis Uncons B EUR;DPAM L - Bonds Universalis Unconstrained B EUR;Degroof Petercam Asset Management SA;Fixed Income;Global Fixed Income;RF Diversificada Global;EUR;Luxemburgo;4;5;1.01;0.8;0.83;2.04;3.37;-0.81;1985-01-01;True;False;0;2026-09-03
LU0557861274;Amundi Fds Glbl Aggt Bd A EUR C;Amundi Funds - Global Aggregate Bond A EUR (C);Amundi Luxembourg S.A.;Fixed Income;Global Fixed Income;RF Diversificada Global - Cubierto USD;EUR;Luxemburgo;4;4;1.35;0.8;2.06;3.51;2.77;1.84;2011-07-07;True;False;1;2026-09-03
LU0319688015;Amundi Fds Glbl Aggt Bd A USD C;Amundi Funds - Global Aggregate Bond A USD (C);Amundi Luxembourg S.A.;Fixed Income;Global Fixed Income;RF Diversificada Global - Cubierto USD;USD;Luxemburgo;3;4;1.34;0.8;0.77;2.49;5.21;1.4;2007-10-30;True;False;1;2026-09-03
LU0430493139;JPM Aggregate Bond A acc USD;JPMorgan Funds - Aggregate Bond Fund A (acc) USD;JPMorgan Asset Management (Europe) S.à r.l.;Fixed Income;Global Fixed Income;RF Diversificada Global - Cubierto USD;USD;Luxemburgo;3;3;0.9;0.7;-0.81;1.27;3.84;0.05;2009-11-09;True;False;35000;2026-09-03
LU0430493642;JPM Aggregate Bond D acc USD;JPMorgan Funds - Aggregate Bond Fund D (acc) USD;JPMorgan Asset Management (Europe) S.à r.l.;Fixed Income;Global Fixed Income;RF Diversificada Global - Cubierto USD;USD;Luxemburgo;3;2;1.3;0.7;-1.05;0.85;3.43;-0.35;2013-11-19;True;False;5000;2026-09-03
IE00BH65QN23;Vanguard Global S/T Bd Idx USD H Acc;Vanguard Global Short-Term Bond Index Fund USD Hedged Acc;Vanguard Group (Ireland) Limited;Fixed Income;Global Fixed Income;RF Diversificada Global - Cubierto USD;USD;Irlanda;3;4;0.15;0.15;0.85;2.25;4.63;2.02;2014-01-31;True;True;1000000;2026-09-03
LU0906524193;Amundi Fds Glbl Aggt Bd A EUR H C;Amundi Funds - Global Aggregate Bond A EUR Hgd (C);Amundi Luxembourg S.A.;Fixed Income;Global Fixed Income;RF Diversificada Global - Cubierto  EUR;EUR;Luxemburgo;3;4;1.34;0.8;-0.43;0.51;3.22;-0.56;2013-04-16;True;False;1;2026-09-03
LU0613076990;Amundi Fds Glbl Aggt Bd G EUR H C;Amundi Funds - Global Aggregate Bond G EUR Hgd (C);Amundi Luxembourg S.A.;Fixed Income;Global Fixed Income;RF Diversificada Global - Cubierto  EUR;EUR;Luxemburgo;3;4;1.54;0.8;-0.54;0.34;3.07;-0.72;2011-05-06;True;False;;2026-09-03
LU0613077295;Amundi Fds Glbl Aggt Bd G EUR H MTD D;Amundi Funds - Global Aggregate Bond G EUR Hgd MTD (D);Amundi Luxembourg S.A.;Fixed Income;Global Fixed Income;RF Diversificada Global - Cubierto  EUR;EUR;Luxemburgo;3;4;1.54;0.8;-0.53;0.34;3.08;-0.71;2011-06-09;True;False;;2026-09-03
LU0337577430;Fidelity Global Bond A-Acc-EUR H;Fidelity Funds - Global Bond Fund A-Acc-EUR (hedged);FIL Investment Management (Luxembourg) S.à r.l.;Fixed Income;Global Fixed Income;RF Diversificada Global - Cubierto  EUR;EUR;Luxemburgo;3;2;;0.75;-2.24;-1.65;1.2;-2.64;2008-03-10;True;False;;2026-09-03
LU0430493212;JPM Aggregate Bond A acc EUR Hdg;JPMorgan Funds - Aggregate Bond Fund A (acc) EUR (hedged);JPMorgan Asset Management (Europe) S.à r.l.;Fixed Income;Global Fixed Income;RF Diversificada Global - Cubierto  EUR;EUR;Luxemburgo;3;3;0.9;0.7;-1.93;-0.69;1.92;-1.88;2009-11-09;True;False;35000;2026-09-03
LU0430493725;JPM Aggregate Bond D acc EUR Hdg;JPMorgan Funds - Aggregate Bond Fund D (acc) EUR (hedged);JPMorgan Asset Management (Europe) S.à r.l.;Fixed Income;Global Fixed Income;RF Diversificada Global - Cubierto  EUR;EUR;Luxemburgo;3;2;1.3;0.7;-2.18;-1.04;1.5;-2.27;2013-11-19;True;False;5000;2026-09-03
LU1332517074;JSS Global Opportunities P EURH Acc;JSS Bond - Global Opportunities P EUR acc hedged;J. Safra Sarasin Fund Management (Luxembourg) S.A.;Fixed Income;Global Fixed Income;RF Diversificada Global - Cubierto  EUR;EUR;Luxemburgo;4;2;1.32;1.4;-2.01;-2.26;0.77;-2.77;2015-12-30;True;False;0;2026-09-03
IE00B11XZ103;PIMCO GIS Glb Bd E EUR Hedged Acc;PIMCO GIS Global Bond Fund E Class EUR (Hedged) Accumulation;PIMCO Global Advisors (Ireland) Limited;Fixed Income;Global Fixed Income;RF Diversificada Global - Cubierto  EUR;EUR;Irlanda;3;3;;2.5;-2.43;-1.36;2.15;-1.91;2006-03-31;True;False;1000;2026-09-03
IE00BF2FJG67;PIMCO GIS Low Duration Opps E EURH Acc;PIMCO GIS Low Duration Opportunities Fund E Class EUR (Hedged) Accumulation;PIMCO Global Advisors (Ireland) Limited;Fixed Income;Global Fixed Income;RF Diversificada Global - Cubierto  EUR;EUR;Irlanda;3;5;;1.2;0.1;1.79;4.44;0.5;2017-10-20;True;False;;2026-09-03
LU2885076518;Robeco Global Bonds DH EUR Acc;Robeco Global Bonds DH EUR Acc;Robeco Institutional Asset Management BV;Fixed Income;Global Fixed Income;RF Diversificada Global - Cubierto  EUR;EUR;Luxemburgo;3;2;1.01;0.8;-2.57;-2.37;1.31;-3.03;2024-12-13;True;False;0;2026-09-03
LU0706127809;UBS (Lux) BS Glb S/T Flex $ EUR H P-acc;UBS (Lux) Bond SICAV - Global Short Term Flexible (USD) (EUR hedged) P-acc;UBS Asset Management (Europe) S.A.;Fixed Income;Global Fixed Income;RF Diversificada Global - Cubierto  EUR;EUR;Luxemburgo;3;5;0.94;0.7;0.62;1.24;3.33;0.7;2011-12-01;True;False;0;2026-09-03
IE00B18GC888;Vanguard Global Bd Idx EUR H Acc;Vanguard Global Bond Index Fund EUR Hedged Acc;Vanguard Group (Ireland) Limited;Fixed Income;Global Fixed Income;RF Diversificada Global - Cubierto  EUR;EUR;Irlanda;4;3;0.15;0.15;-1.62;-0.55;1.98;-2.24;2014-02-27;True;True;1000000;2026-09-03
LU1880401101;Amundi Fds US Bond A EUR C;Amundi Funds - US Bond A EUR (C);Amundi Luxembourg S.A.;Fixed Income;US Fixed Income;RF Diversificada USD;EUR;Luxemburgo;4;3;1.34;0.75;0.25;1.91;1.87;-0.11;2019-06-24;True;False;0;2026-09-03
LU1880401523;Amundi Fds US Bond A USD C;Amundi Funds - US Bond A USD (C);Amundi Luxembourg S.A.;Fixed Income;US Fixed Income;RF Diversificada USD;USD;Luxemburgo;4;3;1.04;0.75;-1.03;0.92;4.3;-0.54;2019-06-21;True;False;0;2026-09-03
LU1880402687;Amundi Fds US Bond G USD C;Amundi Funds - US Bond G USD (C);Amundi Luxembourg S.A.;Fixed Income;US Fixed Income;RF Diversificada USD;USD;Luxemburgo;4;2;1.29;0.8;-1.19;0.62;4.07;-0.76;2019-06-24;True;False;;2026-09-03
LU0261947682;Fidelity US Dollar Bond A-Acc-USD;Fidelity Funds - US Dollar Bond Fund A-Acc-USD;FIL Investment Management (Luxembourg) S.à r.l.;Fixed Income;US Fixed Income;RF Diversificada USD;USD;Luxemburgo;4;3;;0.75;-1.75;0.06;3.15;-1.14;2006-09-25;True;False;2500;2026-09-03
LU0048622798;Fidelity US Dollar Bond A-Dis-USD;Fidelity Funds - US Dollar Bond Fund A-DIST-USD;FIL Investment Management (Luxembourg) S.à r.l.;Fixed Income;US Fixed Income;RF Diversificada USD;USD;Luxemburgo;4;3;;0.75;-1.75;0.05;3.13;-1.15;1990-11-12;True;False;2500;2026-09-03
LU0117838648;JPM US Aggregate Bond D acc USD;JPMorgan Funds - US Aggregate Bond Fund D (acc) - USD;JPMorgan Asset Management (Europe) S.à r.l.;Fixed Income;US Fixed Income;RF Diversificada USD;USD;Luxemburgo;4;2;1.35;0.9;-1.5;0.66;3.22;-1.08;2000-10-13;True;False;5000;2026-09-03
IE00B11XZ988;PIMCO GIS Ttl Ret Bd E USD Acc;PIMCO GIS Total Return Bond Fund E Class USD Accumulation;PIMCO Global Advisors (Ireland) Limited;Fixed Income;US Fixed Income;RF Diversificada USD;USD;Irlanda;4;2;;2.5;-0.83;1.74;4.54;-0.89;2006-03-31;True;False;1000;2026-09-03
LU0106260564;Schroder ISF US Dllr Bd A Acc USD;Schroder International Selection Fund US Dollar Bond A Accumulation USD;Schroder Investment Management (Europe) S.A.;Fixed Income;US Fixed Income;RF Diversificada USD;USD;Luxemburgo;4;3;;0.75;-0.76;2.08;4.15;-1.08;2000-01-17;True;False;1000;2026-09-03
LU1164219682;AXAWF Euro Credit Total Ret A Cap EUR;AXA World Funds - Euro Credit Total Return A Capitalisation EUR;BNP PARIBAS ASSET MANAGEMENT Europe;Fixed Income;Europe Fixed Income;RF Flexible EUR;EUR;Luxemburgo;4;5;1.14;0.95;-0.38;0.59;5.71;3.71;2015-04-10;True;False;0;2026-09-03
LU1164219922;AXAWF Euro Credit Total Ret A Dis EUR;AXA World Funds - Euro Credit Total Return A Distribution EUR;BNP PARIBAS ASSET MANAGEMENT Europe;Fixed Income;Europe Fixed Income;RF Flexible EUR;EUR;Luxemburgo;4;5;1.14;0.95;-0.37;0.6;5.72;3.71;2017-08-28;True;False;0;2026-09-03
LU2002383896;Allianz Credit Opp Plus AT EUR;Allianz Global Investors Fund - Allianz Credit Opportunities Plus AT EUR;Allianz Global Investors GmbH;Fixed Income;Europe Fixed Income;RF Flexible EUR;EUR;Luxemburgo;3;4;1.29;2;-1.11;-0.56;5.98;2.06;2019-06-13;True;False;0;2026-09-03
LU1483615412;Assenagon Credit Selection ESG P2;Assenagon Credit Selection ESG (P2);Assenagon Asset Management SA;Fixed Income;Europe Fixed Income;RF Flexible EUR;EUR;Luxemburgo;3;4;1.69;1.4;-0.53;0.62;5.07;2.27;2023-12-19;True;False;0;2026-09-03
ES0158989006;Bankinter Flexible Bond B FI;Bankinter Flexible Bond B FI;Bankinter Gestión de Activos SGIIC;Fixed Income;Europe Fixed Income;RF Flexible EUR;EUR;España;3;3;0.77;0.65;0.21;1.06;4.41;1.07;2021-05-21;True;False;500000;2026-09-03
ES0158989022;Bankinter Flexible Bond R FI;Bankinter Flexible Bond R FI;Bankinter Gestión de Activos SGIIC;Fixed Income;Europe Fixed Income;RF Flexible EUR;EUR;España;3;3;0.92;0.8;0.11;0.91;4.25;0.92;2021-05-21;True;False;10;2026-09-03
ES0158992000;Bankinter Premium RF Largo Plazo B FI;Bankinter Premium Renta Fija Largo Plazo B FI;Bankinter Gestión de Activos SGIIC;Fixed Income;Europe Fixed Income;RF Flexible EUR;EUR;España;3;;0.11;0.5;-1.56;-1.05;;;2024-10-25;True;False;500000;2026-09-03
ES0158992026;Bankinter Premium RF Largo Plazo R FI;Bankinter Premium Renta Fija Largo Plazo R FI;Bankinter Gestión de Activos SGIIC;Fixed Income;Europe Fixed Income;RF Flexible EUR;EUR;España;3;;0.23;0.8;-1.76;-1.35;;;2024-10-25;True;False;10000;2026-09-03
ES0158979007;Bankinter Premium Renta Fija B FI;Bankinter Premium Renta Fija FI;Bankinter Gestión de Activos SGIIC;Fixed Income;Europe Fixed Income;RF Flexible EUR;EUR;España;2;;0.6;0.55;0.26;0.76;;;2023-10-20;True;False;500000;2026-09-03
ES0158979015;Bankinter Premium Renta Fija R FI;Bankinter Premium Renta Fija R FI;Bankinter Gestión de Activos SGIIC;Fixed Income;Europe Fixed Income;RF Flexible EUR;EUR;España;2;;0.9;0.85;0.06;0.46;;;2023-10-20;True;False;10000;2026-09-03
LU2278574988;Buy & Hold Luxembourg B&H Bond Class 2;Buy & Hold Luxembourg B&H Bond Class 2;Buy & Hold Capital SGIIC;Fixed Income;Europe Fixed Income;RF Flexible EUR;EUR;Luxemburgo;2;4;;1.25;1.25;2.17;5.83;2.4;2021-04-15;True;False;1;2026-09-03
LU2842969151;Buy & Hold Luxembourg B&H Debt 2 EUR Acc;Buy & Hold Luxembourg B&H Debt 2 EUR Acc;Buy & Hold Capital SGIIC;Fixed Income;Europe Fixed Income;RF Flexible EUR;EUR;Luxemburgo;2;4;;0.89;0.47;1.16;3.66;2.26;2024-12-02;True;False;;2026-09-03
LU0096353940;CT (Lux) European Strat Bd AE;CT (Lux) - European Strategic Bond Class AE (EUR Accumulation Shares);Threadneedle Management Luxembourg S.A.;Fixed Income;Europe Fixed Income;RF Flexible EUR;EUR;Luxemburgo;3;3;1.1;0.9;-0.52;-0.33;3.88;0.16;1999-04-02;True;False;2500;2026-09-03
LU0252128276;Candriam Bds Total Ret C EUR Cap;Candriam Bonds Total Return Class C EUR Cap;Candriam;Fixed Income;Europe Fixed Income;RF Flexible EUR;EUR;Luxemburgo;3;2;1.12;0.9;0.47;1.07;2.82;1.1;2006-05-16;True;False;0;2026-09-03
LU1623762843;Carmignac Pf Credit A EUR Acc;Carmignac Pf Credit A EUR Acc;Carmignac Gestion Luxembourg S.A.;Fixed Income;Europe Fixed Income;RF Flexible EUR;EUR;Luxemburgo;3;4;1.2;1;0.28;1.74;7.03;2.09;2017-07-31;True;False;0;2026-09-03
LU0336084032;Carmignac Pf Flexible Bond A EUR Acc;Carmignac Pf Flexible Bond A EUR Acc;Carmignac Gestion Luxembourg S.A.;Fixed Income;Europe Fixed Income;RF Flexible EUR;EUR;Luxemburgo;3;3;1.2;1;2.12;1.94;5.26;1.34;2007-12-14;True;False;0;2026-09-03
LU0992631050;Carmignac Pf Flexible Bond A EUR Ydis;Carmignac Pf Flexible Bond A EUR Ydis;Carmignac Gestion Luxembourg S.A.;Fixed Income;Europe Fixed Income;RF Flexible EUR;EUR;Luxemburgo;3;3;1.2;1;2.13;1.96;5.22;1.43;2013-11-15;True;False;0;2026-09-03
LU0546216986;DIP - Paradigma Flexible Bd A EUR;DIP - Paradigma Flexible Bonds A EUR;A&G Fondos SGIIC;Fixed Income;Europe Fixed Income;RF Flexible EUR;EUR;Luxemburgo;3;3;;0.9;0.46;1.16;3.59;1.22;2010-11-02;True;False;0;2026-09-03
LU0284393930;DNCA Invest Credit Conviction A EUR;DNCA Invest Credit Conviction Class A shares EUR;DNCA Finance;Fixed Income;Europe Fixed Income;RF Flexible EUR;EUR;Luxemburgo;3;4;1.43;1;0.08;1.4;5.53;2.07;2008-04-14;True;False;2500;2026-09-03
FR0013460920;EdR SICAV Short Duration Credit A EUR;EdR SICAV - Short Duration Credit A EUR;Edmond de Rothschild Asset Management (France);Fixed Income;Europe Fixed Income;RF Flexible EUR;EUR;Francia;3;4;0.85;0.7;1.1;2.09;4.75;2.23;2020-01-20;True;False;1;2026-09-03
FR0013460961;EdR SICAV Short Duration Credit B EUR;EdR SICAV - Short Duration Credit B EUR;Edmond de Rothschild Asset Management (France);Fixed Income;Europe Fixed Income;RF Flexible EUR;EUR;Francia;3;4;0.86;0.85;1.1;2.09;4.76;2.23;2020-10-30;True;False;1;2026-09-03
LU1161527038;EdRF Bond Allocation A EUR Acc;Edmond de Rothschild Fund - Bond Allocation A EUR Acc;Edmond de Rothschild Asset Management (France);Fixed Income;Europe Fixed Income;RF Flexible EUR;EUR;Luxemburgo;3;3;1.24;0.8;-0.5;0.73;4.27;0.24;2004-12-30;True;False;0;2026-09-03
LU1161526907;EdRF Bond Allocation B EUR Inc;Edmond de Rothschild Fund - Bond Allocation B EUR Inc;Edmond de Rothschild Asset Management (France);Fixed Income;Europe Fixed Income;RF Flexible EUR;EUR;Luxemburgo;3;3;1.24;0.8;-0.5;0.73;4.28;0.25;2004-12-30;True;False;0;2026-09-03
FI0008811989;Evli Nordic Corporate Bond A;Evli Nordic Corporate Bond A;Evli-Rahastoyhtiö Oy;Fixed Income;Europe Fixed Income;RF Flexible EUR;EUR;Finlandia;3;4;;0.75;1.59;2.71;5.49;2.14;2007-04-16;True;False;5000;2026-09-03
FI0008811997;Evli Nordic Corporate Bond B;Evli Nordic Corporate Bond B;Evli-Rahastoyhtiö Oy;Fixed Income;Europe Fixed Income;RF Flexible EUR;EUR;Finlandia;3;4;0.75;0.75;1.59;2.71;5.49;2.14;2007-04-16;True;False;1000;2026-09-03
LU0571102010;Groupama Alpha Fixed Income NC;Groupama Alpha Fixed Income NC;Groupama Asset Management;Fixed Income;Europe Fixed Income;RF Flexible EUR;EUR;Luxemburgo;3;3;;1;1.28;1.81;3.19;2.24;2010-12-15;True;False;0;2026-09-03
LU1891750868;Groupama Alpha Fixed Income Plus NC;Groupama Alpha Fixed Income Plus NC;Groupama Asset Management;Fixed Income;Europe Fixed Income;RF Flexible EUR;EUR;Luxemburgo;3;3;1.61;1.4;1.14;1.7;3.66;;2021-12-27;True;False;0;2026-09-03
FR0010230490;Lazard Credit Opportunities RC EUR;Lazard Credit Opportunities RC EUR;Lazard Frères Gestion;Fixed Income;Europe Fixed Income;RF Flexible EUR;EUR;Francia;4;4;1.7;1.75;-2.07;1.37;3.87;2.53;2005-10-28;True;False;1;2026-09-03
LU1109965605;MS INVF European Fixed Inc Opps A;Morgan Stanley Investment Funds - European Fixed Income Opportunities Fund A;MSIM Fund Management (Ireland) Limited;Fixed Income;Europe Fixed Income;RF Flexible EUR;EUR;Luxemburgo;3;3;1.24;1;-0.25;0.98;3.97;0.65;2014-09-30;True;False;0;2026-09-03
LU1135359625;MS INVF European Fixed Inc Opps AR;Morgan Stanley Investment Funds - European Fixed Income Opportunities Fund AR;MSIM Fund Management (Ireland) Limited;Fixed Income;Europe Fixed Income;RF Flexible EUR;EUR;Luxemburgo;3;3;1.24;1;-0.24;0.98;3.97;0.66;2014-11-07;True;False;0;2026-09-03
LU2222028099;Merchbanc FCP Renta Fija Flex A;Merchbanc FCP Renta Fija Flex A;Andbank Asset Management Luxembourg;Fixed Income;Europe Fixed Income;RF Flexible EUR;EUR;Luxemburgo;3;4;;0.25;0.23;1.34;5.36;2.93;2020-11-19;True;False;0;2026-09-03
LU3105996899;Mutuactivos Mutuafondo Flex Bds A EUR C;Mutuactivos International SICAV - Mutuafondo Flexible Bonds A EUR Capitalisation;Mutuactivos S.A.U., S.G.I.I.C.;Fixed Income;Europe Fixed Income;RF Flexible EUR;EUR;Luxemburgo;;4;;0.93;-0.17;0.71;5.36;1.97;2026-01-20;True;False;;2026-09-03
IE00B3QDMK77;PIMCO GIS Euro Income Bond E EUR Acc;PIMCO GIS Euro Income Bond Fund E Class EUR Accumulation;PIMCO Global Advisors (Ireland) Limited;Fixed Income;Europe Fixed Income;RF Flexible EUR;EUR;Irlanda;3;3;;2.5;-1.35;0.07;4.34;0.15;2011-02-28;True;False;1000;2026-09-03
IE00B46MFP70;PIMCO GIS Euro Income Bond E EUR Inc;PIMCO GIS Euro Income Bond Fund E Class EUR Income;PIMCO Global Advisors (Ireland) Limited;Fixed Income;Europe Fixed Income;RF Flexible EUR;EUR;Irlanda;3;3;;2.5;-1.42;0.02;4.33;0.14;2011-02-28;True;False;;2026-09-03
LU1850104735;Pareturn Mutuafondo Glbl Fixed Inc PBEUR;Pareturn Mutuafondo Global Fixed Income P B EUR;Mutuactivos S.A.U., S.G.I.I.C.;Fixed Income;Europe Fixed Income;RF Flexible EUR;EUR;Luxemburgo;3;4;;;-0.08;0.64;5.56;2.15;2020-01-17;True;False;;2026-09-03
FR0013202132;Sextant Credit Opportunities A;Sextant Credit Opportunities A;Amiral Gestion;Fixed Income;Europe Fixed Income;RF Flexible EUR;EUR;Francia;4;;;1.1;-0.15;0.69;;;2017-03-30;True;False;1;2026-09-03
LU0110451209;Capital Group GlbHiInc LUX B;Capital Group Global High Income Opportunities LUX B;Capital International Management Company Sàrl;Fixed Income;Global Fixed Income;RF Flexible Global;EUR;Luxemburgo;4;4;1.4;1.3;3.08;5.37;4.58;2.51;2001-01-15;True;False;0;2026-09-03
LU0110450813;Capital Group GlbHiInc LUX B USD;Capital Group Global High Income Opportunities LUX B USD;Capital International Management Company Sàrl;Fixed Income;Global Fixed Income;RF Flexible Global;USD;Luxemburgo;4;4;1.4;1.3;1.65;4.37;7.15;2.08;2001-01-15;True;False;0;2026-09-03
LU0193743431;Capital Group GlbHiInc LUX Bd USD;Capital Group Global High Income Opportunities LUX Bd USD;Capital International Management Company Sàrl;Fixed Income;Global Fixed Income;RF Flexible Global;USD;Luxemburgo;4;4;1.4;1.3;1.67;4.41;7.15;2.07;2004-08-31;True;False;0;2026-09-03
LU0817814519;Capital Group GlbHiInc LUX Bgd;Capital Group Global High Income Opportunities LUX Bgd;Capital International Management Company Sàrl;Fixed Income;Global Fixed Income;RF Flexible Global;EUR;Luxemburgo;4;4;1.4;1.3;3.04;5.34;4.55;2.49;2013-02-01;True;False;0;2026-09-03
LU0336083497;Carmignac Pf Global Bond A EUR Acc;Carmignac Pf Global Bond A EUR Acc;Carmignac Gestion Luxembourg S.A.;Fixed Income;Global Fixed Income;RF Flexible Global;EUR;Luxemburgo;3;3;;1;3.19;4.1;2.95;0.71;2007-12-14;True;False;0;2026-09-03
LU1299302098;Carmignac Pf Global Bond A EUR Minc;Carmignac Pf Global Bond A EUR Minc;Carmignac Gestion Luxembourg S.A.;Fixed Income;Global Fixed Income;RF Flexible Global;EUR;Luxemburgo;3;3;;1;3.18;4.09;2.94;0.7;2015-11-19;True;False;0;2026-09-03
LU1694789451;DNCA Invest Alpha Bonds A EUR;DNCA Invest Alpha Bonds A EUR;DNCA Finance;Fixed Income;Global Fixed Income;RF Flexible Global;EUR;Luxemburgo;3;4;1.31;1.2;1.36;2.55;3.8;4.68;2017-12-14;True;False;2500;2026-09-03
IE00B19Z3V48;FTGF WA Glb Mlt Strat A USD Acc;FTGF Western Asset Global Multi Strategy Fund Class A US$ Accumulating;Franklin Templeton International Services S.à r.l.;Fixed Income;Global Fixed Income;RF Flexible Global;USD;Irlanda;4;3;1.4;1.1;0.23;1.87;4.99;0.58;2007-05-09;True;False;1000;2026-09-03
LU0766124712;Fidelity Glb Shrt Dur Inc A-Acc-EUR;Fidelity Funds - Global Short Duration Income Fund A-Acc-EUR;FIL Investment Management (Luxembourg) S.à r.l.;Fixed Income;Global Fixed Income;RF Flexible Global;EUR;Luxemburgo;4;5;;1.5;3.11;4.53;4.2;4.08;2012-05-14;True;False;2500;2026-09-03
LU0963986202;Mirabaud - Global Strat Bd A USD Acc;Mirabaud - Global Strategic Bond Fund A USD Acc;Mirabaud Asset Management Ltd;Fixed Income;Global Fixed Income;RF Flexible Global;USD;Luxemburgo;4;3;1.47;1.2;0.46;2.42;5.16;1.37;2013-10-01;True;False;1;2026-09-03
LU0300745303;Templeton Global Bond A(Ydis)EUR;Templeton Global Bond Fund A(Ydis)EUR;Franklin Templeton International Services S.à r.l.;Fixed Income;Global Fixed Income;RF Flexible Global;EUR;Luxemburgo;4;2;1.38;1.05;5.31;6.9;1.41;0.81;2007-07-12;True;False;;2026-09-03
LU0152980495;Templeton Global Bond A(acc)EUR;Templeton Global Bond Fund A(acc)EUR;Franklin Templeton International Services S.à r.l.;Fixed Income;Global Fixed Income;RF Flexible Global;EUR;Luxemburgo;4;2;1.38;1.05;5.42;7.02;1.4;0.83;2002-09-09;True;False;;2026-09-03
LU0252652382;Templeton Global Bond A(acc)USD;Templeton Global Bond Fund A(acc)USD;Franklin Templeton International Services S.à r.l.;Fixed Income;Global Fixed Income;RF Flexible Global;USD;Luxemburgo;4;2;1.38;1.05;3.96;6;3.91;0.41;2006-04-28;True;False;1000;2026-09-03
LU0300745725;Templeton Global Ttl Ret A(Ydis)EUR;Templeton Global Total Return Fund A(Ydis)EUR;Franklin Templeton International Services S.à r.l.;Fixed Income;Global Fixed Income;RF Flexible Global;EUR;Luxemburgo;4;2;1.39;1.05;7.15;11.02;5.04;1.33;2007-07-12;True;False;;2026-09-03
LU0260870661;Templeton Global Ttl Ret A(acc)EUR;Templeton Global Total Return Fund A(acc)EUR;Franklin Templeton International Services S.à r.l.;Fixed Income;Global Fixed Income;RF Flexible Global;EUR;Luxemburgo;4;3;1.39;1.05;7.28;11.19;5.08;1.38;2006-09-01;True;False;;2026-09-03
LU0170475312;Templeton Global Ttl Ret A(acc)USD;Templeton Global Total Return Fund A(acc)USD;Franklin Templeton International Services S.à r.l.;Fixed Income;Global Fixed Income;RF Flexible Global;USD;Luxemburgo;4;3;1.39;1.05;5.83;10.16;7.66;0.96;2003-08-29;True;False;1000;2026-09-03
LU0170477797;Templeton Global Ttl Ret N(acc)USD;Templeton Global Total Return Fund N(acc)USD;Franklin Templeton International Services S.à r.l.;Fixed Income;Global Fixed Income;RF Flexible Global;USD;Luxemburgo;4;2;2.09;1.75;5.37;9.37;6.92;0.25;2003-08-29;True;False;1000;2026-09-03
LU0278453476;BGF Fixed Income Global Opps A2 EUR H;BlackRock Global Funds - Fixed Income Global Opportunities Fund A2 EUR Hedged;BlackRock (Luxembourg) SA;Fixed Income;Global Fixed Income;RF Flexible Global-EUR Cubierto;EUR;Luxemburgo;4;3;1.22;1;-0.38;1.24;3.86;0.32;2007-01-31;True;False;5000;2026-09-03
LU2155808491;BNP Paribas Glb Abs Ret Bd Cl EUR Cap;BNP Paribas Funds Global Absolute Return Bond Classic EUR Cap;BNP Paribas Asset Management Luxembourg;Fixed Income;Global Fixed Income;RF Flexible Global-EUR Cubierto;EUR;Luxemburgo;3;4;;0.9;-0.24;-1.33;4.03;2.94;2021-06-04;True;False;0;2026-09-03
IE00B6VXJV34;BNY Mellon Absolute Ret Bd EUR R Acc;BNY Mellon Absolute Return Bond Fund EUR R Acc;BNY Mellon Fund Management (Lux) S.A.;Fixed Income;Global Fixed Income;RF Flexible Global-EUR Cubierto;EUR;Irlanda;3;4;;1;0.25;0.7;4.75;3.35;2012-11-09;True;False;5000;2026-09-03
LU0438336264;BSF ESG Fixed Income Strategies A2 EUR;BlackRock ESG Fixed Income Strategies Fund A2 EUR;BlackRock (Luxembourg) SA;Fixed Income;Global Fixed Income;RF Flexible Global-EUR Cubierto;EUR;Luxemburgo;3;4;;1;-0.04;1.32;3.88;1.99;2009-09-30;True;False;5000;2026-09-03
LU1040967272;BSF ESG Fixed Income Strategies A4 EUR;BlackRock ESG Fixed Income Strategies Fund A4 EUR;BlackRock (Luxembourg) SA;Fixed Income;Global Fixed Income;RF Flexible Global-EUR Cubierto;EUR;Luxemburgo;3;4;;1;-0.04;1.32;3.88;1.99;2014-03-05;True;False;5000;2026-09-03
LU0627765794;BlueBay Inv Grd Abs Ret Bd M EUR;BlueBay Funds - BlueBay Investment Grade Absolute Return Bond Fund M - EUR;BlueBay Funds Management Company S.A.;Fixed Income;Global Fixed Income;RF Flexible Global-EUR Cubierto;EUR;Luxemburgo;3;4;1.14;1;-2.17;-1.86;2.58;1.97;2013-05-21;True;False;0;2026-09-03
LU0627761884;BlueBay Inv Grd Abs Ret Bd R EUR;BlueBay Funds - BlueBay Investment Grade Absolute Return Bond Fund R - EUR;BlueBay Funds Management Company S.A.;Fixed Income;Global Fixed Income;RF Flexible Global-EUR Cubierto;EUR;Luxemburgo;3;3;1.7;1.5;-2.53;-2.41;2.01;1.4;2012-07-05;True;False;0;2026-09-03
LU0417109930;CB-Accent Lux Swan Ultra S/T Bd B;CB-Accent Lux Swan Ultra Short-Term Bond B;Swan Asset Management S.A.;Fixed Income;Global Fixed Income;RF Flexible Global-EUR Cubierto;EUR;Luxemburgo;3;4;1.88;1;1.31;2.2;4.34;2.45;2009-04-02;True;False;1;2026-09-03
LU1829331633;CT (Lux) Credit Opps 1E;CT (Lux) - Credit Opportunities 1E (EUR Accumulation Shares);Threadneedle Management Luxembourg S.A.;Fixed Income;Global Fixed Income;RF Flexible Global-EUR Cubierto;EUR;Luxemburgo;4;3;1.17;1;1.03;0.94;3.41;0.76;2018-08-29;True;False;0;2026-09-03
LU3261279650;CT (Lux) Global Abs Ret Bd A Acc EUR;CT (Lux) Global Absolute Return Bond Fund A Acc EUR;Columbia Threadneedle Management Limited;Fixed Income;Global Fixed Income;RF Flexible Global-EUR Cubierto;EUR;Luxemburgo;;;1;2;;;;;2026-01-13;True;False;;2026-09-03
LU0151324422;Candriam Bds Crdt Opps C EUR Cap;Candriam Bonds Credit Opportunities Class C EUR Cap;Candriam;Fixed Income;Global Fixed Income;RF Flexible Global-EUR Cubierto;EUR;Luxemburgo;3;4;1.41;1;0.97;2.02;3.46;1.76;2003-02-06;True;False;0;2026-09-03
FR0010760694;Candriam Long Short Credit Classique;Candriam Long Short Credit Classique;Candriam;Fixed Income;Global Fixed Income;RF Flexible Global-EUR Cubierto;EUR;Francia;4;4;;0.8;1.15;1.94;3.65;2.44;2009-10-27;True;False;0;2026-09-03
LU0579955484;Capital Group GlbHiInc LUX Bh-EUR;Capital Group Global High Income Opportunities LUX Bh-EUR;Capital International Management Company Sàrl;Fixed Income;Global Fixed Income;RF Flexible Global-EUR Cubierto;EUR;Luxemburgo;4;3;1.4;1.3;0.43;2.33;5.1;-0.01;2011-04-11;True;False;0;2026-09-03
IE00B23Z7J34;FTGF WA Glb Mlt Strat A EUR H Acc;FTGF Western Asset Global Multi Strategy Fund Class A Euro Accumulating (Hedged);Franklin Templeton International Services S.à r.l.;Fixed Income;Global Fixed Income;RF Flexible Global-EUR Cubierto;EUR;Irlanda;4;2;1.43;1.1;-0.97;-0.11;2.98;-1.39;2008-02-12;True;False;1000;2026-09-03
IE00B940S603;FTGF WA Glb Mlt Strat A EUR H Dis (M)+e;FTGF Western Asset Global Multi Strategy Fund Class A Euro Distributing (M) (Hedged) Plus (e);Franklin Templeton International Services S.à r.l.;Fixed Income;Global Fixed Income;RF Flexible Global-EUR Cubierto;EUR;Irlanda;4;2;1.43;1.1;-1.43;-0.59;2.85;-1.47;2013-04-02;True;False;1000;2026-09-03
IE00B23Z7K49;FTGF WA Glb Mlt Strat A EUR H Dis(M);FTGF Western Asset Global Multi Strategy Fund Class A Euro Distributing (M) (Hedged);Franklin Templeton International Services S.à r.l.;Fixed Income;Global Fixed Income;RF Flexible Global-EUR Cubierto;EUR;Irlanda;4;2;1.43;1.1;-1.34;-0.49;2.88;-1.45;2008-04-28;True;False;1000;2026-09-03
LU1731833304;Fidelity Glb Shrt Dur Inc A-Acc-EUR H;Fidelity Funds - Global Short Duration Income Fund A-Acc-EUR (Euro/USD hedged);FIL Investment Management (Luxembourg) S.à r.l.;Fixed Income;Global Fixed Income;RF Flexible Global-EUR Cubierto;EUR;Luxemburgo;3;4;;1.5;0.71;2.08;4.84;1.69;2017-12-13;True;False;2500;2026-09-03
LU1731833486;Fidelity Glb Shrt Dur Inc A-QInc-G-EUR H;Fidelity Funds - Global Short Duration Income Fund A-QInc-G-EUR (Euro/USD hedged);FIL Investment Management (Luxembourg) S.à r.l.;Fixed Income;Global Fixed Income;RF Flexible Global-EUR Cubierto;EUR;Luxemburgo;3;4;;1.5;0.73;2.11;4.85;1.68;2017-12-13;True;False;2500;2026-09-03
LU0882574998;Fidelity Global Inc A-Acc-EUR H;Fidelity Funds - Global Income Fund A-Acc-EUR (hedged);FIL Investment Management (Luxembourg) S.à r.l.;Fixed Income;Global Fixed Income;RF Flexible Global-EUR Cubierto;EUR;Luxemburgo;3;3;;1;-0.24;1.47;4.96;0.16;2013-04-09;True;False;2500;2026-09-03
LU0893310481;Fidelity Global Inc A-QInc(G)-EUR H;Fidelity Funds - Global Income Fund A-QINCOME(G)-EUR (hedged);FIL Investment Management (Luxembourg) S.à r.l.;Fixed Income;Global Fixed Income;RF Flexible Global-EUR Cubierto;EUR;Luxemburgo;3;3;;1;-0.26;1.44;4.98;0.18;2013-04-09;True;False;;2026-09-03
LU1481583711;FvS Bond Opportunities RT;Flossbach von Storch - Bond Opportunities RT;Flossbach von Storch Invest S.A.;Fixed Income;Global Fixed Income;RF Flexible Global-EUR Cubierto;EUR;Luxemburgo;3;3;1.02;0.87;-2;-1.43;2.61;-0.42;2016-10-18;True;False;0;2026-09-03
LU0890597635;JPM Global Bd Opps A acc EUR H;JPMorgan Funds - Global Bond Opportunities Fund A (acc) - EUR (hedged);JPMorgan Asset Management (Europe) S.à r.l.;Fixed Income;Global Fixed Income;RF Flexible Global-EUR Cubierto;EUR;Luxemburgo;4;3;1.2;1;-1.11;0.37;3.25;-0.17;2013-04-16;True;False;35000;2026-09-03
LU0890598104;JPM Global Bd Opps D acc EUR H;JPMorgan Funds - Global Bond Opportunities Fund D (acc) - EUR (hedged);JPMorgan Asset Management (Europe) S.à r.l.;Fixed Income;Global Fixed Income;RF Flexible Global-EUR Cubierto;EUR;Luxemburgo;4;2;1.7;1;-1.44;-0.14;2.73;-0.66;2013-04-16;True;False;5000;2026-09-03
LU2081629425;JPM Global Bond Opps ESG A acc EUR Hdg;JPMorgan Funds - Global Bond Opportunities ESG Fund A (acc) - EUR (hedged);JPMorgan Asset Management (Europe) S.à r.l.;Fixed Income;Global Fixed Income;RF Flexible Global-EUR Cubierto;EUR;Luxemburgo;4;3;1.2;1;-1.17;0.28;3.25;-0.14;2019-12-03;True;False;35000;2026-09-03
LU0514679652;JPM Global Strat Bd A perf acc EUR H;JPMorgan Funds - Global Strategic Bond Fund A (perf) (acc) EUR (hedged);JPMorgan Asset Management (Europe) S.à r.l.;Fixed Income;Global Fixed Income;RF Flexible Global-EUR Cubierto;EUR;Luxemburgo;3;3;1.2;1;-0.24;0.67;3.55;0.82;2010-06-03;True;False;35000;2026-09-03
LU0853555380;Jupiter Dynamic Bond L EUR Acc;Jupiter Dynamic Bond Class L EUR Acc;Jupiter Asset Management International S.A.;Fixed Income;Global Fixed Income;RF Flexible Global-EUR Cubierto;EUR;Luxemburgo;4;2;1.45;1.25;1.1;2.85;3.54;-1.55;2013-05-10;True;False;500;2026-09-03
LU0459992896;Jupiter Dynamic Bond L EUR Q Inc;Jupiter Dynamic Bond Class L EUR Q Inc;Jupiter Asset Management International S.A.;Fixed Income;Global Fixed Income;RF Flexible Global-EUR Cubierto;EUR;Luxemburgo;4;2;1.45;1.25;1.2;2.91;3.56;-1.55;2012-05-08;True;False;500;2026-09-03
LU1670724373;M&G (Lux) Optimal Income A EUR Acc;M&G (Lux) Optimal Income Fund EUR A Acc;M&G Luxembourg S.A.;Fixed Income;Global Fixed Income;RF Flexible Global-EUR Cubierto;EUR;Luxemburgo;4;;1.34;1.25;;;;;2018-09-07;True;False;1000;2026-09-03
LU1670724456;M&G (Lux) Optimal Income A EUR Inc;M&G (Lux) Optimal Income Fund EUR A Inc;M&G Luxembourg S.A.;Fixed Income;Global Fixed Income;RF Flexible Global-EUR Cubierto;EUR;Luxemburgo;4;;1.34;1.25;;;;;2018-09-07;True;False;1000;2026-09-03
LU2415445837;M&G (Lux) Sust Mac Flex Crdt P EUR Acc;M&G (Lux) Sustainable Macro Flexible Credit Fund EUR P Acc;M&G Luxembourg S.A.;Fixed Income;Global Fixed Income;RF Flexible Global-EUR Cubierto;EUR;Luxemburgo;3;3;1.1;1.1;1.11;1.56;4.1;;2022-02-24;True;False;1000;2026-09-03
LU2482630675;M&G Total Return Crdt Invmt P EUR Acc;European Specialist Investment Funds - M&G Total Return Credit Investment Fd P EUR Acc;M&G Luxembourg S.A.;Fixed Income;Global Fixed Income;RF Flexible Global-EUR Cubierto;EUR;Luxemburgo;3;4;1.09;1.25;1.44;1.82;4.94;;2022-06-21;True;False;1000;2026-09-03
LU1340703070;MFS Meridian Global Oppc Bd AH1 EUR;MFS Meridian Funds - Global Opportunistic Bond Fund AH1 EUR;MFS Investment Management Company (Lux) S.à.r.l;Fixed Income;Global Fixed Income;RF Flexible Global-EUR Cubierto;EUR;Luxemburgo;3;2;1.2;0.55;-1.73;-0.92;2.08;-1.95;2016-07-11;True;False;0;2026-09-03
IE000Z9YV312;ML Alpha Fixed Inc UCITS FIEHA H EUR Acc;MontLake UCITS Platform ICAV - Alpha Fixed Income UCITS Fund FIEHA Hedged EUR Accumulation;Fortune Financial Strategies S.A.;Fixed Income;Global Fixed Income;RF Flexible Global-EUR Cubierto;EUR;Irlanda;3;;2.04;0.9;2;4.8;;;2024-05-23;True;False;;2026-09-03
LU0712123511;MS INVF Global Fixed Income Opps AH EUR;Morgan Stanley Investment Funds - Global Fixed Income Opportunities Fund AH (EUR);MSIM Fund Management (Ireland) Limited;Fixed Income;Global Fixed Income;RF Flexible Global-EUR Cubierto;EUR;Luxemburgo;3;3;1.27;1;-0.61;0.87;3.65;0.2;2012-04-02;True;False;0;2026-09-03
IE000WFG9PJ8;Man Dynamic Income DB H EUR Cap;Man Funds plc - Man Dynamic Income DB H EUR Capitalisation;Man Asset Management (Ireland) Limited;Fixed Income;Global Fixed Income;RF Flexible Global-EUR Cubierto;EUR;Irlanda;5;;;1.75;3.83;;;;2025-10-10;True;False;1000;2026-09-03
IE00B65YMK29;Muzinich Enhancedyield S-T HEUR Acc R;Muzinich Enhancedyield Short-Term Fund Hedged Euro Accumulation R Units;Muzinich & Co. (Ireland) Limited;Fixed Income;Global Fixed Income;RF Flexible Global-EUR Cubierto;EUR;Irlanda;2;4;;0.75;0.6;1.47;3.77;1.15;2009-04-07;True;False;1000;2026-09-03
IE00B4MQD153;Muzinich Enhancedyield S-T HEUR Inc R;Muzinich Enhancedyield Short-Term Fund Hedged Euro Income R Units;Muzinich & Co. (Ireland) Limited;Fixed Income;Global Fixed Income;RF Flexible Global-EUR Cubierto;EUR;Irlanda;3;4;;0.75;0.6;1.47;3.77;1.15;2014-08-14;True;False;1000;2026-09-03
LU0915365364;Nordea 1 - Flexible Fixed Income BP EUR;Nordea 1 - Flexible Fixed Income Fund BP EUR;Nordea Investment Funds SA;Fixed Income;Global Fixed Income;RF Flexible Global-EUR Cubierto;EUR;Luxemburgo;3;2;;0.8;-0.43;0.62;2.65;0.23;2013-05-02;True;False;0;2026-09-03
IE00B1Z6D669;PIMCO GIS Divers Inc E EURH Acc;PIMCO GIS Diversified Income Fund E Class EUR (Hedged) Accumulation;PIMCO Global Advisors (Ireland) Limited;Fixed Income;Global Fixed Income;RF Flexible Global-EUR Cubierto;EUR;Irlanda;4;2;;2.5;-0.19;2.13;5.3;-1.39;2007-07-03;True;False;1000;2026-09-03
IE00B4TG9K96;PIMCO GIS Divers Inc E EURH Inc;PIMCO GIS Diversified Income Fund E Class EUR (Hedged) Income;PIMCO Global Advisors (Ireland) Limited;Fixed Income;Global Fixed Income;RF Flexible Global-EUR Cubierto;EUR;Irlanda;4;2;;2.5;-0.27;2.14;5.3;-1.4;2009-10-16;True;False;;2026-09-03
IE00B5B5L056;PIMCO GIS Dynamic Bd E EUR H Acc;PIMCO GIS Dynamic Bond Fund E Class EUR (Hedged) Accumulation;PIMCO Global Advisors (Ireland) Limited;Fixed Income;Global Fixed Income;RF Flexible Global-EUR Cubierto;EUR;Irlanda;3;3;;2.5;-0.58;0.93;3.79;-0.1;2009-11-20;True;False;1000;2026-09-03
IE00B84J9L26;PIMCO GIS Income E EUR Hedged Acc;PIMCO GIS Income Fund E Class EUR (Hedged) Accumulation;PIMCO Global Advisors (Ireland) Limited;Fixed Income;Global Fixed Income;RF Flexible Global-EUR Cubierto;EUR;Irlanda;3;3;;2.5;-1.46;0.71;3.93;0.31;2012-11-30;True;False;1000;2026-09-03
IE00B8N0MW85;PIMCO GIS Income E EUR Hedged Inc;PIMCO GIS Income Fund E Class EUR (Hedged) Income;PIMCO Global Advisors (Ireland) Limited;Fixed Income;Global Fixed Income;RF Flexible Global-EUR Cubierto;EUR;Irlanda;3;3;;2.5;-1.45;0.75;3.94;0.33;2012-11-30;True;False;1000;2026-09-03
IE00BDTM8703;PIMCO GIS Income E EUR Hedged Inc II;PIMCO GIS Income Fund E Class EUR (Hedged) Income II;PIMCO Global Advisors (Ireland) Limited;Fixed Income;Global Fixed Income;RF Flexible Global-EUR Cubierto;EUR;Irlanda;3;3;;2.5;-1.36;0.67;3.93;0.32;2018-08-31;True;False;;2026-09-03
LU2091212550;Robeco Credit Income DH EUR Cap;Robeco Credit Income DH EUR;Robeco Institutional Asset Management BV;Fixed Income;Global Fixed Income;RF Flexible Global-EUR Cubierto;EUR;Luxemburgo;4;3;1.22;1;-0.13;0.88;5.12;0.12;2019-12-17;True;False;0;2026-09-03
LU1984948874;SIH FCP Brightgate Global Income F;SIH FCP - BrightGate Global Income Fund F EUR Acc;Brightgate Capital SGIIC;Fixed Income;Global Fixed Income;RF Flexible Global-EUR Cubierto;EUR;Luxemburgo;4;5;;1;2.28;2.91;7.24;4.53;2019-06-20;True;False;1000;2026-09-03
LU1514168027;Schroder ISF Glb Crdt Inc A Dis € HQF;Schroder International Selection Fund Global Credit Income A Distribution EUR Hedged QF;Schroder Investment Management (Europe) S.A.;Fixed Income;Global Fixed Income;RF Flexible Global-EUR Cubierto;EUR;Luxemburgo;4;3;1.41;1.1;-0.87;0.31;4.71;-0.17;2016-11-30;True;False;1000;2026-09-03
LU1514167722;Schroder ISF Glbl Crdt Inc A Acc EUR Hdg;Schroder International Selection Fund Global Credit Income A Accumulation EUR Hedged;Schroder Investment Management (Europe) S.A.;Fixed Income;Global Fixed Income;RF Flexible Global-EUR Cubierto;EUR;Luxemburgo;4;3;1.41;1.1;-0.86;0.32;4.73;-0.16;2016-11-30;True;False;1000;2026-09-03
LU1046235732;Schroder ISF Strat Crdt A Acc EUR Hdg;Schroder International Selection Fund Strategic Credit A Accumulation EUR Hedged;Schroder Investment Management (Europe) S.A.;Fixed Income;Global Fixed Income;RF Flexible Global-EUR Cubierto;EUR;Luxemburgo;5;5;1.31;1;0.58;1.79;5.36;1.84;2014-04-23;True;False;1000;2026-09-03
LU0201323531;Schroder ISF Strategic Bd A Acc EUR Hdg;Schroder International Selection Fund Strategic Bond A Accumulation EUR Hedged;Schroder Investment Management (Europe) S.A.;Fixed Income;Global Fixed Income;RF Flexible Global-EUR Cubierto;EUR;Luxemburgo;4;3;;1;-0.72;0.42;4.4;0.69;2004-09-30;True;False;1000;2026-09-03
LU2954937988;T. Rowe Price Divers Inc Bd AdqnEUR;T. Rowe Price Funds SICAV - Diversified Income Bond Fund - Adqn (EUR);T. Rowe Price (Luxembourg) Management S.à r.l.;Fixed Income;Global Fixed Income;RF Flexible Global-EUR Cubierto;EUR;Luxemburgo;3;;0.99;0.84;1.11;2.15;;;2025-01-08;True;False;0;2026-09-03
LU1807408304;T. Rowe Price Divers Inc Bd An;T. Rowe Price Funds SICAV - Diversified Income Bond Fund An (EUR);T. Rowe Price (Luxembourg) Management S.à r.l.;Fixed Income;Global Fixed Income;RF Flexible Global-EUR Cubierto;EUR;Luxemburgo;3;;0.98;0.84;1.03;2.09;;;2024-03-14;True;False;;2026-09-03
LU0366770310;Templeton Global Bond A(Mdis)EUR-H1;Templeton Global Bond Fund A(Mdis)EUR-H1;Franklin Templeton International Services S.à r.l.;Fixed Income;Global Fixed Income;RF Flexible Global-EUR Cubierto;EUR;Luxemburgo;4;1;1.38;1.05;2.57;3.74;1.68;-1.89;2008-06-16;True;False;;2026-09-03
LU0366773504;Templeton Global Ttl Ret A(Mdis)EUR-H1;Templeton Global Total Return Fund A(Mdis)EUR-H1;Franklin Templeton International Services S.à r.l.;Fixed Income;Global Fixed Income;RF Flexible Global-EUR Cubierto;EUR;Luxemburgo;4;1;1.39;1.05;4.44;7.74;5.33;-1.47;2008-06-16;True;False;;2026-09-03
LU0517465034;Templeton Global Ttl Ret A(Ydis)EUR-H1;Templeton Global Total Return Fund A(Ydis)EUR-H1;Franklin Templeton International Services S.à r.l.;Fixed Income;Global Fixed Income;RF Flexible Global-EUR Cubierto;EUR;Luxemburgo;4;1;1.39;1.05;4.25;7.67;5.39;-1.52;2010-06-21;True;False;;2026-09-03
LU0294221097;Templeton Global Ttl Ret A(acc)EUR-H1;Templeton Global Total Return Fund A(acc)EUR-H1;Franklin Templeton International Services S.à r.l.;Fixed Income;Global Fixed Income;RF Flexible Global-EUR Cubierto;EUR;Luxemburgo;4;1;1.39;1.05;4.42;7.75;5.36;-1.48;2007-04-10;True;False;;2026-09-03
LU0366773256;Templeton Global Ttl Ret N(Mdis)EUR-H1;Templeton Global Total Return Fund N(Mdis)EUR-H1;Franklin Templeton International Services S.à r.l.;Fixed Income;Global Fixed Income;RF Flexible Global-EUR Cubierto;EUR;Luxemburgo;4;1;2.09;1.75;3.95;6.96;4.61;-2.15;2008-06-16;True;False;;2026-09-03
LU1112750929;Vontobel Global Active Bond B EUR;Vontobel Fund - Global Active Bond B EUR Cap;Vontobel Asset Management S.A.;Fixed Income;Global Fixed Income;RF Flexible Global-EUR Cubierto;EUR;Luxemburgo;4;2;1.03;0.85;-0.26;1.26;5.53;-2.02;2014-10-03;True;False;0;2026-09-03
LU1380459518;Vontobel TwentyFour StratInc AH Hdg EUR;Vontobel Fund - TwentyFour Strategic Income Fund AH (hedged) EUR Dist;Vontobel Asset Management S.A.;Fixed Income;Global Fixed Income;RF Flexible Global-EUR Cubierto;EUR;Luxemburgo;3;4;1.41;1.25;-0.09;1.2;5.57;0.14;2016-03-23;True;False;0;2026-09-03
LU1695534757;Vontobel TwentyFour StratInc AQH HGrsEUR;Vontobel Fund - TwentyFour Strategic Income Fund AQH (hedged) Gross EUR Dist;Vontobel Asset Management S.A.;Fixed Income;Global Fixed Income;RF Flexible Global-EUR Cubierto;EUR;Luxemburgo;3;3;1.38;1.25;-0.1;1.2;5.54;0.1;2017-10-10;True;False;0;2026-09-03
LU1551754515;Vontobel TwentyFour StratInc H Hdg EUR;Vontobel Fund - TwentyFour Strategic Income Fund H (hedged) EUR Cap;Vontobel Asset Management S.A.;Fixed Income;Global Fixed Income;RF Flexible Global-EUR Cubierto;EUR;Luxemburgo;3;3;1.41;1.25;-0.06;1.23;5.57;0.13;2017-01-31;True;False;0;2026-09-03
LU2004361643;M&G (Lux) Optimal Inc AH GBP Acc;M&G (Lux) Optimal Income Fund GBP A-H Acc;M&G Luxembourg S.A.;Fixed Income;Global Fixed Income;RF Flexible Global-GBP Cubierto;GBP;Luxemburgo;3;;1.36;1.25;;;;;2019-07-05;True;False;1000;2026-09-03
LU0278466700;BGF Fixed Income Global Opps A2;BlackRock Global Funds - Fixed Income Global Opportunities Fund A2;BlackRock (Luxembourg) SA;Fixed Income;Global Fixed Income;RF Flexible Global-USD Cubierto;USD;Luxemburgo;4;3;1.22;1;0.8;3.2;5.87;2.34;2007-01-31;True;False;5000;2026-09-03
LU1005243255;BGF Fixed Income Global Opps A2 EUR;BlackRock Global Funds - Fixed Income Global Opportunities Fund A2 EUR;BlackRock (Luxembourg) SA;Fixed Income;Global Fixed Income;RF Flexible Global-USD Cubierto;EUR;Luxemburgo;4;3;1.22;1;1.93;3.73;3.48;2.78;2007-01-31;True;False;;2026-09-03
IE00B4S5QX91;BNY Mellon Absolute Ret Bd USD R Acc H;BNY Mellon Absolute Return Bond Fund USD R Acc Hedged;BNY Mellon Fund Management (Lux) S.A.;Fixed Income;Global Fixed Income;RF Flexible Global-USD Cubierto;USD;Irlanda;3;4;;1;1.35;2.54;6.35;4.97;2013-07-22;True;False;5000;2026-09-03
LU1046547540;BSF ESG Fixed Income Strategies A2 USD;BlackRock ESG Fixed Income Strategies Fund A2 USD;BlackRock (Luxembourg) SA;Fixed Income;Global Fixed Income;RF Flexible Global-USD Cubierto;USD;Luxemburgo;3;4;;1;1.08;3.19;5.78;3.99;2014-04-02;True;False;5000;2026-09-03
LU1046548191;BSF ESG Fixed Income Strategies A4 USD H;BlackRock ESG Fixed Income Strategies Fund A4 USD Hedged;BlackRock (Luxembourg) SA;Fixed Income;Global Fixed Income;RF Flexible Global-USD Cubierto;USD;Luxemburgo;3;4;;1;1.09;3.2;5.78;3.99;2014-04-02;True;False;5000;2026-09-03
LU0867954264;JPM Global Bd Opps A acc USD;JPMorgan Funds - Global Bond Opportunities Fund A (acc) - USD;JPMorgan Asset Management (Europe) S.à r.l.;Fixed Income;Global Fixed Income;RF Flexible Global-USD Cubierto;USD;Luxemburgo;4;3;1.2;1;0.1;2.36;5.25;1.88;2013-02-22;True;False;35000;2026-09-03
LU1670725347;M&G (Lux) Optimal Income A H USD Acc;M&G (Lux) Optimal Income Fund USD A-H Acc;M&G Luxembourg S.A.;Fixed Income;Global Fixed Income;RF Flexible Global-USD Cubierto;USD;Luxemburgo;4;;1.35;1.25;;;;;2018-09-07;True;False;1000;2026-09-03
LU1340702932;MFS Meridian Global Oppc Bd A1 EUR;MFS Meridian Funds - Global Opportunistic Bond Fund A1 EUR;MFS Investment Management Company (Lux) S.à.r.l;Fixed Income;Global Fixed Income;RF Flexible Global-USD Cubierto;EUR;Luxemburgo;4;1;1.2;0.55;0.71;1.78;1.54;0.43;2016-07-11;True;False;0;2026-09-03
LU0694238766;MS INVF Global Fixed Income Opps A;Morgan Stanley Investment Funds - Global Fixed Income Opportunities Fund A;MSIM Fund Management (Ireland) Limited;Fixed Income;Global Fixed Income;RF Flexible Global-USD Cubierto;USD;Luxemburgo;3;3;1.24;1;0.61;2.88;5.65;2.16;2011-11-07;True;False;0;2026-09-03
LU2295320142;MS INVF Global Fixed Income Opps A EUR;Morgan Stanley Investment Funds - Global Fixed Income Opportunities Fund A (EUR);MSIM Fund Management (Ireland) Limited;Fixed Income;Global Fixed Income;RF Flexible Global-USD Cubierto;EUR;Luxemburgo;4;3;1.24;1;1.67;3.39;3.26;2.6;2021-04-30;True;False;;2026-09-03
IE000EGAKI03;Man Dynamic Income DB H USD Cap;Man Funds plc - Man Dynamic Income DB USD Capitalisation;Man Asset Management (Ireland) Limited;Fixed Income;Global Fixed Income;RF Flexible Global-USD Cubierto;USD;Irlanda;5;;;1.75;4.96;;;;2025-10-10;True;False;1000;2026-09-03
IE00B51H7M53;Muzinich Enhancedyield S-T HUSD Acc R;Muzinich Enhancedyield Short-Term Fund Hedged USD Accumulation R Units;Muzinich & Co. (Ireland) Limited;Fixed Income;Global Fixed Income;RF Flexible Global-USD Cubierto;USD;Irlanda;2;3;;0.75;1.67;3.31;5.66;3.02;2011-05-18;True;False;1000;2026-09-03
IE00B3Y6DR28;PIMCO GIS Dynamic Bd E Acc;PIMCO GIS Dynamic Bond Fund E Class Accumulation;PIMCO Global Advisors (Ireland) Limited;Fixed Income;Global Fixed Income;RF Flexible Global-USD Cubierto;USD;Irlanda;3;3;;2.5;0.53;2.84;5.7;1.8;2010-05-11;True;False;1000;2026-09-03
IE00B7KFL990;PIMCO GIS Income E USD Acc;PIMCO GIS Income Fund E Class USD Accumulation;PIMCO Global Advisors (Ireland) Limited;Fixed Income;Global Fixed Income;RF Flexible Global-USD Cubierto;USD;Irlanda;3;3;;2.5;-0.28;2.6;5.89;2.32;2012-11-30;True;False;1000;2026-09-03
IE00B8K7V925;PIMCO GIS Income E USD Inc;PIMCO GIS Income Fund E Class USD Income;PIMCO Global Advisors (Ireland) Limited;Fixed Income;Global Fixed Income;RF Flexible Global-USD Cubierto;USD;Irlanda;3;3;;2.5;-0.26;2.64;5.88;2.32;2012-11-30;True;False;1000;2026-09-03
IE00BV1VS594;PIMCO GIS Income Investor USD Acc;PIMCO GIS Income Fund Investor USD Accumulation;PIMCO Global Advisors (Ireland) Limited;Fixed Income;Global Fixed Income;RF Flexible Global-USD Cubierto;USD;Irlanda;3;4;;0.55;0.06;3.14;6.47;2.88;2015-01-20;True;False;1000000;2026-09-03
LU0232525203;AB American Income A2 EUR;AB FCP I - American Income Portfolio A2 EUR Acc;AllianceBernstein (Luxembourg) S.à r.l.;Fixed Income;US Fixed Income;RF Flexible USD;EUR;Luxemburgo;4;2;1.32;1.1;0.56;1.37;2.45;0.79;2001-06-01;True;False;2000;2026-09-03
LU0095030564;AB American Income A2 USD;AB FCP I - American Income Portfolio A2 Acc;AllianceBernstein (Luxembourg) S.à r.l.;Fixed Income;US Fixed Income;RF Flexible USD;USD;Luxemburgo;4;2;1.33;1.1;-0.86;0.42;4.97;0.37;1998-10-26;True;False;2000;2026-09-03
LU0232526433;AB American Income C2 EUR;AB FCP I - American Income Portfolio C2 EUR Acc;AllianceBernstein (Luxembourg) S.à r.l.;Fixed Income;US Fixed Income;RF Flexible USD;EUR;Luxemburgo;4;2;1.77;1.55;0.23;0.94;1.99;0.34;2001-06-01;True;False;2000;2026-09-03
LU1021288185;AB Mortgage Income A2 Acc;AB FCP I - Mortgage Income Portfolio A2 Acc;AllianceBernstein (Luxembourg) S.à r.l.;Fixed Income;US Fixed Income;RF Flexible USD;USD;Luxemburgo;4;5;1.32;1.1;2.25;4.23;6.89;5.23;2014-02-20;True;False;2000;2026-09-03
LU1883841022;Amundi Fds Strat Inc A EUR C;Amundi Funds - Strategic Income A EUR (C);Amundi Luxembourg S.A.;Fixed Income;US Fixed Income;RF Flexible USD;EUR;Luxemburgo;4;2;1.79;1.5;1.04;2.92;2.91;0.81;2003-04-04;True;False;1;2026-09-03
LU2070309294;Amundi Fds Strat Inc A2 EUR C;Amundi Funds - Strategic Income A2 EUR (C);Amundi Luxembourg S.A.;Fixed Income;US Fixed Income;RF Flexible USD;EUR;Luxemburgo;4;2;1.98;1.7;0.93;2.76;2.85;0.73;2019-11-19;True;False;;2026-09-03
LU3081002787;Amundi Fds Strat Inc A2 EUR H MGI D;Amundi Funds - Strategic Income A2 EUR Hgd MGI (D);Amundi Luxembourg S.A.;Fixed Income;US Fixed Income;RF Flexible USD;EUR;Luxemburgo;;;1.79;1.7;-1.51;;;;2025-06-27;True;False;;2026-09-03
LU2530434740;Capital Group MSI LUX B EUR;Capital Group Multi-Sector Income Fund LUX B EUR;Capital International Management Company Sàrl;Fixed Income;US Fixed Income;RF Flexible USD;EUR;Luxemburgo;4;3;1.1;1;2;3.36;3.92;;2022-11-29;True;False;;2026-09-03
LU2530434583;Capital Group MSI LUX Bd EUR;Capital Group Multi-Sector Income Fund LUX Bd EUR;Capital International Management Company Sàrl;Fixed Income;US Fixed Income;RF Flexible USD;EUR;Luxemburgo;4;4;1.1;1;2.07;3.38;3.89;;2022-11-29;True;False;;2026-09-03
LU0300737037;Franklin Strategic Income A(acc)USD;Franklin Strategic Income Fund A(acc)USD;Franklin Templeton International Services S.à r.l.;Fixed Income;US Fixed Income;RF Flexible USD;USD;Luxemburgo;3;3;1.35;1.25;0.33;2.2;5.03;1.01;2007-07-12;True;False;1000;2026-09-03
LU0323456466;JPM Income Opp A perf acc USD;JPMorgan Investment Funds - Income Opportunity Fund A (perf) (acc) USD;JPMorgan Asset Management (Europe) S.à r.l.;Fixed Income;US Fixed Income;RF Flexible USD;USD;Luxemburgo;3;3;1.2;1;2.01;3.02;4.06;2.99;2008-10-14;True;False;35000;2026-09-03
LU0070215933;JPM US Bond A acc USD;JPMorgan Investment Funds - US Bond Fund A (acc) USD;JPMorgan Asset Management (Europe) S.à r.l.;Fixed Income;US Fixed Income;RF Flexible USD;USD;Luxemburgo;4;2;1.1;0.9;-1.04;1.35;3.59;-0.84;1997-05-15;True;False;35000;2026-09-03
LU0115104423;JPM US Bond D acc USD;JPMorgan Investment Funds - US Bond Fund D (acc) USD;JPMorgan Asset Management (Europe) S.à r.l.;Fixed Income;US Fixed Income;RF Flexible USD;USD;Luxemburgo;4;2;1.35;0.9;-1.2;1.1;3.33;-1.09;2001-11-13;True;False;5000;2026-09-03
LU3211767630;Loomis Sayles Multisector Inc R/A USD;Natixis International Funds (Lux) I Loomis Sayles Multisector Income Fund R/A (USD);Natixis Investment Managers International;Fixed Income;US Fixed Income;RF Flexible USD;USD;Luxemburgo;4;2;;1.45;-0.89;0.85;5.71;0.6;2026-06-15;True;False;;2026-09-03
LU3211767804;Loomis Sayles Multisector Inc RE/A EUR;Natixis International Funds (Lux) I Loomis Sayles Multisector Income Fund RE/A (EUR);Natixis Investment Managers International;Fixed Income;US Fixed Income;RF Flexible USD;EUR;Luxemburgo;;2;;1.75;0.19;1.45;2.92;0.69;2026-06-15;True;False;;2026-09-03
IE00B95GFL15;PIMCO GIS Credit Opps Bd E Acc;PIMCO GIS Credit Opportunities Bond Fund E Class Accumulation;PIMCO Global Advisors (Ireland) Limited;Fixed Income;US Fixed Income;RF Flexible USD;USD;Irlanda;3;3;;2.5;-1.23;0.89;5.52;2.77;2012-12-21;True;False;1000;2026-09-03
LU1353950568;AXAWF Global Infl Sh Dur Bds A Cap USD;AXA World Funds - Global Inflation Short Duration Bonds A Capitalisation USD;BNP PARIBAS ASSET MANAGEMENT Europe;Fixed Income;Global Fixed Income;RF Global Bonos Ligados Inflación;USD;Luxemburgo;3;5;0.72;0.5;1.84;2.04;4.33;2.79;2016-02-16;True;False;0;2026-09-03
LU0266009793;AXAWF Global Infl Bds A Cap EUR;AXA World Funds - Global Inflation Bonds A Capitalisation EUR;BNP PARIBAS ASSET MANAGEMENT Europe;Fixed Income;Global Fixed Income;RF Global Bonos Ligados Inflación - EUR Cubierto;EUR;Luxemburgo;4;2;;0.6;-0.89;0.16;0.42;-4.11;2006-09-05;True;False;0;2026-09-03
LU1353950725;AXAWF Global Infl Sh Dur Bds A Cap EUR H;AXA World Funds - Global Inflation Short Duration Bonds A Capitalisation EUR (Hedged);BNP PARIBAS ASSET MANAGEMENT Europe;Fixed Income;Global Fixed Income;RF Global Bonos Ligados Inflación - EUR Cubierto;EUR;Luxemburgo;3;4;0.75;0.5;0.68;0.01;2.36;0.83;2016-02-16;True;False;0;2026-09-03
LU1353950998;AXAWF Global Infl Sh Dur Bds A Dis EUR H;AXA World Funds - Global Inflation Short Duration Bonds A Distribution EUR (Hedged);BNP PARIBAS ASSET MANAGEMENT Europe;Fixed Income;Global Fixed Income;RF Global Bonos Ligados Inflación - EUR Cubierto;EUR;Luxemburgo;3;4;0.75;0.5;0.71;0.14;2.38;0.82;2016-10-12;True;False;0;2026-09-03
LU1353951376;AXAWF Global Infl Sh Dur Bds E Cap EUR H;AXA World Funds - Global Inflation Short Duration Bonds E Capitalisation EUR (Hedged);BNP PARIBAS ASSET MANAGEMENT Europe;Fixed Income;Global Fixed Income;RF Global Bonos Ligados Inflación - EUR Cubierto;EUR;Luxemburgo;3;4;1.25;0.5;0.35;-0.48;1.85;0.33;2016-02-16;True;False;0;2026-09-03
LU2257473269;AXAWF Inflation Plus A Cap EUR;AXA World Funds - Inflation Plus A Capitalisation EUR;BNP PARIBAS ASSET MANAGEMENT Europe;Fixed Income;Global Fixed Income;RF Global Bonos Ligados Inflación - EUR Cubierto;EUR;Luxemburgo;3;5;1;0.7;0.95;1.05;2.84;;2021-10-04;True;False;0;2026-09-03
LU0266009959;AXAWF Global Infl Bds A Cap USD H;AXA World Funds - Global Inflation Bonds A Capitalisation USD (Hedged);BNP PARIBAS ASSET MANAGEMENT Europe;Fixed Income;Global Fixed Income;RF Global Bonos Ligados Inflación - USD Cubierto;USD;Luxemburgo;4;2;;0.6;0.2;1.53;2.38;-2.12;2006-09-05;True;False;0;2026-09-03
LU0800597873;AXAWF Em Mkts Sh Dur Bds A Cap USD;AXA World Funds - Emerging Markets Short Duration Bonds A Capitalisation USD;BNP PARIBAS ASSET MANAGEMENT Europe;Fixed Income;Emerging Markets Fixed Income;RF Global Emergente;USD;Luxemburgo;3;3;1.23;1;2.43;4.72;7.19;1.21;2012-09-05;True;False;0;2026-09-03
LU1882449801;Amundi Fds Em Mkts Bd A EUR C;Amundi Funds - Emerging Markets Bond A EUR (C);Amundi Luxembourg S.A.;Fixed Income;Emerging Markets Fixed Income;RF Global Emergente;EUR;Luxemburgo;4;4;1.7;1.35;4.91;10.22;8;2.9;2000-12-18;True;False;1;2026-09-03
LU1882450304;Amundi Fds Em Mkts Bd A USD C;Amundi Funds - Emerging Markets Bond A USD (C);Amundi Luxembourg S.A.;Fixed Income;Emerging Markets Fixed Income;RF Global Emergente;USD;Luxemburgo;5;4;1.7;1.35;3.73;9.29;10.57;2.45;2002-05-02;True;False;1;2026-09-03
LU0200680600;BGF Emerging Markets Bond A2;BlackRock Global Funds - Emerging Markets Bond Fund A2;BlackRock (Luxembourg) SA;Fixed Income;Emerging Markets Fixed Income;RF Global Emergente;USD;Luxemburgo;4;4;1.47;1.25;3.48;9.75;11.76;3.34;2004-10-01;True;False;5000;2026-09-03
LU0200683885;BGF Emerging Markets Bond A2 EUR;BlackRock Global Funds - Emerging Markets Bond Fund A2 EUR;BlackRock (Luxembourg) SA;Fixed Income;Emerging Markets Fixed Income;RF Global Emergente;EUR;Luxemburgo;4;4;1.47;1.25;4.59;10.26;9.23;3.79;2004-10-01;True;False;;2026-09-03
LU1897607013;EdRF Emerging Sovereign A USD;Edmond de Rothschild Fund - Emerging Sovereign A USD;Edmond de Rothschild Asset Management (France);Fixed Income;Emerging Markets Fixed Income;RF Global Emergente;USD;Luxemburgo;5;4;1.42;1;3.99;10.17;12.71;2.55;2019-04-24;True;False;0;2026-09-03
LU0555020303;GS EM Debt HC-P Cap USD;Goldman Sachs Emerging Markets Debt (Hard Currency) - P Cap USD;Goldman Sachs Asset Management B.V.;Fixed Income;Emerging Markets Fixed Income;RF Global Emergente;USD;Luxemburgo;4;3;;1.2;2.62;8.11;9.84;1.48;2011-07-27;True;False;;2026-09-03
LU0133266147;GS Em Mkts Dbt E Acc EUR;Goldman Sachs Emerging Markets Debt Portfolio E Acc EUR;Goldman Sachs Asset Management B.V.;Fixed Income;Emerging Markets Fixed Income;RF Global Emergente;EUR;Luxemburgo;4;2;;1.25;3.19;8.53;6.5;1.19;2001-07-31;True;False;1500;2026-09-03
LU0499112034;JPM Emerging Markets Debt A acc USD;JPMorgan Funds - Emerging Markets Debt Fund A (acc) USD;JPMorgan Asset Management (Europe) S.à r.l.;Fixed Income;Emerging Markets Fixed Income;RF Global Emergente;USD;Luxemburgo;4;2;1.42;1.15;2.68;8.82;9.99;1.18;2010-04-09;True;False;35000;2026-09-03
LU1670631016;M&G (Lux) Em Mkts Bd A EUR Acc;M&G (Lux) Emerging Markets Bond Fund EUR A Acc;M&G Luxembourg S.A.;Fixed Income;Emerging Markets Fixed Income;RF Global Emergente;EUR;Luxemburgo;4;4;1.43;1.25;4.07;7.92;6.76;3.32;2018-09-21;True;False;1000;2026-09-03
LU1670631107;M&G (Lux) Em Mkts Bd A EUR Inc;M&G (Lux) Emerging Markets Bond Fund EUR A Inc;M&G Luxembourg S.A.;Fixed Income;Emerging Markets Fixed Income;RF Global Emergente;EUR;Luxemburgo;4;4;1.43;1.25;4.17;8;6.81;3.34;2018-09-21;True;False;1000;2026-09-03
LU1670632337;M&G (Lux) Em Mkts Bd A USD Acc;M&G (Lux) Emerging Markets Bond Fund USD A Acc;M&G Luxembourg S.A.;Fixed Income;Emerging Markets Fixed Income;RF Global Emergente;USD;Luxemburgo;4;4;1.43;1.25;2.52;7.36;9.09;2.82;2018-09-21;True;False;1000;2026-09-03
LU1670632410;M&G (Lux) Em Mkts Bd A USD Inc;M&G (Lux) Emerging Markets Bond Fund USD A Inc;M&G Luxembourg S.A.;Fixed Income;Emerging Markets Fixed Income;RF Global Emergente;USD;Luxemburgo;4;4;1.43;1.25;2.52;7.36;9.09;2.82;2018-09-21;True;False;1000;2026-09-03
LU0219422606;MFS Meridian Emerging Mkts Dbt A1 EUR;MFS Meridian Funds - Emerging Markets Debt Fund A1 EUR;MFS Investment Management Company (Lux) S.à.r.l;Fixed Income;Emerging Markets Fixed Income;RF Global Emergente;EUR;Luxemburgo;4;3;1.52;0.9;3.34;7.54;6.29;2;2005-09-26;True;False;0;2026-09-03
LU0125948108;MFS Meridian Emerging Mkts Dbt A1 USD;MFS Meridian Funds - Emerging Markets Debt Fund A1 USD;MFS Investment Management Company (Lux) S.à.r.l;Fixed Income;Emerging Markets Fixed Income;RF Global Emergente;USD;Luxemburgo;4;3;1.52;0.9;1.9;6.54;8.86;1.59;2001-01-31;True;False;0;2026-09-03
LU2630425226;MS INVF Emerging Mkts Dbt Opps A;Morgan Stanley Investment Funds - Emerging Markets Debt Opportunities Fund A;MSIM Fund Management (Ireland) Limited;Fixed Income;Emerging Markets Fixed Income;RF Global Emergente;USD;Luxemburgo;4;5;1.64;1.4;9.32;15.62;14;7.17;2023-08-11;True;False;0;2026-09-03
LU2784406998;MS INVF Emerging Mkts Dbt Opps A EUR;Morgan Stanley Investment Funds - Emerging Markets Debt Opportunities Fund A EUR;MSIM Fund Management (Ireland) Limited;Fixed Income;Emerging Markets Fixed Income;RF Global Emergente;EUR;Luxemburgo;4;;1.64;1.4;10.57;16.24;;;2024-03-21;True;False;;2026-09-03
LU0132414144;abrdn-Emerging Markets Bond A Acc USD;abrdn SICAV I – Emerging Markets Bond Fund Class A Acc USD;abrdn Investments Luxembourg S.A.;Fixed Income;Emerging Markets Fixed Income;RF Global Emergente;USD;Luxemburgo;4;3;;1.5;2.06;7.05;9.65;1.59;2001-08-15;True;False;500;2026-09-03
LU0278457204;BGF Emerging Markets Lcl Ccy Bd A2 EUR;BlackRock Global Funds - Emerging Markets Local Currency Bond Fund A2 EUR;BlackRock (Luxembourg) SA;Fixed Income;Emerging Markets Fixed Income;RF Global Emergente - Moneda Local;EUR;Luxemburgo;4;2;1.27;1;5.04;9.48;5.02;3.45;2007-02-02;True;False;;2026-09-03
LU0907927171;DPAM L Bonds Emerging Markets Sust A EUR;DPAM L - Bonds Emerging Markets Sustainable A EUR EUR;Degroof Petercam Asset Management SA;Fixed Income;Emerging Markets Fixed Income;RF Global Emergente - Moneda Local;EUR;Luxemburgo;3;4;;1;4.42;9.46;5.41;4.45;2013-03-18;True;False;0;2026-09-03
LU0907927338;DPAM L Bonds Emerging Markets Sust B EUR;DPAM L - Bonds Emerging Markets Sustainable B EUR EUR;Degroof Petercam Asset Management SA;Fixed Income;Emerging Markets Fixed Income;RF Global Emergente - Moneda Local;EUR;Luxemburgo;4;4;;1;4.43;9.47;5.43;4.47;2013-03-18;True;False;0;2026-09-03
LU1200235353;DPAM L Bonds Emerging Markets Sust B USD;DPAM L - Bonds Emerging Markets Sustainable B USD;Degroof Petercam Asset Management SA;Fixed Income;Emerging Markets Fixed Income;RF Global Emergente - Moneda Local;USD;Luxemburgo;4;4;;1;3.1;8.37;7.89;4;2016-09-12;True;False;0;2026-09-03
LU0280437673;Pictet-Emerging Local Ccy Dbt PEUR;Pictet-Emerging Local Currency Debt PEUR;Pictet Asset Management (Europe) SA;Fixed Income;Emerging Markets Fixed Income;RF Global Emergente - Moneda Local;EUR;Luxemburgo;4;2;1.53;2.1;2.09;7.35;4.89;3.04;2007-01-23;True;False;0;2026-09-03
LU0255798109;Pictet-Emerging Local Ccy Dbt PUSD;Pictet-Emerging Local Currency Debt PUSD;Pictet Asset Management (Europe) SA;Fixed Income;Emerging Markets Fixed Income;RF Global Emergente - Moneda Local;USD;Luxemburgo;5;2;1.53;2.1;0.8;6.31;7.38;2.59;2006-06-26;True;False;0;2026-09-03
LU0255798364;Pictet-Emerging Local Ccy Dbt R USD;Pictet-Emerging Local Currency Debt R USD;Pictet Asset Management (Europe) SA;Fixed Income;Emerging Markets Fixed Income;RF Global Emergente - Moneda Local;USD;Luxemburgo;5;2;1.94;3;0.52;5.87;6.95;2.17;2006-06-26;True;False;0;2026-09-03
LU0800572702;AXAWF Em Mkts Sh Dur Bds A Cap EUR H;AXA World Funds - Emerging Markets Short Duration Bonds A Capitalisation EUR (Hedged);BNP PARIBAS ASSET MANAGEMENT Europe;Fixed Income;Emerging Markets Fixed Income;RF Global Emergente - Sesgo EUR;EUR;Luxemburgo;3;3;1.26;1;1.6;3.01;5.28;-0.69;2012-12-05;True;False;0;2026-09-03
LU1882450056;Amundi Fds Em Mkts Bd A EUR H C;Amundi Funds - Emerging Markets Bond A EUR Hgd (C);Amundi Luxembourg S.A.;Fixed Income;Emerging Markets Fixed Income;RF Global Emergente - Sesgo EUR;EUR;Luxemburgo;5;3;1.7;1.35;2.39;7;8.49;0.43;2014-05-30;True;False;1;2026-09-03
LU0413376566;BGF Emerging Markets Bond A2 H;BlackRock Global Funds - Emerging Markets Bond Fund A2 Hedged;BlackRock (Luxembourg) SA;Fixed Income;Emerging Markets Fixed Income;RF Global Emergente - Sesgo EUR;EUR;Luxemburgo;4;4;;1.25;2.17;7.55;9.53;0.96;2009-03-04;True;False;5000;2026-09-03
LU1596575156;BNP Paribas Em Bd Cl H EUR C;BNP Paribas Funds Emerging Bond Classic H EUR Capitalisation;BNP Paribas Asset Management Luxembourg;Fixed Income;Emerging Markets Fixed Income;RF Global Emergente - Sesgo EUR;EUR;Luxemburgo;5;2;;1.1;-0.55;3.39;7.17;-1.71;2017-07-28;True;False;0;2026-09-03
LU1897613763;EdRF Emerging Sovereign A EUR H;Edmond de Rothschild Fund - Emerging Sovereign A EUR H;Edmond de Rothschild Asset Management (France);Fixed Income;Emerging Markets Fixed Income;RF Global Emergente - Sesgo EUR;EUR;Luxemburgo;6;4;1.42;1;2.68;7.93;10.49;0.3;2019-01-21;True;False;0;2026-09-03
LU0262418394;GS Em Mkts Dbt Base Acc EUR Hdg;Goldman Sachs Emerging Markets Debt Portfolio Base Acc EUR-Hedged;Goldman Sachs Asset Management B.V.;Fixed Income;Emerging Markets Fixed Income;RF Global Emergente - Sesgo EUR;EUR;Luxemburgo;4;2;;1.25;1.29;6.46;7.51;-0.76;2007-10-12;True;False;5000;2026-09-03
LU0501220429;Global Evolution Frt Mkts R EUR H;Global Evolution Funds - Frontier Markets R EUR H;Global Evolution Asset Management A/S;Fixed Income;Emerging Markets Fixed Income;RF Global Emergente - Sesgo EUR;EUR;Luxemburgo;4;5;;1.5;6.9;13.06;12.39;5.2;2011-01-19;True;False;50;2026-09-03
IE00BD9Y4V21;H2O Multi Emerging Debt R EUR H;H2O Multi Emerging Debt Fund Class R EUR Hedged;H2O Asset Management L.L.P.;Fixed Income;Emerging Markets Fixed Income;RF Global Emergente - Sesgo EUR;EUR;Irlanda;6;3;0.5;1.6;6.93;12.63;13.64;1.86;2016-10-19;True;False;0;2026-09-03
LU0210532528;JPM Emerging Markets Debt A acc EURH;JPMorgan Funds - Emerging Markets Debt Fund A (acc) EUR (hedged);JPMorgan Asset Management (Europe) S.à r.l.;Fixed Income;Emerging Markets Fixed Income;RF Global Emergente - Sesgo EUR;EUR;Luxemburgo;4;2;1.4;1.15;1.44;6.69;7.88;-1.06;2005-03-31;True;False;35000;2026-09-03
LU0117898204;JPM Emerging Markets Debt D acc EURH;JPMorgan Funds - Emerging Markets Debt Fund D (acc) EUR (hedged);JPMorgan Asset Management (Europe) S.à r.l.;Fixed Income;Emerging Markets Fixed Income;RF Global Emergente - Sesgo EUR;EUR;Luxemburgo;4;2;2.15;1.15;0.92;5.95;7.07;-1.8;2000-10-13;True;False;5000;2026-09-03
LU1670631289;M&G (Lux) Em Mkts Bd A H EUR Acc;M&G (Lux) Emerging Markets Bond Fund EUR A-H Acc;M&G Luxembourg S.A.;Fixed Income;Emerging Markets Fixed Income;RF Global Emergente - Sesgo EUR;EUR;Luxemburgo;4;4;1.45;1.25;1.24;5.19;6.84;0.49;2018-09-21;True;False;1000;2026-09-03
LU1670631362;M&G (Lux) Em Mkts Bd A H EUR Inc;M&G (Lux) Emerging Markets Bond Fund EUR A-H Inc;M&G Luxembourg S.A.;Fixed Income;Emerging Markets Fixed Income;RF Global Emergente - Sesgo EUR;EUR;Luxemburgo;4;4;1.45;1.25;1.35;5.28;6.89;0.5;2018-09-21;True;False;1000;2026-09-03
LU1670631792;M&G (Lux) Em Mkts Bd B H EUR Acc;M&G (Lux) Emerging Markets Bond Fund EUR B-H Acc;M&G Luxembourg S.A.;Fixed Income;Emerging Markets Fixed Income;RF Global Emergente - Sesgo EUR;EUR;Luxemburgo;4;3;1.95;1.75;0.91;4.69;6.33;-0.01;2018-09-21;True;False;1000;2026-09-03
LU0583240519;MFS Meridian Emerging Mkts Dbt AH1 EUR;MFS Meridian Funds - Emerging Markets Debt Fund AH1 EUR;MFS Investment Management Company (Lux) S.à.r.l;Fixed Income;Emerging Markets Fixed Income;RF Global Emergente - Sesgo EUR;EUR;Luxemburgo;4;3;1.55;0.9;0.86;4.63;6.86;-0.42;2011-02-01;True;False;0;2026-09-03
LU2784407020;MS INVF Emerging Mkts Dbt Opps AH EUR;Morgan Stanley Investment Funds - Emerging Markets Debt Opportunities Fund AH EUR;MSIM Fund Management (Ireland) Limited;Fixed Income;Emerging Markets Fixed Income;RF Global Emergente - Sesgo EUR;EUR;Luxemburgo;4;;1.66;1.4;8.02;13.4;;;2024-03-21;True;False;;2026-09-03
LU3028669292;MS INVF Emerging Mkts Dbt Opps AHR EUR;Morgan Stanley Investment Funds - Emerging Markets Debt Opportunities Fund AHR EUR;MSIM Fund Management (Ireland) Limited;Fixed Income;Emerging Markets Fixed Income;RF Global Emergente - Sesgo EUR;EUR;Luxemburgo;4;;1.66;1.4;8.06;13.46;;;2025-05-14;True;False;;2026-09-03
IE00B986FT65;Neuberger Em Mkt Debt Hrd Ccy EUR A Acc;Neuberger Emerging Market Debt - Hard Currency Fund EUR A Accumulating Class;Neuberger Berman Asset Management Ireland Limited;Fixed Income;Emerging Markets Fixed Income;RF Global Emergente - Sesgo EUR;EUR;Irlanda;5;3;1.47;1.4;1.75;6.71;10.62;0.8;2013-05-31;True;False;1000;2026-09-03
IE00BDZRWZ54;Neuberger Shrt DurEM DbtEUR A Acc;Neuberger Short Duration Emerging Market Debt Fund EUR A Accumulating Class;Neuberger Berman Asset Management Ireland Limited;Fixed Income;Emerging Markets Fixed Income;RF Global Emergente - Sesgo EUR;EUR;Irlanda;4;4;1.06;1;1.14;2.76;5.82;1.32;2014-06-13;True;False;1000;2026-09-03
IE00BDZRX078;Neuberger Shrt DurEM DbtEUR A Inc;Neuberger Short Duration Emerging Market Debt Fund EUR A Distributing Class;Neuberger Berman Asset Management Ireland Limited;Fixed Income;Emerging Markets Fixed Income;RF Global Emergente - Sesgo EUR;EUR;Irlanda;4;4;1.06;1;1.01;2.6;5.79;1.31;2014-06-06;True;False;1000;2026-09-03
IE00BDTM8810;PIMCO GIS Em Mkts Bd ESG E EUR H Acc;PIMCO GIS Emerging Markets Bond ESG Fund E Class EUR (Hedged) Accumulation;PIMCO Global Advisors (Ireland) Limited;Fixed Income;Emerging Markets Fixed Income;RF Global Emergente - Sesgo EUR;EUR;Irlanda;4;2;;2.5;-0.28;3.9;7.25;-1.44;2018-08-31;True;False;;2026-09-03
LU1799936510;Pictet TR - Sirius HP EUR;Pictet TR - Sirius HP EUR;Pictet Asset Management (Europe) SA;Fixed Income;Emerging Markets Fixed Income;RF Global Emergente - Sesgo EUR;EUR;Luxemburgo;4;5;2.59;2.3;5.91;9.82;8.03;5.34;2019-08-08;True;False;0;2026-09-03
IE00BD2ZKT29;Principal Finisterre Unc EMFI A HAcc€;Principal Global Investors Funds - Finisterre Unconstrained Emerging Market Fxd Inc Fd A Hdg Acc EUR;Principal Global Investors (Ireland) Ltd;Fixed Income;Emerging Markets Fixed Income;RF Global Emergente - Sesgo EUR;EUR;Irlanda;4;4;;2;1.2;4.97;7.14;1.48;2018-12-21;True;False;100000;2026-09-03
IE00BD2ZKV41;Principal Finisterre Unc EMFI A HIncEUR;Principal Global Investors Funds - Finisterre Unconstrained Emerging Market Fxd Inc Fd A Hdg Inc EUR;Principal Global Investors (Ireland) Ltd;Fixed Income;Emerging Markets Fixed Income;RF Global Emergente - Sesgo EUR;EUR;Irlanda;4;4;;2;1.11;4.88;7.12;1.46;2019-10-25;True;False;100000;2026-09-03
LU2812398050;Vontobel EM Blend H H EUR Acc;Vontobel Fund - Emerging Markets Blend H Hedged EUR Acc;Vontobel Asset Management S.A.;Fixed Income;Emerging Markets Fixed Income;RF Global Emergente - Sesgo EUR;EUR;Luxemburgo;5;;1.53;1.25;4.49;8.95;;;2024-06-11;True;False;0;2026-09-03
LU0926439992;Vontobel EM Debt H Hdg EUR;Vontobel Fund - Emerging Markets Debt H (hedged) EUR Cap;Vontobel Asset Management S.A.;Fixed Income;Emerging Markets Fixed Income;RF Global Emergente - Sesgo EUR;EUR;Luxemburgo;4;4;1.41;1.1;2.66;6.25;10.98;1;2013-05-15;True;False;0;2026-09-03
LU0376989207;abrdn-Emerging Markets Bond A Acc H EUR;abrdn SICAV I – Emerging Markets Bond Fund Class A Acc Hedged EUR;abrdn Investments Luxembourg S.A.;Fixed Income;Emerging Markets Fixed Income;RF Global Emergente - Sesgo EUR;EUR;Luxemburgo;4;3;;1.5;0.87;5.01;7.59;-0.43;2007-07-11;True;False;1000;2026-09-03
LU1373035580;iShares Em Mkts Govt Bd Idx (LU) A2 EURH;iShares Emerging Markets Government Bond Index Fund (LU) A2 EUR Hedged;BlackRock (Luxembourg) SA;Fixed Income;Emerging Markets Fixed Income;RF Global Emergente - Sesgo EUR;EUR;Luxemburgo;4;3;0.52;0.45;0.19;4.48;6.96;-0.6;2016-04-13;True;True;5;2026-09-03
LU0251661087;AXAWF Euro Long Dur Bd A Cap EUR;AXA World Funds - Euro Long Duration Bonds A Capitalisation EUR;BNP PARIBAS ASSET MANAGEMENT Europe;Fixed Income;Europe Fixed Income;RF Largo Plazo EUR;EUR;Luxemburgo;5;4;0.85;0.6;-3.04;-1.23;0.43;-7.47;2006-04-17;True;False;0;2026-09-03
LU0592505589;AB American Income A2 EUR H;AB FCP I - American Income Portfolio A2 EUR H Acc;AllianceBernstein (Luxembourg) S.à r.l.;Fixed Income;US Fixed Income;RF Otros;EUR;Luxemburgo;4;;1.32;1.1;-2.04;-1.52;2.94;-1.74;2011-03-01;True;False;2000;2026-09-03
LU0592505662;AB American Income C2 EUR H;AB FCP I - American Income Portfolio C2 EUR H Acc;AllianceBernstein (Luxembourg) S.à r.l.;Fixed Income;US Fixed Income;RF Otros;EUR;Luxemburgo;4;;1.77;1.55;-2.35;-1.97;2.44;-2.2;2011-03-01;True;False;2000;2026-09-03
LU0931218647;AXAIMFIIS Europe Short Dur HY E Cap USDH;AXA IM Fixed Income Investment Strategies - Europe Short Duration High Yield E Cap USD (Hedged);BNP PARIBAS ASSET MANAGEMENT Europe;Fixed Income;Europe Fixed Income;RF Otros;USD;Luxemburgo;4;;1.54;1;2.51;3.97;5.85;4.06;2013-11-27;True;False;0;2026-09-03
LU0546066993;AXAIMFIIS US Corp Itmt Bds F Cap EUR H;AXA IM Fixed Income Investment Strategies - US Corporate Intermediate Bonds F Capitalisation EUR Hdg;BNP PARIBAS ASSET MANAGEMENT Europe;Fixed Income;US Fixed Income;RF Otros;EUR;Luxemburgo;4;;0.96;0.75;-1.61;-0.75;2.65;-1.4;2010-09-30;True;False;0;2026-09-03
LU0523282928;AXAIMFIIS US Short Dur HY E Cap EUR H;AXA IM Fixed Income Investment Strategies - US Short Duration High Yield E Capitalisation EUR (Hdg);BNP PARIBAS ASSET MANAGEMENT Europe;Fixed Income;US Fixed Income;RF Otros;EUR;Luxemburgo;4;;1.57;1;0.29;1.39;3.65;1.04;2010-07-02;True;False;0;2026-09-03
LU0292585626;AXAIMFIIS US Short Dur HY F Cap EUR H;AXA IM Fixed Income Investment Strategies - US Short Duration High Yield F Capitalisation EUR (Hdg);BNP PARIBAS ASSET MANAGEMENT Europe;Fixed Income;US Fixed Income;RF Otros;EUR;Luxemburgo;4;;1.22;1;0.55;1.78;4.01;1.37;2007-03-30;True;False;0;2026-09-03
LU0292586350;AXAIMFIIS US Short Dur HY F Dis EUR H;AXA IM Fixed Income Investment Strategies - US Short Duration High Yield F Distribution EUR (Hdg);BNP PARIBAS ASSET MANAGEMENT Europe;Fixed Income;US Fixed Income;RF Otros;EUR;Luxemburgo;4;;1.22;1;0.54;1.76;4.02;1.4;2007-03-30;True;False;0;2026-09-03
LU0960403342;AXAWF US Credit Short Dur IG A Cap EUR H;AXA World Funds - US Credit Short Duration IG A Capitalisation EUR (Hedged);BNP PARIBAS ASSET MANAGEMENT Europe;Fixed Income;US Fixed Income;RF Otros;EUR;Luxemburgo;2;;0.9;0.65;-0.1;0.51;2.67;0.22;2013-09-03;True;False;0;2026-09-03
LU0276013082;AXAWF US High Yield Bonds A Cap EUR H;AXA World Funds - US High Yield Bonds A Capitalisation EUR (Hedged);BNP PARIBAS ASSET MANAGEMENT Europe;Fixed Income;US Fixed Income;RF Otros;EUR;Luxemburgo;4;;1.46;1.2;0.64;1.92;5.1;1.27;2007-04-27;True;False;0;2026-09-03
IE00BG226Z29;Aegon European ABS A EUR Acc;Aegon European ABS Fund A EUR Acc;Aegon Investment Management BV;Fixed Income;Fixed Income Miscellaneous;RF Otros;EUR;Irlanda;3;;;1.5;2.1;2.75;4.56;2.98;2018-05-23;True;False;0;2026-09-03
IE00B8ZQ4Z18;Algebris Financial Credit R CHF Acc;Algebris UCITS Funds plc - Algebris Financial Credit Fund R CHF Acc;Algebris (UK) Limited;Fixed Income;Europe Fixed Income;RF Otros;CHF;Irlanda;4;;1.85;1.2;-0.21;0.78;5.94;1.02;2014-06-30;True;False;10000;2026-09-03
LU1740661167;Allianz Global Floating Rt Nts + ATH2EUR;Allianz Global Investors Fund - Allianz Global Floating Rate Notes Plus AT (H2-EUR);Allianz Global Investors GmbH;Fixed Income;US Fixed Income;RF Otros;EUR;Luxemburgo;2;;0.55;0.9;0.92;1.6;3.47;2.18;2018-02-07;True;False;0;2026-09-03
LU1883841378;Amundi Fds Strat Inc A EUR H AD D;Amundi Funds - Strategic Income A EUR Hgd AD (D);Amundi Luxembourg S.A.;Fixed Income;US Fixed Income;RF Otros;EUR;Luxemburgo;4;;1.79;1.5;-1.38;0.02;3.37;-1.53;2011-03-31;True;False;1;2026-09-03
LU1883841295;Amundi Fds Strat Inc A EUR H C;Amundi Funds - Strategic Income A EUR Hgd (C);Amundi Luxembourg S.A.;Fixed Income;US Fixed Income;RF Otros;EUR;Luxemburgo;4;;1.79;1.5;-1.39;0;3.35;-1.57;2004-02-13;True;False;1;2026-09-03
LU1883841451;Amundi Fds Strat Inc A EUR H MGI D;Amundi Funds - Strategic Income A EUR Hgd MGI (D);Amundi Luxembourg S.A.;Fixed Income;US Fixed Income;RF Otros;EUR;Luxemburgo;4;;1.79;1.5;-1.4;-0.02;3.35;-1.57;2006-07-03;True;False;1;2026-09-03
LU1880401366;Amundi Fds US Bond A EUR H C;Amundi Funds - US Bond A EUR Hgd (C);Amundi Luxembourg S.A.;Fixed Income;US Fixed Income;RF Otros;EUR;Luxemburgo;4;;1.34;0.75;-2.18;-1.04;2.28;-2.5;2019-06-24;True;False;;2026-09-03
LU1250980452;BGF Asian Tiger Bond A2 EUR Hedged;BlackRock Global Funds - Asian Tiger Bond Fund A2 EUR Hedged;BlackRock (Luxembourg) SA;Fixed Income;Asia Fixed Income;RF Otros;EUR;Luxemburgo;4;;1.21;1;-0.2;1.66;5.1;-2.49;2015-06-24;True;False;;2026-09-03
LU0841166456;BGF Asian Tiger Bond A3 EUR Hedged;BlackRock Global Funds - Asian Tiger Bond Fund A3 EUR Hedged;BlackRock (Luxembourg) SA;Fixed Income;Asia Fixed Income;RF Otros;EUR;Luxemburgo;4;;1.21;1;-0.59;1.18;4.91;-2.58;2012-10-24;True;False;;2026-09-03
LU0359002093;BGF Emerging Markets Lcl Ccy Bd A2 EUR H;BlackRock Global Funds - Emerging Markets Local Currency Bond Fund A2 EUR Hedged;BlackRock (Luxembourg) SA;Fixed Income;Emerging Markets Fixed Income;RF Otros;EUR;Luxemburgo;5;;1.27;1;2.37;6.57;5.1;0.5;2008-06-09;True;False;5000;2026-09-03
LU0456865749;BGF Euro Short Duration Bond A2 USD H;BlackRock Global Funds - Euro Short Duration Bond Fund A2 USD Hedged;BlackRock (Luxembourg) SA;Fixed Income;Europe Fixed Income;RF Otros;USD;Luxemburgo;3;;0.89;0.75;0.77;2.36;4.58;2.56;2010-01-21;True;False;5000;2026-09-03
LU0448387455;BGF Euro Short Duration Bond A4 GBP H;BlackRock Global Funds - Euro Short Duration Bond Fund A4 GBP Hedged;BlackRock (Luxembourg) SA;Fixed Income;Europe Fixed Income;RF Otros;GBP;Luxemburgo;3;;0.89;0.75;0.76;2.33;4.42;2.19;2009-10-26;True;False;;2026-09-03
LU0330917963;BGF US Dollar High Yield Bd A2 EUR H;BlackRock Global Funds - US Dollar High Yield Bond Fund A2 EUR Hedged;BlackRock (Luxembourg) SA;Fixed Income;US Fixed Income;RF Otros;EUR;Luxemburgo;4;;1.46;1.25;0.47;2.29;5.6;1.16;2007-12-17;True;False;5000;2026-09-03
LU0839485744;BGF US Dollar Short Duration Bd A2 EUR H;BlackRock Global Funds - US Dollar Short Duration Bond Fund A2 EUR Hedged;BlackRock (Luxembourg) SA;Fixed Income;US Fixed Income;RF Otros;EUR;Luxemburgo;3;;0.89;0.75;-0.3;0.6;2.58;-0.06;2012-11-07;True;False;;2026-09-03
IE00BKZGY116;Barings EM Local Debt E EUR Acc;Barings Emerging Markets Local Debt Fund E EUR Accumulating Shares;Baring International Fund Mgrs (Ireland) Limited;Fixed Income;Emerging Markets Fixed Income;RF Otros;EUR;Irlanda;5;;1.35;1.2;1.93;7.19;5.95;0.51;2015-04-10;True;False;1000;2026-09-03
LU0241882488;BlueBay High Yield ESG Bond R USD;BlueBay Funds - BlueBay High Yield ESG Bond Fund R - USD;BlueBay Funds Management Company S.A.;Fixed Income;Europe Fixed Income;RF Otros;USD;Luxemburgo;3;;1.41;1.25;2.08;3.8;7.99;4.11;2006-04-10;True;False;0;2026-09-03
LU0241884856;BlueBay Investment Grade Bd R USD;BlueBay Funds - BlueBay Investment Grade Bond Fund R - USD;BlueBay Funds Management Company S.A.;Fixed Income;Europe Fixed Income;RF Otros;USD;Luxemburgo;3;;0.91;0.75;0.41;1.69;5.97;1.44;2007-03-26;True;False;0;2026-09-03
FR0010832469;CPR Focus Inflation P;CPR Focus Inflation P;CPR Asset Management;Fixed Income;Fixed Income Miscellaneous;RF Otros;EUR;Francia;3;;;1.2;3.9;2.19;2.02;3.52;2009-12-23;True;False;1;2026-09-03
LU2098772366;Candriam Bonds Credit Alpha C EUR;Candriam Bonds Credit Alpha C EUR;Candriam;Fixed Income;Long/Short Credit;RF Otros;EUR;Luxemburgo;6;;1.31;1.2;1.16;1.49;3.61;3.59;2021-02-04;True;False;0;2026-09-03
LU2530434401;Capital Group MSI LUX Bdh-EUR;Capital Group Multi-Sector Income Fund LUX Bdh-EUR;Capital International Management Company Sàrl;Fixed Income;US Fixed Income;RF Otros;EUR;Luxemburgo;4;;1.1;1;-0.62;0.35;4.47;;2022-11-29;True;False;;2026-09-03
LU2530433932;Capital Group MSI LUX Bh-EUR;Capital Group Multi-Sector Income Fund LUX Bh-EUR;Capital International Management Company Sàrl;Fixed Income;US Fixed Income;RF Otros;EUR;Luxemburgo;4;;1.1;1;-0.59;0.48;4.49;;2022-11-29;True;False;;2026-09-03
LU2178557489;Capital Group USCrpBd LUX Bh-EUR;Capital Group US Corporate Bond Fund LUX Bh-EUR;Capital International Management Company Sàrl;Fixed Income;US Fixed Income;RF Otros;EUR;Luxemburgo;4;;0.9;0.8;-2.61;-1.6;1.85;-3.24;2020-06-12;True;False;0;2026-09-03
LU0807689749;Carmignac Pf Flexible Bond A USD Acc H;Carmignac Pf Flexible Bond A USD Acc Hdg;Carmignac Gestion Luxembourg S.A.;Fixed Income;Europe Fixed Income;RF Otros;USD;Luxemburgo;3;;1.2;1;3.02;3.4;6.69;2.79;2012-07-19;True;False;0;2026-09-03
LU1299306834;Carmignac Pf Sécurité AW USD AccH;Carmignac Portfolio Sécurité AW USD Acc Hedged;Carmignac Gestion Luxembourg S.A.;Fixed Income;Europe Fixed Income;RF Otros;USD;Luxemburgo;3;;1.2;1;1.25;2.05;5.18;3;2015-11-19;True;False;0;2026-09-03
LU0621411155;Fidelity European Hi Yld A-Acc-USD H;Fidelity Funds - European High Yield Fund A-Acc-USD (hedged);FIL Investment Management (Luxembourg) S.à r.l.;Fixed Income;Europe Fixed Income;RF Otros;USD;Luxemburgo;3;;;1;2.78;3.92;8.53;4.1;2011-05-18;True;False;2500;2026-09-03
LU0337581549;Fidelity US High Yield A-Acc-EUR H;Fidelity Funds - US High Yield Fund A-Acc-EUR (hedged);FIL Investment Management (Luxembourg) S.à r.l.;Fixed Income;US Fixed Income;RF Otros;EUR;Luxemburgo;4;;;1;1.73;3.73;5.34;1.33;2011-05-18;True;False;;2026-09-03
LU0889566484;Franklin Strategic Income A(Mdis)EUR-H1;Franklin Strategic Income Fund A(Mdis)EUR-H1;Franklin Templeton International Services S.à r.l.;Fixed Income;US Fixed Income;RF Otros;EUR;Luxemburgo;3;;1.35;1.25;-0.97;0.18;3;-1.1;2013-02-26;True;False;1000;2026-09-03
LU0592650674;Franklin Strategic Income A(acc)EUR-H1;Franklin Strategic Income Fund A(acc)EUR-H1;Franklin Templeton International Services S.à r.l.;Fixed Income;US Fixed Income;RF Otros;EUR;Luxemburgo;4;;1.35;1.25;-0.78;0.26;3.07;-1.04;2011-03-18;True;False;1000;2026-09-03
LU1446800812;Franklin US Government A(acc)EUR-H1;Franklin U.S. Government Fund A(acc)EUR-H1;Franklin Templeton International Services S.à r.l.;Fixed Income;US Fixed Income;RF Otros;EUR;Luxemburgo;3;;1.01;0.7;-1.9;-0.6;1.32;-2.61;2016-07-29;True;False;;2026-09-03
LU1446800903;Franklin US Low Duration A(acc)EUR-H1;Franklin U.S. Low Duration Fund A(acc)EUR-H1;Franklin Templeton International Services S.à r.l.;Fixed Income;US Fixed Income;RF Otros;EUR;Luxemburgo;3;;0.7;0.5;-0.1;0.52;2.46;-0.12;2016-07-29;True;False;;2026-09-03
IE00B560QG61;GAM Star Credit Opps (USD) Ord USD Acc;GAM Star Fund plc - GAM Star Credit Opportunities (USD) Class Ordinary USD Accumulation;GAM Fund Management Limited;Fixed Income;Fixed Income Miscellaneous;RF Otros;USD;Irlanda;3;;;1.35;1.48;3.01;8.34;2.57;2011-07-19;True;False;10000;2026-09-03
IE00BQZHS253;GAM Star Income Ord EURH Acc;GAM Star Fund plc - GAM Star Income Class Ordinary Hedged EUR Accumulation Hedged;GAM Fund Management Limited;Fixed Income;US Fixed Income;RF Otros;EUR;Irlanda;4;;;1.3;1.41;2.47;3.95;1.45;2014-09-30;True;False;10000;2026-09-03
LU1835818565;GS AAA ABS-X Cap EUR;Goldman Sachs AAA ABS - X Cap EUR;Goldman Sachs Asset Management B.V.;Fixed Income;Fixed Income Miscellaneous;RF Otros;EUR;Luxemburgo;2;;;0.6;1.52;2.22;3.31;;2022-05-20;True;False;;2026-09-03
LU0108415935;JPM Global High Yield Bd A acc EUR Hdg;JPMorgan Investment Funds - Global High Yield Bond Fund A (acc) EUR (hedged);JPMorgan Asset Management (Europe) S.à r.l.;Fixed Income;US Fixed Income;RF Otros;EUR;Luxemburgo;4;;1.06;0.85;0.78;2.37;6.1;1.6;2000-03-24;True;False;35000;2026-09-03
LU0115103029;JPM Global High Yield Bd D acc EUR Hdg;JPMorgan Investment Funds - Global High Yield Bond Fund D (acc) EUR (hedged);JPMorgan Asset Management (Europe) S.à r.l.;Fixed Income;US Fixed Income;RF Otros;EUR;Luxemburgo;4;;1.44;0.85;0.52;1.98;5.69;1.21;2001-04-18;True;False;5000;2026-09-03
LU1041599587;JPM Income A acc EUR Hdg;JPMorgan Funds - Income Fund A (acc) EUR (hedged);JPMorgan Asset Management (Europe) S.à r.l.;Fixed Income;US Fixed Income;RF Otros;EUR;Luxemburgo;3;;1.17;1;0.34;0.91;3.85;-0.14;2014-06-16;True;False;35000;2026-09-03
LU1041599744;JPM Income A div EUR Hdg;JPMorgan Funds - Income Fund A (div) EUR (hedged);JPMorgan Asset Management (Europe) S.à r.l.;Fixed Income;US Fixed Income;RF Otros;EUR;Luxemburgo;3;;1.17;1;0.33;0.91;3.85;-0.13;2014-06-16;True;False;35000;2026-09-03
LU0289470113;JPM Income Opp A perf acc EUR Hdg;JPMorgan Investment Funds - Income Opportunity Fund A (perf) (acc) EUR (hedged);JPMorgan Asset Management (Europe) S.à r.l.;Fixed Income;US Fixed Income;RF Otros;EUR;Luxemburgo;3;;1.2;1;0.89;1.15;2.24;1.16;2007-07-19;True;False;35000;2026-09-03
LU0289473059;JPM Income Opp D perf acc EUR Hdg;JPMorgan Investment Funds - Income Opportunity Fund D (perf) (acc) EUR (hedged);JPMorgan Asset Management (Europe) S.à r.l.;Fixed Income;US Fixed Income;RF Otros;EUR;Luxemburgo;3;;1.45;1;0.72;0.9;1.98;0.9;2007-07-19;True;False;5000;2026-09-03
LU0679000579;JPM US Aggregate Bond A acc EUR Hdg;JPMorgan Funds - US Aggregate Bond Fund A (acc) - EUR (hedged);JPMorgan Asset Management (Europe) S.à r.l.;Fixed Income;US Fixed Income;RF Otros;EUR;Luxemburgo;4;;1.09;0.9;-2.41;-0.95;1.54;-2.77;2011-10-03;True;False;35000;2026-09-03
LU0549623634;JPM US Aggregate Bond D acc EUR Hdg;JPMorgan Funds - US Aggregate Bond Fund D (acc) - EUR (hedged);JPMorgan Asset Management (Europe) S.à r.l.;Fixed Income;US Fixed Income;RF Otros;EUR;Luxemburgo;4;;1.35;0.9;-2.58;-1.21;1.28;-3.02;2010-11-02;True;False;5000;2026-09-03
LU0562247691;JPM US Short Duration Bond A acc EUR H;JPMorgan Funds - US Short Duration Bond Fund A (acc) - EUR (hedged);JPMorgan Asset Management (Europe) S.à r.l.;Fixed Income;US Fixed Income;RF Otros;EUR;Luxemburgo;2;;0.8;0.6;-0.36;0.35;2.41;0.15;2011-03-15;True;False;35000;2026-09-03
LU0562248152;JPM US Short Duration Bond D acc EUR H;JPMorgan Funds - US Short Duration Bond Fund D (acc) - EUR (hedged);JPMorgan Asset Management (Europe) S.à r.l.;Fixed Income;US Fixed Income;RF Otros;EUR;Luxemburgo;2;;1.1;0.6;-0.56;0.05;2.1;-0.15;2011-03-15;True;False;5000;2026-09-03
IE00BLK24558;Janus Henderson Mlt-Sect Inc A2 HEUR;Janus Henderson Capital Funds plc - Multi-Sector Income Fund Class A2 HEUR;Janus Henderson Investors;Fixed Income;US Fixed Income;RF Otros;EUR;Irlanda;3;;1.35;0.7;-0.33;1.19;4.48;-0.23;2020-03-18;True;False;2500;2026-09-03
LU0117369479;Lemanik SICAV Actv S/T Crdt Cap Ret EURA;Lemanik SICAV - Active Short Term Credit Capitalisation Retail EUR A;Lemanik Invest S.A.;Fixed Income;Fixed Income Miscellaneous;RF Otros;EUR;Luxemburgo;3;;;1.25;0.71;1;3.22;2.18;2001-11-16;True;False;0;2026-09-03
IE00BYP0Y993;Lord Abbett Short Dur Inc A EUR H Acc;Lord Abbett Short Duration Income Fund Class A EUR Hedged Accumulating;Lord Abbett (Ireland) Ltd;Fixed Income;US Fixed Income;RF Otros;EUR;Irlanda;2;;1.07;1;0;0.88;2.78;0.16;2016-02-01;True;False;2500;2026-09-03
LU1670630042;M&G (Lux) Euro Corp Bd A H USD Acc;M&G (Lux) Euro Corporate Bond Fund USD A-H Acc;M&G Luxembourg S.A.;Fixed Income;Europe Fixed Income;RF Otros;USD;Luxemburgo;3;;0.62;0.4;0.52;2.02;5.64;1.5;2018-11-09;True;False;1000;2026-09-03
LU1964705062;MFS Meridian US Government Bond AH1 EUR;MFS Meridian Funds - U.S. Government Bond AH1 EUR;MFS Investment Management Company (Lux) S.à.r.l;Fixed Income;US Fixed Income;RF Otros;EUR;Luxemburgo;4;;0.98;0.5;-2.3;-1.45;1;-3.22;2019-04-17;True;False;0;2026-09-03
LU1832969650;MS INVF Euro Corporate Bd - Dur Hgd A;Morgan Stanley Investment Funds - Euro Corporate Bond - Duration Hedged Fund A;MSIM Fund Management (Ireland) Limited;Fixed Income;Fixed Income Miscellaneous;RF Otros;EUR;Luxemburgo;3;;1.04;0.8;1.46;2.78;5.77;3.41;2018-07-06;True;False;0;2026-09-03
LU2240476734;Moneda Latam Corporate Crdt A;Moneda Luxembourg SICAV - Latam Corporate Credit Fund A;Moneda S.A. Administradora General de Fondos.;Fixed Income;Latin America Fixed Income;RF Otros;USD;Luxemburgo;4;;;1.5;3.96;5.38;8.72;3.44;2021-04-30;True;False;;2026-09-03
IE0032860565;Muzinich Americayield HEUR Acc R;Muzinich Americayield Fund Hedged Euro Accumulation R Units;Muzinich & Co. (Ireland) Limited;Fixed Income;US Fixed Income;RF Otros;EUR;Irlanda;4;;;1.5;0.7;1.84;4.62;0.28;2003-03-19;True;False;1000;2026-09-03
IE00B3MB7B14;Muzinich ShortDurationHY HEUR Acc R;Muzinich ShortDurationHighYield Fund Hedged Euro Accumulation R Units;Muzinich & Co. (Ireland) Limited;Fixed Income;US Fixed Income;RF Otros;EUR;Irlanda;3;;;1.1;1.27;2.58;3.88;1.43;2010-10-12;True;False;1000;2026-09-03
IE00B7FN4G61;Neuberger ShrtDurHYEggm €AAcc;Neuberger Short Duration High Yield Engagement Fund EUR A Acc Class;Neuberger Berman Asset Management Ireland Limited;Fixed Income;US Fixed Income;RF Otros;EUR;Irlanda;4;;1.32;1.2;0.76;2.07;4.5;1.94;2011-12-20;True;False;1000;2026-09-03
LU0492942718;Ninety One GSF Lat Am Corp Dbt A Acc USD;Ninety One Global Strategy Fund - Latin American Corporate Debt Fund A Acc USD;Ninety One Luxembourg S.A.;Fixed Income;Latin America Fixed Income;RF Otros;USD;Luxemburgo;3;;;1.5;2.43;4.33;7.5;2.86;2010-04-30;True;False;3000;2026-09-03
IE00B78CQ196;Nomura Fds US High Yield Bond A EUR H;Nomura Funds Ireland plc - US High Yield Bond Fund Class A EUR Hedged;Nomura Asset Management U.K. Limited;Fixed Income;US Fixed Income;RF Otros;EUR;Irlanda;4;;1.14;1;0.75;2.32;5.59;1.56;2012-04-10;True;False;5000;2026-09-03
LU1818765064;Nordea 1 - Low Dur Eurp Cov Bd HB USD;Nordea 1 - Low Duration European Covered Bond Fund HB USD;Nordea Investment Funds SA;Fixed Income;Europe Fixed Income;RF Otros;USD;Luxemburgo;2;;0.72;0.5;1.28;3.39;5.24;3.51;2018-05-29;True;False;;2026-09-03
LU0458980595;Nordea 1 - US Corporate Bond HB EUR;Nordea 1 - US Corporate Bond Fund HB EUR;Nordea Investment Funds SA;Fixed Income;US Fixed Income;RF Otros;EUR;Luxemburgo;4;;1.03;0.7;-2.17;-0.23;2.6;-2.84;2010-02-12;True;False;0;2026-09-03
IE00BFRSV973;PIMCO GIS Capital Scs E EURH Acc;PIMCO GIS Capital Securities Fund E Class EUR (Hedged) Accumulation;PIMCO Global Advisors (Ireland) Limited;Fixed Income;Fixed Income Miscellaneous;RF Otros;EUR;Irlanda;4;;;1.69;0.14;2.34;7.54;0.82;2013-10-28;True;False;;2026-09-03
IE00BFRSV866;PIMCO GIS Capital Scs E USD Acc;PIMCO GIS Capital Securities Fund E Class USD Accumulation;PIMCO Global Advisors (Ireland) Limited;Fixed Income;Fixed Income Miscellaneous;RF Otros;USD;Irlanda;4;;;1.69;1.3;4.36;9.5;2.73;2013-10-28;True;False;1000;2026-09-03
IE00B95G9K86;PIMCO GIS Credit Opps Bd E EUR H Acc;PIMCO GIS Credit Opportunities Bond Fund E Class EUR (Hedged) Accumulation;PIMCO Global Advisors (Ireland) Limited;Fixed Income;US Fixed Income;RF Otros;EUR;Irlanda;3;;;2.5;-2.39;-0.99;3.59;0.82;2012-12-21;True;False;;2026-09-03
IE00B283G405;PIMCO GIS Low Avrg Dur E EURH Acc;PIMCO GIS Low Average Duration Fund E Class EUR (Hedged) Accumulation;PIMCO Global Advisors (Ireland) Limited;Fixed Income;US Fixed Income;RF Otros;EUR;Irlanda;2;;;2.5;-0.95;-0.48;1.91;-0.75;2009-07-24;True;False;;2026-09-03
IE00BDT57Y96;PIMCO GIS Low Dur Inc E EUR Hdg Acc;PIMCO GIS Low Duration Income Fund E Class EUR (Hedged) Accumulation;PIMCO Global Advisors (Ireland) Limited;Fixed Income;US Fixed Income;RF Otros;EUR;Irlanda;3;;;2.5;0.09;1.74;4.31;1.58;2018-05-31;True;False;;2026-09-03
IE00B11XZB05;PIMCO GIS Ttl Ret Bd E EURH Acc;PIMCO GIS Total Return Bond Fund E Class EUR (Hedged) Accumulation;PIMCO Global Advisors (Ireland) Limited;Fixed Income;US Fixed Income;RF Otros;EUR;Irlanda;4;;;2.5;-2.03;-0.22;2.57;-2.84;2006-03-31;True;False;;2026-09-03
IE00B11XZ764;PIMCO GIS US Hi Yld Bd E EURH Acc;PIMCO GIS US High Yield Bond Fund E Class EUR (Hedged) Accumulation;PIMCO Global Advisors (Ireland) Limited;Fixed Income;US Fixed Income;RF Otros;EUR;Irlanda;4;;;2.5;-0.21;1.42;5.16;0.63;2006-03-31;True;False;;2026-09-03
IE00BDB4ZH30;PIMCO GIS US S/T E EUR Hedged Acc;PIMCO GIS US Short-Term Fund E Class EUR (Hedged) Accumulation;PIMCO Global Advisors (Ireland) Limited;Fixed Income;US Fixed Income;RF Otros;EUR;Irlanda;2;;;1.15;1.52;2.11;3.02;1.59;2016-06-08;True;False;;2026-09-03
LU1608101579;Pareto Nordic Corporate Bond A EUR;Pareto Nordic Corporate Bond A EUR;Pareto Asset Management AS;Fixed Income;Europe Fixed Income;RF Otros;EUR;Luxemburgo;4;;;1;3.29;4.72;6.42;4.52;2017-06-07;True;False;0;2026-09-03
LU0954603725;Pictet-EUR Short Term Corp Bds HR USD;Pictet-EUR Short Term Corporate Bonds HR USD;Pictet Asset Management (Europe) SA;Fixed Income;Europe Fixed Income;RF Otros;USD;Luxemburgo;3;;1;1.25;1.49;2.92;5.57;2.61;2013-11-25;True;False;0;2026-09-03
LU0736302232;Pictet-EUR Short Term High Yield HP USD;Pictet-EUR Short Term High Yield HP USD;Pictet Asset Management (Europe) SA;Fixed Income;Europe Fixed Income;RF Otros;USD;Luxemburgo;3;;1.22;1.6;2.71;4.41;6.95;4.56;2012-01-30;True;False;0;2026-09-03
LU0340553949;Pictet-Emerging Local Ccy Dbt HP EUR;Pictet-Emerging Local Currency Debt HP EUR;Pictet Asset Management (Europe) SA;Fixed Income;Emerging Markets Fixed Income;RF Otros;EUR;Luxemburgo;4;;1.58;2.1;-0.64;3.94;4.97;0.18;2008-01-23;True;False;0;2026-09-03
LU0340554327;Pictet-Emerging Local Ccy Dbt HR EUR;Pictet-Emerging Local Currency Debt HR EUR;Pictet Asset Management (Europe) SA;Fixed Income;Emerging Markets Fixed Income;RF Otros;EUR;Luxemburgo;4;;1.98;3;-0.92;3.51;4.54;-0.23;2008-01-23;True;False;0;2026-09-03
LU2166021886;Pictet-USD Government Bonds HP EUR;Pictet-USD Government Bonds HP EUR;Pictet Asset Management (Europe) SA;Fixed Income;US Fixed Income;RF Otros;EUR;Luxemburgo;4;;0.63;0.6;-2.23;-1.11;0.7;-3.37;2020-05-04;True;False;0;2026-09-03
LU1256216356;Pictet-USD Government Bonds HP dy EUR;Pictet-USD Government Bonds HP dy EUR;Pictet Asset Management (Europe) SA;Fixed Income;US Fixed Income;RF Otros;EUR;Luxemburgo;4;;0.63;0.6;-2.22;-1.11;0.7;-3.37;2015-07-06;True;False;0;2026-09-03
IE0032590923;Principal Preferred Secs A Acc USD;Principal Global Investors Funds - Preferred Securities Fund A Acc USD;Principal Global Investors (Ireland) Ltd;Fixed Income;Fixed Income Miscellaneous;RF Otros;USD;Irlanda;3;;1.07;2;0.92;3.35;7.36;2.49;2012-03-27;True;False;100000;2026-09-03
IE00B00Z9M92;Principal Preferred Secs A Hdg Acc EUR;Principal Global Investors Funds - Preferred Securities Fund A Hedged Acc EUR;Principal Global Investors (Ireland) Ltd;Fixed Income;Fixed Income Miscellaneous;RF Otros;EUR;Irlanda;3;;;2;-0.21;1.44;5.39;0.56;2003-04-22;True;False;100000;2026-09-03
LU1025004406;Robeco Financial Institutions Bds DH $;Robeco Financial Institutions Bonds DH $;Robeco Institutional Asset Management BV;Fixed Income;Europe Fixed Income;RF Otros;USD;Luxemburgo;3;;1.02;0.8;1.33;3.22;8.2;3.27;2014-02-04;True;False;0;2026-09-03
IE000K7H1E84;Royal London Abs Ret Govt Bd W EUR H Acc;Royal London Absolute Return Government Bond Fund Class W EUR Hedged Acc;Royal London Asset Management Ltd;Fixed Income;Sterling Fixed Income;RF Otros;EUR;Irlanda;;;0.75;0.75;1.05;2.19;;;2025-04-08;True;False;1000;2026-09-03
LU0428345051;Schroder ISF EURO Corp Bd A Acc USD H;Schroder International Selection Fund EURO Corporate Bond A Accumulation USD Hedged;Schroder Investment Management (Europe) S.A.;Fixed Income;Europe Fixed Income;RF Otros;USD;Luxemburgo;3;;1.07;0.75;0.85;2.63;6.69;1.5;2009-05-22;True;False;1000;2026-09-03
LU0291343597;Schroder ISF US Dllr Bd A Acc EUR H;Schroder International Selection Fund US Dollar Bond A Accumulation EUR Hedged;Schroder Investment Management (Europe) S.A.;Fixed Income;US Fixed Income;RF Otros;EUR;Luxemburgo;4;;;0.75;-1.97;0.04;2.11;-3.06;2007-04-13;True;False;1000;2026-09-03
LU0352160062;UBAM Medium Term US Corporate Bd AHC EUR;UBAM - Medium Term US Corporate Bond AHC EUR;UBP Asset Management (Europe) S.A.;Fixed Income;US Fixed Income;RF Otros;EUR;Luxemburgo;4;;0.94;0.5;-1.89;-0.87;3.26;-0.9;2011-12-02;True;False;0;2026-09-03
LU1254412460;abrdn-Indian Bond A Acc EUR;abrdn SICAV I - Indian Bond Fund A Acc EUR;abrdn Investments Luxembourg S.A.;Fixed Income;Fixed Income Miscellaneous;RF Otros;EUR;Luxemburgo;4;;;1;-2.99;-4.44;-2.21;-0.95;2015-09-01;True;False;;2026-09-03
LU1650570317;abrdn-Indian Bond A Acc H EUR;abrdn SICAV I - Indian Bond Fund A Acc Hedged EUR;abrdn Investments Luxembourg S.A.;Fixed Income;Fixed Income Miscellaneous;RF Otros;EUR;Luxemburgo;4;;;1;-5.58;-6.77;-1.98;-3.36;2017-08-18;True;False;1000;2026-09-03
LU2628679511;abrdn-Short Dtd Enh Inc A Acc Hdg EUR;abrdn SICAV I - Short Dated Enhanced Income Fund A Acc Hedged EUR;abrdn Investments Luxembourg S.A.;Fixed Income;US Fixed Income;RF Otros;EUR;Luxemburgo;2;;;0.5;0.6;1.53;3.72;;2023-07-06;True;False;500;2026-09-03
LU1646952983;abrdn-US Dollar Credit Sust Bd AAccHCAD;abrdn SICAV I - US Dollar Credit Sustainable Bond Fund A Acc Hedged CAD;abrdn Investments Luxembourg S.A.;Fixed Income;US Fixed Income;RF Otros;CAD;Luxemburgo;4;;;0.8;-2.61;-0.5;2.8;-1.82;2018-02-23;True;False;1000;2026-09-03
LU1164802040;Pictet-Chinese Local Currency Debt R EUR;Pictet-Chinese Local Currency Debt R EUR;Pictet Asset Management (Europe) SA;Fixed Income;Asia Fixed Income;RF RMB Local;EUR;Luxemburgo;4;2;1.75;3;6.88;8.47;2.94;1.74;2015-03-03;True;False;0;2026-09-03
LU1717043670;UBS (Lux) BS China Fxd Inc ¥ USD P acc;UBS (Lux) Bond SICAV - China Fixed Income (RMB) USD P-acc;UBS Asset Management (Europe) S.A.;Fixed Income;Asia Fixed Income;RF RMB Local;USD;Luxemburgo;3;2;1.22;0.92;5.59;7.72;5.59;1.96;2018-03-14;True;False;0;2026-09-03
LU1882441816;Amundi Fds US S/T Bond A2 EUR C;Amundi Funds - US Short Term Bond A2 EUR (C);Amundi Luxembourg S.A.;Fixed Income;US Fixed Income;RF Ultra Corto Plazo - USD;EUR;Luxemburgo;4;4;0.72;0.5;3.57;4.91;2.61;4.38;2000-12-18;True;False;1;2026-09-03
LU1882441907;Amundi Fds US S/T Bond A2 USD C;Amundi Funds - US Short Term Bond A2 USD (C);Amundi Luxembourg S.A.;Fixed Income;US Fixed Income;RF Ultra Corto Plazo - USD;USD;Luxemburgo;2;4;0.73;0.5;2.31;3.82;5.07;3.91;2002-05-02;True;False;0;2026-09-03
LU1546474658;DWS USD Floating Rate Notes LC;DWS USD Floating Rate Notes LC;DWS Investment S.A.;Fixed Income;US Fixed Income;RF Ultra Corto Plazo - USD;USD;Luxemburgo;2;5;0.35;0.6;2.66;4.2;5.25;4.18;2017-02-06;True;False;0;2026-09-03
LU0041580167;DWS USD Floating Rate Notes LD;DWS USD Floating Rate Notes LD;DWS Investment S.A.;Fixed Income;US Fixed Income;RF Ultra Corto Plazo - USD;USD;Luxemburgo;2;5;0.35;0.6;2.66;4.2;5.25;4.18;1992-11-10;True;False;0;2026-09-03
LU0028121183;Invesco USD Ultra-S/T Dbt A Acc USD;Invesco Funds - Invesco USD Ultra-Short Term Debt Fund A Accumulation USD;Invesco Management S.A.;Fixed Income;US Fixed Income;RF Ultra Corto Plazo - USD;USD;Luxemburgo;2;3;;0.25;2.27;3.75;4.88;3.66;1991-01-02;True;False;1500;2026-09-03
LU0513027705;JPM Managed Reserves A acc USD;JPMorgan Funds - Managed Reserves Fund A (acc) USD;JPMorgan Asset Management (Europe) S.à r.l.;Fixed Income;US Fixed Income;RF Ultra Corto Plazo - USD;USD;Luxemburgo;2;2;0.6;0.4;2;3.38;4.44;3.26;2010-06-10;True;False;35000;2026-09-03
IE00BMTRX064;PIMCO GIS US S/T E USD Acc;PIMCO GIS US Short-Term Fund E Class USD Accumulation;PIMCO Global Advisors (Ireland) Limited;Fixed Income;US Fixed Income;RF Ultra Corto Plazo - USD;USD;Irlanda;2;3;;1.15;2.66;4.04;4.86;3.42;2014-06-30;True;False;1000;2026-09-03
IE00BMTRWZ44;PIMCO GIS US S/T Investor USD Acc;PIMCO GIS US Short-Term Fund Investor USD Accumulation;PIMCO Global Advisors (Ireland) Limited;Fixed Income;US Fixed Income;RF Ultra Corto Plazo - USD;USD;Irlanda;2;3;;0.45;2.73;4.1;4.92;3.49;2014-06-30;True;False;1000000;2026-09-03
LU1089088741;Allianz Floating Rt Notes+VarZn AT EUR;Allianz Global Investors Fund - Allianz Floating Rate Notes Plus VarioZins AT EUR;Allianz Global Investors GmbH;Fixed Income;Europe Fixed Income;RF Ultra Corto Plazo EUR;EUR;Luxemburgo;1;3;0.5;0.45;1.26;1.86;2.92;2.07;2016-08-11;True;False;0;2026-09-03
FR0010829697;Amundi Enhan Ult Sht Trm Bd Select P-C;Amundi Enhanced Ultra Short Term Bond Select P-C;Amundi Asset Management;Fixed Income;Europe Fixed Income;RF Ultra Corto Plazo EUR;EUR;Francia;2;3;;0.7;1.12;1.82;3.2;2.15;2010-01-21;True;False;1;2026-09-03
LU1838941372;Candriam Bds Floating Rt Nts C EUR Acc;Candriam Bonds Floating Rate Notes C EUR Cap;Candriam;Fixed Income;Europe Fixed Income;RF Ultra Corto Plazo EUR;EUR;Luxemburgo;2;3;0.66;0.5;1.44;2.12;3.01;2.02;2018-09-03;True;False;0;2026-09-03
LU0034353002;DWS Floating Rate Notes LC;DWS Floating Rate Notes LC;DWS Investment S.A.;Fixed Income;Europe Fixed Income;RF Ultra Corto Plazo EUR;EUR;Luxemburgo;1;4;0.25;0.6;1.65;2.49;3.48;2.42;1991-07-15;True;False;0;2026-09-03
LU1122765560;DWS Floating Rate Notes LD;DWS Floating Rate Notes LD;DWS Investment S.A.;Fixed Income;Europe Fixed Income;RF Ultra Corto Plazo EUR;EUR;Luxemburgo;1;4;0.25;0.6;1.66;2.49;3.48;2.42;2014-12-01;True;False;0;2026-09-03
LU1965927921;DWS Invest ESG Fltng Rt Nots LC;DWS Invest ESG Floating Rate Notes LC;DWS Investment S.A.;Fixed Income;Europe Fixed Income;RF Ultra Corto Plazo EUR;EUR;Luxemburgo;1;4;0.24;0.18;1.62;2.42;3.46;2.34;2019-04-05;True;False;0;2026-09-03
FI0008804463;Evli Euro Liquidity B;Evli Euro Liquidity B;Evli-Rahastoyhtiö Oy;Fixed Income;Europe Fixed Income;RF Ultra Corto Plazo EUR;EUR;Finlandia;2;5;;0.3;1.44;2.22;3.58;2.53;1996-01-31;True;False;1000;2026-09-03
LU1345485095;Fidelity Euro Ultr Shrt Dur A-Acc- €;Fidelity Funds - Euro Ultra Short Duration A-Acc-EUR;FIL Investment Management (Luxembourg) S.à r.l.;Fixed Income;Europe Fixed Income;RF Ultra Corto Plazo EUR;EUR;Luxemburgo;2;;0.41;1.5;;;;;2016-02-16;True;False;;2026-09-03
FR0013346079;Groupama Ultra Short Term NC;Groupama Ultra Short Term NC;Groupama Asset Management;Fixed Income;Europe Fixed Income;RF Ultra Corto Plazo EUR;EUR;Francia;1;4;;0.43;1.39;2.01;3.12;2.21;2019-01-18;True;False;1;2026-09-03
FR001400CFA4;Ostrum Credit Ultr Shrt Pls R/C(EUR);Ostrum Credit Ultra Short Plus R/C (EUR);Natixis Investment Managers International;Fixed Income;Europe Fixed Income;RF Ultra Corto Plazo EUR;EUR;Francia;2;4;;0.45;1.67;2.55;3.49;;2023-02-23;True;False;1;2026-09-03
FR0013231453;Ostrum Credit Ultra Shrt Pls I-C EUR;Ostrum Credit Ultra Short Plus I-C EUR;Natixis Investment Managers International;Fixed Income;Europe Fixed Income;RF Ultra Corto Plazo EUR;EUR;Francia;2;5;;0.4;1.75;2.69;3.59;2.77;2017-01-24;True;False;100000;2026-09-03
LU0086913042;BNP Paribas Europe Convertible C Cap;BNP Paribas Funds Europe Convertible Classic Capitalisation;BNP Paribas Asset Management Luxembourg;Hybrid Securities;Convertibles;RF Convertibles Europa;EUR;Luxemburgo;4;3;;1.2;5.88;6.82;9.64;2.14;1998-05-07;True;False;0;2026-09-03
LU0107087537;BNP Paribas Europe Convertible N Dis;BNP Paribas Funds Europe Convertible N Distribution;BNP Paribas Asset Management Luxembourg;Hybrid Securities;Convertibles;RF Convertibles Europa;EUR;Luxemburgo;4;2;;1.2;5.45;6.18;8.98;1.53;2000-03-22;True;False;0;2026-09-03
FR0010858498;Lazard Convertible Global RC EUR;Lazard Convertible Global RC EUR;Lazard Frères Gestion;Hybrid Securities;Convertibles;RF Convertibles Global;EUR;Francia;4;2;1.54;1.64;7.29;8.98;4.74;-0.03;2010-03-01;True;False;1;2026-09-03
FR0013398914;Lazard Convertible Global RD EUR;Lazard Convertible Global RD EUR;Lazard Frères Gestion;Hybrid Securities;Convertibles;RF Convertibles Global;EUR;Francia;4;1;1.53;1.64;7.28;8.96;4.73;-0.04;2019-02-06;True;False;1;2026-09-03
LU1670708335;M&G (Lux) Glb Cnvrts A EUR Acc;M&G (Lux) Global Convertibles Fund EUR A Acc;M&G Luxembourg S.A.;Hybrid Securities;Convertibles;RF Convertibles Global;EUR;Luxemburgo;4;3;1.71;1.5;16.43;21.71;12.31;4.82;2018-11-09;True;False;1000;2026-09-03
LU0823394852;BNP Paribas Glbl Cnvrt Cl RH EUR C;BNP Paribas Funds Global Convertible Classic RH EUR Capitalisation;BNP Paribas Asset Management Luxembourg;Hybrid Securities;Convertibles;RF Convertibles Global - EUR Cubierto;EUR;Luxemburgo;5;4;;1.2;12.89;19.74;11.58;2.56;2013-05-17;True;False;0;2026-09-03
FR0013268356;Lazard Convertible Global RC H-EUR;Lazard Convertible Global RC H-EUR;Lazard Frères Gestion;Hybrid Securities;Convertibles;RF Convertibles Global - EUR Cubierto;EUR;Francia;4;1;1.59;1.69;5.05;6.72;5.53;-1.21;2017-07-24;True;False;1;2026-09-03
LU1670708509;M&G (Lux) Glb Cnvrts A H EUR Acc;M&G (Lux) Global Convertibles Fund EUR A-H Acc;M&G Luxembourg S.A.;Hybrid Securities;Convertibles;RF Convertibles Global - EUR Cubierto;EUR;Luxemburgo;4;4;1.73;1.5;13.69;19.09;12.71;3.25;2018-11-09;True;False;1000;2026-09-03
LU0823394779;BNP Paribas Glbl Cnvrt Cl C;BNP Paribas Funds Global Convertible Classic Capitalisation;BNP Paribas Asset Management Luxembourg;Hybrid Securities;Convertibles;RF Convertibles Global - USD Cubierto;USD;Luxemburgo;5;4;;1.2;14.48;22.29;13.75;4.64;2013-05-17;True;False;0;2026-09-03
ES0138954005;Bankinter Objetivo Enero 2027 B FI;Bankinter Objetivo Enero 2027 B FI;Bankinter Gestión de Activos SGIIC;Other;Capital Protected;Capital Protegido;EUR;España;;;0.36;0.35;0.94;1.45;;;2024-02-09;False;False;200000;2026-09-03
ES0138954039;Bankinter Objetivo Enero 2027 R FI;Bankinter Objetivo Enero 2027 R FI;Bankinter Gestión de Activos SGIIC;Other;Capital Protected;Capital Protegido;EUR;España;1;;0.6;0.59;0.78;1.21;2.21;1.41;1994-05-30;False;False;1;2026-09-03
ES0114024005;Bankinter Objetivo Europa 2027 FI;Bankinter Objetivo Europa 2027 FI;Bankinter Gestión de Activos SGIIC;Other;Capital Protected;Capital Protegido;EUR;España;3;;0.62;0.72;5.25;8.54;4.92;2.05;2012-01-27;False;False;500;2026-09-03
ES0113585006;Bankinter Objetivo Europa 2029 FI;Bankinter Objetivo Europa 2029 FI;Bankinter Gestión de Activos SGIIC;Other;Capital Protected;Capital Protegido;EUR;España;3;;0.52;0.56;4.44;7.85;8.47;5.12;2009-07-28;False;False;500;2026-09-03
IE00BMX0B961;Bankinter Protección 2 A EUR Acc;Bankinter Protección 2 Fund Class A EUR Accumulation;J.P. Morgan Mansart Management Ltd;Other;Capital Protected;Capital Protegido;EUR;Irlanda;3;;;0.51;2.05;4.09;2.87;0.15;2020-10-06;True;False;100;2026-09-03
FR0014004V01;Bankinter Top Protección Classic Cap;Bankinter Top Protección Classic Cap;BNP PARIBAS ASSET MANAGEMENT Europe;Other;Capital Protected;Capital Protegido;EUR;Francia;3;;;0.95;0.11;0.35;2.91;;2021-10-04;True;False;100;2026-09-03
ES0113063004;BK Euribor Rentas IV Garantizado FI;Bankinter Euribor Rentas IV Garantizado FI;Bankinter Gestión de Activos SGIIC;Other;Guaranteed;Garantizados;EUR;España;3;;0.42;0.3;0.73;1.15;2.82;0.26;2013-04-19;False;False;500;2026-09-03
ES0164950000;Bankinter España 2027 Garantizado FI;Bankinter España 2027 Garantizado FI;Bankinter Gestión de Activos SGIIC;Other;Guaranteed;Garantizados;EUR;España;3;;0.51;0.39;3.17;6.57;7.38;1.63;2009-10-09;False;False;500;2026-09-03
ES0156738009;Bankinter Euribor 2026 Garantizado FI;Bankinter Euribor 2026 Garantizado FI;Bankinter Gestión de Activos SGIIC;Other;Guaranteed;Garantizados;EUR;España;3;;0.52;0.4;1.34;1.82;2.84;0.23;2017-12-15;False;False;500;2026-09-03
ES0179392008;Bankinter Euribor 2027 Garantizado FI;Bankinter Euribor 2027 Garantizado FI;Bankinter Gestión de Activos SGIIC;Other;Guaranteed;Garantizados;EUR;España;3;;0.41;0.3;0.69;1.13;3.02;0.14;2013-03-15;False;False;500;2026-09-03
ES0156739007;Bankinter Ibex 2026 Plus Garantizado FI;Bankinter Ibex 2026 Plus Garantizado FI;Bankinter Gestión de Activos SGIIC;Other;Guaranteed;Garantizados;EUR;España;3;;0.52;0.4;1.7;3.13;5.42;0.89;2018-03-05;False;False;500;2026-09-03
ES0113815031;Bankinter Ibex 2026 Plus II Garant. FI;Bankinter Ibex 2026 Plus II Garantizado FI;Bankinter Gestión de Activos SGIIC;Other;Guaranteed;Garantizados;EUR;España;3;;0.41;0.3;1.91;4.01;5.47;1.01;2006-01-24;False;False;500;2026-09-03
ES0113983003;Bankinter Ibex 2028 Plus Garantizado FI;Bankinter Ibex 2028 Plus Garantizado FI;Bankinter Gestión de Activos SGIIC;Other;Guaranteed;Garantizados;EUR;España;3;;0;0.29;4.29;8.99;9.2;2.48;2011-02-21;False;False;500;2026-09-03
ES0130354006;Bankinter Ibex Rentas 2027 Gar. FI;Bankinter Ibex Rentas 2027 Garantizado FI;Bankinter Gestión de Activos SGIIC;Other;Guaranteed;Garantizados;EUR;España;3;;0.3;0.19;0.81;1.26;3.15;-0.54;2011-12-23;False;False;500;2026-09-03
ES0113584009;Bankinter Indice España 2027 Garantiz FI;Bankinter Indice España 2027 Garantizado FI;Bankinter Gestión de Activos SGIIC;Other;Guaranteed;Garantizados;EUR;España;3;;0.51;0.4;11.04;22.14;16.12;7.35;2008-09-22;False;False;500;2026-09-03
ES0164542005;Bankinter Media Europea 2026 Gar. FI;Bankinter Media Europea 2026 Garantizado FI;Bankinter Gestión de Activos SGIIC;Other;Guaranteed;Garantizados;EUR;España;3;;0.53;0.4;2.28;3.55;4.93;0.99;2010-04-20;False;False;500;2026-09-03
ES0164585004;Bankinter Europeo Inverso FI;Bankinter Europeo Inverso FI;Bankinter Gestión de Activos SGIIC;Other;Trading Tools;Trading - Apalancados/Inversos RV;EUR;España;6;;1.16;1;-10.56;-17.4;-12.9;-10.71;2008-11-14;True;True;1;2026-09-03
ES0164384010;Bankinter Inverso EEUU R FI;Bankinter Inverso EEUU R FI;Bankinter Gestión de Activos SGIIC;Other;Trading Tools;Trading - Apalancados/Inversos RV;EUR;España;;;;1;;;;;2026-02-13;True;False;1;2026-09-03
LU1931957093;BNPP Flexi I Commodities Cl Hdg EUR Cap;BNP Paribas Flexi I Commodities Classic Hedged EUR Capitalisation;BNP Paribas Asset Management Luxembourg;Real Assets;Commodities Broad Basket;Materias Primas - Diversificado;EUR;Luxemburgo;6;;;1.5;19.82;33.93;11.54;8.63;2019-11-15;True;False;0;2026-09-03
LU1931956285;BNPP Flexi I Commodities Cl USD Cap;BNP Paribas Flexi I Commodities Classic USD Capitalisation;BNP Paribas Asset Management Luxembourg;Real Assets;Commodities Broad Basket;Materias Primas - Diversificado;USD;Luxemburgo;6;;;1.5;20.21;36.44;14.05;10.86;2019-11-15;True;False;0;2026-09-03
LU1881477043;DWS Invest Enh Cmdty Strat LC;DWS Invest Enhanced Commodity Strategy LC;DWS Investment S.A.;Real Assets;Commodities Broad Basket;Materias Primas - Diversificado;EUR;Luxemburgo;6;;1.35;1.2;36.51;48.87;12.65;11.55;2019-05-07;True;False;0;2026-09-03
LU0984246958;GAM Star Galena Commodities B EUR;GAM Star (Lux) - Galena Commodities B EUR;GAM (Luxembourg) SA;Real Assets;Commodities Broad Basket;Materias Primas - Diversificado;EUR;Luxemburgo;7;;1.58;1.3;29.01;40.05;10.64;7.94;2025-11-07;True;False;;2026-09-03
LU0244125711;GAM Star Galena Commodities B USD;GAM Star (Lux) - Galena Commodities B USD;GAM (Luxembourg) SA;Real Assets;Commodities Broad Basket;Materias Primas - Diversificado;USD;Luxemburgo;7;;1.58;1.3;30.37;42.59;12.71;10.32;2025-11-07;True;False;0;2026-09-03
LU0397155978;GSQrtx Mdfd Stgy Blmbrg Cmd TR A EUR;GSQuartix Modified Strategy on the Bloomberg Commodity IndexTotal Return Portfolio A EUR;Amundi Luxembourg S.A.;Real Assets;Commodities Broad Basket;Materias Primas - Diversificado;EUR;Luxemburgo;6;;1.14;1;27.11;38.83;11.84;10.16;2009-05-19;True;False;1000;2026-09-03
LU0397155895;GSQuartix Mdfd Stgy Blmbrg CmdIdxTR AUS$;Structured Investments SICAV GSQuartix Modified StrategyontheBloombergCommodityIndexTotalReturn AUSD;Amundi Luxembourg S.A.;Real Assets;Commodities Broad Basket;Materias Primas - Diversificado;USD;Luxemburgo;6;;1.14;1;28.58;41.53;14.09;12.46;2009-05-20;True;False;1000;2026-09-03
LU2607330011;MS INVF Parametric Commodity A Acc;Morgan Stanley Investment Funds - Parametric Commodity Fund A Acc;MSIM Fund Management (Ireland) Limited;Real Assets;Commodities Broad Basket;Materias Primas - Diversificado;USD;Luxemburgo;4;;1.64;1.4;27.72;39.34;;;2024-02-27;True;True;0;2026-09-03
IE00B79S1F56;PIMCO GIS Cmdty Real Ret E EURH Acc;PIMCO GIS Commodity Real Return Fund E Class EUR (Hedged) Accumulation;PIMCO Global Advisors (Ireland) Limited;Real Assets;Commodities Broad Basket;Materias Primas - Diversificado;EUR;Irlanda;6;;;2.5;30.77;38.83;12.48;8.45;2012-03-07;True;False;;2026-09-03
IE00B1D7YH97;PIMCO GIS Cmdty Real Ret E USD Acc;PIMCO GIS Commodity Real Return Fund E Class USD Accumulation;PIMCO Global Advisors (Ireland) Limited;Real Assets;Commodities Broad Basket;Materias Primas - Diversificado;USD;Irlanda;6;;;2.5;32.35;41.54;14.64;10.58;2007-09-21;True;False;1000;2026-09-03
LU0415415636;Vontobel Commodity H Hedged EUR;Vontobel Fund - Commodity H (hedged) EUR Cap;Vontobel Asset Management S.A.;Real Assets;Commodities Broad Basket;Materias Primas - Diversificado;EUR;Luxemburgo;6;;1.87;1.65;26.91;35.7;13.13;9.6;2008-05-14;True;False;0;2026-09-03
FR0014008NN3;Ofi Invest Energy Strategic Metals R;Ofi Invest Energy Strategic Metals R;OFI Invest Asset Management;Real Assets;Commodities Specified;Materias Primas - Industria y Metales;EUR;Francia;4;;1.83;1.81;-0.66;32.91;13.88;;2022-06-08;True;False;0;2026-09-03
FR0011170182;Ofi Invest Precious Metals R;Ofi Invest Precious Metals R;OFI Invest Asset Management;Real Assets;Commodities Specified;Materias Primas - Metales Preciosos;EUR;Francia;5;;;1.5;-4.46;37.51;25.28;10.36;2012-03-08;True;False;0;2026-09-03
