Isin;Name;LegalName;ProviderCompanyName;GlobalAssetClass;GlobalCategoryName;CategoryName;InvestmentType;Currency;DomicileName;SRRI;StarRatingM255;TER;InitialPurchase;UCITS;IndexFund;InceptionDate;CutOffTime;TimeHorizon;VL;VLDate;ReturnD1;ReturnW1;ReturnM1;ReturnM3;ReturnM6;ReturnM0;ReturnM12;ReturnM36;ReturnM60;ReturnM120;YR_ReturnM12_1;YR_ReturnM12_2;YR_ReturnM12_3;YR_ReturnM12_4;YR_ReturnM12_5;YR_ReturnM12_6;YR_ReturnM12_7;EquityStyleBox;BondStyleBox;AverageMarketCapital;PERatio;PBRatio;PSRatio;DividendYield;AverageCreditQuality;EffectiveMaturity;R2M36;InformationRatioM36;TrackingErrorM36;AlphaM12;AlphaM36;AlphaM60;AlphaM120;BetaM12;BetaM36;BetaM60;BetaM120;BenchmarkName;ExcessD1;ExcessW1;ExcessM1;ExcessM3;ExcessM6;ExcessM0;ExcessM12;ExcessM36;ExcessM60;ExcessM120;SharpeM12;SharpeM36;SharpeM60;SharpeM120;SortinoM12;SortinoM36;SortinoM60;SortinoM120;MorningstarRiskM255;StandardDeviationM12;StandardDeviationM36;StandardDeviationM60;StandardDeviationM120;MaxDrawdownM12;MaxDrawdownM36;MaxDrawdownM60;MaxDrawdownM120;OngoingCostActual;ManagementFee;PerformanceFeeCharged;MaxFrontEndLoad;MaxRedemptionFee;TransactionFeeActual;CustodianFee;QuartileW1;QuartileM1;QuartileM3;QuartileM6;QuartileM0;QuartileM12;QuartileM36;QuartileM60;QuartileM120;CalmarM12;CalmarM36;CalmarM60;CalmarM120;YearsPositivePct;WorstYear;BeatCat;PctRV;PctRF;PctLiq;PctOtros;TipoPignor;PignCobertura;PignSalvaguarda;PignReposicion;FichaURL;fecha
LU2743114956;UI - Aktia EM Local Ccy Bd+ Share R Acc;UI - Aktia EM Local Currency Bond+ - share class R Acc;;;;;FO;EUR;Luxemburgo;;;;;False;False;2026-04-27;;;;;-0.12;0.48;-0.12;2.37;;;;;;;;;;;;;;;;;;;;;;;;;;;;;;;;;;;;;;;;;;;;;;;;;;;;;;;;;;;;;;;;;;;;;;;;;;;;;;;;;;;;0/4;;;;;Revisar (sin datos);;;;https://bancaonline.bankinter.com/resources/allfundssheets-enmenm/es/?isin=LU2743114956&language=es&currency=EUR&channel=nbol;2026-09-10
LU1594335520;Allianz Dyn MltAst Stgy SRI75 AT EUR;Allianz Global Investors Fund - Allianz Dynamic Multi Asset Strategy SRI 75 AT EUR;Allianz Global Investors GmbH;Allocation;Aggressive Allocation;Mixtos Agresivos EUR - Global;FO;EUR;Luxemburgo;4;5;1.83;0;True;False;2017-05-02;;;;;-0.11;0.63;-0.34;3.1;6.92;11.99;23.31;15.43;8.7;9.35;12.09;17.08;14.85;-15.61;30.82;3.81;21.47;2;5;94850.86356;15.02848;2.59;1.89;0.0201;10;5.71063;86.4;0.21;4.45;1.06;-0.78;0.36;0.4;1.32;1.16;0.97;0.97;;;;;;;;;;;;1.61356;1.08453;0.6265;0.79017;;;;;4;13.27436;11.36498;11.49959;11.42027;-9.96144;-17.02326;-17.02326;-24.34975;1.83;1.85;0;5;0;0.12;;;;2;3;0;0;0;0;0;;0.91;;;86;-15.61;4/4;;;;;Revisar (sin datos);;;;https://bancaonline.bankinter.com/resources/allfundssheets-enmenm/es/?isin=LU1594335520&language=es&currency=EUR&channel=nbol;2026-09-10
LU0352312853;Allianz Strategy 75 CT EUR;Allianz Strategy 75 CT EUR;Allianz Global Investors GmbH;Allocation;Aggressive Allocation;Mixtos Agresivos EUR - Global;FO;EUR;Luxemburgo;3;3;1.55;0;True;False;2008-07-01;;;;;-0.43;-0.22;-1.15;4.73;7.69;8.76;15.85;12.22;5.68;6.89;8.44;12.84;18.01;-18.74;20.94;-3.65;22.89;2;4;206306.01665;17.87197;3.18;2.7;;6;1.64315;83.12;-0.5;5.13;-6.59;-4.08;-2.55;-1.5;1.37;1.18;1;0.93;;;;;;;;;;;;1.09217;0.78477;0.37925;0.59846;;;;;4;13.38968;11.80479;11.80366;11.28841;-9.5866;-16.05475;-20.98266;-20.98266;1.55;1.65;0;0;0;0.07;;;;0;2;2;1;1;1;1;;0.76;;;71;-18.74;3/4;;;;;Revisar (sin datos);;;;https://bancaonline.bankinter.com/resources/allfundssheets-enmenm/es/?isin=LU0352312853&language=es&currency=EUR&channel=nbol;2026-09-10
LU0048293368;BL-Global 75 B EUR;BL-Global 75 B EUR Acc;BLI - Banque de Luxembourg Investments SA;Allocation;Aggressive Allocation;Mixtos Agresivos EUR - Global;FO;EUR;Luxemburgo;3;3;1.42;0;True;False;1993-10-28;;;;;-0.07;-0.25;0.36;3.65;0.06;6.58;16;10.88;5.94;5.79;13.53;11.34;4.84;-9.2;12.34;2.57;19.11;2;;156578.63233;16.26977;4.17;3.33;;;;38.83;-0.46;7.73;0.52;1.35;0.62;0.9;0.99;0.6;0.52;0.49;;;;;;;;;;;;1.23819;0.92827;0.49878;0.69529;;;;;2;12.75726;8.67965;8.5275;7.64322;-10.08356;-10.08356;-11.22031;-18.07538;1.42;1.25;0;5;0;0.1;0.04;;;1;3;3;1;2;1;2;;1.08;;;86;-9.2;2/4;;;;;Revisar (sin datos);;;;https://bancaonline.bankinter.com/resources/allfundssheets-enmenm/es/?isin=LU0048293368&language=es&currency=EUR&channel=nbol;2026-09-10
ES0113569018;Bankinter Platea Agresivo A FI;Bankinter Platea Agresivo A FI;Bankinter Gestión de Activos SGIIC;Allocation;Aggressive Allocation;Mixtos Agresivos EUR - Global;FO;EUR;España;3;4;1.92;50000;True;False;2017-09-29;;;;;0.14;0.03;-0.42;1.28;9.07;10.85;16.82;12.44;6.76;;8.6;13.74;15.19;-14.19;15.11;6.33;18.64;2;;157213.36523;16.75635;2.85;2.22;;;;94.8;-0.85;2.44;-4.35;-2.7;-1.93;;1.19;1.08;1.02;;;;;;;;;;;;;1.25464;0.94098;0.47069;;;;;;3;11.1895;10.12212;11.09415;;-7.57552;-16.8839;-16.8839;;1.92;1.35;1;0;0;0.23;0.1;;;3;1;1;1;1;1;;;0.74;;;86;-14.19;3/4;;;;;Revisar (sin datos);;;;https://bancaonline.bankinter.com/resources/allfundssheets-enmenm/es/?isin=ES0113569018&language=es&currency=EUR&channel=nbol;2026-09-10
ES0113569000;Bankinter Platea Agresivo B FI;Bankinter Platea Agresivo B FI;Bankinter Gestión de Activos SGIIC;Allocation;Aggressive Allocation;Mixtos Agresivos EUR - Global;FO;EUR;España;3;4;1.82;200000;True;False;2015-11-20;;;;;0.14;0.03;-0.41;1.31;9.15;10.94;16.96;12.52;6.85;7.03;8.68;13.75;15.3;-14.1;15.33;6.48;18.77;2;;157213.36523;16.75635;2.85;2.22;;;;94.75;-0.81;2.45;-4.24;-2.64;-1.84;-2.13;1.19;1.09;1.02;0.98;;;;;;;;;;;;1.26449;0.94687;0.4786;0.60381;;;;;3;11.19926;10.1299;11.09168;10.99231;-7.56749;-16.87843;-16.87843;-27.73073;1.82;1.25;1;0;0;0.23;0.1;;;3;1;1;1;1;1;1;;0.74;;;86;-14.1;4/4;;;;;Revisar (sin datos);;;;https://bancaonline.bankinter.com/resources/allfundssheets-enmenm/es/?isin=ES0113569000&language=es&currency=EUR&channel=nbol;2026-09-10
ES0113569026;Bankinter Platea Agresivo R FI;Bankinter Platea Agresivo R FI;Bankinter Gestión de Activos SGIIC;Allocation;Aggressive Allocation;Mixtos Agresivos EUR - Global;FO;EUR;España;3;4;2.12;10;True;False;2020-03-17;;;;;0.16;0.03;-0.48;1.32;9.71;11.59;18.02;13.07;7.05;;9.01;14.54;14.91;-14.4;16.03;;;2;;157213.36523;16.75635;2.85;2.22;;;;95.03;-0.56;2.59;-4.22;-2.55;-1.78;;1.25;1.12;1.04;;;;;;;;;;;;;1.28516;0.96575;0.48729;;;;;;3;11.75705;10.46772;11.33947;;-7.84334;-17.15715;-17.15715;;2.12;1.55;0;0;0;0.23;0.1;;;3;1;1;1;1;0;;;0.76;;;80;-14.4;3/4;;;;;Revisar (sin datos);;;;https://bancaonline.bankinter.com/resources/allfundssheets-enmenm/es/?isin=ES0113569026&language=es&currency=EUR&channel=nbol;2026-09-10
ES0113573028;Bankinter Platea Megatendencias A FI;Bankinter Platea Megatendencias A FI;Bankinter Gestión de Activos SGIIC;Allocation;Aggressive Allocation;Mixtos Agresivos EUR - Global;FO;EUR;España;3;;2.1;50000;True;False;2024-09-06;;;;;0.3;-1.06;-0.58;-0.33;10.58;13.05;19.37;;;;6.5;;;;;;;3;1;42105.17776;20.18786;3.02;2.3;;7;0.10051;;;;-3.05;;;;1.29;;;;;;;;;;;;;;;1.32207;;;;;;;;;12.72642;;;;-6.37794;;;;2.1;1.25;1;;;0.24;0.1;;;3;0;0;0;;;;;;;;100;6.5;1/4;;;;;Revisar (sin datos);;;;https://bancaonline.bankinter.com/resources/allfundssheets-enmenm/es/?isin=ES0113573028&language=es&currency=EUR&channel=nbol;2026-09-10
ES0113573036;Bankinter Platea Megatendencias B FI;Bankinter Platea Megatendencias B FI;Bankinter Gestión de Activos SGIIC;Allocation;Aggressive Allocation;Mixtos Agresivos EUR - Global;FO;EUR;España;3;;1.28;200000;True;False;2024-09-06;;;;;0.3;-1.06;-0.58;-0.04;10.22;9.43;15.74;;;;5.61;;;;;;;3;1;42105.17776;20.18786;3.02;2.3;;7;0.10051;;;;-6.11;;;;1.28;;;;;;;;;;;;;;;1.05185;;;;;;;;;13.04453;;;;-8.50582;;;;1.28;1.15;1;;;0.24;0.1;;;3;0;2;1;;;;;;;;100;5.61;0/4;;;;;Revisar (sin datos);;;;https://bancaonline.bankinter.com/resources/allfundssheets-enmenm/es/?isin=ES0113573036&language=es&currency=EUR&channel=nbol;2026-09-10
ES0113573002;Bankinter Platea Megatendencias R FI;Bankinter Platea Megatendencias R FI;Bankinter Gestión de Activos SGIIC;Allocation;Aggressive Allocation;Mixtos Agresivos EUR - Global;FO;EUR;España;3;2;2.15;10;True;False;2019-07-30;;;;;0.3;-1.07;-0.6;-0.06;10.95;13.41;20.04;11.26;3.29;;6.8;11.15;11.86;-22.45;15.04;14.27;;3;1;42105.17776;20.18786;3.02;2.3;;7;0.10051;89.2;-0.63;4.75;-2.5;-5.45;-6.13;;1.29;1.28;1.21;;;;;;;;;;;;;1.36674;0.72808;0.17282;;;;;;5;12.71685;12.25743;13.71563;;-6.3936;-20.37009;-25.71286;;2.15;1.3;1;0;0;0.24;0.1;;;2;0;0;0;1;3;;;0.55;;;83;-22.45;1/4;;;;;Revisar (sin datos);;;;https://bancaonline.bankinter.com/resources/allfundssheets-enmenm/es/?isin=ES0113573002&language=es&currency=EUR&channel=nbol;2026-09-10
ES0135705012;Bankinter Premium Agresivo A FI;Bankinter Premium Agresivo A FI;Bankinter Gestión de Activos SGIIC;Allocation;Aggressive Allocation;Mixtos Agresivos EUR - Global;FO;EUR;España;3;4;1.61;50000;True;False;2017-06-23;;;;;0.08;0.7;-0.41;4.18;13.24;12.68;20.06;14.08;7.69;;12.42;12.11;14.64;-13.26;17.81;3.84;22.46;2;;281918.58787;17.08232;3.23;3.14;;;;93.9;-0.31;2.85;-3.02;-2.06;-1.21;;1.26;1.13;1.04;;;;;;;;;;;;;1.39142;1.00638;0.53484;;;;;;4;11.85705;10.54389;11.37878;;-8.70794;-16.9834;-17.16418;;1.61;1.4;0;0;0;0.29;0.1;;;1;0;1;0;0;0;;;0.83;;;86;-13.26;3/4;;;;;Revisar (sin datos);;;;https://bancaonline.bankinter.com/resources/allfundssheets-enmenm/es/?isin=ES0135705012&language=es&currency=EUR&channel=nbol;2026-09-10
ES0135705004;Bankinter Premium Agresivo B FI;Bankinter Premium Agresivo B FI;Bankinter Gestión de Activos SGIIC;Allocation;Aggressive Allocation;Mixtos Agresivos EUR - Global;FO;EUR;España;3;4;0.96;500000;True;False;2016-07-15;;;;;0.09;0.71;-0.35;4.36;13.61;13.18;20.84;14.84;8.45;7.84;13.15;12.85;16.12;-13.07;18.7;4.62;23.34;2;;281918.58787;17.08232;3.23;3.14;;;;93.88;-0.04;2.85;-2.36;-1.4;-0.57;-1.68;1.26;1.13;1.05;1.02;;;;;;;;;;;;1.44687;1.06946;0.59273;0.64348;;;;;4;11.86092;10.54728;11.476;11.57334;-8.65914;-16.91238;-16.91238;-28.33123;0.96;0.75;0;0;0;0.29;0.1;;;1;0;0;0;0;0;0;;0.88;;;86;-13.07;4/4;;;;;Revisar (sin datos);;;;https://bancaonline.bankinter.com/resources/allfundssheets-enmenm/es/?isin=ES0135705004&language=es&currency=EUR&channel=nbol;2026-09-10
ES0135705038;Bankinter Premium Agresivo D FI;Bankinter Premium Agresivo D FI;Bankinter Gestión de Activos SGIIC;Allocation;Aggressive Allocation;Mixtos Agresivos EUR - Global;FO;EUR;España;3;3;1.61;50000;True;False;2022-03-25;;;;;0.08;0.7;-0.41;4.18;13.24;12.68;17.04;12.15;;;9.6;9.32;14.57;;;;;2;;281918.58787;17.08232;3.23;3.14;;;;91.54;-0.81;3.47;-6.11;-4.04;;;1.3;1.15;;;;;;;;;;;;;;1.13942;0.8176;;;;;;;4;12.25752;10.931;;;-8.70796;-17.36815;;;1.61;1.4;0;0;0;0.29;0.1;;;1;0;1;1;1;;;;0.7;;;100;9.32;2/4;;;;;Revisar (sin datos);;;;https://bancaonline.bankinter.com/resources/allfundssheets-enmenm/es/?isin=ES0135705038&language=es&currency=EUR&channel=nbol;2026-09-10
ES0135705020;Bankinter Premium Agresivo R FI;Bankinter Premium Agresivo R FI;Bankinter Gestión de Activos SGIIC;Allocation;Aggressive Allocation;Mixtos Agresivos EUR - Global;FO;EUR;España;3;4;1.76;10000;True;False;2021-07-02;;;;;0.08;0.7;-0.42;4.14;13.15;12.56;19.88;13.91;7.53;;12.25;11.94;14.47;-13.39;;;;2;;281918.58787;17.08232;3.23;3.14;;;;93.9;-0.37;2.85;-3.17;-2.22;-1.36;;1.26;1.13;1.04;;;;;;;;;;;;;1.37862;0.99209;0.52154;;;;;;4;11.85615;10.54314;11.37761;;-8.7192;-16.99977;-17.25568;;1.76;1.55;0;0;0;0.29;0.1;;;1;0;1;0;0;0;;;0.82;;;75;-13.39;3/4;;;;;Revisar (sin datos);;;;https://bancaonline.bankinter.com/resources/allfundssheets-enmenm/es/?isin=ES0135705020&language=es&currency=EUR&channel=nbol;2026-09-10
ES0113734018;Bankinter Premium Dinámico A FI;Bankinter Premium Dinámico A FI;Bankinter Gestión de Activos SGIIC;Allocation;Aggressive Allocation;Mixtos Agresivos EUR - Global;FO;EUR;España;3;3;1.44;50000;True;False;2017-09-15;;;;;0;0.39;-0.54;2.45;7.88;7.57;12.04;9.82;5.08;;8.55;8.9;12.14;-11.72;11.93;2.79;16.06;2;;283725.69534;17.0833;3.23;3.14;;;;93.86;-1.8;2.77;-4.11;-2.01;-1.94;;0.88;0.77;0.75;;;;;;;;;;;;;1.1549;0.92261;0.40662;;;;;;1;8.23035;7.18359;8.20469;;-6.27713;-10.83481;-14.07381;;1.44;1.25;0;0;0;0.21;0.1;;;3;2;3;3;3;2;;;0.91;;;86;-11.72;0/4;;;;;Revisar (sin datos);;;;https://bancaonline.bankinter.com/resources/allfundssheets-enmenm/es/?isin=ES0113734018&language=es&currency=EUR&channel=nbol;2026-09-10
ES0113734000;Bankinter Premium Dinámico B FI;Bankinter Premium Dinámico B FI;Bankinter Gestión de Activos SGIIC;Allocation;Aggressive Allocation;Mixtos Agresivos EUR - Global;FO;EUR;España;3;3;0.89;500000;True;False;2016-07-15;;;;;0.01;0.4;-0.49;2.6;8.18;7.98;12.66;10.43;5.71;5.35;9.15;9.5;12.87;-11.14;12.66;3.47;16.67;2;;283725.69534;17.0833;3.23;3.14;;;;93.84;-1.57;2.77;-3.55;-1.44;-1.34;-1.84;0.88;0.77;0.75;0.75;;;;;;;;;;;;1.22244;1.00112;0.48039;0.57069;;;;;1;8.23176;7.18538;8.20552;8.43909;-6.23478;-10.77027;-13.66117;-22.01171;0.89;0.7;0;0;0;0.21;0.1;;;3;2;2;2;2;1;2;;0.97;;;86;-11.14;1/4;;;;;Revisar (sin datos);;;;https://bancaonline.bankinter.com/resources/allfundssheets-enmenm/es/?isin=ES0113734000&language=es&currency=EUR&channel=nbol;2026-09-10
ES0113734034;Bankinter Premium Dinámico D FI;Bankinter Premium Dinámico D FI;Bankinter Gestión de Activos SGIIC;Allocation;Aggressive Allocation;Mixtos Agresivos EUR - Global;FO;EUR;España;3;2;1.44;50000;True;False;2022-03-25;;;;;0;0.39;-0.54;2.45;7.88;7.57;9.79;8.33;;;6.37;6.73;11.57;;;;;2;;283725.69534;17.0833;3.23;3.14;;;;90.26;-2.12;3.04;-6.57;-3.59;;;0.91;0.79;;;;;;;;;;;;;;0.8717;0.70233;;;;;;;1;8.59241;7.53152;;;-6.27716;-11.37055;;;1.44;1.25;0;0;0;0.21;0.1;;;3;2;3;3;3;;;;0.73;;;100;6.37;0/4;;;;;Revisar (sin datos);;;;https://bancaonline.bankinter.com/resources/allfundssheets-enmenm/es/?isin=ES0113734034&language=es&currency=EUR&channel=nbol;2026-09-10
ES0113734026;Bankinter Premium Dinámico R FI;Bankinter Premium Dinámico R FI;Bankinter Gestión de Activos SGIIC;Allocation;Aggressive Allocation;Mixtos Agresivos EUR - Global;FO;EUR;España;3;3;1.54;10000;True;False;2021-07-02;;;;;0;0.39;-0.55;2.43;7.82;7.5;11.93;9.71;4.97;;8.44;8.78;11.5;-11.39;;;;2;;283725.69534;17.0833;3.23;3.14;;;;93.86;-1.84;2.77;-4.21;-2.11;-1.98;;0.88;0.77;0.74;;;;;;;;;;;;;1.14263;0.90861;0.39788;;;;;;1;8.23009;7.18356;8.11284;;-6.28486;-10.84652;-14.13711;;1.54;1.35;0;0;0;0.21;0.1;;;3;2;3;3;3;2;;;0.9;;;75;-11.39;0/4;;;;;Revisar (sin datos);;;;https://bancaonline.bankinter.com/resources/allfundssheets-enmenm/es/?isin=ES0113734026&language=es&currency=EUR&channel=nbol;2026-09-10
LU1431864153;Fidelity Global Multi Asset Dyn ADisEURH;Fidelity Funds - Global Multi Asset Dynamic Fund A-DIST-EUR (EUR/USD hedged);FIL Investment Management (Luxembourg) S.à r.l.;Allocation;Aggressive Allocation;Mixtos Agresivos EUR - Global;FO;EUR;Luxemburgo;4;2;1.73;;True;False;2016-06-30;;;;;-0.32;0.64;0;1.48;9.75;12.48;21.08;14.49;3.64;2.7;14.68;10.56;8.03;-22.88;6.8;-4.34;9.78;2;;246652.29794;18.04198;3.49;2.97;;;;77.37;-0.1;6.45;-7.22;-2.86;-4.99;-4.79;1.72;1.24;1.04;0.82;;;;;;;;;;;;1.1572;0.86729;0.17982;0.23796;;;;;4;16.73772;12.75268;12.91395;10.75846;-10.02465;-15.49221;-26.46809;-26.75078;1.73;1.5;0;5;0;0.3;;;;3;2;0;0;0;3;3;;0.94;;;71;-22.88;2/4;;;;;Revisar (sin datos);;;;https://bancaonline.bankinter.com/resources/allfundssheets-enmenm/es/?isin=LU1431864153&language=es&currency=EUR&channel=nbol;2026-09-10
LU0433182416;First Eagle Amundi International AHE-C;First Eagle Amundi International Fund Class AHE-C Shares;First Eagle Investment Management, LLC;Allocation;Aggressive Allocation;Mixtos Agresivos EUR - Global;FO;EUR;Luxemburgo;3;3;2.25;0;True;False;2009-08-19;;;;;0.03;-0.13;0.72;4.94;4.54;8.56;16.72;14.23;6.81;5.28;23.42;7.72;9.48;-11.6;8.63;3.07;15.01;1;1;64051.61598;12.91413;1.94;1.91;;4;0.24657;37.04;-0.06;9.01;0.16;2.69;-0.64;-2.76;1.03;0.73;0.88;0.91;;;;;;;;;;;;1.1194;1.00102;0.43466;0.43411;;;;;4;14.33702;10.90664;12.80523;12.29155;-10.42488;-10.42488;-22.3026;-31.91998;2.25;2;1;5;0;0.04;0.05;;;0;3;2;1;0;1;2;;1.37;;;86;-11.6;3/4;;;;;Revisar (sin datos);;;;https://bancaonline.bankinter.com/resources/allfundssheets-enmenm/es/?isin=LU0433182416&language=es&currency=EUR&channel=nbol;2026-09-10
LU0565134938;First Eagle Amundi International AHE-QD;First Eagle Amundi International Fund Class AHE-QD Shares;First Eagle Investment Management, LLC;Allocation;Aggressive Allocation;Mixtos Agresivos EUR - Global;FO;EUR;Luxemburgo;3;3;2.25;0;True;False;2011-06-09;;;;;0.04;-0.13;0.72;4.95;4.54;9.02;17.2;14.39;6.9;5.33;23.45;7.71;9.46;-11.59;8.63;3.1;15.01;1;1;64051.61598;12.91413;1.94;1.91;;4;0.24657;36.93;-0.05;9.04;0.53;2.82;-0.56;-2.72;1.03;0.73;0.88;0.91;;;;;;;;;;;;1.14246;1.01033;0.44079;0.43742;;;;;4;14.43132;10.9504;12.83451;12.30578;-10.43109;-10.43109;-22.30938;-31.84293;2.25;2;1;5;0;0.04;0.05;;;0;3;2;0;0;0;2;;1.38;;;86;-11.59;3/4;;;;;Revisar (sin datos);;;;https://bancaonline.bankinter.com/resources/allfundssheets-enmenm/es/?isin=LU0565134938&language=es&currency=EUR&channel=nbol;2026-09-10
LU1245471567;FvS Multi Asset Growth ET;Flossbach von Storch - Multi Asset Growth ET;Flossbach von Storch Invest S.A.;Allocation;Aggressive Allocation;Mixtos Agresivos EUR - Global;FO;EUR;Luxemburgo;3;2;2.01;0;True;False;2015-07-13;;;;;-0.27;-1.38;-0.9;5.23;2.16;2.21;6.67;7.73;3.14;4.18;5.6;12.41;10.09;-13.74;10.45;-0.29;20.41;2;6;108194.3312;19.53963;3.87;3.29;;8;8.13238;59.81;-1.07;5.77;-2.69;-1.54;-2.68;-1.86;0.64;0.63;0.63;0.65;;;;;;;;;;;;0.81734;0.7515;0.21365;0.47811;;;;;1;8.81475;7.43063;8.16353;8.31713;-8.60589;-9.1451;-16.7224;-17.99878;2.01;1.87;0;1;0;0.09;;;;0;3;3;3;3;3;3;;0.85;;;71;-13.74;0/4;;;;;Revisar (sin datos);;;;https://bancaonline.bankinter.com/resources/allfundssheets-enmenm/es/?isin=LU1245471567&language=es&currency=EUR&channel=nbol;2026-09-10
LU0119195450;GS Patrimonial Aggr-P Cap EUR;Goldman Sachs Patrimonial Aggressive - P Cap EUR;Goldman Sachs Asset Management B.V.;Allocation;Aggressive Allocation;Mixtos Agresivos EUR - Global;FO;EUR;Luxemburgo;3;4;1.2;0;True;False;1994-07-15;;;;;0.41;-0.05;-0.08;1.29;8.77;9.58;14.52;11.43;6.06;7.56;4.16;16.57;12.64;-13.82;20.37;7.06;21.22;2;5;192622.2561;17.99137;3.36;2.87;;8;6.73623;96.27;-1.39;2.22;-5.6;-3.88;-2.35;-1.15;1.15;1.11;0.96;0.93;;;;;;;;;;;;1.12543;0.83908;0.41683;0.68301;;;;;3;10.78303;10.28661;10.58943;10.45868;-6.67798;-15.80374;-15.80374;-26.6672;1.2;1.2;0;3;0;0;;;;3;1;2;2;1;1;0;;0.72;;;86;-13.82;2/4;;;;;Revisar (sin datos);;;;https://bancaonline.bankinter.com/resources/allfundssheets-enmenm/es/?isin=LU0119195450&language=es&currency=EUR&channel=nbol;2026-09-10
FR0000292302;Lazard Patrimoine Croissance C;Lazard Patrimoine Croissance C;Lazard Frères Gestion;Allocation;Aggressive Allocation;Mixtos Agresivos EUR - Global;FO;EUR;Francia;3;2;1.89;1;True;False;1988-05-10;;;;;0.04;-0.15;-1.37;2.9;6.83;6.19;8.2;5.47;3.74;5.7;2.16;4.69;10.2;-8.58;24.79;-2.52;20.16;2;7;109737.14059;17.002;2.77;2.25;;12;3.20513;75.49;-2.06;4.5;-7.03;-5.85;-3.25;-2.13;0.87;0.76;0.77;0.86;;;;;;;;;;;;0.72508;0.33892;0.23633;0.54845;;;;;2;8.86072;7.93005;9.00584;10.02398;-6.86722;-13.64372;-14.23437;-25.53411;1.89;1.5;1;4;0;0.05;;;;1;3;3;3;3;3;2;;0.4;;;71;-8.58;0/4;;;;;Revisar (sin datos);;;;https://bancaonline.bankinter.com/resources/allfundssheets-enmenm/es/?isin=FR0000292302&language=es&currency=EUR&channel=nbol;2026-09-10
LU1820809694;Capital Group CIB LUX B;Capital Group Capital Income Builder LUX B;Capital International Management Company Sàrl;Allocation;Aggressive Allocation;Mixtos Agresivos USD;FO;USD;Luxemburgo;3;4;1.56;0;True;False;2018-09-21;;;;;-0.43;-0.45;-0.36;2.77;5.23;9.86;14.75;14.26;7.24;6.47;18.66;8.61;7.21;-8.53;13.31;1.57;15.26;1;6;140779.56905;16.137;2.52;2.54;0.02816;9;7.94582;75.12;-0.58;5.21;2.07;0.67;-0.44;-1.75;0.58;0.71;0.77;0.76;;;;;;;;;;;;1.2036;1.07865;0.36194;0.44096;;;;;2;8.46303;8.5118;10.70461;10.05088;-6.65794;-8.792;-18.60099;-25.45788;1.56;1.4;0;3;0;0.11;0.05;;;0;3;1;2;1;0;2;;1.62;;;86;-8.53;2/4;;;;;Revisar (sin datos);;;;https://bancaonline.bankinter.com/resources/allfundssheets-enmenm/es/?isin=LU1820809694&language=es&currency=EUR&channel=nbol;2026-09-10
LU1820809421;Capital Group CIB LUX B EUR;Capital Group Capital Income Builder LUX B EUR;Capital International Management Company Sàrl;Allocation;Aggressive Allocation;Mixtos Agresivos USD;FO;EUR;Luxemburgo;3;4;1.56;;True;False;2018-09-21;;;;;-0.3;-0.69;-1.08;2.76;5.46;11.14;15.1;11.47;7.71;;4.62;15.76;3.95;-2.75;21.6;-6.75;17.87;1;6;122358.56244;16.137;2.52;2.54;0.02816;9;7.94582;;;;;;;;;;;;;;;;;;;;;;;1.9763;1.14365;0.70372;;;;;;2;6.37034;7.50485;8.30795;;-4.74599;-13.31846;-13.31846;;1.56;1.4;0;5;;0.11;0.05;;;0;3;1;2;1;0;;;0.86;;;71;-6.75;2/4;;;;;Revisar (sin datos);;;;https://bancaonline.bankinter.com/resources/allfundssheets-enmenm/es/?isin=LU1820809421&language=es&currency=EUR&channel=nbol;2026-09-10
LU0261961675;Fidelity Global Multi Asset Dyn A-AccUSD;Fidelity Funds - Global Multi Asset Dynamic Fund A-Acc-USD;FIL Investment Management (Luxembourg) S.à r.l.;Allocation;Aggressive Allocation;Mixtos Agresivos USD;FO;USD;Luxemburgo;4;2;1.73;6000;True;False;2006-09-25;;;;;-0.3;0.66;0.17;1.9;10.88;14.12;23.61;16.77;5.85;4.97;17.25;12.4;10.53;-20.8;7.89;-2.52;13.12;2;;283785.65028;18.04198;3.49;2.97;;;;88.88;-0.25;4.61;-0.16;-2.68;-2.74;-3.47;1.43;1.16;0.94;0.79;;;;;;;;;;;;1.17387;0.8792;0.19715;0.27821;;;;;4;16.75621;12.82241;12.94203;10.73874;-9.81286;-14.97773;-24.6746;-24.6746;1.73;1.5;0;5;0;0.3;0.35;;;3;2;0;0;0;2;3;;1.12;;;71;-20.8;2/4;;;;;Revisar (sin datos);;;;https://bancaonline.bankinter.com/resources/allfundssheets-enmenm/es/?isin=LU0261961675&language=es&currency=EUR&channel=nbol;2026-09-10
LU0565135745;First Eagle Amundi International AE-C;First Eagle Amundi International Fund Class AE-C Shares;First Eagle Investment Management, LLC;Allocation;Aggressive Allocation;Mixtos Agresivos USD;FO;EUR;Luxemburgo;3;4;2.24;0;True;False;2010-12-03;;;;;-0.09;-0.22;0.18;4.79;5.14;10.46;18.64;12.91;9.35;7.18;10.57;16.96;8.35;-2.88;17.95;-3.62;20.8;1;1;64051.61598;12.91413;1.94;1.91;;4;0.24657;70.39;-0.25;6.02;0.93;0.3;0.52;-1.86;1;0.87;0.92;0.93;;;;;;;;;;;;1.60259;1.1398;0.779;0.66053;;;;;4;10.65539;8.82411;9.65344;10.30613;-8.44191;-13.06856;-13.06856;-27.92572;2.24;2;1;5;0;0.01;0.05;;;0;3;2;0;0;0;1;;0.99;;;71;-3.62;3/4;;;;;Revisar (sin datos);;;;https://bancaonline.bankinter.com/resources/allfundssheets-enmenm/es/?isin=LU0565135745&language=es&currency=EUR&channel=nbol;2026-09-10
LU0565419693;First Eagle Amundi International AE-QD;First Eagle Amundi International Fund Class AE-QD Shares;First Eagle Investment Management, LLC;Allocation;Aggressive Allocation;Mixtos Agresivos USD;FO;EUR;Luxemburgo;3;4;2.25;0;True;False;2010-12-03;;;;;-0.09;-0.23;0.18;4.79;5.14;10.46;18.75;12.96;9.38;7.19;10.75;16.96;8.35;-2.88;17.95;-3.62;20.79;1;1;64051.61598;12.91413;1.94;1.91;;4;0.24657;70.31;-0.24;6.04;1.07;0.35;0.56;-1.85;1;0.87;0.92;0.93;;;;;;;;;;;;1.61284;1.14382;0.78163;0.66139;;;;;4;10.68963;8.84244;9.665;10.31246;-8.43021;-13.06939;-13.06939;-27.92404;2.25;2;1;5;0;0.04;0.05;;;0;3;2;0;0;0;1;;0.99;;;71;-3.62;3/4;;;;;Revisar (sin datos);;;;https://bancaonline.bankinter.com/resources/allfundssheets-enmenm/es/?isin=LU0565419693&language=es&currency=EUR&channel=nbol;2026-09-10
LU0068578508;First Eagle Amundi International AU-C;First Eagle Amundi International Fund Class AU-C Shares;First Eagle Investment Management, LLC;Allocation;Aggressive Allocation;Mixtos Agresivos USD;FO;USD;Luxemburgo;3;4;2.25;;True;False;1996-08-12;;;;;0.04;-0.09;0.85;5.45;5.62;9.4;17.78;16.16;9;7.58;25.7;9.64;12.14;-8.85;9.63;5.05;18.62;1;1;73694.54752;12.91413;1.94;1.91;;4;0.24657;70.27;-0.23;6.04;1.14;0.37;0.57;-1.82;1;0.87;0.92;0.93;;;;;;;;;;;;1.07242;1.00194;0.44912;0.46934;;;;;4;14.07166;10.80129;12.76599;12.23204;-10.24728;-10.24728;-20.68006;-29.16634;2.25;2;1;5;0;0.04;0.15;;;0;3;2;0;0;0;1;;1.58;;;86;-8.85;3/4;;;;;Revisar (sin datos);;;;https://bancaonline.bankinter.com/resources/allfundssheets-enmenm/es/?isin=LU0068578508&language=es&currency=EUR&channel=nbol;2026-09-10
LU0033035865;UBS (Lux) SF Yield (CHF) P-acc;UBS (Lux) Strategy Fund - Yield (CHF) P-acc;UBS Asset Management (Europe) S.A.;Allocation;Cautious Allocation;Mixtos Defensivos CHF;FO;CHF;Luxemburgo;3;2;1.55;;True;False;1991-09-10;;;;;-0.2;-0.15;-0.92;1.12;3.38;2.44;4.38;4.33;-0.9;0.81;5.88;1.98;3.37;-16.01;4.48;1.79;8.75;2;7;124746.49635;17.87798;3.48;2.81;;16;;40.79;-0.31;4.72;0.41;0.17;-1.99;-0.93;1.07;0.69;0.73;0.91;;;;;;;;;;;;0.85934;0.63002;-0.14273;0.20179;;;;;5;6.10628;5.73803;6.90152;6.7434;-5.03112;-6.94661;-19.10611;-19.11489;1.55;1.15;0;3;0;0.04;0;;;2;1;2;1;2;3;3;;0.62;;;86;-16.01;0/4;;;;;Revisar (sin datos);;;;https://bancaonline.bankinter.com/resources/allfundssheets-enmenm/es/?isin=LU0033035865&language=es&currency=EUR&channel=nbol;2026-09-10
LU2475579202;A&G Flota Nomad Flexible Allc A Cap;A&G Flota Nomad Flexible Allocation A Cap;A&G Fondos SGIIC;Allocation;Cautious Allocation;Mixtos Defensivos EUR;FO;EUR;Luxemburgo;3;4;1.4;0;True;False;2022-10-24;;;;;-0.03;-0.02;-0.15;0.5;1.17;4.07;7.46;6.03;;;6.89;5.67;4.4;;;;;3;;78517.9703;20.026;3.12;2.58;;;;68.26;0.4;3;3.47;1.16;;;1.51;1.02;;;;;;;;;;;;;;0.84695;0.58722;;;;;;;4;7.0318;5.3108;;;-4.44876;-7.85305;;;1.4;1;1;0;0;0.15;;;;3;3;0;0;0;;;;0.77;;;100;4.4;2/4;;;;;Revisar (sin datos);;;;https://bancaonline.bankinter.com/resources/allfundssheets-enmenm/es/?isin=LU2475579202&language=es&currency=EUR&channel=nbol;2026-09-10
LU1254136416;Allianz Capital Plus AT EUR;Allianz Global Investors Fund - Allianz Capital Plus AT EUR;Allianz Global Investors GmbH;Allocation;Cautious Allocation;Mixtos Defensivos EUR;FO;EUR;Luxemburgo;3;2;1.2;0;True;False;2015-10-27;;;;;-0.25;-0.01;-1.39;0.33;1.02;1.99;4.21;3.39;-0.93;1.52;1.31;0.39;10.02;-16.54;7.64;5.4;11.86;2;5;58660.98325;14.46946;2.31;1.49;;7;5.78679;87.16;-0.46;3.06;0.75;-2.1;-0.84;-0.24;1.43;1.44;1.35;1.34;;;;;;;;;;;;0.49392;0.10352;-0.31783;0.16026;;;;;5;6.31218;6.70141;8.17202;6.78442;-5.86164;-8.17509;-21.0901;-21.0901;1.2;1.15;0;3;0;0.04;0;;;2;3;1;1;3;3;1;;0.41;;;86;-16.54;0/4;;;;;Revisar (sin datos);;;;https://bancaonline.bankinter.com/resources/allfundssheets-enmenm/es/?isin=LU1254136416&language=es&currency=EUR&channel=nbol;2026-09-10
ES0114793039;Bankinter Mixto Renta Fija R FI;Bankinter Mixto Renta Fija R FI;Bankinter Gestión de Activos SGIIC;Allocation;Cautious Allocation;Mixtos Defensivos EUR;FO;EUR;España;2;3;1.47;1;True;False;1997-12-01;;;;;-0.03;-0.01;-0.86;1;3.41;3.45;6.2;5.25;2.18;1.67;5.32;3.16;6.66;-7.32;4.22;-1.19;6.35;2;;83652.28911;14.97168;2.25;1.79;;;;80.5;0.18;1.94;2.33;0.59;1.32;0.19;1.17;0.87;0.78;0.89;;;;;;;;;;;;0.82265;0.54331;0.06699;0.22047;;;;;3;5.16937;4.18902;4.84843;4.92419;-4.25678;-5.04319;-10.01856;-13.25218;1.47;1.35;0;0;0;0.07;0.15;;;0;1;0;0;1;1;1;;1.04;;;71;-7.32;2/4;;;;;Revisar (sin datos);;;;https://bancaonline.bankinter.com/resources/allfundssheets-enmenm/es/?isin=ES0114793039&language=es&currency=EUR&channel=nbol;2026-09-10
ES0115087019;Bankinter Premium Conservador A FI;Bankinter Premium Conservador A FI;Bankinter Gestión de Activos SGIIC;Allocation;Cautious Allocation;Mixtos Defensivos EUR;FO;EUR;España;2;3;1.09;50000;True;False;2017-09-15;;;;;-0.06;0.06;-0.46;0.74;2.43;2.28;3.82;4.98;1.82;;4.14;4.98;6.89;-8.62;3.29;1.13;4.67;2;;284616.05557;17.1094;3.22;3.16;;;;88.47;0.09;1.66;0.48;0.65;0.76;;0.87;0.72;0.67;;;;;;;;;;;;;0.48897;0.61819;-0.02461;;;;;;2;3.92104;3.3257;3.98642;;-3.19426;-3.19426;-9.55868;;1.09;0.95;0;0;0;0.1;0.1;;;2;1;1;2;1;1;;;1.56;;;86;-8.62;1/4;;;;;Revisar (sin datos);;;;https://bancaonline.bankinter.com/resources/allfundssheets-enmenm/es/?isin=ES0115087019&language=es&currency=EUR&channel=nbol;2026-09-10
ES0115087001;Bankinter Premium Conservador B FI;Bankinter Premium Conservador B FI;Bankinter Gestión de Activos SGIIC;Allocation;Cautious Allocation;Mixtos Defensivos EUR;FO;EUR;España;2;3;0.74;500000;True;False;2016-07-15;;;;;-0.06;0.07;-0.43;0.83;2.61;2.53;4.18;5.36;2.2;1.8;4.5;5.35;7.32;-8.25;3.71;1.54;5.03;2;;284616.05557;17.1094;3.22;3.16;;;;88.46;0.32;1.66;0.83;1.01;1.13;0.39;0.87;0.72;0.67;0.72;;;;;;;;;;;;0.57886;0.72554;0.07207;0.29299;;;;;2;3.92044;3.32599;3.98577;3.814;-3.1664;-3.1664;-9.22914;-9.76132;0.74;0.6;0;0;0;0.1;0.1;;;1;1;1;1;1;1;1;;1.69;;;86;-8.25;2/4;;;;;Revisar (sin datos);;;;https://bancaonline.bankinter.com/resources/allfundssheets-enmenm/es/?isin=ES0115087001&language=es&currency=EUR&channel=nbol;2026-09-10
ES0115087027;Bankinter Premium Conservador D FI;Bankinter Premium Conservador D FI;Bankinter Gestión de Activos SGIIC;Allocation;Cautious Allocation;Mixtos Defensivos EUR;FO;EUR;España;2;3;1.09;50000;True;False;2020-06-26;;;;;-0.06;0.06;-0.46;0.74;2.43;2.28;3.8;4.98;1.61;;4.13;4.98;6.88;-9.55;3.28;;;2;;284616.05557;17.1094;3.22;3.16;;;;88.44;0.09;1.66;0.47;0.65;0.58;;0.87;0.72;0.68;;;;;;;;;;;;;0.48622;0.61633;-0.07501;;;;;;2;3.92158;3.32419;4.11786;;-3.19427;-3.19427;-10.18316;;1.09;0.95;0;0;0;0.1;0.1;;;2;1;1;2;1;1;;;1.56;;;80;-9.55;1/4;;;;;Revisar (sin datos);;;;https://bancaonline.bankinter.com/resources/allfundssheets-enmenm/es/?isin=ES0115087027&language=es&currency=EUR&channel=nbol;2026-09-10
ES0115087035;Bankinter Premium Conservador R FI;Bankinter Premium Conservador R FI;Bankinter Gestión de Activos SGIIC;Allocation;Cautious Allocation;Mixtos Defensivos EUR;FO;EUR;España;2;3;1.18;10000;True;False;2021-07-02;;;;;-0.06;0.06;-0.47;0.72;2.38;2.21;3.71;4.87;1.7;;4.03;4.87;6.73;-8.76;;;;2;;284616.05557;17.1094;3.22;3.16;;;;88.47;0.02;1.66;0.38;0.54;0.63;;0.87;0.72;0.67;;;;;;;;;;;;;0.46329;0.58537;-0.05701;;;;;;2;3.92121;3.32544;3.98752;;-3.2022;-3.20562;-9.68206;;1.18;1.05;0;0;0;0.1;0.1;;;2;1;2;2;2;1;;;1.52;;;75;-8.76;1/4;;;;;Revisar (sin datos);;;;https://bancaonline.bankinter.com/resources/allfundssheets-enmenm/es/?isin=ES0115087035&language=es&currency=EUR&channel=nbol;2026-09-10
ES0113258018;Bankinter Premium Defensivo A FI;Bankinter Premium Defensivo A FI;Bankinter Gestión de Activos SGIIC;Allocation;Cautious Allocation;Mixtos Defensivos EUR;FO;EUR;España;2;3;0.77;50000;True;False;2017-09-15;;;;;-0.06;-0.01;-0.29;0.41;1.1;1.07;1.87;3.68;1.02;;3.04;3.94;5.13;-7.32;0.87;0.82;1.67;2;;284560.97475;17.11035;3.21;3.16;;;;89.9;-0.45;2.47;-0.82;-0.06;-0.34;;0.52;0.45;0.46;;;;;;;;;;;;;0.0214;0.39283;-0.35293;;;;;;1;2.29832;2.08721;2.77719;;-1.90729;-1.90729;-8.29121;;0.77;0.65;0;0;0;0.09;0.1;;;2;2;3;3;3;2;;;1.93;;;86;-7.32;0/4;;;;;Revisar (sin datos);;;;https://bancaonline.bankinter.com/resources/allfundssheets-enmenm/es/?isin=ES0113258018&language=es&currency=EUR&channel=nbol;2026-09-10
ES0113258000;Bankinter Premium Defensivo B FI;Bankinter Premium Defensivo B FI;Bankinter Gestión de Activos SGIIC;Allocation;Cautious Allocation;Mixtos Defensivos EUR;FO;EUR;España;2;2;0.52;50000;True;False;2016-07-15;;;;;-0.06;-0.01;-0.27;0.48;1.23;1.24;2.12;3.95;1.32;0.94;3.29;4.21;5.5;-7;1.23;1.18;2.08;2;;284560.97475;17.11035;3.21;3.16;;;;89.85;-0.34;2.47;-0.57;0.2;-0.04;-0.26;0.52;0.45;0.46;0.48;;;;;;;;;;;;0.13052;0.52033;-0.23955;0.09026;;;;;1;2.29746;2.08863;2.77436;2.51333;-1.88711;-1.88711;-7.99619;-7.99619;0.52;0.4;0;0;0;0.09;0.1;;;2;1;3;3;3;2;3;;2.09;;;86;-7.0;1/4;;;;;Revisar (sin datos);;;;https://bancaonline.bankinter.com/resources/allfundssheets-enmenm/es/?isin=ES0113258000&language=es&currency=EUR&channel=nbol;2026-09-10
ES0113258026;Bankinter Premium Defensivo R FI;Bankinter Premium Defensivo R FI;Bankinter Gestión de Activos SGIIC;Allocation;Cautious Allocation;Mixtos Defensivos EUR;FO;EUR;España;2;3;0.87;10000;True;False;2021-07-02;;;;;-0.06;-0.02;-0.3;0.39;1.05;1;1.76;3.57;0.92;;2.93;3.84;5.02;-7.41;;;;2;;284560.97475;17.11035;3.21;3.16;;;;89.91;-0.49;2.47;-0.92;-0.16;-0.44;;0.52;0.45;0.46;;;;;;;;;;;;;-0.02222;0.34409;-0.39113;;;;;;1;2.29868;2.08747;2.77714;;-1.91533;-1.91533;-8.3754;;0.87;0.75;0;0;0;0.09;0.1;;;2;2;3;3;3;2;;;1.86;;;75;-7.41;0/4;;;;;Revisar (sin datos);;;;https://bancaonline.bankinter.com/resources/allfundssheets-enmenm/es/?isin=ES0113258026&language=es&currency=EUR&channel=nbol;2026-09-10
LU1966822956;Cartesio Income R;Cartesio Funds Income R;Cartesio Inversiones SGIIC;Allocation;Cautious Allocation;Mixtos Defensivos EUR;FO;EUR;Luxemburgo;2;5;1.26;6000;True;False;2020-01-13;;;;;-0.08;-0.16;-0.94;0.47;2.08;2.5;4.68;8.32;5;;8.72;8.64;10.16;-3.4;4.82;;;1;;19177.98891;10.79643;1.29;0.79;;;;73.3;1.57;2.26;1.18;3.75;4.12;;1.09;0.79;0.77;;;;;;;;;;;;;0.58996;1.32146;0.54309;;;;;;4;5.04278;4.01556;5.87139;;-4.23248;-4.23248;-10.58079;;1.26;1;0;0;;0.02;;;;1;1;1;1;0;0;;;1.97;;;80;-3.4;2/4;;;;;Revisar (sin datos);;;;https://bancaonline.bankinter.com/resources/allfundssheets-enmenm/es/?isin=LU1966822956&language=es&currency=EUR&channel=nbol;2026-09-10
LU0284394235;DNCA Invest Eurose A EUR;DNCA Invest Eurose Class A shares EUR;DNCA Finance;Allocation;Cautious Allocation;Mixtos Defensivos EUR;FO;EUR;Luxemburgo;2;4;1.49;100;True;False;2007-09-28;;;;;-0.09;-0.16;-1.45;-0.04;1.61;2.25;3.94;5.2;3.82;2.84;7.81;2.94;8.58;-3.22;7.02;-4.27;7.85;2;;43861.3057;14.58037;1.73;1.25;;;;47.82;0.16;3.23;0.21;1.25;2.71;1.47;1.08;0.6;0.61;0.89;;;;;;;;;;;;0.42302;0.63983;0.38357;0.37984;;;;;4;4.69211;3.78327;5.08793;6.21789;-3.79334;-3.893;-9.89083;-18.79234;1.49;1.4;1;1;0;0.02;0.08;;;2;3;1;1;1;0;0;;1.34;;;71;-4.27;2/4;;;;;Revisar (sin datos);;;;https://bancaonline.bankinter.com/resources/allfundssheets-enmenm/es/?isin=LU0284394235&language=es&currency=EUR&channel=nbol;2026-09-10
LU0992632538;EdRF Income Europe A EUR;Edmond de Rothschild Fund - Income Europe A EUR;Edmond de Rothschild Asset Management (France);Allocation;Cautious Allocation;Mixtos Defensivos EUR;FO;EUR;Luxemburgo;3;4;1.6;0;True;False;2013-12-31;;;;;-0.16;-0.39;-1;0.25;0.68;1.67;2.8;5.67;2.36;2;5.64;5.58;7.4;-7.85;4.53;-3.08;7.11;1;;43220.14057;13.46373;2.09;1.24;;;;77.5;0.48;2.06;-0.37;1.43;1.65;0.47;0.9;0.74;0.84;1.08;;;;;;;;;;;;0.26819;0.78384;0.10156;0.24396;;;;;3;4.18136;3.68498;5.71823;6.36204;-3.47284;-3.80049;-12.7856;-19.7689;1.6;1.3;0;2;0;0.11;;;;1;3;2;2;1;0;1;;1.49;;;71;-7.85;3/4;;;;;Revisar (sin datos);;;;https://bancaonline.bankinter.com/resources/allfundssheets-enmenm/es/?isin=LU0992632538&language=es&currency=EUR&channel=nbol;2026-09-10
LU0992632611;EdRF Income Europe B EUR;Edmond de Rothschild Fund - Income Europe B EUR;Edmond de Rothschild Asset Management (France);Allocation;Cautious Allocation;Mixtos Defensivos EUR;FO;EUR;Luxemburgo;3;3;1.59;0;True;False;2013-12-31;;;;;-0.16;-0.39;-1;0.25;0.67;1.67;2.8;5.15;2.06;1.85;5.64;4.04;7.4;-7.85;4.52;-3.09;7.11;1;;43220.14057;13.46373;2.09;1.24;;;;77.39;0.23;2.06;-0.36;0.88;1.37;0.31;0.9;0.78;0.85;1.09;;;;;;;;;;;;0.26924;0.62222;0.04888;0.21964;;;;;4;4.17507;3.84876;5.77156;6.38535;-3.46452;-3.79319;-12.78868;-19.76942;1.59;1.3;0;2;0;0.11;;;;1;3;2;2;1;1;1;;1.36;;;71;-7.85;2/4;;;;;Revisar (sin datos);;;;https://bancaonline.bankinter.com/resources/allfundssheets-enmenm/es/?isin=LU0992632611&language=es&currency=EUR&channel=nbol;2026-09-10
LU0794790716;Invesco Pan European Hi Inc A EUR AD;Invesco Funds - Invesco Pan European High Income Fund A Annual Distribution EUR;Invesco Management S.A.;Allocation;Cautious Allocation;Mixtos Defensivos EUR;FO;EUR;Luxemburgo;2;5;1.61;1000;True;False;2012-06-27;;;;;-0.07;0.07;-0.65;1.48;3.54;3.72;6.42;6.87;2.78;3.18;6.19;5.21;9.39;-9.78;5.06;2.01;12.3;2;7;63177.51337;14.74833;2.11;1.56;0.02876;14;3.30964;76.53;0.98;2.22;2.75;2.24;2.25;1.52;1.19;0.91;0.96;1.21;;;;;;;;;;;;0.89173;0.88978;0.15847;0.3907;;;;;4;5.27486;4.50441;6.52813;6.98704;-4.14764;-5.65231;-15.15684;-19.82569;1.61;1.25;0;5;;0.19;;;;0;0;0;0;0;0;0;;1.22;;;86;-9.78;4/4;;;;;Revisar (sin datos);;;;https://bancaonline.bankinter.com/resources/allfundssheets-enmenm/es/?isin=LU0794790716&language=es&currency=EUR&channel=nbol;2026-09-10
LU0243957239;Invesco Pan European Hi Inc A EUR Acc;Invesco Funds - Invesco Pan European High Income Fund A Accumulation EUR;Invesco Management S.A.;Allocation;Cautious Allocation;Mixtos Defensivos EUR;FO;EUR;Luxemburgo;2;5;1.61;1000;True;False;2006-03-31;;;;;-0.04;0.07;-0.63;1.51;3.52;3.71;6.45;6.87;2.78;3.17;6.25;5.18;9.44;-9.85;5.07;2.04;12.3;2;7;63177.51337;14.74397;2.11;1.55;0.02876;14;3.30964;75.76;0.96;2.25;2.72;2.26;2.25;1.51;1.2;0.9;0.96;1.21;;;;;;;;;;;;0.87778;0.89119;0.15825;0.38942;;;;;4;5.34476;4.50607;6.55014;7.00182;-4.13222;-5.61244;-15.14537;-19.80325;1.61;1.25;0;5;0;0.19;0.45;;;0;0;0;0;0;0;0;;1.22;;;86;-9.85;4/4;;;;;Revisar (sin datos);;;;https://bancaonline.bankinter.com/resources/allfundssheets-enmenm/es/?isin=LU0243957239&language=es&currency=EUR&channel=nbol;2026-09-10
LU1097692153;Invesco Pan European Hi Inc A EUR MD-1;Invesco Funds - Invesco Pan European High Income Fund A Monthly distribution-1 EUR;Invesco Management S.A.;Allocation;Cautious Allocation;Mixtos Defensivos EUR;FO;EUR;Luxemburgo;2;5;1.61;1000;True;False;2014-12-10;;;;;0;0;-0.63;1.54;3.51;3.63;6.44;6.86;2.77;3.18;6.3;5.22;9.43;-9.85;5.09;2.05;12.29;2;7;63177.51337;14.74397;2.11;1.55;0.02876;14;3.30964;74.44;0.94;2.32;2.72;2.28;2.26;1.52;1.2;0.9;0.96;1.21;;;;;;;;;;;;0.87745;0.89316;0.15886;0.3901;;;;;4;5.35062;4.5139;6.54885;7.00114;-4.14733;-5.52048;-15.17585;-19.78477;1.61;1.25;0;5;0;0.19;;;;0;0;0;0;0;0;0;;1.24;;;86;-9.85;4/4;;;;;Revisar (sin datos);;;;https://bancaonline.bankinter.com/resources/allfundssheets-enmenm/es/?isin=LU1097692153&language=es&currency=EUR&channel=nbol;2026-09-10
LU0243957312;Invesco Pan European Hi Inc A EUR QD;Invesco Funds - Invesco Pan European High Income Fund A Quarterly Distribution EUR;Invesco Management S.A.;Allocation;Cautious Allocation;Mixtos Defensivos EUR;FO;EUR;Luxemburgo;2;5;1.61;1000;True;False;2006-03-31;;;;;0;0.07;-0.61;1.52;3.55;3.76;6.51;6.89;2.79;3.18;6.24;5.17;9.43;-9.81;5.02;2.1;12.27;2;7;63177.51337;14.74833;2.11;1.56;0.02876;14;3.30964;75.78;0.96;2.25;2.73;2.25;2.26;1.52;1.2;0.9;0.97;1.21;;;;;;;;;;;;0.88059;0.8898;0.1591;0.38923;;;;;4;5.35662;4.50837;6.56153;7.01966;-4.14429;-5.62679;-15.14605;-19.83624;1.61;1.25;0;5;;0.19;0.45;;;0;0;0;0;0;0;0;;1.22;;;86;-9.81;4/4;;;;;Revisar (sin datos);;;;https://bancaonline.bankinter.com/resources/allfundssheets-enmenm/es/?isin=LU0243957312&language=es&currency=EUR&channel=nbol;2026-09-10
FR0010611293;Échiquier Arty SRI A;Échiquier Arty SRI A;La Financière de l'Echiquier;Allocation;Cautious Allocation;Mixtos Defensivos EUR;FO;EUR;Francia;2;4;1.51;0;True;False;2008-05-30;;;;;-0.16;-0.44;-1.41;0.48;0.5;0.82;2.33;4.72;1.28;2.18;4.42;3.64;9.5;-10.8;5.53;3.5;9.33;3;;70792.78947;16.26161;2.6;2.36;;;;86.34;-0.01;1.69;-0.99;0.04;0.9;0.57;1.2;0.98;1.02;1.15;;;;;;;;;;;;0.18806;0.42464;-0.06565;0.27802;;;;;4;5.26411;4.59344;6.17276;6.15535;-4.66742;-4.66742;-14.37523;-17.13436;1.51;1.5;0;3;0;0.13;;;;1;3;2;2;2;1;1;;1.01;;;86;-10.8;2/4;;;;;Revisar (sin datos);;;;https://bancaonline.bankinter.com/resources/allfundssheets-enmenm/es/?isin=FR0010611293&language=es&currency=EUR&channel=nbol;2026-09-10
LU0960400249;AXAWF Global Income Gen A Cap EUR;AXA World Funds - Global Income Generation A Capitalisation EUR;BNP PARIBAS ASSET MANAGEMENT Europe;Allocation;Cautious Allocation;Mixtos Defensivos EUR - Global;FO;EUR;Luxemburgo;3;3;1.49;0;True;False;2015-09-16;;;;;-0.42;-0.35;-0.38;1.85;3.31;6.47;8.39;6.49;1.59;1.93;1.42;7.65;2.76;-10;6.18;0.85;10.96;1;;68621.18443;14.00615;2.16;1.56;;;;76.57;0.63;2.86;5.06;1.44;1.05;0.03;0.92;1.18;1.01;1.29;;;;;;;;;;;;1.56442;0.65931;-0.01686;0.20861;;;;;5;4.21125;5.71008;6.40905;7.10284;-3.20108;-8.00162;-14.73464;-20.68605;1.49;1.25;0;6;0;0.18;0.02;;;0;0;0;0;0;1;1;;0.81;;;86;-10.0;3/4;;;;;Revisar (sin datos);;;;https://bancaonline.bankinter.com/resources/allfundssheets-enmenm/es/?isin=LU0960400249&language=es&currency=EUR&channel=nbol;2026-09-10
LU1089088071;Allianz Dyn MltAst Stgy SRI15 A EUR;Allianz Global Investors Fund - Allianz Dynamic Multi Asset Strategy SRI 15 A EUR;Allianz Global Investors GmbH;Allocation;Cautious Allocation;Mixtos Defensivos EUR - Global;FO;EUR;Luxemburgo;2;3;1.31;0;True;False;2014-12-04;;;;;-0.16;0.16;-0.33;0.58;0.6;3.34;8.19;6.48;1.79;2.04;5.3;6.13;8.12;-13.26;5.11;2.42;8.46;2;6;95912.54708;15.38291;2.6;1.95;0.02004;8;8.00225;80.13;0.58;3.08;4.58;1.18;1.08;0.37;1.77;1.32;0.94;1.01;;;;;;;;;;;;0.99946;0.60511;0.00105;0.2908;;;;;3;7.5267;6.22301;6.04237;5.22825;-6.01194;-7.77124;-14.6006;-14.6006;1.31;1.45;0;3;0;0.08;;;;2;3;1;0;0;1;1;;0.83;;;86;-13.26;4/4;;;;;Revisar (sin datos);;;;https://bancaonline.bankinter.com/resources/allfundssheets-enmenm/es/?isin=LU1089088071&language=es&currency=EUR&channel=nbol;2026-09-10
LU1548496022;Allianz Dyn MltAst Stgy SRI15 AT EUR;Allianz Global Investors Fund - Allianz Dynamic Multi Asset Strategy SRI 15 AT EUR;Allianz Global Investors GmbH;Allocation;Cautious Allocation;Mixtos Defensivos EUR - Global;FO;EUR;Luxemburgo;2;3;1.31;0;True;False;2017-01-30;;;;;-0.15;0.16;-0.33;0.57;0.6;3.34;8.19;6.48;1.79;2.04;5.31;6.13;8.12;-13.26;5.11;2.44;8.45;2;6;95912.54708;15.38291;2.6;1.95;0.02004;8;8.00225;80.18;0.58;3.07;4.58;1.18;1.08;0.37;1.76;1.32;0.94;1.01;;;;;;;;;;;;1.00147;0.60551;0.00105;0.29069;;;;;3;7.51292;6.21825;6.03922;5.22412;-6.00972;-7.76984;-14.59872;-14.59872;1.31;1.45;0;3;0;0.08;;;;2;3;1;0;0;1;1;;0.83;;;86;-13.26;4/4;;;;;Revisar (sin datos);;;;https://bancaonline.bankinter.com/resources/allfundssheets-enmenm/es/?isin=LU1548496022&language=es&currency=EUR&channel=nbol;2026-09-10
LU0398560267;Allianz Strategy 15 CT EUR;Allianz Strategy 15 CT EUR;Allianz Global Investors GmbH;Allocation;Cautious Allocation;Mixtos Defensivos EUR - Global;FO;EUR;Luxemburgo;2;1;1.3;0;True;False;2009-01-26;;;;;-0.31;-0.18;-1.17;-0.13;-0.08;0.58;2.29;3.51;-0.93;0.34;2.35;3.67;5.26;-14.49;1.04;0.5;8.27;2;5;247778.7762;17.90346;3.27;2.68;;6;5.38348;91.03;-0.91;1.32;-0.8;-1.13;-1.98;-1.15;1.2;0.99;0.74;0.83;;;;;;;;;;;;0.2477;0.18691;-0.63133;-0.04949;;;;;2;4.84939;4.41456;4.65111;4.40557;-3.83689;-5.41811;-16.17979;-16.48601;1.3;1.4;0;0;0;0.06;;;;3;3;3;3;3;3;3;;0.65;;;86;-14.49;0/4;;;;;Revisar (sin datos);;;;https://bancaonline.bankinter.com/resources/allfundssheets-enmenm/es/?isin=LU0398560267&language=es&currency=EUR&channel=nbol;2026-09-10
LU1883329432;Amundi Fds Global MA Cnsrv A EUR C;Amundi Funds - Global Multi-Asset Conservative A EUR (C);Amundi Luxembourg S.A.;Allocation;Cautious Allocation;Mixtos Defensivos EUR - Global;FO;EUR;Luxemburgo;3;4;1.61;1;True;False;2013-05-07;;;;;-0.07;0;-0.91;0.52;1.96;2.89;5.38;6.15;1.3;2.41;7.48;4.12;4.38;-11.41;3.8;6.69;10.02;2;;133725.20483;14.84254;3.05;2.25;;;;89.14;0.47;2.43;1.21;0.52;0.91;0.54;1.73;1.34;1.19;1.17;;;;;;;;;;;;0.58189;0.52649;-0.06694;0.32745;;;;;4;7.02075;5.97985;6.92007;5.69314;-5.8366;-5.93457;-14.83959;-14.83959;1.61;1.25;1;5;0;0.47;;;;3;3;1;1;1;2;0;;1.04;;;86;-11.41;2/4;;;;;Revisar (sin datos);;;;https://bancaonline.bankinter.com/resources/allfundssheets-enmenm/es/?isin=LU1883329432&language=es&currency=EUR&channel=nbol;2026-09-10
LU1941681956;Amundi Fds MA Consrv Rspnb A EUR C;Amundi Funds - Multi-Asset Conservative Responsible - A EUR (C);Amundi Luxembourg S.A.;Allocation;Cautious Allocation;Mixtos Defensivos EUR - Global;FO;EUR;Luxemburgo;3;3;1.48;1;True;False;2019-04-18;;;;;-0.18;-0.09;-1.25;0.64;3.12;3.04;3.78;4.61;0.36;1.57;1.55;5.3;7.21;-13.93;3.89;3.28;7.59;2;;129169.3782;16.68879;3.12;2.53;;;;90.96;-0.13;2.2;-0.4;-0.81;-0.03;-0.37;1.5;1.31;1.2;1.22;;;;;;;;;;;;0.33994;0.3042;-0.21128;0.17315;;;;;4;6.17951;5.8417;6.79761;5.75452;-4.68933;-7.23849;-15.18254;-15.18254;1.48;1.2;1;5;0;0.07;;;;2;1;1;2;2;3;2;;0.64;;;86;-13.93;0/4;;;;;Revisar (sin datos);;;;https://bancaonline.bankinter.com/resources/allfundssheets-enmenm/es/?isin=LU1941681956&language=es&currency=EUR&channel=nbol;2026-09-10
LU2794620414;Assenagon I Multi Asset Con P2;Assenagon I Multi Asset Conservative (P2);Assenagon Asset Management SA;Allocation;Cautious Allocation;Mixtos Defensivos EUR - Global;FO;EUR;Luxemburgo;2;5;2.06;0;True;False;2024-05-14;;;;;-0.15;-0.2;0.08;0.03;1.82;5.25;9.75;9.98;4.79;;10.89;9.41;8.77;-9.36;6.07;12.28;9.84;2;5;60471.24372;15.0389;2.22;1.63;;12;6.69895;74.13;2.02;2.58;5.77;4.88;3.9;;1.2;1.03;0.87;;;;;;;;;;;;;1.39147;1.36158;0.53486;;;;;;3;5.58514;5.07661;5.56192;;-4.02909;-6.68148;-11.77845;;2.06;1.3;1;4;0;0.26;;;;2;2;0;0;0;0;;;1.49;;;86;-9.36;3/4;;;;;Revisar (sin datos);;;;https://bancaonline.bankinter.com/resources/allfundssheets-enmenm/es/?isin=LU2794620414&language=es&currency=EUR&channel=nbol;2026-09-10
ES0158988008;Bankinter Ethos A FI;Bankinter Ethos A FI;Bankinter Gestión de Activos SGIIC;Allocation;Cautious Allocation;Mixtos Defensivos EUR - Global;FO;EUR;España;2;4;0.9;200000;True;False;2021-03-26;;;;;-0.05;-0.14;-0.8;0.9;3.34;2.52;4.52;5.66;2.49;;3.3;7.72;7.82;-9.59;;;;2;;344220.54581;21.69083;4.58;4.01;;;;74.54;0.4;2.24;1.11;1.1;1.6;;1.08;0.88;0.87;;;;;;;;;;;;;0.59559;0.6541;0.11885;;;;;;3;4.88799;4.36213;5.18937;;-3.92624;-5.4146;-10.65864;;0.9;0.75;0;0;0;0.04;0.1;;;1;0;2;2;1;0;;;1.05;;;75;-9.59;1/4;;;;;Revisar (sin datos);;;;https://bancaonline.bankinter.com/resources/allfundssheets-enmenm/es/?isin=ES0158988008&language=es&currency=EUR&channel=nbol;2026-09-10
ES0158988032;Bankinter Ethos R FI;Bankinter Ethos R FI;Bankinter Gestión de Activos SGIIC;Allocation;Cautious Allocation;Mixtos Defensivos EUR - Global;FO;EUR;España;2;4;1.15;10;True;False;2021-03-26;;;;;-0.05;-0.14;-0.82;0.83;3.21;2.35;4.26;5.4;2.23;;3.05;7.46;7.56;-9.82;;;;2;;344220.54581;21.69083;4.58;4.01;;;;74.57;0.29;2.24;0.86;0.85;1.35;;1.08;0.89;0.87;;;;;;;;;;;;;0.54406;0.59658;0.06977;;;;;;3;4.88782;4.36229;5.18883;;-3.97294;-5.49096;-10.83036;;1.15;1;0;0;0;0.04;0.1;;;1;0;2;2;1;1;;;0.98;;;75;-9.82;1/4;;;;;Revisar (sin datos);;;;https://bancaonline.bankinter.com/resources/allfundssheets-enmenm/es/?isin=ES0158988032&language=es&currency=EUR&channel=nbol;2026-09-10
LU1496042869;Bankinter IFS Multifunds Cnsrv A Acc;Bankinter International Fund SICAV - Multifunds Conservative A Acc;Bankinter Luxembourg S.A.;Allocation;Cautious Allocation;Mixtos Defensivos EUR - Global;FO;EUR;Luxemburgo;2;3;1.14;;True;False;2017-03-06;;;;;-0.03;-0.02;-0.4;0.32;1.78;2.24;3.6;4.55;1.46;;2.68;5.6;5.86;-8.66;2.79;1.66;4.82;2;;181247.41662;17.33485;2.99;2.36;;;;77.81;-0.06;2.03;0.2;0.45;0.26;;1;0.7;0.57;;;;;;;;;;;;;0.43718;0.54312;-0.11059;;;;;;1;4.26009;3.39077;3.74867;;-2.86748;-3.94864;-9.26604;;1.14;0.05;0;0;;0;;;;1;1;2;2;2;1;;;1.15;;;86;-8.66;0/4;;;;;Revisar (sin datos);;;;https://bancaonline.bankinter.com/resources/allfundssheets-enmenm/es/?isin=LU1496042869&language=es&currency=EUR&channel=nbol;2026-09-10
LU1496042943;Bankinter IFS Multifunds Cnsrv B Acc;Bankinter International Fund SICAV - Multifunds Conservative B Acc;Bankinter Luxembourg S.A.;Allocation;Cautious Allocation;Mixtos Defensivos EUR - Global;FO;EUR;Luxemburgo;2;3;0.85;;True;False;2017-03-07;;;;;-0.03;-0.02;-0.38;0.39;1.93;2.44;3.9;4.84;1.75;;2.95;5.92;6.17;-8.39;3.2;2.15;5.32;2;;181247.41662;17.33485;2.99;2.36;;;;77.83;0.09;2.03;0.46;0.73;0.54;;1;0.7;0.57;;;;;;;;;;;;;0.49909;0.62697;-0.03175;;;;;;1;4.25898;3.39113;3.74936;;-2.84298;-3.90352;-9.02795;;0.85;0.05;0;0;;0;;;;1;1;2;2;2;1;;;1.24;;;86;-8.39;1/4;;;;;Revisar (sin datos);;;;https://bancaonline.bankinter.com/resources/allfundssheets-enmenm/es/?isin=LU1496042943&language=es&currency=EUR&channel=nbol;2026-09-10
ES0113500013;Bankinter Platea Conservador A FI;Bankinter Platea Conservador A FI;Bankinter Gestión de Activos SGIIC;Allocation;Cautious Allocation;Mixtos Defensivos EUR - Global;FO;EUR;España;2;3;1.3;50000;True;False;2017-09-29;;;;;0.06;-0.08;-0.37;0.16;1.45;2.11;3.5;4.65;1.69;;3.19;5.36;6.71;-8.24;2.63;1.59;4.74;2;;184646.27738;16.86446;2.95;2.39;;;;88.99;-0.09;1.59;0.04;0.37;0.55;;0.9;0.72;0.67;;;;;;;;;;;;;0.40752;0.55138;-0.05876;;;;;;2;3.78908;3.27155;3.91478;;-2.94347;-3.44205;-9.58871;;1.3;0.9;1;0;0;0.14;0.1;;;2;1;2;2;2;1;;;1.35;;;86;-8.24;1/4;;;;;Revisar (sin datos);;;;https://bancaonline.bankinter.com/resources/allfundssheets-enmenm/es/?isin=ES0113500013&language=es&currency=EUR&channel=nbol;2026-09-10
ES0113500005;Bankinter Platea Conservador B FI;Bankinter Platea Conservador B FI;Bankinter Gestión de Activos SGIIC;Allocation;Cautious Allocation;Mixtos Defensivos EUR - Global;FO;EUR;España;2;3;1.15;200000;True;False;2015-11-20;;;;;0.06;-0.07;-0.36;0.2;1.52;2.2;3.64;4.8;1.84;1.57;3.34;5.53;6.87;-8.11;2.81;1.73;4.88;2;;184646.27738;16.86446;2.95;2.39;;;;89.54;0;1.56;0.18;0.51;0.75;0.03;0.9;0.73;0.7;0.79;;;;;;;;;;;;0.44476;0.59679;-0.01524;0.2272;;;;;2;3.78528;3.2708;4.14423;4.06295;-2.93051;-3.41777;-10.04448;-11.14385;1.15;0.75;1;0;0;0.14;0.1;;;2;1;2;2;2;1;2;;1.4;;;86;-8.11;1/4;;;;;Revisar (sin datos);;;;https://bancaonline.bankinter.com/resources/allfundssheets-enmenm/es/?isin=ES0113500005&language=es&currency=EUR&channel=nbol;2026-09-10
ES0113500039;Bankinter Platea Conservador D FI;Bankinter Platea Conservador D FI;Bankinter Gestión de Activos SGIIC;Allocation;Cautious Allocation;Mixtos Defensivos EUR - Global;FO;EUR;España;2;3;1.5;10;True;False;2020-10-30;;;;;0.06;-0.09;-0.42;0.13;1.47;2.14;3.56;4.7;1.42;;3.23;5.56;6.43;-8.49;1.56;;;2;;184646.27738;16.86446;2.95;2.39;;;;89.32;-0.06;1.52;0.04;0.37;0.3;;0.94;0.75;0.68;;;;;;;;;;;;;0.40698;0.5508;-0.12665;;;;;;2;3.95379;3.37903;3.97533;;-3.05426;-3.55852;-10.70773;;1.5;1.1;0;0;0;0.14;0.1;;;2;1;2;2;2;2;;;1.32;;;80;-8.49;0/4;;;;;Revisar (sin datos);;;;https://bancaonline.bankinter.com/resources/allfundssheets-enmenm/es/?isin=ES0113500039&language=es&currency=EUR&channel=nbol;2026-09-10
ES0113500021;Bankinter Platea Conservador R FI;Bankinter Platea Conservador R FI;Bankinter Gestión de Activos SGIIC;Allocation;Cautious Allocation;Mixtos Defensivos EUR - Global;FO;EUR;España;2;3;1.5;10;True;False;2020-03-17;;;;;0.06;-0.09;-0.42;0.13;1.47;2.14;3.57;4.71;1.63;;3.24;5.56;6.44;-8.47;2.58;;;2;;184646.27738;16.86446;2.95;2.39;;;;89.28;-0.05;1.53;0.05;0.38;0.5;;0.94;0.75;0.68;;;;;;;;;;;;;0.40975;0.55283;-0.07207;;;;;;2;3.95317;3.37921;3.98671;;-3.05429;-3.55853;-9.81085;;1.5;1.1;0;0;0;0.14;0.1;;;2;1;2;2;2;1;;;1.32;;;80;-8.47;1/4;;;;;Revisar (sin datos);;;;https://bancaonline.bankinter.com/resources/allfundssheets-enmenm/es/?isin=ES0113500021&language=es&currency=EUR&channel=nbol;2026-09-10
ES0135704015;Bankinter Platea Defensivo A FI;Bankinter Platea Defensivo A FI;Bankinter Gestión de Activos SGIIC;Allocation;Cautious Allocation;Mixtos Defensivos EUR - Global;FO;EUR;España;2;3;0.97;50000;True;False;2017-09-29;;;;;0.05;-0.06;-0.27;0.14;0.5;1;1.8;3.59;0.86;;2.65;4.18;4.87;-7.48;0.46;0.78;1.98;2;4;187482.36362;16.9175;2.91;2.37;;11;3.25576;90.75;-0.53;2.28;-1.11;-0.21;-0.55;;0.59;0.48;0.47;;;;;;;;;;;;;-0.05086;0.34572;-0.41192;;;;;;1;2.42477;2.1878;2.79471;;-1.93917;-1.93917;-8.72594;;0.97;0.65;0;0;0;0.09;0.1;;;2;2;3;3;3;2;;;1.85;;;86;-7.48;0/4;;;;;Revisar (sin datos);;;;https://bancaonline.bankinter.com/resources/allfundssheets-enmenm/es/?isin=ES0135704015&language=es&currency=EUR&channel=nbol;2026-09-10
ES0135704007;Bankinter Platea Defensivo B FI;Bankinter Platea Defensivo B FI;Bankinter Gestión de Activos SGIIC;Allocation;Cautious Allocation;Mixtos Defensivos EUR - Global;FO;EUR;España;2;2;0.82;200000;True;False;2015-11-20;;;;;0.05;-0.06;-0.25;0.18;0.58;1.1;1.95;3.74;1.01;0.64;2.8;4.34;5.03;-7.34;0.61;0.93;2.13;2;4;187482.36362;16.9175;2.91;2.37;;11;3.25576;90.74;-0.46;2.28;-0.96;-0.06;-0.4;-0.64;0.59;0.48;0.47;0.51;;;;;;;;;;;;0.01117;0.4156;-0.35488;-0.02609;;;;;1;2.42425;2.18732;2.7948;2.63077;-1.92705;-1.92705;-8.57237;-8.58913;0.82;0.5;0;0;0;0.09;0.1;;;2;2;3;3;3;2;3;;1.94;;;86;-7.34;0/4;;;;;Revisar (sin datos);;;;https://bancaonline.bankinter.com/resources/allfundssheets-enmenm/es/?isin=ES0135704007&language=es&currency=EUR&channel=nbol;2026-09-10
ES0135704023;Bankinter Platea Defensivo R FI;Bankinter Platea Defensivo R FI;Bankinter Gestión de Activos SGIIC;Allocation;Cautious Allocation;Mixtos Defensivos EUR - Global;FO;EUR;España;2;3;1.07;10;True;False;2020-03-17;;;;;0.05;-0.07;-0.27;0.12;0.45;0.93;1.7;3.46;0.73;;2.54;4.04;4.71;-7.61;0.31;;;2;4;187482.36362;16.9175;2.91;2.37;;11;3.25576;90.77;-0.58;2.28;-1.21;-0.33;-0.68;;0.59;0.48;0.47;;;;;;;;;;;;;-0.09218;0.29014;-0.46183;;;;;;1;2.42511;2.18699;2.79548;;-1.9472;-1.9472;-8.87922;;1.07;0.75;0;0;0;0.09;0.1;;;2;2;3;3;3;2;;;1.78;;;80;-7.61;0/4;;;;;Revisar (sin datos);;;;https://bancaonline.bankinter.com/resources/allfundssheets-enmenm/es/?isin=ES0135704023&language=es&currency=EUR&channel=nbol;2026-09-10
LU2075344551;DIP Lift Income R1 EUR Acc;DIP - Lift Income R1 EUR Acc;A&G Fondos SGIIC;Allocation;Cautious Allocation;Mixtos Defensivos EUR - Global;FO;EUR;Luxemburgo;3;3;1.72;0;True;False;2020-11-05;;;;;-0.13;-0.32;-0.23;1.98;1.67;2.82;5.35;3.31;1.89;;10.33;-4.35;7.51;-6.7;9.85;;;4;;6352.20461;;;;;;;40.38;-0.41;3.66;2.78;-0.75;0.82;;0.67;0.65;0.58;;;;;;;;;;;;;1.07037;0.12248;0.03206;;;;;;3;3.64558;4.27139;4.93701;;-3.15899;-7.17486;-10.47333;;1.72;1.25;0;5;0;0.12;;;;0;2;1;1;3;1;;;0.46;;;60;-6.7;1/4;;;;;Revisar (sin datos);;;;https://bancaonline.bankinter.com/resources/allfundssheets-enmenm/es/?isin=LU2075344551&language=es&currency=EUR&channel=nbol;2026-09-10
LU2075344635;DIP Lift Income R2 EUR Inc;DIP - Lift Income R2 EUR Inc;A&G Fondos SGIIC;Allocation;Cautious Allocation;Mixtos Defensivos EUR - Global;FO;EUR;Luxemburgo;3;2;1.67;0;True;False;2023-12-21;;;;;-0.13;-0.32;-0.23;-0.04;-0.35;0.78;3.25;2.62;1.49;;10.41;-4.3;7.39;-6.7;9.85;;;4;;6352.20461;;;;;;;44.06;-0.61;3.55;0.48;-1.5;0.44;;0.85;0.69;0.59;;;;;;;;;;;;;0.46568;-0.03004;-0.04869;;;;;;3;4.07341;4.35886;4.97515;;-3.16642;-7.17625;-10.47317;;1.67;1.25;0;5;0;0.11;;;;2;3;3;2;3;1;;;0.37;;;60;-6.7;0/4;;;;;Revisar (sin datos);;;;https://bancaonline.bankinter.com/resources/allfundssheets-enmenm/es/?isin=LU2075344635&language=es&currency=EUR&channel=nbol;2026-09-10
LU0087412390;DWS Concept DJE Alpha Renten Global LC;DWS Concept DJE Alpha Renten Global LC;DWS Investment S.A.;Allocation;Cautious Allocation;Mixtos Defensivos EUR - Global;FO;EUR;Luxemburgo;2;4;1.4;1;True;False;1998-04-30;;;;;-0.04;0.15;-0.29;-0.47;-0.8;2.39;4.06;5.08;1.84;2.11;2.22;6.29;3.23;-6.33;2.57;6.25;7.27;1;;136199.61492;14.54075;2.02;1.69;;;;57.36;0.15;2.95;0.99;0.9;0.58;0.81;0.9;0.76;0.57;0.59;;;;;;;;;;;;0.5102;0.56478;-0.01803;0.37517;;;;;2;4.86655;4.27254;4.46506;3.94901;-2.99103;-4.78791;-8.95669;-8.95669;1.4;1.35;0;2;0;0.37;;;;3;3;2;2;2;1;1;;1.06;;;86;-6.33;2/4;;;;;Revisar (sin datos);;;;https://bancaonline.bankinter.com/resources/allfundssheets-enmenm/es/?isin=LU0087412390&language=es&currency=EUR&channel=nbol;2026-09-10
LU0136412771;Ethna-AKTIV A;Ethna-AKTIV A;ETHENEA Independent Investors S.A.;Allocation;Cautious Allocation;Mixtos Defensivos EUR - Global;FO;EUR;Luxemburgo;3;5;1.88;0;True;False;2002-02-15;;;;;-0.25;-0.06;-0.84;-0.99;3.42;4.84;9.29;6.98;4.3;3.11;8.12;6.05;7.44;-6.55;5.13;1.13;10.43;2;6;370044.80887;20.31894;3.82;1.88;;7;12.25;57.02;0.47;4.67;4.61;1.77;3.07;1.73;2.04;1.24;0.52;0.75;;;;;;;;;;;;0.88638;0.6057;0.40457;0.43582;;;;;4;9.0343;6.93095;6.17504;5.92929;-5.24775;-9.17038;-9.17038;-11.57114;1.88;1.65;1;3;0;0.79;0.05;;;3;0;0;0;0;0;0;;0.76;;;86;-6.55;4/4;;;;;Revisar (sin datos);;;;https://bancaonline.bankinter.com/resources/allfundssheets-enmenm/es/?isin=LU0136412771&language=es&currency=EUR&channel=nbol;2026-09-10
LU0431139764;Ethna-AKTIV T;Ethna-AKTIV T;ETHENEA Independent Investors S.A.;Allocation;Cautious Allocation;Mixtos Defensivos EUR - Global;FO;EUR;Luxemburgo;3;5;1.88;0;True;False;2009-07-17;;;;;-0.24;-0.07;-0.84;-0.98;3.44;4.86;9.3;6.97;4.3;3.11;8.12;6.04;7.44;-6.55;5.14;1.16;10.41;2;6;370044.80887;20.31894;3.82;1.88;;7;12.25;57;0.47;4.67;4.61;1.77;3.07;1.73;2.04;1.24;0.52;0.75;;;;;;;;;;;;0.88744;0.60539;0.40435;0.43678;;;;;4;9.0279;6.9296;6.17438;5.92651;-5.23213;-9.17525;-9.17525;-11.55629;1.88;1.65;1;3;0;0.79;0.05;;;3;0;0;0;0;0;0;;0.76;;;86;-6.55;4/4;;;;;Revisar (sin datos);;;;https://bancaonline.bankinter.com/resources/allfundssheets-enmenm/es/?isin=LU0431139764&language=es&currency=EUR&channel=nbol;2026-09-10
LU0393653166;Fidelity Glb MA Dfsv A-Acc-EUR;Fidelity Funds - Global Multi Asset Defensive Fund A-Acc-EUR;FIL Investment Management (Luxembourg) S.à r.l.;Allocation;Cautious Allocation;Mixtos Defensivos EUR - Global;FO;EUR;Luxemburgo;2;2;1.4;;True;False;2009-01-19;;;;;0.21;0.43;-0.43;0.29;0.29;3.7;7.11;6.16;0.39;0.37;8.51;3.41;3.53;-14.8;5.16;-10.79;7.62;2;;60109.04203;15.86885;2.41;1.84;;;;63.29;0.38;3.19;3.07;1.22;-0.62;-1.25;1.6;0.99;0.8;0.89;;;;;;;;;;;;0.7715;0.60099;-0.2949;-0.03992;;;;;4;7.44822;5.25014;5.35437;6.34168;-4.95463;-4.95463;-16.90757;-23.58806;1.4;0.9;0;5;0;0.08;;;;3;3;1;0;1;3;3;;1.24;;;71;-14.8;2/4;;;;;Revisar (sin datos);;;;https://bancaonline.bankinter.com/resources/allfundssheets-enmenm/es/?isin=LU0393653166&language=es&currency=EUR&channel=nbol;2026-09-10
LU0413543991;Fidelity Glb MA Dfsv A-Dis-EUR;Fidelity Funds - Global Multi Asset Defensive Fund A-DIST-EUR;FIL Investment Management (Luxembourg) S.à r.l.;Allocation;Cautious Allocation;Mixtos Defensivos EUR - Global;FO;EUR;Luxemburgo;2;2;1.4;;True;False;2009-09-18;;;;;0.26;0.43;-0.34;0.34;0.34;3.69;7.18;6.15;0.39;0.37;8.48;3.48;3.61;-14.81;5.1;-10.8;7.6;2;;60109.04203;15.86885;2.41;1.84;;;;63.78;0.38;3.15;3.04;1.21;-0.64;-1.25;1.61;0.99;0.8;0.89;;;;;;;;;;;;0.77086;0.60361;-0.29898;-0.04026;;;;;4;7.42576;5.20874;5.33931;6.33287;-4.97512;-4.97512;-16.90469;-23.63556;1.4;1.5;0;5;0;0.08;;;;3;3;1;0;1;3;3;;1.24;;;71;-14.81;2/4;;;;;Revisar (sin datos);;;;https://bancaonline.bankinter.com/resources/allfundssheets-enmenm/es/?isin=LU0413543991&language=es&currency=EUR&channel=nbol;2026-09-10
LU1245470593;FvS Multi Asset Defensive ET;Flossbach von Storch - Multi Asset Defensive ET;Flossbach von Storch Invest S.A.;Allocation;Cautious Allocation;Mixtos Defensivos EUR - Global;FO;EUR;Luxemburgo;2;3;2.02;0;True;False;2015-07-10;;;;;-0.23;-0.85;-0.93;1.66;-0.34;0.28;2.44;4.79;1.29;1.47;4.43;6.59;6.37;-10.49;3.79;-2.07;12.39;2;6;108243.44711;19.54154;3.87;3.29;;8;7.80718;68.21;0.16;2.53;0.42;0.7;0.42;-0.05;1.08;0.85;0.74;0.94;;;;;;;;;;;;0.41412;0.54517;-0.09238;0.19558;;;;;3;5.40071;4.36911;4.88659;5.20221;-5.10727;-5.10727;-12.72519;-12.72519;2.02;1.87;0;1;0;0.06;;;;0;2;3;2;2;2;2;;0.94;;;71;-10.49;0/4;;;;;Revisar (sin datos);;;;https://bancaonline.bankinter.com/resources/allfundssheets-enmenm/es/?isin=LU1245470593&language=es&currency=EUR&channel=nbol;2026-09-10
LU0119196938;GS Patrimonial Def-P Cap EUR;Goldman Sachs Patrimonial Defensive - P Cap EUR;Goldman Sachs Asset Management B.V.;Allocation;Cautious Allocation;Mixtos Defensivos EUR - Global;FO;EUR;Luxemburgo;3;2;1.2;0;True;False;1994-07-15;;;;;-0.23;-0.17;-1.16;-0.21;1.88;1.8;3.33;5.05;-0.1;1.52;1.22;6.88;9.06;-17.2;4.26;4.86;9.42;2;4;216210.1475;18.50403;3.54;2.96;;8;6.15216;94.54;0.03;2.33;-0.51;-0.68;-0.38;-0.42;1.51;1.43;1.27;1.28;;;;;;;;;;;;0.32955;0.34265;-0.26258;0.1712;;;;;4;6.07872;6.24739;7.11073;5.99184;-4.51162;-7.23939;-18.91729;-18.91729;1.2;1.2;0;3;0;0;;;;3;2;2;2;2;3;2;;0.7;;;86;-17.2;0/4;;;;;Revisar (sin datos);;;;https://bancaonline.bankinter.com/resources/allfundssheets-enmenm/es/?isin=LU0119196938&language=es&currency=EUR&channel=nbol;2026-09-10
LU0701293705;Incometric Heed Patrimonio A1;Incometric Fund Heed Patrimonio A1;Heed Capital SGOIC SA;Allocation;Cautious Allocation;Mixtos Defensivos EUR - Global;FO;EUR;Luxemburgo;3;4;2.23;5000;True;False;2012-09-20;;;;;-0.11;0;-1.32;0.11;3.23;4.07;9.4;11.01;3.13;4.5;17.78;4.73;12.4;-19.87;9.15;3.65;11.2;1;;52878.05885;12.03604;1.36;0.91;;;;81.01;0.89;6.11;5.09;3.37;4.11;2.09;1.71;2.05;2.02;2.03;;;;;;;;;;;;1.06875;0.76762;0.14726;0.3822;;;;;5;7.41549;9.62432;12.25506;11.46481;-5.5991;-10.29853;-25.47772;-26.51625;2.23;1.5;1;5;0;0.14;0.1;;;3;2;0;0;0;0;0;;1.07;;;86;-19.87;4/4;;;;;Revisar (sin datos);;;;https://bancaonline.bankinter.com/resources/allfundssheets-enmenm/es/?isin=LU0701293705&language=es&currency=EUR&channel=nbol;2026-09-10
LU1458463079;JPM Global Income Cnsrv A acc EUR;JPMorgan Investment Funds - Global Income Conservative Fund A (acc) EUR;JPMorgan Asset Management (Europe) S.à r.l.;Allocation;Cautious Allocation;Mixtos Defensivos EUR - Global;FO;EUR;Luxemburgo;3;2;1.45;35000;True;False;2016-10-12;;;;;-0.05;0.11;-0.23;0.71;1.64;2.18;3.92;5.89;0.41;;7.22;3.75;4.83;-14.13;2.54;3.92;7.55;2;8;129590.38232;15.0142;2.66;2.14;;14;;87.48;0.41;2.32;0.62;0.46;-0.06;;1.24;1.27;1.12;;;;;;;;;;;;;0.52325;0.51464;-0.205;;;;;;4;5.13146;5.73692;6.72473;;-4.06384;-5.8362;-18.02288;;1.45;1.25;0;5;1;0.16;;;;2;2;2;2;1;3;;;1.01;;;86;-14.13;0/4;;;;;Revisar (sin datos);;;;https://bancaonline.bankinter.com/resources/allfundssheets-enmenm/es/?isin=LU1458463079&language=es&currency=EUR&channel=nbol;2026-09-10
LU1458463152;JPM Global Income Cnsrv A dist EUR;JPMorgan Investment Funds - Global Income Conservative Fund A (dist) EUR;JPMorgan Asset Management (Europe) S.à r.l.;Allocation;Cautious Allocation;Mixtos Defensivos EUR - Global;FO;EUR;Luxemburgo;3;2;1.45;35000;True;False;2016-10-12;;;;;-0.05;0.12;-0.23;0.72;1.64;2.18;3.92;5.89;0.41;;7.23;3.74;4.84;-14.13;2.54;3.92;7.55;2;8;129590.38232;15.0142;2.66;2.14;;14;;87.42;0.41;2.33;0.61;0.46;-0.07;;1.24;1.27;1.12;;;;;;;;;;;;;0.52099;0.51384;-0.20515;;;;;;4;5.14328;5.74496;6.72854;;-4.06112;-5.84019;-18.03295;;1.45;1.25;0;5;1;0.16;;;;2;2;2;2;1;3;;;1.01;;;86;-14.13;0/4;;;;;Revisar (sin datos);;;;https://bancaonline.bankinter.com/resources/allfundssheets-enmenm/es/?isin=LU1458463152&language=es&currency=EUR&channel=nbol;2026-09-10
LU1458463236;JPM Global Income Cnsrv A div EUR;JPMorgan Investment Funds - Global Income Conservative Fund A (div) EUR;JPMorgan Asset Management (Europe) S.à r.l.;Allocation;Cautious Allocation;Mixtos Defensivos EUR - Global;FO;EUR;Luxemburgo;3;2;1.45;35000;True;False;2016-10-12;;;;;-0.05;0.12;-0.23;0.71;1.64;2.18;3.91;5.89;0.42;;7.23;3.74;4.84;-14.1;2.56;3.93;7.54;2;8;129590.38232;15.0142;2.66;2.14;;14;;87.41;0.41;2.33;0.61;0.46;-0.06;;1.24;1.27;1.12;;;;;;;;;;;;;0.5227;0.51382;-0.2037;;;;;;4;5.12651;5.74341;6.72648;;-4.06554;-5.84204;-18.01241;;1.45;1.25;0;5;1;0.16;;;;2;2;2;2;1;3;;;1.01;;;86;-14.1;0/4;;;;;Revisar (sin datos);;;;https://bancaonline.bankinter.com/resources/allfundssheets-enmenm/es/?isin=LU1458463236&language=es&currency=EUR&channel=nbol;2026-09-10
LU1458464713;JPM Global Income Cnsrv D acc EUR;JPMorgan Investment Funds - Global Income Conservative Fund D (acc) EUR;JPMorgan Asset Management (Europe) S.à r.l.;Allocation;Cautious Allocation;Mixtos Defensivos EUR - Global;FO;EUR;Luxemburgo;3;2;1.8;5000;True;False;2016-10-12;;;;;-0.05;0.11;-0.26;0.63;1.46;1.94;3.56;5.52;0.06;;6.85;3.39;4.45;-14.42;2.18;3.57;7.17;2;8;129590.38232;15.0142;2.66;2.14;;14;;87.47;0.25;2.33;0.26;0.11;-0.42;;1.24;1.27;1.12;;;;;;;;;;;;;0.45359;0.45324;-0.25802;;;;;;4;5.13759;5.74002;6.72588;;-4.08871;-6.0144;-18.45869;;1.8;1.25;0;5;1;0.16;;;;2;2;2;2;2;3;;;0.92;;;86;-14.42;0/4;;;;;Revisar (sin datos);;;;https://bancaonline.bankinter.com/resources/allfundssheets-enmenm/es/?isin=LU1458464713&language=es&currency=EUR&channel=nbol;2026-09-10
LU1458464804;JPM Global Income Cnsrv D div EUR;JPMorgan Investment Funds - Global Income Conservative Fund D (div) EUR;JPMorgan Asset Management (Europe) S.à r.l.;Allocation;Cautious Allocation;Mixtos Defensivos EUR - Global;FO;EUR;Luxemburgo;3;2;1.8;5000;True;False;2016-11-10;;;;;-0.05;0.1;-0.26;0.63;1.46;1.93;3.56;5.52;0.07;;6.86;3.39;4.47;-14.42;2.21;3.57;7.17;2;8;129590.38232;15.0142;2.66;2.14;;14;;87.39;0.25;2.34;0.26;0.1;-0.41;;1.24;1.27;1.12;;;;;;;;;;;;;0.45299;0.45286;-0.25683;;;;;;4;5.13554;5.7437;6.72782;;-4.08058;-6.01504;-18.42992;;1.8;1.25;0;5;1;0.16;;;;2;2;2;2;2;3;;;0.92;;;86;-14.42;0/4;;;;;Revisar (sin datos);;;;https://bancaonline.bankinter.com/resources/allfundssheets-enmenm/es/?isin=LU1458464804&language=es&currency=EUR&channel=nbol;2026-09-10
FR0012355139;Lazard Patrimoine SRI RC EUR;Lazard Patrimoine SRI RC EUR;Lazard Frères Gestion;Allocation;Cautious Allocation;Mixtos Defensivos EUR - Global;FO;EUR;Francia;2;3;1.41;1;True;False;2014-12-31;;;;;-0.21;0.03;-1.78;-0.78;0.04;0.31;0.87;2.2;0.47;2.61;1.06;2.39;-0.69;0.34;5.19;2.48;7.96;2;;77018.94691;17.22942;2.7;2.1;;;;85.36;-1.28;2.22;-3.22;-3.06;-0.75;1.23;1.68;1.18;0.49;0.69;;;;;;;;;;;;-0.06071;-0.13427;-0.26911;0.363;;;;;3;6.71003;5.42948;4.88678;5.47937;-5.56512;-5.56512;-8.37855;-12.0854;1.41;1.42;0;3;0;0.1;;;;3;3;3;3;3;3;0;;0.4;;;86;-0.69;1/4;;;;;Revisar (sin datos);;;;https://bancaonline.bankinter.com/resources/allfundssheets-enmenm/es/?isin=FR0012355139&language=es&currency=EUR&channel=nbol;2026-09-10
LU0566417423;March Intl Torrenova Lux A-EUR;March International Torrenova Lux Class A-EUR;March Asset Management SGIIC;Allocation;Cautious Allocation;Mixtos Defensivos EUR - Global;FO;EUR;Luxemburgo;2;2;1.35;0;True;False;2010-12-01;;;;;-0.08;-0.08;-0.59;0.82;2.21;2.13;3.99;3.87;1.51;1.1;3.6;3.52;4.24;-5.26;3.35;-0.7;5.01;2;4;267897.43605;18.50272;2.98;2.99;;10;3;83.34;-0.5;1.96;0.96;-0.27;0.19;-0.3;0.78;0.64;0.54;0.65;;;;;;;;;;;;0.69207;0.33402;-0.13191;0.11622;;;;;1;3.26486;2.94187;3.33811;3.74963;-3.11689;-3.76;-7.41141;-11.4655;1.35;1.25;0;0;;0.29;0.15;;;1;1;2;2;3;1;2;;1.03;;;71;-5.26;0/4;;;;;Revisar (sin datos);;;;https://bancaonline.bankinter.com/resources/allfundssheets-enmenm/es/?isin=LU0566417423&language=es&currency=EUR&channel=nbol;2026-09-10
LU1570387610;Ninety One GSF Glb Mang Inc A Acc EUR H;Ninety One Global Strategy Fund - Global Managed Income Fund A Acc EUR Hedged(Reference);Ninety One Luxembourg S.A.;Allocation;Cautious Allocation;Mixtos Defensivos EUR - Global;FO;EUR;Luxemburgo;2;2;1.62;3000;True;False;2017-02-28;;;;;-0.05;-0.05;-0.32;0.55;1.12;1.49;2.26;3.48;0.41;;4.23;1.53;3.74;-7.84;-0.33;2.86;3.09;1;;79276.65549;15.1526;3.03;2.05;;12;;83.11;-0.79;1.8;-0.45;-0.88;-0.78;;0.66;0.74;0.68;;;;;;;;;;;;;0.23829;0.16599;-0.36842;;;;;;2;2.72121;3.41148;4.35277;;-2.39079;-2.43408;-12.2373;;1.62;1.15;0;5;0;0.18;;;;1;2;3;3;3;3;;;1.43;;;71;-7.84;0/4;;;;;Revisar (sin datos);;;;https://bancaonline.bankinter.com/resources/allfundssheets-enmenm/es/?isin=LU1570387610&language=es&currency=EUR&channel=nbol;2026-09-10
LU1328179103;Ninety One GSF Glb Mang Inc A Inc-2 EURH;Ninety One Global Strategy Fund - Global Managed Income Fund A Inc-2 EUR Hedged(Reference);Ninety One Luxembourg S.A.;Allocation;Cautious Allocation;Mixtos Defensivos EUR - Global;FO;EUR;Luxemburgo;2;2;1.61;3000;True;False;2015-12-17;;;;;-0.07;-0.07;-0.33;0.55;1.11;1.57;2.24;3.47;0.42;0.74;4.14;1.6;3.66;-7.83;-0.31;2.86;3.06;1;;79276.65549;15.1526;3.03;2.05;;12;;83.43;-0.79;1.79;-0.38;-0.87;-0.78;-0.72;0.66;0.73;0.68;0.77;;;;;;;;;;;;0.26248;0.16738;-0.367;0.03443;;;;;2;2.71485;3.38991;4.33066;4.27708;-2.33323;-2.44456;-12.09802;-13.202;1.61;1.15;0;5;0;0.18;;;;1;2;3;3;3;3;3;;1.42;;;71;-7.83;0/4;;;;;Revisar (sin datos);;;;https://bancaonline.bankinter.com/resources/allfundssheets-enmenm/es/?isin=LU1328179103&language=es&currency=EUR&channel=nbol;2026-09-10
LU0634509953;Nordea 1 - Balanced Income Fd BP EUR;Nordea 1 - Balanced Income Fund BP EUR;Nordea Investment Funds SA;Allocation;Cautious Allocation;Mixtos Defensivos EUR - Global;FO;EUR;Luxemburgo;3;1;1.49;0;True;False;2012-02-22;;;;;0.05;1.18;-0.69;0.57;2;1.26;0.67;3.12;-0.76;;1.3;3.33;6.58;-14.15;2.13;3.06;7.46;2;6;301886.65362;18.80398;3.73;2.99;;9;13.02636;86.88;-0.56;3.17;-3.93;-2.54;-1.2;;1.84;1.48;1.2;;;;;;;;;;;;;-0.11627;0.05565;-0.35207;;;;;;5;7.42433;6.73726;7.40833;;-6.61846;-6.61846;-17.84092;;1.49;1.2;0;1;0;0.1;;;;3;3;3;3;3;3;;;0.47;;;86;-14.15;0/4;;;;;Revisar (sin datos);;;;https://bancaonline.bankinter.com/resources/allfundssheets-enmenm/es/?isin=LU0634509953&language=es&currency=EUR&channel=nbol;2026-09-10
DE000A2JJ1W5;Oddo BHF Polaris Moderate CR EUR;Oddo BHF Polaris Moderate CR EUR;ODDO BHF Asset Management GmbH;Allocation;Cautious Allocation;Mixtos Defensivos EUR - Global;FO;EUR;Alemania;2;3;1.19;100;True;False;2018-10-01;;;;;-0.08;-0.21;-0.93;0.49;1.19;0.98;2.49;4.62;1.59;2.31;2.11;6.16;7.43;-9.33;6.01;3.49;8.06;2;;245264.2954;18.67404;3.58;3.01;;;;81.74;-0.09;1.97;-1.01;-0.12;0.83;0.64;1.29;0.98;0.89;0.95;;;;;;;;;;;;0.21603;0.39375;-0.03682;0.36146;;;;;3;5.2858;4.63281;5.2943;4.75394;-4.54258;-6.76536;-10.94014;-12.25751;1.19;1.5;1;3;0;0.17;0.01;;;2;3;3;3;2;1;1;;0.68;;;86;-9.33;1/4;;;;;Revisar (sin datos);;;;https://bancaonline.bankinter.com/resources/allfundssheets-enmenm/es/?isin=DE000A2JJ1W5&language=es&currency=EUR&channel=nbol;2026-09-10
IE00BG800Y73;PIMCO GIS Strategic Inc E EURH Acc;PIMCO GIS Strategic Income Fund E Class EUR (Hedged) Accumulation;PIMCO Global Advisors (Ireland) Limited;Allocation;Cautious Allocation;Mixtos Defensivos EUR - Global;FO;EUR;Irlanda;3;5;1.69;1000;True;False;2013-12-16;;;;;-0.13;-0.06;0.26;1.38;1.92;4.9;8.15;8.46;3.51;3.26;10.71;5.83;6.46;-8.9;5.3;0.82;6.75;1;5;56882.81907;12.84961;2.11;1.83;;11;8.2;77.32;1.42;2.55;4.16;3.27;2.89;1.42;0.99;1.1;1.04;1.18;;;;;;;;;;;;1.30977;1.02774;0.2518;0.39657;;;;;5;4.42689;5.2737;6.86073;6.97138;-4.06024;-4.43636;-14.43852;-21.33546;1.69;1.69;0;5;0;0.16;;;;0;2;0;0;0;0;0;;1.91;;;86;-8.9;4/4;;;;;Revisar (sin datos);;;;https://bancaonline.bankinter.com/resources/allfundssheets-enmenm/es/?isin=IE00BG800Y73&language=es&currency=EUR&channel=nbol;2026-09-10
IE00BG800X66;PIMCO GIS Strategic Inc E EURH IncII;PIMCO GIS Strategic Income Fund E Class EUR (Hedged) Income II;PIMCO Global Advisors (Ireland) Limited;Allocation;Cautious Allocation;Mixtos Defensivos EUR - Global;FO;EUR;Irlanda;3;5;1.69;;True;False;2013-12-16;;;;;-0.11;0;0.28;1.41;2.02;5;8.25;8.49;3.5;3.26;10.62;5.83;6.43;-8.9;5.37;0.76;6.7;1;5;56882.81907;12.84961;2.11;1.83;;11;8.2;77.01;1.39;2.6;4.19;3.25;2.9;1.41;1.01;1.11;1.05;1.19;;;;;;;;;;;;1.30373;1.01566;0.24753;0.3939;;;;;5;4.49235;5.33578;6.94539;7.0093;-4.0358;-4.47414;-14.42042;-21.27256;1.69;1.69;0;5;0;0.16;;;;0;2;0;0;0;0;0;;1.9;;;86;-8.9;4/4;;;;;Revisar (sin datos);;;;https://bancaonline.bankinter.com/resources/allfundssheets-enmenm/es/?isin=IE00BG800X66&language=es&currency=EUR&channel=nbol;2026-09-10
LU0941349192;Pictet-Multi Asset Global Opps P EUR;Pictet-Multi Asset Global Opportunities P EUR;Pictet Asset Management (Europe) SA;Allocation;Cautious Allocation;Mixtos Defensivos EUR - Global;FO;EUR;Luxemburgo;3;4;1.25;0;True;False;2013-08-21;;;;;-0.2;-0.07;-0.8;0.66;2.69;3.06;5.58;7.79;2.51;2.63;6.52;9.27;7.27;-12.22;4.06;4.53;7.3;2;;111120.13862;19.12206;3.09;2.63;;14;;85.62;1.15;2.44;1.57;2.23;1.93;0.9;1.53;1.26;1.06;1.02;;;;;;;;;;;;0.63253;0.81766;0.11743;0.40115;;;;;4;6.52734;5.76192;6.23344;5.13601;-5.08074;-5.09402;-14.1872;-14.1872;1.25;1.35;1;5;1;0.16;0.1;;;3;1;1;1;0;0;0;;1.53;;;86;-12.22;4/4;;;;;Revisar (sin datos);;;;https://bancaonline.bankinter.com/resources/allfundssheets-enmenm/es/?isin=LU0941349192&language=es&currency=EUR&channel=nbol;2026-09-10
IE00BDZS0L05;Pyrford Glbl Tot Ret(Sterling)W EUR HAcc;Pyrford Global Total Return (Sterling) Fund Class W EUR Hedged Accumulating;Pyrford International Ltd;Allocation;Cautious Allocation;Mixtos Defensivos EUR - Global;FO;EUR;Irlanda;2;4;1.66;50;True;False;2018-02-01;;;;;-0.26;0.09;-0.77;0.7;-0.35;2.76;4.15;4.75;2.34;;6.04;0.86;3.04;-1.07;1.78;0.8;2.87;1;;34997.42463;14.62172;2.45;1.65;;;;58.73;0.01;3.16;0.27;0.28;1.18;;1.39;0.88;0.6;;;;;;;;;;;;;0.39805;0.4151;0.10629;;;;;;2;6.48829;4.8379;4.65195;;-5.06757;-5.06757;-5.93302;;1.66;1.5;0;;;0.04;;;;3;3;1;2;2;0;;;0.94;;;86;-1.07;1/4;;;;;Revisar (sin datos);;;;https://bancaonline.bankinter.com/resources/allfundssheets-enmenm/es/?isin=IE00BDZS0L05&language=es&currency=EUR&channel=nbol;2026-09-10
LU0776414087;Schroder ISF Glbl MA Bal A Acc EUR;Schroder International Selection Fund Global Multi-Asset Balanced A Accumulation EUR;Schroder Investment Management (Europe) S.A.;Allocation;Cautious Allocation;Mixtos Defensivos EUR - Global;FO;EUR;Luxemburgo;3;5;1.6;1000;True;False;2012-07-02;;;;;0.14;0.75;0.21;2.62;8.42;9.26;13.47;10.88;4.45;4;11.63;6.27;6.22;-9.16;7.67;5.24;11.14;2;;136556.25248;16.81565;2.8;2.33;;;;62.94;1.14;5.1;8.09;4.76;4.24;1.92;1.92;1.45;1.29;1.39;;;;;;;;;;;;1.17561;0.98194;0.3311;0.45102;;;;;5;9.60921;7.73763;8.41243;7.75377;-6.36189;-10.41651;-15.87038;-17.23576;1.6;1.25;0;4;0;0.17;0.5;;;0;0;0;0;0;0;0;;1.04;;;86;-9.16;4/4;;;;;Revisar (sin datos);;;;https://bancaonline.bankinter.com/resources/allfundssheets-enmenm/es/?isin=LU0776414087&language=es&currency=EUR&channel=nbol;2026-09-10
LU0776414756;Schroder ISF Glbl MA Bal A Dis Q;Schroder International Selection Fund Global Multi-Asset Balanced A Distribution EUR Q;Schroder Investment Management (Europe) S.A.;Allocation;Cautious Allocation;Mixtos Defensivos EUR - Global;FO;EUR;Luxemburgo;3;5;1.6;1000;True;False;2012-07-02;;;;;0.14;0.75;0.21;2.62;8.43;9.26;13.48;10.89;4.45;4;11.63;6.27;6.23;-9.17;7.66;5.25;11.13;2;;136556.25248;16.81565;2.8;2.33;;;;62.94;1.14;5.1;8.09;4.76;4.24;1.92;1.92;1.45;1.29;1.39;;;;;;;;;;;;1.17587;0.98209;0.33108;0.4511;;;;;5;9.6091;7.73764;8.41347;7.75306;-6.36143;-10.41668;-15.87451;-17.22734;1.6;1.25;0;4;0;0.17;0.5;;;0;0;0;0;0;0;0;;1.05;;;86;-9.17;4/4;;;;;Revisar (sin datos);;;;https://bancaonline.bankinter.com/resources/allfundssheets-enmenm/es/?isin=LU0776414756&language=es&currency=EUR&channel=nbol;2026-09-10
LU0757360457;Schroder ISF Glbl MA Inc A Acc EUR H;Schroder International Selection Fund Global Multi-Asset Income A Accumulation EUR Hedged;Schroder Investment Management (Europe) S.A.;Allocation;Cautious Allocation;Mixtos Defensivos EUR - Global;FO;EUR;Luxemburgo;3;4;1.59;1000;True;False;2012-04-18;;;;;0.01;0.35;0.35;3.25;5.31;5.54;9.11;8.88;2.39;2.13;12.15;3.63;9.04;-15.03;3.52;0.77;8.85;2;;85718.48243;15.71924;2.47;2.05;0.02281;;0.01381;70.3;1.01;3.8;5.3;3.14;2.09;0.1;1.5;1.3;1.19;1.44;;;;;;;;;;;;1.03206;0.86854;0.096;0.20985;;;;;5;7.56826;6.55041;7.63881;8.24642;-5.89989;-6.36986;-20.11197;-26.52849;1.59;1.25;0;5;0;0.35;0.3;;;0;0;0;0;0;0;1;;1.39;;;86;-15.03;4/4;;;;;Revisar (sin datos);;;;https://bancaonline.bankinter.com/resources/allfundssheets-enmenm/es/?isin=LU0757360457&language=es&currency=EUR&channel=nbol;2026-09-10
LU0757360960;Schroder ISF Glbl MA Inc A Dis EUR H QV;Schroder International Selection Fund Global Multi-Asset Income A Distribution EUR Hedged QV;Schroder Investment Management (Europe) S.A.;Allocation;Cautious Allocation;Mixtos Defensivos EUR - Global;FO;EUR;Luxemburgo;3;4;1.59;1000;True;False;2012-04-18;;;;;0.01;0.35;0.35;3.25;5.3;5.54;9.09;8.87;2.39;2.12;12.15;3.58;9.04;-14.99;3.51;0.79;8.84;2;;85718.48243;15.71924;2.47;2.05;0.02281;;0.01381;70.26;1;3.81;5.28;3.13;2.09;0.1;1.5;1.3;1.2;1.44;;;;;;;;;;;;1.02923;0.86563;0.09592;0.20958;;;;;5;7.56985;6.55533;7.64579;8.24461;-5.90408;-6.36083;-20.08167;-26.55075;1.59;1.25;0;5;0;0.35;0.3;;;0;0;0;0;0;0;1;;1.39;;;86;-14.99;4/4;;;;;Revisar (sin datos);;;;https://bancaonline.bankinter.com/resources/allfundssheets-enmenm/es/?isin=LU0757360960&language=es&currency=EUR&channel=nbol;2026-09-10
LU0033040782;UBS (Lux) SF Yield (EUR) P-acc;UBS (Lux) Strategy Fund - Yield (EUR) P-acc;UBS Asset Management (Europe) S.A.;Allocation;Cautious Allocation;Mixtos Defensivos EUR - Global;FO;EUR;Luxemburgo;3;3;1.6;3000000;True;False;1991-09-10;;;;;-0.06;-0.14;-0.65;1.38;4.55;4.06;6.85;6.9;0.95;1.98;8.09;4.33;6.6;-15.91;5.2;3.06;8.91;2;7;124581.99001;16.80814;2.75;2.4;;16;;86.82;0.79;2.41;2.73;1.34;0.72;-0.02;1.51;1.28;1.24;1.4;;;;;;;;;;;;0.82783;0.66426;-0.099;0.22079;;;;;5;6.34171;5.78827;7.27097;7.0635;-4.95399;-6.62821;-19.78433;-19.78433;1.6;1.15;0;3;0;0.02;0.29;;;0;0;0;0;0;2;1;;1.04;;;86;-15.91;3/4;;;;;Revisar (sin datos);;;;https://bancaonline.bankinter.com/resources/allfundssheets-enmenm/es/?isin=LU0033040782&language=es&currency=EUR&channel=nbol;2026-09-10
LU1646954765;abrdn-Diversified Income A Acc HEUR;abrdn SICAV I - Diversified Income Fund A Acc Hedged EUR;abrdn Investments Luxembourg S.A.;Allocation;Cautious Allocation;Mixtos Defensivos EUR - Global;FO;EUR;Luxemburgo;3;4;1.52;1000;True;False;2017-08-03;;;;;-0.15;0.25;0.2;3.48;4.88;4.9;6.05;6.51;2.53;;6.67;3.94;6.7;-9.78;9.65;1.84;6.6;2;;56361.08637;18.3222;2.43;3.87;;15;;67.28;0.48;3.7;2.37;1.38;1.79;;1.56;1.22;0.88;;;;;;;;;;;;;0.64445;0.60157;0.12234;;;;;;4;7.72991;6.26195;6.39984;;-5.9673;-6.82674;-13.15383;;1.52;1.2;0;5;0;0.68;;;;0;0;0;0;0;0;;;0.95;;;86;-9.78;3/4;;;;;Revisar (sin datos);;;;https://bancaonline.bankinter.com/resources/allfundssheets-enmenm/es/?isin=LU1646954765&language=es&currency=EUR&channel=nbol;2026-09-10
LU1239090977;abrdn-Diversified Income A Grs MInc HEUR;abrdn SICAV I - Diversified Income Fund A Gross MInc Hedged EUR;abrdn Investments Luxembourg S.A.;Allocation;Cautious Allocation;Mixtos Defensivos EUR - Global;FO;EUR;Luxemburgo;3;4;1.52;;True;False;2015-10-14;;;;;-0.15;0.25;0.21;3.49;4.92;4.93;6.04;6.51;2.52;2.87;6.65;3.86;6.75;-9.76;9.65;1.87;6.6;2;;56361.08637;18.3222;2.43;3.87;;15;;66.99;0.48;3.74;2.36;1.38;1.79;1.24;1.56;1.22;0.88;1.07;;;;;;;;;;;;0.64119;0.59895;0.12192;0.3726;;;;;4;7.7422;6.2921;6.41991;6.56191;-5.96658;-6.96471;-13.14802;-19.31252;1.52;1.2;0;5;0;0.68;;;;0;0;0;0;0;0;0;;0.93;;;86;-9.76;4/4;;;;;Revisar (sin datos);;;;https://bancaonline.bankinter.com/resources/allfundssheets-enmenm/es/?isin=LU1239090977&language=es&currency=EUR&channel=nbol;2026-09-10
LU1883330521;Amundi Fds Glb MA Trg Inc A2 EUR C;Amundi Funds - Global Multi-Asset Target Income A2 EUR (C);Amundi Luxembourg S.A.;Allocation;Cautious Allocation;Mixtos Defensivos USD;FO;EUR;Luxemburgo;3;4;1.86;1;True;False;2013-05-02;;;;;-0.02;-0.11;-0.76;0.03;3.22;6.25;11.34;7.12;4.96;4.2;0.08;12.85;4.4;-3.79;15.18;-1.7;12.72;2;;295052.32114;20.08774;3.66;3.22;;;;86.68;0.94;3.24;4.08;2.02;2.68;0.77;2.01;1.44;1.34;1.39;;;;;;;;;;;;1.35268;0.62643;0.40914;0.49197;;;;;4;7.11115;7.42732;7.61072;7.34258;-4.27388;-13.71734;-13.71734;-15.11706;1.86;1.5;0;5;0;0.43;;;;3;2;0;0;0;0;0;;0.52;;;71;-3.79;4/4;;;;;Revisar (sin datos);;;;https://bancaonline.bankinter.com/resources/allfundssheets-enmenm/es/?isin=LU1883330521&language=es&currency=EUR&channel=nbol;2026-09-10
LU1883330950;Amundi Fds Glb MA Trg Inc A2 EUR QTI D;Amundi Funds - Global Multi-Asset Target Income A2 EUR QTI (D);Amundi Luxembourg S.A.;Allocation;Cautious Allocation;Mixtos Defensivos USD;FO;EUR;Luxemburgo;3;4;1.86;0;True;False;2019-06-11;;;;;-0.02;-0.12;-0.75;0.03;3.22;6.24;11.34;7.12;4.96;4.2;0.08;12.85;4.4;-3.79;15.2;-1.69;12.71;2;;295052.32114;20.08774;3.66;3.22;;;;86.67;0.94;3.23;4.08;2.03;2.68;0.77;2.01;1.43;1.34;1.39;;;;;;;;;;;;1.35513;0.62786;0.40928;0.49189;;;;;4;7.09668;7.41633;7.60973;7.34324;-4.27584;-13.72215;-13.72215;-15.1204;1.86;1.5;0;5;0;0.43;;;;3;2;0;0;0;0;0;;0.52;;;71;-3.79;4/4;;;;;Revisar (sin datos);;;;https://bancaonline.bankinter.com/resources/allfundssheets-enmenm/es/?isin=LU1883330950&language=es&currency=EUR&channel=nbol;2026-09-10
LU0553828673;Barclays MultiManager Port 1 A Acc USD;Barclays Portfolios SICAV - Barclays MultiManager Portfolio 1 A Acc USD;Barclays Investment Solutions Limited;Allocation;Cautious Allocation;Mixtos Defensivos USD;FO;USD;Luxemburgo;2;3;1.42;;True;False;2011-01-10;;;;;0.05;0.02;-0.14;0.99;2.79;3.28;5.02;6.18;2.25;2.98;6.18;5.69;6.53;-9.32;2.79;4.36;7.65;2;;146199.55815;17.38407;3.02;2.3;;;;72.44;-0.24;2.56;0.02;0.32;-0.57;-0.31;0.88;0.55;0.74;0.83;;;;;;;;;;;;0.36435;0.51027;-0.34203;0.13606;;;;;2;3.70888;2.9716;4.6004;4.29176;-2.69377;-2.69377;-12.69769;-12.69769;1.42;0.6;0;5;0;0.01;;;;1;1;2;2;2;2;2;;2.29;;;86;-9.32;0/4;;;;;Revisar (sin datos);;;;https://bancaonline.bankinter.com/resources/allfundssheets-enmenm/es/?isin=LU0553828673&language=es&currency=EUR&channel=nbol;2026-09-10
LU1075211430;Invesco Pan European Hi Inc A USDH Acc;Invesco Funds - Invesco Pan European High Income Fund A (USD Hedged) Accumulation USD;Invesco Management S.A.;Allocation;Cautious Allocation;Mixtos Defensivos USD;FO;USD;Luxemburgo;2;5;1.61;1500;True;False;2014-07-23;;;;;0;0.11;-0.49;1.85;4.42;4.96;8.46;8.85;4.82;5.22;8.51;6.81;11.88;-7.53;5.85;3.64;15.5;2;7;72688.8493;14.74397;2.11;1.55;0.02876;14;3.30964;68.17;0.75;2.68;2.84;2.26;2.31;1.65;1.22;0.82;0.94;1.18;;;;;;;;;;;;0.89016;0.89093;0.17113;0.42142;;;;;3;5.25526;4.51568;6.57024;6.96225;-3.98877;-5.45126;-13.6364;-19.71726;1.61;1.25;0;5;;0.22;;;;0;0;0;1;0;0;0;;1.62;;;86;-7.53;4/4;;;;;Revisar (sin datos);;;;https://bancaonline.bankinter.com/resources/allfundssheets-enmenm/es/?isin=LU1075211430&language=es&currency=EUR&channel=nbol;2026-09-10
LU1910254660;Ninety One GSF Glb Mang Inc A Acc EUR;Ninety One Global Strategy Fund - Global Managed Income Fund A Acc EUR;Ninety One Luxembourg S.A.;Allocation;Cautious Allocation;Mixtos Defensivos USD;FO;EUR;Luxemburgo;3;3;1.57;3000;True;False;2018-11-30;;;;;-0.12;-0.36;-0.72;0.12;1.86;3.74;5.16;2.68;2.92;;-5.9;10.4;2.69;0.5;7.93;-3.57;8.23;1;;79276.65549;15.1526;3.03;2.05;;12;;87.85;-0.76;1.73;-0.05;-0.72;-0.38;;0.7;0.74;0.7;;;;;;;;;;;;;0.78164;0.08166;0.1629;;;;;;2;4.70835;6.14955;6.0138;;-3.53908;-10.60841;-10.60841;;1.57;1.15;0;5;0;0.1;;;;0;1;2;3;3;1;;;0.25;;;71;-5.9;0/4;;;;;Revisar (sin datos);;;;https://bancaonline.bankinter.com/resources/allfundssheets-enmenm/es/?isin=LU1910254660&language=es&currency=EUR&channel=nbol;2026-09-10
LU0972617095;Ninety One GSF Glb Mang Inc A Acc USD;Ninety One Global Strategy Fund - Global Managed Income Fund A Acc USD;Ninety One Luxembourg S.A.;Allocation;Cautious Allocation;Mixtos Defensivos USD;FO;USD;Luxemburgo;2;3;1.57;3000;True;False;2013-09-27;;;;;-0.03;0;-0.2;0.99;2.04;2.73;4.27;5.55;2.52;2.92;6.72;3.38;6.03;-5.51;0.52;4.99;6.17;1;;91211.7074;15.1526;3.03;2.05;0.03114;12;;92.67;-0.9;1.57;-0.21;-0.79;-0.45;-0.32;0.64;0.72;0.7;0.79;;;;;;;;;;;;0.2823;0.22178;-0.31944;0.12688;;;;;2;2.69303;3.41965;4.3842;4.23346;-2.25018;-2.25018;-10.35121;-12.78577;1.57;1.15;0;5;0;0.1;0.05;;;1;2;2;3;3;2;2;;2.47;;;86;-5.51;0/4;;;;;Revisar (sin datos);;;;https://bancaonline.bankinter.com/resources/allfundssheets-enmenm/es/?isin=LU0972617095&language=es&currency=EUR&channel=nbol;2026-09-10
LU1910254744;Ninety One GSF Glb Mang Inc A Inc EUR;Ninety One Global Strategy Fund - Global Managed Income Fund A Inc-2 EUR;Ninety One Luxembourg S.A.;Allocation;Cautious Allocation;Mixtos Defensivos USD;FO;EUR;Luxemburgo;3;3;1.57;3000;True;False;2018-11-30;;;;;-0.17;-0.4;-0.76;0.1;1.81;4;5.12;2.67;2.92;;-6.12;10.35;2.71;0.5;7.91;-3.56;8.23;1;;79276.65549;15.1526;3.03;2.05;;12;;87.49;-0.76;1.74;-0.07;-0.74;-0.37;;0.7;0.74;0.7;;;;;;;;;;;;;0.77116;0.08171;0.16393;;;;;;2;4.7608;6.1588;6.02526;;-3.50337;-10.52933;-10.52933;;1.57;1.15;0;5;0;0.1;;;;0;1;2;3;3;1;;;0.25;;;71;-6.12;0/4;;;;;Revisar (sin datos);;;;https://bancaonline.bankinter.com/resources/allfundssheets-enmenm/es/?isin=LU1910254744&language=es&currency=EUR&channel=nbol;2026-09-10
IE00BG800R07;PIMCO GIS Strategic Inc E USD Acc;PIMCO GIS Strategic Income Fund E Class USD Accumulation;PIMCO Global Advisors (Ireland) Limited;Allocation;Cautious Allocation;Mixtos Defensivos USD;FO;USD;Irlanda;3;5;1.69;1000;True;False;2013-12-16;;;;;-0.11;0.05;0.49;1.81;2.77;6.05;10.07;10.42;5.26;5.24;13.84;6.36;8.88;-7.32;5.67;3.51;9.8;1;5;65034.20651;12.84961;2.11;1.83;;11;8.2;86.48;1.52;2.3;4;2.9;3.03;1.53;1.07;1.18;1.15;1.28;;;;;;;;;;;;1.18786;0.93804;0.21195;0.40506;;;;;4;4.71896;5.81102;7.38941;7.23349;-4.15528;-4.35323;-14.30537;-20.53233;1.69;1.69;0;5;0;0.1;;;;0;1;0;0;0;0;0;;2.39;;;86;-7.32;4/4;;;;;Revisar (sin datos);;;;https://bancaonline.bankinter.com/resources/allfundssheets-enmenm/es/?isin=IE00BG800R07&language=es&currency=EUR&channel=nbol;2026-09-10
IE00BG800Q99;PIMCO GIS Strategic Inc E USD Inc;PIMCO GIS Strategic Income Fund E Class USD Income II;PIMCO Global Advisors (Ireland) Limited;Allocation;Cautious Allocation;Mixtos Defensivos USD;FO;USD;Irlanda;3;5;1.69;1000;True;False;2013-12-16;;;;;-0.19;0;0.49;1.77;2.71;6.01;9.96;10.42;5.25;5.24;13.79;6.39;8.91;-7.4;5.71;3.55;9.78;1;5;65034.20651;12.84961;2.11;1.83;;11;8.2;86.51;1.51;2.3;3.94;2.88;3.03;1.53;1.06;1.18;1.15;1.29;;;;;;;;;;;;1.17147;0.93319;0.21068;0.40461;;;;;4;4.73246;5.81369;7.40356;7.2341;-4.10064;-4.32802;-14.23787;-20.50532;1.69;1.69;0;5;0;0.1;;;;0;1;0;0;0;0;0;;2.41;;;86;-7.4;4/4;;;;;Revisar (sin datos);;;;https://bancaonline.bankinter.com/resources/allfundssheets-enmenm/es/?isin=IE00BG800Q99&language=es&currency=EUR&channel=nbol;2026-09-10
LU0757359368;Schroder ISF Glbl MA Inc A Acc USD;Schroder International Selection Fund Global Multi-Asset Income A Accumulation USD;Schroder Investment Management (Europe) S.A.;Allocation;Cautious Allocation;Mixtos Defensivos USD;FO;USD;Luxemburgo;3;4;1.57;1000;True;False;2012-04-18;;;;;0;0.38;0.47;3.69;6.29;6.9;11.36;11.06;4.56;4.33;14.77;5.48;11.54;-12.88;4.56;2.8;12.17;2;;99570.76762;15.71924;2.47;2.05;0.02281;;0.01381;80.57;1.24;3.2;5.55;3.14;2.53;0.52;1.65;1.3;1.22;1.48;;;;;;;;;;;;1.06111;0.89964;0.12593;0.25875;;;;;5;7.57599;6.57263;7.68103;8.1908;-5.74251;-6.19716;-18.42429;-25.79444;1.57;1.25;0;5;0;0.35;0.3;;;0;0;0;0;0;0;1;;1.78;;;86;-12.88;4/4;;;;;Revisar (sin datos);;;;https://bancaonline.bankinter.com/resources/allfundssheets-enmenm/es/?isin=LU0757359368&language=es&currency=EUR&channel=nbol;2026-09-10
LU0757359954;Schroder ISF Glbl MA Inc A Dis $ MF;Schroder International Selection Fund Global Multi-Asset Income A Distribution USD MF;Schroder Investment Management (Europe) S.A.;Allocation;Cautious Allocation;Mixtos Defensivos USD;FO;USD;Luxemburgo;3;4;1.56;1000;True;False;2012-04-18;;;;;0;0.38;0.47;3.69;6.29;6.91;11.36;11.06;4.55;4.33;14.78;5.48;11.54;-12.89;4.56;2.79;12.17;2;;99570.76762;15.71924;2.47;2.05;0.02281;;0.01381;80.57;1.24;3.2;5.55;3.14;2.53;0.51;1.65;1.3;1.22;1.48;;;;;;;;;;;;1.06148;0.89985;0.12571;0.25845;;;;;5;7.57595;6.57284;7.68225;8.19257;-5.74253;-6.19714;-18.43508;-25.80458;1.56;1.25;0;5;0;0.35;0.3;;;0;0;0;0;0;0;1;;1.78;;;86;-12.89;4/4;;;;;Revisar (sin datos);;;;https://bancaonline.bankinter.com/resources/allfundssheets-enmenm/es/?isin=LU0757359954&language=es&currency=EUR&channel=nbol;2026-09-10
LU1417001382;UBS (Lux) SF Yield $ P-4%-mdist;UBS (Lux) Strategy Fund - Yield (USD) P-4%-mdist;UBS Asset Management (Europe) S.A.;Allocation;Cautious Allocation;Mixtos Defensivos USD;FO;USD;Luxemburgo;3;3;1.57;30000000;True;False;2016-06-01;;;;;0.02;-0.24;0.04;1.05;4.57;5.17;8.72;8.65;2.78;4.09;10.39;6.29;8.76;-14.26;5.2;6.65;12.49;2;4;182722.13837;17.42262;3.15;2.78;0.01504;13;;87.36;0.7;2.56;2.65;1.16;0.85;0.25;1.5;1.28;1.27;1.45;;;;;;;;;;;;0.76283;0.62537;-0.10687;0.24664;;;;;4;6.43206;6.2442;7.62793;7.37422;-4.6495;-6.88774;-18.80552;-19.79825;1.57;1.15;0;3;0;0;;;;1;0;0;0;1;1;1;;1.26;;;86;-14.26;3/4;;;;;Revisar (sin datos);;;;https://bancaonline.bankinter.com/resources/allfundssheets-enmenm/es/?isin=LU1417001382&language=es&currency=EUR&channel=nbol;2026-09-10
LU0033043885;UBS (Lux) SF Yield $ P-acc;UBS (Lux) Strategy Fund - Yield (USD) P-acc;UBS Asset Management (Europe) S.A.;Allocation;Cautious Allocation;Mixtos Defensivos USD;FO;USD;Luxemburgo;3;3;1.56;5000000;True;False;1991-09-10;;;;;0.02;-0.24;0.04;1.05;4.57;5.18;8.72;8.65;2.78;4.1;10.39;6.29;8.76;-14.26;5.2;6.64;12.49;2;4;182722.13837;17.42262;3.15;2.78;0.01504;13;;87.36;0.7;2.56;2.65;1.16;0.85;0.25;1.5;1.28;1.27;1.45;;;;;;;;;;;;0.76265;0.62553;-0.10673;0.24732;;;;;4;6.43277;6.24466;7.62781;7.37417;-4.64847;-6.8879;-18.80331;-19.79912;1.56;1.15;0;3;0;0;0.29;;;1;0;1;0;1;1;1;;1.26;;;86;-14.26;3/4;;;;;Revisar (sin datos);;;;https://bancaonline.bankinter.com/resources/allfundssheets-enmenm/es/?isin=LU0033043885&language=es&currency=EUR&channel=nbol;2026-09-10
LU0033041590;UBS (Lux) SF Yield $ P-dist;UBS (Lux) Strategy Fund - Yield (USD) P-dist;UBS Asset Management (Europe) S.A.;Allocation;Cautious Allocation;Mixtos Defensivos USD;FO;USD;Luxemburgo;3;3;1.57;;True;False;1991-09-10;;;;;0.02;-0.24;0.04;1.05;4.57;5.18;8.73;8.65;2.78;4.1;10.39;6.29;8.76;-14.26;5.2;6.64;12.49;2;4;182722.13837;17.42262;3.15;2.78;;13;;87.36;0.7;2.56;2.65;1.15;0.85;0.25;1.5;1.28;1.27;1.45;;;;;;;;;;;;0.76271;0.62526;-0.10691;0.24723;;;;;4;6.43371;6.24492;7.62818;7.37446;-4.64812;-6.88771;-18.80586;-19.7998;1.57;1.15;0;3;0;0;0;;;1;0;0;0;1;1;1;;1.26;;;86;-14.26;3/4;;;;;Revisar (sin datos);;;;https://bancaonline.bankinter.com/resources/allfundssheets-enmenm/es/?isin=LU0033041590&language=es&currency=EUR&channel=nbol;2026-09-10
LU1124235240;abrdn-Diversified Income A Grs MInc EUR;abrdn SICAV I - Diversified Income Fund A Gross MInc EUR;abrdn Investments Luxembourg S.A.;Allocation;Cautious Allocation;Mixtos Defensivos USD;FO;EUR;Luxemburgo;3;5;1.52;1000;True;False;2015-06-01;;;;;-0.05;0.09;-0.4;3.1;5.41;7.43;9.13;5.44;4.8;4.64;-3.53;11.92;5.15;-2.19;19.99;-5.24;12.01;2;;56361.08637;18.3222;2.43;3.87;;15;;75.84;0.5;3.39;2.52;1.15;2.01;1.54;1.55;1.24;0.9;1.08;;;;;;;;;;;;1.23578;0.48025;0.41882;0.53481;;;;;3;5.98613;7.05463;7.35179;7.65197;-4.29376;-13.03096;-13.03096;-18.49518;1.52;1.2;0;5;0;0.68;;;;0;0;0;1;1;0;0;;0.42;;;57;-5.24;4/4;;;;;Revisar (sin datos);;;;https://bancaonline.bankinter.com/resources/allfundssheets-enmenm/es/?isin=LU1124235240&language=es&currency=EUR&channel=nbol;2026-09-10
LU1124234862;abrdn-Diversified Income A Grs MInc USD;abrdn SICAV I - Diversified Income Fund A Gross MInc USD;abrdn Investments Luxembourg S.A.;Allocation;Cautious Allocation;Mixtos Defensivos USD;FO;USD;Luxemburgo;3;5;1.52;500;True;False;2015-06-01;;;;;-0.15;0.28;0.34;3.9;5.86;6.21;8.08;8.36;4.44;4.93;8.86;5.21;9.11;-7.74;10.65;3.59;9.82;2;;64846.21339;18.3222;2.43;3.87;0.02141;15;;73.39;0.47;3.35;2.56;1.18;1.92;1.52;1.66;1.18;0.9;1.08;;;;;;;;;;;;0.65404;0.59049;0.11803;0.40867;;;;;3;7.73488;6.29236;6.45458;6.54455;-5.81147;-6.27275;-11.87421;-19.07144;1.52;1.2;0;5;0;0.68;;;;0;0;0;0;1;0;0;;1.33;;;86;-7.74;4/4;;;;;Revisar (sin datos);;;;https://bancaonline.bankinter.com/resources/allfundssheets-enmenm/es/?isin=LU1124234862&language=es&currency=EUR&channel=nbol;2026-09-10
LU2748242042;Acacia Renta Dinamica R EUR Acc;Athenee FCP Acacia Renta Dinamica R EUR Accumulated;Andbank Asset Management Luxembourg;Allocation;Flexible Allocation;Mixtos Flexibles EUR;FO;EUR;Luxemburgo;2;;1.67;0;True;False;2024-02-12;;;;;0.02;0.01;0.09;0.44;1.71;1.93;2.94;;;;3.71;;;;;;;2;;129611.87203;15.80383;2.28;1.89;;;;;;;-1.3;;;;0.28;;;;;;;;;;;;;;;0.46417;;;;;;;;;2.16009;;;;-1.7367;;;;1.67;;0;0;0;0.03;;;;2;2;3;3;;;;;;;;100;3.71;0/4;;;;;Revisar (sin datos);;;;https://bancaonline.bankinter.com/resources/allfundssheets-enmenm/es/?isin=LU2748242042&language=es&currency=EUR&channel=nbol;2026-09-10
LU1966822527;Cartesio Equity R;Cartesio Funds Equity R;Cartesio Inversiones SGIIC;Allocation;Flexible Allocation;Mixtos Flexibles EUR;FO;EUR;Luxemburgo;4;5;1.88;6000;True;False;2020-01-13;;;;;-0.3;-0.33;-1.8;3.51;9.15;11.06;18.47;17.23;10.46;;28.61;7.74;11.33;-1.92;9.28;;;1;;18859.81692;10.81698;1.29;0.79;;;;53.59;1.23;6.16;6.55;6.6;6.06;;1.11;1.06;1;;;;;;;;;;;;;1.66047;1.47067;0.82185;;;;;;4;9.52284;8.99191;10.60697;;-7.01518;-10.96631;-16.41084;;1.88;1.55;0;0;;0.09;;;;0;0;0;0;0;0;;;1.57;;;80;-1.92;3/4;;;;;Revisar (sin datos);;;;https://bancaonline.bankinter.com/resources/allfundssheets-enmenm/es/?isin=LU1966822527&language=es&currency=EUR&channel=nbol;2026-09-10
LU1097688045;Invesco Balanced-Risk Select A EUR Acc;Invesco Funds - Invesco Balanced-Risk Select Fund A Accumulation EUR;Invesco Management S.A.;Allocation;Flexible Allocation;Mixtos Flexibles EUR;FO;EUR;Luxemburgo;3;3;1.74;1000;True;False;2014-08-20;;;;;-0.07;1.15;1.81;2.18;6.37;16.72;20.74;9.73;1.3;3.11;6.47;3.67;4.31;-19.01;7.51;5.18;11.66;2;;28419.07125;12.94648;2.11;1.82;;;;33.27;0.02;6.18;14.03;2.32;-2.5;-1.39;0.42;0.65;0.88;0.9;;;;;;;;;;;;2.20512;0.91055;-0.02337;0.32639;;;;;3;7.94287;7.04983;8.94538;8.31207;-4.75852;-8.12869;-23.2523;-23.2523;1.74;1.25;0;5;0;0.33;0.02;;;3;0;0;0;1;3;2;;1.2;;;86;-19.01;2/4;;;;;Revisar (sin datos);;;;https://bancaonline.bankinter.com/resources/allfundssheets-enmenm/es/?isin=LU1097688045&language=es&currency=EUR&channel=nbol;2026-09-10
FR0010738120;Sycomore Partners P;Sycomore Partners P;Sycomore Asset Management;Allocation;Flexible Allocation;Mixtos Flexibles EUR;FO;EUR;Francia;3;2;1.55;0;True;False;2009-03-30;;;;;0.2;0;-0.94;0.64;3.75;4.95;8.07;3.81;1.46;0.75;8.98;-4.44;5.18;-7.04;8.76;-4.71;2.52;3;;48611.95828;17.26657;2.54;2.21;;;;71;-1.17;5.02;-4.69;-6.66;-2.76;-4.92;1.32;1.21;1.02;1.22;;;;;;;;;;;;0.69774;0.11051;-0.00913;0.05985;;;;;4;9.09051;8.95196;9.74632;10.74225;-6.58764;-11.72005;-16.27581;-34.1078;1.55;1.5;1;5;0;0.37;10;;;2;3;2;2;3;3;3;;0.33;;;57;-7.04;0/4;;;;;Revisar (sin datos);;;;https://bancaonline.bankinter.com/resources/allfundssheets-enmenm/es/?isin=FR0010738120&language=es&currency=EUR&channel=nbol;2026-09-10
LU0465917044;AXAWF Global Optimal Income A Cap EUR;AXA World Funds - Global Optimal Income A Capitalisation EUR;BNP PARIBAS ASSET MANAGEMENT Europe;Allocation;Flexible Allocation;Mixtos Flexibles EUR - Global;FO;EUR;Luxemburgo;4;3;1.49;0;True;False;2013-03-08;;;;;0.25;2.42;-1.29;-0.82;8.4;8.22;14.2;13.31;3.8;4.78;14.35;11.45;6.24;-18.01;6.35;2.77;12.64;3;;319302.91235;18.29032;4.4;4.71;;;;79.61;0.36;8.11;-8.88;-2.28;-1.08;-1.16;2.56;1.85;1.19;1.11;;;;;;;;;;;;0.72927;0.75006;0.20553;0.43286;;;;;4;18.02817;13.28554;11.71373;10.12361;-11.0521;-12.59193;-24.93886;-24.93886;1.49;1.2;0;6;0;0.2;0.03;;;3;1;1;0;0;1;1;;1.06;;;86;-18.01;3/4;;;;;Revisar (sin datos);;;;https://bancaonline.bankinter.com/resources/allfundssheets-enmenm/es/?isin=LU0465917044&language=es&currency=EUR&channel=nbol;2026-09-10
LU0465917127;AXAWF Global Optimal Income A Dis gr EUR;AXA World Funds - Global Optimal Income A Distribution gr EUR;BNP PARIBAS ASSET MANAGEMENT Europe;Allocation;Flexible Allocation;Mixtos Flexibles EUR - Global;FO;EUR;Luxemburgo;4;3;1.49;0;True;False;2014-02-10;;;;;0.25;2.43;-1.28;-0.82;8.4;8.22;14.2;13.31;3.8;4.78;14.36;11.44;6.24;-18.01;6.35;2.77;12.64;3;;319302.91235;18.29032;4.4;4.71;;;;79.63;0.36;8.11;-8.88;-2.28;-1.08;-1.16;2.56;1.85;1.19;1.11;;;;;;;;;;;;0.72949;0.74995;0.20554;0.43277;;;;;4;18.02785;13.28724;11.71613;10.12637;-11.05198;-12.58958;-24.93929;-24.93929;1.49;1.2;0;6;0;0.2;0.03;;;3;1;1;0;0;1;1;;1.06;;;86;-18.01;3/4;;;;;Revisar (sin datos);;;;https://bancaonline.bankinter.com/resources/allfundssheets-enmenm/es/?isin=LU0465917127&language=es&currency=EUR&channel=nbol;2026-09-10
LU0465917390;AXAWF Global Optimal Income E Cap EUR;AXA World Funds - Global Optimal Income E Capitalisation EUR;BNP PARIBAS ASSET MANAGEMENT Europe;Allocation;Flexible Allocation;Mixtos Flexibles EUR - Global;FO;EUR;Luxemburgo;4;3;1.99;0;True;False;2013-03-08;;;;;0.25;2.41;-1.32;-0.94;8.13;7.85;13.63;12.74;3.28;4.25;13.79;10.89;5.71;-18.42;5.82;2.26;12.07;3;;319302.91235;18.29032;4.4;4.71;;;;79.62;0.3;8.1;-9.39;-2.78;-1.58;-1.66;2.56;1.85;1.19;1.11;;;;;;;;;;;;0.70119;0.71224;0.16241;0.38322;;;;;4;18.02434;13.28143;11.70997;10.12112;-11.0938;-12.64993;-25.67081;-25.67081;1.99;1.2;0;0;0;0.2;0.03;;;3;2;1;1;0;2;2;;1.01;;;86;-18.42;2/4;;;;;Revisar (sin datos);;;;https://bancaonline.bankinter.com/resources/allfundssheets-enmenm/es/?isin=LU0465917390&language=es&currency=EUR&channel=nbol;2026-09-10
DE000A0X7541;Acatis Value Event Fonds A;Acatis Value Event Fonds A;ACATIS Investment Kapitalverwaltungsgesellschaft mbH;Allocation;Flexible Allocation;Mixtos Flexibles EUR - Global;FO;EUR;Alemania;3;3;1.8;0;True;False;2008-12-15;;;;;-0.03;-0.5;-0.29;3.14;5.18;0.54;1.09;3.88;2.5;5.88;0.53;9.9;14.62;-12.44;13.83;7.08;18.33;2;5;287135.89203;18.4748;3.04;2.59;;13;7.99;66.92;-1.5;3.84;-8.22;-4.15;-1.83;-0.18;0.96;0.8;0.97;1.14;;;;;;;;;;;;0.0022;0.1883;0.1165;0.5746;;;;;3;8.46438;6.35094;8.67851;9.59369;-10.54734;-10.54734;-14.11738;-25.83477;1.8;1.8;1;5;0;0.42;0.06;;;0;1;3;3;3;2;0;;0.37;;;86;-12.44;1/4;;;;;Revisar (sin datos);;;;https://bancaonline.bankinter.com/resources/allfundssheets-enmenm/es/?isin=DE000A0X7541&language=es&currency=EUR&channel=nbol;2026-09-10
DE000A1T73W9;Acatis Value Event Fonds C;Acatis Value Event Fonds C;ACATIS Investment Kapitalverwaltungsgesellschaft mbH;Allocation;Flexible Allocation;Mixtos Flexibles EUR - Global;FO;EUR;Alemania;3;3;1.8;0;True;False;2013-07-10;;;;;-0.03;-0.5;-0.28;3.14;5.17;0.53;1.08;3.88;2.48;5.87;0.52;9.9;14.59;-12.45;13.81;7.04;18.3;2;5;287135.89203;18.4748;3.04;2.59;;13;7.99;66.93;-1.5;3.84;-8.24;-4.15;-1.84;-0.2;0.96;0.8;0.97;1.14;;;;;;;;;;;;0.00115;0.1874;0.11479;0.57262;;;;;3;8.46818;6.35385;8.68008;9.60004;-10.55388;-10.55388;-14.12512;-25.86746;1.8;1.8;1;5;0;0.42;0.06;;;0;1;3;3;3;2;0;;0.37;;;86;-12.45;1/4;;;;;Revisar (sin datos);;;;https://bancaonline.bankinter.com/resources/allfundssheets-enmenm/es/?isin=DE000A1T73W9&language=es&currency=EUR&channel=nbol;2026-09-10
LU1883340595;Amundi Fds Pio Flexible Opps A EUR H C;Amundi Funds - Pioneer Flexible Opportunities A EUR Hgd (C);Amundi Luxembourg S.A.;Allocation;Flexible Allocation;Mixtos Flexibles EUR - Global;FO;EUR;Luxemburgo;4;3;1.86;1;True;False;2011-11-30;;;;;0.08;0.45;-0.33;3.15;6.08;7.89;12.1;15.81;4.02;4.01;29.25;7.16;7.83;-23.38;10.49;3.77;11.01;1;;50713.1448;14.93033;2.07;2.05;;;;40.52;0.83;6.64;4.05;6.13;-0.71;-2.4;0.58;0.84;1.13;1.3;;;;;;;;;;;;1.90803;1.3777;0.22323;0.33397;;;;;4;4.74886;8.47899;11.69406;12.29989;-4.90558;-10.78404;-28.92175;-36.28251;1.86;1.5;1;5;0;0.08;;;;1;1;1;1;0;1;2;;1.47;;;86;-23.38;2/4;;;;;Revisar (sin datos);;;;https://bancaonline.bankinter.com/resources/allfundssheets-enmenm/es/?isin=LU1883340595&language=es&currency=EUR&channel=nbol;2026-09-10
LU0211340665;BL-Global Flexible EUR B;BL-Global Flexible EUR B EUR Acc;BLI - Banque de Luxembourg Investments SA;Allocation;Flexible Allocation;Mixtos Flexibles EUR - Global;FO;EUR;Luxemburgo;3;4;1.42;0;True;False;2005-06-04;;;;;0.1;-0.35;0.91;6.78;4.86;9.58;15.88;9.58;3.48;4.85;9.88;7.16;0.68;-9.99;11.02;1.91;22.54;2;;51604.1743;18.0437;2.72;2.33;;;;52.53;0;7.13;3.23;-0.71;-0.61;0.21;1.44;1.16;0.9;0.89;;;;;;;;;;;;1.16672;0.67912;0.20398;0.51347;;;;;4;13.3446;10.23766;10.034;9.01623;-10.41115;-11.61583;-17.33042;-17.33042;1.42;1.25;0;5;0;0.24;0.04;;;0;2;0;0;1;2;1;;0.82;;;86;-9.99;3/4;;;;;Revisar (sin datos);;;;https://bancaonline.bankinter.com/resources/allfundssheets-enmenm/es/?isin=LU0211340665&language=es&currency=EUR&channel=nbol;2026-09-10
IE00B4Z6HC18;BNY Mellon Glbl Rl Ret (EUR) A Acc;BNY Mellon Global Real Return Fund (EUR) A Acc;BNY Mellon Fund Management (Lux) S.A.;Allocation;Flexible Allocation;Mixtos Flexibles EUR - Global;FO;EUR;Irlanda;3;2;1.62;5000;True;False;2010-03-08;;;;;-0.03;0.52;0.63;2.52;3.64;6.9;11.62;8.81;2.12;2.53;8.9;6.55;0.32;-11.61;6.69;6.39;10.63;2;;146138.44475;15.71027;2.64;2.27;;;;64.12;-0.2;3.96;3.11;0.86;-1.42;-1.23;0.78;0.76;0.6;0.65;;;;;;;;;;;;1.32773;0.96701;0.05307;0.31534;;;;;2;7.37161;6.08051;6.55739;6.42918;-4.52896;-8.11473;-18.179;-18.179;1.62;1.5;0;5;0;0.36;0.15;;;1;2;1;1;1;2;3;;1.09;;;86;-11.61;0/4;;;;;Revisar (sin datos);;;;https://bancaonline.bankinter.com/resources/allfundssheets-enmenm/es/?isin=IE00B4Z6HC18&language=es&currency=EUR&channel=nbol;2026-09-10
IE00BBPRD471;BNY Mellon Glbl Rl Ret (EUR) A Inc;BNY Mellon Global Real Return Fund (EUR) A Inc;BNY Mellon Fund Management (Lux) S.A.;Allocation;Flexible Allocation;Mixtos Flexibles EUR - Global;FO;EUR;Irlanda;3;2;1.62;5000;True;False;2013-08-02;;;;;-0.04;0.51;0.63;2.52;3.64;6.89;11.61;8.81;2.12;2.53;8.9;6.55;0.32;-11.61;6.68;6.39;10.63;2;;146138.44475;15.71027;2.64;2.27;;;;64.09;-0.2;3.96;3.11;0.86;-1.42;-1.23;0.78;0.76;0.6;0.65;;;;;;;;;;;;1.32834;0.96737;0.05292;0.31523;;;;;2;7.37156;6.08036;6.55788;6.42752;-4.52912;-8.1153;-18.18325;-18.18325;1.62;1.5;0;5;0;0.36;0.15;;;1;2;1;1;1;2;3;;1.09;;;86;-11.61;0/4;;;;;Revisar (sin datos);;;;https://bancaonline.bankinter.com/resources/allfundssheets-enmenm/es/?isin=IE00BBPRD471&language=es&currency=EUR&channel=nbol;2026-09-10
LU1496043081;Bankinter IFS Multifunds Dynam A Acc;Bankinter International Fund SICAV - Multifunds Dynam A Acc;Bankinter Luxembourg S.A.;Allocation;Flexible Allocation;Mixtos Flexibles EUR - Global;FO;EUR;Luxemburgo;3;3;1.68;;True;False;2017-03-06;;;;;0;0.15;-0.56;1.11;5.5;6.12;9.78;8.75;4.05;;5.15;10.98;9.86;-12.5;10.17;4.59;15.2;2;;163045.78151;17.60302;2.96;2.38;;;;85.76;-0.26;2.93;-4;-1.24;-0.29;;1.38;1.1;0.92;;;;;;;;;;;;;0.84039;0.79232;0.30287;;;;;;3;9.38787;7.59676;7.98275;;-5.82478;-11.6722;-14.14152;;1.68;0.05;0;0;;0;;;;2;1;1;2;1;1;;;0.75;;;86;-12.5;1/4;;;;;Revisar (sin datos);;;;https://bancaonline.bankinter.com/resources/allfundssheets-enmenm/es/?isin=LU1496043081&language=es&currency=EUR&channel=nbol;2026-09-10
LU1496043164;Bankinter IFS Multifunds Dynam B Acc;Bankinter International Fund SICAV - Multifunds Dynam B Acc;Bankinter Luxembourg S.A.;Allocation;Flexible Allocation;Mixtos Flexibles EUR - Global;FO;EUR;Luxemburgo;3;4;1.24;;True;False;2017-03-06;;;;;0;0.16;-0.52;1.22;5.74;6.44;10.26;9.21;4.49;;5.57;11.44;10.35;-12.11;10.84;5.37;16.06;2;;163045.78151;17.60302;2.96;2.38;;;;85.75;-0.1;2.93;-3.56;-0.82;0.14;;1.38;1.1;0.92;;;;;;;;;;;;;0.88719;0.84827;0.35748;;;;;;3;9.38914;7.59795;7.9844;;-5.78817;-11.62434;-13.79899;;1.24;0.05;0;2;;0;;;;2;1;1;2;1;1;;;0.79;;;86;-12.11;1/4;;;;;Revisar (sin datos);;;;https://bancaonline.bankinter.com/resources/allfundssheets-enmenm/es/?isin=LU1496043164&language=es&currency=EUR&channel=nbol;2026-09-10
ES0115086011;Bankinter Platea Dinámico A FI;Bankinter Platea Dinámico A FI;Bankinter Gestión de Activos SGIIC;Allocation;Flexible Allocation;Mixtos Flexibles EUR - Global;FO;EUR;España;3;4;1.75;50000;True;False;2017-09-29;;;;;0.11;-0.02;-0.5;0.6;5;6.33;10.04;8.8;4.58;;6.17;10.2;11.73;-11.33;10.4;4.06;13.99;2;;149827.24659;16.70792;2.79;2.17;;;;94.5;-0.49;1.65;-2.3;-1.02;-0.04;;1.18;1.05;0.98;;;;;;;;;;;;;0.99352;0.85669;0.3625;;;;;;3;7.84817;6.91205;7.88981;;-5.65932;-11.02399;-13.43848;;1.75;1.25;1;0;0;0.18;0.1;;;2;1;2;2;1;1;;;0.8;;;86;-11.33;1/4;;;;;Revisar (sin datos);;;;https://bancaonline.bankinter.com/resources/allfundssheets-enmenm/es/?isin=ES0115086011&language=es&currency=EUR&channel=nbol;2026-09-10
ES0115086003;Bankinter Platea Dinámico B FI;Bankinter Platea Dinámico B FI;Bankinter Gestión de Activos SGIIC;Allocation;Flexible Allocation;Mixtos Flexibles EUR - Global;FO;EUR;España;3;4;1.6;200000;True;False;2015-11-20;;;;;0.11;-0.02;-0.49;0.65;5.11;6.45;10.22;9;4.76;4.98;6.31;10.45;11.89;-11.19;10.6;4.22;14.1;2;;149827.24659;16.70792;2.79;2.17;;;;94.52;-0.37;1.65;-2.13;-0.84;0.13;-0.96;1.18;1.05;0.98;1.08;;;;;;;;;;;;1.01444;0.8829;0.38452;0.53838;;;;;3;7.84631;6.91173;7.89078;8.26513;-5.64617;-11.00665;-13.31332;-22.87848;1.6;1.1;1;0;0;0.18;0.1;;;2;1;2;2;1;1;1;;0.82;;;86;-11.19;2/4;;;;;Revisar (sin datos);;;;https://bancaonline.bankinter.com/resources/allfundssheets-enmenm/es/?isin=ES0115086003&language=es&currency=EUR&channel=nbol;2026-09-10
ES0115086029;Bankinter Platea Dinámico R FI;Bankinter Platea Dinámico R FI;Bankinter Gestión de Activos SGIIC;Allocation;Flexible Allocation;Mixtos Flexibles EUR - Global;FO;EUR;España;3;4;1.85;10;True;False;2020-03-17;;;;;0.12;-0.03;-0.55;0.63;5.37;6.78;10.78;9.32;4.84;;6.54;10.96;11.56;-11.46;11.07;;;2;;149827.24659;16.70792;2.79;2.17;;;;94.62;-0.17;1.74;-2.1;-0.77;0.17;;1.23;1.08;1;;;;;;;;;;;;;1.03229;0.89605;0.38802;;;;;;3;8.22263;7.15107;8.06223;;-5.85778;-11.22099;-13.6035;;1.85;1.35;0;0;0;0.18;0.1;;;2;1;1;1;1;1;;;0.83;;;80;-11.46;2/4;;;;;Revisar (sin datos);;;;https://bancaonline.bankinter.com/resources/allfundssheets-enmenm/es/?isin=ES0115086029&language=es&currency=EUR&channel=nbol;2026-09-10
LU0494761835;Bellevue Global Macro B EUR;Bellevue Funds (Lux) - Bellevue Global Macro B EUR;Bellevue Asset Management Ltd.;Allocation;Flexible Allocation;Mixtos Flexibles EUR - Global;FO;EUR;Luxemburgo;3;;1.91;0;True;False;2010-03-31;;;;;-0.03;-0.26;-1.16;-0.98;-0.8;-0.89;0.71;;;;5.04;;;;;;;2;;65358.16632;18.31462;2.78;1.41;;;;;;;-8.34;;;;0.94;;;;;;;;;;;;;;;-0.04106;;;;;;;;;6.66665;;;;-4.7753;;;;1.91;1.4;1;5;0;0.4;;;;3;3;3;3;;;;;;;;100;5.04;0/4;;;;;Revisar (sin datos);;;;https://bancaonline.bankinter.com/resources/allfundssheets-enmenm/es/?isin=LU0494761835&language=es&currency=EUR&channel=nbol;2026-09-10
LU2278574715;Buy & Hold Luxembourg Flexible Class 2;Buy & Hold Luxembourg B&H Flexible Class 2;Buy & Hold Capital SGIIC;Allocation;Flexible Allocation;Mixtos Flexibles EUR - Global;FO;EUR;Luxemburgo;3;2;1.7;1;True;False;2021-04-15;;;;;-0.05;-0.19;-1.2;0.38;2.34;2.33;4.31;6.36;2.85;;1.71;8.65;21.08;-17.55;;;;2;;140896.24534;19.97859;2.83;1.65;;;;71.06;-0.84;3.93;-2.85;-2.75;-2.02;;0.57;0.96;1.18;;;;;;;;;;;;;0.37807;0.49325;0.13869;;;;;;4;5.3374;7.32714;10.409;;-5.20724;-10.28679;-19.88142;;1.7;1.45;1;0;;0.64;0.05;;;2;2;3;3;2;2;;;0.62;;;75;-17.55;0/4;;;;;Revisar (sin datos);;;;https://bancaonline.bankinter.com/resources/allfundssheets-enmenm/es/?isin=LU2278574715&language=es&currency=EUR&channel=nbol;2026-09-10
LU2715954504;Carmignac Pf Inflation Solu A EUR Acc;Carmignac Portfolio Inflation Solution A EUR Acc;Carmignac Gestion Luxembourg S.A.;Allocation;Flexible Allocation;Mixtos Flexibles EUR - Global;FO;EUR;Luxemburgo;3;;1.87;0;True;False;2023-12-15;;;;;0.22;0.42;0.49;-0.52;2.55;6.07;7.74;;;;12.31;2.42;;;;;;2;4;329371.941;20.04694;4.5;3.41;;6;0.96612;;;;0.45;;;;0.48;;;;;;;;;;;;;;;0.76496;;;;;;;;;5.95339;;;;-3.4602;;;;1.87;2;1;2;0;0.64;;;;3;2;2;3;;;;;;;;100;2.42;0/4;;;;;Revisar (sin datos);;;;https://bancaonline.bankinter.com/resources/allfundssheets-enmenm/es/?isin=LU2715954504&language=es&currency=EUR&channel=nbol;2026-09-10
LU0159550747;DJE - Multi Asset & Trends I (EUR);DJE - Multi Asset & Trends I (EUR);DJE Investment SA;Allocation;Flexible Allocation;Mixtos Flexibles EUR - Global;FO;EUR;Luxemburgo;3;5;1.69;75000;True;False;2003-01-27;;;;;-0.07;0.02;-0.2;2.89;6.95;6.48;11.22;10.6;5.24;7.41;6.82;15.9;12.41;-15.5;16.92;11.68;16.68;2;1;231978.88573;18.89705;3.26;3.53;;4;6.3207;71.24;0.33;4.66;-3.56;0.73;0.72;1.52;1.61;1.12;0.97;1.11;;;;;;;;;;;;0.91659;0.9573;0.39769;0.73047;;;;;3;11.24432;8.5623;9.03382;9.65686;-8.17026;-14.06576;-16.66761;-22.52622;1.69;1.2;0;0;0;0.1;0.1;;;1;1;1;1;0;0;0;;0.75;;;86;-15.5;3/4;;;;;Revisar (sin datos);;;;https://bancaonline.bankinter.com/resources/allfundssheets-enmenm/es/?isin=LU0159550747&language=es&currency=EUR&channel=nbol;2026-09-10
LU0599946893;DWS Concept Kaldemorgen EUR LC;DWS Concept Kaldemorgen EUR LC;DWS Investment S.A.;Allocation;Flexible Allocation;Mixtos Flexibles EUR - Global;FO;EUR;Luxemburgo;3;3;1.58;0;True;False;2011-05-02;;;;;-0.22;0.02;-1.34;1.34;1.91;3.46;6.96;5.27;3.31;3.52;5.71;5.3;5.74;-4.79;9.26;-1.87;12.29;1;;214097.83563;16.49467;2.58;1.8;;;;74.36;-1.3;3.27;-2.1;-2.04;-0.13;-0.38;0.94;0.7;0.54;0.65;;;;;;;;;;;;0.89562;0.49629;0.28904;0.52323;;;;;1;6.64997;5.1615;5.06281;5.49233;-5.27448;-6.96833;-6.96833;-15.88032;1.58;1.5;1;5;0;0.05;;;;2;3;3;2;3;2;2;;0.76;;;71;-4.79;0/4;;;;;Revisar (sin datos);;;;https://bancaonline.bankinter.com/resources/allfundssheets-enmenm/es/?isin=LU0599946893&language=es&currency=EUR&channel=nbol;2026-09-10
LU0599946976;DWS Concept Kaldemorgen EUR LD;DWS Concept Kaldemorgen EUR LD;DWS Investment S.A.;Allocation;Flexible Allocation;Mixtos Flexibles EUR - Global;FO;EUR;Luxemburgo;3;3;1.58;0;True;False;2011-05-02;;;;;-0.22;0.01;-1.33;1.33;1.91;3.46;6.96;5.28;3.32;3.52;5.71;5.31;5.75;-4.79;9.26;-1.87;12.18;1;;214097.83563;16.49467;2.58;1.8;;;;74.38;-1.3;3.27;-2.09;-2.03;-0.12;-0.39;0.94;0.69;0.54;0.65;;;;;;;;;;;;0.89642;0.49762;0.28995;0.52218;;;;;1;6.64379;5.16009;5.06177;5.49249;-5.2725;-6.96858;-6.96858;-15.86578;1.58;1.5;1;5;0;0.05;;;;2;3;3;2;3;2;2;;0.76;;;71;-4.79;0/4;;;;;Revisar (sin datos);;;;https://bancaonline.bankinter.com/resources/allfundssheets-enmenm/es/?isin=LU0599946976&language=es&currency=EUR&channel=nbol;2026-09-10
LU0497415702;Eurizon Flexible Equity Strat R EUR Acc;Eurizon Fund - Flexible Equity Strategy Class Unit R EUR Accumulation;Eurizon Capital SGR SpA - Luxembourg Branch;Allocation;Flexible Allocation;Mixtos Flexibles EUR - Global;FO;EUR;Luxemburgo;4;3;2.05;500;True;False;2010-07-09;;;;;-0.07;0.02;-0.52;2.01;4.39;6.32;8.5;7.51;3.07;3.34;7.41;4.97;5.32;-9.04;7.93;3;9.69;1;;40255.50723;15.13459;2.54;1.63;;;;76.45;-0.78;3.12;0.98;-0.73;-1.29;-1.78;0.63;0.76;0.87;0.93;;;;;;;;;;;;1.28161;0.77228;0.16375;0.3818;;;;;2;4.99559;5.5796;7.72836;7.55815;-4.376;-8.40748;-15.95009;-20.15982;2.05;1.8;1;2;0;0.27;0.4;;;1;2;1;2;2;2;2;;0.89;;;86;-9.04;0/4;;;;;Revisar (sin datos);;;;https://bancaonline.bankinter.com/resources/allfundssheets-enmenm/es/?isin=LU0497415702&language=es&currency=EUR&channel=nbol;2026-09-10
LU1431865044;Fidelity Multi Asst Dyn Infl A-Acc-EUR H;Fidelity Funds - Multi Asset Dynamic Inflation Fund A-Acc-EUR (EUR/USD hedged);FIL Investment Management (Luxembourg) S.à r.l.;Allocation;Flexible Allocation;Mixtos Flexibles EUR - Global;FO;EUR;Luxemburgo;3;2;1.5;;True;False;2016-06-30;;;;;0;0.09;-0.54;-1.94;0.91;5.41;14.85;10.62;2.13;0.97;16.6;5.61;3.29;-15.75;0.29;-5.51;6.6;2;;180541.50613;18.56356;3.53;3.17;;;;60.1;0.12;5.46;-0.39;0.49;-2.02;-3.28;1.6;1.04;0.83;0.75;;;;;;;;;;;;1.08129;0.85673;0.04825;0.06639;;;;;3;12.37928;8.59276;8.28701;7.03369;-7.18041;-7.18041;-20.27941;-24.1404;1.5;1.5;0;5;0;0.52;;;;3;3;2;0;1;3;3;;1.48;;;71;-15.75;2/4;;;;;Revisar (sin datos);;;;https://bancaonline.bankinter.com/resources/allfundssheets-enmenm/es/?isin=LU1431865044&language=es&currency=EUR&channel=nbol;2026-09-10
LU1038809395;FvS Multiple Opportunities II RT;Flossbach von Storch - Multiple Opportunities II RT;Flossbach von Storch Invest S.A.;Allocation;Flexible Allocation;Mixtos Flexibles EUR - Global;FO;EUR;Luxemburgo;3;3;1.62;0;True;False;2014-04-03;;;;;-0.24;-1.36;-1.42;4.35;1.67;1.13;3.74;4.6;1.82;4.04;2.54;9.21;9.08;-13.01;11.22;3.77;20.02;2;4;120871.89989;18.76419;3.02;2.27;;10;2.93612;50.19;-0.8;5.42;-3.45;-2.85;-1.94;-0.69;0.93;0.83;0.85;0.9;;;;;;;;;;;;0.47138;0.35255;0.06421;0.47259;;;;;3;9.63319;7.53994;8.41669;8.03775;-8.88758;-9.84909;-16.34653;-16.34653;1.62;1.47;1;5;0;0.09;0.07;;;0;2;3;3;3;2;1;;0.47;;;86;-13.01;0/4;;;;;Revisar (sin datos);;;;https://bancaonline.bankinter.com/resources/allfundssheets-enmenm/es/?isin=LU1038809395&language=es&currency=EUR&channel=nbol;2026-09-10
LU0482498176;Invesco Balanced-Risk Allc A EUR AD;Invesco Funds - Invesco Balanced-Risk Allocation Fund A Annual Distribution EUR;Invesco Management S.A.;Allocation;Flexible Allocation;Mixtos Flexibles EUR - Global;FO;EUR;Luxemburgo;3;2;1.64;1000;True;False;2010-04-28;;;;;-0.09;0.76;2.28;3.18;7.17;16.02;19.3;8.18;0.89;2.66;5.35;1.59;3.15;-17.42;8.59;6.17;10.88;2;;29959.19885;13.03122;2.14;1.84;;;;40.36;-0.3;5.79;11.18;0.39;-3.21;-2.18;0.61;0.7;0.88;0.9;;;;;;;;;;;;2.15419;0.71151;-0.07328;0.27931;;;;;3;7.62273;7.02886;8.77461;8.19289;-3.7673;-8.8588;-21.48475;-21.48475;1.64;1.25;0;5;;0.29;0.45;;;2;0;0;0;2;3;3;;0.92;;;86;-17.42;1/4;;;;;Revisar (sin datos);;;;https://bancaonline.bankinter.com/resources/allfundssheets-enmenm/es/?isin=LU0482498176&language=es&currency=EUR&channel=nbol;2026-09-10
LU0432616737;Invesco Balanced-Risk Allc A EUR Acc;Invesco Funds - Invesco Balanced-Risk Allocation Fund A Accumulation EUR;Invesco Management S.A.;Allocation;Flexible Allocation;Mixtos Flexibles EUR - Global;FO;EUR;Luxemburgo;3;2;1.64;1000;True;False;2009-09-01;;;;;-0.09;0.76;2.28;3.18;7.21;16.04;19.32;8.18;0.88;2.66;5.32;1.65;3.09;-17.43;8.59;6.18;10.88;2;;29959.19885;13.03122;2.14;1.84;;;;40.37;-0.3;5.8;11.14;0.39;-3.21;-2.17;0.61;0.7;0.88;0.89;;;;;;;;;;;;2.14993;0.71091;-0.07329;0.27942;;;;;3;7.6201;7.03855;8.77978;8.19212;-3.76013;-8.86565;-21.49523;-21.49523;1.64;1.25;0;5;;0.29;0.45;;;2;0;0;0;2;3;3;;0.92;;;86;-17.43;1/4;;;;;Revisar (sin datos);;;;https://bancaonline.bankinter.com/resources/allfundssheets-enmenm/es/?isin=LU0432616737&language=es&currency=EUR&channel=nbol;2026-09-10
LU2386306141;Isatis Investment Technology B4;Isatis Investment Technology B4;Funds Avenue;Allocation;Flexible Allocation;Mixtos Flexibles EUR - Global;FO;EUR;Luxemburgo;5;5;;250000;True;False;2023-01-17;;;;;0.25;-0.26;0.48;0.64;25.61;16.98;13.94;17.84;;;5.02;24.84;;;;;;3;;264102.23503;24.26565;9.92;8.77;;;;43.52;0.53;16.25;-12.7;2.46;;;3.27;2.03;;;;;;;;;;;;;;0.53455;0.80581;;;;;;;5;28.74965;19.75326;;;-20.71999;-20.71999;;;;2;1;5;5;;;;;3;0;0;0;0;;;;0.86;;;100;5.02;2/4;;;;;Revisar (sin datos);;;;https://bancaonline.bankinter.com/resources/allfundssheets-enmenm/es/?isin=LU2386306141&language=es&currency=EUR&channel=nbol;2026-09-10
LU2874078400;Isatis Investment Technology B6;Isatis Investment Technology B6;Funds Avenue;Allocation;Flexible Allocation;Mixtos Flexibles EUR - Global;FO;EUR;Luxemburgo;5;;;10;True;False;2024-12-03;;;;;0.17;-0.25;0.43;0.6;23.71;15.21;12.24;;;;4.51;;;;;;;3;;264102.23503;24.26565;9.92;8.77;;;;;;;-13;;;;3.06;;;;;;;;;;;;;;;0.50013;;;;;;;;;26.66373;;;;-20.12635;;;;;2.5;1;5;5;;0.03;;;3;0;0;1;;;;;;;;100;4.51;1/4;;;;;Revisar (sin datos);;;;https://bancaonline.bankinter.com/resources/allfundssheets-enmenm/es/?isin=LU2874078400&language=es&currency=EUR&channel=nbol;2026-09-10
LU2971739102;Isatis Investment Technology B7;Isatis Investment Technology B7;Funds Avenue;Allocation;Flexible Allocation;Mixtos Flexibles EUR - Global;FO;USD;Luxemburgo;5;;;20000;True;False;2026-03-30;;;;;0.37;-0.14;1.09;1.2;;;;;;;;;;;;;;3;;308195.80949;24.26565;9.92;8.77;;;;;;;;;;;;;;;;;;;;;;;;;;;;;;;;;;;;;;;;;;;;2;1;0;0;;;;;3;;;;;;;;;;;;;0/4;;;;;Revisar (sin datos);;;;https://bancaonline.bankinter.com/resources/allfundssheets-enmenm/es/?isin=LU2971739102&language=es&currency=EUR&channel=nbol;2026-09-10
LU1582988058;M&G (Lux) Dynamic Allocation A EUR Acc;M&G (Lux) Dynamic Allocation Fund EUR A Acc;M&G Luxembourg S.A.;Allocation;Flexible Allocation;Mixtos Flexibles EUR - Global;FO;EUR;Luxemburgo;3;3;2;1000;True;False;2018-01-16;;;;;-0.17;0.41;-0.23;2.04;2.36;5.03;9.98;8.35;4.66;4.02;12.98;2.61;7.04;-3.08;3.91;0.39;11.31;1;5;55013.2304;12.51448;1.76;1.52;;1;;66.27;-0.35;3.99;0.24;-0.24;0.79;-1.14;1;0.84;0.73;0.97;;;;;;;;;;;;1.16257;0.8037;0.40909;0.41823;;;;;3;7.60896;6.60843;7.17544;8.90969;-5.66159;-7.6718;-10.40079;-27.12776;2;1.75;0;4;0;0.12;;;;1;3;2;1;2;1;2;;1.09;;;86;-3.08;1/4;;;;;Revisar (sin datos);;;;https://bancaonline.bankinter.com/resources/allfundssheets-enmenm/es/?isin=LU1582988058&language=es&currency=EUR&channel=nbol;2026-09-10
LU1582988132;M&G (Lux) Dynamic Allocation A EUR Inc;M&G (Lux) Dynamic Allocation Fund EUR A Inc;M&G Luxembourg S.A.;Allocation;Flexible Allocation;Mixtos Flexibles EUR - Global;FO;EUR;Luxemburgo;3;3;2;1000;True;False;2018-01-16;;;;;-0.17;0.41;-0.23;2.04;2.36;5.03;9.98;8.35;4.66;4.02;12.97;2.61;7.04;-3.08;3.92;0.39;11.31;1;5;55013.2304;12.51448;1.76;1.52;;1;;66.27;-0.36;3.99;0.24;-0.24;0.79;-1.13;1;0.84;0.73;0.97;;;;;;;;;;;;1.16236;0.80357;0.40901;0.41834;;;;;3;7.60922;6.60817;7.1753;8.90998;-5.66182;-7.67241;-10.39966;-27.12336;2;1.75;0;4;0;0.12;;;;1;3;2;1;2;1;2;;1.09;;;86;-3.08;1/4;;;;;Revisar (sin datos);;;;https://bancaonline.bankinter.com/resources/allfundssheets-enmenm/es/?isin=LU1582988132&language=es&currency=EUR&channel=nbol;2026-09-10
LU0694238501;MS INVF Global Bal Rsk Contr FOF A;Morgan Stanley Investment Funds - Global Balanced Risk Control Fund of Funds A;MSIM Fund Management (Ireland) Limited;Allocation;Flexible Allocation;Mixtos Flexibles EUR - Global;FO;EUR;Luxemburgo;3;2;2.34;0;True;False;2011-11-02;;;;;-0.04;0.5;-0.71;1.36;5.29;5.08;7.32;7.64;1.73;2.56;1.38;13.73;6.69;-14.75;2.97;5.88;7.44;2;4;103036.49824;17.22987;2.91;2.27;;12;2.76;90.15;-0.75;2.89;-5.2;-3.26;-2.46;-2.05;1.28;1.21;0.88;0.83;;;;;;;;;;;;0.67101;0.58044;0.01566;0.30424;;;;;3;8.57764;8.17939;7.84965;6.85785;-5.75251;-12.09261;-18.39354;-18.39354;2.34;2;0;3;0;0.26;0.35;;;2;1;2;2;2;3;3;;0.63;;;86;-14.75;0/4;;;;;Revisar (sin datos);;;;https://bancaonline.bankinter.com/resources/allfundssheets-enmenm/es/?isin=LU0694238501&language=es&currency=EUR&channel=nbol;2026-09-10
LU1860979399;Pareturn Varianza Cervino WldInvms RBEUR;Pareturn Varianza Cervino World Investments P-B EUR Cap;Varianza Gestión SGIIC;Allocation;Flexible Allocation;Mixtos Flexibles EUR - Global;FO;EUR;Luxemburgo;3;4;0.78;;True;False;2018-10-19;;;;;-0.13;-0.69;-2.55;3.5;9.71;10.2;18.34;10.11;5.61;;13.74;5.63;8.05;-9.52;17.24;-4.27;20.41;1;;70427.15186;15.66272;2.15;1.9;;;;67.6;0.18;5.38;4;-0.11;0.78;;1.51;1.18;1.2;;;;;;;;;;;;;1.47248;0.83724;0.38809;;;;;;4;11.49701;9.18559;11.07229;;-9.10175;-14.20897;-17.30953;;0.78;1.5;;;;0.03;;;;0;0;0;0;1;0;;;0.71;;;71;-9.52;3/4;;;;;Revisar (sin datos);;;;https://bancaonline.bankinter.com/resources/allfundssheets-enmenm/es/?isin=LU1860979399&language=es&currency=EUR&channel=nbol;2026-09-10
FR0011253624;R-co Valor C EUR;R-co Valor C EUR;Rothschild & Co Asset Management;Allocation;Flexible Allocation;Mixtos Flexibles EUR - Global;FO;EUR;Francia;4;5;1.57;0;True;False;1994-04-08;;;;;-0.31;-0.65;-0.72;3.63;-0.6;-1.73;4.11;11.07;6.77;8.39;16.2;16.71;13;-8.06;12.72;6.72;28.63;2;;77725.18865;16.9052;2.3;2.67;;;;53.21;0.24;6.35;-2.9;1.24;2.24;1.32;0.8;1.05;1.09;1.41;;;;;;;;;;;;0.40482;0.88636;0.49384;0.66212;;;;;4;9.71979;9.27929;11.06627;12.64117;-9.82847;-15.58157;-17.31194;-30.27473;1.57;1.58;0;3;0;0.16;;;;0;3;3;3;0;0;0;;0.71;;;86;-8.06;3/4;;;;;Revisar (sin datos);;;;https://bancaonline.bankinter.com/resources/allfundssheets-enmenm/es/?isin=FR0011253624&language=es&currency=EUR&channel=nbol;2026-09-10
FR0011261189;R-co Valor D EUR;R-co Valor D EUR;Rothschild & Co Asset Management;Allocation;Flexible Allocation;Mixtos Flexibles EUR - Global;FO;EUR;Francia;4;5;1.57;0;True;False;1994-04-08;;;;;-0.31;-0.65;-0.72;3.63;-0.6;-1.73;4.11;11.07;6.77;8.4;16.2;16.71;13;-8.06;12.72;6.72;28.09;2;;77725.18865;16.9052;2.3;2.67;;;;53.2;0.24;6.35;-2.9;1.24;2.24;1.34;0.8;1.05;1.09;1.41;;;;;;;;;;;;0.4048;0.88644;0.49388;0.66322;;;;;4;9.71976;9.27918;11.06622;12.63154;-9.8285;-15.58155;-17.31212;-30.27495;1.57;1.58;0;3;0;0.16;;;;0;3;3;3;0;0;0;;0.71;;;86;-8.06;3/4;;;;;Revisar (sin datos);;;;https://bancaonline.bankinter.com/resources/allfundssheets-enmenm/es/?isin=FR0011261189&language=es&currency=EUR&channel=nbol;2026-09-10
LU0107768052;Schroder ISF Inflation Plus A Acc EUR;Schroder International Selection Fund Inflation Plus A Accumulation EUR;Schroder Investment Management (Europe) S.A.;Allocation;Flexible Allocation;Mixtos Flexibles EUR - Global;FO;EUR;Luxemburgo;3;3;1.87;1000;True;False;2000-03-31;;;;;0.13;1.15;3.43;3.69;3.2;13.1;21.62;9.39;6.2;3.62;15.23;-1.08;6.03;-0.42;4.1;4.31;7.54;3;;34637.42391;14.85708;4.26;4.27;;;;0.15;-0.08;9.46;21.98;6.22;3.57;1.72;-0.37;-0.04;0.19;0.28;;;;;;;;;;;;2.14872;0.88887;0.59046;0.50043;;;;;2;8.75276;6.61962;7.00557;6.29263;-5.04722;-6.30679;-13.17653;-13.17653;1.87;1.5;0;4;0;1.09;0.5;;;1;1;0;0;1;0;2;;1.49;;;71;-1.08;3/4;;;;;Revisar (sin datos);;;;https://bancaonline.bankinter.com/resources/allfundssheets-enmenm/es/?isin=LU0107768052&language=es&currency=EUR&channel=nbol;2026-09-10
LU0107768136;Schroder ISF Inflation Plus B Acc EUR;Schroder International Selection Fund Inflation Plus B Accumulation EUR;Schroder Investment Management (Europe) S.A.;Allocation;Flexible Allocation;Mixtos Flexibles EUR - Global;FO;EUR;Luxemburgo;3;3;2.37;1000;True;False;2000-03-31;;;;;0.13;1.14;3.38;3.56;2.93;12.71;21.02;8.85;5.67;3.11;14.66;-1.57;5.5;-0.92;3.58;3.79;7.01;3;;34637.42391;14.85708;4.26;4.27;;;;0.15;-0.14;9.46;21.47;5.72;3.07;1.22;-0.37;-0.04;0.19;0.28;;;;;;;;;;;;2.09133;0.81406;0.5189;0.42051;;;;;2;8.74922;6.61713;7.00282;6.29022;-5.0855;-6.5785;-13.565;-13.8987;2.37;1.5;0;0;0;1.09;0.5;;;2;2;0;0;2;0;2;;1.35;;;71;-1.57;2/4;;;;;Revisar (sin datos);;;;https://bancaonline.bankinter.com/resources/allfundssheets-enmenm/es/?isin=LU0107768136&language=es&currency=EUR&channel=nbol;2026-09-10
LU2147879543;Tikehau Intl Crs Asts R EUR Acc;Tikehau International Cross Assets R EUR Acc;Tikehau Investment Management;Allocation;Flexible Allocation;Mixtos Flexibles EUR - Global;FO;EUR;Luxemburgo;3;3;1.68;100;True;False;2020-12-31;;;;;0.01;-0.12;-0.92;2.3;5.45;3.76;5.82;6.42;2.9;2.91;5.02;6.36;7.59;-9.08;5.66;-1.86;9.37;2;;200258.81073;20.51333;3.53;3.89;;;;75.09;-0.99;3.21;-4.74;-1.18;-0.29;-0.11;1.02;0.72;0.43;0.48;;;;;;;;;;;;0.54528;0.67292;0.19222;0.47122;;;;;1;7.32476;5.34996;5.16026;4.86135;-6.46257;-7.06846;-11.20893;-15.20261;1.68;1.5;1;1;0;0.18;;;;0;2;3;3;2;2;3;;0.91;;;71;-9.08;0/4;;;;;Revisar (sin datos);;;;https://bancaonline.bankinter.com/resources/allfundssheets-enmenm/es/?isin=LU2147879543&language=es&currency=EUR&channel=nbol;2026-09-10
IE00BYV18N80;Trojan (Ireland) I EUR Acc;Trojan Funds (Ireland) plc - Trojan Fund (Ireland) I EUR Acc;Troy Asset Management Limited;Allocation;Flexible Allocation;Mixtos Flexibles EUR - Global;FO;EUR;Irlanda;3;2;1.59;0;True;False;2016-08-31;;;;;0.11;0.13;-0.83;1.81;0.09;0.8;2.6;3.89;1.29;2.41;5.77;4.27;0.31;-6.02;10.31;5.72;8.13;2;;108441.36964;18.36866;3.48;3.33;;;;30.34;-1.02;5.42;-4.13;-1.14;-1.51;-0.08;0.75;0.37;0.34;0.39;;;;;;;;;;;;0.36397;0.30625;-0.1136;0.38086;;;;;1;6.38484;4.35016;4.67287;4.84309;-5.68894;-5.68894;-9.07748;-10.04358;1.59;1.5;0;5;;0.05;;;;1;3;3;3;3;3;3;;0.68;;;86;-6.02;0/4;;;;;Revisar (sin datos);;;;https://bancaonline.bankinter.com/resources/allfundssheets-enmenm/es/?isin=IE00BYV18N80&language=es&currency=EUR&channel=nbol;2026-09-10
LU2872701516;UBS (Lux) KSS Glbl Allc (USD) EURH P-acc;UBS (Lux) Key Selection SICAV - Global Allocation (USD) EUR Hedged P-acc;UBS Asset Management (Europe) S.A.;Allocation;Flexible Allocation;Mixtos Flexibles EUR - Global;FO;EUR;Luxemburgo;3;;2.19;;True;False;2024-09-09;;;;;-0.01;0.41;0.73;3.63;7.9;9.44;15.69;;;;15.86;;;;;;;2;7;150146.82915;16.33721;2.76;2.25;;15;;;;;-0.09;;;;1.61;;;;;;;;;;;;;;;1.15574;;;;;;;;;11.8671;;;;-8.74366;;;;2.19;1.67;0;3;0;0.17;;;;2;1;0;0;;;;;;;;100;15.86;1/4;;;;;Revisar (sin datos);;;;https://bancaonline.bankinter.com/resources/allfundssheets-enmenm/es/?isin=LU2872701516&language=es&currency=EUR&channel=nbol;2026-09-10
LU2872701276;UBS (Lux) KSS Glbl Allc (USD) GBPH P-acc;UBS (Lux) Key Selection SICAV - Global Allocation (USD) GBP Hedged P-acc;UBS Asset Management (Europe) S.A.;Allocation;Flexible Allocation;Mixtos Flexibles GBP;FO;GBP;Luxemburgo;3;;2.19;;True;False;2024-09-09;;;;;0.01;0.43;0.86;4.04;8.83;10.7;17.82;;;;17.98;;;;;;;2;7;128368.06743;16.33721;2.76;2.25;;15;;;;;3.28;;;;1.45;;;;;;;;;;;;;;;1.16505;;;;;;;;;11.84613;;;;-8.56241;;;;2.19;1.67;0;3;0;0.17;;;;1;1;0;0;;;;;;;;100;17.98;1/4;;;;;Revisar (sin datos);;;;https://bancaonline.bankinter.com/resources/allfundssheets-enmenm/es/?isin=LU2872701276&language=es&currency=EUR&channel=nbol;2026-09-10
LU1883340322;Amundi Fds Pio Flexible Opps A EUR C;Amundi Funds - Pioneer Flexible Opportunities A EUR (C);Amundi Luxembourg S.A.;Allocation;Flexible Allocation;Mixtos Flexibles USD;FO;EUR;Luxemburgo;4;4;1.86;1;True;False;2011-11-16;;;;;-0.06;0.35;-0.91;2.85;6.38;10.03;14.77;14.63;7.09;5.92;15.98;16.43;6.73;-14.31;18.3;-3.33;16.14;1;;50713.1448;14.93033;2.07;2.05;;;;64.37;1;5.1;4.49;5.13;0.91;-1.44;0.56;0.93;1.07;1.29;;;;;;;;;;;;3.11041;1.5107;0.55163;0.54763;;;;;4;3.63828;7.33623;9.49856;10.26122;-3.05451;-13.37681;-17.03105;-28.47305;1.86;1.5;1;5;0;0.08;;;;0;1;1;1;0;0;1;;1.09;;;71;-14.31;3/4;;;;;Revisar (sin datos);;;;https://bancaonline.bankinter.com/resources/allfundssheets-enmenm/es/?isin=LU1883340322&language=es&currency=EUR&channel=nbol;2026-09-10
LU0599947602;DWS Concept Kaldemorgen USD LCH;DWS Concept Kaldemorgen USD LCH;DWS Investment S.A.;Allocation;Flexible Allocation;Mixtos Flexibles USD;FO;USD;Luxemburgo;3;3;1.61;400000;True;False;2014-02-24;;;;;-0.22;0.04;-1.24;1.67;2.67;4.5;8.72;6.82;4.91;5.28;7.58;6.63;7.3;-2.85;9.85;-0.41;15.28;1;;246330.13361;16.49467;2.58;1.8;;;;57.45;-1.06;4.83;-0.46;-1.47;0.24;0.52;0.81;0.52;0.4;0.5;;;;;;;;;;;;0.87237;0.4404;0.22324;0.51663;;;;;1;6.60249;5.07109;4.98044;5.4179;-5.10642;-6.75815;-6.75815;-15.65885;1.61;1.5;1;5;0;0.05;;;;2;3;2;2;3;1;2;;1.01;;;71;-2.85;1/4;;;;;Revisar (sin datos);;;;https://bancaonline.bankinter.com/resources/allfundssheets-enmenm/es/?isin=LU0599947602&language=es&currency=EUR&channel=nbol;2026-09-10
LU0251130554;Fidelity Multi Asst Dyn Infl A-Acc-EUR;Fidelity Funds - Multi Asset Dynamic Inflation Fund A-Acc-EUR;FIL Investment Management (Luxembourg) S.à r.l.;Allocation;Flexible Allocation;Mixtos Flexibles USD;FO;EUR;Luxemburgo;3;3;1.5;2500;True;False;2006-07-03;;;;;0;-0.17;-0.88;-2.17;1.63;7.76;18.36;9.63;4.42;2.68;5.02;14.67;2.05;-8.46;8.61;-11.66;12.14;2;;180541.50613;18.56356;3.53;3.17;;;;65.76;0.04;5.04;2.48;0.68;-1.19;-2.52;1.43;0.94;0.74;0.71;;;;;;;;;;;;1.51555;0.74129;0.30357;0.26734;;;;;2;10.4346;9.36834;8.65702;7.94262;-6.17738;-14.89105;-14.89105;-18.8493;1.5;1.5;0;5;0;0.52;;;;3;3;2;0;1;2;3;;0.65;;;71;-11.66;2/4;;;;;Revisar (sin datos);;;;https://bancaonline.bankinter.com/resources/allfundssheets-enmenm/es/?isin=LU0251130554&language=es&currency=EUR&channel=nbol;2026-09-10
LU0056886558;Fidelity Multi Asst Dyn Infl A-Dis-EUR;Fidelity Funds - Multi Asset Dynamic Inflation Fund A-DIST-EUR;FIL Investment Management (Luxembourg) S.à r.l.;Allocation;Flexible Allocation;Mixtos Flexibles USD;FO;EUR;Luxemburgo;3;3;1.5;;True;False;1995-06-26;;;;;0.07;-0.14;-0.86;-2.17;1.69;7.81;18.36;9.62;4.44;2.68;5;14.63;2.07;-8.47;8.63;-11.62;12.07;2;;180541.50613;18.56356;3.53;3.17;;;;65.5;0.04;5.06;2.4;0.69;-1.19;-2.52;1.44;0.94;0.74;0.71;;;;;;;;;;;;1.50613;0.73963;0.30417;0.26733;;;;;2;10.49276;9.39205;8.66494;7.9573;-6.25839;-14.89842;-14.89842;-18.7904;1.5;1.5;0;5;0;0.52;;;;3;3;2;0;1;2;3;;0.65;;;71;-11.62;2/4;;;;;Revisar (sin datos);;;;https://bancaonline.bankinter.com/resources/allfundssheets-enmenm/es/?isin=LU0056886558&language=es&currency=EUR&channel=nbol;2026-09-10
LU1280372688;FvS Multiple Opportunities II USD-RT;Flossbach von Storch - Multiple Opportunities II USD-RT;Flossbach von Storch Invest S.A.;Allocation;Flexible Allocation;Mixtos Flexibles USD;FO;USD;Luxemburgo;3;3;1.62;0;True;False;2016-07-04;;;;;-0.23;-1.33;-1.32;4.73;2.49;2.21;5.46;6.16;3.47;5.69;4.43;10.56;10.73;-11.05;11.68;4.88;23.03;2;4;139069.09036;18.76419;3.02;2.27;;10;2.93612;37.85;-0.8;6.48;-2.51;-2.04;-1.13;0.34;0.9;0.62;0.64;0.72;;;;;;;;;;;;0.45732;0.31596;0.03053;0.45436;;;;;2;9.54062;7.40683;8.30612;7.97343;-8.51522;-9.55513;-15.00728;-15.23039;1.62;1.47;1;5;0;0.15;;;;0;2;2;2;3;2;1;;0.64;;;86;-11.05;1/4;;;;;Revisar (sin datos);;;;https://bancaonline.bankinter.com/resources/allfundssheets-enmenm/es/?isin=LU1280372688&language=es&currency=EUR&channel=nbol;2026-09-10
LU0482498762;Invesco Balanced-Risk Allc A USDH Acc;Invesco Funds - Invesco Balanced-Risk Allocation Fund A (USD Hedged) Accumulation USD;Invesco Management S.A.;Allocation;Flexible Allocation;Mixtos Flexibles USD;FO;USD;Luxemburgo;3;3;1.64;1500;True;False;2010-04-28;;;;;-0.09;0.81;2.41;3.57;8.07;17.49;21.64;10.25;2.99;4.76;7.55;3.3;5.67;-15.25;9.49;7.94;14.09;2;;34469.53788;13.03122;2.14;1.84;;;;50.69;-0.38;5.5;11.65;0.28;-2.19;-1.36;0.63;0.69;0.81;0.86;;;;;;;;;;;;2.14224;0.7239;-0.0517;0.31448;;;;;2;7.68506;7.07505;8.76282;8.15109;-3.56936;-8.08748;-19.66942;-21.11461;1.64;1.25;0;5;;0.31;0.45;;;2;0;0;0;2;2;2;;1.27;;;86;-15.25;1/4;;;;;Revisar (sin datos);;;;https://bancaonline.bankinter.com/resources/allfundssheets-enmenm/es/?isin=LU0482498762&language=es&currency=EUR&channel=nbol;2026-09-10
LU1582988991;M&G (Lux) Dynamic Allocation A USD H Acc;M&G (Lux) Dynamic Allocation Fund USD A-H Acc;M&G Luxembourg S.A.;Allocation;Flexible Allocation;Mixtos Flexibles USD;FO;USD;Luxemburgo;3;3;2.02;1000;True;False;2018-01-16;;;;;-0.16;0.44;-0.12;2.43;3.21;6.28;12.08;10.44;6.78;6.14;15.59;4.26;9.45;-0.69;4.72;1.66;14.75;1;5;63295.43853;12.51448;1.76;1.52;;1;;66.18;-0.4;4.33;2.9;0.27;1.65;-0.08;0.79;0.73;0.66;0.89;;;;;;;;;;;;1.17984;0.82294;0.42746;0.44668;;;;;3;7.56787;6.62174;7.21894;8.94016;-5.51117;-7.68445;-9.0862;-24.80316;2.02;1.75;0;4;0;0.11;;;;1;3;2;1;2;0;1;;1.36;;;86;-0.69;3/4;;;;;Revisar (sin datos);;;;https://bancaonline.bankinter.com/resources/allfundssheets-enmenm/es/?isin=LU1582988991&language=es&currency=EUR&channel=nbol;2026-09-10
LU1582989023;M&G (Lux) Dynamic Allocation A USD H Inc;M&G (Lux) Dynamic Allocation Fund USD A-H Inc;M&G Luxembourg S.A.;Allocation;Flexible Allocation;Mixtos Flexibles USD;FO;USD;Luxemburgo;3;3;2.02;1000;True;False;2018-01-16;;;;;-0.16;0.44;-0.11;2.46;3.19;6.26;12.06;10.47;6.82;6.16;15.56;4.36;9.45;-0.6;4.77;1.63;14.8;1;5;63295.43853;12.51448;1.76;1.52;;1;;65.97;-0.39;4.34;2.89;0.3;1.68;-0.06;0.79;0.73;0.66;0.89;;;;;;;;;;;;1.17438;0.82701;0.43346;0.44956;;;;;3;7.59063;6.62148;7.1956;8.92467;-5.53017;-7.68452;-8.9883;-24.79568;2.02;1.75;0;4;;0.11;;;;1;3;2;1;2;0;1;;1.36;;;86;-0.6;3/4;;;;;Revisar (sin datos);;;;https://bancaonline.bankinter.com/resources/allfundssheets-enmenm/es/?isin=LU1582989023&language=es&currency=EUR&channel=nbol;2026-09-10
LU1099740216;MS INVF Global Bal Rsk Contr FOF AH USD;Morgan Stanley Investment Funds - Global Balanced Risk Control Fund of Funds AH (USD);MSIM Fund Management (Ireland) Limited;Allocation;Flexible Allocation;Mixtos Flexibles USD;FO;USD;Luxemburgo;3;3;2.36;0;True;False;2014-08-18;;;;;-0.05;0.53;-0.59;1.74;6.18;6.28;9.31;9.54;3.59;4.5;3.41;15.51;8.94;-13.02;3.91;7.35;10.61;2;4;118548.57992;17.22987;2.91;2.27;;12;2.76;66.41;-0.56;4.8;-2.29;-1.73;-1.41;-0.91;1.05;0.91;0.69;0.68;;;;;;;;;;;;0.6681;0.57372;0.00747;0.3218;;;;;2;8.59546;8.21109;7.87764;6.84571;-5.48303;-11.94831;-16.36263;-16.36263;2.36;2;0;3;0;0.2;;;;2;1;2;2;2;2;2;;0.8;;;86;-13.02;0/4;;;;;Revisar (sin datos);;;;https://bancaonline.bankinter.com/resources/allfundssheets-enmenm/es/?isin=LU1099740216&language=es&currency=EUR&channel=nbol;2026-09-10
LU0236177068;BGF Global Allocation A2 GBP Hedged;BlackRock Global Funds - Global Allocation Fund A2 GBP Hedged;BlackRock (Luxembourg) SA;Allocation;Moderate Allocation;Mixtos GBP 40-60% Renta Variable;FO;GBP;Luxemburgo;3;4;1.77;;True;False;2005-12-01;;;;;-0.15;1.14;0.02;2.6;8.31;7.3;12.44;13.08;4.21;5.66;16.81;8.42;11.26;-17.96;5.81;17.71;14.41;2;4;188235.16295;17.4271;3.49;3;0.01189;12;;72.8;0.34;5.72;-1.49;-0.17;-1.42;-0.85;1.42;1.4;1.41;1.31;;;;;;;;;;;;0.77994;0.77163;0.0968;0.40058;;;;;5;11.31696;9.93509;10.90679;10.44624;-8.21473;-10.525;-24.40446;-24.40446;1.77;1.5;0;2;0;0.51;0.44;;;3;1;2;1;0;2;0;;1.24;;;86;-17.96;4/4;;;;;Revisar (sin datos);;;;https://bancaonline.bankinter.com/resources/allfundssheets-enmenm/es/?isin=LU0236177068&language=es&currency=EUR&channel=nbol;2026-09-10
LU0271681321;Barclays MultiManager Port 3 A Acc GBP;Barclays Portfolios SICAV - Barclays MultiManager Portfolio 3 A Acc GBP;Barclays Investment Solutions Limited;Allocation;Moderate Allocation;Mixtos GBP 40-60% Renta Variable;FO;GBP;Luxemburgo;3;3;2.15;1000;True;False;2008-06-05;;;;;0.08;0.07;-0.48;1.46;5.02;6.11;9.03;8.61;3.79;4.96;6.96;7.4;8.92;-10.01;8.24;6.29;14.36;2;;108862.13619;17.28379;3;2.3;;;;95.27;-1.02;1.75;-2.99;-2.35;-1.36;-0.93;1.17;1.14;1.08;1.12;;;;;;;;;;;;0.68048;0.57034;0.06887;0.41274;;;;;3;8.12268;7.07527;7.7761;8.1194;-5.96794;-9.30156;-14.12862;-19.46874;2.15;1.5;0;5;0;0.05;;;;3;2;2;2;2;2;1;;0.93;;;86;-10.01;1/4;;;;;Revisar (sin datos);;;;https://bancaonline.bankinter.com/resources/allfundssheets-enmenm/es/?isin=LU0271681321&language=es&currency=EUR&channel=nbol;2026-09-10
LU0533027347;Capital Group EM TotOpp LUX B EUR;Capital Group Emerging Markets Total Opportunities LUX B EUR;Capital International Management Company Sàrl;Allocation;Flexible Allocation;Mixtos Global Emergentes ;FO;EUR;Luxemburgo;3;3;1.66;;True;False;2009-06-08;;;;;0.32;0.5;0.29;2.81;4.2;6.74;10.84;7.25;2.87;3.83;4.31;8.98;7.24;-10.94;7.71;0.51;17.87;2;5;61506.12205;7.6291;2.15;3.01;0.02377;12;8.49016;;;;;;;;;;;;;;;;;;;;;;;1.36002;0.74388;0.1478;0.39401;;;;;1;6.20279;5.81645;6.84036;8.72599;-4.52299;-10.56493;-15.43166;-24.61539;1.66;1.5;0;5;;0.15;0.08;;;0;3;3;3;3;3;2;;0.69;;;86;-10.94;0/4;;;;;Revisar (sin datos);;;;https://bancaonline.bankinter.com/resources/allfundssheets-enmenm/es/?isin=LU0533027347&language=es&currency=EUR&channel=nbol;2026-09-10
LU0810662568;Capital Group EM TotOpp LUX Bh-EUR;Capital Group Emerging Markets Total Opportunities LUX Bh-EUR;Capital International Management Company Sàrl;Allocation;Flexible Allocation;Mixtos Global Emergentes ;FO;EUR;Luxemburgo;3;2;1.69;0;True;False;2012-08-07;;;;;0.14;-0.06;0.11;1.35;2.98;5.17;9.46;7.32;1.54;2.98;9.88;4.69;7.63;-14.76;3.55;4.07;14.91;2;5;61506.12205;7.6291;2.15;3.01;0.02377;12;8.49016;69.74;-1.11;6.2;-5.82;-3.11;-2.88;-1.86;0.6;0.73;0.82;0.96;;;;;;;;;;;;1.04585;0.81503;-0.0208;0.28938;;;;;2;6.79964;5.51411;7.42122;9.06842;-5.6604;-6.93334;-21.24574;-24.97704;1.69;1.5;0;3;0;0.15;0.08;;;0;3;3;3;3;3;3;;1.06;;;86;-14.76;0/4;;;;;Revisar (sin datos);;;;https://bancaonline.bankinter.com/resources/allfundssheets-enmenm/es/?isin=LU0810662568&language=es&currency=EUR&channel=nbol;2026-09-10
LU0592698954;Carmignac Pf Emerg Patrim A EUR Acc;Carmignac Portfolio Emerging Patrimoine A EUR Acc;Carmignac Gestion Luxembourg S.A.;Allocation;Allocation Miscellaneous;Mixtos Global Emergentes ;FO;EUR;Luxemburgo;3;3;1.83;0;True;False;2011-03-31;;;;;0.98;1.69;1.28;2.44;6.54;13.66;23.06;10.45;3.56;4.56;14.21;1.88;7.78;-9.58;-5.22;20.4;18.56;3;7;57313.83558;9.8035;1.14;1.09;;13;4.68839;74.72;-0.73;5.88;0.84;-2.3;-1.08;-0.36;0.86;0.87;0.97;0.97;;;;;;;;;;;;1.5655;0.87257;0.17885;0.44216;;;;;2;11.78076;7.93848;10.15482;9.40448;-5.78545;-7.44858;-25.71051;-29.1285;1.83;1.5;1;4;0;0.99;;;;1;3;2;2;3;2;2;;1.4;;;71;-9.58;0/4;;;;;Revisar (sin datos);;;;https://bancaonline.bankinter.com/resources/allfundssheets-enmenm/es/?isin=LU0592698954&language=es&currency=EUR&channel=nbol;2026-09-10
LU0807690911;Carmignac Pf Emerg Patrim A EUR Ydis;Carmignac Portfolio Emerging Patrimoine A EUR Ydis;Carmignac Gestion Luxembourg S.A.;Allocation;Allocation Miscellaneous;Mixtos Global Emergentes ;FO;EUR;Luxemburgo;3;3;1.83;0;True;False;2012-07-19;;;;;0.97;1.69;1.27;2.44;6.44;13.65;23.05;10.45;3.58;4.58;14.2;1.89;8.24;-9.85;-5.23;20.42;18.62;3;7;57313.83558;9.8035;1.14;1.09;;13;4.68839;74.69;-0.73;5.88;0.88;-2.28;-1.06;-0.34;0.86;0.87;0.97;0.97;;;;;;;;;;;;1.56849;0.87407;0.18131;0.44408;;;;;2;11.75325;7.92497;10.15137;9.40528;-5.83684;-7.44254;-25.7054;-29.12646;1.83;1.5;1;4;0;0.99;;;;1;3;2;2;3;2;1;;1.4;;;71;-9.85;0/4;;;;;Revisar (sin datos);;;;https://bancaonline.bankinter.com/resources/allfundssheets-enmenm/es/?isin=LU0807690911&language=es&currency=EUR&channel=nbol;2026-09-10
LU0608808167;Templeton Em Mkts Dyn Inc A YDis EUR;Templeton Emerging Markets Dynamic Income Fund A(Ydis)EUR;Franklin Templeton International Services S.à r.l.;Allocation;Allocation Miscellaneous;Mixtos Global Emergentes ;FO;EUR;Luxemburgo;3;4;1.86;;True;False;2011-04-29;;;;;0.71;1.16;1.25;0.44;12.93;21.08;33.44;17.33;8.28;6.65;18.45;10.87;9.28;-12.61;1.22;-1.11;15.85;2;;89607.59158;10.06649;1.82;2.18;;13;7.42;93.36;1.03;3.15;5.66;2.41;3.27;1.39;1.08;1.04;1.05;1.02;;;;;;;;;;;;1.86497;1.3003;0.55561;0.5836;;;;;3;14.59321;10.54507;11.52948;10.69247;-7.28489;-14.33152;-20.99303;-23.68532;1.86;1.5;0;6;0;0.04;0.14;;;1;0;0;0;0;0;0;;1.21;;;71;-12.61;4/4;;;;;Revisar (sin datos);;;;https://bancaonline.bankinter.com/resources/allfundssheets-enmenm/es/?isin=LU0608808167&language=es&currency=EUR&channel=nbol;2026-09-10
LU0049785289;UBS (Lux) SF Balanced (CHF) P-acc;UBS (Lux) Strategy Fund - Balanced (CHF) P-acc;UBS Asset Management (Europe) S.A.;Allocation;Moderate Allocation;Mixtos Moderados CHF;FO;CHF;Luxemburgo;3;2;1.75;;True;False;1994-07-01;;;;;-0.25;-0.1;-0.99;2.13;6.05;4.77;7.83;6.32;0.32;2.19;7.87;3.74;4.39;-16.87;7.75;1.69;12.28;2;7;123745.33278;17.90329;3.5;2.81;;16;;54.61;-0.64;4.94;-3.07;-1.11;-2.63;-2.12;1.19;0.78;0.79;0.9;;;;;;;;;;;;1.11637;0.79163;0.04523;0.34621;;;;;4;7.72039;7.00163;8.26839;8.2584;-6.07038;-9.88481;-20.44582;-23.41909;1.75;1.3;0;3;0;0.04;0;;;2;1;2;2;2;3;3;;0.64;;;86;-16.87;2/4;;;;;Revisar (sin datos);;;;https://bancaonline.bankinter.com/resources/allfundssheets-enmenm/es/?isin=LU0049785289&language=es&currency=EUR&channel=nbol;2026-09-10
ES0114877030;Bankinter Mixto Flexible R FI;Bankinter Mixto Flexible R FI;Bankinter Gestión de Activos SGIIC;Allocation;Moderate Allocation;Mixtos Moderados EUR;FO;EUR;España;3;3;1.75;1;True;False;1997-04-16;;;;;0.12;0.16;-1.49;2.52;7.7;9.54;16.61;8.78;3.98;3.35;13.22;0.67;4.97;-8.26;10.66;-4.04;16.25;2;;99737.97481;15.40692;2.27;1.95;;;;82.79;-0.28;3.3;1.97;-1.54;-0.36;-2.31;1.4;1.12;1.02;1.19;;;;;;;;;;;;1.41881;0.71986;0.26666;0.32319;;;;;4;9.6441;7.67755;8.71437;9.75857;-7.56902;-9.1379;-15.01404;-26.91401;1.75;1.6;0;0;0;0.19;0.1;;;0;1;0;0;1;1;1;;0.96;;;71;-8.26;4/4;;;;;Revisar (sin datos);;;;https://bancaonline.bankinter.com/resources/allfundssheets-enmenm/es/?isin=ES0114877030&language=es&currency=EUR&channel=nbol;2026-09-10
ES0164586010;Bankinter Premium Moderado A FI;Bankinter Premium Moderado A FI;Bankinter Gestión de Activos SGIIC;Allocation;Moderate Allocation;Mixtos Moderados EUR;FO;EUR;España;3;3;1.32;50000;True;False;2017-09-15;;;;;-0.03;0.22;-0.52;1.53;4.98;4.77;7.73;7.33;3.36;;6.23;6.91;9.15;-10.06;7.39;1.71;10.23;2;;284948.86918;17.09026;3.23;3.15;;;;89.61;-1;2.13;-1.71;-0.72;-0.39;;0.87;0.79;0.72;;;;;;;;;;;;;0.92006;0.81905;0.25524;;;;;;2;6.06097;5.2306;5.96705;;-4.7651;-7.23013;-11.90644;;1.32;1.15;0;0;0;0.15;0.1;;;2;1;2;2;2;1;;;1.01;;;86;-10.06;2/4;;;;;Revisar (sin datos);;;;https://bancaonline.bankinter.com/resources/allfundssheets-enmenm/es/?isin=ES0164586010&language=es&currency=EUR&channel=nbol;2026-09-10
ES0164586002;Bankinter Premium Moderado B FI;Bankinter Premium Moderado B FI;Bankinter Gestión de Activos SGIIC;Allocation;Moderate Allocation;Mixtos Moderados EUR;FO;EUR;España;3;3;0.82;500000;True;False;2016-07-15;;;;;-0.03;0.23;-0.48;1.66;5.24;5.13;8.27;7.88;3.92;3.59;6.76;7.45;10.24;-9.88;8.03;2.32;10.69;2;;284948.86918;17.09026;3.23;3.15;;;;89.59;-0.74;2.13;-1.21;-0.2;0.14;-0.52;0.87;0.79;0.73;0.76;;;;;;;;;;;;1.00334;0.91743;0.34508;0.49;;;;;2;6.06122;5.23137;6.04181;6.05576;-4.72599;-7.16909;-11.49859;-15.96069;0.82;0.65;0;0;0;0.15;0.1;;;2;1;2;2;1;1;1;;1.1;;;86;-9.88;4/4;;;;;Revisar (sin datos);;;;https://bancaonline.bankinter.com/resources/allfundssheets-enmenm/es/?isin=ES0164586002&language=es&currency=EUR&channel=nbol;2026-09-10
ES0164586028;Bankinter Premium Moderado D FI;Bankinter Premium Moderado D FI;Bankinter Gestión de Activos SGIIC;Allocation;Moderate Allocation;Mixtos Moderados EUR;FO;EUR;España;2;3;1.32;50000;True;False;2020-06-26;;;;;-0.03;0.22;-0.52;1.53;4.98;4.77;7.7;7.32;3.03;;6.2;6.91;9.13;-11.44;7.36;;;2;;284948.86918;17.09026;3.23;3.15;;;;89.58;-1;2.13;-1.74;-0.73;-0.75;;0.87;0.79;0.74;;;;;;;;;;;;;0.91572;0.81637;0.19608;;;;;;2;6.06252;5.22819;6.14281;;-4.76511;-7.23014;-12.44868;;1.32;1.15;0;0;0;0.14;0.1;;;2;1;2;2;2;1;;;1.01;;;80;-11.44;2/4;;;;;Revisar (sin datos);;;;https://bancaonline.bankinter.com/resources/allfundssheets-enmenm/es/?isin=ES0164586028&language=es&currency=EUR&channel=nbol;2026-09-10
ES0164586036;Bankinter Premium Moderado R FI;Bankinter Premium Moderado R FI;Bankinter Gestión de Activos SGIIC;Allocation;Moderate Allocation;Mixtos Moderados EUR;FO;EUR;España;3;3;1.42;10000;True;False;2021-07-02;;;;;-0.03;0.21;-0.53;1.5;4.92;4.7;7.62;7.23;3.25;;6.12;6.8;9.04;-10.15;;;;2;;284948.86918;17.09026;3.23;3.15;;;;89.61;-1.05;2.13;-1.82;-0.82;-0.49;;0.87;0.79;0.72;;;;;;;;;;;;;0.9034;0.79984;0.23816;;;;;;2;6.06093;5.23058;5.9667;;-4.77295;-7.24234;-11.97428;;1.42;1.25;0;0;0;0.14;0.1;;;3;1;2;2;2;1;;;1.0;;;75;-10.15;2/4;;;;;Revisar (sin datos);;;;https://bancaonline.bankinter.com/resources/allfundssheets-enmenm/es/?isin=ES0164586036&language=es&currency=EUR&channel=nbol;2026-09-10
LU0261950553;Fidelity European Mlt-Asst Inc A Acc EUR;Fidelity Funds - European Multi Asset Income Fund A-Acc-EUR;FIL Investment Management (Luxembourg) S.à r.l.;Allocation;Moderate Allocation;Mixtos Moderados EUR;FO;EUR;Luxemburgo;3;3;1.47;2500;True;False;2006-09-25;;;;;-0.15;0.05;-0.6;3.78;1.7;2.81;5.39;7.31;2.25;2.69;6.54;7.32;7.34;-12.85;9.37;-2.03;16.38;2;;50369.29242;15.02259;2.49;1.75;0.02507;;;78.27;-0.65;3.02;-4.72;-1.14;-1.7;-2.13;1.07;0.89;0.84;0.98;;;;;;;;;;;;0.50809;0.71432;0.06873;0.29688;;;;;3;8.30594;6.32923;7.2671;8.01095;-7.09677;-8.38674;-17.45854;-21.68606;1.47;1.5;0;5;0;0.41;0.35;;;0;3;3;2;1;2;2;;0.87;;;71;-12.85;1/4;;;;;Revisar (sin datos);;;;https://bancaonline.bankinter.com/resources/allfundssheets-enmenm/es/?isin=LU0261950553&language=es&currency=EUR&channel=nbol;2026-09-10
IE00BYYPF474;Aegon Global Diversified Inc EUR A Acc;Aegon Global Diversified Income Fund EUR A Acc;Aegon Investment Management BV;Allocation;Moderate Allocation;Mixtos Moderados EUR - Global;FO;EUR;Irlanda;3;4;1.24;500;True;False;2016-07-29;;;;;-0.22;-0.07;-0.83;3.15;5.15;7.61;12.7;10.29;4.7;4.83;10.26;7.03;8.76;-11;8.62;0.26;17.38;1;;72842.86517;15.876;2.04;2.06;;;;74.85;0.19;3.3;2.51;1.58;0.43;-0.85;1.02;0.85;0.92;1.08;;;;;;;;;;;;1.49782;1.14402;0.37981;0.50653;;;;;3;7.52997;6.28409;8.31271;8.9408;-5.33602;-6.75662;-18.49864;-26.96539;1.24;1.05;0;5;0;0.07;;;;0;2;0;0;0;0;0;;1.52;;;86;-11.0;4/4;;;;;Revisar (sin datos);;;;https://bancaonline.bankinter.com/resources/allfundssheets-enmenm/es/?isin=IE00BYYPF474&language=es&currency=EUR&channel=nbol;2026-09-10
IE00BYYPF581;Aegon Global Diversified Inc EUR A Inc;Aegon Global Diversified Income Fund EUR A Inc;Aegon Investment Management BV;Allocation;Moderate Allocation;Mixtos Moderados EUR - Global;FO;EUR;Irlanda;3;4;1.24;500;True;False;2016-07-29;;;;;-0.22;-0.07;-0.83;3.15;5.15;7.61;12.7;10.29;4.7;4.82;10.26;7.03;8.76;-11;8.62;0.25;17.37;1;;72842.86517;15.876;2.04;2.06;;;;74.85;0.19;3.3;2.51;1.58;0.43;-0.85;1.02;0.85;0.92;1.08;;;;;;;;;;;;1.49795;1.14419;0.3797;0.50597;;;;;3;7.52971;6.28376;8.31201;8.94061;-5.3354;-6.75563;-18.49977;-26.96566;1.24;1.05;0;5;0;0.07;;;;0;2;0;0;0;0;0;;1.52;;;86;-11.0;4/4;;;;;Revisar (sin datos);;;;https://bancaonline.bankinter.com/resources/allfundssheets-enmenm/es/?isin=IE00BYYPF581&language=es&currency=EUR&channel=nbol;2026-09-10
IE00BCZQ7T48;Algebris Financial Income R EUR Acc;Algebris UCITS Funds plc - Algebris Financial Income Fund R EUR Acc;Algebris (UK) Limited;Allocation;Moderate Allocation;Mixtos Moderados EUR - Global;FO;EUR;Irlanda;3;5;1.89;10000;True;False;2013-09-20;;;;;-0.04;0.16;0;5.37;7.9;6.12;10.83;17.49;10.53;9.27;19.2;17.7;13.18;-4.15;18.14;2.08;22.7;4;;26702.42213;10.23797;1.25;2.45;;;;51.91;1.49;4.91;3.88;8.18;5.9;2.2;0.52;0.75;0.94;1.42;;;;;;;;;;;;1.47289;1.96677;0.80376;0.63975;;;;;5;5.67626;6.71972;10.84727;14.5066;-5.52241;-7.38975;-18.77858;-36.55737;1.89;1.8;0;3;0;0.19;;;;0;0;2;1;0;0;0;;2.37;;;86;-4.15;4/4;;;;;Revisar (sin datos);;;;https://bancaonline.bankinter.com/resources/allfundssheets-enmenm/es/?isin=IE00BCZQ7T48&language=es&currency=EUR&channel=nbol;2026-09-10
LU1093406186;Allianz Dyn MltAst Stgy SRI 50 AT EUR;Allianz Global Investors Fund - Allianz Dynamic Multi Asset Strategy SRI 50 AT EUR;Allianz Global Investors GmbH;Allocation;Aggressive Allocation;Mixtos Moderados EUR - Global;FO;EUR;Luxemburgo;3;5;1.82;0;True;False;2014-09-03;;;;;-0.1;0.45;-0.31;2.03;4.02;8.09;16.24;11.25;5.32;5.8;9.33;11.48;11.53;-15.36;20.09;1.71;15.03;2;6;94811.82835;15.16659;2.59;1.89;0.0201;9;9.40102;84.86;0.42;4;2.07;-0.22;0.69;0.14;1.52;1.3;1.03;1.05;;;;;;;;;;;;1.3944;0.92683;0.40997;0.62768;;;;;4;10.84309;9.02933;9.12391;8.61059;-8.3689;-12.12121;-16.16723;-18.06043;1.82;1.65;0;4;0;0.1;;;;2;3;0;0;0;0;0;;0.93;;;86;-15.36;4/4;;;;;Revisar (sin datos);;;;https://bancaonline.bankinter.com/resources/allfundssheets-enmenm/es/?isin=LU1093406186&language=es&currency=EUR&channel=nbol;2026-09-10
LU0913601281;Allianz Income and Growth AM H2 EUR;Allianz Global Investors Fund - Allianz Income and Growth AM (H2-EUR);Allianz Global Investors GmbH;Allocation;Moderate Allocation;Mixtos Moderados EUR - Global;FO;EUR;Luxemburgo;3;3;1.56;0;True;False;2013-05-02;;;;;-0.06;0.74;-1.18;-1.01;5.87;4.85;7.41;9.02;2.25;5.77;8.26;8.26;14.8;-21.82;10.63;19.63;16.24;2;;486283.61722;21.96931;5.15;4.1;0.00865;14;3.41041;80.15;-0.25;4.33;-6.04;-2.48;-2.77;-1.1;1.36;1.25;1.24;1.32;;;;;;;;;;;;0.56961;0.64797;0.07902;0.4975;;;;;5;9.95134;8.98728;10.87676;11.06911;-5.79447;-10.72157;-25.74873;-26.74111;1.56;1.5;0;5;0;0.07;0;;;3;1;3;3;1;2;0;;0.84;;;86;-21.82;2/4;;;;;Revisar (sin datos);;;;https://bancaonline.bankinter.com/resources/allfundssheets-enmenm/es/?isin=LU0913601281&language=es&currency=EUR&channel=nbol;2026-09-10
LU1070113664;Allianz Income and Growth AT H2 EUR;Allianz Global Investors Fund - Allianz Income and Growth AT (H2-EUR);Allianz Global Investors GmbH;Allocation;Moderate Allocation;Mixtos Moderados EUR - Global;FO;EUR;Luxemburgo;3;3;1.56;0;True;False;2014-08-12;;;;;-0.06;0.74;-1.18;-1.01;5.83;4.82;7.38;8.97;2.21;5.76;8.26;8.18;14.71;-21.85;10.66;19.62;16.09;2;;486283.61722;21.96931;5.15;4.1;0.00865;14;3.41041;80.15;-0.26;4.31;-6.04;-2.52;-2.81;-1.12;1.36;1.25;1.24;1.32;;;;;;;;;;;;0.56833;0.64391;0.07589;0.49538;;;;;5;9.92059;8.96717;10.88805;11.0624;-5.78391;-10.71839;-25.73045;-26.67583;1.56;1.5;0;5;0;0.07;;;;3;1;3;3;1;2;0;;0.84;;;86;-21.85;2/4;;;;;Revisar (sin datos);;;;https://bancaonline.bankinter.com/resources/allfundssheets-enmenm/es/?isin=LU1070113664&language=es&currency=EUR&channel=nbol;2026-09-10
LU0352312184;Allianz Strategy 50 CT EUR;Allianz Strategy 50 CT EUR;Allianz Global Investors GmbH;Allocation;Moderate Allocation;Mixtos Moderados EUR - Global;FO;EUR;Luxemburgo;3;3;1.4;0;True;False;2008-07-01;;;;;-0.38;-0.2;-1.23;2.43;3.79;4.7;9.22;8.44;2.75;4.06;5.71;9.26;12.61;-17.4;11.84;-1.89;17.1;2;4;248191.54615;17.91817;3.27;2.68;;6;3.79329;87.22;-0.4;3.37;-3.24;-2.62;-1.73;-1.16;1.33;1.23;1;0.97;;;;;;;;;;;;0.89576;0.65411;0.14257;0.46271;;;;;3;9.1114;8.46202;8.60343;8.03168;-6.81635;-11.19136;-18.61337;-18.61337;1.4;1.5;0;0;0;0.06;;;;1;3;2;1;1;2;1;;0.75;;;71;-17.4;1/4;;;;;Revisar (sin datos);;;;https://bancaonline.bankinter.com/resources/allfundssheets-enmenm/es/?isin=LU0352312184&language=es&currency=EUR&channel=nbol;2026-09-10
LU1883327816;Amundi Fds Global Mlt-Asst A EUR C;Amundi Funds - Global Multi-Asset A EUR (C);Amundi Luxembourg S.A.;Allocation;Moderate Allocation;Mixtos Moderados EUR - Global;FO;EUR;Luxemburgo;4;4;1.85;1;True;False;2008-12-12;;;;;-0.32;0.19;-0.64;2.17;6.6;7.87;12.48;10.45;3.61;4.93;12.15;7.23;5.63;-14.05;11.57;6.74;14.62;2;;157461.08867;16.08088;3.02;2.41;;;;86.05;0.2;3.5;-2.51;-0.72;-1.37;-1.27;1.64;1.23;1.18;1.18;;;;;;;;;;;;1.04689;0.87359;0.21337;0.49813;;;;;4;11.02211;8.48606;9.74755;9.26234;-8.10476;-11.60568;-17.97459;-22.66739;1.85;1.5;1;5;0;0.75;;;;2;2;0;0;0;1;0;;0.9;;;86;-14.05;4/4;;;;;Revisar (sin datos);;;;https://bancaonline.bankinter.com/resources/allfundssheets-enmenm/es/?isin=LU1883327816&language=es&currency=EUR&channel=nbol;2026-09-10
LU2183143689;Amundi Fds Global Mlt-Asst A2 EUR C;Amundi Funds - Global Multi-Asset A2 EUR (C);Amundi Luxembourg S.A.;Allocation;Moderate Allocation;Mixtos Moderados EUR - Global;FO;EUR;Luxemburgo;4;3;2.05;0;True;False;2020-06-19;;;;;0.07;0.16;-0.33;1.94;6.83;8.08;13.03;10.31;3.59;;11.91;7.02;5.42;-13.68;11.6;;;2;;157461.08867;16.08088;3.02;2.41;;;;86.02;0.14;3.5;-2.73;-0.91;-1.4;;1.64;1.23;1.16;;;;;;;;;;;;;1.02767;0.85059;0.20835;;;;;;4;11.02134;8.48114;9.69615;;-8.11814;-11.61892;-17.6187;;2.05;1.7;0;5;0;0.75;;;;2;2;0;0;0;1;;;0.89;;;80;-13.68;3/4;;;;;Revisar (sin datos);;;;https://bancaonline.bankinter.com/resources/allfundssheets-enmenm/es/?isin=LU2183143689&language=es&currency=EUR&channel=nbol;2026-09-10
LU0093503497;BGF ESG Multi-Asset A2;BlackRock Global Funds - ESG Multi-Asset Fund A2;BlackRock (Luxembourg) SA;Allocation;Moderate Allocation;Mixtos Moderados EUR - Global;FO;EUR;Luxemburgo;3;4;1.54;5000;True;False;1999-01-04;;;;;-0.34;0.26;-0.94;1.35;6.65;7.99;13.58;9.29;3.28;5.49;9.07;6.76;5.18;-14.29;14.97;10.06;14.48;2;;177600.28569;20.10575;4.14;3.05;0.01188;;2.12;87.03;-0.15;3.5;0.13;-2;-1.34;-0.03;1.46;1.25;1.04;1;;;;;;;;;;;;1.27951;0.73055;0.19355;0.61667;;;;;4;9.91055;8.58032;8.87774;8.0187;-6.03758;-11.47539;-18.38027;-18.38027;1.54;1.2;0;5;0;0.46;0.45;;;2;0;0;0;1;1;0;;0.81;;;86;-14.29;4/4;;;;;Revisar (sin datos);;;;https://bancaonline.bankinter.com/resources/allfundssheets-enmenm/es/?isin=LU0093503497&language=es&currency=EUR&channel=nbol;2026-09-10
LU0212925753;BGF Global Allocation A2 EUR Hedged;BlackRock Global Funds - Global Allocation Fund A2 EUR Hedged;BlackRock (Luxembourg) SA;Allocation;Moderate Allocation;Mixtos Moderados EUR - Global;FO;EUR;Luxemburgo;3;3;1.77;5000;True;False;2005-04-22;;;;;-0.13;1.12;-0.09;2.19;7.41;6.07;10.45;11.29;2.7;4.53;14.63;7.01;9.63;-18.98;5.2;17.41;13.34;2;4;220170.89934;17.4271;3.49;3;0.01189;12;;76.48;0.17;5.33;-5.05;-1.24;-2.54;-1.88;1.61;1.35;1.25;1.23;;;;;;;;;;;;0.77767;0.77793;0.1029;0.41192;;;;;5;11.31697;9.92931;10.87306;10.40325;-8.43125;-10.79854;-25.23009;-25.23009;1.77;1.5;0;5;0;0.5;0.44;;;3;2;2;1;0;2;1;;1.05;;;86;-18.98;3/4;;;;;Revisar (sin datos);;;;https://bancaonline.bankinter.com/resources/allfundssheets-enmenm/es/?isin=LU0212925753&language=es&currency=EUR&channel=nbol;2026-09-10
LU0240613025;BGF Global Allocation A4 EUR Hedged;BlackRock Global Funds - Global Allocation Fund A4 EUR Hedged;BlackRock (Luxembourg) SA;Allocation;Moderate Allocation;Mixtos Moderados EUR - Global;FO;EUR;Luxemburgo;3;3;1.77;5000;True;False;2006-01-25;;;;;-0.12;1.12;-0.07;2.2;7.41;6.06;10.45;11.29;2.7;4.54;14.65;6.99;9.63;-18.98;5.19;17.43;13.34;2;4;220170.89934;17.4271;3.49;3;0.01189;12;;76.37;0.17;5.34;-5.04;-1.24;-2.53;-1.88;1.61;1.35;1.25;1.23;;;;;;;;;;;;0.77824;0.77731;0.10338;0.4122;;;;;5;11.30938;9.93449;10.87676;10.4047;-8.42613;-10.807;-25.23639;-25.23639;1.77;1.5;0;2;0;0.5;0.44;;;3;2;2;1;0;2;1;;1.04;;;86;-18.98;3/4;;;;;Revisar (sin datos);;;;https://bancaonline.bankinter.com/resources/allfundssheets-enmenm/es/?isin=LU0240613025&language=es&currency=EUR&channel=nbol;2026-09-10
LU1133085917;BGF Global Multi-Asset Inc A6 EUR H;BlackRock Global Funds - Global Multi-Asset Income Fund A6 EUR Hedged;BlackRock (Luxembourg) SA;Allocation;Moderate Allocation;Mixtos Moderados EUR - Global;FO;EUR;Luxemburgo;3;2;1.77;5000;True;False;2014-11-19;;;;;-0.16;0.16;-0.34;1.62;3.17;3.29;5.03;7.08;0.94;2.11;8.15;4.39;7.12;-15.63;4.9;3.42;10.04;2;7;111244.62113;18.4225;2.61;2.58;0.01376;14;3.65;77.85;-0.9;3.1;-3.42;-1.8;-3.32;-2.82;0.8;0.88;0.89;0.9;;;;;;;;;;;;0.59744;0.62915;-0.09364;0.22586;;;;;3;5.74633;6.37772;7.80577;7.35945;-4.71002;-6.52393;-20.40835;-20.40835;1.77;1.5;0;5;0;0.31;;;;2;3;3;3;2;3;3;;1.09;;;86;-15.63;0/4;;;;;Revisar (sin datos);;;;https://bancaonline.bankinter.com/resources/allfundssheets-enmenm/es/?isin=LU1133085917&language=es&currency=EUR&channel=nbol;2026-09-10
LU0048292634;BL-Global 50 A EUR;BL-Global 50 A EUR Inc;BLI - Banque de Luxembourg Investments SA;Allocation;Moderate Allocation;Mixtos Moderados EUR - Global;FO;EUR;Luxemburgo;3;4;1.43;0;True;False;1993-10-28;;;;;-0.12;-0.35;0.15;2.33;-1.22;4.19;12.29;9.34;5.06;4.24;12.56;9.6;4.49;-7.32;8.07;1.76;14.22;2;;151706.81616;16.2339;4.11;3.29;;;;32.46;-0.02;6.13;2.95;2.54;1.74;1.14;1.05;0.6;0.52;0.51;;;;;;;;;;;;1.21022;0.9631;0.48377;0.62171;;;;;2;9.90125;6.77041;6.81318;5.96802;-7.61822;-7.61822;-9.10764;-13.06279;1.43;1.25;0;5;0;0.07;0.04;;;1;3;3;0;1;0;1;;1.23;;;86;-7.32;4/4;;;;;Revisar (sin datos);;;;https://bancaonline.bankinter.com/resources/allfundssheets-enmenm/es/?isin=LU0048292634&language=es&currency=EUR&channel=nbol;2026-09-10
LU0048292808;BL-Global 50 B EUR;BL-Global 50 B EUR Acc;BLI - Banque de Luxembourg Investments SA;Allocation;Moderate Allocation;Mixtos Moderados EUR - Global;FO;EUR;Luxemburgo;3;4;1.43;0;True;False;1993-10-28;;;;;-0.12;-0.35;0.15;2.34;-1.22;4.19;12.29;9.34;5.06;4.37;12.56;9.59;4.49;-7.32;8.07;2.06;14.22;2;;151706.81616;16.2339;4.11;3.29;;;;32.47;-0.02;6.13;2.95;2.54;1.74;1.28;1.05;0.6;0.52;0.51;;;;;;;;;;;;1.21139;0.96322;0.48375;0.64525;;;;;2;9.88879;6.76473;6.80892;5.94463;-7.61107;-7.61107;-9.10868;-13.06302;1.43;1.25;0;5;0;0.07;0.04;;;1;3;3;0;1;0;1;;1.23;;;86;-7.32;4/4;;;;;Revisar (sin datos);;;;https://bancaonline.bankinter.com/resources/allfundssheets-enmenm/es/?isin=LU0048292808&language=es&currency=EUR&channel=nbol;2026-09-10
LU1241524708;BSF BK MyMap Plus Moderate A2 EUR;BlackRock Strategic Funds - BlackRock MyMap Plus Moderate Fund A2 EUR;BlackRock (Luxembourg) SA;Allocation;Moderate Allocation;Mixtos Moderados EUR - Global;FO;EUR;Luxemburgo;3;3;1.12;5000;True;False;2015-06-03;;;;;-0.07;0.44;-0.41;1.22;5.43;5.6;9.26;9.78;3.59;4.27;7.99;11.19;8.01;-14.66;11.66;-0.26;18.16;2;;257317.15478;16.71567;3.35;2.67;;;3.72;91.51;-0.03;2.2;-2.03;-0.59;-1.02;-1.51;1.15;1.09;1.01;1.06;;;;;;;;;;;;1.0069;0.907;0.2343;0.46423;;;;;3;7.75022;7.31019;8.28953;8.23366;-5.01209;-10.44501;-17.4974;-24.33794;1.12;1;0;5;0;0.25;;;;3;1;2;2;1;1;1;;0.94;;;71;-14.66;3/4;;;;;Revisar (sin datos);;;;https://bancaonline.bankinter.com/resources/allfundssheets-enmenm/es/?isin=LU1241524708&language=es&currency=EUR&channel=nbol;2026-09-10
LU1165444743;Bankinter IFS Multifunds Moderate A;Bankinter International Fund SICAV Multifunds Moderate A;Bankinter Luxembourg S.A.;Allocation;Moderate Allocation;Mixtos Moderados EUR - Global;FO;EUR;Luxemburgo;2;2;1.35;1;True;False;2015-06-15;;;;;-0.02;0.09;-0.47;0.73;3.68;4.19;6.88;6.75;2.9;2.83;4.26;8.22;7.88;-10.39;6.84;3.81;10.43;2;4;150031.41245;17.63004;2.98;2.44;;11;5.30088;87.63;-1.2;2.3;-3.86;-1.38;-0.88;-1.83;1.04;0.82;0.69;0.84;;;;;;;;;;;;0.72472;0.72019;0.19299;0.34257;;;;;2;6.96717;5.59815;5.93992;6.90733;-4.47694;-8.07726;-11.51337;-18.47999;1.35;0.05;0;0;0;0;0.15;;;2;2;3;3;2;2;2;;0.84;;;86;-10.39;0/4;;;;;Revisar (sin datos);;;;https://bancaonline.bankinter.com/resources/allfundssheets-enmenm/es/?isin=LU1165444743&language=es&currency=EUR&channel=nbol;2026-09-10
LU1165444826;Bankinter IFS Multifunds Moderate B;Bankinter International Fund SICAV Multifunds Moderate B;Bankinter Luxembourg S.A.;Allocation;Moderate Allocation;Mixtos Moderados EUR - Global;FO;EUR;Luxemburgo;2;3;0.94;1000000;True;False;2015-05-04;;;;;-0.02;0.1;-0.43;0.83;3.89;4.48;7.31;7.19;3.32;3.34;4.67;8.7;8.32;-10.03;7.41;4.48;11.15;2;4;150031.41245;17.63004;2.98;2.44;;11;5.30088;87.63;-1;2.3;-3.45;-0.96;-0.48;-1.33;1.04;0.82;0.69;0.84;;;;;;;;;;;;0.78259;0.79431;0.26304;0.41491;;;;;2;6.96793;5.59882;5.9419;6.9124;-4.44423;-8.02739;-11.19223;-18.43309;0.94;0.05;0;0;0;0;0.15;;;2;2;2;3;2;1;2;;0.9;;;86;-10.03;1/4;;;;;Revisar (sin datos);;;;https://bancaonline.bankinter.com/resources/allfundssheets-enmenm/es/?isin=LU1165444826&language=es&currency=EUR&channel=nbol;2026-09-10
ES0113257010;Bankinter Platea Moderado A FI;Bankinter Platea Moderado A FI;Bankinter Gestión de Activos SGIIC;Allocation;Moderate Allocation;Mixtos Moderados EUR - Global;FO;EUR;España;3;3;1.58;50000;True;False;2017-09-29;;;;;0.09;-0.06;-0.47;0.36;3.24;4.28;6.82;6.55;2.91;;4.49;7.42;8.68;-9.91;6.4;2.56;9.2;2;4;146346.0357;16.70076;2.8;2.21;;11;4.91433;94.98;-1.69;1.82;-2.97;-1.48;-1.06;;0.9;0.78;0.73;;;;;;;;;;;;;0.79778;0.71773;0.18476;;;;;;1;5.97091;5.13765;5.86302;;-4.4191;-7.56574;-11.43901;;1.58;1.15;1;0;0;0.17;0.1;;;3;2;3;3;3;2;;;0.87;;;86;-9.91;0/4;;;;;Revisar (sin datos);;;;https://bancaonline.bankinter.com/resources/allfundssheets-enmenm/es/?isin=ES0113257010&language=es&currency=EUR&channel=nbol;2026-09-10
ES0113257002;Bankinter Platea Moderado B FI;Bankinter Platea Moderado B FI;Bankinter Gestión de Activos SGIIC;Allocation;Moderate Allocation;Mixtos Moderados EUR - Global;FO;EUR;España;3;3;1.43;200000;True;False;2015-11-20;;;;;0.09;-0.05;-0.46;0.4;3.32;4.38;6.98;6.71;3.07;3;4.64;7.61;8.84;-9.78;6.61;2.71;9.33;2;4;146346.0357;16.71439;2.81;2.21;;11;4.91433;94.98;-1.6;1.83;-2.81;-1.32;-0.91;-1.51;0.9;0.78;0.73;0.79;;;;;;;;;;;;0.82303;0.74803;0.21161;0.40454;;;;;1;5.96843;5.13476;5.8619;6.01282;-4.4061;-7.54587;-11.31386;-16.5257;1.43;1;1;0;0;0.17;0.1;;;3;2;3;3;3;2;2;;0.89;;;86;-9.78;1/4;;;;;Revisar (sin datos);;;;https://bancaonline.bankinter.com/resources/allfundssheets-enmenm/es/?isin=ES0113257002&language=es&currency=EUR&channel=nbol;2026-09-10
ES0113257036;Bankinter Platea Moderado D FI;Bankinter Platea Moderado D FI;Bankinter Gestión de Activos SGIIC;Allocation;Moderate Allocation;Mixtos Moderados EUR - Global;FO;EUR;España;2;3;1.68;10;True;False;2020-10-30;;;;;0.1;-0.06;-0.52;0.36;3.45;4.55;7.24;6.85;2.72;;4.71;7.9;8.49;-10.07;5.16;;;2;4;146346.0357;16.71439;2.81;2.21;;11;4.91433;95.36;-1.67;1.67;-2.93;-1.41;-1.28;;0.94;0.81;0.74;;;;;;;;;;;;;0.8272;0.74453;0.15132;;;;;;1;6.25341;5.33942;5.96603;;-4.57766;-7.71636;-12.91138;;1.68;1.25;0;0;0;0.16;0.1;;;3;2;3;3;2;2;;;0.89;;;80;-10.07;0/4;;;;;Revisar (sin datos);;;;https://bancaonline.bankinter.com/resources/allfundssheets-enmenm/es/?isin=ES0113257036&language=es&currency=EUR&channel=nbol;2026-09-10
ES0113257028;Bankinter Platea Moderado R FI;Bankinter Platea Moderado R FI;Bankinter Gestión de Activos SGIIC;Allocation;Moderate Allocation;Mixtos Moderados EUR - Global;FO;EUR;España;3;3;1.68;10;True;False;2020-03-17;;;;;0.1;-0.06;-0.52;0.36;3.45;4.55;7.27;6.87;3.04;;4.74;7.9;8.51;-10.05;6.75;;;2;4;146346.0357;16.70076;2.8;2.21;;11;4.91433;95.35;-1.66;1.67;-2.9;-1.39;-0.98;;0.94;0.81;0.75;;;;;;;;;;;;;0.83149;0.74723;0.20393;;;;;;1;6.25163;5.34158;6.00234;;-4.57763;-7.71635;-11.59819;;1.68;1.25;0;0;0;0.16;0.1;;;3;2;3;3;2;2;;;0.89;;;80;-10.05;0/4;;;;;Revisar (sin datos);;;;https://bancaonline.bankinter.com/resources/allfundssheets-enmenm/es/?isin=ES0113257028&language=es&currency=EUR&channel=nbol;2026-09-10
LU1102542534;CT (Lux) Glbl Mlt Ast Inc AEC;CT (Lux) - Global Multi Asset Income Class AEC (EUR Distribution Hedged Shares);Threadneedle Management Luxembourg S.A.;Allocation;Moderate Allocation;Mixtos Moderados EUR - Global;FO;EUR;Luxemburgo;3;3;1.57;2500;True;False;2014-11-04;;;;;0.1;0.37;-0.54;0.86;5.55;6.4;9.39;9.56;3.17;2.8;9.21;6.65;8.72;-13.92;6.43;0.64;10.88;2;4;90080.93892;14.67866;2.61;2.21;0.02551;13;;82.13;-0.15;3.53;-3.53;-1.29;-1.86;-3.37;1.24;1.14;1.16;1.19;;;;;;;;;;;;0.85206;0.77557;0.1563;0.26655;;;;;4;8.32583;8.06817;9.92424;9.69386;-5.84509;-9.69904;-20.70073;-29.30416;1.57;1.25;0;5;0;0.2;;;;3;2;2;2;1;2;2;;0.99;;;86;-13.92;2/4;;;;;Revisar (sin datos);;;;https://bancaonline.bankinter.com/resources/allfundssheets-enmenm/es/?isin=LU1102542534&language=es&currency=EUR&channel=nbol;2026-09-10
LU0640488994;CT (Lux) Glbl Mlt Ast Inc AEH;CT (Lux) - Global Multi Asset Income Class AEH (EUR Accumulation Hedged Shares);Threadneedle Management Luxembourg S.A.;Allocation;Moderate Allocation;Mixtos Moderados EUR - Global;FO;EUR;Luxemburgo;3;3;1.57;2500;True;False;2012-09-18;;;;;0.1;0.38;-0.54;0.87;5.57;6.44;9.43;9.55;3.17;2.8;9.14;6.63;8.77;-13.9;6.35;0.61;10.9;2;4;90080.93892;14.67866;2.61;2.21;0.02551;13;;82.08;-0.15;3.53;-3.49;-1.3;-1.86;-3.38;1.24;1.14;1.16;1.19;;;;;;;;;;;;0.85692;0.77452;0.15655;0.26613;;;;;4;8.32204;8.06091;9.91479;9.69254;-5.83735;-9.73804;-20.67829;-29.26661;1.57;1.25;0;5;0;0.2;;;;3;2;2;2;1;2;2;;0.98;;;86;-13.9;2/4;;;;;Revisar (sin datos);;;;https://bancaonline.bankinter.com/resources/allfundssheets-enmenm/es/?isin=LU0640488994&language=es&currency=EUR&channel=nbol;2026-09-10
LU1006076209;Capital Group GlbAlloc LUX Bh-EUR;Capital Group Global Allocation Fund LUX Bh-EUR;Capital International Management Company Sàrl;Allocation;Moderate Allocation;Mixtos Moderados EUR - Global;FO;EUR;Luxemburgo;3;4;1.59;0;True;False;2014-01-31;;;;;-0.19;-0.67;-1.36;0.8;1.68;5.06;6.78;8.44;2.78;4.7;5.21;10.8;5.3;-13.5;12.35;6.27;15.4;2;6;166061.51678;18.13244;3.04;2.4;0.02032;7;8.13635;81.84;-0.37;3.04;-2.8;-1.02;-1.83;-0.86;0.96;1;1.06;1.02;;;;;;;;;;;;0.7583;0.79093;0.1418;0.52297;;;;;3;7.12245;7.14944;9.01016;8.09626;-5.91675;-10.11107;-18.05977;-18.38338;1.59;1.4;0;3;0;0.17;0.05;;;2;3;2;3;1;2;1;;0.83;;;86;-13.5;1/4;;;;;Revisar (sin datos);;;;https://bancaonline.bankinter.com/resources/allfundssheets-enmenm/es/?isin=LU1006076209&language=es&currency=EUR&channel=nbol;2026-09-10
FR0010135103;Carmignac Patrimoine A EUR Acc;Carmignac Patrimoine A EUR Acc;Carmignac Gestion;Allocation;Moderate Allocation;Mixtos Moderados EUR - Global;FO;EUR;Francia;3;3;1.5;0;True;False;1989-11-07;;;;;0.19;0.7;0.82;4.32;5.99;8.22;11.58;9.81;3.06;2.79;12.12;7.06;2.2;-9.38;-0.88;12.4;10.55;3;4;230306.28781;18.38554;3.73;1.82;;12;2.65264;58.37;-0.02;4.2;3.11;2.08;-0.44;-0.8;0.62;0.67;0.55;0.62;;;;;;;;;;;;1.49161;1.15949;0.18543;0.36505;;;;;2;5.63814;5.57893;6.4327;6.28702;-3.74851;-5.40399;-17.90471;-18.20108;1.5;1.5;1;4;0;0.66;;;;0;0;1;1;1;2;3;;1.82;;;71;-9.38;3/4;;;;;Revisar (sin datos);;;;https://bancaonline.bankinter.com/resources/allfundssheets-enmenm/es/?isin=FR0010135103&language=es&currency=EUR&channel=nbol;2026-09-10
FR0011269588;Carmignac Patrimoine A EUR Ydis;Carmignac Patrimoine A EUR Ydis;Carmignac Gestion;Allocation;Moderate Allocation;Mixtos Moderados EUR - Global;FO;EUR;Francia;3;3;1.5;0;True;False;2012-06-19;;;;;0.19;0.7;0.82;4.34;6;8.24;11.63;9.87;3.11;2.69;12.26;7.06;2.3;-9.39;-0.88;12.4;10.55;3;4;230306.28781;18.38554;3.73;1.82;;12;2.65264;57.91;-0.01;4.23;3.17;2.13;-0.39;-0.9;0.62;0.67;0.55;0.62;;;;;;;;;;;;1.48554;1.16423;0.19282;0.34829;;;;;2;5.69601;5.59824;6.44297;6.29972;-3.7454;-5.40294;-17.90299;-18.19795;1.5;1.5;1;4;0;0.66;;;;0;0;1;1;1;2;3;;1.83;;;71;-9.39;3/4;;;;;Revisar (sin datos);;;;https://bancaonline.bankinter.com/resources/allfundssheets-enmenm/es/?isin=FR0011269588&language=es&currency=EUR&channel=nbol;2026-09-10
FR0010306142;Carmignac Patrimoine E EUR Acc;Carmignac Patrimoine E EUR Acc;Carmignac Gestion;Allocation;Moderate Allocation;Mixtos Moderados EUR - Global;FO;EUR;Francia;3;3;2;0;True;False;2006-07-01;;;;;0.19;0.7;0.79;4.29;5.77;7.96;11.32;9.4;2.65;2.34;11.87;6.52;1.69;-9.74;-1.37;11.89;9.99;3;4;230306.28781;18.38554;3.73;1.82;;12;2.65264;57.13;-0.12;4.28;2.83;1.7;-0.84;-1.24;0.61;0.67;0.55;0.62;;;;;;;;;;;;1.39688;1.08165;0.12046;0.29252;;;;;2;5.80527;5.63396;6.46375;6.30191;-3.85839;-5.47781;-18.30256;-18.75236;2;2;1;0;0;0.66;;;;0;0;1;1;1;2;3;;1.72;;;71;-9.74;2/4;;;;;Revisar (sin datos);;;;https://bancaonline.bankinter.com/resources/allfundssheets-enmenm/es/?isin=FR0010306142&language=es&currency=EUR&channel=nbol;2026-09-10
LU1163533422;Carmignac Pf Patrimoine A EUR Minc;Carmignac Portfolio Patrimoine A EUR Minc;Carmignac Gestion Luxembourg S.A.;Allocation;Moderate Allocation;Mixtos Moderados EUR - Global;FO;EUR;Luxemburgo;3;3;1.8;0;True;False;2014-12-31;;;;;0.22;0.79;1.1;4.69;6.18;8.57;12.24;9.76;3.05;2.78;11.93;6.86;2.02;-9.29;-0.93;12.74;10.52;3;4;234741.99813;18.5015;3.76;1.81;;12;2.5998;56.27;-0.04;4.32;3.67;2.07;-0.45;-0.79;0.6;0.66;0.54;0.61;;;;;;;;;;;;1.50161;1.14336;0.1806;0.36155;;;;;2;5.90922;5.58292;6.42208;6.273;-4.02387;-5.24005;-17.7963;-18.13016;1.8;1.5;1;4;0;0.33;;;;0;0;0;1;1;2;3;;1.86;;;71;-9.29;2/4;;;;;Revisar (sin datos);;;;https://bancaonline.bankinter.com/resources/allfundssheets-enmenm/es/?isin=LU1163533422&language=es&currency=EUR&channel=nbol;2026-09-10
LU0553169458;DJE - Zins & Dividende I (EUR);DJE - Zins & Dividende I (EUR);DJE Investment SA;Allocation;Moderate Allocation;Mixtos Moderados EUR - Global;FO;EUR;Luxemburgo;3;4;1.65;75000;True;False;2010-12-06;;;;;0.02;-0.1;-0.29;1.41;5.02;7.42;11.72;8.21;4.19;4.8;3.77;11.16;6.93;-9.36;11.64;5.16;10.86;2;1;198913.1264;16.44964;2.68;3.14;;3;5.8929;72.8;-0.29;3.38;1.83;0.45;0.39;0.72;0.94;0.79;0.7;0.71;;;;;;;;;;;;1.44417;0.95613;0.38355;0.71366;;;;;2;6.8512;5.96645;6.39713;5.98116;-4.28835;-9.84782;-10.04628;-12.66985;1.65;1.42;0;0;0;0.26;0.1;;;1;1;0;0;1;1;0;;0.83;;;86;-9.36;3/4;;;;;Revisar (sin datos);;;;https://bancaonline.bankinter.com/resources/allfundssheets-enmenm/es/?isin=LU0553169458&language=es&currency=EUR&channel=nbol;2026-09-10
LU0987487336;Fidelity Glb Mlt Ast Inc A-Acc-EUR H;Fidelity Funds - Global Multi Asset Income Fund A-Acc-EUR (hedged);FIL Investment Management (Luxembourg) S.à r.l.;Allocation;Moderate Allocation;Mixtos Moderados EUR - Global;FO;EUR;Luxemburgo;3;1;1.69;;True;False;2013-11-11;;;;;-0.07;0.15;-0.67;1.05;2.21;5.49;9;7.23;0.58;1.65;8.7;3.53;2.63;-14.03;2.31;1.54;9.29;2;;59959.08532;16.41046;2.52;1.96;0.01869;;;66.8;-0.59;4.1;-4.21;-1.49;-3.33;-2.73;1.34;0.89;0.74;0.79;;;;;;;;;;;;0.7388;0.63129;-0.15525;0.17284;;;;;3;9.8954;7.00041;7.56427;6.98898;-6.65691;-6.65691;-20.59495;-20.59498;1.69;1.5;0;5;0;0.37;0.35;;;3;3;2;2;2;3;3;;1.09;;;86;-14.03;0/4;;;;;Revisar (sin datos);;;;https://bancaonline.bankinter.com/resources/allfundssheets-enmenm/es/?isin=LU0987487336&language=es&currency=EUR&channel=nbol;2026-09-10
LU0987487419;Fidelity Glb Mlt Ast IncA-QInc(G)-EURH;Fidelity Funds - Global Multi Asset Income Fund A-QINCOME(G)-EUR (hedged);FIL Investment Management (Luxembourg) S.à r.l.;Allocation;Moderate Allocation;Mixtos Moderados EUR - Global;FO;EUR;Luxemburgo;3;1;1.69;;True;False;2013-11-11;;;;;-0.13;0.15;-0.68;1.04;2.18;5.46;9;7.26;0.59;1.69;8.75;3.55;2.73;-14.06;2.3;1.54;9.37;2;;59959.08532;16.41046;2.52;1.96;;;;67.39;-0.58;4.06;-4.15;-1.48;-3.32;-2.7;1.35;0.9;0.75;0.79;;;;;;;;;;;;0.74889;0.63723;-0.15204;0.17765;;;;;3;9.89526;6.99272;7.57887;6.99545;-6.63815;-6.63815;-20.64149;-20.64209;1.69;1.5;0;5;0;0.37;;;;3;3;2;2;2;3;3;;1.09;;;86;-14.06;0/4;;;;;Revisar (sin datos);;;;https://bancaonline.bankinter.com/resources/allfundssheets-enmenm/es/?isin=LU0987487419&language=es&currency=EUR&channel=nbol;2026-09-10
LU1095740319;First Eagle Amundi Income Bldr AHE-QVD;First Eagle Amundi Income Builder Fund Class AHE-QVD Shares;First Eagle Investment Management, LLC;Allocation;Moderate Allocation;Mixtos Moderados EUR - Global;FO;EUR;Luxemburgo;3;4;1.86;0;True;False;2014-09-03;;;;;0.05;0.12;0.86;4.19;2.87;9.78;16.19;11.73;5.22;3.97;20.62;2.09;5.42;-9.71;7.26;2.36;9.9;1;4;34253.43019;11.14991;1.48;1.7;;12;4.29589;28.62;0.19;8.52;3.78;2.89;0.8;-1.56;1.25;0.83;1.01;1.07;;;;;;;;;;;;1.13508;0.84133;0.33492;0.36983;;;;;5;12.81909;9.96901;11.22742;10.21769;-9.15123;-9.15123;-18.84487;-25.73445;1.86;1.6;1;5;0;0.02;;;;0;3;0;0;0;0;1;;1.28;;;86;-9.71;4/4;;;;;Revisar (sin datos);;;;https://bancaonline.bankinter.com/resources/allfundssheets-enmenm/es/?isin=LU1095740319&language=es&currency=EUR&channel=nbol;2026-09-10
LU0316494987;Franklin Glbl Fdmtl Strats A(acc)EUR-H1;Franklin Global Fundamental Strategies Fund A(acc)EUR-H1;Franklin Templeton International Services S.à r.l.;Allocation;Moderate Allocation;Mixtos Moderados EUR - Global;FO;EUR;Luxemburgo;4;1;1.83;;True;False;2007-10-25;;;;;0;1.59;-0.29;2.61;7.35;4.07;5.8;10.28;1.39;1.76;14.59;5.67;16.69;-24.37;4.91;-2.23;8.34;3;5;369296.58832;20.01954;4.97;4.45;;13;7.25;74.06;-0.02;6.77;-8.75;-3.24;-4.34;-5.4;1.58;1.54;1.51;1.45;;;;;;;;;;;;0.41235;0.6062;0.00498;0.15059;;;;;5;11.59126;11.45234;13.2614;12.16895;-10.88031;-12.9754;-32.39879;-33.97571;1.83;1.5;0;6;0;0.57;0.14;;;3;1;3;3;1;3;3;;0.79;;;71;-24.37;1/4;;;;;Revisar (sin datos);;;;https://bancaonline.bankinter.com/resources/allfundssheets-enmenm/es/?isin=LU0316494987&language=es&currency=EUR&channel=nbol;2026-09-10
LU0360500044;Franklin Glbl Fdmtl Strats N(acc)EUR-H1;Franklin Global Fundamental Strategies Fund N(acc)EUR-H1;Franklin Templeton International Services S.à r.l.;Allocation;Moderate Allocation;Mixtos Moderados EUR - Global;FO;EUR;Luxemburgo;4;1;2.57;;True;False;2008-05-15;;;;;0;1.68;-0.35;2.41;6.93;3.66;5.07;9.48;0.62;1.01;13.75;4.8;15.85;-24.94;3.95;-2.94;7.55;3;5;369296.58832;20.01954;4.97;4.45;;13;7.25;73.86;-0.14;6.81;-9.62;-4.02;-5.11;-6.14;1.58;1.54;1.51;1.45;;;;;;;;;;;;0.33828;0.5372;-0.05345;0.08891;;;;;5;11.58339;11.47599;13.27753;12.15792;-10.91341;-13.29788;-32.97234;-36.27011;2.57;2.25;0;3;0;0.57;0.14;;;3;2;3;3;1;3;3;;0.71;;;71;-24.94;1/4;;;;;Revisar (sin datos);;;;https://bancaonline.bankinter.com/resources/allfundssheets-enmenm/es/?isin=LU0360500044&language=es&currency=EUR&channel=nbol;2026-09-10
LU1245471054;FvS Multi Asset Balanced ET;Flossbach von Storch - Multi Asset Balanced ET;Flossbach von Storch Invest S.A.;Allocation;Moderate Allocation;Mixtos Moderados EUR - Global;FO;EUR;Luxemburgo;3;3;2.01;0;True;False;2015-07-13;;;;;-0.25;-1.13;-0.93;3.47;0.96;1.31;4.68;6.3;2.17;2.91;5.02;9.57;8.29;-12.57;7.66;-1.98;16.4;2;6;108231.79724;19.53809;3.87;3.29;;8;7.80736;64.11;-0.71;3.9;-1.78;-0.79;-1.46;-1.42;0.77;0.72;0.7;0.8;;;;;;;;;;;;0.69349;0.69056;0.09269;0.37782;;;;;2;7.03155;5.84168;6.54649;6.85687;-6.74788;-6.74788;-14.93455;-16.11724;2.01;1.87;0;1;0;0.08;;;;0;3;3;3;2;2;2;;0.93;;;71;-12.57;0/4;;;;;Revisar (sin datos);;;;https://bancaonline.bankinter.com/resources/allfundssheets-enmenm/es/?isin=LU1245471054&language=es&currency=EUR&channel=nbol;2026-09-10
LU0119195963;GS Patrimonial Balanced-P Cap EUR;Goldman Sachs Patrimonial Balanced - P Cap EUR;Goldman Sachs Asset Management B.V.;Allocation;Moderate Allocation;Mixtos Moderados EUR - Global;FO;EUR;Luxemburgo;3;4;1.2;0;True;False;1977-12-23;;;;;0.15;-0.21;-0.57;0.42;4.89;5.83;9.17;8.22;3.01;4.64;2.68;11.74;10.9;-15.53;12.08;6.39;15.44;2;4;196578.96846;18.16435;3.41;2.9;;8;6.19833;96.93;-0.67;2.14;-3.58;-2.84;-1.86;-1.14;1.26;1.25;1.08;1.06;;;;;;;;;;;;0.86874;0.66707;0.15185;0.51665;;;;;3;8.33313;8.14753;8.68416;8.02575;-5.53436;-11.37269;-16.95651;-19.42035;1.2;1.2;0;3;0;0;;;;3;1;2;2;2;2;1;;0.72;;;86;-15.53;1/4;;;;;Revisar (sin datos);;;;https://bancaonline.bankinter.com/resources/allfundssheets-enmenm/es/?isin=LU0119195963&language=es&currency=EUR&channel=nbol;2026-09-10
LU0908524852;Halley Alinea Global B;Halley Alinea Global B;CIRCULAR PATRIMONIO AV, S.L.;Allocation;Moderate Allocation;Mixtos Moderados EUR - Global;FO;EUR;Luxemburgo;3;3;2.03;100;True;False;2013-05-07;;;;;-0.32;-0.81;-1.03;2.54;6.65;7.98;13.65;9.08;9.4;2.05;10.41;5.21;8.85;13.93;14.88;-16.97;-11.08;5;;5779.54641;16.10242;1.93;1.29;;;;56.58;-0.1;5.39;2.89;-0.11;5.93;-3.04;1.12;0.96;0.62;1.14;;;;;;;;;;;;1.14602;0.76263;0.8831;0.17264;;;;;5;10.9419;8.14763;8.7334;15.2116;-6.59151;-12.86503;-12.86503;-57.32871;2.03;1.57;0;3;0;0.59;;;;0;1;0;0;1;0;3;;0.71;;;71;-16.97;3/4;;;;;Revisar (sin datos);;;;https://bancaonline.bankinter.com/resources/allfundssheets-enmenm/es/?isin=LU0908524852&language=es&currency=EUR&channel=nbol;2026-09-10
LU1097688714;Invesco Global Income A EUR Acc;Invesco Funds - Invesco Global Income Fund A Accumulation EUR;Invesco Management S.A.;Allocation;Moderate Allocation;Mixtos Moderados EUR - Global;FO;EUR;Luxemburgo;3;4;1.62;1000;True;False;2014-11-12;;;;;-0.04;0.17;-0.95;2.14;4.1;5.37;6.75;9.04;4.14;4.73;7.95;6.73;12.47;-12.08;11.78;2.77;13.01;2;7;68500.40039;16.51939;2.45;1.92;0.01744;14;4.41827;79.74;-0.23;3.25;-4.42;-0.64;-0.5;-1.46;1.16;1;1.07;1.18;;;;;;;;;;;;0.66054;0.83253;0.28476;0.46772;;;;;4;8.39056;7.21909;9.33117;9.54692;-6.01817;-8.52077;-20.14091;-25.31065;1.62;1.25;0;5;0;0.43;;;;1;2;2;3;1;1;0;;1.06;;;86;-12.08;3/4;;;;;Revisar (sin datos);;;;https://bancaonline.bankinter.com/resources/allfundssheets-enmenm/es/?isin=LU1097688714&language=es&currency=EUR&channel=nbol;2026-09-10
LU0740858229;JPM Global Income A acc EUR;JPMorgan Investment Funds - Global Income Fund A (acc) EUR;JPMorgan Asset Management (Europe) S.à r.l.;Allocation;Moderate Allocation;Mixtos Moderados EUR - Global;FO;EUR;Luxemburgo;3;3;1.4;35000;True;False;2012-03-01;;;;;-0.17;0.21;0.03;1.77;5.03;6.39;9.14;8.73;2.4;3.04;8.54;6.4;5.89;-14.2;8.7;1.61;10.74;1;8;124024.02971;15.44866;2.64;2.15;;14;;85.29;-0.43;2.61;-0.91;-0.87;-2.06;-2.36;0.97;0.98;0.96;0.99;;;;;;;;;;;;1.13042;0.82573;0.09211;0.32812;;;;;3;6.53416;6.79284;8.16938;7.96538;-4.43788;-8.75129;-19.09478;-22.61213;1.4;1.25;0;5;1;0.08;;;;2;2;1;2;1;2;2;;1.0;;;86;-14.2;1/4;;;;;Revisar (sin datos);;;;https://bancaonline.bankinter.com/resources/allfundssheets-enmenm/es/?isin=LU0740858229&language=es&currency=EUR&channel=nbol;2026-09-10
LU0395794307;JPM Global Income A div EUR;JPMorgan Investment Funds - Global Income Fund A (div) EUR;JPMorgan Asset Management (Europe) S.à r.l.;Allocation;Moderate Allocation;Mixtos Moderados EUR - Global;FO;EUR;Luxemburgo;3;3;1.39;35000;True;False;2008-12-11;;;;;-0.17;0.21;0.04;1.78;5.03;6.39;9.15;8.73;2.41;3.05;8.55;6.4;5.9;-14.2;8.7;1.61;10.74;1;8;124024.02971;15.44866;2.64;2.15;;14;;85.23;-0.43;2.62;-0.92;-0.87;-2.06;-2.35;0.97;0.98;0.96;0.99;;;;;;;;;;;;1.12911;0.82556;0.09255;0.32842;;;;;3;6.54443;6.79881;8.17241;7.96668;-4.4361;-8.75397;-19.09066;-22.61539;1.39;1.25;0;5;1;0.08;0.2;;;2;2;1;2;1;2;2;;1.0;;;86;-14.2;1/4;;;;;Revisar (sin datos);;;;https://bancaonline.bankinter.com/resources/allfundssheets-enmenm/es/?isin=LU0395794307&language=es&currency=EUR&channel=nbol;2026-09-10
LU0740858492;JPM Global Income D acc EUR;JPMorgan Investment Funds - Global Income Fund D (acc) EUR;JPMorgan Asset Management (Europe) S.à r.l.;Allocation;Moderate Allocation;Mixtos Moderados EUR - Global;FO;EUR;Luxemburgo;3;2;1.75;5000;True;False;2012-03-01;;;;;-0.18;0.21;0.01;1.69;4.84;6.13;8.76;8.35;2.04;2.68;8.16;6.02;5.52;-14.5;8.32;1.24;10.35;1;8;124024.02971;15.44866;2.64;2.15;;14;;85.27;-0.57;2.62;-1.28;-1.22;-2.41;-2.71;0.97;0.98;0.96;0.99;;;;;;;;;;;;1.07385;0.77366;0.04842;0.28367;;;;;3;6.54323;6.79318;8.1709;7.96521;-4.46654;-8.78691;-19.31737;-22.6411;1.75;1.25;0;5;1;0.08;;;;2;2;1;2;2;2;3;;0.95;;;86;-14.5;0/4;;;;;Revisar (sin datos);;;;https://bancaonline.bankinter.com/resources/allfundssheets-enmenm/es/?isin=LU0740858492&language=es&currency=EUR&channel=nbol;2026-09-10
LU0404220724;JPM Global Income D div EUR;JPMorgan Investment Funds - Global Income Fund D (div) EUR;JPMorgan Asset Management (Europe) S.à r.l.;Allocation;Moderate Allocation;Mixtos Moderados EUR - Global;FO;EUR;Luxemburgo;3;2;1.74;5000;True;False;2009-07-08;;;;;-0.18;0.21;0.01;1.68;4.85;6.14;8.77;8.35;2.05;2.69;8.16;6.03;5.53;-14.49;8.32;1.26;10.35;1;8;124024.02971;15.44866;2.64;2.15;;14;;85.3;-0.57;2.61;-1.27;-1.22;-2.41;-2.7;0.97;0.98;0.96;0.99;;;;;;;;;;;;1.07525;0.77378;0.0489;0.28418;;;;;3;6.5402;6.79614;8.17042;7.96448;-4.46283;-8.79;-19.31105;-22.63722;1.74;1.25;0;5;1;0.08;;;;2;2;1;2;2;2;3;;0.95;;;86;-14.49;0/4;;;;;Revisar (sin datos);;;;https://bancaonline.bankinter.com/resources/allfundssheets-enmenm/es/?isin=LU0404220724&language=es&currency=EUR&channel=nbol;2026-09-10
LU0070212591;JPMGlobal Balanced A acc EUR;JPMorgan Investment Funds - Global Balanced Fund A (acc) - EUR;JPMorgan Asset Management (Europe) S.à r.l.;Allocation;Moderate Allocation;Mixtos Moderados EUR - Global;FO;EUR;Luxemburgo;3;3;1.66;35000;True;False;1995-07-18;;;;;-0.26;0.42;-0.42;1.9;5.44;3.94;7.15;8.12;1.59;3.87;7.38;8.1;8.03;-17.89;7.86;10.41;13.03;2;4;207058.11927;17.014;3.25;2.91;;7;3.57;89.94;-0.57;3.1;-5.59;-3.1;-3.02;-1.73;1.35;1.24;1.03;1.02;;;;;;;;;;;;0.65625;0.61111;0.00026;0.41018;;;;;3;9.09933;8.42779;8.70147;8.19143;-6.79077;-11.01347;-21.05064;-21.05064;1.66;1.45;0;5;1;0.36;;;;2;2;3;2;2;3;1;;0.74;;;86;-17.89;0/4;;;;;Revisar (sin datos);;;;https://bancaonline.bankinter.com/resources/allfundssheets-enmenm/es/?isin=LU0070212591&language=es&currency=EUR&channel=nbol;2026-09-10
LU0115099839;JPMGlobal Balanced D acc EUR;JPMorgan Investment Funds - Global Balanced Fund D (acc) - EUR;JPMorgan Asset Management (Europe) S.à r.l.;Allocation;Moderate Allocation;Mixtos Moderados EUR - Global;FO;EUR;Luxemburgo;3;2;2.15;5000;True;False;2002-07-10;;;;;-0.27;0.41;-0.46;1.77;5.17;3.58;6.62;7.58;1.08;3.35;6.84;7.56;7.49;-18.31;7.32;9.85;12.47;2;4;207058.11927;17.014;3.25;2.91;;7;3.57;89.95;-0.74;3.1;-6.09;-3.6;-3.52;-2.23;1.34;1.24;1.03;1.02;;;;;;;;;;;;0.60073;0.55134;-0.05854;0.34863;;;;;3;9.09665;8.42778;8.70025;8.18927;-6.83284;-11.16302;-21.42759;-21.42759;2.15;1.45;0;5;1;0.36;;;;3;2;3;3;2;3;2;;0.68;;;86;-18.31;0/4;;;;;Revisar (sin datos);;;;https://bancaonline.bankinter.com/resources/allfundssheets-enmenm/es/?isin=LU0115099839&language=es&currency=EUR&channel=nbol;2026-09-10
IE0009514989;Janus Henderson Balanced A2 HEUR;Janus Henderson Capital Funds plc - Balanced Fund Class A2 HEUR;Janus Henderson Investors;Allocation;Moderate Allocation;Mixtos Moderados EUR - Global;FO;EUR;Irlanda;3;4;1.9;2500;True;False;1999-12-31;;;;;-0.55;0.09;-1.64;2.11;5.56;2.48;4.41;10.17;3.14;6.34;11.14;11.74;11.06;-19.9;14.36;10.59;16.32;2;;576058.66481;22.53875;5.93;5.87;0.00941;12;2.08474;77.54;0.07;4.95;-6.28;-1.5;-2.11;-0.38;1.2;1.31;1.34;1.27;;;;;;;;;;;;0.45921;0.75249;0.159;0.57794;;;;;5;8.84768;9.56778;11.34954;10.35437;-8.83543;-12.34084;-23.74027;-23.74027;1.9;1;0;5;0;0.22;0;;;2;1;3;3;0;1;0;;0.82;;;86;-19.9;3/4;;;;;Revisar (sin datos);;;;https://bancaonline.bankinter.com/resources/allfundssheets-enmenm/es/?isin=IE0009514989&language=es&currency=EUR&channel=nbol;2026-09-10
IE00B83BYG91;Janus Henderson Balanced A5m HEUR;Janus Henderson Capital Funds plc - Balanced Fund Class A5m HEUR;Janus Henderson Investors;Allocation;Moderate Allocation;Mixtos Moderados EUR - Global;FO;EUR;Irlanda;3;4;1.9;2500;True;False;2013-10-01;;;;;-0.59;0.09;-1.6;2.13;5.53;2.45;4.43;10.19;3.15;6.35;11.18;11.7;11.15;-19.9;14.35;10.62;16.27;2;;576058.66481;22.53875;5.93;5.87;0.00941;12;2.08474;77.63;0.07;4.96;-6.25;-1.5;-2.11;-0.38;1.2;1.31;1.34;1.28;;;;;;;;;;;;0.45696;0.75302;0.15984;0.57821;;;;;5;8.84415;9.58662;11.38415;10.37773;-8.88051;-12.37964;-23.67253;-23.67253;1.9;1;0;5;0;0.22;0;;;2;1;3;3;0;1;0;;0.82;;;86;-19.9;3/4;;;;;Revisar (sin datos);;;;https://bancaonline.bankinter.com/resources/allfundssheets-enmenm/es/?isin=IE00B83BYG91&language=es&currency=EUR&channel=nbol;2026-09-10
LU1582984818;M&G (Lux) Income Allocation A EUR Acc;M&G (Lux) Income Allocation Fund EUR A Acc;M&G Luxembourg S.A.;Allocation;Moderate Allocation;Mixtos Moderados EUR - Global;FO;EUR;Luxemburgo;3;2;1.75;1000;True;False;2018-01-16;;;;;-0.13;0.5;-0.02;2.93;3.54;4.91;9.51;5.89;1.93;3.26;6.26;3.2;7;-12.83;10.86;-2.41;16.32;1;;85672.12329;12.4347;1.94;1.58;0.02721;;;81.14;-1.32;3.05;-1.5;-3.62;-2.39;-2.3;1.13;0.98;0.89;1.04;;;;;;;;;;;;1.02426;0.41416;0.02824;0.34489;;;;;3;8.0289;7.00282;7.64723;8.40668;-6.04379;-10.37822;-16.69837;-24.45108;1.75;1.5;0;4;0;0.51;;;;1;3;2;1;3;3;2;;0.57;;;71;-12.83;0/4;;;;;Revisar (sin datos);;;;https://bancaonline.bankinter.com/resources/allfundssheets-enmenm/es/?isin=LU1582984818&language=es&currency=EUR&channel=nbol;2026-09-10
LU1582984909;M&G (Lux) Income Allocation A EUR Inc;M&G (Lux) Income Allocation Fund EUR A Inc;M&G Luxembourg S.A.;Allocation;Moderate Allocation;Mixtos Moderados EUR - Global;FO;EUR;Luxemburgo;3;2;1.75;1000;True;False;2018-01-16;;;;;-0.14;0.5;-0.02;2.93;3.54;4.9;9.51;5.89;1.93;3.26;6.26;3.2;7;-12.83;10.86;-2.41;16.32;1;;85672.12329;12.4347;1.94;1.58;0.02721;;;81.14;-1.32;3.05;-1.5;-3.62;-2.39;-2.3;1.13;0.98;0.89;1.04;;;;;;;;;;;;1.02439;0.41423;0.02829;0.34504;;;;;3;8.02899;7.00316;7.64709;8.40645;-6.04439;-10.37865;-16.69792;-24.45078;1.75;1.5;0;4;0;0.51;;;;1;3;2;1;3;3;2;;0.57;;;71;-12.83;0/4;;;;;Revisar (sin datos);;;;https://bancaonline.bankinter.com/resources/allfundssheets-enmenm/es/?isin=LU1582984909&language=es&currency=EUR&channel=nbol;2026-09-10
LU1582985039;M&G (Lux) Income Allocation A Q EUR Inc;M&G (Lux) Income Allocation Fund EUR A Q Inc;M&G Luxembourg S.A.;Allocation;Moderate Allocation;Mixtos Moderados EUR - Global;FO;EUR;Luxemburgo;3;2;1.75;1000;True;False;2018-01-16;;;;;-0.13;0.5;-0.02;2.93;3.54;4.91;9.51;5.89;1.93;3.21;6.26;3.2;7;-12.83;10.86;-2.9;16.31;1;;85672.12329;12.4347;1.94;1.58;;;;81.14;-1.32;3.05;-1.5;-3.62;-2.39;-2.35;1.13;0.98;0.89;1.04;;;;;;;;;;;;1.02418;0.4141;0.02825;0.33885;;;;;3;8.0289;7.00338;7.64712;8.41807;-6.04409;-10.37828;-16.69767;-24.45213;1.75;1.5;0;4;;0.51;;;;1;3;2;1;3;3;2;;0.57;;;71;-12.83;0/4;;;;;Revisar (sin datos);;;;https://bancaonline.bankinter.com/resources/allfundssheets-enmenm/es/?isin=LU1582985039&language=es&currency=EUR&channel=nbol;2026-09-10
LU1900799617;M&G (Lux) Sustainable Allc A EUR Acc;M&G (Lux) Sustainable Allocation Fund EUR A Acc;M&G Luxembourg S.A.;Allocation;Moderate Allocation;Mixtos Moderados EUR - Global;FO;EUR;Luxemburgo;3;1;1.81;1000;True;False;2018-12-04;;;;;-0.2;0.19;-0.86;1.41;4.13;4.07;6.81;5.58;0.82;;5.84;2.08;8.18;-15.34;8.8;1.96;16.08;2;;110574.10855;17.27813;2.98;2.76;;;;85.77;-1.45;2.88;-3.52;-4.39;-3.64;;1.13;1.08;0.99;;;;;;;;;;;;;0.81139;0.37241;-0.08938;;;;;;3;7.61411;7.49631;8.32702;;-5.3666;-9.39784;-19.64563;;1.81;1.5;0;4;0;0.06;;;;2;2;2;2;3;3;;;0.59;;;86;-15.34;0/4;;;;;Revisar (sin datos);;;;https://bancaonline.bankinter.com/resources/allfundssheets-enmenm/es/?isin=LU1900799617&language=es&currency=EUR&channel=nbol;2026-09-10
LU1123736917;MFS Meridian Global Total Ret AH1 EUR;MFS Meridian Funds - Global Total Return Fund AH1 EUR;MFS Investment Management Company (Lux) S.à.r.l;Allocation;Moderate Allocation;Mixtos Moderados EUR - Global;FO;EUR;Luxemburgo;3;2;1.9;0;True;False;2014-12-05;;;;;0;0.36;-0.22;4.04;5.37;7.74;10.21;8.83;2.09;2.98;11.67;0.96;6.41;-14.05;6.46;6.04;13.61;1;6;64790.52797;13.05639;2;1.44;0.02784;11;8.9;47.68;-0.22;6.51;1.22;-0.92;-2.61;-2.89;0.76;0.97;1.1;1.13;;;;;;;;;;;;0.97301;0.61082;0.05705;0.27392;;;;;4;7.96528;8.97699;10.7955;10.01911;-6.64235;-9.96756;-22.29253;-25.69927;1.9;1.05;0;6;0;0.2;;;;0;3;1;2;2;3;2;;0.89;;;86;-14.05;2/4;;;;;Revisar (sin datos);;;;https://bancaonline.bankinter.com/resources/allfundssheets-enmenm/es/?isin=LU1123736917&language=es&currency=EUR&channel=nbol;2026-09-10
LU1442549298;MFS Meridian Prudent Capital AH1 EUR;MFS Meridian Funds - Prudent Capital Fund AH1 EUR;MFS Investment Management Company (Lux) S.à.r.l;Allocation;Moderate Allocation;Mixtos Moderados EUR - Global;FO;EUR;Luxemburgo;3;2;1.94;0;True;False;2016-11-02;;;;;-0.44;-1.32;0.15;4.91;2.12;1.2;-0.3;6.83;1.09;;11.67;2.58;11.96;-16.84;0.08;8.54;9.54;2;4;26018.19265;17.80255;4.21;2.62;;12;2.02;30.25;-0.37;6.97;-5.9;-0.17;-2.65;;0.67;0.68;0.84;;;;;;;;;;;;;-0.02035;0.54603;-0.02328;;;;;;4;8.85927;8.00156;8.95781;;-9.94886;-9.94886;-23.23945;;1.94;1.05;0;6;0;0.43;;;;0;2;3;3;2;3;;;0.69;;;86;-16.84;0/4;;;;;Revisar (sin datos);;;;https://bancaonline.bankinter.com/resources/allfundssheets-enmenm/es/?isin=LU1442549298&language=es&currency=EUR&channel=nbol;2026-09-10
IE00BRJT7613;Man TargetRisk D H EUR;Man Funds VI plc - Man TargetRisk D H EUR;Man Group Ltd;Allocation;Moderate Allocation;Mixtos Moderados EUR - Global;FO;EUR;Irlanda;3;3;1.67;1000;True;False;2016-08-18;;;;;-0.08;-0.22;-0.47;1.37;1.99;7.3;14.9;7.53;0.85;4.77;4.88;4.65;10.66;-19.2;12.45;3.31;23.9;2;;190174.48016;18.87478;3.57;3.42;;;;57.85;-0.32;7.01;1.6;-3.34;-3.82;-0.4;1.4;1.25;1.19;0.99;;;;;;;;;;;;1.1857;0.46753;-0.03106;0.46996;;;;;5;11.46942;10.50951;11.09245;9.63468;-7.59487;-14.06487;-21.27391;-21.27391;1.67;1.5;0;0;0;0.37;0.04;;;2;3;1;0;2;3;0;;0.54;;;86;-19.2;2/4;;;;;Revisar (sin datos);;;;https://bancaonline.bankinter.com/resources/allfundssheets-enmenm/es/?isin=IE00BRJT7613&language=es&currency=EUR&channel=nbol;2026-09-10
LU0255639139;Nordea 1 - Stable Return AP EUR;Nordea 1 - Stable Return Fund AP EUR;Nordea Investment Funds SA;Allocation;Moderate Allocation;Mixtos Moderados EUR - Global;FO;EUR;Luxemburgo;3;1;1.8;0;True;False;2006-06-30;;;;;-0.3;-0.01;-1.86;1.73;1.87;0.14;-0.52;0.69;-0.57;0.56;0.17;1.83;1.82;-8.74;10.88;-0.6;8.15;2;2;106177.90825;17.20949;3.56;1.67;;4;;62.99;-2;4.42;-10.77;-7.65;-4.24;-2.98;1.08;0.89;0.65;0.61;;;;;;;;;;;;-0.18355;-0.24826;-0.34007;0.01014;;;;;2;7.94254;7.17147;6.97368;6.09743;-7.76287;-8.57243;-13.05741;-13.05741;1.8;1.5;0;3;0;0.33;;;;2;3;3;3;3;3;3;;0.08;;;71;-8.74;0/4;;;;;Revisar (sin datos);;;;https://bancaonline.bankinter.com/resources/allfundssheets-enmenm/es/?isin=LU0255639139&language=es&currency=EUR&channel=nbol;2026-09-10
LU0227384020;Nordea 1 - Stable Return BP EUR;Nordea 1 - Stable Return Fund BP EUR;Nordea Investment Funds SA;Allocation;Moderate Allocation;Mixtos Moderados EUR - Global;FO;EUR;Luxemburgo;3;1;1.8;0;True;False;2005-11-02;;;;;-0.3;-0.01;-1.86;1.73;1.87;0.14;-0.52;0.69;-0.57;0.56;0.17;1.84;1.82;-8.77;10.88;-0.58;8.16;2;2;106177.90825;17.20949;3.56;1.67;;4;;62.99;-2;4.42;-10.78;-7.64;-4.24;-2.99;1.08;0.89;0.65;0.61;;;;;;;;;;;;-0.18356;-0.24749;-0.33974;0.01044;;;;;2;7.94351;7.16942;6.97632;6.10495;-7.76314;-8.56557;-13.06192;-13.06192;1.8;1.5;0;3;0;0.33;0.12;;;2;3;3;3;3;3;3;;0.08;;;71;-8.77;0/4;;;;;Revisar (sin datos);;;;https://bancaonline.bankinter.com/resources/allfundssheets-enmenm/es/?isin=LU0227384020&language=es&currency=EUR&channel=nbol;2026-09-10
LU1481479811;Olea Investment Netrl Inversiones A Cap;Olea Investment Fund - Olea Neutral Inversiones A Cap;Olea Gestión de Activos SGIIC;Allocation;Moderate Allocation;Mixtos Moderados EUR - Global;FO;EUR;Luxemburgo;3;4;1.69;1;True;False;2018-09-24;;;;;-0.14;-0.19;-1.09;-0.08;1.07;1.79;4.26;6.98;4.03;4.38;8.04;8.19;8.81;-7.26;12.44;-3.97;16.67;1;;107111.39204;15.25369;1.56;1.38;;;;71.68;-0.68;3.87;-1.97;0.89;0.35;-0.24;0.55;0.48;0.64;0.82;;;;;;;;;;;;0.72245;1.12087;0.37756;0.55614;;;;;2;3.784;3.64474;5.97319;6.90169;-3.08928;-3.49997;-12.22704;-17.0082;1.69;1.4;0;0;;0.02;;;;3;3;3;3;2;1;1;;1.99;;;71;-7.26;2/4;;;;;Revisar (sin datos);;;;https://bancaonline.bankinter.com/resources/allfundssheets-enmenm/es/?isin=LU1481479811&language=es&currency=EUR&channel=nbol;2026-09-10
IE00B4YYY703;PIMCO GIS Bal Inc & Gr E EURH Acc;PIMCO GIS Balanced Income and Growth Fund E Class EUR (Hedged) Accumulation;PIMCO Global Advisors (Ireland) Limited;Allocation;Moderate Allocation;Mixtos Moderados EUR - Global;FO;EUR;Irlanda;3;4;2.16;1000;True;False;2009-06-22;;;;;-0.13;0.26;0.51;1.69;7.45;11.9;18.69;14.54;5.09;5.67;16.54;11.65;7.67;-18.53;10.25;9.87;11.04;1;4;159356.32506;14.7889;3.24;2.46;0.01755;11;8.31;84.76;1.39;3.45;5.23;3.2;-0.01;-0.84;1.21;1.19;1.21;1.22;;;;;;;;;;;;1.87765;1.33662;0.35215;0.54658;;;;;4;8.30561;8.25713;10.10464;9.64069;-6.64273;-10.01068;-21.80738;-24.96806;2.16;2.5;0;5;0;0.2;;;;0;0;0;0;0;0;0;;1.45;;;86;-18.53;4/4;;;;;Revisar (sin datos);;;;https://bancaonline.bankinter.com/resources/allfundssheets-enmenm/es/?isin=IE00B4YYY703&language=es&currency=EUR&channel=nbol;2026-09-10
FR0013367265;R-co Valor Balanced C EUR;R-co Valor Balanced C EUR;Rothschild & Co Asset Management;Allocation;Moderate Allocation;Mixtos Moderados EUR - Global;FO;EUR;Francia;3;3;1.38;0;True;False;2018-10-26;;;;;-0.26;-0.47;-0.89;1.46;-0.74;-1.23;2.15;8.07;3.56;;10.23;11.62;11.35;-11.79;6.68;4.98;15.64;2;;75348.28894;16.87556;2.3;2.66;;;;66.92;-0.4;3.74;-4.31;0.25;-0.51;;0.66;0.75;0.84;;;;;;;;;;;;;0.21829;0.88685;0.25583;;;;;;3;6.15262;5.87986;7.7656;;-6.21912;-9.0627;-17.48231;;1.38;1.3;0;3;0;0.1;;;;2;3;3;3;2;1;;;0.89;;;86;-11.79;1/4;;;;;Revisar (sin datos);;;;https://bancaonline.bankinter.com/resources/allfundssheets-enmenm/es/?isin=FR0013367265&language=es&currency=EUR&channel=nbol;2026-09-10
LU0208341536;SWC (LU) PF Sust Balanced (EUR) AT;Swisscanto (LU) Portfolio Fund - Swisscanto (LU) Portfolio Fund Sustainable Balanced (EUR) AT;Swisscanto Asset Management International S.A.;Allocation;Moderate Allocation;Mixtos Moderados EUR - Global;FO;EUR;Luxemburgo;3;4;1.55;100;True;False;2005-03-07;;;;;0.21;0;-0.88;-0.81;6.66;9.69;13.2;9.48;3.53;5.34;4.71;11.13;8.81;-16.07;11.78;10.27;14.75;2;;229009.25203;17.36027;3.56;3.02;;;7.62;91.08;-0.04;2.78;-1.42;-1.36;-1.45;-0.62;1.5;1.21;1.14;1.09;;;;;;;;;;;;1.13127;0.81809;0.20543;0.57444;;;;;4;10.14932;8.12673;9.21061;8.40235;-5.43604;-10.98352;-18.26364;-19.1549;1.55;1.45;0;3;0;0.08;0;;;3;0;0;0;1;1;0;;0.86;;;86;-16.07;4/4;;;;;Revisar (sin datos);;;;https://bancaonline.bankinter.com/resources/allfundssheets-enmenm/es/?isin=LU0208341536&language=es&currency=EUR&channel=nbol;2026-09-10
LU0316492858;Templeton Glbl Val and Inc A (Acc) EURH1;Templeton Global Value and Income Fund A (Acc) EUR -H1;Franklin Templeton International Services S.à r.l.;Allocation;Moderate Allocation;Mixtos Moderados EUR - Global;FO;EUR;Luxemburgo;4;4;1.65;;True;False;2007-09-03;;;;;-0.83;0.25;0.53;6.76;11.9;15.94;23.55;14.59;5.58;4.68;20.35;0.69;12.24;-15.24;4.7;4.88;10.37;1;8;70896.20616;13.10466;1.93;0.92;;13;7.3;51.06;0.58;7.39;11.25;3.14;0.56;-1.91;1.05;1.16;1.3;1.35;;;;;;;;;;;;2.05148;1.03761;0.32685;0.38261;;;;;5;9.87705;10.41121;13.43846;12.70301;-7.60058;-10.67646;-25.99639;-33.53518;1.65;1.3;0;6;0;0.07;0.14;;;0;0;0;0;0;0;0;;1.37;;;86;-15.24;4/4;;;;;Revisar (sin datos);;;;https://bancaonline.bankinter.com/resources/allfundssheets-enmenm/es/?isin=LU0316492858&language=es&currency=EUR&channel=nbol;2026-09-10
LU0049785446;UBS (Lux) SF Balanced (EUR) P-acc;UBS (Lux) Strategy Fund - Balanced (EUR) P-acc;UBS Asset Management (Europe) S.A.;Allocation;Moderate Allocation;Mixtos Moderados EUR - Global;FO;EUR;Luxemburgo;3;2;1.8;3000000;True;False;1994-07-01;;;;;-0.05;-0.1;-0.69;2.22;7.23;6.39;10.32;8.97;2.19;3.33;10.04;6.04;8.2;-17.07;8.19;3.31;11.87;2;7;125173.05276;16.8203;2.76;2.41;;16;;89.33;-0.39;2.36;-2.01;-1.14;-2.4;-2.63;1.22;1.05;1.06;1.14;;;;;;;;;;;;1.04123;0.81616;0.07994;0.34695;;;;;4;8.15629;7.13002;8.75523;8.77658;-6.04356;-9.8304;-21.83598;-24.33943;1.8;1.3;0;3;0;0.02;0.32;;;1;1;1;1;1;2;2;;0.91;;;86;-17.07;2/4;;;;;Revisar (sin datos);;;;https://bancaonline.bankinter.com/resources/allfundssheets-enmenm/es/?isin=LU0049785446&language=es&currency=EUR&channel=nbol;2026-09-10
LU0820561818;Allianz Income and Growth AM USD;Allianz Global Investors Fund - Allianz Income and Growth AM USD;Allianz Global Investors GmbH;Allocation;Moderate Allocation;Mixtos Moderados USD;FO;USD;Luxemburgo;3;4;1.56;0;True;False;2012-10-16;;;;;-0.06;0.77;-1.05;-0.66;6.8;6.1;9.46;11.01;4.31;7.97;10.53;9.94;17.32;-19.7;11.66;21.94;19.49;2;;559493.31786;21.96931;5.15;4.1;0.00865;14;3.41041;79.92;-0.36;4.11;-3.32;-1.92;-1.3;0.28;1.18;1.1;1.06;1.2;;;;;;;;;;;;0.57516;0.64778;0.09006;0.52541;;;;;4;9.99947;9.03885;10.93107;11.04175;-5.608;-10.57405;-24.24124;-26.387;1.56;1.5;0;5;0;0.07;0;;;3;1;2;2;2;2;0;;1.04;;;86;-19.7;1/4;;;;;Revisar (sin datos);;;;https://bancaonline.bankinter.com/resources/allfundssheets-enmenm/es/?isin=LU0820561818&language=es&currency=EUR&channel=nbol;2026-09-10
LU0689472784;Allianz Income and Growth AT USD;Allianz Global Investors Fund - Allianz Income and Growth AT USD;Allianz Global Investors GmbH;Allocation;Moderate Allocation;Mixtos Moderados USD;FO;USD;Luxemburgo;4;4;1.56;0;True;False;2011-11-18;;;;;-0.06;0.77;-1.05;-0.66;6.79;6.1;9.46;11.01;4.3;7.97;10.53;9.94;17.29;-19.68;11.64;21.91;19.6;2;;559493.31786;21.96931;5.15;4.1;0.00865;14;3.41041;79.91;-0.37;4.11;-3.32;-1.92;-1.29;0.29;1.18;1.1;1.06;1.2;;;;;;;;;;;;0.57499;0.64767;0.0904;0.52611;;;;;4;9.99875;9.03853;10.89839;11.03756;-5.60864;-10.57414;-24.18613;-26.39101;1.56;1.5;0;5;0;0.07;0;;;3;1;2;2;2;1;0;;1.04;;;86;-19.68;1/4;;;;;Revisar (sin datos);;;;https://bancaonline.bankinter.com/resources/allfundssheets-enmenm/es/?isin=LU0689472784&language=es&currency=EUR&channel=nbol;2026-09-10
LU0494093205;BGF ESG Multi-Asset A2 USD H;BlackRock Global Funds - ESG Multi-Asset Fund A2 USD Hedged;BlackRock (Luxembourg) SA;Allocation;Moderate Allocation;Mixtos Moderados USD;FO;USD;Luxemburgo;3;4;1.54;5000;True;False;2010-04-16;;;;;-0.34;0.27;-0.83;1.72;7.6;9.37;15.79;11.29;5.26;7.46;11.32;8.38;7.54;-12.41;15.74;11.45;17.82;2;;204337.89989;20.10575;4.14;3.05;0.01188;;2.12;80.96;-0.24;3.79;3.25;-1.12;-0.02;1.38;1.25;1.06;0.82;0.8;;;;;;;;;;;;1.29152;0.73662;0.19708;0.63214;;;;;3;9.92162;8.6268;8.8807;7.98899;-5.8324;-11.16676;-14.924;-16.65523;1.54;1.2;0;5;0;0.5;0.45;;;2;0;0;0;1;1;0;;1.01;;;86;-12.41;3/4;;;;;Revisar (sin datos);;;;https://bancaonline.bankinter.com/resources/allfundssheets-enmenm/es/?isin=LU0494093205&language=es&currency=EUR&channel=nbol;2026-09-10
LU0072462426;BGF Global Allocation A2;BlackRock Global Funds - Global Allocation Fund A2;BlackRock (Luxembourg) SA;Allocation;Moderate Allocation;Mixtos Moderados USD;FO;USD;Luxemburgo;3;4;1.77;5000;True;False;1997-01-03;;;;;-0.14;1.14;0.03;2.62;8.48;7.6;12.88;13.64;5.14;6.94;17.4;8.82;12.52;-16.33;6.27;19.72;16.8;2;4;253317.49334;17.4271;3.49;3;0.01189;12;;92.28;0.24;3.52;-1.9;-1.13;-0.88;-0.72;1.44;1.3;1.15;1.21;;;;;;;;;;;;0.813;0.81109;0.14764;0.4651;;;;;4;11.26019;9.9406;10.86137;10.35076;-8.09044;-10.58065;-23.22441;-23.22441;1.77;1.5;0;5;0;0.46;0.45;;;3;1;2;1;0;1;0;;1.29;;;86;-16.33;4/4;;;;;Revisar (sin datos);;;;https://bancaonline.bankinter.com/resources/allfundssheets-enmenm/es/?isin=LU0072462426&language=es&currency=EUR&channel=nbol;2026-09-10
LU0171283459;BGF Global Allocation A2 EUR;BlackRock Global Funds - Global Allocation Fund A2 EUR;BlackRock (Luxembourg) SA;Allocation;Moderate Allocation;Mixtos Moderados USD;FO;EUR;Luxemburgo;3;4;1.77;;True;False;1997-01-03;;;;;-0.09;0.96;-0.53;1.92;8.03;8.59;14.14;10.65;5.49;6.63;3.86;16.1;8.65;-11.22;14.94;9.5;19.06;2;4;220170.89934;17.4271;3.49;3;0.01189;12;;;;;;;;;;;;;;;;;;;;;;;;1.21767;0.78493;0.3905;0.65339;;;;;4;9.4134;9.67273;9.56595;9.27478;-5.52701;-15.3389;-15.3389;-21.89226;1.77;1.5;0;5;;0.46;0.45;;;3;1;2;1;0;1;0;;0.69;;;86;-11.22;4/4;;;;;Revisar (sin datos);;;;https://bancaonline.bankinter.com/resources/allfundssheets-enmenm/es/?isin=LU0171283459&language=es&currency=EUR&channel=nbol;2026-09-10
LU0147396450;BGF Global Allocation E2;BlackRock Global Funds - Global Allocation Fund E2;BlackRock (Luxembourg) SA;Allocation;Moderate Allocation;Mixtos Moderados USD;FO;USD;Luxemburgo;3;3;2.27;5000;True;False;2002-07-01;;;;;-0.14;1.14;-0.01;2.51;8.21;7.24;12.32;13.08;4.61;6.41;16.82;8.27;11.95;-16.74;5.73;19.12;16.24;2;4;253317.49334;17.4271;3.49;3;;12;;92.27;0.08;3.52;-2.4;-1.63;-1.38;-1.22;1.44;1.3;1.15;1.2;;;;;;;;;;;;0.76816;0.76032;0.10082;0.41659;;;;;4;11.24809;9.94081;10.85626;10.34504;-8.14443;-10.63599;-23.592;-23.592;2.27;1.5;0;3;0;0.46;0.44;;;3;2;2;1;1;1;1;;1.23;;;86;-16.74;4/4;;;;;Revisar (sin datos);;;;https://bancaonline.bankinter.com/resources/allfundssheets-enmenm/es/?isin=LU0147396450&language=es&currency=EUR&channel=nbol;2026-09-10
LU0784385840;BGF Global Multi-Asset Inc A2;BlackRock Global Funds - Global Multi-Asset Income Fund A2;BlackRock (Luxembourg) SA;Allocation;Moderate Allocation;Mixtos Moderados USD;FO;USD;Luxemburgo;3;2;1.78;5000;True;False;2012-06-28;;;;;-0.11;0.27;-0.27;2.01;4.16;4.57;7.13;9.23;3.18;4.37;10.66;6.22;9.77;-13.11;5.81;5.58;13.36;2;7;127992.43069;18.42249;2.61;2.58;0.01376;14;3.65;93.16;-1.49;2.07;-2.02;-1.69;-2.18;-1.74;0.73;0.83;0.81;0.83;;;;;;;;;;;;0.62105;0.66184;-0.05685;0.28824;;;;;2;5.70578;6.35434;7.77652;7.24204;-4.49377;-6.40335;-18.42432;-18.9856;1.78;1.5;0;5;0;0.27;0.44;;;1;3;3;3;3;3;3;;1.44;;;86;-13.11;0/4;;;;;Revisar (sin datos);;;;https://bancaonline.bankinter.com/resources/allfundssheets-enmenm/es/?isin=LU0784385840&language=es&currency=EUR&channel=nbol;2026-09-10
LU1162516477;BGF Global Multi-Asset Inc A2 EUR;BlackRock Global Funds - Global Multi-Asset Income Fund A2 EUR;BlackRock (Luxembourg) SA;Allocation;Moderate Allocation;Mixtos Moderados USD;FO;EUR;Luxemburgo;3;2;1.78;;True;False;2012-06-28;;;;;-0.06;0.12;-0.8;1.32;3.72;5.55;8.31;6.34;3.52;4.07;-2.11;13.25;6.07;-7.79;14.42;-3.44;15.55;2;7;111244.62113;18.42249;2.61;2.58;0.01376;14;3.65;;;;;;;;;;;;;;;;;;;;;;;1.28213;0.52395;0.23838;0.45161;;;;;2;4.6769;7.29332;7.6396;7.68946;-2.74937;-12.95146;-12.95146;-19.08284;1.78;1.5;0;5;;0.27;0.44;;;1;3;3;3;3;3;3;;0.49;;;57;-7.79;0/4;;;;;Revisar (sin datos);;;;https://bancaonline.bankinter.com/resources/allfundssheets-enmenm/es/?isin=LU1162516477&language=es&currency=EUR&channel=nbol;2026-09-10
LU0784384876;BGF Global Multi-Asset Inc A6;BlackRock Global Funds - Global Multi-Asset Income Fund A6;BlackRock (Luxembourg) SA;Allocation;Moderate Allocation;Mixtos Moderados USD;FO;USD;Luxemburgo;3;2;1.78;5000;True;False;2012-06-28;;;;;-0.12;0.36;-0.22;2.12;4.18;4.65;7.12;9.21;3.18;4.38;10.6;6.23;9.88;-13.14;5.77;5.53;13.45;2;7;127992.43069;18.4225;2.61;2.58;0.01376;14;3.65;93.17;-1.48;2.07;-1.99;-1.67;-2.17;-1.74;0.73;0.83;0.82;0.84;;;;;;;;;;;;0.62835;0.66562;-0.05485;0.28945;;;;;2;5.73136;6.35015;7.81544;7.25887;-4.47847;-6.38214;-18.43722;-18.99663;1.78;1.5;0;5;0;0.27;0.44;;;1;3;3;3;3;3;3;;1.44;;;86;-13.14;0/4;;;;;Revisar (sin datos);;;;https://bancaonline.bankinter.com/resources/allfundssheets-enmenm/es/?isin=LU0784384876&language=es&currency=EUR&channel=nbol;2026-09-10
LU0553821405;Barclays MultiManager Port 3 A Acc USD;Barclays Portfolios SICAV - Barclays MultiManager Portfolio 3 A Acc USD;Barclays Investment Solutions Limited;Allocation;Moderate Allocation;Mixtos Moderados USD;FO;USD;Luxemburgo;3;3;2.2;;True;False;2010-12-10;;;;;0.08;0.07;-0.49;1.41;5.01;6.05;8.95;8.68;3.96;5.6;7.04;7.52;9.28;-9.65;8.14;7.31;15.82;2;;146501.23296;17.28379;3;2.3;;;;76.68;-0.93;3.61;-2.24;-1.96;-1.31;-0.66;1;0.84;0.77;0.88;;;;;;;;;;;;0.66407;0.56506;0.04501;0.41942;;;;;2;8.11543;7.07475;7.77172;8.05755;-5.95934;-9.23923;-13.91492;-19.18329;2.2;1.5;0;5;0;0.02;;;;3;3;2;3;3;2;1;;0.94;;;86;-9.65;1/4;;;;;Revisar (sin datos);;;;https://bancaonline.bankinter.com/resources/allfundssheets-enmenm/es/?isin=LU0553821405&language=es&currency=EUR&channel=nbol;2026-09-10
LU2343843681;Capital Group AMBAL LUX B;Capital Group American Balanced Fund LUX B;Capital International Management Company Sàrl;Allocation;Moderate Allocation;Mixtos Moderados USD;FO;USD;Luxemburgo;3;5;1.46;0;True;False;2021-07-27;;;;;-0.14;-0.13;-0.46;0.15;6.32;8.92;15.22;15;7.35;8.67;16.8;13.17;12.22;-13.63;14.56;9.67;17.91;2;6;362779.21325;17.51586;3.87;3.22;0.01358;6;6.87901;91.54;0.9;3.13;1.31;1.17;1.36;1.02;1.28;1.21;1.18;1.16;;;;;;;;;;;;1.09996;1.04656;0.35497;0.64041;;;;;4;10.14495;9.33309;11.06993;9.92909;-6.93676;-10.76534;-19.75073;-22.37425;1.46;1.3;0;3;0;0.11;;;;3;1;1;0;0;0;0;;1.39;;;86;-13.63;4/4;;;;;Revisar (sin datos);;;;https://bancaonline.bankinter.com/resources/allfundssheets-enmenm/es/?isin=LU2343843681&language=es&currency=EUR&channel=nbol;2026-09-10
LU2359297087;Capital Group AMBAL LUX B EUR;Capital Group American Balanced Fund LUX B EUR;Capital International Management Company Sàrl;Allocation;Moderate Allocation;Mixtos Moderados USD;FO;EUR;Luxemburgo;3;5;1.46;;True;False;2021-07-27;;;;;0;-0.37;-1.18;0.14;6.55;10.21;15.6;12.17;7.85;;2.99;20.55;8.8;-8.19;;;;2;6;315309.5532;17.51586;3.87;3.22;0.01358;6;6.87901;;;;;;;;;;;;;;;;;;;;;;;1.50112;0.95785;0.60676;;;;;;4;9.04856;9.71457;9.86009;;-4.99353;-16.46341;-16.46341;;1.46;1.3;0;5;;0.11;;;;3;1;1;0;0;0;;;0.74;;;75;-8.19;3/4;;;;;Revisar (sin datos);;;;https://bancaonline.bankinter.com/resources/allfundssheets-enmenm/es/?isin=LU2359297087&language=es&currency=EUR&channel=nbol;2026-09-10
LU1006075656;Capital Group GlbAlloc LUX B;Capital Group Global Allocation Fund LUX B;Capital International Management Company Sàrl;Allocation;Moderate Allocation;Mixtos Moderados USD;FO;EUR;Luxemburgo;3;3;1.55;0;True;False;2014-01-31;;;;;-0.13;-0.66;-1.61;1.25;2.42;6.73;7.97;7.42;3.8;5.38;-2.8;15.74;4.76;-9.58;17.95;1.72;19.9;2;6;166061.51678;18.13244;3.04;2.4;0.02032;7;8.13635;90.58;-0.7;2.83;-3.94;-2.6;-2.33;-1.54;1.04;1.13;1.15;1.13;;;;;;;;;;;;0.98912;0.62967;0.25097;0.61096;;;;;3;6.52155;7.67567;8.47704;7.87675;-4.98041;-13.69556;-13.69556;-18.43804;1.55;1.4;0;3;0;0.16;0.05;;;2;3;2;3;2;2;1;;0.54;;;71;-9.58;0/4;;;;;Revisar (sin datos);;;;https://bancaonline.bankinter.com/resources/allfundssheets-enmenm/es/?isin=LU1006075656&language=es&currency=EUR&channel=nbol;2026-09-10
LU1006075227;Capital Group GlbAlloc LUX B USD;Capital Group Global Allocation Fund LUX B USD;Capital International Management Company Sàrl;Allocation;Moderate Allocation;Mixtos Moderados USD;FO;USD;Luxemburgo;3;3;1.55;0;True;False;2014-01-31;;;;;-0.26;-0.42;-0.9;1.27;2.2;5.45;7.61;10.14;3.33;5.76;10.28;8.62;7.99;-14.94;9.89;10.79;17.44;2;6;191061.97639;18.13244;3.04;2.4;0.02032;7;8.13635;;;;;;;;;;;;;;;;;;;;;;;0.47959;0.62994;0.01263;0.38078;;;;;3;8.3182;8.5718;10.8149;9.50679;-6.86586;-8.83118;-22.27732;-22.27732;1.55;1.4;0;5;;0.16;0.05;;;2;3;2;3;2;2;1;;1.15;;;86;-14.94;0/4;;;;;Revisar (sin datos);;;;https://bancaonline.bankinter.com/resources/allfundssheets-enmenm/es/?isin=LU1006075227&language=es&currency=EUR&channel=nbol;2026-09-10
FR0011269067;Carmignac Patrimoine A USD Acc Hdg;Carmignac Patrimoine A USD Acc Hdg;Carmignac Gestion;Allocation;Moderate Allocation;Mixtos Moderados USD;FO;USD;Francia;3;3;1.5;50000000;True;False;2012-06-19;;;;;0.19;0.73;0.9;4.48;6.64;9.11;13.04;11.13;4.44;4.41;13.02;8.6;4.2;-8.11;-0.21;13.85;13.59;3;4;264978.75834;18.38554;3.73;1.82;;12;2.65264;55.33;-0.24;4.92;3.39;1.9;-0.46;-0.6;0.58;0.57;0.5;0.58;;;;;;;;;;;;1.40011;1.05395;0.09816;0.33419;;;;;1;5.62335;5.5937;6.4722;6.28005;-3.57608;-5.32691;-16.80798;-16.92822;1.5;1.5;1;4;0;0.66;;;;0;0;1;1;2;1;3;;2.09;;;71;-8.11;1/4;;;;;Revisar (sin datos);;;;https://bancaonline.bankinter.com/resources/allfundssheets-enmenm/es/?isin=FR0011269067&language=es&currency=EUR&channel=nbol;2026-09-10
LU1116430247;Fidelity Glb Mlt Ast Inc A-Acc-EUR;Fidelity Funds - Global Multi Asset Income Fund A-Acc-EUR;FIL Investment Management (Luxembourg) S.à r.l.;Allocation;Moderate Allocation;Mixtos Moderados USD;FO;EUR;Luxemburgo;3;1;1.69;;True;False;2014-10-08;;;;;-0.06;0.18;-0.85;1.24;3.17;8.03;12.21;6.08;2.18;3.01;-1.5;10.24;1.24;-7.87;9.66;-5.24;15.12;2;;59959.08532;16.41046;2.52;1.96;;;;80.19;-0.92;3.49;-2.47;-2.52;-3.49;-2.7;1.27;0.95;0.8;0.84;;;;;;;;;;;;1.08746;0.48656;0.0468;0.33134;;;;;2;8.92826;7.5973;7.29256;7.48423;-5.42208;-11.32441;-12.6414;-19.42971;1.69;1.5;0;5;0;0.37;;;;3;3;2;2;3;3;3;;0.54;;;57;-7.87;0/4;;;;;Revisar (sin datos);;;;https://bancaonline.bankinter.com/resources/allfundssheets-enmenm/es/?isin=LU1116430247&language=es&currency=EUR&channel=nbol;2026-09-10
LU0905233846;Fidelity Glb Mlt Ast Inc A-Acc-USD;Fidelity Funds - Global Multi Asset Income Fund A-Acc-USD;FIL Investment Management (Luxembourg) S.à r.l.;Allocation;Moderate Allocation;Mixtos Moderados USD;FO;USD;Luxemburgo;3;1;1.69;2500;True;False;2013-03-27;;;;;-0.06;0.44;-0.25;1.98;3.3;7.04;11.06;9.03;1.84;3.35;11.59;3.24;4.6;-13.31;2;3.24;12.81;2;;68985.88888;16.41046;2.52;1.96;0.01869;;;80.34;-0.91;3.51;-2.63;-2.58;-3.5;-2.66;1.3;0.96;0.81;0.84;;;;;;;;;;;;0.67119;0.53512;-0.20918;0.15052;;;;;2;10.86423;7.8681;8.56415;7.78729;-7.35476;-7.35476;-21.7896;-21.84298;1.69;1.5;0;5;0;0.37;0.35;;;3;3;2;2;3;3;3;;1.23;;;86;-13.31;0/4;;;;;Revisar (sin datos);;;;https://bancaonline.bankinter.com/resources/allfundssheets-enmenm/es/?isin=LU0905233846&language=es&currency=EUR&channel=nbol;2026-09-10
LU1333218029;Fidelity Glb Mlt Ast Inc A-EUR;Fidelity Funds - Global Multi Asset Income Fund A-EUR;FIL Investment Management (Luxembourg) S.à r.l.;Allocation;Moderate Allocation;Mixtos Moderados USD;FO;EUR;Luxemburgo;3;1;1.69;;True;False;2015-12-21;;;;;0;0.19;-0.85;1.29;3.12;8.08;12.25;6.1;2.19;3;-1.54;10.3;1.19;-7.84;9.66;-5.24;15.1;2;;59959.08532;16.41046;2.52;1.96;;;;80.01;-0.91;3.52;-2.54;-2.53;-3.48;-2.7;1.28;0.95;0.8;0.84;;;;;;;;;;;;1.07959;0.48453;0.04707;0.32968;;;;;2;8.98935;7.63012;7.28942;7.48751;-5.38533;-11.29423;-12.58708;-19.39108;1.69;1.5;0;5;0;0.37;;;;3;3;2;2;3;3;3;;0.54;;;57;-7.84;0/4;;;;;Revisar (sin datos);;;;https://bancaonline.bankinter.com/resources/allfundssheets-enmenm/es/?isin=LU1333218029&language=es&currency=EUR&channel=nbol;2026-09-10
LU1095739816;First Eagle Amundi Income Builder AU-C;First Eagle Amundi Income Builder Fund Class AU-C Shares;First Eagle Investment Management, LLC;Allocation;Moderate Allocation;Mixtos Moderados USD;FO;USD;Luxemburgo;3;4;1.86;0;True;False;2014-09-03;;;;;0.05;0.14;0.99;4.66;3.89;9.6;16.46;13.37;7.21;6.05;23.2;3.93;7.97;-7.04;8.31;3.05;13.96;1;4;39410.26312;11.14991;1.48;1.7;;12;4.29589;57.37;0.14;6.36;3.33;0.98;1.48;-1.01;1.25;1;1.05;1.09;;;;;;;;;;;;1.05517;0.82938;0.33805;0.39605;;;;;4;12.20903;9.72145;11.09671;10.0924;-9.00603;-9.00603;-17.30779;-23.9339;1.86;1.6;1;5;0;0.02;;;;0;3;0;0;0;0;1;;1.48;;;86;-7.04;4/4;;;;;Revisar (sin datos);;;;https://bancaonline.bankinter.com/resources/allfundssheets-enmenm/es/?isin=LU1095739816&language=es&currency=EUR&channel=nbol;2026-09-10
LU0316494805;Franklin Glbl Fdmtl Strats A(acc)EUR;Franklin Global Fundamental Strategies Fund A(acc)EUR;Franklin Templeton International Services S.à r.l.;Allocation;Moderate Allocation;Mixtos Moderados USD;FO;EUR;Luxemburgo;4;2;1.83;;True;False;2007-10-25;;;;;0;1.41;-0.72;2.3;8.42;6.8;9.5;9.44;4.28;3.8;3.21;14.55;15.99;-16.16;13.62;-9.08;14.14;3;5;369296.58832;20.01954;4.97;4.45;;13;7.25;90.44;-0.08;5.27;-6.14;-3.63;-2.35;-4.03;1.46;1.52;1.42;1.4;;;;;;;;;;;;0.72484;0.60481;0.23239;0.32089;;;;;5;10.379;10.82305;11.38006;11.29776;-8.34376;-18.92239;-19.79987;-24.11984;1.83;1.5;0;6;0;0.51;0.14;;;3;1;3;3;1;2;3;;0.5;;;71;-16.16;1/4;;;;;Revisar (sin datos);;;;https://bancaonline.bankinter.com/resources/allfundssheets-enmenm/es/?isin=LU0316494805&language=es&currency=EUR&channel=nbol;2026-09-10
LU0762807625;JPM Global Income A acc USD Hdg;JPMorgan Investment Funds - Global Income Fund A (acc) USD (hedged);JPMorgan Asset Management (Europe) S.à r.l.;Allocation;Moderate Allocation;Mixtos Moderados USD;FO;USD;Luxemburgo;3;3;1.42;35000;True;False;2012-05-30;;;;;-0.17;0.24;0.15;2.2;6.03;7.78;11.33;10.85;4.57;5.17;10.93;8.2;8.41;-11.88;9.61;3.06;14.01;1;8;142695.7714;15.44866;2.64;2.15;;14;;91.63;-0.65;2.14;1.1;-0.52;-0.86;-1.23;0.84;0.89;0.85;0.9;;;;;;;;;;;;1.15363;0.84581;0.11955;0.36654;;;;;2;6.55258;6.83639;8.17404;7.94294;-4.25039;-8.643;-17.55489;-22.23039;1.42;1.25;0;5;1;0.08;0.2;;;2;1;1;2;2;1;2;;1.26;;;86;-11.88;1/4;;;;;Revisar (sin datos);;;;https://bancaonline.bankinter.com/resources/allfundssheets-enmenm/es/?isin=LU0762807625&language=es&currency=EUR&channel=nbol;2026-09-10
LU0726765562;JPM Global Income A div USD Hdg;JPMorgan Investment Funds - Global Income Fund A (div) USD (hedged);JPMorgan Asset Management (Europe) S.à r.l.;Allocation;Moderate Allocation;Mixtos Moderados USD;FO;USD;Luxemburgo;3;3;1.4;35000;True;False;2012-01-13;;;;;-0.16;0.25;0.16;2.2;6.04;7.79;11.35;10.87;4.58;5.18;10.95;8.23;8.42;-11.87;9.62;3.06;14.02;1;8;142695.7714;15.44866;2.64;2.15;;14;;91.64;-0.65;2.14;1.12;-0.5;-0.85;-1.22;0.84;0.89;0.85;0.9;;;;;;;;;;;;1.15629;0.8476;0.12136;0.36784;;;;;2;6.54996;6.83414;8.16963;7.9421;-4.2547;-8.63766;-17.55239;-22.23133;1.4;1.25;0;5;1;0.08;0.2;;;2;1;1;2;2;1;2;;1.26;;;86;-11.87;1/4;;;;;Revisar (sin datos);;;;https://bancaonline.bankinter.com/resources/allfundssheets-enmenm/es/?isin=LU0726765562&language=es&currency=EUR&channel=nbol;2026-09-10
LU0762814597;JPM Global Income D acc USD Hdg;JPMorgan Investment Funds - Global Income Fund D (acc) USD (hedged);JPMorgan Asset Management (Europe) S.à r.l.;Allocation;Moderate Allocation;Mixtos Moderados USD;FO;USD;Luxemburgo;3;3;1.76;5000;True;False;2012-05-30;;;;;-0.17;0.24;0.12;2.11;5.84;7.53;10.95;10.46;4.2;4.81;10.56;7.82;8.02;-12.19;9.22;2.7;13.61;1;8;142695.7714;15.44866;2.64;2.15;;14;;91.64;-0.83;2.14;0.75;-0.87;-1.21;-1.58;0.84;0.89;0.85;0.9;;;;;;;;;;;;1.10028;0.79459;0.07615;0.32242;;;;;2;6.55369;6.83633;8.17124;7.94103;-4.27898;-8.68119;-17.77731;-22.25588;1.76;1.25;0;5;1;0.08;;;;2;1;1;2;2;2;2;;1.2;;;86;-12.19;0/4;;;;;Revisar (sin datos);;;;https://bancaonline.bankinter.com/resources/allfundssheets-enmenm/es/?isin=LU0762814597&language=es&currency=EUR&channel=nbol;2026-09-10
LU0957039414;JPMGlobal Balanced A acc USD Hdg;JPMorgan Investment Funds - Global Balanced Fund A (acc) - USD (hedged);JPMorgan Asset Management (Europe) S.à r.l.;Allocation;Moderate Allocation;Mixtos Moderados USD;FO;USD;Luxemburgo;3;3;1.66;35000;True;False;2013-11-20;;;;;-0.25;0.46;-0.29;2.34;6.47;5.38;9.4;10.18;3.76;5.98;9.56;9.92;10.54;-15.46;8.71;11.44;16.36;2;4;238230.59227;17.014;3.25;2.91;;7;3.57;87.55;-0.69;3.04;-2.74;-2.36;-1.67;-0.67;1.17;1.08;0.89;0.94;;;;;;;;;;;;0.68477;0.62218;0.02831;0.44186;;;;;2;9.09581;8.47413;8.72305;8.20408;-6.57221;-10.61271;-19.23949;-19.23949;1.66;1.45;0;5;1;0.36;;;;2;2;2;2;2;2;1;;0.96;;;86;-15.46;1/4;;;;;Revisar (sin datos);;;;https://bancaonline.bankinter.com/resources/allfundssheets-enmenm/es/?isin=LU0957039414&language=es&currency=EUR&channel=nbol;2026-09-10
LU0957040008;JPMGlobal Balanced D acc USD Hdg;JPMorgan Investment Funds - Global Balanced Fund D (acc) - USD (hedged);JPMorgan Asset Management (Europe) S.à r.l.;Allocation;Moderate Allocation;Mixtos Moderados USD;FO;USD;Luxemburgo;3;3;2.15;5000;True;False;2013-11-20;;;;;-0.25;0.45;-0.34;2.21;6.2;5.02;8.86;9.63;3.23;5.44;9.01;9.37;9.98;-15.89;8.16;10.89;15.79;2;4;238230.59227;17.014;3.25;2.91;;7;3.57;87.54;-0.87;3.04;-3.24;-2.86;-2.18;-1.17;1.17;1.08;0.89;0.93;;;;;;;;;;;;0.62973;0.56281;-0.03082;0.38031;;;;;2;9.08882;8.46956;8.71966;8.20085;-6.61233;-10.76641;-19.62836;-19.62836;2.15;1.45;0;5;1;0.36;;;;2;2;3;2;2;2;2;;0.89;;;86;-15.89;0/4;;;;;Revisar (sin datos);;;;https://bancaonline.bankinter.com/resources/allfundssheets-enmenm/es/?isin=LU0957040008&language=es&currency=EUR&channel=nbol;2026-09-10
IE0004445015;Janus Henderson Balanced A2 USD;Janus Henderson Capital Funds plc - Balanced Fund Class A2 USD;Janus Henderson Investors;Allocation;Moderate Allocation;Mixtos Moderados USD;FO;USD;Irlanda;3;4;1.91;2500;True;False;1998-12-24;;;;;-0.56;0.13;-1.51;2.54;6.64;3.88;6.6;12.3;5.33;8.72;13.41;13.66;13.61;-17.57;15.45;12.6;20.08;2;;672235.38073;22.53875;5.93;5.87;0.00941;12;2.08474;84.99;0.02;3.99;-3.94;-1.17;-0.54;1.02;1.07;1.2;1.19;1.18;;;;;;;;;;;;0.48634;0.76502;0.17996;0.62448;;;;;4;8.82834;9.59877;11.36927;10.32395;-8.42148;-11.98717;-22.17012;-22.5778;1.91;1;0;5;0;0.19;0;;;1;1;3;3;1;1;0;;1.03;;;86;-17.57;3/4;;;;;Revisar (sin datos);;;;https://bancaonline.bankinter.com/resources/allfundssheets-enmenm/es/?isin=IE0004445015&language=es&currency=EUR&channel=nbol;2026-09-10
LU1582986359;M&G (Lux) Income Allocation A USD H Acc;M&G (Lux) Income Allocation Fund USD A-H Acc;M&G Luxembourg S.A.;Allocation;Moderate Allocation;Mixtos Moderados USD;FO;USD;Luxemburgo;3;3;1.77;1000;True;False;2018-01-16;;;;;-0.13;0.53;0.1;3.31;4.43;6.2;11.64;7.88;3.98;5.31;8.55;4.9;9.35;-10.6;11.73;-1.27;19.84;1;;98570.00896;12.4347;1.94;1.58;0.02721;;;71.31;-1.1;4.02;0.93;-2.71;-1.27;-0.97;0.96;0.8;0.75;0.89;;;;;;;;;;;;1.04231;0.42593;0.0443;0.37019;;;;;3;7.99097;7.00394;7.63987;8.41878;-5.84022;-10.37603;-15.20685;-24.38859;1.77;1.5;0;4;;0.5;;;;0;3;2;1;3;2;2;;0.76;;;71;-10.6;0/4;;;;;Revisar (sin datos);;;;https://bancaonline.bankinter.com/resources/allfundssheets-enmenm/es/?isin=LU1582986359&language=es&currency=EUR&channel=nbol;2026-09-10
LU0219418836;MFS Meridian Global Total Ret A1 EUR;MFS Meridian Funds - Global Total Return Fund A1 EUR;MFS Investment Management Company (Lux) S.à.r.l;Allocation;Moderate Allocation;Mixtos Moderados USD;FO;EUR;Luxemburgo;3;3;1.84;0;True;False;2005-09-26;;;;;-0.52;-0.23;-1.11;3.23;5.64;9.61;12.71;7.82;4.61;4.97;0.99;9.64;5.62;-6;15.41;-0.77;19.26;1;6;64790.52797;13.05639;2;1.44;0.02784;11;8.9;78.24;-0.37;4.28;1.3;-1.93;-1.45;-2.12;0.84;1.09;1.12;1.18;;;;;;;;;;;;1.94358;0.69639;0.35553;0.53187;;;;;4;5.21542;7.42978;8.14528;8.31665;-4.36711;-11.92823;-11.92823;-22.86585;1.84;1.05;0;6;0;0.2;0;;;0;3;1;2;2;2;2;;0.66;;;71;-6.0;0/4;;;;;Revisar (sin datos);;;;https://bancaonline.bankinter.com/resources/allfundssheets-enmenm/es/?isin=LU0219418836&language=es&currency=EUR&channel=nbol;2026-09-10
LU0219441499;MFS Meridian Global Total Ret A1 USD;MFS Meridian Funds - Global Total Return Fund A1 USD;MFS Investment Management Company (Lux) S.à.r.l;Allocation;Moderate Allocation;Mixtos Moderados USD;FO;USD;Luxemburgo;3;3;1.84;0;True;False;2001-01-31;;;;;-0.52;0.04;-0.58;4.07;5.81;8.44;11.36;10.86;4.29;5.28;14.57;2.87;8.98;-11.64;7.39;8.19;17;1;6;74544.70226;13.05639;2;1.44;0.02784;11;8.9;75;-0.35;4.5;1.79;-1.68;-1.45;-2.01;0.78;1.06;1.1;1.15;;;;;;;;;;;;0.97756;0.64585;0.08571;0.32583;;;;;3;7.91983;8.96769;10.82751;10.02097;-6.50177;-8.84105;-20.85216;-23.81744;1.84;1.05;0;6;0;0.2;0;;;0;3;1;1;2;2;2;;1.23;;;86;-11.64;0/4;;;;;Revisar (sin datos);;;;https://bancaonline.bankinter.com/resources/allfundssheets-enmenm/es/?isin=LU0219441499&language=es&currency=EUR&channel=nbol;2026-09-10
LU1442549025;MFS Meridian Prudent Capital A1 EUR;MFS Meridian Funds - Prudent Capital Fund A1 EUR;MFS Investment Management Company (Lux) S.à.r.l;Allocation;Moderate Allocation;Mixtos Moderados USD;FO;EUR;Luxemburgo;3;3;1.92;0;True;False;2016-11-02;;;;;-0.5;-1.31;-0.19;4.54;3.05;3.72;2.58;6.01;3.69;;0.79;11.04;11.04;-8.94;8.41;1.22;15.02;2;4;26018.19265;17.80255;4.21;2.62;;12;2.02;57.34;-0.51;5.54;-6.07;-1.51;-1.76;;0.79;0.86;0.87;;;;;;;;;;;;;0.35365;0.5779;0.30538;;;;;;3;7.02131;6.90968;7.07749;;-8.67929;-8.96555;-10.00729;;1.92;1.05;0;6;0;0.43;;;;0;2;3;3;3;2;;;0.67;;;86;-8.94;0/4;;;;;Revisar (sin datos);;;;https://bancaonline.bankinter.com/resources/allfundssheets-enmenm/es/?isin=LU1442549025&language=es&currency=EUR&channel=nbol;2026-09-10
LU1442548993;MFS Meridian Prudent Capital A1 USD;MFS Meridian Funds - Prudent Capital Fund A1 USD;MFS Investment Management Company (Lux) S.à.r.l;Allocation;Moderate Allocation;Mixtos Moderados USD;FO;USD;Luxemburgo;3;3;1.92;0;True;False;2016-11-02;;;;;-0.48;-1.25;0.3;5.39;3.1;2.53;1.71;8.95;3.27;;14.4;4.11;14.66;-14.48;1.02;10.27;12.86;2;4;29935.21561;17.80255;4.21;2.62;;12;2.02;56.42;-0.52;5.49;-5.64;-1.3;-1.78;;0.74;0.82;0.86;;;;;;;;;;;;;0.00137;0.56156;0.00674;;;;;;3;8.98214;8.09777;9.02461;;-9.27711;-9.27711;-21.45381;;1.92;1.05;0;6;0;0.43;;;;0;2;3;3;3;2;;;0.96;;;86;-14.48;0/4;;;;;Revisar (sin datos);;;;https://bancaonline.bankinter.com/resources/allfundssheets-enmenm/es/?isin=LU1442548993&language=es&currency=EUR&channel=nbol;2026-09-10
IE00BRJT7498;Man TargetRisk D USD;Man Funds VI plc - Man TargetRisk D USD;Man Group Ltd;Allocation;Moderate Allocation;Mixtos Moderados USD;FO;USD;Irlanda;3;2;1.67;1000;True;False;2016-09-07;;;;;-0.07;-0.17;-0.34;1.81;2.94;8.67;17.28;9.69;2.96;6.93;7.34;6.52;13.22;-17.27;13.55;4.91;27.47;2;;218805.13163;18.87478;3.57;3.42;;;;48.31;-0.33;7.55;4.76;-1.9;-2.31;;1.18;0.99;1.01;;;;;;;;;;;;;1.20902;0.48749;-0.01403;;;;;;4;11.44329;10.49523;11.0905;;-7.41521;-12.90925;-19.83743;;1.67;1.5;0;0;0;0.37;0.04;;;2;3;0;0;2;3;;;0.75;;;86;-17.27;2/4;;;;;Revisar (sin datos);;;;https://bancaonline.bankinter.com/resources/allfundssheets-enmenm/es/?isin=IE00BRJT7498&language=es&currency=EUR&channel=nbol;2026-09-10
LU1032955483;Nordea 1 - Stable Return HB USD;Nordea 1 - Stable Return Fund HB USD;Nordea Investment Funds SA;Allocation;Moderate Allocation;Mixtos Moderados USD;FO;USD;Luxemburgo;3;1;1.8;;True;False;2014-02-20;;;;;-0.29;0.03;-1.74;2.15;2.85;1.44;1.5;2.6;1.32;2.49;2.39;3.51;3.89;-6.86;11.71;0.7;11.4;2;2;123336.47924;17.20949;3.56;1.67;;4;;57.38;-1.85;5.06;-8.11;-6.91;-3.51;-2.21;0.89;0.74;0.54;0.53;;;;;;;;;;;;-0.16048;-0.2354;-0.33757;0.03597;;;;;1;7.9301;7.16979;6.99501;6.09726;-6.94899;-6.94899;-11.80337;-11.80337;1.8;1.5;0;3;0;0.34;;;;2;3;3;3;3;3;3;;0.37;;;86;-6.86;0/4;;;;;Revisar (sin datos);;;;https://bancaonline.bankinter.com/resources/allfundssheets-enmenm/es/?isin=LU1032955483&language=es&currency=EUR&channel=nbol;2026-09-10
IE00B4YYXB79;PIMCO GIS Bal Inc & Gr E USD Acc;PIMCO GIS Balanced Income and Growth Fund E Class USD Accumulation;PIMCO Global Advisors (Ireland) Limited;Allocation;Moderate Allocation;Mixtos Moderados USD;FO;USD;Irlanda;3;4;2.16;1000;True;False;2009-06-22;;;;;-0.11;0.39;0.9;2.34;8.43;13.25;20.76;16.55;6.47;7.41;20.19;11.41;10.06;-18.01;9.69;13.21;14.11;1;4;182192.30908;14.7889;3.24;2.46;0.01755;11;8.31;96.18;1.86;2.32;6.37;2.52;0.5;-0.44;1.17;1.2;1.19;1.23;;;;;;;;;;;;1.69589;1.22226;0.28036;0.50356;;;;;4;9.02587;9.03339;10.99694;10.36649;-6.97497;-9.41723;-23.09552;-25.50178;2.16;2.5;0;5;0;0.13;;;;0;0;0;0;0;0;0;;1.76;;;86;-18.01;4/4;;;;;Revisar (sin datos);;;;https://bancaonline.bankinter.com/resources/allfundssheets-enmenm/es/?isin=IE00B4YYXB79&language=es&currency=EUR&channel=nbol;2026-09-10
LU0195953822;Templeton Glbl Val and Inc A (Acc) EUR;Templeton Global Value and Income Fund A (Acc) EUR;Franklin Templeton International Services S.à r.l.;Allocation;Moderate Allocation;Mixtos Moderados USD;FO;EUR;Luxemburgo;3;5;1.65;;True;False;2004-12-13;;;;;-0.88;-0.02;0.13;6.37;12.91;18.85;27.7;13.73;8.56;6.79;8.38;9.35;11.4;-6.1;13.58;-2.41;16.36;1;8;70896.20616;13.10466;1.93;0.92;;13;7.3;77.37;0.78;5.34;12.08;2.16;2.11;-1.03;1.1;1.26;1.34;1.42;;;;;;;;;;;;3.18304;1.16592;0.66656;0.61414;;;;;5;7.20307;8.8972;10.2092;10.66106;-5.23185;-14.27429;-14.27429;-25.97717;1.65;1.3;0;6;0;0;0.14;;;0;0;0;0;0;0;0;;0.96;;;71;-6.1;4/4;;;;;Revisar (sin datos);;;;https://bancaonline.bankinter.com/resources/allfundssheets-enmenm/es/?isin=LU0195953822&language=es&currency=EUR&channel=nbol;2026-09-10
LU0052756011;Templeton Glbl Val and Inc A (Qdis) USD;Templeton Global Value and Income Fund A (Qdis) USD;Franklin Templeton International Services S.à r.l.;Allocation;Moderate Allocation;Mixtos Moderados USD;FO;USD;Luxemburgo;4;5;1.65;1000;True;False;1994-06-01;;;;;-0.8;0.26;0.68;7.23;13.06;17.55;26.2;16.92;8.2;7.13;22.92;2.63;14.91;-11.7;5.76;6.32;13.92;1;8;81569.58656;13.10466;1.93;0.92;0.03288;13;7.3;74.55;0.76;5.54;12.55;2.39;2.1;-0.97;1.05;1.23;1.33;1.39;;;;;;;;;;;;2.08367;1.05898;0.37026;0.4266;;;;;5;9.8657;10.44268;13.46057;12.73317;-7.35742;-10.2911;-23.45549;-29.35651;1.65;1.3;0;6;0;0;0.14;;;0;0;0;0;0;0;0;;1.64;;;86;-11.7;4/4;;;;;Revisar (sin datos);;;;https://bancaonline.bankinter.com/resources/allfundssheets-enmenm/es/?isin=LU0052756011&language=es&currency=EUR&channel=nbol;2026-09-10
LU0049785792;UBS (Lux) SF Balanced $ P-acc;UBS (Lux) Strategy Fund - Balanced (USD) P-acc;UBS Asset Management (Europe) S.A.;Allocation;Moderate Allocation;Mixtos Moderados USD;FO;USD;Luxemburgo;3;3;1.76;;True;False;1994-07-01;;;;;0.02;-0.27;0.15;1.57;7.06;7.51;12.08;10.74;3.99;5.56;12.25;8.24;10.57;-15.65;7.43;7.93;15.27;2;4;182407.03678;17.41909;3.14;2.77;0.01506;14;;93.16;-0.62;2.05;-0.27;-1.3;-1.56;-1.63;1.1;1.02;1;1.1;;;;;;;;;;;;0.95039;0.76287;0.06265;0.3645;;;;;3;8.57721;7.81304;9.32806;9.32012;-5.71792;-10.26862;-21.04087;-24.62583;1.76;1.3;0;3;0;0;0.32;;;1;0;1;1;2;2;1;;1.05;;;86;-15.65;0/4;;;;;Revisar (sin datos);;;;https://bancaonline.bankinter.com/resources/allfundssheets-enmenm/es/?isin=LU0049785792&language=es&currency=EUR&channel=nbol;2026-09-10
LU0608807789;Templeton Em Mkts Dyn Inc A Acc EUR-H1;Templeton Emerging Markets Dynamic Income Fund A(acc)EUR-H1;Franklin Templeton International Services S.à r.l.;Allocation;Allocation Miscellaneous;Mixtos Otros;FO;EUR;Luxemburgo;4;;1.86;;True;False;2011-04-29;;;;;0.63;1.35;1.83;0;11.53;17.91;30.17;17.76;5.05;4.52;31.59;1.98;9.95;-21.41;-6.69;6.26;9.92;2;;89607.59158;10.06649;1.82;2.18;;13;7.42;;;;;;;;;;;;;;;;;;;;;;;1.5475;1.19464;0.26363;0.3431;;;;;;15.83386;11.76659;14.77099;13.13329;-9.69898;-11.81714;-35.42918;-39.98148;1.86;1.5;0;6;0;0.04;0.14;;;;;;;;;;;1.5;;;71;-21.41;0/4;;;;;Revisar (sin datos);;;;https://bancaonline.bankinter.com/resources/allfundssheets-enmenm/es/?isin=LU0608807789&language=es&currency=EUR&channel=nbol;2026-09-10
LU0608808241;Templeton Em Mkts Dyn IncA YDis EUR-H1;Templeton Emerging Markets Dynamic Income Fund A(Ydis)EUR-H1;Franklin Templeton International Services S.à r.l.;Allocation;Allocation Miscellaneous;Mixtos Otros;FO;EUR;Luxemburgo;4;;1.86;;True;False;2011-04-29;;;;;0.75;1.36;1.98;-0.04;11.49;18.02;30.21;17.77;5.03;4.48;31.59;2.01;9.87;-21.47;-6.67;6.15;9.81;2;;89607.59158;10.06649;1.82;2.18;;13;7.42;;;;;;;;;;;;;;;;;;;;;;;1.54429;1.18856;0.26203;0.33935;;;;;;15.89;11.83102;14.83525;13.16281;-9.69701;-11.85466;-35.48787;-40.08834;1.86;1.5;0;6;0;0.04;0.14;;;;;;;;;;;1.5;;;71;-21.47;0/4;;;;;Revisar (sin datos);;;;https://bancaonline.bankinter.com/resources/allfundssheets-enmenm/es/?isin=LU0608808241&language=es&currency=EUR&channel=nbol;2026-09-10
FR0010016477;Candriam Index Arbitrage Classique EUR;Candriam Index Arbitrage Classique en EUR;Candriam;Alternative Strategies;Market Neutral;Alternativo Arbitraje Valor-Relativo;FO;EUR;Francia;2;;0.4;0;True;False;2003-09-09;;;;;0.06;0.16;-0.17;-1.13;-0.96;-0.65;0.46;2.25;1.64;1.23;1.87;4.36;3.72;-1.9;1.5;3.01;-0.09;3;;23625.38528;16.44109;1.96;0.81;;16;;95.2;-0.44;1.52;-1.9;-0.61;-0.53;;0.89;0.94;0.97;;;;;;;;;;;;;-1.18672;-0.47611;-0.34348;0.40851;;;;;;1.2749;1.21999;1.21771;1.19867;-1.60273;-1.60273;-2.59067;-2.59067;0.4;0.8;1;1;1;0.02;80;;;;;;;;;;;1.4;;;71;-1.9;0/4;;;;;Revisar (sin datos);;;;https://bancaonline.bankinter.com/resources/allfundssheets-enmenm/es/?isin=FR0010016477&language=es&currency=EUR&channel=nbol;2026-09-10
IE00BFZ4RX34;Lazard Rathmore Alternative BP Acc EUR H;Lazard Rathmore Alternative Fund BP Acc EUR Hedged;Lazard Fund Managers (Ireland) Ltd;Alternative Strategies;Market Neutral;Alternativo Arbitraje Valor-Relativo;FO;EUR;Irlanda;2;;2.6;1000;True;False;2019-09-20;;;;;0.12;-0.11;-0.29;0.37;1.64;2.59;4.42;4.62;1.8;;4.6;7.29;2.5;-8.8;6.13;15.78;;6;;;18.39339;3.71;;;;;20.49;-0.41;7.06;-2.23;-0.09;-2.33;;0.38;0.5;0.74;;;;;;;;;;;;;1.74557;0.98827;-0.03501;;;;;;;1.38927;1.7689;3.39287;;-0.51117;-1.90156;-11.32162;;2.6;2.5;1;5;2;0.06;;;;;;;;;;;;2.43;;;83;-8.8;0/4;;;;;Revisar (sin datos);;;;https://bancaonline.bankinter.com/resources/allfundssheets-enmenm/es/?isin=IE00BFZ4RX34&language=es&currency=EUR&channel=nbol;2026-09-10
IE00B9DCSJ09;Amundi Tiedemann Arbitrage Strat A EUR;Amundi Alternative Funds PLC - Amundi Tiedemann Arbitrage Strategy Fund A EUR;Amundi Asset Management;Alternative Strategies;Market Neutral;Alternativo Event Driven;FO;EUR;Irlanda;4;;2.51;10000;True;False;2013-08-06;;;;;0.12;0.26;0.38;1.13;1.69;1.73;4.92;3.72;2.08;2.23;7.36;-2.15;6.01;-1.94;3.56;2.31;-0.31;4;;10139.50457;7.86075;2.54;1.42;;;;;;;;;;;;;;;;;;;;;;;;;;0.9712;0.31476;0.04159;0.37634;;;;;;1.86665;2.81955;3.34828;3.99569;-1.43861;-3.07993;-7.07512;-16.09678;2.51;1.25;1;5;3;2.03;;;;;;;;;;;;1.21;;;57;-2.15;0/4;;;;;Revisar (sin datos);;;;https://bancaonline.bankinter.com/resources/allfundssheets-enmenm/es/?isin=IE00B9DCSJ09&language=es&currency=EUR&channel=nbol;2026-09-10
LU1376384878;BSF Global Event Driven A2 EUR H;BlackRock Strategic Funds - Global Event Driven Fund A2 EUR Hedged;BlackRock (Luxembourg) SA;Alternative Strategies;Market Neutral;Alternativo Event Driven;FO;EUR;Luxemburgo;3;;1.86;5000;True;False;2016-03-08;;;;;-0.11;-0.1;-0.62;1.06;0.73;1.58;3.37;3.9;1.35;2.25;7.27;-0.79;4.31;-5.2;0.55;5.71;3.74;5;;20839.61887;20.38618;3.05;2.24;;;;0.77;0.16;9.32;-1.14;2.74;-0.04;0.56;0.18;9.24;8.63;-0.63;;;;;;;;;;;;0.47184;0.22884;-0.12166;0.35322;;;;;;2.76445;4.15516;4.59067;4.64293;-1.6034;-4.49114;-8.01289;-13.28029;1.86;1.5;1;5;0;0.03;;;;;;;;;;;;0.87;;;71;-5.2;0/4;;;;;Revisar (sin datos);;;;https://bancaonline.bankinter.com/resources/allfundssheets-enmenm/es/?isin=LU1376384878&language=es&currency=EUR&channel=nbol;2026-09-10
LU1251620883;BSF Global Event Driven A2 USD;BlackRock Strategic Funds - Global Event Driven Fund A2 USD;BlackRock (Luxembourg) SA;Alternative Strategies;Market Neutral;Alternativo Event Driven;FO;USD;Luxemburgo;3;;1.87;5000;True;False;2015-08-05;;;;;-0.11;-0.07;-0.5;1.41;1.59;2.76;5.32;5.94;3.47;4.27;9.76;0.87;6.82;-2.78;1.46;6.74;6.93;5;;23977.01072;20.38618;3.05;2.24;;;;0.44;0.28;4.22;0.86;1.45;-0.46;1.02;-3.02;3.14;-0.39;-6.97;;;;;;;;;;;;0.48441;0.26499;-0.07853;0.39989;;;;;;2.75949;4.2182;4.61143;4.62383;-1.42288;-4.30801;-6.92734;-13.25799;1.87;1.5;1;5;0;0.01;;;;;;;;;;;;1.38;;;86;-2.78;0/4;;;;;Revisar (sin datos);;;;https://bancaonline.bankinter.com/resources/allfundssheets-enmenm/es/?isin=LU1251620883&language=es&currency=EUR&channel=nbol;2026-09-10
FR0000438707;Candriam Risk Arbitrage C;Candriam Risk Arbitrage C;Candriam;Alternative Strategies;Market Neutral;Alternativo Event Driven;FO;EUR;Francia;2;;0.6;0;True;False;1996-03-28;;;;;-0.01;0.05;-0.09;0.11;0.97;1.1;1.8;3.8;1.75;0.89;3.58;5.04;1.48;-2.17;0.8;-0.61;0.8;8;;2309.71373;13.25361;1.4;0.35;;16;;96.58;0.7;1.28;-0.16;0.87;-0.39;;1.03;0.97;0.95;;;;;;;;;;;;;-0.20006;0.99792;-0.11599;0.09316;;;;;;0.77792;0.98529;1.82067;2.07811;-0.86263;-0.93235;-4.85874;-8.68653;0.6;0.8;1;1;1;0.11;80;;;;;;;;;;;4.08;;;71;-2.17;0/4;;;;;Revisar (sin datos);;;;https://bancaonline.bankinter.com/resources/allfundssheets-enmenm/es/?isin=FR0000438707&language=es&currency=EUR&channel=nbol;2026-09-10
LU0687943661;GAMCO Intl SICAV Merger Arbtrg A (EUR);GAMCO International SICAV - GAMCO Merger Arbitrage A (EUR);Gabelli Funds LLC;Alternative Strategies;Market Neutral;Alternativo Event Driven;FO;EUR;Luxemburgo;2;;1.76;;True;False;2011-09-30;;;;;0.09;0.12;0.82;0.62;1.53;1.76;3.53;4.45;2.75;2.71;8.81;0.97;1.44;0.43;5.89;5.36;2.61;8;;4315.75895;14.92232;2.11;1.55;;;;;;;;;;;;;;;;;;;;;;;;;;0.55589;0.43748;0.22047;0.43624;;;;;;1.74422;3.62548;3.98637;4.64065;-1.40396;-4.05003;-6.19091;-17.74448;1.76;1.5;1;5;5;0.08;;;;;;;;;;;;1.1;;;100;0.43;0/4;;;;;Revisar (sin datos);;;;https://bancaonline.bankinter.com/resources/allfundssheets-enmenm/es/?isin=LU0687943661&language=es&currency=EUR&channel=nbol;2026-09-10
LU0687943745;GAMCO Intl SICAV Merger Arbtrg A (USD);GAMCO International SICAV - GAMCO Merger Arbitrage A (USD);Gabelli Funds LLC;Alternative Strategies;Market Neutral;Alternativo Event Driven;FO;USD;Luxemburgo;2;;1.76;1000;True;False;2011-09-30;;;;;0.07;0.12;0.37;0.82;1.9;2.49;4.84;6.14;4.51;4.51;10.67;2.78;3.84;2.12;6.35;6.94;5.54;8;;4972.64541;14.92232;2.11;1.55;;;;;;;;;;;;;;;;;;;;;;;;;;0.36929;0.40673;0.18158;0.45714;;;;;;1.23904;3.5057;3.87954;4.37459;-1.00718;-3.81929;-5.86403;-17.29672;1.76;1.5;1;5;5;0.08;;;;;;;;;;;;1.61;;;100;2.12;0/4;;;;;Revisar (sin datos);;;;https://bancaonline.bankinter.com/resources/allfundssheets-enmenm/es/?isin=LU0687943745&language=es&currency=EUR&channel=nbol;2026-09-10
LU0912262275;Helium Fund Performance B EUR;Helium Fund - Helium Performance B EUR;SYQUANT CAPITAL SAS;Alternative Strategies;Market Neutral;Alternativo Event Driven;FO;EUR;Luxemburgo;2;;1.94;5000;True;False;2013-05-31;;;;;-0.04;0.02;0.24;0.69;1.8;2.54;4.44;4.69;3.71;2.81;5.7;3.62;5.01;0.01;6.86;2.3;3.28;6;;14775.70598;15.46605;2.32;1.38;;;;97.69;1.54;1.2;2.53;1.73;1.79;;1.15;1.06;1.07;;;;;;;;;;;;;2.18019;1.52446;0.99125;0.56562;;;;;;0.99778;1.16051;1.76944;3.77841;-0.60434;-1.32663;-3.88769;-11.08106;1.94;2;1;2;0;0.23;;;;;;;;;;;;3.54;;;100;0.01;0/4;;;;;Revisar (sin datos);;;;https://bancaonline.bankinter.com/resources/allfundssheets-enmenm/es/?isin=LU0912262275&language=es&currency=EUR&channel=nbol;2026-09-10
LU1293073745;Schroder GAIA BlueTrend A Acc EUR Hedged;Schroder GAIA BlueTrend A Accumulation EUR Hedged;Schroder Investment Management (Europe) S.A.;Alternative Strategies;Alternative Miscellaneous;Alternativo Futuros Gestionados EUR;FO;EUR;Luxemburgo;4;2;2.12;;True;False;2015-12-09;;;;;-0.16;1.26;5.79;-1.82;2.52;10.04;28.46;0;1.27;0.63;-2.67;-7.56;-11.27;28.47;1.94;11.57;6.63;;;;;;;;;;6.17;-0.67;14.54;11.83;-5.64;1.37;1.76;1.31;0.57;-0.3;-0.2;;;;;;;;;;;;1.56363;-0.12581;0.03036;0.05414;;;;;4;14.76623;14.69277;15.60717;14.23496;-8.96988;-34.36557;-40.34199;-40.34199;2.12;1.6;1;3;0;0.39;;;;3;2;1;0;2;2;2;;0.0;;;57;-11.27;1/4;;;;;Revisar (sin datos);;;;https://bancaonline.bankinter.com/resources/allfundssheets-enmenm/es/?isin=LU1293073745&language=es&currency=EUR&channel=nbol;2026-09-10
LU0411704413;BSF European Absolute Return A2 EUR;BlackRock Strategic Funds - European Absolute Return Fund A2 EUR;BlackRock (Luxembourg) SA;Alternative Strategies;Market Neutral;Alternativo Market Neutral - RV EUR;FO;EUR;Luxemburgo;3;2;1.87;5000;True;False;2009-02-27;;;;;0;0.54;-0.31;-1.68;-3.84;-3.33;-2.03;1.57;0.72;1.92;-1.84;6.62;4.29;-4.85;8.31;8.72;0.54;3;;42299.6387;17.98927;2.61;2.05;;;;11.97;-0.5;6.24;-4.53;-1.94;-0.81;1.11;0.86;0.51;0.18;0.14;;;;;;;;;;;;-0.45633;-0.14802;-0.15949;0.23073;;;;;4;6.78286;6.33169;6.41629;5.46184;-6.64087;-7.88299;-7.88299;-8.46387;1.87;1.5;1;5;0;0.72;0.2;;;3;3;3;3;3;3;2;;0.2;;;71;-4.85;0/4;;;;;Revisar (sin datos);;;;https://bancaonline.bankinter.com/resources/allfundssheets-enmenm/es/?isin=LU0411704413&language=es&currency=EUR&channel=nbol;2026-09-10
LU0414668557;BSF European Absolute Return A4 EUR;BlackRock Strategic Funds - European Absolute Return Fund A4 EUR;BlackRock (Luxembourg) SA;Alternative Strategies;Market Neutral;Alternativo Market Neutral - RV EUR;FO;EUR;Luxemburgo;3;2;1.87;5000;True;False;2009-02-27;;;;;0;0.54;-0.31;-1.68;-3.84;-3.34;-2.03;1.57;0.72;1.93;-1.83;6.65;4.29;-4.85;8.31;8.74;0.62;3;;42299.6387;17.98927;2.61;2.05;;;;11.92;-0.49;6.25;-4.53;-1.93;-0.81;1.12;0.86;0.51;0.18;0.14;;;;;;;;;;;;-0.45635;-0.14714;-0.15882;0.23244;;;;;4;6.78302;6.3352;6.41708;5.46313;-6.64761;-7.88979;-7.88979;-8.47277;1.87;1.5;1;5;0;0.72;0.2;;;3;3;3;3;3;3;2;;0.2;;;71;-4.85;0/4;;;;;Revisar (sin datos);;;;https://bancaonline.bankinter.com/resources/allfundssheets-enmenm/es/?isin=LU0414668557&language=es&currency=EUR&channel=nbol;2026-09-10
LU1508158430;BSF Systematic APAC Eq Abs Rt A2 EUR H;BlackRock Strategic Fds - BlackRock Systematic Asia Pacific Equity Absolute Return Fd A2 EUR Hedged;BlackRock (Luxembourg) SA;Alternative Strategies;Market Neutral;Alternativo Market Neutral - RV EUR;FO;EUR;Luxemburgo;3;5;1.93;5000;True;False;2017-02-22;;;;;-0.26;-0.57;-0.95;-0.07;4.27;3.62;5.62;11.89;9.26;;6.13;23.91;14.5;6.38;9.61;6.7;-4.85;4;;5108.71385;11.98092;1.18;0.78;0.03193;;;0.04;1.14;6.3;4.53;8.68;7.16;;-0.32;-0.02;0.09;;;;;;;;;;;;;0.92818;1.88552;1.49197;;;;;;3;4.30092;4.66637;4.88586;;-2.76637;-4.13175;-7.76658;;1.93;1.5;1;5;0;3.72;;;;2;0;0;1;0;0;;;2.88;;;86;-4.85;3/4;;;;;Revisar (sin datos);;;;https://bancaonline.bankinter.com/resources/allfundssheets-enmenm/es/?isin=LU1508158430&language=es&currency=EUR&channel=nbol;2026-09-10
LU0725892466;BSF Systematic US Eq Abs Ret A2 EUR H;BlackRock Strategic Funds - Systematic US Equity Absolute Return Fund A2 EUR Hedged;BlackRock (Luxembourg) SA;Alternative Strategies;Market Neutral;Alternativo Market Neutral - RV EUR;FO;EUR;Luxemburgo;3;4;1.94;5000;True;False;2012-02-17;;;;;-0.03;0.41;1.47;3.98;9.04;9.34;11.8;7.93;6.25;3.08;3.33;6.27;5.67;3.32;8;-4.22;-0.78;7;;12354.17352;15.11965;2.1;1.35;0.01798;;;1.22;0.45;7.76;10.67;5.66;4.1;2.36;-0.63;-0.16;-0.1;0;;;;;;;;;;;;2.24883;0.88253;0.72635;0.41828;;;;;3;4.28661;6.09032;5.82072;5.70927;-3.71969;-6.5434;-6.5434;-13.45021;1.94;1.5;1;5;0;0.19;0.2;;;0;0;0;0;0;0;1;;1.21;;;71;-4.22;3/4;;;;;Revisar (sin datos);;;;https://bancaonline.bankinter.com/resources/allfundssheets-enmenm/es/?isin=LU0725892466&language=es&currency=EUR&channel=nbol;2026-09-10
IE00B7V30396;CT Real Estate Eq Mkt Netrl A Acc EUR;CT Real Estate Equity Market Neutral Fund A Acc EUR;Thames River Capital LLP;Alternative Strategies;Market Neutral;Alternativo Market Neutral - RV EUR;FO;EUR;Irlanda;2;3;2.1;100000;True;False;2012-12-03;;;;;0;0.07;0.22;-0.37;0.82;2.19;1.65;2.02;1.71;1.82;-0.38;3.26;5.91;-4.4;4.94;3.76;3.72;4;;4454.69842;15.64334;0.97;6.41;;;;0.04;-0.54;4.73;-0.45;-0.61;-0.22;1.09;-0.04;0.01;0;0;;;;;;;;;;;;-0.27683;-0.2689;-0.08712;0.45402;;;;;1;1.85216;2.22589;2.60762;2.40611;-1.60351;-2.585;-5.24667;-5.24667;2.1;1.75;1;5;;1.4;;;;3;1;1;2;3;2;3;;0.78;;;71;-4.4;0/4;;;;;Revisar (sin datos);;;;https://bancaonline.bankinter.com/resources/allfundssheets-enmenm/es/?isin=IE00B7V30396&language=es&currency=EUR&channel=nbol;2026-09-10
LU2210151341;Fidelity Abs Ret Glb Eq A-PF-Acc-EUR H;Fidelity Funds - Absolute Return Global Equity Fund A-PF-Acc-Euro (Euro/USD hedged);FIL Investment Management (Luxembourg) S.à r.l.;Alternative Strategies;Market Neutral;Alternativo Market Neutral - RV EUR;FO;EUR;Luxemburgo;3;4;1.91;2500;True;False;2020-09-24;;;;;-0.72;0;0.65;-0.8;-0.64;-3.9;1.57;3.57;4.4;;8.64;3.42;8.25;8.43;2.68;;;2;;46632.36503;14.29888;2.05;1.92;;;;8.74;-0.25;5.46;-2.22;0.01;2.52;;0.88;0.34;0.15;;;;;;;;;;;;;-0.10864;0.13886;0.51217;;;;;;3;6.86968;4.9407;4.59514;;-6.79009;-6.79009;-6.79009;;1.91;1.8;1;5;;0.35;;;;2;3;3;2;2;1;;;0.53;;;100;2.68;0/4;;;;;Revisar (sin datos);;;;https://bancaonline.bankinter.com/resources/allfundssheets-enmenm/es/?isin=LU2210151341&language=es&currency=EUR&channel=nbol;2026-09-10
LU1001747408;JPM Eurp Eq Abs Alp A perf acc EUR;JPMorgan Funds - Europe Equity Absolute Alpha Fund A (perf) (acc) EUR;JPMorgan Asset Management (Europe) S.à r.l.;Alternative Strategies;Market Neutral;Alternativo Market Neutral - RV EUR;FO;EUR;Luxemburgo;3;5;1.74;35000;True;False;2013-12-19;;;;;-0.4;-0.05;0.83;0.57;0.6;2.5;5.86;11.02;9.07;5.93;11.2;18.75;2.03;7.41;15.43;-3.74;7.86;4;;16386.4096;12.49858;2.12;1.04;;;;20.7;0.87;7.66;3.47;9.24;6.28;5.3;-0.05;-0.51;-0.43;-0.22;;;;;;;;;;;;1.00332;1.73554;1.31897;0.91517;;;;;3;3.35747;4.79596;5.14245;5.56335;-2.24294;-4.26115;-6.34076;-10.4188;1.74;1.5;1;5;1;1.66;;;;1;1;1;1;0;0;0;;2.59;;;86;-3.74;4/4;;;;;Revisar (sin datos);;;;https://bancaonline.bankinter.com/resources/allfundssheets-enmenm/es/?isin=LU1001747408&language=es&currency=EUR&channel=nbol;2026-09-10
LU1176912761;JPM Eurp Eq Abs Alp D perf acc EUR;JPMorgan Funds - Europe Equity Absolute Alpha Fund D (perf) (acc) EUR;JPMorgan Asset Management (Europe) S.à r.l.;Alternative Strategies;Market Neutral;Alternativo Market Neutral - RV EUR;FO;EUR;Luxemburgo;3;5;2.48;5000;True;False;2015-04-28;;;;;-0.39;-0.06;0.76;0.39;0.25;2.03;5.16;10.38;8.42;5.29;10.48;18.01;1.6;6.73;15.49;-4.66;7.19;4;;16386.4096;12.49858;2.12;1.04;;;;20.36;0.8;7.6;2.79;8.63;5.69;4.68;-0.04;-0.5;-0.42;-0.21;;;;;;;;;;;;0.80489;1.6318;1.20333;0.79419;;;;;3;3.35454;4.74263;5.13626;5.63715;-2.37759;-4.1216;-6.70078;-10.99782;2.48;1.5;1;5;1;1.66;;;;2;2;1;1;0;0;0;;2.52;;;86;-4.66;4/4;;;;;Revisar (sin datos);;;;https://bancaonline.bankinter.com/resources/allfundssheets-enmenm/es/?isin=LU1176912761&language=es&currency=EUR&channel=nbol;2026-09-10
IE00BLP5S460;Jupiter Merian Glb Eq Abs Rt L € H Acc;Jupiter Merian Global Equity Absolute Return Fund L EUR Hedged Acc;Jupiter Asset Management (Europe) Limited;Alternative Strategies;Market Neutral;Alternativo Market Neutral - RV EUR;FO;EUR;Irlanda;2;4;1.55;500;True;False;2011-11-24;;;;;-0.01;0.25;2.2;3.86;6.76;5.14;10.69;10.25;9.54;4.25;13.67;8.75;7.69;7.61;17.02;-4.02;-14.93;5;;15326.57648;12.25943;1.69;1.21;;;;2.22;0.86;6.07;7.46;7.11;6.77;3.52;0.28;-0.13;-0.12;-0.15;;;;;;;;;;;;1.57293;1.82019;1.7974;0.64194;;;;;3;5.03539;3.75463;3.83466;5.28959;-4.30647;-4.30647;-4.30647;-27.26768;1.55;1.5;1;5;0;0.45;;;;0;0;0;0;0;0;0;;2.38;;;71;-14.93;4/4;;;;;Revisar (sin datos);;;;https://bancaonline.bankinter.com/resources/allfundssheets-enmenm/es/?isin=IE00BLP5S460&language=es&currency=EUR&channel=nbol;2026-09-10
LU0705071453;RAM (Lux) Sys Eurp Mkt Netrl Eq B EUR;RAM (Lux) Systematic Funds - European Market Neutral Equity B EUR;RAM Active Investments SA;Alternative Strategies;Market Neutral;Alternativo Market Neutral - RV EUR;FO;EUR;Luxemburgo;3;4;2.62;0;True;False;2011-12-15;;;;;0.44;1.38;3.23;1.01;0.68;2.61;3.79;10.03;5.34;2.86;8.1;18.89;-3.9;-1.3;18.26;-9.83;-2.66;5;;7297.80241;13.18946;1.97;1.03;;;;17.46;0.64;8.15;-0.23;8;2.85;2.33;0.29;-0.53;-0.25;-0.08;;;;;;;;;;;;0.07693;1.28371;0.5041;0.33657;;;;;4;3.29522;5.48681;6.27744;6.6876;-3.51732;-4.26667;-11.07018;-19.8645;2.62;1.6;1;2;0;1.69;;;;2;2;1;2;0;1;1;;2.35;;;43;-9.83;2/4;;;;;Revisar (sin datos);;;;https://bancaonline.bankinter.com/resources/allfundssheets-enmenm/es/?isin=LU0705071453&language=es&currency=EUR&channel=nbol;2026-09-10
IE00BLP5S577;Jupiter Merian Glb Eq Abs Rt L £ H Acc;Jupiter Merian Global Equity Absolute Return Fund L GBP Hedged Acc;Jupiter Asset Management (Europe) Limited;Alternative Strategies;Market Neutral;Alternativo Market Neutral - RV GBP;FO;GBP;Irlanda;2;4;1.55;500;True;False;2009-06-30;;;;;0;0.28;2.34;4.25;7.64;6.33;12.46;11.9;10.96;5.35;15.66;10.22;8.6;8.91;17.74;-3.37;-13.78;5;;13103.46022;12.25943;1.69;1.21;;;;4.55;1.08;6.14;7.64;6.76;6.14;3.16;0.27;-0.19;-0.17;-0.18;;;;;;;;;;;;1.56885;1.81322;1.78797;0.62524;;;;;2;4.9253;3.66848;3.7195;5.24316;-3.97183;-3.97183;-3.97183;-25.10642;1.55;1.5;1;5;0;0.45;;;;0;0;0;0;0;0;1;;3.0;;;71;-13.78;4/4;;;;;Revisar (sin datos);;;;https://bancaonline.bankinter.com/resources/allfundssheets-enmenm/es/?isin=IE00BLP5S577&language=es&currency=EUR&channel=nbol;2026-09-10
LU1508157978;BSF Systematic APAC Eq Abs Rt A2 USD;BlackRock Strategic Fds - BlackRock Systematic Asia Pacific Equity Absolute Return Fd A2 USD;BlackRock (Luxembourg) SA;Alternative Strategies;Market Neutral;Alternativo Market Neutral - RV USD;FO;USD;Luxemburgo;3;5;1.94;5000;True;False;2017-02-22;;;;;-0.26;-0.55;-0.83;0.3;5.15;4.82;7.61;13.9;11.23;;8.44;25.71;16.64;8.47;10.29;7.54;-1.98;4;;5840.79968;11.98092;1.18;0.78;0.03193;;;0.93;0.77;7.56;4.61;8.91;6.98;;-0.24;-0.08;0.02;;;;;;;;;;;;;0.92632;1.88856;1.49695;;;;;;3;4.33624;4.6225;4.83972;;-2.48847;-3.21202;-7.4919;;1.94;1.5;1;5;0;3.7;;;;2;0;0;0;0;0;;;4.33;;;86;-1.98;3/4;;;;;Revisar (sin datos);;;;https://bancaonline.bankinter.com/resources/allfundssheets-enmenm/es/?isin=LU1508157978&language=es&currency=EUR&channel=nbol;2026-09-10
LU0725887540;BSF Systematic US Eq Abs Ret A2 USD;BlackRock Strategic Funds - Systematic US Equity Absolute Return Fund A2 USD;BlackRock (Luxembourg) SA;Alternative Strategies;Market Neutral;Alternativo Market Neutral - RV USD;FO;USD;Luxemburgo;3;4;1.91;5000;True;False;2012-02-17;;;;;-0.02;0.45;1.62;4.46;10.05;10.73;14.04;9.86;8.1;4.99;5.64;7.82;7.78;4.83;8.8;-2.84;2.19;7;;14124.54384;15.11965;2.1;1.35;0.01798;;;0.08;0.24;8.38;10.75;5.36;4.03;2.39;-0.4;-0.03;-0.04;0.03;;;;;;;;;;;;2.26908;0.86208;0.70835;0.42977;;;;;3;4.29853;6.11573;5.73419;5.74283;-3.58418;-6.13942;-6.13942;-9.08698;1.91;1.5;1;5;0;0.16;0.2;;;0;0;0;0;0;0;1;;1.61;;;86;-2.84;3/4;;;;;Revisar (sin datos);;;;https://bancaonline.bankinter.com/resources/allfundssheets-enmenm/es/?isin=LU0725887540&language=es&currency=EUR&channel=nbol;2026-09-10
LU2670341259;Fidelity Abs Ret Glb Eq A-Acc-EUR;Fidelity Funds - Absolute Return Global Equity Fund A-Acc-EUR;FIL Investment Management (Luxembourg) S.à r.l.;Alternative Strategies;Market Neutral;Alternativo Market Neutral - RV USD;FO;EUR;Luxemburgo;3;3;2.21;2500;True;False;2023-08-23;;;;;-0.72;-0.27;0.18;-1.25;-0.18;-2.48;4.36;2.68;;;-1.74;12.63;;;;;;2;;46632.36503;14.29888;2.05;1.92;;;;6.79;-0.43;6.54;-2.54;-0.1;;;0.63;0.24;;;;;;;;;;;;;;0.20206;0.05434;;;;;;;3;8.45534;8.46238;;;-6.25543;-12.99247;;;2.21;1.8;0;5;;0.35;;;;2;3;3;2;2;;;;0.21;;;50;-1.74;0/4;;;;;Revisar (sin datos);;;;https://bancaonline.bankinter.com/resources/allfundssheets-enmenm/es/?isin=LU2670341259&language=es&currency=EUR&channel=nbol;2026-09-10
LU2210151697;Fidelity Abs Ret Glb Eq A-PF-Acc-USD;Fidelity Funds - Absolute Return Global Equity Fund A-PF-Acc-USD;FIL Investment Management (Luxembourg) S.à r.l.;Alternative Strategies;Market Neutral;Alternativo Market Neutral - RV USD;FO;USD;Luxemburgo;3;3;1.91;2500;True;False;2020-09-24;;;;;-0.73;0;0.82;-0.51;0.15;-2.72;3.5;5.51;6.28;;11.05;5.1;10.42;10.16;3.6;;;2;;54417.93966;14.29888;2.05;1.92;;;;6.96;-0.44;6.37;-2.33;-0.04;2.32;;0.65;0.23;0.09;;;;;;;;;;;;;-0.10811;0.15246;0.50004;;;;;;3;6.87843;4.89822;4.56332;;-6.30311;-6.30311;-6.30311;;1.91;1.8;1;5;;0.35;;;;2;3;3;2;2;1;;;0.87;;;100;3.6;0/4;;;;;Revisar (sin datos);;;;https://bancaonline.bankinter.com/resources/allfundssheets-enmenm/es/?isin=LU2210151697&language=es&currency=EUR&channel=nbol;2026-09-10
LU1112015109;JPM Eurp Eq Abs Alp A perf acc USD H;JPMorgan Funds - Europe Equity Absolute Alpha Fund A (perf) (acc) USD (hedged);JPMorgan Asset Management (Europe) S.à r.l.;Alternative Strategies;Market Neutral;Alternativo Market Neutral - RV USD;FO;USD;Luxemburgo;3;5;1.82;35000;True;False;2014-09-23;;;;;-0.4;-0.02;0.94;0.89;1.35;3.6;7.76;13.02;11.04;7.89;13.67;20.58;4.03;9.47;15.95;-2.24;10.62;4;;18853.37353;12.49858;2.12;1.04;;;;29.1;0.6;9.03;3.52;9.78;6.45;5.6;-0.08;-0.45;-0.37;-0.23;;;;;;;;;;;;0.98729;1.75609;1.30265;0.9488;;;;;3;3.37276;4.73596;5.11441;5.43646;-2.01193;-3.83859;-6.14198;-9.73052;1.82;1.5;1;5;1;1.65;;;;1;1;1;1;0;0;0;;3.39;;;86;-2.24;4/4;;;;;Revisar (sin datos);;;;https://bancaonline.bankinter.com/resources/allfundssheets-enmenm/es/?isin=LU1112015109&language=es&currency=EUR&channel=nbol;2026-09-10
IE00BLP5S353;Jupiter Merian Glb Eq Abs Rt L USD Acc;Jupiter Merian Global Equity Absolute Return Fund L USD Acc;Jupiter Asset Management (Europe) Limited;Alternative Strategies;Market Neutral;Alternativo Market Neutral - RV USD;FO;USD;Irlanda;2;4;1.55;500;True;False;2013-05-02;;;;;0;0.28;2.31;4.23;7.65;6.33;12.59;12.05;11.06;6.06;15.99;10.29;9.2;8.32;18.02;-2.53;-12.22;5;;17633.98318;12.25943;1.69;1.21;;;;3.68;0.51;7.27;7.14;7.1;6.35;3.59;0.27;-0.13;-0.08;-0.13;;;;;;;;;;;;1.56787;1.80491;1.76465;0.65272;;;;;2;4.97653;3.68029;3.61575;5.11339;-3.93509;-3.93509;-3.93509;-21.84482;1.55;1.5;1;5;0;0.4;;;;0;0;0;0;0;0;1;;3.06;;;71;-12.22;3/4;;;;;Revisar (sin datos);;;;https://bancaonline.bankinter.com/resources/allfundssheets-enmenm/es/?isin=IE00BLP5S353&language=es&currency=EUR&channel=nbol;2026-09-10
LU1352906025;BSF BLK Sysmc Styl Fac Abs Rt A2 H €;BlackRock Strategic Funds - BLK Systematic Style Factor Absolute Return Fund Class A2 Hedged EUR;BlackRock (Luxembourg) SA;Alternative Strategies;Multialternative;Alternativo Multiestrategia EUR;FO;EUR;Luxemburgo;3;5;1.6;5000;True;False;2017-06-07;;;;;-0.51;0.15;-0.22;1.25;7.09;10.86;16.59;11.48;10.82;;10.89;14.82;11.76;0.32;13.43;-24.14;-5.41;1;;37528.52406;15.22558;2.32;1.72;;;0.31;10.83;0.81;8.71;14.22;9.59;7.9;;0.24;-0.49;-0.38;;;;;;;;;;;;;2.3683;1.35821;1.19123;;;;;;4;6.1645;6.32412;7.01641;;-2.8621;-4.57033;-8.65927;;1.6;1.1;0;5;0;-0.02;;;;0;0;0;0;0;0;;;2.51;;;71;-24.14;3/4;;;;;Revisar (sin datos);;;;https://bancaonline.bankinter.com/resources/allfundssheets-enmenm/es/?isin=LU1352906025&language=es&currency=EUR&channel=nbol;2026-09-10
ES0114860036;Bankinter Multiestrategia R FI;Bankinter Multiestrategia R FI;Bankinter Gestión de Activos SGIIC;Alternative Strategies;Multialternative;Alternativo Multiestrategia EUR;FO;EUR;España;2;2;1.02;1;True;False;1992-03-12;;;;;-0.08;-0.12;-0.37;0.72;2.05;2.11;3.09;3.17;0.58;-0.3;3.69;2.47;3.03;-7.46;-0.93;-3.44;2.02;2;;35240.61887;14.66712;2.07;1.36;;;;74.76;-0.68;2.32;0.05;-0.71;-0.81;-1.5;0.78;0.56;0.47;0.45;;;;;;;;;;;;0.4044;0.14338;-0.46211;-0.39892;;;;;2;3.34488;2.71729;3.03161;2.56103;-2.72073;-2.72073;-8.55978;-14.19362;1.02;0.85;0;0;0;0.48;0.1;;;2;2;2;2;3;3;3;;1.17;;;57;-7.46;0/4;;;;;Revisar (sin datos);;;;https://bancaonline.bankinter.com/resources/allfundssheets-enmenm/es/?isin=ES0114860036&language=es&currency=EUR&channel=nbol;2026-09-10
LU1093756242;Franklin Alt Strats A(acc)EUR-H1;Franklin Alternative Strategies Fund A(acc)EUR-H1;Franklin Templeton International Services S.à r.l.;Alternative Strategies;Multialternative;Alternativo Multiestrategia EUR;FO;EUR;Luxemburgo;4;2;2.55;;True;False;2014-09-15;;;;;0.17;0.52;0.26;-0.51;1.57;2.55;5.42;5.46;0.79;1.15;5.57;8.45;0.1;-10.05;1.19;4.1;3.15;5;;27230.08181;20.67114;3.33;1.43;;;;46.83;0.16;3.18;1.5;1.27;-0.54;-0.3;0.94;0.59;0.53;0.69;;;;;;;;;;;;0.76491;0.66454;-0.28042;0.10468;;;;;3;4.00742;3.6737;4.21322;4.53266;-2.83992;-4.75319;-13.35711;-14.36413;2.55;2.55;0;6;0;0.35;0.14;;;3;2;2;1;1;3;2;;1.15;;;86;-10.05;0/4;;;;;Revisar (sin datos);;;;https://bancaonline.bankinter.com/resources/allfundssheets-enmenm/es/?isin=LU1093756242&language=es&currency=EUR&channel=nbol;2026-09-10
LU1908333054;Franklin Alt Strats APF (acc)EUR-H1;Franklin Alternative Strategies Fund A PF (acc) EUR-H1;Franklin Templeton International Services S.à r.l.;Alternative Strategies;Multialternative;Alternativo Multiestrategia EUR;FO;EUR;Luxemburgo;4;2;1.9;;True;False;2018-11-30;;;;;0.17;0.52;0.26;-0.34;2.02;3.02;6.23;6.07;1.4;;6.23;8.83;0.93;-9.56;1.43;4.16;3.38;5;;27230.08181;20.67114;3.33;1.43;;;;46.94;0.37;3.18;2.19;1.89;0.07;;0.94;0.59;0.52;;;;;;;;;;;;;0.94316;0.83606;-0.13169;;;;;;3;3.95791;3.65167;4.19119;;-2.69565;-4.73538;-12.17707;;1.9;1.8;1;6;0;0.35;;;;3;2;2;1;1;2;;;1.28;;;86;-9.56;0/4;;;;;Revisar (sin datos);;;;https://bancaonline.bankinter.com/resources/allfundssheets-enmenm/es/?isin=LU1908333054&language=es&currency=EUR&channel=nbol;2026-09-10
LU1908333138;Franklin Alt Strats APF(Ydis)EUR-H1;Franklin Alternative Strategies Fund A PF (Ydis) EUR-H1;Franklin Templeton International Services S.à r.l.;Alternative Strategies;Multialternative;Alternativo Multiestrategia EUR;FO;EUR;Luxemburgo;4;2;1.9;;True;False;2018-11-30;;;;;0.18;0.55;0.27;-0.43;1.93;2.95;6.07;5.44;1.09;;6.05;7.27;0.83;-9.44;1.42;4.35;3.48;5;;27230.08181;20.67114;3.33;1.43;;;;38;0.16;3.51;2.21;1.42;-0.27;;0.93;0.54;0.49;;;;;;;;;;;;;0.94357;0.67187;-0.20687;;;;;;3;3.97329;3.68245;4.16127;;-2.78522;-4.88265;-12.06266;;1.9;1.8;1;6;0;0.35;;;;3;2;2;1;1;3;;;1.11;;;86;-9.44;0/4;;;;;Revisar (sin datos);;;;https://bancaonline.bankinter.com/resources/allfundssheets-enmenm/es/?isin=LU1908333138&language=es&currency=EUR&channel=nbol;2026-09-10
LU0445386369;Nordea 1 - Alpha 10 MA Fd BP EUR;Nordea 1 - Alpha 10 MA Fund BP EUR;Nordea Investment Funds SA;Alternative Strategies;Multialternative;Alternativo Multiestrategia EUR;FO;EUR;Luxemburgo;4;2;2.01;0;True;False;2009-09-30;;;;;0.92;1.63;1.38;-0.99;7.53;6.27;8.72;0.32;-0.3;1.63;1.5;-2.95;-3.58;-4.85;9.88;7.08;6.5;2;2;131057.66173;15.44758;3.02;2.32;;5;;28.93;-0.54;8.93;2.45;-4.92;-1.31;0.11;3.35;1.33;0.86;0.86;;;;;;;;;;;;0.53078;-0.22019;-0.24155;0.13459;;;;;5;15.14426;10.4157;9.49963;7.99752;-10.64711;-12.2811;-16.96764;-17.0246;2.01;1.7;0;5;0;1.07;0.12;;;3;0;1;0;3;3;2;;0.03;;;57;-4.85;1/4;;;;;Revisar (sin datos);;;;https://bancaonline.bankinter.com/resources/allfundssheets-enmenm/es/?isin=LU0445386369&language=es&currency=EUR&channel=nbol;2026-09-10
LU0607983896;Nordea 1 - Alpha 15 MA Fd BP EUR;Nordea 1 - Alpha 15 MA Fund BP EUR;Nordea Investment Funds SA;Alternative Strategies;Multialternative;Alternativo Multiestrategia EUR;FO;EUR;Luxemburgo;5;2;2.32;0;True;False;2011-08-11;;;;;0.27;2.45;2.07;-1.84;11.04;8.87;12.5;-0.54;-1.34;2.47;1.47;-6.09;-6.32;-7.39;15.53;11.64;10.5;2;;150678.2527;20.22085;3.78;2.68;;;;29.5;-0.42;13.86;4.74;-6.66;-1.52;0.78;4.99;2.01;1.3;1.3;;;;;;;;;;;;0.57428;-0.17163;-0.21113;0.18548;;;;;5;22.76274;15.65295;14.2373;12.03952;-16.18795;-19.68851;-27.07233;-27.07233;2.32;2;0;5;0;1.39;;;;3;0;0;0;3;3;1;;-0.03;;;57;-7.39;1/4;;;;;Revisar (sin datos);;;;https://bancaonline.bankinter.com/resources/allfundssheets-enmenm/es/?isin=LU0607983896&language=es&currency=EUR&channel=nbol;2026-09-10
LU1807426207;Nordea 1 - Alpha 7 MA Fd BP EUR;Nordea 1 - Alpha 7 MA Fund BP EUR;Nordea Investment Funds SA;Alternative Strategies;Multialternative;Alternativo Multiestrategia EUR;FO;EUR;Luxemburgo;3;1;1.92;0;True;False;2018-05-23;;;;;0.52;1.14;1.01;-0.87;5.5;4.71;6.55;0.97;0.16;;1.51;-1.08;-1.95;-3.71;6.07;3.82;4.04;2;1;99175.76501;15.99784;3.04;1.92;;5;;29.54;-0.66;6.18;1.4;-3.67;-1.23;;2.34;0.94;0.61;;;;;;;;;;;;;0.49783;-0.24602;-0.28795;;;;;;4;10.65658;7.31255;6.67029;;-7.7086;-7.7086;-10.8735;;1.92;1.6;0;5;0;0.82;;;;3;1;1;1;3;3;;;0.13;;;57;-3.71;0/4;;;;;Revisar (sin datos);;;;https://bancaonline.bankinter.com/resources/allfundssheets-enmenm/es/?isin=LU1807426207&language=es&currency=EUR&channel=nbol;2026-09-10
LU1352905993;BSF BLK Sysmc Styl Fac Abs Rt A2 $;BlackRock Strategic Funds - BLK Systematic Style Factor Absolute Return Fund Class A2 USD;BlackRock (Luxembourg) SA;Alternative Strategies;Multialternative;Alternativo Multiestrategia USD;FO;USD;Luxemburgo;3;4;1.58;5000;True;False;2016-02-29;;;;;-0.51;0.17;-0.1;1.6;7.92;12.11;18.72;13.46;12.65;4.22;13.28;16.65;13.85;1.63;14.17;-23.28;-2.61;1;;43178.42036;15.22558;2.32;1.72;;;0.31;14.94;0.57;9.97;14.5;10.09;7.85;2.62;0.04;-0.44;-0.37;-0.39;;;;;;;;;;;;2.35643;1.34729;1.15496;0.26392;;;;;4;6.19535;6.34237;7.04389;7.11202;-2.77633;-4.41468;-8.48363;-33.20222;1.58;1.1;0;5;0;-0.04;;;;0;0;0;0;0;0;1;;3.05;;;71;-23.28;3/4;;;;;Revisar (sin datos);;;;https://bancaonline.bankinter.com/resources/allfundssheets-enmenm/es/?isin=LU1352905993&language=es&currency=EUR&channel=nbol;2026-09-10
LU1929549837;Franklin Alt Strats A (Acc) EUR;Franklin Alternative Strategies Fund A (Acc) EUR;Franklin Templeton International Services S.à r.l.;Alternative Strategies;Multialternative;Alternativo Multiestrategia USD;FO;EUR;Luxemburgo;4;2;2.55;;True;False;2019-01-18;;;;;0.32;0.32;-0.31;-0.16;2.66;4.95;7.79;4.74;3.11;;-5.01;17.26;-0.82;-2.4;9.44;-2.65;;5;;27230.08181;20.67114;3.33;1.43;;;;41.18;-0.22;4.3;0.79;0.89;-0.88;;0.9;0.45;0.42;;;;;;;;;;;;;0.95077;0.28135;0.16121;;;;;;3;5.976;7.63614;7.39845;;-4.12529;-13.15385;-13.15385;;2.55;2.55;0;6;0;0.29;;;;3;2;2;2;2;3;;;0.36;;;33;-5.01;0/4;;;;;Revisar (sin datos);;;;https://bancaonline.bankinter.com/resources/allfundssheets-enmenm/es/?isin=LU1929549837&language=es&currency=EUR&channel=nbol;2026-09-10
LU1093756168;Franklin Alt Strats A(acc)USD;Franklin Alternative Strategies Fund A(acc)USD;Franklin Templeton International Services S.à r.l.;Alternative Strategies;Multialternative;Alternativo Multiestrategia USD;FO;USD;Luxemburgo;4;3;2.55;1000;True;False;2014-09-15;;;;;0.21;0.56;0.42;-0.14;2.5;3.68;7.48;7.34;2.65;3.2;7.86;10.02;2.28;-8.2;1.97;5.99;6.28;5;;31942.19432;20.67114;3.33;1.43;0.00751;;;41.16;-0.22;4.29;1.04;1;-0.91;-0.44;0.81;0.42;0.42;0.57;;;;;;;;;;;;0.74738;0.66214;-0.29666;0.16139;;;;;3;4.03347;3.68648;4.22341;4.48768;-2.67981;-4.59068;-10.92638;-11.1588;2.55;2.55;0;6;0;0.29;0.14;;;3;2;2;2;1;3;2;;1.6;;;86;-8.2;0/4;;;;;Revisar (sin datos);;;;https://bancaonline.bankinter.com/resources/allfundssheets-enmenm/es/?isin=LU1093756168&language=es&currency=EUR&channel=nbol;2026-09-10
LU1882439323;Amundi Fds Abs Ret MS A EUR C;Amundi Funds - Absolute Return Multi-Strategy A EUR (C);Amundi Luxembourg S.A.;Alternative Strategies;Global Macro;Alternativo Trading Macro EUR;FO;EUR;Luxemburgo;3;2;1.51;1;True;False;2008-12-12;;;;;-0.05;0.32;-0.95;-1.07;-0.3;1.57;4.17;5.23;0.17;0.76;4.14;5.24;-0.64;-8.21;0.23;5.12;3.08;2;;72937.43289;8.16463;2.55;1.23;;;;83.99;0.11;2.44;0.46;-0.11;-0.99;-0.66;1.44;1.22;0.64;0.7;;;;;;;;;;;;0.46118;0.40654;-0.34064;0.02758;;;;;3;6.21909;5.64389;5.17924;4.68089;-4.45709;-8.00001;-16.7914;-17.72085;1.51;1.2;1;5;0;1.31;;;;3;2;2;1;2;3;3;;0.65;;;71;-8.21;0/4;;;;;Revisar (sin datos);;;;https://bancaonline.bankinter.com/resources/allfundssheets-enmenm/es/?isin=LU1882439323&language=es&currency=EUR&channel=nbol;2026-09-10
LU1561565588;Fulcrum Diversified Absolute Ret A € Acc;Fulcrum UCITS SICAV - Fulcrum Diversified Absolute Return Fund A EUR Acc;Fulcrum Asset Management LLP;Alternative Strategies;Global Macro;Alternativo Trading Macro EUR;FO;EUR;Luxemburgo;3;3;1.72;10000;True;False;2017-02-28;;;;;-0.07;1.01;0.73;-1.13;-1.48;2.87;4.88;6.26;3.72;;7.35;6.98;-1.72;3.94;0.32;5.21;2.01;2;;213501.84542;21.26107;4;2.54;;;;29.05;0.3;4.72;1.22;2;1.99;;1.12;0.68;0.22;;;;;;;;;;;;;0.43544;0.62292;0.33449;;;;;;3;7.10875;5.38115;5.19141;;-4.18553;-4.68392;-9.55353;;1.72;1.5;0;0;0;0.84;;;;3;3;1;1;1;1;;;1.34;;;86;-1.72;2/4;;;;;Revisar (sin datos);;;;https://bancaonline.bankinter.com/resources/allfundssheets-enmenm/es/?isin=LU1561565588&language=es&currency=EUR&channel=nbol;2026-09-10
LU0917670407;JPM Global Macro A acc EUR Hdg;JPMorgan Investment Funds - Global Macro Fund A (acc) EUR (hedged);JPMorgan Asset Management (Europe) S.à r.l.;Alternative Strategies;Global Macro;Alternativo Trading Macro EUR;FO;EUR;Luxemburgo;3;2;1.45;35000;True;False;2013-06-12;;;;;-0.31;-0.3;0.01;1.37;1.5;-0.01;1.28;0.89;-1.13;0.47;-0.46;4.8;-0.13;-8.8;1.53;6.4;-0.87;3;4;233096.25365;19.83764;3.77;4.36;;10;0.05588;0.05;-0.57;5.98;-0.72;-1.39;-2.71;-0.35;0.84;0.02;0.14;0.18;;;;;;;;;;;;0.12362;-0.31278;-0.59883;-0.0333;;;;;2;5.62352;4.32617;4.86891;4.46931;-5.30062;-5.34145;-10.92757;-10.92757;1.45;1.25;0;5;1;-0.18;;;;0;1;2;2;3;3;3;;0.17;;;43;-8.8;0/4;;;;;Revisar (sin datos);;;;https://bancaonline.bankinter.com/resources/allfundssheets-enmenm/es/?isin=LU0917670407&language=es&currency=EUR&channel=nbol;2026-09-10
LU0917670829;JPM Global Macro D acc EUR Hdg;JPMorgan Investment Funds - Global Macro Fund D (acc) EUR (hedged);JPMorgan Asset Management (Europe) S.à r.l.;Alternative Strategies;Global Macro;Alternativo Trading Macro EUR;FO;EUR;Luxemburgo;3;2;1.9;5000;True;False;2013-06-12;;;;;-0.3;-0.3;-0.04;1.27;1.27;-0.33;0.84;0.44;-1.57;0.02;-0.9;4.32;-0.56;-9.21;1.06;5.92;-1.31;3;4;233096.25365;19.83764;3.77;4.36;;10;0.05588;0.05;-0.65;5.98;-1.17;-1.84;-3.16;-0.8;0.84;0.02;0.14;0.18;;;;;;;;;;;;0.04307;-0.41608;-0.69274;-0.1335;;;;;2;5.62391;4.32625;4.86757;4.46875;-5.3702;-5.83287;-11.61594;-11.61594;1.9;1.25;0;5;1;-0.18;;;;1;1;3;2;3;3;3;;0.08;;;43;-9.21;0/4;;;;;Revisar (sin datos);;;;https://bancaonline.bankinter.com/resources/allfundssheets-enmenm/es/?isin=LU0917670829&language=es&currency=EUR&channel=nbol;2026-09-10
LU0095938881;JPM Global Macro Opps A acc EUR;JPMorgan Investment Funds - Global Macro Opportunities Fund A (acc) EUR;JPMorgan Asset Management (Europe) S.à r.l.;Alternative Strategies;Global Macro;Alternativo Trading Macro EUR;FO;EUR;Luxemburgo;3;2;1.45;35000;True;False;1998-10-23;;;;;-0.51;-0.51;-0.06;2.2;2.27;-0.37;1.63;0.4;-2.37;0.96;-1.6;6.45;-1.77;-13.1;3.87;11.61;-0.25;3;;233524.34641;19.82144;3.77;4.37;;4;3.32;0.02;-0.44;8.18;-0.18;-1.44;-3.58;0.2;1.35;0.03;0.24;0.29;;;;;;;;;;;;0.22711;-0.19688;-0.49261;0.07448;;;;;4;9.16489;7.07962;7.87753;7.10626;-8.62033;-9.45496;-17.28781;-17.28781;1.45;1.25;0;5;1;-0.25;0.2;;;0;1;2;2;3;3;2;;0.04;;;43;-13.1;0/4;;;;;Revisar (sin datos);;;;https://bancaonline.bankinter.com/resources/allfundssheets-enmenm/es/?isin=LU0095938881&language=es&currency=EUR&channel=nbol;2026-09-10
LU0247991580;JPM Global Macro Opps A dist EUR;JPMorgan Investment Funds - Global Macro Opportunities Fund A (dist) EUR;JPMorgan Asset Management (Europe) S.à r.l.;Alternative Strategies;Global Macro;Alternativo Trading Macro EUR;FO;EUR;Luxemburgo;3;2;1.45;35000;True;False;2006-06-01;;;;;-0.51;-0.51;-0.06;2.2;2.27;-0.37;1.62;0.4;-2.37;0.96;-1.6;6.45;-1.77;-13.1;3.86;11.61;-0.25;3;;233524.34641;19.82144;3.77;4.37;;4;3.32;0.02;-0.44;8.18;-0.19;-1.44;-3.58;0.2;1.35;0.02;0.24;0.29;;;;;;;;;;;;0.22664;-0.19711;-0.49267;0.07431;;;;;4;9.17184;7.08202;7.87893;7.10735;-8.62375;-9.46308;-17.29438;-17.29438;1.45;1.25;0;5;1;-0.25;;;;0;1;2;2;3;3;2;;0.04;;;43;-13.1;0/4;;;;;Revisar (sin datos);;;;https://bancaonline.bankinter.com/resources/allfundssheets-enmenm/es/?isin=LU0247991580&language=es&currency=EUR&channel=nbol;2026-09-10
LU0115098948;JPM Global Macro Opps D acc EUR;JPMorgan Investment Funds - Global Macro Opportunities Fund D (acc) EUR;JPMorgan Asset Management (Europe) S.à r.l.;Alternative Strategies;Global Macro;Alternativo Trading Macro EUR;FO;EUR;Luxemburgo;3;2;2.15;5000;True;False;2001-12-12;;;;;-0.5;-0.52;-0.12;2.02;1.91;-0.84;0.92;-0.3;-3.05;0.26;-2.29;5.71;-2.45;-13.71;3.14;10.83;-0.95;3;;233524.34641;19.82144;3.77;4.37;;4;3.32;0.02;-0.53;8.18;-0.89;-2.14;-4.28;-0.5;1.35;0.03;0.23;0.29;;;;;;;;;;;;0.14979;-0.29637;-0.58245;-0.02396;;;;;4;9.16345;7.07639;7.87405;7.10123;-8.72834;-10.18222;-19.79356;-19.79356;2.15;1.25;0;5;1;-0.25;;;;0;1;3;2;3;3;3;;-0.03;;;43;-13.71;0/4;;;;;Revisar (sin datos);;;;https://bancaonline.bankinter.com/resources/allfundssheets-enmenm/es/?isin=LU0115098948&language=es&currency=EUR&channel=nbol;2026-09-10
LU0235843108;JPM Global Macro D acc USD;JPMorgan Investment Funds - Global Macro Fund D (acc) USD;JPMorgan Asset Management (Europe) S.à r.l.;Alternative Strategies;Global Macro;Alternativo Trading Macro USD;FO;USD;Luxemburgo;3;2;1.9;5000;True;False;2005-11-28;;;;;-0.31;-0.27;0.09;1.66;2.11;0.85;2.75;2.18;0.23;1.91;1.16;5.87;1.35;-7.23;1.86;7.22;1.58;3;4;275215.18566;19.83764;3.77;4.36;;10;0.05588;0.86;-0.74;7.37;-1.79;-1.62;-3.34;-0.7;0.85;-0.07;0.07;0.11;;;;;;;;;;;;0.04983;-0.43256;-0.70909;-0.1055;;;;;2;5.60898;4.31405;4.85313;4.44343;-5.07129;-5.07129;-8.75267;-8.75267;1.9;1.25;0;5;1;-0.18;;;;1;1;2;2;3;3;3;;0.43;;;86;-7.23;0/4;;;;;Revisar (sin datos);;;;https://bancaonline.bankinter.com/resources/allfundssheets-enmenm/es/?isin=LU0235843108&language=es&currency=EUR&channel=nbol;2026-09-10
LU1181866309;JPM Global Macro Opps A acc USD Hdg;JPMorgan Investment Funds - Global Macro Opportunities Fund A (acc) USD (hedged);JPMorgan Asset Management (Europe) S.à r.l.;Alternative Strategies;Global Macro;Alternativo Trading Macro USD;FO;USD;Luxemburgo;3;2;1.45;35000;True;False;2015-02-05;;;;;-0.5;-0.48;0.07;2.63;3.17;0.88;3.65;2.15;-0.56;2.88;0.46;7.95;0.14;-11.09;4.66;12.91;2.65;3;;275720.63192;19.82144;3.77;4.37;;4;3.32;0.94;-0.55;9.44;-1.14;-1.04;-3.81;0.3;1.37;-0.12;0.12;0.18;;;;;;;;;;;;0.24289;-0.20626;-0.49907;0.09281;;;;;4;9.16357;7.08447;7.85865;7.08031;-8.33589;-8.33589;-13.61733;-13.61733;1.45;1.25;0;5;1;-0.25;0.2;;;0;1;2;2;3;3;2;;0.26;;;86;-11.09;0/4;;;;;Revisar (sin datos);;;;https://bancaonline.bankinter.com/resources/allfundssheets-enmenm/es/?isin=LU1181866309&language=es&currency=EUR&channel=nbol;2026-09-10
LU0272941971;Amundi Fds Volatil Euro A EUR C;Amundi Funds - Volatility Euro A EUR (C);Amundi Luxembourg S.A.;Alternative Strategies;Options Trading;Alternativo Trading de Opciones;FO;EUR;Luxemburgo;5;;1.55;;True;False;2006-11-14;;;;;0.31;-0.78;-1.19;-3.15;-2.19;1.83;0.07;1.11;0.89;-1.45;3.3;0.27;-8.9;6.49;-2.2;20.24;-9.07;2;;113712.00351;14.87476;2.14;1.78;;;;;;;;;;;;;;;;;;;;;;;;;;-0.1516;-0.11776;-0.0847;-0.23321;;;;;;7.52208;7.41049;7.05554;7.86632;-5.20814;-9.81647;-15.07216;-32.32001;1.55;1.2;1;5;0;0.81;;;;;;;;;;;;0.11;;;57;-9.07;0/4;;;;;Revisar (sin datos);;;;https://bancaonline.bankinter.com/resources/allfundssheets-enmenm/es/?isin=LU0272941971&language=es&currency=EUR&channel=nbol;2026-09-10
LU0557872479;Amundi Fds Volatil Wld A EUR C;Amundi Funds - Volatility World A EUR (C);Amundi Luxembourg S.A.;Alternative Strategies;Options Trading;Alternativo Trading de Opciones;FO;EUR;Luxemburgo;5;;1.49;;True;False;2011-06-15;;;;;0;-0.46;-1.61;-3.11;-3.55;1.15;0.81;0.02;2.54;-0.47;-8.01;11.95;-7.86;12.76;3.15;12.91;-8.78;2;;191087.47932;17.04593;2.75;2.26;;;;;;;;;;;;;;;;;;;;;;;;;;-0.06013;-0.17315;0.11913;-0.05372;;;;;;10.45744;9.08557;9.98119;11.60765;-7.1061;-13.35748;-19.28283;-33.11236;1.49;1.2;1;5;0;0.68;;;;;;;;;;;;0.0;;;57;-8.78;0/4;;;;;Revisar (sin datos);;;;https://bancaonline.bankinter.com/resources/allfundssheets-enmenm/es/?isin=LU0557872479&language=es&currency=EUR&channel=nbol;2026-09-10
LU0442406889;Amundi Fds Volatil Wld A EUR H C;Amundi Funds - Volatility World A EUR Hgd (C);Amundi Luxembourg S.A.;Alternative Strategies;Options Trading;Alternativo Trading de Opciones;FO;EUR;Luxemburgo;5;;1.49;;True;False;2009-09-15;;;;;0.13;-0.36;-1.08;-2.87;-3.85;-0.9;-1.79;1.06;0.49;-1.87;2.2;3.27;-6.5;4.44;-4.84;21.93;-12.47;2;;191087.47932;17.04593;2.75;2.26;;;;;;;;;;;;;;;;;;;;;;;;;;-0.54476;-0.1847;-0.18289;-0.27032;;;;;;6.31184;6.66862;5.92847;8.42655;-6.47127;-8.43052;-10.88485;-33.60167;1.49;1.2;1;5;0;0.68;;;;;;;;;;;;0.13;;;57;-12.47;0/4;;;;;Revisar (sin datos);;;;https://bancaonline.bankinter.com/resources/allfundssheets-enmenm/es/?isin=LU0442406889&language=es&currency=EUR&channel=nbol;2026-09-10
LU0319687124;Amundi Fds Volatil Wld A USD C;Amundi Funds - Volatility World A USD (C);Amundi Luxembourg S.A.;Alternative Strategies;Options Trading;Alternativo Trading de Opciones;FO;USD;Luxemburgo;5;;1.49;1;True;False;2007-11-15;;;;;0.13;-0.34;-0.95;-2.5;-3.12;0.17;-0.1;2.82;2.19;-0.07;4.34;4.93;-4.63;5.94;-4.1;23.77;-10.23;2;;220172.23104;17.04593;2.75;2.26;;;;;;;;;;;;;;;;;;;;;;;;;;-0.56509;-0.19165;-0.21336;-0.26031;;;;;;6.31506;6.70105;5.92935;8.47189;-5.85203;-7.12706;-8.21191;-28.07143;1.49;1.2;1;5;0;0.68;;;;;;;;;;;;0.4;;;57;-10.23;0/4;;;;;Revisar (sin datos);;;;https://bancaonline.bankinter.com/resources/allfundssheets-enmenm/es/?isin=LU0319687124&language=es&currency=EUR&channel=nbol;2026-09-10
FR0010693689;AXA Court Terme P;AXA Court Terme P;BNP PARIBAS ASSET MANAGEMENT Europe;Capital Preservation;Euro Money Market;Mercado Monetario Corto Plazo EUR;FO;EUR;Francia;1;;0.2;0;True;False;2008-12-05;;;;;0.01;0.04;0.19;0.56;1.06;1.41;2.03;2.86;2.09;0.85;2.23;3.72;3.33;-0.01;-0.56;-0.37;-0.32;;;;;;;;13;0.03853;;1.4;0.05;;;;;;;;;;;;;;;;;;;;1.37121;1.36756;1.64295;2.47642;;;;;;0.05515;0.25197;0.45289;0.47523;;;-0.5569;-2.35684;0.2;0.6;0;0;0;0.01;50;;;1;1;1;1;1;1;1;;;;;43;-0.56;4/4;;;;;Monetario/RF defensivo;133;120;125;https://bancaonline.bankinter.com/resources/allfundssheets-enmenm/es/?isin=FR0010693689&language=es&currency=EUR&channel=nbol;2026-09-10
FR0011399633;Amundi Euro Liquid Short Term Govies E C;Amundi Euro Liquidity Short Term Govies E C;Amundi Asset Management;Capital Preservation;Euro Money Market;Mercado Monetario Corto Plazo EUR;FO;EUR;Francia;1;;0.34;10;True;False;2013-03-15;;;;;0.01;0.04;0.17;0.48;0.91;1.21;1.73;2.57;1.78;0.55;1.94;3.46;2.89;-0.28;-0.78;-0.69;-0.67;;;;;;;;;;;-6.39;0.04;;;;;;;;;;;;;;;;;;;;-7.45661;-6.23716;-6.54372;-7.39971;;;;;;0.044;0.24697;0.44189;0.47058;;;-0.77099;-4.07446;0.34;0.35;0;0;0;0.01;;;;3;3;3;3;3;3;3;;;;;43;-0.78;0/4;;;;;Monetario/RF defensivo;133;120;125;https://bancaonline.bankinter.com/resources/allfundssheets-enmenm/es/?isin=FR0011399633&language=es&currency=EUR&channel=nbol;2026-09-10
LU0432365988;BGF Euro Reserve A2;BlackRock Global Funds - Euro Reserve Fund A2;BlackRock (Luxembourg) SA;Capital Preservation;Euro Money Market;Mercado Monetario Corto Plazo EUR;FO;EUR;Luxemburgo;1;;0.55;5000;True;False;2009-07-24;;;;;0.01;0.03;0.17;0.48;0.86;1.17;1.72;2.46;1.7;0.58;1.86;3.19;2.88;-0.31;-0.69;-0.57;-0.51;;;;;;;;;0.19;;-2.51;0.14;;;;;;;;;;;;;;;;;;;;-3.26759;-2.44674;-2.3673;-1.69684;;;;;;0.07809;0.27146;0.44206;0.44764;-0.01063;-0.18288;-0.7108;-3.31431;0.55;0.45;0;0;0;0.02;0.44;;;3;3;3;3;3;3;3;;13.45;;;43;-0.69;0/4;;;;;Monetario/RF defensivo;133;120;125;https://bancaonline.bankinter.com/resources/allfundssheets-enmenm/es/?isin=LU0432365988&language=es&currency=EUR&channel=nbol;2026-09-10
LU0167237543;BNP Paribas InstiCash € 1D LVNAV C Cp;BNP Paribas InstiCash EUR 1D LVNAV Classic Capitalisation;BNP Paribas Asset Management Luxembourg;Capital Preservation;Euro Money Market;Mercado Monetario Corto Plazo EUR;FO;EUR;Luxemburgo;1;;0.41;0;True;False;2003-07-03;;;;;0.02;0.04;0.17;0.5;0.92;1.23;1.78;2.63;1.86;0.67;1.99;3.51;3.01;-0.14;-0.68;-0.53;-0.47;;;;;;;;;;;-4.57;0.04;;;;;;;;;;;;;;;;;;;;-5.84019;-4.46252;-4.02715;-2.38349;;;;;;0.04501;0.25181;0.43811;0.45977;;;-0.67242;-3.16994;0.41;0.35;0;0;0;0.02;;;;3;3;3;3;3;3;3;;;;;43;-0.68;0/4;;;;;Monetario/RF defensivo;133;120;125;https://bancaonline.bankinter.com/resources/allfundssheets-enmenm/es/?isin=LU0167237543&language=es&currency=EUR&channel=nbol;2026-09-10
IE00B29LM454;BlackRock ICS Euro Liq Adm VI EUR Acc;BlackRock Institutional Cash Series Euro Liquidity Fund Admin VI EUR Acc;BlackRock Asset Management Ireland Ltd;Capital Preservation;Euro Money Market;Mercado Monetario Corto Plazo EUR;FO;EUR;Irlanda;1;;0.45;25000;True;False;2007-11-27;;;;;0.01;0.04;0.16;0.48;0.91;1.2;1.73;2.54;1.71;0.4;1.91;3.39;2.88;-0.44;-1.04;-0.95;-0.87;;;;;;;;;;;-6.86;0.04;;;;;;;;;;;;;;;;;;;;-7.17848;-6.69776;-7.39043;-10.35437;;;;;;0.04705;0.24195;0.46087;0.49623;;;-0.98715;-5.35692;0.45;0.7;0;0;0;0.02;;;;3;3;3;3;3;3;3;;;;;43;-1.04;0/4;;;;;Monetario/RF defensivo;133;120;125;https://bancaonline.bankinter.com/resources/allfundssheets-enmenm/es/?isin=IE00B29LM454&language=es&currency=EUR&channel=nbol;2026-09-10
LU0354091653;Candriam Money Market Euro AAA C Acc;Candriam Money Market Euro AAA C Acc EUR;Candriam;Capital Preservation;Euro Money Market;Mercado Monetario Corto Plazo EUR;FO;EUR;Luxemburgo;1;;0.53;0;True;False;2008-04-14;;;;;0;0.03;0.15;0.45;0.84;1.12;1.61;2.46;1.74;0.62;1.82;3.36;2.81;-0.15;-0.68;-0.56;-0.48;;;;;;;;11;;;-4.97;0.07;;;;;;;;;;;;;;;;;;;;-8.60916;-4.8516;-3.87464;-2.03384;;;;;;0.05063;0.25692;0.41953;0.43651;;-0.02733;-0.63439;-3.04731;0.53;0.5;0;0;0;0.01;0.02;;;3;3;3;3;3;3;3;;90.01;;;43;-0.68;0/4;;;;;Monetario/RF defensivo;133;120;125;https://bancaonline.bankinter.com/resources/allfundssheets-enmenm/es/?isin=LU0354091653&language=es&currency=EUR&channel=nbol;2026-09-10
FR0010149161;Carmignac Court Terme A EUR Acc;Carmignac Court Terme A EUR Acc;Carmignac Gestion;Capital Preservation;Euro Money Market;Mercado Monetario Corto Plazo EUR;FO;EUR;Francia;1;;0.51;0;True;False;1989-01-26;;;;;0.02;0.04;0.17;0.51;0.93;1.22;1.75;2.57;1.91;0.73;1.92;3.42;3.23;-0.02;-0.62;-0.4;-0.4;;;;;;;;;;;-5.79;0.04;;;;;;;;;;;;;;;;;;;;-5.31586;-5.64773;-1.75422;-0.35035;;;;;;0.05911;0.24688;0.4286;0.45126;-0.0015;-0.0015;-0.56489;-2.67682;0.51;0.75;0;1;0;0.01;0;;;3;3;3;3;3;3;2;;1713.33;;;43;-0.62;0/4;;;;;Monetario/RF defensivo;133;120;125;https://bancaonline.bankinter.com/resources/allfundssheets-enmenm/es/?isin=FR0010149161&language=es&currency=EUR&channel=nbol;2026-09-10
FR0010288316;Groupama Entreprises NC;Groupama Entreprises NC;Groupama Asset Management;Capital Preservation;Euro Money Market;Mercado Monetario Corto Plazo EUR;FO;EUR;Francia;1;;0.3;1;True;False;2006-04-25;;;;;0;0.04;0.17;0.53;1.01;1.35;1.96;2.82;2.05;0.84;2.17;3.73;3.25;-0.02;-0.56;-0.35;-0.33;;;;;;;;12;;;0.62;0.05;;;;;;;;;;;;;;;;;;;;-0.29682;0.60884;0.82281;1.90942;;;;;;0.04654;0.25972;0.45094;0.46963;;-0.00511;-0.54458;-2.29886;0.3;0.58;0;1;0;0;;;;2;2;2;2;2;1;1;;551.86;;;43;-0.56;4/4;;;;;Monetario/RF defensivo;133;120;125;https://bancaonline.bankinter.com/resources/allfundssheets-enmenm/es/?isin=FR0010288316&language=es&currency=EUR&channel=nbol;2026-09-10
LU1873127366;JPM EUR Liqdty LVNAV A acc.;JPMorgan Liquidity Funds - EUR Liquidity LVNAV Fund A (acc.);JPMorgan Asset Management (Europe) S.à r.l.;Capital Preservation;Euro Money Market;Mercado Monetario Corto Plazo EUR;FO;EUR;Luxemburgo;1;;0.45;35000;True;False;2022-09-13;;;;;0;0.04;0.16;0.48;0.91;1.21;1.73;2.5;;;1.9;3.33;2.79;;;;;;;;;;;;;;;-7.55;0.04;;;;;;;;;;;;;;;;;;;;-7.40428;-7.36816;;;;;;;;0.04428;0.23294;;;;;;;0.45;0.4;0;0;0;0.01;;;;3;3;3;3;3;;;;;;;100;1.9;0/4;;;;;Monetario/RF defensivo;133;120;125;https://bancaonline.bankinter.com/resources/allfundssheets-enmenm/es/?isin=LU1873127366&language=es&currency=EUR&channel=nbol;2026-09-10
LU1873127879;JPM EUR Liqdty LVNAV D acc.;JPMorgan Liquidity Funds - EUR Liquidity LVNAV Fund D (acc.);JPMorgan Asset Management (Europe) S.à r.l.;Capital Preservation;Euro Money Market;Mercado Monetario Corto Plazo EUR;FO;EUR;Luxemburgo;1;;0.5;10000;True;False;2022-09-13;;;;;0;0.04;0.15;0.47;0.88;1.17;1.67;2.44;;;1.85;3.24;2.68;;;;;;;;;;;;;;;-8.66;0.04;;;;;;;;;;;;;;;;;;;;-9.06113;-8.4615;;;;;;;;0.04387;0.22679;;;;;;;0.5;0.45;0;0;0;0.01;;;;3;3;3;3;3;;;;;;;100;1.85;0/4;;;;;Monetario/RF defensivo;133;120;125;https://bancaonline.bankinter.com/resources/allfundssheets-enmenm/es/?isin=LU1873127879&language=es&currency=EUR&channel=nbol;2026-09-10
LU0252499412;JPM EUR Money Market VNAV A acc EUR;JPMorgan Funds - EUR Money Market VNAV Fund A (acc) EUR;JPMorgan Asset Management (Europe) S.à r.l.;Capital Preservation;Euro Money Market;Mercado Monetario Corto Plazo EUR;FO;EUR;Luxemburgo;1;;0.37;35000;True;False;2006-05-22;;;;;0.01;0.03;0.17;0.5;0.94;1.24;1.78;2.58;1.83;0.63;1.96;3.44;2.9;-0.15;-0.69;-0.59;-0.53;;1;;;;;;6;;;-6.2;0.04;;;;;;;;;;;;;;;;;;;;-6.16857;-6.04541;-4.35957;-3.25284;;;;;;0.0422;0.24009;0.42736;0.45562;;;-0.66967;-3.38698;0.37;0.25;0;0;0;0.01;;;;3;3;3;3;3;3;3;;;;;43;-0.69;0/4;;;;;Monetario/RF defensivo;133;120;125;https://bancaonline.bankinter.com/resources/allfundssheets-enmenm/es/?isin=LU0252499412&language=es&currency=EUR&channel=nbol;2026-09-10
LU0252500524;JPM EUR Money Market VNAV D acc EUR;JPMorgan Funds - EUR Money Market VNAV Fund D (acc) EUR;JPMorgan Asset Management (Europe) S.à r.l.;Capital Preservation;Euro Money Market;Mercado Monetario Corto Plazo EUR;FO;EUR;Luxemburgo;1;;0.61;5000;True;False;2006-08-30;;;;;0.01;0.03;0.15;0.44;0.81;1.08;1.53;2.33;1.65;0.54;1.72;3.17;2.66;-0.15;-0.69;-0.59;-0.52;;1;;;;;;6;;;-11.3;0.04;;;;;;;;;;;;;;;;;;;;-10.97653;-11.04547;-5.5185;-3.21414;;;;;;0.05001;0.23588;0.39897;0.42288;;;-0.67227;-3.38029;0.61;0.4;0;0;0;0.01;;;;3;3;3;3;3;3;3;;;;;43;-0.69;0/4;;;;;Monetario/RF defensivo;133;120;125;https://bancaonline.bankinter.com/resources/allfundssheets-enmenm/es/?isin=LU0252500524&language=es&currency=EUR&channel=nbol;2026-09-10
LU0128494191;Pictet-Short-Term Money Market EUR P;Pictet-Short-Term Money Market EUR P;Pictet Asset Management (Europe) SA;Capital Preservation;Euro Money Market;Mercado Monetario Corto Plazo EUR;FO;EUR;Luxemburgo;1;;0.25;0;True;False;1998-10-08;;;;;0;0.04;0.18;0.55;1.02;1.37;1.97;2.8;1.99;0.72;2.17;3.66;3.15;-0.11;-0.69;-0.52;-0.53;;;;;;;;12;0.17312;;0.1;0.04;;;;;;;;;;;;;;;;;;;;-0.01747;0.10032;-0.44353;-0.71501;;;;;;0.06599;0.24792;0.45464;0.48374;-0.00445;-0.00445;-0.66692;-3.27171;0.25;0.3;0;5;1;0.01;0.05;;;2;2;2;2;2;2;2;;629.21;;;43;-0.69;3/4;;;;;Monetario/RF defensivo;133;120;125;https://bancaonline.bankinter.com/resources/allfundssheets-enmenm/es/?isin=LU0128494191&language=es&currency=EUR&channel=nbol;2026-09-10
LU0128495834;Pictet-Short-Term Money Market EUR R;Pictet-Short-Term Money Market EUR R;Pictet Asset Management (Europe) SA;Capital Preservation;Euro Money Market;Mercado Monetario Corto Plazo EUR;FO;EUR;Luxemburgo;1;;0.38;0;True;False;2001-05-07;;;;;0;0.04;0.16;0.51;0.96;1.28;1.83;2.67;1.86;0.59;2.04;3.53;3.02;-0.24;-0.82;-0.65;-0.66;;;;;;;;12;0.17312;;-2.91;0.04;;;;;;;;;;;;;;;;;;;;-2.28698;-2.84124;-3.58505;-4.11555;;;;;;0.0648;0.24761;0.45449;0.48366;-0.00479;-0.00479;-0.79989;-4.02612;0.38;0.6;0;3;1;0.01;0.05;;;2;3;2;2;3;3;3;;557.41;;;43;-0.82;0/4;;;;;Monetario/RF defensivo;133;120;125;https://bancaonline.bankinter.com/resources/allfundssheets-enmenm/es/?isin=LU0128495834&language=es&currency=EUR&channel=nbol;2026-09-10
LU0090865873;abrdn Liquidity-Euro Fund A-2 Acc EUR;abrdn Liquidity Fund (Lux) - Euro Fund A-2 Acc EUR;abrdn Investments Luxembourg S.A.;Capital Preservation;Euro Money Market;Mercado Monetario Corto Plazo EUR;FO;EUR;Luxemburgo;1;;0.28;500;True;False;1990-07-23;;;;;0;0.04;0.17;0.53;0.99;1.31;1.87;2.75;1.99;0.76;2.05;3.68;3.22;-0.07;-0.57;-0.47;-0.44;;;;;;;;;;;-0.98;0.05;;;;;;;;;;;;;;;;;;;;-1.75203;-0.9582;-0.48758;0.33851;;;;;;0.063;0.26559;0.44883;0.47213;-0.00242;-0.00236;-0.58241;-2.79518;0.28;;0;0;0;0.01;;;;2;2;2;2;2;2;2;;1165.25;;;43;-0.57;3/4;;;;;Monetario/RF defensivo;133;120;125;https://bancaonline.bankinter.com/resources/allfundssheets-enmenm/es/?isin=LU0090865873&language=es&currency=EUR&channel=nbol;2026-09-10
LU1925356468;BNP Paribas InstiCash GBP 1D LVNAV Cl D;BNP Paribas InstiCash GBP 1D LVNAV Classic Dis;BNP Paribas Asset Management Luxembourg;Capital Preservation;Sterling Money Market;Mercado Monetario Corto Plazo GBP;FO;GBP;Luxemburgo;1;;0.41;;True;False;2020-02-14;;;;;0;0;0;0.17;1.02;1.58;2.86;4.08;3.25;;4.04;4.96;4.43;1.29;0.01;;;;;;;;;;;;;-1.83;0.25;;;;;;;;;;;;;;;;;;;;-2.26656;-1.76123;-1.52247;;;;;;;0.40538;0.35211;0.50289;;;;-0.001;;0.41;0.35;0;0;0;0.04;;;;3;3;3;3;3;2;;;;;;100;0.01;0/4;;;;;Monetario/RF defensivo;133;120;125;https://bancaonline.bankinter.com/resources/allfundssheets-enmenm/es/?isin=LU1925356468&language=es&currency=EUR&channel=nbol;2026-09-10
LU0070177588;JPM GBP Std Mny Mkt VNAV A acc.;JPMorgan Liquidity Funds - GBP Standard Money Market VNAV Fund A (acc.);JPMorgan Asset Management (Europe) S.à r.l.;Capital Preservation;Sterling Money Market;Mercado Monetario Corto Plazo GBP;FO;GBP;Luxemburgo;1;;0.45;30000;True;False;1996-04-15;;;;;0;0.07;0.29;0.96;1.88;2.45;3.74;4.44;3.37;1.72;4.32;4.85;4.39;0.88;-0.02;0.07;0.32;;;;;;;;;;;-0.52;0.16;;;;;;;;;;;;;;;;;;;;-0.15456;-0.50014;-1.46173;-2.08328;;;;;;0.26024;0.23294;0.5277;0.59513;-0.06401;-0.06401;-0.09526;-0.14704;0.45;0.4;0;0;0;0.12;0;;;2;2;2;2;2;2;2;;69.36;;;86;-0.02;2/4;;;;;Monetario/RF defensivo;133;120;125;https://bancaonline.bankinter.com/resources/allfundssheets-enmenm/es/?isin=LU0070177588&language=es&currency=EUR&channel=nbol;2026-09-10
LU0161688402;JPM GBP Std Mny Mkt VNAV D acc.;JPMorgan Liquidity Funds - GBP Standard Money Market VNAV Fund D (acc.);JPMorgan Asset Management (Europe) S.à r.l.;Capital Preservation;Sterling Money Market;Mercado Monetario Corto Plazo GBP;FO;GBP;Luxemburgo;1;;0.5;6000;True;False;2008-05-07;;;;;0;0.07;0.29;0.94;1.85;2.41;3.69;4.37;3.29;1.67;4.27;4.76;4.29;0.8;-0.02;0.05;0.22;;;;;;;;;;;-0.95;0.16;;;;;;;;;;;;;;;;;;;;-0.35609;-0.91224;-1.9285;-2.50432;;;;;;0.25997;0.22862;0.52402;0.5893;-0.06452;-0.06452;-0.09527;-0.14749;0.5;0.45;0;0;0;0.12;;;;2;2;2;2;2;2;3;;67.73;;;86;-0.02;2/4;;;;;Monetario/RF defensivo;133;120;125;https://bancaonline.bankinter.com/resources/allfundssheets-enmenm/es/?isin=LU0161688402&language=es&currency=EUR&channel=nbol;2026-09-10
LU0049015760;abrdn Liquidity-Sterling Fund A-2 AccGBP;abrdn Liquidity Fund (Lux) - Sterling Fund A-2 Acc GBP;abrdn Investments Luxembourg S.A.;Capital Preservation;Sterling Money Market;Mercado Monetario Corto Plazo GBP;FO;GBP;Luxemburgo;1;;0.43;500;True;False;1985-07-01;;;;;0.01;0.07;0.29;0.91;1.79;2.43;3.64;4.34;3.38;1.82;4.05;4.89;4.44;1.14;-0.02;0.22;0.64;;;;;;;;;;;-2.37;0.08;;;;;;;;;;;;;;;;;;;;-1.60302;-2.27655;-2.43613;-1.94056;;;;;;0.10645;0.19183;0.48798;0.56019;-0.01743;-0.01743;-0.04918;-0.0519;0.43;0.5;0;0;0;0;;;;2;2;2;2;2;2;2;;249.0;;;86;-0.02;3/4;;;;;Monetario/RF defensivo;133;120;125;https://bancaonline.bankinter.com/resources/allfundssheets-enmenm/es/?isin=LU0049015760&language=es&currency=EUR&channel=nbol;2026-09-10
LU0090845503;BGF US Dollar Reserve E2;BlackRock Global Funds - US Dollar Reserve Fund E2;BlackRock (Luxembourg) SA;Capital Preservation;US Money Market;Mercado Monetario Corto Plazo USD;FO;USD;Luxemburgo;1;;0.8;5000;True;False;1998-09-01;;;;;0.01;0.05;0.26;0.77;1.53;2.08;3.2;3.99;3.18;1.93;3.7;4.64;4.55;1.1;-0.27;0.11;1.72;;;;;;;;;;39.39;-9.59;0.07;-0.58;-0.61;-0.59;-0.54;1.11;0.93;0.97;0.98;;;;;;;;;;;;-7.43154;-7.52455;-6.87409;-5.39817;;;;;;0.1046;0.21175;0.49964;0.52592;-0.00177;-0.00502;-0.22357;-0.60995;0.8;0.45;0;0;0;0.27;0.44;;;3;3;3;3;3;3;3;;794.82;;;86;-0.27;0/4;;;;;Monetario/RF defensivo;133;120;125;https://bancaonline.bankinter.com/resources/allfundssheets-enmenm/es/?isin=LU0090845503&language=es&currency=EUR&channel=nbol;2026-09-10
LU0167238863;BNP Paribas InstiCash USD 1D LVNAV Cl C;BNP Paribas InstiCash USD 1D LVNAV Classic Cap;BNP Paribas Asset Management Luxembourg;Capital Preservation;US Money Market;Mercado Monetario Corto Plazo USD;FO;USD;Luxemburgo;1;;0.41;;True;False;2003-06-13;;;;;0.01;0.07;0.29;0.87;1.75;2.36;3.63;4.45;3.66;2.42;4.1;5.15;5.03;1.69;0.04;0.44;2.22;;;;;;;;;;44;-3.34;0.06;-0.18;-0.19;-0.16;-0.06;0.95;0.87;0.72;0.8;;;;;;;;;;;;-3.05054;-2.79371;-3.41163;-1.26266;;;;;;0.08655;0.212;0.49325;0.52259;;;;;0.41;0.35;0;0;0;0.02;;;;2;2;2;2;2;1;1;;;;;100;0.04;4/4;;;;;Monetario/RF defensivo;133;120;125;https://bancaonline.bankinter.com/resources/allfundssheets-enmenm/es/?isin=LU0167238863&language=es&currency=EUR&channel=nbol;2026-09-10
IE00B2Q5LL07;GS USD Treasury Liq Res Adm Acc;Goldman Sachs US$ Treasury Liquid Reserves Fund Administration Acc;Goldman Sachs Asset Management Fund Services Ltd;Capital Preservation;US Money Market;Mercado Monetario Corto Plazo USD;FO;USD;Irlanda;1;;0.45;100000;True;False;2008-04-03;;;;;0.01;0.06;0.27;0.82;1.65;2.26;3.44;4.21;3.41;2.1;3.91;4.88;4.74;1.3;0.01;0.25;1.81;;;;;;;;;;33;-6.71;0.06;-0.39;-0.39;-0.37;-0.39;1.04;0.7;0.98;0.78;;;;;;;;;;;;-5.98641;-5.90819;-5.10587;-4.89817;;;;;;0.08222;0.2059;0.48853;0.5285;;;;;0.45;0.2;0;0;0;0.03;0;;;3;3;2;3;2;2;2;;;;;100;0.01;0/4;;;;;Monetario/RF defensivo;133;120;125;https://bancaonline.bankinter.com/resources/allfundssheets-enmenm/es/?isin=IE00B2Q5LL07&language=es&currency=EUR&channel=nbol;2026-09-10
IE00B3DWSS75;GS USD Treasury Liq Res Super Adm Acc;Goldman Sachs US$ Treasury Liquid Reserves Fund Super Administration Acc;Goldman Sachs Asset Management Fund Services Ltd;Capital Preservation;US Money Market;Mercado Monetario Corto Plazo USD;FO;USD;Irlanda;1;;0.66;10000;True;False;2008-10-20;;;;;0.01;0.06;0.25;0.76;1.53;2.09;3.18;3.95;3.18;1.91;3.65;4.62;4.48;1.13;0.01;0.2;1.56;;;;;;;;;;34.35;-11.57;0.06;-0.64;-0.64;-0.59;-0.57;1;0.68;0.96;0.84;;;;;;;;;;;;-9.96963;-9.92131;-6.72413;-5.84544;;;;;;0.07953;0.20455;0.46926;0.50795;;;;;0.66;0.2;0;0;0;0.03;0;;;3;3;3;3;3;3;3;;;;;100;0.01;0/4;;;;;Monetario/RF defensivo;133;120;125;https://bancaonline.bankinter.com/resources/allfundssheets-enmenm/es/?isin=IE00B3DWSS75&language=es&currency=EUR&channel=nbol;2026-09-10
LU1873130741;JPM USD Liquidity LVNAV A acc.;JPMorgan Liquidity Funds - USD Liquidity LVNAV Fund A (acc);JPMorgan Asset Management (Europe) S.à r.l.;Capital Preservation;US Money Market;Mercado Monetario Corto Plazo USD;FO;USD;Luxemburgo;1;;0.45;35000;True;False;2018-12-03;;;;;0.03;0.07;0.31;0.88;1.73;2.32;3.59;4.34;3.5;;4.05;4.93;4.84;1.42;0;0.38;1.92;;;;;;;;;;30.33;-4.24;0.07;-0.27;-0.29;-0.28;;0.95;0.79;0.97;;;;;;;;;;;;;-3.86629;-3.78914;-4.05834;;;;;;;0.09333;0.20587;0.49976;;;;-0.05011;;0.45;0.4;0;0;0;0.08;;;;2;2;2;2;2;2;;;;;;86;0.0;3/4;;;;;Monetario/RF defensivo;133;120;125;https://bancaonline.bankinter.com/resources/allfundssheets-enmenm/es/?isin=LU1873130741&language=es&currency=EUR&channel=nbol;2026-09-10
LU1873131392;JPM USD Liquidity LVNAV D acc.;JPMorgan Liquidity Funds - USD Liquidity LVNAV Fund D (acc);JPMorgan Asset Management (Europe) S.à r.l.;Capital Preservation;US Money Market;Mercado Monetario Corto Plazo USD;FO;USD;Luxemburgo;1;;0.5;10000;True;False;2022-09-13;;;;;0.03;0.07;0.31;0.87;1.71;2.28;3.54;4.27;;;4;4.84;4.74;;;;;;;;;;;;;;31.15;-5.26;0.07;-0.32;-0.36;;;0.95;0.8;;;;;;;;;;;;;;-4.55414;-4.58624;;;;;;;;0.09268;0.19963;;;;;;;0.5;0.45;0;0;0;0.08;;;;2;2;2;2;2;;;;;;;100;4.0;2/4;;;;;Monetario/RF defensivo;133;120;125;https://bancaonline.bankinter.com/resources/allfundssheets-enmenm/es/?isin=LU1873131392&language=es&currency=EUR&channel=nbol;2026-09-10
LU0945454980;JPM USD Money Market VNAV A acc USD;JPMorgan Funds - USD Money Market VNAV Fund A (acc) - USD;JPMorgan Asset Management (Europe) S.à r.l.;Capital Preservation;US Money Market;Mercado Monetario Corto Plazo USD;FO;USD;Luxemburgo;1;;0.4;35000;True;False;2014-06-06;;;;;0.02;0.06;0.3;0.88;1.75;2.37;3.58;4.37;3.57;2.29;4.04;5.03;4.98;1.46;0;0.45;2.04;;;;;;;;8;;42.03;-4.53;0.06;-0.23;-0.25;-0.23;-0.19;1;0.8;0.89;0.95;;;;;;;;;;;;-3.551;-3.77209;-3.90494;-2.39241;;;;;;0.09094;0.20799;0.50837;0.53263;;;-0.06636;-0.09493;0.4;0.25;0;0;0;0.02;;;;2;2;2;2;2;2;2;;;;;86;0.0;3/4;;;;;Monetario/RF defensivo;133;120;125;https://bancaonline.bankinter.com/resources/allfundssheets-enmenm/es/?isin=LU0945454980&language=es&currency=EUR&channel=nbol;2026-09-10
LU1873132101;JPM USD Treasury CNAV A acc.;JPMorgan Liquidity Funds - USD Treasury CNAV Fund A (acc.);JPMorgan Asset Management (Europe) S.à r.l.;Capital Preservation;US Money Market;Mercado Monetario Corto Plazo USD;FO;USD;Luxemburgo;1;;0.45;35000;True;False;2018-12-03;;;;;0.04;0.07;0.3;0.85;1.67;2.24;3.45;4.18;;;3.89;4.78;4.61;;;;;;;;;;;;;;29.77;-7.3;0.06;-0.42;-0.45;;;0.8;0.68;;;;;;;;;;;;;;-6.756;-6.53379;;;;;;;;0.07881;0.19357;;;;;;;0.45;0.4;0;0;0;0.4;;;;3;3;3;3;2;;;;;;;100;3.89;0/4;;;;;Monetario/RF defensivo;133;120;125;https://bancaonline.bankinter.com/resources/allfundssheets-enmenm/es/?isin=LU1873132101&language=es&currency=EUR&channel=nbol;2026-09-10
LU1873132523;JPM USD Treasury CNAV D acc.;JPMorgan Liquidity Funds - USD Treasury CNAV Fund D (acc.);JPMorgan Asset Management (Europe) S.à r.l.;Capital Preservation;US Money Market;Mercado Monetario Corto Plazo USD;FO;USD;Luxemburgo;1;;0.5;10000;True;False;2018-12-03;;;;;0.04;0.07;0.3;0.83;1.64;2.2;3.4;4.11;;;3.84;4.69;4.5;;;;;;;;;;;;;;29.54;-8.25;0.06;-0.47;-0.52;;;0.8;0.7;;;;;;;;;;;;;;-7.59322;-7.29021;;;;;;;;0.07829;0.18755;;;;;;;0.5;0.45;0;0;0;0.4;;;;3;3;3;3;3;;;;;;;100;3.84;0/4;;;;;Monetario/RF defensivo;133;120;125;https://bancaonline.bankinter.com/resources/allfundssheets-enmenm/es/?isin=LU1873132523&language=es&currency=EUR&channel=nbol;2026-09-10
LU0128496485;Pictet-Short-Term Money Market USD P;Pictet-Short-Term Money Market USD P;Pictet Asset Management (Europe) SA;Capital Preservation;US Money Market;Mercado Monetario Corto Plazo USD;FO;USD;Luxemburgo;1;;0.31;0;True;False;1997-08-26;;;;;0.01;0.07;0.3;0.91;1.84;2.49;3.78;4.6;3.8;2.56;4.22;5.32;5.22;1.77;0.01;0.68;2.32;;4;;;;;;10;0.25584;37.08;-0.27;0.07;-0.05;-0.02;0;0.08;1.13;0.93;0.9;1.02;;;;;;;;;;;;-0.96141;-0.52504;-1.28201;0.29487;;;;;;0.09659;0.22402;0.51762;0.53569;;-0.00292;-0.04953;-0.11631;0.31;0.3;0;5;1;0.01;0.05;;;1;1;1;1;1;0;0;;1575.34;;;100;0.01;4/4;;;;;Monetario/RF defensivo;133;120;125;https://bancaonline.bankinter.com/resources/allfundssheets-enmenm/es/?isin=LU0128496485&language=es&currency=EUR&channel=nbol;2026-09-10
LU0128497293;Pictet-Short-Term Money Market USD P dy;Pictet-Short-Term Money Market USD P dy;Pictet Asset Management (Europe) SA;Capital Preservation;US Money Market;Mercado Monetario Corto Plazo USD;FO;USD;Luxemburgo;1;;0.32;0;True;False;1997-08-26;;;;;0.01;0.07;0.3;0.91;1.84;2.49;3.78;4.6;3.87;2.68;4.22;5.32;5.22;2.13;0.01;1.06;2.7;;4;;;;;;10;0.25584;37.08;-0.27;0.07;-0.05;-0.02;0.06;0.19;1.13;0.93;0.81;1.05;;;;;;;;;;;;-0.96184;-0.52479;-0.31499;0.60306;;;;;;0.09656;0.22405;0.55515;0.56707;;-0.0029;-0.0495;-0.11631;0.32;0.3;0;5;1;0.01;0.05;;;1;1;1;1;1;0;0;;1586.21;;;100;0.01;4/4;;;;;Monetario/RF defensivo;133;120;125;https://bancaonline.bankinter.com/resources/allfundssheets-enmenm/es/?isin=LU0128497293&language=es&currency=EUR&channel=nbol;2026-09-10
LU0366537446;Pictet-Sovereign Short-Term MM USD P;Pictet-Sovereign Short-Term Money Market USD P;Pictet Asset Management (Europe) SA;Capital Preservation;US Money Market;Mercado Monetario Corto Plazo USD;FO;USD;Luxemburgo;1;;0.25;0;True;False;2008-06-16;;;;;0.04;0.07;0.31;0.89;1.84;2.47;3.74;4.51;3.67;2.45;4.18;5.21;4.99;1.56;-0.01;0.65;2.24;;1;;;;;;7;0.10051;45.71;-1.66;0.06;-0.06;-0.1;-0.09;-0.02;1.18;1.04;1.12;1.33;;;;;;;;;;;;-1.00163;-1.49051;-2.35775;-0.64227;;;;;;0.10471;0.20609;0.50858;0.5289;-0.00406;-0.00406;-0.03788;-0.0581;0.25;0.3;0;5;1;0.01;0.05;;;1;1;1;1;1;1;1;;1110.84;;;86;-0.01;4/4;;;;;Monetario/RF defensivo;133;120;125;https://bancaonline.bankinter.com/resources/allfundssheets-enmenm/es/?isin=LU0366537446&language=es&currency=EUR&channel=nbol;2026-09-10
LU0049014870;abrdn Liquidity-US Dollar Fund A-2AccUSD;abrdn Liquidity Fund (Lux) - US Dollar Fund A-2 Acc USD;abrdn Investments Luxembourg S.A.;Capital Preservation;US Money Market;Mercado Monetario Corto Plazo USD;FO;USD;Luxemburgo;1;;0.44;500;True;False;1984-09-17;;;;;0.02;0.07;0.29;0.85;1.72;2.34;3.55;4.37;3.58;2.39;4.05;5.05;4.94;1.54;0.01;0.53;2.26;;;;;;;;;;35.29;-3.74;0.06;-0.28;-0.24;-0.22;-0.08;0.99;0.82;0.92;1.1;;;;;;;;;;;;-4.36795;-3.28136;-3.6229;-1.28125;;;;;;0.0853;0.21994;0.49942;0.51486;-0.01504;-0.01504;-0.01976;-0.01976;0.44;0.5;0;0;0;0;;;;2;2;2;2;2;2;1;;290.56;;;100;0.01;3/4;;;;;Monetario/RF defensivo;133;120;125;https://bancaonline.bankinter.com/resources/allfundssheets-enmenm/es/?isin=LU0049014870&language=es&currency=EUR&channel=nbol;2026-09-10
FR0011408764;Amundi Euro Liquidity-Rated Responsbl P;Amundi Euro Liquidity-Rated Responsible P;Amundi Asset Management;Capital Preservation;Euro Money Market;Mercado Monetario EUR;FO;EUR;Francia;1;;0.44;1;True;False;2013-03-28;;;;;0.01;0.04;0.18;0.52;0.98;1.29;1.86;2.69;1.89;0.68;2.03;3.58;3.07;-0.23;-0.77;-0.56;-0.5;;;;;;;;;;;-2.79;0.04;;;;;;;;;;;;;;;;;;;;-3.20946;-2.72351;-3.32855;-1.95772;;;;;;0.0483;0.25188;0.45619;0.47227;;;-0.7654;-3.30189;0.44;1;1;1;0;0.02;113;;;2;2;2;2;2;2;2;;;;;43;-0.77;0/4;;;;;Monetario/RF defensivo;133;120;125;https://bancaonline.bankinter.com/resources/allfundssheets-enmenm/es/?isin=FR0011408764&language=es&currency=EUR&channel=nbol;2026-09-10
LU0568620560;Amundi Fds Cash EUR A2 EUR C;Amundi Funds - Cash EUR A2 EUR (C);Amundi Luxembourg S.A.;Capital Preservation;Euro Money Market;Mercado Monetario EUR;FO;EUR;Luxemburgo;1;;0.66;0;True;False;2011-06-24;;;;;0.01;0.04;0.15;0.46;0.85;1.13;1.63;2.48;1.75;0.59;1.78;3.39;3.01;-0.26;-0.82;-0.62;-0.49;;;;;;;;;;;-6.32;0.05;;;;;;;;;;;;;;;;;;;;-9.41334;-6.16692;-5.45329;-3.14143;;;;;;0.04715;0.26578;0.44552;0.45585;;;-0.80423;-3.49614;0.66;0.75;0;5;0;0.02;;;;3;3;3;3;3;2;3;;;;;43;-0.82;0/4;;;;;Monetario/RF defensivo;133;120;125;https://bancaonline.bankinter.com/resources/allfundssheets-enmenm/es/?isin=LU0568620560&language=es&currency=EUR&channel=nbol;2026-09-10
LU0083138064;BNP Paribas Euro Money Market C Cap;BNP Paribas Funds Euro Money Market Classic Capitalisation;BNP Paribas Asset Management Luxembourg;Capital Preservation;Euro Money Market;Mercado Monetario EUR;FO;EUR;Luxemburgo;1;;0.52;0;True;False;1991-02-08;;;;;0.02;0.04;0.18;0.51;0.93;1.24;1.8;2.65;1.91;0.75;2;3.53;3.16;-0.13;-0.62;-0.44;-0.36;;;;;;;;;;;-3.56;0.04;;;;;;;;;;;;;;;;;;;;-4.55359;-3.46793;-2.42479;0.03341;;;;;;0.05372;0.25707;0.44585;0.45582;;;-0.68257;-2.59914;0.52;0.5;0;1;0;0.01;0;;;2;2;2;2;2;2;2;;;;;43;-0.62;0/4;;;;;Monetario/RF defensivo;133;120;125;https://bancaonline.bankinter.com/resources/allfundssheets-enmenm/es/?isin=LU0083138064&language=es&currency=EUR&channel=nbol;2026-09-10
LU0083137926;BNP Paribas Euro Money Market C Dis;BNP Paribas Funds Euro Money Market Classic Distribution;BNP Paribas Asset Management Luxembourg;Capital Preservation;Euro Money Market;Mercado Monetario EUR;FO;EUR;Luxemburgo;1;;0.52;0;True;False;1991-02-08;;;;;0.02;0.04;0.18;0.51;0.93;1.24;1.8;2.65;1.91;0.75;2;3.53;3.16;-0.13;-0.62;-0.44;-0.36;;;;;;;;;;;-3.56;0.04;;;;;;;;;;;;;;;;;;;;-4.54564;-3.46768;-2.42403;0.03411;;;;;;0.0538;0.25704;0.44583;0.45581;;;-0.6824;-2.59917;0.52;0.5;0;1;0;0.01;;;;2;2;2;2;2;2;2;;;;;43;-0.62;0/4;;;;;Monetario/RF defensivo;133;120;125;https://bancaonline.bankinter.com/resources/allfundssheets-enmenm/es/?isin=LU0083137926&language=es&currency=EUR&channel=nbol;2026-09-10
LU0423950210;BNPP InstiCash EUR 3M Cl Cap;BNP Paribas InstiCash EUR 3M Classic Cap;BNP Paribas Asset Management Luxembourg;Capital Preservation;Euro Money Market;Mercado Monetario EUR;FO;EUR;Luxemburgo;1;;0.41;0;True;False;2009-05-12;;;;;0.01;0.04;0.18;0.54;1;1.33;1.92;2.77;1.98;0.82;2.13;3.65;3.16;-0.11;-0.59;-0.33;-0.3;;;;;;;;;;;-0.74;0.04;;;;;;;;;;;;;;;;;;;;-1.20641;-0.72358;-0.71768;1.48421;;;;;;0.05315;0.25241;0.45071;0.45951;;;-0.64929;-2.27098;0.41;0.35;0;0;0;0.01;;;;2;2;2;2;2;1;1;;;;;43;-0.59;0/4;;;;;Monetario/RF defensivo;133;120;125;https://bancaonline.bankinter.com/resources/allfundssheets-enmenm/es/?isin=LU0423950210&language=es&currency=EUR&channel=nbol;2026-09-10
ES0114821038;Bankinter Ahorro Activos Euro R FI;Bankinter Ahorro Activos Euro R FI;Bankinter Gestión de Activos SGIIC;Capital Preservation;Euro Money Market;Mercado Monetario EUR;FO;EUR;España;1;;0.7;1;True;False;1997-12-23;;;;;0;0.02;0.1;0.42;0.76;0.99;1.44;2.43;1.39;0.43;1.87;3.21;2.84;-1.59;-0.77;-0.41;-0.26;;;;;;;;;;;-1.61;0.23;;;;;;;;;;;;;;;;;;;;-2.02102;-1.57355;-1.77373;-0.76794;;;;;;0.24034;0.33892;0.63329;0.61731;-0.12873;-0.12873;-2.12383;-4.64925;0.7;0.6;0;0;0;0.01;0.1;;;3;3;3;3;3;3;3;;18.88;;;43;-1.59;0/4;;;;;Monetario/RF defensivo;133;120;125;https://bancaonline.bankinter.com/resources/allfundssheets-enmenm/es/?isin=ES0114821038&language=es&currency=EUR&channel=nbol;2026-09-10
ES0113921037;Bankinter Capital 1 FI;Bankinter Capital 1 FI;Bankinter Gestión de Activos SGIIC;Capital Preservation;Euro Money Market;Mercado Monetario EUR;FO;EUR;España;1;;0.76;1;True;False;2006-11-16;;;;;0.01;0.02;0.12;0.42;0.75;0.97;1.4;2.21;1.32;0.24;1.66;3.07;2.34;-1.03;-1.06;-0.88;-0.74;;;;;;;;;;;-5.18;0.12;;;;;;;;;;;;;;;;;;;;-3.83752;-5.06516;-4.94575;-2.68159;;;;;;0.14349;0.24594;0.47721;0.48407;-0.04923;-0.04923;-1.52844;-5.5687;0.76;0.7;0;0;0;0.02;0.05;;;3;3;3;3;3;3;3;;44.89;;;43;-1.06;0/4;;;;;Monetario/RF defensivo;133;120;125;https://bancaonline.bankinter.com/resources/allfundssheets-enmenm/es/?isin=ES0113921037&language=es&currency=EUR&channel=nbol;2026-09-10
ES0114801030;Bankinter Capital 2 FI;Bankinter Capital 2 FI;Bankinter Gestión de Activos SGIIC;Capital Preservation;Euro Money Market;Mercado Monetario EUR;FO;EUR;España;1;;0.56;6000;True;False;1997-12-23;;;;;0.01;0.03;0.13;0.47;0.85;1.1;1.6;2.4;1.5;0.4;1.85;3.26;2.49;-0.86;-0.91;-0.72;-0.61;;;;;;;;;;;-3.57;0.11;;;;;;;;;;;;;;;;;;;;-2.54234;-3.48873;-3.50799;-1.72083;;;;;;0.14324;0.24597;0.47906;0.49148;-0.0445;-0.0445;-1.34509;-4.68078;0.56;0.5;0;0;0;0.02;0.05;;;3;3;3;3;3;3;3;;53.93;;;43;-0.91;0/4;;;;;Monetario/RF defensivo;133;120;125;https://bancaonline.bankinter.com/resources/allfundssheets-enmenm/es/?isin=ES0114801030&language=es&currency=EUR&channel=nbol;2026-09-10
ES0115155030;Bankinter Capital 3 FI;Bankinter Capital 3 FI;Bankinter Gestión de Activos SGIIC;Capital Preservation;Euro Money Market;Mercado Monetario EUR;FO;EUR;España;1;;0.45;60000;True;False;2003-01-28;;;;;0.01;0.03;0.14;0.5;0.9;1.17;1.7;2.5;1.63;0.54;1.94;3.35;2.67;-0.7;-0.76;-0.56;-0.47;;;;;;;;;;;-2.72;0.11;;;;;;;;;;;;;;;;;;;;-1.8334;-2.65715;-2.76135;-1.04037;;;;;;0.14361;0.24666;0.47392;0.486;-0.04262;-0.04262;-1.17329;-3.77392;0.45;0.4;0;0;0;0.02;0.05;;;3;3;3;3;3;3;3;;58.66;;;43;-0.76;0/4;;;;;Monetario/RF defensivo;133;120;125;https://bancaonline.bankinter.com/resources/allfundssheets-enmenm/es/?isin=ES0115155030&language=es&currency=EUR&channel=nbol;2026-09-10
ES0127186031;Bankinter Capital 4 FI;Bankinter Capital 4 FI;Bankinter Gestión de Activos SGIIC;Capital Preservation;Euro Money Market;Mercado Monetario EUR;FO;EUR;España;1;;0.35;600000;True;False;2000-08-17;;;;;0.01;0.03;0.15;0.52;0.96;1.24;1.8;2.63;1.8;0.75;2.07;3.46;2.91;-0.44;-0.52;-0.31;-0.22;;;;;;;;;;;-1.49;0.12;;;;;;;;;;;;;;;;;;;;-1.06217;-1.45411;-1.43708;0.00289;;;;;;0.15157;0.25286;0.46321;0.47485;-0.04573;-0.04573;-0.89607;-2.34661;0.35;0.3;0;0;0;0.02;0.05;;;2;2;2;2;2;2;2;;57.51;;;43;-0.52;0/4;;;;;Monetario/RF defensivo;133;120;125;https://bancaonline.bankinter.com/resources/allfundssheets-enmenm/es/?isin=ES0127186031&language=es&currency=EUR&channel=nbol;2026-09-10
ES0114868039;Bankinter Capital Plus FI;Bankinter Capital Plus FI;Bankinter Gestión de Activos SGIIC;Capital Preservation;Euro Money Market;Mercado Monetario EUR;FO;EUR;España;1;;0.51;1;True;False;1991-04-01;;;;;0.01;0.03;0.14;0.48;0.88;1.12;1.62;2.44;1.52;0.39;1.87;3.25;2.53;-0.8;-0.9;-0.69;-0.68;;;;;;;;;;;-3.42;0.1;;;;;;;;;;;;;;;;;;;;-2.09292;-3.33692;-3.89733;-2.0412;;;;;;0.15951;0.25111;0.4778;0.49179;-0.04671;-0.04671;-1.30968;-4.88631;0.51;0.45;0;0;0;0.04;0.05;;;3;3;3;3;3;3;3;;52.24;;;43;-0.9;0/4;;;;;Monetario/RF defensivo;133;120;125;https://bancaonline.bankinter.com/resources/allfundssheets-enmenm/es/?isin=ES0114868039&language=es&currency=EUR&channel=nbol;2026-09-10
LU0093583077;Candriam Money Market Euro C Acc;Candriam Money Market Euro C Acc EUR;Candriam;Capital Preservation;Euro Money Market;Mercado Monetario EUR;FO;EUR;Luxemburgo;1;;0.6;0;True;False;1990-07-16;;;;;0.01;0.04;0.15;0.49;0.9;1.18;1.7;2.55;1.71;0.47;1.91;3.44;2.92;-0.48;-1.01;-0.8;-0.72;;;;;;;;10;;;-4.17;0.06;;;;;;;;;;;;;;;;;;;;-4.00256;-4.07218;-4.94511;-3.65893;;;;;;0.07532;0.25566;0.47247;0.49096;-0.00362;-0.00362;-1.05926;-4.75477;0.6;0.5;0;0;0;0.03;0.02;;;3;3;3;3;3;3;3;;704.42;;;43;-1.01;0/4;;;;;Monetario/RF defensivo;133;120;125;https://bancaonline.bankinter.com/resources/allfundssheets-enmenm/es/?isin=LU0093583077&language=es&currency=EUR&channel=nbol;2026-09-10
FR0013314234;Groupama Trésorerie NC;Groupama Trésorerie NC;Groupama Asset Management;Capital Preservation;Euro Money Market;Mercado Monetario EUR;FO;EUR;Francia;1;;0.29;1;True;False;2022-02-03;;;;;0.01;0.04;0.18;0.54;1.03;1.39;2;2.87;;;2.22;3.79;3.25;;;;;;;;;;;;12;;;1.49;0.05;;;;;;;;;;;;;;;;;;;;1.04344;1.45239;;;;;;;;0.05004;0.26151;;;-0.00454;-0.00454;;;0.29;0.58;0;1;0;0;;;;2;1;1;1;1;;;;632.16;;;100;2.22;0/4;;;;;Monetario/RF defensivo;133;120;125;https://bancaonline.bankinter.com/resources/allfundssheets-enmenm/es/?isin=FR0013314234&language=es&currency=EUR&channel=nbol;2026-09-10
LU2095450123;JPM EUR Std Mny Mkt VNAV A acc.;JPMorgan Liquidity Funds - EUR Standard Money Market VNAV Fund A (acc.);JPMorgan Asset Management (Europe) S.à r.l.;Capital Preservation;Euro Money Market;Mercado Monetario EUR;FO;EUR;Luxemburgo;1;;0.45;35000;True;False;2022-07-25;;;;;0;0.04;0.16;0.53;0.97;1.28;1.83;2.64;;;2.05;3.48;3.01;;;;;;;;;;;;13;;;-1.88;0.08;;;;;;;;;;;;;;;;;;;;-1.01293;-1.83716;;;;;;;;0.11874;0.24245;;;-0.03117;-0.03117;;;0.45;0.4;0;0;0;0.03;;;;2;2;2;2;2;;;;84.7;;;100;2.05;0/4;;;;;Monetario/RF defensivo;133;120;125;https://bancaonline.bankinter.com/resources/allfundssheets-enmenm/es/?isin=LU2095450123&language=es&currency=EUR&channel=nbol;2026-09-10
LU2095450636;JPM EUR Std Mny Mkt VNAV D acc.;JPMorgan Liquidity Funds - EUR Standard Money Market VNAV Fund D (acc.);JPMorgan Asset Management (Europe) S.à r.l.;Capital Preservation;Euro Money Market;Mercado Monetario EUR;FO;EUR;Luxemburgo;1;;0.5;10000;True;False;2022-07-25;;;;;0;0.03;0.16;0.51;0.94;1.25;1.78;2.57;;;2;3.39;2.93;;;;;;;;;;;;13;;;-2.66;0.08;;;;;;;;;;;;;;;;;;;;-1.43234;-2.5964;;;;;;;;0.11878;0.23659;;;-0.0318;-0.0318;;;0.5;0.45;0;0;0;0.03;;;;2;2;2;2;3;;;;80.82;;;100;2.0;0/4;;;;;Monetario/RF defensivo;133;120;125;https://bancaonline.bankinter.com/resources/allfundssheets-enmenm/es/?isin=LU2095450636&language=es&currency=EUR&channel=nbol;2026-09-10
LU0006344922;UBS (Lux) Money Market EUR P-acc;UBS (Lux) Money Market Fund - EUR P-acc;UBS Asset Management (Europe) S.A.;Capital Preservation;Euro Money Market;Mercado Monetario EUR;FO;EUR;Luxemburgo;1;;0.52;0;True;False;1989-10-09;;;;;0.02;0.03;0.15;0.47;0.86;1.15;1.66;2.47;1.73;0.61;1.81;3.34;2.82;-0.24;-0.66;-0.54;-0.42;;;;;;;;7;;;-5.87;0.06;;;;;;;;;;;;;;;;;;;;-4.85701;-5.73172;-4.59814;-2.13415;;;;;;0.06946;0.24946;0.42609;0.439;-0.00568;-0.00484;-0.74447;-3.16488;0.52;0.4;0;2;0;0.02;0.14;;;3;3;3;3;3;2;2;;510.33;;;43;-0.66;0/4;;;;;Monetario/RF defensivo;133;120;125;https://bancaonline.bankinter.com/resources/allfundssheets-enmenm/es/?isin=LU0006344922&language=es&currency=EUR&channel=nbol;2026-09-10
LU0006277635;UBS (Lux) Money Market GBP P-acc;UBS (Lux) Money Market Fund - GBP P-acc;UBS Asset Management (Europe) S.A.;Capital Preservation;Sterling Money Market;Mercado Monetario GBP;FO;GBP;Luxemburgo;1;;0.53;;True;False;1988-11-25;;;;;0.02;0.06;0.27;0.87;1.77;2.36;3.56;4.23;3.22;1.67;3.94;4.75;4.23;0.93;-0.05;0.21;0.37;;;;;;;;7;;;-2.9;0.1;;;;;;;;;;;;;;;;;;;;-1.79775;-2.7891;-2.35032;-1.95808;;;;;;0.13234;0.20021;0.51544;0.57239;-0.02086;-0.02086;-0.16936;-0.22732;0.53;0.4;0;2;0;0.04;0.14;;;2;2;3;3;3;3;3;;202.78;;;86;-0.05;0/4;;;;;Monetario/RF defensivo;133;120;125;https://bancaonline.bankinter.com/resources/allfundssheets-enmenm/es/?isin=LU0006277635&language=es&currency=EUR&channel=nbol;2026-09-10
LU1397021822;UBS (Lux) Mny Mkt USD CAD H P-acc;UBS (Lux) Money Market Fund - USD (CAD hedged) P-acc;UBS Asset Management (Europe) S.A.;Capital Preservation;US Money Market;Mercado Monetario Otros;FO;CAD;Luxemburgo;1;;0.57;0;True;False;2016-07-05;;;;;0.01;0.03;0.14;0.44;0.84;1.11;1.78;2.97;2.6;1.59;2.16;4.14;4.33;1.29;-0.04;0.42;1.22;;;;;;;;7;;0.13;-0.43;5.95;-3.12;-2.09;-2.46;-1.46;14.49;-3.72;10.33;2.29;;;;;;;;;;;;-3.71316;-3.71431;-3.65213;-2.79461;;;;;;0.14361;0.37472;0.46632;0.45891;-0.02321;-0.02321;-0.14166;-0.2848;0.57;0.44;0;2;0;0.03;;;;;;;;;;;;127.96;;;86;-0.04;0/4;;;;;Monetario/RF defensivo;133;120;125;https://bancaonline.bankinter.com/resources/allfundssheets-enmenm/es/?isin=LU1397021822&language=es&currency=EUR&channel=nbol;2026-09-10
LU0568621618;Amundi Fds Cash USD A2 USD C;Amundi Funds - Cash USD A2 USD (C);Amundi Luxembourg S.A.;Capital Preservation;US Money Market;Mercado Monetario USD;FO;USD;Luxemburgo;1;;0.46;0;True;False;2011-06-24;;;;;0.01;0.07;0.31;0.88;1.75;2.4;3.64;4.49;3.71;2.56;4.17;5.18;5.32;1.55;0.07;0.71;2.56;;;;;;;;;;32.47;-1.64;0.08;-0.15;-0.13;-0.1;0.07;1.03;0.98;0.79;0.83;;;;;;;;;;;;-1.86929;-1.57709;-1.90529;0.28507;;;;;;0.11118;0.22884;0.53558;0.529;;;-0.12801;-0.12801;0.46;0.75;0;5;0;0.03;;;;2;2;2;2;1;1;0;;;;;100;0.07;3/4;;;;;Monetario/RF defensivo;133;120;125;https://bancaonline.bankinter.com/resources/allfundssheets-enmenm/es/?isin=LU0568621618&language=es&currency=EUR&channel=nbol;2026-09-10
LU0012186622;BNP Paribas USD Money Market Classic C;BNP Paribas Funds USD Money Market Classic C;BNP Paribas Asset Management Luxembourg;Capital Preservation;US Money Market;Mercado Monetario USD;FO;USD;Luxemburgo;1;;0.53;0;True;False;1990-07-26;;;;;0.01;0.07;0.3;0.89;1.77;2.4;3.67;4.48;3.71;2.49;4.08;5.16;5.17;1.76;0.06;0.55;2.27;;;;;;;;;;40.04;-2.69;0.06;-0.14;-0.16;-0.13;0.01;0.9;0.84;0.62;0.89;;;;;;;;;;;;-2.47657;-2.38527;-2.86722;-0.35782;;;;;;0.08358;0.21768;0.49844;0.52098;;;;;0.53;0.5;0;1;;0.02;0;;;1;1;1;2;2;1;1;;;;;100;0.06;2/4;;;;;Monetario/RF defensivo;133;120;125;https://bancaonline.bankinter.com/resources/allfundssheets-enmenm/es/?isin=LU0012186622&language=es&currency=EUR&channel=nbol;2026-09-10
LU0012186549;BNP Paribas USD Money Market Classic D;BNP Paribas Funds USD Money MarketClassicD;BNP Paribas Asset Management Luxembourg;Capital Preservation;US Money Market;Mercado Monetario USD;FO;USD;Luxemburgo;1;;0.53;0;True;False;1990-07-26;;;;;0.01;0.07;0.3;0.89;1.77;2.4;3.67;4.48;3.71;2.49;4.08;5.16;5.17;1.76;0.06;0.55;2.27;;;;;;;;;;40.24;-2.7;0.06;-0.14;-0.16;-0.13;0.01;0.91;0.85;0.62;0.89;;;;;;;;;;;;-2.49418;-2.38915;-2.86965;-0.35919;;;;;;0.08408;0.21791;0.49846;0.52096;;;;;0.53;0.5;0;1;;0.02;;;;1;1;2;2;2;1;1;;;;;100;0.06;2/4;;;;;Monetario/RF defensivo;133;120;125;https://bancaonline.bankinter.com/resources/allfundssheets-enmenm/es/?isin=LU0012186549&language=es&currency=EUR&channel=nbol;2026-09-10
LU0011815304;JPM USD Std Mny Mkt VNAV A acc.;JPMorgan Liquidity Funds - USD Standard Money Market VNAV Fund A (acc.);JPMorgan Asset Management (Europe) S.à r.l.;Capital Preservation;US Money Market;Mercado Monetario USD;FO;USD;Luxemburgo;1;;0.45;35000;True;False;1987-01-12;;;;;0.01;0.07;0.31;0.89;1.75;2.36;3.69;4.54;3.63;2.29;4.26;5.14;5.07;1.39;-0.01;0.42;1.93;;;;;;;;;;21.04;-0.94;0.11;-0.14;-0.1;-0.12;-0.19;1.15;0.99;1.2;1.02;;;;;;;;;;;;-1.40354;-1.03083;-2.24058;-2.12076;;;;;;0.13483;0.23799;0.52688;0.55305;-0.01012;-0.05458;-0.05458;-0.11491;0.45;0.4;0;0;0;0.38;0;;;2;2;2;2;1;1;2;;83.18;;;86;-0.01;0/4;;;;;Monetario/RF defensivo;133;120;125;https://bancaonline.bankinter.com/resources/allfundssheets-enmenm/es/?isin=LU0011815304&language=es&currency=EUR&channel=nbol;2026-09-10
LU0161687693;JPM USD Std Mny Mkt VNAV D acc.;JPMorgan Liquidity Funds - USD Standard Money Market VNAV Fund D (acc.);JPMorgan Asset Management (Europe) S.à r.l.;Capital Preservation;US Money Market;Mercado Monetario USD;FO;USD;Luxemburgo;1;;0.5;10000;True;False;2009-01-07;;;;;0.01;0.07;0.3;0.87;1.73;2.32;3.64;4.47;3.56;2.21;4.2;5.05;4.96;1.33;-0.01;0.37;1.83;;;;;;;;;;21.8;-1.6;0.11;-0.18;-0.17;-0.18;-0.26;1.15;1;1.23;1.02;;;;;;;;;;;;-1.82544;-1.58444;-2.7116;-2.72726;;;;;;0.13461;0.23231;0.5203;0.54926;-0.01044;-0.05478;-0.05478;-0.11713;0.5;0.45;0;0;0;0.38;;;;2;2;2;2;2;2;2;;81.6;;;86;-0.01;0/4;;;;;Monetario/RF defensivo;133;120;125;https://bancaonline.bankinter.com/resources/allfundssheets-enmenm/es/?isin=LU0161687693&language=es&currency=EUR&channel=nbol;2026-09-10
LU0006277684;UBS (Lux) Mny Mkt USD P-acc;UBS (Lux) Money Market Fund - USD P-acc;UBS Asset Management (Europe) S.A.;Capital Preservation;US Money Market;Mercado Monetario USD;FO;USD;Luxemburgo;1;;0.52;;True;False;1988-11-25;;;;;0.02;0.06;0.27;0.86;1.66;2.24;3.54;4.31;3.47;2.21;4.01;4.96;4.91;1.26;0.04;0.68;2.01;;;;;;;;7;;12;-2.65;0.12;-0.26;-0.31;-0.28;-0.25;1.68;0.75;1.13;1.26;;;;;;;;;;;;-2.4105;-2.62847;-3.17209;-2.19037;;;;;;0.14806;0.24129;0.51782;0.53439;-0.01875;-0.01875;-0.08617;-0.13149;0.52;0.4;0;2;0;0.03;0.14;;;2;2;2;2;2;2;2;;229.87;;;100;0.04;1/4;;;;;Monetario/RF defensivo;133;120;125;https://bancaonline.bankinter.com/resources/allfundssheets-enmenm/es/?isin=LU0006277684&language=es&currency=EUR&channel=nbol;2026-09-10
BE6213828088;DPAM B Real Est Eur Sus Div A;DPAM B - Real Estate Europe Dividend Sustainable A Dis;Degroof Petercam Asset Management SA;Equity;Real Estate Sector Equity;Inmobiliario - Indirecto Europa;FO;EUR;Bélgica;4;4;1.89;1;True;False;2010-12-28;;;;;-1.13;-3.02;-6.51;-0.95;-5.51;-2.35;-2.35;5.8;-2.9;1.75;8.11;-2.75;15.99;-29.11;20.91;-12.42;27.92;4;;4365.62384;12.99822;0.81;5.71;;;;95.51;0.35;4.29;-1.49;1.56;1.82;1.84;0.95;0.89;0.83;0.83;;;;;;;;;;;;-0.05853;0.29377;-0.15099;0.17195;;;;;2;18.55048;17.51371;18.89406;16.6153;-14.94762;-20.95823;-35.08371;-39.47144;1.89;1.6;0;2;0;0.12;0.03;;;2;1;2;2;1;0;0;;0.28;;;57;-29.11;3/4;;;;;Renta Variable;166;140;150;https://bancaonline.bankinter.com/resources/allfundssheets-enmenm/es/?isin=BE6213828088&language=es&currency=EUR&channel=nbol;2026-09-10
BE6213829094;DPAM B Real Est Eur Sus Div B;DPAM B - Real Estate Europe Dividend Sustainable B Cap;Degroof Petercam Asset Management SA;Equity;Real Estate Sector Equity;Inmobiliario - Indirecto Europa;FO;EUR;Bélgica;4;4;1.86;1;True;False;2010-12-28;;;;;-1.13;-3.02;-6.51;-0.91;-5.49;-2.33;-2.32;5.82;-3.28;1.55;8.14;-2.74;15.99;-30.54;20.91;-12.4;27.91;4;;4365.62384;12.99822;0.81;5.71;;;;95.5;0.35;4.3;-1.45;1.58;1.46;1.64;0.95;0.89;0.83;0.83;;;;;;;;;;;;-0.05649;0.29514;-0.17129;0.16004;;;;;2;18.55251;17.51354;18.92276;16.63562;-14.94602;-20.95063;-36.38942;-39.47492;1.86;1.6;0;2;0;0.12;0.03;;;2;1;2;2;0;0;1;;0.28;;;57;-30.54;3/4;;;;;Renta Variable;166;140;150;https://bancaonline.bankinter.com/resources/allfundssheets-enmenm/es/?isin=BE6213829094&language=es&currency=EUR&channel=nbol;2026-09-10
LU0088927925;Janus Henderson HrznPaEurPropertyEqA2EUR;Janus Henderson Horizon Pan European Property Equities Fund A2 EUR;Janus Henderson Investors;Equity;Real Estate Sector Equity;Inmobiliario - Indirecto Europa;FO;EUR;Luxemburgo;5;4;1.97;2500;True;False;1998-07-01;;;;;-0.32;-0.57;-5.57;1.72;-5.82;-2.27;-0.59;5.48;-5.4;2.35;5;-4.42;19.43;-37.37;27.38;-3.93;35.6;5;;3853.02883;15.24044;0.82;5.9;0.03885;;;95.36;0.14;4.17;0.16;0.63;0.58;2.75;0.96;0.97;1;1.01;;;;;;;;;;;;0.02979;0.23703;-0.22468;0.20018;;;;;5;18.99244;19.20688;22.66197;19.94973;-16.3348;-25.46091;-45.94257;-45.94257;1.97;1.2;1;5;0;0.18;0.1;;;2;2;2;2;1;2;0;;0.22;;;57;-37.37;2/4;;;;;Renta Variable;166;140;150;https://bancaonline.bankinter.com/resources/allfundssheets-enmenm/es/?isin=LU0088927925&language=es&currency=EUR&channel=nbol;2026-09-10
LU1328852659;Amundi IS FTSE EPRA NAREIT Global AE-C;Amundi Index Solutions - Amundi FTSE EPRA NAREIT Global AE-C;Amundi Luxembourg S.A.;Equity;Real Estate Sector Equity;Inmobiliario - Indirecto Global;FO;EUR;Luxemburgo;4;3;0.34;;True;True;2015-12-11;;;;;-0.22;-0.45;-3.46;0.17;0.97;9.86;9.67;6.38;0.64;2.27;-3.53;7.53;5.85;-20.39;35.43;-16.58;24.03;5;;17580.31047;25.32028;1.51;6.5;;;;96.32;0.39;3.11;4.58;1.24;0.7;-0.19;0.93;0.97;0.98;1.04;;;;;;;;;;;;0.61184;0.33974;-0.00598;0.1867;;;;;4;14.0177;13.77334;15.39969;15.55339;-8.37851;-17.74102;-29.41998;-42.98128;0.34;0.15;0;5;0;0.03;;;;2;2;1;1;1;1;2;;0.36;;;57;-20.39;3/4;;;;;Renta Variable;166;140;150;https://bancaonline.bankinter.com/resources/allfundssheets-enmenm/es/?isin=LU1328852659&language=es&currency=EUR&channel=nbol;2026-09-10
LU0250181095;GS Gbl Real Estate EQ-P Cap USD;Goldman Sachs Global Real Estate Equity (Former NN) - P Cap USD;Goldman Sachs Asset Management B.V.;Equity;Real Estate Sector Equity;Inmobiliario - Indirecto Global;FO;USD;Luxemburgo;4;2;1.3;;True;False;2007-05-07;;;;;-0.48;-1.43;-2.78;0.73;-0.48;7.74;8.11;6.64;-2.06;0.56;5.52;-1.78;8.84;-26.88;22.01;-9.96;18.56;5;;26015.85251;27.26665;1.67;6.71;;;;96.22;-0.38;3.16;2.78;-1.01;-1.5;-2.36;0.91;0.97;0.97;1.01;;;;;;;;;;;;0.28213;0.20193;-0.23111;-0.02455;;;;;3;15.59555;15.99692;17.54086;16.59427;-10.10042;-19.0743;-34.81829;-43.69855;1.3;1.5;0;3;0;0.32;0.07;;;2;2;2;2;3;3;3;;0.35;;;57;-26.88;0/4;;;;;Renta Variable;166;140;150;https://bancaonline.bankinter.com/resources/allfundssheets-enmenm/es/?isin=LU0250181095&language=es&currency=EUR&channel=nbol;2026-09-10
IE0033534441;Janus Henderson Glb Rl EstEqInc A3qUSD;Janus Henderson Capital Funds plc - Global Real Estate Equity Income Fund Class A3q USD;Janus Henderson Investors;Equity;Real Estate Sector Equity;Inmobiliario - Indirecto Global;FO;USD;Irlanda;4;4;2.23;2500;True;False;2003-09-29;;;;;-0.06;-0.45;-2.99;2.92;5.61;10.09;8.59;9.4;0.22;4.91;6.12;3.42;7.71;-23.08;20.83;0.54;29.24;5;;19062.37955;27.45117;1.93;7.71;0.03911;;;91.67;0.22;4.69;3.98;1.23;0.72;1.89;0.8;0.9;0.96;0.94;;;;;;;;;;;;0.37327;0.33874;-0.10257;0.23732;;;;;2;14.45499;15.3338;17.57467;15.63661;-8.88604;-19.94255;-31.97859;-39.10745;2.23;1.25;0;5;0;0.42;0;;;0;0;0;2;1;1;0;;0.47;;;86;-23.08;3/4;;;;;Renta Variable;166;140;150;https://bancaonline.bankinter.com/resources/allfundssheets-enmenm/es/?isin=IE0033534441&language=es&currency=EUR&channel=nbol;2026-09-10
LU0264738294;Janus Henderson Hrzn GlblPtyEqsA2EUR;Janus Henderson Horizon Global Property Equities Fund A2 EUR;Janus Henderson Investors;Equity;Real Estate Sector Equity;Inmobiliario - Indirecto Global;FO;EUR;Luxemburgo;4;3;1.89;2500;True;False;2006-01-03;;;;;0.2;-0.28;-3.33;1.37;1.65;10.03;10.52;4.6;-1.27;3.38;-5.13;6.06;3.4;-22.51;34.8;-8.7;32.53;5;;22694.01857;30.10895;1.92;6.64;0.02838;;;91.96;-0.21;4.64;4.35;-0.73;-1.1;0.87;0.92;0.96;0.96;0.98;;;;;;;;;;;;0.56248;0.18847;-0.10655;0.25385;;;;;3;14.96898;14.50669;16.09673;15.27515;-6.99883;-21.59;-32.29381;-40.33319;1.89;1.2;1;5;0;0.4;0.1;;;1;2;1;1;3;2;0;;0.21;;;57;-22.51;2/4;;;;;Renta Variable;166;140;150;https://bancaonline.bankinter.com/resources/allfundssheets-enmenm/es/?isin=LU0264738294&language=es&currency=EUR&channel=nbol;2026-09-10
LU0209137388;Janus Henderson Hrzn GlblPtyEqsA2USD;Janus Henderson Horizon Global Property Equities Fund A2 USD;Janus Henderson Investors;Equity;Real Estate Sector Equity;Inmobiliario - Indirecto Global;FO;USD;Luxemburgo;4;3;1.89;2500;True;False;2005-01-03;;;;;0.14;-0.1;-2.84;2.03;2.03;9.03;9.28;7.42;-1.61;3.61;7.23;-0.6;7.05;-26.95;24.64;-0.93;30.11;5;;25946.10314;30.10895;1.92;6.64;0.02838;;;92.6;-0.23;4.42;4.45;-0.75;-1.26;0.76;0.9;0.94;0.94;0.97;;;;;;;;;;;;0.38351;0.21239;-0.21361;0.16113;;;;;3;15.7499;15.85262;17.52947;16.30612;-9.45308;-20.81836;-35.72765;-40.36599;1.89;1.2;1;5;0;0.4;0.1;;;1;2;1;1;3;2;0;;0.36;;;57;-26.95;2/4;;;;;Renta Variable;166;140;150;https://bancaonline.bankinter.com/resources/allfundssheets-enmenm/es/?isin=LU0209137388&language=es&currency=EUR&channel=nbol;2026-09-10
LU0209137206;Janus Henderson Hrzn GlblPtyEqsA3qUSD;Janus Henderson Horizon Global Property Equities Fund A3q USD;Janus Henderson Investors;Equity;Real Estate Sector Equity;Inmobiliario - Indirecto Global;FO;USD;Luxemburgo;4;3;1.89;2500;True;False;2005-01-03;;;;;0.1;-0.1;-2.84;2.03;2.01;9.05;9.26;7.41;-1.61;3.68;7.2;-0.57;7.04;-26.95;24.61;-0.21;30.08;5;;25946.10314;30.10895;1.92;6.64;0.02838;;;92.6;-0.23;4.42;4.46;-0.76;-1.25;0.83;0.9;0.94;0.94;0.97;;;;;;;;;;;;0.38265;0.21233;-0.21301;0.16536;;;;;2;15.84873;15.86933;17.53499;16.28783;-9.48833;-20.84873;-35.70937;-40.532;1.89;1.2;1;5;;0.4;0.1;;;1;2;1;1;3;2;0;;0.36;;;57;-26.95;2/4;;;;;Renta Variable;166;140;150;https://bancaonline.bankinter.com/resources/allfundssheets-enmenm/es/?isin=LU0209137206&language=es&currency=EUR&channel=nbol;2026-09-10
LU0828244219;Janus Henderson Hrzn GlblPtyEqsA2HEUR;Janus Henderson Horizon Global Property Equities Fund A2 HEUR;Janus Henderson Investors;Equity;Real Estate Sector Equity;Inmobiliario - Indirecto Otros;FO;EUR;Luxemburgo;4;;1.89;2500;True;False;2012-10-11;;;;;0.13;-0.13;-3;1.57;0.95;7.51;6.97;5.06;-3.95;1.32;4.61;-2.58;4.3;-29.26;23.29;-2.03;26.24;5;;22694.01857;30.10895;1.92;6.64;;;;92.71;-0.38;6.11;-3.55;-2.56;-3.64;-0.7;1.13;1.18;1.16;1.09;;;;;;;;;;;;0.36295;0.18425;-0.24357;0.13088;;;;;;15.7981;15.85338;17.51792;16.28848;-9.7195;-21.74488;-39.08798;-40.7204;1.89;1.2;1;5;0;0.43;;;;;;;;;;;;0.23;;;57;-29.26;0/4;;;;;Renta Variable;166;140;150;https://bancaonline.bankinter.com/resources/allfundssheets-enmenm/es/?isin=LU0828244219&language=es&currency=EUR&channel=nbol;2026-09-10
FR0000172041;AXA Aedificandi AC;AXA Aedificandi AC;BNP Paribas Real Estate Investment Management France;Equity;Real Estate Sector Equity;Inmobiliario - Indirecto Zona Euro;FO;EUR;Francia;5;4;1.67;0;True;False;2003-04-28;;;;;-1.31;-1.69;-6.66;-2.68;-7.64;-3.65;-5.21;4.87;-5.29;0.11;7.79;-2.7;14.12;-32.9;11.8;-5.34;23.45;4;;4187.6671;12.22319;0.72;4.51;;13;0.06451;97.91;-0.52;3.41;0.41;-1.48;-0.37;0.92;0.92;0.91;0.89;0.89;;;;;;;;;;;;-0.24949;0.20705;-0.24426;0.07893;;;;;3;20.63172;19.66855;21.57197;18.65352;-15.76231;-21.24792;-43.81886;-44.42744;1.67;2.39;0;5;0;0.21;50;;;1;2;1;1;2;2;0;;0.23;;;57;-32.9;0/4;;;;;Renta Variable;166;140;150;https://bancaonline.bankinter.com/resources/allfundssheets-enmenm/es/?isin=FR0000172041&language=es&currency=EUR&channel=nbol;2026-09-10
IE00B8J38129;Algebris Financial Credit R EUR Acc;Algebris UCITS Funds plc - Algebris Financial Credit Fund R EUR Acc;Algebris (UK) Limited;Fixed Income;Europe Fixed Income;EUR Deuda Subordinada;FO;EUR;Irlanda;3;4;1.28;10000;True;False;2013-01-22;;;;;0.22;-0.19;-0.46;0.49;1.05;1.22;2.85;8.26;2.69;4.48;6.12;8.36;11.31;-11.24;2.54;10.15;15.84;;4;;;;;;11;;84.95;0.96;2.01;1.25;0.85;1.74;1.52;1.08;1.3;1.16;1.22;;;;;;;;;;;;0.30512;1.15059;0.15065;0.50083;;;;;4;3.86132;4.61215;7.73549;7.99112;-3.20377;-4.61572;-21.33661;-22.28343;1.28;1.2;1;3;0;0.01;;;;0;1;1;0;1;0;0;;1.79;;;86;-11.24;4/4;;;;;Renta Fija;133;120;125;https://bancaonline.bankinter.com/resources/allfundssheets-enmenm/es/?isin=IE00B8J38129&language=es&currency=EUR&channel=nbol;2026-09-10
IE00B8XCT900;Algebris Financial Credit Rd EUR Inc;Algebris UCITS Funds plc - Algebris Financial Credit Fund Rd EUR Inc;Algebris (UK) Limited;Fixed Income;Europe Fixed Income;EUR Deuda Subordinada;FO;EUR;Irlanda;3;4;1.28;10000;True;False;2013-04-12;;;;;0.22;-0.19;-0.46;0.48;1.05;1.22;2.86;8.35;2.74;4.53;6.15;8.58;11.29;-11.22;2.63;10.2;15.87;;4;;;;;;11;;85.12;0.99;2.02;1.25;0.9;1.8;1.57;1.09;1.3;1.16;1.22;;;;;;;;;;;;0.30544;1.16227;0.15741;0.50654;;;;;4;3.86945;4.63342;7.74134;7.9951;-3.1917;-4.59686;-21.31444;-22.28469;1.28;1.2;1;3;0;0.01;;;;0;1;1;0;1;0;0;;1.82;;;86;-11.22;4/4;;;;;Renta Fija;133;120;125;https://bancaonline.bankinter.com/resources/allfundssheets-enmenm/es/?isin=IE00B8XCT900&language=es&currency=EUR&channel=nbol;2026-09-10
LU1883334275;Amundi Fds Glb Subrdntd Bd A EUR C;Amundi Funds - Global Subordinated Bond A EUR (C);Amundi Luxembourg S.A.;Fixed Income;Europe Fixed Income;EUR Deuda Subordinada;FO;EUR;Luxemburgo;2;3;1.49;1;True;False;2015-12-10;;;;;0;-0.24;-0.59;0.11;0.24;0.44;1.91;10.64;2.63;3.56;6.67;19.12;6.64;-15.58;2.56;3.16;12.49;;;;;;;;;;68.63;1.67;2.61;0.44;3.54;1.62;0.56;1.17;1.17;1.18;1.29;;;;;;;;;;;;0.09044;1.64165;0.12924;0.38531;;;;;4;4.00515;4.66808;8.01666;8.24121;-3.50645;-3.50645;-21.57976;-21.59745;1.49;1.2;1;5;0;0.13;;;;2;2;2;2;0;1;1;;3.03;;;86;-15.58;3/4;;;;;Renta Fija;133;120;125;https://bancaonline.bankinter.com/resources/allfundssheets-enmenm/es/?isin=LU1883334275&language=es&currency=EUR&channel=nbol;2026-09-10
FR0013277571;Echiquier Hybrid Bonds A;Echiquier Hybrid Bonds A;La Financière de l'Echiquier;Fixed Income;Europe Fixed Income;EUR Deuda Subordinada;FO;EUR;Francia;2;2;1.29;100;True;False;2017-09-12;;;;;-0.06;-0.33;-0.62;-0.44;-0.19;0;1.12;5.64;1.12;;4.13;6.94;9.62;-12.24;-0.03;-0.38;9.01;;;;;;;;;;88.95;-0.48;1.11;-0.36;-0.4;-0.13;;1.02;0.97;0.96;;;;;;;;;;;;;-0.12403;0.86528;-0.10833;;;;;;2;3.41417;3.38933;5.93777;;-2.9598;-2.96197;-18.03825;;1.29;1.3;1;4;0;0.1;;;;3;2;3;3;3;3;;;1.9;;;57;-12.24;0/4;;;;;Renta Fija;133;120;125;https://bancaonline.bankinter.com/resources/allfundssheets-enmenm/es/?isin=FR0013277571&language=es&currency=EUR&channel=nbol;2026-09-10
FR0011034495;EdR SICAV Financial Bonds A EUR;EdR SICAV - Financial Bonds A EUR;Edmond de Rothschild Asset Management (France);Fixed Income;Europe Fixed Income;EUR Deuda Subordinada;FO;EUR;Francia;2;3;1.29;1;True;False;2011-04-08;;;;;-0.09;-0.19;-0.72;0.05;0.63;0.76;2.06;7.12;1.93;2.91;5.36;8.74;8.28;-11.19;1.88;2.44;11.03;;;;;;;;;;95.44;1.01;0.8;0.55;0.51;0.68;0.2;1.12;1.08;0.97;1.1;;;;;;;;;;;;0.12531;1.16541;0.02927;0.35686;;;;;3;3.80179;3.63454;6.27451;6.83141;-3.18003;-3.3457;-18.74961;-21.60457;1.29;1.15;1;1;0;0.12;;;;2;2;1;2;2;2;2;;2.13;;;86;-11.19;1/4;;;;;Renta Fija;133;120;125;https://bancaonline.bankinter.com/resources/allfundssheets-enmenm/es/?isin=FR0011034495&language=es&currency=EUR&channel=nbol;2026-09-10
FR0011289966;EdR SICAV Financial Bonds B EUR;EdR SICAV - Financial Bonds B EUR;Edmond de Rothschild Asset Management (France);Fixed Income;Europe Fixed Income;EUR Deuda Subordinada;FO;EUR;Francia;2;4;1.29;1;True;False;2012-07-25;;;;;-0.09;-0.18;-0.72;0.05;0.63;0.73;2.04;7.29;2.41;3.51;5.87;8.76;8.29;-9.5;2.2;4.02;12.91;;;;;;;;;;94.61;1.12;0.88;0.52;0.66;1.14;0.8;1.11;1.08;0.95;1.1;;;;;;;;;;;;0.11762;1.20061;0.10668;0.44097;;;;;3;3.79203;3.66063;6.22934;6.86254;-3.1745;-3.33361;-17.46402;-21.57914;1.29;1.15;1;1;0;0.12;;;;2;2;1;2;1;1;1;;2.19;;;86;-9.5;2/4;;;;;Renta Fija;133;120;125;https://bancaonline.bankinter.com/resources/allfundssheets-enmenm/es/?isin=FR0011289966&language=es&currency=EUR&channel=nbol;2026-09-10
IE00B567SW70;GAM Star Credit Opps (EUR) Ord EUR Acc;GAM Star Fund plc - GAM Star Credit Opportunities (EUR) Class Ordinary EUR Accumulation;GAM Fund Management Limited;Fixed Income;Europe Fixed Income;EUR Deuda Subordinada;FO;EUR;Irlanda;2;1;1.55;10000;True;False;2011-07-05;;;;;-0.09;-0.1;-0.55;0.17;0.45;0.4;0.96;7.58;0.33;2.03;3.67;11.33;5.37;-15.77;3.11;-0.1;13.42;;4;;;;;;7;11.06386;82.06;0.81;1.6;-0.67;1.06;-0.7;-0.99;0.79;1.05;1.17;1.35;;;;;;;;;;;;-0.27228;1.23054;-0.1722;0.1998;;;;;4;2.64224;3.86461;7.74032;8.74073;-2.27346;-2.3515;-23.04462;-26.78384;1.55;1.35;1;5;0;0.12;;;;2;2;3;3;1;3;3;;3.22;;;71;-15.77;1/4;;;;;Renta Fija;133;120;125;https://bancaonline.bankinter.com/resources/allfundssheets-enmenm/es/?isin=IE00B567SW70&language=es&currency=EUR&channel=nbol;2026-09-10
FR0013259181;Groupama Euro Financial Debt NC;Groupama Euro Financial Debt NC;Groupama Asset Management;Fixed Income;Europe Fixed Income;EUR Deuda Subordinada;FO;EUR;Francia;2;4;1.24;1;True;False;2017-05-31;;;;;-0.07;-0.17;-0.58;0.46;1.13;1.84;4.49;8.82;2.5;;8.12;12.47;3.41;-11.86;4.11;1.12;6.25;3;;56037.05887;12.08459;1.07;10.53;;;;57.87;1.17;2.28;2.84;3.22;0.98;;1.16;0.79;0.53;;;;;;;;;;;;;0.69783;1.756;0.12544;;;;;;3;3.95663;3.40627;5.80923;;-2.99537;-3.55422;-19.01914;;1.24;1.47;1;5;0;0.3;;;;0;1;0;0;0;1;;;2.48;;;86;-11.86;3/4;;;;;Renta Fija;133;120;125;https://bancaonline.bankinter.com/resources/allfundssheets-enmenm/es/?isin=FR0013259181&language=es&currency=EUR&channel=nbol;2026-09-10
LU1111708357;JSS Twelve Sust Ins Bd P EUR Acc;JSS Twelve Sustainable Insurance Bond P EUR Acc;J. Safra Sarasin Fund Management (Luxembourg) S.A.;Fixed Income;Europe Fixed Income;EUR Deuda Subordinada;FO;EUR;Luxemburgo;2;2;1.32;0;True;False;2014-12-01;;;;;-0.15;-0.13;-0.89;-0.32;-0.19;-0.33;0.88;5.94;0.86;2.43;4.87;8.41;6.71;-12.65;0.93;0.6;13.27;;;;;;;;;;90.52;-0.27;1.02;-0.68;-0.17;-0.49;-0.25;1.12;0.97;0.85;1.01;;;;;;;;;;;;-0.20053;0.94466;-0.17631;0.28588;;;;;2;3.70144;3.37249;5.48241;6.29449;-3.34452;-3.34452;-18.31254;-20.28643;1.32;1.1;0;3;0;0.07;0.1;;;3;3;3;3;3;3;2;;1.78;;;86;-12.65;0/4;;;;;Renta Fija;133;120;125;https://bancaonline.bankinter.com/resources/allfundssheets-enmenm/es/?isin=LU1111708357&language=es&currency=EUR&channel=nbol;2026-09-10
FR0011766401;La Française Sub Debt R;La Française Sub Debt R;Credit Mutuel Asset Management;Fixed Income;Europe Fixed Income;EUR Deuda Subordinada;FO;EUR;Francia;3;3;1.27;50000;True;False;2014-03-12;;;;;-0.11;-0.3;-1.04;-0.2;0.44;0.68;2.02;7.39;1.14;3.25;5.62;8.97;8.06;-14.41;3.66;0.85;14.96;;;;;;;;;;93.32;0.65;1.54;0.55;-0.08;0.29;0.13;1.28;1.32;1.3;1.4;;;;;;;;;;;;0.10865;0.99134;-0.04591;0.33609;;;;;4;4.32281;4.461;8.48072;8.8379;-3.69282;-4.08608;-23.13436;-25.28574;1.27;1.15;1;4;0;0.11;;;;2;2;1;2;1;3;1;;1.81;;;86;-14.41;1/4;;;;;Renta Fija;133;120;125;https://bancaonline.bankinter.com/resources/allfundssheets-enmenm/es/?isin=FR0011766401&language=es&currency=EUR&channel=nbol;2026-09-10
FR0013306727;Lazard Capital Fi SRI RVC EUR;Lazard Capital Fi SRI RVC EUR;Lazard Frères Gestion;Fixed Income;Europe Fixed Income;EUR Deuda Subordinada;FO;EUR;Francia;3;4;1.76;1;True;False;2018-03-16;;;;;-0.03;-0.15;-0.58;0.7;1.53;2.01;4.05;10.43;3.03;;7.62;13.27;5.45;-11.23;5.73;7.68;15.6;;8;;;;;;13;4.5678;84.13;2.25;1.87;2.37;3.18;2.02;;1.3;1.23;0.99;;;;;;;;;;;;;0.50021;1.69624;0.17093;;;;;;5;4.55864;4.39713;8.92941;;-3.76341;-4.90269;-24.34761;;1.76;1.82;1;4;0;0.12;;;;0;0;0;0;0;0;;;2.13;;;86;-11.23;3/4;;;;;Renta Fija;133;120;125;https://bancaonline.bankinter.com/resources/allfundssheets-enmenm/es/?isin=FR0013306727&language=es&currency=EUR&channel=nbol;2026-09-10
FR0010952796;Lazard Capital Fi SRI RVD EUR;Lazard Capital Fi SRI RVD EUR;Lazard Frères Gestion;Fixed Income;Europe Fixed Income;EUR Deuda Subordinada;FO;EUR;Francia;3;4;1.75;1;True;False;2010-11-30;;;;;-0.02;-0.14;-0.58;0.69;1.53;2.01;4.05;10.45;3.04;4.83;7.63;13.27;5.47;-11.22;5.73;8.12;15.51;;8;;;;;;13;4.5678;84.04;2.26;1.87;2.37;3.2;2.02;1.9;1.29;1.22;0.99;1.31;;;;;;;;;;;;0.50144;1.70105;0.17165;0.46567;;;;;5;4.55184;4.39407;8.92936;9.77748;-3.77337;-4.89417;-24.34554;-27.80493;1.75;1.82;1;4;0;0.12;;;;0;0;0;0;0;0;0;;2.14;;;86;-11.22;4/4;;;;;Renta Fija;133;120;125;https://bancaonline.bankinter.com/resources/allfundssheets-enmenm/es/?isin=FR0010952796&language=es&currency=EUR&channel=nbol;2026-09-10
IE00BYV1RN13;Neuberger Corporate Hyb Bd EUR A Acc;Neuberger Corporate Hybrid Bond Fund EUR A Accumulating Class;Neuberger Berman Asset Management Ireland Limited;Fixed Income;Europe Fixed Income;EUR Deuda Subordinada;FO;EUR;Irlanda;2;2;1.27;1000;True;False;2016-06-03;;;;;0;-0.31;-0.47;-0.24;-0.16;0.08;1.52;6.26;0.71;1.8;5.3;8.44;7.53;-14.66;-0.08;3.05;11.54;;5;;;;;;11;;86.4;0.05;1.19;0.15;0.51;-0.47;-0.82;1.04;0.86;1.02;1.04;;;;;;;;;;;;0.02556;1.14203;-0.15971;0.20209;;;;;2;3.48085;3.0677;6.39205;6.38304;-3.02794;-3.02794;-20.21098;-20.2757;1.27;1.2;0;5;0;0.19;;;;2;3;3;2;2;3;3;;2.07;;;71;-14.66;0/4;;;;;Renta Fija;133;120;125;https://bancaonline.bankinter.com/resources/allfundssheets-enmenm/es/?isin=IE00BYV1RN13&language=es&currency=EUR&channel=nbol;2026-09-10
LU0772944145;Nordea 1 - European Fincl Dbt BP EUR;Nordea 1 - European Financial Debt Fund BP EUR;Nordea Investment Funds SA;Fixed Income;Europe Fixed Income;EUR Deuda Subordinada;FO;EUR;Luxemburgo;2;4;1.25;0;True;False;2012-09-28;;;;;-0.06;-0.09;-0.62;0.08;0.51;0.67;1.54;7.73;2.15;3.67;4.61;11.03;8.87;-11.68;2.75;1.58;12.74;7;4;1080.58654;18.96094;2.1;0.16;;12;5.87385;86.3;1.35;1.21;0.05;1.85;0.9;1.07;0.85;0.9;0.82;1.1;;;;;;;;;;;;-0.00228;1.55899;0.07387;0.43179;;;;;3;2.88429;3.24748;6.5433;7.63819;-2.31832;-2.31832;-18.3182;-20.49765;1.25;1;0;3;0;0.07;;;;1;1;1;2;1;1;1;;3.33;;;86;-11.68;3/4;;;;;Renta Fija;133;120;125;https://bancaonline.bankinter.com/resources/allfundssheets-enmenm/es/?isin=LU0772944145&language=es&currency=EUR&channel=nbol;2026-09-10
LU2947881152;Robeco Corporate Hybrid Bonds DH €;Robeco Corporate Hybrid Bonds DH €;Robeco Institutional Asset Management BV;Fixed Income;Europe Fixed Income;EUR Deuda Subordinada;FO;EUR;Luxemburgo;2;;1.13;0;True;False;2024-12-17;;;;;0.03;-0.24;-0.37;-0.31;-0.66;-0.08;1.39;;;;5.51;;;;;;;;5;;;;;;10;4.5223;;;;-0.18;;;;0.91;;;;;;;;;;;;;;;-0.07572;;;;;;;;;3.08021;;;;-2.98562;;;;1.13;0.9;0;3;0;0.12;;;;2;3;3;3;;;;;;;;100;5.51;0/4;;;;;Renta Fija;133;120;125;https://bancaonline.bankinter.com/resources/allfundssheets-enmenm/es/?isin=LU2947881152&language=es&currency=EUR&channel=nbol;2026-09-10
LU0622663093;Robeco Financial Institutions Bds B €;Robeco Financial Institutions Bonds B €;Robeco Institutional Asset Management BV;Fixed Income;Europe Fixed Income;EUR Deuda Subordinada;FO;EUR;Luxemburgo;2;3;1.02;0;True;False;2011-05-16;;;;;-0.11;-0.28;-0.8;-0.26;0.15;0.18;1;6.34;1.28;2.5;4.11;8.23;9.96;-13.28;0.43;2.33;11.28;;5;;;;;;11;4.9378;96.4;0.1;0.65;-0.35;-0.02;0;-0.05;1.02;1.03;0.96;1.02;;;;;;;;;;;;-0.12242;1.02125;-0.08875;0.33138;;;;;2;3.37973;3.45313;5.84829;6.09151;-3.00673;-3.00673;-18.47257;-18.56117;1.02;0.8;0;3;0;0.09;0.5;;;3;3;3;3;2;3;2;;2.11;;;86;-13.28;0/4;;;;;Renta Fija;133;120;125;https://bancaonline.bankinter.com/resources/allfundssheets-enmenm/es/?isin=LU0622663093&language=es&currency=EUR&channel=nbol;2026-09-10
LU0622663176;Robeco Financial Institutions Bds D €;Robeco Financial Institutions Bonds D €;Robeco Institutional Asset Management BV;Fixed Income;Europe Fixed Income;EUR Deuda Subordinada;FO;EUR;Luxemburgo;2;3;1.02;0;True;False;2011-05-16;;;;;-0.12;-0.29;-0.81;-0.27;0.15;0.18;0.99;6.34;1.28;2.5;4.1;8.23;9.95;-13.27;0.43;2.33;11.29;;5;;;;;;11;4.9378;96.36;0.1;0.65;-0.35;-0.02;0;-0.04;1.02;1.03;0.96;1.02;;;;;;;;;;;;-0.12197;1.0206;-0.08875;0.33194;;;;;2;3.37961;3.45497;5.84873;6.08913;-3.01186;-3.01186;-18.4813;-18.5687;1.02;0.8;0;3;0;0.09;0.5;;;3;3;3;3;2;3;2;;2.11;;;86;-13.27;0/4;;;;;Renta Fija;133;120;125;https://bancaonline.bankinter.com/resources/allfundssheets-enmenm/es/?isin=LU0622663176&language=es&currency=EUR&channel=nbol;2026-09-10
LU0599119707;SWC (LU) BF Cmtt COCO ATH EUR;Swisscanto (LU) Bond Fund - Swisscanto (LU) Bond Fund Committed COCO ATH EUR;Swisscanto Asset Management International S.A.;Fixed Income;Europe Fixed Income;EUR Deuda Subordinada;FO;EUR;Luxemburgo;3;4;1.61;10000;True;False;2011-05-31;;;;;0.02;-0.23;-0.49;0.37;0.57;1.24;3.82;8.93;2.7;4.22;7.42;9.5;6.88;-8.88;2.48;0.59;17.41;;8;;;;;;12;4.46;80.6;1.11;2.35;1.89;1.4;1.73;1.19;1.33;1.32;1.13;1.36;;;;;;;;;;;;0.37808;1.23246;0.13856;0.42794;;;;;4;4.76862;4.82819;8.37992;9.20433;-4.20209;-4.8648;-20.0806;-31.43456;1.61;1.5;0;3;0;0;;;;0;1;1;0;0;1;0;;1.84;;;86;-8.88;4/4;;;;;Renta Fija;133;120;125;https://bancaonline.bankinter.com/resources/allfundssheets-enmenm/es/?isin=LU0599119707&language=es&currency=EUR&channel=nbol;2026-09-10
LU1585264176;Tikehau Subfin RS Acc;Tikehau Subfin Fund RS Acc;Tikehau Investment Management;Fixed Income;Europe Fixed Income;EUR Deuda Subordinada;FO;EUR;Luxemburgo;3;3;1.26;1000;True;False;2017-07-24;;;;;-0.03;-0.15;-0.32;0.67;1.34;1.98;3;8.62;2.24;3.45;5.91;10.08;11.37;-14.96;2.75;3.49;10.84;;;;;;;;;;80.26;1.49;1.6;1.32;2.25;1.08;0.74;0.93;1;1.02;1.11;;;;;;;;;;;;0.38641;1.56344;0.07766;0.40821;;;;;3;3.25415;3.671;7.25478;7.36389;-2.6336;-3.59228;-21.59211;-21.59211;1.26;1.1;1;1;0;0.17;;;;0;0;0;0;0;1;1;;2.4;;;86;-14.96;4/4;;;;;Renta Fija;133;120;125;https://bancaonline.bankinter.com/resources/allfundssheets-enmenm/es/?isin=LU1585264176&language=es&currency=EUR&channel=nbol;2026-09-10
LU0277197249;BGF Asian Tiger Bond E2 EUR;BlackRock Global Funds - Asian Tiger Bond Fund E2 EUR;BlackRock (Luxembourg) SA;Fixed Income;Asia Fixed Income;RF Asia;FO;EUR;Luxemburgo;2;2;1.71;;True;False;2002-07-11;;;;;0.09;-0.14;-0.58;-0.17;-0.66;1.74;3.48;3.93;-0.5;0.54;-3.78;12.96;1.66;-11.39;-0.35;-3.02;12.9;4;5;2389.52462;15.49403;0.68;0.38;;13;12.2;;;;;;;;;;;;;;;;;;;;;;;0.40903;0.26921;-0.34981;-0.00644;;;;;3;4.79606;6.37823;6.75161;6.80492;-3.09605;-10.80554;-16.11351;-21.35501;1.71;1;0;3;;0.79;0.44;;;1;2;1;1;0;2;3;;0.36;;;43;-11.39;2/4;;;;;Renta Fija;133;120;125;https://bancaonline.bankinter.com/resources/allfundssheets-enmenm/es/?isin=LU0277197249&language=es&currency=EUR&channel=nbol;2026-09-10
LU0229951891;Templeton Asian Bond A(acc)EUR;Templeton Asian Bond Fund A(acc)EUR;Franklin Templeton International Services S.à r.l.;Fixed Income;Asia Fixed Income;RF Asia - Moneda Local;FO;EUR;Luxemburgo;3;2;1.5;;True;False;2005-10-25;;;;;0.12;1.06;1.65;5.39;1.42;2.99;1.78;-0.48;-0.67;-0.48;-7.79;1.8;-1.82;-1.31;3.2;-8.11;3.25;;5;;;;;;8;5.31;93.51;-1.12;2.91;1.93;-3.04;-1.9;-2.56;1.21;1.28;1.18;0.92;;;;;;;;;;;;-0.17441;-0.61415;-0.47002;-0.18049;;;;;4;5.07297;5.74979;5.84582;6.32942;-4.62798;-11.28069;-14.67513;-18.84352;1.5;1.05;0;5;0;0.09;0.14;;;0;0;0;0;3;3;3;;-0.04;;;43;-8.11;1/4;;;;;Renta Fija;133;120;125;https://bancaonline.bankinter.com/resources/allfundssheets-enmenm/es/?isin=LU0229951891&language=es&currency=EUR&channel=nbol;2026-09-10
FR0012903276;AXA IM Europe Short Duration High Yld AC;AXA IM Europe Short Duration High Yield AC;BNP PARIBAS ASSET MANAGEMENT Europe;Fixed Income;Europe Fixed Income;RF Bonos Alto Rendimiento EUR;FO;EUR;Francia;2;3;1.22;0;True;False;2015-10-02;;;;;-0.03;-0.22;-0.12;0.52;1.43;1.66;2.52;4.47;2.5;;3.54;5.25;7.51;-5.01;1.87;-0.28;4.36;;;;;;;;14;2.40053;93.48;-1.56;1.65;0.14;-0.4;-0.05;;0.61;0.51;0.56;;;;;;;;;;;;;0.35773;1.03576;0.17885;;;;;;1;2.2756;1.74175;3.56103;;-1.71299;-1.71299;-8.3843;;1.22;1.2;0;3;0;0.05;50;;;0;0;1;1;3;1;;;2.61;;;71;-5.01;2/4;;;;;Renta Fija;133;120;125;https://bancaonline.bankinter.com/resources/allfundssheets-enmenm/es/?isin=FR0012903276&language=es&currency=EUR&channel=nbol;2026-09-10
LU0658026603;AXAIMFIIS Europe Short Dur HY F Cap EUR;AXA IM Fixed Income Investment Strategies - Europe Short Duration High Yield F Capitalisation EUR;BNP PARIBAS ASSET MANAGEMENT Europe;Fixed Income;Europe Fixed Income;RF Bonos Alto Rendimiento EUR;FO;EUR;Luxemburgo;2;2;1.18;0;True;False;2011-08-05;;;;;-0.01;-0.13;-0.09;0.6;1.29;1.52;2.28;4.22;2.43;1.66;3.46;4.75;7.37;-4.59;1.71;-0.79;5.09;;7;;;;;;14;2.16622;94.22;-1.7;1.66;-0.06;-0.6;-0.11;-0.95;0.59;0.5;0.54;0.66;;;;;;;;;;;;0.26771;0.91121;0.15971;0.21915;;;;;1;2.22229;1.70157;3.45969;4.81192;-1.70055;-1.70055;-8.09291;-15.04565;1.18;1;0;3;0;0.12;0.01;;;0;1;1;2;3;1;3;;2.48;;;71;-4.59;2/4;;;;;Renta Fija;133;120;125;https://bancaonline.bankinter.com/resources/allfundssheets-enmenm/es/?isin=LU0658026603&language=es&currency=EUR&channel=nbol;2026-09-10
LU1191877379;BGF European High Yield Bond A2;BlackRock Global Funds - European High Yield Bond Fund A2;BlackRock (Luxembourg) SA;Fixed Income;Europe Fixed Income;RF Bonos Alto Rendimiento EUR;FO;EUR;Luxemburgo;2;4;1.21;5000;True;False;2015-07-23;;;;;-0.21;-0.14;-0.21;0.55;1.53;1.67;2.6;7.24;2.51;3.53;5.59;8.98;11.64;-13.01;3.97;3.26;12.3;;7;;;;;;15;12.11;96.01;0.31;0.76;-0.25;-0.11;-0.41;0.15;1.11;1.08;1.05;0.96;;;;;;;;;;;;0.23591;1.25608;0.12823;0.44279;;;;;4;4.13565;3.60945;6.65661;6.9462;-3.10132;-3.96541;-18.61001;-22.16708;1.21;1;0;5;0;0.07;;;;1;1;1;1;0;1;0;;1.83;;;86;-13.01;4/4;;;;;Renta Fija;133;120;125;https://bancaonline.bankinter.com/resources/allfundssheets-enmenm/es/?isin=LU1191877379&language=es&currency=EUR&channel=nbol;2026-09-10
LU0150855509;BlueBay High Yield ESG Bond B EUR;BlueBay Funds - BlueBay High Yield ESG Bond Fund B - EUR;BlueBay Funds Management Company S.A.;Fixed Income;Europe Fixed Income;RF Bonos Alto Rendimiento EUR;FO;EUR;Luxemburgo;2;4;0.86;0;True;False;2002-09-03;;;;;-0.02;-0.32;-0.29;0.08;0.92;1.13;2.3;6.49;2.64;3.56;4.76;8.12;10.51;-9.63;3.2;5.15;9.77;7;7;;15.80028;0.18;;;15;4.41186;97.57;-0.93;0.56;-0.53;-0.71;-0.19;0.37;1.1;1.05;0.89;0.87;;;;;;;;;;;;0.16799;1.09151;0.15918;0.48536;;;;;3;4.12501;3.49062;5.61735;6.23491;-3.2485;-3.90842;-14.4493;-18.29746;0.86;0.7;0;5;0;0.27;;;;3;2;2;2;1;1;0;;1.66;;;86;-9.63;4/4;;;;;Renta Fija;133;120;125;https://bancaonline.bankinter.com/resources/allfundssheets-enmenm/es/?isin=LU0150855509&language=es&currency=EUR&channel=nbol;2026-09-10
LU0206510082;BlueBay High Yield ESG Bond R EUR;BlueBay Funds - BlueBay High Yield ESG Bond Fund R - EUR;BlueBay Funds Management Company S.A.;Fixed Income;Europe Fixed Income;RF Bonos Alto Rendimiento EUR;FO;EUR;Luxemburgo;2;4;1.41;0;True;False;2004-10-11;;;;;-0.02;-0.33;-0.34;-0.06;0.64;0.75;1.74;5.9;2.09;3.13;4.18;7.52;9.9;-10.12;2.89;4.83;9.44;7;7;;15.80028;0.18;;;15;4.41186;97.58;-1.98;0.56;-1.08;-1.26;-0.72;-0.05;1.1;1.05;0.89;0.87;;;;;;;;;;;;0.03453;0.93082;0.06154;0.41782;;;;;3;4.12375;3.48989;5.61245;6.23334;-3.29837;-3.95887;-14.89024;-18.3172;1.41;1.25;0;5;0;0.27;;;;3;3;3;3;2;2;1;;1.49;;;86;-10.12;1/4;;;;;Renta Fija;133;120;125;https://bancaonline.bankinter.com/resources/allfundssheets-enmenm/es/?isin=LU0206510082&language=es&currency=EUR&channel=nbol;2026-09-10
FR0011829134;CM-AM High Yield Short Duration RC;CM-AM High Yield Short Duration RC;Credit Mutuel Asset Management;Fixed Income;Global Fixed Income;RF Bonos Alto Rendimiento EUR;FO;EUR;Francia;2;4;0.4;0;True;False;2014-04-30;;;;;-0.04;-0.27;-0.29;0.37;1.07;1.2;2.67;5.79;3.6;2.59;5.11;5.97;10.38;-3.93;1.9;1.04;5.09;;;;;;;;;;91.99;-1.33;0.96;-0.04;-0.53;0.96;0.03;0.93;0.84;0.62;0.64;;;;;;;;;;;;0.28409;1.07216;0.43214;0.42602;;;;;2;3.50826;2.85866;4.05469;4.70297;-2.86434;-2.86434;-7.76276;-14.71146;0.4;1;0;1;0;0.19;;;;1;2;2;1;2;0;2;;2.02;;;86;-3.93;2/4;;;;;Renta Fija;133;120;125;https://bancaonline.bankinter.com/resources/allfundssheets-enmenm/es/?isin=FR0011829134&language=es&currency=EUR&channel=nbol;2026-09-10
LU1979271860;CT (Lux) - European S/T HY Bd AE;CT (Lux) - European Short-Term High Yield Bond AE;Threadneedle Management Luxembourg S.A.;Fixed Income;Europe Fixed Income;RF Bonos Alto Rendimiento EUR;FO;EUR;Luxemburgo;2;3;0.9;2500;True;False;2019-07-17;;;;;-0.02;-0.13;0.01;0.53;1.63;2.03;2.94;5.44;3.19;;4.1;5.87;9.48;-4.82;1.82;1.31;;;7;;;;;;14;;93.25;-1.47;1.14;0.24;-0.34;0.53;;0.75;0.7;0.64;;;;;;;;;;;;;0.3772;1.1228;0.32628;;;;;;2;2.82723;2.39252;4.06237;;-2.03836;-2.88568;-9.5804;;0.9;0.75;0;3;0;-0.05;;;;1;0;0;1;3;0;;;1.89;;;83;-4.82;2/4;;;;;Renta Fija;133;120;125;https://bancaonline.bankinter.com/resources/allfundssheets-enmenm/es/?isin=LU1979271860&language=es&currency=EUR&channel=nbol;2026-09-10
LU1829334579;CT (Lux) - Eurp High Yld Bd 1E;CT (Lux) - European High Yield Bond 1E (EUR Accumulation Shares);Threadneedle Management Luxembourg S.A.;Fixed Income;Europe Fixed Income;RF Bonos Alto Rendimiento EUR;FO;EUR;Luxemburgo;2;3;1.38;0;True;False;2018-08-29;;;;;-0.04;-0.24;-0.27;0.21;1.06;1.33;2.23;6.04;1.64;2.5;4.28;6.56;10.46;-12.09;1.73;2.88;9.13;;7;;;;;;14;;95.47;-1.4;0.72;-0.69;-1;-1.27;-0.72;1.06;1.01;0.98;0.89;;;;;;;;;;;;0.12135;0.98428;-0.01652;0.31286;;;;;3;4.01645;3.3952;6.1642;6.39289;-3.03968;-3.44015;-17.56495;-20.34883;1.38;1.2;0;5;0;0.03;;;;2;2;2;2;2;3;2;;1.76;;;86;-12.09;1/4;;;;;Renta Fija;133;120;125;https://bancaonline.bankinter.com/resources/allfundssheets-enmenm/es/?isin=LU1829334579&language=es&currency=EUR&channel=nbol;2026-09-10
LU0012119607;Candriam Bds Euro High Yld C EUR Cap;Candriam Bonds Euro High Yield Class C EUR Cap;Candriam;Fixed Income;Europe Fixed Income;RF Bonos Alto Rendimiento EUR;FO;EUR;Luxemburgo;2;4;1.49;0;True;False;1989-05-31;;;;;-0.06;-0.25;-0.45;0.16;0.65;0.55;1.77;5.9;2.49;3.11;4.48;7.13;11.39;-9.49;1.71;3.95;10.27;;7;;;;;;14;5.50208;95.44;-1.73;0.7;-0.87;-0.78;-0.4;0.23;0.93;0.91;0.95;0.76;;;;;;;;;;;;0.04505;1.02245;0.12443;0.45472;;;;;3;3.48329;3.07289;5.98258;5.59083;-2.8964;-2.8964;-15.05015;-16.14102;1.49;1.2;0;3;0;0.2;0.02;;;3;3;3;3;2;1;1;;2.04;;;86;-9.49;2/4;;;;;Renta Fija;133;120;125;https://bancaonline.bankinter.com/resources/allfundssheets-enmenm/es/?isin=LU0012119607&language=es&currency=EUR&channel=nbol;2026-09-10
LU0616839501;DWS Invest Euro High Yield Corp LC;DWS Invest Euro High Yield Corporates LC;DWS Investment S.A.;Fixed Income;Europe Fixed Income;RF Bonos Alto Rendimiento EUR;FO;EUR;Luxemburgo;2;3;1.22;0;True;False;2012-07-30;;;;;-0.02;-0.15;-0.37;0.55;2.14;2.41;2.51;5.67;2.27;2.87;3.35;7.33;10.91;-10.77;2.83;1.73;9.76;7;7;74.98099;;0.26;;;15;3.64018;91.52;-1.21;1.1;-0.08;-0.21;-0.62;-0.55;0.85;0.75;0.95;0.98;;;;;;;;;;;;0.26478;1.17264;0.08736;0.34714;;;;;3;3.25522;2.58312;5.99207;6.97465;-2.51596;-3.05177;-15.98268;-20.80144;1.22;1.1;0;3;0;0.25;0;;;0;0;0;1;2;2;1;;1.86;;;86;-10.77;3/4;;;;;Renta Fija;133;120;125;https://bancaonline.bankinter.com/resources/allfundssheets-enmenm/es/?isin=LU0616839501&language=es&currency=EUR&channel=nbol;2026-09-10
LU0616839766;DWS Invest Euro High Yield Corp LD;DWS Invest Euro High Yield Corporates LD;DWS Investment S.A.;Fixed Income;Europe Fixed Income;RF Bonos Alto Rendimiento EUR;FO;EUR;Luxemburgo;2;3;1.23;0;True;False;2012-07-30;;;;;-0.02;-0.15;-0.36;0.55;2.15;2.41;2.52;5.68;2.27;2.88;3.34;7.34;10.92;-10.77;2.83;1.72;9.77;7;7;74.98099;;0.26;;;15;3.64018;91.45;-1.21;1.1;-0.08;-0.21;-0.62;-0.55;0.84;0.75;0.95;0.98;;;;;;;;;;;;0.26437;1.17374;0.08747;0.34745;;;;;3;3.24868;2.58011;5.99112;6.97228;-2.5184;-3.04528;-15.98575;-20.80314;1.23;1.1;0;3;0;0.25;;;;0;0;0;1;2;2;1;;1.87;;;86;-10.77;3/4;;;;;Renta Fija;133;120;125;https://bancaonline.bankinter.com/resources/allfundssheets-enmenm/es/?isin=LU0616839766&language=es&currency=EUR&channel=nbol;2026-09-10
LU0146855530;EDM Intern. High Yield Sh Duration;EDM International High Yield Short Duration;EDM Gestion, S.A.U., S.G.I.I.C.;Fixed Income;Europe Fixed Income;RF Bonos Alto Rendimiento EUR;FO;EUR;Luxemburgo;2;1;1.83;0;True;False;2011-10-06;;;;;-0.01;-0.09;0.12;0.35;0.57;0.73;1.56;3.35;0.92;0.83;3.29;3.89;4.77;-7.69;1.38;0.9;3.6;;7;;;;;;14;;65.74;-1.9;2.03;-0.66;-1.48;-1.59;-1.47;0.37;0.47;0.52;0.55;;;;;;;;;;;;-0.16757;0.27706;-0.28394;0.04405;;;;;1;1.46437;1.90213;3.5493;4.05976;-1.44731;-2.69037;-9.73221;-14.41336;1.83;1.5;0;1;0;0.39;;;;2;2;3;3;3;3;3;;1.25;;;86;-7.69;0/4;;;;;Renta Fija;133;120;125;https://bancaonline.bankinter.com/resources/allfundssheets-enmenm/es/?isin=LU0146855530&language=es&currency=EUR&channel=nbol;2026-09-10
LU0251130802;Fidelity European Hi Yld A-Acc-EUR;Fidelity Funds - European High Yield Fund A-Acc-EUR;FIL Investment Management (Luxembourg) S.à r.l.;Fixed Income;Europe Fixed Income;RF Bonos Alto Rendimiento EUR;FO;EUR;Luxemburgo;2;3;1.39;2500;True;False;2006-07-03;;;;;-0.08;-0.24;-0.27;0.63;1.03;1.48;1.68;6.54;2.08;2.9;4.5;8.02;11.61;-12.69;3.69;1.52;12.71;4;7;;14.94992;0.48;;;15;;92.08;-0.56;0.99;-1.13;-0.66;-0.8;-0.56;1;1.04;0.94;1;;;;;;;;;;;;-0.00416;1.07031;0.05424;0.34477;;;;;4;3.79319;3.5404;6.01186;7.14862;-2.99213;-3.55685;-18.11463;-20.68966;1.39;1;0;4;0;0.15;0.35;;;1;2;1;3;1;2;1;;1.84;;;86;-12.69;2/4;;;;;Renta Fija;133;120;125;https://bancaonline.bankinter.com/resources/allfundssheets-enmenm/es/?isin=LU0251130802&language=es&currency=EUR&channel=nbol;2026-09-10
LU0210531470;JPM Europe High Yield Bond A acc EUR;JPMorgan Funds - Europe High Yield Bond Fund A (acc) EUR;JPMorgan Asset Management (Europe) S.à r.l.;Fixed Income;Europe Fixed Income;RF Bonos Alto Rendimiento EUR;FO;EUR;Luxemburgo;2;3;0.95;35000;True;False;2005-03-31;;;;;-0.02;-0.22;-0.35;0.19;0.73;0.96;2.18;5.48;2.09;2.54;4.74;5.31;11.07;-10.04;2.5;1.39;9.9;;7;;;;;;14;3.35471;94.33;-2.02;0.77;-0.62;-1.21;-0.82;-0.78;0.98;0.94;0.98;0.91;;;;;;;;;;;;0.12721;0.887;0.05716;0.30666;;;;;3;3.67759;3.15132;6.11966;6.52947;-2.93577;-3.5163;-15.73301;-21.66204;0.95;0.75;0;3;1;0.24;;;;3;3;2;2;2;2;2;;1.56;;;86;-10.04;0/4;;;;;Renta Fija;133;120;125;https://bancaonline.bankinter.com/resources/allfundssheets-enmenm/es/?isin=LU0210531470&language=es&currency=EUR&channel=nbol;2026-09-10
LU0117897578;JPM Europe High Yield Bond D acc EUR;JPMorgan Funds - Europe High Yield Bond Fund D (acc) EUR;JPMorgan Asset Management (Europe) S.à r.l.;Fixed Income;Europe Fixed Income;RF Bonos Alto Rendimiento EUR;FO;EUR;Luxemburgo;2;2;1.5;5000;True;False;2000-10-13;;;;;-0.02;-0.23;-0.4;0.05;0.45;0.58;1.62;4.9;1.53;1.97;4.17;4.74;10.46;-10.54;1.94;0.83;9.3;;7;;;;;;14;3.35471;94.4;-2.8;0.76;-1.17;-1.77;-1.37;-1.33;0.98;0.94;0.98;0.91;;;;;;;;;;;;-0.02184;0.70938;-0.03495;0.22172;;;;;3;3.67931;3.15236;6.11698;6.52703;-2.97628;-3.57321;-16.19259;-21.70278;1.5;0.75;0;3;1;0.24;;;;3;3;3;3;3;3;2;;1.37;;;86;-10.54;0/4;;;;;Renta Fija;133;120;125;https://bancaonline.bankinter.com/resources/allfundssheets-enmenm/es/?isin=LU0117897578&language=es&currency=EUR&channel=nbol;2026-09-10
LU0828815570;Janus Henderson Hrzn Euro HY Bd A2 EUR;Janus Henderson Horizon Euro High Yield Bond Fund A2 EUR;Janus Henderson Investors;Fixed Income;Europe Fixed Income;RF Bonos Alto Rendimiento EUR;FO;EUR;Luxemburgo;2;3;1.18;2500;True;False;2012-11-19;;;;;-0.02;-0.16;-0.31;0.3;1.02;0.99;1.6;6.7;1.44;2.79;4.27;8.96;10.38;-14.39;2.04;2.44;11.63;;7;;;;;;15;;96.23;-0.42;0.81;-1.23;-0.8;-1.46;-0.68;1.15;1.12;1;0.99;;;;;;;;;;;;0.01077;1.07034;-0.04469;0.33025;;;;;4;4.3028;3.73961;6.30095;7.05973;-3.33932;-3.89806;-18.95999;-19.50671;1.18;0.75;0;5;0;0.53;0.01;;;2;2;2;3;1;3;1;;1.72;;;86;-14.39;2/4;;;;;Renta Fija;133;120;125;https://bancaonline.bankinter.com/resources/allfundssheets-enmenm/es/?isin=LU0828815570&language=es&currency=EUR&channel=nbol;2026-09-10
LU1720111282;LSF-Arcano Lw Vol Eurp Inc-ESG Sel RE-A;LUXEMBOURG SELECTION FUND - Arcano Low Volat Europ Inc Fd - ESG Selection RE-A;Arcano Capital SGIIC;Fixed Income;Europe Fixed Income;RF Bonos Alto Rendimiento EUR;FO;EUR;Luxemburgo;2;4;1.52;1;True;False;2018-03-28;;;;;-0.03;-0.17;-0.16;0.41;1.54;1.27;2.42;5.78;3.28;;4.34;7.22;11.1;-6.85;2.81;1.08;5.4;;;;;;;;;;96.59;-1.48;0.89;-0.23;-0.26;0.58;;0.77;0.76;0.7;;;;;;;;;;;;;0.2164;1.18501;0.32331;;;;;;2;2.86925;2.56335;4.52325;;-2.31142;-2.9139;-11.56395;;1.52;1.3;0;3;0;0.06;;;;2;1;2;2;2;0;;;1.98;;;86;-6.85;2/4;;;;;Renta Fija;133;120;125;https://bancaonline.bankinter.com/resources/allfundssheets-enmenm/es/?isin=LU1720111282&language=es&currency=EUR&channel=nbol;2026-09-10
LU1720111795;LSF-Arcano Lw Vol Eurp Inc-ESG Sel RE-D;LUXEMBOURG SELECTION FUND - Arcano Low Volat Europ Inc Fd - ESG Selection RE-D;Arcano Capital SGIIC;Fixed Income;Europe Fixed Income;RF Bonos Alto Rendimiento EUR;FO;EUR;Luxemburgo;2;4;1.52;1;True;False;2021-03-19;;;;;-0.03;-0.16;-0.16;0.42;1.55;1.26;2.43;5.78;2.71;;4.35;7.23;11.1;-8.8;;;;;;;;;;;;;96.5;-1.48;0.9;-0.24;-0.27;0.04;;0.76;0.76;0.68;;;;;;;;;;;;;0.21283;1.18331;0.19662;;;;;;2;2.86201;2.56469;4.49396;;-2.31655;-2.91717;-13.3767;;1.52;1.3;0;3;;0.06;0.05;;;2;1;2;2;2;1;;;1.98;;;75;-8.8;2/4;;;;;Renta Fija;133;120;125;https://bancaonline.bankinter.com/resources/allfundssheets-enmenm/es/?isin=LU1720111795&language=es&currency=EUR&channel=nbol;2026-09-10
LU0073255761;MS INVF European HY Bd A;Morgan Stanley Investment Funds - European High Yield Bond Fund A;MSIM Fund Management (Ireland) Limited;Fixed Income;Europe Fixed Income;RF Bonos Alto Rendimiento EUR;FO;EUR;Luxemburgo;2;3;1.11;0;True;False;1998-12-01;;;;;-0.07;-0.16;-0.1;0.75;1.62;1.72;2.92;6.41;2.34;2.84;4.1;7.81;11.66;-11.4;2.95;1.73;10.05;;7;;;;;;15;4.01095;96.3;-1.02;0.65;0.23;-0.24;-0.6;-1.02;0.88;0.91;1.02;1.16;;;;;;;;;;;;0.36612;1.20979;0.09872;0.30131;;;;;4;3.303;3.04916;6.3882;8.25079;-2.56243;-3.79662;-17.09802;-24.47419;1.11;0.85;0;3;0;0.2;0.35;;;0;0;1;1;1;1;1;;1.69;;;86;-11.4;4/4;;;;;Renta Fija;133;120;125;https://bancaonline.bankinter.com/resources/allfundssheets-enmenm/es/?isin=LU0073255761&language=es&currency=EUR&channel=nbol;2026-09-10
IE00BJ4XDR50;Muzinich Europeyield HEUR Acc R;Muzinich Europeyield Fund Hedged Euro Accumulation R Units;Muzinich & Co. (Ireland) Limited;Fixed Income;Europe Fixed Income;RF Bonos Alto Rendimiento EUR;FO;EUR;Irlanda;2;3;1.66;1000;True;False;2016-03-08;;;;;0.01;-0.23;-0.04;0.38;1.03;1.46;2.68;6.46;2.52;2.81;5;7.33;11.55;-10.47;1.85;0.63;9.31;;7;;;;;;14;4.19;97.57;-1.07;0.6;-0.03;-0.09;-0.42;-0.62;0.8;0.88;0.98;0.97;;;;;;;;;;;;0.28853;1.26563;0.1257;0.33826;;;;;3;2.98759;2.91946;6.14431;6.86436;-2.27433;-3.36448;-16.70117;-20.73918;1.66;1.5;0;3;0;0.08;;;;2;1;1;1;1;1;1;;1.92;;;86;-10.47;4/4;;;;;Renta Fija;133;120;125;https://bancaonline.bankinter.com/resources/allfundssheets-enmenm/es/?isin=IE00BJ4XDR50&language=es&currency=EUR&channel=nbol;2026-09-10
LU0255640731;Nordea 1 - European High Yld Bd AP EUR;Nordea 1 - European High Yield Bond Fund AP EUR;Nordea Investment Funds SA;Fixed Income;Europe Fixed Income;RF Bonos Alto Rendimiento EUR;FO;EUR;Luxemburgo;2;3;1.33;0;True;False;2006-06-30;;;;;-0.04;-0.26;-0.41;0.64;1.28;1.28;2.65;6.89;2.33;2.85;5.27;7.87;10.57;-11.29;1.97;1.26;10.04;;7;;;;;;15;3.46398;96.28;-0.11;0.69;0.03;-0.3;-0.59;-0.6;0.97;1.06;1.04;0.99;;;;;;;;;;;;0.30583;1.20246;0.10094;0.34014;;;;;4;3.64219;3.52715;6.59591;7.0759;-2.91191;-3.88389;-17.77575;-20.40345;1.33;1;0;3;0;0.12;;;;0;1;1;1;0;1;1;;1.77;;;86;-11.29;4/4;;;;;Renta Fija;133;120;125;https://bancaonline.bankinter.com/resources/allfundssheets-enmenm/es/?isin=LU0255640731&language=es&currency=EUR&channel=nbol;2026-09-10
LU0836286186;Nordea 1 - European High Yld Bd AP USD;Nordea 1 - European High Yield Bond Fund AP USD;Nordea Investment Funds SA;Fixed Income;Europe Fixed Income;RF Bonos Alto Rendimiento EUR;FO;USD;Luxemburgo;3;3;1.33;;True;False;2012-10-05;;;;;-0.13;-0.08;0.27;1.29;1.77;0.04;1.63;9.85;1.97;3.14;19.08;1.44;14.49;-16.39;-5.91;11.04;7.58;;7;;;;;;15;3.46398;90.78;-0.03;1.07;0.58;-0.15;-0.63;-0.58;1.04;1.03;1.09;1;;;;;;;;;;;;-0.08327;0.59741;-0.10065;0.13235;;;;;4;8.01335;8.35869;11.39961;10.99414;-6.75866;-7.74809;-32.59032;-34.02169;1.33;1;0;3;0;0.12;;;;0;0;1;0;0;1;1;;1.27;;;71;-16.39;4/4;;;;;Renta Fija;133;120;125;https://bancaonline.bankinter.com/resources/allfundssheets-enmenm/es/?isin=LU0836286186&language=es&currency=EUR&channel=nbol;2026-09-10
LU0141799501;Nordea 1 - European High Yld Bd BP EUR;Nordea 1 - European High Yield Bond Fund BP EUR;Nordea Investment Funds SA;Fixed Income;Europe Fixed Income;RF Bonos Alto Rendimiento EUR;FO;EUR;Luxemburgo;2;3;1.33;0;True;False;2006-01-04;;;;;-0.04;-0.26;-0.41;0.64;1.28;1.28;2.65;6.89;2.32;2.85;5.27;7.87;10.57;-11.29;1.99;1.28;9.97;;7;;;;;;15;3.46398;96.3;-0.1;0.69;0.03;-0.29;-0.58;-0.6;0.97;1.06;1.04;0.99;;;;;;;;;;;;0.30621;1.20371;0.10127;0.3404;;;;;4;3.64316;3.52667;6.58927;7.0735;-2.91223;-3.88413;-17.74807;-20.39436;1.33;1;0;3;0;0.12;;;;0;1;1;1;0;1;1;;1.77;;;86;-11.29;4/4;;;;;Renta Fija;133;120;125;https://bancaonline.bankinter.com/resources/allfundssheets-enmenm/es/?isin=LU0141799501&language=es&currency=EUR&channel=nbol;2026-09-10
LU1486845537;Oddo BHF Euro Credit Short Dur CR-EUR;Oddo BHF Euro Credit Short Duration CR-EUR;ODDO BHF Asset Management SAS;Fixed Income;Europe Fixed Income;RF Bonos Alto Rendimiento EUR;FO;EUR;Luxemburgo;2;3;0.92;100;True;False;2016-10-11;;;;;0.01;-0.1;0.02;0.4;1.08;1.29;2.34;4.11;2.59;;3.64;4.43;6.96;-3.12;1.17;-0.43;2.39;;7;;;;;;14;;90.53;-1.42;2.14;0.15;-0.16;0.14;;0.32;0.35;0.42;;;;;;;;;;;;;0.41795;1.11512;0.24347;;;;;;1;1.22049;1.22411;2.74411;;-0.85778;-1.92215;-6.02485;;0.92;0.8;0;5;1;0.14;;;;2;1;2;2;3;1;;;2.14;;;71;-3.12;2/4;;;;;Renta Fija;133;120;125;https://bancaonline.bankinter.com/resources/allfundssheets-enmenm/es/?isin=LU1486845537&language=es&currency=EUR&channel=nbol;2026-09-10
LU0726357527;Pictet-EUR Short Term High Yield P EUR;Pictet-EUR Short Term High Yield P EUR;Pictet Asset Management (Europe) SA;Fixed Income;Europe Fixed Income;RF Bonos Alto Rendimiento EUR;FO;EUR;Luxemburgo;2;3;1.17;0;True;False;2012-01-30;;;;;0.01;-0.12;0;0.52;1.44;1.55;2.55;5.09;2.76;1.8;4.26;5.28;9.17;-5.83;2.35;-1.53;3.52;;7;;;;;;15;2.01729;90.04;-1.43;1.4;0;-0.31;0.13;-0.94;0.65;0.62;0.61;0.71;;;;;;;;;;;;0.29204;1.09831;0.22522;0.23313;;;;;2;2.47255;2.14469;3.92253;5.21116;-2.19278;-2.59859;-9.64276;-16.75655;1.17;1.6;0;5;1;0.06;0.1;;;2;1;1;2;3;1;3;;1.96;;;71;-5.83;2/4;;;;;Renta Fija;133;120;125;https://bancaonline.bankinter.com/resources/allfundssheets-enmenm/es/?isin=LU0726357527&language=es&currency=EUR&channel=nbol;2026-09-10
LU0726357790;Pictet-EUR Short Term High Yield P dyEUR;Pictet-EUR Short Term High Yield P dy EUR;Pictet Asset Management (Europe) SA;Fixed Income;Europe Fixed Income;RF Bonos Alto Rendimiento EUR;FO;EUR;Luxemburgo;2;3;1.17;0;True;False;2012-01-30;;;;;0;-0.13;0;0.52;1.44;1.54;2.55;5.08;2.76;1.8;4.26;5.29;9.16;-5.83;2.36;-1.52;3.53;;7;;;;;;15;2.01729;89.91;-1.43;1.4;0;-0.31;0.13;-0.94;0.65;0.62;0.61;0.71;;;;;;;;;;;;0.29286;1.0968;0.22565;0.23347;;;;;2;2.46852;2.14589;3.92657;5.21249;-2.20392;-2.60088;-9.64574;-16.74818;1.17;1.6;0;5;1;0.06;0.1;;;2;1;1;2;3;1;3;;1.95;;;71;-5.83;2/4;;;;;Renta Fija;133;120;125;https://bancaonline.bankinter.com/resources/allfundssheets-enmenm/es/?isin=LU0726357790&language=es&currency=EUR&channel=nbol;2026-09-10
LU0981470551;QSF - Quaestio European HY Bd RA;QSF - Quaestio European High Yield Bond Fund Class RA;Quaestio Capital SGR S.p.A;Fixed Income;Europe Fixed Income;RF Bonos Alto Rendimiento EUR;FO;EUR;Luxemburgo;3;3;2.24;;True;False;2022-09-09;;;;;0;-0.23;-0.23;0.24;0.71;0.71;1.67;6.4;;;3.51;9.46;11.11;;;;;;7;;;;;;14;7.077;95.33;-0.95;0.71;-1.16;-0.58;;;0.98;0.99;;;;;;;;;;;;;;-0.01939;1.10358;;;;;;;3;3.64935;3.34214;;;-2.97806;-3.46773;;;2.24;1.75;1;;;0;;;;2;2;3;3;1;;;;1.85;;;100;3.51;1/4;;;;;Renta Fija;133;120;125;https://bancaonline.bankinter.com/resources/allfundssheets-enmenm/es/?isin=LU0981470551&language=es&currency=EUR&channel=nbol;2026-09-10
LU0849399786;Schroder ISF EURO Hi Yld A Acc;Schroder International Selection Fund EURO High Yield A Accumulation;Schroder Investment Management (Europe) S.A.;Fixed Income;Europe Fixed Income;RF Bonos Alto Rendimiento EUR;FO;EUR;Luxemburgo;2;4;1.28;1000;True;False;2012-11-14;;;;;0.03;-0.07;-0.01;0.33;0.97;1.75;2.21;7.68;2.54;3.35;4.88;10.88;11.75;-13.85;4.5;4.24;9.77;7;7;1080.58654;18.96094;2.1;0.16;;15;12.21617;88.03;0.49;1.23;-0.62;0.45;-0.46;-0.57;0.93;1.03;1.12;1.17;;;;;;;;;;;;0.11567;1.3584;0.123;0.35441;;;;;5;3.59085;3.61629;7.22665;8.40915;-2.54619;-3.5555;-20.1591;-24.93698;1.28;1;0;3;0;0.39;0.5;;;3;2;1;2;0;1;0;;2.16;;;86;-13.85;3/4;;;;;Renta Fija;133;120;125;https://bancaonline.bankinter.com/resources/allfundssheets-enmenm/es/?isin=LU0849399786&language=es&currency=EUR&channel=nbol;2026-09-10
LU0849400543;Schroder ISF EURO Hi Yld A Dis EUR QV;Schroder International Selection Fund EURO High Yield A Distribution EUR QV;Schroder Investment Management (Europe) S.A.;Fixed Income;Europe Fixed Income;RF Bonos Alto Rendimiento EUR;FO;EUR;Luxemburgo;2;4;1.28;1000;True;False;2012-11-14;;;;;0.03;-0.07;-0.01;0.33;0.97;1.75;2.21;7.68;2.54;3.35;4.88;10.88;11.74;-13.85;4.51;4.31;9.77;7;7;1080.58654;18.96094;2.1;0.16;;15;12.21617;88.03;0.49;1.23;-0.62;0.45;-0.46;-0.56;0.93;1.03;1.12;1.17;;;;;;;;;;;;0.11572;1.35857;0.12274;0.35545;;;;;5;3.59093;3.61632;7.22652;8.39777;-2.54626;-3.55537;-20.15869;-24.93688;1.28;1;0;3;0;0.39;0.5;;;3;2;1;2;0;1;0;;2.16;;;86;-13.85;3/4;;;;;Renta Fija;133;120;125;https://bancaonline.bankinter.com/resources/allfundssheets-enmenm/es/?isin=LU0849400543&language=es&currency=EUR&channel=nbol;2026-09-10
LU0086177085;UBS (Lux) BF Euro Hi Yld € P-acc;UBS (Lux) Bond Fund - Euro High Yield (EUR) P-acc;UBS Asset Management (Europe) S.A.;Fixed Income;Europe Fixed Income;RF Bonos Alto Rendimiento EUR;FO;EUR;Luxemburgo;2;4;1.35;0;True;False;1998-05-15;;;;;-0.02;-0.28;-0.24;0.3;1.08;1.32;2.7;7.02;3.36;3.42;5.49;8.8;12.67;-9.48;2.94;1.24;10.08;;7;;;;;;13;;94.34;0.05;0.82;0.44;-0.07;0.48;0;1.02;1.03;0.93;0.97;;;;;;;;;;;;0.4069;1.25561;0.27779;0.42744;;;;;3;3.8576;3.46662;5.86162;6.91773;-2.94997;-4.04694;-15.2917;-20.59584;1.35;1.01;0;2;0;0.37;0.25;;;2;2;2;0;0;0;0;;1.73;;;86;-9.48;4/4;;;;;Renta Fija;133;120;125;https://bancaonline.bankinter.com/resources/allfundssheets-enmenm/es/?isin=LU0086177085&language=es&currency=EUR&channel=nbol;2026-09-10
LU0119176310;abrdn-Euro High Yield Bond A Acc EUR;abrdn SICAV I – Euro High Yield Bond Fund Class A Acc EUR;abrdn Investments Luxembourg S.A.;Fixed Income;Europe Fixed Income;RF Bonos Alto Rendimiento EUR;FO;EUR;Luxemburgo;3;3;1.44;500;True;False;2000-11-13;;;;;-0.06;-0.13;-0.01;0.99;2.08;2.4;3.36;6.31;2.3;2.79;4.61;5.57;11.98;-11.18;3.38;3.61;8.93;;8;;;;;;15;;94.74;-0.86;0.92;0.44;-1.2;-0.61;-0.88;1.12;1.11;1.03;1.08;;;;;;;;;;;;0.39501;0.95181;0.09538;0.30829;;;;;4;4.27333;3.71278;6.52074;7.73849;-3.50956;-4.04425;-17.41034;-22.19918;1.44;1.25;0;5;0;0.51;;;;0;0;0;0;1;1;1;;1.56;;;86;-11.18;4/4;;;;;Renta Fija;133;120;125;https://bancaonline.bankinter.com/resources/allfundssheets-enmenm/es/?isin=LU0119176310&language=es&currency=EUR&channel=nbol;2026-09-10
IE00BC1J1W89;Barings Global High Yield Bd E USD Acc;Barings Global High Yield Bond Fund E USD Accumulating Shares;Baring International Fund Mgrs (Ireland) Limited;Fixed Income;Global Fixed Income;RF Bonos Alto Rendimiento Global;FO;USD;Irlanda;2;5;1.08;1000;True;False;2017-01-03;;;;;0;-0.16;0.21;0.78;1.81;2.95;4.91;8.56;4.13;;8.11;9.11;13.17;-11.48;6.58;3.83;13.21;;7;;;;;;15;;85.65;-0.1;1.94;0.94;0.85;0.34;;0.67;0.73;0.79;;;;;;;;;;;;;0.52218;0.99455;0.0782;;;;;;2;2.44805;3.86706;6.29227;;-2.08507;-3.89331;-14.55578;;1.08;1;0;0;0;0.14;;;;1;0;0;0;0;0;;;2.2;;;86;-11.48;3/4;;;;;Renta Fija;133;120;125;https://bancaonline.bankinter.com/resources/allfundssheets-enmenm/es/?isin=IE00BC1J1W89&language=es&currency=EUR&channel=nbol;2026-09-10
LU1362999481;Robeco High Yield Bonds D €;Robeco High Yield Bonds D €;Robeco Institutional Asset Management BV;Fixed Income;Global Fixed Income;RF Bonos Alto Rendimiento Global;FO;EUR;Luxemburgo;3;3;1.32;0;True;False;2016-02-18;;;;;-0.01;-0.13;-0.53;0.8;1.39;2.92;3.85;4.26;3.09;3.59;-3.71;10.61;7.73;-4.49;9.15;-2.95;15.66;;7;;;;;;14;4.41859;95.24;-1.92;1.06;-0.6;-1.63;-1.08;-0.87;1;0.93;0.94;0.92;;;;;;;;;;;;0.941;0.33151;0.194;0.42827;;;;;3;2.65029;5.07616;6.31388;6.97957;-2.28698;-9.72304;-9.72304;-21.3051;1.32;1.1;0;3;0;0.08;;;;2;2;2;2;2;1;1;;0.44;;;57;-4.49;0/4;;;;;Renta Fija;133;120;125;https://bancaonline.bankinter.com/resources/allfundssheets-enmenm/es/?isin=LU1362999481&language=es&currency=EUR&channel=nbol;2026-09-10
LU0125750504;AXAWF Global High Yield Bds A Cap EUR H;AXA World Funds - Global High Yield Bonds A Capitalisation EUR (Hedged);BNP PARIBAS ASSET MANAGEMENT Europe;Fixed Income;Global Fixed Income;RF Bonos Alto Rendimiento Global - EUR Cubierto;FO;EUR;Luxemburgo;2;3;1.52;0;True;False;2001-03-12;;;;;-0.03;-0.23;0.11;0.64;1.05;0.97;1.88;5.31;1.43;2.11;4.4;5.94;8.99;-11.92;2.4;2.3;8.58;;7;;;;;;15;3.74908;97.99;-2.45;0.54;-0.89;-1.19;-0.81;-0.95;0.92;0.98;0.93;0.92;;;;;;;;;;;;0.01257;0.66309;-0.05254;0.24627;;;;;3;2.51009;3.84554;6.17631;6.47728;-2.67716;-4.31379;-15.1945;-19.18609;1.52;1.25;0;3;0;0.21;0.02;;;1;0;2;3;3;2;2;;1.23;;;86;-11.92;0/4;;;;;Renta Fija;133;120;125;https://bancaonline.bankinter.com/resources/allfundssheets-enmenm/es/?isin=LU0125750504&language=es&currency=EUR&channel=nbol;2026-09-10
IE00B296X584;Aegon High Yield Global Bd A Acc EUR Hdg;Aegon High Yield Global Bond Fund A Acc EUR (Hedged);Aegon Investment Management BV;Fixed Income;Global Fixed Income;RF Bonos Alto Rendimiento Global - EUR Cubierto;FO;EUR;Irlanda;2;4;1.42;1000;True;False;2012-05-17;;;;;-0.01;0;0.27;1.19;1.48;1.89;3.27;7.51;3.33;3.5;6.6;8.26;11.63;-10.37;4.39;3.64;11.18;;;;;;;;;;87.07;0.57;1.39;0.42;1.36;1.06;0.07;0.93;0.83;0.85;1.08;;;;;;;;;;;;0.50604;1.31578;0.25816;0.38248;;;;;3;2.68421;3.48418;6.00433;8.03646;-2.0444;-3.61713;-14.77666;-23.66998;1.42;1;0;5;0;0.28;;;;0;1;0;0;0;0;0;;2.08;;;86;-10.37;4/4;;;;;Renta Fija;133;120;125;https://bancaonline.bankinter.com/resources/allfundssheets-enmenm/es/?isin=IE00B296X584&language=es&currency=EUR&channel=nbol;2026-09-10
LU0093504206;BGF Global High Yield Bond A2 EUR Hedged;BlackRock Global Funds - Global High Yield Bond Fund A2 EUR Hedged;BlackRock (Luxembourg) SA;Fixed Income;Global Fixed Income;RF Bonos Alto Rendimiento Global - EUR Cubierto;FO;EUR;Luxemburgo;2;3;1.46;5000;True;False;2003-05-16;;;;;-0.05;0;0.05;0.57;1.36;1.04;2.1;6.03;0.78;2.14;5.72;6.44;9.35;-15.25;1.32;4.42;10.81;8;7;8048.7206;13.89101;2.43;0.75;0.00904;15;7.55;98.16;-1.23;0.53;-0.54;-0.64;-1.44;-1.04;1.18;1;0.98;0.98;;;;;;;;;;;;0.20652;0.81381;-0.14247;0.24159;;;;;3;3.15767;3.93885;6.58607;6.96625;-2.63566;-4.80819;-19.65814;-24.16336;1.46;1.25;0;5;0;0.24;0.45;;;2;1;2;2;2;3;2;;1.25;;;86;-15.25;0/4;;;;;Renta Fija;133;120;125;https://bancaonline.bankinter.com/resources/allfundssheets-enmenm/es/?isin=LU0093504206&language=es&currency=EUR&channel=nbol;2026-09-10
IE00BD5CTX77;BNY Mellon Glb ShrtDtd HY Bd EUR H Acc H;BNY Mellon Global Short-Dated High Yield Bond Fund EUR H Acc Hedged;BNY Mellon Fund Management (Lux) S.A.;Fixed Income;Global Fixed Income;RF Bonos Alto Rendimiento Global - EUR Cubierto;FO;EUR;Irlanda;2;4;1.33;5000;True;False;2016-11-30;;;;;0.01;-0.02;0.24;0.49;1.75;1.86;2.79;5.73;3.41;;4.33;6.6;10.98;-6.3;3.38;-1.21;4.28;;7;;;;;;14;2.43319;74.29;-0.44;2.15;-0.14;0.81;1.19;;0.98;0.54;0.57;;;;;;;;;;;;;0.31034;1.18228;0.36816;;;;;;1;2.72216;2.47827;4.20095;;-2.29557;-3.42679;-10.62984;;1.33;1.25;0;5;0;0.26;0.15;;;0;1;0;1;2;0;;;1.67;;;71;-6.3;2/4;;;;;Renta Fija;133;120;125;https://bancaonline.bankinter.com/resources/allfundssheets-enmenm/es/?isin=IE00BD5CTX77&language=es&currency=EUR&channel=nbol;2026-09-10
IE00BD5CTY84;BNY Mellon Glb ShrtDtd HY Bd EUR H Inc H;BNY Mellon Global Short-Dated High Yield Bond Fund EUR H Inc Hedged;BNY Mellon Fund Management (Lux) S.A.;Fixed Income;Global Fixed Income;RF Bonos Alto Rendimiento Global - EUR Cubierto;FO;EUR;Irlanda;2;4;1.33;5000;True;False;2017-05-05;;;;;0;-0.02;0.23;0.5;1.76;1.87;2.8;5.73;3.41;;4.32;6.57;11;-6.26;3.41;-1.25;4.25;;7;;;;;;14;2.43319;74.4;-0.44;2.14;-0.1;0.8;1.2;;0.97;0.54;0.58;;;;;;;;;;;;;0.32203;1.18041;0.36992;;;;;;1;2.7071;2.4751;4.2085;;-2.30689;-3.43081;-10.60748;;1.33;1.25;0;5;0;0.26;0.15;;;0;0;0;1;2;0;;;1.67;;;71;-6.26;2/4;;;;;Renta Fija;133;120;125;https://bancaonline.bankinter.com/resources/allfundssheets-enmenm/es/?isin=IE00BD5CTY84&language=es&currency=EUR&channel=nbol;2026-09-10
LU0170291933;Candriam Bds Global Hi Yld C EUR Cap;Candriam Bonds Global High Yield Class C EUR Cap;Candriam;Fixed Income;Global Fixed Income;RF Bonos Alto Rendimiento Global - EUR Cubierto;FO;EUR;Luxemburgo;2;4;1.47;0;True;False;2003-09-15;;;;;-0.02;-0.23;-0.06;0.11;-0.35;0.16;1.52;5.67;3.12;3.85;5.9;5.5;10.65;-5.99;3.44;7.99;10.89;;7;;;;;;14;5.15555;93.38;-0.94;1.04;-1.3;-0.38;0.86;1.24;0.99;0.85;0.86;0.71;;;;;;;;;;;;-0.10793;0.84043;0.23067;0.61119;;;;;2;2.75166;3.43065;5.79602;5.24837;-2.64651;-2.64651;-10.49613;-14.91014;1.47;1.2;0;3;0;0.13;0.02;;;3;3;3;3;2;0;0;;2.14;;;86;-5.99;2/4;;;;;Renta Fija;133;120;125;https://bancaonline.bankinter.com/resources/allfundssheets-enmenm/es/?isin=LU0170291933&language=es&currency=EUR&channel=nbol;2026-09-10
LU0618658370;GS Glbl Hi Yld E EUR Hdg QDist;Goldman Sachs Global High Yield Portfolio E EUR-Hedged QDist;Goldman Sachs Asset Management B.V.;Fixed Income;Global Fixed Income;RF Bonos Alto Rendimiento Global - EUR Cubierto;FO;EUR;Luxemburgo;2;1;1.8;1500;True;False;2011-04-21;;;;;-0.14;-0.14;-0.14;0.49;0.62;0.33;1.11;5.1;0.31;1.42;5.7;4.31;9.13;-15.55;1.9;3.21;10.36;5;7;;16.97854;3.03;;;15;;95.95;-1.51;1.03;-1.26;-1.94;-1.88;-2.06;1.16;1.13;1.04;1.12;;;;;;;;;;;;-0.02919;0.52846;-0.1968;0.1309;;;;;4;3.14865;4.46505;6.89129;7.93583;-2.56958;-5.54353;-18.98189;-22.94057;1.8;1.1;0;4;0;0.04;0.5;;;2;3;3;3;3;3;3;;0.92;;;86;-15.55;0/4;;;;;Renta Fija;133;120;125;https://bancaonline.bankinter.com/resources/allfundssheets-enmenm/es/?isin=LU0618658370&language=es&currency=EUR&channel=nbol;2026-09-10
LU0405800185;GS Glbl Hi Yld Oth Ccy Acc EUR Hdg;Goldman Sachs Global High Yield Portfolio Other Currency Acc EUR-Hedged;Goldman Sachs Asset Management B.V.;Fixed Income;Global Fixed Income;RF Bonos Alto Rendimiento Global - EUR Cubierto;FO;EUR;Luxemburgo;2;2;1.3;5000;True;False;2008-12-18;;;;;-0.03;-0.03;-0.03;0.64;0.91;0.74;1.73;5.66;0.81;1.93;6.28;4.82;9.59;-15.07;2.39;3.66;10.94;5;7;;16.97854;3.03;;;15;;96.44;-1.08;0.96;-0.73;-1.43;-1.37;-1.56;1.14;1.12;1.03;1.12;;;;;;;;;;;;0.13569;0.64303;-0.12349;0.19456;;;;;4;3.09051;4.42801;6.85812;7.92932;-2.43577;-5.50105;-18.63123;-22.86963;1.3;1.1;0;6;0;0.04;0.5;;;1;2;3;2;2;3;2;;1.03;;;86;-15.07;0/4;;;;;Renta Fija;133;120;125;https://bancaonline.bankinter.com/resources/allfundssheets-enmenm/es/?isin=LU0405800185&language=es&currency=EUR&channel=nbol;2026-09-10
LU1775968339;Invesco Global High Yield A MDEURH;Invesco Funds - Invesco Global High Yield Fund A Monthly Distribution (EUR Hedged) EUR;Invesco Management S.A.;Fixed Income;Global Fixed Income;RF Bonos Alto Rendimiento Global - EUR Cubierto;FO;EUR;Luxemburgo;2;2;1.27;1000;True;False;2018-10-08;;;;;0;-0.17;-0.05;0.14;0.45;0.62;1.79;5.08;0.69;1.53;5.25;4.69;7.37;-12.36;1.54;3.94;8.91;7;8;158.93333;3.23761;0.32;0.06;;15;;95.97;-1.87;0.9;-0.99;-1.85;-1.52;-1.75;1.36;1.07;0.94;1.04;;;;;;;;;;;;0.10397;0.5269;-0.16544;0.15063;;;;;4;3.64884;4.24153;6.33966;7.4753;-2.48522;-3.72057;-16.91114;-21.75378;1.27;1;0;5;;0.49;;;;3;3;3;2;3;3;3;;1.37;;;86;-12.36;0/4;;;;;Renta Fija;133;120;125;https://bancaonline.bankinter.com/resources/allfundssheets-enmenm/es/?isin=LU1775968339&language=es&currency=EUR&channel=nbol;2026-09-10
LU1775967950;Invesco Global High Yield AEURH;Invesco Funds - Invesco Global High Yield Fund A (EUR Hedged) EUR;Invesco Management S.A.;Fixed Income;Global Fixed Income;RF Bonos Alto Rendimiento Global - EUR Cubierto;FO;EUR;Luxemburgo;2;2;1.27;1000;True;False;2018-10-08;;;;;0;-0.04;0.13;0.21;0.55;0.59;1.89;5.12;0.71;1.54;5.33;4.74;7.24;-12.26;1.52;3.96;8.87;7;8;158.93333;3.23761;0.32;0.06;;15;;96.39;-2.02;0.82;-0.9;-1.78;-1.51;-1.73;1.3;1.06;0.93;1.03;;;;;;;;;;;;0.1186;0.53798;-0.16615;0.15147;;;;;3;3.50686;4.17059;6.27764;7.42477;-2.4947;-3.65639;-16.85591;-21.70292;1.27;1;0;5;;0.49;;;;3;3;3;2;3;3;3;;1.4;;;86;-12.26;0/4;;;;;Renta Fija;133;120;125;https://bancaonline.bankinter.com/resources/allfundssheets-enmenm/es/?isin=LU1775967950&language=es&currency=EUR&channel=nbol;2026-09-10
LU1670722161;M&G (Lux) Glb Fl Rt HY A H EUR Acc;M&G (Lux) Global Floating Rate High Yield Fund EUR A-H Acc;M&G Luxembourg S.A.;Fixed Income;Global Fixed Income;RF Bonos Alto Rendimiento Global - EUR Cubierto;FO;EUR;Luxemburgo;2;4;1.19;1000;True;False;2018-09-21;;;;;-0.01;-0.01;0.29;1.36;2.48;1.75;1.69;4.8;3.87;2.82;3.09;6.63;11.41;-3.31;4.46;-0.75;4.25;7;;18.12539;;;;;14;2.8;39.45;-0.58;3.04;-0.69;0.88;1.72;0.14;0.43;0.31;0.39;0.78;;;;;;;;;;;;-0.16776;1.08232;0.57193;0.34866;;;;;2;1.54911;1.97021;3.51482;6.62805;-1.65038;-2.45681;-8.96497;-20.10419;1.19;1;0;4;0;0.05;;;;0;0;1;3;3;0;1;;1.95;;;71;-3.31;2/4;;;;;Renta Fija;133;120;125;https://bancaonline.bankinter.com/resources/allfundssheets-enmenm/es/?isin=LU1670722161&language=es&currency=EUR&channel=nbol;2026-09-10
LU1670722245;M&G (Lux) Glb Fl Rt HY A H EUR Inc;M&G (Lux) Global Floating Rate High Yield Fund EUR A-H Inc;M&G Luxembourg S.A.;Fixed Income;Global Fixed Income;RF Bonos Alto Rendimiento Global - EUR Cubierto;FO;EUR;Luxemburgo;2;4;1.19;1000;True;False;2018-09-21;;;;;-0.01;-0.01;0.29;1.38;2.52;1.78;1.71;4.82;3.9;2.84;3.23;6.5;11.54;-3.34;4.53;-0.69;4.22;7;;18.12539;;;;0;14;2.8;41.44;-0.58;3.01;-0.68;0.88;1.75;0.15;0.43;0.31;0.39;0.78;;;;;;;;;;;;-0.15414;1.10532;0.58172;0.35044;;;;;2;1.57704;1.94433;3.51008;6.63414;-1.66374;-2.40367;-8.9522;-20.11908;1.19;1;0;4;0;0.05;;;;0;0;1;3;3;0;0;;2.01;;;71;-3.34;2/4;;;;;Renta Fija;133;120;125;https://bancaonline.bankinter.com/resources/allfundssheets-enmenm/es/?isin=LU1670722245&language=es&currency=EUR&channel=nbol;2026-09-10
IE00BDTYYP61;Man Hi Yld Opps D EUR Acc;Man Funds VI plc - Man High Yield Opportunities D EUR;Man Group Ltd;Fixed Income;Global Fixed Income;RF Bonos Alto Rendimiento Global - EUR Cubierto;FO;EUR;Irlanda;3;5;1.57;1000;True;False;2019-01-17;;;;;0.02;-0.08;0.14;1.68;2.94;3.67;3.52;8.75;3.56;;6.04;11.02;10.08;-11.32;10.02;10.77;;7;;93.23308;;0.32;;;16;3.8;59.98;0.85;2.44;0.97;3.59;1.37;;0.69;0.56;0.7;;;;;;;;;;;;;0.72242;2.05602;0.32164;;;;;;2;2.31841;2.86088;5.58341;;-1.69396;-2.6477;-17.77287;;1.57;1.35;0;0;0;0.31;;;;0;0;0;0;0;0;;;3.3;;;83;-11.32;3/4;;;;;Renta Fija;133;120;125;https://bancaonline.bankinter.com/resources/allfundssheets-enmenm/es/?isin=IE00BDTYYP61&language=es&currency=EUR&channel=nbol;2026-09-10
IE00BN4PYZ40;Muzinich LongShortCreditYld HEUR Acc NA;Muzinich LongShortCreditYield Fund Hedged Euro Accumulation NA Units;Muzinich & Co. (Ireland) Limited;Fixed Income;Global Fixed Income;RF Bonos Alto Rendimiento Global - EUR Cubierto;FO;EUR;Irlanda;2;2;1.4;5000;True;False;2021-03-03;;;;;-0.03;-0.15;0.03;-0.19;0.32;0.26;0.46;3.27;0.52;;1.7;5.23;3.14;-7.25;;;;4;;17660.03824;15.57704;2.16;0.98;;;;51.61;-1.18;3.06;-1.65;-0.64;-1.53;;0.32;0.24;0.27;;;;;;;;;;;;;-1.14674;0.21168;-0.66697;;;;;;1;1.15816;1.36752;2.28571;;-0.94315;-2.29548;-8.39087;;1.4;1.15;1;1;;0.19;;;;3;2;3;3;3;3;;;1.42;;;75;-7.25;0/4;;;;;Renta Fija;133;120;125;https://bancaonline.bankinter.com/resources/allfundssheets-enmenm/es/?isin=IE00BN4PYZ40&language=es&currency=EUR&channel=nbol;2026-09-10
IE00BF8H6M17;Muzinich LongShortCreditYld HEUR Acc NR;Muzinich LongShortCreditYield Fund Hedged Euro Accumulation NR Units;Muzinich & Co. (Ireland) Limited;Fixed Income;Global Fixed Income;RF Bonos Alto Rendimiento Global - EUR Cubierto;FO;EUR;Irlanda;2;2;1.84;1000;True;False;2013-11-14;;;;;-0.03;-0.15;0.01;-0.27;0.16;0.07;0.17;3.01;0.2;1.05;1.4;5.07;2.78;-7.68;1.18;5.9;6.1;4;;17660.03824;15.57704;2.16;0.98;;;;50.47;-1.27;3.05;-1.97;-0.91;-1.85;-0.46;0.32;0.24;0.27;0.29;;;;;;;;;;;;-1.38871;0.01489;-0.80982;0.14518;;;;;1;1.17958;1.40653;2.31487;2.40223;-1.08255;-2.36328;-9.03256;-9.05589;1.84;1.5;1;3;0;0.19;;;;3;2;3;3;3;3;3;;1.27;;;86;-7.68;0/4;;;;;Renta Fija;133;120;125;https://bancaonline.bankinter.com/resources/allfundssheets-enmenm/es/?isin=IE00BF8H6M17&language=es&currency=EUR&channel=nbol;2026-09-10
IE00B11XZ327;PIMCO GIS Glb Hi Yld Bd E EURH Acc;PIMCO GIS Global High Yield Bond Fund E Class EUR (Hedged) Accumulation;PIMCO Global Advisors (Ireland) Limited;Fixed Income;Global Fixed Income;RF Bonos Alto Rendimiento Global - EUR Cubierto;FO;EUR;Irlanda;2;2;1.47;1000;True;False;2006-03-31;;;;;0;-0.19;0.04;0.31;0.15;0.23;1.75;5.17;0.94;1.8;5.04;4.91;9.6;-13.06;1.72;1.67;10.86;;4;;;;;;13;5.14;96.72;-2.11;0.7;-1.16;-1.34;-1.31;-1.35;1.11;0.98;1.04;0.96;;;;;;;;;;;;-0.01561;0.62171;-0.11346;0.19244;;;;;3;3.03926;3.89199;6.83964;6.74691;-2.75125;-3.53737;-17.70124;-20.56384;1.47;2.5;0;5;0;0.26;;;;3;3;3;3;3;3;3;;1.46;;;86;-13.06;0/4;;;;;Renta Fija;133;120;125;https://bancaonline.bankinter.com/resources/allfundssheets-enmenm/es/?isin=IE00B11XZ327&language=es&currency=EUR&channel=nbol;2026-09-10
LU0545439217;Robeco High Yield Bonds 0DH €;Robeco High Yield Bonds 0DH €;Robeco Institutional Asset Management BV;Fixed Income;Global Fixed Income;RF Bonos Alto Rendimiento Global - EUR Cubierto;FO;EUR;Luxemburgo;3;3;1.32;0;True;False;2010-10-04;;;;;-0.03;-0.17;-0.02;0.4;0.49;1.07;2.18;4.68;1.13;2.27;4.61;3.75;8.52;-10.73;2.38;2.8;8.28;;7;;;;;;14;4.41859;93.18;-1.96;1.01;-0.58;-1.61;-1.1;-0.83;1.01;0.93;0.94;0.92;;;;;;;;;;;;0.16107;0.51771;-0.09663;0.25782;;;;;3;2.7229;3.72645;6.31169;6.64251;-2.78536;-3.88977;-15.53972;-21.5792;1.32;1.1;0;3;0;0.1;0.5;;;2;2;2;2;3;2;2;;1.2;;;86;-10.73;0/4;;;;;Renta Fija;133;120;125;https://bancaonline.bankinter.com/resources/allfundssheets-enmenm/es/?isin=LU0545439217&language=es&currency=EUR&channel=nbol;2026-09-10
LU0454740118;Robeco High Yield Bonds BH €;Robeco High Yield Bonds BH €;Robeco Institutional Asset Management BV;Fixed Income;Global Fixed Income;RF Bonos Alto Rendimiento Global - EUR Cubierto;FO;EUR;Luxemburgo;4;3;1.32;0;True;False;2009-12-18;;;;;-0.05;-0.21;-0.05;0.36;0.48;1.05;2.14;4.68;1.12;2.31;4.61;3.74;8.54;-10.72;2.38;2.84;11.1;;7;;;;;;14;4.41859;92.91;-1.92;1.02;-0.57;-1.62;-1.1;-0.78;1.03;0.93;0.94;0.91;;;;;;;;;;;;0.16795;0.51593;-0.0968;0.26717;;;;;3;2.77578;3.75251;6.31091;6.51477;-2.77003;-3.87697;-15.56319;-21.56045;1.32;1.1;0;3;0;0.1;0.5;;;2;3;2;2;3;2;2;;1.21;;;86;-10.72;0/4;;;;;Renta Fija;133;120;125;https://bancaonline.bankinter.com/resources/allfundssheets-enmenm/es/?isin=LU0454740118&language=es&currency=EUR&channel=nbol;2026-09-10
LU0085136942;Robeco High Yield Bonds DH €;Robeco High Yield Bonds DH €;Robeco Institutional Asset Management BV;Fixed Income;Global Fixed Income;RF Bonos Alto Rendimiento Global - EUR Cubierto;FO;EUR;Luxemburgo;2;3;1.32;0;True;False;1998-04-17;;;;;-0.03;-0.17;-0.03;0.39;0.48;1.06;2.17;4.68;1.13;2.3;4.62;3.75;8.52;-10.73;2.38;2.67;11.09;;7;;;;;;14;4.41859;93.14;-1.96;1.01;-0.58;-1.6;-1.1;-0.81;1.01;0.93;0.94;0.92;;;;;;;;;;;;0.15844;0.51773;-0.09662;0.26418;;;;;3;2.71422;3.7226;6.3108;6.55507;-2.79035;-3.89838;-15.54496;-21.85834;1.32;1.1;0;3;0;0.1;0.5;;;2;2;2;2;3;2;2;;1.2;;;86;-10.73;0/4;;;;;Renta Fija;133;120;125;https://bancaonline.bankinter.com/resources/allfundssheets-enmenm/es/?isin=LU0085136942&language=es&currency=EUR&channel=nbol;2026-09-10
LU0569862609;UBAM Global High Yield Solution AHC EUR;UBAM - Global High Yield Solution AHC EUR;UBP Asset Management (Europe) S.A.;Fixed Income;Global Fixed Income;RF Bonos Alto Rendimiento Global - EUR Cubierto;FO;EUR;Luxemburgo;3;5;0.7;0;True;False;2010-12-03;;;;;0.04;0.01;-0.07;0.78;2.43;1.79;4.38;8.16;4.51;3.66;8.02;8.48;12.67;-7.24;2.83;-1.52;9.07;;4;;;;;;13;;87.14;0.92;1.66;1.26;1.09;2.16;0.67;1.48;1.09;0.97;0.88;;;;;;;;;;;;0.65603;1.16255;0.40003;0.46927;;;;;3;4.1713;4.54059;6.79768;6.63975;-3.94529;-4.86834;-14.67912;-18.50907;0.7;0.4;0;3;0;0.13;;;;1;0;1;0;0;0;0;;1.68;;;71;-7.24;4/4;;;;;Renta Fija;133;120;125;https://bancaonline.bankinter.com/resources/allfundssheets-enmenm/es/?isin=LU0569862609&language=es&currency=EUR&channel=nbol;2026-09-10
LU0567554463;BGF Global High Yield Bond A2 GBP Hedged;BlackRock Global Funds - Global High Yield Bond Fund A2 GBP Hedged;BlackRock (Luxembourg) SA;Fixed Income;Global Fixed Income;RF Bonos Alto Rendimiento Global - GBP Cubierto;FO;GBP;Luxemburgo;2;2;1.46;;True;False;2010-12-14;;;;;-0.04;0.04;0.17;0.96;2.22;2.22;3.97;7.79;2.29;3.27;7.8;7.84;11;-14.12;1.96;4.51;11.97;8;7;6881.2556;13.89101;2.43;0.75;0.00904;15;7.55;98;-1.2;0.56;-0.53;-0.66;-1.4;-1.09;1.2;1.01;0.99;0.99;;;;;;;;;;;;0.22127;0.80292;-0.14823;0.22862;;;;;3;3.18785;3.94679;6.61505;7.07092;-2.37676;-4.68603;-18.72875;-24.35369;1.46;1.25;0;5;0;0.25;0.44;;;2;2;2;2;2;3;3;;1.66;;;86;-14.12;0/4;;;;;Renta Fija;133;120;125;https://bancaonline.bankinter.com/resources/allfundssheets-enmenm/es/?isin=LU0567554463&language=es&currency=EUR&channel=nbol;2026-09-10
LU0184630167;AXAWF Global High Yield Bds A Cap USD;AXA World Funds - Global High Yield Bonds A Capitalisation USD;BNP PARIBAS ASSET MANAGEMENT Europe;Fixed Income;Global Fixed Income;RF Bonos Alto Rendimiento Global - USD Cubierto;FO;USD;Luxemburgo;2;3;1.49;0;True;False;2004-02-27;;;;;-0.08;-0.06;0.03;1.18;2.39;2.08;3.44;7.37;3.45;4.25;6.75;7.72;11.43;-9.84;3.28;4.2;11.98;;7;;;;;;15;3.74908;98.16;-2.61;0.53;-0.94;-1.2;-0.86;-0.91;0.94;0.98;0.94;0.92;;;;;;;;;;;;0.02865;0.68079;-0.03546;0.30065;;;;;3;2.54514;3.88865;6.21481;6.44122;-2.37086;-4.12239;-13.8247;-18.86717;1.49;1.25;0;3;0;0.21;0.02;;;1;0;2;3;3;2;1;;1.79;;;86;-9.84;1/4;;;;;Renta Fija;133;120;125;https://bancaonline.bankinter.com/resources/allfundssheets-enmenm/es/?isin=LU0184630167&language=es&currency=EUR&channel=nbol;2026-09-10
LU0764618640;BGF Global High Yield Bond A6;BlackRock Global Funds - Global High Yield Bond Fund A6;BlackRock (Luxembourg) SA;Fixed Income;Global Fixed Income;RF Bonos Alto Rendimiento Global - USD Cubierto;FO;USD;Luxemburgo;2;3;1.46;5000;True;False;2012-04-02;;;;;0;0.17;0.26;0.96;2.29;2.29;4.04;8.1;2.92;4.39;8.07;8.21;11.83;-12.81;2.17;7.02;14.22;8;7;9260.45056;13.89101;2.43;0.75;0.00904;15;7.55;97.83;-1.1;0.58;-0.57;-0.58;-1.37;-0.89;1.18;1;0.98;0.97;;;;;;;;;;;;0.22548;0.84273;-0.10907;0.3099;;;;;3;3.14594;3.97618;6.56406;6.835;-2.32255;-4.65838;-17.82574;-23.65553;1.46;1.25;0;5;0;0.21;0.45;;;2;1;2;1;1;2;1;;1.74;;;86;-12.81;1/4;;;;;Renta Fija;133;120;125;https://bancaonline.bankinter.com/resources/allfundssheets-enmenm/es/?isin=LU0764618640&language=es&currency=EUR&channel=nbol;2026-09-10
IE0030011294;BNY Mellon Global Hi Yld Bd A EUR Acc;BNY Mellon Global High Yield Bond Fund A EUR Acc;BNY Mellon Fund Management (Lux) S.A.;Fixed Income;Global Fixed Income;RF Bonos Alto Rendimiento Global - USD Cubierto;FO;EUR;Irlanda;3;3;1.5;5000;True;False;2004-02-11;;;;;0.06;-0.22;-0.46;0.22;0.97;2.81;3.8;4.69;3.42;3.94;-4.86;14.61;8.51;-7.15;12.59;-5.17;17.31;;;;;;;;;;91.13;-0.7;1.48;-2.06;-1.48;-1.13;-1.19;1.1;1.14;0.97;1.03;;;;;;;;;;;;0.43506;0.39906;0.2456;0.41667;;;;;4;4.10248;6.53765;7.23967;8.08117;-2.85678;-11.97608;-11.97608;-22.00037;1.5;1.25;0;5;0;1.32;0.15;;;2;3;3;3;2;2;2;;0.39;;;57;-7.15;1/4;;;;;Renta Fija;133;120;125;https://bancaonline.bankinter.com/resources/allfundssheets-enmenm/es/?isin=IE0030011294&language=es&currency=EUR&channel=nbol;2026-09-10
LU0740037022;Fidelity Global High Yield A-Acc-USD;Fidelity Funds - Global High Yield Fund A-Acc-USD;FIL Investment Management (Luxembourg) S.à r.l.;Fixed Income;Global Fixed Income;RF Bonos Alto Rendimiento Global - USD Cubierto;FO;USD;Luxemburgo;2;2;1.43;2500;True;False;2012-03-05;;;;;-0.11;-0.17;0.17;1.23;2.73;3.37;4.99;8;1.92;3.39;6.84;8.69;7.87;-12.3;0.31;4.2;13.14;4;7;;94.96676;7.2;;;15;12.6819;89.66;-0.54;1.26;0.15;-0.37;-2.35;-1.9;1.22;0.93;0.86;0.99;;;;;;;;;;;;0.43946;0.85261;-0.29126;0.1604;;;;;3;3.34088;3.8635;6.26118;7.21709;-2.19841;-4.98498;-20.06061;-23.08189;1.43;1.25;0;4;0;0.25;0.35;;;1;0;0;0;2;3;3;;1.6;;;86;-12.3;1/4;;;;;Renta Fija;133;120;125;https://bancaonline.bankinter.com/resources/allfundssheets-enmenm/es/?isin=LU0740037022&language=es&currency=EUR&channel=nbol;2026-09-10
LU0766124472;Fidelity Global High Yield E-Acc-EUR;Fidelity Funds - Global High Yield Fund E-Acc-EUR;FIL Investment Management (Luxembourg) S.à r.l.;Fixed Income;Global Fixed Income;RF Bonos Alto Rendimiento Global - USD Cubierto;FO;EUR;Luxemburgo;3;1;1.83;;True;False;2012-05-01;;;;;-0.11;-0.48;-0.43;0.38;2.32;4.04;5.64;4.66;1.83;2.64;-6.16;15.71;3.92;-7.06;7.32;-4.69;15.02;4;7;;94.96676;7.2;;;15;12.6819;88.51;-0.87;1.32;-0.32;-0.7;-2.76;-2.34;1.19;0.9;0.86;1;;;;;;;;;;;;1.00495;0.37051;0.01307;0.26185;;;;;3;3.57017;6.81069;7.29269;8.27971;-3.03031;-12.66218;-12.66218;-22.75311;1.83;1.5;0;0;0;0.25;0.35;;;1;1;0;1;2;3;3;;0.37;;;57;-7.06;1/4;;;;;Renta Fija;133;120;125;https://bancaonline.bankinter.com/resources/allfundssheets-enmenm/es/?isin=LU0766124472&language=es&currency=EUR&channel=nbol;2026-09-10
LU0234573771;GS Glbl Hi Yld Base Acc USD;Goldman Sachs Global High Yield Portfolio Base Acc USD;Goldman Sachs Asset Management B.V.;Fixed Income;Global Fixed Income;RF Bonos Alto Rendimiento Global - USD Cubierto;FO;USD;Luxemburgo;2;2;1.3;5000;True;False;2005-11-14;;;;;0;0;0.07;1;1.79;1.94;3.64;7.57;2.73;3.98;8.45;6.55;11.9;-13.18;3.28;5.47;14.27;5;7;;16.97854;3.03;;;15;;96.52;-1.23;0.95;-0.79;-1.52;-1.53;-1.69;1.15;1.12;1.04;1.12;;;;;;;;;;;;0.14621;0.64181;-0.12118;0.22536;;;;;4;3.08786;4.46707;6.90954;7.87302;-2.25508;-5.34656;-17.29895;-22.49105;1.3;1.1;0;6;0;0.04;0.5;;;1;2;2;2;2;3;2;;1.42;;;86;-13.18;0/4;;;;;Renta Fija;133;120;125;https://bancaonline.bankinter.com/resources/allfundssheets-enmenm/es/?isin=LU0234573771&language=es&currency=EUR&channel=nbol;2026-09-10
LU0083912112;GS Glbl Hi Yld Base Inc USD;Goldman Sachs Global High Yield Portfolio Base Inc USD;Goldman Sachs Asset Management B.V.;Fixed Income;Global Fixed Income;RF Bonos Alto Rendimiento Global - USD Cubierto;FO;USD;Luxemburgo;2;2;1.3;5000;True;False;1998-01-27;;;;;0;0;0.14;0.99;1.7;1.99;3.59;7.55;2.74;3.96;8.37;6.5;11.95;-13.15;3.31;5.48;14.14;5;7;;16.97854;3.03;;;15;;96.83;-1.28;0.92;-0.92;-1.56;-1.56;-1.7;1.15;1.12;1.04;1.12;;;;;;;;;;;;0.10384;0.63521;-0.12589;0.22426;;;;;4;3.09083;4.47884;6.86804;7.86523;-2.2599;-5.27816;-17.30077;-22.50317;1.3;1.1;0;6;0;0.04;0.5;;;1;2;3;2;2;3;2;;1.43;;;86;-13.15;0/4;;;;;Renta Fija;133;120;125;https://bancaonline.bankinter.com/resources/allfundssheets-enmenm/es/?isin=LU0083912112&language=es&currency=EUR&channel=nbol;2026-09-10
LU1775969659;Invesco Global High Yield A-SD USD;Invesco Funds - Invesco Global High Yield Fund A Semi-annual Distribution USD;Invesco Management S.A.;Fixed Income;Global Fixed Income;RF Bonos Alto Rendimiento Global - USD Cubierto;FO;USD;Luxemburgo;2;2;1.27;1500;True;False;2018-10-08;;;;;0;-0.1;0.19;0.5;1.41;1.8;3.85;7.12;2.81;3.7;7.63;6.55;9.87;-10.05;2.44;6.12;12.17;7;8;182.86065;3.23761;0.32;0.06;;15;;96.45;-2.04;0.81;-0.82;-1.71;-1.45;-1.7;1.29;1.05;0.93;1.03;;;;;;;;;;;;0.16354;0.57317;-0.13233;0.20252;;;;;3;3.45923;4.1926;6.28882;7.3581;-2.23105;-3.51758;-15.13339;-21.43027;1.27;1;0;5;;0.47;;;;3;3;3;2;3;3;2;;2.02;;;86;-10.05;0/4;;;;;Renta Fija;133;120;125;https://bancaonline.bankinter.com/resources/allfundssheets-enmenm/es/?isin=LU1775969659&language=es&currency=EUR&channel=nbol;2026-09-10
LU1670723136;M&G (Lux) Glb Fl Rt HY A USD Acc;M&G (Lux) Global Floating Rate High Yield Fund USD A Acc;M&G Luxembourg S.A.;Fixed Income;Global Fixed Income;RF Bonos Alto Rendimiento Global - USD Cubierto;FO;USD;Luxemburgo;2;4;1.17;1000;True;False;2018-09-21;;;;;-0.01;0.02;0.42;1.76;3.34;2.93;3.6;6.76;5.9;4.93;5.48;8.28;13.75;-1.05;5.39;1.02;7.44;7;;20.85416;;;;0;14;2.8;40.91;-0.61;3.06;-0.7;0.89;1.73;0.17;0.43;0.31;0.39;0.78;;;;;;;;;;;;-0.15519;1.10868;0.59417;0.39397;;;;;2;1.52689;1.96136;3.54318;6.59697;-1.3464;-2.30327;-8.23031;-19.85229;1.17;1;0;4;0;0.03;;;;0;0;1;3;3;0;0;;2.93;;;86;-1.05;2/4;;;;;Renta Fija;133;120;125;https://bancaonline.bankinter.com/resources/allfundssheets-enmenm/es/?isin=LU1670723136&language=es&currency=EUR&channel=nbol;2026-09-10
LU1670723219;M&G (Lux) Glb Fl Rt HY A USD Inc;M&G (Lux) Global Floating Rate High Yield Fund USD A Inc;M&G Luxembourg S.A.;Fixed Income;Global Fixed Income;RF Bonos Alto Rendimiento Global - USD Cubierto;FO;USD;Luxemburgo;2;4;1.17;1000;True;False;2018-09-21;;;;;-0.01;0.02;0.42;1.75;3.34;2.93;3.6;6.76;5.9;4.93;5.48;8.28;13.75;-1.06;5.38;1.05;7.44;7;;20.85416;;;;;14;2.8;40.92;-0.61;3.06;-0.7;0.89;1.73;0.17;0.43;0.31;0.39;0.78;;;;;;;;;;;;-0.15445;1.10853;0.59382;0.39396;;;;;2;1.52687;1.96129;3.54363;6.59777;-1.34701;-2.30347;-8.23511;-19.85049;1.17;1;0;4;0;0.03;;;;0;0;1;3;3;0;0;;2.93;;;86;-1.06;2/4;;;;;Renta Fija;133;120;125;https://bancaonline.bankinter.com/resources/allfundssheets-enmenm/es/?isin=LU1670723219&language=es&currency=EUR&channel=nbol;2026-09-10
IE000AQP1N64;Man Hi Yld Opps D USD Acc H;Man Funds VI plc - Man High Yield Opportunities D H USD;Man Group Ltd;Fixed Income;Global Fixed Income;RF Bonos Alto Rendimiento Global - USD Cubierto;FO;USD;Irlanda;3;5;1.57;1000;True;False;2022-08-19;;;;;0.03;-0.04;0.27;2.08;3.81;4.87;5.41;10.65;;;8.29;12.68;12.23;;;;;7;;110.07967;;0.32;;;16;3.8;60.16;0.79;2.48;0.9;3.5;;;0.69;0.55;;;;;;;;;;;;;;0.71468;2.03484;;;;;;;2;2.29845;2.86283;;;-1.48747;-2.46647;;;1.57;1.35;0;0;0;0.31;;;;0;0;0;0;0;;;;4.32;;;100;8.29;2/4;;;;;Renta Fija;133;120;125;https://bancaonline.bankinter.com/resources/allfundssheets-enmenm/es/?isin=IE000AQP1N64&language=es&currency=EUR&channel=nbol;2026-09-10
IE00B1D7YM41;PIMCO GIS Glb Hi Yld Bd E USD Acc;PIMCO GIS Global High Yield Bond Fund E Class USD Accumulation;PIMCO Global Advisors (Ireland) Limited;Fixed Income;Global Fixed Income;RF Bonos Alto Rendimiento Global - USD Cubierto;FO;USD;Irlanda;2;3;1.47;1000;True;False;2006-09-11;;;;;0;-0.14;0.17;0.69;1.04;1.43;3.67;7.11;2.9;3.9;7.17;6.66;12.01;-11.08;2.65;3.72;14.24;;4;;;;;;13;5.14;96.83;-2.27;0.7;-1.2;-1.38;-1.43;-1.36;1.1;0.98;1.04;0.95;;;;;;;;;;;;-0.00607;0.62845;-0.10621;0.23687;;;;;3;2.98914;3.91437;6.86023;6.69732;-2.56145;-3.34313;-16.17888;-20.07544;1.47;2.5;0;5;0;0.19;;;;3;3;3;3;3;3;2;;2.13;;;86;-11.08;0/4;;;;;Renta Fija;133;120;125;https://bancaonline.bankinter.com/resources/allfundssheets-enmenm/es/?isin=IE00B1D7YM41&language=es&currency=EUR&channel=nbol;2026-09-10
IE00B193ML14;PIMCO GIS Glb Hi Yld Bd E USD Inc;PIMCO GIS Global High Yield Bond Fund E Class USD Income;PIMCO Global Advisors (Ireland) Limited;Fixed Income;Global Fixed Income;RF Bonos Alto Rendimiento Global - USD Cubierto;FO;USD;Irlanda;2;3;1.47;1000;True;False;2006-07-31;;;;;-0.09;-0.19;0.09;0.68;1.02;1.4;3.66;7.08;2.89;3.9;7.17;6.62;12.05;-11.1;2.63;3.73;14.25;;4;;;;;;13;5.14;97.07;-2.35;0.67;-1.28;-1.43;-1.44;-1.37;1.12;0.99;1.05;0.95;;;;;;;;;;;;-0.02356;0.62226;-0.1069;0.2359;;;;;3;3.04954;3.95446;6.89329;6.71749;-2.50697;-3.33706;-16.18877;-20.08813;1.47;2.5;0;5;0;0.19;0;;;3;3;3;3;3;3;2;;2.12;;;86;-11.1;0/4;;;;;Renta Fija;133;120;125;https://bancaonline.bankinter.com/resources/allfundssheets-enmenm/es/?isin=IE00B193ML14&language=es&currency=EUR&channel=nbol;2026-09-10
LU0594695172;Robeco High Yield Bonds 0DH $;Robeco High Yield Bonds 0DH $;Robeco Institutional Asset Management BV;Fixed Income;Global Fixed Income;RF Bonos Alto Rendimiento Global - USD Cubierto;FO;USD;Luxemburgo;2;3;1.32;0;True;False;2011-02-28;;;;;-0.03;-0.14;0.11;0.78;1.42;2.31;4.14;6.62;3.17;4.36;6.74;5.41;11.11;-8.48;3.2;4.27;11.48;;7;;;;;;14;4.41859;93;-2.01;1.03;-0.58;-1.63;-1.12;-0.87;1;0.92;0.94;0.92;;;;;;;;;;;;0.18523;0.52748;-0.07851;0.29922;;;;;2;2.66871;3.75073;6.27534;6.63431;-2.54162;-3.74933;-13.91206;-21.17977;1.32;1.1;0;3;0;0.09;0.5;;;2;2;2;2;3;2;1;;1.77;;;86;-8.48;0/4;;;;;Renta Fija;133;120;125;https://bancaonline.bankinter.com/resources/allfundssheets-enmenm/es/?isin=LU0594695172&language=es&currency=EUR&channel=nbol;2026-09-10
LU0594695099;Robeco High Yield Bonds DH $;Robeco High Yield Bonds DH $;Robeco Institutional Asset Management BV;Fixed Income;Global Fixed Income;RF Bonos Alto Rendimiento Global - USD Cubierto;FO;USD;Luxemburgo;2;3;1.32;0;True;False;2011-03-14;;;;;-0.03;-0.15;0.11;0.78;1.42;2.31;4.15;6.62;3.17;4.42;6.74;5.41;11.11;-8.46;3.2;4.28;14.37;;7;;;;;;14;4.41859;93.02;-2.01;1.03;-0.57;-1.63;-1.12;-0.81;1;0.92;0.94;0.92;;;;;;;;;;;;0.18794;0.52734;-0.07751;0.31072;;;;;2;2.6713;3.74813;6.27633;6.52623;-2.53929;-3.74266;-13.90542;-21.17646;1.32;1.1;0;3;0;0.09;0.5;;;2;2;2;2;3;2;1;;1.77;;;86;-8.46;0/4;;;;;Renta Fija;133;120;125;https://bancaonline.bankinter.com/resources/allfundssheets-enmenm/es/?isin=LU0594695099&language=es&currency=EUR&channel=nbol;2026-09-10
LU0569862351;UBAM Global High Yield Solution AC USD;UBAM - Global High Yield Solution AC USD;UBP Asset Management (Europe) S.A.;Fixed Income;Global Fixed Income;RF Bonos Alto Rendimiento Global - USD Cubierto;FO;USD;Luxemburgo;3;5;0.7;0;True;False;2010-12-03;;;;;0.04;0.04;0.11;1.21;3.48;3.18;6.62;10.41;6.84;6.02;10.46;10.47;15.42;-4.56;3.86;0.63;12.58;;4;;;;;;13;;87.14;1.03;1.67;1.42;1.26;2.34;0.9;1.49;1.09;0.98;0.87;;;;;;;;;;;;0.72598;1.21179;0.44909;0.55058;;;;;3;4.17574;4.58329;6.85978;6.61093;-3.62957;-4.68054;-12.92092;-18.15114;0.7;0.4;0;3;0;0.05;;;;1;0;0;0;0;0;0;;2.22;;;86;-4.56;0/4;;;;;Renta Fija;133;120;125;https://bancaonline.bankinter.com/resources/allfundssheets-enmenm/es/?isin=LU0569862351&language=es&currency=EUR&channel=nbol;2026-09-10
LU0292585030;AXAIMFIIS US Short Dur HY F Cap USD;AXA IM Fixed Income Investment Strategies - US Short Duration High Yield F Capitalisation USD;BNP PARIBAS ASSET MANAGEMENT Europe;Fixed Income;US Fixed Income;RF Bonos Alto Rendimiento USD;FO;USD;Luxemburgo;2;2;1.19;0;True;False;2007-03-30;;;;;-0.04;0.01;0.02;0.89;1.63;1.7;3.48;6.13;3.43;3.32;6.58;5.77;9.12;-5.72;2.54;3.09;7.18;;7;;;;;;15;2.45467;94.53;-1.31;1.88;-0.61;-0.81;-0.65;-0.8;0.58;0.59;0.65;0.56;;;;;;;;;;;;-0.00614;0.5281;-0.07708;0.21289;;;;;1;1.49194;2.61554;4.61648;4.1457;-1.39746;-2.01333;-8.70962;-13.05789;1.19;1;0;3;0;0.08;0.01;;;2;2;3;2;3;2;3;;3.04;;;86;-5.72;1/4;;;;;Renta Fija;133;120;125;https://bancaonline.bankinter.com/resources/allfundssheets-enmenm/es/?isin=LU0292585030&language=es&currency=EUR&channel=nbol;2026-09-10
LU0276014999;AXAWF US High Yield Bonds A Cap USD;AXA World Funds - US High Yield Bonds A Capitalisation USD;BNP PARIBAS ASSET MANAGEMENT Europe;Fixed Income;US Fixed Income;RF Bonos Alto Rendimiento USD;FO;USD;Luxemburgo;2;3;1.44;0;True;False;2010-02-26;;;;;-0.06;0.01;0.17;1.31;2.36;1.87;3.21;7.28;3.33;4.35;7.14;7.22;11.48;-10.25;3.47;6.31;11.54;;7;;;;;;15;3.9617;97.76;-1.98;0.66;-1.02;-1.02;-0.76;-0.58;0.89;0.95;0.94;0.86;;;;;;;;;;;;-0.04188;0.60804;-0.04945;0.32282;;;;;3;2.25385;4.14457;6.52661;6.22461;-2.33475;-3.72833;-14.03234;-17.14862;1.44;1.2;0;3;0;0.05;0.02;;;0;1;2;3;2;2;1;;1.95;;;86;-10.25;1/4;;;;;Renta Fija;133;120;125;https://bancaonline.bankinter.com/resources/allfundssheets-enmenm/es/?isin=LU0276014999&language=es&currency=EUR&channel=nbol;2026-09-10
LU1883861137;Amundi Fds US HY Bond A EUR C;Amundi Funds - US High Yield Bond A EUR (C);Amundi Luxembourg S.A.;Fixed Income;US Fixed Income;RF Bonos Alto Rendimiento USD;FO;EUR;Luxemburgo;3;2;1.63;1;True;False;2000-12-18;;;;;0;-0.19;-0.51;0.26;1.42;3.37;4.96;4.33;3.18;3.45;-5.37;14.28;6.06;-5.64;13.27;-6.51;16.58;;7;;;;;;15;3.75;95.32;-1.46;0.93;-0.39;-1.06;-1.21;-1.63;0.92;0.94;0.89;1.07;;;;;;;;;;;;0.87892;0.32254;0.2017;0.34264;;;;;4;3.65999;6.51422;7.31703;8.658;-2.78679;-12.21606;-12.21606;-24.27955;1.63;1.35;1;5;0;0.23;0.5;;;2;2;1;1;2;2;2;;0.35;;;57;-6.51;1/4;;;;;Renta Fija;133;120;125;https://bancaonline.bankinter.com/resources/allfundssheets-enmenm/es/?isin=LU1883861137&language=es&currency=EUR&channel=nbol;2026-09-10
LU1883861483;Amundi Fds US HY Bond A USD C;Amundi Funds - US High Yield Bond A USD (C);Amundi Luxembourg S.A.;Fixed Income;US Fixed Income;RF Bonos Alto Rendimiento USD;FO;USD;Luxemburgo;2;2;1.63;1;True;False;2001-12-27;;;;;0;0.11;0.16;1.05;1.9;2.36;3.94;7.22;2.85;3.77;7.29;7.17;9.71;-11.42;5.29;1.95;14.51;;7;;;;;;15;3.75;95.09;-1.43;0.95;-0.4;-1.03;-1.22;-1.63;0.9;0.93;0.89;1.07;;;;;;;;;;;;0.24452;0.59418;-0.13146;0.20128;;;;;4;2.20224;4.13982;6.21852;7.84779;-2.22097;-3.96684;-13.61353;-24.73334;1.63;1.35;1;5;0;0.23;0.5;;;2;2;1;1;2;2;2;;1.82;;;86;-11.42;0/4;;;;;Renta Fija;133;120;125;https://bancaonline.bankinter.com/resources/allfundssheets-enmenm/es/?isin=LU1883861483&language=es&currency=EUR&channel=nbol;2026-09-10
LU0046676465;BGF US Dollar High Yield BdA2;BlackRock Global Funds - US Dollar High Yield Bond Fund A2;BlackRock (Luxembourg) SA;Fixed Income;US Fixed Income;RF Bonos Alto Rendimiento USD;FO;USD;Luxemburgo;2;3;1.46;5000;True;False;1993-10-29;;;;;-0.04;0.07;0.2;1.01;1.83;1.79;3.85;7.83;3.31;4.55;8.43;7.38;12.43;-11.99;4.27;5.81;14.28;8;7;10613.24177;14.91176;2.44;0.91;0.00884;15;5.99;97.19;-1.09;0.72;-0.84;-0.64;-0.76;-0.62;1.18;0.98;0.97;0.95;;;;;;;;;;;;0.13746;0.70418;-0.0461;0.32627;;;;;3;2.90997;4.2809;6.73764;6.86554;-2.30463;-4.82127;-15.6075;-24.04886;1.46;1.25;0;5;0;0.14;0.45;;;2;2;3;2;1;2;1;;1.62;;;86;-11.99;2/4;;;;;Renta Fija;133;120;125;https://bancaonline.bankinter.com/resources/allfundssheets-enmenm/es/?isin=LU0046676465&language=es&currency=EUR&channel=nbol;2026-09-10
LU0261953904;Fidelity US High Yield A-Acc-EUR;Fidelity Funds - US High Yield Fund A-Acc-EUR;FIL Investment Management (Luxembourg) S.à r.l.;Fixed Income;US Fixed Income;RF Bonos Alto Rendimiento USD;FO;EUR;Luxemburgo;3;3;1.39;2500;True;False;2006-09-25;;;;;-0.06;-0.31;-0.31;0.57;2.23;3.87;5.89;4.52;3.67;4.1;-5.08;13.39;6.79;-3.91;13.63;-5.08;16.91;4;7;;;7.2;;;15;6.5097;96.06;-1.46;0.85;0.25;-0.99;-0.78;-0.82;1.09;0.95;0.94;1.01;;;;;;;;;;;;1.08797;0.33647;0.25728;0.43936;;;;;4;3.70402;6.55406;7.45402;8.18115;-3.06748;-12.6419;-12.6419;-22.7239;1.39;1;0;4;0;0.27;0.35;;;0;0;0;0;2;2;1;;0.36;;;57;-5.08;2/4;;;;;Renta Fija;133;120;125;https://bancaonline.bankinter.com/resources/allfundssheets-enmenm/es/?isin=LU0261953904&language=es&currency=EUR&channel=nbol;2026-09-10
LU0605520377;Fidelity US High Yield A-Acc-USD;Fidelity Funds - US High Yield Fund A-Acc-USD;FIL Investment Management (Luxembourg) S.à r.l.;Fixed Income;US Fixed Income;RF Bonos Alto Rendimiento USD;FO;USD;Luxemburgo;3;3;1.39;2500;True;False;2011-04-06;;;;;-0.1;0;0.25;1.3;2.38;2.9;4.77;7.41;3.34;4.44;7.62;6.11;10.4;-9.69;5.77;3.43;14.53;4;7;;;7.2;;;15;6.5097;96.57;-1.51;0.79;0.36;-1.01;-0.77;-0.79;1.11;0.97;0.95;0.99;;;;;;;;;;;;0.55756;0.61399;-0.05061;0.30651;;;;;3;2.7203;4.25537;6.54263;7.12925;-1.96574;-5.39082;-13.65737;-23.08176;1.39;1;0;4;0;0.27;0.35;;;1;1;0;0;2;2;1;;1.37;;;86;-9.69;2/4;;;;;Renta Fija;133;120;125;https://bancaonline.bankinter.com/resources/allfundssheets-enmenm/es/?isin=LU0605520377&language=es&currency=EUR&channel=nbol;2026-09-10
LU0132385880;Fidelity US High Yield A-Dis-EUR;Fidelity Funds - US High Yield Fund A-DIST-EUR;FIL Investment Management (Luxembourg) S.à r.l.;Fixed Income;US Fixed Income;RF Bonos Alto Rendimiento USD;FO;EUR;Luxemburgo;3;3;1.39;;True;False;2001-09-05;;;;;-0.06;-0.31;-0.33;0.58;2.23;3.86;5.89;4.53;3.68;4.09;-5.02;13.39;6.74;-3.9;13.68;-5.11;16.84;4;7;;;7.2;;;15;6.5097;96;-1.45;0.86;0.22;-0.99;-0.78;-0.83;1.1;0.95;0.94;1.01;;;;;;;;;;;;1.08607;0.33771;0.25842;0.43817;;;;;4;3.69783;6.54375;7.45072;8.16652;-3.05324;-12.60775;-12.60775;-22.7073;1.39;1;0;4;0;0.27;0.35;;;1;0;0;0;2;2;1;;0.36;;;57;-5.11;2/4;;;;;Renta Fija;133;120;125;https://bancaonline.bankinter.com/resources/allfundssheets-enmenm/es/?isin=LU0132385880&language=es&currency=EUR&channel=nbol;2026-09-10
LU0344579569;JPM Global High Yield Bd D acc USD;JPMorgan Investment Funds - Global High Yield Bond Fund D (acc) USD;JPMorgan Asset Management (Europe) S.à r.l.;Fixed Income;US Fixed Income;RF Bonos Alto Rendimiento USD;FO;USD;Luxemburgo;2;3;1.52;5000;True;False;2010-09-17;;;;;0.02;0;-0.09;0.66;1.61;1.76;3.44;7.78;3.19;4.07;8.02;8.3;9.94;-10.53;4.85;2.76;13.26;7;7;11741.00358;8.60851;0.99;1.65;;15;3.96424;97.53;-1.22;0.68;-1.13;-0.6;-0.86;-0.97;1.12;0.95;0.94;0.91;;;;;;;;;;;;0.01388;0.71068;-0.06608;0.26789;;;;;3;2.76732;4.16661;6.52274;6.5786;-2.05257;-4.92452;-14.15485;-23.56318;1.52;0.85;0;3;1;0.07;;;;3;2;2;2;1;2;2;;1.58;;;86;-10.53;1/4;;;;;Renta Fija;133;120;125;https://bancaonline.bankinter.com/resources/allfundssheets-enmenm/es/?isin=LU0344579569&language=es&currency=EUR&channel=nbol;2026-09-10
IE0033033972;Muzinich Americayield HUSD Acc R;Muzinich Americayield Fund Hedged USD Accumulation R Units;Muzinich & Co. (Ireland) Limited;Fixed Income;US Fixed Income;RF Bonos Alto Rendimiento USD;FO;USD;Irlanda;2;2;1.73;1000;True;False;2003-07-25;;;;;0;0.09;0.15;1.18;1.97;1.96;3.54;6.81;2.32;3.55;7.39;6.01;10.02;-12.47;3.39;6.68;12.33;;7;;;;;;15;4.6;96.69;-2.26;0.78;-0.79;-1.58;-1.72;-1.55;1;0.98;0.98;0.94;;;;;;;;;;;;0.10146;0.48381;-0.19229;0.18924;;;;;3;2.44569;4.29422;6.73503;6.74807;-2.33928;-3.82139;-15.99003;-19.00994;1.73;1.5;0;3;0;0.07;0;;;1;2;2;2;2;3;3;;1.78;;;86;-12.47;0/4;;;;;Renta Fija;133;120;125;https://bancaonline.bankinter.com/resources/allfundssheets-enmenm/es/?isin=IE0033033972&language=es&currency=EUR&channel=nbol;2026-09-10
IE00B4PTJ249;Muzinich ShortDurationHY HUSD Acc R;Muzinich ShortDurationHighYield Fund Hedged USD Accumulation R Units;Muzinich & Co. (Ireland) Limited;Fixed Income;US Fixed Income;RF Bonos Alto Rendimiento USD;FO;USD;Irlanda;2;2;1.3;1000;True;False;2010-10-12;;;;;0.01;0.1;0.33;1.3;2.44;2.51;4.33;5.96;3.46;3.27;6.35;5.98;8.13;-5.56;2.79;3.16;6.64;;7;;;;;;15;2.72;89.31;-1.06;2.42;0.15;-0.47;-0.61;-0.88;0.62;0.46;0.57;0.57;;;;;;;;;;;;0.50436;0.59398;-0.08593;0.20145;;;;;1;1.58285;2.10563;4.1029;4.17429;-1.37738;-3.00783;-8.67293;-15.85606;1.3;1.1;0;3;0;0.14;;;;0;0;1;1;3;2;3;;1.98;;;86;-5.56;2/4;;;;;Renta Fija;133;120;125;https://bancaonline.bankinter.com/resources/allfundssheets-enmenm/es/?isin=IE00B4PTJ249&language=es&currency=EUR&channel=nbol;2026-09-10
LU0602537226;Nordea 1 - Low Dur US Hi Yld Bd BP EUR;Nordea 1 - Low Duration US High Yield Bond Fund BP EUR;Nordea Investment Funds SA;Fixed Income;US Fixed Income;RF Bonos Alto Rendimiento USD;FO;EUR;Luxemburgo;3;3;1.34;0;True;False;2011-06-01;;;;;0.05;-0.17;-0.67;0.14;1.22;3.23;4.73;2.93;4;3.1;-5.8;11.66;4.27;2.95;10.55;-4.93;9.01;;7;;;;;;15;2.17891;84.48;-1.18;2.23;-0.67;-0.79;-0.3;-0.32;0.68;0.53;0.46;0.41;;;;;;;;;;;;0.6438;0.14271;0.34521;0.37642;;;;;1;4.24225;6.17522;6.48453;6.32551;-2.91517;-11.30321;-11.30321;-15.22707;1.34;1;0;3;0;0.03;;;;2;1;1;2;3;1;3;;0.26;;;71;-5.8;1/4;;;;;Renta Fija;133;120;125;https://bancaonline.bankinter.com/resources/allfundssheets-enmenm/es/?isin=LU0602537226&language=es&currency=EUR&channel=nbol;2026-09-10
IE00B11XZ871;PIMCO GIS US Hi Yld Bd E Acc;PIMCO GIS US High Yield Bond Fund E Class Accumulation;PIMCO Global Advisors (Ireland) Limited;Fixed Income;US Fixed Income;RF Bonos Alto Rendimiento USD;FO;USD;Irlanda;2;2;1.47;1000;True;False;2006-03-31;;;;;-0.02;-0.17;0.15;0.55;0.78;1.05;3.39;7.16;2.59;3.89;7.88;7.14;11.84;-13.04;3.5;4.42;13.85;7;7;1127.9586;;;0.73;;13;5.45;98.38;-2.4;0.55;-1.07;-1.12;-1.47;-1.33;0.81;0.97;1.01;0.97;;;;;;;;;;;;-0.10818;0.5925;-0.14607;0.22817;;;;;3;2.07398;4.22679;6.98273;6.96556;-2.56923;-3.7706;-16.3713;-20.59891;1.47;2.5;0;5;0;0.14;;;;3;3;3;3;2;3;2;;1.9;;;86;-13.04;0/4;;;;;Renta Fija;133;120;125;https://bancaonline.bankinter.com/resources/allfundssheets-enmenm/es/?isin=IE00B11XZ871&language=es&currency=EUR&channel=nbol;2026-09-10
LU0577855355;UBS(Lux) BS Short Dur HY $ P Acc;UBS (Lux) Bond SICAV - Short Duration High Yield (USD) P-acc;UBS Asset Management (Europe) S.A.;Fixed Income;US Fixed Income;RF Bonos Alto Rendimiento USD;FO;USD;Luxemburgo;2;3;1.34;;True;False;2011-02-18;;;;;-0.03;-0.01;0.41;1.27;2.33;2.38;4.76;6.44;4.16;3.75;6.5;5.9;10.79;-4.16;2.13;3.18;7.5;;7;;;;;;13;2.6133;89.17;-0.96;2.14;-0.16;-0.26;0.06;-0.42;0.65;0.54;0.56;0.57;;;;;;;;;;;;0.28591;0.71073;0.08427;0.3076;;;;;1;1.79689;2.47475;4.03691;4.20369;-1.62106;-2.42563;-7.22738;-15.57579;1.34;1.01;0;2;0;0;;;;0;0;1;1;3;0;2;;2.65;;;86;-4.16;2/4;;;;;Renta Fija;133;120;125;https://bancaonline.bankinter.com/resources/allfundssheets-enmenm/es/?isin=LU0577855355&language=es&currency=EUR&channel=nbol;2026-09-10
LU0251658612;AXAWF Euro Inflation Bonds A Cap EUR;AXA World Funds - Euro Inflation Bonds A Capitalisation EUR;BNP PARIBAS ASSET MANAGEMENT Europe;Fixed Income;Europe Fixed Income;RF Bonos Ligados Inflación EUR;FO;EUR;Luxemburgo;3;3;0.73;0;True;False;2006-04-17;;;;;0.19;0.12;-0.69;-0.59;-0.42;1.79;1.59;1.28;-0.42;0.86;0.53;-0.84;5.16;-9.39;5.13;2.99;6.46;;6;;;;;;9;8.39839;99.05;-1.17;0.52;-0.76;-0.52;-0.49;-0.56;1.06;1.07;1.02;1.01;;;;;;;;;;;;0.04004;-0.36292;-0.31191;0.04879;;;;;4;3.20337;4.48713;6.76111;5.87069;-2.0008;-4.94967;-15.87806;-15.87806;0.73;0.5;0;3;0;0;0.03;;;3;3;2;2;2;2;2;;0.26;;;71;-9.39;0/4;;;;;Renta Fija;133;120;125;https://bancaonline.bankinter.com/resources/allfundssheets-enmenm/es/?isin=LU0251658612&language=es&currency=EUR&channel=nbol;2026-09-10
IE00B04GQQ17;Vanguard Euroz InfLnk Bd Idx Inv EUR Acc;Vanguard Eurozone Inflation-Linked Bond Index Fund Investor EUR Accumulation;Vanguard Group (Ireland) Limited;Fixed Income;Europe Fixed Income;RF Bonos Ligados Inflación EUR;FO;EUR;Irlanda;3;4;0.12;1000000;True;True;2009-04-07;;;;;0.2;0.1;-0.59;-0.51;0.07;2.25;2.4;1.95;0.03;1.41;1.03;0.13;6.36;-10.33;6.45;3.71;6.89;;6;;;;;;8;8.34526;99.9;0.36;0.26;0.09;0.15;0.06;-0.04;1.04;1.05;1.05;1.06;;;;;;;;;;;;0.30464;-0.2135;-0.2318;0.13739;;;;;4;3.11875;4.41078;6.99188;6.18704;-2.00795;-5.01552;-16.58232;-16.58232;0.12;0.12;0;0;0;0.01;;;;2;2;1;0;1;1;0;;0.39;;;86;-10.33;3/4;;;;;Renta Fija;133;120;125;https://bancaonline.bankinter.com/resources/allfundssheets-enmenm/es/?isin=IE00B04GQQ17&language=es&currency=EUR&channel=nbol;2026-09-10
LU0219444592;MFS Meridian Inflation Adjstd Bd A1 USD;MFS Meridian Funds - Inflation Adjusted Bond Fund A1 USD;MFS Investment Management Company (Lux) S.à.r.l;Fixed Income;US Fixed Income;RF Bonos Ligados a la Inflación USD ;FO;USD;Luxemburgo;3;2;0.98;0;True;False;2005-09-26;;;;;0.06;0.18;-0.06;-0.42;-1.19;0.06;-0.89;3.23;-0.65;1.33;5.8;1.09;1.84;-12.1;4.2;9.76;7.44;;3;;;;;;3;7.28;99.31;-1.93;0.52;-1.07;-0.91;-1.04;-1.06;1.1;1.09;1.01;1.02;;;;;;;;;;;;-1.43014;-0.33133;-0.7364;-0.20867;;;;;3;2.84667;4.49763;5.98451;5.03558;-2.18934;-4.05154;-16.43762;-16.43762;0.98;0.5;0;6;0;0.01;0;;;3;3;3;3;3;3;3;;0.8;;;86;-12.1;0/4;;;;;Renta Fija;133;120;125;https://bancaonline.bankinter.com/resources/allfundssheets-enmenm/es/?isin=LU0219444592&language=es&currency=EUR&channel=nbol;2026-09-10
LU0135487659;Pictet-CHF Bonds P;Pictet-CHF Bonds P;Pictet Asset Management (Europe) SA;Fixed Income;Europe Fixed Income;RF CHF ;FO;CHF;Luxemburgo;2;3;0.62;0;True;False;1992-02-10;;;;;0.04;-0.3;-0.24;0.18;-0.22;0.02;-0.69;2.86;-0.09;-0.04;0.41;5.16;5.89;-10.29;-0.44;0.25;2.03;;5;;;;;;8;5.7444;70.33;0.18;2.1;0.56;1.34;0.08;0.18;0.76;0.49;0.6;0.68;;;;;;;;;;;;0.09309;1.12812;-0.11964;0.08675;;;;;3;2.35385;2.11152;3.6549;3.71879;-2.3225;-2.3225;-13.9885;-15.21456;0.62;0.8;0;5;1;0;0.05;;;1;1;0;0;1;1;1;;1.23;;;71;-10.29;4/4;;;;;Renta Fija;133;120;125;https://bancaonline.bankinter.com/resources/allfundssheets-enmenm/es/?isin=LU0135487659&language=es&currency=EUR&channel=nbol;2026-09-10
LU2267099674;BGF China Bond A2 EUR;BlackRock Global Funds - China Bond Fund Class A2 USD EUR;BlackRock (Luxembourg) SA;Fixed Income;Asia Fixed Income;RF China;FO;EUR;Luxemburgo;3;4;0.98;;True;False;2011-11-11;;;;;0;0.14;0.21;0.69;3.49;7.78;10.31;5.08;0.76;;-3.91;10.37;-4.5;-6.59;8.35;;;1;4;20948.91808;13.87381;1.02;0.73;0.01868;13;9.92;;;;;;;;;;;;;;;;;;;;;;;2.08777;0.39715;-0.17018;;;;;;4;3.65471;5.81468;6.23717;;-2.16763;-10.46351;-17.00398;;0.98;0.75;0;5;;0.63;0.44;;;2;2;1;0;0;1;;;0.49;;;40;-6.59;2/4;;;;;Renta Fija;133;120;125;https://bancaonline.bankinter.com/resources/allfundssheets-enmenm/es/?isin=LU2267099674&language=es&currency=EUR&channel=nbol;2026-09-10
LU0679941327;BGF China Bond A2 USD;BlackRock Global Funds - China Bond Fund Class A2 USD USD;BlackRock (Luxembourg) SA;Fixed Income;Asia Fixed Income;RF China;FO;USD;Luxemburgo;3;4;0.98;5000;True;False;2011-11-11;;;;;0;0.36;0.83;1.44;4;6.62;9.16;7.95;0.44;3.4;8.85;3.4;-1.05;-11.93;0.12;15.93;7.31;1;4;24102.76486;13.87381;1.02;0.73;0.01868;13;9.92;;;;;;;;;;;;;;;;;;;;;;;1.26708;0.61988;-0.50985;0.16166;;;;;4;4.06741;4.31653;6.59954;6.48841;-2.66344;-4.7431;-21.45435;-21.45435;0.98;0.75;0;5;;0.63;0.44;;;2;2;1;0;0;1;0;;1.68;;;71;-11.93;3/4;;;;;Renta Fija;133;120;125;https://bancaonline.bankinter.com/resources/allfundssheets-enmenm/es/?isin=LU0679941327&language=es&currency=EUR&channel=nbol;2026-09-10
LU0679941673;BGF China Bond A3 USD;BlackRock Global Funds - China Bond Fund A3 USD;BlackRock (Luxembourg) SA;Fixed Income;Asia Fixed Income;RF China;FO;USD;Luxemburgo;3;4;0.98;5000;True;False;2013-03-13;;;;;0;0.42;0.42;2.87;5.42;8.03;10.66;8.43;0.71;3.54;8.97;3.33;-0.96;-12.03;0.18;15.9;7.32;1;4;24102.76486;13.87381;1.02;0.73;0.01868;13;9.92;;;;;;;;;;;;;;;;;;;;;;;1.49052;0.70584;-0.45755;0.18361;;;;;4;4.41131;4.46569;6.68509;6.53433;-2.62891;-4.70037;-21.47258;-21.47258;0.98;0.75;0;5;;0.63;0.44;;;2;2;1;0;0;1;0;;1.79;;;71;-12.03;3/4;;;;;Renta Fija;133;120;125;https://bancaonline.bankinter.com/resources/allfundssheets-enmenm/es/?isin=LU0679941673&language=es&currency=EUR&channel=nbol;2026-09-10
ES0113182002;Bankinter Buy & Hold 2028 B FI;Bankinter Buy & Hold 2028 B FI;Bankinter Gestión de Activos SGIIC;Fixed Income;Fixed Income Miscellaneous;RF Deuda A Plazo Fijo;FO;EUR;España;2;;;200000;True;False;2026-04-10;;;;;-0.08;-0.08;-0.31;0.12;;;;;;;;;;;;;;;;;;;;;;;;;;;;;;;;;;;;;;;;;;;;;;;;;;;;;;;;;;;;;;;0.5;0;2;0;;0.05;;;;;;;;;;;;;;;;0/4;;;;;Renta Fija;133;120;125;https://bancaonline.bankinter.com/resources/allfundssheets-enmenm/es/?isin=ES0113182002&language=es&currency=EUR&channel=nbol;2026-09-10
ES0113182010;Bankinter Buy & Hold 2028 R FI;Bankinter Buy & Hold 2028 R FI;Bankinter Gestión de Activos SGIIC;Fixed Income;Fixed Income Miscellaneous;RF Deuda A Plazo Fijo;FO;EUR;España;2;;;1;True;False;2026-04-10;;;;;-0.08;-0.08;-0.32;0.09;;;;;;;;;;;;;;;;;;;;;;;;;;;;;;;;;;;;;;;;;;;;;;;;;;;;;;;;;;;;;;;0.6;0;2;0;;0.05;;;;;;;;;;;;;;;;0/4;;;;;Renta Fija;133;120;125;https://bancaonline.bankinter.com/resources/allfundssheets-enmenm/es/?isin=ES0113182010&language=es&currency=EUR&channel=nbol;2026-09-10
ES0113389003;Bankinter Buy & Hold 2029 B FI;Bankinter Buy & Hold 2029 B FI;Bankinter Gestión de Activos SGIIC;Fixed Income;Fixed Income Miscellaneous;RF Deuda A Plazo Fijo;FO;EUR;España;3;;0.36;1000000;True;False;2025-05-09;;;;;-0.09;-0.13;-0.47;-0.02;0.25;0.34;0.71;;;;;;;;;;;;;;;;;;;;;;;;;;;;;;;;;;;;;;;;;;-0.311;;;;;;;;;2.8253;;;;-2.29942;;;;0.36;0.5;0;2;0;0.1;0.08;;;;;;;;;;;;;;;;0/4;;;;;Renta Fija;133;120;125;https://bancaonline.bankinter.com/resources/allfundssheets-enmenm/es/?isin=ES0113389003&language=es&currency=EUR&channel=nbol;2026-09-10
ES0113389029;Bankinter Buy & Hold 2029 R FI;Bankinter Buy & Hold 2029 R FI;Bankinter Gestión de Activos SGIIC;Fixed Income;Fixed Income Miscellaneous;RF Deuda A Plazo Fijo;FO;EUR;España;3;;0.49;1;True;False;2025-05-09;;;;;-0.09;-0.13;-0.48;-0.05;0.2;0.27;0.6;;;;;;;;;;;;;;;;;;;;;;;;;;;;;;;;;;;;;;;;;;-0.34649;;;;;;;;;2.82541;;;;-2.30798;;;;0.49;0.6;0;2;0;0.1;0.08;;;;;;;;;;;;;;;;0/4;;;;;Renta Fija;133;120;125;https://bancaonline.bankinter.com/resources/allfundssheets-enmenm/es/?isin=ES0113389029&language=es&currency=EUR&channel=nbol;2026-09-10
ES0159039025;Bankinter Buy & Hold 2030 B FI;Bankinter Buy & Hold 2030 B FI;Bankinter Gestión de Activos SGIIC;Fixed Income;Fixed Income Miscellaneous;RF Deuda A Plazo Fijo;FO;EUR;España;3;;0.07;1000000;True;False;2025-10-31;;;;;-0.14;-0.22;-0.78;-0.45;-0.24;-0.16;;;;;;;;;;;;;;;;;;;;;;;;;;;;;;;;;;;;;;;;;;;;;;;;;;;;;;;;;;;;0.07;0.5;0;0;0;0.02;0.08;;;;;;;;;;;;;;;;0/4;;;;;Renta Fija;133;120;125;https://bancaonline.bankinter.com/resources/allfundssheets-enmenm/es/?isin=ES0159039025&language=es&currency=EUR&channel=nbol;2026-09-10
ES0159039017;Bankinter Buy & Hold 2030 R FI;Bankinter Buy & Hold 2030 R FI;Bankinter Gestión de Activos SGIIC;Fixed Income;Fixed Income Miscellaneous;RF Deuda A Plazo Fijo;FO;EUR;España;3;;0.31;1;True;False;2022-09-23;;;;;-0.14;-0.22;-0.79;-0.48;-0.29;-0.23;-0.11;2.42;;;1.86;3.61;4.06;;;;;;;;;;;;;;;;;;;;;;;;;;;;;;;;;;;;-0.56119;-0.16938;;;;;;;;3.10379;1.88807;;;-2.6805;-2.6805;;;0.31;0.6;0;0;0;0.02;0.08;;;;;;;;;;;0.9;;;100;1.86;0/4;;;;;Renta Fija;133;120;125;https://bancaonline.bankinter.com/resources/allfundssheets-enmenm/es/?isin=ES0159039017&language=es&currency=EUR&channel=nbol;2026-09-10
ES0113366001;Bankinter Deuda Publica 2027 FI;Bankinter Deuda Publica 2027 FI;Bankinter Gestión de Activos SGIIC;Fixed Income;Fixed Income Miscellaneous;RF Deuda A Plazo Fijo;FO;EUR;España;3;;0.59;;False;False;2024-04-12;;;;;0;0.02;0.08;0.43;0.56;0.65;0.93;;;;2.07;;;;;;;;;;;;;;;;;;;;;;;;;;;;;;;;;;;;;;-1.36721;;;;;;;;;0.6911;;;;-0.61647;;;;0.59;0.5;0;1;;0.05;0.08;;;;;;;;;;;;;;100;2.07;0/4;;;;;Renta Fija;133;120;125;https://bancaonline.bankinter.com/resources/allfundssheets-enmenm/es/?isin=ES0113366001&language=es&currency=EUR&channel=nbol;2026-09-10
ES0114876032;Bankinter Deuda Publica 2028 FI;Bankinter Deuda Publica 2028 FI;Bankinter Gestión de Activos SGIIC;Fixed Income;Fixed Income Miscellaneous;RF Deuda A Plazo Fijo;FO;EUR;España;3;;0.6;500;False;False;1997-01-22;;;;;-0.08;-0.07;-0.31;-0.02;-0.1;-0.2;0.03;2.03;0.8;;2.23;2.92;2.41;-2.94;-0.63;1.26;3.35;;;;;;;;;;;;;;;;;;;;;;;;;;;;;;;;-0.96945;-0.62073;-0.88813;;;;;;;1.71699;1.24381;1.42319;;-1.63487;-1.63487;-3.48151;;0.6;0.5;0;1;0;0.01;0.08;;;;;;;;;;;1.24;;;71;-2.94;0/4;;;;;Renta Fija;133;120;125;https://bancaonline.bankinter.com/resources/allfundssheets-enmenm/es/?isin=ES0114876032&language=es&currency=EUR&channel=nbol;2026-09-10
ES0113367009;Bankinter Deuda Pública 2029 FI;Bankinter Deuda Pública 2029 FI;Bankinter Gestión de Activos SGIIC;Fixed Income;Fixed Income Miscellaneous;RF Deuda A Plazo Fijo;FO;EUR;España;3;;0.62;1;False;False;2025-04-25;;;;;-0.15;-0.11;-0.56;-0.29;-0.52;-0.67;-0.53;;;;;;;;;;;;;;;;;;;;;;;;;;;;;;;;;;;;;;;;;;-0.90833;;;;;;;;;2.30739;;;;-2.15993;;;;0.62;0.5;0;1;0;0;0.08;;;;;;;;;;;;;;;;0/4;;;;;Renta Fija;133;120;125;https://bancaonline.bankinter.com/resources/allfundssheets-enmenm/es/?isin=ES0113367009&language=es&currency=EUR&channel=nbol;2026-09-10
ES0159040007;Bankinter Horizonte 2027 B FI;Bankinter Horizonte 2027 B FI;Bankinter Gestión de Activos SGIIC;Fixed Income;Fixed Income Miscellaneous;RF Deuda A Plazo Fijo;FO;EUR;España;2;;;1000000;True;False;2024-04-12;;;;;0;0;0;0;0;0;0;;;;0;;;;;;;;;;;;;;;;;;;;;;;;;;;;;;;;;;;;;;-47.87042;;;;;;;;;0;;;;;;;;0;0.5;0;2;;0.14;0.08;;;;;;;;;;;;;;0;0.0;0/4;;;;;Renta Fija;133;120;125;https://bancaonline.bankinter.com/resources/allfundssheets-enmenm/es/?isin=ES0159040007&language=es&currency=EUR&channel=nbol;2026-09-10
ES0159040023;Bankinter Horizonte 2027 R FI;Bankinter Horizonte 2027 R FI;Bankinter Gestión de Activos SGIIC;Fixed Income;Fixed Income Miscellaneous;RF Deuda A Plazo Fijo;FO;EUR;España;2;;0.69;1;True;False;2024-04-12;;;;;0;0.03;0.1;0.48;0.78;0.98;1.53;;;;2.66;;;;;;;;;;;;;;;;;;;;;;;;;;;;;;;;;;;;;;-0.5377;;;;;;;;;0.72321;;;;-0.52535;;;;0.69;0.6;0;2;;0.14;0.08;;;;;;;;;;;;;;100;2.66;0/4;;;;;Renta Fija;133;120;125;https://bancaonline.bankinter.com/resources/allfundssheets-enmenm/es/?isin=ES0159040023&language=es&currency=EUR&channel=nbol;2026-09-10
ES0159038019;Bankinter Horizonte 2028 B FI;Bankinter Horizonte 2028 B FI;Bankinter Gestión de Activos SGIIC;Fixed Income;Fixed Income Miscellaneous;RF Deuda A Plazo Fijo;FO;EUR;España;2;;0.59;1000000;True;False;2021-04-09;;;;;-0.05;-0.03;-0.14;0.3;0.49;0.5;0.92;2.74;;;2.86;3.55;3.24;;;;;;;;;;;;;;;;;;;;;;;;;;;;;;;;;;;;-0.50511;-0.02829;;;;;;;;1.62259;1.17291;;;-1.37787;-1.37787;;;0.59;0.5;0;2;0;0.17;0.08;;;;;;;;;;;1.99;;;100;2.86;0/4;;;;;Renta Fija;133;120;125;https://bancaonline.bankinter.com/resources/allfundssheets-enmenm/es/?isin=ES0159038019&language=es&currency=EUR&channel=nbol;2026-09-10
ES0159038001;Bankinter Horizonte 2028 R FI;Bankinter Horizonte 2028 R FI;Bankinter Gestión de Activos SGIIC;Fixed Income;Fixed Income Miscellaneous;RF Deuda A Plazo Fijo;FO;EUR;España;2;;0.69;1;True;False;2021-04-09;;;;;-0.05;-0.03;-0.15;0.28;0.44;0.43;0.82;2.63;;;2.76;3.45;3.14;;;;;;;;;;;;;;;;;;;;;;;;;;;;;;;;;;;;-0.56672;-0.11624;;;;;;;;1.62293;1.17318;;;-1.38514;-1.38514;;;0.69;0.6;0;2;0;0.17;0.08;;;;;;;;;;;1.9;;;100;2.76;0/4;;;;;Renta Fija;133;120;125;https://bancaonline.bankinter.com/resources/allfundssheets-enmenm/es/?isin=ES0159038001&language=es&currency=EUR&channel=nbol;2026-09-10
FR001400KAV4;Carmignac Credit 2029 A Eur Acc;Carmignac Credit 2029 A Eur Acc;Carmignac Gestion;Fixed Income;Fixed Income Miscellaneous;RF Deuda A Plazo Fijo;FO;EUR;Francia;2;;1.14;0;True;False;2023-10-20;;;;;-0.1;-0.17;-0.54;0;0.52;0.66;1.96;;;;5.03;7.97;;;;;;;4;;;;;;11;4.37565;;;;;;;;;;;;;;;;;;;;;;;0.10825;;;;;;;;;2.97775;;;;-2.39637;;;;1.14;1;1;1;0;0.05;;;;;;;;;;;;;;;100;5.03;0/4;;;;;Renta Fija;133;120;125;https://bancaonline.bankinter.com/resources/allfundssheets-enmenm/es/?isin=FR001400KAV4&language=es&currency=EUR&channel=nbol;2026-09-10
FR001400KAW2;Carmignac Credit 2029 A Eur Ydis;Carmignac Credit 2029 A Eur Ydis;Carmignac Gestion;Fixed Income;Fixed Income Miscellaneous;RF Deuda A Plazo Fijo;FO;EUR;Francia;2;;1.14;0;True;False;2023-10-20;;;;;-0.11;-0.17;-0.54;0;0.52;0.65;1.96;;;;5.06;7.76;;;;;;;4;;;;;;11;4.37565;;;;;;;;;;;;;;;;;;;;;;;0.11039;;;;;;;;;2.99158;;;;-2.39801;;;;1.14;1;1;1;0;0.05;;;;;;;;;;;;;;;100;5.06;0/4;;;;;Renta Fija;133;120;125;https://bancaonline.bankinter.com/resources/allfundssheets-enmenm/es/?isin=FR001400KAW2&language=es&currency=EUR&channel=nbol;2026-09-10
FR001400U4S3;Carmignac Credit 2031 A EUR Acc;Carmignac Credit 2031 A EUR Acc;Carmignac Gestion;Fixed Income;Fixed Income Miscellaneous;RF Deuda A Plazo Fijo;FO;EUR;Francia;2;;1.14;0;True;False;2024-12-31;;;;;-0.12;-0.21;-0.69;-0.12;0.7;0.9;2.3;;;;5.08;;;;;;;7;5;2347.19557;;2.74;0.39;;12;5.6806;;;;;;;;;;;;;;;;;;;;;;;0.20382;;;;;;;;;3.44726;;;;-2.72658;;;;1.14;1;1;1;0;0.25;;;;;;;;;;;;;;;100;5.08;0/4;;;;;Renta Fija;133;120;125;https://bancaonline.bankinter.com/resources/allfundssheets-enmenm/es/?isin=FR001400U4S3&language=es&currency=EUR&channel=nbol;2026-09-10
FR001400U4T1;Carmignac Credit 2031 A EUR Ydis;Carmignac Credit 2031 A EUR Ydis;Carmignac Gestion;Fixed Income;Fixed Income Miscellaneous;RF Deuda A Plazo Fijo;FO;EUR;Francia;2;;1.14;0;True;False;2024-12-31;;;;;-0.12;-0.2;-0.69;-0.13;0.71;0.91;2.31;;;;5.13;;;;;;;7;5;2347.19557;;2.74;0.39;;12;5.6806;;;;;;;;;;;;;;;;;;;;;;;0.20777;;;;;;;;;3.44146;;;;-2.727;;;;1.14;1;1;1;0;0.25;;;;;;;;;;;;;;;100;5.13;0/4;;;;;Renta Fija;133;120;125;https://bancaonline.bankinter.com/resources/allfundssheets-enmenm/es/?isin=FR001400U4T1&language=es&currency=EUR&channel=nbol;2026-09-10
FR001400S680;EdR SICAV Millesima 2030 A;EdR SICAV Millesima 2030 A;Edmond de Rothschild Asset Management (France);Fixed Income;Fixed Income Miscellaneous;RF Deuda A Plazo Fijo;FO;EUR;Francia;2;;1.1;1;True;False;2024-08-30;;;;;-0.05;-0.22;-0.15;0.72;1.56;1.23;1.99;;;;3.65;;;;;;;;7;;;;;;14;1.71;;;;;;;;;;;;;;;;;;;;;;;-0.11479;;;;;;;;;3.42144;;;;-2.91837;;;;1.1;1;0;4;0;0.44;;;;;;;;;;;;;;;100;3.65;0/4;;;;;Renta Fija;133;120;125;https://bancaonline.bankinter.com/resources/allfundssheets-enmenm/es/?isin=FR001400S680&language=es&currency=EUR&channel=nbol;2026-09-10
FR001400S6A0;EdR SICAV Millesima 2030 A USD H;EdR SICAV Millesima 2030 A USD H;Edmond de Rothschild Asset Management (France);Fixed Income;Fixed Income Miscellaneous;RF Deuda A Plazo Fijo;FO;USD;Francia;2;;1.1;1;True;False;2024-09-13;;;;;-0.04;-0.2;-0.04;1.05;2.29;2.24;3.66;;;;5.65;;;;;;;;7;;;;;;14;1.71;;;;;;;;;;;;;;;;;;;;;;;-0.17357;;;;;;;;;3.43381;;;;-2.7266;;;;1.1;1;0;4;;0.66;;;;;;;;;;;;;;;100;5.65;0/4;;;;;Renta Fija;133;120;125;https://bancaonline.bankinter.com/resources/allfundssheets-enmenm/es/?isin=FR001400S6A0&language=es&currency=EUR&channel=nbol;2026-09-10
FR001400S6B8;EdR SICAV Millesima 2030 B EUR;EdR SICAV Millesima 2030 B EUR;Edmond de Rothschild Asset Management (France);Fixed Income;Fixed Income Miscellaneous;RF Deuda A Plazo Fijo;FO;EUR;Francia;2;;1.1;1;True;False;2024-09-30;;;;;-0.05;-0.22;-0.15;0.72;1.56;1.23;1.97;;;;3.63;;;;;;;;7;;;;;;14;1.71;;;;;;;;;;;;;;;;;;;;;;;-0.11887;;;;;;;;;3.42006;;;;-2.91993;;;;1.1;1;0;4;;0.44;;;;;;;;;;;;;;;100;3.63;0/4;;;;;Renta Fija;133;120;125;https://bancaonline.bankinter.com/resources/allfundssheets-enmenm/es/?isin=FR001400S6B8&language=es&currency=EUR&channel=nbol;2026-09-10
FR00140120M2;EdR SICAV Millesima 2032 A EUR;Edmond de Rothschild SICAV Millesima 2032 A EUR;Edmond de Rothschild Asset Management (France);Fixed Income;Fixed Income Miscellaneous;RF Deuda A Plazo Fijo;FO;EUR;Francia;2;;0.87;1;True;False;2025-12-02;;;;;-0.08;-0.33;-0.28;0.54;1.87;1.94;;;;;;;;;;;;;8;;;;;;15;2.16;;;;;;;;;;;;;;;;;;;;;;;;;;;;;;;;;;;;;;;;;1.1;0;4;;;;;;;;;;;;;;;;;;;0/4;;;;;Renta Fija;133;120;125;https://bancaonline.bankinter.com/resources/allfundssheets-enmenm/es/?isin=FR00140120M2&language=es&currency=EUR&channel=nbol;2026-09-10
FR00140120N0;EdR SICAV Millesima 2032 A USD H;Edmond de Rothschild SICAV Millesima 2032 A USD H;Edmond de Rothschild Asset Management (France);Fixed Income;Fixed Income Miscellaneous;RF Deuda A Plazo Fijo;FO;USD;Francia;2;;0.61;1;True;False;2026-01-12;;;;;-0.07;-0.3;-0.2;0.82;2.53;;;;;;;;;;;;;;8;;;;;;15;2.16;;;;;;;;;;;;;;;;;;;;;;;;;;;;;;;;;;;;;;;;;1.1;0;4;0;;;;;;;;;;;;;;;;;;0/4;;;;;Renta Fija;133;120;125;https://bancaonline.bankinter.com/resources/allfundssheets-enmenm/es/?isin=FR00140120N0&language=es&currency=EUR&channel=nbol;2026-09-10
FR00140120O8;EdR SICAV Millesima 2032 B EUR;Edmond de Rothschild SICAV Millesima 2032 B EUR;Edmond de Rothschild Asset Management (France);Fixed Income;Fixed Income Miscellaneous;RF Deuda A Plazo Fijo;FO;EUR;Francia;2;;0.16;1;True;False;2026-03-11;;;;;-0.08;-0.33;-0.28;0.53;;;;;;;;;;;;;;;8;;;;;;15;2.16;;;;;;;;;;;;;;;;;;;;;;;;;;;;;;;;;;;;;;;;;1.1;0;4;0;;;;;;;;;;;;;;;;;;0/4;;;;;Renta Fija;133;120;125;https://bancaonline.bankinter.com/resources/allfundssheets-enmenm/es/?isin=FR00140120O8&language=es&currency=EUR&channel=nbol;2026-09-10
FR0013439452;La Française Rendement Glb 2028 RD EUR;La Française Rendement Global 2028 RD EUR;Crédit Mutuel Asset Management;Fixed Income;Fixed Income Miscellaneous;RF Deuda A Plazo Fijo;FO;EUR;Francia;2;;1.14;0;True;False;2020-01-30;;;;;-0.02;-0.14;-0.01;0.01;0.64;0.6;-1.51;4.75;0.18;;0.81;6.74;11.91;-15.59;2.96;;;2;;353402.75357;20.40137;3.92;3.19;;;;;;;;;;;;;;;;;;;;;;;;;;-0.81813;0.53216;-0.20565;;;;;;;3.96095;3.8006;7.31924;;-3.98508;-3.98508;-23.10724;;1.14;1.11;0;3;0;0.09;;;;;;;;;;;;1.19;;;80;-15.59;0/4;;;;;Renta Fija;133;120;125;https://bancaonline.bankinter.com/resources/allfundssheets-enmenm/es/?isin=FR0013439452&language=es&currency=EUR&channel=nbol;2026-09-10
FR0013272739;La Française Rendement Glb 2031 D;La Française Rendement Global 2031 D;Credit Mutuel Asset Management;Fixed Income;Fixed Income Miscellaneous;RF Deuda A Plazo Fijo;FO;EUR;Francia;3;;1.33;0;True;False;2017-08-30;;;;;-0.08;-0.35;-0.56;-0.19;0.63;0.9;2.25;5.16;1.04;;4.37;5.59;8.25;-11.56;4.39;-1.15;9.21;;;;;;;;;;;;;;;;;;;;;;;;;;;;;;;;0.16084;0.79304;-0.11562;;;;;;;4.38245;3.12842;5.96869;;-3.50604;-3.50604;-18.11176;;1.33;1.19;0;3;0;0.44;;;;;;;;;;;;1.47;;;71;-11.56;0/4;;;;;Renta Fija;133;120;125;https://bancaonline.bankinter.com/resources/allfundssheets-enmenm/es/?isin=FR0013272739&language=es&currency=EUR&channel=nbol;2026-09-10
FR0013258647;La Française Rendement Glb 2031 R;La Française Rendement Global 2031 R;Credit Mutuel Asset Management;Fixed Income;Fixed Income Miscellaneous;RF Deuda A Plazo Fijo;FO;EUR;Francia;3;;1.33;0;True;False;2017-08-30;;;;;-0.07;-0.34;-0.54;-0.18;0.66;0.94;2.29;5.17;1.05;;4.36;5.58;8.25;-11.55;4.38;-1.16;9.23;;;;;;;;;;;;;;;;;;;;;;;;;;;;;;;;0.16705;0.79528;-0.11467;;;;;;;4.38216;3.13032;5.97268;;-3.51079;-3.51079;-18.10796;;1.33;1.19;0;3;0;0.44;;;;;;;;;;;;1.47;;;71;-11.55;0/4;;;;;Renta Fija;133;120;125;https://bancaonline.bankinter.com/resources/allfundssheets-enmenm/es/?isin=FR0013258647&language=es&currency=EUR&channel=nbol;2026-09-10
FR0013399805;Lazard Credit 2030 RC EUR;Lazard Credit 2030 RC EUR;Lazard Frères Gestion;Fixed Income;Fixed Income Miscellaneous;RF Deuda A Plazo Fijo;FO;EUR;Francia;2;;0.87;1000;True;False;2019-03-04;;;;;-0.12;-0.24;-0.62;-0.15;0.11;0.17;0.92;3.57;1.78;;4.29;4.11;5.63;-4.61;2.14;1.65;;;4;;;;;;11;3.87961;;;;;;;;;;;;;;;;;;;;;;;-0.17085;0.39067;-0.02284;;;;;;;3.34691;2.29117;3.80733;;-2.70751;-2.70751;-8.48085;;0.87;0.84;0;1;0;0.04;;;;;;;;;;;;1.32;;;83;-4.61;0/4;;;;;Renta Fija;133;120;125;https://bancaonline.bankinter.com/resources/allfundssheets-enmenm/es/?isin=FR0013399805&language=es&currency=EUR&channel=nbol;2026-09-10
FR0013412525;Lazard Credit 2030 RD EUR;Lazard Credit 2030 RD EUR;Lazard Frères Gestion;Fixed Income;Fixed Income Miscellaneous;RF Deuda A Plazo Fijo;FO;EUR;Francia;2;;0.87;1000;True;False;2019-04-26;;;;;-0.12;-0.24;-0.62;-0.16;0.11;0.17;0.92;3.55;1.77;;4.24;4.11;5.63;-4.62;2.14;1.65;;;4;;;;;;11;3.87961;;;;;;;;;;;;;;;;;;;;;;;-0.17488;0.38317;-0.0256;;;;;;;3.3451;2.29135;3.80193;;-2.70717;-2.70717;-8.47233;;0.87;0.84;0;1;0;0.04;;;;;;;;;;;;1.31;;;83;-4.62;0/4;;;;;Renta Fija;133;120;125;https://bancaonline.bankinter.com/resources/allfundssheets-enmenm/es/?isin=FR0013412525&language=es&currency=EUR&channel=nbol;2026-09-10
LU3249705412;M&G (Lux) Fxd Mat Bd Hgh Yld2031PEURAcc;M&G (Lux) Investment Funds 1 -M&G (Lux) Fixed Maturity Bond High Yield Fund 2031 P EUR Accumulation;M&G Luxembourg S.A.;Fixed Income;Fixed Income Miscellaneous;RF Deuda A Plazo Fijo;FO;EUR;Luxemburgo;2;;0.44;;True;False;2026-02-24;;;;;-0.06;-0.23;-0.38;0.4;2.21;;;;;;;;;;;;;;;;;;;;;;;;;;;;;;;;;;;;;;;;;;;;;;;;;;;;;;;;;;;;;;1.2;0;;;;;;;;;;;;;;;;;;;;0/4;;;;;Renta Fija;133;120;125;https://bancaonline.bankinter.com/resources/allfundssheets-enmenm/es/?isin=LU3249705412&language=es&currency=EUR&channel=nbol;2026-09-10
LU3249705768;M&G (Lux) Fxd Mat Bd Hgh Yld2031PEURDis;M&G (Lux) Investment Funds 1 -M&G (Lux) Fixed Maturity Bond High Yield Fund 2031 P EUR Distribution;M&G Luxembourg S.A.;Fixed Income;Fixed Income Miscellaneous;RF Deuda A Plazo Fijo;FO;EUR;Luxemburgo;2;;0.45;;True;False;2026-02-24;;;;;-0.06;-0.23;-0.38;0.4;2.21;;;;;;;;;;;;;;;;;;;;;;;;;;;;;;;;;;;;;;;;;;;;;;;;;;;;;;;;;;;;;;1.2;0;;;;;;;;;;;;;;;;;;;;0/4;;;;;Renta Fija;133;120;125;https://bancaonline.bankinter.com/resources/allfundssheets-enmenm/es/?isin=LU3249705768&language=es&currency=EUR&channel=nbol;2026-09-10
FR0013505450;Tikehau 2027 R Acc EUR;Tikehau 2027 R Acc EUR;Tikehau Investment Management;Fixed Income;Fixed Income Miscellaneous;RF Deuda A Plazo Fijo;FO;EUR;Francia;3;;1.4;100;True;False;2020-05-29;;;;;0;-0.06;0.11;0.74;1.31;1.29;2.41;5.73;1.75;;3.88;7.03;11.37;-12.85;4.35;;;;;;;;;;;;;;;;;;;;;;;;;;;;;;;;;;0.28873;1.3534;0.0003;;;;;;;1.64165;2.21869;6.23387;;-1.26087;-2.37715;-18.9163;;1.4;1.4;1;3;0;0.09;70;;;;;;;;;;;2.41;;;80;-12.85;0/4;;;;;Renta Fija;133;120;125;https://bancaonline.bankinter.com/resources/allfundssheets-enmenm/es/?isin=FR0013505450&language=es&currency=EUR&channel=nbol;2026-09-10
FR0013505492;Tikehau 2027 R Dis EUR;Tikehau 2027 R Dis EUR;Tikehau Investment Management;Fixed Income;Fixed Income Miscellaneous;RF Deuda A Plazo Fijo;FO;EUR;Francia;3;;1.4;100;True;False;2020-05-29;;;;;0;-0.07;0.11;0.74;1.3;1.29;2.4;5.73;1.75;;3.87;7.03;11.36;-12.83;4.37;;;;;;;;;;;;;;;;;;;;;;;;;;;;;;;;;;0.29;1.35319;0.0013;;;;;;;1.64325;2.2189;6.23027;;-1.26339;-2.3812;-18.89361;;1.4;1.4;1;3;0;0.09;70;;;;;;;;;;;2.41;;;80;-12.83;0/4;;;;;Renta Fija;133;120;125;https://bancaonline.bankinter.com/resources/allfundssheets-enmenm/es/?isin=FR0013505492&language=es&currency=EUR&channel=nbol;2026-09-10
FR001400K2B5;Tikehau 2029 R Acc EUR;Tikehau 2029 R Acc EUR;Tikehau Investment Management;Fixed Income;Fixed Income Miscellaneous;RF Deuda A Plazo Fijo;FO;EUR;Francia;2;;1.2;100;True;False;2023-11-20;;;;;-0.1;-0.15;-0.52;-0.06;0.16;0.14;0.7;;;;3.58;5.48;;;;;;;;;;;;;;;;;;;;;;;;;;;;;;;;;;;;;-0.29833;;;;;;;;;3.17817;;;;-2.6854;;;;1.2;1.1;0;3;0;0.12;70;;;;;;;;;;;;;;100;3.58;0/4;;;;;Renta Fija;133;120;125;https://bancaonline.bankinter.com/resources/allfundssheets-enmenm/es/?isin=FR001400K2B5&language=es&currency=EUR&channel=nbol;2026-09-10
FR001400K2C3;Tikehau 2029 R Dis EUR;Tikehau 2029 R Dis EUR;Tikehau Investment Management;Fixed Income;Fixed Income Miscellaneous;RF Deuda A Plazo Fijo;FO;EUR;Francia;2;;1.2;100;True;False;2023-11-20;;;;;-0.11;-0.16;-0.53;-0.07;0.15;0.13;0.68;;;;3.58;5.48;;;;;;;;;;;;;;;;;;;;;;;;;;;;;;;;;;;;;-0.29525;;;;;;;;;3.18817;;;;-2.68019;;;;1.2;1.1;0;3;0;0.12;70;;;;;;;;;;;;;;100;3.58;0/4;;;;;Renta Fija;133;120;125;https://bancaonline.bankinter.com/resources/allfundssheets-enmenm/es/?isin=FR001400K2C3&language=es&currency=EUR&channel=nbol;2026-09-10
LU0251661756;AXAWF Euro Credit Short Dur A Cap EUR;AXA World Funds - Euro Credit Short Duration A Capitalisation EUR;BNP PARIBAS ASSET MANAGEMENT Europe;Fixed Income;Europe Fixed Income;RF Deuda Corporativa Corto Plazo EUR;FO;EUR;Luxemburgo;2;2;0.85;0;True;False;2006-04-17;;;;;0.01;-0.02;-0.27;0.15;0.16;0.16;0.65;3.26;1.17;0.49;2.73;4.24;4.83;-5.33;-0.54;-0.27;1.05;;;;;;;;12;2.18508;99.15;-3.25;0.18;-0.69;-0.63;-0.5;-0.65;1.11;1.08;1.06;1.1;;;;;;;;;;;;-0.63233;0.31548;-0.37209;-0.11043;;;;;3;1.72847;1.52511;2.27986;2.07904;-1.41496;-1.41496;-6.89712;-7.892;0.85;0.65;0;3;0;0;0.03;;;2;3;3;3;2;2;3;;2.3;;;57;-5.33;0/4;;;;;Renta Fija;133;120;125;https://bancaonline.bankinter.com/resources/allfundssheets-enmenm/es/?isin=LU0251661756&language=es&currency=EUR&channel=nbol;2026-09-10
LU0236145453;DWS Invest Short Duration Credit LC;DWS Invest Short Duration Credit LC;DWS Investment S.A.;Fixed Income;Europe Fixed Income;RF Deuda Corporativa Corto Plazo EUR;FO;EUR;Luxemburgo;2;3;0.69;0;True;False;2006-02-27;;;;;-0.01;-0.01;-0.32;0.09;0.35;0.46;1;4.2;1.47;0.91;3.36;5.63;6.38;-7.47;0.05;0.14;2.72;;4;;;;;;10;2.82971;92.36;0.94;0.44;-0.29;0.31;-0.12;-0.38;1.23;1.09;1.29;1.52;;;;;;;;;;;;-0.38497;0.92431;-0.16997;0.07723;;;;;4;1.91157;1.60961;2.9549;2.98244;-1.51831;-1.51831;-9.55085;-9.67909;0.69;0.6;0;3;0;0.15;;;;2;2;2;2;0;2;2;;2.77;;;86;-7.47;1/4;;;;;Renta Fija;133;120;125;https://bancaonline.bankinter.com/resources/allfundssheets-enmenm/es/?isin=LU0236145453&language=es&currency=EUR&channel=nbol;2026-09-10
FI0008800503;Evli Short Corporate Bond A;Evli Short Corporate Bond A;Evli-Rahastoyhtiö Oy;Fixed Income;Europe Fixed Income;RF Deuda Corporativa Corto Plazo EUR;FO;EUR;Finlandia;2;5;0.55;5000;True;False;1997-09-30;;;;;-0.06;-0.13;-0.15;0.33;0.74;1;1.73;4.52;2.04;1.61;3.81;5.46;7.44;-6.3;0.88;0.51;3.44;;;;;;;;13;;90.22;1.03;0.68;0.61;0.4;0.46;0.27;1.54;1.28;1.31;1.73;;;;;;;;;;;;0.01852;0.93516;0.03686;0.27965;;;;;5;2.4121;1.85665;3.02848;3.45573;-1.88613;-1.88613;-8.96469;-9.15138;0.55;0.55;0;0;0;0.04;0;;;1;1;0;0;0;0;0;;2.4;;;86;-6.3;4/4;;;;;Renta Fija;133;120;125;https://bancaonline.bankinter.com/resources/allfundssheets-enmenm/es/?isin=FI0008800503&language=es&currency=EUR&channel=nbol;2026-09-10
FI0008800511;Evli Short Corporate Bond B;Evli Short Corporate Bond B;Evli-Rahastoyhtiö Oy;Fixed Income;Europe Fixed Income;RF Deuda Corporativa Corto Plazo EUR;FO;EUR;Finlandia;2;5;0.55;1000;True;False;1997-09-30;;;;;-0.06;-0.13;-0.15;0.33;0.74;0.99;1.73;4.52;2.04;1.61;3.8;5.47;7.44;-6.31;0.88;0.51;3.44;;;;;;;;13;;90.25;1.03;0.68;0.62;0.4;0.46;0.27;1.54;1.28;1.31;1.73;;;;;;;;;;;;0.01874;0.93561;0.03685;0.27956;;;;;5;2.41093;1.8556;3.02665;3.45504;-1.88177;-1.88177;-8.96855;-9.14883;0.55;0.55;0;0;0;0.04;0;;;1;1;0;0;0;0;0;;2.4;;;86;-6.31;4/4;;;;;Renta Fija;133;120;125;https://bancaonline.bankinter.com/resources/allfundssheets-enmenm/es/?isin=FI0008800511&language=es&currency=EUR&channel=nbol;2026-09-10
FR0010288332;Groupama Euro Credit Short Duration NC;Groupama Euro Credit Short Duration NC;Groupama Asset Management;Fixed Income;Europe Fixed Income;RF Deuda Corporativa Corto Plazo EUR;FO;EUR;Francia;2;3;0.53;1;True;False;2006-04-25;;;;;-0.07;-0.08;-0.23;0.21;0.54;0.68;1.38;3.94;1.7;0.76;3.43;4.99;5.28;-5.02;-0.67;-0.07;0.63;;4;;;;;;10;;93.06;0.3;0.36;0;0.12;0;-0.36;1.11;0.98;0.97;1.03;;;;;;;;;;;;-0.2344;0.81573;-0.13099;0.02481;;;;;3;1.72925;1.43351;2.17416;1.99655;-1.36972;-1.36972;-6.86035;-8.17265;0.53;1.52;0;2;0;0.07;;;;2;1;1;1;1;1;2;;2.88;;;57;-5.02;3/4;;;;;Renta Fija;133;120;125;https://bancaonline.bankinter.com/resources/allfundssheets-enmenm/es/?isin=FR0010288332&language=es&currency=EUR&channel=nbol;2026-09-10
FR0013439163;La Française Carbon Impct Flt Rt I;La Française Carbon Impact Floating Rates I;Credit Mutuel Asset Management;Fixed Income;Europe Fixed Income;RF Deuda Corporativa Corto Plazo EUR;FO;EUR;Francia;2;5;0.47;100000;True;False;1994-12-30;;;;;0;0;0.14;0.66;1.39;1.8;2.88;4.64;3.1;;3.89;5.99;6.66;-2.34;0.45;;;;;;;;;;;;22.56;0.69;1.21;1.14;1.5;1.22;;0.58;0.3;0.44;;;;;;;;;;;;;0.9711;2.09142;0.72919;;;;;;2;0.94947;0.93589;1.71965;;-0.5812;-0.90876;-4.17636;;0.47;0.35;0;3;0;0.11;;;;0;0;0;0;0;0;;;5.11;;;80;-2.34;3/4;;;;;Renta Fija;133;120;125;https://bancaonline.bankinter.com/resources/allfundssheets-enmenm/es/?isin=FR0013439163&language=es&currency=EUR&channel=nbol;2026-09-10
FR0013439148;La Française Carbon Impct Flt Rt R;La Française Carbon Impact Floating Rates R;Credit Mutuel Asset Management;Fixed Income;Europe Fixed Income;RF Deuda Corporativa Corto Plazo EUR;FO;EUR;Francia;2;4;0.81;0;True;False;1994-12-30;;;;;0;-0.01;0.1;0.57;1.22;1.55;2.52;4.27;;;3.52;5.61;6.28;-2.68;;;;;;;;;;;;;22.87;0.38;1.2;0.78;1.14;;;0.58;0.3;;;;;;;;;;;;;;0.60106;1.68656;;;;;;;2;0.94035;0.93195;;;-0.60784;-0.94459;;;0.81;0.7;0;3;0;0.11;;;;0;0;0;0;0;;;;4.52;;;75;-2.68;2/4;;;;;Renta Fija;133;120;125;https://bancaonline.bankinter.com/resources/allfundssheets-enmenm/es/?isin=FR0013439148&language=es&currency=EUR&channel=nbol;2026-09-10
LU1670718219;M&G (Lux) Short Dtd Corp Bd A EUR Acc;M&G (Lux) Short Dated Corporate Bond Fund EUR A Acc;M&G Luxembourg S.A.;Fixed Income;Europe Fixed Income;RF Deuda Corporativa Corto Plazo EUR;FO;EUR;Luxemburgo;2;4;0.47;1000;True;False;2018-10-26;;;;;-0.03;0;-0.16;0.23;0.48;0.73;1.38;3.62;1.82;1.29;3.13;4.12;5.81;-4.06;0.16;1.9;2.68;;4;;;;;;6;;93.63;-0.56;0.34;0.07;-0.15;0.1;0.09;0.99;0.96;0.92;1.2;;;;;;;;;;;;-0.18988;0.61616;-0.07258;0.23583;;;;;3;1.55816;1.39538;2.11571;2.44578;-1.28121;-1.28121;-6.63111;-6.63111;0.47;0.25;0;3;0;0.02;;;;1;1;1;1;1;1;0;;2.83;;;86;-4.06;3/4;;;;;Renta Fija;133;120;125;https://bancaonline.bankinter.com/resources/allfundssheets-enmenm/es/?isin=LU1670718219&language=es&currency=EUR&channel=nbol;2026-09-10
LU1670718300;M&G (Lux) Short Dtd Corp Bd A EUR Inc;M&G (Lux) Short Dated Corporate Bond Fund EUR A Inc;M&G Luxembourg S.A.;Fixed Income;Europe Fixed Income;RF Deuda Corporativa Corto Plazo EUR;FO;EUR;Luxemburgo;2;4;0.47;1000;True;False;2018-10-26;;;;;-0.04;0;-0.16;0.23;0.47;0.73;1.38;3.62;1.82;1.29;3.13;4.12;5.81;-4.06;0.16;1.9;2.68;;4;;;;;;6;;93.65;-0.56;0.34;0.07;-0.15;0.1;0.08;0.99;0.96;0.92;1.2;;;;;;;;;;;;-0.18949;0.61601;-0.07255;0.23383;;;;;3;1.55745;1.39431;2.11542;2.44646;-1.28056;-1.28056;-6.62969;-6.62969;0.47;0.25;0;3;0;0.02;;;;1;1;1;1;1;1;0;;2.83;;;86;-4.06;3/4;;;;;Renta Fija;133;120;125;https://bancaonline.bankinter.com/resources/allfundssheets-enmenm/es/?isin=LU1670718300&language=es&currency=EUR&channel=nbol;2026-09-10
LU1694212348;Nordea 1 - Low Dur Eurp Cov Bd BP EUR;Nordea 1 - Low Duration European Covered Bond Fund BP EUR;Nordea Investment Funds SA;Fixed Income;Europe Fixed Income;RF Deuda Corporativa Corto Plazo EUR;FO;EUR;Luxemburgo;2;3;0.71;0;True;False;2017-10-24;;;;;-0.02;0.02;-0.15;0.09;0.24;0.21;1.42;3.4;1.64;;3.93;4.38;2.06;-1.24;-0.89;1.21;2.4;;1;;;;;;5;5.42722;24.08;-0.35;1.28;-0.09;0.14;-0.26;;0.82;0.42;0.22;;;;;;;;;;;;;-0.27308;0.49207;-0.26322;;;;;;2;1.42856;1.21537;1.38278;;-1.03564;-1.03564;-3.58052;;0.71;0.5;0;1;0;0.14;;;;2;2;3;1;2;1;;;3.28;;;71;-1.24;1/4;;;;;Renta Fija;133;120;125;https://bancaonline.bankinter.com/resources/allfundssheets-enmenm/es/?isin=LU1694212348&language=es&currency=EUR&channel=nbol;2026-09-10
LU0935222066;Ostrum Credit Short Dur R/A EUR;Natixis AM Funds - Ostrum Credit Short Duration R/A (EUR);Natixis Investment Managers International;Fixed Income;Europe Fixed Income;RF Deuda Corporativa Corto Plazo EUR;FO;EUR;Luxemburgo;2;3;0.89;0;True;False;2013-10-24;;;;;-0.05;-0.12;-0.25;0.13;0.28;0.29;0.78;3.63;1.42;0.69;2.79;4.71;5.15;-5;-0.47;-0.46;1.39;;4;;;;;;11;2.04195;94.35;-0.45;0.44;-0.54;-0.35;-0.27;-0.46;1.2;1.16;0.96;1.14;;;;;;;;;;;;-0.52087;0.51334;-0.26788;-0.00366;;;;;3;1.88219;1.66937;2.15454;2.22704;-1.58451;-1.58451;-6.13162;-7.01708;0.89;0.6;0;3;0;0.01;;;;2;2;3;3;1;2;3;;2.29;;;57;-5.0;0/4;;;;;Renta Fija;133;120;125;https://bancaonline.bankinter.com/resources/allfundssheets-enmenm/es/?isin=LU0935222066&language=es&currency=EUR&channel=nbol;2026-09-10
FR0011071778;Ostrum Crédit Euro 1-3 R (C) EUR;Ostrum Crédit Euro 1-3 R (C) EUR;Natixis Investment Managers International;Fixed Income;Europe Fixed Income;RF Deuda Corporativa Corto Plazo EUR;FO;EUR;Francia;2;3;0.84;1;True;False;2011-07-22;;;;;-0.05;-0.1;-0.23;0.15;0.31;0.32;0.82;3.51;1.39;0.69;2.77;4.57;4.93;-4.84;-0.43;-0.45;1.43;7;4;1409.49458;;;;;11;;94.44;-0.83;0.37;-0.53;-0.37;-0.32;-0.44;1.15;1.08;0.91;1.11;;;;;;;;;;;;-0.52946;0.48259;-0.3006;-0.00382;;;;;3;1.80264;1.55406;2.05301;2.16722;-1.52035;-1.52035;-6.02345;-7.04974;0.84;0.55;0;3;0;0;;;;2;2;3;3;2;2;3;;2.31;;;57;-4.84;0/4;;;;;Renta Fija;133;120;125;https://bancaonline.bankinter.com/resources/allfundssheets-enmenm/es/?isin=FR0011071778&language=es&currency=EUR&channel=nbol;2026-09-10
LU0954602750;Pictet-EUR Short Term Corp Bds P EUR;Pictet-EUR Short Term Corporate Bonds P EUR;Pictet Asset Management (Europe) SA;Fixed Income;Europe Fixed Income;RF Deuda Corporativa Corto Plazo EUR;FO;EUR;Luxemburgo;2;2;0.7;0;True;False;2013-11-25;;;;;-0.05;-0.15;-0.32;0.11;0.37;0.56;1.23;4.12;1.16;0.64;3.35;5.16;5.29;-7.38;-0.53;0.42;1.19;;4;;;;;;11;2.50192;93.83;0.56;0.5;0.03;0.06;-0.44;-0.53;1.33;1.21;1.27;1.29;;;;;;;;;;;;-0.21942;0.76678;-0.30239;-0.00936;;;;;4;2.08312;1.73731;2.75285;2.44694;-1.73914;-1.73914;-9.31345;-9.6233;0.7;0.9;0;5;1;0;0.1;;;2;2;2;1;0;2;3;;2.37;;;71;-7.38;1/4;;;;;Renta Fija;133;120;125;https://bancaonline.bankinter.com/resources/allfundssheets-enmenm/es/?isin=LU0954602750&language=es&currency=EUR&channel=nbol;2026-09-10
LU1293074719;Schr ISF EURO Crd Conv Sht Dur A Acc EUR;Schroder International Selection Fund EURO Credit Conviction Short Duration A Accumulation EUR;Schroder Investment Management (Europe) S.A.;Fixed Income;Europe Fixed Income;RF Deuda Corporativa Corto Plazo EUR;FO;EUR;Luxemburgo;2;;1.48;1000;True;False;2015-11-11;;;;;-0.03;-0.03;-0.35;-0.02;0.1;0.39;0.98;;;;3.47;6.69;;;;;;;4;;;;;;12;8.14636;;;;-0.11;;;;1.62;;;;;;;;;;;;;;;-0.27873;;;;;;;;;2.52809;;;;-1.98727;;;;1.48;1.2;1;3;0;0.11;;;;3;3;2;2;;;;;;;;100;3.47;2/4;;;;;Renta Fija;133;120;125;https://bancaonline.bankinter.com/resources/allfundssheets-enmenm/es/?isin=LU1293074719&language=es&currency=EUR&channel=nbol;2026-09-10
LU1585265066;Tikehau Short Duration R EUR Acc;Tikehau Short Duration Fund R EUR Acc;Tikehau Investment Management;Fixed Income;Europe Fixed Income;RF Deuda Corporativa Corto Plazo EUR;FO;EUR;Luxemburgo;2;3;1.14;100;True;False;2020-09-01;;;;;-0.02;-0.04;0.03;0.43;0.81;0.93;1.7;3.49;1.85;1.07;2.93;4.55;5.08;-3.25;-0.05;1.06;0.24;;4;;;;;;12;1.74939;79.87;-0.44;0.69;0.07;0.12;0.07;0.03;0.65;0.58;0.68;0.82;;;;;;;;;;;;-0.15967;0.81256;-0.06579;0.20045;;;;;3;1.03987;0.95409;1.91729;1.84061;-0.78948;-0.78948;-5.37492;-6.33529;1.14;1;1;1;0;0.08;;;;0;0;1;1;2;1;1;;4.42;;;71;-3.25;2/4;;;;;Renta Fija;133;120;125;https://bancaonline.bankinter.com/resources/allfundssheets-enmenm/es/?isin=LU1585265066&language=es&currency=EUR&channel=nbol;2026-09-10
LU0960403268;AXAWF US Credit Short Dur IG A Cap USD;AXA World Funds - US Credit Short Duration IG A Capitalisation USD;BNP PARIBAS ASSET MANAGEMENT Europe;Fixed Income;US Fixed Income;RF Deuda Corporativa Corto Plazo USD;FO;USD;Luxemburgo;2;2;0.87;0;True;False;2013-09-03;;;;;-0.03;0.07;-0.05;0.6;0.61;1.12;2.2;4.69;2.23;2.23;5.3;4.79;4.82;-3.79;-0.56;3.62;5.19;;4;;;;;;9;1.95997;98.35;-2.79;0.22;-0.76;-0.53;-0.66;-0.45;1.02;0.92;0.92;1.13;;;;;;;;;;;;-1.4308;0.01573;-0.87384;-0.1104;;;;;3;0.9098;1.44619;2.07548;2.34264;-0.92748;-0.92748;-6.43575;-6.9878;0.87;0.65;0;3;0;0.03;0.01;;;2;2;2;2;2;2;2;;5.06;;;71;-3.79;0/4;;;;;Renta Fija;133;120;125;https://bancaonline.bankinter.com/resources/allfundssheets-enmenm/es/?isin=LU0960403268&language=es&currency=EUR&channel=nbol;2026-09-10
IE00BYP0Y779;Lord Abbett Short Dur Inc A EUR Acc;Lord Abbett Short Duration Income Fund Class A EUR Accumulating;Lord Abbett (Ireland) Ltd;Fixed Income;US Fixed Income;RF Deuda Corporativa Corto Plazo USD;FO;EUR;Irlanda;4;3;1.07;2500;True;False;2016-02-01;;;;;0;0;-0.64;0.65;0.92;2.34;2.92;2.27;;;-6.81;11.71;1.18;;;;;3;4;64902.69359;11.49662;3.18;3.02;;11;2.4;96.13;-1.76;0.3;-0.29;-0.51;;;1.21;1;;;;;;;;;;;;;;0.40232;-0.03705;;;;;;;3;4.43087;6.04157;;;-3.0471;-10.84337;;;1.07;1;0;3;0;0.68;;;;1;2;2;2;2;;;;0.21;;;67;-6.81;0/4;;;;;Renta Fija;133;120;125;https://bancaonline.bankinter.com/resources/allfundssheets-enmenm/es/?isin=IE00BYP0Y779&language=es&currency=EUR&channel=nbol;2026-09-10
IE00BFNWXY26;Lord Abbett Short Dur Inc A USD Acc;Lord Abbett Short Duration Income Fund Class A USD Accumulating;Lord Abbett (Ireland) Ltd;Fixed Income;US Fixed Income;RF Deuda Corporativa Corto Plazo USD;FO;USD;Irlanda;2;2;1.07;2500;True;False;2014-02-18;;;;;0;0;0.08;0.56;0.72;1.2;2.68;4.74;2.1;2.07;5.66;4.78;4.63;-4.85;0.35;2.08;4.73;3;4;74673.75435;11.49662;3.18;3.02;;11;2.4;96.02;-1.72;0.31;-0.33;-0.53;-0.7;-0.64;1.26;1.02;1;1.28;;;;;;;;;;;;-0.88187;0.05199;-0.86233;-0.14896;;;;;4;1.13362;1.60044;2.22501;2.78604;-1.11203;-1.11203;-6.8421;-9.27743;1.07;1;0;3;0;0.68;;;;2;2;2;2;2;3;3;;4.26;;;86;-4.85;0/4;;;;;Renta Fija;133;120;125;https://bancaonline.bankinter.com/resources/allfundssheets-enmenm/es/?isin=IE00BFNWXY26&language=es&currency=EUR&channel=nbol;2026-09-10
LU1740847006;MFS Meridian Limited Maturity A1 EUR;MFS Meridian Funds - Limited Maturity Fund A1;MFS Investment Management Company (Lux) S.à.r.l;Fixed Income;US Fixed Income;RF Deuda Corporativa Corto Plazo USD;FO;EUR;Luxemburgo;3;2;1.13;0;True;False;2018-02-16;;;;;-0.07;-0.07;-0.55;-0.34;0.28;2.03;2.75;1.53;2.25;;-7.46;11.18;1.76;1.34;6.49;-4.89;6.16;;4;;;;;;9;2.76;74.9;-0.93;1.07;-0.91;-1.06;-0.91;;1.39;1.19;1.01;;;;;;;;;;;;;0.25168;-0.10808;0.06116;;;;;;3;4.21905;6.13462;6.29695;;-3.7905;-10.95449;-12.29239;;1.13;0.6;0;6;0;0.01;;;;3;2;2;3;3;3;;;0.14;;;71;-7.46;0/4;;;;;Renta Fija;133;120;125;https://bancaonline.bankinter.com/resources/allfundssheets-enmenm/es/?isin=LU1740847006&language=es&currency=EUR&channel=nbol;2026-09-10
LU0219442893;MFS Meridian Limited Maturity A1 USD;MFS Meridian Funds - Limited Maturity Fund A1 USD;MFS Investment Management Company (Lux) S.à.r.l;Fixed Income;US Fixed Income;RF Deuda Corporativa Corto Plazo USD;FO;USD;Luxemburgo;2;2;1.14;0;True;False;2005-09-26;;;;;0;0.06;-0.06;0.47;0.41;0.89;1.86;4.37;1.86;1.8;5;4.31;5;-4.7;-0.84;3.69;4.12;;4;;;;;;9;2.76;97.12;-3.51;0.28;-1;-0.96;-0.93;-0.88;1.14;1.04;1.01;1.07;;;;;;;;;;;;-1.52082;-0.21195;-0.97938;-0.32209;;;;;3;1.05465;1.63393;2.23894;2.19325;-1.00472;-1.00472;-7.24916;-7.4289;1.14;0.6;0;6;0;0.01;0;;;2;2;2;3;3;3;3;;4.35;;;71;-4.7;0/4;;;;;Renta Fija;133;120;125;https://bancaonline.bankinter.com/resources/allfundssheets-enmenm/es/?isin=LU0219442893&language=es&currency=EUR&channel=nbol;2026-09-10
LU0029761532;UBAM USD Floating Rate Notes AC USD;UBAM - USD Floating Rate Notes AC USD;UBP Asset Management (Europe) S.A.;Fixed Income;US Fixed Income;RF Deuda Corporativa Corto Plazo USD;FO;USD;Luxemburgo;2;4;0.62;0;True;False;1990-12-18;;;;;-0.01;0.05;0.23;0.9;1.79;2.56;4;5.42;4.29;2.84;4.78;6.8;6.9;0.65;0.07;0.53;3.12;;4;;;;;;8;;0;0.09;1.57;0.38;0.72;0.45;0.24;0.33;0;0.09;0.5;;;;;;;;;;;;0.64642;1.61132;0.45376;0.21147;;;;;2;0.32475;0.54287;1.06813;1.69311;-0.079;-0.31235;-1.4006;-4.07395;0.62;0.4;0;3;0;0.03;0.25;;;0;0;0;0;0;0;0;;17.35;;;100;0.07;4/4;;;;;Renta Fija;133;120;125;https://bancaonline.bankinter.com/resources/allfundssheets-enmenm/es/?isin=LU0029761532&language=es&currency=EUR&channel=nbol;2026-09-10
LU1145633407;Allianz Euro Credit SRI AT EUR;Allianz Global Investors Fund - Allianz Euro Credit SRI AT EUR;Allianz Global Investors GmbH;Fixed Income;Europe Fixed Income;RF Deuda Corporativa EUR;FO;EUR;Luxemburgo;2;2;1.14;0;True;False;2015-02-02;;;;;-0.21;-0.19;-1.05;-0.95;-1.29;-1.21;-1.15;3.9;-1.56;0.34;1.57;6;8.88;-18.97;-1.13;4.51;9.83;;5;;;;;;9;5.27873;94.15;0.11;0.85;-1.23;0.14;-0.65;0.01;0.97;0.96;1.15;1.24;;;;;;;;;;;;-0.7613;0.34309;-0.49074;-0.02048;;;;;5;3.26555;3.5192;6.9177;6.42722;-2.78102;-2.78102;-24.15242;-24.46529;1.14;2;0;5;0;0.12;;;;3;3;3;3;2;3;2;;1.4;;;71;-18.97;0/4;;;;;Renta Fija;133;120;125;https://bancaonline.bankinter.com/resources/allfundssheets-enmenm/es/?isin=LU1145633407&language=es&currency=EUR&channel=nbol;2026-09-10
LU1525412281;Amundi EUR Corporate Bd 1-5Y ESG AE Acc;Amundi Index Solution - Amundi EUR Corporate Bond 1-5Y ESG AE Acc;Amundi Luxembourg S.A.;Fixed Income;Europe Fixed Income;RF Deuda Corporativa EUR;FO;EUR;Luxemburgo;2;4;0.35;;True;True;2016-11-29;;;;;-0.1;0.01;-0.5;0.03;0.06;0.26;0.54;3.64;0.7;;3.03;4.32;6.31;-8.92;-0.22;;;;4;;;;;;8;3.8809;90.71;-0.14;1.66;-0.2;0.21;0.23;;0.68;0.56;0.64;;;;;;;;;;;;;-0.46912;0.40051;-0.35522;;;;;;1;2.32352;2.11943;3.68524;;-1.95588;-1.95588;-11.25796;;0.35;0.25;0;5;0;0.04;;;;0;0;0;1;2;0;;;1.86;;;60;-8.92;2/4;;;;;Renta Fija;133;120;125;https://bancaonline.bankinter.com/resources/allfundssheets-enmenm/es/?isin=LU1525412281&language=es&currency=EUR&channel=nbol;2026-09-10
LU1050469367;Amundi EUR Corporate Bond ESG AE-C;Amundi Index Solutions - Amundi EUR Corporate Bond ESG AE-C;Amundi Luxembourg S.A.;Fixed Income;Europe Fixed Income;RF Deuda Corporativa EUR;FO;EUR;Luxemburgo;3;2;0.35;0;True;True;2014-04-14;;;;;-0.17;-0.02;-0.94;-0.66;-0.43;-0.07;0.01;3.85;-0.5;0.38;2.7;4.27;6.85;-13.48;-1.39;2.12;5.8;;5;;;;;;8;5.9098;97.24;-0.37;0.61;0.05;-0.24;-0.02;-0.08;1.09;1.03;1.01;1.04;;;;;;;;;;;;-0.3755;0.24197;-0.42944;-0.03895;;;;;4;3.67086;3.67822;5.64949;5.12456;-2.82938;-2.82938;-17.30934;-17.74944;0.35;0.2;0;5;0;0.03;;;;3;2;1;2;2;2;2;;1.36;;;71;-13.48;0/4;;;;;Renta Fija;133;120;125;https://bancaonline.bankinter.com/resources/allfundssheets-enmenm/es/?isin=LU1050469367&language=es&currency=EUR&channel=nbol;2026-09-10
LU0162658883;BGF Euro Corporate Bond A2;BlackRock Global Funds - Euro Corporate Bond Fund A2;BlackRock (Luxembourg) SA;Fixed Income;Europe Fixed Income;RF Deuda Corporativa EUR;FO;EUR;Luxemburgo;2;3;1.01;5000;True;False;2006-07-31;;;;;0;-0.17;-1.03;-0.92;-0.86;-0.52;-0.23;3.8;-0.57;0.54;2.72;3.93;8.83;-14.72;-1.85;2.53;6.74;;5;;;;;;10;14.57;98.68;-0.14;0.44;-0.15;-0.1;0.06;0.1;1.06;1.04;1.06;1.04;;;;;;;;;;;;-0.42903;0.28432;-0.41442;-0.00236;;;;;4;3.57292;3.68849;5.92072;5.11613;-2.7825;-2.7825;-19.11438;-19.61004;1.01;0.8;0;5;0;0.66;0.44;;;2;2;2;2;2;2;2;;1.37;;;71;-14.72;0/4;;;;;Renta Fija;133;120;125;https://bancaonline.bankinter.com/resources/allfundssheets-enmenm/es/?isin=LU0162658883&language=es&currency=EUR&channel=nbol;2026-09-10
LU2954943440;BNPP E € Corp Bond SRI PAB 3-5Y Tr PrAcc;BNP Paribas Easy € Corp Bond SRI PAB 3-5Y Track Privilege Acc;BNP Paribas Asset Management Luxembourg;Fixed Income;Europe Fixed Income;RF Deuda Corporativa EUR;FO;EUR;Luxemburgo;2;;0.15;100000;True;True;2024-12-18;;;;;-0.11;-0.2;-0.74;-0.38;-0.31;-0.08;0.39;;;;3.48;;;;;;;;;;;;;;;;;;;0.16;;;;0.96;;;;;;;;;;;;;;;-0.34092;;;;;;;;;3.23666;;;;-2.45232;;;;0.15;0.03;0;3;0;0.03;;;;1;0;1;1;;;;;;;;100;3.48;1/4;;;;;Renta Fija;133;120;125;https://bancaonline.bankinter.com/resources/allfundssheets-enmenm/es/?isin=LU2954943440&language=es&currency=EUR&channel=nbol;2026-09-10
LU0357317923;BlueBay Investment Grade Bd R EUR (AID);BlueBay Funds - BlueBay Investment Grade Bond Fund R - EUR (AIDiv);BlueBay Funds Management Company S.A.;Fixed Income;Europe Fixed Income;RF Deuda Corporativa EUR;FO;EUR;Luxemburgo;2;4;0.91;0;True;False;2008-09-04;;;;;-0.14;-0.43;-0.99;-0.87;-1.01;-0.84;-0.66;4.14;-0.46;1.04;2.42;5.16;8.58;-14.79;-0.77;4.9;7.44;;5;;;;;;10;7.53599;96.5;0.35;0.66;-0.6;0.27;0.14;0.62;1;0.95;1.02;1.07;;;;;;;;;;;;-0.56562;0.38664;-0.39403;0.09575;;;;;4;3.37385;3.44779;5.808;5.33674;-2.83179;-2.83179;-19.02486;-19.56538;0.91;0.75;0;5;0;0.19;;;;2;2;3;3;1;2;0;;1.46;;;71;-14.79;1/4;;;;;Renta Fija;133;120;125;https://bancaonline.bankinter.com/resources/allfundssheets-enmenm/es/?isin=LU0357317923&language=es&currency=EUR&channel=nbol;2026-09-10
LU0217402501;BlueBay Investment Grade Bd R EUR Acc;BlueBay Funds - BlueBay Investment Grade Bond Fund - R - EUR accumulating;BlueBay Funds Management Company S.A.;Fixed Income;Europe Fixed Income;RF Deuda Corporativa EUR;FO;EUR;Luxemburgo;2;4;0.91;0;True;False;2005-03-28;;;;;-0.14;-0.43;-0.99;-0.87;-1;-0.83;-0.66;4.14;-0.46;1.04;2.42;5.16;8.58;-14.79;-0.77;4.89;7.45;;5;;;;;;10;7.53599;96.52;0.35;0.66;-0.6;0.27;0.14;0.62;1;0.95;1.02;1.07;;;;;;;;;;;;-0.56768;0.38739;-0.39423;0.09579;;;;;4;3.3676;3.4424;5.80561;5.33632;-2.8339;-2.8339;-19.02778;-19.56878;0.91;0.75;0;5;0;0.19;;;;2;2;3;3;1;2;0;;1.46;;;71;-14.79;1/4;;;;;Renta Fija;133;120;125;https://bancaonline.bankinter.com/resources/allfundssheets-enmenm/es/?isin=LU0217402501&language=es&currency=EUR&channel=nbol;2026-09-10
LU1902444584;CPR Invest Climate Bonds Euro A EUR Acc;CPR Invest - Climate Bonds Euro - A EUR - Acc;CPR Asset Management;Fixed Income;Europe Fixed Income;RF Deuda Corporativa EUR;FO;EUR;Luxemburgo;2;4;0.96;1;True;False;2018-12-06;;;;;-0.16;-0.42;-1.06;-0.68;-0.57;-0.5;0.01;4.43;0.08;;3.04;5.12;8.67;-13.38;-0.36;-0.23;2.41;;;;;;;;;;95.46;0.69;0.75;0.17;0.52;0.46;;1.09;0.98;0.93;;;;;;;;;;;;;-0.3428;0.45447;-0.32799;;;;;;3;3.65034;3.55892;5.30564;;-2.97304;-2.97304;-16.72167;;0.96;0.7;1;5;0;0.11;;;;1;1;2;1;0;1;;;1.49;;;57;-13.38;2/4;;;;;Renta Fija;133;120;125;https://bancaonline.bankinter.com/resources/allfundssheets-enmenm/es/?isin=LU1902444584&language=es&currency=EUR&channel=nbol;2026-09-10
LU1313770452;Candriam Sst Bd Euro Corp C € Acc;Candriam Sustainable Bond Euro Corporate C - CAP - EUR;Candriam;Fixed Income;Europe Fixed Income;RF Deuda Corporativa EUR;FO;EUR;Luxemburgo;2;3;1;0;True;False;2016-05-17;;;;;-0.19;-0.26;-1.09;-0.87;-0.61;-0.44;-0.16;3.94;-0.25;0.4;2.51;4.59;8.19;-13.51;-1.78;2;5.84;;;;;;;;10;;98.5;-0.08;0.43;-0.19;-0.01;0.06;-0.06;1.01;0.97;0.95;0.98;;;;;;;;;;;;-0.44624;0.30779;-0.41487;-0.03592;;;;;3;3.37254;3.47754;5.28892;4.83058;-2.68738;-2.68738;-16.62715;-17.1795;1;0.75;0;4;0;0.32;;;;3;2;2;2;2;2;2;;1.47;;;71;-13.51;0/4;;;;;Renta Fija;133;120;125;https://bancaonline.bankinter.com/resources/allfundssheets-enmenm/es/?isin=LU1313770452&language=es&currency=EUR&channel=nbol;2026-09-10
LU0300357554;DWS Invest Euro Corporate Bds LC;DWS Invest Euro Corporate Bonds LC;DWS Investment S.A.;Fixed Income;Europe Fixed Income;RF Deuda Corporativa EUR;FO;EUR;Luxemburgo;2;3;0.98;0;True;False;2007-05-21;;;;;-0.01;-0.1;-1.02;-0.8;-0.82;-0.56;-0.37;3.99;-0.69;0.6;2.73;4.82;8.15;-15.47;-1.37;3.35;7.32;;5;;;;;;10;7.00516;98.47;0.19;0.44;-0.3;0.08;-0.21;0.14;1.06;1;1;1.07;;;;;;;;;;;;-0.47487;0.33337;-0.46374;0.00478;;;;;4;3.54393;3.56416;5.63431;5.26968;-2.83673;-2.83673;-19.27595;-19.74251;0.98;0.9;0;3;0;0.21;;;;2;3;2;2;2;3;2;;1.41;;;71;-15.47;0/4;;;;;Renta Fija;133;120;125;https://bancaonline.bankinter.com/resources/allfundssheets-enmenm/es/?isin=LU0300357554&language=es&currency=EUR&channel=nbol;2026-09-10
LU0441433728;DWS Invest Euro Corporate Bds LD;DWS Invest Euro Corporate Bonds LD;DWS Investment S.A.;Fixed Income;Europe Fixed Income;RF Deuda Corporativa EUR;FO;EUR;Luxemburgo;2;3;0.98;0;True;False;2009-10-30;;;;;-0.02;-0.1;-1.02;-0.8;-0.82;-0.56;-0.37;3.99;-0.69;0.6;2.73;4.82;8.15;-15.47;-1.38;3.36;7.32;;5;;;;;;10;7.00516;98.49;0.19;0.43;-0.3;0.08;-0.21;0.14;1.06;1;1;1.07;;;;;;;;;;;;-0.47534;0.33333;-0.4638;0.00474;;;;;4;3.53959;3.56194;5.6351;5.26895;-2.83618;-2.83618;-19.27263;-19.73805;0.98;0.9;0;3;0;0.21;;;;2;3;2;2;2;3;2;;1.41;;;71;-15.47;0/4;;;;;Renta Fija;133;120;125;https://bancaonline.bankinter.com/resources/allfundssheets-enmenm/es/?isin=LU0441433728&language=es&currency=EUR&channel=nbol;2026-09-10
FI0008801097;Evli Corporate Bond B;Evli Corporate Bond B;Evli-Rahastoyhtiö Oy;Fixed Income;Europe Fixed Income;RF Deuda Corporativa EUR;FO;EUR;Finlandia;2;4;0.85;1000;True;False;1999-09-14;;;;;-0.13;-0.28;-0.74;-0.29;0.03;0.19;0.85;5;0.39;1.37;3.35;5.95;9.29;-13.81;0.11;2.5;6.1;;5;;;;;;12;;94.84;1.41;0.8;0.85;1.14;0.85;0.92;1.08;0.94;0.98;1.01;;;;;;;;;;;;-0.15403;0.64253;-0.25512;0.15818;;;;;4;3.69421;3.42116;5.66928;5.18079;-2.97973;-2.97973;-18.54246;-18.74289;0.85;0.85;0;0;0;0.1;0;;;0;0;0;0;0;0;0;;1.68;;;86;-13.81;4/4;;;;;Renta Fija;133;120;125;https://bancaonline.bankinter.com/resources/allfundssheets-enmenm/es/?isin=FI0008801097&language=es&currency=EUR&channel=nbol;2026-09-10
LU0243957825;Invesco Euro Corporate Bond A EUR Acc;Invesco Funds - Invesco Euro Corporate Bond Fund A Accumulation EUR;Invesco Management S.A.;Fixed Income;Europe Fixed Income;RF Deuda Corporativa EUR;FO;EUR;Luxemburgo;2;3;1.27;1000;True;False;2006-03-31;;;;;-0.11;-0.17;-1.1;-0.85;-0.98;-0.75;-0.54;3.52;-0.39;0.68;2.08;3.87;7.5;-12.46;-0.64;2.94;8.34;;5;;;;;;11;5.67851;96.15;-0.44;0.78;-0.32;-0.4;0.06;0.23;1.1;1.07;0.97;1.01;;;;;;;;;;;;-0.47417;0.20224;-0.40412;0.02418;;;;;4;3.70583;3.84152;5.51237;5.06449;-2.9875;-2.9875;-16.42498;-16.61746;1.27;1;0;5;;0.12;0.01;;;2;2;3;3;3;2;1;;1.18;;;71;-12.46;1/4;;;;;Renta Fija;133;120;125;https://bancaonline.bankinter.com/resources/allfundssheets-enmenm/es/?isin=LU0243957825&language=es&currency=EUR&channel=nbol;2026-09-10
LU0248037169;Invesco Euro Corporate Bond A MD EUR;Invesco Funds - Invesco Euro Corporate Bond Fund A Monthly Distribution EUR;Invesco Management S.A.;Fixed Income;Europe Fixed Income;RF Deuda Corporativa EUR;FO;EUR;Luxemburgo;2;3;1.27;1000;True;False;2006-05-02;;;;;-0.11;-0.17;-1.1;-0.85;-0.98;-0.75;-0.54;3.52;-0.39;0.68;2.09;3.87;7.49;-12.46;-0.64;2.94;8.34;;5;;;;;;11;5.67851;96.15;-0.44;0.78;-0.32;-0.4;0.06;0.23;1.1;1.07;0.97;1.01;;;;;;;;;;;;-0.47419;0.20234;-0.40416;0.02409;;;;;4;3.70609;3.84228;5.5126;5.0647;-2.98745;-2.98745;-16.42466;-16.61735;1.27;1;0;5;0;0.12;0.01;;;2;2;3;3;3;2;1;;1.18;;;71;-12.46;1/4;;;;;Renta Fija;133;120;125;https://bancaonline.bankinter.com/resources/allfundssheets-enmenm/es/?isin=LU0248037169&language=es&currency=EUR&channel=nbol;2026-09-10
LU0451950314;Janus Henderson Hrzn Euro Corp Bd A2 EUR;Janus Henderson Horizon Euro Corporate Bond Fund A2 EUR;Janus Henderson Investors;Fixed Income;Europe Fixed Income;RF Deuda Corporativa EUR;FO;EUR;Luxemburgo;2;2;1.18;2500;True;False;2009-12-18;;;;;-0.11;-0.11;-0.93;-0.73;-0.91;-0.68;-0.58;3.79;-1.09;0.39;2.41;4.29;7.82;-16.11;-1.46;3.84;6.38;;5;;;;;;10;;98.01;-0.16;0.51;-0.52;-0.09;-0.73;-0.08;1.04;1.01;0.95;0.98;;;;;;;;;;;;-0.53742;0.28475;-0.56454;-0.03924;;;;;3;3.5114;3.62877;5.35952;4.84204;-2.80681;-2.80681;-19.03755;-19.50167;1.18;0.75;0;5;0;0.35;0.1;;;2;2;3;3;2;3;2;;1.35;;;71;-16.11;0/4;;;;;Renta Fija;133;120;125;https://bancaonline.bankinter.com/resources/allfundssheets-enmenm/es/?isin=LU0451950314&language=es&currency=EUR&channel=nbol;2026-09-10
LU1670629549;M&G (Lux) Euro Corp Bd A EUR Acc;M&G (Lux) Euro Corporate Bond Fund EUR A Acc;M&G Luxembourg S.A.;Fixed Income;Europe Fixed Income;RF Deuda Corporativa EUR;FO;EUR;Luxemburgo;2;3;0.61;1000;True;False;2018-11-09;;;;;-0.09;-0.11;-0.92;-0.69;-0.82;-0.47;-0.26;3.96;-0.36;0.38;2.65;4.42;8.37;-13.99;-1.53;1.93;5.03;;5;;;;;;8;;97.56;0.23;0.55;-0.19;0.15;0.1;-0.08;0.98;0.97;0.96;0.98;;;;;;;;;;;;-0.44478;0.35349;-0.40555;-0.03865;;;;;3;3.31421;3.46746;5.39227;4.84352;-2.60997;-2.60997;-17.9024;-18.39425;0.61;0.4;0;3;0;0.01;;;;1;1;1;2;2;2;2;;1.52;;;71;-13.99;0/4;;;;;Renta Fija;133;120;125;https://bancaonline.bankinter.com/resources/allfundssheets-enmenm/es/?isin=LU1670629549&language=es&currency=EUR&channel=nbol;2026-09-10
LU2482630162;M&G European Credit Investment P EUR Acc;European Specialist Investment Funds - M&G European Credit Investment Fund Class P EUR Acc;M&G Luxembourg S.A.;Fixed Income;Europe Fixed Income;RF Deuda Corporativa EUR;FO;EUR;Luxemburgo;2;3;0.49;1000;True;False;2022-06-21;;;;;-0.15;-0.4;-0.91;-0.7;-0.71;-0.42;-0.3;4.25;;;2.26;5.56;8.41;;;;;;5;;;;;;8;;97.56;0.55;0.56;-0.41;0.36;;;0.9;0.94;;;;;;;;;;;;;;-0.5226;0.4183;;;;;;;2;3.03475;3.37172;;;-2.50022;-2.50022;;;0.49;0.49;0;3;0;0.11;;;;1;2;1;2;1;;;;1.7;;;100;2.26;1/4;;;;;Renta Fija;133;120;125;https://bancaonline.bankinter.com/resources/allfundssheets-enmenm/es/?isin=LU2482630162&language=es&currency=EUR&channel=nbol;2026-09-10
LU1914597502;MFS Meridian Euro Credit A1 EUR;MFS Meridian Funds - Euro Credit Fund A1 EUR;MFS Investment Management Company (Lux) S.à.r.l;Fixed Income;Europe Fixed Income;RF Deuda Corporativa EUR;FO;EUR;Luxemburgo;2;3;1.14;0;True;False;2019-02-15;;;;;-0.09;-0.27;-0.9;-0.72;-0.81;-0.9;-0.72;4.54;-0.31;;2.97;5.38;10.01;-15.55;-0.36;4.84;;;5;;;;;;11;5.38;96.48;0.8;0.67;-0.94;0.52;0.38;;0.93;1.01;1.07;;;;;;;;;;;;;-0.6876;0.45081;-0.35547;;;;;;5;3.14344;3.64736;6.05596;;-2.58928;-2.58928;-21.35235;;1.14;0.5;0;6;0;0.27;;;;2;3;3;3;0;2;;;1.75;;;67;-15.55;1/4;;;;;Renta Fija;133;120;125;https://bancaonline.bankinter.com/resources/allfundssheets-enmenm/es/?isin=LU1914597502&language=es&currency=EUR&channel=nbol;2026-09-10
LU0132601682;MS INVF Euro Corporate Bond A;Morgan Stanley Investment Funds - Euro Corporate Bond Fund A;MSIM Fund Management (Ireland) Limited;Fixed Income;Europe Fixed Income;RF Deuda Corporativa EUR;FO;EUR;Luxemburgo;2;4;1.04;0;True;False;2001-09-04;;;;;0.02;-0.04;-0.96;-0.69;-0.68;-0.55;-0.24;4.17;-0.24;0.89;2.97;4.77;8.96;-14.58;-0.8;2.9;8.08;;5;;;;;;10;6.24109;98.39;0.62;0.46;-0.28;0.32;0.26;0.44;1.04;0.96;1.01;1.06;;;;;;;;;;;;-0.46969;0.40432;-0.37604;0.06095;;;;;4;3.49782;3.41778;5.68239;5.29393;-2.90559;-2.90559;-18.78961;-19.24323;1.04;0.8;0;3;0;0.03;0.35;;;2;2;3;2;1;1;1;;1.44;;;71;-14.58;2/4;;;;;Renta Fija;133;120;125;https://bancaonline.bankinter.com/resources/allfundssheets-enmenm/es/?isin=LU0132601682&language=es&currency=EUR&channel=nbol;2026-09-10
LU0239680886;MS INVF Euro Corporate Bond AX;Morgan Stanley Investment Funds - Euro Corporate Bond Fund AX;MSIM Fund Management (Ireland) Limited;Fixed Income;Europe Fixed Income;RF Deuda Corporativa EUR;FO;EUR;Luxemburgo;2;4;1.04;0;True;False;2009-07-06;;;;;0.03;-0.03;-0.97;-0.71;-0.67;-0.54;-0.22;4.17;-0.24;0.89;2.96;4.78;8.96;-14.56;-0.82;2.9;8.12;;5;;;;;;10;6.24109;98.42;0.61;0.45;-0.28;0.31;0.26;0.44;1.04;0.95;1.01;1.06;;;;;;;;;;;;-0.47054;0.40251;-0.37522;0.06156;;;;;4;3.48395;3.41477;5.68805;5.29574;-2.89475;-2.89475;-18.76909;-19.23804;1.04;0.8;0;3;0;0.03;0.35;;;2;2;3;2;1;1;1;;1.44;;;71;-14.56;2/4;;;;;Renta Fija;133;120;125;https://bancaonline.bankinter.com/resources/allfundssheets-enmenm/es/?isin=LU0239680886&language=es&currency=EUR&channel=nbol;2026-09-10
IE000JM1MJ59;Man Euro Corp Bd D EUR Acc;Man Funds plc - Man Euro Corporate Bond D EUR;Man Asset Management (Ireland) Limited;Fixed Income;Europe Fixed Income;RF Deuda Corporativa EUR;FO;EUR;Irlanda;3;;1.41;1000;True;False;2023-10-26;;;;;-0.05;-0.15;-0.29;0.55;1.23;1.9;3.17;;;;7.07;14.06;;;;;;;;;;;;;13;5.2;;;;2.48;;;;0.75;;;;;;;;;;;;;;;0.58308;;;;;;;;;2.54445;;;;-1.96891;;;;1.41;1.24;0;0;0;0.14;;;;0;0;0;0;;;;;;;;100;7.07;1/4;;;;;Renta Fija;133;120;125;https://bancaonline.bankinter.com/resources/allfundssheets-enmenm/es/?isin=IE000JM1MJ59&language=es&currency=EUR&channel=nbol;2026-09-10
LU0076315455;Nordea 1 - European Covered Bond BP EUR;Nordea 1 - European Covered Bond Fund BP EUR;Nordea Investment Funds SA;Fixed Income;Europe Fixed Income;RF Deuda Corporativa EUR;FO;EUR;Luxemburgo;2;2;0.86;0;True;False;1996-07-05;;;;;-0.02;-0.07;-1.05;-0.98;-1.57;-1.65;-1.28;2.71;-1.45;0.1;2.55;3.1;4.31;-12.64;-2.41;3.16;4.97;;2;;;;;;5;7.40084;84.11;-0.84;1.4;-1.21;-0.97;-1.67;-0.48;1;0.84;0.71;0.56;;;;;;;;;;;;-0.71367;-0.01663;-0.81734;-0.16509;;;;;1;3.51853;3.24812;4.21576;3.31219;-2.94224;-2.94224;-15.41626;-15.90839;0.86;0.6;0;3;0;0.13;0.12;;;3;3;3;3;3;3;3;;0.92;;;71;-12.64;0/4;;;;;Renta Fija;133;120;125;https://bancaonline.bankinter.com/resources/allfundssheets-enmenm/es/?isin=LU0076315455&language=es&currency=EUR&channel=nbol;2026-09-10
IE00B3KR3M49;PIMCO GIS Euro Credit E EUR Acc;PIMCO GIS Euro Credit Fund E Class EUR Accumulation;PIMCO Global Advisors (Ireland) Limited;Fixed Income;Europe Fixed Income;RF Deuda Corporativa EUR;FO;EUR;Irlanda;2;1;1.36;;True;False;2010-05-25;;;;;-0.24;-0.47;-1.26;-1.1;-1.41;-1.64;-1.41;3.1;-1.73;-0.39;2.57;3.06;8.23;-17.43;-2.03;1.25;5.32;;6;;;;;;7;9.36;96.84;-0.81;1.05;-0.73;-1.02;-1.03;-0.8;1.33;1.21;1.08;1.06;;;;;;;;;;;;-0.54702;0.06911;-0.59772;-0.17856;;;;;5;4.5216;4.32428;6.0411;5.20248;-4.08006;-4.08006;-20.69716;-21.26897;1.36;2.5;0;5;0;0.12;;;;3;3;3;3;3;3;3;;0.76;;;71;-17.43;0/4;;;;;Renta Fija;133;120;125;https://bancaonline.bankinter.com/resources/allfundssheets-enmenm/es/?isin=IE00B3KR3M49&language=es&currency=EUR&channel=nbol;2026-09-10
FR0007008750;R-co Conviction Credit Euro C EUR;R-co Conviction Credit Euro C EUR;Rothschild & Co Asset Management;Fixed Income;Europe Fixed Income;RF Deuda Corporativa EUR;FO;EUR;Francia;2;5;0.82;2500;True;False;2000-12-29;;;;;-0.16;-0.26;-0.89;-0.55;-0.39;0.15;0.67;5.02;0.81;1.48;3.8;6.38;9.35;-13.17;1;2.72;5.17;;;;;;;;;;95.49;1.4;0.79;0.57;1.17;1.11;0.98;1.06;0.88;0.91;0.92;;;;;;;;;;;;-0.23028;0.67534;-0.19271;0.1821;;;;;3;3.57017;3.21236;5.33103;4.91417;-2.81122;-2.81122;-17.33488;-17.45395;0.82;0.71;0;2;0;0.04;;;;1;1;0;0;0;0;0;;1.79;;;86;-13.17;4/4;;;;;Renta Fija;133;120;125;https://bancaonline.bankinter.com/resources/allfundssheets-enmenm/es/?isin=FR0007008750&language=es&currency=EUR&channel=nbol;2026-09-10
LU0213453771;Robeco Euro Credit Bonds D €;Robeco Euro Credit Bonds D €;Robeco Institutional Asset Management BV;Fixed Income;Europe Fixed Income;RF Deuda Corporativa EUR;FO;EUR;Luxemburgo;2;3;0.92;0;True;False;2005-04-01;;;;;-0.14;-0.35;-0.94;-0.77;-0.65;-0.53;-0.34;3.76;-0.42;0.58;2.27;4.32;8.01;-13.51;-1.39;3.25;6.15;;5;;;;;;10;4.81497;98.7;-0.4;0.43;-0.38;-0.11;-0.06;0.12;0.96;0.94;0.94;0.98;;;;;;;;;;;;-0.50776;0.27762;-0.43795;0.00301;;;;;3;3.23886;3.35439;5.27651;4.83215;-2.65292;-2.65292;-17.3269;-17.83914;0.92;0.7;0;3;0;0.09;0.03;;;2;2;2;2;2;2;2;;1.42;;;71;-13.51;0/4;;;;;Renta Fija;133;120;125;https://bancaonline.bankinter.com/resources/allfundssheets-enmenm/es/?isin=LU0213453771&language=es&currency=EUR&channel=nbol;2026-09-10
LU0503372608;Robeco Euro SDG Credits D EUR Cap;Robeco Euro SDG Credits D EUR Capitalisation;Robeco Institutional Asset Management BV;Fixed Income;Europe Fixed Income;RF Deuda Corporativa EUR;FO;EUR;Luxemburgo;2;3;0.92;0;True;False;2010-05-18;;;;;-0.14;-0.36;-0.96;-0.76;-0.65;-0.55;-0.36;3.75;-0.56;0.36;2.31;4.35;7.37;-13.55;-1.8;2.91;5.58;;5;;;;;;10;4.71812;98.84;-0.45;0.42;-0.39;-0.12;-0.19;-0.09;0.97;0.94;0.94;0.98;;;;;;;;;;;;-0.51074;0.27499;-0.46386;-0.04171;;;;;3;3.24239;3.34637;5.28421;4.82209;-2.70291;-2.70291;-17.64958;-18.14336;0.92;0.7;0;3;0;0.06;0.5;;;2;2;2;2;2;2;2;;1.39;;;71;-13.55;0/4;;;;;Renta Fija;133;120;125;https://bancaonline.bankinter.com/resources/allfundssheets-enmenm/es/?isin=LU0503372608&language=es&currency=EUR&channel=nbol;2026-09-10
LU0113257694;Schroder ISF EURO Corp Bd A Acc EUR;Schroder International Selection Fund EURO Corporate Bond A Accumulation EUR;Schroder Investment Management (Europe) S.A.;Fixed Income;Europe Fixed Income;RF Deuda Corporativa EUR;FO;EUR;Luxemburgo;2;4;1.04;1000;True;False;2000-06-30;;;;;-0.02;-0.04;-0.86;-0.59;-0.46;-0.13;0.3;5.04;-0.24;1.27;3.44;5.98;9.71;-16.4;-1.16;4.59;8.8;;5;;;;;;10;9.90602;95.68;1.53;0.74;0.26;1.1;0.51;0.83;1.04;1;1.1;1.14;;;;;;;;;;;;-0.31567;0.61447;-0.33025;0.12456;;;;;5;3.47677;3.61178;6.29284;5.69921;-2.79978;-2.79978;-21.43303;-21.89663;1.04;0.75;0;3;0;0.1;0.3;;;1;1;1;1;0;1;0;;1.8;;;71;-16.4;3/4;;;;;Renta Fija;133;120;125;https://bancaonline.bankinter.com/resources/allfundssheets-enmenm/es/?isin=LU0113257694&language=es&currency=EUR&channel=nbol;2026-09-10
LU0425487740;Schroder ISF EURO Corp Bd A Dis EUR SF;Schroder International Selection Fund EURO Corporate Bond A Distribution EUR SF;Schroder Investment Management (Europe) S.A.;Fixed Income;Europe Fixed Income;RF Deuda Corporativa EUR;FO;EUR;Luxemburgo;2;4;1.04;1000;True;False;2009-04-30;;;;;-0.02;-0.04;-0.86;-0.59;-0.46;-0.13;0.3;5.04;-0.24;1.27;3.44;5.98;9.72;-16.4;-1.16;4.59;8.8;;5;;;;;;10;9.90602;95.68;1.53;0.74;0.26;1.1;0.51;0.83;1.04;1;1.1;1.14;;;;;;;;;;;;-0.3156;0.61458;-0.33017;0.12456;;;;;5;3.4767;3.61181;6.2929;5.69929;-2.79979;-2.79979;-21.43397;-21.89753;1.04;0.75;0;3;0;0.1;0.3;;;1;1;1;1;0;1;0;;1.8;;;71;-16.4;3/4;;;;;Renta Fija;133;120;125;https://bancaonline.bankinter.com/resources/allfundssheets-enmenm/es/?isin=LU0425487740&language=es&currency=EUR&channel=nbol;2026-09-10
LU0995119665;Schroder ISF EURO Crdt Convct A Acc EUR;Schroder International Selection Fund EURO Credit Conviction A Accumulation EUR;Schroder Investment Management (Europe) S.A.;Fixed Income;Europe Fixed Income;RF Deuda Corporativa EUR;FO;EUR;Luxemburgo;2;5;1.28;1000;True;False;2013-12-18;;;;;-0.02;-0.02;-0.73;-0.33;-0.09;0.27;0.81;5.69;0.16;1.71;3.85;6.94;10.59;-16.71;-1.05;4.84;9.76;;5;;;;;;11;10.46273;92.02;1.79;1.01;0.68;1.76;0.92;1.3;1.05;0.97;1.1;1.18;;;;;;;;;;;;-0.19538;0.79574;-0.25644;0.19451;;;;;5;3.53989;3.60309;6.46686;6.06905;-2.83664;-2.83664;-22.03064;-22.39232;1.28;1;0;3;0;0.14;0.5;;;0;0;0;0;0;1;0;;2.01;;;71;-16.71;4/4;;;;;Renta Fija;133;120;125;https://bancaonline.bankinter.com/resources/allfundssheets-enmenm/es/?isin=LU0995119665&language=es&currency=EUR&channel=nbol;2026-09-10
LU0995120242;Schroder ISF EURO Crdt Convct A DisEURS;Schroder International Selection Fund EURO Credit Conviction A Distribution EUR S;Schroder Investment Management (Europe) S.A.;Fixed Income;Europe Fixed Income;RF Deuda Corporativa EUR;FO;EUR;Luxemburgo;2;5;1.28;1000;True;False;2013-12-18;;;;;-0.02;-0.02;-0.73;-0.33;-0.09;0.27;0.81;5.69;0.16;1.71;3.85;6.94;10.59;-16.71;-1.06;4.84;9.76;;5;;;;;;11;10.46273;92.02;1.79;1.01;0.68;1.76;0.92;1.3;1.05;0.97;1.1;1.18;;;;;;;;;;;;-0.19505;0.79593;-0.25636;0.19448;;;;;5;3.54002;3.60324;6.46691;6.0689;-2.83666;-2.83666;-22.03088;-22.39261;1.28;1;0;3;0;0.14;0.5;;;0;0;0;0;0;1;0;;2.01;;;71;-16.71;4/4;;;;;Renta Fija;133;120;125;https://bancaonline.bankinter.com/resources/allfundssheets-enmenm/es/?isin=LU0995120242&language=es&currency=EUR&channel=nbol;2026-09-10
LU2080993616;Schroder ISF Sust EURO Crdt A Acc EUR;Schroder International Selection Fund Sustainable EURO Credit A Accumulation EUR;Schroder Investment Management (Europe) S.A.;Fixed Income;Europe Fixed Income;RF Deuda Corporativa EUR;FO;EUR;Luxemburgo;2;4;1.03;1000;True;False;2019-12-17;;;;;-0.03;-0.06;-0.8;-0.52;-0.59;-0.4;-0.04;4.34;0.06;;2.99;5.2;7.84;-12.7;0.25;5.15;;;5;;;;;;10;10.84946;96.17;0.65;0.74;-0.24;0.57;0.13;;0.95;0.88;0.83;;;;;;;;;;;;;-0.46464;0.48835;-0.39075;;;;;;2;3.17913;3.21057;4.77988;;-2.64802;-2.64802;-16.71771;;1.03;0.75;0;3;0;0.18;;;;0;1;2;2;1;1;;;1.64;;;83;-12.7;2/4;;;;;Renta Fija;133;120;125;https://bancaonline.bankinter.com/resources/allfundssheets-enmenm/es/?isin=LU2080993616&language=es&currency=EUR&channel=nbol;2026-09-10
FR0011288513;Sycomore Sélection Crédit R;Sycomore Sélection Crédit R;Sycomore Asset Management;Fixed Income;Europe Fixed Income;RF Deuda Corporativa EUR;FO;EUR;Francia;2;4;1.2;0;True;False;2012-12-05;;;;;-0.12;-0.29;-0.77;-0.39;-0.09;-0.17;0.69;4.65;1.1;1.21;3.69;5.37;9.35;-10.89;1.31;-0.43;4.85;;8;;;;;;13;4.47017;86.84;0.64;1.28;0.52;0.96;1.3;0.75;1.02;0.84;0.85;0.94;;;;;;;;;;;;-0.23197;0.59608;-0.12871;0.12438;;;;;3;3.51965;3.1809;5.3761;5.2588;-2.91878;-2.91878;-14.81661;-14.81661;1.2;1.2;1;3;0;0.13;50;;;0;0;1;0;0;0;0;;1.59;;;71;-10.89;4/4;;;;;Renta Fija;133;120;125;https://bancaonline.bankinter.com/resources/allfundssheets-enmenm/es/?isin=FR0011288513&language=es&currency=EUR&channel=nbol;2026-09-10
LU0133089424;T. Rowe Price Euro Corp Bd - A;T. Rowe Price Funds SICAV - Euro Corporate Bond Fund - A;T. Rowe Price (Luxembourg) Management S.à r.l.;Fixed Income;Europe Fixed Income;RF Deuda Corporativa EUR;FO;EUR;Luxemburgo;2;3;0.54;0;True;False;2004-11-09;;;;;0;-0.06;-0.93;-0.64;-0.58;-0.35;-0.06;4.19;-0.15;0.77;2.96;5.07;8.01;-13.46;-1.69;3.31;6.47;;;;;;;;10;;98.6;0.66;0.47;-0.21;0.37;-0.09;0.27;0.97;0.92;0.84;0.93;;;;;;;;;;;;-0.45427;0.42445;-0.44251;0.03601;;;;;2;3.25215;3.30407;4.77779;4.61119;-2.66203;-2.66203;-16.48232;-16.91782;0.54;0.44;0;5;0;0.12;0.03;;;1;2;2;2;1;1;1;;1.57;;;71;-13.46;3/4;;;;;Renta Fija;133;120;125;https://bancaonline.bankinter.com/resources/allfundssheets-enmenm/es/?isin=LU0133089424&language=es&currency=EUR&channel=nbol;2026-09-10
LU0162626096;UBS (Lux) BS EUR Corp (EUR) P-acc;UBS (Lux) Bond SICAV - EUR Corporates (EUR) P-acc;UBS Asset Management (Europe) S.A.;Fixed Income;Europe Fixed Income;RF Deuda Corporativa EUR;FO;EUR;Luxemburgo;2;2;1.15;0;True;False;2003-04-11;;;;;-0.13;-0.45;-1.09;-0.9;-0.9;-0.83;-0.52;3.59;-0.78;0.06;2.7;3.9;7.59;-14.33;-1.8;1.96;5.89;;5;;;;;;10;;98.18;-0.7;0.48;-0.37;-0.29;-0.28;-0.34;1.01;0.97;0.99;1.09;;;;;;;;;;;;-0.49765;0.22566;-0.47911;-0.08548;;;;;4;3.39851;3.45637;5.51208;5.42375;-2.85532;-2.85532;-17.75302;-18.20995;1.15;0.86;0;2;0;0.02;0;;;2;2;3;2;3;3;3;;1.26;;;71;-14.33;0/4;;;;;Renta Fija;133;120;125;https://bancaonline.bankinter.com/resources/allfundssheets-enmenm/es/?isin=LU0162626096&language=es&currency=EUR&channel=nbol;2026-09-10
IE0009591805;Vanguard Euro IG Bd Idx Inv EUR Acc;Vanguard Euro Investment Grade Bond Index Fund Investor EUR Accumulation;Vanguard Group (Ireland) Limited;Fixed Income;Europe Fixed Income;RF Deuda Corporativa EUR;FO;EUR;Irlanda;2;2;0.12;1000000;True;True;2001-05-30;;;;;0.08;-0.06;-0.91;-0.83;-0.67;-0.36;-0.14;3.53;-0.99;0.1;2.29;3.81;7.33;-15.19;-1.81;2.69;5.15;;5;;;;;;7;5.99647;98.44;-1;0.44;-0.19;-0.43;-0.62;-0.43;1;1;0.96;0.9;;;;;;;;;;;;-0.44348;0.18795;-0.54635;-0.11976;;;;;3;3.35822;3.58049;5.37745;4.45276;-2.75634;-2.75634;-17.8289;-18.31989;0.12;0.12;0;0;0;0.02;0;;;3;3;2;2;3;3;3;;1.28;;;71;-15.19;0/4;;;;;Renta Fija;133;120;125;https://bancaonline.bankinter.com/resources/allfundssheets-enmenm/es/?isin=IE0009591805&language=es&currency=EUR&channel=nbol;2026-09-10
LU0153585723;Vontobel Euro Corporate Bond B EUR;Vontobel Fund - Euro Corporate Bond B EUR Cap;Vontobel Asset Management S.A.;Fixed Income;Europe Fixed Income;RF Deuda Corporativa EUR;FO;EUR;Luxemburgo;2;3;1.35;0;True;False;2002-09-27;;;;;-0.16;-0.3;-1.01;-0.74;-0.89;-0.76;-0.21;4.07;-0.92;0.51;2.61;4.6;7.91;-15.71;-1.15;3.33;8.23;4;5;5856.90481;1.44361;0.99;0.3;;10;5.373;95.89;0.09;0.87;-0.19;-0.02;-0.36;0.11;1.07;1.1;1.02;1.13;;;;;;;;;;;;-0.44203;0.30194;-0.48375;-0.0031;;;;;5;3.59458;3.97347;5.80174;5.6881;-2.97169;-2.97169;-20.00844;-20.40348;1.35;1.1;0;5;0;0;0.5;;;2;3;3;2;2;3;2;;1.37;;;71;-15.71;0/4;;;;;Renta Fija;133;120;125;https://bancaonline.bankinter.com/resources/allfundssheets-enmenm/es/?isin=LU0153585723&language=es&currency=EUR&channel=nbol;2026-09-10
LU0153585996;Vontobel Euro Corporate Bond C EUR;Vontobel Fund - Euro Corporate Bond C EUR Cap;Vontobel Asset Management S.A.;Fixed Income;Europe Fixed Income;RF Deuda Corporativa EUR;FO;EUR;Luxemburgo;2;2;1.75;0;True;False;2007-07-16;;;;;-0.16;-0.3;-1.04;-0.83;-1.07;-1.02;-0.59;3.67;-1.31;0.12;2.21;4.2;7.49;-16.03;-1.53;2.93;7.81;4;5;5856.90481;1.44361;0.99;0.3;;10;5.373;95.9;-0.37;0.87;-0.58;-0.4;-0.75;-0.28;1.07;1.1;1.02;1.13;;;;;;;;;;;;-0.54966;0.20356;-0.55219;-0.07125;;;;;5;3.59116;3.97269;5.80124;5.68795;-2.99965;-2.99965;-20.36267;-20.77795;1.75;1.6;0;5;0;0;0.5;;;2;3;3;3;3;3;3;;1.22;;;71;-16.03;0/4;;;;;Renta Fija;133;120;125;https://bancaonline.bankinter.com/resources/allfundssheets-enmenm/es/?isin=LU0153585996&language=es&currency=EUR&channel=nbol;2026-09-10
LU1775980979;Invesco Sterling Bond A GBP Acc;Invesco Funds - Invesco Sterling Bond Fund A Accumulation GBP;Invesco Management S.A.;Fixed Income;Sterling Fixed Income;RF Deuda Corporativa GBP;FO;GBP;Luxemburgo;3;4;0.97;1000;True;False;2018-10-08;;;;;-0.15;0.31;-0.54;-0.13;-0.43;-0.91;2.19;5.4;0.65;1.99;6.26;1.62;10.57;-11.61;-1.3;7.71;8;;6;;;;;;9;11.084;96.7;-0.02;1.06;-0.63;0.02;1.46;0.98;0.94;0.94;0.83;0.71;;;;;;;;;;;;-0.13587;0.16415;-0.32433;0.04315;;;;;3;5.3053;5.52842;7.89716;6.10716;-4.42508;-4.42508;-21.89397;-22.04949;0.97;0.75;0;5;0;0.07;;;;3;3;3;3;2;0;0;;1.22;;;71;-11.61;2/4;;;;;Renta Fija;133;120;125;https://bancaonline.bankinter.com/resources/allfundssheets-enmenm/es/?isin=LU1775980979&language=es&currency=EUR&channel=nbol;2026-09-10
LU1525413685;Amundi Global Corp Bd 1-5Y ESG AE-C;Amundi Index Solutions - Amundi Global Corporate Bond 1-5Y ESG AE-C;Amundi Luxembourg S.A.;Fixed Income;Global Fixed Income;RF Deuda Corporativa Global;FO;EUR;Luxemburgo;3;3;0.35;1;True;True;2020-08-13;;;;;-0.19;-0.13;-0.73;-0.13;-0.16;1.28;2.14;2.82;;;-2.94;8.3;3.92;-3.58;;;;;4;;;;;;8;3.6293;85.05;0.03;3.18;-0.63;0.32;;;0.64;0.59;;;;;;;;;;;;;;0.15826;0.08587;;;;;;;1;2.53066;3.64949;;;-1.62731;-6.05505;;;0.35;0.25;0;5;0;0.02;;;;0;0;0;1;2;;;;0.47;;;50;-3.58;2/4;;;;;Renta Fija;133;120;125;https://bancaonline.bankinter.com/resources/allfundssheets-enmenm/es/?isin=LU1525413685&language=es&currency=EUR&channel=nbol;2026-09-10
IE00B4Y6F282;FTGF WA Sh Dur Bl Chp Bd A USD Acc;FTGF Western Asset Short Duration Blue Chip Bond Fund Class A US$ Accumulating;Franklin Templeton International Services S.à r.l.;Fixed Income;Global Fixed Income;RF Deuda Corporativa Global;FO;USD;Irlanda;2;3;1.16;1000;True;False;2009-06-25;;;;;0.04;-0.09;-0.28;0;0.1;0.66;1.92;4.54;1.51;1.56;5.01;3.9;6.03;-6.67;-1.55;3.95;5.69;;4;;;;;;8;2.32824;81.7;-0.17;4.74;-1.01;-0.38;-0.9;-0.73;0.33;0.3;0.35;0.34;;;;;;;;;;;;-1.1459;-0.05625;-0.73653;-0.33034;;;;;1;1.58809;2.2445;3.29489;2.81477;-1.25942;-1.25942;-10.29465;-10.87576;1.16;0.85;0;5;0;0;0.15;;;0;0;0;0;3;0;3;;3.6;;;71;-6.67;2/4;;;;;Renta Fija;133;120;125;https://bancaonline.bankinter.com/resources/allfundssheets-enmenm/es/?isin=IE00B4Y6F282&language=es&currency=EUR&channel=nbol;2026-09-10
LU0839536322;Amundi Fds Global Corp Bd A EUR H C;Amundi Funds - Global Corporate Bond A EUR Hgd (C);Amundi Luxembourg S.A.;Fixed Income;Global Fixed Income;RF Deuda Corporativa Global - EUR Cubierto;FO;EUR;Luxemburgo;2;2;1.24;;True;False;2012-12-11;;;;;-0.02;-0.22;-0.83;-1.27;-2.09;-2.02;-1.77;3.39;-1.91;0.04;4.14;2.2;5.76;-16.77;-1.45;6.46;10.32;;;;;;;;;;99.26;-0.08;0.44;-0.94;-0.03;-0.41;-0.17;1.06;1;0.96;0.99;;;;;;;;;;;;-0.72309;0.09816;-0.58156;-0.08171;;;;;3;3.72971;5.18232;6.51527;6.03414;-3.28606;-3.98714;-22.07877;-22.1272;1.24;0.9;1;5;0;0.19;;;;3;3;3;3;2;3;2;;0.85;;;71;-16.77;0/4;;;;;Renta Fija;133;120;125;https://bancaonline.bankinter.com/resources/allfundssheets-enmenm/es/?isin=LU0839536322&language=es&currency=EUR&channel=nbol;2026-09-10
IE00B4Y6F514;FTGF WA Sh Dur Bl Chp Bd A EURH Acc;FTGF Western Asset Short Duration Blue Chip Bond Fund Class A Euro Accumulating (Hedged);Franklin Templeton International Services S.à r.l.;Fixed Income;Global Fixed Income;RF Deuda Corporativa Global - EUR Cubierto;FO;EUR;Irlanda;2;3;1.16;1000;True;False;2014-01-30;;;;;-0.09;-0.04;-0.53;-0.34;-0.61;-0.64;-0.29;2.59;-0.43;-0.45;2.75;2.17;3.84;-8.62;-2.42;2.51;2.67;;4;;;;;;8;2.32824;89.51;-0.21;3.13;-1.19;-0.43;-0.78;-1;0.4;0.4;0.45;0.44;;;;;;;;;;;;-1.18568;-0.09906;-0.74828;-0.4177;;;;;1;1.54828;2.22182;3.27755;2.80263;-1.40857;-1.40857;-11.90257;-13.99654;1.16;0.85;0;5;0;0.05;;;;0;0;0;2;3;0;3;;1.84;;;71;-8.62;2/4;;;;;Renta Fija;133;120;125;https://bancaonline.bankinter.com/resources/allfundssheets-enmenm/es/?isin=IE00B4Y6F514&language=es&currency=EUR&channel=nbol;2026-09-10
LU0408846458;JPM Global Corporate Bd A acc EUR Hdg;JPMorgan Funds - Global Corporate Bond Fund A (acc) EUR (hedged);JPMorgan Asset Management (Europe) S.à r.l.;Fixed Income;Global Fixed Income;RF Deuda Corporativa Global - EUR Cubierto;FO;EUR;Luxemburgo;3;2;0.98;35000;True;False;2009-02-27;;;;;-0.08;-0.08;-0.76;-1.06;-1.74;-1.88;-1.51;3.25;-1.91;0.02;4.16;2.25;6.04;-16.9;-2.08;7.12;9.15;7;5;10204.69326;8.60851;0.99;1.65;;10;8.32449;97.46;-0.13;0.82;-0.55;-0.09;-0.5;-0.25;1.03;0.96;0.95;0.95;;;;;;;;;;;;-0.617;0.08584;-0.59818;-0.09763;;;;;3;3.65344;5.00206;6.41641;5.7371;-3.20419;-4.037;-22.06798;-22.44471;0.98;0.8;0;3;1;0.38;;;;3;3;3;3;2;3;2;;0.81;;;71;-16.9;0/4;;;;;Renta Fija;133;120;125;https://bancaonline.bankinter.com/resources/allfundssheets-enmenm/es/?isin=LU0408846458&language=es&currency=EUR&channel=nbol;2026-09-10
LU0790204860;JPM Global Corporate Bd A dist EUR Hdg;JPMorgan Funds - Global Corporate Bond Fund A (dist) EUR (hedged);JPMorgan Asset Management (Europe) S.à r.l.;Fixed Income;Global Fixed Income;RF Deuda Corporativa Global - EUR Cubierto;FO;EUR;Luxemburgo;3;2;1;35000;True;False;2012-06-04;;;;;-0.03;-0.04;-0.72;-1.04;-1.74;-1.89;-1.49;3.23;-1.93;0.01;4.17;2.21;6;-16.92;-2.07;7.12;9.17;7;5;10204.69326;8.60851;0.99;1.65;;10;8.32449;97.7;-0.18;0.78;-0.56;-0.12;-0.52;-0.26;1.02;0.97;0.95;0.95;;;;;;;;;;;;-0.61929;0.07884;-0.60169;-0.09958;;;;;3;3.64867;5.02803;6.41394;5.73456;-3.18829;-4.07305;-22.07221;-22.42173;1;0.8;0;3;1;0.38;;;;3;3;3;3;3;3;2;;0.79;;;71;-16.92;0/4;;;;;Renta Fija;133;120;125;https://bancaonline.bankinter.com/resources/allfundssheets-enmenm/es/?isin=LU0790204860&language=es&currency=EUR&channel=nbol;2026-09-10
LU0408846961;JPM Global Corporate Bd D acc EUR Hdg;JPMorgan Funds - Global Corporate Bond Fund D (acc) EUR (hedged);JPMorgan Asset Management (Europe) S.à r.l.;Fixed Income;Global Fixed Income;RF Deuda Corporativa Global - EUR Cubierto;FO;EUR;Luxemburgo;3;2;1.4;5000;True;False;2009-02-27;;;;;0;0;-0.74;-1.14;-1.94;-2.1;-1.86;2.85;-2.3;-0.39;3.77;1.79;5.58;-17.26;-2.4;6.66;8.67;7;5;10204.69326;8.60851;0.99;1.65;;10;8.32449;97.8;-0.68;0.76;-0.9;-0.49;-0.9;-0.65;1.03;0.97;0.95;0.95;;;;;;;;;;;;-0.71091;0.00639;-0.66232;-0.16847;;;;;3;3.66663;5.02937;6.41289;5.72962;-3.19235;-4.0998;-22.39243;-22.78668;1.4;0.8;0;3;1;0.38;;;;3;3;3;3;3;3;3;;0.7;;;71;-17.26;0/4;;;;;Renta Fija;133;120;125;https://bancaonline.bankinter.com/resources/allfundssheets-enmenm/es/?isin=LU0408846961&language=es&currency=EUR&channel=nbol;2026-09-10
LU0503867672;JPM Global Corporate Bd D div EUR Hdg;JPMorgan Funds - Global Corporate Bond Fund D (div) EUR (hedged);JPMorgan Asset Management (Europe) S.à r.l.;Fixed Income;Global Fixed Income;RF Deuda Corporativa Global - EUR Cubierto;FO;EUR;Luxemburgo;3;2;1.38;5000;True;False;2010-04-19;;;;;0;0;-0.78;-1.16;-1.91;-2.1;-1.92;2.85;-2.29;-0.38;3.78;1.86;5.45;-17.2;-2.39;6.73;8.7;7;5;10204.69326;8.60851;0.99;1.65;;10;8.32449;97.77;-0.66;0.76;-0.75;-0.48;-0.86;-0.64;1.05;0.98;0.96;0.96;;;;;;;;;;;;-0.6678;0.00835;-0.65469;-0.16418;;;;;3;3.7342;5.08993;6.46787;5.80225;-3.35192;-4.10452;-22.41949;-22.74486;1.38;0.8;0;3;1;0.38;;;;3;3;3;3;3;3;3;;0.69;;;71;-17.2;0/4;;;;;Renta Fija;133;120;125;https://bancaonline.bankinter.com/resources/allfundssheets-enmenm/es/?isin=LU0503867672&language=es&currency=EUR&channel=nbol;2026-09-10
IE000MI53C66;Man GlInGd Opports D H EUR Acc;Man Funds plc - Man Global Investment Grade Opportunities D H EUR;Man Asset Management (Ireland) Limited;Fixed Income;Global Fixed Income;RF Deuda Corporativa Global - EUR Cubierto;FO;EUR;Irlanda;3;5;1.45;1000;True;False;2023-04-20;;;;;-0.01;-0.18;-0.21;0.21;0.18;0.78;1.66;9.22;;;7.22;10.68;;;;;;;5;;;;;;11;7.1;84.61;2.96;2.02;1.85;5.75;;;0.88;0.8;;;;;;;;;;;;;;0.11609;1.39236;;;;;;;2;3.22029;4.51358;;;-2.68632;-2.68632;;;1.45;1.24;0;0;0;0.27;;;;0;0;0;0;0;;;;3.43;;;100;7.22;2/4;;;;;Renta Fija;133;120;125;https://bancaonline.bankinter.com/resources/allfundssheets-enmenm/es/?isin=IE000MI53C66&language=es&currency=EUR&channel=nbol;2026-09-10
IE00BHNWQ814;Muzinich Glbl Shrt DurInvmtGrdHEURAccR;Muzinich Global Short Duration Investment Grade Fund Hedged EUR Accumulation R;Muzinich & Co. (Ireland) Limited;Fixed Income;Global Fixed Income;RF Deuda Corporativa Global - EUR Cubierto;FO;EUR;Irlanda;2;4;0.62;1000;True;False;2019-09-10;;;;;0;-0.06;-0.11;0.25;0.28;0.55;1.3;3.46;1.34;;3.18;4.27;4.86;-5.32;0.25;0.63;;;4;;;;;;11;3.47;76.84;0.06;4.12;0.03;0.54;0.1;;0.35;0.2;0.21;;;;;;;;;;;;;-0.39791;0.5534;-0.3326;;;;;;1;1.3927;1.239;2.08218;;-1.23253;-1.23253;-7.48234;;0.62;0.5;0;3;;0.08;;;;0;0;0;0;1;0;;;2.81;;;83;-5.32;2/4;;;;;Renta Fija;133;120;125;https://bancaonline.bankinter.com/resources/allfundssheets-enmenm/es/?isin=IE00BHNWQ814&language=es&currency=EUR&channel=nbol;2026-09-10
IE00B11XZ434;PIMCO GIS GlInGd Crdt E EURH Acc;PIMCO GIS Global Investment Grade Credit Fund E Class EUR (Hedged) Accumulation;PIMCO Global Advisors (Ireland) Limited;Fixed Income;Global Fixed Income;RF Deuda Corporativa Global - EUR Cubierto;FO;EUR;Irlanda;2;1;1.39;;True;False;2006-03-31;;;;;0.06;-0.19;-0.56;-0.87;-2.02;-1.29;-0.06;3.19;-2.39;-0.52;4.37;1.76;5.88;-18.13;-3.13;3.11;8.34;1;6;1753503.24315;26.63116;4.18;1.14;;9;11.96;98.2;-0.27;0.71;0.22;-0.18;-0.87;-0.76;1.17;1.02;0.97;1.01;;;;;;;;;;;;-0.41454;0.06893;-0.64892;-0.17802;;;;;4;4.17945;5.263;6.61828;6.14878;-3.88114;-4.22919;-23.71757;-24.26067;1.39;2.5;0;5;0;0.15;;;;2;3;2;2;3;3;3;;0.75;;;71;-18.13;0/4;;;;;Renta Fija;133;120;125;https://bancaonline.bankinter.com/resources/allfundssheets-enmenm/es/?isin=IE00B11XZ434&language=es&currency=EUR&channel=nbol;2026-09-10
IE00BJTCP712;PIMCO GIS Lw Dur GlInGd Crdt E EUR H Acc;PIMCO GIS Low Duration Global Investment Grade Credit Fund E Class EUR (Hedged) Accumulation;PIMCO Global Advisors (Ireland) Limited;Fixed Income;Global Fixed Income;RF Deuda Corporativa Global - EUR Cubierto;FO;EUR;Irlanda;2;3;1.39;;True;False;2014-02-28;;;;;0;0;-0.4;-0.3;-1.08;-0.99;-0.4;2.66;-0.37;-0.23;3.15;2.72;4.02;-8.09;-2.44;0.88;2.31;1;5;2209989.38148;26.63116;4.18;3.49;;8;4.66;88.4;-0.21;2.86;-1.22;-0.4;-0.84;-0.78;0.6;0.47;0.43;0.44;;;;;;;;;;;;-0.95147;-0.05971;-0.76867;-0.32369;;;;;1;2.3216;2.58123;3.17856;2.93052;-2.54653;-2.54653;-11.73024;-12.58481;1.39;1.39;0;5;0;0.26;;;;0;0;1;3;3;0;3;;1.04;;;71;-8.09;1/4;;;;;Renta Fija;133;120;125;https://bancaonline.bankinter.com/resources/allfundssheets-enmenm/es/?isin=IE00BJTCP712&language=es&currency=EUR&channel=nbol;2026-09-10
LU1362999564;Robeco Global Credits DH EUR;Robeco Global Credits DH EUR;Robeco Institutional Asset Management BV;Fixed Income;Global Fixed Income;RF Deuda Corporativa Global - EUR Cubierto;FO;EUR;Luxemburgo;3;3;1.01;0;True;False;2016-02-18;;;;;0;-0.29;-0.63;-1.29;-2.38;-1.57;-0.85;2.95;-2.09;0.23;4.22;1.43;5.89;-17.05;-2.13;8.96;9.14;7;5;73.58334;;;;;10;7.28416;98.12;-0.46;0.71;-0.63;-0.3;-0.35;0.03;0.96;0.96;1.01;1.04;;;;;;;;;;;;-0.65512;0.04256;-0.57123;-0.04889;;;;;4;3.4014;4.97696;6.8153;6.23893;-3.02422;-4.14756;-22.95863;-23.20601;1.01;0.8;0;3;0;0.16;;;;2;3;2;3;3;3;1;;0.71;;;71;-17.05;1/4;;;;;Renta Fija;133;120;125;https://bancaonline.bankinter.com/resources/allfundssheets-enmenm/es/?isin=LU1362999564&language=es&currency=EUR&channel=nbol;2026-09-10
LU1857098336;Robeco Global Short Dur crdts M2H EUR;Robeco Global Short Duration Credits M2H EUR;Robeco Institutional Asset Management BV;Fixed Income;Global Fixed Income;RF Deuda Corporativa Global - EUR Cubierto;FO;EUR;Luxemburgo;2;3;1.22;0;True;False;2018-08-02;;;;;-0.01;-0.13;-0.35;-0.26;-0.74;-0.35;0.26;3.07;0.01;;3.61;2.91;4.5;-8.64;-1.96;2.03;2.91;;4;;;;;;10;2.9888;90.32;-0.06;3.23;-0.69;0.03;-0.42;;0.47;0.38;0.43;;;;;;;;;;;;;-0.84123;0.11381;-0.64097;;;;;;1;1.73236;2.08118;3.14545;;-1.67827;-1.67827;-11.99543;;1.22;1;0;0;0;0.1;;;;0;0;0;1;3;0;;;1.83;;;71;-8.64;2/4;;;;;Renta Fija;133;120;125;https://bancaonline.bankinter.com/resources/allfundssheets-enmenm/es/?isin=LU1857098336&language=es&currency=EUR&channel=nbol;2026-09-10
LU0201325072;Schroder ISF Glb Corp Bd A Dis EUR H Q;Schroder International Selection Fund Global Corporate Bond A Distribution EUR Hedged Q;Schroder Investment Management (Europe) S.A.;Fixed Income;Global Fixed Income;RF Deuda Corporativa Global - EUR Cubierto;FO;EUR;Luxemburgo;3;2;1.06;1000;True;False;2004-09-30;;;;;0.04;0.07;-0.57;-0.97;-1.43;-1.36;-1.03;3.43;-1.92;0.08;3.96;2.14;6.48;-17.57;-1.99;7.28;9.64;;5;;;;;;11;15.41094;96.83;0;0.91;-0.27;0.01;-0.4;-0.13;1.01;0.98;0.98;1.03;;;;;;;;;;;;-0.53977;0.10619;-0.57343;-0.07431;;;;;4;3.61991;5.12563;6.6694;6.27003;-2.90263;-4.52664;-22.88118;-23.14046;1.06;0.75;0;3;0;0.24;0.5;;;2;2;2;2;2;3;2;;0.76;;;71;-17.57;0/4;;;;;Renta Fija;133;120;125;https://bancaonline.bankinter.com/resources/allfundssheets-enmenm/es/?isin=LU0201325072&language=es&currency=EUR&channel=nbol;2026-09-10
LU0201324851;Schroder ISF Glbl Corp Bd A Acc EUR Hdg;Schroder International Selection Fund Global Corporate Bond A Accumulation EUR Hedged;Schroder Investment Management (Europe) S.A.;Fixed Income;Global Fixed Income;RF Deuda Corporativa Global - EUR Cubierto;FO;EUR;Luxemburgo;3;2;1.06;1000;True;False;2004-09-30;;;;;0.04;0.07;-0.57;-0.97;-1.43;-1.36;-1.04;3.45;-1.91;0.09;3.95;2.21;6.48;-17.57;-1.97;7.28;9.67;;5;;;;;;11;15.41094;96.85;0.02;0.91;-0.27;0.03;-0.39;-0.12;1.01;0.98;0.98;1.03;;;;;;;;;;;;-0.54064;0.10942;-0.57281;-0.0728;;;;;4;3.61936;5.12003;6.66163;6.26815;-2.89915;-4.50387;-22.88346;-23.14316;1.06;0.75;0;3;0;0.24;0.5;;;3;2;2;2;2;3;2;;0.77;;;71;-17.57;0/4;;;;;Renta Fija;133;120;125;https://bancaonline.bankinter.com/resources/allfundssheets-enmenm/es/?isin=LU0201324851&language=es&currency=EUR&channel=nbol;2026-09-10
LU0248179540;Schroder ISF Glbl Corp Bd A1 Acc EUR Hdg;Schroder International Selection Fund Global Corporate Bond A1 Accumulation EUR Hedged;Schroder Investment Management (Europe) S.A.;Fixed Income;Global Fixed Income;RF Deuda Corporativa Global - EUR Cubierto;FO;EUR;Luxemburgo;3;2;1.51;1000;True;False;2006-03-22;;;;;0.04;0.06;-0.61;-1.08;-1.66;-1.67;-1.47;2.98;-2.35;-0.35;3.5;1.74;6;-17.94;-2.41;6.81;9.17;;5;;;;;;11;15.41094;96.85;-0.48;0.91;-0.71;-0.42;-0.84;-0.57;1.02;0.98;0.98;1.03;;;;;;;;;;;;-0.66238;0.02118;-0.64129;-0.14465;;;;;4;3.62065;5.12069;6.66486;6.26863;-2.93771;-4.72955;-23.26344;-23.74895;1.51;0.75;0;2;0;0.24;0.3;;;3;2;3;3;3;3;3;;0.63;;;71;-17.94;0/4;;;;;Renta Fija;133;120;125;https://bancaonline.bankinter.com/resources/allfundssheets-enmenm/es/?isin=LU0248179540&language=es&currency=EUR&channel=nbol;2026-09-10
IE00B65YMD51;PIMCO GIS GlInGd Crdt E GBPH Inc;PIMCO GIS Global Investment Grade Credit Fund E Class GBP (Hedged) Income;PIMCO Global Advisors (Ireland) Limited;Fixed Income;Global Fixed Income;RF Deuda Corporativa Global - GBP Cubierto;FO;GBP;Irlanda;2;1;1.39;;True;False;2009-03-31;;;;;0.08;-0.17;-0.42;-0.45;-1.17;-0.18;1.77;4.9;-0.91;0.67;6.47;3.2;7.46;-17.09;-2.44;3.6;9.67;1;6;1510483.48332;26.63116;4.18;1.14;;9;11.96;98.05;-0.23;0.73;0.26;-0.16;-0.86;-0.76;1.18;1.01;0.96;1.01;;;;;;;;;;;;-0.38976;0.06811;-0.65339;-0.17367;;;;;4;4.21596;5.23587;6.61533;6.16212;-3.75815;-4.03051;-22.79044;-22.8988;1.39;2.5;0;5;0;0.14;;;;2;3;3;2;3;3;3;;1.22;;;71;-17.09;0/4;;;;;Renta Fija;133;120;125;https://bancaonline.bankinter.com/resources/allfundssheets-enmenm/es/?isin=IE00B65YMD51&language=es&currency=EUR&channel=nbol;2026-09-10
LU0557863056;Amundi Fds Global Corp Bd A EUR C;Amundi Funds - Global Corporate Bond A EUR (C);Amundi Luxembourg S.A.;Fixed Income;Global Fixed Income;RF Deuda Corporativa Global - USD Cubierto;FO;EUR;Luxemburgo;3;2;1.24;;True;False;2011-05-05;;;;;-0.16;-0.33;-1.38;-1.5;-1.68;0.13;1.06;2.49;0.47;1.76;-6.09;10.8;4.63;-9.21;6.88;-0.86;15.65;;;;;;;;;;99.32;-0.19;0.43;-0.84;-0.08;-0.44;-0.2;1.07;1;0.97;0.99;;;;;;;;;;;;0.01677;0.03301;-0.1994;0.17077;;;;;3;5.32066;6.56645;6.77829;7.00986;-4.37555;-10.81612;-13.02962;-14.89155;1.24;0.9;1;5;0;0.19;;;;3;3;3;3;2;2;2;;0.23;;;57;-9.21;0/4;;;;;Renta Fija;133;120;125;https://bancaonline.bankinter.com/resources/allfundssheets-enmenm/es/?isin=LU0557863056&language=es&currency=EUR&channel=nbol;2026-09-10
LU0319688791;Amundi Fds Global Corp Bd A USD C;Amundi Funds - Global Corporate Bond A USD (C);Amundi Luxembourg S.A.;Fixed Income;Global Fixed Income;RF Deuda Corporativa Global - USD Cubierto;FO;USD;Luxemburgo;2;2;1.23;1;True;False;2007-10-30;;;;;-0.04;0.04;-0.76;-0.8;-1.27;-0.87;-0.17;5.3;0.07;2.13;6.51;3.87;8.29;-14.79;-0.67;8.07;13.53;;;;;;;;;;99.31;-0.18;0.43;-0.85;-0.07;-0.44;-0.21;1.07;1;0.97;0.99;;;;;;;;;;;;-0.69761;0.11908;-0.55739;-0.03332;;;;;3;3.73977;5.19194;6.54716;6.01133;-3.12089;-3.73153;-20.57611;-20.57611;1.23;0.9;1;5;0;0.19;;;;3;3;3;3;2;2;2;;1.42;;;71;-14.79;0/4;;;;;Renta Fija;133;120;125;https://bancaonline.bankinter.com/resources/allfundssheets-enmenm/es/?isin=LU0319688791&language=es&currency=EUR&channel=nbol;2026-09-10
LU0408846375;JPM Global Corporate Bd A acc USD;JPMorgan Funds - Global Corporate Bond Fund A (acc) USD;JPMorgan Asset Management (Europe) S.à r.l.;Fixed Income;Global Fixed Income;RF Deuda Corporativa Global - USD Cubierto;FO;USD;Luxemburgo;3;2;0.98;35000;True;False;2009-02-27;;;;;0;0;-0.58;-0.68;-0.87;-0.68;0.39;5.24;0.11;2.07;6.5;3.97;8.44;-14.82;-1.22;8.73;12.32;7;5;11741.00358;8.60851;0.99;1.65;;10;8.32449;97.75;-0.2;0.77;-0.53;-0.13;-0.54;-0.29;1.03;0.96;0.95;0.95;;;;;;;;;;;;-0.61217;0.1063;-0.57683;-0.04939;;;;;3;3.63973;5.04611;6.42327;5.72683;-3.01149;-3.79171;-20.44901;-20.71984;0.98;0.8;0;3;1;0.37;0.2;;;3;3;3;2;2;3;2;;1.38;;;71;-14.82;0/4;;;;;Renta Fija;133;120;125;https://bancaonline.bankinter.com/resources/allfundssheets-enmenm/es/?isin=LU0408846375&language=es&currency=EUR&channel=nbol;2026-09-10
LU0408846706;JPM Global Corporate Bd D acc USD;JPMorgan Funds - Global Corporate Bond Fund D (acc) USD;JPMorgan Asset Management (Europe) S.à r.l.;Fixed Income;Global Fixed Income;RF Deuda Corporativa Global - USD Cubierto;FO;USD;Luxemburgo;3;2;1.39;5000;True;False;2009-02-27;;;;;0;0;-0.62;-0.78;-1.09;-0.98;0;4.8;-0.3;1.65;6.1;3.52;8.05;-15.21;-1.59;8.27;11.93;7;5;11741.00358;8.60851;0.99;1.65;;10;8.32449;97.7;-0.74;0.78;-0.98;-0.53;-0.95;-0.7;1.01;0.96;0.95;0.95;;;;;;;;;;;;-0.74083;0.02505;-0.64108;-0.12127;;;;;3;3.57918;5.01609;6.42177;5.72358;-3.01484;-3.83235;-20.74804;-21.07152;1.39;0.8;0;3;1;0.37;;;;3;3;3;3;3;3;3;;1.25;;;71;-15.21;0/4;;;;;Renta Fija;133;120;125;https://bancaonline.bankinter.com/resources/allfundssheets-enmenm/es/?isin=LU0408846706&language=es&currency=EUR&channel=nbol;2026-09-10
IE000V4MQ908;Man GlInGd Opports D USD Acc;Man Funds plc - Man Global Investment Grade Opportunities D USD;Man Asset Management (Ireland) Limited;Fixed Income;Global Fixed Income;RF Deuda Corporativa Global - USD Cubierto;FO;USD;Irlanda;3;5;1.45;1000;True;False;2023-04-27;;;;;-0.01;-0.15;-0.08;0.6;1.05;1.97;3.6;11.26;;;9.56;12.56;;;;;;;5;;;;;;11;7.1;85.1;3;2.01;1.88;5.7;;;0.88;0.8;;;;;;;;;;;;;;0.13524;1.41054;;;;;;;2;3.19088;4.50463;;;-2.50991;-2.50991;;;1.45;1.24;0;0;0;0.27;;;;0;0;0;0;0;;;;4.49;;;100;9.56;2/4;;;;;Renta Fija;133;120;125;https://bancaonline.bankinter.com/resources/allfundssheets-enmenm/es/?isin=IE000V4MQ908&language=es&currency=EUR&channel=nbol;2026-09-10
IE00B3K7XK29;PIMCO GIS GlInGd Crdt E USD Acc;PIMCO GIS Global Investment Grade Credit Fund E Class USD Accumulation;PIMCO Global Advisors (Ireland) Limited;Fixed Income;Global Fixed Income;RF Deuda Corporativa Global - USD Cubierto;FO;USD;Irlanda;2;1;1.39;1000;True;False;2008-12-10;;;;;0.1;-0.1;-0.41;-0.41;-1.06;-0.05;1.87;5.15;-0.44;1.54;6.52;3.49;8.35;-16.28;-2.29;5.03;11.5;1;6;2004782.70774;26.63116;4.18;1.14;;9;11.96;98.26;-0.35;0.69;0.26;-0.23;-0.97;-0.8;1.17;1.01;0.97;1;;;;;;;;;;;;-0.4032;0.08823;-0.63557;-0.1313;;;;;4;4.13441;5.26639;6.64647;6.09952;-3.66098;-3.96217;-22.17239;-22.28855;1.39;2.5;0;5;0;0.09;;;;1;3;2;1;2;3;3;;1.3;;;71;-16.28;1/4;;;;;Renta Fija;133;120;125;https://bancaonline.bankinter.com/resources/allfundssheets-enmenm/es/?isin=IE00B3K7XK29&language=es&currency=EUR&channel=nbol;2026-09-10
LU0106258311;Schroder ISF Glbl Corp Bd A Acc USD;Schroder International Selection Fund Global Corporate Bond A Accumulation USD;Schroder Investment Management (Europe) S.A.;Fixed Income;Global Fixed Income;RF Deuda Corporativa Global - USD Cubierto;FO;USD;Luxemburgo;3;2;1.03;1000;True;False;2000-01-17;;;;;0.03;0.1;-0.44;-0.56;-0.53;-0.12;0.93;5.46;0.07;2.18;6.27;4.05;8.85;-15.69;-1.07;9.13;12.99;;5;;;;;;11;15.41094;96.8;0.03;0.92;-0.15;0.04;-0.45;-0.14;1.02;0.98;0.98;1.03;;;;;;;;;;;;-0.50619;0.13872;-0.55282;-0.02183;;;;;4;3.61736;5.13243;6.68825;6.24975;-2.72569;-4.19725;-21.38513;-21.58528;1.03;0.75;0;3;0;0.24;0.3;;;2;1;2;2;2;3;2;;1.3;;;71;-15.69;0/4;;;;;Renta Fija;133;120;125;https://bancaonline.bankinter.com/resources/allfundssheets-enmenm/es/?isin=LU0106258311&language=es&currency=EUR&channel=nbol;2026-09-10
IE00BDFB5T26;Vanguard Glb Corp Bd Idx $ H Acc;Vanguard Global Corporate Bond Index Fund USD Hedged Acc;Vanguard Group (Ireland) Limited;Fixed Income;Global Fixed Income;RF Deuda Corporativa Global - USD Cubierto;FO;USD;Irlanda;3;3;0.18;1000000;True;True;2017-11-02;;;;;-0.03;-0.15;-0.51;-0.38;-0.53;-0.01;0.88;5.55;0.53;;6.91;3.68;9.04;-14.32;-1.05;8.19;12.16;;5;;;;;;9;8.35917;99.13;0.26;0.55;-0.04;0.17;-0.11;;0.93;0.94;0.96;;;;;;;;;;;;;-0.48456;0.16739;-0.50849;;;;;;3;3.24833;4.87179;6.43541;;-2.6395;-3.64807;-19.77872;;0.18;0.18;0;0;0;0.03;;;;2;1;1;1;1;1;;;1.52;;;71;-14.32;0/4;;;;;Renta Fija;133;120;125;https://bancaonline.bankinter.com/resources/allfundssheets-enmenm/es/?isin=IE00BDFB5T26&language=es&currency=EUR&channel=nbol;2026-09-10
LU0622305505;GS EM Corp Bd Base Acc USD;Goldman Sachs Emerging Markets Corporate Bond Portfolio Base Acc USD;Goldman Sachs Asset Management B.V.;Fixed Income;Emerging Markets Fixed Income;RF Deuda Corporativa Global Emergente;FO;USD;Luxemburgo;2;3;1.4;5000;True;False;2011-05-17;;;;;0.03;0.08;0.15;0.57;1.07;1.91;3.66;7.36;1.6;3.24;8.4;6.46;8.44;-13.17;-0.69;7.31;13;7;8;176.17143;7.31315;0.4;0.19;0.01198;13;;94.79;-0.07;1.35;0.5;0.46;0.1;-0.09;0.94;0.79;0.89;0.98;;;;;;;;;;;;0.14316;0.68239;-0.31064;0.14132;;;;;3;3.53596;3.95165;6.62589;7.33981;-2.28458;-2.95374;-21.78009;-21.78009;1.4;1.25;0;6;0;0.01;0.5;;;1;1;1;1;1;1;1;;2.49;;;71;-13.17;3/4;;;;;Renta Fija;133;120;125;https://bancaonline.bankinter.com/resources/allfundssheets-enmenm/es/?isin=LU0622305505&language=es&currency=EUR&channel=nbol;2026-09-10
IE00BFNXVX02;Muzinich EmergingMktsShrtDur HUSD Acc R;Muzinich EmergingMarketsShortDuration Fund Hedged USD Accumulation R Units;Muzinich & Co. (Ireland) Limited;Fixed Income;Emerging Markets Fixed Income;RF Deuda Corporativa Global Emergente;FO;USD;Irlanda;2;3;1.32;1000;True;False;2014-06-24;;;;;0;-0.09;0.24;0.73;1.21;1.79;3.08;6.17;2.06;2.77;6.24;6.8;6.22;-8.16;0.16;4.41;7.65;;7;;;;;;13;3.08;82.87;-0.4;3.1;-0.57;0.47;-0.59;-0.34;0.51;0.38;0.48;0.61;;;;;;;;;;;;-0.27195;0.76002;-0.46718;0.07585;;;;;1;2.07337;2.07726;3.91393;4.75445;-1.54498;-1.65076;-14.22756;-14.22756;1.32;1.1;0;3;0;0.12;;;;1;1;2;2;2;1;2;;3.74;;;86;-8.16;1/4;;;;;Renta Fija;133;120;125;https://bancaonline.bankinter.com/resources/allfundssheets-enmenm/es/?isin=IE00BFNXVX02&language=es&currency=EUR&channel=nbol;2026-09-10
LU1055196213;Pictet-Short Term Em Corp Bds P USD;Pictet-Short Term Emerging Corporate Bonds P USD;Pictet Asset Management (Europe) SA;Fixed Income;Emerging Markets Fixed Income;RF Deuda Corporativa Global Emergente;FO;USD;Luxemburgo;2;3;1.33;0;True;False;2014-05-14;;;;;0.01;0.03;0.22;0.86;1.39;2.1;3.58;6.34;2.54;2.63;6.59;7.55;4.55;-5.7;-0.59;3.26;5.97;;7;;;;;;14;2.52015;76.06;-0.35;3.14;0.05;0.59;-0.27;-0.42;0.63;0.39;0.42;0.53;;;;;;;;;;;;0.02067;0.78373;-0.38825;0.04685;;;;;1;2.55363;2.17598;3.50612;4.19413;-1.94343;-2.14203;-11.21981;-12.13654;1.33;1.8;0;5;1;0.27;0.2;;;1;1;1;2;2;0;2;;2.96;;;71;-5.7;2/4;;;;;Renta Fija;133;120;125;https://bancaonline.bankinter.com/resources/allfundssheets-enmenm/es/?isin=LU1055196213&language=es&currency=EUR&channel=nbol;2026-09-10
LU0566480116;abrdn-Emerg Mrkt Corp Bond A Acc USD;abrdn SICAV I - Emerging Markets Corporate Bond Fund A Acc USD;abrdn Investments Luxembourg S.A.;Fixed Income;Emerging Markets Fixed Income;RF Deuda Corporativa Global Emergente;FO;USD;Luxemburgo;3;3;1.68;500;True;False;2011-03-07;;;;;0;0;0.18;0.68;1.18;2.1;3.76;7.84;1.56;3.1;8.64;7.75;7.85;-13.52;-1.51;4.51;13.68;;8;;;;;;14;;90.8;0.21;1.58;0.54;0.87;-0.17;-0.26;0.91;0.79;0.81;1.02;;;;;;;;;;;;0.16134;0.77147;-0.35403;0.11766;;;;;3;3.43978;4.01862;6.11267;7.71762;-2.31915;-3.63991;-21.97401;-22.70629;1.68;1.5;0;5;0;0.11;;;;1;1;1;1;1;1;1;;2.15;;;71;-13.52;4/4;;;;;Renta Fija;133;120;125;https://bancaonline.bankinter.com/resources/allfundssheets-enmenm/es/?isin=LU0566480116&language=es&currency=EUR&channel=nbol;2026-09-10
LU1080015693;EdRF Emerging Credit A EUR H;Edmond de Rothschild Fund - Emerging Credit A EUR Hedged;Edmond de Rothschild Asset Management (France);Fixed Income;Emerging Markets Fixed Income;RF Deuda Corporativa Global Emergentes - Cubierto EUR;FO;EUR;Luxemburgo;2;4;1.35;0;True;False;2014-07-15;;;;;0.05;-0.14;-0.05;0.02;0.91;2.77;3.55;6.21;0.03;2.03;3.77;8.01;11.07;-18.24;-1.43;1.23;9.89;7;;1397.05178;2.9857;;;;;;78.69;0.37;2.23;1.72;1.45;0.92;0.9;0.69;0.73;0.95;1.2;;;;;;;;;;;;0.56305;0.85517;-0.18799;0.18165;;;;;5;2.9714;3.99182;8.40312;10.05098;-1.89697;-4.56678;-28.24628;-28.24628;1.35;1;1;1;0;0.34;;;;1;0;0;0;1;1;0;;1.36;;;71;-18.24;4/4;;;;;Renta Fija;133;120;125;https://bancaonline.bankinter.com/resources/allfundssheets-enmenm/es/?isin=LU1080015693&language=es&currency=EUR&channel=nbol;2026-09-10
LU0622306651;GS EM Corp Bd Oth Ccy Acc EUR Hdg;Goldman Sachs Emerging Markets Corporate Bond Portfolio Other Currency Acc EUR-Hedged;Goldman Sachs Asset Management B.V.;Fixed Income;Emerging Markets Fixed Income;RF Deuda Corporativa Global Emergentes - Cubierto EUR;FO;EUR;Luxemburgo;2;3;1.4;5000;True;False;2011-05-17;;;;;0.03;0.05;0.04;0.2;0.25;0.78;1.8;5.47;-0.3;1.21;6.2;4.73;6.2;-15.08;-1.55;5.51;9.68;7;8;154.0901;7.31315;0.4;0.19;;13;;94.74;0.06;1.34;0.59;0.58;0.27;0.05;0.93;0.79;0.88;0.99;;;;;;;;;;;;0.15246;0.68452;-0.31541;0.10865;;;;;3;3.52274;3.93121;6.52868;7.37118;-2.42393;-3.11659;-23.20605;-23.20605;1.4;1.25;0;6;0;0.01;0.5;;;1;1;1;1;1;1;1;;1.76;;;71;-15.08;4/4;;;;;Renta Fija;133;120;125;https://bancaonline.bankinter.com/resources/allfundssheets-enmenm/es/?isin=LU0622306651&language=es&currency=EUR&channel=nbol;2026-09-10
LU0512127621;JPM Emerg Mkts Corp Bd A acc EUR H;JPMorgan Funds - Emerging Markets Corporate Bond Fund A (acc) EUR (hedged);JPMorgan Asset Management (Europe) S.à r.l.;Fixed Income;Emerging Markets Fixed Income;RF Deuda Corporativa Global Emergentes - Cubierto EUR;FO;EUR;Luxemburgo;2;3;1.26;35000;True;False;2010-07-14;;;;;-0.03;-0.06;-0.02;0.19;0.2;0.69;1.6;5.44;-0.61;0.69;6.15;5.16;3.82;-15.12;-1.23;6.45;8.87;;8;;;;;;13;12.23185;95.34;0.03;1.05;0.31;0.24;0.2;-0.47;0.88;0.92;0.96;0.95;;;;;;;;;;;;0.0774;0.59158;-0.33183;0.03494;;;;;4;3.37772;4.51677;7.04183;7.20448;-2.51032;-3.80694;-24.59936;-24.59936;1.26;1;0;3;1;0.42;;;;1;2;1;1;1;2;2;;1.43;;;71;-15.12;3/4;;;;;Renta Fija;133;120;125;https://bancaonline.bankinter.com/resources/allfundssheets-enmenm/es/?isin=LU0512127621&language=es&currency=EUR&channel=nbol;2026-09-10
LU0512128355;JPM Emerg Mkts Corp Bd D acc EUR H;JPMorgan Funds - Emerging Markets Corporate Bond Fund D (acc) EUR (hedged);JPMorgan Asset Management (Europe) S.à r.l.;Fixed Income;Emerging Markets Fixed Income;RF Deuda Corporativa Global Emergentes - Cubierto EUR;FO;EUR;Luxemburgo;2;3;1.77;5000;True;False;2010-08-27;;;;;-0.04;-0.07;-0.07;0.07;-0.07;0.34;1.09;4.9;-1.12;0.16;5.61;4.62;3.29;-15.57;-1.74;5.88;8.3;;8;;;;;;13;12.23185;95.31;-0.48;1.05;-0.2;-0.27;-0.32;-1;0.88;0.92;0.96;0.95;;;;;;;;;;;;-0.07443;0.47687;-0.40676;-0.03865;;;;;4;3.37156;4.52107;7.03971;7.20431;-2.54529;-3.87269;-25.03744;-25.03744;1.77;1;0;3;1;0.42;;;;2;2;2;2;2;2;2;;1.27;;;71;-15.57;0/4;;;;;Renta Fija;133;120;125;https://bancaonline.bankinter.com/resources/allfundssheets-enmenm/es/?isin=LU0512128355&language=es&currency=EUR&channel=nbol;2026-09-10
LU0980585672;Loomis Sayles S/T Em Mkts Bd R/A H-EUR;Natixis International Fds (Lux) I - Loomis Sayles Short Term Emerging Markets Bond Fd R/A (H-EUR);Natixis Investment Managers International;Fixed Income;Emerging Markets Fixed Income;RF Deuda Corporativa Global Emergentes - Cubierto EUR;FO;EUR;Luxemburgo;2;3;1.35;1000;True;False;2015-02-17;;;;;0.01;-0.04;0.02;0.27;-0.08;-0.15;0.51;3.6;-0.38;0.12;4.2;4.27;3.47;-10.71;-1.29;1.55;4.19;;4;;;;;;13;2.67673;87.11;-0.62;2.96;-1.19;-0.28;-1.2;-0.94;0.58;0.4;0.42;0.58;;;;;;;;;;;;-0.53484;0.38034;-0.75559;-0.11091;;;;;1;2.27758;2.10614;3.27544;4.51165;-1.89719;-1.89719;-15.33421;-15.33421;1.35;1.3;0;3;0;0.1;;;;2;2;3;3;3;2;3;;1.9;;;71;-10.71;1/4;;;;;Renta Fija;133;120;125;https://bancaonline.bankinter.com/resources/allfundssheets-enmenm/es/?isin=LU0980585672&language=es&currency=EUR&channel=nbol;2026-09-10
IE0006SZI3X0;Man EM Corp Crdt Alt DN H EUR Acc;Man Funds VI plc - Man Emerging Markets Corporate Credit Alternative DN H EUR;Man Group Ltd;Fixed Income;Emerging Markets Fixed Income;RF Deuda Corporativa Global Emergentes - Cubierto EUR;FO;EUR;Irlanda;3;;2.08;1000;True;False;2024-09-02;;;;;0.04;0.04;0.02;1.17;2.49;5.72;8.48;;;;6.25;;;;;;;4;;;7.96749;0.24;;;;;;;;6.42;;;;0.31;;;;;;;;;;;;;;;2.87529;;;;;;;;;2.22158;;;;-0.84657;;;;2.08;1.75;1;0;0;1.26;;;;0;0;0;0;;;;;;;;100;6.25;1/4;;;;;Renta Fija;133;120;125;https://bancaonline.bankinter.com/resources/allfundssheets-enmenm/es/?isin=IE0006SZI3X0&language=es&currency=EUR&channel=nbol;2026-09-10
IE00BFNXVS58;Muzinich EmergingMktsShrtDur HEUR Acc R;Muzinich EmergingMarketsShortDuration Fund Hedged Euro Accumulation R Units;Muzinich & Co. (Ireland) Limited;Fixed Income;Emerging Markets Fixed Income;RF Deuda Corporativa Global Emergentes - Cubierto EUR;FO;EUR;Irlanda;2;3;1.31;1000;True;False;2014-06-20;;;;;0;-0.12;0.09;0.34;0.37;0.65;1.2;4.21;0.14;0.73;3.89;5.11;3.95;-10.07;-0.64;2.65;4.52;;7;;;;;;13;3.08;82.04;-0.36;3.11;-0.52;0.47;-0.54;-0.36;0.51;0.38;0.47;0.61;;;;;;;;;;;;-0.26339;0.73682;-0.48711;0.0225;;;;;1;2.06014;2.04539;3.8015;4.75783;-1.67409;-1.81032;-15.69166;-15.69166;1.31;1.1;0;3;0;0.12;;;;1;1;2;2;2;1;2;;2.33;;;71;-10.07;1/4;;;;;Renta Fija;133;120;125;https://bancaonline.bankinter.com/resources/allfundssheets-enmenm/es/?isin=IE00BFNXVS58&language=es&currency=EUR&channel=nbol;2026-09-10
LU1055198938;Pictet-Short Term Em Corp Bds HP EUR;Pictet-Short Term Emerging Corporate Bonds HP EUR;Pictet Asset Management (Europe) SA;Fixed Income;Emerging Markets Fixed Income;RF Deuda Corporativa Global Emergentes - Cubierto EUR;FO;EUR;Luxemburgo;2;3;1.38;0;True;False;2014-05-14;;;;;0;0;0.09;0.45;0.48;0.84;1.58;4.33;0.62;0.61;4.23;5.74;2.42;-7.56;-1.4;1.74;2.8;;7;;;;;;14;2.52015;77.08;-0.34;3.09;0;0.52;-0.2;-0.46;0.64;0.39;0.42;0.53;;;;;;;;;;;;-0.01492;0.72791;-0.39718;-0.01215;;;;;1;2.56952;2.18266;3.44171;4.21782;-2.08816;-2.3638;-12.73649;-13.0872;1.38;1.8;0;5;1;0.27;0.2;;;1;1;1;2;2;0;2;;1.83;;;71;-7.56;2/4;;;;;Renta Fija;133;120;125;https://bancaonline.bankinter.com/resources/allfundssheets-enmenm/es/?isin=LU1055198938&language=es&currency=EUR&channel=nbol;2026-09-10
LU0654954816;abrdn-Emerg Mrkt Corp Bond A Acc HEUR;abrdn SICAV I - Emerging Markets Corporate Bond Fund A Acc Hedged EUR;abrdn Investments Luxembourg S.A.;Fixed Income;Emerging Markets Fixed Income;RF Deuda Corporativa Global Emergentes - Cubierto EUR;FO;EUR;Luxemburgo;3;3;1.68;;True;False;2014-03-21;;;;;0;-0.03;0.05;0.3;0.31;0.9;1.84;5.85;-0.35;1.04;6.32;5.95;5.53;-15.24;-2.35;2.69;10.32;;8;;;;;;14;;90.75;0.26;1.57;0.55;0.9;-0.03;-0.14;0.91;0.79;0.8;1.02;;;;;;;;;;;;0.14353;0.74887;-0.35929;0.08203;;;;;4;3.46169;4.01345;6.05314;7.748;-2.49023;-3.8954;-23.28743;-23.28743;1.68;1.5;0;5;0;0.11;;;;1;1;1;1;1;1;1;;1.5;;;71;-15.24;4/4;;;;;Renta Fija;133;120;125;https://bancaonline.bankinter.com/resources/allfundssheets-enmenm/es/?isin=LU0654954816&language=es&currency=EUR&channel=nbol;2026-09-10
LU0546067371;AXAIMFIIS US Corp Itmt Bds F Cap USD;AXA IM Fixed Income Investment Strategies - US Corporate Intermediate Bonds F Capitalisation USD;BNP PARIBAS ASSET MANAGEMENT Europe;Fixed Income;US Fixed Income;RF Deuda Corporativa USD;FO;USD;Luxemburgo;2;3;0.93;0;True;False;2010-09-30;;;;;-0.06;0.05;-0.5;-0.14;-0.92;-0.43;0.42;4.77;0.62;1.97;6.79;3.5;5.85;-10.31;-1.51;7.37;9.57;;5;;;;;;10;4.96203;97.42;-0.09;2.56;-1.28;-0.18;-0.87;-0.39;0.57;0.6;0.6;0.64;;;;;;;;;;;;-1.06833;0.01645;-0.6727;-0.09453;;;;;2;2.24534;3.86622;4.77973;4.55004;-2.08591;-2.86207;-14.97459;-15.16471;0.93;0.75;0;3;0;0.06;0.01;;;0;1;1;2;2;0;2;;1.67;;;71;-10.31;1/4;;;;;Renta Fija;133;120;125;https://bancaonline.bankinter.com/resources/allfundssheets-enmenm/es/?isin=LU0546067371&language=es&currency=EUR&channel=nbol;2026-09-10
LU1567057721;Capital Group USCrpBd LUX B;Capital Group US Corporate Bond Fund LUX B;Capital International Management Company Sàrl;Fixed Income;US Fixed Income;RF Deuda Corporativa USD;FO;USD;Luxemburgo;3;2;0.9;0;True;False;2017-03-21;;;;;0.01;-0.38;-0.66;-1.52;-2.4;-1.32;-0.09;3.88;-1.19;1.57;6.41;1.24;6.84;-16.16;-2.48;12.1;12.98;;6;;;;;;8;10.24683;99.6;-2.75;0.41;-1.1;-1.08;-1.06;-0.65;0.97;1.01;0.98;0.94;;;;;;;;;;;;-0.82352;-0.10565;-0.63477;-0.10811;;;;;3;3.66039;6.37307;7.6119;6.57046;-2.86341;-5.55556;-22.28301;-23.0054;0.9;0.8;0;3;0;0.1;;;;2;2;2;3;3;2;3;;0.7;;;71;-16.16;0/4;;;;;Renta Fija;133;120;125;https://bancaonline.bankinter.com/resources/allfundssheets-enmenm/es/?isin=LU1567057721&language=es&currency=EUR&channel=nbol;2026-09-10
LU1567057309;Capital Group USCrpBd LUX B EUR;Capital Group US Corporate Bond Fund LUX B EUR;Capital International Management Company Sàrl;Fixed Income;US Fixed Income;RF Deuda Corporativa USD;FO;EUR;Luxemburgo;3;2;0.9;;True;False;2017-03-21;;;;;0.14;-0.62;-1.37;-1.53;-2.18;-0.22;0.17;1.32;-0.75;;-6.18;7.95;3.66;-10.96;4.74;2.83;15.56;;6;;;;;;8;10.24683;;;;;;;;;;;;;;;;;;;;;;;-0.06184;-0.16489;-0.38248;;;;;;3;5.42523;6.99346;6.80499;;-4.74998;-11.28891;-14.61669;;0.9;0.8;0;5;;0.1;;;;2;2;2;3;3;2;;;0.12;;;71;-10.96;0/4;;;;;Renta Fija;133;120;125;https://bancaonline.bankinter.com/resources/allfundssheets-enmenm/es/?isin=LU1567057309&language=es&currency=EUR&channel=nbol;2026-09-10
LU0458979076;Nordea 1 - US Corporate Bond BP EUR;Nordea 1 - US Corporate Bond Fund BP EUR;Nordea Investment Funds SA;Fixed Income;US Fixed Income;RF Deuda Corporativa USD;FO;EUR;Luxemburgo;3;3;1.03;0;True;False;2010-02-12;;;;;0.26;-0.02;-1.04;-1.24;-1.59;0.52;1.28;2.21;-0.41;1.36;-5.67;9.63;3.77;-12;6.87;0.5;15.56;;6;;;;;;11;9.48806;95.15;-0.04;1.4;-0.44;-0.05;-0.77;-0.56;1.01;0.98;0.95;0.98;;;;;;;;;;;;0.05035;-0.00964;-0.3151;0.09917;;;;;4;6.03045;7.18748;6.88856;7.32105;-4.7258;-11.60866;-14.95661;-14.95661;1.03;0.7;0;3;0;0;;;;1;1;1;2;1;2;3;;0.19;;;71;-12.0;0/4;;;;;Renta Fija;133;120;125;https://bancaonline.bankinter.com/resources/allfundssheets-enmenm/es/?isin=LU0458979076&language=es&currency=EUR&channel=nbol;2026-09-10
LU0146923718;UBAM Medium Term US Corporate Bd AC USD;UBAM - Medium Term US Corporate Bond AC USD;UBP Asset Management (Europe) S.A.;Fixed Income;US Fixed Income;RF Deuda Corporativa USD;FO;USD;Luxemburgo;2;4;0.92;0;True;False;2002-05-03;;;;;-0.12;-0.25;-0.65;-0.57;-1.25;-0.62;0.88;5.31;1.13;1.96;7.57;4.49;6.94;-10.41;-1.91;5.97;9.32;;7;;;;;;15;;94.06;0.15;2.89;-1.09;0.45;-0.22;-0.4;0.66;0.56;0.63;0.63;;;;;;;;;;;;-0.90625;0.18694;-0.52398;-0.09831;;;;;2;2.6274;3.66863;5.08274;4.51083;-2.36439;-2.72199;-15.802;-16.30069;0.92;0.5;0;3;0;0.03;0.25;;;0;1;1;2;0;0;2;;1.95;;;71;-10.41;2/4;;;;;Renta Fija;133;120;125;https://bancaonline.bankinter.com/resources/allfundssheets-enmenm/es/?isin=LU0146923718&language=es&currency=EUR&channel=nbol;2026-09-10
IE00B04GQX83;Vanguard U.S. Invm Grd Crdt Idx USD Acc;Vanguard U.S. Investment Grade Credit Index Fund USD Acc;Vanguard Group (Ireland) Limited;Fixed Income;US Fixed Income;RF Deuda Corporativa USD;FO;USD;Irlanda;3;4;0.12;1000000;True;True;2004-12-16;;;;;0.29;0.46;-0.04;-0.4;-0.6;0.03;0.87;5.35;0.2;2.22;7.77;2.56;7.91;-14.65;-0.96;8.65;12.53;;5;;;;;;8;9.27508;99.2;0.17;0.84;0.13;0.14;-0.15;-0.09;0.94;0.89;0.9;0.88;;;;;;;;;;;;-0.48011;0.08924;-0.51476;-0.02375;;;;;3;3.58154;5.6482;6.9331;6.10313;-2.75326;-4.459;-20.40139;-20.40139;0.12;0.12;0;0;0;0.04;0;;;1;1;1;1;1;1;1;;1.2;;;71;-14.65;4/4;;;;;Renta Fija;133;120;125;https://bancaonline.bankinter.com/resources/allfundssheets-enmenm/es/?isin=IE00B04GQX83&language=es&currency=EUR&channel=nbol;2026-09-10
LU1646952801;abrdn-US Dollar Credit Sust Bd A AccUSD;abrdn SICAV I - US Dollar Credit Sustainable Bond Fund A Acc USD;abrdn Investments Luxembourg S.A.;Fixed Income;US Fixed Income;RF Deuda Corporativa USD;FO;USD;Luxemburgo;3;3;0.99;500;True;False;2017-12-08;;;;;-0.09;-0.08;-0.45;-0.83;-1.47;-1.39;-0.13;4.54;-0.74;1.8;6.81;2.31;7.59;-16.16;-1.85;10.58;13.97;;6;;;;;;9;;94.67;-0.34;1.46;-0.38;-0.46;-0.89;-0.38;1.03;0.92;0.93;0.96;;;;;;;;;;;;-0.60124;-0.01615;-0.60745;-0.06607;;;;;3;3.99798;5.9252;7.34006;6.70912;-2.86815;-5.52439;-22.77418;-22.86734;0.99;0.8;0;5;0;0.06;;;;1;2;2;2;2;2;2;;0.82;;;71;-16.16;0/4;;;;;Renta Fija;133;120;125;https://bancaonline.bankinter.com/resources/allfundssheets-enmenm/es/?isin=LU1646952801&language=es&currency=EUR&channel=nbol;2026-09-10
LU0097116437;Eurizon Bond EUR Short Term LTE R Acc;Eurizon Fund - Bond EUR Short Term LTE Class Unit R EUR Accumulation;Eurizon Capital SGR SpA - Luxembourg Branch;Fixed Income;Europe Fixed Income;RF Deuda Pública Corto Plazo EUR;FO;EUR;Luxemburgo;2;3;0.44;50000;True;True;1999-07-16;;;;;-0.06;-0.06;-0.23;0.1;0.06;0.04;0.34;2.21;0.46;-0.11;1.89;2.68;3;-4.68;-1.13;-0.31;0.01;;4;;;;;;7;;99.78;-3.32;0.13;-0.38;-0.44;-0.41;-0.47;0.93;0.92;0.9;0.93;;;;;;;;;;;;-1.13508;-0.47906;-1.02802;-0.72121;;;;;2;1.27324;1.30831;1.62017;1.25569;-1.15162;-1.15162;-5.61371;-8.73515;0.44;0.3;0;2;0;0.02;;;;2;2;2;2;2;2;2;;1.92;;;57;-4.68;0/4;;;;;Renta Fija;133;120;125;https://bancaonline.bankinter.com/resources/allfundssheets-enmenm/es/?isin=LU0097116437&language=es&currency=EUR&channel=nbol;2026-09-10
LU0396183898;Generali IS Euro Bond 1/3Y EX;Generali Investments SICAV - Euro Bond 1-3 Years EX;Generali Investments Luxembourg SA;Fixed Income;Europe Fixed Income;RF Deuda Pública Corto Plazo EUR;FO;EUR;Luxemburgo;2;4;0.93;500;True;False;2009-03-09;;;;;-0.1;-0.05;-0.21;0.04;-0.1;-0.36;-0.02;2.3;1.13;0.8;2.52;3.14;3.12;-2.43;-0.18;0.62;1.44;;4;;;;;;8;3.6036;89.55;-0.72;0.48;-0.58;-0.34;0.11;0.44;1.02;1.02;0.75;0.93;;;;;;;;;;;;-1.19215;-0.35364;-0.54665;0.04309;;;;;3;1.47073;1.52495;1.58947;1.64528;-1.58681;-1.58681;-4.23216;-4.23216;0.93;0.7;0;2;0;0.19;0.06;;;1;3;3;3;2;0;0;;1.45;;;71;-2.43;2/4;;;;;Renta Fija;133;120;125;https://bancaonline.bankinter.com/resources/allfundssheets-enmenm/es/?isin=LU0396183898&language=es&currency=EUR&channel=nbol;2026-09-10
LU0145485214;Generali IS Euro Short Term Bond DX;Generali Investments SICAV - Euro Short Term Bond Fund DX;Generali Investments Luxembourg SA;Fixed Income;Europe Fixed Income;RF Deuda Pública Corto Plazo EUR;FO;EUR;Luxemburgo;2;5;0.45;500;True;False;2003-11-26;;;;;-0.01;0.05;0.19;0.55;1.03;1.17;1.7;2.74;2.07;1.09;2.33;3.37;3;0.36;0.74;-0.03;0.79;;4;;;;;;9;2.06767;71.94;0.12;0.97;0.13;-0.02;0.34;0.47;0.3;0.33;0.21;0.34;;;;;;;;;;;;-0.43501;-0.15596;0.11883;0.3708;;;;;2;0.50493;0.58039;0.74467;0.96909;-0.44131;-0.44131;-1.71566;-3.47175;0.45;0.3;0;3;0;0.18;0.06;;;0;0;0;0;0;0;0;;6.21;;;86;-0.03;4/4;;;;;Renta Fija;133;120;125;https://bancaonline.bankinter.com/resources/allfundssheets-enmenm/es/?isin=LU0145485214&language=es&currency=EUR&channel=nbol;2026-09-10
LU0145485560;Generali IS Euro Short Term Bond DY;Generali Investments SICAV - Euro Short Term Bond Fund DY;Generali Investments Luxembourg SA;Fixed Income;Europe Fixed Income;RF Deuda Pública Corto Plazo EUR;FO;EUR;Luxemburgo;2;5;0.45;500;True;False;2015-06-19;;;;;-0.01;0.05;0.19;0.55;1.03;1.17;1.7;2.74;2.09;1.1;2.33;3.37;3;0.43;0.75;-0.04;0.79;;4;;;;;;9;2.06767;72.08;0.12;0.97;0.13;-0.02;0.35;0.48;0.3;0.33;0.21;0.34;;;;;;;;;;;;-0.43173;-0.14996;0.14472;0.38209;;;;;2;0.50509;0.58009;0.73865;0.96838;-0.44112;-0.44112;-1.71712;-3.4721;0.45;0.3;0;3;0;0.18;0;;;0;0;0;0;0;0;0;;6.21;;;86;-0.04;4/4;;;;;Renta Fija;133;120;125;https://bancaonline.bankinter.com/resources/allfundssheets-enmenm/es/?isin=LU0145485560&language=es&currency=EUR&channel=nbol;2026-09-10
LU0408877412;JPM Euro Govt Shrt Dur Bd A acc EUR;JPMorgan Funds - Euro Government Short Duration Bond Fund A (acc) EUR;JPMorgan Asset Management (Europe) S.à r.l.;Fixed Income;Europe Fixed Income;RF Deuda Pública Corto Plazo EUR;FO;EUR;Luxemburgo;2;3;0.5;35000;True;False;2009-02-20;;;;;-0.04;-0.02;-0.23;0.09;-0.04;-0.07;0.29;2.37;0.71;0.2;2.18;2.94;3.13;-4.16;-0.72;-0.27;0.18;;4;;;;;;7;1.9;98;-1.08;0.2;-0.29;-0.22;-0.17;-0.17;1.04;0.94;0.89;0.91;;;;;;;;;;;;-1.04067;-0.30261;-0.85769;-0.45489;;;;;2;1.43138;1.3653;1.60372;1.24491;-1.31499;-1.31499;-4.86934;-6.30566;0.5;0.35;0;3;1;-0.04;;;;2;2;2;2;1;1;1;;1.8;;;57;-4.16;3/4;;;;;Renta Fija;133;120;125;https://bancaonline.bankinter.com/resources/allfundssheets-enmenm/es/?isin=LU0408877412&language=es&currency=EUR&channel=nbol;2026-09-10
LU0408877842;JPM Euro Govt Shrt Dur Bd D acc EUR;JPMorgan Funds - Euro Government Short Duration Bond Fund D (acc) EUR;JPMorgan Asset Management (Europe) S.à r.l.;Fixed Income;Europe Fixed Income;RF Deuda Pública Corto Plazo EUR;FO;EUR;Luxemburgo;2;3;0.55;0;True;False;2009-02-20;;;;;-0.04;-0.02;-0.23;0.08;-0.06;-0.11;0.24;2.33;0.66;0.16;2.13;2.89;3.07;-4.11;-0.82;-0.27;0;;4;;;;;;7;1.9;97.93;-1.38;0.21;-0.35;-0.29;-0.23;-0.22;1.04;0.94;0.88;0.9;;;;;;;;;;;;-1.0789;-0.35541;-0.89579;-0.50637;;;;;2;1.43257;1.35765;1.59565;1.23143;-1.32226;-1.32226;-5.00916;-6.70846;0.55;0.35;0;3;1;-0.04;;;;2;2;2;2;2;1;1;;1.76;;;43;-4.11;2/4;;;;;Renta Fija;133;120;125;https://bancaonline.bankinter.com/resources/allfundssheets-enmenm/es/?isin=LU0408877842&language=es&currency=EUR&channel=nbol;2026-09-10
LU1050470373;Amundi Core Euro Govt Bd AE Acc;Amundi Core Euro Government Bond AE Acc;Amundi Luxembourg S.A.;Fixed Income;Europe Fixed Income;RF Deuda Pública EUR;FO;EUR;Luxemburgo;3;3;0.35;;True;True;2014-04-14;;;;;-0.31;-0.37;-1.54;-1.59;-1.99;-1.67;-1.47;1.76;-2.95;-0.65;0.2;1.6;6.67;-18.25;-3.82;4.82;6.59;;6;;;;;;7;8.6239;99.91;-1.98;0.16;-0.31;-0.33;-0.29;-0.04;0.99;0.99;0.98;0.96;;;;;;;;;;;;-0.61164;-0.23125;-0.76118;-0.23022;;;;;3;4.19903;4.93505;6.41156;5.22051;-3.49591;-4.13255;-20.77406;-22.55604;0.35;0.2;0;5;0;0.01;;;;2;2;2;2;2;2;1;;0.43;;;71;-18.25;1/4;;;;;Renta Fija;133;120;125;https://bancaonline.bankinter.com/resources/allfundssheets-enmenm/es/?isin=LU1050470373&language=es&currency=EUR&channel=nbol;2026-09-10
LU0111548326;BNP Paribas Euro Government Bd C C;BNP Paribas Funds Euro Government Bond Classic Capitalisation;BNP Paribas Asset Management Luxembourg;Fixed Income;Europe Fixed Income;RF Deuda Pública EUR;FO;EUR;Luxemburgo;3;2;1.06;0;True;False;1999-05-11;;;;;-0.3;-0.39;-1.67;-1.62;-2.09;-2.12;-2.06;1.12;-3.23;-1.3;0.05;0.45;5.74;-17.06;-4.24;4.29;5.72;;;;;;;;;;99.19;-2.13;0.47;-0.91;-0.96;-0.68;-0.68;0.98;1.02;0.96;0.96;;;;;;;;;;;;-0.75091;-0.35207;-0.82349;-0.35475;;;;;3;4.18384;5.10666;6.28621;5.20011;-3.69886;-4.32924;-20.43438;-22.47084;1.06;0.7;0;3;0;0.1;;;;2;3;3;3;3;3;3;;0.26;;;71;-17.06;0/4;;;;;Renta Fija;133;120;125;https://bancaonline.bankinter.com/resources/allfundssheets-enmenm/es/?isin=LU0111548326&language=es&currency=EUR&channel=nbol;2026-09-10
LU0549541232;BlueBay Inv Grd Euro Govt Bd M EUR Acc;BlueBay Funds - BlueBay Investment Grade Euro Government Bond Fund M EUR Acc;BlueBay Funds Management Company S.A.;Fixed Income;Europe Fixed Income;RF Deuda Pública EUR;FO;EUR;Luxemburgo;3;3;0.61;0;True;False;2013-12-06;;;;;-0.3;-0.57;-1.62;-2.05;-3.78;-3.59;-3.11;1.74;-2.55;-0.05;0.98;2.68;6.81;-16.36;-3.95;5.28;8.93;;6;;;;;;8;11.69586;94.73;-0.26;1.17;-1.35;-0.3;0.14;0.65;1.21;1;0.97;0.97;;;;;;;;;;;;-0.78189;-0.21694;-0.67594;-0.09653;;;;;4;5.24036;5.14633;6.49784;5.40274;-5.25333;-5.25333;-18.77945;-20.6396;0.61;0.5;0;5;0;0.13;;;;3;3;3;3;2;1;0;;0.33;;;71;-16.36;1/4;;;;;Renta Fija;133;120;125;https://bancaonline.bankinter.com/resources/allfundssheets-enmenm/es/?isin=LU0549541232&language=es&currency=EUR&channel=nbol;2026-09-10
LU0549537040;BlueBay Inv Grd Euro Govt Bd R EUR Acc;BlueBay Funds - BlueBay Investment Grade Euro Government Bond Fund R EUR Acc;BlueBay Funds Management Company S.A.;Fixed Income;Europe Fixed Income;RF Deuda Pública EUR;FO;EUR;Luxemburgo;3;3;0.95;0;True;False;2013-10-30;;;;;-0.3;-0.57;-1.65;-2.14;-3.94;-3.81;-3.43;1.39;-2.88;-0.39;0.64;2.33;6.44;-16.64;-4.28;4.91;8.56;;6;;;;;;8;11.69586;94.71;-0.56;1.18;-1.68;-0.64;-0.2;0.31;1.21;1;0.97;0.97;;;;;;;;;;;;-0.8445;-0.28376;-0.72949;-0.15986;;;;;4;5.25018;5.14813;6.49513;5.40131;-5.40701;-5.40701;-19.35095;-21.37443;0.95;0.75;0;5;0;0.13;;;;3;3;3;3;3;2;0;;0.26;;;71;-16.64;1/4;;;;;Renta Fija;133;120;125;https://bancaonline.bankinter.com/resources/allfundssheets-enmenm/es/?isin=LU0549537040&language=es&currency=EUR&channel=nbol;2026-09-10
FR0007004130;CM-AM Obli Souverains RC;CM-AM Obli Souverains RC;Crédit Mutuel Asset Management;Fixed Income;Europe Fixed Income;RF Deuda Pública EUR;FO;EUR;Francia;3;2;0.6;1;True;False;1996-09-17;;;;;-0.34;-0.33;-1.54;-1.58;-2.09;-1.64;-1.66;1.52;-3.15;;-0.06;1.14;6.48;-18.3;-3.6;;;;;;;;;;;;99.48;-1.33;0.42;-0.38;-0.51;-0.37;;1.04;1.04;1.01;;;;;;;;;;;;;-0.62416;-0.2615;-0.77005;;;;;;4;4.41771;5.20504;6.58297;;-3.56081;-4.48753;-21.02874;;0.6;0.7;0;1;0;0.01;;;;3;2;2;2;3;3;;;0.34;;;40;-18.3;0/4;;;;;Renta Fija;133;120;125;https://bancaonline.bankinter.com/resources/allfundssheets-enmenm/es/?isin=FR0007004130&language=es&currency=EUR&channel=nbol;2026-09-10
BE0943877671;DPAM B Bonds Eur Govt B Cap;DPAM B - Bonds Eur Government B Cap;Degroof Petercam Asset Management SA;Fixed Income;Europe Fixed Income;RF Deuda Pública EUR;FO;EUR;Bélgica;3;4;0.65;1;True;False;1996-10-04;;;;;-0.29;-0.29;-1.44;-1.5;-2;-1.29;-0.9;2.2;-2.48;-0.37;0.46;1.73;8.28;-17.83;-2.88;3.29;9.22;;;;;;;;;;99.05;0.15;0.61;0.44;0.16;0.2;0.3;1.06;1.06;0.98;0.99;;;;;;;;;;;;-0.44051;-0.13299;-0.67276;-0.16125;;;;;4;4.49562;5.34629;6.50071;5.52939;-3.58346;-4.36527;-20.20847;-20.97141;0.65;0.5;0;2;0;0.02;0.03;;;2;2;1;0;1;1;0;;0.5;;;71;-17.83;3/4;;;;;Renta Fija;133;120;125;https://bancaonline.bankinter.com/resources/allfundssheets-enmenm/es/?isin=BE0943877671&language=es&currency=EUR&channel=nbol;2026-09-10
LU0012017942;Eurizon Bond EUR Medium Term LTE R Acc;Eurizon Fund - Bond EUR Medium Term LTE Class Unit R EUR Accumulation;Eurizon Capital SGR SpA - Luxembourg Branch;Fixed Income;Europe Fixed Income;RF Deuda Pública EUR;FO;EUR;Luxemburgo;2;4;0.49;50000;True;True;1988-11-29;;;;;-0.16;-0.21;-0.85;-0.67;-0.96;-1;-0.88;2.27;-0.78;-0.5;2.12;1.97;4.94;-10.29;-1.67;0.94;1.45;;5;;;;;;7;;90.72;0.13;2.35;-0.88;-0.13;-0.26;-0.58;0.65;0.56;0.53;0.48;;;;;;;;;;;;-0.83894;-0.20138;-0.75693;-0.42092;;;;;1;2.79625;2.97646;3.6796;2.82353;-2.48425;-2.48425;-12.06559;-12.93542;0.49;0.35;0;2;0;0.02;;;;0;0;1;1;1;0;1;;0.91;;;71;-10.29;4/4;;;;;Renta Fija;133;120;125;https://bancaonline.bankinter.com/resources/allfundssheets-enmenm/es/?isin=LU0012017942&language=es&currency=EUR&channel=nbol;2026-09-10
LU0145476817;Generali IS Euro Bond DX;Generali Investments SICAV - Euro Bond Fund DX;Generali Investments Luxembourg SA;Fixed Income;Europe Fixed Income;RF Deuda Pública EUR;FO;EUR;Luxemburgo;3;3;1.32;500;True;False;2003-11-26;;;;;-0.37;-0.36;-1.68;-1.91;-2.71;-2.68;-2.59;1.35;-1.97;-0.18;0.81;2.3;5.99;-14.03;-2.63;5.28;5.48;;6;;;;;;8;8.40415;95.51;-0.69;1.07;-1.18;-0.74;-0.03;0.23;1.09;0.99;0.82;0.83;;;;;;;;;;;;-0.78685;-0.30597;-0.69094;-0.16231;;;;;3;4.63236;5.06797;5.59033;4.77039;-4.38263;-4.38263;-16.38156;-17.52378;1.32;1.1;0;3;0;0.1;0.06;;;3;3;3;3;3;1;0;;0.31;;;71;-14.03;2/4;;;;;Renta Fija;133;120;125;https://bancaonline.bankinter.com/resources/allfundssheets-enmenm/es/?isin=LU0145476817&language=es&currency=EUR&channel=nbol;2026-09-10
LU0363447680;JPM EU Government Bond A acc EUR;JPMorgan Funds - EU Government Bond Fund A (acc) EUR;JPMorgan Asset Management (Europe) S.à r.l.;Fixed Income;Europe Fixed Income;RF Deuda Pública EUR;FO;EUR;Luxemburgo;3;3;0.6;35000;True;False;2008-10-03;;;;;-0.01;-0.05;-1.38;-1.32;-2.1;-1.9;-1.63;1.97;-2.76;-0.71;1.16;1.64;6.61;-17.97;-3.8;5.46;7.13;;6;;;;;;7;9.27757;98.76;-0.09;0.55;-0.23;-0.06;-0.27;-0.12;1.07;0.99;0.96;0.97;;;;;;;;;;;;-0.58523;-0.17491;-0.75482;-0.24621;;;;;3;4.52996;4.9634;6.27641;5.27412;-3.82405;-3.86288;-20.69057;-22.52347;0.6;0.4;0;3;1;0.05;;;;2;3;3;2;2;2;1;;0.51;;;71;-17.97;1/4;;;;;Renta Fija;133;120;125;https://bancaonline.bankinter.com/resources/allfundssheets-enmenm/es/?isin=LU0363447680&language=es&currency=EUR&channel=nbol;2026-09-10
LU0355584037;JPM EU Government Bond D acc EUR;JPMorgan Funds - EU Government Bond Fund D (acc) EUR;JPMorgan Asset Management (Europe) S.à r.l.;Fixed Income;Europe Fixed Income;RF Deuda Pública EUR;FO;EUR;Luxemburgo;3;3;0.8;5000;True;False;2008-10-03;;;;;-0.01;-0.06;-1.4;-1.37;-2.21;-2.04;-1.83;1.77;-2.95;-0.9;0.96;1.44;6.39;-18.14;-3.99;5.24;6.92;;6;;;;;;7;9.27757;98.77;-0.46;0.55;-0.43;-0.26;-0.47;-0.32;1.07;0.99;0.96;0.97;;;;;;;;;;;;-0.63046;-0.21594;-0.78814;-0.28463;;;;;3;4.53121;4.96344;6.27295;5.27224;-3.83483;-3.90543;-21.0212;-22.9597;0.8;0.4;0;3;1;0.05;;;;2;3;3;3;2;3;2;;0.45;;;71;-18.14;1/4;;;;;Renta Fija;133;120;125;https://bancaonline.bankinter.com/resources/allfundssheets-enmenm/es/?isin=LU0355584037&language=es&currency=EUR&channel=nbol;2026-09-10
FR0011311414;OSTRUM SRI EURO BONDS 3-5 E;OSTRUM SRI EURO BONDS 3-5 E;Natixis Investment Managers International;Fixed Income;Europe Fixed Income;RF Deuda Pública EUR;FO;EUR;Francia;2;4;0.53;1000;True;False;2012-10-17;;;;;-0.16;-0.18;-0.81;-0.58;-0.95;-1.01;-0.94;2.2;-0.83;-0.31;2.16;1.76;4.62;-9.98;-1.73;1.32;1.61;;5;;;;;;7;3.73551;89.34;0.1;2.36;-0.95;-0.19;-0.39;-0.4;0.66;0.57;0.51;0.48;;;;;;;;;;;;-0.84836;-0.21788;-0.78969;-0.34928;;;;;2;2.87938;3.02209;3.60451;2.83557;-2.62662;-2.62662;-11.72271;-12.34177;0.53;0.8;0;3;0;0.02;;;;0;0;1;2;1;0;0;;0.84;;;71;-9.98;4/4;;;;;Renta Fija;133;120;125;https://bancaonline.bankinter.com/resources/allfundssheets-enmenm/es/?isin=FR0011311414&language=es&currency=EUR&channel=nbol;2026-09-10
FR0000003196;Ostrum SRI EURO Sovereign Bods R (C)EUR;Ostrum SRI EURO Sovereign Bonds R (C) EUR;Natixis Investment Managers International;Fixed Income;Europe Fixed Income;RF Deuda Pública EUR;FO;EUR;Francia;3;2;0.73;1;True;False;1993-12-30;;;;;-0.27;-0.32;-1.43;-1.42;-1.87;-1.61;-1.52;1.25;-3.4;-1.29;0.14;0.92;5.05;-18.3;-3.7;5;6.16;;6;;;;;;10;8.21389;99.33;-1.74;0.49;-0.61;-0.9;-1.02;-0.67;0.93;0.94;0.93;0.96;;;;;;;;;;;;-0.6923;-0.35369;-0.88349;-0.35166;;;;;3;3.9398;4.71475;6.0786;5.20393;-3.46036;-4.0127;-21.29671;-23.06436;0.73;0.7;0;3;0;0.03;0;;;2;2;2;2;3;3;3;;0.31;;;71;-18.3;0/4;;;;;Renta Fija;133;120;125;https://bancaonline.bankinter.com/resources/allfundssheets-enmenm/es/?isin=FR0000003196&language=es&currency=EUR&channel=nbol;2026-09-10
LU0213453268;Robeco Euro Government Bonds D €;Robeco Euro Government Bonds D €;Robeco Institutional Asset Management BV;Fixed Income;Europe Fixed Income;RF Deuda Pública EUR;FO;EUR;Luxemburgo;3;3;0.63;0;True;False;2003-04-04;;;;;-0.32;-0.65;-1.74;-1.75;-2.44;-2.35;-2;2.08;-2.89;-0.93;1.5;1.1;6.79;-18.25;-3.69;5.57;6.69;;6;;;;;;7;9.50059;98.56;0.11;0.84;-0.24;0.2;0.1;-0.19;1.12;1.1;1.04;1.02;;;;;;;;;;;;-0.58592;-0.12576;-0.69446;-0.25613;;;;;4;4.77472;5.55637;6.83399;5.56422;-4.20647;-4.27218;-21.54977;-23.25394;0.63;0.42;0;3;0;0.08;0.03;;;2;3;3;3;1;2;2;;0.49;;;71;-18.25;1/4;;;;;Renta Fija;133;120;125;https://bancaonline.bankinter.com/resources/allfundssheets-enmenm/es/?isin=LU0213453268&language=es&currency=EUR&channel=nbol;2026-09-10
IE0007472115;Vanguard Euro Govt Bd Idx Inv EUR Acc;Vanguard Euro Government Bond Index Fund Investor EUR Accumulation;Vanguard Group (Ireland) Limited;Fixed Income;Europe Fixed Income;RF Deuda Pública EUR;FO;EUR;Irlanda;3;3;0.12;1000000;True;True;2001-04-18;;;;;0.14;-0.08;-1.29;-1.2;-1.62;-1.21;-1.2;2.13;-2.69;-0.73;0.64;1.8;7.05;-18.28;-3.49;4.66;6.18;;6;;;;;;7;8.26054;99.94;0.14;0.19;-0.09;-0.01;-0.01;-0.15;0.97;0.97;0.99;0.97;;;;;;;;;;;;-0.55999;-0.16484;-0.71664;-0.25202;;;;;3;4.08121;4.84628;6.45159;5.26433;-3.38202;-3.83018;-20.6708;-22.1552;0.12;0.12;0;0;0;0.02;0;;;2;1;1;1;1;2;2;;0.56;;;71;-18.28;2/4;;;;;Renta Fija;133;120;125;https://bancaonline.bankinter.com/resources/allfundssheets-enmenm/es/?isin=IE0007472115&language=es&currency=EUR&channel=nbol;2026-09-10
LU1646950771;abrdn-Euro Government Bond A Acc EUR;abrdn SICAV I - Euro Government Bond Fund A Acc EUR;abrdn Investments Luxembourg S.A.;Fixed Income;Europe Fixed Income;RF Deuda Pública EUR;FO;EUR;Luxemburgo;3;1;0.77;1000;True;False;2017-12-08;;;;;-0.21;-0.05;-1.71;-1.66;-2.59;-2.33;-1.51;1.48;-3.83;-1.6;0.79;1.06;4.76;-19.37;-5.97;4.69;6.89;;6;;;;;;8;;96.47;-0.48;0.98;-0.12;-0.43;-1.05;-0.91;1.1;1.02;1.02;1.01;;;;;;;;;;;;-0.55229;-0.24389;-0.85805;-0.37983;;;;;4;4.73484;5.2002;6.76371;5.64094;-3.68481;-4.15319;-24.24004;-27.54942;0.77;0.6;0;5;0;0.08;;;;3;3;3;2;2;3;3;;0.36;;;71;-19.37;0/4;;;;;Renta Fija;133;120;125;https://bancaonline.bankinter.com/resources/allfundssheets-enmenm/es/?isin=LU1646950771&language=es&currency=EUR&channel=nbol;2026-09-10
LU0836513266;iShares Euro Govt Bd Idx (LU) A2 EUR;iShares Euro Government Bond Index Fund (LU) A2 EUR;BlackRock (Luxembourg) SA;Fixed Income;Europe Fixed Income;RF Deuda Pública EUR;FO;EUR;Luxemburgo;3;2;0.54;5;True;True;2012-10-23;;;;;0.07;-0.07;-1.4;-1.38;-1.98;-1.62;-1.71;1.53;-3.25;-1.18;0.1;1.17;6.33;-18.83;-3.95;4.53;6.26;;6;;;;;;7;8.71;98.99;-1.08;0.5;-0.63;-0.56;-0.67;-0.58;0.96;0.98;0.98;0.98;;;;;;;;;;;;-0.68952;-0.27712;-0.81619;-0.33252;;;;;3;4.06249;4.92182;6.45059;5.33342;-3.32759;-4.25808;-21.70744;-23.57809;0.54;0.45;0;5;0;-0.02;;;;2;2;3;3;3;3;3;;0.36;;;71;-18.83;0/4;;;;;Renta Fija;133;120;125;https://bancaonline.bankinter.com/resources/allfundssheets-enmenm/es/?isin=LU0836513266&language=es&currency=EUR&channel=nbol;2026-09-10
LU0389812933;Amundi IS Core Global Gvt Bd AHE-C;Amundi Index Solutions - Amundi Core Global Government Bond AHE-C;Amundi Luxembourg S.A.;Fixed Income;Global Fixed Income;RF Deuda Pública Global - Cubierto EUR;FO;EUR;Luxemburgo;2;3;0.35;0;True;True;2008-09-25;;;;;-0.16;-0.11;-0.75;-0.92;-2.28;-2.02;-1.98;0.8;-2.86;-1.29;1.37;-0.43;3.14;-14.26;-3.38;4.49;4.32;;6;;;;;;5;8.0938;99;-1.19;0.62;-0.46;-0.55;-0.4;-0.36;1.09;1.12;1.06;1.07;;;;;;;;;;;;-0.97333;-0.48201;-0.99368;-0.46248;;;;;3;3.40776;4.28312;4.94393;4.18881;-3.46478;-3.95918;-18.16018;-21.01772;0.35;0.2;0;4;0;0.01;;;;2;2;2;2;2;2;2;;0.2;;;57;-14.26;0/4;;;;;Renta Fija;133;120;125;https://bancaonline.bankinter.com/resources/allfundssheets-enmenm/es/?isin=LU0389812933&language=es&currency=EUR&channel=nbol;2026-09-10
LU0406674076;JPM Global Government Bd A acc EUR;JPMorgan Funds - Global Government Bond Fund A (acc) EUR;JPMorgan Asset Management (Europe) S.à r.l.;Fixed Income;Global Fixed Income;RF Deuda Pública Global - Cubierto EUR;FO;EUR;Luxemburgo;2;3;0.6;35000;True;False;2009-02-20;;;;;0;0.17;-0.66;-0.75;-2.37;-2.37;-2.29;0.94;-2.78;-1.09;1.83;-0.17;3.34;-14.13;-3.41;5.24;4.53;;6;;;;;;7;9.01036;96.94;-0.61;0.94;-0.16;-0.35;-0.46;-0.23;1.25;1.14;1.04;1.05;;;;;;;;;;;;-0.86982;-0.42861;-0.99399;-0.42706;;;;;3;3.945;4.42731;4.90498;4.16109;-3.93889;-3.9644;-18.29356;-20.53454;0.6;0.4;0;3;1;0.04;;;;2;3;3;2;2;2;1;;0.24;;;57;-14.13;1/4;;;;;Renta Fija;133;120;125;https://bancaonline.bankinter.com/resources/allfundssheets-enmenm/es/?isin=LU0406674076&language=es&currency=EUR&channel=nbol;2026-09-10
LU0406674589;JPM Global Government Bd D acc EUR;JPMorgan Funds - Global Government Bond Fund D (acc) EUR;JPMorgan Asset Management (Europe) S.à r.l.;Fixed Income;Global Fixed Income;RF Deuda Pública Global - Cubierto EUR;FO;EUR;Luxemburgo;2;3;0.8;5000;True;False;2009-02-20;;;;;0;0.17;-0.69;-0.77;-2.45;-2.45;-2.45;0.73;-2.97;-1.28;1.63;-0.34;2.99;-14.26;-3.57;4.97;4.3;;6;;;;;;7;9.01036;96.77;-0.78;0.96;-0.18;-0.53;-0.66;-0.43;1.3;1.14;1.04;1.05;;;;;;;;;;;;-0.87502;-0.46804;-1.03437;-0.4752;;;;;3;4.07586;4.43552;4.91009;4.1573;-4.07318;-4.08673;-18.60638;-21.06405;0.8;0.4;0;3;1;0.04;;;;2;3;3;3;2;3;2;;0.18;;;57;-14.26;0/4;;;;;Renta Fija;133;120;125;https://bancaonline.bankinter.com/resources/allfundssheets-enmenm/es/?isin=LU0406674589&language=es&currency=EUR&channel=nbol;2026-09-10
LU0006061385;BGF Global Government Bond A2;BlackRock Global Funds - Global Government Bond Fund A2;BlackRock (Luxembourg) SA;Fixed Income;Global Fixed Income;RF Deuda Pública Global - Cubierto USD;FO;USD;Luxemburgo;2;2;0.98;5000;True;False;1987-05-13;;;;;0.03;0.16;-0.49;-0.49;-1.26;-1.01;-0.23;3.15;-1.27;0.56;4.02;1.51;5.84;-14.06;-2.97;7.1;7.45;;6;;;;;;11;7.12;97.43;-0.28;1.07;0.03;-0.01;-0.54;-0.51;1.24;1.2;1.12;1.09;;;;;;;;;;;;-0.83329;-0.32411;-0.98434;-0.41722;;;;;4;3.89964;4.65555;5.30679;4.44185;-3.22479;-3.27982;-17.25401;-18.37962;0.98;0.75;0;5;0;1.26;0.45;;;2;3;3;2;2;3;3;;0.96;;;71;-14.06;0/4;;;;;Renta Fija;133;120;125;https://bancaonline.bankinter.com/resources/allfundssheets-enmenm/es/?isin=LU0006061385&language=es&currency=EUR&channel=nbol;2026-09-10
LU0543330301;Franklin US Government A(acc)USD;Franklin U.S. Government Fund A(acc)USD;Franklin Templeton International Services S.à r.l.;Fixed Income;US Fixed Income;RF Deuda Pública USD;FO;USD;Luxemburgo;3;3;1.01;1000;True;False;2010-09-30;;;;;-0.18;0.09;-0.44;-0.52;-1.64;-0.52;0.26;3.48;-0.54;0.17;7.12;0;3.49;-10.5;-2.7;2.78;4.92;;2;;;;;;4;6.95;97.32;0.07;1.35;0.64;0.4;0.84;-0.87;1;1.19;1.1;0.84;;;;;;;;;;;;-0.5781;-0.19323;-0.66521;-0.47585;;;;;3;3.2902;5.91464;6.27413;4.59595;-3.08483;-5.60929;-16.50984;-17.98317;1.01;0.7;0;5;0;0.02;0.14;;;2;1;0;0;1;0;3;;0.62;;;57;-10.5;3/4;;;;;Renta Fija;133;120;125;https://bancaonline.bankinter.com/resources/allfundssheets-enmenm/es/?isin=LU0543330301&language=es&currency=EUR&channel=nbol;2026-09-10
LU0812851797;MFS Meridian US Government Bond A1 EUR;MFS Meridian Funds - U.S. Government Bond Fund A1 EUR;MFS Investment Management Company (Lux) S.à.r.l;Fixed Income;US Fixed Income;RF Deuda Pública USD;FO;EUR;Luxemburgo;3;3;0.98;0;True;False;2012-08-24;;;;;0;0;-0.78;-1.12;-1.79;0.17;0.7;0.47;-0.7;-0.16;-6.21;6.91;0.09;-6.92;4.87;-2.9;7.58;;2;;;;;;7;7.35;95.5;-0.2;1.47;-0.65;-0.02;0.05;-0.75;1.01;1.16;1.08;0.93;;;;;;;;;;;;-0.09338;-0.3054;-0.40119;-0.12078;;;;;3;5.34131;6.43868;6.38581;6.47506;-4.35154;-11.55377;-14.36371;-17.39455;0.98;0.5;0;6;0;0.01;;;;2;2;2;2;2;2;3;;0.04;;;57;-6.92;1/4;;;;;Renta Fija;133;120;125;https://bancaonline.bankinter.com/resources/allfundssheets-enmenm/es/?isin=LU0812851797&language=es&currency=EUR&channel=nbol;2026-09-10
LU0219442547;MFS Meridian US Government Bond A1 USD;MFS Meridian Funds - U.S. Government Bond Fund A1 USD;MFS Investment Management Company (Lux) S.à.r.l;Fixed Income;US Fixed Income;RF Deuda Pública USD;FO;USD;Luxemburgo;3;3;0.98;0;True;False;2005-09-26;;;;;-0.11;0.17;-0.44;-0.33;-1.81;-1.05;-0.55;3.21;-1.12;0.2;6.4;0.24;3.41;-12.56;-2.34;5.77;5.57;;2;;;;;;7;7.35;99.15;-0.31;0.82;-0.51;-0.05;0.09;-0.7;1.02;1.13;1.09;0.96;;;;;;;;;;;;-0.95761;-0.2714;-0.80806;-0.46335;;;;;3;3.23357;5.56378;6.05093;4.76514;-3.19785;-5.28688;-17.919;-19.65018;0.98;0.5;0;6;0;0.01;0;;;2;2;2;2;2;2;3;;0.61;;;71;-12.56;1/4;;;;;Renta Fija;133;120;125;https://bancaonline.bankinter.com/resources/allfundssheets-enmenm/es/?isin=LU0219442547&language=es&currency=EUR&channel=nbol;2026-09-10
LU0128488383;Pictet-USD Government Bonds P USD;Pictet-USD Government Bonds P USD;Pictet Asset Management (Europe) SA;Fixed Income;US Fixed Income;RF Deuda Pública USD;FO;USD;Luxemburgo;3;3;0.58;0;True;False;1992-02-10;;;;;0.01;0.04;-0.17;-0.22;-1.45;-0.83;-0.29;2.91;-1.3;0.4;5.66;0.14;3.36;-12.95;-2.97;8.01;7.06;;2;;;;;;5;7.40259;97.97;-0.66;0.71;-0.03;-0.44;-0.51;-0.38;1.02;1;1;1.03;;;;;;;;;;;;-0.80305;-0.35105;-0.91963;-0.4;;;;;3;3.26595;4.96746;5.55167;4.99026;-2.96184;-5.02649;-17.38679;-20.55186;0.58;0.6;0;5;1;0;0.2;;;0;1;1;1;2;2;2;;0.58;;;71;-12.95;1/4;;;;;Renta Fija;133;120;125;https://bancaonline.bankinter.com/resources/allfundssheets-enmenm/es/?isin=LU0128488383&language=es&currency=EUR&channel=nbol;2026-09-10
IE0007471927;Vanguard U.S. Govt Bd Idx $ Acc;Vanguard U.S. Government Bond Index Fund USD Acc;Vanguard Group (Ireland) Limited;Fixed Income;US Fixed Income;RF Deuda Pública USD;FO;USD;Irlanda;3;3;0.12;1000000;True;True;2002-01-31;;;;;-0.06;0.12;-0.28;-0.1;-1.41;-0.6;-0.14;3.33;-0.85;0.69;6.11;0.64;4.05;-12.48;-2.43;7.74;6.48;;2;;;;;;4;7.6121;99.97;-0.93;0.1;-0.1;-0.08;-0.07;-0.15;1;1.01;1;0.99;;;;;;;;;;;;-0.83397;-0.27956;-0.84254;-0.35442;;;;;2;3.16541;4.93485;5.55043;4.81614;-2.90414;-4.84094;-16.37469;-18.89611;0.12;0.12;0;0;0;0;0;;;1;1;1;1;2;1;1;;0.69;;;71;-12.48;2/4;;;;;Renta Fija;133;120;125;https://bancaonline.bankinter.com/resources/allfundssheets-enmenm/es/?isin=IE0007471927&language=es&currency=EUR&channel=nbol;2026-09-10
IE0007471695;Vanguard US Govt Bd Idx Inv USD Acc;Vanguard U.S. Government Bond Index Fund Investor USD Accumulation;Vanguard Group (Ireland) Limited;Fixed Income;US Fixed Income;RF Deuda Pública USD;FO;USD;Irlanda;3;3;0.12;1000000;True;True;2002-03-06;;;;;-0.06;0.12;-0.28;-0.1;-1.41;-0.6;-0.14;3.33;-0.85;0.68;6.11;0.64;4.05;-12.48;-2.43;7.74;6.44;;2;;;;;;4;7.6121;99.97;-0.93;0.1;-0.1;-0.08;-0.07;-0.16;1;1.01;1;0.99;;;;;;;;;;;;-0.83395;-0.27956;-0.84253;-0.35775;;;;;2;3.16542;4.93481;5.55041;4.81577;-2.90416;-4.84089;-16.37434;-18.89577;0.12;0.12;0;0;0;0;0;;;1;1;1;1;2;1;1;;0.69;;;71;-12.48;2/4;;;;;Renta Fija;133;120;125;https://bancaonline.bankinter.com/resources/allfundssheets-enmenm/es/?isin=IE0007471695&language=es&currency=EUR&channel=nbol;2026-09-10
LU1706854152;Amundi SF Divers S/T Bd Sel A EUR ND;Amundi S.F. - Diversified Short-Term Bond Select A EUR ND;Amundi Luxembourg S.A.;Fixed Income;Europe Fixed Income;RF Diversificada Corto Plazo EUR;FO;EUR;Luxemburgo;2;5;0.82;1;True;False;2018-03-23;;;;;0.05;0.07;-0.07;0.66;1.13;1.25;2.37;5.57;3.1;;4.64;7.55;4.76;-2.02;0.52;0.42;2.54;;;;;;;;;;36.19;1.69;1.65;1.96;2.7;1.8;;1.49;0.92;0.64;;;;;;;;;;;;;0.20439;1.36266;0.38865;;;;;;4;2.42246;2.11637;3.09409;;-1.97079;-1.97079;-5.77718;;0.82;0.6;1;5;0;0.86;;;;0;0;0;0;0;0;;;2.83;;;86;-2.02;3/4;;;;;Renta Fija;133;120;125;https://bancaonline.bankinter.com/resources/allfundssheets-enmenm/es/?isin=LU1706854152&language=es&currency=EUR&channel=nbol;2026-09-10
LU0118255248;BGF Euro Short Duration Bond A1;BlackRock Global Funds - Euro Short Duration Bond Fund A1;BlackRock (Luxembourg) SA;Fixed Income;Europe Fixed Income;RF Diversificada Corto Plazo EUR;FO;EUR;Luxemburgo;2;2;0.89;5000;True;False;2000-10-02;;;;;0;-0.09;-0.46;-0.13;-0.07;-0.3;0.43;2.85;0.76;0.26;3.28;3.2;4.24;-5.56;-1.48;0.25;0.58;;4;;;;;;9;7.42;91.24;-0.07;0.64;0.37;-0.07;0.04;-0.1;1.64;1.26;1.21;1.3;;;;;;;;;;;;-0.53148;0.04636;-0.56059;-0.23337;;;;;4;2.31753;1.81137;2.27674;1.92213;-2.17576;-2.17576;-7.336;-8.75117;0.89;0.75;0;5;0;0.25;0.44;;;3;3;3;3;2;2;2;;1.31;;;71;-5.56;0/4;;;;;Renta Fija;133;120;125;https://bancaonline.bankinter.com/resources/allfundssheets-enmenm/es/?isin=LU0118255248&language=es&currency=EUR&channel=nbol;2026-09-10
LU0093503810;BGF Euro Short Duration Bond A2;BlackRock Global Funds - Euro Short Duration Bond Fund A2;BlackRock (Luxembourg) SA;Fixed Income;Europe Fixed Income;RF Diversificada Corto Plazo EUR;FO;EUR;Luxemburgo;2;2;0.89;5000;True;False;1999-01-04;;;;;-0.06;-0.12;-0.49;-0.18;-0.12;-0.24;0.37;2.87;0.76;0.27;3.27;3.18;4.2;-5.56;-1.45;0.32;0.51;;4;;;;;;9;7.42;92.12;-0.06;0.6;0.32;-0.06;0.05;-0.1;1.6;1.25;1.21;1.29;;;;;;;;;;;;-0.54944;0.04949;-0.5576;-0.233;;;;;3;2.26146;1.78525;2.26565;1.92389;-1.93705;-1.93705;-7.29236;-8.68209;0.89;0.75;0;5;0;0.25;0.44;;;3;3;3;3;2;2;2;;1.48;;;71;-5.56;0/4;;;;;Renta Fija;133;120;125;https://bancaonline.bankinter.com/resources/allfundssheets-enmenm/es/?isin=LU0093503810&language=es&currency=EUR&channel=nbol;2026-09-10
LU0325598166;BNP Paribas Enhanced Bond 6M C C;BNP Paribas Funds Enhanced Bd 6M Classic Capitalisation;BNP Paribas Asset Management Luxembourg;Fixed Income;Europe Fixed Income;RF Diversificada Corto Plazo EUR;FO;EUR;Luxemburgo;2;4;0.48;0;True;False;2007-10-30;;;;;-0.03;-0.02;-0.05;0.37;0.66;0.98;1.65;3.32;1.58;0.86;2.86;4.2;4.3;-3.64;-0.31;0.86;1.52;6;;16433.78089;17.38007;1.88;0.89;;;;75.48;0.54;0.8;0.49;0.47;0.2;0.34;0.71;0.48;0.6;0.85;;;;;;;;;;;;-0.20416;0.71371;-0.32036;0.07676;;;;;3;1.00979;0.80651;1.49239;1.8307;-0.75301;-0.75301;-5.25324;-5.41516;0.48;0.5;0;3;0;0.02;;;;1;1;0;0;1;1;1;;4.41;;;71;-3.64;4/4;;;;;Renta Fija;133;120;125;https://bancaonline.bankinter.com/resources/allfundssheets-enmenm/es/?isin=LU0325598166&language=es&currency=EUR&channel=nbol;2026-09-10
LU0325599487;BNP Paribas Enhanced Bond 6M N C;BNP Paribas Funds Enhanced Bd 6M N Capitalisation;BNP Paribas Asset Management Luxembourg;Fixed Income;Europe Fixed Income;RF Diversificada Corto Plazo EUR;FO;EUR;Luxemburgo;2;3;0.58;0;True;False;2007-10-30;;;;;-0.03;-0.03;-0.07;0.34;0.61;0.91;1.55;3.21;1.48;0.75;2.76;4.09;4.18;-3.74;-0.41;0.75;1.41;6;;16433.78089;17.38007;1.88;0.89;;;;74.42;0.4;0.8;0.41;0.37;0.1;0.24;0.72;0.47;0.6;0.85;;;;;;;;;;;;-0.28753;0.57506;-0.40166;0.01688;;;;;3;1.0219;0.80941;1.49238;1.83356;-0.7655;-0.7655;-5.35298;-5.84473;0.58;0.5;0;0;3;0.02;;;;1;1;1;0;1;1;1;;4.19;;;71;-3.74;3/4;;;;;Renta Fija;133;120;125;https://bancaonline.bankinter.com/resources/allfundssheets-enmenm/es/?isin=LU0325599487&language=es&currency=EUR&channel=nbol;2026-09-10
LU1819948784;BNP Paribas Sus Enh Bd 12M Cl EUR Acc;BNP Paribas Funds Sustainable Enhanced Bond 12M Classic EUR Acc;BNP Paribas Asset Management Luxembourg;Fixed Income;Europe Fixed Income;RF Diversificada Corto Plazo EUR;FO;EUR;Luxemburgo;2;3;0.52;0;True;False;2019-09-20;;;;;-0.04;-0.05;-0.1;0.24;0.49;0.75;1.31;3.12;1.57;0.76;2.63;3.97;4.24;-3.09;-0.56;0.1;1.04;;;;;;;;;;80.43;0.31;0.74;0.17;0.27;0.14;0.21;0.69;0.52;0.55;0.69;;;;;;;;;;;;-0.518;0.42561;-0.37863;0.02684;;;;;2;0.96948;0.85151;1.31695;1.38991;-0.74906;-0.74906;-4.39537;-5.75151;0.52;0.8;0;3;0;0.02;;;;1;1;1;1;1;1;1;;4.17;;;71;-3.09;3/4;;;;;Renta Fija;133;120;125;https://bancaonline.bankinter.com/resources/allfundssheets-enmenm/es/?isin=LU1819948784&language=es&currency=EUR&channel=nbol;2026-09-10
ES0110053032;Bankinter Ahorro Renta Fija R FI;Bankinter Ahorro Renta Fija R FI;Bankinter Gestión de Activos SGIIC;Fixed Income;Europe Fixed Income;RF Diversificada Corto Plazo EUR;FO;EUR;España;2;2;0.66;;True;False;1996-09-11;;;;;-0.05;-0.04;-0.18;0.18;0.32;0.38;0.8;2.59;0.93;0.22;2.18;3.41;3.46;-4.15;-0.64;0.12;0.18;;;;;;;;;;94.69;-0.71;0.46;-0.15;-0.29;-0.3;-0.3;0.87;0.7;0.73;0.82;;;;;;;;;;;;-0.81991;-0.21263;-0.8059;-0.41877;;;;;2;1.21452;1.0221;1.48629;1.31509;-1.02623;-1.02623;-4.98445;-7.19885;0.66;0.55;0;0;0;0.02;0.1;;;2;2;2;2;2;2;3;;2.52;;;71;-4.15;0/4;;;;;Renta Fija;133;120;125;https://bancaonline.bankinter.com/resources/allfundssheets-enmenm/es/?isin=ES0110053032&language=es&currency=EUR&channel=nbol;2026-09-10
ES0113574034;Bankinter Multi-Asset Invmt Prudent FI;Bankinter Multi-Asset Investment Prudent Investment FI;Bankinter Gestión de Activos SGIIC;Fixed Income;Europe Fixed Income;RF Diversificada Corto Plazo EUR;FO;EUR;España;2;3;0.32;1;True;False;2022-01-21;;;;;-0.01;0.01;0.05;0.45;0.8;1.01;1.58;2.98;;;2.45;3.74;3.3;;;;;;;;;;;;;;96.46;0.07;0.76;0.12;0.11;;;0.45;0.45;;;;;;;;;;;;;;-0.49489;0.27034;;;;;;;2;0.63639;0.67994;;;-0.46902;-0.46902;;;0.32;0.25;0;0;0;0.01;0.05;;;0;0;1;1;2;;;;6.35;;;100;2.45;1/4;;;;;Renta Fija;133;120;125;https://bancaonline.bankinter.com/resources/allfundssheets-enmenm/es/?isin=ES0113574034&language=es&currency=EUR&channel=nbol;2026-09-10
ES0113368007;Bankinter Premium Ahorro B FI;Bankinter Premium Ahorro B FI;Bankinter Gestión de Activos SGIIC;Fixed Income;Europe Fixed Income;RF Diversificada Corto Plazo EUR;FO;EUR;España;1;;0.26;500000;True;False;2025-07-11;;;;;0.01;0.03;0.14;0.5;0.91;1.19;1.72;;;;;;;;;;;;;;;;;;;;;;;-0.13;;;;0.12;;;;;;;;;;;;;;;-1.35368;;;;;;;;;0.18442;;;;-0.04168;;;;0.26;0.44;0;0;0;0.03;0.06;;;0;0;0;0;;;;;;;;;;1/4;;;;;Renta Fija;133;120;125;https://bancaonline.bankinter.com/resources/allfundssheets-enmenm/es/?isin=ES0113368007&language=es&currency=EUR&channel=nbol;2026-09-10
ES0113368015;Bankinter Premium Ahorro R FI;Bankinter Premium Ahorro R FI;Bankinter Gestión de Activos SGIIC;Fixed Income;Europe Fixed Income;RF Diversificada Corto Plazo EUR;FO;EUR;España;1;;0.31;10000;True;False;2025-07-11;;;;;0.01;0.03;0.13;0.47;0.86;1.13;1.62;;;;;;;;;;;;;;;;;;;;;;;-0.23;;;;0.12;;;;;;;;;;;;;;;-1.89202;;;;;;;;;0.18474;;;;-0.04881;;;;0.31;0.54;0;0;0;0.03;0.06;;;0;0;0;1;;;;;;;;;;1/4;;;;;Renta Fija;133;120;125;https://bancaonline.bankinter.com/resources/allfundssheets-enmenm/es/?isin=ES0113368015&language=es&currency=EUR&channel=nbol;2026-09-10
LU0157929810;Candriam Bds Euro Short Term C EUR Cap;Candriam Bonds Euro Short Term Class C EUR Cap;Candriam;Fixed Income;Europe Fixed Income;RF Diversificada Corto Plazo EUR;FO;EUR;Luxemburgo;2;3;0.62;0;True;False;1995-12-07;;;;;-0.11;-0.12;-0.4;-0.01;0.08;0.16;0.61;2.86;1.06;0.43;2.47;3.37;3.98;-4.08;-0.73;-0.3;0.49;;;;;;;;10;;97.62;-0.21;0.31;0.02;-0.08;0.14;-0.02;1.16;1.14;1.02;1.09;;;;;;;;;;;;-0.67557;0.03791;-0.51687;-0.19484;;;;;3;1.64104;1.60274;1.87646;1.55779;-1.31439;-1.31439;-4.99586;-6.16285;0.62;0.4;0;3;0;0.05;0.04;;;2;2;2;2;2;2;2;;2.18;;;57;-4.08;0/4;;;;;Renta Fija;133;120;125;https://bancaonline.bankinter.com/resources/allfundssheets-enmenm/es/?isin=LU0157929810&language=es&currency=EUR&channel=nbol;2026-09-10
LU1299306321;Carmignac Pf Sécurité AW EUR Acc;Carmignac Portfolio Sécurité AW EUR Acc;Carmignac Gestion Luxembourg S.A.;Fixed Income;Europe Fixed Income;RF Diversificada Corto Plazo EUR;FO;EUR;Luxemburgo;2;4;1.2;0;True;False;2015-11-19;;;;;-0.1;-0.1;-0.45;-0.23;-0.11;0.13;0.22;3.44;1.23;0.92;2.07;5.24;4.04;-4.54;0.1;2.18;3.58;;4;;;;;;10;3.23292;67.02;0.52;0.89;-0.58;0.46;0.07;0.48;1.09;0.94;0.74;1.03;;;;;;;;;;;;-1.00638;0.37166;-0.26276;0.08901;;;;;4;1.63363;1.63571;2.78061;2.61616;-1.23269;-1.23269;-8.04422;-8.14927;1.2;1;0;1;0;0.09;;;;3;2;2;3;1;1;1;;2.79;;;86;-4.54;2/4;;;;;Renta Fija;133;120;125;https://bancaonline.bankinter.com/resources/allfundssheets-enmenm/es/?isin=LU1299306321&language=es&currency=EUR&channel=nbol;2026-09-10
LU1299306677;Carmignac Pf Sécurité AW EUR Ydis;Carmignac Portfolio Sécurité AW EUR Ydis;Carmignac Gestion Luxembourg S.A.;Fixed Income;Europe Fixed Income;RF Diversificada Corto Plazo EUR;FO;EUR;Luxemburgo;2;4;1.2;0;True;False;2015-11-19;;;;;-0.1;-0.1;-0.45;-0.23;-0.12;0.13;0.21;3.44;1.26;0.94;2.08;5.24;4.2;-4.55;0.1;2.17;3.57;;4;;;;;;10;3.23292;67.3;0.52;0.89;-0.58;0.46;0.1;0.5;1.09;0.94;0.74;1.04;;;;;;;;;;;;-1.00611;0.37092;-0.25148;0.09467;;;;;4;1.63165;1.63566;2.78163;2.61743;-1.22772;-1.22772;-8.04085;-8.15085;1.2;1;0;1;0;0.09;;;;3;2;2;3;1;1;0;;2.8;;;86;-4.55;3/4;;;;;Renta Fija;133;120;125;https://bancaonline.bankinter.com/resources/allfundssheets-enmenm/es/?isin=LU1299306677&language=es&currency=EUR&channel=nbol;2026-09-10
FR0010149120;Carmignac Sécurité AW EUR Acc;Carmignac Sécurité AW EUR Acc;Carmignac Gestion;Fixed Income;Europe Fixed Income;RF Diversificada Corto Plazo EUR;FO;EUR;Francia;2;4;1.11;0;True;False;1989-01-26;;;;;-0.1;-0.1;-0.43;-0.2;-0.06;0.2;0.31;3.54;1.27;0.95;2.3;5.28;4.06;-4.75;0.22;2.05;3.57;;4;;;;;;10;3.23956;70.36;0.69;0.83;-0.48;0.56;0.1;0.52;1.08;0.95;0.74;1.05;;;;;;;;;;;;-0.9471;0.44395;-0.25716;0.1001;;;;;4;1.61776;1.61174;2.71939;2.63556;-1.20663;-1.20663;-7.94669;-8.04327;1.11;1.11;0;1;0;0.06;;;;3;2;2;3;0;1;0;;2.93;;;86;-4.75;3/4;;;;;Renta Fija;133;120;125;https://bancaonline.bankinter.com/resources/allfundssheets-enmenm/es/?isin=FR0010149120&language=es&currency=EUR&channel=nbol;2026-09-10
FR0011269083;Carmignac Sécurité AW EUR Ydis;Carmignac Sécurité AW EUR Ydis;Carmignac Gestion;Fixed Income;Europe Fixed Income;RF Diversificada Corto Plazo EUR;FO;EUR;Francia;2;4;1.11;0;True;False;2012-06-19;;;;;-0.09;-0.09;-0.43;-0.2;-0.05;0.2;0.31;3.54;1.38;1.01;2.31;5.29;4.63;-4.75;0.22;2.05;3.57;;4;;;;;;10;3.23956;70.41;0.69;0.83;-0.48;0.56;0.21;0.57;1.09;0.95;0.74;1.05;;;;;;;;;;;;-0.94754;0.44365;-0.21297;0.12123;;;;;4;1.62255;1.61242;2.73797;2.64402;-1.20239;-1.20239;-7.94194;-8.04272;1.11;1.11;0;1;0;0.06;;;;3;2;2;3;0;1;0;;2.94;;;86;-4.75;3/4;;;;;Renta Fija;133;120;125;https://bancaonline.bankinter.com/resources/allfundssheets-enmenm/es/?isin=FR0011269083&language=es&currency=EUR&channel=nbol;2026-09-10
LU0145655824;DWS Invest ESG Euro Bonds (Short) LC;DWS Invest ESG Euro Bonds (Short) LC;DWS Investment S.A.;Fixed Income;Europe Fixed Income;RF Diversificada Corto Plazo EUR;FO;EUR;Luxemburgo;2;3;0.49;0;True;False;2002-06-03;;;;;-0.01;-0.01;-0.36;-0.01;0.06;0.06;0.43;2.87;1.13;0.57;2.63;3.48;4.82;-4.47;-0.86;1.02;0.58;;4;;;;;;8;2.08557;96.87;-0.13;0.34;-0.1;-0.06;0.19;0.14;1.18;1.15;1.01;1.14;;;;;;;;;;;;-0.75049;0.04933;-0.46775;-0.08901;;;;;3;1.65407;1.61607;1.96308;1.7521;-1.39669;-1.39669;-6.3458;-6.81964;0.49;0.6;0;3;0;0.05;;;;2;3;3;3;2;2;2;;2.05;;;71;-4.47;0/4;;;;;Renta Fija;133;120;125;https://bancaonline.bankinter.com/resources/allfundssheets-enmenm/es/?isin=LU0145655824&language=es&currency=EUR&channel=nbol;2026-09-10
LU0267388220;Fidelity Euro Short Term Bond A-Acc-EUR;Fidelity Funds - Euro Short Term Bond Fund A-Acc-EUR;FIL Investment Management (Luxembourg) S.à r.l.;Fixed Income;Europe Fixed Income;RF Diversificada Corto Plazo EUR;FO;EUR;Luxemburgo;2;3;0.71;;True;False;2008-03-10;;;;;0.01;0.01;-0.01;0.29;0.65;0.79;0.99;2.96;0.46;0.39;0.65;3.07;4.79;-6.19;-0.99;1.76;2.5;;;;;;;;11;1.2184;53.13;0.03;1.27;-0.64;0.05;-0.15;0.02;0.26;1;1.33;1.39;;;;;;;;;;;;-1.98035;0.08946;-0.51799;-0.13581;;;;;4;0.44581;1.92672;3.02798;2.42708;-0.31523;-1.03438;-8.60296;-9.09139;0.71;0.5;0;4;0;0.03;0.35;;;1;1;1;2;2;3;2;;2.86;;;71;-6.19;0/4;;;;;Renta Fija;133;120;125;https://bancaonline.bankinter.com/resources/allfundssheets-enmenm/es/?isin=LU0267388220&language=es&currency=EUR&channel=nbol;2026-09-10
LU1022658667;Franklin Euro Short Dur Bd A(acc)EUR;Franklin Euro Short Duration Bond Fund A(acc)EUR;Franklin Templeton International Services S.à r.l.;Fixed Income;Europe Fixed Income;RF Diversificada Corto Plazo EUR;FO;EUR;Luxemburgo;2;3;0.6;;True;False;2014-02-21;;;;;0;-0.09;-0.37;0;0.09;0.28;0.74;2.84;1.26;0.62;2.35;3.3;4.04;-3.32;-0.29;0.69;0.89;;4;;;;;;7;2.48;93.98;-0.3;0.38;0.1;-0.12;0.1;0.12;1.14;1.08;0.77;0.92;;;;;;;;;;;;-0.62661;0.00476;-0.45715;-0.06921;;;;;3;1.60315;1.5415;1.638;1.61988;-1.27734;-1.27734;-3.80119;-4.66024;0.6;0.5;0;5;0;0.04;0.14;;;2;2;2;2;2;1;1;;2.22;;;71;-3.32;2/4;;;;;Renta Fija;133;120;125;https://bancaonline.bankinter.com/resources/allfundssheets-enmenm/es/?isin=LU1022658667&language=es&currency=EUR&channel=nbol;2026-09-10
LU0952573136;FvS Bond Defensive R;Flossbach von Storch - Bond Defensive R;Flossbach von Storch Invest S.A.;Fixed Income;Europe Fixed Income;RF Diversificada Corto Plazo EUR;FO;EUR;Luxemburgo;2;1;0.88;0;True;False;2013-10-01;;;;;-0.11;-0.15;-0.48;-0.33;-0.73;-0.54;-0.48;1.99;;;1.96;2.04;;;;;;;4;;;;;;5;2.9538;91.19;-1.71;0.51;-1.05;-0.86;;;1.05;1.14;;;;;;;;;;;;;;-1.37746;-0.4543;;;;;;;4;1.49933;1.64206;;;-2.18083;-2.18083;;;0.88;0.72;0;1;0;0.02;0.07;;;3;3;3;3;3;;;;0.91;;;100;1.96;0/4;;;;;Renta Fija;133;120;125;https://bancaonline.bankinter.com/resources/allfundssheets-enmenm/es/?isin=LU0952573136&language=es&currency=EUR&channel=nbol;2026-09-10
LU0607519195;Invesco Euro Short Term Bond A EUR Acc;Invesco Funds - Invesco Euro Short Term Bond Fund A Accumulation EUR;Invesco Management S.A.;Fixed Income;Europe Fixed Income;RF Diversificada Corto Plazo EUR;FO;EUR;Luxemburgo;2;3;0.78;1000;True;False;2011-05-04;;;;;-0.05;-0.04;-0.29;0.03;-0.04;-0.03;0.34;2.88;0.6;0.35;2.36;3.3;4.61;-6.3;-0.82;0.81;1.53;;4;;;;;;8;2.28972;94.66;-0.06;0.42;-0.24;-0.04;-0.22;-0.04;1.13;1.14;1.11;1.25;;;;;;;;;;;;-0.84615;0.06213;-0.66764;-0.19146;;;;;3;1.5792;1.63905;2.19729;1.93923;-1.37944;-1.37944;-7.78117;-8.07125;0.78;0.6;0;5;0;0.02;0.45;;;2;2;3;3;2;3;2;;2.09;;;71;-6.3;0/4;;;;;Renta Fija;133;120;125;https://bancaonline.bankinter.com/resources/allfundssheets-enmenm/es/?isin=LU0607519195&language=es&currency=EUR&channel=nbol;2026-09-10
LU0073235904;MS INVF Short Maturity Euro Bond A;Morgan Stanley Investment Funds - Short Maturity Euro Bond Fund A;MSIM Fund Management (Ireland) Limited;Fixed Income;Europe Fixed Income;RF Diversificada Corto Plazo EUR;FO;EUR;Luxemburgo;2;2;1.04;0;True;False;1997-02-01;;;;;0;0;-0.24;0.05;0;-0.14;0.24;2.56;0.78;0.19;2.31;3.29;3.46;-4.41;-0.35;-0.74;0.65;;4;;;;;;7;2.26027;94.73;-1.17;0.31;-0.53;-0.35;-0.26;-0.29;1.08;0.92;0.91;0.99;;;;;;;;;;;;-1.03994;-0.18875;-0.73046;-0.37414;;;;;3;1.52834;1.32337;1.77169;1.51829;-1.4313;-1.4313;-5.63585;-7.57197;1.04;0.8;0;3;0;0.01;0.35;;;2;3;3;3;2;2;3;;1.79;;;57;-4.41;0/4;;;;;Renta Fija;133;120;125;https://bancaonline.bankinter.com/resources/allfundssheets-enmenm/es/?isin=LU0073235904&language=es&currency=EUR&channel=nbol;2026-09-10
IE00BNG2T811;Neuberger Short Dur Er Bd EURAAcc;Neuberger Short Duration Euro Bond Fund EUR A Accumulating Class;Neuberger Berman Asset Management Ireland Limited;Fixed Income;Europe Fixed Income;RF Diversificada Corto Plazo EUR;FO;EUR;Irlanda;2;5;0.44;1000;True;False;2021-06-10;;;;;-0.04;-0.13;-0.23;0.17;0.54;0.85;1.5;4.94;2.32;;3.66;7.16;6.52;-5.75;;;;;4;;;;;;11;11.06;59.34;1.93;1.07;1.31;2;1.6;;1.57;0.96;1.19;;;;;;;;;;;;;-0.10206;1.2637;0.14139;;;;;;4;2.28548;1.75401;2.97871;;-1.75344;-1.75344;-8.47227;;0.44;0.38;0;5;0;0.1;;;;1;1;1;0;0;0;;;2.82;;;75;-5.75;3/4;;;;;Renta Fija;133;120;125;https://bancaonline.bankinter.com/resources/allfundssheets-enmenm/es/?isin=IE00BNG2T811&language=es&currency=EUR&channel=nbol;2026-09-10
IE00B90VC092;PIMCO European S/T Opports E EUR Acc;PIMCO European Short-Term Opportunities Fund E EUR Accumulation;PIMCO Global Advisors (Ireland) Limited;Fixed Income;Europe Fixed Income;RF Diversificada Corto Plazo EUR;FO;EUR;Irlanda;2;4;1;1000;True;False;2013-03-25;;;;;-0.09;-0.19;-0.28;0.28;0.66;0.38;1.42;3.73;1.57;0.45;4.01;4.71;3.72;-3.58;-2.2;0.2;0.2;;4;;;;;;6;1.34;62.18;0.92;0.91;1.36;0.83;0.33;-0.03;1.52;0.84;0.7;0.89;;;;;;;;;;;;-0.06064;0.64576;-0.19357;-0.1359;;;;;3;2.15565;1.47514;2.15821;1.99501;-2.05033;-2.05033;-6.46466;-9.39334;1;2.5;0;5;0;0.11;;;;1;2;2;0;0;1;2;;1.82;;;71;-3.58;3/4;;;;;Renta Fija;133;120;125;https://bancaonline.bankinter.com/resources/allfundssheets-enmenm/es/?isin=IE00B90VC092&language=es&currency=EUR&channel=nbol;2026-09-10
LU0981470809;QSF - Quaestio Global Enhanced Csh R Acc;QSF - Quaestio Global Enhanced Cash Fund R Acc;Quaestio Capital SGR S.p.A;Fixed Income;Europe Fixed Income;RF Diversificada Corto Plazo EUR;FO;EUR;Luxemburgo;2;4;1.13;;True;False;2018-06-21;;;;;0.01;-0.04;0;0.36;0.58;0.98;1.67;3.83;2.01;;2.78;5.55;5.1;-3.64;-0.08;1;1.58;;4;;;;;;12;2.213;64.9;1.14;0.8;0.58;0.92;0.65;;0.85;0.63;0.62;;;;;;;;;;;;;-0.20197;0.93986;0.01859;;;;;;3;1.2547;1.14339;1.85466;;-0.9625;-0.9625;-5.18943;;1.13;0.85;0;;;0.03;;;;1;1;1;0;0;0;;;3.98;;;71;-3.64;3/4;;;;;Renta Fija;133;120;125;https://bancaonline.bankinter.com/resources/allfundssheets-enmenm/es/?isin=LU0981470809&language=es&currency=EUR&channel=nbol;2026-09-10
LU0120689640;Vontobel TwentyFour Euro S/TBnd B EUR;Vontobel Fund - TwentyFour Euro Short Term Bond B EUR Cap;Vontobel Asset Management S.A.;Fixed Income;Europe Fixed Income;RF Diversificada Corto Plazo EUR;FO;EUR;Luxemburgo;2;3;0.51;0;True;False;2000-10-24;;;;;-0.06;-0.2;-0.4;-0.08;0.14;0.04;0.41;2.64;1;;2.2;3.35;4.48;-4.44;0.27;0.6;1.83;;4;;;;;;8;1.538;93.79;-0.67;0.35;0.01;-0.23;0.05;;1.29;1.01;0.97;;;;;;;;;;;;;-0.67981;-0.079;-0.47077;;;;;;3;1.8267;1.45625;2.12871;;-1.59106;-1.59106;-6.46684;;0.51;0.55;0;5;0;0;0.5;;;2;2;2;3;2;2;;;1.66;;;86;-4.44;1/4;;;;;Renta Fija;133;120;125;https://bancaonline.bankinter.com/resources/allfundssheets-enmenm/es/?isin=LU0120689640&language=es&currency=EUR&channel=nbol;2026-09-10
LU0154237225;BGF US Dollar Short Duration Bd A2;BlackRock Global Funds - US Dollar Short Duration Bond Fund A2;BlackRock (Luxembourg) SA;Fixed Income;US Fixed Income;RF Diversificada Corto Plazo USD;FO;USD;Luxemburgo;2;3;0.89;5000;True;False;2002-10-31;;;;;0;0;0.06;0.58;0.64;1.03;2.22;4.58;1.92;1.89;5.44;4.47;4.92;-4.96;-0.77;3.04;4.31;7;4;36.06365;;;0.05;0;9;3.34;84.75;-0.24;0.64;0.05;-0.14;-0.26;-0.14;1.27;1.04;1.06;1.04;;;;;;;;;;;;-1.16402;-0.04202;-0.91997;-0.25783;;;;;4;1.10476;1.66136;2.32559;2.32715;-1.08905;-1.08905;-7.78401;-7.84869;0.89;0.75;0;5;0;0.05;0.44;;;2;2;2;2;1;2;2;;4.21;;;71;-4.96;2/4;;;;;Renta Fija;133;120;125;https://bancaonline.bankinter.com/resources/allfundssheets-enmenm/es/?isin=LU0154237225&language=es&currency=EUR&channel=nbol;2026-09-10
LU0172420597;BGF US Dollar Short Duration Bd A3 EUR;BlackRock Global Funds - US Dollar Short Duration Bond Fund A3 EUR;BlackRock (Luxembourg) SA;Fixed Income;US Fixed Income;RF Diversificada Corto Plazo USD;FO;EUR;Luxemburgo;2;3;0.89;;True;False;2003-09-01;;;;;0;-0.14;-0.85;-0.79;-0.38;1.21;2.69;1.58;2.11;1.53;-6.62;11.47;1.25;0.75;7.36;-5.72;6.35;7;4;31.34472;;;0.05;0;9;3.34;;;;;;;;;;;;;;;;;;;;;;;0.14617;-0.09698;0.05722;0.13747;;;;;4;4.48771;5.94229;6.28876;6.45982;-3.02282;-10.88563;-11.94067;-16.12976;0.89;0.75;0;5;;0.05;0.44;;;3;3;3;3;2;3;2;;0.15;;;71;-6.62;2/4;;;;;Renta Fija;133;120;125;https://bancaonline.bankinter.com/resources/allfundssheets-enmenm/es/?isin=LU0172420597&language=es&currency=EUR&channel=nbol;2026-09-10
LU0171298564;BGF US Dollar Short Duration Bd E2 EUR;BlackRock Global Funds - US Dollar Short Duration Bond Fund E2 EUR;BlackRock (Luxembourg) SA;Fixed Income;US Fixed Income;RF Diversificada Corto Plazo USD;FO;EUR;Luxemburgo;2;2;1.39;;True;False;2002-10-31;;;;;0.08;-0.17;-0.5;-0.25;0;1.63;2.86;1.33;1.74;1.08;-7.15;10.83;0.89;0.27;6.85;-6.33;5.85;7;4;31.34472;;;0.05;;9;3.34;;;;;;;;;;;;;;;;;;;;;;;0.19881;-0.14371;0.00073;0.06976;;;;;4;4.35156;5.94123;6.29508;6.44679;-3.12236;-11.18059;-12.16761;-16.58032;1.39;0.75;0;3;;0.05;0.44;;;2;3;3;3;2;3;3;;0.12;;;71;-7.15;0/4;;;;;Renta Fija;133;120;125;https://bancaonline.bankinter.com/resources/allfundssheets-enmenm/es/?isin=LU0171298564&language=es&currency=EUR&channel=nbol;2026-09-10
LU0551246555;Franklin US Low Duration A(acc)USD;Franklin U.S. Low Duration Fund A(acc)USD;Franklin Templeton International Services S.à r.l.;Fixed Income;US Fixed Income;RF Diversificada Corto Plazo USD;FO;USD;Luxemburgo;2;2;0.7;1000;True;False;2010-12-08;;;;;0;0.08;-0.08;0.63;0.71;1.12;2.26;4.47;1.87;1.73;5.38;4.2;4.96;-5.31;0;2.5;4.09;;4;;;;;;11;2.6;91.48;-0.65;0.44;-0.08;-0.28;-0.36;-0.3;1.11;1;1.02;0.94;;;;;;;;;;;;-1.3093;-0.13396;-0.96332;-0.20126;;;;;4;0.95809;1.54618;2.27175;3.49438;-0.87165;-0.87165;-7.69238;-14.05835;0.7;0.5;0;5;0;0.12;0.14;;;2;2;2;2;2;2;2;;5.13;;;71;-5.31;2/4;;;;;Renta Fija;133;120;125;https://bancaonline.bankinter.com/resources/allfundssheets-enmenm/es/?isin=LU0551246555&language=es&currency=EUR&channel=nbol;2026-09-10
LU0562247428;JPM US Short Duration Bond A acc USD;JPMorgan Funds - US Short Duration Bond Fund A (acc) - USD;JPMorgan Asset Management (Europe) S.à r.l.;Fixed Income;US Fixed Income;RF Diversificada Corto Plazo USD;FO;USD;Luxemburgo;2;3;0.8;35000;True;False;2010-12-15;;;;;0.03;0.04;0.01;0.57;0.45;0.85;1.94;4.38;2.06;1.93;5.12;4.45;4.46;-3.65;-0.56;4.34;3.86;;1;;;;;;5;2.01587;90.09;-0.76;0.49;-0.34;-0.36;-0.3;-0.16;1.11;1.02;0.94;0.96;;;;;;;;;;;;-1.62914;-0.1829;-0.98898;-0.37201;;;;;3;0.9325;1.58608;2.00939;1.59716;-0.86503;-0.86503;-5.82071;-5.96206;0.8;0.6;0;3;1;0.04;0.2;;;2;2;3;2;2;2;2;;5.06;;;71;-3.65;3/4;;;;;Renta Fija;133;120;125;https://bancaonline.bankinter.com/resources/allfundssheets-enmenm/es/?isin=LU0562247428&language=es&currency=EUR&channel=nbol;2026-09-10
LU0562248079;JPM US Short Duration Bond D acc USD;JPMorgan Funds - US Short Duration Bond Fund D (acc) - USD;JPMorgan Asset Management (Europe) S.à r.l.;Fixed Income;US Fixed Income;RF Diversificada Corto Plazo USD;FO;USD;Luxemburgo;2;2;1.1;5000;True;False;2010-12-15;;;;;0.03;0.03;-0.02;0.49;0.3;0.65;1.64;4.06;1.76;1.62;4.8;4.13;4.15;-3.94;-0.86;4.02;3.55;;1;;;;;;5;2.01587;90.14;-1.41;0.49;-0.65;-0.66;-0.6;-0.46;1.11;1.02;0.94;0.96;;;;;;;;;;;;-1.95701;-0.37864;-1.15552;-0.57119;;;;;3;0.93229;1.58649;2.00927;1.59689;-0.88572;-0.88572;-6.14746;-6.44788;1.1;0.6;0;3;1;0.04;0.2;;;2;3;3;3;2;3;2;;4.58;;;71;-3.94;0/4;;;;;Renta Fija;133;120;125;https://bancaonline.bankinter.com/resources/allfundssheets-enmenm/es/?isin=LU0562248079&language=es&currency=EUR&channel=nbol;2026-09-10
IE00B2478W85;PIMCO GIS Low Avrg Dur E USD Acc;PIMCO GIS Low Average Duration Fund E Class USD Accumulation;PIMCO Global Advisors (Ireland) Limited;Fixed Income;US Fixed Income;RF Diversificada Corto Plazo USD;FO;USD;Irlanda;2;2;1.36;1000;True;False;2007-09-21;;;;;-0.07;0.07;-0.15;0.15;0;0.22;1.41;3.81;1.13;1.07;4.76;3.82;4.06;-5.71;-1.69;2.2;3.66;;4;;;;;;6;2.6;93.03;-2.03;0.46;-1.02;-0.9;-1;-0.98;1.26;1.1;1.07;1.05;;;;;;;;;;;;-2.19531;-0.49557;-1.32364;-0.81844;;;;;3;1.06611;1.68339;2.24828;1.82862;-1.23907;-1.23907;-8.12064;-8.75574;1.36;2.5;0;5;0;0.09;0;;;3;3;3;3;3;3;3;;3.07;;;71;-5.71;0/4;;;;;Renta Fija;133;120;125;https://bancaonline.bankinter.com/resources/allfundssheets-enmenm/es/?isin=IE00B2478W85&language=es&currency=EUR&channel=nbol;2026-09-10
LU0175073625;Pictet-USD Short Mid-Term Bonds P;Pictet-USD Short Mid-Term Bonds P;Pictet Asset Management (Europe) SA;Fixed Income;US Fixed Income;RF Diversificada Corto Plazo USD;FO;USD;Luxemburgo;2;3;0.5;0;True;False;2003-09-18;;;;;0.03;0.04;0.03;0.58;0.66;1.06;2.19;4.26;2.12;1.99;5.14;4.03;4.57;-3.17;-0.79;4.75;3.47;;4;;;;;;6;1.93829;92.58;-1.3;0.39;-0.34;-0.49;-0.37;-0.12;0.91;0.94;0.86;0.92;;;;;;;;;;;;-1.72184;-0.29776;-1.06712;-0.35511;;;;;3;0.76198;1.44212;1.82832;1.4884;-0.63502;-0.7926;-5.21019;-5.28404;0.5;0.6;0;5;1;0.01;0.05;;;2;2;2;2;2;2;1;;5.37;;;71;-3.17;3/4;;;;;Renta Fija;133;120;125;https://bancaonline.bankinter.com/resources/allfundssheets-enmenm/es/?isin=LU0175073625&language=es&currency=EUR&channel=nbol;2026-09-10
LU1361553693;Pictet-USD Short Mid-Term Bonds P EUR;Pictet-USD Short Mid-Term Bonds P EUR;Pictet Asset Management (Europe) SA;Fixed Income;US Fixed Income;RF Diversificada Corto Plazo USD;FO;EUR;Luxemburgo;3;3;0.5;0;True;False;2016-02-09;;;;;-0.1;-0.25;-0.64;-0.19;0.21;2.05;3.19;1.45;2.44;1.68;-7.31;10.99;1.03;3.17;6.75;-3.89;5.38;;4;;;;;;6;1.93829;91.9;-1.28;0.41;-0.38;-0.5;-0.38;-0.12;0.91;0.94;0.86;0.92;;;;;;;;;;;;0.30163;-0.12277;0.09697;0.15836;;;;;3;4.59606;6.06717;6.53927;6.40805;-3.21281;-10.8724;-12.16528;-16.68294;0.5;0.6;0;5;1;0.01;;;;2;2;2;2;2;2;1;;0.13;;;71;-7.31;4/4;;;;;Renta Fija;133;120;125;https://bancaonline.bankinter.com/resources/allfundssheets-enmenm/es/?isin=LU1361553693&language=es&currency=EUR&channel=nbol;2026-09-10
LU0251659180;AXAWF Euro 7-10 A Cap EUR;AXA World Funds - Euro 7-10 A Capitalisation EUR;BNP PARIBAS ASSET MANAGEMENT Europe;Fixed Income;Europe Fixed Income;RF Diversificada EUR;FO;EUR;Luxemburgo;3;3;0.85;0;True;False;2006-04-17;;;;;0.13;-0.11;-1.78;-1.49;-1.93;-1.45;-1.6;3.05;-2.38;-0.32;1.65;2.58;9.52;-20.07;-2.74;5.09;7.46;;;;;;;;12;9.00333;98.74;0.31;1.34;0.23;0.55;0.86;0.4;1.32;1.26;1.23;1.2;;;;;;;;;;;;-0.47322;0.02387;-0.55952;-0.14019;;;;;5;5.1475;5.71111;7.53261;6.03208;-4.15699;-4.15699;-22.77261;-23.57007;0.85;0.6;0;3;0;0;0.03;;;3;3;3;3;1;3;2;;0.73;;;71;-20.07;0/4;;;;;Renta Fija;133;120;125;https://bancaonline.bankinter.com/resources/allfundssheets-enmenm/es/?isin=LU0251659180&language=es&currency=EUR&channel=nbol;2026-09-10
LU0251659776;AXAWF Euro Strategic Bonds A Cap EUR;AXA World Funds - Euro Strategic Bonds A Capitalisation EUR;BNP PARIBAS ASSET MANAGEMENT Europe;Fixed Income;Europe Fixed Income;RF Diversificada EUR;FO;EUR;Luxemburgo;2;5;0.85;0;True;False;2006-04-17;;;;;0.07;-0.1;-1.21;-0.62;-0.37;0.02;0.52;4.63;1.85;1.28;3.65;5.84;7.67;-7.32;-0.49;2.49;4.59;;;;;;;;12;6.15391;89.63;1.28;1.67;1.04;1.93;2.09;1.24;0.87;0.72;0.52;0.58;;;;;;;;;;;;-0.20252;0.50143;-0.00521;0.16968;;;;;3;3.59502;3.42913;4.70667;3.91386;-2.74977;-2.74977;-12.26878;-12.71408;0.85;0.6;0;3;0;0.05;0.03;;;2;1;0;0;0;0;0;;1.68;;;71;-7.32;4/4;;;;;Renta Fija;133;120;125;https://bancaonline.bankinter.com/resources/allfundssheets-enmenm/es/?isin=LU0251659776&language=es&currency=EUR&channel=nbol;2026-09-10
LU0050372472;BGF Euro Bond A2;BlackRock Global Funds - Euro Bond A2;BlackRock (Luxembourg) SA;Fixed Income;Europe Fixed Income;RF Diversificada EUR;FO;EUR;Luxemburgo;3;2;0.97;5000;True;False;1994-03-31;;;;;0.04;-0.15;-1.44;-1.4;-1.83;-1.51;-1.26;2.33;-2.3;-0.59;1.46;1.94;7.31;-17.25;-3.88;4.03;6.03;;6;;;;;;8;10.37;98.88;-0.33;0.5;-0.12;-0.15;-0.1;-0.13;1.11;1.03;1;1.01;;;;;;;;;;;;-0.54205;-0.10481;-0.69255;-0.23341;;;;;4;4.34779;4.6472;6.1554;5.07342;-3.56888;-3.56888;-20.26547;-21.98289;0.97;0.75;0;5;0;0.26;0.45;;;3;3;3;3;3;3;2;;0.65;;;71;-17.25;0/4;;;;;Renta Fija;133;120;125;https://bancaonline.bankinter.com/resources/allfundssheets-enmenm/es/?isin=LU0050372472&language=es&currency=EUR&channel=nbol;2026-09-10
LU0172396516;BGF Euro Bond A3;BlackRock Global Funds - Euro Bond Fund A3;BlackRock (Luxembourg) SA;Fixed Income;Europe Fixed Income;RF Diversificada EUR;FO;EUR;Luxemburgo;3;2;0.97;5000;True;False;2003-09-01;;;;;0;-0.17;-1.65;-1.58;-2.04;-1.76;-1.48;2.26;-2.35;-0.62;1.52;1.89;7.31;-17.26;-3.86;4.01;6.04;;6;;;;;;8;10.37;98.73;-0.44;0.53;-0.29;-0.22;-0.14;-0.15;1.11;1.03;1;1.01;;;;;;;;;;;;-0.57984;-0.11916;-0.70059;-0.23805;;;;;4;4.37456;4.64396;6.14006;5.05792;-3.60537;-3.60537;-20.2919;-22.01091;0.97;0.75;0;5;0;0.26;0.45;;;3;3;3;3;3;3;2;;0.63;;;71;-17.26;0/4;;;;;Renta Fija;133;120;125;https://bancaonline.bankinter.com/resources/allfundssheets-enmenm/es/?isin=LU0172396516&language=es&currency=EUR&channel=nbol;2026-09-10
LU0430265933;BGF Euro Bond A4;BlackRock Global Funds - Euro Bond Fund A4;BlackRock (Luxembourg) SA;Fixed Income;Europe Fixed Income;RF Diversificada EUR;FO;EUR;Luxemburgo;3;2;0.97;5000;True;False;2010-07-26;;;;;0.04;-0.17;-1.47;-1.43;-1.84;-1.55;-1.3;2.33;-2.31;-0.6;1.5;1.94;7.3;-17.29;-3.86;4.01;6.01;;6;;;;;;8;10.37;98.86;-0.32;0.5;-0.06;-0.14;-0.09;-0.13;1.11;1.02;1;1.01;;;;;;;;;;;;-0.53006;-0.10384;-0.69163;-0.23394;;;;;4;4.36431;4.63168;6.15193;5.06404;-3.59914;-3.59914;-20.27174;-22.00071;0.97;0.75;0;5;0;0.26;0.44;;;3;3;3;2;3;3;2;;0.65;;;71;-17.29;0/4;;;;;Renta Fija;133;120;125;https://bancaonline.bankinter.com/resources/allfundssheets-enmenm/es/?isin=LU0430265933&language=es&currency=EUR&channel=nbol;2026-09-10
IE0032722260;BNY Mellon Euroland Bond EUR A Acc;BNY Mellon Euroland Bond Fund EUR A Acc;BNY Mellon Fund Management (Lux) S.A.;Fixed Income;Europe Fixed Income;RF Diversificada EUR;FO;EUR;Irlanda;2;2;1.15;5000;True;False;2003-09-05;;;;;-0.29;-0.36;-1.61;-1.68;-1.79;-1.88;-1.64;2.91;-2.04;-0.5;1;3.63;7.64;-16.95;-3.83;4.68;5.97;;6;;;;;;8;9.3739;97.83;0.48;0.75;-0.56;0.38;0.1;0.04;1.13;1.06;0.98;1.03;;;;;;;;;;;;-0.64083;0.00729;-0.65378;-0.1892;;;;;4;4.44968;4.81505;6.06615;5.44519;-3.76182;-3.76182;-19.72843;-21.27759;1.15;1;0;5;0;0.12;0.15;;;3;3;3;3;2;3;2;;0.77;;;71;-16.95;0/4;;;;;Renta Fija;133;120;125;https://bancaonline.bankinter.com/resources/allfundssheets-enmenm/es/?isin=IE0032722260&language=es&currency=EUR&channel=nbol;2026-09-10
ES0114867031;Bankinter Deuda Financiera R FI;Bankinter Deuda Financiera R FI;Bankinter Gestión de Activos SGIIC;Fixed Income;Europe Fixed Income;RF Diversificada EUR;FO;EUR;España;2;4;1.11;1;True;False;1991-04-01;;;;;-0.14;-0.16;-0.87;-0.52;-0.37;-0.44;-0.11;3.79;0.51;-0.22;2.88;4.45;5.68;-8.68;-1.24;-0.34;1.99;;;;;;;;;;90.52;0.7;1.92;-0.16;1.12;0.68;-0.37;0.72;0.62;0.51;0.5;;;;;;;;;;;;-0.5407;0.31539;-0.42225;-0.29851;;;;;2;2.97625;2.96951;3.46456;3.06639;-2.54313;-2.54313;-10.16503;-14.24513;1.11;1;0;0;0;0.08;0.1;;;1;1;1;1;0;0;1;;1.49;;;57;-8.68;2/4;;;;;Renta Fija;133;120;125;https://bancaonline.bankinter.com/resources/allfundssheets-enmenm/es/?isin=ES0114867031&language=es&currency=EUR&channel=nbol;2026-09-10
ES0113574026;Bankinter Multi-Asset Invmt Long Term FI;Bankinter Multi-Asset Investment Long Term Investment FI;Bankinter Gestión de Activos SGIIC;Fixed Income;Europe Fixed Income;RF Diversificada EUR;FO;EUR;España;2;4;0.36;1;True;False;2022-01-21;;;;;-0.12;-0.14;-0.54;-0.19;-0.27;-0.24;0.1;3.64;;;2.97;3.96;5.4;;;;;;;;;;;;;;92.61;0.55;2.14;-0.23;0.94;;;0.63;0.55;;;;;;;;;;;;;;-0.57786;0.2983;;;;;;;2;2.5843;2.58884;;;-2.26301;-2.26301;;;0.36;0.3;0;0;0;0.16;0.05;;;0;1;1;1;0;;;;1.61;;;100;2.97;2/4;;;;;Renta Fija;133;120;125;https://bancaonline.bankinter.com/resources/allfundssheets-enmenm/es/?isin=ES0113574026&language=es&currency=EUR&channel=nbol;2026-09-10
ES0114837034;Bankinter Renta Fija Largo Plazo R FI;Bankinter Renta Fija Largo Plazo R FI;Bankinter Gestión de Activos SGIIC;Fixed Income;Europe Fixed Income;RF Diversificada EUR;FO;EUR;España;2;3;1.31;1;True;False;1996-10-11;;;;;-0.18;-0.21;-0.9;-0.69;-1.18;-1.51;-1.57;2.33;-0.5;-0.5;1.55;2.99;5.14;-9.29;-1.25;-0.22;2.09;;;;;;;;;;92.43;-0.07;1.84;-1.59;-0.3;-0.32;-0.65;0.74;0.63;0.51;0.51;;;;;;;;;;;;-1.02716;-0.17171;-0.74222;-0.40939;;;;;2;2.98839;2.97589;3.38681;2.92067;-2.7638;-2.7638;-10.46776;-12.62082;1.31;1.2;0;0;0;0.05;0.1;;;2;2;3;3;2;1;2;;0.84;;;57;-9.29;1/4;;;;;Renta Fija;133;120;125;https://bancaonline.bankinter.com/resources/allfundssheets-enmenm/es/?isin=ES0114837034&language=es&currency=EUR&channel=nbol;2026-09-10
LU0549543014;BlueBay Inv Grd Euro Aggt Bd R EUR;BlueBay Funds - BlueBay Investment Grade Euro Aggregate Bond Fund R - EUR;BlueBay Funds Management Company S.A.;Fixed Income;Europe Fixed Income;RF Diversificada EUR;FO;EUR;Luxemburgo;2;3;0.95;0;True;False;2011-11-21;;;;;-0.25;-0.48;-1.41;-1.85;-3.51;-3.37;-2.96;2.37;-2.17;0.26;1.33;3.87;6.45;-15.99;-3.16;6.08;8.9;;6;;;;;;10;11.40192;92.32;-0.12;1.25;-1.75;-0.16;0.1;0.82;1.18;0.96;1;1.01;;;;;;;;;;;;-0.87311;-0.10565;-0.6341;-0.04327;;;;;4;4.73722;4.49626;6.33948;5.32555;-4.70368;-4.70368;-19.36439;-20.8481;0.95;0.75;0;5;0;0.19;;;;3;3;3;3;3;3;1;;0.5;;;71;-15.99;1/4;;;;;Renta Fija;133;120;125;https://bancaonline.bankinter.com/resources/allfundssheets-enmenm/es/?isin=LU0549543014&language=es&currency=EUR&channel=nbol;2026-09-10
LU0279509904;Ethna-DEFENSIV A;Ethna-DEFENSIV A;ETHENEA Independent Investors S.A.;Fixed Income;Europe Fixed Income;RF Diversificada EUR;FO;EUR;Luxemburgo;2;5;1.16;0;True;False;2007-04-02;;;;;-0.42;-0.54;-1.9;-2.41;-2.87;-2.04;-1.91;3.33;1.26;1.21;2.92;5.27;3.66;-3.18;1.39;2.57;7.43;;6;;;;;;9;9.34;68.74;0.49;2.5;-0.08;1.07;0.48;1.12;1.34;0.71;0.26;0.45;;;;;;;;;;;;-0.52664;0.21949;-0.17378;0.15331;;;;;3;5.29094;3.87651;3.33964;4.27468;-6.44183;-6.44183;-6.44183;-9.8165;1.16;0.9;0;3;0;0.15;0.05;;;3;3;3;3;0;0;0;;0.52;;;86;-3.18;3/4;;;;;Renta Fija;133;120;125;https://bancaonline.bankinter.com/resources/allfundssheets-enmenm/es/?isin=LU0279509904&language=es&currency=EUR&channel=nbol;2026-09-10
LU0279509144;Ethna-DEFENSIV T;Ethna-DEFENSIV T;ETHENEA Independent Investors S.A.;Fixed Income;Europe Fixed Income;RF Diversificada EUR;FO;EUR;Luxemburgo;2;5;1.16;0;True;False;2007-04-02;;;;;-0.42;-0.54;-1.9;-2.42;-2.85;-2.02;-1.88;3.34;1.27;1.21;2.91;5.28;3.66;-3.19;1.39;2.57;7.43;;6;;;;;;9;9.34;68.66;0.49;2.51;-0.04;1.08;0.49;1.12;1.34;0.71;0.26;0.45;;;;;;;;;;;;-0.52006;0.22147;-0.17218;0.15342;;;;;3;5.29822;3.87896;3.34037;4.27632;-4.12736;-4.12736;-5.13616;-9.81422;1.16;0.9;0;3;0;0.15;0.05;;;3;3;3;3;0;0;0;;0.81;;;86;-3.19;3/4;;;;;Renta Fija;133;120;125;https://bancaonline.bankinter.com/resources/allfundssheets-enmenm/es/?isin=LU0279509144&language=es&currency=EUR&channel=nbol;2026-09-10
LU0251130638;Fidelity Euro Bond A-Acc-EUR;Fidelity Funds - Euro Bond Fund A-Acc-EUR;FIL Investment Management (Luxembourg) S.à r.l.;Fixed Income;Europe Fixed Income;RF Diversificada EUR;FO;EUR;Luxemburgo;3;2;1;;True;False;2006-07-03;;;;;0.13;-0.07;-0.99;-1.05;-1.7;-2.21;-2.09;2.52;-2.78;-0.59;0.07;2.54;7.78;-19.2;-2.33;6.34;6.98;;2;;;;;;4;8.5737;92.71;-0.09;1.66;-1.89;-0.05;0.59;0.11;0.72;1.17;1.26;1.19;;;;;;;;;;;;-1.1392;-0.07902;-0.58302;-0.1829;;;;;5;2.92638;5.479;7.89276;6.19601;-3.21752;-5.16585;-22.74288;-23.48612;1;0.75;0;4;0;0.08;0.35;;;3;3;3;3;3;3;2;;0.49;;;71;-19.2;0/4;;;;;Renta Fija;133;120;125;https://bancaonline.bankinter.com/resources/allfundssheets-enmenm/es/?isin=LU0251130638&language=es&currency=EUR&channel=nbol;2026-09-10
LU0048579097;Fidelity Euro Bond A-Dis-EUR;Fidelity Funds - Euro Bond Fund A-DIST-EUR;FIL Investment Management (Luxembourg) S.à r.l.;Fixed Income;Europe Fixed Income;RF Diversificada EUR;FO;EUR;Luxemburgo;3;2;1;;True;False;1990-10-01;;;;;0.08;-0.08;-0.99;-1.08;-1.72;-2.19;-2.11;2.5;-2.78;-0.59;0.03;2.57;7.77;-19.19;-2.33;6.31;7.05;;2;;;;;;4;8.5737;92.7;-0.1;1.64;-1.93;-0.06;0.58;0.1;0.72;1.17;1.26;1.19;;;;;;;;;;;;-1.14785;-0.08169;-0.58496;-0.18377;;;;;5;2.93644;5.46213;7.88775;6.19363;-3.27837;-5.16579;-22.73644;-23.4552;1;0.75;0;4;0;0.08;0.35;;;3;3;3;3;3;3;2;;0.48;;;71;-19.19;0/4;;;;;Renta Fija;133;120;125;https://bancaonline.bankinter.com/resources/allfundssheets-enmenm/es/?isin=LU0048579097&language=es&currency=EUR&channel=nbol;2026-09-10
LU0238209513;Fidelity Euro Bond E-Acc-EUR;Fidelity Funds - Euro Bond Fund E-Acc-EUR;FIL Investment Management (Luxembourg) S.à r.l.;Fixed Income;Europe Fixed Income;RF Diversificada EUR;FO;EUR;Luxemburgo;3;1;1.4;;True;False;2006-01-23;;;;;0.15;-0.04;-0.95;-1.1;-1.89;-2.42;-2.46;2.11;-3.16;-0.99;-0.36;2.13;7.35;-19.52;-2.72;5.93;6.56;;2;;;;;;4;8.5737;92.75;-0.35;1.66;-2.33;-0.46;0.2;-0.29;0.73;1.17;1.27;1.2;;;;;;;;;;;;-1.2752;-0.15449;-0.63327;-0.24732;;;;;5;2.96787;5.48397;7.90766;6.20969;-3.46803;-5.29102;-23.01694;-24.08377;1.4;1.5;0;0;0;0.08;0.35;;;3;3;3;3;3;3;3;;0.4;;;57;-19.52;0/4;;;;;Renta Fija;133;120;125;https://bancaonline.bankinter.com/resources/allfundssheets-enmenm/es/?isin=LU0238209513&language=es&currency=EUR&channel=nbol;2026-09-10
LU0170473374;Franklin European Ttl Ret A(acc)EUR;Franklin European Total Return Fund A(acc)EUR;Franklin Templeton International Services S.à r.l.;Fixed Income;Europe Fixed Income;RF Diversificada EUR;FO;EUR;Luxemburgo;2;3;0.96;;True;False;2003-08-29;;;;;0.06;-0.06;-1.27;-0.95;-1.02;-0.45;-0.26;2.71;-1.38;0.11;0.97;1.77;7.87;-14.69;-3.1;7.56;6.08;;6;;;;;;7;8.59;92.75;0.22;1.22;0.2;0.25;0.32;0.44;0.78;0.96;0.86;0.88;;;;;;;;;;;;-0.44999;-0.01334;-0.57498;-0.09703;;;;;4;3.06771;4.50029;5.63937;4.88404;-2.3256;-3.36718;-17.76321;-19.63769;0.96;0.7;0;5;0;0;0.14;;;2;1;1;1;2;2;1;;0.8;;;71;-14.69;1/4;;;;;Renta Fija;133;120;125;https://bancaonline.bankinter.com/resources/allfundssheets-enmenm/es/?isin=LU0170473374&language=es&currency=EUR&channel=nbol;2026-09-10
LU0066341099;Invesco Euro Bond A EUR Acc;Invesco Funds - Invesco Euro Bond Fund A Accumulation EUR;Invesco Management S.A.;Fixed Income;Europe Fixed Income;RF Diversificada EUR;FO;EUR;Luxemburgo;2;3;1.03;1000;True;False;1996-04-01;;;;;-0.12;-0.17;-1.3;-1.25;-1.85;-1.56;-1.6;2.9;-2.15;-0.22;1.26;3;7.86;-17.9;-2.79;4.16;8.54;;6;;;;;;9;7.46443;96.92;0.59;0.8;-0.75;0.46;0.15;0.33;1;1;1.01;1.03;;;;;;;;;;;;-0.70341;0.03033;-0.6167;-0.13409;;;;;5;3.93906;4.5849;6.53158;5.53209;-3.16169;-3.20135;-22.13634;-23.17976;1.03;0.75;0;5;;0.04;0.45;;;2;3;3;3;1;3;1;;0.91;;;71;-17.9;0/4;;;;;Renta Fija;133;120;125;https://bancaonline.bankinter.com/resources/allfundssheets-enmenm/es/?isin=LU0066341099&language=es&currency=EUR&channel=nbol;2026-09-10
LU2638558333;Miralta SICAV Sequoia - A EUR;Miralta SICAV Sequoia Fund - A EUR;Miralta Asset Management SAU;Fixed Income;Europe Fixed Income;RF Diversificada EUR;FO;EUR;Luxemburgo;2;5;1.47;;True;False;2024-03-05;;;;;-0.14;-0.01;-0.91;-0.62;-0.69;0.45;0.7;3.59;1.9;;3.16;1.7;9.33;-4.95;0.49;8.6;2.48;2;;36111.6409;13.99831;2.12;1.92;;;;84.86;0.59;1.74;1.53;0.94;2.47;;1.13;0.85;0.61;;;;;;;;;;;;;-0.17092;0.15925;0.0036;;;;;;3;4.49305;4.15122;4.52075;;-3.57865;-3.57865;-8.76499;;1.47;0.7;;;;0.16;;;;2;2;0;0;1;0;;;1.0;;;86;-4.95;3/4;;;;;Renta Fija;133;120;125;https://bancaonline.bankinter.com/resources/allfundssheets-enmenm/es/?isin=LU2638558333&language=es&currency=EUR&channel=nbol;2026-09-10
LU1915690595;Nordea 1 - Active Rates Opport. BP EUR;Nordea 1 - Active Rates Opportunities Fund Fund BP EUR;Nordea Investment Funds SA;Fixed Income;Europe Fixed Income;RF Diversificada EUR;FO;EUR;Luxemburgo;2;5;0.92;0;True;False;2019-01-29;;;;;-0.07;0.16;-0.79;-0.86;-0.79;-2.73;-0.18;3.43;1.7;;5.71;4.04;1.72;1.86;0.46;2.86;;;4;;;;;;10;7.06877;10.63;0.22;4.84;0.02;0.8;0.23;;0.86;0.28;0.09;;;;;;;;;;;;;-0.41244;0.18544;-0.03303;;;;;;2;4.18856;3.85436;3.74818;;-3.33744;-3.33744;-3.85597;;0.92;0.7;0;3;0;0.67;;;;2;3;3;1;1;0;;;1.03;;;100;0.46;2/4;;;;;Renta Fija;133;120;125;https://bancaonline.bankinter.com/resources/allfundssheets-enmenm/es/?isin=LU1915690595&language=es&currency=EUR&channel=nbol;2026-09-10
IE00B11XYY66;PIMCO GIS Euro Bond E EUR Acc;PIMCO GIS Euro Bond Fund E Class EUR Accumulation;PIMCO Global Advisors (Ireland) Limited;Fixed Income;Europe Fixed Income;RF Diversificada EUR;FO;EUR;Irlanda;3;2;1.36;;True;False;2006-03-31;;;;;-0.3;-0.49;-1.42;-1.32;-1.7;-1.75;-1.22;2.39;-2.67;-0.78;1.83;1.87;6.9;-18.18;-4.31;3.91;5.31;;6;;;;;;7;8.66;97.84;-0.13;0.72;0.29;-0.07;-0.42;-0.27;1.2;1.04;1;1.01;;;;;;;;;;;;-0.45255;-0.08619;-0.74282;-0.26121;;;;;4;4.70718;4.72799;6.18192;5.07139;-4.29187;-4.29187;-20.96427;-22.59705;1.36;2.5;0;5;0;0.13;0;;;3;3;3;2;2;3;3;;0.56;;;71;-18.18;0/4;;;;;Renta Fija;133;120;125;https://bancaonline.bankinter.com/resources/allfundssheets-enmenm/es/?isin=IE00B11XYY66&language=es&currency=EUR&channel=nbol;2026-09-10
LU0106235533;Schroder ISF EURO Bond A Acc EUR;Schroder International Selection Fund EURO Bond A Accumulation EUR;Schroder Investment Management (Europe) S.A.;Fixed Income;Europe Fixed Income;RF Diversificada EUR;FO;EUR;Luxemburgo;3;2;0.94;1000;True;False;2000-01-17;;;;;0;-0.1;-1.32;-1.22;-1.68;-1.14;-1;2.88;-3.03;-0.82;1.71;2.42;6.66;-20.27;-3.35;4.55;6.55;;6;;;;;;7;7.17648;98.11;0.67;0.62;0.03;0.41;-0.73;-0.33;1.07;1;1.02;1.03;;;;;;;;;;;;-0.50942;0.01885;-0.79275;-0.26957;;;;;4;4.1848;4.55283;6.32174;5.20684;-3.35866;-3.35866;-23.20542;-24.11307;0.94;0.75;0;3;0;0.41;0.5;;;3;3;2;2;1;3;3;;0.86;;;71;-20.27;0/4;;;;;Renta Fija;133;120;125;https://bancaonline.bankinter.com/resources/allfundssheets-enmenm/es/?isin=LU0106235533&language=es&currency=EUR&channel=nbol;2026-09-10
LU0093472081;Schroder ISF EURO Bond A Dis QV;Schroder International Selection Fund EURO Bond A Distribution EUR QV;Schroder Investment Management (Europe) S.A.;Fixed Income;Europe Fixed Income;RF Diversificada EUR;FO;EUR;Luxemburgo;3;2;0.94;1000;True;False;1999-04-19;;;;;0;-0.1;-1.32;-1.22;-1.67;-1.14;-1.01;2.88;-3.03;-0.82;1.71;2.42;6.66;-20.27;-3.34;4.55;6.55;;6;;;;;;7;7.17648;98.11;0.67;0.62;0.03;0.41;-0.73;-0.33;1.07;1;1.02;1.03;;;;;;;;;;;;-0.50983;0.01864;-0.79283;-0.26958;;;;;4;4.18493;4.55319;6.32156;5.20667;-3.35908;-3.35908;-23.20455;-24.1091;0.94;0.75;0;3;0;0.41;0.5;;;3;3;2;2;1;3;3;;0.86;;;71;-20.27;0/4;;;;;Renta Fija;133;120;125;https://bancaonline.bankinter.com/resources/allfundssheets-enmenm/es/?isin=LU0093472081&language=es&currency=EUR&channel=nbol;2026-09-10
LU0138643068;DPAM L Bonds Universalis Uncons B EUR;DPAM L - Bonds Universalis Unconstrained B EUR;Degroof Petercam Asset Management SA;Fixed Income;Global Fixed Income;RF Diversificada Global;FO;EUR;Luxemburgo;2;5;1.02;0;True;False;1985-01-01;;;;;-0.13;0.15;-0.57;0.27;0.49;1.08;1.89;3.55;-0.71;0.99;0.77;4.39;5.46;-13.7;-0.15;2.01;14.1;;;;;;;;;;92.25;0.88;2.58;2.93;2.48;2.62;2.2;1.69;1.19;1.22;1.24;;;;;;;;;;;;0.046;0.13445;-0.46659;0.06791;;;;;5;4.21038;4.46334;5.75122;5.27953;-3.2486;-5.11869;-15.72743;-15.81936;1.02;0.8;0;2;0;0.05;0.03;;;1;2;0;0;0;0;0;;0.69;;;71;-13.7;4/4;;;;;Renta Fija;133;120;125;https://bancaonline.bankinter.com/resources/allfundssheets-enmenm/es/?isin=LU0138643068&language=es&currency=EUR&channel=nbol;2026-09-10
LU0557861274;Amundi Fds Glbl Aggt Bd A EUR C;Amundi Funds - Global Aggregate Bond A EUR (C);Amundi Luxembourg S.A.;Fixed Income;Global Fixed Income;RF Diversificada Global - Cubierto USD;FO;EUR;Luxemburgo;3;4;1.12;1;True;False;2011-07-07;;;;;-0.25;-0.03;-1.1;0.2;0.24;2;3.06;2.54;1.83;1.85;-5.75;10.71;3.42;-3.42;5.23;-4.92;12.5;;6;;;;;;10;;90.62;0.88;1.31;1.52;1.11;0.64;0.54;1.37;1;0.8;0.85;;;;;;;;;;;;0.27098;0.03821;-0.00408;0.17656;;;;;4;5.53551;6.18846;6.63306;6.92109;-3.5508;-10.19769;-11.61101;-13.07435;1.12;0.8;1;5;0;0.26;;;;0;1;0;0;0;1;0;;0.25;;;57;-5.75;4/4;;;;;Renta Fija;133;120;125;https://bancaonline.bankinter.com/resources/allfundssheets-enmenm/es/?isin=LU0557861274&language=es&currency=EUR&channel=nbol;2026-09-10
LU0319688015;Amundi Fds Glbl Aggt Bd A USD C;Amundi Funds - Global Aggregate Bond A USD (C);Amundi Luxembourg S.A.;Fixed Income;Global Fixed Income;RF Diversificada Global - Cubierto USD;FO;USD;Luxemburgo;2;4;1.12;1;True;False;2007-10-30;;;;;0.05;0.3;-0.39;1;0.73;1.07;2.07;5.43;1.5;2.25;6.88;3.81;7.05;-9.36;-2.18;3.68;10.56;;6;;;;;;10;;90.73;0.88;1.3;1.51;1.11;0.64;0.56;1.37;1;0.8;0.85;;;;;;;;;;;;-0.27322;0.14444;-0.50503;-0.04257;;;;;4;4.31385;4.29941;4.74444;4.88812;-3.94709;-3.94709;-12.88096;-13.39125;1.12;0.8;1;5;0;0.26;;;;0;1;0;0;0;0;0;;1.38;;;71;-9.36;4/4;;;;;Renta Fija;133;120;125;https://bancaonline.bankinter.com/resources/allfundssheets-enmenm/es/?isin=LU0319688015&language=es&currency=EUR&channel=nbol;2026-09-10
LU0430493139;JPM Aggregate Bond A acc USD;JPMorgan Funds - Aggregate Bond Fund A (acc) USD;JPMorgan Asset Management (Europe) S.à r.l.;Fixed Income;Global Fixed Income;RF Diversificada Global - Cubierto USD;FO;USD;Luxemburgo;2;3;0.9;35000;True;False;2009-11-09;;;;;-0.06;0.06;-0.56;0;-0.56;-0.62;0.38;4.07;0.14;1.53;4.81;3.01;5.51;-10.61;-0.44;7.14;8.55;;6;;;;;;9;9.28299;94.79;-0.15;1.06;-0.08;-0.1;-0.35;-0.09;1.28;1.07;0.9;0.91;;;;;;;;;;;;-0.64792;-0.14105;-0.7827;-0.22935;;;;;3;4.02346;4.51816;4.80583;3.96799;-3.42508;-3.42508;-13.77576;-14.09849;0.9;0.7;0;3;1;0.27;;;;1;3;3;3;2;2;1;;1.19;;;71;-10.61;0/4;;;;;Renta Fija;133;120;125;https://bancaonline.bankinter.com/resources/allfundssheets-enmenm/es/?isin=LU0430493139&language=es&currency=EUR&channel=nbol;2026-09-10
LU0430493642;JPM Aggregate Bond D acc USD;JPMorgan Funds - Aggregate Bond Fund D (acc) USD;JPMorgan Asset Management (Europe) S.à r.l.;Fixed Income;Global Fixed Income;RF Diversificada Global - Cubierto USD;FO;USD;Luxemburgo;2;2;1.3;5000;True;False;2013-11-19;;;;;-0.06;0.05;-0.61;-0.1;-0.78;-0.89;-0.06;3.66;-0.26;1.12;4.39;2.61;5.1;-10.99;-0.83;6.65;8.12;;6;;;;;;9;9.28299;94.93;-0.54;1.05;-0.51;-0.49;-0.76;-0.49;1.27;1.07;0.89;0.91;;;;;;;;;;;;-0.75496;-0.22816;-0.8708;-0.33153;;;;;3;3.97753;4.51727;4.79435;3.95709;-3.47678;-3.47678;-14.15021;-14.5121;1.3;0.7;0;3;1;0.27;;;;2;3;3;3;3;2;3;;1.05;;;71;-10.99;0/4;;;;;Renta Fija;133;120;125;https://bancaonline.bankinter.com/resources/allfundssheets-enmenm/es/?isin=LU0430493642&language=es&currency=EUR&channel=nbol;2026-09-10
IE00BH65QN23;Vanguard Global S/T Bd Idx USD H Acc;Vanguard Global Short-Term Bond Index Fund USD Hedged Acc;Vanguard Group (Ireland) Limited;Fixed Income;Global Fixed Income;RF Diversificada Global - Cubierto USD;FO;USD;Irlanda;2;4;0.15;1000000;True;True;2014-01-31;;;;;-0.02;0.03;-0.21;0.31;0.43;0.91;1.9;4.7;2.04;2.1;5.43;4.37;5.81;-5.12;-0.72;3.34;4.4;;4;;;;;;7;2.89678;87.69;0.25;2.37;-0.58;0.24;-0.12;0;0.47;0.44;0.45;0.42;;;;;;;;;;;;-1.0153;0.00889;-0.74432;-0.2027;;;;;2;1.48906;1.9737;2.59;1.96586;-1.32718;-1.32718;-7.30897;-7.41139;0.15;0.15;0;0;0;0.08;;;;0;0;0;1;1;0;0;;3.54;;;71;-5.12;4/4;;;;;Renta Fija;133;120;125;https://bancaonline.bankinter.com/resources/allfundssheets-enmenm/es/?isin=IE00BH65QN23&language=es&currency=EUR&channel=nbol;2026-09-10
LU0906524193;Amundi Fds Glbl Aggt Bd A EUR H C;Amundi Funds - Global Aggregate Bond A EUR Hgd (C);Amundi Luxembourg S.A.;Fixed Income;Global Fixed Income;RF Diversificada Global - Cubierto  EUR;FO;EUR;Luxemburgo;2;4;1.12;1;True;False;2013-04-16;;;;;-0.12;0.07;-0.56;0.42;-0.2;-0.21;0.17;3.43;-0.5;0.13;4.55;2.02;4.75;-11.19;-3.11;1.99;7.36;;6;;;;;;10;;91.15;0.88;1.28;1.41;1.11;0.65;0.47;1.36;1;0.8;0.84;;;;;;;;;;;;-0.29208;0.11509;-0.52243;-0.10576;;;;;4;4.3332;4.29567;4.71568;4.90234;-4.11698;-4.11698;-14.58609;-15.81763;1.12;0.8;1;5;0;0.38;;;;0;1;1;0;0;1;0;;0.83;;;71;-11.19;4/4;;;;;Renta Fija;133;120;125;https://bancaonline.bankinter.com/resources/allfundssheets-enmenm/es/?isin=LU0906524193&language=es&currency=EUR&channel=nbol;2026-09-10
LU0613076990;Amundi Fds Glbl Aggt Bd G EUR H C;Amundi Funds - Global Aggregate Bond G EUR Hgd (C);Amundi Luxembourg S.A.;Fixed Income;Global Fixed Income;RF Diversificada Global - Cubierto  EUR;FO;EUR;Luxemburgo;2;4;1.32;;True;False;2011-05-06;;;;;-0.12;0.07;-0.56;0.39;-0.27;-0.32;0.02;3.28;-0.66;-0.03;4.42;1.9;4.55;-11.38;-3.24;1.92;7.15;;6;;;;;;10;;90.86;0.75;1.29;1.25;0.96;0.49;0.3;1.36;1;0.8;0.84;;;;;;;;;;;;-0.32939;0.08016;-0.55715;-0.13949;;;;;4;4.33597;4.28788;4.71541;4.89979;-4.13479;-4.13479;-14.91984;-16.23545;1.32;0.8;1;3;0;0.26;;;;0;1;1;1;0;1;1;;0.79;;;71;-11.38;4/4;;;;;Renta Fija;133;120;125;https://bancaonline.bankinter.com/resources/allfundssheets-enmenm/es/?isin=LU0613076990&language=es&currency=EUR&channel=nbol;2026-09-10
LU0613077295;Amundi Fds Glbl Aggt Bd G EUR H MTD D;Amundi Funds - Global Aggregate Bond G EUR Hgd MTD (D);Amundi Luxembourg S.A.;Fixed Income;Global Fixed Income;RF Diversificada Global - Cubierto  EUR;FO;EUR;Luxemburgo;2;4;1.32;;True;False;2011-06-09;;;;;-0.12;0.08;-0.56;0.4;-0.28;-0.31;0.01;3.28;-0.65;-0.02;4.42;1.9;4.55;-11.39;-3.23;1.92;7.15;;6;;;;;;10;;90.77;0.75;1.3;1.24;0.96;0.49;0.32;1.36;1;0.8;0.84;;;;;;;;;;;;-0.33096;0.07981;-0.55601;-0.13686;;;;;4;4.35266;4.29317;4.71864;4.90077;-4.14264;-4.14264;-14.91688;-16.23905;1.32;0.8;1;3;0;0.26;;;;0;1;1;1;0;1;1;;0.79;;;71;-11.39;4/4;;;;;Renta Fija;133;120;125;https://bancaonline.bankinter.com/resources/allfundssheets-enmenm/es/?isin=LU0613077295&language=es&currency=EUR&channel=nbol;2026-09-10
LU0337577430;Fidelity Global Bond A-Acc-EUR H;Fidelity Funds - Global Bond Fund A-Acc-EUR (hedged);FIL Investment Management (Luxembourg) S.à r.l.;Fixed Income;Global Fixed Income;RF Diversificada Global - Cubierto  EUR;FO;EUR;Luxemburgo;2;2;1.05;;True;False;2008-03-10;;;;;0;0;-0.6;-0.75;-2.38;-2.01;-2.38;1.38;-2.56;-0.47;1.98;0;4.11;-14.59;-2.18;6.62;5.5;;6;;;;;;5;7.9754;98.77;-1.54;0.6;-1.37;-0.85;-0.32;0.12;1.07;1.08;1.08;1.07;;;;;;;;;;;;-1.06685;-0.34046;-0.81116;-0.24915;;;;;4;3.24106;4.47626;5.59906;4.52402;-3.37741;-3.77497;-18.4;-19.26125;1.05;0.75;0;4;0;0.06;0.35;;;3;3;3;3;3;3;2;;0.37;;;57;-14.59;1/4;;;;;Renta Fija;133;120;125;https://bancaonline.bankinter.com/resources/allfundssheets-enmenm/es/?isin=LU0337577430&language=es&currency=EUR&channel=nbol;2026-09-10
LU0430493212;JPM Aggregate Bond A acc EUR Hdg;JPMorgan Funds - Aggregate Bond Fund A (acc) EUR (hedged);JPMorgan Asset Management (Europe) S.à r.l.;Fixed Income;Global Fixed Income;RF Diversificada Global - Cubierto  EUR;FO;EUR;Luxemburgo;2;3;0.9;35000;True;False;2009-11-09;;;;;0;0.12;-0.57;-0.34;-1.36;-1.7;-1.48;2.16;-1.77;-0.44;2.56;1.29;3.28;-12.63;-1.26;5.65;5.49;;6;;;;;;9;9.28299;94.69;-0.09;1.09;-0.06;-0.03;-0.3;-0.06;1.27;1.08;0.9;0.91;;;;;;;;;;;;-0.63402;-0.15364;-0.79088;-0.28315;;;;;3;4.02122;4.54754;4.82117;3.96395;-3.69541;-3.69541;-16.99899;-17.3459;0.9;0.7;0;3;1;0.27;;;;1;3;3;3;2;2;2;;0.58;;;71;-12.63;1/4;;;;;Renta Fija;133;120;125;https://bancaonline.bankinter.com/resources/allfundssheets-enmenm/es/?isin=LU0430493212&language=es&currency=EUR&channel=nbol;2026-09-10
LU0430493725;JPM Aggregate Bond D acc EUR Hdg;JPMorgan Funds - Aggregate Bond Fund D (acc) EUR (hedged);JPMorgan Asset Management (Europe) S.à r.l.;Fixed Income;Global Fixed Income;RF Diversificada Global - Cubierto  EUR;FO;EUR;Luxemburgo;2;2;1.3;5000;True;False;2013-11-19;;;;;-0.05;0.03;-0.71;-0.44;-1.62;-2.04;-1.89;1.74;-2.18;-0.84;2.15;0.91;2.81;-12.9;-1.67;5.24;5.03;;6;;;;;;9;9.28299;94.97;-0.5;1.06;-0.51;-0.45;-0.72;-0.47;1.27;1.08;0.89;0.9;;;;;;;;;;;;-0.74404;-0.24739;-0.88292;-0.3861;;;;;3;4.03711;4.53034;4.79677;3.95169;-3.71182;-3.71182;-17.61296;-18.0299;1.3;0.7;0;3;1;0.27;;;;2;3;3;3;3;2;3;;0.47;;;71;-12.9;0/4;;;;;Renta Fija;133;120;125;https://bancaonline.bankinter.com/resources/allfundssheets-enmenm/es/?isin=LU0430493725&language=es&currency=EUR&channel=nbol;2026-09-10
LU1332517074;JSS Global Opportunities P EURH Acc;JSS Bond - Global Opportunities P EUR acc hedged;J. Safra Sarasin Fund Management (Luxembourg) S.A.;Fixed Income;Global Fixed Income;RF Diversificada Global - Cubierto  EUR;FO;EUR;Luxemburgo;2;2;1.32;0;True;False;2015-12-30;;;;;-0.11;-0.24;-0.86;-1.02;-2.09;-2.03;-2.56;1;-2.74;-1.23;3.42;-2.69;4.18;-13.24;-3.54;4.12;4.24;;;;;;;;;;93.05;-0.88;1.52;-2.11;-1.17;-0.33;-0.61;0.97;1.19;1.11;1.05;;;;;;;;;;;;-1.33908;-0.37798;-0.77018;-0.37857;;;;;4;2.9875;5.0264;6.04406;4.84579;-3.0449;-5.54023;-19.69849;-20.50955;1.32;1.4;0;3;;0.03;;;;2;3;3;3;3;3;3;;0.18;;;57;-13.24;0/4;;;;;Renta Fija;133;120;125;https://bancaonline.bankinter.com/resources/allfundssheets-enmenm/es/?isin=LU1332517074&language=es&currency=EUR&channel=nbol;2026-09-10
IE00B11XZ103;PIMCO GIS Glb Bd E EUR Hedged Acc;PIMCO GIS Global Bond Fund E Class EUR (Hedged) Accumulation;PIMCO Global Advisors (Ireland) Limited;Fixed Income;Global Fixed Income;RF Diversificada Global - Cubierto  EUR;FO;EUR;Irlanda;2;3;1.39;1000;True;False;2006-03-31;;;;;0.09;-0.09;-0.55;-0.81;-2.47;-2.14;-1.23;2.26;-1.84;-0.45;3.56;1.5;4.76;-13.98;-3.16;5.05;4.39;7;6;;;;;;8;8.75;93.16;0.05;1.23;-0.32;0.13;0.03;-0.02;1.37;1.07;0.98;0.96;;;;;;;;;;;;-0.7039;-0.1169;-0.73254;-0.27248;;;;;3;4.2642;4.56279;5.21823;4.20871;-4.1011;-4.1011;-17.60338;-18.87004;1.39;2.5;0;5;0;0.24;;;;2;3;3;3;2;2;2;;0.55;;;71;-13.98;0/4;;;;;Renta Fija;133;120;125;https://bancaonline.bankinter.com/resources/allfundssheets-enmenm/es/?isin=IE00B11XZ103&language=es&currency=EUR&channel=nbol;2026-09-10
IE00BF2FJG67;PIMCO GIS Low Duration Opps E EURH Acc;PIMCO GIS Low Duration Opportunities Fund E Class EUR (Hedged) Accumulation;PIMCO Global Advisors (Ireland) Limited;Fixed Income;Global Fixed Income;RF Diversificada Global - Cubierto  EUR;FO;EUR;Irlanda;2;4;1.2;;True;False;2017-10-20;;;;;-0.1;0.1;-0.19;0.2;0.1;0.39;2.09;4.54;0.55;;5.58;4.99;4.06;-9.96;-1.7;1.42;1.75;3;4;524307.2707;23.6071;12.73;5.28;;11;4.8;69.44;1.01;2.43;1.17;2.02;0.73;;0.57;0.51;0.56;;;;;;;;;;;;;0.0221;0.68487;-0.427;;;;;;2;2.22472;2.52293;3.4447;;-2.13592;-2.13592;-12.42484;;1.2;1.2;0;5;0;0.24;;;;0;0;0;0;0;0;;;2.13;;;71;-9.96;3/4;;;;;Renta Fija;133;120;125;https://bancaonline.bankinter.com/resources/allfundssheets-enmenm/es/?isin=IE00BF2FJG67&language=es&currency=EUR&channel=nbol;2026-09-10
LU2885076518;Robeco Global Bonds DH EUR Acc;Robeco Global Bonds DH EUR Acc;Robeco Institutional Asset Management BV;Fixed Income;Global Fixed Income;RF Diversificada Global - Cubierto  EUR;FO;EUR;Luxemburgo;2;2;1.01;0;True;False;2024-12-13;;;;;0.06;-0.06;-0.7;-1.06;-2.8;-2.4;-2.25;1.37;-2.98;-1.3;3.35;-0.86;2.12;-14.7;-2.82;6.64;4.82;;6;;;;;;8;9.4;93.84;-0.69;1.2;-1.76;-0.74;-1.08;-0.82;1.16;1.09;1;0.98;;;;;;;;;;;;-1.1263;-0.3071;-0.94349;-0.46143;;;;;3;3.58137;4.60429;5.29495;4.2866;-3.53005;-4.33623;-20.25182;-21.8498;1.01;0.8;0;3;0;0.26;;;;2;3;3;3;3;3;3;;0.32;;;57;-14.7;0/4;;;;;Renta Fija;133;120;125;https://bancaonline.bankinter.com/resources/allfundssheets-enmenm/es/?isin=LU2885076518&language=es&currency=EUR&channel=nbol;2026-09-10
LU0706127809;UBS (Lux) BS Glb S/T Flex $ EUR H P-acc;UBS (Lux) Bond SICAV - Global Short Term Flexible (USD) (EUR hedged) P-acc;UBS Asset Management (Europe) S.A.;Fixed Income;Global Fixed Income;RF Diversificada Global - Cubierto  EUR;FO;EUR;Luxemburgo;2;5;0.96;0;True;False;2011-12-01;;;;;0.06;0.13;-0.05;0.77;0.04;0.82;1.52;3.41;0.72;;3.94;2.67;3.27;-5.8;-0.96;1.5;1.69;;4;;;;;;11;2.65911;75.9;0.54;2.32;0.58;0.87;0.2;;0.61;0.51;0.38;;;;;;;;;;;;;-0.24864;0.23379;-0.4841;;;;;;2;2.48189;2.39977;2.70338;;-2.27593;-2.27593;-8.35194;;0.96;0.7;0;2;0;0.07;;;;0;0;0;0;0;0;;;1.5;;;71;-5.8;4/4;;;;;Renta Fija;133;120;125;https://bancaonline.bankinter.com/resources/allfundssheets-enmenm/es/?isin=LU0706127809&language=es&currency=EUR&channel=nbol;2026-09-10
IE00B18GC888;Vanguard Global Bd Idx EUR H Acc;Vanguard Global Bond Index Fund EUR Hedged Acc;Vanguard Group (Ireland) Limited;Fixed Income;Global Fixed Income;RF Diversificada Global - Cubierto  EUR;FO;EUR;Irlanda;2;3;0.15;1000000;True;True;2014-02-27;;;;;0.01;0.09;-0.68;-0.79;-1.75;-1.45;-1.48;2.15;-2.15;-0.57;2.84;0.83;4.69;-15.06;-2.83;4.8;5.28;;6;;;;;;7;8.19267;99.63;-0.26;0.49;-0.34;-0.04;0.06;0;1.06;1.1;1.07;1.06;;;;;;;;;;;;-0.75714;-0.16045;-0.74772;-0.27964;;;;;3;3.1764;4.51443;5.50882;4.42063;-2.88117;-3.65005;-18.62463;-19.68858;0.15;0.15;0;0;0;0.09;;;;2;3;2;2;2;2;2;;0.59;;;71;-15.06;0/4;;;;;Renta Fija;133;120;125;https://bancaonline.bankinter.com/resources/allfundssheets-enmenm/es/?isin=IE00B18GC888&language=es&currency=EUR&channel=nbol;2026-09-10
LU1880401101;Amundi Fds US Bond A EUR C;Amundi Funds - US Bond A EUR (C);Amundi Luxembourg S.A.;Fixed Income;US Fixed Income;RF Diversificada USD;FO;EUR;Luxemburgo;3;2;1.03;0;True;False;2019-06-24;;;;;-0.09;-0.23;-1.09;-1.11;-2.03;0.17;1.15;1.67;-0.09;;-4.97;8.38;1.9;-8.54;6.97;-1.22;;;;;;;;;;;99.37;0.28;0.7;-0.6;0.26;0;;1.03;1.09;1.04;;;;;;;;;;;;;0.03007;-0.10513;-0.29033;;;;;;4;5.56408;6.48447;6.61762;;-4.1066;-10.66572;-13.46283;;1.03;0.75;1;5;0;0.04;;;;2;3;2;2;1;2;;;0.16;;;50;-8.54;1/4;;;;;Renta Fija;133;120;125;https://bancaonline.bankinter.com/resources/allfundssheets-enmenm/es/?isin=LU1880401101&language=es&currency=EUR&channel=nbol;2026-09-10
LU1880401523;Amundi Fds US Bond A USD C;Amundi Funds - US Bond A USD (C);Amundi Luxembourg S.A.;Fixed Income;US Fixed Income;RF Diversificada USD;FO;USD;Luxemburgo;3;3;1.03;0;True;False;2019-06-21;;;;;0.04;-0.09;-0.42;-0.5;-1.58;-0.81;0.24;4.54;-0.45;1.39;7.82;1.61;5.46;-14.16;-0.58;7.68;8.1;;;;;;;;;;99.37;0.29;0.7;-0.6;0.27;0;0.1;1.03;1.1;1.04;1.02;;;;;;;;;;;;-0.77921;-0.03743;-0.63907;-0.16358;;;;;5;3.28235;6.01998;6.56158;5.67253;-2.90041;-5.26866;-18.66694;-18.68156;1.03;0.75;1;5;0;0.04;;;;3;3;2;2;1;2;1;;0.86;;;71;-14.16;2/4;;;;;Renta Fija;133;120;125;https://bancaonline.bankinter.com/resources/allfundssheets-enmenm/es/?isin=LU1880401523&language=es&currency=EUR&channel=nbol;2026-09-10
LU1880402687;Amundi Fds US Bond G USD C;Amundi Funds - US Bond G USD (C);Amundi Luxembourg S.A.;Fixed Income;US Fixed Income;RF Diversificada USD;FO;USD;Luxemburgo;3;2;1.28;;True;False;2019-06-24;;;;;0.04;-0.09;-0.43;-0.54;-1.7;-0.97;-0.04;4.31;-0.68;;7.64;1.36;5.2;-14.37;-0.78;7.5;;;;;;;;;;;99.33;-0.03;0.72;-0.86;0.06;-0.22;;1.03;1.1;1.04;;;;;;;;;;;;;-0.85542;-0.07253;-0.67356;;;;;;4;3.29967;6.03476;6.56645;;-2.96103;-5.35097;-18.98912;;1.28;0.8;1;3;0;0.04;;;;3;3;2;2;2;2;;;0.81;;;67;-14.37;1/4;;;;;Renta Fija;133;120;125;https://bancaonline.bankinter.com/resources/allfundssheets-enmenm/es/?isin=LU1880402687&language=es&currency=EUR&channel=nbol;2026-09-10
LU0261947682;Fidelity US Dollar Bond A-Acc-USD;Fidelity Funds - US Dollar Bond Fund A-Acc-USD;FIL Investment Management (Luxembourg) S.à r.l.;Fixed Income;US Fixed Income;RF Diversificada USD;FO;USD;Luxemburgo;3;3;1.04;2500;True;False;2006-09-25;;;;;0;-0.06;-0.39;-0.77;-2.34;-1.64;-1.32;3.27;-1.06;1.41;6.54;-0.35;5.98;-13.96;-1.41;11.95;9.77;;6;;;;;;6;9.1721;97.67;-1.15;0.92;-1.5;-0.98;-0.67;0.13;1.21;1.04;1.03;1.08;;;;;;;;;;;;-0.97459;-0.25129;-0.74298;-0.17457;;;;;4;3.89902;5.80242;6.52558;5.45894;-3.55601;-5.79706;-18.63519;-19.27084;1.04;0.75;0;4;0;0.03;0.35;;;3;3;3;3;3;3;1;;0.56;;;57;-13.96;1/4;;;;;Renta Fija;133;120;125;https://bancaonline.bankinter.com/resources/allfundssheets-enmenm/es/?isin=LU0261947682&language=es&currency=EUR&channel=nbol;2026-09-10
LU0048622798;Fidelity US Dollar Bond A-Dis-USD;Fidelity Funds - US Dollar Bond Fund A-DIST-USD;FIL Investment Management (Luxembourg) S.à r.l.;Fixed Income;US Fixed Income;RF Diversificada USD;FO;USD;Luxemburgo;3;3;1.04;2500;True;False;1990-11-12;;;;;-0.03;-0.07;-0.42;-0.77;-2.35;-1.65;-1.35;3.26;-1.06;1.41;6.53;-0.34;5.94;-13.94;-1.4;11.93;9.76;;6;;;;;;6;9.1721;97.71;-1.16;0.9;-1.5;-0.98;-0.68;0.13;1.21;1.04;1.02;1.08;;;;;;;;;;;;-0.97723;-0.25147;-0.74532;-0.17486;;;;;4;3.88893;5.78989;6.50758;5.44961;-3.54763;-5.78544;-18.61764;-19.23151;1.04;0.75;0;4;0;0.03;0.35;;;3;3;3;3;3;3;1;;0.56;;;57;-13.94;1/4;;;;;Renta Fija;133;120;125;https://bancaonline.bankinter.com/resources/allfundssheets-enmenm/es/?isin=LU0048622798&language=es&currency=EUR&channel=nbol;2026-09-10
LU0117838648;JPM US Aggregate Bond D acc USD;JPMorgan Funds - US Aggregate Bond Fund D (acc) - USD;JPMorgan Asset Management (Europe) S.à r.l.;Fixed Income;US Fixed Income;RF Diversificada USD;FO;USD;Luxemburgo;2;2;1.35;5000;True;False;2000-10-13;;;;;0.05;0.05;-0.4;-0.6;-1.79;-1.3;-0.6;3.43;-0.98;0.68;6.32;1.13;4.49;-13.15;-2.24;7.03;7.68;;3;;;;;;6;7.1672;96.8;-0.83;0.98;-1.11;-0.82;-1.16;-0.76;1.1;0.96;0.9;0.92;;;;;;;;;;;;-0.9024;-0.23446;-0.84072;-0.36221;;;;;3;3.54618;5.32941;5.78214;4.69967;-3.04819;-5.01277;-17.68932;-18.39348;1.35;0.9;0;3;1;0.04;;;;3;3;3;3;3;3;3;;0.68;;;71;-13.15;0/4;;;;;Renta Fija;133;120;125;https://bancaonline.bankinter.com/resources/allfundssheets-enmenm/es/?isin=LU0117838648&language=es&currency=EUR&channel=nbol;2026-09-10
IE00B11XZ988;PIMCO GIS Ttl Ret Bd E USD Acc;PIMCO GIS Total Return Bond Fund E Class USD Accumulation;PIMCO Global Advisors (Ireland) Limited;Fixed Income;US Fixed Income;RF Diversificada USD;FO;USD;Irlanda;3;2;1.4;1000;True;False;2006-03-31;;;;;0.03;-0.03;-0.28;-0.59;-1.51;-0.45;1.73;4.67;-0.81;1.04;8.33;1.91;5.36;-16.03;-2.12;8.16;8;7;6;;;;;;9;9.55;98.54;0.59;0.8;0.64;0.51;-0.24;-0.28;1.23;1.07;1.06;1.04;;;;;;;;;;;;-0.42601;0.00525;-0.67332;-0.25233;;;;;4;3.98685;5.89641;6.76722;5.32509;-3.49983;-5.16694;-21.13144;-21.57512;1.4;2.5;0;5;0;0.1;;;;2;3;2;1;1;3;2;;0.9;;;71;-16.03;2/4;;;;;Renta Fija;133;120;125;https://bancaonline.bankinter.com/resources/allfundssheets-enmenm/es/?isin=IE00B11XZ988&language=es&currency=EUR&channel=nbol;2026-09-10
LU0106260564;Schroder ISF US Dllr Bd A Acc USD;Schroder International Selection Fund US Dollar Bond A Accumulation USD;Schroder Investment Management (Europe) S.A.;Fixed Income;US Fixed Income;RF Diversificada USD;FO;USD;Luxemburgo;3;3;0.94;1000;True;False;2000-01-17;;;;;0.07;0.15;-0.35;-0.29;-1.1;-0.45;0.96;4.59;-0.98;1.15;8.11;1.54;5.12;-16.22;-1.74;10;8.94;;5;;;;;;12;14.49518;95.64;0.24;1.16;0.56;0.27;-0.71;-0.19;1.15;1;1;1;;;;;;;;;;;;-0.42822;-0.03211;-0.74274;-0.22966;;;;;4;3.78056;5.59491;6.43481;5.22624;-2.91397;-5.07966;-21.21405;-21.45205;0.94;0.75;0;3;0;0.32;0.5;;;2;2;2;1;1;3;2;;0.9;;;71;-16.22;2/4;;;;;Renta Fija;133;120;125;https://bancaonline.bankinter.com/resources/allfundssheets-enmenm/es/?isin=LU0106260564&language=es&currency=EUR&channel=nbol;2026-09-10
LU1164219682;AXAWF Euro Credit Total Ret A Cap EUR;AXA World Funds - Euro Credit Total Return A Capitalisation EUR;BNP PARIBAS ASSET MANAGEMENT Europe;Fixed Income;Europe Fixed Income;RF Flexible EUR;FO;EUR;Luxemburgo;2;5;1.16;0;True;False;2015-04-10;;;;;0.03;-0.13;-1.13;-0.7;-0.67;-0.28;0.09;5.79;3.69;3.69;3.77;8.54;11.42;-4.15;1.42;7.08;10.6;;;;;;;;12;5.90113;82.42;1.79;1.93;0.62;3.2;5.04;3.88;0.89;0.73;0.75;0.71;;;;;;;;;;;;-0.32379;0.82345;0.29633;0.5125;;;;;4;3.6708;3.66393;6.83689;6.18829;-2.8942;-2.8942;-13.39235;-13.39235;1.16;0.95;0;3;0;0.08;0.03;;;3;2;2;2;0;0;0;;2.0;;;86;-4.15;3/4;;;;;Renta Fija;133;120;125;https://bancaonline.bankinter.com/resources/allfundssheets-enmenm/es/?isin=LU1164219682&language=es&currency=EUR&channel=nbol;2026-09-10
LU1164219922;AXAWF Euro Credit Total Ret A Dis EUR;AXA World Funds - Euro Credit Total Return A Distribution EUR;BNP PARIBAS ASSET MANAGEMENT Europe;Fixed Income;Europe Fixed Income;RF Flexible EUR;FO;EUR;Luxemburgo;2;5;1.16;0;True;False;2017-08-28;;;;;0.03;-0.13;-1.13;-0.71;-0.66;-0.28;0.09;5.79;3.69;;3.78;8.54;11.41;-4.15;1.42;7.09;10.6;;;;;;;;12;5.90113;82.44;1.78;1.93;0.61;3.2;5.04;;0.89;0.73;0.75;;;;;;;;;;;;;-0.32596;0.82379;0.29623;;;;;;5;3.66268;3.66031;6.83563;;-2.89774;-2.89774;-13.39422;;1.16;0.95;0;3;0;0.08;0.03;;;3;2;2;2;0;0;;;2.0;;;86;-4.15;2/4;;;;;Renta Fija;133;120;125;https://bancaonline.bankinter.com/resources/allfundssheets-enmenm/es/?isin=LU1164219922&language=es&currency=EUR&channel=nbol;2026-09-10
LU2002383896;Allianz Credit Opp Plus AT EUR;Allianz Global Investors Fund - Allianz Credit Opportunities Plus AT EUR;Allianz Global Investors GmbH;Fixed Income;Europe Fixed Income;RF Flexible EUR;FO;EUR;Luxemburgo;2;4;1.34;0;True;False;2019-06-13;;;;;-0.04;-0.15;-0.22;-0.25;-1.55;-1.17;-0.68;5.94;2.04;;4.25;9.73;7.12;-8.23;0.29;2.56;;;4;;;;;;13;2.32885;37.69;1.04;3.53;-1.33;3.28;1.83;;0.5;0.37;0.41;;;;;;;;;;;;;-0.9921;1.18225;0.04677;;;;;;3;2.35812;2.77599;3.81561;;-2.17647;-2.49738;-10.93322;;1.34;2;0;3;0;0.66;;;;1;3;3;3;0;1;;;2.38;;;83;-8.23;2/4;;;;;Renta Fija;133;120;125;https://bancaonline.bankinter.com/resources/allfundssheets-enmenm/es/?isin=LU2002383896&language=es&currency=EUR&channel=nbol;2026-09-10
LU1483615412;Assenagon Credit Selection ESG P2;Assenagon Credit Selection ESG (P2);Assenagon Asset Management SA;Fixed Income;Europe Fixed Income;RF Flexible EUR;FO;EUR;Luxemburgo;3;4;1.63;0;True;False;2023-12-19;;;;;-0.07;-0.24;-0.73;-0.36;-0.73;-0.6;0.2;4.95;2.23;1.84;3.67;5.88;10.25;-6.61;1.05;-0.57;7.18;;5;;;;;;11;6.6164;72.5;1.18;2.38;0.46;2.55;2.16;1.75;0.81;0.65;0.42;0.46;;;;;;;;;;;;-0.35218;0.68386;0.08388;0.22357;;;;;4;3.33775;3.48639;5.53346;5.74371;-2.96073;-2.96073;-13.6232;-16.54568;1.63;1.4;1;3;0;0.33;0.1;;;2;2;3;2;0;0;1;;1.67;;;71;-6.61;3/4;;;;;Renta Fija;133;120;125;https://bancaonline.bankinter.com/resources/allfundssheets-enmenm/es/?isin=LU1483615412&language=es&currency=EUR&channel=nbol;2026-09-10
ES0158989006;Bankinter Flexible Bond B FI;Bankinter Flexible Bond B FI;Bankinter Gestión de Activos SGIIC;Fixed Income;Europe Fixed Income;RF Flexible EUR;FO;EUR;España;2;3;0.77;500000;True;False;2021-05-21;;;;;0.04;-0.2;-0.61;-0.32;-0.54;0.12;0.99;4.39;1.06;;3.88;5.31;6.63;-8.94;;;;;;;;;;;;;77.58;0.73;2.79;0.4;1.71;1.2;;0.62;0.42;0.5;;;;;;;;;;;;;-0.33624;0.73757;-0.22943;;;;;;3;2.53961;2.18564;3.83706;;-1.97195;-1.97195;-12.45051;;0.77;0.65;0;0;0;0.04;0.1;;;2;2;2;2;1;2;;;2.23;;;75;-8.94;1/4;;;;;Renta Fija;133;120;125;https://bancaonline.bankinter.com/resources/allfundssheets-enmenm/es/?isin=ES0158989006&language=es&currency=EUR&channel=nbol;2026-09-10
ES0158989022;Bankinter Flexible Bond R FI;Bankinter Flexible Bond R FI;Bankinter Gestión de Activos SGIIC;Fixed Income;Europe Fixed Income;RF Flexible EUR;FO;EUR;España;2;3;0.92;10;True;False;2021-05-21;;;;;0.04;-0.2;-0.62;-0.36;-0.62;0.02;0.84;4.23;0.9;;3.73;5.15;6.47;-9.08;;;;;;;;;;;;;77.6;0.67;2.78;0.25;1.56;1.05;;0.62;0.42;0.5;;;;;;;;;;;;;-0.39523;0.66674;-0.27041;;;;;;3;2.54007;2.18597;3.83664;;-1.98481;-1.98481;-12.5943;;0.92;0.8;0;0;0;0.04;0.1;;;2;2;2;2;1;2;;;2.13;;;75;-9.08;0/4;;;;;Renta Fija;133;120;125;https://bancaonline.bankinter.com/resources/allfundssheets-enmenm/es/?isin=ES0158989022&language=es&currency=EUR&channel=nbol;2026-09-10
ES0158992000;Bankinter Premium RF Largo Plazo B FI;Bankinter Premium Renta Fija Largo Plazo B FI;Bankinter Gestión de Activos SGIIC;Fixed Income;Europe Fixed Income;RF Flexible EUR;FO;EUR;España;3;;0.62;500000;True;False;2024-10-25;;;;;-0.25;-0.3;-1.29;-1.09;-1.52;-1.7;-1.6;;;;2.13;;;;;;;;;;;;;;;;;;;-0.87;;;;0.99;;;;;;;;;;;;;;;-0.73447;;;;;;;;;3.9065;;;;-3.46341;;;;0.62;0.5;0;0;0;0.08;0.1;;;3;3;3;3;;;;;;;;100;2.13;0/4;;;;;Renta Fija;133;120;125;https://bancaonline.bankinter.com/resources/allfundssheets-enmenm/es/?isin=ES0158992000&language=es&currency=EUR&channel=nbol;2026-09-10
ES0158992026;Bankinter Premium RF Largo Plazo R FI;Bankinter Premium Renta Fija Largo Plazo R FI;Bankinter Gestión de Activos SGIIC;Fixed Income;Europe Fixed Income;RF Flexible EUR;FO;EUR;España;3;;0.91;10000;True;False;2024-10-25;;;;;-0.25;-0.3;-1.32;-1.16;-1.67;-1.9;-1.89;;;;1.82;;;;;;;;;;;;;;;;;;;-1.18;;;;0.99;;;;;;;;;;;;;;;-0.81109;;;;;;;;;3.90748;;;;-3.4856;;;;0.91;0.8;0;;;0.08;0.1;;;3;3;3;3;;;;;;;;100;1.82;0/4;;;;;Renta Fija;133;120;125;https://bancaonline.bankinter.com/resources/allfundssheets-enmenm/es/?isin=ES0158992026&language=es&currency=EUR&channel=nbol;2026-09-10
ES0158979007;Bankinter Premium Renta Fija B FI;Bankinter Premium Renta Fija FI;Bankinter Gestión de Activos SGIIC;Fixed Income;Europe Fixed Income;RF Flexible EUR;FO;EUR;España;2;;0.61;500000;True;False;2023-10-20;;;;;-0.07;-0.07;-0.25;0.11;0.25;0.24;0.64;;;;2.35;4.02;;;;;;;;;;;;;;;;;;-0.44;;;;0.34;;;;;;;;;;;;;;;-0.78861;;;;;;;;;1.42872;;;;-1.23994;;;;0.61;0.55;0;0;0;0.05;0.05;;;1;1;2;2;;;;;;;;100;2.35;0/4;;;;;Renta Fija;133;120;125;https://bancaonline.bankinter.com/resources/allfundssheets-enmenm/es/?isin=ES0158979007&language=es&currency=EUR&channel=nbol;2026-09-10
ES0158979015;Bankinter Premium Renta Fija R FI;Bankinter Premium Renta Fija R FI;Bankinter Gestión de Activos SGIIC;Fixed Income;Europe Fixed Income;RF Flexible EUR;FO;EUR;España;2;;0.91;10000;True;False;2023-10-20;;;;;-0.07;-0.08;-0.27;0.03;0.09;0.04;0.34;;;;2.04;3.71;;;;;;;;;;;;;;;;;;-0.74;;;;0.34;;;;;;;;;;;;;;;-0.99744;;;;;;;;;1.43001;;;;-1.26267;;;;0.91;0.85;0;0;0;0.05;0.05;;;1;1;2;2;;;;;;;;100;2.04;0/4;;;;;Renta Fija;133;120;125;https://bancaonline.bankinter.com/resources/allfundssheets-enmenm/es/?isin=ES0158979015&language=es&currency=EUR&channel=nbol;2026-09-10
LU2278574988;Buy & Hold Luxembourg B&H Bond Class 2;Buy & Hold Luxembourg B&H Bond Class 2;Buy & Hold Capital SGIIC;Fixed Income;Europe Fixed Income;RF Flexible EUR;FO;EUR;Luxemburgo;2;4;1.41;1;True;False;2021-04-15;;;;;-0.03;-0.18;-0.43;0.13;0.72;1.19;2.06;5.84;2.38;;3.48;7.52;11.03;-9.25;;;;;;;;;;;;;71.5;1.37;2.54;1.68;3.14;2.41;;0.67;0.55;0.47;;;;;;;;;;;;;0.10741;1.01909;0.11718;;;;;;3;2.9555;2.97046;4.63126;;-2.48236;-2.48236;-13.14295;;1.41;1.25;1;0;;0.64;0.05;;;0;1;0;0;0;0;;;2.35;;;75;-9.25;3/4;;;;;Renta Fija;133;120;125;https://bancaonline.bankinter.com/resources/allfundssheets-enmenm/es/?isin=LU2278574988&language=es&currency=EUR&channel=nbol;2026-09-10
LU2842969151;Buy & Hold Luxembourg B&H Debt 2 EUR Acc;Buy & Hold Luxembourg B&H Debt 2 EUR Acc;Buy & Hold Capital SGIIC;Fixed Income;Europe Fixed Income;RF Flexible EUR;FO;EUR;Luxemburgo;2;4;1.04;;True;False;2024-12-02;;;;;-0.03;-0.11;-0.17;0.16;0.25;0.45;1.04;3.66;2.24;;2.81;4.89;6.16;-2.96;4.25;;;;;;;;;;;;75.11;0.39;3.35;0.1;0.95;1.4;;0.39;0.27;0.27;;;;;;;;;;;;;-0.41637;0.62487;0.13601;;;;;;2;1.66069;1.44652;2.41164;;-1.33347;-1.33347;-5.17697;;1.04;0.89;0;;;0.27;;;;1;1;1;1;2;0;;;2.74;;;80;-2.96;2/4;;;;;Renta Fija;133;120;125;https://bancaonline.bankinter.com/resources/allfundssheets-enmenm/es/?isin=LU2842969151&language=es&currency=EUR&channel=nbol;2026-09-10
LU0096353940;CT (Lux) European Strat Bd AE;CT (Lux) - European Strategic Bond Class AE (EUR Accumulation Shares);Threadneedle Management Luxembourg S.A.;Fixed Income;Europe Fixed Income;RF Flexible EUR;FO;EUR;Luxemburgo;2;3;1.1;2500;True;False;1999-04-02;;;;;-0.13;-0.35;-0.9;-0.82;-1.1;-0.75;-0.76;3.86;0.1;1.13;3.07;4.35;6.72;-10.9;-0.63;5.38;6.73;;5;;;;;;13;;81.06;0.69;2.17;-0.56;1.27;0.73;1.17;0.81;0.62;0.6;0.62;;;;;;;;;;;;-0.64459;0.34917;-0.37044;0.12004;;;;;3;3.42146;3.11063;4.71375;4.41127;-2.8332;-2.8332;-15.32427;-15.32427;1.1;0.9;0;3;0;0.02;;;;3;3;3;3;2;2;2;;1.36;;;71;-10.9;0/4;;;;;Renta Fija;133;120;125;https://bancaonline.bankinter.com/resources/allfundssheets-enmenm/es/?isin=LU0096353940&language=es&currency=EUR&channel=nbol;2026-09-10
LU0252128276;Candriam Bds Total Ret C EUR Cap;Candriam Bonds Total Return Class C EUR Cap;Candriam;Fixed Income;Europe Fixed Income;RF Flexible EUR;FO;EUR;Luxemburgo;2;2;1.14;0;True;False;2006-05-16;;;;;-0.13;0.06;-0.59;0.27;0.73;0.71;1.14;3.01;1.11;0.43;3.59;0.1;5.05;-3.44;-0.57;1.6;1.41;;;;;;;;11;;54.3;0.15;3.03;-0.59;0.24;0.58;0;0.06;0.5;0.34;0.3;;;;;;;;;;;;-0.59448;0.02432;-0.25733;-0.11522;;;;;2;1.16583;3.05189;3.12661;2.70849;-0.90693;-1.97399;-6.00436;-7.08353;1.14;0.9;0;3;0;0.32;0.02;;;2;0;1;1;3;1;3;;1.52;;;71;-3.44;1/4;;;;;Renta Fija;133;120;125;https://bancaonline.bankinter.com/resources/allfundssheets-enmenm/es/?isin=LU0252128276&language=es&currency=EUR&channel=nbol;2026-09-10
LU1623762843;Carmignac Pf Credit A EUR Acc;Carmignac Pf Credit A EUR Acc;Carmignac Gestion Luxembourg S.A.;Fixed Income;Europe Fixed Income;RF Flexible EUR;FO;EUR;Luxemburgo;2;4;1.2;0;True;False;2017-07-31;;;;;-0.11;-0.23;-0.85;-0.39;-0.23;0.2;1.61;7;2.05;;6.67;8.21;10.58;-13.01;2.96;10.39;20.93;7;5;1712.93207;;2.74;0.52;;12;5.41642;50.47;1.49;3.15;1.37;4.28;2.26;;0.74;0.51;0.49;;;;;;;;;;;;;-0.0414;1.28113;0.05127;;;;;;4;3.2307;3.27845;5.43943;;-2.60905;-2.9323;-17.48326;;1.2;1;1;2;0;0.13;;;;2;2;2;1;0;0;;;2.39;;;86;-13.01;3/4;;;;;Renta Fija;133;120;125;https://bancaonline.bankinter.com/resources/allfundssheets-enmenm/es/?isin=LU1623762843&language=es&currency=EUR&channel=nbol;2026-09-10
LU0336084032;Carmignac Pf Flexible Bond A EUR Acc;Carmignac Pf Flexible Bond A EUR Acc;Carmignac Gestion Luxembourg S.A.;Fixed Income;Europe Fixed Income;RF Flexible EUR;FO;EUR;Luxemburgo;2;3;1.23;0;True;False;2007-12-14;;;;;-0.13;0.17;0.08;0.41;1.2;2.18;2.38;5.39;1.34;;4.32;5.42;4.67;-8.02;0.01;9.24;;;4;1189.21453;;;0.83;;12;3.93409;24.49;0.68;3.95;-0.34;2.32;1.19;;-0.09;0.32;0.43;;;;;;;;;;;;;-0.08744;0.76104;-0.11282;;;;;;3;1.78802;2.96098;5.03653;;-1.05354;-3.18733;-14.05239;;1.23;1;1;1;0;0.15;;;;1;0;0;1;0;1;;;1.69;;;83;-8.02;4/4;;;;;Renta Fija;133;120;125;https://bancaonline.bankinter.com/resources/allfundssheets-enmenm/es/?isin=LU0336084032&language=es&currency=EUR&channel=nbol;2026-09-10
LU0992631050;Carmignac Pf Flexible Bond A EUR Ydis;Carmignac Pf Flexible Bond A EUR Ydis;Carmignac Gestion Luxembourg S.A.;Fixed Income;Europe Fixed Income;RF Flexible EUR;FO;EUR;Luxemburgo;2;3;1.23;0;True;False;2013-11-15;;;;;-0.13;0.17;0.07;0.42;1.21;2.19;2.4;5.36;1.43;;4.23;5.39;5.24;-8.02;0.01;9.24;;;4;1189.21453;;;0.83;;12;3.93409;23.92;0.67;3.97;-0.31;2.29;1.28;;-0.09;0.32;0.43;;;;;;;;;;;;;-0.07789;0.7474;-0.09421;;;;;;3;1.78171;2.97175;5.04211;;-1.05372;-3.18818;-14.05371;;1.23;1;1;1;0;0.15;;;;1;0;0;1;1;1;;;1.68;;;83;-8.02;4/4;;;;;Renta Fija;133;120;125;https://bancaonline.bankinter.com/resources/allfundssheets-enmenm/es/?isin=LU0992631050&language=es&currency=EUR&channel=nbol;2026-09-10
LU0546216986;DIP - Paradigma Flexible Bd A EUR;DIP - Paradigma Flexible Bonds A EUR;A&G Fondos SGIIC;Fixed Income;Europe Fixed Income;RF Flexible EUR;FO;EUR;Luxemburgo;2;3;1.16;0;True;False;2010-11-02;;;;;-0.12;-0.23;-0.63;-0.17;0.04;0.38;0.91;3.63;1.2;;2.54;3.65;7.16;-6.6;-0.28;1.93;6.13;;;;;;;;;;87.1;0.51;2.39;0.33;0.95;1.14;;0.5;0.5;0.45;;;;;;;;;;;;;-0.33038;0.32668;-0.21946;;;;;;2;2.04113;2.44379;3.26442;;-1.61136;-1.61136;-9.53724;;1.16;0.9;1;5;0;0.02;0.06;;;1;1;1;1;2;1;;;2.25;;;71;-6.6;2/4;;;;;Renta Fija;133;120;125;https://bancaonline.bankinter.com/resources/allfundssheets-enmenm/es/?isin=LU0546216986&language=es&currency=EUR&channel=nbol;2026-09-10
LU0284393930;DNCA Invest Credit Conviction A EUR;DNCA Invest Credit Conviction Class A shares EUR;DNCA Finance;Fixed Income;Europe Fixed Income;RF Flexible EUR;FO;EUR;Luxemburgo;2;4;1.09;2500;True;False;2008-04-14;;;;;-0.2;-0.36;-1.37;-0.49;-0.65;-0.01;0.88;5.48;2.05;1.63;4.61;8.4;6.49;-8.08;0.98;-0.12;4.81;;;;;;;;;;65.53;1.13;2.89;0.97;2.91;2.34;1.59;0.68;0.44;0.52;0.54;;;;;;;;;;;;-0.14499;1.14813;0.05195;0.23551;;;;;3;2.79621;2.48628;4.56574;4.44052;-2.0778;-2.14877;-12.11286;-12.11286;1.09;1;1;2;0;0.17;0.08;;;2;2;2;1;0;0;1;;2.55;;;71;-8.08;3/4;;;;;Renta Fija;133;120;125;https://bancaonline.bankinter.com/resources/allfundssheets-enmenm/es/?isin=LU0284393930&language=es&currency=EUR&channel=nbol;2026-09-10
FR0013460920;EdR SICAV Short Duration Credit A EUR;EdR SICAV - Short Duration Credit A EUR;Edmond de Rothschild Asset Management (France);Fixed Income;Europe Fixed Income;RF Flexible EUR;FO;EUR;Francia;2;4;0.86;1;True;False;2020-01-20;;;;;-0.05;-0.16;-0.18;0.46;1.07;1.04;1.93;4.75;2.21;;4.37;5.51;5.99;-5.37;1.17;;;;;;;;;;;;57.86;0.73;3.3;1.14;2.02;1.81;;0.44;0.31;0.38;;;;;;;;;;;;;0.10705;1.05427;0.10295;;;;;;2;2.16947;1.86062;2.93706;;-1.67379;-1.67379;-7.40849;;0.86;0.7;1;1;0;0.27;;;;0;0;0;0;1;0;;;2.84;;;80;-5.37;3/4;;;;;Renta Fija;133;120;125;https://bancaonline.bankinter.com/resources/allfundssheets-enmenm/es/?isin=FR0013460920&language=es&currency=EUR&channel=nbol;2026-09-10
FR0013460961;EdR SICAV Short Duration Credit B EUR;EdR SICAV - Short Duration Credit B EUR;Edmond de Rothschild Asset Management (France);Fixed Income;Europe Fixed Income;RF Flexible EUR;FO;EUR;Francia;2;4;0.86;1;True;False;2020-10-30;;;;;-0.06;-0.16;-0.18;0.45;1.06;1.03;1.93;4.75;2.21;;4.36;5.5;6;-5.37;1.17;;;;;;;;;;;;58.3;0.73;3.3;1.13;2.02;1.81;;0.44;0.31;0.38;;;;;;;;;;;;;0.10391;1.05217;0.10201;;;;;;2;2.17266;1.86329;2.93568;;-1.68372;-1.68372;-7.40715;;0.86;0.85;1;1;0;0.27;;;;0;0;0;0;1;0;;;2.82;;;80;-5.37;3/4;;;;;Renta Fija;133;120;125;https://bancaonline.bankinter.com/resources/allfundssheets-enmenm/es/?isin=FR0013460961&language=es&currency=EUR&channel=nbol;2026-09-10
LU1161527038;EdRF Bond Allocation A EUR Acc;Edmond de Rothschild Fund - Bond Allocation A EUR Acc;Edmond de Rothschild Asset Management (France);Fixed Income;Europe Fixed Income;RF Flexible EUR;FO;EUR;Luxemburgo;2;3;1.2;0;True;False;2004-12-30;;;;;-0.08;-0.3;-0.92;-0.81;-0.87;-0.59;0.2;4.45;0.22;1.01;2.88;3.05;6.31;-8.98;-0.1;5.73;2.61;7;;;;;;;;;88.1;1.02;1.76;1.13;1.79;1.34;1.14;1.04;1.06;0.71;0.68;;;;;;;;;;;;-0.22515;0.2872;-0.29057;0.09142;;;;;4;4.31154;5.07306;5.45083;4.83184;-3.44943;-3.44943;-13.96517;-13.96515;1.2;0.8;1;1;0;0.62;;;;3;3;3;2;1;2;2;;1.29;;;71;-8.98;1/4;;;;;Renta Fija;133;120;125;https://bancaonline.bankinter.com/resources/allfundssheets-enmenm/es/?isin=LU1161527038&language=es&currency=EUR&channel=nbol;2026-09-10
LU1161526907;EdRF Bond Allocation B EUR Inc;Edmond de Rothschild Fund - Bond Allocation B EUR Inc;Edmond de Rothschild Asset Management (France);Fixed Income;Europe Fixed Income;RF Flexible EUR;FO;EUR;Luxemburgo;2;3;1.2;0;True;False;2004-12-30;;;;;-0.09;-0.29;-0.92;-0.82;-0.87;-0.59;0.2;4.45;0.23;1.02;2.9;3.05;6.32;-8.98;-0.08;5.45;2.94;7;;;;;;;;;88.08;1.03;1.76;1.13;1.79;1.34;1.15;1.03;1.06;0.71;0.68;;;;;;;;;;;;-0.22579;0.28817;-0.28983;0.09292;;;;;4;4.30788;5.06292;5.44503;4.86901;-3.44508;-3.44508;-13.94905;-13.94903;1.2;0.8;1;3;0;0.62;;;;3;3;3;2;1;2;2;;1.29;;;71;-8.98;1/4;;;;;Renta Fija;133;120;125;https://bancaonline.bankinter.com/resources/allfundssheets-enmenm/es/?isin=LU1161526907&language=es&currency=EUR&channel=nbol;2026-09-10
FI0008811989;Evli Nordic Corporate Bond A;Evli Nordic Corporate Bond A;Evli-Rahastoyhtiö Oy;Fixed Income;Europe Fixed Income;RF Flexible EUR;FO;EUR;Finlandia;2;4;0.75;5000;True;False;2007-04-16;;;;;-0.06;-0.1;-0.14;0.48;1.03;1.57;2.56;5.49;2.13;2.1;4.29;6.72;8.59;-8.94;1.53;0.15;3.39;;;;;;;;14;;69.96;0.99;3.15;1.82;2.73;1.74;1.89;0.49;0.33;0.38;0.44;;;;;;;;;;;;0.39181;1.49161;0.06541;0.39469;;;;;2;2.07963;1.81726;3.30972;3.7121;-1.57106;-1.57106;-11.62336;-11.62336;0.75;0.75;0;0;0;0.01;;;;0;0;0;0;0;0;0;;3.49;;;86;-8.94;4/4;;;;;Renta Fija;133;120;125;https://bancaonline.bankinter.com/resources/allfundssheets-enmenm/es/?isin=FI0008811989&language=es&currency=EUR&channel=nbol;2026-09-10
FI0008811997;Evli Nordic Corporate Bond B;Evli Nordic Corporate Bond B;Evli-Rahastoyhtiö Oy;Fixed Income;Europe Fixed Income;RF Flexible EUR;FO;EUR;Finlandia;2;4;0.75;1000;True;False;2007-04-16;;;;;-0.06;-0.1;-0.14;0.48;1.03;1.57;2.56;5.49;2.13;2.1;4.29;6.72;8.59;-8.94;1.53;0.15;3.39;;;;;;;;14;;69.96;0.99;3.15;1.82;2.73;1.74;1.89;0.49;0.33;0.38;0.44;;;;;;;;;;;;0.39223;1.49173;0.06537;0.39474;;;;;2;2.0793;1.81723;3.30957;3.71185;-1.57073;-1.57073;-11.62397;-11.62397;0.75;0.75;0;0;0;0.01;;;;0;0;0;0;0;0;0;;3.5;;;86;-8.94;4/4;;;;;Renta Fija;133;120;125;https://bancaonline.bankinter.com/resources/allfundssheets-enmenm/es/?isin=FI0008811997&language=es&currency=EUR&channel=nbol;2026-09-10
LU0571102010;Groupama Alpha Fixed Income NC;Groupama Alpha Fixed Income NC;Groupama Asset Management;Fixed Income;Europe Fixed Income;RF Flexible EUR;FO;EUR;Luxemburgo;2;3;0.89;0;True;False;2010-12-15;;;;;-0.03;0.01;0.04;0.4;0.83;1.32;1.84;3.17;2.24;1.05;2.45;4.44;3.67;-0.24;-0.19;0.28;1.86;;;;;;;;12;;0.14;0.18;4.51;0.07;0.39;0.26;0.34;0.09;0;0;0.02;;;;;;;;;;;;-0.2328;0.90946;0.67625;0.42735;;;;;1;0.49307;0.54559;0.64545;0.89131;-0.25586;-0.25586;-0.88802;-3.22835;0.89;1;1;2;0;0.94;;;;0;0;0;1;2;0;2;;12.39;;;71;-0.24;2/4;;;;;Renta Fija;133;120;125;https://bancaonline.bankinter.com/resources/allfundssheets-enmenm/es/?isin=LU0571102010&language=es&currency=EUR&channel=nbol;2026-09-10
LU1891750868;Groupama Alpha Fixed Income Plus NC;Groupama Alpha Fixed Income Plus NC;Groupama Asset Management;Fixed Income;Europe Fixed Income;RF Flexible EUR;FO;EUR;Luxemburgo;2;3;1.36;0;True;False;2021-12-27;;;;;-0.03;-0.01;-0.04;0.26;0.69;1.19;1.7;3.63;;;2.67;5.46;5.2;0.01;;;;;;;;;;;12;;2.23;0.3;4.42;0.12;0.87;;;0.16;0.02;;;;;;;;;;;;;;-0.23435;1.28309;;;;;;;1;0.84226;0.79418;;;-0.68073;-0.68073;;;1.36;1.4;1;2;0;1.96;;;;0;0;0;1;2;;;;5.33;;;100;0.01;1/4;;;;;Renta Fija;133;120;125;https://bancaonline.bankinter.com/resources/allfundssheets-enmenm/es/?isin=LU1891750868&language=es&currency=EUR&channel=nbol;2026-09-10
FR0010230490;Lazard Credit Opportunities RC EUR;Lazard Credit Opportunities RC EUR;Lazard Frères Gestion;Fixed Income;Europe Fixed Income;RF Flexible EUR;FO;EUR;Francia;3;4;1.68;1;True;False;2005-10-28;;;;;-0.22;-0.51;-1.78;-1.47;-2.4;-2.12;0.62;4.02;2.42;3.35;5.88;5.02;-1.27;4.72;2.06;12.65;8.26;;7;;;;;;13;3.49963;65.67;0.53;2.97;2.41;1.53;1.08;2.92;1.25;0.91;0.07;0.13;;;;;;;;;;;;-0.02232;0.24657;0.13747;0.49055;;;;;4;5.50653;5.03074;5.75581;5.63384;-5.10462;-5.10462;-11.19447;-11.40865;1.68;1.75;0;4;0;0.27;;;;3;3;3;1;1;0;0;;0.79;;;86;-1.27;2/4;;;;;Renta Fija;133;120;125;https://bancaonline.bankinter.com/resources/allfundssheets-enmenm/es/?isin=FR0010230490&language=es&currency=EUR&channel=nbol;2026-09-10
LU1109965605;MS INVF European Fixed Inc Opps A;Morgan Stanley Investment Funds - European Fixed Income Opportunities Fund A;MSIM Fund Management (Ireland) Limited;Fixed Income;Europe Fixed Income;RF Flexible EUR;FO;EUR;Luxemburgo;2;3;1.26;0;True;False;2014-09-30;;;;;0.04;0;-0.71;-0.14;-0.07;-0.07;0.79;4.09;0.69;;3.9;4.71;5.46;-8.46;-1.52;2.47;;;5;;;;;;11;5.06849;72.7;0.62;2.77;0.6;1.42;0.67;;0.72;0.44;0.46;;;;;;;;;;;;;-0.27942;0.54665;-0.35113;;;;;;2;3.05982;2.37001;3.60283;;-2.51416;-2.51416;-12.0415;;1.26;1;0;3;0;0.11;;;;2;2;2;2;1;2;;;1.63;;;67;-8.46;0/4;;;;;Renta Fija;133;120;125;https://bancaonline.bankinter.com/resources/allfundssheets-enmenm/es/?isin=LU1109965605&language=es&currency=EUR&channel=nbol;2026-09-10
LU1135359625;MS INVF European Fixed Inc Opps AR;Morgan Stanley Investment Funds - European Fixed Income Opportunities Fund AR;MSIM Fund Management (Ireland) Limited;Fixed Income;Europe Fixed Income;RF Flexible EUR;FO;EUR;Luxemburgo;2;3;1.26;0;True;False;2014-11-07;;;;;0;0;-0.7;-0.15;-0.12;-0.09;0.79;4.07;0.7;;3.92;4.69;5.49;-8.5;-1.49;2.49;;;5;;;;;;11;5.06849;73.19;0.62;2.77;0.55;1.41;0.65;;0.7;0.44;0.46;;;;;;;;;;;;;-0.28957;0.54897;-0.35491;;;;;;2;2.99049;2.35341;3.59387;;-2.53534;-2.53534;-12.02626;;1.26;1;0;3;0;0.11;;;;2;2;2;2;1;2;;;1.61;;;67;-8.5;0/4;;;;;Renta Fija;133;120;125;https://bancaonline.bankinter.com/resources/allfundssheets-enmenm/es/?isin=LU1135359625&language=es&currency=EUR&channel=nbol;2026-09-10
LU2222028099;Merchbanc FCP Renta Fija Flex A;Merchbanc FCP Renta Fija Flex A;Andbank Asset Management Luxembourg;Fixed Income;Europe Fixed Income;RF Flexible EUR;FO;EUR;Luxemburgo;2;4;1.19;0;True;False;2020-11-19;;;;;-0.14;-0.3;-1.14;-0.61;-0.17;0.18;1.02;5.41;2.88;2.16;3.76;7.26;9.11;-4.55;1.43;-2.51;6.12;;;;;;;;;;79.81;1.45;2.1;1.47;2.8;2.77;2.09;0.9;0.68;0.43;0.51;;;;;;;;;;;;-0.09656;0.76385;0.27134;0.34345;;;;;3;3.7549;3.42826;3.88862;4.59921;-2.94524;-3.34869;-8.82003;-12.37977;1.19;0.25;0;0;0;0.15;;;;2;2;1;1;0;0;0;;1.62;;;71;-4.55;3/4;;;;;Renta Fija;133;120;125;https://bancaonline.bankinter.com/resources/allfundssheets-enmenm/es/?isin=LU2222028099&language=es&currency=EUR&channel=nbol;2026-09-10
LU3105996899;Mutuactivos Mutuafondo Flex Bds A EUR C;Mutuactivos International SICAV - Mutuafondo Flexible Bonds A EUR Capitalisation;Mutuactivos S.A.U., S.G.I.I.C.;Fixed Income;Europe Fixed Income;RF Flexible EUR;FO;EUR;Luxemburgo;2;4;;;True;False;2026-01-20;;;;;-0.09;-0.19;-0.75;-0.25;-0.2;-0.24;0.51;5.39;1.93;2.03;4.08;8.1;7.58;-8.63;1.64;5.2;3.49;;;;;;;;;;78.92;1.31;2.28;0.11;2.7;2.46;1.97;0.61;0.59;0.58;0.57;;;;;;;;;;;;-0.43601;0.84035;0.02193;0.3444;;;;;3;2.57203;3.0467;4.55239;4.07834;-2.13234;-2.13234;-13.02602;-13.02602;;0.93;;;;;;;;2;2;2;2;0;1;0;;2.53;;;86;-8.63;3/4;;;;;Renta Fija;133;120;125;https://bancaonline.bankinter.com/resources/allfundssheets-enmenm/es/?isin=LU3105996899&language=es&currency=EUR&channel=nbol;2026-09-10
IE00B3QDMK77;PIMCO GIS Euro Income Bond E EUR Acc;PIMCO GIS Euro Income Bond Fund E Class EUR Accumulation;PIMCO Global Advisors (Ireland) Limited;Fixed Income;Europe Fixed Income;RF Flexible EUR;FO;EUR;Irlanda;2;3;1.39;1000;True;False;2011-02-28;;;;;-0.14;-0.27;-1.01;-0.68;-0.95;-1.21;-0.27;4.44;0.21;1.05;4.88;5.06;7.69;-12.78;-0.76;1.33;5.56;3;6;3507917.15987;22.44165;12.34;1.87;;10;8.37;79.94;1;2.06;0.7;1.96;1.44;1.24;1.06;0.89;0.75;0.74;;;;;;;;;;;;-0.33636;0.37285;-0.29338;0.09813;;;;;4;4.29628;4.4957;5.55768;4.96366;-3.79495;-3.79495;-17.84978;-17.84978;1.39;2.5;0;5;0;0.16;;;;3;3;3;2;1;2;2;;1.17;;;71;-12.78;1/4;;;;;Renta Fija;133;120;125;https://bancaonline.bankinter.com/resources/allfundssheets-enmenm/es/?isin=IE00B3QDMK77&language=es&currency=EUR&channel=nbol;2026-09-10
IE00B46MFP70;PIMCO GIS Euro Income Bond E EUR Inc;PIMCO GIS Euro Income Bond Fund E Class EUR Income;PIMCO Global Advisors (Ireland) Limited;Fixed Income;Europe Fixed Income;RF Flexible EUR;FO;EUR;Irlanda;2;3;1.39;;True;False;2011-02-28;;;;;-0.12;-0.24;-0.94;-0.6;-0.95;-1.19;-0.19;4.45;0.21;1.05;4.86;5.04;7.74;-12.77;-0.77;1.39;5.46;3;6;3507917.15987;22.44165;12.34;1.87;;10;8.37;79.94;0.99;2.06;0.64;1.94;1.42;1.24;1.04;0.89;0.74;0.73;;;;;;;;;;;;-0.34655;0.36924;-0.2956;0.09842;;;;;4;4.24786;4.49335;5.56198;4.96614;-3.84182;-3.84182;-17.8002;-17.82512;1.39;2.5;0;5;0;0.16;;;;3;3;3;2;1;2;2;;1.16;;;71;-12.77;1/4;;;;;Renta Fija;133;120;125;https://bancaonline.bankinter.com/resources/allfundssheets-enmenm/es/?isin=IE00B46MFP70&language=es&currency=EUR&channel=nbol;2026-09-10
LU1850104735;Pareturn Mutuafondo Glbl Fixed Inc PBEUR;Pareturn Mutuafondo Global Fixed Income P B EUR;Mutuactivos S.A.U., S.G.I.I.C.;Fixed Income;Europe Fixed Income;RF Flexible EUR;FO;EUR;Luxemburgo;2;4;0.88;;True;False;2020-01-17;;;;;-0.15;-0.21;-0.76;-0.29;-0.52;-0.19;0.47;5.65;2.08;;3.7;9.26;6.94;-7.94;1.94;;;;;;;;;;;;74.36;1.36;2.44;0.05;2.99;2.31;;0.6;0.57;0.5;;;;;;;;;;;;;-0.45774;0.94985;0.07035;;;;;;3;2.5578;3.03056;4.33528;;-2.07126;-2.07126;-12.78675;;0.88;;0;;;0.02;;;;2;2;2;2;0;0;;;2.73;;;80;-7.94;2/4;;;;;Renta Fija;133;120;125;https://bancaonline.bankinter.com/resources/allfundssheets-enmenm/es/?isin=LU1850104735&language=es&currency=EUR&channel=nbol;2026-09-10
FR0013202132;Sextant Credit Opportunities A;Sextant Credit Opportunities A;Amiral Gestion;Fixed Income;Europe Fixed Income;RF Flexible EUR;FO;EUR;Francia;2;;1.15;1;True;False;2017-03-30;;;;;-0.11;-0.32;-0.71;0.01;-0.16;-0.32;0.53;;;;4.24;;;;;;;7;;1184.71624;8.70389;0.26;2.68;;;;;;;0.38;;;;0.72;;;;;;;;;;;;;;;-0.33033;;;;;;;;;3.2881;;;;-2.73113;;;;1.15;1.1;1;1;0;0.15;;;;1;2;2;2;;;;;;;;100;4.24;0/4;;;;;Renta Fija;133;120;125;https://bancaonline.bankinter.com/resources/allfundssheets-enmenm/es/?isin=FR0013202132&language=es&currency=EUR&channel=nbol;2026-09-10
LU0110451209;Capital Group GlbHiInc LUX B;Capital Group Global High Income Opportunities LUX B;Capital International Management Company Sàrl;Fixed Income;Global Fixed Income;RF Flexible Global;FO;EUR;Luxemburgo;3;4;1.4;0;True;False;2001-01-15;;;;;-0.25;-0.16;-0.7;0.16;1.31;2.91;5.05;4.54;2.44;3.35;-2.53;10.61;7.42;-7.39;7.34;-0.88;14.22;9;5;2171.24918;13.37972;2.59;0.71;0;13;7.02169;81.74;1.31;2.83;3.78;3.24;3.32;3.48;1.04;0.76;0.82;0.84;;;;;;;;;;;;0.77297;0.35268;0.10017;0.39397;;;;;4;4.09712;5.73352;6.24917;7.06429;-2.96484;-10.76686;-10.76686;-19.32795;1.4;1.3;0;3;0;0.14;0.06;;;1;1;1;0;1;1;0;;0.42;;;57;-7.39;4/4;;;;;Renta Fija;133;120;125;https://bancaonline.bankinter.com/resources/allfundssheets-enmenm/es/?isin=LU0110451209&language=es&currency=EUR&channel=nbol;2026-09-10
LU0110450813;Capital Group GlbHiInc LUX B USD;Capital Group Global High Income Opportunities LUX B USD;Capital International Management Company Sàrl;Fixed Income;Global Fixed Income;RF Flexible Global;FO;USD;Luxemburgo;3;4;1.4;0;True;False;2001-01-15;;;;;-0.18;0.12;-0.17;0.95;1.45;1.78;3.8;7.47;2.1;3.65;10.6;3.77;10.8;-12.94;0.04;7.96;11.8;9;5;2498.12941;13.37972;2.59;0.71;0;13;7.02169;;;;;;;;;;;;;;;;;;;;;;;0.14699;0.47082;-0.20474;0.19423;;;;;4;3.92763;5.32845;7.49681;7.72275;-3.41164;-3.97015;-20.26792;-20.26792;1.4;1.3;0;5;;0.14;0.06;;;1;1;1;0;1;1;0;;1.88;;;86;-12.94;4/4;;;;;Renta Fija;133;120;125;https://bancaonline.bankinter.com/resources/allfundssheets-enmenm/es/?isin=LU0110450813&language=es&currency=EUR&channel=nbol;2026-09-10
LU0193743431;Capital Group GlbHiInc LUX Bd USD;Capital Group Global High Income Opportunities LUX Bd USD;Capital International Management Company Sàrl;Fixed Income;Global Fixed Income;RF Flexible Global;FO;USD;Luxemburgo;3;4;1.4;0;True;False;2004-08-31;;;;;-0.18;0.12;-0.17;0.95;1.45;1.8;3.82;7.47;2.1;3.65;10.6;3.73;10.81;-12.96;0.09;7.91;11.85;9;5;2498.12941;13.37972;2.59;0.71;0;13;7.02169;;;;;;;;;;;;;;;;;;;;;;;0.15528;0.47;-0.20391;0.19429;;;;;4;3.93229;5.34474;7.50783;7.74335;-3.41159;-3.9975;-20.27202;-20.27202;1.4;1.3;0;5;0;0.14;0.06;;;1;1;1;0;1;1;0;;1.87;;;86;-12.96;4/4;;;;;Renta Fija;133;120;125;https://bancaonline.bankinter.com/resources/allfundssheets-enmenm/es/?isin=LU0193743431&language=es&currency=EUR&channel=nbol;2026-09-10
LU0817814519;Capital Group GlbHiInc LUX Bgd;Capital Group Global High Income Opportunities LUX Bgd;Capital International Management Company Sàrl;Fixed Income;Global Fixed Income;RF Flexible Global;FO;EUR;Luxemburgo;3;4;1.4;0;True;False;2013-02-01;;;;;0.33;-0.22;-0.51;0.53;1.17;3.13;4.87;4.58;2.57;3.39;-2.51;10.54;7.38;-7.38;7.36;-0.85;14.12;9;5;2171.24918;13.37972;2.59;0.71;0;13;7.02169;81.59;1.29;2.84;3.74;3.21;3.32;3.47;1.04;0.77;0.82;0.84;;;;;;;;;;;;0.77064;0.34612;0.09761;0.39233;;;;;4;4.07161;5.75042;6.2542;7.04825;-2.94381;-10.82058;-10.82058;-19.31214;1.4;1.3;0;3;0;0.14;0.06;;;1;1;1;0;1;1;0;;0.42;;;57;-7.38;4/4;;;;;Renta Fija;133;120;125;https://bancaonline.bankinter.com/resources/allfundssheets-enmenm/es/?isin=LU0817814519&language=es&currency=EUR&channel=nbol;2026-09-10
LU0336083497;Carmignac Pf Global Bond A EUR Acc;Carmignac Pf Global Bond A EUR Acc;Carmignac Gestion Luxembourg S.A.;Fixed Income;Global Fixed Income;RF Flexible Global;FO;EUR;Luxemburgo;2;3;1.24;0;True;False;2007-12-14;;;;;-0.08;0.6;-0.45;0.87;2.17;3.78;4.54;3.24;0.83;1.37;0.45;1.81;3.02;-5.56;0.12;4.7;8.36;;5;963.39695;;;1.26;;12;4.5901;91.22;0.64;2.88;3.87;2.13;2.88;2.31;1.41;1.22;1.02;1.14;;;;;;;;;;;;0.59178;0.04294;-0.28705;0.14526;;;;;4;3.37448;4.28296;4.20898;4.72861;-2.10287;-4.8621;-9.08073;-10.53407;1.24;1;1;2;0;0.91;;;;2;1;0;1;2;2;2;;0.67;;;86;-5.56;1/4;;;;;Renta Fija;133;120;125;https://bancaonline.bankinter.com/resources/allfundssheets-enmenm/es/?isin=LU0336083497&language=es&currency=EUR&channel=nbol;2026-09-10
LU1299302098;Carmignac Pf Global Bond A EUR Minc;Carmignac Pf Global Bond A EUR Minc;Carmignac Gestion Luxembourg S.A.;Fixed Income;Global Fixed Income;RF Flexible Global;FO;EUR;Luxemburgo;2;3;1.24;0;True;False;2015-11-19;;;;;-0.08;0.61;-0.45;0.87;2.17;3.78;4.53;3.24;0.83;1.33;0.42;1.83;3.02;-5.59;0.13;4.7;8.37;;5;963.39695;;;1.26;;12;4.5901;91.3;0.64;2.87;3.86;2.13;2.87;2.27;1.41;1.22;1.02;1.14;;;;;;;;;;;;0.58874;0.04213;-0.28807;0.1355;;;;;4;3.37943;4.30341;4.22662;4.73422;-2.10245;-4.88742;-9.12187;-10.52593;1.24;1;1;2;0;0.91;;;;2;1;0;1;2;2;2;;0.66;;;86;-5.59;1/4;;;;;Renta Fija;133;120;125;https://bancaonline.bankinter.com/resources/allfundssheets-enmenm/es/?isin=LU1299302098&language=es&currency=EUR&channel=nbol;2026-09-10
LU1694789451;DNCA Invest Alpha Bonds A EUR;DNCA Invest Alpha Bonds A EUR;DNCA Finance;Fixed Income;Global Fixed Income;RF Flexible Global;FO;EUR;Luxemburgo;2;4;1.31;2500;True;False;2017-12-14;;;;;-0.08;0.21;-0.01;0.76;1.18;1.64;2.54;3.87;4.65;;4.89;3.83;4.96;5.99;4.47;-0.51;2.9;2;4;30229.47191;15.75186;2.19;1.82;;9;7.79892;66.21;0.62;4.48;2.49;2.71;5.5;;1.41;0.96;0.81;;;;;;;;;;;;;0.23137;0.5193;0.96116;;;;;;3;2.61195;1.95721;2.67751;;-2.07923;-2.48809;-3.57766;;1.31;1.2;1;2;0;0.11;;;;2;2;2;2;1;0;;;1.56;;;86;-0.51;2/4;;;;;Renta Fija;133;120;125;https://bancaonline.bankinter.com/resources/allfundssheets-enmenm/es/?isin=LU1694789451&language=es&currency=EUR&channel=nbol;2026-09-10
IE00B19Z3V48;FTGF WA Glb Mlt Strat A USD Acc;FTGF Western Asset Global Multi Strategy Fund Class A US$ Accumulating;Franklin Templeton International Services S.à r.l.;Fixed Income;Global Fixed Income;RF Flexible Global;FO;USD;Irlanda;2;3;1.4;1000;True;False;2007-05-09;;;;;0.02;-0.08;-0.25;-0.19;-0.35;0.4;2.03;5.05;0.68;2.21;6.6;3.36;7.36;-11.73;-1.12;5.63;12.27;;5;;;;;;12;6.30866;85.82;0.53;2.97;0.57;1.02;0.9;1.56;0.74;0.62;0.67;0.7;;;;;;;;;;;;-0.56689;0.08998;-0.49208;-0.01235;;;;;3;3.06;4.44225;6.32605;6.53371;-2.5311;-3.51703;-17.57054;-18.05588;1.4;1.1;0;5;0;0;0.15;;;2;1;1;1;2;2;1;;1.44;;;71;-11.73;0/4;;;;;Renta Fija;133;120;125;https://bancaonline.bankinter.com/resources/allfundssheets-enmenm/es/?isin=IE00B19Z3V48&language=es&currency=EUR&channel=nbol;2026-09-10
LU0766124712;Fidelity Glb Shrt Dur Inc A-Acc-EUR;Fidelity Funds - Global Short Duration Income Fund A-Acc-EUR;FIL Investment Management (Luxembourg) S.à r.l.;Fixed Income;Global Fixed Income;RF Flexible Global;FO;EUR;Luxemburgo;3;5;1.05;2500;True;False;2012-05-14;;;;;-0.08;-0.39;-0.62;0.08;1.34;2.79;4.72;3.79;3.95;;-5.72;14.18;5.05;1.65;7.92;-5.96;9.69;;4;;;;;;12;21.1576;52.36;0.62;5.24;1.64;2.17;1.19;;0.48;0.23;0.25;;;;;;;;;;;;;0.65332;0.25445;0.31426;;;;;;1;4.31312;6.49371;6.7869;;-2.98977;-10.54198;-10.54198;;1.05;1.5;0;4;0;0.1;;;;0;0;0;0;1;0;;;0.36;;;71;-5.96;4/4;;;;;Renta Fija;133;120;125;https://bancaonline.bankinter.com/resources/allfundssheets-enmenm/es/?isin=LU0766124712&language=es&currency=EUR&channel=nbol;2026-09-10
LU0963986202;Mirabaud - Global Strat Bd A USD Acc;Mirabaud - Global Strategic Bond Fund A USD Acc;Mirabaud Asset Management Ltd;Fixed Income;Global Fixed Income;RF Flexible Global;FO;USD;Luxemburgo;2;3;1.47;1;True;False;2013-10-01;;;;;-0.01;-0.22;-0.3;-0.15;-0.27;0.54;2.26;5.19;1.38;2.12;4.6;4.83;7.33;-9.15;1.33;4.92;6.38;;;;;;;;;;67.12;0.44;3.84;0.97;1.08;1.07;0.98;0.68;0.57;0.58;0.54;;;;;;;;;;;;-0.39281;0.1131;-0.43461;-0.05718;;;;;2;2.90135;4.59456;5.41976;4.77043;-2.48103;-3.44263;-13.64577;-13.64577;1.47;1.2;0;0;0;0.05;;;;1;1;1;1;2;1;1;;1.51;;;86;-9.15;1/4;;;;;Renta Fija;133;120;125;https://bancaonline.bankinter.com/resources/allfundssheets-enmenm/es/?isin=LU0963986202&language=es&currency=EUR&channel=nbol;2026-09-10
LU0300745303;Templeton Global Bond A(Ydis)EUR;Templeton Global Bond Fund A(Ydis)EUR;Franklin Templeton International Services S.à r.l.;Fixed Income;Global Fixed Income;RF Flexible Global;FO;EUR;Luxemburgo;3;2;1.38;;True;False;2007-07-12;;;;;0.21;1.5;0.75;4.13;4.24;6.89;8.39;2.14;1.25;0.45;2.88;-6.02;-1.19;1.51;2.11;-11.65;3.12;;5;;;;;;11;6.5;89.48;0.08;5.09;7.79;1.32;3.77;0.38;1.75;1.56;1.14;0.78;;;;;;;;;;;;1.0311;-0.13887;-0.15344;-0.02288;;;;;4;4.6861;7.28964;6.70944;7.74561;-3.36736;-9.48949;-15.45339;-22.7931;1.38;1.05;0;5;0;0.17;0.14;;;0;1;0;0;3;2;3;;0.23;;;57;-11.65;1/4;;;;;Renta Fija;133;120;125;https://bancaonline.bankinter.com/resources/allfundssheets-enmenm/es/?isin=LU0300745303&language=es&currency=EUR&channel=nbol;2026-09-10
LU0152980495;Templeton Global Bond A(acc)EUR;Templeton Global Bond Fund A(acc)EUR;Franklin Templeton International Services S.à r.l.;Fixed Income;Global Fixed Income;RF Flexible Global;FO;EUR;Luxemburgo;3;2;1.38;;True;False;2002-09-09;;;;;0.24;1.5;0.72;4.15;4.24;7;8.43;2.15;1.28;0.48;2.81;-6.06;-1.18;1.61;2.16;-11.65;3.2;;5;;;;;;11;6.5;89.27;0.09;5.1;7.92;1.34;3.81;0.42;1.75;1.56;1.14;0.78;;;;;;;;;;;;1.06648;-0.13555;-0.14576;-0.0181;;;;;4;4.67389;7.30826;6.7361;7.76427;-3.36341;-9.51789;-15.5059;-22.56681;1.38;1.05;0;5;0;0.17;0.14;;;0;1;0;0;3;2;3;;0.23;;;57;-11.65;1/4;;;;;Renta Fija;133;120;125;https://bancaonline.bankinter.com/resources/allfundssheets-enmenm/es/?isin=LU0152980495&language=es&currency=EUR&channel=nbol;2026-09-10
LU0252652382;Templeton Global Bond A(acc)USD;Templeton Global Bond Fund A(acc)USD;Franklin Templeton International Services S.à r.l.;Fixed Income;Global Fixed Income;RF Flexible Global;FO;USD;Luxemburgo;3;2;1.38;1000;True;False;2006-04-28;;;;;0.31;1.78;1.29;4.97;4.37;5.81;7.17;5.02;0.94;0.81;16.64;-11.87;1.98;-4.4;-4.91;-3.73;1.01;;5;;;;;;11;6.5;89.69;0.1;4.92;7.68;1.33;3.82;0.39;1.67;1.54;1.15;0.78;;;;;;;;;;;;0.35411;-0.01874;-0.28425;-0.17435;;;;;4;7.07448;10.63384;10.24463;8.27913;-5.96392;-13.28155;-17.05592;-24.84769;1.38;1.05;0;5;0;0.17;0.14;;;0;1;0;0;3;2;3;;0.38;;;43;-11.87;1/4;;;;;Renta Fija;133;120;125;https://bancaonline.bankinter.com/resources/allfundssheets-enmenm/es/?isin=LU0252652382&language=es&currency=EUR&channel=nbol;2026-09-10
LU0300745725;Templeton Global Ttl Ret A(Ydis)EUR;Templeton Global Total Return Fund A(Ydis)EUR;Franklin Templeton International Services S.à r.l.;Fixed Income;Global Fixed Income;RF Flexible Global;FO;EUR;Luxemburgo;3;2;1.39;;True;False;2007-07-12;;;;;0.3;1.69;1.22;5.92;5.92;8.97;12.37;5.67;1.88;0.43;5.16;-0.66;1.95;-6.4;1.86;-14.3;1.87;;5;;;;;;12;5.56;82.65;0.81;5.02;11.84;4.58;5.07;0.63;1.87;1.41;1.26;0.87;;;;;;;;;;;;1.60238;0.35841;-0.07019;-0.02435;;;;;5;5.31251;6.69463;7.18938;8.29904;-3.48335;-9.3838;-15.57826;-28.87088;1.39;1.05;0;5;0;0.17;0.14;;;0;0;0;0;0;2;3;;0.6;;;57;-14.3;3/4;;;;;Renta Fija;133;120;125;https://bancaonline.bankinter.com/resources/allfundssheets-enmenm/es/?isin=LU0300745725&language=es&currency=EUR&channel=nbol;2026-09-10
LU0260870661;Templeton Global Ttl Ret A(acc)EUR;Templeton Global Total Return Fund A(acc)EUR;Franklin Templeton International Services S.à r.l.;Fixed Income;Global Fixed Income;RF Flexible Global;FO;EUR;Luxemburgo;3;3;1.39;;True;False;2006-09-01;;;;;0.28;1.56;1.15;5.91;5.91;8.95;12.27;5.65;1.91;0.47;5.23;-0.76;1.96;-6.28;1.87;-14.23;1.94;;5;;;;;;12;5.56;82.62;0.8;5.07;12.03;4.6;5.18;0.7;1.88;1.42;1.27;0.88;;;;;;;;;;;;1.63698;0.35775;-0.06122;-0.01835;;;;;5;5.28903;6.73802;7.24695;8.31932;-3.49218;-9.36018;-15.39078;-28.56644;1.39;1.05;0;5;0;0.17;0.14;;;0;0;0;0;0;2;3;;0.6;;;57;-14.23;3/4;;;;;Renta Fija;133;120;125;https://bancaonline.bankinter.com/resources/allfundssheets-enmenm/es/?isin=LU0260870661&language=es&currency=EUR&channel=nbol;2026-09-10
LU0170475312;Templeton Global Ttl Ret A(acc)USD;Templeton Global Total Return Fund A(acc)USD;Franklin Templeton International Services S.à r.l.;Fixed Income;Global Fixed Income;RF Flexible Global;FO;USD;Luxemburgo;3;3;1.39;1000;True;False;2003-08-29;;;;;0.37;1.86;1.72;6.78;6.06;7.8;10.99;8.62;1.57;0.79;19.35;-6.92;5.19;-11.79;-5.16;-6.56;-0.23;;5;;;;;;12;5.56;82.82;0.84;4.91;11.78;4.59;5.18;0.67;1.8;1.4;1.27;0.88;;;;;;;;;;;;0.799;0.31791;-0.20089;-0.14793;;;;;5;7.79452;10.04057;11.38729;9.47331;-6.51645;-11.81678;-25.10822;-34.34531;1.39;1.05;0;5;0;0.17;0.14;;;0;0;0;0;0;2;3;;0.73;;;29;-11.79;3/4;;;;;Renta Fija;133;120;125;https://bancaonline.bankinter.com/resources/allfundssheets-enmenm/es/?isin=LU0170475312&language=es&currency=EUR&channel=nbol;2026-09-10
LU0170477797;Templeton Global Ttl Ret N(acc)USD;Templeton Global Total Return Fund N(acc)USD;Franklin Templeton International Services S.à r.l.;Fixed Income;Global Fixed Income;RF Flexible Global;FO;USD;Luxemburgo;3;2;2.09;1000;True;False;2003-08-29;;;;;0.4;1.82;1.65;6.6;5.71;7.28;10.19;7.87;0.86;0.09;18.47;-7.51;4.43;-12.42;-5.79;-7.24;-0.89;;5;;;;;;12;5.56;82.82;0.69;4.89;11.05;3.88;4.47;-0.03;1.79;1.39;1.27;0.88;;;;;;;;;;;;0.70612;0.24906;-0.26286;-0.22192;;;;;5;7.80052;10.01832;11.36675;9.4654;-6.6099;-11.99822;-25.6956;-35.8304;2.09;1.75;0;3;0;0.17;0.14;;;0;0;0;0;1;2;3;;0.66;;;29;-12.42;2/4;;;;;Renta Fija;133;120;125;https://bancaonline.bankinter.com/resources/allfundssheets-enmenm/es/?isin=LU0170477797&language=es&currency=EUR&channel=nbol;2026-09-10
LU0278453476;BGF Fixed Income Global Opps A2 EUR H;BlackRock Global Funds - Fixed Income Global Opportunities Fund A2 EUR Hedged;BlackRock (Luxembourg) SA;Fixed Income;Global Fixed Income;RF Flexible Global-EUR Cubierto;FO;EUR;Luxemburgo;3;3;1.22;5000;True;False;2007-01-31;;;;;0;0.19;-0.19;-0.09;0.09;-0.09;0.85;4.07;0.4;0.78;5.55;2.75;4.14;-8.54;-0.96;3.89;3.83;2;4;41918.98127;13.98706;2.07;1.74;0.01211;12;8.27;86.97;1.26;1.49;1.25;1.69;0.86;0.84;0.97;0.83;0.63;0.62;;;;;;;;;;;;-0.20373;0.32701;-0.41576;0.03043;;;;;2;3.25164;3.62783;3.82201;4.09325;-2.69266;-2.69266;-11.30271;-11.47232;1.22;1;0;5;0;0.62;0.44;;;2;2;2;2;2;1;2;;1.51;;;71;-8.54;1/4;;;;;Renta Fija;133;120;125;https://bancaonline.bankinter.com/resources/allfundssheets-enmenm/es/?isin=LU0278453476&language=es&currency=EUR&channel=nbol;2026-09-10
LU2155808491;BNP Paribas Glb Abs Ret Bd Cl EUR Cap;BNP Paribas Funds Global Absolute Return Bond Classic EUR Cap;BNP Paribas Asset Management Luxembourg;Fixed Income;Global Fixed Income;RF Flexible Global-EUR Cubierto;FO;EUR;Luxemburgo;2;4;1.06;0;True;False;2021-06-04;;;;;0.09;0.89;-0.22;2.41;1.06;1.04;-0.51;4.39;3.19;;4.39;5.21;6.08;0.1;;;;;;;;;;;;;30.11;0.61;3.42;-2.35;1.57;1.97;;0.33;0.33;0.24;;;;;;;;;;;;;-1.21454;0.55415;0.38959;;;;;;2;2.48093;2.51276;2.7762;;-4.67335;-4.67335;-5.01511;;1.06;0.9;0;3;0;0.77;;;;0;1;2;3;1;0;;;0.94;;;100;0.1;2/4;;;;;Renta Fija;133;120;125;https://bancaonline.bankinter.com/resources/allfundssheets-enmenm/es/?isin=LU2155808491&language=es&currency=EUR&channel=nbol;2026-09-10
IE00B6VXJV34;BNY Mellon Absolute Ret Bd EUR R Acc;BNY Mellon Absolute Return Bond Fund EUR R Acc;BNY Mellon Fund Management (Lux) S.A.;Fixed Income;Global Fixed Income;RF Flexible Global-EUR Cubierto;FO;EUR;Irlanda;2;4;1.18;5000;True;False;2012-11-09;;;;;0.07;0.23;0.06;0.81;1.33;0.5;1.17;4.84;3.37;1.03;2.29;7.83;6.58;0.58;-0.89;-0.02;0.42;;;;;;;;12;2.47901;22.85;0.76;3.59;-0.65;2.09;1.55;0.43;0.21;0.22;0.05;0.09;;;;;;;;;;;;-0.84188;1.04176;0.52852;0.0959;;;;;2;1.26916;1.99882;2.71564;3.48388;-1.45465;-2.09367;-4.961;-15.10123;1.18;1;1;5;0;0.22;0.15;;;0;0;2;2;1;0;1;;2.31;;;71;-0.89;3/4;;;;;Renta Fija;133;120;125;https://bancaonline.bankinter.com/resources/allfundssheets-enmenm/es/?isin=IE00B6VXJV34&language=es&currency=EUR&channel=nbol;2026-09-10
LU0438336264;BSF ESG Fixed Income Strategies A2 EUR;BlackRock ESG Fixed Income Strategies Fund A2 EUR;BlackRock (Luxembourg) SA;Fixed Income;Global Fixed Income;RF Flexible Global-EUR Cubierto;FO;EUR;Luxemburgo;2;4;1.28;5000;True;False;2009-09-30;;;;;-0.04;-0.14;-0.68;-0.26;0.09;-0.01;1.11;3.93;2.01;1.35;4.99;3.84;2.81;-0.93;-1.54;3.44;2.23;7;4;31.34472;;;0.05;;11;11.47;58.1;0.68;2.82;1.04;1.43;1.79;1.12;0.71;0.4;0.44;0.38;;;;;;;;;;;;-0.1377;0.55994;0.03275;0.21818;;;;;2;2.65152;2.14557;3.50554;3.17995;-2.27848;-2.27848;-7.16251;-8.24415;1.28;1;0;5;0;0.77;0.2;;;1;1;2;1;2;0;1;;1.72;;;71;-1.54;2/4;;;;;Renta Fija;133;120;125;https://bancaonline.bankinter.com/resources/allfundssheets-enmenm/es/?isin=LU0438336264&language=es&currency=EUR&channel=nbol;2026-09-10
LU1040967272;BSF ESG Fixed Income Strategies A4 EUR;BlackRock ESG Fixed Income Strategies Fund A4 EUR;BlackRock (Luxembourg) SA;Fixed Income;Global Fixed Income;RF Flexible Global-EUR Cubierto;FO;EUR;Luxemburgo;2;4;1.28;5000;True;False;2014-03-05;;;;;-0.04;-0.13;-0.67;-0.25;0.1;-0.01;1.12;3.93;2.01;1.34;4.98;3.85;2.81;-0.93;-1.54;3.39;2.23;7;4;31.34472;;;0.05;;11;11.47;58.06;0.68;2.83;1.03;1.43;1.79;1.12;0.71;0.4;0.44;0.38;;;;;;;;;;;;-0.13633;0.56259;0.03291;0.2173;;;;;2;2.64693;2.14272;3.50496;3.17897;-2.27453;-2.27453;-7.15946;-8.24018;1.28;1;0;5;0;0.77;0.2;;;1;1;2;1;2;0;1;;1.73;;;71;-1.54;2/4;;;;;Renta Fija;133;120;125;https://bancaonline.bankinter.com/resources/allfundssheets-enmenm/es/?isin=LU1040967272&language=es&currency=EUR&channel=nbol;2026-09-10
LU0627765794;BlueBay Inv Grd Abs Ret Bd M EUR;BlueBay Funds - BlueBay Investment Grade Absolute Return Bond Fund M - EUR;BlueBay Funds Management Company S.A.;Fixed Income;Global Fixed Income;RF Flexible Global-EUR Cubierto;FO;EUR;Luxemburgo;2;4;1.14;0;True;False;2013-05-21;;;;;0.03;0.29;0.08;-0.03;-1.87;-1.86;-1.33;2.67;1.97;1.83;2.07;6.19;3.1;1.44;-1.32;4.27;4.41;;4;;;;;;10;9.11384;0.62;0.11;4.68;-3.1;-0.2;-0.09;1.08;0.31;-0.04;-0.03;-0.01;;;;;;;;;;;;-1.88534;-0.089;0.00431;0.33368;;;;;2;1.96481;2.0827;2.91183;3.29054;-2.79483;-2.79483;-4.20888;-9.94657;1.14;1;0;5;0;0.39;;;;2;3;3;3;3;0;0;;0.96;;;86;-1.32;2/4;;;;;Renta Fija;133;120;125;https://bancaonline.bankinter.com/resources/allfundssheets-enmenm/es/?isin=LU0627765794&language=es&currency=EUR&channel=nbol;2026-09-10
LU0627761884;BlueBay Inv Grd Abs Ret Bd R EUR;BlueBay Funds - BlueBay Investment Grade Absolute Return Bond Fund R - EUR;BlueBay Funds Management Company S.A.;Fixed Income;Global Fixed Income;RF Flexible Global-EUR Cubierto;FO;EUR;Luxemburgo;2;3;1.7;0;True;False;2012-07-05;;;;;0.02;0.28;0.03;-0.18;-2.15;-2.23;-1.88;2.1;1.4;1.26;1.5;5.6;2.53;0.87;-1.88;3.69;3.83;;4;;;;;;10;9.11384;0.64;-0.01;4.69;-3.67;-0.76;-0.65;0.52;0.3;-0.04;-0.03;-0.01;;;;;;;;;;;;-2.17497;-0.37202;-0.19344;0.16272;;;;;2;1.96286;2.08361;2.90948;3.28746;-2.97567;-2.97567;-4.61816;-11.01399;1.7;1.5;0;5;0;0.39;;;;2;3;3;3;3;0;1;;0.71;;;86;-1.88;2/4;;;;;Renta Fija;133;120;125;https://bancaonline.bankinter.com/resources/allfundssheets-enmenm/es/?isin=LU0627761884&language=es&currency=EUR&channel=nbol;2026-09-10
LU0417109930;CB-Accent Lux Swan Ultra S/T Bd B;CB-Accent Lux Swan Ultra Short-Term Bond B;Swan Asset Management S.A.;Fixed Income;Global Fixed Income;RF Flexible Global-EUR Cubierto;FO;EUR;Luxemburgo;2;5;1.24;1;True;False;2009-04-02;;;;;0.01;0.02;0.17;0.49;1.08;1.34;2.19;4.31;2.44;1.89;3.36;5.82;6.24;-3.18;0.59;2.52;1.33;;;;;;;;13;1.13992;22.16;0.6;3.76;0.64;1.55;1;1.36;0.2;0.1;0.14;0.16;;;;;;;;;;;;0.26225;1.75367;0.18068;0.4351;;;;;1;0.9039;0.95637;2.84268;2.76208;-0.52015;-0.71525;-8.11237;-8.11237;1.24;1;1;0;0;0.11;0.03;;;0;0;0;1;1;0;0;;6.03;;;86;-3.18;3/4;;;;;Renta Fija;133;120;125;https://bancaonline.bankinter.com/resources/allfundssheets-enmenm/es/?isin=LU0417109930&language=es&currency=EUR&channel=nbol;2026-09-10
LU1829331633;CT (Lux) Credit Opps 1E;CT (Lux) - Credit Opportunities 1E (EUR Accumulation Shares);Threadneedle Management Luxembourg S.A.;Fixed Income;Global Fixed Income;RF Flexible Global-EUR Cubierto;FO;EUR;Luxemburgo;2;3;1.17;0;True;False;2018-08-29;;;;;0.03;-0.06;-0.02;0.24;0.18;0.99;0.93;3.31;0.73;0.51;2.17;4.41;1.91;-4.48;-0.88;0.35;2.7;;;;;;;;;;21.06;0.35;3.67;-0.49;0.67;-0.54;0.09;0.26;0.15;0.17;0.23;;;;;;;;;;;;-0.7991;0.43723;-0.48918;-0.0507;;;;;2;1.23951;1.39257;2.58071;3.46789;-0.8424;-1.17965;-8.0029;-10.7214;1.17;1;0;5;0;0.05;;;;1;0;1;2;2;1;2;;2.81;;;71;-4.48;1/4;;;;;Renta Fija;133;120;125;https://bancaonline.bankinter.com/resources/allfundssheets-enmenm/es/?isin=LU1829331633&language=es&currency=EUR&channel=nbol;2026-09-10
LU3261279650;CT (Lux) Global Abs Ret Bd A Acc EUR;CT (Lux) Global Absolute Return Bond Fund A Acc EUR;Columbia Threadneedle Management Limited;Fixed Income;Global Fixed Income;RF Flexible Global-EUR Cubierto;FO;EUR;Luxemburgo;2;;1;;True;False;2026-01-13;;;;;0;-0.3;-0.6;-0.4;-1.2;;;;;;;;;;;;;;;;;;;;;;;;;;;;;;;;;;;;;;;;;;;;;;;;;;;;;;;;;;;;;;2;0;3;;0.06;;;;2;3;;;;;;;;;;;;0/4;;;;;Renta Fija;133;120;125;https://bancaonline.bankinter.com/resources/allfundssheets-enmenm/es/?isin=LU3261279650&language=es&currency=EUR&channel=nbol;2026-09-10
LU0151324422;Candriam Bds Crdt Opps C EUR Cap;Candriam Bonds Credit Opportunities Class C EUR Cap;Candriam;Fixed Income;Global Fixed Income;RF Flexible Global-EUR Cubierto;FO;EUR;Luxemburgo;2;4;1.28;0;True;False;2003-02-06;;;;;-0.03;-0.1;-0.14;0.41;0.71;0.9;1.89;3.45;1.73;1.21;2.77;4.32;5.38;-4.29;0.36;0.76;3.2;;;;;;;;13;;48.58;0.42;3.28;1.02;0.8;1.22;0.9;0.47;0.23;0.37;0.34;;;;;;;;;;;;0.05586;0.48261;-0.05713;0.18349;;;;;1;1.79428;1.40463;3.25779;2.81409;-1.49239;-1.49239;-8.76081;-8.76081;1.28;1;1;3;0;0.05;0.02;;;0;0;1;1;2;0;1;;2.31;;;86;-4.29;3/4;;;;;Renta Fija;133;120;125;https://bancaonline.bankinter.com/resources/allfundssheets-enmenm/es/?isin=LU0151324422&language=es&currency=EUR&channel=nbol;2026-09-10
FR0010760694;Candriam Long Short Credit Classique;Candriam Long Short Credit Classique;Candriam;Fixed Income;Global Fixed Income;RF Flexible Global-EUR Cubierto;FO;EUR;Francia;3;4;0.5;0;True;False;2009-10-27;;;;;-0.01;-0.04;0.01;0.34;0.78;1.14;1.89;3.6;2.44;1.41;3.14;4.38;3.78;0.25;-0.19;1.55;1.06;5;;11941.37237;16.0509;1.94;0.53;;11;;29.3;0.41;3.81;0.35;0.89;0.55;0.73;0.16;0.07;0.03;0.06;;;;;;;;;;;;0.0385;1.51484;0.49524;0.60189;;;;;1;0.64669;0.66066;1.07476;1.20483;-0.37616;-0.37616;-1.65133;-3.28594;0.5;0.8;1;1;1;0.55;80;;;0;0;0;1;2;0;1;;9.57;;;86;-0.19;3/4;;;;;Renta Fija;133;120;125;https://bancaonline.bankinter.com/resources/allfundssheets-enmenm/es/?isin=FR0010760694&language=es&currency=EUR&channel=nbol;2026-09-10
LU0579955484;Capital Group GlbHiInc LUX Bh-EUR;Capital Group Global High Income Opportunities LUX Bh-EUR;Capital International Management Company Sàrl;Fixed Income;Global Fixed Income;RF Flexible Global-EUR Cubierto;FO;EUR;Luxemburgo;3;3;1.46;0;True;False;2011-04-11;;;;;0.19;-0.01;0.06;0.14;0.02;0.71;2.54;5.2;0.03;1.6;8.19;1.97;8.28;-15.11;-0.9;6.22;8.53;9;5;2171.24918;13.37972;2.59;0.71;0;13;7.02169;80.16;1.22;2.46;2.52;3.06;2.89;2.42;1.04;1.17;1.2;1.11;;;;;;;;;;;;0.11706;0.44141;-0.23095;0.14643;;;;;5;3.9342;5.3214;7.46858;7.73572;-3.59971;-4.25268;-22.01344;-22.01344;1.46;1.3;0;3;0;0.15;0.06;;;1;2;1;0;1;2;0;;1.22;;;71;-15.11;3/4;;;;;Renta Fija;133;120;125;https://bancaonline.bankinter.com/resources/allfundssheets-enmenm/es/?isin=LU0579955484&language=es&currency=EUR&channel=nbol;2026-09-10
IE00B23Z7J34;FTGF WA Glb Mlt Strat A EUR H Acc;FTGF Western Asset Global Multi Strategy Fund Class A Euro Accumulating (Hedged);Franklin Templeton International Services S.à r.l.;Fixed Income;Global Fixed Income;RF Flexible Global-EUR Cubierto;FO;EUR;Irlanda;2;2;1.43;1000;True;False;2008-02-12;;;;;-0.01;-0.12;-0.4;-0.59;-1.25;-0.83;0.04;3.03;-1.3;0.13;4.27;1.55;5.07;-13.67;-2.03;3.93;8.96;;5;;;;;;12;6.30866;89.75;0.62;1.42;-0.12;0.88;0.79;0.8;0.87;1.02;1.03;1.02;;;;;;;;;;;;-0.59322;0.0565;-0.50905;-0.05929;;;;;4;3.07357;4.43228;6.29622;6.54287;-2.71053;-3.75114;-19.13766;-19.17482;1.43;1.1;0;5;0;0.02;0.15;;;3;3;3;3;3;3;3;;0.81;;;71;-13.67;0/4;;;;;Renta Fija;133;120;125;https://bancaonline.bankinter.com/resources/allfundssheets-enmenm/es/?isin=IE00B23Z7J34&language=es&currency=EUR&channel=nbol;2026-09-10
IE00B940S603;FTGF WA Glb Mlt Strat A EUR H Dis (M)+e;FTGF Western Asset Global Multi Strategy Fund Class A Euro Distributing (M) (Hedged) Plus (e);Franklin Templeton International Services S.à r.l.;Fixed Income;Global Fixed Income;RF Flexible Global-EUR Cubierto;FO;EUR;Irlanda;2;2;1.43;1000;True;False;2013-04-02;;;;;0;-0.12;-0.4;-0.6;-1.28;-0.86;-0.01;3.05;-1.29;0.14;4.31;1.61;5.07;-13.69;-2.03;3.91;8.94;;5;;;;;;12;6.30866;89.91;0.64;1.41;-0.17;0.9;0.8;0.8;0.86;1.02;1.03;1.02;;;;;;;;;;;;-0.60894;0.06182;-0.50823;-0.05828;;;;;4;3.05981;4.43337;6.28768;6.54078;-2.73279;-3.75841;-19.12452;-19.17167;1.43;1.1;0;5;0;0.02;;;;3;3;3;3;3;3;3;;0.81;;;71;-13.69;0/4;;;;;Renta Fija;133;120;125;https://bancaonline.bankinter.com/resources/allfundssheets-enmenm/es/?isin=IE00B940S603&language=es&currency=EUR&channel=nbol;2026-09-10
IE00B23Z7K49;FTGF WA Glb Mlt Strat A EUR H Dis(M);FTGF Western Asset Global Multi Strategy Fund Class A Euro Distributing (M) (Hedged);Franklin Templeton International Services S.à r.l.;Fixed Income;Global Fixed Income;RF Flexible Global-EUR Cubierto;FO;EUR;Irlanda;2;2;1.43;1000;True;False;2008-04-28;;;;;-0.06;0.08;-0.56;-0.26;-0.88;-0.95;-0.54;3.19;-1.28;0.13;4.27;1.64;5.05;-13.66;-2.03;3.92;8.94;;5;;;;;;12;6.30866;89.85;0.62;1.41;-0.19;0.88;0.79;0.8;0.86;1.02;1.03;1.02;;;;;;;;;;;;-0.61669;0.05727;-0.50881;-0.05841;;;;;4;3.06107;4.42628;6.29058;6.54131;-2.71775;-3.7606;-19.12343;-19.16618;1.43;1.1;0;5;0;0.02;0.15;;;3;3;3;3;3;3;3;;0.85;;;71;-13.66;0/4;;;;;Renta Fija;133;120;125;https://bancaonline.bankinter.com/resources/allfundssheets-enmenm/es/?isin=IE00B23Z7K49&language=es&currency=EUR&channel=nbol;2026-09-10
LU1731833304;Fidelity Glb Shrt Dur Inc A-Acc-EUR H;Fidelity Funds - Global Short Duration Income Fund A-Acc-EUR (Euro/USD hedged);FIL Investment Management (Luxembourg) S.à r.l.;Fixed Income;Global Fixed Income;RF Flexible Global-EUR Cubierto;FO;EUR;Luxemburgo;2;4;1.05;2500;True;False;2017-12-13;;;;;0;0;-0.09;0.53;0.8;0.8;1.89;4.83;1.73;;4.76;5.1;6.41;-6.48;-0.49;1.08;4.4;;4;;;;;;12;21.1576;68.02;1.05;2.62;1.44;2.26;1.34;;0.62;0.43;0.41;;;;;;;;;;;;;0.09322;0.93297;-0.08255;;;;;;2;2.38973;2.17468;2.93592;;-1.85676;-1.9337;-9.51924;;1.05;1.5;0;4;0;0.1;;;;0;0;1;1;1;0;;;2.5;;;71;-6.48;3/4;;;;;Renta Fija;133;120;125;https://bancaonline.bankinter.com/resources/allfundssheets-enmenm/es/?isin=LU1731833304&language=es&currency=EUR&channel=nbol;2026-09-10
LU1731833486;Fidelity Glb Shrt Dur Inc A-QInc-G-EUR H;Fidelity Funds - Global Short Duration Income Fund A-QInc-G-EUR (Euro/USD hedged);FIL Investment Management (Luxembourg) S.à r.l.;Fixed Income;Global Fixed Income;RF Flexible Global-EUR Cubierto;FO;EUR;Luxemburgo;2;4;1.05;2500;True;False;2017-12-13;;;;;-0.02;-0.04;-0.11;0.49;0.68;0.76;1.78;4.82;1.7;;4.64;5.22;6.39;-6.5;-0.49;1.17;4.32;;4;;;;;;12;21.1576;67.94;1.04;2.63;1.41;2.25;1.33;;0.62;0.43;0.41;;;;;;;;;;;;;0.07921;0.93996;-0.08535;;;;;;2;2.38392;2.15529;2.9153;;-1.89408;-1.92006;-9.59924;;1.05;1.5;0;4;0;0.1;;;;0;1;1;1;1;0;;;2.51;;;71;-6.5;3/4;;;;;Renta Fija;133;120;125;https://bancaonline.bankinter.com/resources/allfundssheets-enmenm/es/?isin=LU1731833486&language=es&currency=EUR&channel=nbol;2026-09-10
LU0882574998;Fidelity Global Inc A-Acc-EUR H;Fidelity Funds - Global Income Fund A-Acc-EUR (hedged);FIL Investment Management (Luxembourg) S.à r.l.;Fixed Income;Global Fixed Income;RF Flexible Global-EUR Cubierto;FO;EUR;Luxemburgo;2;3;1.29;2500;True;False;2013-04-09;;;;;-0.08;-0.08;-0.48;0.08;-0.32;-0.24;0.81;5.03;0.18;1.07;5.96;4.54;6.14;-12.48;-0.82;3.39;9.36;;5;;;;;;12;;81.13;1.6;1.8;1.76;2.72;1.65;1.56;1.11;0.88;0.86;0.91;;;;;;;;;;;;-0.10799;0.54316;-0.31692;0.08789;;;;;3;3.86638;4.02819;5.27311;5.76138;-3.25398;-3.50876;-17.24701;-17.24701;1.29;1;0;4;0;0.12;;;;1;2;2;1;1;2;1;;1.43;;;71;-12.48;2/4;;;;;Renta Fija;133;120;125;https://bancaonline.bankinter.com/resources/allfundssheets-enmenm/es/?isin=LU0882574998&language=es&currency=EUR&channel=nbol;2026-09-10
LU0893310481;Fidelity Global Inc A-QInc(G)-EUR H;Fidelity Funds - Global Income Fund A-QINCOME(G)-EUR (hedged);FIL Investment Management (Luxembourg) S.à r.l.;Fixed Income;Global Fixed Income;RF Flexible Global-EUR Cubierto;FO;EUR;Luxemburgo;2;3;1.29;;True;False;2013-04-09;;;;;-0.05;-0.09;-0.51;0.08;-0.29;-0.21;0.81;5.08;0.21;1.07;5.83;4.66;6.32;-12.48;-0.85;3.35;9.36;;5;;;;;;12;;81.31;1.63;1.8;1.81;2.77;1.69;1.56;1.11;0.89;0.86;0.91;;;;;;;;;;;;-0.0984;0.55006;-0.31057;0.08831;;;;;3;3.88341;4.0643;5.28499;5.76636;-3.27261;-3.53439;-17.25359;-17.25359;1.29;1;0;4;0;0.12;;;;1;2;2;1;1;2;1;;1.44;;;71;-12.48;2/4;;;;;Renta Fija;133;120;125;https://bancaonline.bankinter.com/resources/allfundssheets-enmenm/es/?isin=LU0893310481&language=es&currency=EUR&channel=nbol;2026-09-10
LU1481583711;FvS Bond Opportunities RT;Flossbach von Storch - Bond Opportunities RT;Flossbach von Storch Invest S.A.;Fixed Income;Global Fixed Income;RF Flexible Global-EUR Cubierto;FO;EUR;Luxemburgo;2;3;1.02;0;True;False;2016-10-18;;;;;-0.19;-0.3;-1.35;-2.18;-2.96;-2.12;-2.5;2.79;-0.38;1.71;2.79;1.62;7.52;-9.43;-2.41;8.95;11.74;1;6;17661.59602;11.0787;1.72;1.6;;7;12.4706;87.19;0.42;2.09;0.32;1.03;1.72;2.42;1.72;1.21;1.02;1.06;;;;;;;;;;;;-0.56931;0.05387;-0.37849;0.21657;;;;;3;5.38489;5.32937;5.82111;5.51743;-4.37365;-4.37365;-14.74992;-15.27696;1.02;0.87;0;3;0;0.04;;;;3;3;3;3;3;2;0;;0.64;;;71;-9.43;1/4;;;;;Renta Fija;133;120;125;https://bancaonline.bankinter.com/resources/allfundssheets-enmenm/es/?isin=LU1481583711&language=es&currency=EUR&channel=nbol;2026-09-10
LU0890597635;JPM Global Bd Opps A acc EUR H;JPMorgan Funds - Global Bond Opportunities Fund A (acc) - EUR (hedged);JPMorgan Asset Management (Europe) S.à r.l.;Fixed Income;Global Fixed Income;RF Flexible Global-EUR Cubierto;FO;EUR;Luxemburgo;3;3;1.21;35000;True;False;2013-04-16;;;;;0;0.19;-0.7;-0.42;-0.37;-0.74;-0.15;3.56;-0.09;0.9;5.63;1.53;3.62;-9;-0.16;5.56;7.03;;5;;;;;;12;6.37135;85.97;0.76;1.73;1.22;1.34;1.41;1.28;1.3;1.04;0.86;0.82;;;;;;;;;;;;-0.2944;0.15132;-0.35756;0.06834;;;;;3;4.51881;4.60803;5.37709;4.854;-4.2339;-4.2339;-13.778;-13.98478;1.21;1;0;3;1;0.37;;;;3;3;3;3;2;2;1;;0.84;;;71;-9.0;1/4;;;;;Renta Fija;133;120;125;https://bancaonline.bankinter.com/resources/allfundssheets-enmenm/es/?isin=LU0890597635&language=es&currency=EUR&channel=nbol;2026-09-10
LU0890598104;JPM Global Bd Opps D acc EUR H;JPMorgan Funds - Global Bond Opportunities Fund D (acc) - EUR (hedged);JPMorgan Asset Management (Europe) S.à r.l.;Fixed Income;Global Fixed Income;RF Flexible Global-EUR Cubierto;FO;EUR;Luxemburgo;3;2;1.71;5000;True;False;2013-04-16;;;;;-0.01;0.18;-0.74;-0.55;-0.63;-1.09;-0.65;3.05;-0.59;0.4;5.12;1.01;3.1;-9.44;-0.66;5.02;6.5;;5;;;;;;12;6.37135;86.02;0.46;1.73;0.71;0.84;0.91;0.78;1.3;1.05;0.86;0.82;;;;;;;;;;;;-0.40766;0.04146;-0.45286;-0.03537;;;;;3;4.52445;4.61326;5.37279;4.85074;-4.28496;-4.28496;-14.27018;-14.71645;1.71;1;0;3;1;0.37;;;;3;3;3;3;3;2;2;;0.71;;;71;-9.44;0/4;;;;;Renta Fija;133;120;125;https://bancaonline.bankinter.com/resources/allfundssheets-enmenm/es/?isin=LU0890598104&language=es&currency=EUR&channel=nbol;2026-09-10
LU2081629425;JPM Global Bond Opps ESG A acc EUR Hdg;JPMorgan Funds - Global Bond Opportunities ESG Fund A (acc) - EUR (hedged);JPMorgan Asset Management (Europe) S.à r.l.;Fixed Income;Global Fixed Income;RF Flexible Global-EUR Cubierto;FO;EUR;Luxemburgo;3;3;1.2;35000;True;False;2019-12-03;;;;;-0.01;0.17;-0.8;-0.41;-0.15;-0.81;-0.24;3.59;-0.12;;5.72;1.52;3.73;-9.01;-0.74;6.06;;;5;;;;;;12;6.23309;85.45;0.69;1.92;1.34;1.39;1.5;;1.39;1.11;0.88;;;;;;;;;;;;;-0.28861;0.14515;-0.36061;;;;;;3;4.84583;4.90301;5.29153;;-4.42787;-4.42787;-13.70438;;1.2;1;0;3;1;0.35;;;;3;3;3;3;2;2;;;0.81;;;67;-9.01;0/4;;;;;Renta Fija;133;120;125;https://bancaonline.bankinter.com/resources/allfundssheets-enmenm/es/?isin=LU2081629425&language=es&currency=EUR&channel=nbol;2026-09-10
LU0514679652;JPM Global Strat Bd A perf acc EUR H;JPMorgan Funds - Global Strategic Bond Fund A (perf) (acc) EUR (hedged);JPMorgan Asset Management (Europe) S.à r.l.;Fixed Income;Global Fixed Income;RF Flexible Global-EUR Cubierto;FO;EUR;Luxemburgo;2;3;1.21;35000;True;False;2010-06-03;;;;;0.01;0.14;-0.5;-0.17;0.11;0.02;0.29;3.77;0.87;0.73;4.09;3.57;3.63;-5.58;-0.93;4.03;3.2;;4;;;;;;11;4.40389;84.18;0.96;1.66;0.61;1.38;1;0.59;0.86;0.77;0.53;0.47;;;;;;;;;;;;-0.34144;0.26577;-0.27299;0.01359;;;;;2;3.18113;3.43029;3.80511;3.24586;-2.72779;-2.72779;-8.86581;-9.2012;1.21;1;1;3;1;0.25;;;;3;2;2;2;2;1;2;;1.38;;;71;-5.58;1/4;;;;;Renta Fija;133;120;125;https://bancaonline.bankinter.com/resources/allfundssheets-enmenm/es/?isin=LU0514679652&language=es&currency=EUR&channel=nbol;2026-09-10
LU0853555380;Jupiter Dynamic Bond L EUR Acc;Jupiter Dynamic Bond Class L EUR Acc;Jupiter Asset Management International S.A.;Fixed Income;Global Fixed Income;RF Flexible Global-EUR Cubierto;FO;EUR;Luxemburgo;3;2;1.45;500;True;False;2013-05-10;;;;;0;0.25;-0.33;0.5;0.08;1.44;2.4;3.75;-1.44;0.28;4.99;-1.06;6.78;-16.51;0;5.65;6.55;7;6;;5.01105;3.69;;;14;;89.23;0.55;2.93;4.69;2;1.77;1.17;1.74;1.49;1.3;1.25;;;;;;;;;;;;0.22231;0.16685;-0.44258;-0.0476;;;;;4;5.66012;6.45723;7.33643;5.84742;-4.76191;-6.45713;-21.37873;-21.43958;1.45;1.25;0;3;0;0.24;0.15;;;2;3;0;0;2;3;2;;0.58;;;57;-16.51;1/4;;;;;Renta Fija;133;120;125;https://bancaonline.bankinter.com/resources/allfundssheets-enmenm/es/?isin=LU0853555380&language=es&currency=EUR&channel=nbol;2026-09-10
LU0459992896;Jupiter Dynamic Bond L EUR Q Inc;Jupiter Dynamic Bond Class L EUR Q Inc;Jupiter Asset Management International S.A.;Fixed Income;Global Fixed Income;RF Flexible Global-EUR Cubierto;FO;EUR;Luxemburgo;3;2;1.45;500;True;False;2012-05-08;;;;;0;0.27;-0.4;0.47;0.02;1.47;2.39;3.74;-1.44;0.28;4.93;-1.02;6.7;-16.44;-0.02;5.63;6.63;7;6;;5.01105;3.69;;;14;;88.98;0.55;2.91;4.67;1.98;1.73;1.16;1.76;1.48;1.3;1.24;;;;;;;;;;;;0.21305;0.1656;-0.44722;-0.04915;;;;;4;5.70069;6.42769;7.31387;5.82654;-4.70737;-6.41276;-21.33622;-21.41045;1.45;1.25;0;3;0;0.24;0.2;;;2;3;0;0;2;3;2;;0.58;;;57;-16.44;1/4;;;;;Renta Fija;133;120;125;https://bancaonline.bankinter.com/resources/allfundssheets-enmenm/es/?isin=LU0459992896&language=es&currency=EUR&channel=nbol;2026-09-10
LU1670724373;M&G (Lux) Optimal Income A EUR Acc;M&G (Lux) Optimal Income Fund EUR A Acc;M&G Luxembourg S.A.;Fixed Income;Global Fixed Income;RF Flexible Global-EUR Cubierto;FO;EUR;Luxemburgo;3;;1.34;1000;True;False;2018-09-07;;;;;-0.11;0.06;-0.8;-1.27;;;;;;;;;;;;;;7;6;3768.27517;5.80013;1.49;0.24;0.05019;8;;;;;;;;;;;;;;;;;;;;;;;;;;;;;;;;;;;;;;;;;1.34;1.25;0;4;0;0.2;;;;3;;;;;;;;;;;;;1/4;;;;;Renta Fija;133;120;125;https://bancaonline.bankinter.com/resources/allfundssheets-enmenm/es/?isin=LU1670724373&language=es&currency=EUR&channel=nbol;2026-09-10
LU1670724456;M&G (Lux) Optimal Income A EUR Inc;M&G (Lux) Optimal Income Fund EUR A Inc;M&G Luxembourg S.A.;Fixed Income;Global Fixed Income;RF Flexible Global-EUR Cubierto;FO;EUR;Luxemburgo;3;;1.34;1000;True;False;2018-09-07;;;;;-0.11;0.06;-0.8;-1.27;;;;;;;;;;;;;;7;6;3768.27517;5.80013;1.49;0.24;0.05019;8;;;;;;;;;;;;;;;;;;;;;;;;;;;;;;;;;;;;;;;;;1.34;1.25;0;4;0;0.2;;;;3;;;;;;;;;;;;;1/4;;;;;Renta Fija;133;120;125;https://bancaonline.bankinter.com/resources/allfundssheets-enmenm/es/?isin=LU1670724456&language=es&currency=EUR&channel=nbol;2026-09-10
LU2415445837;M&G (Lux) Sust Mac Flex Crdt P EUR Acc;M&G (Lux) Sustainable Macro Flexible Credit Fund EUR P Acc;M&G Luxembourg S.A.;Fixed Income;Global Fixed Income;RF Flexible Global-EUR Cubierto;FO;EUR;Luxemburgo;2;3;1.11;1000;True;False;2022-02-24;;;;;0.01;0.05;0.19;0.54;1.05;1.17;1.65;4.11;;;1.9;5.61;6.62;;;;;;;;;;;;;;33.75;0.58;3.43;-0.24;1.38;;;0.08;0.22;;;;;;;;;;;;;;-0.59546;0.81735;;;;;;;1;0.67676;1.62373;;;-0.40459;-1.30864;;;1.11;1.1;0;3;;0.03;;;;0;0;1;1;2;;;;3.14;;;100;1.9;1/4;;;;;Renta Fija;133;120;125;https://bancaonline.bankinter.com/resources/allfundssheets-enmenm/es/?isin=LU2415445837&language=es&currency=EUR&channel=nbol;2026-09-10
LU2482630675;M&G Total Return Crdt Invmt P EUR Acc;European Specialist Investment Funds - M&G Total Return Credit Investment Fd P EUR Acc;M&G Luxembourg S.A.;Fixed Income;Global Fixed Income;RF Flexible Global-EUR Cubierto;FO;EUR;Luxemburgo;2;4;1.1;1000;True;False;2022-06-21;;;;;0.02;0.05;0.22;0.55;1.33;1.46;1.9;4.9;;;2.2;7.68;7.66;;;;;;4;;;;;;11;;6.65;0.72;3.96;-0.06;2.14;;;0.04;0.09;;;;;;;;;;;;;;-0.17555;1.53239;;;;;;;1;0.72669;1.50077;;;-0.43192;-1.15407;;;1.1;1.25;0;3;;0.05;;;;0;0;0;1;1;;;;4.25;;;100;2.2;2/4;;;;;Renta Fija;133;120;125;https://bancaonline.bankinter.com/resources/allfundssheets-enmenm/es/?isin=LU2482630675&language=es&currency=EUR&channel=nbol;2026-09-10
LU1340703070;MFS Meridian Global Oppc Bd AH1 EUR;MFS Meridian Funds - Global Opportunistic Bond Fund AH1 EUR;MFS Investment Management Company (Lux) S.à.r.l;Fixed Income;Global Fixed Income;RF Flexible Global-EUR Cubierto;FO;EUR;Luxemburgo;2;2;1.2;0;True;False;2016-07-11;;;;;-0.1;-0.1;-0.82;-0.92;-1.82;-1.62;-1.42;2.38;-1.89;-0.34;2.6;0.52;5.88;-13.77;-3.33;4.14;7.67;;6;;;;;;12;8.49;96.83;-0.02;1.41;-0.28;0.19;0.44;0.3;1.18;1.26;1.1;1.1;;;;;;;;;;;;-0.71671;-0.11188;-0.64969;-0.19711;;;;;3;3.61395;5.24866;5.87766;5.01632;-3.20002;-4.7149;-18.70903;-19.75989;1.2;0.55;0;6;0;0.13;;;;3;3;3;3;3;3;3;;0.5;;;71;-13.77;0/4;;;;;Renta Fija;133;120;125;https://bancaonline.bankinter.com/resources/allfundssheets-enmenm/es/?isin=LU1340703070&language=es&currency=EUR&channel=nbol;2026-09-10
IE000Z9YV312;ML Alpha Fixed Inc UCITS FIEHA H EUR Acc;MontLake UCITS Platform ICAV - Alpha Fixed Income UCITS Fund FIEHA Hedged EUR Accumulation;Fortune Financial Strategies S.A.;Fixed Income;Global Fixed Income;RF Flexible Global-EUR Cubierto;FO;EUR;Irlanda;3;;1.12;;True;False;2024-05-23;;;;;0.12;-0.1;-0.15;0.03;0.97;2.19;5.07;;;;8.13;;;;;;;;;;;;;;;;;;;5.29;;;;1.14;;;;;;;;;;;;;;;0.65777;;;;;;;;;4.60999;;;;-3.562;;;;1.12;0.9;;;;0.28;;;;1;0;0;0;;;;;;;;100;8.13;1/4;;;;;Renta Fija;133;120;125;https://bancaonline.bankinter.com/resources/allfundssheets-enmenm/es/?isin=IE000Z9YV312&language=es&currency=EUR&channel=nbol;2026-09-10
LU0712123511;MS INVF Global Fixed Income Opps AH EUR;Morgan Stanley Investment Funds - Global Fixed Income Opportunities Fund AH (EUR);MSIM Fund Management (Ireland) Limited;Fixed Income;Global Fixed Income;RF Flexible Global-EUR Cubierto;FO;EUR;Luxemburgo;2;3;1.28;0;True;False;2012-04-02;;;;;0;0.09;-0.37;0.4;-0.52;-0.43;0.49;3.78;0.25;0.99;5.17;2.81;5.54;-9.8;-1.46;2.34;6.01;7;;9.28475;2.22955;;;;12;7.9315;86.42;1.04;1.57;1.1;1.41;0.74;1.16;1.03;0.76;0.63;0.68;;;;;;;;;;;;-0.27017;0.28145;-0.46114;0.08138;;;;;3;3.44718;3.36919;3.774;4.45678;-3.10146;-3.10146;-12.74417;-12.98698;1.28;1;0;3;0;0.3;;;;2;3;3;2;2;2;1;;1.22;;;71;-9.8;1/4;;;;;Renta Fija;133;120;125;https://bancaonline.bankinter.com/resources/allfundssheets-enmenm/es/?isin=LU0712123511&language=es&currency=EUR&channel=nbol;2026-09-10
IE000WFG9PJ8;Man Dynamic Income DB H EUR Cap;Man Funds plc - Man Dynamic Income DB H EUR Capitalisation;Man Asset Management (Ireland) Limited;Fixed Income;Global Fixed Income;RF Flexible Global-EUR Cubierto;FO;EUR;Irlanda;3;;1.95;1000;True;False;2025-10-10;;;;;0.03;-0.02;0.32;1.44;3.16;3.91;;;;;;;;;;;;;;;;;;;14;2.9;;;;;;;;;;;;;;;;;;;;;;;;;;;;;;;;;;;;;;;;;1.75;0;0;0;;;;;0;0;0;;;;;;;;;;;0/4;;;;;Renta Fija;133;120;125;https://bancaonline.bankinter.com/resources/allfundssheets-enmenm/es/?isin=IE000WFG9PJ8&language=es&currency=EUR&channel=nbol;2026-09-10
IE00B65YMK29;Muzinich Enhancedyield S-T HEUR Acc R;Muzinich Enhancedyield Short-Term Fund Hedged Euro Accumulation R Units;Muzinich & Co. (Ireland) Limited;Fixed Income;Global Fixed Income;RF Flexible Global-EUR Cubierto;FO;EUR;Irlanda;2;4;0.89;1000;True;False;2009-04-07;;;;;-0.01;0.02;-0.09;0.37;0.61;0.61;1.29;3.78;1.14;1.3;3.64;4.3;4.43;-6.3;0.89;1.7;4.2;;4;;;;;;12;3.92;67.47;0.58;2.94;0.61;1.17;0.44;1.08;0.48;0.31;0.32;0.39;;;;;;;;;;;;-0.18237;0.62822;-0.3324;0.17724;;;;;2;1.84627;1.60316;2.53556;3.62162;-1.58169;-1.58169;-8.71568;-12.69713;0.89;0.75;0;3;0;0.09;;;;1;0;1;1;2;1;1;;2.39;;;86;-6.3;3/4;;;;;Renta Fija;133;120;125;https://bancaonline.bankinter.com/resources/allfundssheets-enmenm/es/?isin=IE00B65YMK29&language=es&currency=EUR&channel=nbol;2026-09-10
IE00B4MQD153;Muzinich Enhancedyield S-T HEUR Inc R;Muzinich Enhancedyield Short-Term Fund Hedged Euro Income R Units;Muzinich & Co. (Ireland) Limited;Fixed Income;Global Fixed Income;RF Flexible Global-EUR Cubierto;FO;EUR;Irlanda;2;4;0.89;1000;True;False;2014-08-14;;;;;-0.01;-0.11;-0.06;0.25;0.36;0.62;1.47;3.78;1.15;1.31;3.64;4.3;4.43;-6.3;0.89;1.69;4.21;;4;;;;;;12;3.92;67.87;0.58;2.93;0.61;1.17;0.44;1.08;0.48;0.32;0.32;0.39;;;;;;;;;;;;-0.1797;0.62819;-0.33229;0.17745;;;;;2;1.84227;1.60256;2.5343;3.62147;-1.5875;-1.5875;-8.72056;-12.70067;0.89;0.75;0;3;0;0.09;;;;1;0;1;1;2;1;1;;2.38;;;86;-6.3;3/4;;;;;Renta Fija;133;120;125;https://bancaonline.bankinter.com/resources/allfundssheets-enmenm/es/?isin=IE00B4MQD153&language=es&currency=EUR&channel=nbol;2026-09-10
LU0915365364;Nordea 1 - Flexible Fixed Income BP EUR;Nordea 1 - Flexible Fixed Income Fund BP EUR;Nordea Investment Funds SA;Fixed Income;Global Fixed Income;RF Flexible Global-EUR Cubierto;FO;EUR;Luxemburgo;2;3;1.07;0;True;False;2013-05-02;;;;;0.06;0.51;-0.71;-0.26;0.34;0.14;-0.13;2.84;0.36;0.41;1.16;3.35;6.54;-8.19;-0.37;0.37;4.7;;6;;;;;;7;11.32822;77.67;0.38;2.09;1.78;0.76;1.58;0.57;1.53;0.95;0.82;0.71;;;;;;;;;;;;-0.25384;0.03908;-0.31852;-0.0712;;;;;3;4.85206;4.43562;4.91169;3.73806;-4.33266;-4.33266;-11.10809;-11.30034;1.07;0.8;0;1;0;0.07;;;;3;3;2;3;3;2;2;;0.66;;;71;-8.19;1/4;;;;;Renta Fija;133;120;125;https://bancaonline.bankinter.com/resources/allfundssheets-enmenm/es/?isin=LU0915365364&language=es&currency=EUR&channel=nbol;2026-09-10
IE00B1Z6D669;PIMCO GIS Divers Inc E EURH Acc;PIMCO GIS Diversified Income Fund E Class EUR (Hedged) Accumulation;PIMCO Global Advisors (Ireland) Limited;Fixed Income;Global Fixed Income;RF Flexible Global-EUR Cubierto;FO;EUR;Irlanda;2;2;1.59;1000;True;False;2007-07-03;;;;;0.06;-0.13;-0.31;-0.31;-0.63;0.06;2.19;5.39;-1.34;0.65;7.03;4.08;6.12;-19.03;-1.84;4.79;9.98;7;5;;;;;;12;9.58;89.06;1.9;1.69;2.79;3.22;1.69;1.55;1.17;1.13;1.25;1.23;;;;;;;;;;;;0.12406;0.51889;-0.43626;0.01863;;;;;4;3.93949;4.88752;7.1987;6.61987;-3.42894;-3.7583;-25.54443;-25.54443;1.59;2.5;0;5;0;0.18;;;;2;2;2;0;0;3;2;;1.43;;;71;-19.03;2/4;;;;;Renta Fija;133;120;125;https://bancaonline.bankinter.com/resources/allfundssheets-enmenm/es/?isin=IE00B1Z6D669&language=es&currency=EUR&channel=nbol;2026-09-10
IE00B4TG9K96;PIMCO GIS Divers Inc E EURH Inc;PIMCO GIS Diversified Income Fund E Class EUR (Hedged) Income;PIMCO Global Advisors (Ireland) Limited;Fixed Income;Global Fixed Income;RF Flexible Global-EUR Cubierto;FO;EUR;Irlanda;2;2;1.59;;True;False;2009-10-16;;;;;0.11;-0.11;-0.22;-0.29;-0.58;0.07;2.27;5.42;-1.33;0.66;7.13;4.07;6.07;-19.08;-1.82;4.82;9.99;7;5;;;;;;12;9.58;88.94;1.87;1.71;2.78;3.22;1.67;1.55;1.17;1.13;1.25;1.23;;;;;;;;;;;;0.11952;0.51435;-0.43857;0.01751;;;;;4;3.96397;4.91248;7.20907;6.63552;-3.45571;-3.75377;-25.51726;-25.51726;1.59;2.5;0;5;0;0.18;0;;;2;2;2;0;0;3;2;;1.44;;;71;-19.08;2/4;;;;;Renta Fija;133;120;125;https://bancaonline.bankinter.com/resources/allfundssheets-enmenm/es/?isin=IE00B4TG9K96&language=es&currency=EUR&channel=nbol;2026-09-10
IE00B5B5L056;PIMCO GIS Dynamic Bd E EUR H Acc;PIMCO GIS Dynamic Bond Fund E Class EUR (Hedged) Accumulation;PIMCO Global Advisors (Ireland) Limited;Fixed Income;Global Fixed Income;RF Flexible Global-EUR Cubierto;FO;EUR;Irlanda;2;3;1.8;1000;True;False;2009-11-20;;;;;0;0.08;-0.42;0;-0.5;-0.25;1.18;3.9;-0.03;0.47;5.44;3.92;4.08;-10.76;-1.58;3.18;0.87;3;5;469168.51014;21.79819;9.82;4.65;;10;5.6;77.59;0.87;2.01;0.72;1.46;0.31;0.37;0.78;0.66;0.6;0.52;;;;;;;;;;;;-0.2937;0.34318;-0.57723;-0.06925;;;;;2;2.76785;3.07519;3.62168;3.32767;-2.8854;-2.8854;-13.33323;-13.9784;1.8;2.5;0;5;0;0.27;;;;2;2;3;2;2;2;2;;1.35;;;71;-10.76;0/4;;;;;Renta Fija;133;120;125;https://bancaonline.bankinter.com/resources/allfundssheets-enmenm/es/?isin=IE00B5B5L056&language=es&currency=EUR&channel=nbol;2026-09-10
IE00B84J9L26;PIMCO GIS Income E EUR Hedged Acc;PIMCO GIS Income Fund E Class EUR (Hedged) Accumulation;PIMCO Global Advisors (Ireland) Limited;Fixed Income;Global Fixed Income;RF Flexible Global-EUR Cubierto;FO;EUR;Irlanda;2;4;1.45;1000;True;False;2012-11-30;;;;;0.07;0.07;-0.35;-0.56;-1.45;-0.97;0.99;4.1;0.4;1.38;7.29;2.83;5.15;-10.45;0.8;3.61;4.98;7;6;6383.47574;8.6631;0.97;0.71;0.02693;10;9.42;87.37;1.19;1.62;1.39;1.91;2.28;1.8;1.16;1.04;0.98;0.88;;;;;;;;;;;;-0.24019;0.28156;-0.25842;0.14486;;;;;3;3.70547;4.53792;5.68925;5.32057;-3.49076;-3.55451;-15.06064;-15.55721;1.45;2.5;0;5;0;0.17;;;;3;3;3;2;2;1;1;;1.15;;;86;-10.45;2/4;;;;;Renta Fija;133;120;125;https://bancaonline.bankinter.com/resources/allfundssheets-enmenm/es/?isin=IE00B84J9L26&language=es&currency=EUR&channel=nbol;2026-09-10
IE00B8N0MW85;PIMCO GIS Income E EUR Hedged Inc;PIMCO GIS Income Fund E Class EUR (Hedged) Income;PIMCO Global Advisors (Ireland) Limited;Fixed Income;Global Fixed Income;RF Flexible Global-EUR Cubierto;FO;EUR;Irlanda;2;4;1.45;1000;True;False;2012-11-30;;;;;0;0;-0.46;-0.67;-1.49;-1.04;0.9;4.09;0.39;1.37;7.3;2.84;5.21;-10.47;0.71;3.69;4.93;7;6;6383.47574;8.6631;0.97;0.71;0.02693;10;9.42;88.31;1.26;1.55;1.39;1.93;2.31;1.81;1.14;1.04;0.98;0.89;;;;;;;;;;;;-0.23576;0.28632;-0.25803;0.14517;;;;;3;3.63841;4.50956;5.69821;5.32736;-3.41201;-3.57613;-15.03492;-15.6131;1.45;2.5;0;5;0;0.17;;;;3;3;3;2;2;1;1;;1.14;;;86;-10.47;2/4;;;;;Renta Fija;133;120;125;https://bancaonline.bankinter.com/resources/allfundssheets-enmenm/es/?isin=IE00B8N0MW85&language=es&currency=EUR&channel=nbol;2026-09-10
IE00BDTM8703;PIMCO GIS Income E EUR Hedged Inc II;PIMCO GIS Income Fund E Class EUR (Hedged) Income II;PIMCO Global Advisors (Ireland) Limited;Fixed Income;Global Fixed Income;RF Flexible Global-EUR Cubierto;FO;EUR;Irlanda;2;3;1.45;;True;False;2018-08-31;;;;;0;0.11;-0.33;-0.53;-1.47;-0.9;1.02;4.09;0.39;;7.2;2.78;5.28;-10.48;0.77;3.64;4.98;7;6;6383.47574;8.6631;0.97;0.71;0.02693;10;9.42;87.57;1.19;1.61;1.25;1.9;2.3;;1.13;1.04;0.98;;;;;;;;;;;;;-0.27077;0.27839;-0.25832;;;;;;3;3.62418;4.55061;5.68571;;-3.50489;-3.52009;-15.07597;;1.45;2.5;0;5;0;0.17;;;;3;3;3;2;2;1;;;1.16;;;86;-10.48;1/4;;;;;Renta Fija;133;120;125;https://bancaonline.bankinter.com/resources/allfundssheets-enmenm/es/?isin=IE00BDTM8703&language=es&currency=EUR&channel=nbol;2026-09-10
LU2091212550;Robeco Credit Income DH EUR Cap;Robeco Credit Income DH EUR;Robeco Institutional Asset Management BV;Fixed Income;Global Fixed Income;RF Flexible Global-EUR Cubierto;FO;EUR;Luxemburgo;2;3;1.22;0;True;False;2019-12-17;;;;;0.01;-0.16;-0.25;-0.05;-0.57;-0.06;0.92;5.14;0.13;;6.86;3.62;5.92;-12.89;-0.72;5.09;;;5;;;;;;12;4.50847;81.78;1.62;1.87;0.73;2.92;2.58;;0.78;0.97;1.1;;;;;;;;;;;;;-0.27999;0.53329;-0.25808;;;;;;4;2.83755;4.39396;6.38934;;-2.65037;-3.22858;-19.608;;1.22;1;0;3;0;0.11;;;;1;2;2;2;1;2;;;1.59;;;67;-12.89;2/4;;;;;Renta Fija;133;120;125;https://bancaonline.bankinter.com/resources/allfundssheets-enmenm/es/?isin=LU2091212550&language=es&currency=EUR&channel=nbol;2026-09-10
LU1984948874;SIH FCP Brightgate Global Income F;SIH FCP - BrightGate Global Income Fund F EUR Acc;Brightgate Capital SGIIC;Fixed Income;Global Fixed Income;RF Flexible Global-EUR Cubierto;FO;EUR;Luxemburgo;2;5;1.39;1000;True;False;2019-06-20;;;;;-0.01;-0.06;0.35;0.78;1.1;2.36;2.74;7.27;4.52;;4.59;9.85;9.5;-4;8.31;4.34;;;;;;;;;;;36.21;1.56;3.33;2.14;4.61;4.17;;0.54;0.46;0.42;;;;;;;;;;;;;0.41469;1.39049;0.69909;;;;;;2;2.60017;3.18;3.80931;;-2.20393;-3.45923;-7.97023;;1.39;1;0;0;0;0.92;;;;0;0;0;0;0;0;;;2.1;;;83;-4.0;3/4;;;;;Renta Fija;133;120;125;https://bancaonline.bankinter.com/resources/allfundssheets-enmenm/es/?isin=LU1984948874&language=es&currency=EUR&channel=nbol;2026-09-10
LU1514168027;Schroder ISF Glb Crdt Inc A Dis € HQF;Schroder International Selection Fund Global Credit Income A Distribution EUR Hedged QF;Schroder Investment Management (Europe) S.A.;Fixed Income;Global Fixed Income;RF Flexible Global-EUR Cubierto;FO;EUR;Luxemburgo;2;3;1.42;1000;True;False;2016-11-30;;;;;0.04;0.06;-0.33;-0.23;-0.65;-0.63;0;4.97;-0.11;;5.87;4.31;7.2;-14.66;0.06;4.83;8.03;;;;;;;;;14.7697;86.32;1.83;1.53;0.45;2.65;2.03;;0.93;0.91;1.03;;;;;;;;;;;;;-0.43137;0.52171;-0.30582;;;;;;4;3.18217;4.04423;6.32135;;-2.72276;-2.72276;-20.29601;;1.42;1.1;0;3;0;0.26;;;;2;2;3;3;1;2;;;1.83;;;86;-14.66;1/4;;;;;Renta Fija;133;120;125;https://bancaonline.bankinter.com/resources/allfundssheets-enmenm/es/?isin=LU1514168027&language=es&currency=EUR&channel=nbol;2026-09-10
LU1514167722;Schroder ISF Glbl Crdt Inc A Acc EUR Hdg;Schroder International Selection Fund Global Credit Income A Accumulation EUR Hedged;Schroder Investment Management (Europe) S.A.;Fixed Income;Global Fixed Income;RF Flexible Global-EUR Cubierto;FO;EUR;Luxemburgo;2;3;1.42;1000;True;False;2016-11-30;;;;;0.04;0.06;-0.33;-0.24;-0.64;-0.62;0.01;4.98;-0.1;;5.88;4.36;7.19;-14.65;0.06;4.8;8.01;;;;;;;;;14.7697;86.36;1.85;1.52;0.46;2.67;2.03;;0.93;0.91;1.03;;;;;;;;;;;;;-0.4293;0.52592;-0.30434;;;;;;4;3.178;4.04146;6.31591;;-2.71796;-2.71796;-20.29144;;1.42;1.1;0;3;0;0.26;;;;2;2;3;3;1;2;;;1.83;;;86;-14.65;1/4;;;;;Renta Fija;133;120;125;https://bancaonline.bankinter.com/resources/allfundssheets-enmenm/es/?isin=LU1514167722&language=es&currency=EUR&channel=nbol;2026-09-10
LU1046235732;Schroder ISF Strat Crdt A Acc EUR Hdg;Schroder International Selection Fund Strategic Credit A Accumulation EUR Hedged;Schroder Investment Management (Europe) S.A.;Fixed Income;Global Fixed Income;RF Flexible Global-EUR Cubierto;FO;EUR;Luxemburgo;2;5;1.31;1000;True;False;2014-04-23;;;;;-0.01;-0.01;-0.16;0.45;0.6;0.7;1.74;5.36;1.86;2.15;4.7;6.12;9;-9.58;2.41;2.84;6.8;7;4;1365.8772;0.90683;2.1;0.18;;13;8.37152;55.6;1.2;2.81;1.34;2.84;2.37;2.3;0.7;0.43;0.62;0.63;;;;;;;;;;;;-0.01688;1.09862;0.00301;0.28501;;;;;3;2.61059;2.40876;4.71281;5.52557;-2.10627;-2.10627;-13.87296;-18.72548;1.31;1;0;3;0;0.09;0.5;;;0;1;1;1;0;0;0;;2.54;;;86;-9.58;4/4;;;;;Renta Fija;133;120;125;https://bancaonline.bankinter.com/resources/allfundssheets-enmenm/es/?isin=LU1046235732&language=es&currency=EUR&channel=nbol;2026-09-10
LU0201323531;Schroder ISF Strategic Bd A Acc EUR Hdg;Schroder International Selection Fund Strategic Bond A Accumulation EUR Hedged;Schroder Investment Management (Europe) S.A.;Fixed Income;Global Fixed Income;RF Flexible Global-EUR Cubierto;FO;EUR;Luxemburgo;2;3;1.32;1000;True;False;2004-09-30;;;;;0.04;0.12;-0.26;0.15;-0.44;-0.42;0.13;4.64;0.76;0.07;6.23;3.17;4.68;-7.26;-1.54;-3;4.45;;5;;;;;;13;13.9236;81.96;1.42;1.73;0.72;2.27;0.5;0.01;1.03;0.82;0.44;0.44;;;;;;;;;;;;-0.37373;0.47681;-0.3469;-0.08681;;;;;3;3.51071;3.72987;3.53282;5.75212;-3.15031;-3.15031;-10.74159;-21.41403;1.32;1;0;3;0;0.35;0.5;;;2;2;3;3;1;1;3;;1.47;;;57;-7.26;2/4;;;;;Renta Fija;133;120;125;https://bancaonline.bankinter.com/resources/allfundssheets-enmenm/es/?isin=LU0201323531&language=es&currency=EUR&channel=nbol;2026-09-10
LU2954937988;T. Rowe Price Divers Inc Bd AdqnEUR;T. Rowe Price Funds SICAV - Diversified Income Bond Fund - Adqn (EUR);T. Rowe Price (Luxembourg) Management S.à r.l.;Fixed Income;Global Fixed Income;RF Flexible Global-EUR Cubierto;FO;EUR;Luxemburgo;2;;0.97;0;True;False;2025-01-08;;;;;0;0.1;-0.1;0.36;1.11;1.21;1.85;;;;;;;;;;;7;;;5.07511;0.87;;;12;;;;;1.06;;;;0.53;;;;;;;;;;;;;;;0.00743;;;;;;;;;2.38463;;;;-1.77549;;;;0.97;0.84;0;5;0;0.39;;;;1;0;0;1;;;;;;;;;;1/4;;;;;Renta Fija;133;120;125;https://bancaonline.bankinter.com/resources/allfundssheets-enmenm/es/?isin=LU2954937988&language=es&currency=EUR&channel=nbol;2026-09-10
LU1807408304;T. Rowe Price Divers Inc Bd An;T. Rowe Price Funds SICAV - Diversified Income Bond Fund An (EUR);T. Rowe Price (Luxembourg) Management S.à r.l.;Fixed Income;Global Fixed Income;RF Flexible Global-EUR Cubierto;FO;EUR;Luxemburgo;2;;0.97;;True;False;2024-03-14;;;;;0;0.09;-0.09;0.37;1.13;1.13;1.8;;;;3.51;;;;;;;7;;;5.07511;0.87;;;12;;;;;0.99;;;;0.52;;;;;;;;;;;;;;;-0.0165;;;;;;;;;2.39697;;;;-1.87092;;;;0.97;0.84;0;5;0;0.36;;;;1;0;1;1;;;;;;;;100;3.51;1/4;;;;;Renta Fija;133;120;125;https://bancaonline.bankinter.com/resources/allfundssheets-enmenm/es/?isin=LU1807408304&language=es&currency=EUR&channel=nbol;2026-09-10
LU0366770310;Templeton Global Bond A(Mdis)EUR-H1;Templeton Global Bond Fund A(Mdis)EUR-H1;Franklin Templeton International Services S.à r.l.;Fixed Income;Global Fixed Income;RF Flexible Global-EUR Cubierto;FO;EUR;Luxemburgo;3;1;1.38;;True;False;2008-06-16;;;;;0.35;1.8;1.06;4.57;3.39;4.41;4.85;2.79;-1.35;-1.36;13.91;-13.66;-0.45;-7.29;-5.86;-5.04;-2.12;;5;;;;;;11;6.5;66.36;-0.05;7.73;5.13;0.78;2.34;-0.7;1.41;2.13;1.48;1;;;;;;;;;;;;0.32456;-0.0499;-0.32428;-0.22371;;;;;5;7.24074;10.64878;10.25223;8.32111;-6.19092;-14.2811;-22.84409;-34.69167;1.38;1.05;0;5;0;0.24;0.14;;;0;2;0;0;3;3;3;;0.2;;;14;-13.66;1/4;;;;;Renta Fija;133;120;125;https://bancaonline.bankinter.com/resources/allfundssheets-enmenm/es/?isin=LU0366770310&language=es&currency=EUR&channel=nbol;2026-09-10
LU0366773504;Templeton Global Ttl Ret A(Mdis)EUR-H1;Templeton Global Total Return Fund A(Mdis)EUR-H1;Franklin Templeton International Services S.à r.l.;Fixed Income;Global Fixed Income;RF Flexible Global-EUR Cubierto;FO;EUR;Luxemburgo;3;1;1.39;;True;False;2008-06-16;;;;;0.25;1.76;1.4;6.18;4.79;6.28;8.63;6.32;-0.89;-1.46;16.35;-8.73;2.69;-14.84;-6.16;-7.74;-3.37;;5;;;;;;12;5.56;57.99;0.43;7.39;8.82;4.02;3.41;-0.64;1.47;1.87;1.63;1.08;;;;;;;;;;;;0.74663;0.28675;-0.24762;-0.20072;;;;;5;7.93975;9.9722;11.3901;9.47565;-6.5869;-12.24502;-27.27227;-40.98935;1.39;1.05;0;5;0;0.24;0.14;;;0;1;0;0;0;3;3;;0.52;;;29;-14.84;2/4;;;;;Renta Fija;133;120;125;https://bancaonline.bankinter.com/resources/allfundssheets-enmenm/es/?isin=LU0366773504&language=es&currency=EUR&channel=nbol;2026-09-10
LU0517465034;Templeton Global Ttl Ret A(Ydis)EUR-H1;Templeton Global Total Return Fund A(Ydis)EUR-H1;Franklin Templeton International Services S.à r.l.;Fixed Income;Global Fixed Income;RF Flexible Global-EUR Cubierto;FO;EUR;Luxemburgo;3;1;1.39;;True;False;2010-06-21;;;;;0.55;1.94;1.66;6.27;5.16;6.27;8.87;6.34;-0.9;-1.49;16.41;-8.49;2.5;-15.07;-6.14;-7.87;-3.41;;5;;;;;;12;5.56;57.49;0.42;7.41;8.65;3.94;3.23;-0.73;1.47;1.86;1.6;1.06;;;;;;;;;;;;0.73872;0.27954;-0.25589;-0.2082;;;;;5;7.78601;9.97846;11.32742;9.45505;-6.83551;-12.37362;-27.46104;-41.29342;1.39;1.05;0;5;0;0.24;0.14;;;0;1;0;0;0;3;3;;0.51;;;29;-15.07;2/4;;;;;Renta Fija;133;120;125;https://bancaonline.bankinter.com/resources/allfundssheets-enmenm/es/?isin=LU0517465034&language=es&currency=EUR&channel=nbol;2026-09-10
LU0294221097;Templeton Global Ttl Ret A(acc)EUR-H1;Templeton Global Total Return Fund A(acc)EUR-H1;Franklin Templeton International Services S.à r.l.;Fixed Income;Global Fixed Income;RF Flexible Global-EUR Cubierto;FO;EUR;Luxemburgo;3;1;1.39;;True;False;2007-04-10;;;;;0.36;1.81;1.57;6.31;4.99;6.31;8.65;6.32;-0.89;-1.47;16.47;-8.72;2.55;-14.88;-6.21;-7.99;-3.28;;5;;;;;;12;5.56;57.23;0.42;7.48;8.7;3.98;3.32;-0.67;1.43;1.87;1.61;1.07;;;;;;;;;;;;0.74697;0.28144;-0.25125;-0.20229;;;;;5;7.89061;10.0384;11.3467;9.48785;-6.74698;-12.29773;-27.36963;-41.16314;1.39;1.05;0;5;0;0.24;0.14;;;0;1;0;0;0;3;3;;0.51;;;29;-14.88;2/4;;;;;Renta Fija;133;120;125;https://bancaonline.bankinter.com/resources/allfundssheets-enmenm/es/?isin=LU0294221097&language=es&currency=EUR&channel=nbol;2026-09-10
LU0366773256;Templeton Global Ttl Ret N(Mdis)EUR-H1;Templeton Global Total Return Fund N(Mdis)EUR-H1;Franklin Templeton International Services S.à r.l.;Fixed Income;Global Fixed Income;RF Flexible Global-EUR Cubierto;FO;EUR;Luxemburgo;3;1;2.09;;True;False;2008-06-16;;;;;0.46;1.88;1.64;6.29;4.72;5.9;7.95;5.57;-1.57;-2.15;15.5;-9.25;1.85;-15.48;-6.88;-8.44;-4.06;;5;;;;;;12;5.56;57.76;0.32;7.42;7.93;3.24;2.62;-1.38;1.44;1.87;1.62;1.07;;;;;;;;;;;;0.64493;0.20783;-0.31414;-0.27795;;;;;5;7.8993;10.00543;11.35032;9.46888;-6.92381;-12.63747;-27.91742;-43.29853;2.09;1.75;0;3;0;0.24;0.14;;;0;1;0;0;1;3;3;;0.44;;;29;-15.48;2/4;;;;;Renta Fija;133;120;125;https://bancaonline.bankinter.com/resources/allfundssheets-enmenm/es/?isin=LU0366773256&language=es&currency=EUR&channel=nbol;2026-09-10
LU1112750929;Vontobel Global Active Bond B EUR;Vontobel Fund - Global Active Bond B EUR Cap;Vontobel Asset Management S.A.;Fixed Income;Global Fixed Income;RF Flexible Global-EUR Cubierto;FO;EUR;Luxemburgo;2;2;1.01;0;True;False;2014-10-03;;;;;0.02;-0.22;-0.68;-0.43;-1.11;-0.06;1.42;5.6;-1.96;0.03;5.22;6.16;6.52;-22.52;-1.64;3.77;7.94;3;5;51447.91358;11.71921;0.99;10.89;;11;5.738;89.75;2.57;1.34;1.74;3.31;0.37;0.93;1.09;0.96;1.08;1.15;;;;;;;;;;;;-0.11794;0.65381;-0.54318;-0.05122;;;;;4;3.41788;4.19946;7.0779;7.90127;-2.99207;-2.99207;-27.42229;-27.42229;1.01;0.85;1;5;0;0.04;;;;2;2;2;1;0;3;3;;1.87;;;71;-22.52;1/4;;;;;Renta Fija;133;120;125;https://bancaonline.bankinter.com/resources/allfundssheets-enmenm/es/?isin=LU1112750929&language=es&currency=EUR&channel=nbol;2026-09-10
LU1380459518;Vontobel TwentyFour StratInc AH Hdg EUR;Vontobel Fund - TwentyFour Strategic Income Fund AH (hedged) EUR Dist;Vontobel Asset Management S.A.;Fixed Income;Global Fixed Income;RF Flexible Global-EUR Cubierto;FO;EUR;Luxemburgo;2;4;1.38;0;True;False;2016-03-23;;;;;-0.06;-0.47;-0.65;-0.14;0.02;-0.1;0.94;5.63;0.12;1.83;4.31;6.65;7.51;-14.62;0.75;6.35;7.31;7;5;1364.10389;0.90909;;0.18;;11;6.88429;78.38;1.77;2.01;1.54;3.4;2.02;2.38;0.93;0.92;0.94;0.9;;;;;;;;;;;;-0.08563;0.66279;-0.23843;0.2195;;;;;4;3.34257;4.31621;6.6229;6.13851;-2.96379;-3.09827;-21.1124;-21.1124;1.38;1.25;0;5;0;0.01;;;;1;1;2;1;0;2;0;;1.82;;;86;-14.62;2/4;;;;;Renta Fija;133;120;125;https://bancaonline.bankinter.com/resources/allfundssheets-enmenm/es/?isin=LU1380459518&language=es&currency=EUR&channel=nbol;2026-09-10
LU1695534757;Vontobel TwentyFour StratInc AQH HGrsEUR;Vontobel Fund - TwentyFour Strategic Income Fund AQH (hedged) Gross EUR Dist;Vontobel Asset Management S.A.;Fixed Income;Global Fixed Income;RF Flexible Global-EUR Cubierto;FO;EUR;Luxemburgo;2;3;1.38;0;True;False;2017-10-10;;;;;-0.05;-0.47;-0.65;-0.13;0.03;-0.1;0.95;5.6;0.08;;4.24;6.67;7.45;-14.68;0.82;6.33;7.25;7;5;1364.10389;0.90909;;0.18;;11;6.88429;77.98;1.74;2.03;1.53;3.37;1.98;;0.92;0.92;0.93;;;;;;;;;;;;;-0.08268;0.65699;-0.24367;;;;;;4;3.3117;4.31619;6.62208;;-2.95904;-3.16172;-21.1557;;1.38;1.25;0;5;0;0.01;;;;1;1;2;1;0;2;;;1.77;;;86;-14.68;1/4;;;;;Renta Fija;133;120;125;https://bancaonline.bankinter.com/resources/allfundssheets-enmenm/es/?isin=LU1695534757&language=es&currency=EUR&channel=nbol;2026-09-10
LU1551754515;Vontobel TwentyFour StratInc H Hdg EUR;Vontobel Fund - TwentyFour Strategic Income Fund H (hedged) EUR Cap;Vontobel Asset Management S.A.;Fixed Income;Global Fixed Income;RF Flexible Global-EUR Cubierto;FO;EUR;Luxemburgo;2;3;1.38;0;True;False;2017-01-31;;;;;-0.05;-0.47;-0.65;-0.12;0.04;-0.07;0.98;5.64;0.11;;4.26;6.66;7.5;-14.63;0.78;6.2;7.27;7;5;1364.10389;0.90909;;0.18;;11;6.88429;78;1.76;2.03;1.57;3.4;2.02;;0.92;0.92;0.94;;;;;;;;;;;;;-0.07229;0.66329;-0.23903;;;;;;4;3.32714;4.32052;6.62885;;-2.9527;-3.15635;-21.14977;;1.38;1.25;0;5;0;0.01;;;;1;1;1;1;0;2;;;1.79;;;86;-14.63;1/4;;;;;Renta Fija;133;120;125;https://bancaonline.bankinter.com/resources/allfundssheets-enmenm/es/?isin=LU1551754515&language=es&currency=EUR&channel=nbol;2026-09-10
LU2004361643;M&G (Lux) Optimal Inc AH GBP Acc;M&G (Lux) Optimal Income Fund GBP A-H Acc;M&G Luxembourg S.A.;Fixed Income;Global Fixed Income;RF Flexible Global-GBP Cubierto;FO;GBP;Luxemburgo;3;;1.36;1000;True;False;2019-07-05;;;;;-0.1;0.08;-0.69;-0.88;;;;;;;;;;;;;;7;6;3221.68776;5.80013;1.49;0.24;;8;;;;;;;;;;;;;;;;;;;;;;;;;;;;;;;;;;;;;;;;;1.36;1.25;0;4;0;0.23;;;;3;;;;;;;;;;;;;0/4;;;;;Renta Fija;133;120;125;https://bancaonline.bankinter.com/resources/allfundssheets-enmenm/es/?isin=LU2004361643&language=es&currency=EUR&channel=nbol;2026-09-10
LU0278466700;BGF Fixed Income Global Opps A2;BlackRock Global Funds - Fixed Income Global Opportunities Fund A2;BlackRock (Luxembourg) SA;Fixed Income;Global Fixed Income;RF Flexible Global-USD Cubierto;FO;USD;Luxemburgo;3;3;1.22;5000;True;False;2007-01-31;;;;;0;0.23;-0.06;0.28;1.02;1.14;2.77;6.09;2.43;2.9;7.91;4.42;6.63;-6.51;0;5.74;7.09;2;4;48229.85822;13.98706;2.07;1.74;0.01211;12;8.27;86.71;1.29;1.5;1.37;1.74;0.9;1.01;0.95;0.82;0.63;0.62;;;;;;;;;;;;-0.15854;0.37126;-0.38468;0.11474;;;;;2;3.15326;3.62628;3.84583;4.0147;-2.46778;-2.46778;-9.55696;-9.84694;1.22;1;0;5;0;0.59;0.44;;;2;2;2;1;2;1;2;;2.47;;;71;-6.51;1/4;;;;;Renta Fija;133;120;125;https://bancaonline.bankinter.com/resources/allfundssheets-enmenm/es/?isin=LU0278466700&language=es&currency=EUR&channel=nbol;2026-09-10
LU1005243255;BGF Fixed Income Global Opps A2 EUR;BlackRock Global Funds - Fixed Income Global Opportunities Fund A2 EUR;BlackRock (Luxembourg) SA;Fixed Income;Global Fixed Income;RF Flexible Global-USD Cubierto;FO;EUR;Luxemburgo;3;3;1.22;;True;False;2007-01-31;;;;;0.07;0;-0.65;-0.46;0.53;2.07;3.87;3.28;2.75;2.6;-4.58;11.42;2.99;-0.8;8.07;-3.26;9.18;2;4;41918.98127;13.98706;2.07;1.74;0.01211;12;8.27;;;;;;;;;;;;;;;;;;;;;;;0.42569;0.16583;0.15271;0.29481;;;;;2;4.73171;6.19024;6.33669;6.56933;-3.11506;-10.42447;-11.44378;-13.30772;1.22;1;0;5;;0.59;0.44;;;2;2;2;1;2;1;2;;0.31;;;57;-4.58;1/4;;;;;Renta Fija;133;120;125;https://bancaonline.bankinter.com/resources/allfundssheets-enmenm/es/?isin=LU1005243255&language=es&currency=EUR&channel=nbol;2026-09-10
IE00B4S5QX91;BNY Mellon Absolute Ret Bd USD R Acc H;BNY Mellon Absolute Return Bond Fund USD R Acc Hedged;BNY Mellon Fund Management (Lux) S.A.;Fixed Income;Global Fixed Income;RF Flexible Global-USD Cubierto;FO;USD;Irlanda;2;4;1.18;5000;True;False;2013-07-22;;;;;0.07;0.26;0.18;1.18;2.15;1.62;2.97;6.44;4.99;2.82;4.36;9.1;8.26;2.32;-0.16;1.23;3.42;;;;;;;;12;2.47901;21.79;0.65;3.62;-0.72;1.78;1.22;0.41;0.21;0.2;0.05;0.09;;;;;;;;;;;;-0.89313;0.94827;0.42139;0.09958;;;;;2;1.27121;1.86617;2.6342;3.39268;-1.16229;-2.03848;-4.38565;-9.80597;1.18;1;1;5;0;0.36;0.15;;;0;0;1;2;1;0;2;;3.16;;;86;-0.16;2/4;;;;;Renta Fija;133;120;125;https://bancaonline.bankinter.com/resources/allfundssheets-enmenm/es/?isin=IE00B4S5QX91&language=es&currency=EUR&channel=nbol;2026-09-10
LU1046547540;BSF ESG Fixed Income Strategies A2 USD;BlackRock ESG Fixed Income Strategies Fund A2 USD;BlackRock (Luxembourg) SA;Fixed Income;Global Fixed Income;RF Flexible Global-USD Cubierto;FO;USD;Luxemburgo;2;4;1.28;5000;True;False;2014-04-02;;;;;-0.03;-0.11;-0.55;0.12;0.91;1.13;2.96;5.83;4.01;3.33;7.26;5.49;5.09;1.45;-0.75;4.61;5.23;7;4;36.06365;;;0.05;;11;11.47;58.29;0.66;2.82;1;1.41;1.81;1.22;0.71;0.4;0.44;0.38;;;;;;;;;;;;-0.151;0.5736;0.05439;0.28086;;;;;2;2.63475;2.15538;3.53468;3.18682;-2.09864;-2.09864;-5.4286;-7.01358;1.28;1;0;5;0;0.79;0.2;;;1;1;1;1;2;0;1;;2.78;;;86;-0.75;2/4;;;;;Renta Fija;133;120;125;https://bancaonline.bankinter.com/resources/allfundssheets-enmenm/es/?isin=LU1046547540&language=es&currency=EUR&channel=nbol;2026-09-10
LU1046548191;BSF ESG Fixed Income Strategies A4 USD H;BlackRock ESG Fixed Income Strategies Fund A4 USD Hedged;BlackRock (Luxembourg) SA;Fixed Income;Global Fixed Income;RF Flexible Global-USD Cubierto;FO;USD;Luxemburgo;2;4;1.28;5000;True;False;2014-04-02;;;;;-0.04;-0.12;-0.56;0.11;0.91;1.14;2.97;5.83;4.01;3.34;7.26;5.5;5.08;1.44;-0.75;4.6;5.25;7;4;36.06365;;;0.05;;11;11.47;58.22;0.66;2.82;1;1.41;1.81;1.22;0.71;0.4;0.44;0.38;;;;;;;;;;;;-0.14937;0.57386;0.05454;0.28197;;;;;2;2.63545;2.15504;3.532;3.1824;-2.0933;-2.0933;-5.43097;-7.00442;1.28;1;0;5;0;0.79;0.2;;;1;1;1;1;2;0;1;;2.79;;;86;-0.75;2/4;;;;;Renta Fija;133;120;125;https://bancaonline.bankinter.com/resources/allfundssheets-enmenm/es/?isin=LU1046548191&language=es&currency=EUR&channel=nbol;2026-09-10
LU0867954264;JPM Global Bd Opps A acc USD;JPMorgan Funds - Global Bond Opportunities Fund A (acc) - USD;JPMorgan Asset Management (Europe) S.à r.l.;Fixed Income;Global Fixed Income;RF Flexible Global-USD Cubierto;FO;USD;Luxemburgo;3;3;1.21;35000;True;False;2013-02-22;;;;;-0.01;0.22;-0.58;-0.06;0.53;0.49;1.79;5.56;1.95;2.98;8.01;3.24;5.96;-6.77;0.76;7.08;10.23;;5;;;;;;12;6.37135;85.78;0.78;1.74;1.31;1.34;1.45;1.36;1.29;1.04;0.86;0.82;;;;;;;;;;;;-0.27731;0.18009;-0.33009;0.12881;;;;;3;4.46952;4.60932;5.37779;4.83333;-4.00404;-4.00404;-11.99046;-11.99046;1.21;1;0;3;1;0.37;;;;3;3;3;2;2;2;2;;1.39;;;86;-6.77;0/4;;;;;Renta Fija;133;120;125;https://bancaonline.bankinter.com/resources/allfundssheets-enmenm/es/?isin=LU0867954264&language=es&currency=EUR&channel=nbol;2026-09-10
LU1670725347;M&G (Lux) Optimal Income A H USD Acc;M&G (Lux) Optimal Income Fund USD A-H Acc;M&G Luxembourg S.A.;Fixed Income;Global Fixed Income;RF Flexible Global-USD Cubierto;FO;USD;Luxemburgo;3;;1.36;1000;True;False;2018-09-07;;;;;-0.1;0.09;-0.68;-0.87;;;;;;;;;;;;;;7;6;4335.58669;5.80013;1.49;0.24;0.05019;8;;;;;;;;;;;;;;;;;;;;;;;;;;;;;;;;;;;;;;;;;1.36;1.25;0;4;0;0.19;;;;3;;;;;;;;;;;;;0/4;;;;;Renta Fija;133;120;125;https://bancaonline.bankinter.com/resources/allfundssheets-enmenm/es/?isin=LU1670725347&language=es&currency=EUR&channel=nbol;2026-09-10
LU1340702932;MFS Meridian Global Oppc Bd A1 EUR;MFS Meridian Funds - Global Opportunistic Bond Fund A1 EUR;MFS Investment Management Company (Lux) S.à.r.l;Fixed Income;Global Fixed Income;RF Flexible Global-USD Cubierto;FO;EUR;Luxemburgo;3;1;1.2;0;True;False;2016-07-11;;;;;-0.09;-0.09;-1.21;-1.3;-1.13;0.62;1.24;1.48;0.5;1.4;-7.43;8.8;4.75;-5.87;4.87;-2.68;13.04;;6;;;;;;12;8.49;93.95;-0.04;1.91;-0.29;0.16;0.42;0.34;1.24;1.32;1.08;1.09;;;;;;;;;;;;-0.00878;-0.13569;-0.20243;0.11607;;;;;3;5.31606;6.7214;6.63507;6.67629;-4.13853;-11.26307;-11.26307;-14.84303;1.2;0.55;0;6;0;0.13;;;;3;3;3;3;3;3;3;;0.13;;;57;-7.43;0/4;;;;;Renta Fija;133;120;125;https://bancaonline.bankinter.com/resources/allfundssheets-enmenm/es/?isin=LU1340702932&language=es&currency=EUR&channel=nbol;2026-09-10
LU0694238766;MS INVF Global Fixed Income Opps A;Morgan Stanley Investment Funds - Global Fixed Income Opportunities Fund A;MSIM Fund Management (Ireland) Limited;Fixed Income;Global Fixed Income;RF Flexible Global-USD Cubierto;FO;USD;Luxemburgo;2;3;1.25;0;True;False;2011-11-07;;;;;-0.02;0.12;-0.26;0.78;0.4;0.8;2.44;5.78;2.21;3.04;7.48;4.63;7.81;-7.9;-0.55;3.99;9.29;7;;10.68256;2.22955;;;;12;7.9315;85.94;1.06;1.59;1.25;1.46;0.75;1.25;1.05;0.77;0.64;0.69;;;;;;;;;;;;-0.23388;0.32012;-0.43884;0.14434;;;;;3;3.48928;3.40597;3.82439;4.42242;-2.95954;-2.95954;-11.14864;-11.9092;1.25;1;0;3;0;0.26;0.35;;;1;3;2;2;2;2;2;;1.95;;;71;-7.9;0/4;;;;;Renta Fija;133;120;125;https://bancaonline.bankinter.com/resources/allfundssheets-enmenm/es/?isin=LU0694238766&language=es&currency=EUR&channel=nbol;2026-09-10
LU2295320142;MS INVF Global Fixed Income Opps A EUR;Morgan Stanley Investment Funds - Global Fixed Income Opportunities Fund A (EUR);MSIM Fund Management (Ireland) Limited;Fixed Income;Global Fixed Income;RF Flexible Global-USD Cubierto;FO;EUR;Luxemburgo;3;3;1.25;;True;False;2021-04-30;;;;;0;-0.07;-0.81;0.07;0;1.7;3.58;3;2.54;;-4.92;11.66;4.11;-2.33;;;;7;;9.28475;2.22955;;;;12;7.9315;80.05;0.93;1.83;1.16;1.51;0.79;;1.08;0.78;0.63;;;;;;;;;;;;;0.34982;0.12472;0.12481;;;;;;2;4.86434;6.10251;6.2017;;-3.02926;-10.61831;-10.61831;;1.25;1;0;3;0;0.26;;;;1;2;2;2;2;2;;;0.28;;;50;-4.92;0/4;;;;;Renta Fija;133;120;125;https://bancaonline.bankinter.com/resources/allfundssheets-enmenm/es/?isin=LU2295320142&language=es&currency=EUR&channel=nbol;2026-09-10
IE000EGAKI03;Man Dynamic Income DB H USD Cap;Man Funds plc - Man Dynamic Income DB USD Capitalisation;Man Asset Management (Ireland) Limited;Fixed Income;Global Fixed Income;RF Flexible Global-USD Cubierto;FO;USD;Irlanda;3;;1.96;1000;True;False;2025-10-10;;;;;0.05;0.02;0.45;1.82;4.01;5.07;;;;;;;;;;;;;;;;;;;14;2.9;;;;;;;;;;;;;;;;;;;;;;;;;;;;;;;;;;;;;;;;;1.75;0;0;0;;;;;0;0;0;;;;;;;;;;;0/4;;;;;Renta Fija;133;120;125;https://bancaonline.bankinter.com/resources/allfundssheets-enmenm/es/?isin=IE000EGAKI03&language=es&currency=EUR&channel=nbol;2026-09-10
IE00B51H7M53;Muzinich Enhancedyield S-T HUSD Acc R;Muzinich Enhancedyield Short-Term Fund Hedged USD Accumulation R Units;Muzinich & Co. (Ireland) Limited;Fixed Income;Global Fixed Income;RF Flexible Global-USD Cubierto;FO;USD;Irlanda;2;3;0.89;1000;True;False;2011-05-18;;;;;-0.01;-0.07;0.09;0.64;1.21;1.73;3.33;5.68;3.02;3.29;5.95;5.88;6.65;-4.4;1.68;3.34;7.27;;4;;;;;;12;3.92;68.27;0.56;2.91;0.54;1.16;0.39;1.18;0.48;0.32;0.33;0.39;;;;;;;;;;;;-0.21465;0.62631;-0.34137;0.23177;;;;;2;1.85435;1.6381;2.61257;3.59383;-1.46295;-1.46295;-7.27271;-12.37082;0.89;0.75;0;3;0;0.09;;;;0;0;1;1;2;1;1;;3.88;;;86;-4.4;3/4;;;;;Renta Fija;133;120;125;https://bancaonline.bankinter.com/resources/allfundssheets-enmenm/es/?isin=IE00B51H7M53&language=es&currency=EUR&channel=nbol;2026-09-10
IE00B3Y6DR28;PIMCO GIS Dynamic Bd E Acc;PIMCO GIS Dynamic Bond Fund E Class Accumulation;PIMCO Global Advisors (Ireland) Limited;Fixed Income;Global Fixed Income;RF Flexible Global-USD Cubierto;FO;USD;Irlanda;2;3;1.8;1000;True;False;2010-05-11;;;;;-0.07;0.07;-0.3;0.3;0.3;0.9;3.07;5.83;1.87;2.46;7.69;5.64;6.27;-8.86;-0.74;4.73;3.84;3;5;536401.01313;21.79819;9.82;4.65;;10;5.6;76.79;0.85;2.02;0.78;1.44;0.25;0.46;0.78;0.67;0.6;0.52;;;;;;;;;;;;-0.26797;0.35753;-0.57067;-0.00294;;;;;2;2.77343;3.12772;3.64006;3.31933;-2.67261;-2.67261;-11.60133;-11.96097;1.8;2.5;0;5;0;0.2;;;;2;2;2;2;2;2;2;;2.18;;;71;-8.86;0/4;;;;;Renta Fija;133;120;125;https://bancaonline.bankinter.com/resources/allfundssheets-enmenm/es/?isin=IE00B3Y6DR28&language=es&currency=EUR&channel=nbol;2026-09-10
IE00B7KFL990;PIMCO GIS Income E USD Acc;PIMCO GIS Income Fund E Class USD Accumulation;PIMCO Global Advisors (Ireland) Limited;Fixed Income;Global Fixed Income;RF Flexible Global-USD Cubierto;FO;USD;Irlanda;2;4;1.45;1000;True;False;2012-11-30;;;;;0.06;0.11;-0.22;-0.17;-0.61;0.22;2.94;6.07;2.41;3.49;9.54;4.57;7.62;-8.38;1.68;5.66;8.11;7;6;7298.23673;8.6631;0.97;0.71;0.02693;10;9.42;86.98;1.14;1.66;1.38;1.86;2.31;1.87;1.16;1.04;0.99;0.89;;;;;;;;;;;;-0.24409;0.29344;-0.23647;0.20463;;;;;3;3.67104;4.59178;5.73253;5.27445;-3.31857;-3.34224;-13.36702;-15.05738;1.45;2.5;0;5;0;0.11;;;;3;3;3;2;2;1;1;;1.82;;;86;-8.38;2/4;;;;;Renta Fija;133;120;125;https://bancaonline.bankinter.com/resources/allfundssheets-enmenm/es/?isin=IE00B7KFL990&language=es&currency=EUR&channel=nbol;2026-09-10
IE00B8K7V925;PIMCO GIS Income E USD Inc;PIMCO GIS Income Fund E Class USD Income;PIMCO Global Advisors (Ireland) Limited;Fixed Income;Global Fixed Income;RF Flexible Global-USD Cubierto;FO;USD;Irlanda;2;4;1.45;1000;True;False;2012-11-30;;;;;0.11;0.11;-0.22;-0.12;-0.54;0.27;2.98;6.07;2.41;3.49;9.56;4.45;7.74;-8.37;1.63;5.61;8.14;7;6;7298.23673;8.6631;0.97;0.71;0.02693;10;9.42;87.32;1.17;1.64;1.56;1.88;2.32;1.88;1.2;1.05;0.99;0.89;;;;;;;;;;;;-0.21377;0.29799;-0.23549;0.2052;;;;;3;3.80464;4.60326;5.74719;5.29014;-3.38461;-3.38461;-13.32798;-14.98275;1.45;2.5;0;5;0;0.11;;;;3;3;3;2;2;1;1;;1.79;;;86;-8.37;2/4;;;;;Renta Fija;133;120;125;https://bancaonline.bankinter.com/resources/allfundssheets-enmenm/es/?isin=IE00B8K7V925&language=es&currency=EUR&channel=nbol;2026-09-10
IE00BV1VS594;PIMCO GIS Income Investor USD Acc;PIMCO GIS Income Fund Investor USD Accumulation;PIMCO Global Advisors (Ireland) Limited;Fixed Income;Global Fixed Income;RF Flexible Global-USD Cubierto;FO;USD;Irlanda;2;4;0.9;1000000;True;False;2015-01-20;;;;;0.06;0.12;-0.18;0;-0.31;0.62;3.52;6.67;2.96;4.06;10.13;5.11;8.26;-7.82;2.2;6.15;8.81;7;6;7298.23673;8.6631;0.97;0.71;0.02693;10;9.42;87.13;1.52;1.64;1.94;2.41;2.85;2.43;1.16;1.04;0.98;0.89;;;;;;;;;;;;-0.09316;0.41709;-0.13925;0.31002;;;;;3;3.67454;4.5659;5.72764;5.28523;-3.30072;-3.30072;-12.85715;-14.96915;0.9;0.55;0;5;0;0.11;;;;3;3;3;1;1;1;0;;2.02;;;86;-7.82;4/4;;;;;Renta Fija;133;120;125;https://bancaonline.bankinter.com/resources/allfundssheets-enmenm/es/?isin=IE00BV1VS594&language=es&currency=EUR&channel=nbol;2026-09-10
LU0232525203;AB American Income A2 EUR;AB FCP I - American Income Portfolio A2 EUR Acc;AllianceBernstein (Luxembourg) S.à r.l.;Fixed Income;US Fixed Income;RF Flexible USD;FO;EUR;Luxemburgo;3;2;1.32;2000;True;False;2001-06-01;;;;;0.1;-0.45;-1.16;-0.62;-0.93;0.66;0.8;2.48;0.87;1.75;-5.25;9.59;5.06;-7.55;6.87;-3.83;14.66;7;6;;;0.31;;;11;6.19;90.97;0.58;1.69;-1.1;0.94;0.73;0.86;0.97;0.98;0.98;0.97;;;;;;;;;;;;-0.06396;0.00888;-0.15726;0.17692;;;;;4;4.44996;6.2367;6.39038;7.05037;-3.69989;-10.7603;-10.88154;-17.04083;1.32;1.1;0;5;0;0.02;;;;3;3;2;3;2;2;3;;0.23;;;57;-7.55;0/4;;;;;Renta Fija;133;120;125;https://bancaonline.bankinter.com/resources/allfundssheets-enmenm/es/?isin=LU0232525203&language=es&currency=EUR&channel=nbol;2026-09-10
LU0095030564;AB American Income A2 USD;AB FCP I - American Income Portfolio A2 Acc;AllianceBernstein (Luxembourg) S.à r.l.;Fixed Income;US Fixed Income;RF Flexible USD;FO;USD;Luxemburgo;3;2;1.32;2000;True;False;1998-10-26;;;;;-0.03;-0.18;-0.44;-0.59;-1.15;-0.53;0.48;5.09;0.42;2.16;7.55;2.82;8.31;-13.08;-0.37;4.67;12.28;7;6;;;0.31;;;11;6.19;94.54;0.79;1.28;-1.12;0.94;0.78;0.85;0.93;0.95;1;0.99;;;;;;;;;;;;-0.85562;0.09566;-0.48847;-0.02152;;;;;4;3.37842;5.38296;6.6666;6.41952;-3.18713;-4.20976;-19.05202;-19.05202;1.32;1.1;0;5;0;0.02;0.5;;;3;3;3;3;2;2;3;;1.21;;;71;-13.08;0/4;;;;;Renta Fija;133;120;125;https://bancaonline.bankinter.com/resources/allfundssheets-enmenm/es/?isin=LU0095030564&language=es&currency=EUR&channel=nbol;2026-09-10
LU0232526433;AB American Income C2 EUR;AB FCP I - American Income Portfolio C2 EUR Acc;AllianceBernstein (Luxembourg) S.à r.l.;Fixed Income;US Fixed Income;RF Flexible USD;FO;EUR;Luxemburgo;3;2;1.77;2000;True;False;2001-06-01;;;;;0.09;-0.46;-1.24;-0.75;-1.15;0.32;0.32;2.02;0.42;1.29;-5.65;9.11;4.56;-7.99;6.44;-4.27;14.13;7;6;;;0.31;;;11;6.19;90.85;0.3;1.7;-1.5;0.49;0.27;0.41;0.97;0.97;0.98;0.97;;;;;;;;;;;;-0.15453;-0.06332;-0.22842;0.11337;;;;;4;4.41947;6.21598;6.37819;7.0517;-3.81746;-10.8181;-11.26284;-17.0325;1.77;1.55;0;0;0;0.02;;;;3;3;3;3;2;3;3;;0.19;;;57;-7.99;0/4;;;;;Renta Fija;133;120;125;https://bancaonline.bankinter.com/resources/allfundssheets-enmenm/es/?isin=LU0232526433&language=es&currency=EUR&channel=nbol;2026-09-10
LU1021288185;AB Mortgage Income A2 Acc;AB FCP I - Mortgage Income Portfolio A2 Acc;AllianceBernstein (Luxembourg) S.à r.l.;Fixed Income;US Fixed Income;RF Flexible USD;FO;USD;Luxemburgo;2;4;1.33;2000;True;False;2014-02-20;;;;;0.04;0.13;0.3;0.85;1.67;2.42;4.22;6.95;5.27;4;6.24;8.84;12.85;-3.22;2.69;-3.82;5.93;;;;;;;;14;4.73;46.46;0.65;4.49;0.96;2.28;2.2;2.06;0.28;0.21;0.22;0.28;;;;;;;;;;;;0.40194;1.30282;0.48974;0.22834;;;;;3;1.06558;1.75483;2.95885;7.84241;-0.81161;-1.12818;-6.08365;-26.60307;1.33;1.1;0;5;0;0.23;0.5;;;0;0;0;0;0;0;0;;6.16;;;71;-3.82;4/4;;;;;Renta Fija;133;120;125;https://bancaonline.bankinter.com/resources/allfundssheets-enmenm/es/?isin=LU1021288185&language=es&currency=EUR&channel=nbol;2026-09-10
LU1883841022;Amundi Fds Strat Inc A EUR C;Amundi Funds - Strategic Income A EUR (C);Amundi Luxembourg S.A.;Fixed Income;US Fixed Income;RF Flexible USD;FO;EUR;Luxemburgo;3;2;1.78;1;True;False;2003-04-04;;;;;-0.09;-0.09;-1.02;-0.94;-1.27;0.95;2.2;2.72;0.72;1.59;-3.92;9.6;2.43;-7.69;8.23;-1.66;11.03;;;;;;;;;;97.73;1.36;0.94;0.32;1.28;0.73;0.6;0.99;1.06;0.99;0.97;;;;;;;;;;;;0.22625;0.05602;-0.15671;0.14004;;;;;3;4.99191;6.2902;6.44465;7.14522;-3.73755;-10.58632;-12.76238;-15.05659;1.78;1.5;1;5;0;0.11;0.5;;;3;3;2;2;2;2;3;;0.26;;;57;-7.69;3/4;;;;;Renta Fija;133;120;125;https://bancaonline.bankinter.com/resources/allfundssheets-enmenm/es/?isin=LU1883841022&language=es&currency=EUR&channel=nbol;2026-09-10
LU2070309294;Amundi Fds Strat Inc A2 EUR C;Amundi Funds - Strategic Income A2 EUR (C);Amundi Luxembourg S.A.;Fixed Income;US Fixed Income;RF Flexible USD;FO;EUR;Luxemburgo;3;2;1.99;;True;False;2019-11-19;;;;;-0.08;-0.08;-0.89;-0.84;-1.24;0.99;2.33;2.71;0.73;;-3.8;9.43;2.25;-7.82;8.52;-1.83;;;;;;;;;;;97.02;1.11;1.1;0.19;1.23;0.65;;0.99;1.07;0.99;;;;;;;;;;;;;0.20219;0.04731;-0.16872;;;;;;4;4.8456;6.26956;6.44858;;-3.76019;-10.63222;-13.0442;;1.99;1.7;0;5;0;0.11;;;;3;3;2;2;2;2;;;0.25;;;50;-7.82;2/4;;;;;Renta Fija;133;120;125;https://bancaonline.bankinter.com/resources/allfundssheets-enmenm/es/?isin=LU2070309294&language=es&currency=EUR&channel=nbol;2026-09-10
LU3081002787;Amundi Fds Strat Inc A2 EUR H MGI D;Amundi Funds - Strategic Income A2 EUR Hgd MGI (D);Amundi Luxembourg S.A.;Fixed Income;US Fixed Income;RF Flexible USD;FO;EUR;Luxemburgo;3;;1.97;;True;False;2025-06-27;;;;;0.06;0.04;-0.34;-0.61;-1.65;-1.18;;;;;;;;;;;;;;;;;;;;;;;;;;;;;;;;;;;;;;;;;;;;;;;;;;;;;;;;;;;;1.97;1.7;0;5;0;0.11;;;;3;3;3;;;;;;;;;;;0/4;;;;;Renta Fija;133;120;125;https://bancaonline.bankinter.com/resources/allfundssheets-enmenm/es/?isin=LU3081002787&language=es&currency=EUR&channel=nbol;2026-09-10
LU2530434740;Capital Group MSI LUX B EUR;Capital Group Multi-Sector Income Fund LUX B EUR;Capital International Management Company Sàrl;Fixed Income;US Fixed Income;RF Flexible USD;FO;EUR;Luxemburgo;2;3;1.1;;True;False;2022-11-29;;;;;0.13;-0.55;-0.99;-0.51;0.2;1.84;2.42;3.87;;;-5.6;12.83;6.97;;;;;7;5;1090.60243;13.37972;0.92;0.18;0.01957;13;7.71061;;;;;;;;;;;;;;;;;;;;;;;0.35912;0.21102;;;;;;;3;4.09907;6.54734;;;-3.60777;-11.93382;;;1.1;1;0;5;;0.14;;;;2;1;1;1;1;;;;0.32;;;67;-5.6;1/4;;;;;Renta Fija;133;120;125;https://bancaonline.bankinter.com/resources/allfundssheets-enmenm/es/?isin=LU2530434740&language=es&currency=EUR&channel=nbol;2026-09-10
LU2530434583;Capital Group MSI LUX Bd EUR;Capital Group Multi-Sector Income Fund LUX Bd EUR;Capital International Management Company Sàrl;Fixed Income;US Fixed Income;RF Flexible USD;FO;EUR;Luxemburgo;2;4;1.1;;True;False;2022-11-29;;;;;0.13;-0.55;-0.99;-0.52;0.2;1.91;2.43;3.84;;;-5.72;12.81;5.19;;;;;7;5;1090.60243;13.37972;0.92;0.18;0.01957;13;7.71061;;;;;;;;;;;;;;;;;;;;;;;0.36386;0.20599;;;;;;;3;4.11795;6.59171;;;-3.52042;-11.89256;;;1.1;1;0;5;;0.14;;;;2;1;1;1;1;;;;0.32;;;67;-5.72;1/4;;;;;Renta Fija;133;120;125;https://bancaonline.bankinter.com/resources/allfundssheets-enmenm/es/?isin=LU2530434583&language=es&currency=EUR&channel=nbol;2026-09-10
LU0300737037;Franklin Strategic Income A(acc)USD;Franklin Strategic Income Fund A(acc)USD;Franklin Templeton International Services S.à r.l.;Fixed Income;US Fixed Income;RF Flexible USD;FO;USD;Luxemburgo;2;3;1.35;1000;True;False;2007-07-12;;;;;-0.11;0.06;-0.33;0.33;0.17;0.39;1.51;5.16;1.01;1.98;6.68;3.93;7.96;-11.76;1;3.8;9.25;6;5;;25.96728;0.97;;;13;4.8;90.92;0.49;2.04;-0.26;0.75;0.36;0.39;0.59;0.7;0.76;0.72;;;;;;;;;;;;-0.62425;0.10962;-0.51286;-0.0611;;;;;3;2.22718;4.02777;5.34795;5.55269;-2.03407;-3.32056;-16.0879;-18.34139;1.35;1.25;0;5;0;0.34;0.14;;;1;1;2;2;2;2;3;;1.55;;;86;-11.76;3/4;;;;;Renta Fija;133;120;125;https://bancaonline.bankinter.com/resources/allfundssheets-enmenm/es/?isin=LU0300737037&language=es&currency=EUR&channel=nbol;2026-09-10
LU0323456466;JPM Income Opp A perf acc USD;JPMorgan Investment Funds - Income Opportunity Fund A (perf) (acc) USD;JPMorgan Asset Management (Europe) S.à r.l.;Fixed Income;US Fixed Income;RF Flexible USD;FO;USD;Luxemburgo;2;3;1.2;35000;True;False;2008-10-14;;;;;0;0.01;0.16;0.76;1.52;2.02;3.07;4.02;2.99;2.35;3.59;4.92;4.65;0.06;0.14;1.19;3.8;7;1;;;;;;9;2.35;14.42;0.01;5.64;-0.76;-0.57;-0.98;-0.14;0.01;-0.03;-0.02;0;;;;;;;;;;;;-3.33359;-1.31617;-1.78695;-0.08546;;;;;1;0.22557;0.47701;0.75374;1.74973;-0.1053;-0.2258;-1.07922;-5.4697;1.2;1;1;3;1;0.55;;;;0;0;0;1;3;0;2;;17.8;;;100;0.06;3/4;;;;;Renta Fija;133;120;125;https://bancaonline.bankinter.com/resources/allfundssheets-enmenm/es/?isin=LU0323456466&language=es&currency=EUR&channel=nbol;2026-09-10
LU0070215933;JPM US Bond A acc USD;JPMorgan Investment Funds - US Bond Fund A (acc) USD;JPMorgan Asset Management (Europe) S.à r.l.;Fixed Income;US Fixed Income;RF Flexible USD;FO;USD;Luxemburgo;2;2;1.1;35000;True;False;1997-05-15;;;;;0.02;0.06;-0.36;-0.42;-1.36;-0.86;0.03;3.82;-0.77;1.09;6.57;1.27;4.85;-13.4;-1.05;7.44;8.96;7;5;551.28409;;;0.14;;10;8.48707;96.64;-0.43;1.04;-0.42;-0.41;-0.61;-0.34;1.1;1.02;0.97;0.97;;;;;;;;;;;;-0.70215;-0.15347;-0.73217;-0.26601;;;;;3;3.5893;5.6679;6.24603;4.98211;-2.82423;-5.06184;-18.20306;-18.23708;1.1;0.9;0;3;1;0.09;;;;3;3;3;3;3;3;3;;0.75;;;71;-13.4;0/4;;;;;Renta Fija;133;120;125;https://bancaonline.bankinter.com/resources/allfundssheets-enmenm/es/?isin=LU0070215933&language=es&currency=EUR&channel=nbol;2026-09-10
LU0115104423;JPM US Bond D acc USD;JPMorgan Investment Funds - US Bond Fund D (acc) USD;JPMorgan Asset Management (Europe) S.à r.l.;Fixed Income;US Fixed Income;RF Flexible USD;FO;USD;Luxemburgo;2;2;1.35;5000;True;False;2001-11-13;;;;;0.02;0.06;-0.38;-0.48;-1.48;-1.03;-0.22;3.56;-1.01;0.84;6.31;1.01;4.59;-13.62;-1.29;7.17;8.69;7;5;551.28409;;;0.14;;10;8.48707;96.62;-0.67;1.04;-0.66;-0.66;-0.86;-0.6;1.1;1.02;0.97;0.97;;;;;;;;;;;;-0.76942;-0.19751;-0.77317;-0.31655;;;;;3;3.59524;5.66894;6.24532;4.98181;-2.88484;-5.12833;-18.62295;-18.69645;1.35;0.9;0;3;1;0.09;;;;3;3;3;3;3;3;3;;0.69;;;71;-13.62;0/4;;;;;Renta Fija;133;120;125;https://bancaonline.bankinter.com/resources/allfundssheets-enmenm/es/?isin=LU0115104423&language=es&currency=EUR&channel=nbol;2026-09-10
LU3211767630;Loomis Sayles Multisector Inc R/A USD;Natixis International Funds (Lux) I Loomis Sayles Multisector Income Fund R/A (USD);Natixis Investment Managers International;Fixed Income;US Fixed Income;RF Flexible USD;FO;USD;Luxemburgo;3;2;1.51;;True;False;2026-06-15;;;;;0.05;-0.11;-0.31;-0.11;-1.04;-0.68;0.53;5.98;0.65;2.13;8.14;4.67;7.23;-13.26;0.5;4.87;11.37;7;;9592.47288;12.16745;1.31;1.07;;;;92.46;1.04;1.58;-0.83;1.6;0.91;0.84;0.93;1.01;0.98;0.91;;;;;;;;;;;;-0.78758;0.19813;-0.45158;-0.01177;;;;;4;3.29826;5.78455;6.71366;6.44401;-2.98661;-4.84173;-18.28546;-18.28546;1.51;1.45;0;;;0.16;;;;2;3;3;3;1;2;3;;1.24;;;86;-13.26;3/4;;;;;Renta Fija;133;120;125;https://bancaonline.bankinter.com/resources/allfundssheets-enmenm/es/?isin=LU3211767630&language=es&currency=EUR&channel=nbol;2026-09-10
LU3211767804;Loomis Sayles Multisector Inc RE/A EUR;Natixis International Funds (Lux) I Loomis Sayles Multisector Income Fund RE/A (EUR);Natixis Investment Managers International;Fixed Income;US Fixed Income;RF Flexible USD;FO;EUR;Luxemburgo;3;2;1.81;;True;False;2026-06-15;;;;;-0.14;-0.24;-1.04;-0.85;-1.69;0.05;1.06;2.71;0.67;1.43;-4.98;11.29;3.17;-7.9;7.8;-4.16;13.09;7;;8337.2978;12.16745;1.31;1.07;;;;92.51;0.8;1.58;-1.26;1.23;0.64;0.5;0.91;1.01;1;0.93;;;;;;;;;;;;-0.07484;0.05338;-0.18148;0.13921;;;;;4;4.33821;6.29262;6.35341;6.45576;-3.45783;-10.63164;-11.19018;-15.57647;1.81;1.75;0;;;0.16;;;;3;3;3;3;2;3;3;;0.25;;;57;-7.9;2/4;;;;;Renta Fija;133;120;125;https://bancaonline.bankinter.com/resources/allfundssheets-enmenm/es/?isin=LU3211767804&language=es&currency=EUR&channel=nbol;2026-09-10
IE00B95GFL15;PIMCO GIS Credit Opps Bd E Acc;PIMCO GIS Credit Opportunities Bond Fund E Class Accumulation;PIMCO Global Advisors (Ireland) Limited;Fixed Income;US Fixed Income;RF Flexible USD;FO;USD;Irlanda;2;3;1.55;1000;True;False;2012-12-21;;;;;0;0;-0.36;-0.07;-0.51;-0.94;1.03;5.63;2.81;3.08;6.98;6.79;7.86;-4.52;0.34;2.27;7.12;1;5;2324007.27316;26.63116;4.18;3.49;;11;10.08;74.98;0.5;3.1;-1.23;1.18;1;1.13;0.75;0.52;0.5;0.47;;;;;;;;;;;;-0.83913;0.28981;-0.26539;0.14293;;;;;3;3.17377;3.31339;3.95289;4.64931;-3.59969;-3.59969;-9.14431;-14.26103;1.55;2.5;0;5;0;0.41;;;;2;2;3;3;1;0;1;;1.56;;;86;-4.52;3/4;;;;;Renta Fija;133;120;125;https://bancaonline.bankinter.com/resources/allfundssheets-enmenm/es/?isin=IE00B95GFL15&language=es&currency=EUR&channel=nbol;2026-09-10
LU1353950568;AXAWF Global Infl Sh Dur Bds A Cap USD;AXA World Funds - Global Inflation Short Duration Bonds A Capitalisation USD;BNP PARIBAS ASSET MANAGEMENT Europe;Fixed Income;Global Fixed Income;RF Global Bonos Ligados Inflación;FO;USD;Luxemburgo;2;5;0.72;0;True;False;2016-02-16;;;;;0.02;0.15;0.05;0.26;0.7;2;1.89;4.36;2.79;2.68;5.3;3.31;3.93;-1.63;4.61;3.77;4.31;;5;;;;;;5;3.65357;64.76;0.2;5.7;-1.57;-0.07;0.43;0.52;0.18;0.21;0.23;0.21;;;;;;;;;;;;-1.54634;-0.17049;-0.36479;0.07967;;;;;1;1.19651;1.89087;2.8451;2.24943;-0.89955;-1.16486;-5.20126;-5.20126;0.72;0.5;0;3;0;0.18;0.05;;;0;0;0;1;0;0;0;;3.74;;;86;-1.63;3/4;;;;;Renta Fija;133;120;125;https://bancaonline.bankinter.com/resources/allfundssheets-enmenm/es/?isin=LU1353950568&language=es&currency=EUR&channel=nbol;2026-09-10
LU0266009793;AXAWF Global Infl Bds A Cap EUR;AXA World Funds - Global Inflation Bonds A Capitalisation EUR;BNP PARIBAS ASSET MANAGEMENT Europe;Fixed Income;Global Fixed Income;RF Global Bonos Ligados Inflación - EUR Cubierto;FO;EUR;Luxemburgo;3;2;0.85;0;True;False;2006-09-05;;;;;-0.02;0.36;-0.27;-0.65;-2.01;-0.53;-0.89;0.54;-4.12;-1.12;2.02;-2.95;1.03;-18.79;3.61;7.8;4.49;;6;;;;;;7;9.61027;99.13;-1.09;0.47;-0.84;-0.45;-0.4;-0.52;1.02;1.03;0.99;0.98;;;;;;;;;;;;-0.54306;-0.48401;-0.83438;-0.28006;;;;;4;3.51436;4.81605;7.07419;6.1241;-3.03371;-5.60004;-25.25315;-25.25315;0.85;0.6;0;3;0;0.11;0.02;;;2;2;2;2;3;3;2;;0.1;;;71;-18.79;0/4;;;;;Renta Fija;133;120;125;https://bancaonline.bankinter.com/resources/allfundssheets-enmenm/es/?isin=LU0266009793&language=es&currency=EUR&channel=nbol;2026-09-10
LU1353950725;AXAWF Global Infl Sh Dur Bds A Cap EUR H;AXA World Funds - Global Inflation Short Duration Bonds A Capitalisation EUR (Hedged);BNP PARIBAS ASSET MANAGEMENT Europe;Fixed Income;Global Fixed Income;RF Global Bonos Ligados Inflación - EUR Cubierto;FO;EUR;Luxemburgo;2;4;0.75;0;True;False;2016-02-16;;;;;0.01;0.09;-0.08;-0.43;0.1;0.79;0.15;2.39;0.82;0.62;2.96;1.54;1.66;-3.71;3.74;2.01;1.24;;5;;;;;;5;3.65357;56.18;0.43;3.5;-1.75;0.1;0.57;0.21;0.16;0.3;0.31;0.27;;;;;;;;;;;;-1.58985;-0.24082;-0.3924;-0.05028;;;;;1;1.19883;1.87061;2.87194;2.29999;-0.9545;-1.29943;-6.88519;-6.88519;0.75;0.5;0;3;0;0.18;0.05;;;0;0;1;2;0;0;0;;1.84;;;86;-3.71;4/4;;;;;Renta Fija;133;120;125;https://bancaonline.bankinter.com/resources/allfundssheets-enmenm/es/?isin=LU1353950725&language=es&currency=EUR&channel=nbol;2026-09-10
LU1353950998;AXAWF Global Infl Sh Dur Bds A Dis EUR H;AXA World Funds - Global Inflation Short Duration Bonds A Distribution EUR (Hedged);BNP PARIBAS ASSET MANAGEMENT Europe;Fixed Income;Global Fixed Income;RF Global Bonos Ligados Inflación - EUR Cubierto;FO;EUR;Luxemburgo;2;4;0.75;0;True;False;2016-10-12;;;;;0.02;0.13;-0.09;-0.15;-0.16;0.85;0.02;2.41;0.8;;2.94;1.61;1.7;-3.81;3.77;2.17;1.18;;5;;;;;;5;3.65357;55.57;0.43;3.52;-1.71;0.12;0.6;;0.16;0.29;0.31;;;;;;;;;;;;;-1.54923;-0.22631;-0.38803;;;;;;1;1.20099;1.85409;2.88789;;-0.94489;-1.29218;-6.96476;;0.75;0.5;0;3;0;0.18;0.05;;;0;0;1;2;0;0;;;1.87;;;86;-3.81;3/4;;;;;Renta Fija;133;120;125;https://bancaonline.bankinter.com/resources/allfundssheets-enmenm/es/?isin=LU1353950998&language=es&currency=EUR&channel=nbol;2026-09-10
LU1353951376;AXAWF Global Infl Sh Dur Bds E Cap EUR H;AXA World Funds - Global Inflation Short Duration Bonds E Capitalisation EUR (Hedged);BNP PARIBAS ASSET MANAGEMENT Europe;Fixed Income;Global Fixed Income;RF Global Bonos Ligados Inflación - EUR Cubierto;FO;EUR;Luxemburgo;2;4;1.25;0;True;False;2016-02-16;;;;;-0.01;0.08;-0.14;-0.56;-0.16;0.44;-0.36;1.88;0.32;0.13;2.35;1.12;1.23;-4.28;3.25;1.62;0.73;;5;;;;;;5;3.65357;56.02;0.28;3.51;-2.23;-0.41;0.09;-0.27;0.17;0.3;0.31;0.27;;;;;;;;;;;;-1.98239;-0.51476;-0.56578;-0.26069;;;;;1;1.20517;1.85464;2.87607;2.29889;-1.01212;-1.34356;-7.64105;-8.34886;1.25;0.5;0;0;0;0.18;0.05;;;1;0;1;2;1;0;1;;1.4;;;86;-4.28;3/4;;;;;Renta Fija;133;120;125;https://bancaonline.bankinter.com/resources/allfundssheets-enmenm/es/?isin=LU1353951376&language=es&currency=EUR&channel=nbol;2026-09-10
LU2257473269;AXAWF Inflation Plus A Cap EUR;AXA World Funds - Inflation Plus A Capitalisation EUR;BNP PARIBAS ASSET MANAGEMENT Europe;Fixed Income;Global Fixed Income;RF Global Bonos Ligados Inflación - EUR Cubierto;FO;EUR;Luxemburgo;2;5;0.95;0;True;False;2021-10-04;;;;;0.08;0.05;-0.18;0.26;0.09;1.07;0.74;2.86;;;2.54;3.02;1.04;5.01;;;;;4;;;;;;8;2.54018;65.82;0.58;3.45;-0.58;0.56;;;0.37;0.29;;;;;;;;;;;;;;-0.59309;0.0164;;;;;;;1;1.62808;1.70591;;;-1.28788;-1.28788;;;0.95;0.7;0;3;0;0.11;;;;0;0;0;0;0;;;;2.22;;;100;1.04;2/4;;;;;Renta Fija;133;120;125;https://bancaonline.bankinter.com/resources/allfundssheets-enmenm/es/?isin=LU2257473269&language=es&currency=EUR&channel=nbol;2026-09-10
LU0266009959;AXAWF Global Infl Bds A Cap USD H;AXA World Funds - Global Inflation Bonds A Capitalisation USD (Hedged);BNP PARIBAS ASSET MANAGEMENT Europe;Fixed Income;Global Fixed Income;RF Global Bonos Ligados Inflación - USD Cubierto;FO;USD;Luxemburgo;3;2;0.88;0;True;False;2006-09-05;;;;;0.06;0.11;-0.13;-0.81;-1.38;0.61;1.75;2.52;-2.02;0.98;4.33;-1.22;3.33;-16.81;4.53;9.66;7.6;;6;;;;;;7;9.61027;99;-1.01;0.51;-0.84;-0.44;-0.37;-0.45;1.04;1.04;1;0.98;;;;;;;;;;;;-0.54319;-0.45313;-0.81724;-0.22768;;;;;4;3.55373;4.85808;7.05401;6.10598;-2.69063;-5.04672;-23.15509;-23.15509;0.88;0.6;0;3;0;0.11;0.02;;;3;3;2;2;3;3;2;;0.5;;;71;-16.81;0/4;;;;;Renta Fija;133;120;125;https://bancaonline.bankinter.com/resources/allfundssheets-enmenm/es/?isin=LU0266009959&language=es&currency=EUR&channel=nbol;2026-09-10
LU0800597873;AXAWF Em Mkts Sh Dur Bds A Cap USD;AXA World Funds - Emerging Markets Short Duration Bonds A Capitalisation USD;BNP PARIBAS ASSET MANAGEMENT Europe;Fixed Income;Emerging Markets Fixed Income;RF Global Emergente;FO;USD;Luxemburgo;2;3;1.26;0;True;False;2012-09-05;;;;;-0.05;-0.21;0.2;1;1.63;2.52;4.4;7.24;1.23;2.19;8.05;7.82;5.25;-12.92;-2.7;3.51;8.83;;;;;;;;14;3.54099;75.97;0.02;5.07;0.63;1.64;-1.38;-0.24;0.48;0.33;0.43;0.56;;;;;;;;;;;;0.31063;0.91799;-0.53034;-0.01823;;;;;1;3.10796;2.74907;4.97599;5.96088;-2.16034;-2.16034;-19.7587;-19.80105;1.26;1;0;3;0;0.24;0.1;;;0;0;1;2;3;2;2;;3.35;;;71;-12.92;0/4;;;;;Renta Fija;133;120;125;https://bancaonline.bankinter.com/resources/allfundssheets-enmenm/es/?isin=LU0800597873&language=es&currency=EUR&channel=nbol;2026-09-10
LU1882449801;Amundi Fds Em Mkts Bd A EUR C;Amundi Funds - Emerging Markets Bond A EUR (C);Amundi Luxembourg S.A.;Fixed Income;Emerging Markets Fixed Income;RF Global Emergente;FO;EUR;Luxemburgo;3;4;1.67;1;True;False;2000-12-18;;;;;-0.09;0.05;-0.75;0.14;1.98;4.96;9.59;7.81;2.84;3.16;-0.15;14.85;6.36;-9.18;4.06;-3.9;15.86;4;;1091.30685;5.13213;1.91;;;;;86.57;1.21;2.84;4.7;3.78;1.28;1.26;0.9;0.74;0.87;1.06;;;;;;;;;;;;1.49536;0.78606;0.15186;0.29241;;;;;3;5.29093;6.77419;7.42163;9.54231;-3.31796;-12.92189;-13.91588;-26.52849;1.67;1.35;1;5;0;0.45;0.5;;;1;0;0;0;0;1;1;;0.6;;;57;-9.18;4/4;;;;;Renta Fija;133;120;125;https://bancaonline.bankinter.com/resources/allfundssheets-enmenm/es/?isin=LU1882449801&language=es&currency=EUR&channel=nbol;2026-09-10
LU1882450304;Amundi Fds Em Mkts Bd A USD C;Amundi Funds - Emerging Markets Bond A USD (C);Amundi Luxembourg S.A.;Fixed Income;Emerging Markets Fixed Income;RF Global Emergente;FO;USD;Luxemburgo;3;4;1.67;1;True;False;2002-05-02;;;;;-0.12;0.33;-0.08;0.9;2.46;4.07;8.62;10.81;2.51;3.47;13.08;7.74;10.06;-14.77;-3.32;4.6;13.76;4;;1257.41082;5.13213;1.91;;;;;85.91;1.19;2.89;4.82;3.78;1.26;1.24;0.91;0.74;0.87;1.06;;;;;;;;;;;;0.94584;0.99243;-0.11852;0.14821;;;;;3;5.77113;5.78482;8.6815;10.18723;-4.15467;-4.97672;-27.61956;-27.61956;1.67;1.35;1;5;0;0.52;0.5;;;1;0;0;0;0;1;1;;2.17;;;71;-14.77;4/4;;;;;Renta Fija;133;120;125;https://bancaonline.bankinter.com/resources/allfundssheets-enmenm/es/?isin=LU1882450304&language=es&currency=EUR&channel=nbol;2026-09-10
LU0200680600;BGF Emerging Markets Bond A2;BlackRock Global Funds - Emerging Markets Bond Fund A2;BlackRock (Luxembourg) SA;Fixed Income;Emerging Markets Fixed Income;RF Global Emergente;FO;USD;Luxemburgo;3;4;1.47;5000;True;False;2004-10-01;;;;;-0.08;0.33;-0.08;0.62;2.37;3.82;8.93;12.04;3.41;3.33;14.46;8.08;15.26;-16.78;-2.97;6.09;12.19;;8;;;;;;14;9.8;81.74;1.56;3.13;5.32;5.01;2.64;1.16;1.08;0.77;0.98;1.1;;;;;;;;;;;;0.93928;1.13424;0.0093;0.13829;;;;;3;6.47805;6.23533;9.83593;10.38468;-4.30063;-4.61027;-30.23937;-30.23937;1.47;1.25;0;5;0;0.58;0.45;;;1;0;0;0;0;0;1;;2.61;;;71;-16.78;4/4;;;;;Renta Fija;133;120;125;https://bancaonline.bankinter.com/resources/allfundssheets-enmenm/es/?isin=LU0200680600&language=es&currency=EUR&channel=nbol;2026-09-10
LU0200683885;BGF Emerging Markets Bond A2 EUR;BlackRock Global Funds - Emerging Markets Bond Fund A2 EUR;BlackRock (Luxembourg) SA;Fixed Income;Emerging Markets Fixed Income;RF Global Emergente;FO;EUR;Luxemburgo;3;4;1.47;;True;False;2004-10-01;;;;;0;0.14;-0.62;-0.05;1.96;4.79;10.17;9.08;3.76;3.03;1.28;15.3;11.34;-11.74;4.92;-2.94;14.34;;8;;;;;;14;9.8;;;;;;;;;;;;;;;;;;;;;;;1.27558;0.90512;0.25663;0.27918;;;;;3;6.38949;7.24936;8.47899;9.53751;-3.68985;-12.38853;-16.9336;-23.24415;1.47;1.25;0;5;;0.58;0.45;;;1;0;0;0;0;0;1;;0.73;;;71;-11.74;4/4;;;;;Renta Fija;133;120;125;https://bancaonline.bankinter.com/resources/allfundssheets-enmenm/es/?isin=LU0200683885&language=es&currency=EUR&channel=nbol;2026-09-10
LU1897607013;EdRF Emerging Sovereign A USD;Edmond de Rothschild Fund - Emerging Sovereign A USD;Edmond de Rothschild Asset Management (France);Fixed Income;Emerging Markets Fixed Income;RF Global Emergente;FO;USD;Luxemburgo;3;4;1.56;0;True;False;2019-04-24;;;;;0.03;0.16;-0.44;0.17;1.53;4.5;10.13;13.13;2.65;;14.35;10.81;17.29;-23.07;-1.64;12.74;;7;;1008.08267;;;0.03;;;;82.41;1.81;3.05;5.8;5.46;2.94;;0.94;0.83;1.27;;;;;;;;;;;;;1.07741;1.14781;-0.02892;;;;;;4;6.00312;6.69754;13.20184;;-3.45018;-5.42229;-37.94459;;1.56;1;1;1;0;0.23;;;;3;1;0;0;0;1;;;2.42;;;67;-23.07;3/4;;;;;Renta Fija;133;120;125;https://bancaonline.bankinter.com/resources/allfundssheets-enmenm/es/?isin=LU1897607013&language=es&currency=EUR&channel=nbol;2026-09-10
LU0555020303;GS EM Debt HC-P Cap USD;Goldman Sachs Emerging Markets Debt (Hard Currency) - P Cap USD;Goldman Sachs Asset Management B.V.;Fixed Income;Emerging Markets Fixed Income;RF Global Emergente;FO;USD;Luxemburgo;3;3;1.2;;True;False;2011-07-27;;;;;0.28;0.13;0.08;0.42;1.98;3.03;7.55;10.22;1.59;2.69;13.67;6.52;10.76;-18.34;-3.76;5.94;14.02;;8;;;;;;14;6.49589;93.06;1.36;1.96;3.74;2.78;0.92;0.48;0.97;0.87;1.05;1.11;;;;;;;;;;;;0.76934;0.77299;-0.18384;0.07525;;;;;3;5.76415;6.58224;10.06305;10.01498;-4.02141;-5.64174;-31.18373;-31.18373;1.2;1.2;0;3;0;0;0.25;;;2;1;1;1;1;2;2;;1.81;;;71;-18.34;2/4;;;;;Renta Fija;133;120;125;https://bancaonline.bankinter.com/resources/allfundssheets-enmenm/es/?isin=LU0555020303&language=es&currency=EUR&channel=nbol;2026-09-10
LU0133266147;GS Em Mkts Dbt E Acc EUR;Goldman Sachs Emerging Markets Debt Portfolio E Acc EUR;Goldman Sachs Asset Management B.V.;Fixed Income;Emerging Markets Fixed Income;RF Global Emergente;FO;EUR;Luxemburgo;3;2;1.92;1500;True;False;2001-07-31;;;;;-0.1;0.17;-0.59;-0.21;1.19;3.37;8.19;6.38;1.16;1.34;0.14;12.13;7.54;-15.77;4.14;-3.27;15.16;7;9;128.61571;7.31315;0.4;0.28;;14;;88.22;0.75;2.52;2.97;2.16;0.05;-0.54;1.09;0.83;0.99;1.1;;;;;;;;;;;;0.95869;0.52847;-0.05415;0.10635;;;;;3;6.62791;7.46672;8.52251;9.24754;-3.67497;-13.72547;-18.95304;-22.6662;1.92;1.25;0;4;0;0.02;0.5;;;1;2;2;1;2;2;3;;0.46;;;71;-15.77;1/4;;;;;Renta Fija;133;120;125;https://bancaonline.bankinter.com/resources/allfundssheets-enmenm/es/?isin=LU0133266147&language=es&currency=EUR&channel=nbol;2026-09-10
LU0499112034;JPM Emerging Markets Debt A acc USD;JPMorgan Funds - Emerging Markets Debt Fund A (acc) USD;JPMorgan Asset Management (Europe) S.à r.l.;Fixed Income;Emerging Markets Fixed Income;RF Global Emergente;FO;USD;Luxemburgo;3;2;1.42;35000;True;False;2010-04-09;;;;;0;0.4;-0.08;0.91;2.17;3.09;7.77;10.38;1.25;2.26;14.09;6.67;9.41;-19.36;-3.82;5.07;13.28;;9;;;;;;14;10.5658;90.28;1.29;2.28;4;2.89;0.67;0.08;1.21;0.94;1.05;1.14;;;;;;;;;;;;0.66255;0.74591;-0.2077;0.03513;;;;;4;7.33658;7.2096;10.19183;10.30733;-5.02175;-6.13524;-31.42262;-31.45134;1.42;1.15;0;3;1;0.84;0.3;;;1;1;1;1;1;2;2;;1.69;;;71;-19.36;2/4;;;;;Renta Fija;133;120;125;https://bancaonline.bankinter.com/resources/allfundssheets-enmenm/es/?isin=LU0499112034&language=es&currency=EUR&channel=nbol;2026-09-10
LU1670631016;M&G (Lux) Em Mkts Bd A EUR Acc;M&G (Lux) Emerging Markets Bond Fund EUR A Acc;M&G Luxembourg S.A.;Fixed Income;Emerging Markets Fixed Income;RF Global Emergente;FO;EUR;Luxemburgo;3;4;1.43;1000;True;False;2018-09-21;;;;;-0.02;0.13;-0.68;0.8;1.81;4.19;8.2;6.59;3.3;3.37;1.76;9.57;9.98;-8.52;4.94;-4.08;17.69;7;5;18.12539;;;;;13;;87.6;0.81;2.56;2.75;2.26;1.74;1.38;0.95;0.86;0.86;0.96;;;;;;;;;;;;1.07472;0.66209;0.23067;0.36512;;;;;3;5.57722;6.07834;6.67693;7.76756;-2.74792;-10.29723;-13.46848;-21.33916;1.43;1.25;0;4;0;0.14;;;;1;2;1;1;2;0;0;;0.64;;;71;-8.52;3/4;;;;;Renta Fija;133;120;125;https://bancaonline.bankinter.com/resources/allfundssheets-enmenm/es/?isin=LU1670631016&language=es&currency=EUR&channel=nbol;2026-09-10
LU1670631107;M&G (Lux) Em Mkts Bd A EUR Inc;M&G (Lux) Emerging Markets Bond Fund EUR A Inc;M&G Luxembourg S.A.;Fixed Income;Emerging Markets Fixed Income;RF Global Emergente;FO;EUR;Luxemburgo;3;4;1.43;1000;True;False;2018-09-21;;;;;-0.02;0.13;-0.68;0.8;1.91;4.29;8.27;6.64;3.32;3.38;1.96;9.39;10.03;-8.6;5.03;-4.12;17.78;7;5;18.12539;;;;;13;;87.2;0.82;2.6;2.82;2.3;1.77;1.4;0.95;0.87;0.86;0.96;;;;;;;;;;;;1.0882;0.67459;0.23433;0.36738;;;;;3;5.572;6.02777;6.65045;7.75294;-2.74819;-10.29703;-13.56177;-21.3388;1.43;1.25;0;4;0;0.14;;;;1;2;1;1;2;0;0;;0.64;;;71;-8.6;3/4;;;;;Renta Fija;133;120;125;https://bancaonline.bankinter.com/resources/allfundssheets-enmenm/es/?isin=LU1670631107&language=es&currency=EUR&channel=nbol;2026-09-10
LU1670632337;M&G (Lux) Em Mkts Bd A USD Acc;M&G (Lux) Emerging Markets Bond Fund USD A Acc;M&G Luxembourg S.A.;Fixed Income;Emerging Markets Fixed Income;RF Global Emergente;FO;USD;Luxemburgo;3;4;1.43;1000;True;False;2018-09-21;;;;;-0.11;0.32;0.05;1.57;2.26;3;7.15;9.53;2.94;3.66;14.82;2.97;14.11;-13.71;-3.22;4.85;15.4;7;5;20.85416;;;;;13;;85.65;0.77;2.76;3.33;2.37;1.68;1.39;1.02;0.83;0.84;0.95;;;;;;;;;;;;0.60817;0.69817;-0.06409;0.18191;;;;;2;6.66886;6.54026;8.53085;8.99372;-5.02529;-5.02529;-24.94571;-24.94571;1.43;1.25;0;4;0;0.14;;;;0;1;1;1;2;0;0;;1.9;;;71;-13.71;3/4;;;;;Renta Fija;133;120;125;https://bancaonline.bankinter.com/resources/allfundssheets-enmenm/es/?isin=LU1670632337&language=es&currency=EUR&channel=nbol;2026-09-10
LU1670632410;M&G (Lux) Em Mkts Bd A USD Inc;M&G (Lux) Emerging Markets Bond Fund USD A Inc;M&G Luxembourg S.A.;Fixed Income;Emerging Markets Fixed Income;RF Global Emergente;FO;USD;Luxemburgo;3;4;1.43;1000;True;False;2018-09-21;;;;;-0.11;0.32;0.05;1.57;2.26;3;7.15;9.53;2.94;3.65;14.82;2.97;14.11;-13.71;-3.22;4.82;15.4;7;5;20.85416;;;;;13;;85.66;0.77;2.76;3.34;2.37;1.68;1.38;1.02;0.83;0.84;0.95;;;;;;;;;;;;0.6086;0.69821;-0.06414;0.18112;;;;;2;6.6689;6.53956;8.53021;8.99251;-5.02486;-5.02486;-24.94513;-24.94513;1.43;1.25;0;4;0;0.14;;;;0;1;1;1;2;0;0;;1.9;;;71;-13.71;3/4;;;;;Renta Fija;133;120;125;https://bancaonline.bankinter.com/resources/allfundssheets-enmenm/es/?isin=LU1670632410&language=es&currency=EUR&channel=nbol;2026-09-10
LU0219422606;MFS Meridian Emerging Mkts Dbt A1 EUR;MFS Meridian Funds - Emerging Markets Debt Fund A1 EUR;MFS Investment Management Company (Lux) S.à.r.l;Fixed Income;Emerging Markets Fixed Income;RF Global Emergente;FO;EUR;Luxemburgo;3;3;1.52;0;True;False;2005-09-26;;;;;-0.07;-0.04;-0.61;-0.22;1.27;3.31;7.21;6.08;1.95;2.31;-1.43;13.32;6.12;-10.45;4.19;-1.85;15.51;;8;;;;;;14;9.45;91.39;0.78;2.17;2.17;1.91;0.67;0.31;0.93;0.86;0.94;0.98;;;;;;;;;;;;0.9683;0.52933;0.03673;0.22527;;;;;3;5.61075;7.07137;7.60528;8.03811;-3.25744;-12.40174;-14.26906;-19.00452;1.52;0.9;0;6;0;0.58;0;;;2;2;2;2;2;2;2;;0.49;;;57;-10.45;0/4;;;;;Renta Fija;133;120;125;https://bancaonline.bankinter.com/resources/allfundssheets-enmenm/es/?isin=LU0219422606&language=es&currency=EUR&channel=nbol;2026-09-10
LU0125948108;MFS Meridian Emerging Mkts Dbt A1 USD;MFS Meridian Funds - Emerging Markets Debt Fund A1 USD;MFS Investment Management Company (Lux) S.à.r.l;Fixed Income;Emerging Markets Fixed Income;RF Global Emergente;FO;USD;Luxemburgo;3;3;1.52;0;True;False;2001-01-31;;;;;-0.1;0.23;-0.1;0.57;1.4;2.13;5.93;9.05;1.62;2.61;11.87;6.24;9.59;-15.86;-3.02;7.02;13.35;;8;;;;;;14;9.45;94.42;0.9;1.88;2.22;1.94;0.61;0.3;0.88;0.84;0.94;0.96;;;;;;;;;;;;0.53345;0.6619;-0.20949;0.06203;;;;;2;5.32775;6.30384;8.96686;8.66926;-3.84777;-5.0742;-27.15774;-27.15774;1.52;0.9;0;6;0;0.58;0;;;2;2;2;2;2;2;2;;1.78;;;71;-15.86;0/4;;;;;Renta Fija;133;120;125;https://bancaonline.bankinter.com/resources/allfundssheets-enmenm/es/?isin=LU0125948108&language=es&currency=EUR&channel=nbol;2026-09-10
LU2630425226;MS INVF Emerging Mkts Dbt Opps A;Morgan Stanley Investment Funds - Emerging Markets Debt Opportunities Fund A;MSIM Fund Management (Ireland) Limited;Fixed Income;Emerging Markets Fixed Income;RF Global Emergente;FO;USD;Luxemburgo;3;5;1.64;0;True;False;2023-08-11;;;;;-0.07;0.69;1.11;3.79;7.4;10;15.97;14.31;7.33;7;14.68;13.74;10.42;-8.67;0.88;7.44;18.33;4;7;1337.96125;2.48336;0.35;0.11;;15;5.67;36.3;1.2;5.8;10.57;7.86;4.73;4.53;0.73;0.36;0.52;0.7;;;;;;;;;;;;1.98392;2.02824;0.50948;0.61183;;;;;2;5.58194;4.33437;6.82266;7.75616;-3.47572;-3.75939;-19.29478;-19.29478;1.64;1.4;0;3;0;0.42;;;;0;0;0;0;0;0;0;;3.81;;;86;-8.67;4/4;;;;;Renta Fija;133;120;125;https://bancaonline.bankinter.com/resources/allfundssheets-enmenm/es/?isin=LU2630425226&language=es&currency=EUR&channel=nbol;2026-09-10
LU2784406998;MS INVF Emerging Mkts Dbt Opps A EUR;Morgan Stanley Investment Funds - Emerging Markets Debt Opportunities Fund A EUR;MSIM Fund Management (Ireland) Limited;Fixed Income;Emerging Markets Fixed Income;RF Global Emergente;FO;EUR;Luxemburgo;3;;1.64;;True;False;2024-03-21;;;;;0;0.51;0.54;3.03;7;11.02;17.28;;;;1.42;;;;;;;4;7;1170.26119;2.48336;0.35;0.11;;15;5.67;;;;10.38;;;;0.77;;;;;;;;;;;;;;;2.85662;;;;;;;;;4.70866;;;;-1.51098;;;;1.64;1.4;0;3;0;0.42;;;;0;0;0;0;;;;;;;;100;1.42;1/4;;;;;Renta Fija;133;120;125;https://bancaonline.bankinter.com/resources/allfundssheets-enmenm/es/?isin=LU2784406998&language=es&currency=EUR&channel=nbol;2026-09-10
LU0132414144;abrdn-Emerging Markets Bond A Acc USD;abrdn SICAV I – Emerging Markets Bond Fund Class A Acc USD;abrdn Investments Luxembourg S.A.;Fixed Income;Emerging Markets Fixed Income;RF Global Emergente;FO;USD;Luxemburgo;3;3;1.68;500;True;False;2001-08-15;;;;;-0.12;0.12;-0.1;0.79;1.57;2.44;6.37;9.99;1.7;2.22;12.76;5.91;13.98;-17.95;-5.36;3.38;13.57;;9;;;;;;14;;89.13;1.14;2.4;2.92;2.83;0.92;0.1;1.09;0.87;0.98;1.12;;;;;;;;;;;;0.5609;0.76409;-0.16997;0.03556;;;;;4;6.58559;6.73407;9.86005;10.54301;-4.68136;-5.52867;-31.28483;-31.6134;1.68;1.5;0;5;0;0.2;;;;1;1;1;1;1;2;2;;1.81;;;71;-17.95;1/4;;;;;Renta Fija;133;120;125;https://bancaonline.bankinter.com/resources/allfundssheets-enmenm/es/?isin=LU0132414144&language=es&currency=EUR&channel=nbol;2026-09-10
LU0278457204;BGF Emerging Markets Lcl Ccy Bd A2 EUR;BlackRock Global Funds - Emerging Markets Local Currency Bond Fund A2 EUR;BlackRock (Luxembourg) SA;Fixed Income;Emerging Markets Fixed Income;RF Global Emergente - Moneda Local;FO;EUR;Luxemburgo;3;3;1.27;;True;False;2007-02-02;;;;;0.04;1.01;0.16;3.69;5.04;5.8;10.18;5.65;3.65;1.74;5.92;0.09;11.51;-3.52;-0.77;-6.54;13.92;;5;;;;;;12;7.5;;;;;;;;;;;;;;;;;;;;;;;1.18919;0.36133;0.24099;0.16234;;;;;4;6.02773;6.48122;6.86793;8.68467;-4.05907;-7.57903;-10.07091;-20.57416;1.27;1;0;5;;0.25;0.45;;;1;0;1;1;2;1;2;;0.75;;;57;-6.54;2/4;;;;;Renta Fija;133;120;125;https://bancaonline.bankinter.com/resources/allfundssheets-enmenm/es/?isin=LU0278457204&language=es&currency=EUR&channel=nbol;2026-09-10
LU0907927171;DPAM L Bonds Emerging Markets Sust A EUR;DPAM L - Bonds Emerging Markets Sustainable A EUR EUR;Degroof Petercam Asset Management SA;Fixed Income;Emerging Markets Fixed Income;RF Global Emergente - Moneda Local;FO;EUR;Luxemburgo;3;4;1.21;0;True;False;2013-03-18;;;;;-0.1;0.58;-0.14;2.42;3.47;4.93;9.72;5.82;4.61;3.32;5.87;2.44;13;-1.38;-2.29;-2.14;11.1;;;;;;;;;;96.18;0.26;1.71;1.7;0.29;1.81;0.69;1.08;1.06;1.07;0.99;;;;;;;;;;;;1.27642;0.50472;0.42789;0.41656;;;;;3;5.65294;5.27007;5.82709;6.68314;-3.91366;-7.82203;-7.82203;-17.14312;1.21;1;0;2;0;0.48;0.03;;;2;1;1;1;1;0;0;;0.74;;;57;-2.29;4/4;;;;;Renta Fija;133;120;125;https://bancaonline.bankinter.com/resources/allfundssheets-enmenm/es/?isin=LU0907927171&language=es&currency=EUR&channel=nbol;2026-09-10
LU0907927338;DPAM L Bonds Emerging Markets Sust B EUR;DPAM L - Bonds Emerging Markets Sustainable B EUR EUR;Degroof Petercam Asset Management SA;Fixed Income;Emerging Markets Fixed Income;RF Global Emergente - Moneda Local;FO;EUR;Luxemburgo;3;4;1.2;0;True;False;2013-03-18;;;;;-0.1;0.57;-0.14;2.42;3.46;4.93;9.73;5.84;4.63;3.35;5.88;2.45;13.05;-1.35;-2.25;-2.09;11.15;;;;;;;;;;96.19;0.27;1.7;1.7;0.3;1.83;0.72;1.08;1.06;1.07;0.99;;;;;;;;;;;;1.27799;0.5079;0.43165;0.42122;;;;;3;5.65007;5.27179;5.82932;6.68436;-3.9055;-7.82708;-7.82708;-17.14082;1.2;1;0;2;0;0.48;0.03;;;2;1;1;1;1;0;0;;0.75;;;57;-2.25;4/4;;;;;Renta Fija;133;120;125;https://bancaonline.bankinter.com/resources/allfundssheets-enmenm/es/?isin=LU0907927338&language=es&currency=EUR&channel=nbol;2026-09-10
LU1200235353;DPAM L Bonds Emerging Markets Sust B USD;DPAM L - Bonds Emerging Markets Sustainable B USD;Degroof Petercam Asset Management SA;Fixed Income;Emerging Markets Fixed Income;RF Global Emergente - Moneda Local;FO;USD;Luxemburgo;3;4;1.21;0;True;False;2016-09-12;;;;;0.03;0.7;0.53;3.06;3.93;3.91;8.73;8.76;4.24;;20.07;-4.01;17.02;-7.42;-9.16;6.71;9.18;;;;;;;;;;96.18;0.25;1.7;1.69;0.27;1.82;;1.08;1.06;1.07;;;;;;;;;;;;;0.60014;0.39844;0.06181;;;;;;3;7.90335;8.37126;10.01012;;-6.55581;-8.64896;-21.71348;;1.21;1;0;2;0;0.51;0.03;;;2;1;1;1;1;0;;;1.01;;;57;-9.16;3/4;;;;;Renta Fija;133;120;125;https://bancaonline.bankinter.com/resources/allfundssheets-enmenm/es/?isin=LU1200235353&language=es&currency=EUR&channel=nbol;2026-09-10
LU0280437673;Pictet-Emerging Local Ccy Dbt PEUR;Pictet-Emerging Local Currency Debt PEUR;Pictet Asset Management (Europe) SA;Fixed Income;Emerging Markets Fixed Income;RF Global Emergente - Moneda Local;FO;EUR;Luxemburgo;3;2;1.57;0;True;False;2007-01-23;;;;;-0.06;0.78;-0.05;1.91;1.65;2.93;8.27;5.55;3.26;1.59;7.49;2.07;6.52;-2.77;-1.77;-3.89;13.17;;;;;;;;13;6.9868;96.4;-0.03;2.78;-0.45;-0.64;0.58;-0.95;1.27;1.26;1.13;1.1;;;;;;;;;;;;0.81553;0.37295;0.17479;0.15473;;;;;4;6.8321;5.93917;6.56055;7.8214;-5.2813;-6.18225;-6.92622;-18.58119;1.57;2.1;0;5;1;0.12;0.2;;;3;3;3;3;2;2;2;;0.9;;;57;-3.89;0/4;;;;;Renta Fija;133;120;125;https://bancaonline.bankinter.com/resources/allfundssheets-enmenm/es/?isin=LU0280437673&language=es&currency=EUR&channel=nbol;2026-09-10
LU0255798109;Pictet-Emerging Local Ccy Dbt PUSD;Pictet-Emerging Local Currency Debt PUSD;Pictet Asset Management (Europe) SA;Fixed Income;Emerging Markets Fixed Income;RF Global Emergente - Moneda Local;FO;USD;Luxemburgo;3;2;1.57;0;True;False;2006-06-26;;;;;0.07;0.87;0.62;2.55;2.11;1.94;7.3;8.51;2.89;1.94;21.91;-4.31;10.26;-8.76;-8.68;4.76;11.11;;;;;;;;13;6.9868;96.64;-0.02;2.72;-0.42;-0.63;0.59;-0.94;1.27;1.26;1.13;1.1;;;;;;;;;;;;0.33997;0.30454;-0.06369;0.01743;;;;;4;9.36645;9.93134;10.80482;11.09544;-7.90637;-9.4131;-19.91723;-24.17725;1.57;2.1;0;5;1;0.12;0.2;;;3;3;3;3;2;2;2;;0.9;;;57;-8.76;0/4;;;;;Renta Fija;133;120;125;https://bancaonline.bankinter.com/resources/allfundssheets-enmenm/es/?isin=LU0255798109&language=es&currency=EUR&channel=nbol;2026-09-10
LU0255798364;Pictet-Emerging Local Ccy Dbt R USD;Pictet-Emerging Local Currency Debt R USD;Pictet Asset Management (Europe) SA;Fixed Income;Emerging Markets Fixed Income;RF Global Emergente - Moneda Local;FO;USD;Luxemburgo;3;2;1.97;0;True;False;2006-06-26;;;;;0.07;0.86;0.59;2.44;1.9;1.66;6.86;8.07;2.47;1.48;21.41;-4.7;9.81;-9.11;-9.06;4.33;10.5;;;;;;;;13;6.9868;96.65;-0.18;2.71;-0.82;-1.03;0.18;-1.4;1.27;1.26;1.12;1.1;;;;;;;;;;;;0.29685;0.2635;-0.10142;-0.02349;;;;;4;9.36372;9.92805;10.8011;11.09216;-7.95894;-9.52557;-20.27053;-24.72339;1.97;3;0;3;1;0.12;0.2;;;3;3;3;3;2;2;3;;0.85;;;57;-9.11;0/4;;;;;Renta Fija;133;120;125;https://bancaonline.bankinter.com/resources/allfundssheets-enmenm/es/?isin=LU0255798364&language=es&currency=EUR&channel=nbol;2026-09-10
LU0800572702;AXAWF Em Mkts Sh Dur Bds A Cap EUR H;AXA World Funds - Emerging Markets Short Duration Bonds A Capitalisation EUR (Hedged);BNP PARIBAS ASSET MANAGEMENT Europe;Fixed Income;Emerging Markets Fixed Income;RF Global Emergente - Sesgo EUR;FO;EUR;Luxemburgo;2;3;1.29;0;True;False;2012-12-05;;;;;0.05;-0.06;0.26;0.48;0.64;1.41;2.74;5.22;-0.73;0.12;5.62;5.99;3.08;-14.86;-3.6;1.72;5.56;;;;;;;;14;3.54099;76.2;0.04;5.08;0.63;1.62;-1.34;-0.3;0.47;0.32;0.42;0.56;;;;;;;;;;;;0.30561;0.89126;-0.54903;-0.07275;;;;;1;3.06208;2.70263;4.93245;5.99708;-2.29071;-2.33524;-21.34201;-21.6813;1.29;1;0;3;0;0.24;0.1;;;1;0;2;3;3;2;2;;2.24;;;71;-14.86;0/4;;;;;Renta Fija;133;120;125;https://bancaonline.bankinter.com/resources/allfundssheets-enmenm/es/?isin=LU0800572702&language=es&currency=EUR&channel=nbol;2026-09-10
LU1882450056;Amundi Fds Em Mkts Bd A EUR H C;Amundi Funds - Emerging Markets Bond A EUR Hgd (C);Amundi Luxembourg S.A.;Fixed Income;Emerging Markets Fixed Income;RF Global Emergente - Sesgo EUR;FO;EUR;Luxemburgo;3;3;1.67;1;True;False;2014-05-30;;;;;-0.13;0.31;-0.2;0.53;1.56;2.72;6.44;8.73;0.49;1.35;10.71;6.01;7.59;-16.79;-4.12;2.94;10.41;4;;1091.30685;5.13213;1.91;;;;;86.63;1.24;2.84;4.65;3.86;1.42;1.43;0.89;0.74;0.86;1.06;;;;;;;;;;;;0.92498;0.98106;-0.13319;0.11629;;;;;3;5.62985;5.73427;8.56263;10.21563;-4.31475;-5.24581;-28.86825;-28.86825;1.67;1.35;1;5;0;0.52;;;;2;0;0;0;0;1;0;;1.66;;;71;-16.79;3/4;;;;;Renta Fija;133;120;125;https://bancaonline.bankinter.com/resources/allfundssheets-enmenm/es/?isin=LU1882450056&language=es&currency=EUR&channel=nbol;2026-09-10
LU0413376566;BGF Emerging Markets Bond A2 H;BlackRock Global Funds - Emerging Markets Bond Fund A2 Hedged;BlackRock (Luxembourg) SA;Fixed Income;Emerging Markets Fixed Income;RF Global Emergente - Sesgo EUR;FO;EUR;Luxemburgo;3;4;1.46;5000;True;False;2009-03-04;;;;;-0.05;0.33;-0.22;0.22;1.43;2.5;6.78;9.81;1.03;0.97;11.89;6.21;12.41;-19.64;-3.9;3.69;8.94;;8;;;;;;14;9.8;81.93;1.54;3.1;5.22;4.94;2.51;1.12;1.07;0.77;0.97;1.1;;;;;;;;;;;;0.91649;1.09724;-0.03806;0.08281;;;;;4;6.44003;6.20789;9.81579;10.45181;-4.55036;-4.79257;-32.21204;-32.32778;1.46;1.25;0;5;0;0.62;0.44;;;1;0;0;0;0;1;1;;2.05;;;71;-19.64;3/4;;;;;Renta Fija;133;120;125;https://bancaonline.bankinter.com/resources/allfundssheets-enmenm/es/?isin=LU0413376566&language=es&currency=EUR&channel=nbol;2026-09-10
LU1596575156;BNP Paribas Em Bd Cl H EUR C;BNP Paribas Funds Emerging Bond Classic H EUR Capitalisation;BNP Paribas Asset Management Luxembourg;Fixed Income;Emerging Markets Fixed Income;RF Global Emergente - Sesgo EUR;FO;EUR;Luxemburgo;3;2;1.62;0;True;False;2017-07-28;;;;;0.01;0.04;-0.35;-0.42;0.32;-0.19;2.81;7.55;-1.63;;10.36;5.81;8.04;-22.73;-6.09;3.26;10.57;;;;;;;;;;90;0.88;2.45;1.14;2.05;0.57;;1.27;1.02;1.19;;;;;;;;;;;;;0.25936;0.57867;-0.25078;;;;;;5;7.53817;7.76343;11.91358;;-6.19063;-6.88945;-36.97344;;1.62;1.1;0;3;0;0.05;;;;3;3;3;2;2;3;;;1.1;;;71;-22.73;0/4;;;;;Renta Fija;133;120;125;https://bancaonline.bankinter.com/resources/allfundssheets-enmenm/es/?isin=LU1596575156&language=es&currency=EUR&channel=nbol;2026-09-10
LU1897613763;EdRF Emerging Sovereign A EUR H;Edmond de Rothschild Fund - Emerging Sovereign A EUR H;Edmond de Rothschild Asset Management (France);Fixed Income;Emerging Markets Fixed Income;RF Global Emergente - Sesgo EUR;FO;EUR;Luxemburgo;3;3;1.54;0;True;False;2019-01-21;;;;;0.03;0.14;-0.57;-0.26;0.6;3.16;7.92;10.92;0.39;;11.69;8.95;14.6;-25.44;-2.66;10.26;;7;;876.17505;;;0.03;;;;82.44;1.79;3.04;5.65;5.44;3;;0.93;0.83;1.26;;;;;;;;;;;;;1.04723;1.11783;-0.05709;;;;;;5;5.95179;6.67544;13.12145;;-3.64047;-5.70233;-39.54772;;1.54;1;1;1;0;0.37;;;;3;1;0;0;0;1;;;1.92;;;67;-25.44;2/4;;;;;Renta Fija;133;120;125;https://bancaonline.bankinter.com/resources/allfundssheets-enmenm/es/?isin=LU1897613763&language=es&currency=EUR&channel=nbol;2026-09-10
LU0262418394;GS Em Mkts Dbt Base Acc EUR Hdg;Goldman Sachs Emerging Markets Debt Portfolio Base Acc EUR-Hedged;Goldman Sachs Asset Management B.V.;Fixed Income;Emerging Markets Fixed Income;RF Global Emergente - Sesgo EUR;FO;EUR;Luxemburgo;3;2;1.42;5000;True;False;2007-10-12;;;;;0.06;0.4;-0.12;0.29;0.99;1.64;5.53;7.82;-0.69;0.02;11.34;3.93;9.58;-22.32;-4.2;4.26;10.15;7;9;128.61571;7.31315;0.4;0.28;;14;;89.97;1.12;2.4;4.04;2.93;0.73;0.15;1.04;0.81;0.98;1.11;;;;;;;;;;;;0.76749;0.78816;-0.23252;-0.01119;;;;;4;6.13337;6.1798;9.5218;10.09821;-4.29063;-6.28174;-32.88964;-33.29657;1.42;1.25;0;6;0;0.02;0.5;;;1;1;1;0;1;2;3;;1.24;;;71;-22.32;1/4;;;;;Renta Fija;133;120;125;https://bancaonline.bankinter.com/resources/allfundssheets-enmenm/es/?isin=LU0262418394&language=es&currency=EUR&channel=nbol;2026-09-10
LU0501220429;Global Evolution Frt Mkts R EUR H;Global Evolution Funds - Frontier Markets R EUR H;Global Evolution Asset Management A/S;Fixed Income;Emerging Markets Fixed Income;RF Global Emergente - Sesgo EUR;FO;EUR;Luxemburgo;2;5;2.05;50;True;False;2011-01-19;;;;;0.12;0.33;0.75;2.37;4.35;7.2;13.24;12.57;5.28;4.55;15.35;12.69;6.91;-12.09;7.85;-0.27;6.56;;;;;;;;;;25.23;1.17;6.28;10.03;8.37;4.49;4.11;0.62;0.28;0.41;0.59;;;;;;;;;;;;2.35508;2.27462;0.5427;0.56469;;;;;2;4.41894;3.94062;6.217;7.10606;-2.40405;-3.12001;-19.59195;-19.59195;2.05;1.5;1;5;0;0.21;0.01;;;0;0;0;0;0;0;0;;4.03;;;71;-12.09;4/4;;;;;Renta Fija;133;120;125;https://bancaonline.bankinter.com/resources/allfundssheets-enmenm/es/?isin=LU0501220429&language=es&currency=EUR&channel=nbol;2026-09-10
IE00BD9Y4V21;H2O Multi Emerging Debt R EUR H;H2O Multi Emerging Debt Fund Class R EUR Hedged;H2O Asset Management L.L.P.;Fixed Income;Emerging Markets Fixed Income;RF Global Emergente - Sesgo EUR;FO;EUR;Irlanda;6;3;2.14;0;True;False;2016-10-19;;;;;0.24;1.98;1.22;6.79;6.97;8.92;13.44;14.89;2.31;;20.91;3.99;28.58;-27.2;-5.57;-7.98;9.53;;;;;;;;;;18.16;0.68;12.79;9.78;9.04;5.47;;0.86;0.83;1.23;;;;;;;;;;;;;1.21437;0.78346;0.09373;;;;;;5;8.5023;14.07275;19.5699;;-6.37314;-13.36531;-52.17462;;2.14;1.6;1;2;0;1.4;;;;0;0;0;0;0;0;;;1.11;;;57;-27.2;3/4;;;;;Renta Fija;133;120;125;https://bancaonline.bankinter.com/resources/allfundssheets-enmenm/es/?isin=IE00BD9Y4V21&language=es&currency=EUR&channel=nbol;2026-09-10
LU0210532528;JPM Emerging Markets Debt A acc EURH;JPMorgan Funds - Emerging Markets Debt Fund A (acc) EUR (hedged);JPMorgan Asset Management (Europe) S.à r.l.;Fixed Income;Emerging Markets Fixed Income;RF Global Emergente - Sesgo EUR;FO;EUR;Luxemburgo;3;2;1.4;35000;True;False;2005-03-31;;;;;-0.07;0.34;-0.2;0.54;1.15;1.78;5.68;8.25;-1;0.05;11.59;4.88;6.84;-21.9;-4.83;3.42;9.97;;9;;;;;;14;10.5658;90.09;1.29;2.3;4;2.94;0.67;0.19;1.2;0.94;1.05;1.13;;;;;;;;;;;;0.64863;0.72289;-0.24324;-0.00727;;;;;4;7.34963;7.19506;10.17112;10.30766;-5.33333;-6.20842;-33.26962;-33.69222;1.4;1.15;0;3;1;0.84;;;;1;1;1;0;1;3;3;;1.33;;;71;-21.9;2/4;;;;;Renta Fija;133;120;125;https://bancaonline.bankinter.com/resources/allfundssheets-enmenm/es/?isin=LU0210532528&language=es&currency=EUR&channel=nbol;2026-09-10
LU0117898204;JPM Emerging Markets Debt D acc EURH;JPMorgan Funds - Emerging Markets Debt Fund D (acc) EUR (hedged);JPMorgan Asset Management (Europe) S.à r.l.;Fixed Income;Emerging Markets Fixed Income;RF Global Emergente - Sesgo EUR;FO;EUR;Luxemburgo;3;1;2.15;5000;True;False;2000-10-13;;;;;0;0.33;-0.26;0.39;0.85;1.25;4.91;7.45;-1.74;-0.69;10.8;4.02;6.04;-22.47;-5.54;2.6;9.25;;9;;;;;;14;10.5658;90.68;0.97;2.23;3.23;2.17;-0.08;-0.56;1.2;0.95;1.05;1.13;;;;;;;;;;;;0.54741;0.6162;-0.31881;-0.08004;;;;;4;7.30944;7.2114;10.17995;10.30774;-5.34105;-6.23229;-33.84891;-34.62668;2.15;1.15;0;3;1;0.84;;;;2;2;2;1;2;3;3;;1.2;;;71;-22.47;0/4;;;;;Renta Fija;133;120;125;https://bancaonline.bankinter.com/resources/allfundssheets-enmenm/es/?isin=LU0117898204&language=es&currency=EUR&channel=nbol;2026-09-10
LU1670631289;M&G (Lux) Em Mkts Bd A H EUR Acc;M&G (Lux) Emerging Markets Bond Fund EUR A-H Acc;M&G Luxembourg S.A.;Fixed Income;Emerging Markets Fixed Income;RF Global Emergente - Sesgo EUR;FO;EUR;Luxemburgo;3;4;1.45;1000;True;False;2018-09-21;;;;;-0.12;0.29;-0.07;1.16;1.33;1.69;5.01;7.28;0.6;1.33;12.05;1.17;11.34;-16.42;-4.2;3.12;11.87;7;5;18.12539;;;;;13;;85.92;0.74;2.73;3.22;2.26;1.53;1.32;1.02;0.83;0.84;0.95;;;;;;;;;;;;0.57961;0.65509;-0.1156;0.12322;;;;;3;6.67357;6.48998;8.47709;8.98036;-5.26548;-5.26548;-26.95251;-27.34487;1.45;1.25;0;4;0;0.15;;;;0;2;1;1;2;1;0;;1.38;;;71;-16.42;1/4;;;;;Renta Fija;133;120;125;https://bancaonline.bankinter.com/resources/allfundssheets-enmenm/es/?isin=LU1670631289&language=es&currency=EUR&channel=nbol;2026-09-10
LU1670631362;M&G (Lux) Em Mkts Bd A H EUR Inc;M&G (Lux) Emerging Markets Bond Fund EUR A-H Inc;M&G Luxembourg S.A.;Fixed Income;Emerging Markets Fixed Income;RF Global Emergente - Sesgo EUR;FO;EUR;Luxemburgo;3;4;1.45;1000;True;False;2018-09-21;;;;;-0.12;0.29;-0.07;1.16;1.44;1.8;5.1;7.32;0.62;1.34;12.23;1;11.43;-16.48;-4.13;3.06;11.94;7;5;18.12539;;;;;13;;85.66;0.75;2.75;3.3;2.3;1.56;1.33;1.02;0.83;0.84;0.95;;;;;;;;;;;;0.58986;0.6583;-0.11242;0.12425;;;;;3;6.70351;6.52256;8.51114;8.99652;-5.25718;-5.25718;-27.05114;-27.3846;1.45;1.25;0;4;0;0.15;;;;0;2;1;1;2;1;0;;1.39;;;71;-16.48;1/4;;;;;Renta Fija;133;120;125;https://bancaonline.bankinter.com/resources/allfundssheets-enmenm/es/?isin=LU1670631362&language=es&currency=EUR&channel=nbol;2026-09-10
LU1670631792;M&G (Lux) Em Mkts Bd B H EUR Acc;M&G (Lux) Emerging Markets Bond Fund EUR B-H Acc;M&G Luxembourg S.A.;Fixed Income;Emerging Markets Fixed Income;RF Global Emergente - Sesgo EUR;FO;EUR;Luxemburgo;3;3;1.95;1000;True;False;2018-09-21;;;;;-0.12;0.28;-0.12;1.04;1.08;1.35;4.51;6.76;0.11;0.83;11.5;0.69;10.79;-16.84;-4.7;2.6;11.31;7;5;18.12539;;;;;13;;85.96;0.55;2.72;2.74;1.78;1.03;0.82;1.02;0.83;0.84;0.95;;;;;;;;;;;;0.50842;0.58112;-0.17492;0.06686;;;;;3;6.66636;6.48497;8.47437;8.97888;-5.31171;-5.31171;-27.38451;-28.01949;1.95;1.75;0;0;0;0.15;;;;1;2;1;1;2;1;1;;1.27;;;71;-16.84;0/4;;;;;Renta Fija;133;120;125;https://bancaonline.bankinter.com/resources/allfundssheets-enmenm/es/?isin=LU1670631792&language=es&currency=EUR&channel=nbol;2026-09-10
LU0583240519;MFS Meridian Emerging Mkts Dbt AH1 EUR;MFS Meridian Funds - Emerging Markets Debt Fund AH1 EUR;MFS Investment Management Company (Lux) S.à.r.l;Fixed Income;Emerging Markets Fixed Income;RF Global Emergente - Sesgo EUR;FO;EUR;Luxemburgo;3;3;1.55;0;True;False;2011-02-01;;;;;0;0.14;-0.14;0.07;0.72;1.15;4.23;7.18;-0.38;0.48;9.36;4.52;7.14;-17.93;-3.76;4.74;9.94;;8;;;;;;14;9.45;94.05;0.94;1.93;2.3;2.05;0.8;0.36;0.87;0.84;0.93;0.97;;;;;;;;;;;;0.53549;0.64874;-0.22416;0.01558;;;;;3;5.32756;6.25788;8.93204;8.75395;-4.02542;-5.38665;-28.69084;-28.88894;1.55;0.9;0;6;0;0.58;;;;2;2;2;2;2;2;2;;1.33;;;71;-17.93;0/4;;;;;Renta Fija;133;120;125;https://bancaonline.bankinter.com/resources/allfundssheets-enmenm/es/?isin=LU0583240519&language=es&currency=EUR&channel=nbol;2026-09-10
LU2784407020;MS INVF Emerging Mkts Dbt Opps AH EUR;Morgan Stanley Investment Funds - Emerging Markets Debt Opportunities Fund AH EUR;MSIM Fund Management (Ireland) Limited;Fixed Income;Emerging Markets Fixed Income;RF Global Emergente - Sesgo EUR;FO;EUR;Luxemburgo;3;;1.67;;True;False;2024-03-21;;;;;-0.03;0.66;1;3.33;6.47;8.62;13.76;;;;12.16;;;;;;;4;7;1170.26119;2.48336;0.35;0.11;;15;5.67;;;;10.43;;;;0.73;;;;;;;;;;;;;;;1.95451;;;;;;;;;5.57102;;;;-3.71089;;;;1.67;1.4;0;3;0;0.48;;;;0;0;0;0;;;;;;;;100;12.16;1/4;;;;;Renta Fija;133;120;125;https://bancaonline.bankinter.com/resources/allfundssheets-enmenm/es/?isin=LU2784407020&language=es&currency=EUR&channel=nbol;2026-09-10
LU3028669292;MS INVF Emerging Mkts Dbt Opps AHR EUR;Morgan Stanley Investment Funds - Emerging Markets Debt Opportunities Fund AHR EUR;MSIM Fund Management (Ireland) Limited;Fixed Income;Emerging Markets Fixed Income;RF Global Emergente - Sesgo EUR;FO;EUR;Luxemburgo;3;;1.67;;True;False;2025-05-14;;;;;-0.04;0.64;0.98;3.31;6.51;8.67;13.78;;;;;;;;;;;4;7;1170.26119;2.48336;0.35;0.11;;15;5.67;;;;10.46;;;;0.73;;;;;;;;;;;;;;;1.94639;;;;;;;;;5.60594;;;;-3.72437;;;;1.67;1.4;0;3;0;0.48;;;;0;0;0;0;;;;;;;;;;1/4;;;;;Renta Fija;133;120;125;https://bancaonline.bankinter.com/resources/allfundssheets-enmenm/es/?isin=LU3028669292&language=es&currency=EUR&channel=nbol;2026-09-10
IE00B986FT65;Neuberger Em Mkts Dbt Hrd Ccy EUR A Acc;Neuberger Emerging Markets Debt - Hard Currency Fund EUR A Accumulating Class;Neuberger Berman Asset Management Ireland Limited;Fixed Income;Emerging Markets Fixed Income;RF Global Emergente - Sesgo EUR;FO;EUR;Irlanda;3;4;1.48;1000;True;False;2013-05-31;;;;;0.07;-0.22;-0.07;-0.3;0.6;2.13;6.68;10.76;0.86;1.44;12.99;10.35;10.49;-21.63;-4.93;2.73;11.16;;9;;;;;;14;11.77;87.46;2.25;2.57;4.69;5.64;2.79;1.54;1.02;0.88;1.1;1.14;;;;;;;;;;;;0.85953;1.13818;-0.04297;0.12246;;;;;4;6.20423;6.82228;10.80454;10.4688;-4.53869;-6.33861;-34.55253;-34.55253;1.48;1.4;0;5;0;0.14;;;;1;1;1;0;0;1;0;;1.7;;;71;-21.63;4/4;;;;;Renta Fija;133;120;125;https://bancaonline.bankinter.com/resources/allfundssheets-enmenm/es/?isin=IE00B986FT65&language=es&currency=EUR&channel=nbol;2026-09-10
IE00BDZRWZ54;Neuberger Short Dur EM Dbt EUR A Acc;Neuberger Short Duration Emerging Markets Debt Fund EUR A Accumulating Class;Neuberger Berman Asset Management Ireland Limited;Fixed Income;Emerging Markets Fixed Income;RF Global Emergente - Sesgo EUR;FO;EUR;Irlanda;2;4;1.07;1000;True;False;2014-06-13;;;;;0;-0.17;0;0.26;0.52;1.14;2.58;5.82;1.3;1.19;6.34;6.56;5.34;-9.48;-1.4;1.81;3.75;;4;;;;;;13;3.98;79.23;0.16;5.12;0.72;2.24;0.52;0.68;0.42;0.31;0.36;0.46;;;;;;;;;;;;0.35618;1.17784;-0.15191;0.12408;;;;;1;2.77817;2.56704;3.91739;4.69811;-2.17014;-2.17014;-14.89361;-14.89361;1.07;1;0;5;0;0;;;;1;0;2;3;3;0;1;;2.68;;;71;-9.48;2/4;;;;;Renta Fija;133;120;125;https://bancaonline.bankinter.com/resources/allfundssheets-enmenm/es/?isin=IE00BDZRWZ54&language=es&currency=EUR&channel=nbol;2026-09-10
IE00BDZRX078;Neuberger Short Dur EM Dbt EUR A Inc;Neuberger Short Duration Emerging Markets Debt Fund EUR A Distributing Class;Neuberger Berman Asset Management Ireland Limited;Fixed Income;Emerging Markets Fixed Income;RF Global Emergente - Sesgo EUR;FO;EUR;Irlanda;2;4;1.07;1000;True;False;2014-06-06;;;;;0;-0.14;0;0.42;0.59;1.14;2.6;5.84;1.31;1.19;6.43;6.49;5.35;-9.51;-1.3;1.82;3.66;;4;;;;;;13;3.98;78.93;0.16;5.14;0.66;2.24;0.52;0.68;0.41;0.31;0.36;0.46;;;;;;;;;;;;0.33631;1.18353;-0.15093;0.12305;;;;;1;2.75148;2.5554;3.89398;4.69533;-2.12481;-2.22695;-14.8896;-14.8896;1.07;1;0;5;0;0;;;;1;0;2;3;3;0;1;;2.62;;;71;-9.51;2/4;;;;;Renta Fija;133;120;125;https://bancaonline.bankinter.com/resources/allfundssheets-enmenm/es/?isin=IE00BDZRX078&language=es&currency=EUR&channel=nbol;2026-09-10
IE00BDTM8810;PIMCO GIS Em Mkts Bd ESG E EUR H Acc;PIMCO GIS Emerging Markets Bond ESG Fund E Class EUR (Hedged) Accumulation;PIMCO Global Advisors (Ireland) Limited;Fixed Income;Emerging Markets Fixed Income;RF Global Emergente - Sesgo EUR;FO;EUR;Irlanda;3;2;1.72;;True;False;2018-08-31;;;;;0.19;-0.09;-0.37;-0.28;-0.56;0.09;4.09;7.39;-1.36;;11.24;5.72;7.19;-22.27;-4.72;4.19;10.45;7;6;173.87795;;;0.04;;12;12.19;93.55;1.24;1.84;1.68;2.3;0.07;;1.04;0.93;1;;;;;;;;;;;;;0.37366;0.64995;-0.30575;;;;;;3;6.2745;6.99456;9.63701;;-4.7794;-5.89596;-33.04272;;1.72;2.5;0;5;0;0.21;;;;2;3;3;2;1;3;;;1.25;;;71;-22.27;0/4;;;;;Renta Fija;133;120;125;https://bancaonline.bankinter.com/resources/allfundssheets-enmenm/es/?isin=IE00BDTM8810&language=es&currency=EUR&channel=nbol;2026-09-10
LU1799936510;Pictet TR - Sirius HP EUR;Pictet TR - Sirius HP EUR;Pictet Asset Management (Europe) SA;Fixed Income;Emerging Markets Fixed Income;RF Global Emergente - Sesgo EUR;FO;EUR;Luxemburgo;2;5;1.78;0;True;False;2019-08-08;;;;;-0.02;0.17;0.24;0.83;2.77;5.97;9.61;8.06;5.25;;9.15;7.74;1.3;-0.25;0;1.82;;;;;;;;;;;16.32;0.44;6.64;7.37;4.6;3.44;;0.14;0.14;0.05;;;;;;;;;;;;;3.68852;1.90141;1.33208;;;;;;1;2.00243;2.54542;2.46903;;-0.55088;-2.21717;-4.09003;;1.78;2.3;1;5;1;0.33;;;;0;0;0;0;1;0;;;3.64;;;67;-0.25;3/4;;;;;Renta Fija;133;120;125;https://bancaonline.bankinter.com/resources/allfundssheets-enmenm/es/?isin=LU1799936510&language=es&currency=EUR&channel=nbol;2026-09-10
IE00BD2ZKT29;Principal Finisterre Unc EMFI A HAcc€;Principal Global Investors Funds - Finisterre Unconstrained Emerging Market Fxd Inc Fd A Hdg Acc EUR;Principal Global Investors (Ireland) Ltd;Fixed Income;Emerging Markets Fixed Income;RF Global Emergente - Sesgo EUR;FO;EUR;Irlanda;3;4;1.67;100000;True;False;2018-12-21;;;;;0.04;0.39;-0.07;0.31;1.17;1.8;5.06;7.66;1.62;;11.74;4.63;7.7;-12.49;-4.27;4.4;11.07;;8;;;;;;15;6;79.34;0.64;3.32;2.81;2.56;2.25;;0.85;0.74;0.8;;;;;;;;;;;;;0.56436;0.72064;-0.01471;;;;;;3;5.93456;5.99595;8.23651;;-4.31674;-5.26943;-22.94226;;1.67;2;0;5;0;0.12;;;;2;3;2;1;2;0;;;1.45;;;71;-12.49;1/4;;;;;Renta Fija;133;120;125;https://bancaonline.bankinter.com/resources/allfundssheets-enmenm/es/?isin=IE00BD2ZKT29&language=es&currency=EUR&channel=nbol;2026-09-10
IE00BD2ZKV41;Principal Finisterre Unc EMFI A HIncEUR;Principal Global Investors Funds - Finisterre Unconstrained Emerging Market Fxd Inc Fd A Hdg Inc EUR;Principal Global Investors (Ireland) Ltd;Fixed Income;Emerging Markets Fixed Income;RF Global Emergente - Sesgo EUR;FO;EUR;Irlanda;3;4;1.67;100000;True;False;2019-10-25;;;;;0.04;0.39;-0.07;0.32;1.1;1.72;4.98;7.64;1.6;;11.77;4.63;7.81;-12.55;-4.31;4.4;;;8;;;;;;15;6;79.31;0.63;3.33;2.72;2.54;2.24;;0.85;0.74;0.8;;;;;;;;;;;;;0.54875;0.71708;-0.01604;;;;;;3;5.95909;6.00284;8.25185;;-4.354;-5.25852;-23.01687;;1.67;2;0;5;0;0.12;;;;2;3;2;2;2;0;;;1.45;;;67;-12.55;1/4;;;;;Renta Fija;133;120;125;https://bancaonline.bankinter.com/resources/allfundssheets-enmenm/es/?isin=IE00BD2ZKV41&language=es&currency=EUR&channel=nbol;2026-09-10
LU2812398050;Vontobel EM Blend H H EUR Acc;Vontobel Fund - Emerging Markets Blend H Hedged EUR Acc;Vontobel Asset Management S.A.;Fixed Income;Emerging Markets Fixed Income;RF Global Emergente - Sesgo EUR;FO;EUR;Luxemburgo;3;;1.55;0;True;False;2024-06-11;;;;;0.08;0.21;0.89;1.46;2.93;4.87;9.33;;;;16.2;;;;;;;7;8;19.73868;;;;;14;7.166;;;;6.38;;;;0.83;;;;;;;;;;;;;;;1.20858;;;;;;;;;5.7114;;;;-4.48809;;;;1.55;1.25;0;5;0;0;;;;0;0;0;0;;;;;;;;100;16.2;1/4;;;;;Renta Fija;133;120;125;https://bancaonline.bankinter.com/resources/allfundssheets-enmenm/es/?isin=LU2812398050&language=es&currency=EUR&channel=nbol;2026-09-10
LU0926439992;Vontobel EM Debt H Hdg EUR;Vontobel Fund - Emerging Markets Debt H (hedged) EUR Cap;Vontobel Asset Management S.A.;Fixed Income;Emerging Markets Fixed Income;RF Global Emergente - Sesgo EUR;FO;EUR;Luxemburgo;3;3;1.41;0;True;False;2013-05-15;;;;;0.04;-0.16;0.07;0.04;1.42;2.91;6.15;11.07;1.05;1.72;11.6;11.05;11.02;-22.39;-0.61;-0.88;10.69;7;9;;;;;;14;9.602;89.64;2.57;2.33;3.99;5.83;2.67;1.93;0.9;0.89;1.02;1.18;;;;;;;;;;;;0.8436;1.17252;-0.03435;0.14673;;;;;5;5.40635;6.81101;10.51103;11.34441;-3.90905;-6.19387;-34.52785;-34.52785;1.41;1.1;0;5;0;0;;;;1;0;0;1;0;1;0;;1.79;;;57;-22.39;4/4;;;;;Renta Fija;133;120;125;https://bancaonline.bankinter.com/resources/allfundssheets-enmenm/es/?isin=LU0926439992&language=es&currency=EUR&channel=nbol;2026-09-10
LU0376989207;abrdn-Emerging Markets Bond A Acc H EUR;abrdn SICAV I – Emerging Markets Bond Fund Class A Acc Hedged EUR;abrdn Investments Luxembourg S.A.;Fixed Income;Emerging Markets Fixed Income;RF Global Emergente - Sesgo EUR;FO;EUR;Luxemburgo;3;3;1.68;1000;True;False;2007-07-11;;;;;-0.12;0.09;-0.23;0.42;0.69;1.22;4.37;7.93;-0.33;0.08;10.35;4.12;11.45;-19.93;-6.29;1.51;10.21;;9;;;;;;14;;89.21;1.18;2.38;2.91;2.92;1.08;0.28;1.08;0.87;0.97;1.12;;;;;;;;;;;;0.54781;0.74854;-0.18643;0.00121;;;;;4;6.5677;6.70843;9.75907;10.55072;-4.86731;-5.70799;-32.63281;-34.36309;1.68;1.5;0;5;0;0.2;;;;1;1;1;1;1;2;2;;1.39;;;71;-19.93;0/4;;;;;Renta Fija;133;120;125;https://bancaonline.bankinter.com/resources/allfundssheets-enmenm/es/?isin=LU0376989207&language=es&currency=EUR&channel=nbol;2026-09-10
LU1373035580;iShares Em Mkts Govt Bd Idx (LU) A2 EURH;iShares Emerging Markets Government Bond Index Fund (LU) A2 EUR Hedged;BlackRock (Luxembourg) SA;Fixed Income;Emerging Markets Fixed Income;RF Global Emergente - Sesgo EUR;FO;EUR;Luxemburgo;3;3;0.52;5;True;True;2016-04-13;;;;;-0.04;-0.01;-0.39;-0.05;0.37;0.42;3.54;7.28;-0.6;0.51;10.7;4.69;7.92;-20.06;-3.14;2.8;11.16;;9;;;;;;14;10.42;96.37;1.32;1.58;2.06;2.26;0.69;0.44;0.99;0.86;0.94;0.96;;;;;;;;;;;;0.4701;0.68098;-0.23969;0.02511;;;;;3;5.72649;6.35288;8.90163;8.54719;-4.21813;-5.70194;-30.12986;-30.12986;0.52;0.45;0;5;0;-0.05;;;;2;2;2;2;2;2;2;;1.28;;;71;-20.06;0/4;;;;;Renta Fija;133;120;125;https://bancaonline.bankinter.com/resources/allfundssheets-enmenm/es/?isin=LU1373035580&language=es&currency=EUR&channel=nbol;2026-09-10
LU0251661087;AXAWF Euro Long Dur Bd A Cap EUR;AXA World Funds - Euro Long Duration Bonds A Capitalisation EUR;BNP PARIBAS ASSET MANAGEMENT Europe;Fixed Income;Europe Fixed Income;RF Largo Plazo EUR;FO;EUR;Luxemburgo;3;4;0.85;0;True;False;2006-04-17;;;;;0.29;-0.15;-2.82;-2.94;-4.13;-2.81;-3.17;0.76;-7.3;-2.39;-3.82;0.24;10.37;-32.34;-6.8;11.67;15.26;;6;;;;;;10;20.37797;99.61;-0.35;0.68;0.05;-0.15;0.14;-0.11;1.02;1.03;1.03;1.02;;;;;;;;;;;;-0.45362;-0.21599;-0.69118;-0.24003;;;;;3;7.36838;9.84162;12.85198;10.71575;-6.02532;-9.96909;-38.48857;-40.70136;0.85;0.6;0;3;0;0;0.03;;;1;1;1;1;0;0;0;;0.08;;;57;-32.34;4/4;;;;;Renta Fija;133;120;125;https://bancaonline.bankinter.com/resources/allfundssheets-enmenm/es/?isin=LU0251661087&language=es&currency=EUR&channel=nbol;2026-09-10
LU0592505589;AB American Income A2 EUR H;AB FCP I - American Income Portfolio A2 EUR H Acc;AllianceBernstein (Luxembourg) S.à r.l.;Fixed Income;US Fixed Income;RF Otros;FO;EUR;Luxemburgo;3;;1.32;2000;True;False;2011-03-01;;;;;-0.05;-0.21;-0.58;-1;-2.08;-1.72;-1.47;3.05;-1.69;-0.05;5.22;1.06;5.7;-15.4;-1.23;2.41;9.04;7;6;;;0.31;;;11;6.19;64.17;0.19;7.05;-3.31;1.88;1.36;0.08;1.1;1.53;1.63;1.58;;;;;;;;;;;;-0.8706;0.06831;-0.52901;-0.08771;;;;;;3.37058;5.3396;6.60916;6.48751;-3.30749;-4.47156;-20.81917;-20.81917;1.32;1.1;0;5;0;0.07;0.5;;;;;;;;;;;0.68;;;71;-15.4;0/4;;;;;Renta Fija;133;120;125;https://bancaonline.bankinter.com/resources/allfundssheets-enmenm/es/?isin=LU0592505589&language=es&currency=EUR&channel=nbol;2026-09-10
LU0592505662;AB American Income C2 EUR H;AB FCP I - American Income Portfolio C2 EUR H Acc;AllianceBernstein (Luxembourg) S.à r.l.;Fixed Income;US Fixed Income;RF Otros;FO;EUR;Luxemburgo;3;;1.78;2000;True;False;2011-03-01;;;;;0;-0.23;-0.62;-1.07;-2.29;-2.07;-1.9;2.54;-2.15;-0.51;4.75;0.47;5.27;-15.76;-1.64;1.88;8.51;7;6;;;0.31;;;11;6.19;64.09;0.11;7.06;-3.83;1.37;0.9;-0.37;1.11;1.53;1.63;1.58;;;;;;;;;;;;-1.02432;-0.02768;-0.60012;-0.15838;;;;;;3.37749;5.35103;6.63729;6.49473;-3.37762;-4.48679;-21.1873;-21.22757;1.78;1.55;0;0;0;0.07;0.5;;;;;;;;;;;0.57;;;71;-15.76;0/4;;;;;Renta Fija;133;120;125;https://bancaonline.bankinter.com/resources/allfundssheets-enmenm/es/?isin=LU0592505662&language=es&currency=EUR&channel=nbol;2026-09-10
LU0931218647;AXAIMFIIS Europe Short Dur HY E Cap USDH;AXA IM Fixed Income Investment Strategies - Europe Short Duration High Yield E Cap USD (Hedged);BNP PARIBAS ASSET MANAGEMENT Europe;Fixed Income;Europe Fixed Income;RF Otros;FO;USD;Luxemburgo;2;;1.56;0;True;False;2013-11-27;;;;;-0.03;-0.18;0.02;0.86;1.95;2.41;3.83;5.77;4.03;3.33;5.4;6.06;9.22;-2.72;2.12;0.55;7.83;;7;;;;;;14;2.16622;;;;;;;;;;;;;;;;;;;;;;;0.09128;0.71294;0.06218;0.1916;;;;;;2.21762;1.69984;3.48435;4.95711;-1.57513;-1.57513;-7.52561;-14.78032;1.56;1;0;0;0;0.12;0.01;;;;;;;;;;;3.66;;;86;-2.72;0/4;;;;;Renta Fija;133;120;125;https://bancaonline.bankinter.com/resources/allfundssheets-enmenm/es/?isin=LU0931218647&language=es&currency=EUR&channel=nbol;2026-09-10
LU0546066993;AXAIMFIIS US Corp Itmt Bds F Cap EUR H;AXA IM Fixed Income Investment Strategies - US Corporate Intermediate Bonds F Capitalisation EUR Hdg;BNP PARIBAS ASSET MANAGEMENT Europe;Fixed Income;US Fixed Income;RF Otros;FO;EUR;Luxemburgo;2;;0.96;0;True;False;2010-09-30;;;;;-0.02;-0.21;-0.6;-0.89;-2.02;-1.54;-0.98;2.68;-1.38;-0.16;4.43;1.75;3.43;-12.36;-2.37;5.48;6.29;;5;;;;;;10;4.96203;63.91;-0.1;6.72;-2.42;-1.22;-1.09;-2.28;1.79;1.94;1.86;1.69;;;;;;;;;;;;-1.08146;-0.02385;-0.70225;-0.17507;;;;;;2.23118;3.82454;4.75009;4.57375;-2.41758;-3.14794;-16.61386;-17.08709;0.96;0.75;0;3;0;0.06;0.01;;;;;;;;;;;0.85;;;71;-12.36;0/4;;;;;Renta Fija;133;120;125;https://bancaonline.bankinter.com/resources/allfundssheets-enmenm/es/?isin=LU0546066993&language=es&currency=EUR&channel=nbol;2026-09-10
LU0523282928;AXAIMFIIS US Short Dur HY E Cap EUR H;AXA IM Fixed Income Investment Strategies - US Short Duration High Yield E Capitalisation EUR (Hdg);BNP PARIBAS ASSET MANAGEMENT Europe;Fixed Income;US Fixed Income;RF Otros;FO;EUR;Luxemburgo;2;;1.57;0;True;False;2010-07-02;;;;;-0.02;-0.08;0.01;0.25;0.26;0.3;1.37;3.65;1.03;0.84;3.79;3.67;6.38;-8.26;1.35;0.89;3.66;;7;;;;;;15;2.45467;;;;;;;;;;;;;;;;;;;;;;;-0.29309;0.3475;-0.18329;0.04499;;;;;;1.48297;2.57837;4.58258;4.18323;-1.61726;-2.18304;-10.41729;-13.48359;1.57;1;0;0;0;0.08;0.01;;;;;;;;;;;1.67;;;86;-8.26;0/4;;;;;Renta Fija;133;120;125;https://bancaonline.bankinter.com/resources/allfundssheets-enmenm/es/?isin=LU0523282928&language=es&currency=EUR&channel=nbol;2026-09-10
LU0292585626;AXAIMFIIS US Short Dur HY F Cap EUR H;AXA IM Fixed Income Investment Strategies - US Short Duration High Yield F Capitalisation EUR (Hdg);BNP PARIBAS ASSET MANAGEMENT Europe;Fixed Income;US Fixed Income;RF Otros;FO;EUR;Luxemburgo;2;;1.22;0;True;False;2007-03-30;;;;;-0.02;-0.07;0.04;0.34;0.44;0.57;1.76;4.01;1.36;1.19;4.12;4.02;6.69;-7.94;1.68;1.32;4.03;;7;;;;;;15;2.45467;;;;;;;;;;;;;;;;;;;;;;;-0.04206;0.48168;-0.11001;0.12965;;;;;;1.46713;2.57806;4.59487;4.17632;-1.57627;-2.12113;-10.17659;-13.37961;1.22;1;0;3;0;0.08;0.01;;;;;;;;;;;1.89;;;86;-7.94;0/4;;;;;Renta Fija;133;120;125;https://bancaonline.bankinter.com/resources/allfundssheets-enmenm/es/?isin=LU0292585626&language=es&currency=EUR&channel=nbol;2026-09-10
LU0292586350;AXAIMFIIS US Short Dur HY F Dis EUR H;AXA IM Fixed Income Investment Strategies - US Short Duration High Yield F Distribution EUR (Hdg);BNP PARIBAS ASSET MANAGEMENT Europe;Fixed Income;US Fixed Income;RF Otros;FO;EUR;Luxemburgo;2;;1.22;0;True;False;2007-03-30;;;;;-0.02;-0.08;0.03;0.34;0.43;0.55;1.74;4.03;1.39;1.2;4.15;4.05;6.75;-7.96;1.77;1.25;4.04;;7;;;;;;15;2.45467;;;;;;;;;;;;;;;;;;;;;;;-0.05518;0.4874;-0.10378;0.132;;;;;;1.46597;2.58387;4.59993;4.1953;-1.57937;-2.16642;-10.17212;-13.46203;1.22;1;0;3;0;0.08;0.01;;;;;;;;;;;1.86;;;86;-7.96;0/4;;;;;Renta Fija;133;120;125;https://bancaonline.bankinter.com/resources/allfundssheets-enmenm/es/?isin=LU0292586350&language=es&currency=EUR&channel=nbol;2026-09-10
LU0960403342;AXAWF US Credit Short Dur IG A Cap EUR H;AXA World Funds - US Credit Short Duration IG A Capitalisation EUR (Hedged);BNP PARIBAS ASSET MANAGEMENT Europe;Fixed Income;US Fixed Income;RF Otros;FO;EUR;Luxemburgo;2;;0.9;0;True;False;2013-09-03;;;;;0;-0.01;-0.12;0.06;-0.3;-0.02;0.49;2.7;0.23;0.16;2.88;3.08;2.57;-5.99;-1.33;1.95;2.07;;4;;;;;;9;1.95997;;;;;;;;;;;;;;;;;;;;;;;-1.46863;-0.07512;-0.92738;-0.23866;;;;;;0.89309;1.40145;2.05232;2.36225;-1.05978;-1.05978;-8.20154;-8.55654;0.9;0.65;0;3;0;0.03;0.01;;;;;;;;;;;2.55;;;71;-5.99;0/4;;;;;Renta Fija;133;120;125;https://bancaonline.bankinter.com/resources/allfundssheets-enmenm/es/?isin=LU0960403342&language=es&currency=EUR&channel=nbol;2026-09-10
LU0276013082;AXAWF US High Yield Bonds A Cap EUR H;AXA World Funds - US High Yield Bonds A Capitalisation EUR (Hedged);BNP PARIBAS ASSET MANAGEMENT Europe;Fixed Income;US Fixed Income;RF Otros;FO;EUR;Luxemburgo;2;;1.47;0;True;False;2007-04-27;;;;;-0.07;-0.02;0.03;0.9;1.42;0.61;1.2;5.22;1.27;2.18;4.71;5.45;8.95;-12.35;2.58;4.32;8.28;;7;;;;;;15;3.9617;55.67;-0.13;6.78;-4.73;-2.75;-2.73;-2.85;2.31;1.63;1.42;1.22;;;;;;;;;;;;-0.09719;0.57371;-0.0725;0.26483;;;;;;2.2462;4.11069;6.49779;6.26129;-2.66911;-3.93869;-15.42642;-17.61909;1.47;1.2;0;3;0;0.05;0.02;;;;;;;;;;;1.33;;;86;-12.35;0/4;;;;;Renta Fija;133;120;125;https://bancaonline.bankinter.com/resources/allfundssheets-enmenm/es/?isin=LU0276013082&language=es&currency=EUR&channel=nbol;2026-09-10
IE00BG226Z29;Aegon European ABS A EUR Acc;Aegon European ABS Fund A EUR Acc;Aegon Investment Management BV;Fixed Income;Fixed Income Miscellaneous;RF Otros;FO;EUR;Irlanda;2;;0.66;0;True;False;2018-05-23;;;;;0.02;0.06;0.35;0.74;1.62;2.04;2.63;4.56;2.98;;2.97;6.57;7.84;-4;0.78;-0.09;1.11;;4;;;;;;7;2.79384;;;;;;;;;;;;;;;;;;;;;;;0.94339;2.08382;0.57968;;;;;;;0.82744;0.94618;1.90046;;-0.34989;-0.61054;-5.96228;;0.66;1.5;0;5;0;0;;;;;;;;;;;;7.47;;;71;-4.0;0/4;;;;;Renta Fija;133;120;125;https://bancaonline.bankinter.com/resources/allfundssheets-enmenm/es/?isin=IE00BG226Z29&language=es&currency=EUR&channel=nbol;2026-09-10
IE00B8ZQ4Z18;Algebris Financial Credit R CHF Acc;Algebris UCITS Funds plc - Algebris Financial Credit Fund R CHF Acc;Algebris (UK) Limited;Fixed Income;Europe Fixed Income;RF Otros;FO;CHF;Irlanda;3;;1.28;10000;True;False;2014-06-30;;;;;0.21;-0.28;-0.64;-0.07;0;-0.24;0.73;6.04;1.01;3.42;4.03;6.14;9.03;-11.6;2.1;9.71;15.48;;4;;;;;;11;;;;;;;;;;;;;;;;;;;;;;;;0.32384;1.16992;0.14629;0.49735;;;;;;3.91551;4.66913;7.69936;8.00097;-3.44873;-4.99132;-22.1214;-22.39147;1.28;1.2;1;3;0;0.01;;;;;;;;;;;;1.21;;;86;-11.6;0/4;;;;;Renta Fija;133;120;125;https://bancaonline.bankinter.com/resources/allfundssheets-enmenm/es/?isin=IE00B8ZQ4Z18&language=es&currency=EUR&channel=nbol;2026-09-10
LU1740661167;Allianz Global Floating Rt Nts + ATH2EUR;Allianz Global Investors Fund - Allianz Global Floating Rate Notes Plus AT (H2-EUR);Allianz Global Investors GmbH;Fixed Income;US Fixed Income;RF Otros;FO;EUR;Luxemburgo;2;;0.6;0;True;False;2018-02-07;;;;;0;-0.01;0.05;0.28;0.56;0.92;1.53;3.43;2.18;;2.39;4.95;5.59;-2.26;0.3;-1.56;2.05;;4;;;;;;8;1.06005;0;0.17;6.84;-2.74;1.35;-0.19;;-2.18;0.54;14.92;;;;;;;;;;;;;-0.74466;1.15679;0.17139;;;;;;;0.38615;0.71339;1.38895;;-0.24758;-0.4308;-4.12565;;0.6;0.9;0;5;0;0.04;;;;;;;;;;;;7.96;;;71;-2.26;0/4;;;;;Renta Fija;133;120;125;https://bancaonline.bankinter.com/resources/allfundssheets-enmenm/es/?isin=LU1740661167&language=es&currency=EUR&channel=nbol;2026-09-10
LU1883841378;Amundi Fds Strat Inc A EUR H AD D;Amundi Funds - Strategic Income A EUR Hgd AD (D);Amundi Luxembourg S.A.;Fixed Income;US Fixed Income;RF Otros;FO;EUR;Luxemburgo;3;;1.78;1;True;False;2011-03-31;;;;;0.08;0.03;-0.31;-0.54;-1.55;-1.05;-0.34;3.66;-1.45;-0.12;6.61;0.98;3.73;-15.1;-0.12;5.32;5.86;;;;;;;;;;69.01;0.15;7.27;-2.06;1.46;1.11;-0.47;1.28;1.71;1.68;1.72;;;;;;;;;;;;-0.48016;0.11648;-0.51238;-0.0971;;;;;;3.24857;5.89305;6.43963;6.52089;-2.89308;-5.52642;-20.79189;-20.79189;1.78;1.5;1;5;0;0.11;;;;;;;;;;;;0.66;;;71;-15.1;0/4;;;;;Renta Fija;133;120;125;https://bancaonline.bankinter.com/resources/allfundssheets-enmenm/es/?isin=LU1883841378&language=es&currency=EUR&channel=nbol;2026-09-10
LU1883841295;Amundi Fds Strat Inc A EUR H C;Amundi Funds - Strategic Income A EUR Hgd (C);Amundi Luxembourg S.A.;Fixed Income;US Fixed Income;RF Otros;FO;EUR;Luxemburgo;3;;1.78;1;True;False;2004-02-13;;;;;-0.11;0.22;-0.42;-0.54;-1.66;-1.17;-0.69;3.59;-1.53;-0.14;6.63;0.93;3.67;-15.22;-0.12;5.33;5.96;;;;;;;;;;68.89;0.15;7.28;-2.07;1.45;1.07;-0.49;1.28;1.71;1.68;1.72;;;;;;;;;;;;-0.48518;0.11491;-0.51944;-0.10005;;;;;;3.25585;5.88642;6.44264;6.52491;-2.90938;-5.50637;-20.93447;-20.93447;1.78;1.5;1;5;0;0.11;0.5;;;;;;;;;;;0.65;;;71;-15.22;0/4;;;;;Renta Fija;133;120;125;https://bancaonline.bankinter.com/resources/allfundssheets-enmenm/es/?isin=LU1883841295&language=es&currency=EUR&channel=nbol;2026-09-10
LU1883841451;Amundi Fds Strat Inc A EUR H MGI D;Amundi Funds - Strategic Income A EUR Hgd MGI (D);Amundi Luxembourg S.A.;Fixed Income;US Fixed Income;RF Otros;FO;EUR;Luxemburgo;3;;1.78;1;True;False;2006-07-03;;;;;-0.08;0.24;-0.41;-0.51;-1.65;-1.16;-0.68;3.58;-1.52;-0.11;6.6;0.95;3.67;-15.18;-0.11;5.42;5.92;;;;;;;;;;68.9;0.15;7.26;-2.12;1.44;1.07;-0.47;1.27;1.71;1.68;1.72;;;;;;;;;;;;-0.49925;0.11439;-0.51871;-0.09688;;;;;;3.21617;5.87618;6.44259;6.52711;-2.90459;-5.48854;-20.89399;-20.89399;1.78;1.5;1;5;0;0.08;0.5;;;;;;;;;;;0.65;;;71;-15.18;0/4;;;;;Renta Fija;133;120;125;https://bancaonline.bankinter.com/resources/allfundssheets-enmenm/es/?isin=LU1883841451&language=es&currency=EUR&channel=nbol;2026-09-10
LU1880401366;Amundi Fds US Bond A EUR H C;Amundi Funds - US Bond A EUR Hgd (C);Amundi Luxembourg S.A.;Fixed Income;US Fixed Income;RF Otros;FO;EUR;Luxemburgo;3;;1.03;;True;False;2019-06-24;;;;;0.02;-0.13;-0.55;-0.91;-2.46;-1.99;-1.68;2.52;-2.42;;5.44;-0.15;3.09;-15.99;-1.45;4.82;;;;;;;;;;;70.6;0.07;7.11;-2.87;1.19;0.7;;1.2;1.67;1.67;;;;;;;;;;;;;-0.801;-0.06513;-0.65943;;;;;;;3.27456;6.01278;6.52258;;-3.42909;-5.71971;-22.02975;;1.03;0.75;1;5;0;0.04;;;;;;;;;;;;0.44;;;50;-15.99;0/4;;;;;Renta Fija;133;120;125;https://bancaonline.bankinter.com/resources/allfundssheets-enmenm/es/?isin=LU1880401366&language=es&currency=EUR&channel=nbol;2026-09-10
LU1250980452;BGF Asian Tiger Bond A2 EUR Hedged;BlackRock Global Funds - Asian Tiger Bond Fund A2 EUR Hedged;BlackRock (Luxembourg) SA;Fixed Income;Asia Fixed Income;RF Otros;FO;EUR;Luxemburgo;2;;1.21;;True;False;2015-06-24;;;;;0;0;-0.1;0.2;-0.91;-0.1;0.92;5.22;-2.42;-0.84;6.96;4.67;3.29;-18.27;-8.29;4.42;8.06;4;5;2389.52462;15.49403;0.68;0.38;0.0094;13;12.2;58.57;0.16;7.09;-1.51;-0.36;-1.43;-2.66;1.76;1.99;1.89;1.83;;;;;;;;;;;;-0.03803;0.56323;-0.70563;-0.23554;;;;;;3.6339;4.29755;6.35878;5.88895;-2.90001;-3.38623;-29.18532;-30.55315;1.21;1;0;5;0;0.83;;;;;;;;;;;;1.54;;;71;-18.27;0/4;;;;;Renta Fija;133;120;125;https://bancaonline.bankinter.com/resources/allfundssheets-enmenm/es/?isin=LU1250980452&language=es&currency=EUR&channel=nbol;2026-09-10
LU0841166456;BGF Asian Tiger Bond A3 EUR Hedged;BlackRock Global Funds - Asian Tiger Bond Fund A3 EUR Hedged;BlackRock (Luxembourg) SA;Fixed Income;Asia Fixed Income;RF Otros;FO;EUR;Luxemburgo;2;;1.21;;True;False;2012-10-24;;;;;0;0;-0.1;0.16;-0.96;-0.07;0.8;5.21;-2.42;-0.84;6.87;4.62;3.31;-18.2;-8.35;4.48;8.06;4;5;2389.52462;15.49403;0.68;0.38;0.0094;13;12.2;58.46;0.16;7.17;-1.4;-0.39;-1.4;-2.66;1.75;2;1.9;1.84;;;;;;;;;;;;-0.00671;0.5563;-0.69905;-0.23428;;;;;;3.66069;4.34639;6.39998;5.92605;-3.00306;-3.29939;-29.18856;-30.58806;1.21;1;0;5;0;0.83;0.44;;;;;;;;;;;1.58;;;71;-18.2;0/4;;;;;Renta Fija;133;120;125;https://bancaonline.bankinter.com/resources/allfundssheets-enmenm/es/?isin=LU0841166456&language=es&currency=EUR&channel=nbol;2026-09-10
LU0359002093;BGF Emerging Markets Lcl Ccy Bd A2 EUR H;BlackRock Global Funds - Emerging Markets Local Currency Bond Fund A2 EUR Hedged;BlackRock (Luxembourg) SA;Fixed Income;Emerging Markets Fixed Income;RF Otros;FO;EUR;Luxemburgo;3;;1.27;5000;True;False;2008-06-09;;;;;0;1.16;0.64;3.97;4.38;3.29;6.65;6.16;0.78;-0.47;16.9;-8.05;12.38;-12.01;-9.25;-0.13;8.22;;5;;;;;;12;7.5;92.12;-0.03;8.09;-3.74;-2.12;-0.24;-2.11;1.55;1.86;1.72;1.6;;;;;;;;;;;;0.56023;0.27252;-0.08062;-0.03208;;;;;;7.94586;9.53102;10.77294;11.71745;-6.98858;-11.14167;-24.96718;-36.69625;1.27;1;0;5;0;0.29;0.44;;;;;;;;;;;0.55;;;43;-12.01;0/4;;;;;Renta Fija;133;120;125;https://bancaonline.bankinter.com/resources/allfundssheets-enmenm/es/?isin=LU0359002093&language=es&currency=EUR&channel=nbol;2026-09-10
LU0456865749;BGF Euro Short Duration Bond A2 USD H;BlackRock Global Funds - Euro Short Duration Bond Fund A2 USD Hedged;BlackRock (Luxembourg) SA;Fixed Income;Europe Fixed Income;RF Otros;FO;USD;Luxemburgo;2;;0.89;5000;True;False;2010-01-21;;;;;-0.07;-0.07;-0.42;0.21;0.63;0.85;2.14;4.66;2.59;2.16;5.5;4.75;6.37;-3.75;-0.71;1.69;3.5;;4;;;;;;9;7.42;24.44;-0.1;6.8;-0.54;-0.05;-0.86;-0.16;0.23;0.12;0.14;0.11;;;;;;;;;;;;-0.57461;0.03435;-0.59848;-0.16659;;;;;;2.28498;1.7807;2.2811;1.90189;-1.81311;-1.81311;-5.70977;-5.93352;0.89;0.75;0;5;0;0.29;0.44;;;;;;;;;;;2.57;;;71;-3.75;0/4;;;;;Renta Fija;133;120;125;https://bancaonline.bankinter.com/resources/allfundssheets-enmenm/es/?isin=LU0456865749&language=es&currency=EUR&channel=nbol;2026-09-10
LU0448387455;BGF Euro Short Duration Bond A4 GBP H;BlackRock Global Funds - Euro Short Duration Bond Fund A4 GBP Hedged;BlackRock (Luxembourg) SA;Fixed Income;Europe Fixed Income;RF Otros;FO;GBP;Luxemburgo;2;;0.89;;True;False;2009-10-26;;;;;0;-0.09;-0.42;0.17;0.68;0.85;2.15;4.51;2.22;1.39;5.37;4.44;5.68;-4.32;-0.98;0.9;1.55;;4;;;;;;9;7.42;82.48;0.47;3.32;3.34;1.55;1.31;0.88;1.2;0.96;1;0.96;;;;;;;;;;;;-0.52426;0.00973;-0.58937;-0.26393;;;;;;2.36061;1.81843;2.29598;1.9731;-1.8487;-1.8487;-6.16611;-6.50034;0.89;0.75;0;5;0;0.3;0.44;;;;;;;;;;;2.44;;;71;-4.32;0/4;;;;;Renta Fija;133;120;125;https://bancaonline.bankinter.com/resources/allfundssheets-enmenm/es/?isin=LU0448387455&language=es&currency=EUR&channel=nbol;2026-09-10
LU0330917963;BGF US Dollar High Yield Bd A2 EUR H;BlackRock Global Funds - US Dollar High Yield Bond Fund A2 EUR Hedged;BlackRock (Luxembourg) SA;Fixed Income;US Fixed Income;RF Otros;FO;EUR;Luxemburgo;2;;1.46;5000;True;False;2007-12-17;;;;;-0.04;0.04;0.07;0.62;0.96;0.57;1.9;5.79;1.18;2.3;6.06;5.63;9.81;-14.34;3.36;3.34;10.94;8;7;9224.49908;14.91176;2.44;0.91;0.00884;15;5.99;56.49;-0.06;6.87;-4.72;-2.53;-2.86;-3.14;2.65;1.67;1.48;1.34;;;;;;;;;;;;0.1159;0.67409;-0.07852;0.26095;;;;;;2.93119;4.25983;6.75404;6.98641;-2.52853;-4.96559;-17.23312;-24.465;1.46;1.25;0;5;0;0.18;0.44;;;;;;;;;;;1.17;;;86;-14.34;0/4;;;;;Renta Fija;133;120;125;https://bancaonline.bankinter.com/resources/allfundssheets-enmenm/es/?isin=LU0330917963&language=es&currency=EUR&channel=nbol;2026-09-10
LU0839485744;BGF US Dollar Short Duration Bd A2 EUR H;BlackRock Global Funds - US Dollar Short Duration Bond Fund A2 EUR Hedged;BlackRock (Luxembourg) SA;Fixed Income;US Fixed Income;RF Otros;FO;EUR;Luxemburgo;2;;0.89;;True;False;2012-11-07;;;;;0;0;-0.1;0.2;-0.2;-0.2;0.3;2.65;-0.02;-0.14;3.17;2.84;2.7;-7.03;-1.58;1.3;1.32;7;4;31.34472;;;0.05;0;9;3.34;54.5;0.07;6.99;0.86;1.09;1.88;-0.54;4.14;4.09;3.39;3.06;;;;;;;;;;;;-1.07777;-0.06717;-0.94394;-0.36402;;;;;;1.14657;1.66661;2.28667;2.35849;-1.18576;-1.18576;-9.51435;-10.57782;0.89;0.75;0;5;0;0.08;0.44;;;;;;;;;;;2.23;;;71;-7.03;0/4;;;;;Renta Fija;133;120;125;https://bancaonline.bankinter.com/resources/allfundssheets-enmenm/es/?isin=LU0839485744&language=es&currency=EUR&channel=nbol;2026-09-10
IE00BKZGY116;Barings EM Local Debt E EUR Acc;Barings Emerging Markets Local Debt Fund E EUR Accumulating Shares;Baring International Fund Mgrs (Ireland) Limited;Fixed Income;Emerging Markets Fixed Income;RF Otros;FO;EUR;Irlanda;3;;1.36;1000;True;False;2015-04-10;;;;;0.37;0.81;1.01;2.11;1.78;3.21;8.91;6.38;0.78;;18.26;-5.76;11.55;-11.71;-12.6;5.47;8.66;;6;;;;;;12;;95.27;0.1;7.74;-2.95;-1.27;-0.06;;1.71;1.88;1.78;;;;;;;;;;;;;0.64131;0.3658;-0.06677;;;;;;;9.12252;9.64491;11.1763;;-7.78459;-9.99266;-27.1687;;1.36;1.2;0;0;0;0.22;;;;;;;;;;;;0.64;;;57;-12.6;0/4;;;;;Renta Fija;133;120;125;https://bancaonline.bankinter.com/resources/allfundssheets-enmenm/es/?isin=IE00BKZGY116&language=es&currency=EUR&channel=nbol;2026-09-10
LU0241882488;BlueBay High Yield ESG Bond R USD;BlueBay Funds - BlueBay High Yield ESG Bond Fund R - USD;BlueBay Funds Management Company S.A.;Fixed Income;Europe Fixed Income;RF Otros;FO;USD;Luxemburgo;2;;1.41;0;True;False;2006-04-10;;;;;-0.02;-0.29;-0.22;0.34;1.51;1.95;3.68;7.87;4.06;5.26;6.47;9.29;12.16;-8.11;3.8;6.71;12.81;7;7;;15.80028;0.18;;;15;4.41186;30.85;-0.25;6.91;0.83;2.06;0.66;1.95;0.46;0.23;0.38;0.44;;;;;;;;;;;;0.04414;0.94252;0.06855;0.4677;;;;;;4.13782;3.5067;5.64594;6.19506;-3.12248;-3.77701;-13.37491;-18.05054;1.41;1.25;0;5;0;0.27;;;;;;;;;;;;2.08;;;86;-8.11;0/4;;;;;Renta Fija;133;120;125;https://bancaonline.bankinter.com/resources/allfundssheets-enmenm/es/?isin=LU0241882488&language=es&currency=EUR&channel=nbol;2026-09-10
LU0241884856;BlueBay Investment Grade Bd R USD;BlueBay Funds - BlueBay Investment Grade Bond Fund R - USD;BlueBay Funds Management Company S.A.;Fixed Income;Europe Fixed Income;RF Otros;FO;USD;Luxemburgo;2;;0.91;0;True;False;2007-03-26;;;;;-0.14;-0.4;-0.87;-0.48;-0.14;0.35;1.22;6.07;1.45;3.09;4.64;6.89;10.85;-12.94;0.1;6.61;10.71;;5;;;;;;10;7.53599;32.58;-0.07;7.02;-0.56;0.87;-0.67;1.11;0.37;0.23;0.39;0.39;;;;;;;;;;;;-0.56213;0.39937;-0.38954;0.14502;;;;;;3.36814;3.45479;5.83443;5.31792;-2.65822;-2.65822;-17.60419;-18.11774;0.91;0.75;0;5;0;0.19;;;;;;;;;;;;2.28;;;86;-12.94;0/4;;;;;Renta Fija;133;120;125;https://bancaonline.bankinter.com/resources/allfundssheets-enmenm/es/?isin=LU0241884856&language=es&currency=EUR&channel=nbol;2026-09-10
FR0010832469;CPR Focus Inflation P;CPR Focus Inflation P;CPR Asset Management;Fixed Income;Fixed Income Miscellaneous;RF Otros;FO;EUR;Francia;2;;0.8;1;True;False;2009-12-23;;;;;0;0.22;0.9;0.85;3.37;3.98;2.34;2.04;3.49;1.42;0.39;3.18;0.55;6.3;9.88;-2.75;-3.08;;;;;;;;;;;;;;;;;;;;;;;;;;;;;;;;0.06183;-0.25111;0.35842;0.17223;;;;;;3.39388;2.80852;4.24347;4.47967;-2.2705;-2.9366;-4.73067;-22.53479;0.8;1.2;1;1;0;0.08;;;;;;;;;;;;0.69;;;71;-3.08;0/4;;;;;Renta Fija;133;120;125;https://bancaonline.bankinter.com/resources/allfundssheets-enmenm/es/?isin=FR0010832469&language=es&currency=EUR&channel=nbol;2026-09-10
LU2098772366;Candriam Bonds Credit Alpha C EUR;Candriam Bonds Credit Alpha C EUR;Candriam;Fixed Income;Long/Short Credit;RF Otros;FO;EUR;Luxemburgo;4;;1.28;0;True;False;2021-02-04;;;;;-0.02;-0.03;-0.12;0.37;0.68;1.13;1.44;3.53;3.55;;2.28;4.65;6.26;3.57;;;;;;;;;;;16;;98.93;0.97;0.75;-0.62;0.68;1.54;;0.98;1.02;1.03;;;;;;;;;;;;;-0.93118;1.05125;1.49253;;;;;;;0.51246;0.86572;1.10264;;-0.24076;-0.30117;-1.4468;;1.28;1.2;1;3;0;1;;;;;;;;;;;;11.72;;;100;2.28;0/4;;;;;Renta Fija;133;120;125;https://bancaonline.bankinter.com/resources/allfundssheets-enmenm/es/?isin=LU2098772366&language=es&currency=EUR&channel=nbol;2026-09-10
LU2530434401;Capital Group MSI LUX Bdh-EUR;Capital Group Multi-Sector Income Fund LUX Bdh-EUR;Capital International Management Company Sàrl;Fixed Income;US Fixed Income;RF Otros;FO;EUR;Luxemburgo;3;;1.15;;True;False;2022-11-29;;;;;-0.01;-0.34;-0.42;-0.92;-0.97;-0.59;0.08;4.48;;;4.72;4.1;7.95;;;;;7;5;1090.60243;13.37972;0.92;0.18;0.01957;13;7.71061;;;;;;;;;;;;;;;;;;;;;;;-0.47076;0.33902;;;;;;;;2.74582;4.94594;;;-2.80871;-4.27759;;;1.15;1;0;3;0;0.14;;;;;;;;;;;;1.05;;;100;4.1;0/4;;;;;Renta Fija;133;120;125;https://bancaonline.bankinter.com/resources/allfundssheets-enmenm/es/?isin=LU2530434401&language=es&currency=EUR&channel=nbol;2026-09-10
LU2530433932;Capital Group MSI LUX Bh-EUR;Capital Group Multi-Sector Income Fund LUX Bh-EUR;Capital International Management Company Sàrl;Fixed Income;US Fixed Income;RF Otros;FO;EUR;Luxemburgo;3;;1.15;;True;False;2022-11-29;;;;;-0.01;-0.34;-0.42;-0.89;-0.92;-0.55;0.16;4.5;;;4.8;4.13;7.88;;;;;7;5;1090.60243;13.37972;0.92;0.18;0.01957;13;7.71061;;;;;;;;;;;;;;;;;;;;;;;-0.42135;0.34489;;;;;;;;2.76587;4.9503;;;-2.7839;-4.33033;;;1.15;1;0;3;0;0.14;;;;;;;;;;;;1.04;;;100;4.13;0/4;;;;;Renta Fija;133;120;125;https://bancaonline.bankinter.com/resources/allfundssheets-enmenm/es/?isin=LU2530433932&language=es&currency=EUR&channel=nbol;2026-09-10
LU2178557489;Capital Group USCrpBd LUX Bh-EUR;Capital Group US Corporate Bond Fund LUX Bh-EUR;Capital International Management Company Sàrl;Fixed Income;US Fixed Income;RF Otros;FO;EUR;Luxemburgo;3;;0.95;0;True;False;2020-06-12;;;;;0;-0.41;-0.8;-1.92;-3.31;-2.53;-2.13;1.87;-3.2;;4.06;-0.64;4.56;-18.18;-3.42;;;;6;;;;;;8;10.24683;71.04;-0.14;6.92;-3.24;-0.73;-0.83;;1.3;1.52;1.54;;;;;;;;;;;;;-0.84999;-0.13407;-0.65089;;;;;;;3.6801;6.3845;7.63607;;-3.82052;-6.02045;-24.22085;;0.95;0.8;0;3;0;0.1;;;;;;;;;;;;0.31;;;40;-18.18;0/4;;;;;Renta Fija;133;120;125;https://bancaonline.bankinter.com/resources/allfundssheets-enmenm/es/?isin=LU2178557489&language=es&currency=EUR&channel=nbol;2026-09-10
LU0807689749;Carmignac Pf Flexible Bond A USD Acc H;Carmignac Pf Flexible Bond A USD Acc Hdg;Carmignac Gestion Luxembourg S.A.;Fixed Income;Europe Fixed Income;RF Otros;FO;USD;Luxemburgo;2;;1.23;0;True;False;2012-07-19;;;;;-0.13;0.19;0.17;0.76;1.88;3.11;3.84;6.84;2.79;;6.07;6.37;6.72;-6.5;0.5;10.62;;;4;1368.25005;;;0.83;;12;3.93409;30.33;0.21;7.9;-0.4;1.68;0.53;;0.04;0.18;0.27;;;;;;;;;;;;;-0.33116;0.61224;-0.20772;;;;;;;1.7691;2.95007;5.03339;;-1.027;-2.9542;-13.16255;;1.23;1;1;1;0;0.15;;;;;;;;;;;;2.32;;;83;-6.5;0/4;;;;;Renta Fija;133;120;125;https://bancaonline.bankinter.com/resources/allfundssheets-enmenm/es/?isin=LU0807689749&language=es&currency=EUR&channel=nbol;2026-09-10
LU1299306834;Carmignac Pf Sécurité AW USD AccH;Carmignac Portfolio Sécurité AW USD Acc Hedged;Carmignac Gestion Luxembourg S.A.;Fixed Income;Europe Fixed Income;RF Otros;FO;USD;Luxemburgo;2;;1.2;0;True;False;2015-11-19;;;;;-0.1;-0.07;-0.33;0.14;0.67;1.23;1.96;5.21;2.98;2.76;4.24;6.74;6;-2.75;0.78;3.46;6.51;;4;;;;;;10;3.23292;16.5;0.03;7.04;-1.05;0.44;-0.48;0.45;0.19;0.08;0.12;0.12;;;;;;;;;;;;-1.05719;0.30934;-0.32324;0.11028;;;;;;1.65494;1.6272;2.83291;2.61647;-1.1333;-1.1333;-7.3399;-7.37972;1.2;1;0;1;0;0.09;;;;;;;;;;;;4.6;;;86;-2.75;0/4;;;;;Renta Fija;133;120;125;https://bancaonline.bankinter.com/resources/allfundssheets-enmenm/es/?isin=LU1299306834&language=es&currency=EUR&channel=nbol;2026-09-10
LU0621411155;Fidelity European Hi Yld A-Acc-USD H;Fidelity Funds - European High Yield Fund A-Acc-USD (hedged);FIL Investment Management (Luxembourg) S.à r.l.;Fixed Income;Europe Fixed Income;RF Otros;FO;USD;Luxemburgo;2;;1.39;2500;True;False;2011-05-18;;;;;-0.04;-0.18;-0.13;1.03;1.9;2.69;3.59;8.48;4.02;4.96;6.71;9.71;13.92;-10.74;4.6;3.28;16.05;4;7;;14.94992;0.48;;;15;;;;;;;;;;;;;;;;;;;;;;;;0.01453;1.06777;0.05635;0.38131;;;;;;3.79375;3.56525;6.07406;7.11816;-2.86995;-3.37775;-16.59477;-20.41284;1.39;1;0;4;0;0.15;0.35;;;;;;;;;;;2.51;;;86;-10.74;0/4;;;;;Renta Fija;133;120;125;https://bancaonline.bankinter.com/resources/allfundssheets-enmenm/es/?isin=LU0621411155&language=es&currency=EUR&channel=nbol;2026-09-10
LU0337581549;Fidelity US High Yield A-Acc-EUR H;Fidelity Funds - US High Yield Fund A-Acc-EUR (hedged);FIL Investment Management (Luxembourg) S.à r.l.;Fixed Income;US Fixed Income;RF Otros;FO;EUR;Luxemburgo;3;;1.39;;True;False;2011-05-18;;;;;-0.06;-0.06;0.13;0.89;1.6;1.73;2.92;5.47;1.37;2.32;5.35;4.45;8.02;-11.73;4.95;1.43;11.08;4;7;;;7.2;;;15;6.5097;57.36;-0.1;6.71;-3.22;-2.63;-2.64;-2.96;2.56;1.65;1.42;1.35;;;;;;;;;;;;0.53588;0.60553;-0.05941;0.26413;;;;;;2.78002;4.21124;6.46764;7.15687;-2.10323;-5.53702;-14.98664;-23.6299;1.39;1;0;4;0;0.27;0.35;;;;;;;;;;;0.99;;;86;-11.73;0/4;;;;;Renta Fija;133;120;125;https://bancaonline.bankinter.com/resources/allfundssheets-enmenm/es/?isin=LU0337581549&language=es&currency=EUR&channel=nbol;2026-09-10
LU0889566484;Franklin Strategic Income A(Mdis)EUR-H1;Franklin Strategic Income Fund A(Mdis)EUR-H1;Franklin Templeton International Services S.à r.l.;Fixed Income;US Fixed Income;RF Otros;FO;EUR;Luxemburgo;2;;1.35;1000;True;False;2013-02-26;;;;;0;-0.22;-0.22;-0.29;-0.93;-0.79;0.08;3.12;-1.06;-0.14;4.39;2.16;5.61;-14.23;0.05;2.36;6.01;6;5;;25.96728;0.97;;;13;4.8;56.55;0.2;6.58;-2.58;1.66;0.98;-0.34;0.75;1.3;1.41;1.32;;;;;;;;;;;;-0.676;0.06878;-0.54941;-0.12769;;;;;;2.24582;4.09267;5.37465;5.5788;-2.33108;-3.55446;-18.11307;-18.36658;1.35;1.25;0;5;0;0.4;0.14;;;;;;;;;;;0.88;;;86;-14.23;0/4;;;;;Renta Fija;133;120;125;https://bancaonline.bankinter.com/resources/allfundssheets-enmenm/es/?isin=LU0889566484&language=es&currency=EUR&channel=nbol;2026-09-10
LU0592650674;Franklin Strategic Income A(acc)EUR-H1;Franklin Strategic Income Fund A(acc)EUR-H1;Franklin Templeton International Services S.à r.l.;Fixed Income;US Fixed Income;RF Otros;FO;EUR;Luxemburgo;2;;1.35;1000;True;False;2011-03-18;;;;;0;-0.17;-0.26;-0.35;-0.95;-0.7;0.18;3.1;-1.04;-0.12;4.36;2.13;5.78;-14.21;0;2.24;5.92;6;5;;25.96728;0.97;;;13;4.8;57.38;0.21;6.45;-2.51;1.7;1.02;-0.34;0.76;1.29;1.41;1.32;;;;;;;;;;;;-0.67599;0.08125;-0.54232;-0.12594;;;;;;2.18296;4.05415;5.36575;5.58669;-2.24914;-3.54406;-18.15922;-18.46809;1.35;1.25;0;5;0;0.41;0.14;;;;;;;;;;;0.87;;;71;-14.21;0/4;;;;;Renta Fija;133;120;125;https://bancaonline.bankinter.com/resources/allfundssheets-enmenm/es/?isin=LU0592650674&language=es&currency=EUR&channel=nbol;2026-09-10
LU1446800812;Franklin US Government A(acc)EUR-H1;Franklin U.S. Government Fund A(acc)EUR-H1;Franklin Templeton International Services S.à r.l.;Fixed Income;US Fixed Income;RF Otros;FO;EUR;Luxemburgo;3;;1.01;;True;False;2016-07-29;;;;;0;-0.24;-0.36;-1.07;-2.7;-1.54;-0.6;1.45;-2.54;-1.85;4.72;-1.71;1.24;-12.82;-3.53;1.48;1.94;;2;;;;;;4;6.95;75.07;-0.04;8.4;-0.08;1.4;2.02;-1.29;1.99;2.99;2.65;2.16;;;;;;;;;;;;-0.65099;-0.21842;-0.69171;-0.54247;;;;;;3.26141;5.91875;6.31624;4.61523;-3.60886;-5.93827;-20.3389;-24.87509;1.01;0.7;0;5;0;0.09;;;;;;;;;;;;0.24;;;57;-12.82;0/4;;;;;Renta Fija;133;120;125;https://bancaonline.bankinter.com/resources/allfundssheets-enmenm/es/?isin=LU1446800812&language=es&currency=EUR&channel=nbol;2026-09-10
LU1446800903;Franklin US Low Duration A(acc)EUR-H1;Franklin U.S. Low Duration Fund A(acc)EUR-H1;Franklin Templeton International Services S.à r.l.;Fixed Income;US Fixed Income;RF Otros;FO;EUR;Luxemburgo;2;;0.7;;True;False;2016-07-29;;;;;0;0;-0.1;0;-0.21;0;0.52;2.5;-0.1;-0.34;3.09;2.4;2.8;-7.47;-0.92;0.62;1.15;;4;;;;;;11;2.6;55.08;0.05;6.85;0.64;0.99;1.65;-0.74;3.86;3.94;3.29;2.88;;;;;;;;;;;;-1.31175;-0.18927;-0.99332;-0.28514;;;;;;0.99295;1.5857;2.26542;3.59663;-1.0288;-1.0288;-9.45532;-17.51243;0.7;0.5;0;5;0;0.18;;;;;;;;;;;;2.43;;;71;-7.47;0/4;;;;;Renta Fija;133;120;125;https://bancaonline.bankinter.com/resources/allfundssheets-enmenm/es/?isin=LU1446800903&language=es&currency=EUR&channel=nbol;2026-09-10
IE00B560QG61;GAM Star Credit Opps (USD) Ord USD Acc;GAM Star Fund plc - GAM Star Credit Opportunities (USD) Class Ordinary USD Accumulation;GAM Fund Management Limited;Fixed Income;Fixed Income Miscellaneous;RF Otros;FO;USD;Irlanda;2;;1.54;10000;True;False;2011-07-19;;;;;-0.02;-0.07;-0.13;0.88;0.9;1.54;3;8.34;2.58;3.99;7.02;9.4;6.43;-9.67;3.15;3.46;16.22;;;;;;;;;;;;;;;;;;;;;;;;;;;;;;;;-0.3986;1.01853;-0.16996;0.22883;;;;;;1.75439;3.58037;6.48238;7.64667;-1.49051;-2.12214;-16.61586;-24.70277;1.54;1.35;1;5;0;0.16;;;;;;;;;;;;3.93;;;86;-9.67;0/4;;;;;Renta Fija;133;120;125;https://bancaonline.bankinter.com/resources/allfundssheets-enmenm/es/?isin=IE00B560QG61&language=es&currency=EUR&channel=nbol;2026-09-10
IE00BQZHS253;GAM Star Income Ord EURH Acc;GAM Star Fund plc - GAM Star Income Class Ordinary Hedged EUR Accumulation Hedged;GAM Fund Management Limited;Fixed Income;US Fixed Income;RF Otros;FO;EUR;Irlanda;2;;1.5;10000;True;False;2014-09-30;;;;;-0.01;0.06;0;0.26;0.78;1.45;2.43;3.96;1.45;1.06;3.45;6.32;1.46;-5.49;2.68;-0.92;-0.48;;4;;;;;;15;21.59862;31.82;0.26;6.21;-1.73;1.66;-0.25;0.09;0.38;0.62;0.64;0.57;;;;;;;;;;;;0.80753;0.87238;-0.27331;0.08544;;;;;;0.57502;1.22712;2.0211;6.2383;-0.2372;-0.89029;-6.84262;-20.49099;1.5;1.3;1;5;3;0.23;;;;;;;;;;;;4.45;;;57;-5.49;0/4;;;;;Renta Fija;133;120;125;https://bancaonline.bankinter.com/resources/allfundssheets-enmenm/es/?isin=IE00BQZHS253&language=es&currency=EUR&channel=nbol;2026-09-10
LU1835818565;GS AAA ABS-X Cap EUR;Goldman Sachs AAA ABS - X Cap EUR;Goldman Sachs Asset Management B.V.;Fixed Income;Fixed Income Miscellaneous;RF Otros;FO;EUR;Luxemburgo;1;;0.6;;True;False;2022-05-20;;;;;0.03;0.07;0.15;0.65;1.2;1.58;2.24;3.31;;;2.45;4.41;4.39;;;;;;;;;;;;;;;;;;;;;;;;;;;;;;;;;;;;0.71337;1.36549;;;;;;;;0.34574;0.47312;;;-0.15107;-0.48201;;;0.6;0.6;0;5;0;0;;;;;;;;;;;;6.87;;;100;2.45;0/4;;;;;Renta Fija;133;120;125;https://bancaonline.bankinter.com/resources/allfundssheets-enmenm/es/?isin=LU1835818565&language=es&currency=EUR&channel=nbol;2026-09-10
LU0108415935;JPM Global High Yield Bd A acc EUR Hdg;JPMorgan Investment Funds - Global High Yield Bond Fund A (acc) EUR (hedged);JPMorgan Asset Management (Europe) S.à r.l.;Fixed Income;US Fixed Income;RF Otros;FO;EUR;Luxemburgo;2;;1.06;35000;True;False;2000-03-24;;;;;0.03;-0.02;-0.17;0.4;0.93;0.84;1.95;6.27;1.59;2.45;6.18;7.04;8.06;-12.38;4.45;1.56;10.51;7;7;10204.69326;8.60851;0.99;1.65;;15;3.96424;54.91;0.02;6.91;-4.3;-1.79;-2.38;-2.7;2.55;1.63;1.43;1.27;;;;;;;;;;;;0.14826;0.80224;-0.01617;0.29252;;;;;;2.7679;4.14833;6.5762;6.63559;-2.22508;-4.96811;-15.45358;-23.87892;1.06;0.85;0;3;1;0.07;0.3;;;;;;;;;;;1.26;;;86;-12.38;0/4;;;;;Renta Fija;133;120;125;https://bancaonline.bankinter.com/resources/allfundssheets-enmenm/es/?isin=LU0108415935&language=es&currency=EUR&channel=nbol;2026-09-10
LU0115103029;JPM Global High Yield Bd D acc EUR Hdg;JPMorgan Investment Funds - Global High Yield Bond Fund D (acc) EUR (hedged);JPMorgan Asset Management (Europe) S.à r.l.;Fixed Income;US Fixed Income;RF Otros;FO;EUR;Luxemburgo;2;;1.44;5000;True;False;2001-04-18;;;;;0.02;-0.02;-0.2;0.3;0.74;0.59;1.56;5.86;1.2;2.05;5.78;6.62;7.65;-12.72;4.05;1.18;10.07;7;7;10204.69326;8.60851;0.99;1.65;;15;3.96424;54.91;-0.04;6.91;-4.68;-2.18;-2.77;-3.1;2.55;1.63;1.43;1.27;;;;;;;;;;;;0.01062;0.70896;-0.07596;0.23317;;;;;;2.76834;4.14777;6.5741;6.63429;-2.27301;-5.00558;-15.81021;-23.91233;1.44;0.85;0;3;1;0.07;;;;;;;;;;;;1.17;;;86;-12.72;0/4;;;;;Renta Fija;133;120;125;https://bancaonline.bankinter.com/resources/allfundssheets-enmenm/es/?isin=LU0115103029&language=es&currency=EUR&channel=nbol;2026-09-10
LU1041599587;JPM Income A acc EUR Hdg;JPMorgan Funds - Income Fund A (acc) EUR (hedged);JPMorgan Asset Management (Europe) S.à r.l.;Fixed Income;US Fixed Income;RF Otros;FO;EUR;Luxemburgo;2;;1.18;35000;True;False;2014-06-16;;;;;0.03;0.05;-0.1;0.38;0.29;0.45;0.78;4.02;-0.13;1.15;4.1;4.25;2.67;-10.35;1.32;1.49;8.21;7;4;2474.49785;6.78012;1.14;2.02;;11;;45.59;0.36;6.28;-2.34;2.34;0.94;0.71;0.54;1.03;1.19;1.16;;;;;;;;;;;;-0.57664;0.43338;-0.47782;0.11112;;;;;;1.49729;2.63606;4.27192;4.92351;-1.51428;-2.37702;-13.74281;-17.19274;1.18;1;0;3;1;0.38;;;;;;;;;;;;1.69;;;86;-10.35;0/4;;;;;Renta Fija;133;120;125;https://bancaonline.bankinter.com/resources/allfundssheets-enmenm/es/?isin=LU1041599587&language=es&currency=EUR&channel=nbol;2026-09-10
LU1041599744;JPM Income A div EUR Hdg;JPMorgan Funds - Income Fund A (div) EUR (hedged);JPMorgan Asset Management (Europe) S.à r.l.;Fixed Income;US Fixed Income;RF Otros;FO;EUR;Luxemburgo;2;;1.18;35000;True;False;2014-06-16;;;;;0.04;0.06;-0.1;0.39;0.29;0.45;0.79;4.03;-0.13;1.16;4.12;4.26;2.66;-10.34;1.32;1.48;8.19;7;4;2474.49785;6.78012;1.14;2.02;;11;;45.55;0.36;6.29;-2.34;2.35;0.95;0.71;0.53;1.03;1.19;1.16;;;;;;;;;;;;-0.57043;0.43613;-0.47673;0.11249;;;;;;1.49526;2.64121;4.27011;4.92176;-1.51109;-2.38833;-13.74054;-17.19182;1.18;1;0;3;1;0.38;;;;;;;;;;;;1.69;;;86;-10.34;0/4;;;;;Renta Fija;133;120;125;https://bancaonline.bankinter.com/resources/allfundssheets-enmenm/es/?isin=LU1041599744&language=es&currency=EUR&channel=nbol;2026-09-10
LU0289470113;JPM Income Opp A perf acc EUR Hdg;JPMorgan Investment Funds - Income Opportunity Fund A (perf) (acc) EUR (hedged);JPMorgan Asset Management (Europe) S.à r.l.;Fixed Income;US Fixed Income;RF Otros;FO;EUR;Luxemburgo;2;;1.2;35000;True;False;2007-07-19;;;;;0;-0.01;0.04;0.38;0.68;0.88;1.23;2.2;1.15;0.46;1.43;3.29;2.64;-1.83;-0.65;-0.11;0.77;7;1;;;;;;9;2.35;0.06;-0.02;6.8;-3.15;0.28;-1.4;-0.63;-3.46;-3.13;12.6;13.18;;;;;;;;;;;;-3.31461;-1.24809;-1.6238;-0.15092;;;;;;0.23877;0.50368;0.74084;1.78933;-0.19115;-0.26371;-2.6609;-8.27402;1.2;1;0;3;1;0.55;;;;;;;;;;;;8.34;;;57;-1.83;0/4;;;;;Renta Fija;133;120;125;https://bancaonline.bankinter.com/resources/allfundssheets-enmenm/es/?isin=LU0289470113&language=es&currency=EUR&channel=nbol;2026-09-10
LU0289473059;JPM Income Opp D perf acc EUR Hdg;JPMorgan Investment Funds - Income Opportunity Fund D (perf) (acc) EUR (hedged);JPMorgan Asset Management (Europe) S.à r.l.;Fixed Income;US Fixed Income;RF Otros;FO;EUR;Luxemburgo;2;;1.45;5000;True;False;2007-07-19;;;;;-0.01;-0.02;0.01;0.31;0.55;0.71;0.97;1.94;0.9;0.21;1.17;3.03;2.39;-2.07;-0.9;-0.36;0.52;7;1;;;;;;9;2.35;0.06;-0.05;6.8;-3.41;0.04;-1.65;-0.88;-3.4;-3.12;12.59;13.19;;;;;;;;;;;;-4.31773;-1.83775;-2.13422;-0.29176;;;;;;0.24673;0.50279;0.74;1.7883;-0.19882;-0.2666;-2.9464;-8.94064;1.45;1;1;3;1;0.55;;;;;;;;;;;;7.28;;;57;-2.07;0/4;;;;;Renta Fija;133;120;125;https://bancaonline.bankinter.com/resources/allfundssheets-enmenm/es/?isin=LU0289473059&language=es&currency=EUR&channel=nbol;2026-09-10
LU0679000579;JPM US Aggregate Bond A acc EUR Hdg;JPMorgan Funds - US Aggregate Bond Fund A (acc) - EUR (hedged);JPMorgan Asset Management (Europe) S.à r.l.;Fixed Income;US Fixed Income;RF Otros;FO;EUR;Luxemburgo;2;;1.1;35000;True;False;2011-10-03;;;;;0.03;0.03;-0.52;-0.94;-2.51;-2.27;-2.21;1.73;-2.69;-1.06;4.27;-0.35;2.39;-14.93;-2.81;5.85;4.92;;3;;;;;;6;7.1672;66.28;-0.03;6.83;-3.02;0.4;-0.21;-1.16;1.29;1.54;1.54;1.51;;;;;;;;;;;;-0.81794;-0.20798;-0.81359;-0.36074;;;;;;3.59198;5.33819;5.78173;4.68595;-3.66048;-5.47137;-20.90376;-22.07745;1.1;0.9;0;3;1;0.05;;;;;;;;;;;;0.32;;;57;-14.93;0/4;;;;;Renta Fija;133;120;125;https://bancaonline.bankinter.com/resources/allfundssheets-enmenm/es/?isin=LU0679000579&language=es&currency=EUR&channel=nbol;2026-09-10
LU0549623634;JPM US Aggregate Bond D acc EUR Hdg;JPMorgan Funds - US Aggregate Bond Fund D (acc) - EUR (hedged);JPMorgan Asset Management (Europe) S.à r.l.;Fixed Income;US Fixed Income;RF Otros;FO;EUR;Luxemburgo;2;;1.35;5000;True;False;2010-11-02;;;;;0.03;0.03;-0.53;-0.99;-2.63;-2.43;-2.46;1.47;-2.94;-1.31;3.99;-0.6;2.14;-15.15;-3.07;5.58;4.65;;3;;;;;;6;7.1672;66.29;-0.07;6.82;-3.27;0.14;-0.47;-1.41;1.29;1.54;1.54;1.51;;;;;;;;;;;;-0.88672;-0.2559;-0.85874;-0.41515;;;;;;3.59859;5.33934;5.7802;4.68541;-3.77784;-5.5444;-21.32233;-22.76306;1.35;0.9;0;3;1;0.05;0.2;;;;;;;;;;;0.27;;;57;-15.15;0/4;;;;;Renta Fija;133;120;125;https://bancaonline.bankinter.com/resources/allfundssheets-enmenm/es/?isin=LU0549623634&language=es&currency=EUR&channel=nbol;2026-09-10
LU0562247691;JPM US Short Duration Bond A acc EUR H;JPMorgan Funds - US Short Duration Bond Fund A (acc) - EUR (hedged);JPMorgan Asset Management (Europe) S.à r.l.;Fixed Income;US Fixed Income;RF Otros;FO;EUR;Luxemburgo;2;;0.8;35000;True;False;2011-03-15;;;;;0.03;0.01;-0.11;0.2;-0.38;-0.29;0.1;2.5;0.17;-0.02;2.85;2.79;2.33;-5.62;-1.39;3;0.87;;1;;;;;;5;2.01587;54.74;0.04;6.89;0.45;0.97;1.79;-0.47;3.86;3.95;3.22;2.93;;;;;;;;;;;;-1.55839;-0.20472;-0.99003;-0.49511;;;;;;0.94937;1.58972;1.9922;1.58198;-1.04042;-1.04042;-7.58129;-8.52337;0.8;0.6;0;3;1;0.04;;;;;;;;;;;;2.4;;;71;-5.62;0/4;;;;;Renta Fija;133;120;125;https://bancaonline.bankinter.com/resources/allfundssheets-enmenm/es/?isin=LU0562247691&language=es&currency=EUR&channel=nbol;2026-09-10
LU0562248152;JPM US Short Duration Bond D acc EUR H;JPMorgan Funds - US Short Duration Bond Fund D (acc) - EUR (hedged);JPMorgan Asset Management (Europe) S.à r.l.;Fixed Income;US Fixed Income;RF Otros;FO;EUR;Luxemburgo;2;;1.1;5000;True;False;2011-03-15;;;;;0.03;0;-0.14;0.13;-0.53;-0.49;-0.2;2.19;-0.13;-0.32;2.54;2.48;2.03;-5.9;-1.68;2.69;0.57;;1;;;;;;5;2.01587;54.75;0;6.89;0.15;0.67;1.49;-0.77;3.86;3.95;3.22;2.93;;;;;;;;;;;;-1.86971;-0.39845;-1.15556;-0.69422;;;;;;0.95045;1.58978;1.99188;1.58143;-1.07554;-1.07554;-7.90152;-10.19113;1.1;0.6;0;3;1;0.04;;;;;;;;;;;;2.04;;;71;-5.9;0/4;;;;;Renta Fija;133;120;125;https://bancaonline.bankinter.com/resources/allfundssheets-enmenm/es/?isin=LU0562248152&language=es&currency=EUR&channel=nbol;2026-09-10
IE00BLK24558;Janus Henderson Mlt-Sect Inc A2 HEUR;Janus Henderson Capital Funds plc - Multi-Sector Income Fund Class A2 HEUR;Janus Henderson Investors;Fixed Income;US Fixed Income;RF Otros;FO;EUR;Irlanda;2;;1.35;2500;True;False;2020-03-18;;;;;0;-0.17;-0.25;0.08;-0.33;-0.17;1.02;4.54;-0.22;;6.03;4.16;6.07;-14.42;1.1;;;7;5;6031.97852;9.70069;1.2;1.64;0.00694;13;6.7816;58.24;0.44;6.29;-1.43;3.04;1.94;;0.88;1.28;1.44;;;;;;;;;;;;;-0.23049;0.41646;-0.36864;;;;;;;2.78345;4.08352;5.60479;;-2.81689;-3.53391;-18.37752;;1.35;0.7;0;5;0;0.5;;;;;;;;;;;;1.28;;;80;-14.42;0/4;;;;;Renta Fija;133;120;125;https://bancaonline.bankinter.com/resources/allfundssheets-enmenm/es/?isin=IE00BLK24558&language=es&currency=EUR&channel=nbol;2026-09-10
LU0117369479;Lemanik SICAV Actv S/T Crdt Cap Ret EURA;Lemanik SICAV - Active Short Term Credit Capitalisation Retail EUR A;Lemanik Invest S.A.;Fixed Income;Fixed Income Miscellaneous;RF Otros;FO;EUR;Luxemburgo;2;;1.73;0;True;False;2001-11-16;;;;;0.02;-0.03;-0.02;0.15;0.72;0.77;0.98;3.21;2.19;1.71;2.53;4.68;4.74;-1.45;3.15;0.41;1.88;;;;;;;;;;;;;;;;;;;;;;;;;;;;;;;;-0.78496;0.41415;0.1322;0.25401;;;;;;1.04752;1.11469;1.76576;4.13074;-0.81082;-1.34497;-3.98572;-12.58654;1.73;1.25;1;3;0;0.16;;;;;;;;;;;;2.39;;;86;-1.45;0/4;;;;;Renta Fija;133;120;125;https://bancaonline.bankinter.com/resources/allfundssheets-enmenm/es/?isin=LU0117369479&language=es&currency=EUR&channel=nbol;2026-09-10
IE00BYP0Y993;Lord Abbett Short Dur Inc A EUR H Acc;Lord Abbett Short Duration Income Fund Class A EUR Hedged Accumulating;Lord Abbett (Ireland) Ltd;Fixed Income;US Fixed Income;RF Otros;FO;EUR;Irlanda;2;;1.07;2500;True;False;2016-02-01;;;;;0;0;0;0.19;-0.1;0.1;0.78;2.81;0.18;0.03;3.32;3.01;2.55;-6.83;-0.59;0.49;1.61;3;4;64902.69359;11.49662;3.18;3.02;;11;2.4;52.31;-0.02;6.86;-1.21;-1.67;-0.04;-2.22;4.42;3.84;3.1;2.58;;;;;;;;;;;;-0.94531;0.00702;-0.89469;-0.24409;;;;;;1.11199;1.53613;2.17699;2.81235;-1.16279;-1.16279;-8.63591;-10.03895;1.07;1;0;3;0;0.68;;;;;;;;;;;;2.42;;;71;-6.83;0/4;;;;;Renta Fija;133;120;125;https://bancaonline.bankinter.com/resources/allfundssheets-enmenm/es/?isin=IE00BYP0Y993&language=es&currency=EUR&channel=nbol;2026-09-10
LU1670630042;M&G (Lux) Euro Corp Bd A H USD Acc;M&G (Lux) Euro Corporate Bond Fund USD A-H Acc;M&G Luxembourg S.A.;Fixed Income;Europe Fixed Income;RF Otros;FO;USD;Luxemburgo;2;;0.62;1000;True;False;2018-11-09;;;;;-0.09;-0.08;-0.81;-0.32;-0.02;0.67;1.57;5.84;1.57;2.39;4.91;6.01;10.69;-11.94;-0.7;3.42;8.21;;5;;;;;;8;;38;-0.1;6.8;-0.33;0.68;-0.68;0.35;0.33;0.25;0.37;0.35;;;;;;;;;;;;-0.45702;0.35546;-0.3988;0.01138;;;;;;3.30161;3.47231;5.39755;4.83662;-2.46177;-2.46177;-16.26762;-16.726;0.62;0.4;0;3;;0;;;;;;;;;;;;2.37;;;71;-11.94;0/4;;;;;Renta Fija;133;120;125;https://bancaonline.bankinter.com/resources/allfundssheets-enmenm/es/?isin=LU1670630042&language=es&currency=EUR&channel=nbol;2026-09-10
LU1964705062;MFS Meridian US Government Bond AH1 EUR;MFS Meridian Funds - U.S. Government Bond AH1 EUR;MFS Investment Management Company (Lux) S.à.r.l;Fixed Income;US Fixed Income;RF Otros;FO;EUR;Luxemburgo;3;;0.98;0;True;False;2019-04-17;;;;;0.1;0;-0.39;-0.68;-2.48;-2.02;-1.92;1.27;-3.11;;3.89;-1.47;1.09;-14.73;-3.36;4;;;2;;;;;;7;7.35;68.62;-0.06;6.9;-3.39;0.49;0.12;;1.12;1.62;1.67;;;;;;;;;;;;;-0.95134;-0.30214;-0.83796;;;;;;;3.20335;5.51885;6.05815;;-3.68617;-5.7985;-21.73193;;0.98;0.5;0;6;0;0.01;;;;;;;;;;;;0.22;;;50;-14.73;0/4;;;;;Renta Fija;133;120;125;https://bancaonline.bankinter.com/resources/allfundssheets-enmenm/es/?isin=LU1964705062&language=es&currency=EUR&channel=nbol;2026-09-10
LU1832969650;MS INVF Euro Corporate Bd - Dur Hgd A;Morgan Stanley Investment Funds - Euro Corporate Bond - Duration Hedged Fund A;MSIM Fund Management (Ireland) Limited;Fixed Income;Fixed Income Miscellaneous;RF Otros;FO;EUR;Luxemburgo;2;;1.05;0;True;False;2018-07-06;;;;;-0.03;0.06;0.06;0.48;1.37;1.51;2.75;5.73;3.41;;4.38;7.74;8.17;-3.71;-0.07;2.01;7.2;;4;;;;;;9;5.82465;;;;;;;;;;;;;;;;;;;;;;;0.57209;1.75713;0.42614;;;;;;;1.50804;1.7593;3.5774;;-1.1925;-1.90672;-9.06679;;1.05;0.8;0;3;0;0.05;;;;;;;;;;;;3.01;;;71;-3.71;0/4;;;;;Renta Fija;133;120;125;https://bancaonline.bankinter.com/resources/allfundssheets-enmenm/es/?isin=LU1832969650&language=es&currency=EUR&channel=nbol;2026-09-10
LU2240476734;Moneda Latam Corporate Crdt A;Moneda Luxembourg SICAV - Latam Corporate Credit Fund A;Moneda S.A. Administradora General de Fondos.;Fixed Income;Latin America Fixed Income;RF Otros;FO;USD;Luxemburgo;5;;;;True;False;2021-04-30;;;;;0.03;-0.05;0.17;0.83;3.4;4.05;5.19;8.73;3.4;;7.45;9.54;9.85;-10.39;;;;7;;198.1205;;0.8;0.08;;;;;;;;;;;;;;;;;;;;;;;;;;0.53609;0.95982;-0.0383;;;;;;;3.29971;4.19547;6.36662;;-1.96575;-3.50893;-18.83324;;;1.5;;;;;;;;;;;;;;;;2.49;;;75;-10.39;0/4;;;;;Renta Fija;133;120;125;https://bancaonline.bankinter.com/resources/allfundssheets-enmenm/es/?isin=LU2240476734&language=es&currency=EUR&channel=nbol;2026-09-10
IE0032860565;Muzinich Americayield HEUR Acc R;Muzinich Americayield Fund Hedged Euro Accumulation R Units;Muzinich & Co. (Ireland) Limited;Fixed Income;US Fixed Income;RF Otros;FO;EUR;Irlanda;2;;1.73;1000;True;False;2003-03-19;;;;;-0.01;0.06;0.02;0.78;1.07;0.76;1.6;4.79;0.27;1.41;4.96;4.34;7.42;-14.56;2.53;4.49;9.04;;7;;;;;;15;4.6;60.51;-0.13;6.7;-5.86;-3.04;-3.38;-3.56;2.49;1.78;1.47;1.36;;;;;;;;;;;;0.0803;0.45996;-0.21697;0.1373;;;;;;2.42306;4.23904;6.67191;6.78238;-2.52085;-4.08178;-17.36063;-19.47751;1.73;1.5;0;3;0;0.07;0;;;;;;;;;;;1.17;;;86;-14.56;0/4;;;;;Renta Fija;133;120;125;https://bancaonline.bankinter.com/resources/allfundssheets-enmenm/es/?isin=IE0032860565&language=es&currency=EUR&channel=nbol;2026-09-10
IE00B3MB7B14;Muzinich ShortDurationHY HEUR Acc R;Muzinich ShortDurationHighYield Fund Hedged Euro Accumulation R Units;Muzinich & Co. (Ireland) Limited;Fixed Income;US Fixed Income;RF Otros;FO;EUR;Irlanda;1;;1.3;1000;True;False;2010-10-12;;;;;0;0.06;0.2;0.88;1.56;1.33;2.41;3.97;1.43;1.18;3.9;4.35;5.7;-7.69;1.97;1.33;3.52;;7;;;;;;15;2.72;;;;;;;;;;;;;;;;;;;;;;;0.50698;0.55003;-0.11309;0.12864;;;;;;1.54751;2.07613;4.04347;4.1983;-1.53064;-3.2553;-9.63158;-16.18401;1.3;1.1;0;1;0;0.14;;;;;;;;;;;;1.22;;;86;-7.69;0/4;;;;;Renta Fija;133;120;125;https://bancaonline.bankinter.com/resources/allfundssheets-enmenm/es/?isin=IE00B3MB7B14&language=es&currency=EUR&channel=nbol;2026-09-10
IE00B7FN4G61;Neuberger ShrtDurHYEggm €AAcc;Neuberger Short Duration High Yield Engagement Fund EUR A Acc Class;Neuberger Berman Asset Management Ireland Limited;Fixed Income;US Fixed Income;RF Otros;FO;EUR;Irlanda;2;;1.35;1000;True;False;2011-12-20;;;;;-0.07;-0.15;0.08;0.38;0.6;0.76;1.99;4.5;1.92;1.55;5.25;4.23;6.91;-6.92;2.45;0.85;5.29;;7;;;;;;15;3.64;;;;;;;;;;;;;;;;;;;;;;;0.13283;0.58042;0.01695;0.18564;;;;;;2.02613;2.99225;4.74623;5.11137;-2.10685;-2.90422;-9.70397;-18.0119;1.35;1.2;0;5;0;0.24;;;;;;;;;;;;1.55;;;86;-6.92;0/4;;;;;Renta Fija;133;120;125;https://bancaonline.bankinter.com/resources/allfundssheets-enmenm/es/?isin=IE00B7FN4G61&language=es&currency=EUR&channel=nbol;2026-09-10
LU0492942718;Ninety One GSF Lat Am Corp Dbt A Acc USD;Ninety One Global Strategy Fund - Latin American Corporate Debt Fund A Acc USD;Ninety One Luxembourg S.A.;Fixed Income;Latin America Fixed Income;RF Otros;FO;USD;Luxemburgo;2;;1.9;3000;True;False;2010-04-30;;;;;0;0.18;0.13;0.68;1.64;2.62;4.07;7.59;2.84;3.47;8.59;6.89;6.44;-7.4;0.34;4.36;11.94;;8;;;;;;13;;97.92;-1.68;0.67;-0.99;-0.82;-1.1;-1.76;0.94;0.94;1;1.1;;;;;;;;;;;;0.23501;0.66836;-0.12877;0.15695;;;;;;3.04527;4.28036;6.25895;8.97657;-1.92358;-3.14425;-16.84612;-24.52478;1.9;1.5;0;5;0;0.12;0.05;;;;;;;;;;;2.41;;;86;-7.4;0/4;;;;;Renta Fija;133;120;125;https://bancaonline.bankinter.com/resources/allfundssheets-enmenm/es/?isin=LU0492942718&language=es&currency=EUR&channel=nbol;2026-09-10
IE00B78CQ196;Nomura Fds US High Yield Bond A EUR H;Nomura Funds Ireland plc - US High Yield Bond Fund Class A EUR Hedged;Nomura Asset Management U.K. Limited;Fixed Income;US Fixed Income;RF Otros;FO;EUR;Irlanda;3;;1.14;5000;True;False;2012-04-10;;;;;0.01;0.05;0;0.54;0.95;0.85;1.83;5.82;1.57;2.74;5.91;5.09;11.33;-13.65;6.48;4.64;8.49;7;7;;2.61247;;;;15;4.9981;59.54;-0.04;7.03;-4.28;-2.63;-2.36;-2.79;2.66;1.76;1.49;1.45;;;;;;;;;;;;0.1725;0.62633;-0.01139;0.29599;;;;;;2.98846;4.67534;6.98492;7.87864;-2.65763;-5.24538;-17.11276;-23.59349;1.14;1;0;5;0;0.19;;;;;;;;;;;;1.11;;;86;-13.65;0/4;;;;;Renta Fija;133;120;125;https://bancaonline.bankinter.com/resources/allfundssheets-enmenm/es/?isin=IE00B78CQ196&language=es&currency=EUR&channel=nbol;2026-09-10
LU1818765064;Nordea 1 - Low Dur Eurp Cov Bd HB USD;Nordea 1 - Low Duration European Covered Bond Fund HB USD;Nordea Investment Funds SA;Fixed Income;Europe Fixed Income;RF Otros;FO;USD;Luxemburgo;2;;0.71;;True;False;2018-05-29;;;;;-0.02;0.05;-0.02;0.48;1.09;1.37;3.33;5.28;3.5;;6.2;6.04;4.07;0.7;-0.1;2.56;5.43;;1;;;;;;5;5.42722;;;;;;;;;;;;;;;;;;;;;;;-0.24686;0.49959;-0.3013;;;;;;;1.45174;1.21877;1.42676;;-0.89293;-0.89293;-2.14818;;0.71;0.5;0;1;0;0.14;;;;;;;;;;;;5.91;;;86;-0.1;0/4;;;;;Renta Fija;133;120;125;https://bancaonline.bankinter.com/resources/allfundssheets-enmenm/es/?isin=LU1818765064&language=es&currency=EUR&channel=nbol;2026-09-10
LU0458980595;Nordea 1 - US Corporate Bond HB EUR;Nordea 1 - US Corporate Bond Fund HB EUR;Nordea Investment Funds SA;Fixed Income;US Fixed Income;RF Otros;FO;EUR;Luxemburgo;3;;1.03;0;True;False;2010-02-12;;;;;0.17;0.13;-0.51;-1;-1.99;-1.91;-1.66;3.03;-2.71;-0.39;4.35;1.28;5.12;-18.88;-2.17;8.46;9.58;;6;;;;;;11;9.48806;71.58;0.02;6.54;-2.42;0.31;-0.54;-1.68;1.35;1.5;1.54;1.49;;;;;;;;;;;;-0.61185;0.01257;-0.63414;-0.136;;;;;;3.83029;6.02725;7.27934;6.79708;-3.17715;-5.9413;-24.8805;-25.01048;1.03;0.7;0;3;0;0;;;;;;;;;;;;0.51;;;71;-18.88;0/4;;;;;Renta Fija;133;120;125;https://bancaonline.bankinter.com/resources/allfundssheets-enmenm/es/?isin=LU0458980595&language=es&currency=EUR&channel=nbol;2026-09-10
IE00BFRSV973;PIMCO GIS Capital Scs E EURH Acc;PIMCO GIS Capital Securities Fund E Class EUR (Hedged) Accumulation;PIMCO Global Advisors (Ireland) Limited;Fixed Income;Fixed Income Miscellaneous;RF Otros;FO;EUR;Irlanda;3;;1.69;;True;False;2013-10-28;;;;;0;-0.21;-0.48;0.14;0;0.21;2.26;7.59;0.81;2.38;7.37;7.69;5.94;-14.26;3.31;3.1;12.96;7;5;1364.10389;0.90909;;0.18;;10;6.76;0;0.58;9.36;-1.98;5.51;0.53;2.38;8.09;0.12;28.8;23.07;;;;;;;;;;;;0.17909;1.08165;-0.10228;0.24149;;;;;;3.99741;4.39418;7.91447;8.53024;-3.48362;-4.22434;-24.08599;-24.08599;1.69;1.69;0;5;0;0.08;;;;;;;;;;;;1.8;;;86;-14.26;0/4;;;;;Renta Fija;133;120;125;https://bancaonline.bankinter.com/resources/allfundssheets-enmenm/es/?isin=IE00BFRSV973&language=es&currency=EUR&channel=nbol;2026-09-10
IE00BFRSV866;PIMCO GIS Capital Scs E USD Acc;PIMCO GIS Capital Securities Fund E Class USD Accumulation;PIMCO Global Advisors (Ireland) Limited;Fixed Income;Fixed Income Miscellaneous;RF Otros;FO;USD;Irlanda;3;;1.69;1000;True;False;2013-10-28;;;;;-0.06;-0.17;-0.39;0.5;0.79;1.35;4.18;9.55;2.71;4.49;9.59;9.4;8.12;-12.32;4.14;5.35;16.38;7;5;1559.58188;0.90909;;0.18;;10;6.76;0.22;1.11;4.39;0.39;4.56;1.18;2.9;11.65;3.92;18.76;10.53;;;;;;;;;;;;0.18947;1.07417;-0.10176;0.27644;;;;;;4.04034;4.44395;7.93779;8.45937;-3.27413;-4.10381;-21.73631;-22.99795;1.69;1.69;0;5;0;0.03;;;;;;;;;;;;2.33;;;86;-12.32;0/4;;;;;Renta Fija;133;120;125;https://bancaonline.bankinter.com/resources/allfundssheets-enmenm/es/?isin=IE00BFRSV866&language=es&currency=EUR&channel=nbol;2026-09-10
IE00B95G9K86;PIMCO GIS Credit Opps Bd E EUR H Acc;PIMCO GIS Credit Opportunities Bond Fund E Class EUR (Hedged) Accumulation;PIMCO Global Advisors (Ireland) Limited;Fixed Income;US Fixed Income;RF Otros;FO;EUR;Irlanda;2;;1.55;;True;False;2012-12-21;;;;;0;0;-0.54;-0.45;-1.42;-2.12;-0.89;3.69;0.87;1.06;4.62;5.15;5.54;-6.43;-0.57;0.77;4;1;5;2032716.20154;26.63116;4.18;3.49;;11;10.08;0;0.15;8.89;-5.37;1.68;-0.8;0.31;9.12;0.92;19.02;15.66;;;;;;;;;;;;-0.83908;0.27575;-0.27287;0.09368;;;;;;3.1123;3.32467;3.89377;4.68618;-3.95085;-3.95085;-10.81847;-15.55133;1.55;2.5;0;5;0;0.47;;;;;;;;;;;;0.93;;;71;-6.43;0/4;;;;;Renta Fija;133;120;125;https://bancaonline.bankinter.com/resources/allfundssheets-enmenm/es/?isin=IE00B95G9K86&language=es&currency=EUR&channel=nbol;2026-09-10
IE00B283G405;PIMCO GIS Low Avrg Dur E EURH Acc;PIMCO GIS Low Average Duration Fund E Class EUR (Hedged) Accumulation;PIMCO Global Advisors (Ireland) Limited;Fixed Income;US Fixed Income;RF Otros;FO;EUR;Irlanda;2;;1.36;;True;False;2009-07-24;;;;;0;0.12;-0.24;-0.12;-0.83;-0.83;-0.48;1.95;-0.73;-0.88;2.56;2.12;1.91;-7.52;-2.63;0.81;0.7;;4;;;;;;6;2.6;54.99;0;6.97;0.15;1.51;1.76;-0.91;3.77;4.08;3.37;2.61;;;;;;;;;;;;-2.2169;-0.4977;-1.30988;-0.93001;;;;;;1.02693;1.69439;2.24774;1.82249;-1.42516;-1.42516;-9.83801;-14.58341;1.36;2.5;0;5;0;0.14;;;;;;;;;;;;1.37;;;71;-7.52;0/4;;;;;Renta Fija;133;120;125;https://bancaonline.bankinter.com/resources/allfundssheets-enmenm/es/?isin=IE00B283G405&language=es&currency=EUR&channel=nbol;2026-09-10
IE00BDT57Y96;PIMCO GIS Low Dur Inc E EUR Hdg Acc;PIMCO GIS Low Duration Income Fund E Class EUR (Hedged) Accumulation;PIMCO Global Advisors (Ireland) Limited;Fixed Income;US Fixed Income;RF Otros;FO;EUR;Irlanda;2;;1.45;;True;False;2018-05-31;;;;;0;0;-0.09;0.09;0;0.27;1.92;4.37;1.6;;6.42;4.09;5.03;-6.65;0.39;0.59;2.95;5;4;25464.32424;22.44165;12.34;0.51;;8;3.87;58.4;0.3;7.3;2.75;2.72;3.89;;4.97;4.33;3.61;;;;;;;;;;;;;-0.05045;0.58298;-0.09181;;;;;;;2.13358;2.66724;3.66991;;-2.14287;-2.14285;-10.11676;;1.45;2.5;0;5;0;0.2;;;;;;;;;;;;2.04;;;86;-6.65;0/4;;;;;Renta Fija;133;120;125;https://bancaonline.bankinter.com/resources/allfundssheets-enmenm/es/?isin=IE00BDT57Y96&language=es&currency=EUR&channel=nbol;2026-09-10
IE00B11XZB05;PIMCO GIS Ttl Ret Bd E EURH Acc;PIMCO GIS Total Return Bond Fund E Class EUR (Hedged) Accumulation;PIMCO Global Advisors (Ireland) Limited;Fixed Income;US Fixed Income;RF Otros;FO;EUR;Irlanda;3;;1.4;;True;False;2006-03-31;;;;;0.06;-0.06;-0.44;-0.94;-2.4;-1.65;-0.17;2.71;-2.76;-1;6.12;0.18;2.88;-17.89;-3.01;6.52;4.86;7;6;;;;;;9;9.55;70.43;0.12;6.93;-1.62;1.48;0.48;-0.95;1.39;1.64;1.7;1.63;;;;;;;;;;;;-0.44253;-0.01269;-0.69084;-0.30762;;;;;;3.96107;5.85607;6.75081;5.32173;-3.8898;-5.42167;-24.11799;-24.95228;1.4;2.5;0;5;0;0.16;;;;;;;;;;;;0.5;;;71;-17.89;0/4;;;;;Renta Fija;133;120;125;https://bancaonline.bankinter.com/resources/allfundssheets-enmenm/es/?isin=IE00B11XZB05&language=es&currency=EUR&channel=nbol;2026-09-10
IE00B11XZ764;PIMCO GIS US Hi Yld Bd E EURH Acc;PIMCO GIS US High Yield Bond Fund E Class EUR (Hedged) Accumulation;PIMCO Global Advisors (Ireland) Limited;Fixed Income;US Fixed Income;RF Otros;FO;EUR;Irlanda;2;;1.47;;True;False;2006-03-31;;;;;-0.04;-0.21;0.04;0.18;-0.11;-0.11;1.46;5.19;0.63;1.78;5.66;5.42;9.34;-14.95;2.61;2.28;10.48;7;7;986.58027;;;0.73;;13;5.45;57.16;-0.12;6.71;-4.73;-2.72;-3.33;-3.51;2.24;1.64;1.5;1.33;;;;;;;;;;;;-0.12819;0.58616;-0.15321;0.18388;;;;;;2.06313;4.178;6.97962;7.02542;-2.75548;-4.00144;-17.88674;-21.12834;1.47;2.5;0;5;0;0.21;;;;;;;;;;;;1.3;;;86;-14.95;0/4;;;;;Renta Fija;133;120;125;https://bancaonline.bankinter.com/resources/allfundssheets-enmenm/es/?isin=IE00B11XZ764&language=es&currency=EUR&channel=nbol;2026-09-10
IE00BDB4ZH30;PIMCO GIS US S/T E EUR Hedged Acc;PIMCO GIS US Short-Term Fund E Class EUR (Hedged) Accumulation;PIMCO Global Advisors (Ireland) Limited;Fixed Income;US Fixed Income;RF Otros;FO;EUR;Irlanda;2;;0.85;;True;False;2016-06-08;;;;;0;0.09;0.09;0.57;1.23;1.62;2.2;3.05;1.61;0.63;2.24;3.95;3.46;-2.35;-1.31;0.61;-0.51;;4;;;;;;7;0.96;0.4;0.1;6.75;-3;1.69;-1.24;-0.87;10.36;-8.38;10.22;5.94;;;;;;;;;;;;0.66885;0.73957;-0.56053;-0.08444;;;;;;0.35553;0.39509;0.95862;1.36784;-0.18958;-0.19362;-3.45179;-5.74831;0.85;1.15;0;5;;0.41;;;;;;;;;;;;15.75;;;57;-2.35;0/4;;;;;Renta Fija;133;120;125;https://bancaonline.bankinter.com/resources/allfundssheets-enmenm/es/?isin=IE00BDB4ZH30&language=es&currency=EUR&channel=nbol;2026-09-10
LU1608101579;Pareto Nordic Corporate Bond A EUR;Pareto Nordic Corporate Bond A EUR;Pareto Asset Management AS;Fixed Income;Europe Fixed Income;RF Otros;FO;EUR;Luxemburgo;2;;1.11;0;True;False;2017-06-07;;;;;0.02;0.06;0.42;1.17;2.18;3.34;4.81;6.41;4.51;;5.66;7.58;8.34;-2.4;5.29;-0.17;4.91;7;;;14.47807;1.51;;;;;;;;;;;;;;;;;;;;;;;;;;;2.10258;2.94073;0.98726;;;;;;;1.2562;1.22623;2.67258;;-0.55348;-2.20328;-5.43392;;1.11;1;0;1;0;0.21;;;;;;;;;;;;2.91;;;71;-2.4;0/4;;;;;Renta Fija;133;120;125;https://bancaonline.bankinter.com/resources/allfundssheets-enmenm/es/?isin=LU1608101579&language=es&currency=EUR&channel=nbol;2026-09-10
LU0954603725;Pictet-EUR Short Term Corp Bds HR USD;Pictet-EUR Short Term Corporate Bonds HR USD;Pictet Asset Management (Europe) SA;Fixed Income;Europe Fixed Income;RF Otros;FO;USD;Luxemburgo;2;;1.01;0;True;False;2013-11-25;;;;;-0.04;-0.12;-0.22;0.41;1.05;1.49;2.77;5.61;2.62;2.21;5.18;6.47;6.89;-5.91;-0.07;1.38;3.84;;4;;;;;;11;2.50192;;;;;;;;;;;;;;;;;;;;;;;-0.38724;0.55246;-0.47575;-0.09936;;;;;;2.08095;1.71839;2.76699;2.43434;-1.6097;-1.6097;-8.17319;-8.4455;1.01;1.25;0;3;1;0;0.1;;;;;;;;;;;3.49;;;71;-5.91;0/4;;;;;Renta Fija;133;120;125;https://bancaonline.bankinter.com/resources/allfundssheets-enmenm/es/?isin=LU0954603725&language=es&currency=EUR&channel=nbol;2026-09-10
LU0736302232;Pictet-EUR Short Term High Yield HP USD;Pictet-EUR Short Term High Yield HP USD;Pictet Asset Management (Europe) SA;Fixed Income;Europe Fixed Income;RF Otros;FO;USD;Luxemburgo;2;;1.22;0;True;False;2012-01-30;;;;;0.02;-0.1;0.1;0.88;2.24;2.66;4.35;6.88;4.54;3.69;6.38;6.88;11.22;-3.99;3.07;-0.1;6.52;;7;;;;;;15;2.01729;;;;;;;;;;;;;;;;;;;;;;;0.25084;1.05935;0.18675;0.25412;;;;;;2.46296;2.14147;3.96575;5.16834;-1.96164;-2.41296;-8.80843;-16.44965;1.22;1.6;0;5;1;0.06;0.1;;;;;;;;;;;2.85;;;71;-3.99;0/4;;;;;Renta Fija;133;120;125;https://bancaonline.bankinter.com/resources/allfundssheets-enmenm/es/?isin=LU0736302232&language=es&currency=EUR&channel=nbol;2026-09-10
LU0340553949;Pictet-Emerging Local Ccy Dbt HP EUR;Pictet-Emerging Local Currency Debt HP EUR;Pictet Asset Management (Europe) SA;Fixed Income;Emerging Markets Fixed Income;RF Otros;FO;EUR;Luxemburgo;3;;1.62;0;True;False;2008-01-23;;;;;0.05;0.82;0.47;2.05;1.03;0.45;4.92;6.08;0.47;-0.53;18.72;-6.19;7.47;-11.35;-9.72;2.46;7.56;;;;;;;;13;6.9868;90.38;-0.04;8.82;-6.11;-2.31;-0.56;-2.2;1.75;1.92;1.72;1.55;;;;;;;;;;;;0.29906;0.2562;-0.11188;-0.04633;;;;;;9.38437;9.8725;10.71223;11.07861;-8.18051;-9.94137;-21.85426;-30.71351;1.62;2.1;0;5;1;0.12;0.2;;;;;;;;;;;0.61;;;57;-11.35;0/4;;;;;Renta Fija;133;120;125;https://bancaonline.bankinter.com/resources/allfundssheets-enmenm/es/?isin=LU0340553949&language=es&currency=EUR&channel=nbol;2026-09-10
LU0340554327;Pictet-Emerging Local Ccy Dbt HR EUR;Pictet-Emerging Local Currency Debt HR EUR;Pictet Asset Management (Europe) SA;Fixed Income;Emerging Markets Fixed Income;RF Otros;FO;EUR;Luxemburgo;3;;2.03;0;True;False;2008-01-23;;;;;0.06;0.8;0.44;1.95;0.83;0.17;4.49;5.64;0.06;-0.97;18.24;-6.57;7.03;-11.7;-10.09;2.05;7;;;;;;;;13;6.9868;90.37;-0.09;8.81;-6.53;-2.72;-0.97;-2.65;1.75;1.92;1.72;1.55;;;;;;;;;;;;0.25467;0.21488;-0.15021;-0.08684;;;;;;9.39275;9.86845;10.71057;11.07276;-8.23533;-10.05366;-22.21369;-32.18414;2.03;3;0;3;1;0.12;0.2;;;;;;;;;;;0.56;;;57;-11.7;0/4;;;;;Renta Fija;133;120;125;https://bancaonline.bankinter.com/resources/allfundssheets-enmenm/es/?isin=LU0340554327&language=es&currency=EUR&channel=nbol;2026-09-10
LU2166021886;Pictet-USD Government Bonds HP EUR;Pictet-USD Government Bonds HP EUR;Pictet Asset Management (Europe) SA;Fixed Income;US Fixed Income;RF Otros;FO;EUR;Luxemburgo;3;;0.63;0;True;False;2020-05-04;;;;;0;0.01;-0.31;-0.63;-2.36;-2.07;-2.24;0.87;-3.29;;3.25;-1.66;0.98;-14.81;-3.85;;;;2;;;;;;5;7.40259;;;;;;;;;;;;;;;;;;;;;;;-0.8299;-0.39383;-0.94834;;;;;;;3.28812;4.95827;5.53497;;-3.42202;-5.58324;-20.92589;;0.63;0.6;0;5;1;0;;;;;;;;;;;;0.16;;;40;-14.81;0/4;;;;;Renta Fija;133;120;125;https://bancaonline.bankinter.com/resources/allfundssheets-enmenm/es/?isin=LU2166021886&language=es&currency=EUR&channel=nbol;2026-09-10
LU1256216356;Pictet-USD Government Bonds HP dy EUR;Pictet-USD Government Bonds HP dy EUR;Pictet Asset Management (Europe) SA;Fixed Income;US Fixed Income;RF Otros;FO;EUR;Luxemburgo;3;;0.63;0;True;False;2015-07-06;;;;;0;0.01;-0.31;-0.63;-2.35;-2.07;-2.24;0.87;-3.28;-1.67;3.25;-1.66;0.99;-14.79;-3.83;6.36;3.84;;2;;;;;;5;7.40259;;;;;;;;;;;;;;;;;;;;;;;-0.83076;-0.39392;-0.94707;-0.47104;;;;;;3.29081;4.96065;5.53534;4.93233;-3.42346;-5.58295;-20.89884;-25.03158;0.63;0.6;0;5;1;0;0.2;;;;;;;;;;;0.16;;;57;-14.79;0/4;;;;;Renta Fija;133;120;125;https://bancaonline.bankinter.com/resources/allfundssheets-enmenm/es/?isin=LU1256216356&language=es&currency=EUR&channel=nbol;2026-09-10
IE0032590923;Principal Preferred Secs A Acc USD;Principal Global Investors Funds - Preferred Securities Fund A Acc USD;Principal Global Investors (Ireland) Ltd;Fixed Income;Fixed Income Miscellaneous;RF Otros;FO;USD;Irlanda;2;;1.07;100000;True;False;2012-03-27;;;;;0;-0.1;-0.3;0.25;0.61;1.02;3.07;7.44;2.5;3.81;7.88;8.36;8.06;-10.51;1.94;4.49;16.23;;5;;;;;;10;7.83;71.83;0.66;3.39;1.19;2.31;0.88;1.44;0.84;0.54;0.59;0.81;;;;;;;;;;;;-0.06777;0.70369;-0.2161;0.22343;;;;;;3.66693;3.83829;5.69159;6.85058;-2.91897;-3.25912;-15.86758;-21.27404;1.07;2;0;5;0;0.01;;;;;;;;;;;;2.28;;;86;-10.51;0/4;;;;;Renta Fija;133;120;125;https://bancaonline.bankinter.com/resources/allfundssheets-enmenm/es/?isin=IE0032590923&language=es&currency=EUR&channel=nbol;2026-09-10
IE00B00Z9M92;Principal Preferred Secs A Hdg Acc EUR;Principal Global Investors Funds - Preferred Securities Fund A Hedged Acc EUR;Principal Global Investors (Ireland) Ltd;Fixed Income;Fixed Income Miscellaneous;RF Otros;FO;EUR;Irlanda;2;;1.07;100000;True;False;2003-04-22;;;;;0.05;-0.11;-0.42;-0.11;-0.16;-0.11;1.22;5.49;0.58;1.71;5.54;6.62;5.82;-12.43;1.16;2.32;12.93;;5;;;;;;10;7.83;51.84;0.43;6.21;-0.68;2.69;1.16;0.14;1.16;1.08;1.19;1.29;;;;;;;;;;;;-0.06846;0.69655;-0.22165;0.17733;;;;;;3.55635;3.78346;5.64748;6.96476;-3.06175;-3.39913;-17.44065;-21.83334;1.07;2;0;5;0;0.01;0;;;;;;;;;;;1.62;;;86;-12.43;0/4;;;;;Renta Fija;133;120;125;https://bancaonline.bankinter.com/resources/allfundssheets-enmenm/es/?isin=IE00B00Z9M92&language=es&currency=EUR&channel=nbol;2026-09-10
LU1025004406;Robeco Financial Institutions Bds DH $;Robeco Financial Institutions Bonds DH $;Robeco Institutional Asset Management BV;Fixed Income;Europe Fixed Income;RF Otros;FO;USD;Luxemburgo;2;;1.02;0;True;False;2014-02-04;;;;;-0.12;-0.25;-0.69;0.08;0.99;1.35;2.88;8.26;3.29;4.6;6.2;9.95;12.43;-11.04;1.22;3.96;14.72;;5;;;;;;11;4.9378;32.43;-0.1;6.94;0.57;2.44;0.5;1.85;0.37;0.23;0.41;0.45;;;;;;;;;;;;-0.12375;1.01517;-0.07407;0.3811;;;;;;3.34995;3.47178;5.81247;6.0526;-2.80678;-2.80678;-16.70899;-16.7523;1.02;0.8;0;3;0;0.11;;;;;;;;;;;;2.94;;;86;-11.04;0/4;;;;;Renta Fija;133;120;125;https://bancaonline.bankinter.com/resources/allfundssheets-enmenm/es/?isin=LU1025004406&language=es&currency=EUR&channel=nbol;2026-09-10
IE000K7H1E84;Royal London Abs Ret Govt Bd W EUR H Acc;Royal London Absolute Return Government Bond Fund Class W EUR Hedged Acc;Royal London Asset Management Ltd;Fixed Income;Sterling Fixed Income;RF Otros;FO;EUR;Irlanda;2;;0.75;1000;True;False;2025-04-08;;;;;-0.04;-0.04;-0.08;0.49;0.98;1.09;2.17;;;;;;;;;;;;1;;;;;;5;;;;;;;;;;;;;;;;;;;;;;;;0.24961;;;;;;;;;1.13011;;;;-0.87727;;;;0.75;0.75;0;2;0;0.07;;;;;;;;;;;;;;;;;0/4;;;;;Renta Fija;133;120;125;https://bancaonline.bankinter.com/resources/allfundssheets-enmenm/es/?isin=IE000K7H1E84&language=es&currency=EUR&channel=nbol;2026-09-10
LU0428345051;Schroder ISF EURO Corp Bd A Acc USD H;Schroder International Selection Fund EURO Corporate Bond A Accumulation USD Hedged;Schroder Investment Management (Europe) S.A.;Fixed Income;Europe Fixed Income;RF Otros;FO;USD;Luxemburgo;2;;1.07;1000;True;False;2009-05-22;;;;;-0.02;-0.01;-0.74;-0.2;0.38;1.03;2.14;6.9;1.58;3.18;5.59;7.63;11.9;-14.7;-0.39;6.11;11.92;;5;;;;;;10;9.90602;32.54;0.05;6.97;0.24;1.65;-0.44;1.19;0.38;0.24;0.43;0.42;;;;;;;;;;;;-0.32029;0.60571;-0.34145;0.14777;;;;;;3.48657;3.62353;6.3203;5.69445;-2.66401;-2.66401;-20.1061;-20.54463;1.07;0.75;0;3;0;0.1;0.3;;;;;;;;;;;2.59;;;71;-14.7;0/4;;;;;Renta Fija;133;120;125;https://bancaonline.bankinter.com/resources/allfundssheets-enmenm/es/?isin=LU0428345051&language=es&currency=EUR&channel=nbol;2026-09-10
LU0291343597;Schroder ISF US Dllr Bd A Acc EUR H;Schroder International Selection Fund US Dollar Bond A Accumulation EUR Hedged;Schroder Investment Management (Europe) S.A.;Fixed Income;US Fixed Income;RF Otros;FO;EUR;Luxemburgo;3;;0.96;1000;True;False;2007-04-13;;;;;0.08;0.12;-0.47;-0.71;-1.99;-1.68;-1.02;2.55;-2.97;-0.94;5.68;-0.3;2.78;-18.04;-2.65;8.19;5.72;;5;;;;;;12;14.49518;67.4;0.08;6.94;-1.75;1.16;-0.02;-0.89;1.32;1.58;1.63;1.59;;;;;;;;;;;;-0.46481;-0.06537;-0.76597;-0.29477;;;;;;3.78192;5.5845;6.41481;5.22156;-3.21307;-5.64406;-24.01551;-24.68938;0.96;0.75;0;3;0;0.32;0.5;;;;;;;;;;;0.45;;;57;-18.04;0/4;;;;;Renta Fija;133;120;125;https://bancaonline.bankinter.com/resources/allfundssheets-enmenm/es/?isin=LU0291343597&language=es&currency=EUR&channel=nbol;2026-09-10
LU0352160062;UBAM Medium Term US Corporate Bd AHC EUR;UBAM - Medium Term US Corporate Bond AHC EUR;UBP Asset Management (Europe) S.A.;Fixed Income;US Fixed Income;RF Otros;FO;EUR;Luxemburgo;2;;0.93;0;True;False;2011-12-02;;;;;-0.12;-0.27;-0.8;-0.96;-2.14;-1.82;-1.09;3.28;-0.87;-0.18;5.26;2.67;4.52;-12.39;-2.81;3.88;6.06;;7;;;;;;15;;61.11;-0.01;6.78;-2.3;-0.71;-0.37;-2.37;1.96;1.94;1.95;1.67;;;;;;;;;;;;-0.95789;0.14442;-0.55208;-0.17871;;;;;;2.60579;3.64967;5.03561;4.55222;-2.52854;-2.99935;-17.33129;-18.30971;0.93;0.5;0;3;0;0.09;;;;;;;;;;;;1.09;;;71;-12.39;0/4;;;;;Renta Fija;133;120;125;https://bancaonline.bankinter.com/resources/allfundssheets-enmenm/es/?isin=LU0352160062&language=es&currency=EUR&channel=nbol;2026-09-10
LU1254412460;abrdn-Indian Bond A Acc EUR;abrdn SICAV I - Indian Bond Fund A Acc EUR;abrdn Investments Luxembourg S.A.;Fixed Income;Fixed Income Miscellaneous;RF Otros;FO;EUR;Luxemburgo;3;;1.18;;True;False;2015-09-01;;;;;-0.28;0;-0.75;1.97;-2.34;-3.04;-4.4;-2.58;-0.93;1.15;-11.55;10.71;0.61;-3.91;9.44;-0.04;6.94;;6;;;;;;9;;;;;;;;;;;;;;;;;;;;;;;;-0.57497;-0.59695;-0.35884;0.08355;;;;;;10.33274;7.89524;7.64795;8.16286;-10.99684;-19.1823;-19.1823;-19.1823;1.18;1;0;5;0;0.36;;;;;;;;;;;;-0.13;;;57;-11.55;0/4;;;;;Renta Fija;133;120;125;https://bancaonline.bankinter.com/resources/allfundssheets-enmenm/es/?isin=LU1254412460&language=es&currency=EUR&channel=nbol;2026-09-10
LU1650570317;abrdn-Indian Bond A Acc H EUR;abrdn SICAV I - Indian Bond Fund A Acc Hedged EUR;abrdn Investments Luxembourg S.A.;Fixed Income;Fixed Income Miscellaneous;RF Otros;FO;EUR;Luxemburgo;3;;1.18;1000;True;False;2017-08-18;;;;;-0.38;0.16;-0.15;2.35;-2.81;-5.32;-6.57;-1.79;-3.21;;-2.43;2.29;2.13;-11.35;-0.06;7.6;1.7;;6;;;;;;9;;;;;;;;;;;;;;;;;;;;;;;;-0.96767;-0.71015;-0.90355;;;;;;;8.88827;6.45037;5.89856;;-12.16713;-16.39683;-19.42937;;1.18;1;0;5;0;0.36;;;;;;;;;;;;-0.11;;;57;-11.35;0/4;;;;;Renta Fija;133;120;125;https://bancaonline.bankinter.com/resources/allfundssheets-enmenm/es/?isin=LU1650570317&language=es&currency=EUR&channel=nbol;2026-09-10
LU2628679511;abrdn-Short Dtd Enh Inc A Acc Hdg EUR;abrdn SICAV I - Short Dated Enhanced Income Fund A Acc Hedged EUR;abrdn Investments Luxembourg S.A.;Fixed Income;US Fixed Income;RF Otros;FO;EUR;Luxemburgo;2;;0.67;500;True;False;2023-07-06;;;;;-0.01;0.01;0.06;0.53;0.47;0.69;1.4;3.78;;;3.65;4.34;;;;;;;;;;;;;13;;;;;;;;;;;;;;;;;;;;;;;;-0.30309;0.89927;;;;;;;;1.11875;1.11166;;;-0.98869;-0.98869;;;0.67;0.5;0;5;0;0.08;;;;;;;;;;;;3.82;;;100;3.65;0/4;;;;;Renta Fija;133;120;125;https://bancaonline.bankinter.com/resources/allfundssheets-enmenm/es/?isin=LU2628679511&language=es&currency=EUR&channel=nbol;2026-09-10
LU1646952983;abrdn-US Dollar Credit Sust Bd AAccHCAD;abrdn SICAV I - US Dollar Credit Sustainable Bond Fund A Acc Hedged CAD;abrdn Investments Luxembourg S.A.;Fixed Income;US Fixed Income;RF Otros;FO;CAD;Luxemburgo;3;;0.99;1000;True;False;2018-02-23;;;;;-0.09;-0.12;-0.59;-1.21;-2.29;-2.48;-1.82;3.12;-1.7;;4.87;1.37;6.87;-16.37;-2.01;10.05;13.06;;6;;;;;;9;;73.25;-0.46;5.99;-2.97;-2.54;-1.65;;1.11;1.44;1.4;;;;;;;;;;;;;-0.65418;-0.05916;-0.63236;;;;;;;4.00007;5.93092;7.2787;;-3.32242;-5.62514;-22.90533;;0.99;0.8;0;5;0;0.06;;;;;;;;;;;;0.55;;;71;-16.37;0/4;;;;;Renta Fija;133;120;125;https://bancaonline.bankinter.com/resources/allfundssheets-enmenm/es/?isin=LU1646952983&language=es&currency=EUR&channel=nbol;2026-09-10
LU0086913042;BNP Paribas Europe Convertible C Cap;BNP Paribas Funds Europe Convertible Classic Capitalisation;BNP Paribas Asset Management Luxembourg;Hybrid Securities;Convertibles;RF Convertibles Europa;FO;EUR;Luxemburgo;3;3;1.61;0;True;False;1998-05-07;;;;;0.44;-0.17;-1.55;-1.44;3.5;6.33;7.73;10;2.3;1.52;13.24;7.2;5.09;-15.74;0.14;5.96;6.74;6;;11479.31048;17.38007;1.88;0.89;;;;95.46;-0.64;1.64;-3;-2.11;-1.5;-1.84;1.21;1.16;1.01;0.98;;;;;;;;;;;;0.67499;1.04635;0.08546;0.15358;;;;;3;8.53492;6.50408;7.93598;7.1408;-5.39318;-5.39318;-20.95759;-20.95759;1.61;1.2;0;3;0;0.51;0;;;2;2;2;2;0;1;3;;1.85;;;86;-15.74;2/4;;;;;Revisar (sin datos);;;;https://bancaonline.bankinter.com/resources/allfundssheets-enmenm/es/?isin=LU0086913042&language=es&currency=EUR&channel=nbol;2026-09-10
LU0107087537;BNP Paribas Europe Convertible N Dis;BNP Paribas Funds Europe Convertible N Distribution;BNP Paribas Asset Management Luxembourg;Hybrid Securities;Convertibles;RF Convertibles Europa;FO;EUR;Luxemburgo;3;2;2.21;0;True;False;2000-03-22;;;;;0.43;-0.19;-1.61;-1.59;3.18;5.9;7.08;9.34;1.68;0.91;12.56;6.56;4.46;-16.25;-0.45;5.33;6.1;6;;11479.31048;17.38007;1.88;0.89;;;;95.46;-1.04;1.64;-3.61;-2.72;-2.1;-2.44;1.21;1.16;1.01;0.98;;;;;;;;;;;;0.60421;0.95285;0.00841;0.06842;;;;;3;8.5388;6.50957;7.93549;7.13883;-5.43861;-5.43861;-21.47206;-23.28832;2.21;1.2;0;0;3;0.51;;;;2;2;2;2;1;2;3;;1.72;;;71;-16.25;2/4;;;;;Revisar (sin datos);;;;https://bancaonline.bankinter.com/resources/allfundssheets-enmenm/es/?isin=LU0107087537&language=es&currency=EUR&channel=nbol;2026-09-10
FR0010858498;Lazard Convertible Global RC EUR;Lazard Convertible Global RC EUR;Lazard Frères Gestion;Hybrid Securities;Convertibles;RF Convertibles Global;FO;EUR;Francia;3;2;1.5;1;True;False;2010-03-01;;;;;0.34;0;-1.25;-3.43;7.72;8.15;9.31;5.02;0.03;5.63;0.02;7.45;5.76;-17.98;3.16;25.35;14.93;2;;370490.87572;20.57397;4.43;3.57;;;;89.82;-2.53;3.56;-7.25;-7.06;-5.94;-2.52;0.84;0.9;1.01;0.96;;;;;;;;;;;;0.67552;0.274;-0.12163;0.52113;;;;;4;11.55143;9.73319;10.81387;10.02878;-7.50646;-13.5116;-22.93706;-22.93706;1.5;1.64;0;4;0;0.49;;;;3;1;2;2;3;3;1;;0.37;;;86;-17.98;0/4;;;;;Revisar (sin datos);;;;https://bancaonline.bankinter.com/resources/allfundssheets-enmenm/es/?isin=FR0010858498&language=es&currency=EUR&channel=nbol;2026-09-10
FR0013398914;Lazard Convertible Global RD EUR;Lazard Convertible Global RD EUR;Lazard Frères Gestion;Hybrid Securities;Convertibles;RF Convertibles Global;FO;EUR;Francia;3;1;1.5;1;True;False;2019-02-06;;;;;0.34;0;-1.25;-3.44;7.7;8.14;9.29;5.01;0.02;;0.01;7.44;5.76;-17.99;3.16;25.34;;2;;370490.87572;20.57397;4.43;3.57;;;;89.83;-2.53;3.56;-7.27;-7.07;-5.94;;0.84;0.9;1.01;;;;;;;;;;;;;0.67378;0.27301;-0.12245;;;;;;4;11.55041;9.73238;10.81506;;-7.50628;-13.51406;-22.94239;;1.5;1.64;0;4;0;0.49;;;;3;1;2;2;3;3;;;0.37;;;83;-17.99;0/4;;;;;Revisar (sin datos);;;;https://bancaonline.bankinter.com/resources/allfundssheets-enmenm/es/?isin=FR0013398914&language=es&currency=EUR&channel=nbol;2026-09-10
LU1670708335;M&G (Lux) Glb Cnvrts A EUR Acc;M&G (Lux) Global Convertibles Fund EUR A Acc;M&G Luxembourg S.A.;Hybrid Securities;Convertibles;RF Convertibles Global;FO;EUR;Luxemburgo;3;4;1.71;1000;True;False;2018-11-09;;;;;-0.02;-0.7;-0.35;2.76;11.86;16.58;21.88;12.41;4.81;4.3;5.97;13.34;1.64;-11.9;6.15;10.56;11.48;6;;41112.88516;20.69778;5.13;4.42;;;;79.78;-0.21;5.04;5.9;1.59;-0.64;-2.64;0.74;0.77;0.82;0.78;;;;;;;;;;;;1.93316;1.13913;0.40912;0.48135;;;;;3;10.07542;8.52838;8.63434;8.13354;-4.7626;-13.21604;-17.40601;-17.40601;1.71;1.5;0;4;0;0.23;;;;0;0;0;0;0;1;2;;0.94;;;86;-11.9;3/4;;;;;Revisar (sin datos);;;;https://bancaonline.bankinter.com/resources/allfundssheets-enmenm/es/?isin=LU1670708335&language=es&currency=EUR&channel=nbol;2026-09-10
LU0823394852;BNP Paribas Glbl Cnvrt Cl RH EUR C;BNP Paribas Funds Global Convertible Classic RH EUR Capitalisation;BNP Paribas Asset Management Luxembourg;Hybrid Securities;Convertibles;RF Convertibles Global - EUR Cubierto;FO;EUR;Luxemburgo;3;4;1.61;0;True;False;2013-05-17;;;;;0.19;-0.09;-1.12;-1.99;12.8;13.99;20.02;12.28;2.74;4.68;16.53;3.63;4.52;-17.26;-0.37;28.72;7.87;3;;;27.75465;5.03;;;;;87.76;-0.7;3.72;3.19;-1.2;-1.57;-1.98;0.96;0.9;0.88;0.87;;;;;;;;;;;;1.24302;0.89784;0.13478;0.45049;;;;;4;14.69774;10.10457;10.16501;9.66218;-8.39848;-8.39848;-24.05719;-26.053;1.61;1.2;0;3;0;0.31;;;;3;0;0;0;0;0;0;;1.46;;;71;-17.26;4/4;;;;;Revisar (sin datos);;;;https://bancaonline.bankinter.com/resources/allfundssheets-enmenm/es/?isin=LU0823394852&language=es&currency=EUR&channel=nbol;2026-09-10
FR0013268356;Lazard Convertible Global RC H-EUR;Lazard Convertible Global RC H-EUR;Lazard Frères Gestion;Hybrid Securities;Convertibles;RF Convertibles Global - EUR Cubierto;FO;EUR;Francia;3;1;1.55;1;True;False;2017-07-24;;;;;0.34;-0.22;-0.76;-4.05;6.55;5.88;7.54;5.8;-1.18;;9.6;1.34;7.5;-22.5;-2.33;31.84;10.71;2;;370490.87572;20.57397;4.43;3.57;;;;89.1;-2.51;3.5;-7.12;-6.71;-5.61;;0.83;0.88;0.98;;;;;;;;;;;;;0.46784;0.34272;-0.20416;;;;;;5;12.78518;9.81564;11.497;;-8.91275;-8.91275;-29.36822;;1.55;1.69;0;4;0;0.51;;;;3;1;3;3;3;3;;;0.65;;;71;-22.5;0/4;;;;;Revisar (sin datos);;;;https://bancaonline.bankinter.com/resources/allfundssheets-enmenm/es/?isin=FR0013268356&language=es&currency=EUR&channel=nbol;2026-09-10
LU1670708509;M&G (Lux) Glb Cnvrts A H EUR Acc;M&G (Lux) Global Convertibles Fund EUR A-H Acc;M&G Luxembourg S.A.;Hybrid Securities;Convertibles;RF Convertibles Global - EUR Cubierto;FO;EUR;Luxemburgo;3;4;1.73;1000;True;False;2018-11-09;;;;;-0.11;-0.65;0.13;3.01;11.4;14.05;18.78;13.23;3.32;3.14;15.22;6.76;3.1;-16.54;-0.35;16.69;6.76;6;;41112.88516;20.69778;5.13;4.42;;;;77.18;-0.24;5.09;5.86;1.85;-0.38;-2.5;0.76;0.73;0.77;0.74;;;;;;;;;;;;1.44893;1.16286;0.23604;0.34072;;;;;4;12.29698;8.7584;9.39422;8.65543;-6.11217;-8.31003;-22.88236;-25.24101;1.73;1.5;0;4;;0.25;;;;0;0;0;0;0;0;1;;1.59;;;71;-16.54;4/4;;;;;Revisar (sin datos);;;;https://bancaonline.bankinter.com/resources/allfundssheets-enmenm/es/?isin=LU1670708509&language=es&currency=EUR&channel=nbol;2026-09-10
LU0823394779;BNP Paribas Glbl Cnvrt Cl C;BNP Paribas Funds Global Convertible Classic Capitalisation;BNP Paribas Asset Management Luxembourg;Hybrid Securities;Convertibles;RF Convertibles Global - USD Cubierto;FO;USD;Luxemburgo;3;4;1.61;0;True;False;2013-05-17;;;;;0.22;-0.06;-1.01;-1.6;13.96;15.63;22.59;14.46;4.83;6.84;18.89;5.41;6.95;-15.31;0.48;30.93;11.13;3;;;27.75465;5.03;;;;;80.8;0.6;4.56;9.17;1.88;1.46;0.9;1.38;1.11;1.01;1.05;;;;;;;;;;;;1.26091;0.91106;0.14884;0.48172;;;;;5;14.75329;10.15121;10.20864;9.63088;-8.12711;-8.12711;-22.18283;-23.79035;1.61;1.2;0;3;0;0.31;;;;3;0;0;0;0;1;0;;1.78;;;86;-15.31;4/4;;;;;Revisar (sin datos);;;;https://bancaonline.bankinter.com/resources/allfundssheets-enmenm/es/?isin=LU0823394779&language=es&currency=EUR&channel=nbol;2026-09-10
ES0138954005;Bankinter Objetivo Enero 2027 B FI;Bankinter Objetivo Enero 2027 B FI;Bankinter Gestión de Activos SGIIC;Other;Capital Protected;Capital Protegido;FO;EUR;España;2;;0.36;200000;False;False;2024-02-09;;;;;-0.02;0.02;0.13;0.46;0.69;0.94;1.42;;;;2.01;;;;;;;;;;;;;;;;;;;;;;;;;;;;;;;;;;;;;;-1.30752;;;;;;;;;0.39835;;;;-0.37553;;;;0.36;0.35;0;5;0;0.03;0.1;;;;;;;;;;;;;;100;2.01;0/4;;;;;Revisar (sin datos);;;;https://bancaonline.bankinter.com/resources/allfundssheets-enmenm/es/?isin=ES0138954005&language=es&currency=EUR&channel=nbol;2026-09-10
ES0138954039;Bankinter Objetivo Enero 2027 R FI;Bankinter Objetivo Enero 2027 R FI;Bankinter Gestión de Activos SGIIC;Other;Capital Protected;Capital Protegido;FO;EUR;España;2;;0.6;1;False;False;1994-05-30;;;;;-0.03;0.01;0.11;0.4;0.57;0.77;1.18;2.2;1.41;0.8;1.77;3.08;2.36;-0.56;-0.92;0.61;4.88;;;;;;;;;;;;;;;;;;;;;;;;;;;;;;;;-1.91059;-1.94248;-2.24652;0.04311;;;;;;0.39931;0.38418;0.50341;3.23212;-0.37946;-0.37946;-1.19773;-9.43524;0.6;0.59;0;5;0;0.03;0.1;;;;;;;;;;;5.8;;;71;-0.92;0/4;;;;;Revisar (sin datos);;;;https://bancaonline.bankinter.com/resources/allfundssheets-enmenm/es/?isin=ES0138954039&language=es&currency=EUR&channel=nbol;2026-09-10
ES0114024005;Bankinter Objetivo Europa 2027 FI;Bankinter Objetivo Europa 2027 FI;Bankinter Gestión de Activos SGIIC;Other;Capital Protected;Capital Protegido;FO;EUR;España;3;;0.82;500;False;False;2012-01-27;;;;;0.06;-0.85;-0.93;2.03;4.04;4.91;8.27;4.8;1.96;4.41;7.07;1.39;3.63;-7.48;7.49;5.59;16.87;2;;130263.98636;15.88003;2.29;1.91;;;;;;;;;;;;;;;;;;;;;;;;;;1.09452;0.49686;0.03288;0.60856;;;;;;5.8719;4.23564;4.24761;6.1957;-4.8646;-4.8646;-8.6578;-16.66603;0.82;0.72;0;5;0;0.02;0.08;;;;;;;;;;;0.99;;;86;-7.48;0/4;;;;;Revisar (sin datos);;;;https://bancaonline.bankinter.com/resources/allfundssheets-enmenm/es/?isin=ES0114024005&language=es&currency=EUR&channel=nbol;2026-09-10
ES0113585006;Bankinter Objetivo Europa 2029 FI;Bankinter Objetivo Europa 2029 FI;Bankinter Gestión de Activos SGIIC;Other;Capital Protected;Capital Protegido;FO;EUR;España;3;;0.64;500;False;False;2009-07-28;;;;;0.12;-0.8;-1.18;1.52;2.93;4.12;7.54;8.46;5.02;;7.76;9.54;12.82;-8.92;8.4;2.34;11.64;2;;130263.98636;15.88003;2.29;1.91;;;;;;;;;;;;;;;;;;;;;;;;;;0.86543;0.90615;0.42877;;;;;;;6.75092;6.16701;7.83672;;-5.66597;-8.52743;-15.43244;;0.64;0.56;0;5;0;0.02;0.06;;;;;;;;;;;0.99;;;86;-8.92;0/4;;;;;Revisar (sin datos);;;;https://bancaonline.bankinter.com/resources/allfundssheets-enmenm/es/?isin=ES0113585006&language=es&currency=EUR&channel=nbol;2026-09-10
IE00BMX0B961;Bankinter Protección 2 A EUR Acc;Bankinter Protección 2 Fund Class A EUR Accumulation;J.P. Morgan Mansart Management Ltd;Other;Capital Protected;Capital Protegido;FO;EUR;Irlanda;2;;1.51;100;True;False;2020-10-06;;;;;0.05;-0.16;-0.3;-0.3;2.08;2.44;4.37;3;0.21;;2.46;2.79;2.43;-8.15;3.7;;;;;;;;;;;;;;;;;;;;;;;;;;;;;;;;;;0.49893;0.079;-0.46258;;;;;;;5.5248;3.78626;3.61669;;-4.24557;-4.38018;-8.84624;;1.51;0.51;0;5;;0;;;;;;;;;;;;0.68;;;80;-8.15;0/4;;;;;Revisar (sin datos);;;;https://bancaonline.bankinter.com/resources/allfundssheets-enmenm/es/?isin=IE00BMX0B961&language=es&currency=EUR&channel=nbol;2026-09-10
FR0014004V01;Bankinter Top Protección Classic Cap;Bankinter Top Protección Classic Cap;BNP PARIBAS ASSET MANAGEMENT Europe;Other;Capital Protected;Capital Protegido;FO;EUR;Francia;2;;1.23;100;True;False;2021-10-04;;;;;0.02;-0.04;-0.1;0.03;-0.33;0.07;0.51;2.88;;;1.77;4.17;4.53;-2.96;;;;1;4;19630.14954;;;;;12;;;;;;;;;;;;;;;;;;;;;;;;-1.08803;0.06018;;;;;;;;1.48793;1.48182;;;-1.26586;-1.27036;;;1.23;0.95;0;0;0;0.5;;;;;;;;;;;;2.27;;;75;-2.96;0/4;;;;;Revisar (sin datos);;;;https://bancaonline.bankinter.com/resources/allfundssheets-enmenm/es/?isin=FR0014004V01&language=es&currency=EUR&channel=nbol;2026-09-10
ES0113063004;BK Euribor Rentas IV Garantizado FI;Bankinter Euribor Rentas IV Garantizado FI;Bankinter Gestión de Activos SGIIC;Other;Guaranteed;Garantizados;FO;EUR;España;2;;0.42;500;False;False;2013-04-19;;;;;0.01;0.01;0.09;0.45;0.47;0.74;1.14;2.92;0.27;;2.25;3.01;4.06;-7.59;-1.19;2.08;5.63;;;;;;;;;;;;;;;;;;;;;;;;;;;;;;;;-1.20954;0.0158;-0.62006;;;;;;;0.65557;1.5345;2.83989;;-0.58548;-1.4653;-8.90815;;0.42;0.3;0;5;0;0.04;0.1;;;;;;;;;;;1.99;;;71;-7.59;0/4;;;;;Revisar (sin datos);;;;https://bancaonline.bankinter.com/resources/allfundssheets-enmenm/es/?isin=ES0113063004&language=es&currency=EUR&channel=nbol;2026-09-10
ES0164950000;Bankinter España 2027 Garantizado FI;Bankinter España 2027 Garantizado FI;Bankinter Gestión de Activos SGIIC;Other;Guaranteed;Garantizados;FO;EUR;España;2;;0.52;500;False;False;2009-10-09;;;;;0.06;-0.01;-0.02;2.18;2.83;3.24;6.66;7.6;1.64;;10.72;4.92;6.35;-13.73;-2.04;1.67;;;;;;;;;;;;;;;;;;;;;;;;;;;;;;;;;1.37815;1.22322;-0.05047;;;;;;;3.24519;3.60704;4.9674;;-2.55705;-2.55705;-15.14456;;0.52;0.39;0;5;0;0.01;0.1;;;;;;;;;;;2.97;;;67;-13.73;0/4;;;;;Revisar (sin datos);;;;https://bancaonline.bankinter.com/resources/allfundssheets-enmenm/es/?isin=ES0164950000&language=es&currency=EUR&channel=nbol;2026-09-10
ES0156738009;Bankinter Euribor 2026 Garantizado FI;Bankinter Euribor 2026 Garantizado FI;Bankinter Gestión de Activos SGIIC;Other;Guaranteed;Garantizados;FO;EUR;España;2;;0.53;500;False;False;2017-12-15;;;;;0;0.03;0.13;0.72;1.07;1.36;1.83;2.93;0.23;;1.84;2.87;4.39;-7.8;-1.14;2.93;6.65;;;;;;;;;;;;;;;;;;;;;;;;;;;;;;;;-0.47524;0.02906;-0.71046;;;;;;;0.32128;1.35773;2.57979;;-0.01972;-0.85258;-9.16929;;0.53;0.4;0;5;0;0.04;0.1;;;;;;;;;;;3.44;;;71;-7.8;0/4;;;;;Revisar (sin datos);;;;https://bancaonline.bankinter.com/resources/allfundssheets-enmenm/es/?isin=ES0156738009&language=es&currency=EUR&channel=nbol;2026-09-10
ES0179392008;Bankinter Euribor 2027 Garantizado FI;Bankinter Euribor 2027 Garantizado FI;Bankinter Gestión de Activos SGIIC;Other;Guaranteed;Garantizados;FO;EUR;España;2;;0.42;500;False;False;2013-03-15;;;;;0.01;0.01;0.09;0.45;0.45;0.7;1.12;3.12;0.14;0.72;2.25;2.91;4.15;-8.12;-1.22;1.94;5.44;;;;;;;;;;;;;;;;;;;;;;;;;;;;;;;;-1.31658;0.12472;-0.63248;0.00139;;;;;;0.62395;1.79546;2.98516;2.61759;-0.58677;-1.06226;-9.66909;-10.33972;0.42;0.3;0;5;0;0.05;0.1;;;;;;;;;;;2.94;;;71;-8.12;0/4;;;;;Revisar (sin datos);;;;https://bancaonline.bankinter.com/resources/allfundssheets-enmenm/es/?isin=ES0179392008&language=es&currency=EUR&channel=nbol;2026-09-10
ES0156739007;Bankinter Ibex 2026 Plus Garantizado FI;Bankinter Ibex 2026 Plus Garantizado FI;Bankinter Gestión de Activos SGIIC;Other;Guaranteed;Garantizados;FO;EUR;España;2;;0.53;500;False;False;2018-03-05;;;;;0.01;0.04;0.14;0.93;1.23;1.7;3.13;5.42;0.89;;6.44;4.57;5.13;-10.52;-1.63;1.83;8.34;;;;;;;;;;;;;;;;;;;;;;;;;;;;;;;;1.83494;1.03265;-0.28256;;;;;;;0.71908;2.29042;3.45926;;-0.37741;-1.23799;-11.84003;;0.53;0.4;0;5;0;0.01;0.1;;;;;;;;;;;4.38;;;71;-10.52;0/4;;;;;Revisar (sin datos);;;;https://bancaonline.bankinter.com/resources/allfundssheets-enmenm/es/?isin=ES0156739007&language=es&currency=EUR&channel=nbol;2026-09-10
ES0113815031;Bankinter Ibex 2026 Plus II Garant. FI;Bankinter Ibex 2026 Plus II Garantizado FI;Bankinter Gestión de Activos SGIIC;Other;Guaranteed;Garantizados;FO;EUR;España;2;;0.42;500;False;False;2006-01-24;;;;;0;0.04;0.16;0.95;1.54;1.94;4.03;5.6;1.01;;7.13;4.39;4.86;-11.07;-1.64;1.62;7.28;;;;;;;;;;;;;;;;;;;;;;;;;;;;;;;;1.66102;1.10446;-0.26048;;;;;;;1.1909;2.35033;3.65784;;-0.9392;-1.24637;-12.16244;;0.42;0.3;0;5;0;0.03;0.1;;;;;;;;;;;4.49;;;71;-11.07;0/4;;;;;Revisar (sin datos);;;;https://bancaonline.bankinter.com/resources/allfundssheets-enmenm/es/?isin=ES0113815031&language=es&currency=EUR&channel=nbol;2026-09-10
ES0113983003;Bankinter Ibex 2028 Plus Garantizado FI;Bankinter Ibex 2028 Plus Garantizado FI;Bankinter Gestión de Activos SGIIC;Other;Guaranteed;Garantizados;FO;EUR;España;2;;0.4;500;False;False;2011-02-21;;;;;0.07;0;-0.19;2.69;3.92;4.39;9.13;9.49;2.49;;13.97;5.32;7.5;-14.95;-1.77;1.89;;;;;;;;;;;;;;;;;;;;;;;;;;;;;;;;;1.51283;1.29172;0.10953;;;;;;;4.47821;4.76042;6.04988;;-3.84262;-3.84262;-16.41887;;0.4;0.29;0;5;;0.02;0.1;;;;;;;;;;;2.47;;;67;-14.95;0/4;;;;;Revisar (sin datos);;;;https://bancaonline.bankinter.com/resources/allfundssheets-enmenm/es/?isin=ES0113983003&language=es&currency=EUR&channel=nbol;2026-09-10
ES0130354006;Bankinter Ibex Rentas 2027 Gar. FI;Bankinter Ibex Rentas 2027 Garantizado FI;Bankinter Gestión de Activos SGIIC;Other;Guaranteed;Garantizados;FO;EUR;España;2;;0.31;500;False;False;2011-12-23;;;;;0.01;0.01;0.1;0.48;0.55;0.82;1.23;3.26;-0.53;0.2;2.45;3.2;4.69;-11.82;-1.66;3.1;8.55;;;;;;;;;;;;;;;;;;;;;;;;;;;;;;;;-0.96524;0.18981;-0.67488;-0.11038;;;;;;0.71289;1.85415;3.78427;3.96914;-0.6275;-1.20901;-13.48097;-14.15589;0.31;0.19;0;5;0;0.02;0.1;;;;;;;;;;;2.7;;;71;-11.82;0/4;;;;;Revisar (sin datos);;;;https://bancaonline.bankinter.com/resources/allfundssheets-enmenm/es/?isin=ES0130354006&language=es&currency=EUR&channel=nbol;2026-09-10
ES0113584009;Bankinter Indice España 2027 Garantiz FI;Bankinter Indice España 2027 Garantizado FI;Bankinter Gestión de Activos SGIIC;Other;Guaranteed;Garantizados;FO;EUR;España;2;;0.51;500;False;False;2008-09-22;;;;;0.19;-0.02;-0.11;7.02;10.39;11.35;22.6;16.46;7.42;;27.95;6.72;6.72;-11.06;-1.17;2.13;8.96;;;;;;;;;;;;;;;;;;;;;;;;;;;;;;;;2.35462;1.80632;0.78949;;;;;;;7.85362;6.85261;6.9072;;-6.57338;-6.57338;-12.79001;;0.51;0.4;0;5;0;0.03;0.1;;;;;;;;;;;2.5;;;71;-11.06;0/4;;;;;Revisar (sin datos);;;;https://bancaonline.bankinter.com/resources/allfundssheets-enmenm/es/?isin=ES0113584009&language=es&currency=EUR&channel=nbol;2026-09-10
ES0164542005;Bankinter Media Europea 2026 Gar. FI;Bankinter Media Europea 2026 Garantizado FI;Bankinter Gestión de Activos SGIIC;Other;Guaranteed;Garantizados;FO;EUR;España;2;;0.54;500;False;False;2010-04-20;;;;;0;0.03;0.12;1.37;1.86;2.3;3.58;5.07;0.97;;4.47;4.79;7.98;-12.92;2.69;2.46;10.43;;;;;;;;;;;;;;;;;;;;;;;;;;;;;;;;1.27475;0.72908;-0.18965;;;;;;;1.22429;2.89634;4.80558;;-0.63193;-2.59973;-15.82349;;0.54;0.4;0;5;0;0.02;0.1;;;;;;;;;;;1.95;;;86;-12.92;0/4;;;;;Revisar (sin datos);;;;https://bancaonline.bankinter.com/resources/allfundssheets-enmenm/es/?isin=ES0164542005&language=es&currency=EUR&channel=nbol;2026-09-10
LU1931957093;BNPP Flexi I Commodities Cl Hdg EUR Cap;BNP Paribas Flexi I Commodities Classic Hedged EUR Capitalisation;BNP Paribas Asset Management Luxembourg;Real Assets;Commodities Broad Basket;Materias Primas - Diversificado;FO;EUR;Luxemburgo;4;;1.96;0;True;False;2019-11-15;;;;;-0.14;1.92;7.98;-1.52;5.29;20.76;33.92;11.83;8.5;5.17;17.46;4.72;-12.44;14.82;24.49;-7.92;3.49;;;;;;;;;;68.23;-0.66;10.17;-6.06;-1.41;-4.03;-3.23;0.7;0.7;0.81;0.89;;;;;;;;;;;;1.55364;0.67369;0.46529;0.34662;;;;;;18.00374;13.11281;15.93923;15.25055;-14.31318;-14.31318;-34.31312;-42.27349;1.96;1.5;0;3;0;0.38;;;;3;3;3;3;2;3;3;;0.83;;;71;-12.44;0/4;;;;;Revisar (sin datos);;;;https://bancaonline.bankinter.com/resources/allfundssheets-enmenm/es/?isin=LU1931957093&language=es&currency=EUR&channel=nbol;2026-09-10
LU1931956285;BNPP Flexi I Commodities Cl USD Cap;BNP Paribas Flexi I Commodities Classic USD Capitalisation;BNP Paribas Asset Management Luxembourg;Real Assets;Commodities Broad Basket;Materias Primas - Diversificado;FO;USD;Luxemburgo;4;;1.96;0;True;False;2019-11-15;;;;;-0.14;1.97;8.09;-0.97;6.29;22.58;36.94;14.21;10.87;7.55;20.17;6.62;-9.96;17.41;25.68;-6.06;6.85;;;;;;;;;;90.07;-1;6.92;-1.12;-1.82;-1.52;-1.27;0.65;0.69;0.77;0.82;;;;;;;;;;;;1.57486;0.69749;0.48464;0.37856;;;;;;18.01773;13.10783;15.83301;15.16474;-13.92124;-13.92124;-31.15886;-38.11767;1.96;1.5;0;3;0;0.38;;;;3;3;3;2;2;2;2;;1.02;;;71;-9.96;2/4;;;;;Revisar (sin datos);;;;https://bancaonline.bankinter.com/resources/allfundssheets-enmenm/es/?isin=LU1931956285&language=es&currency=EUR&channel=nbol;2026-09-10
LU1881477043;DWS Invest Enh Cmdty Strat LC;DWS Invest Enhanced Commodity Strategy LC;DWS Investment S.A.;Real Assets;Commodities Broad Basket;Materias Primas - Diversificado;FO;EUR;Luxemburgo;4;;1.35;0;True;False;2019-05-07;;;;;1.62;1.45;9.43;7.16;11.33;37.64;51.3;12.9;11.6;;2.37;9.97;-10.93;15.47;42.65;-8.61;;;;;;;;;;;95.37;-0.01;3.99;-2.04;-1.13;-1.17;;1.17;1.14;1.05;;;;;;;;;;;;;1.7265;0.60441;0.59408;;;;;;;23.47015;17.32571;17.5128;;-14.37881;-17.09985;-32.38598;;1.35;1.2;0;5;;0.06;;;;1;0;0;0;1;2;;;0.75;;;67;-10.93;3/4;;;;;Revisar (sin datos);;;;https://bancaonline.bankinter.com/resources/allfundssheets-enmenm/es/?isin=LU1881477043&language=es&currency=EUR&channel=nbol;2026-09-10
LU0984246958;GAM Star Galena Commodities B EUR;GAM Star (Lux) - Galena Commodities B EUR;GAM (Luxembourg) SA;Real Assets;Commodities Broad Basket;Materias Primas - Diversificado;FO;EUR;Luxemburgo;6;;1.95;;True;False;2025-11-07;;;;;-0.23;2.37;13.27;6.76;15.35;28.94;39.83;10.62;7.7;4.73;11.9;0.04;-11.45;9.91;27.88;0.16;0.99;;;;;;;;;;76.04;-0.34;7.73;-5.86;-1.82;-4.36;-2.75;1.03;0.98;0.99;1.01;;;;;;;;;;;;1.58299;0.55542;0.41733;0.34302;;;;;;19.97214;13.86448;14.92205;13.15535;-16.90464;-16.90464;-31.1661;-36.2521;1.95;1.3;0;5;3;0.2;;;;1;1;2;2;3;3;3;;0.63;;;86;-11.45;0/4;;;;;Revisar (sin datos);;;;https://bancaonline.bankinter.com/resources/allfundssheets-enmenm/es/?isin=LU0984246958&language=es&currency=EUR&channel=nbol;2026-09-10
LU0244125711;GAM Star Galena Commodities B USD;GAM Star (Lux) - Galena Commodities B USD;GAM (Luxembourg) SA;Real Assets;Commodities Broad Basket;Materias Primas - Diversificado;FO;USD;Luxemburgo;6;;1.94;0;True;False;2025-11-07;;;;;-0.22;2.38;13.42;7.22;16.21;30.33;42.34;12.7;10.07;7.18;14.38;1.77;-9.28;13.18;29.95;2.51;4.29;;;;;;;;;;94.16;-0.9;3.41;-1.72;-2.31;-1.77;-0.64;0.98;0.96;0.93;0.9;;;;;;;;;;;;1.58335;0.56138;0.43869;0.3856;;;;;;19.94736;13.83522;14.8414;13.09058;-16.71609;-16.71609;-27.14507;-32.36068;1.94;1.3;0;5;3;0.14;;;;0;1;1;2;3;2;2;;0.76;;;86;-9.28;2/4;;;;;Revisar (sin datos);;;;https://bancaonline.bankinter.com/resources/allfundssheets-enmenm/es/?isin=LU0244125711&language=es&currency=EUR&channel=nbol;2026-09-10
LU0397155978;GSQrtx Mdfd Stgy Blmbrg Cmd TR A EUR;GSQuartix Modified Strategy on the Bloomberg Commodity IndexTotal Return Portfolio A EUR;Amundi Luxembourg S.A.;Real Assets;Commodities Broad Basket;Materias Primas - Diversificado;FO;EUR;Luxemburgo;4;;1.15;1000;True;False;2009-05-19;;;;;-0.33;1.41;9.32;5.44;13.96;26.58;38.29;11.68;9.83;6.53;15.37;3.02;-10.96;14.83;28.43;-1.25;4.31;;;;;;;;;;70.64;-0.15;8.01;0.13;0.53;-1.83;-0.81;0.83;0.86;0.95;0.99;;;;;;;;;;;;1.92087;0.72186;0.58586;0.49454;;;;;;15.95404;12.07005;14.23793;12.70209;-13.89861;-13.89861;-26.41573;-32.38057;1.15;1;0;0;0;0.6;;;;1;2;2;2;2;2;2;;0.84;;;71;-10.96;1/4;;;;;Revisar (sin datos);;;;https://bancaonline.bankinter.com/resources/allfundssheets-enmenm/es/?isin=LU0397155978&language=es&currency=EUR&channel=nbol;2026-09-10
LU0397155895;GSQuartix Mdfd Stgy Blmbrg CmdIdxTR AUS$;Structured Investments SICAV GSQuartix Modified StrategyontheBloombergCommodityIndexTotalReturn AUSD;Amundi Luxembourg S.A.;Real Assets;Commodities Broad Basket;Materias Primas - Diversificado;FO;USD;Luxemburgo;4;;1.15;1000;True;False;2009-05-20;;;;;-0.33;1.44;9.46;5.92;14.86;28.06;40.95;13.93;12.13;8.9;18.1;4.91;-8.78;17.49;29.84;0.93;7.58;;;;;;;;;;93.3;-0.38;3.93;4.51;0.21;0.66;1.21;0.77;0.83;0.89;0.88;;;;;;;;;;;;1.9323;0.74181;0.60196;0.53219;;;;;;15.89774;12.01581;14.12072;12.58608;-13.65404;-13.65404;-23.14134;-28.39687;1.15;1;0;0;0;0.55;;;;1;1;2;2;2;1;1;;1.02;;;86;-8.78;2/4;;;;;Revisar (sin datos);;;;https://bancaonline.bankinter.com/resources/allfundssheets-enmenm/es/?isin=LU0397155895&language=es&currency=EUR&channel=nbol;2026-09-10
LU2607330011;MS INVF Parametric Commodity A Acc;Morgan Stanley Investment Funds - Parametric Commodity Fund A Acc;MSIM Fund Management (Ireland) Limited;Real Assets;Commodities Broad Basket;Materias Primas - Diversificado;FO;USD;Luxemburgo;4;;1.64;0;True;True;2024-02-27;;;;;-0.36;0.56;6.98;5.52;14.55;27.41;39.19;;;;19.98;;;;;;;;;;;;;;;;;;;;;;;;;;;;;;;;;;;;;;2.26739;;;;;;;;;13.26787;;;;-12.54246;;;;1.64;1.4;0;3;0;0.03;;;;0;1;1;2;;;;;;;;100;19.98;1/4;;;;;Revisar (sin datos);;;;https://bancaonline.bankinter.com/resources/allfundssheets-enmenm/es/?isin=LU2607330011&language=es&currency=EUR&channel=nbol;2026-09-10
IE00B79S1F56;PIMCO GIS Cmdty Real Ret E EURH Acc;PIMCO GIS Commodity Real Return Fund E Class EUR (Hedged) Accumulation;PIMCO Global Advisors (Ireland) Limited;Real Assets;Commodities Broad Basket;Materias Primas - Diversificado;FO;EUR;Irlanda;4;;1.64;;True;False;2012-03-07;;;;;-0.31;1.9;10.27;4.55;15.14;30.36;38.4;12.36;8.11;5.62;14.18;1.09;-10.71;7.63;29.21;-1.15;6.09;7;4;1364.10389;0.90909;;0.18;;5;2.42;74.4;-0.04;8.09;-5.09;0.22;-4.26;-2.43;1.01;0.98;1.11;1.18;;;;;;;;;;;;1.6631;0.71155;0.43536;0.37904;;;;;;18.9982;13.59879;16.75464;15.45459;-14.90238;-14.90238;-32.57089;-41.35093;1.64;2.5;0;5;0;0.25;;;;1;1;1;2;2;3;2;;0.83;;;71;-10.71;0/4;;;;;Revisar (sin datos);;;;https://bancaonline.bankinter.com/resources/allfundssheets-enmenm/es/?isin=IE00B79S1F56&language=es&currency=EUR&channel=nbol;2026-09-10
IE00B1D7YH97;PIMCO GIS Cmdty Real Ret E USD Acc;PIMCO GIS Commodity Real Return Fund E Class USD Accumulation;PIMCO Global Advisors (Ireland) Limited;Real Assets;Commodities Broad Basket;Materias Primas - Diversificado;FO;USD;Irlanda;4;;1.64;1000;True;False;2007-09-21;;;;;-0.27;1.91;10.57;5.17;16.08;32.11;41.29;14.57;10.28;7.9;16.67;2.83;-8.55;9.82;30.67;1.32;9.26;7;4;1559.58188;0.90909;;0.18;;5;2.42;97.48;-0.34;2.24;-0.6;-0.26;-1.93;-0.52;0.95;0.96;1.04;1.07;;;;;;;;;;;;1.67825;0.72123;0.44278;0.40623;;;;;;18.93964;13.53619;16.59487;15.31702;-14.64285;-14.64285;-29.71012;-37.81944;1.64;2.5;0;5;0;0.17;;;;1;1;0;1;2;2;1;;1.0;;;86;-8.55;3/4;;;;;Revisar (sin datos);;;;https://bancaonline.bankinter.com/resources/allfundssheets-enmenm/es/?isin=IE00B1D7YH97&language=es&currency=EUR&channel=nbol;2026-09-10
LU0415415636;Vontobel Commodity H Hedged EUR;Vontobel Fund - Commodity H (hedged) EUR Cap;Vontobel Asset Management S.A.;Real Assets;Commodities Broad Basket;Materias Primas - Diversificado;FO;EUR;Luxemburgo;4;;1.87;0;True;False;2008-05-14;;;;;-0.35;1.56;11.07;5.25;14.66;26.25;34.63;12.93;9.19;5.71;15.73;5.33;-8.28;7.5;32.68;-3.33;4.97;;;;;;;;;;66.62;0.05;9.34;-6.2;1.39;-2.97;-1.94;0.97;0.93;1.07;1.16;;;;;;;;;;;;1.56516;0.76202;0.4889;0.378;;;;;;18.70292;13.56645;16.7013;16.2271;-15.42222;-15.42222;-32.79038;-47.04767;1.87;1.65;0;5;0;0;;;;1;2;2;3;1;3;2;;0.84;;;71;-8.28;0/4;;;;;Revisar (sin datos);;;;https://bancaonline.bankinter.com/resources/allfundssheets-enmenm/es/?isin=LU0415415636&language=es&currency=EUR&channel=nbol;2026-09-10
FR0014008NN3;Ofi Invest Energy Strategic Metals R;Ofi Invest Energy Strategic Metals R;OFI Invest Asset Management;Real Assets;Commodities Specified;Materias Primas - Industria y Metales;FO;EUR;Francia;5;;1.83;0;True;False;2022-06-08;;;;;-0.31;-0.19;2.94;-4.49;-4.03;-0.85;31.14;12.99;;;48.33;1.18;-15.83;;;;;;;;;;;;;;60.84;0.01;14.37;-18.64;-0.65;;;1.57;1.19;;;;;;;;;;;;;;1.17656;0.61143;;;;;;;;24.11678;19.08431;;;-21.79341;-21.79341;;;1.83;1.81;0;2;0;0.13;;;;1;3;2;2;1;;;;0.6;;;67;-15.83;2/4;;;;;Revisar (sin datos);;;;https://bancaonline.bankinter.com/resources/allfundssheets-enmenm/es/?isin=FR0014008NN3&language=es&currency=EUR&channel=nbol;2026-09-10
FR0011170182;Ofi Invest Precious Metals R;Ofi Invest Precious Metals R;OFI Invest Asset Management;Real Assets;Commodities Specified;Materias Primas - Metales Preciosos;FO;EUR;Francia;5;;1.51;0;True;False;2012-03-08;;;;;-1.22;-1.43;7;-4.69;-17.41;-5.82;31.42;24.29;9.77;7.75;90.88;6.73;-8.98;-1.29;-12.68;24.54;22.01;;;;;;;;;;78.65;-0.26;14.09;-0.56;-7.94;-11.22;-4.26;1.3;1.29;1.34;1.25;;;;;;;;;;;;0.97342;0.92417;0.46021;0.46912;;;;;;36.16192;24.33755;22.37429;18.72487;-37.34398;-37.34398;-37.34398;-37.34398;1.51;1.5;0;2;0;0.14;0;;;3;3;3;0;2;3;3;;0.65;;;57;-12.68;1/4;;;;;Revisar (sin datos);;;;https://bancaonline.bankinter.com/resources/allfundssheets-enmenm/es/?isin=FR0011170182&language=es&currency=EUR&channel=nbol;2026-09-10
