Isin;Name;LegalName;ProviderCompanyName;GlobalAssetClass;GlobalCategoryName;CategoryName;Currency;DomicileName;SRRI;StarRatingM255;ExpenseRatio;ManagementFee;ReturnM0;ReturnM12;ReturnM36;ReturnM60;InceptionDate;UCITS;IndexFund;InitialPurchase;fecha
LU2743114956;UI - Aktia EM Local Ccy Bd+ Share R Acc;UI - Aktia EM Local Currency Bond+ - share class R Acc;;;;;EUR;Luxemburgo;;;;;;;;;2026-04-27;False;False;;2026-08-24
LU1594335520;Allianz Dyn MltAst Stgy SRI75 AT EUR;Allianz Global Investors Fund - Allianz Dynamic Multi Asset Strategy SRI 75 AT EUR;Allianz Global Investors GmbH;Allocation;Aggressive Allocation;Mixtos Agresivos EUR - Global;EUR;Luxemburgo;5;5;1.65;1.85;11.33;23.98;16.24;8.96;2017-05-02;True;False;0;2026-08-24
LU0352312853;Allianz Strategy 75 CT EUR;Allianz Strategy 75 CT EUR;Allianz Global Investors GmbH;Allocation;Aggressive Allocation;Mixtos Agresivos EUR - Global;EUR;Luxemburgo;5;4;1.5;1.65;8.72;16.35;12.88;6.22;2008-07-01;True;False;0;2026-08-24
LU0048293368;BL-Global 75 B EUR;BL-Global 75 B EUR Acc;BLI - Banque de Luxembourg Investments SA;Allocation;Aggressive Allocation;Mixtos Agresivos EUR - Global;EUR;Luxemburgo;4;3;1.43;1.25;6.99;19.04;11.59;6.02;1993-10-28;True;False;0;2026-08-24
ES0113569018;Bankinter Platea Agresivo A FI;Bankinter Platea Agresivo A FI;Bankinter Gestión de Activos SGIIC;Allocation;Aggressive Allocation;Mixtos Agresivos EUR - Global;EUR;España;5;4;2.87;1.35;10.24;16.1;13.4;7.08;2017-09-29;True;False;50000;2026-08-24
ES0113569000;Bankinter Platea Agresivo B FI;Bankinter Platea Agresivo B FI;Bankinter Gestión de Activos SGIIC;Allocation;Aggressive Allocation;Mixtos Agresivos EUR - Global;EUR;España;5;4;2.87;1.25;10.33;16.24;13.48;7.17;2015-11-20;True;False;200000;2026-08-24
ES0113569026;Bankinter Platea Agresivo R FI;Bankinter Platea Agresivo R FI;Bankinter Gestión de Activos SGIIC;Allocation;Aggressive Allocation;Mixtos Agresivos EUR - Global;EUR;España;5;4;2.16;1.55;10.94;17.23;14.02;7.4;2020-03-17;True;False;10;2026-08-24
ES0113573028;Bankinter Platea Megatendencias A FI;Bankinter Platea Megatendencias A FI;Bankinter Gestión de Activos SGIIC;Allocation;Aggressive Allocation;Mixtos Agresivos EUR - Global;EUR;España;;;4.19;1.25;14.02;20.63;;;2024-09-06;True;False;50000;2026-08-24
ES0113573036;Bankinter Platea Megatendencias B FI;Bankinter Platea Megatendencias B FI;Bankinter Gestión de Activos SGIIC;Allocation;Aggressive Allocation;Mixtos Agresivos EUR - Global;EUR;España;;;0;1.15;10.36;16.94;;;2024-09-06;True;False;200000;2026-08-24
ES0113573002;Bankinter Platea Megatendencias R FI;Bankinter Platea Megatendencias R FI;Bankinter Gestión de Activos SGIIC;Allocation;Aggressive Allocation;Mixtos Agresivos EUR - Global;EUR;España;7;2;2.75;1.3;14.38;21.29;12.94;4.12;2019-07-30;True;False;10;2026-08-24
ES0135705012;Bankinter Premium Agresivo A FI;Bankinter Premium Agresivo A FI;Bankinter Gestión de Activos SGIIC;Allocation;Aggressive Allocation;Mixtos Agresivos EUR - Global;EUR;España;6;4;1.62;1.4;11.29;18.76;14.36;7.88;2017-06-23;True;False;50000;2026-08-24
ES0135705004;Bankinter Premium Agresivo B FI;Bankinter Premium Agresivo B FI;Bankinter Gestión de Activos SGIIC;Allocation;Aggressive Allocation;Mixtos Agresivos EUR - Global;EUR;España;6;4;0.97;0.75;11.75;19.53;15.13;8.64;2016-07-15;True;False;500000;2026-08-24
ES0135705038;Bankinter Premium Agresivo D FI;Bankinter Premium Agresivo D FI;Bankinter Gestión de Activos SGIIC;Allocation;Aggressive Allocation;Mixtos Agresivos EUR - Global;EUR;España;6;3;1.62;1.4;11.29;15.78;12.43;;2022-03-25;True;False;50000;2026-08-24
ES0135705020;Bankinter Premium Agresivo R FI;Bankinter Premium Agresivo R FI;Bankinter Gestión de Activos SGIIC;Allocation;Aggressive Allocation;Mixtos Agresivos EUR - Global;EUR;España;6;4;1.77;1.55;11.19;18.58;14.19;7.72;2021-07-02;True;False;10000;2026-08-24
ES0113734018;Bankinter Premium Dinámico A FI;Bankinter Premium Dinámico A FI;Bankinter Gestión de Activos SGIIC;Allocation;Aggressive Allocation;Mixtos Agresivos EUR - Global;EUR;España;5;3;1.44;1.25;6.87;11.43;10.1;5.25;2017-09-15;True;False;50000;2026-08-24
ES0113734000;Bankinter Premium Dinámico B FI;Bankinter Premium Dinámico B FI;Bankinter Gestión de Activos SGIIC;Allocation;Aggressive Allocation;Mixtos Agresivos EUR - Global;EUR;España;5;3;0.89;0.7;7.24;12.04;10.72;5.88;2016-07-15;True;False;500000;2026-08-24
ES0113734034;Bankinter Premium Dinámico D FI;Bankinter Premium Dinámico D FI;Bankinter Gestión de Activos SGIIC;Allocation;Aggressive Allocation;Mixtos Agresivos EUR - Global;EUR;España;5;2;1.44;1.25;6.87;9.19;8.61;;2022-03-25;True;False;50000;2026-08-24
ES0113734026;Bankinter Premium Dinámico R FI;Bankinter Premium Dinámico R FI;Bankinter Gestión de Activos SGIIC;Allocation;Aggressive Allocation;Mixtos Agresivos EUR - Global;EUR;España;5;3;1.54;1.35;6.8;11.32;9.99;5.15;2021-07-02;True;False;10000;2026-08-24
LU1431864153;Fidelity Global Multi Asset Dyn ADisEURH;Fidelity Funds - Global Multi Asset Dynamic Fund A-DIST-EUR (EUR/USD hedged);FIL Investment Management (Luxembourg) S.à r.l.;Allocation;Aggressive Allocation;Mixtos Agresivos EUR - Global;EUR;Luxemburgo;5;2;;1.5;12.39;23.46;15.08;4.03;2016-06-30;True;False;;2026-08-24
LU0433182416;First Eagle Amundi International AHE-C;First Eagle Amundi International Fund Class AHE-C Shares;First Eagle Investment Management, LLC;Allocation;Aggressive Allocation;Mixtos Agresivos EUR - Global;EUR;Luxemburgo;5;3;3.01;2;7.97;18.76;14.36;7.12;2009-08-19;True;False;0;2026-08-24
LU0565134938;First Eagle Amundi International AHE-QD;First Eagle Amundi International Fund Class AHE-QD Shares;First Eagle Investment Management, LLC;Allocation;Aggressive Allocation;Mixtos Agresivos EUR - Global;EUR;Luxemburgo;5;3;2.44;2;8.42;19.26;14.52;7.21;2011-06-09;True;False;0;2026-08-24
LU1245471567;FvS Multi Asset Growth ET;Flossbach von Storch - Multi Asset Growth ET;Flossbach von Storch Invest S.A.;Allocation;Aggressive Allocation;Mixtos Agresivos EUR - Global;EUR;Luxemburgo;5;2;2;1.87;2.86;7.97;8.56;3.33;2015-07-13;True;False;0;2026-08-24
LU0119195450;GS Patrimonial Aggr-P Cap EUR;Goldman Sachs Patrimonial Aggressive - P Cap EUR;Goldman Sachs Asset Management B.V.;Allocation;Aggressive Allocation;Mixtos Agresivos EUR - Global;EUR;Luxemburgo;5;4;;1.2;8.65;14.23;12.41;6.12;1994-07-15;True;False;0;2026-08-24
FR0000292302;Lazard Patrimoine Croissance C;Lazard Patrimoine Croissance C;Lazard Frères Gestion;Allocation;Aggressive Allocation;Mixtos Agresivos EUR - Global;EUR;Francia;4;2;;1.5;5.93;7.16;5.6;3.77;1988-05-10;True;False;1;2026-08-24
LU1820809694;Capital Group CIB (LUX) B;Capital Group Capital Income Builder (LUX) B;Capital International Management Company Sàrl;Allocation;Aggressive Allocation;Mixtos Agresivos USD;USD;Luxemburgo;5;3;1.55;1.4;10.53;15.45;14.96;7.72;2018-09-21;True;False;0;2026-08-24
LU1820809421;Capital Group CIB (LUX) B EUR;Capital Group Capital Income Builder (LUX) B EUR;Capital International Management Company Sàrl;Allocation;Aggressive Allocation;Mixtos Agresivos USD;EUR;Luxemburgo;5;3;1.55;1.4;11.21;14.73;12.33;7.77;2018-09-21;True;False;;2026-08-24
LU0261961675;Fidelity Global Multi Asset Dyn A-AccUSD;Fidelity Funds - Global Multi Asset Dynamic Fund A-Acc-USD;FIL Investment Management (Luxembourg) S.à r.l.;Allocation;Aggressive Allocation;Mixtos Agresivos USD;USD;Luxemburgo;5;2;;1.5;13.92;26.17;17.38;6.24;2006-09-25;True;False;6000;2026-08-24
LU0565135745;First Eagle Amundi International AE-C;First Eagle Amundi International Fund Class AE-C Shares;First Eagle Investment Management, LLC;Allocation;Aggressive Allocation;Mixtos Agresivos USD;EUR;Luxemburgo;5;4;4.64;2;9.3;19.44;13.48;9.25;2010-12-03;True;False;0;2026-08-24
LU0565419693;First Eagle Amundi International AE-QD;First Eagle Amundi International Fund Class AE-QD Shares;First Eagle Investment Management, LLC;Allocation;Aggressive Allocation;Mixtos Agresivos USD;EUR;Luxemburgo;4;4;4.47;2;9.29;19.63;13.54;9.29;2010-12-03;True;False;0;2026-08-24
LU0068578508;First Eagle Amundi International AU-C;First Eagle Amundi International Fund Class AU-C Shares;First Eagle Investment Management, LLC;Allocation;Aggressive Allocation;Mixtos Agresivos USD;USD;Luxemburgo;5;4;4.33;2;8.73;19.94;16.32;9.31;1996-08-12;True;False;;2026-08-24
LU0210527791;JPM Asia Pacific Income A acc USD;JPMorgan Funds - Asia Pacific Income Fund A (acc) USD;JPMorgan Asset Management (Europe) S.à r.l.;Allocation;Allocation Miscellaneous;Mixtos Asia;USD;Luxemburgo;4;4;1.76;1.5;9.68;16.89;14.07;5.63;2005-03-31;True;False;35000;2026-08-24
LU0033035865;UBS (Lux) SF Yield (CHF) P-acc;UBS (Lux) Strategy Fund - Yield (CHF) P-acc;UBS Asset Management (Europe) S.A.;Allocation;Cautious Allocation;Mixtos Defensivos CHF;CHF;Luxemburgo;4;2;1.56;1.15;2.75;5.34;4.67;-0.69;1991-09-10;True;False;;2026-08-24
LU2475579202;A&G Flota Nomad Flexible Allc A Cap;A&G Flota Nomad Flexible Allocation A Cap;A&G Fondos SGIIC;Allocation;Cautious Allocation;Mixtos Defensivos EUR;EUR;Luxemburgo;;3;;1;4.17;8.34;6.49;;2022-10-24;True;False;0;2026-08-24
LU1254136416;Allianz Capital Plus AT EUR;Allianz Global Investors Fund - Allianz Capital Plus AT EUR;Allianz Global Investors GmbH;Allocation;Cautious Allocation;Mixtos Defensivos EUR;EUR;Luxemburgo;4;2;1.15;1.15;2.76;4.77;3.64;-0.75;2015-10-27;True;False;0;2026-08-24
LU1214667088;Bankinter IFS Carrión Con A EUR Acc;Bankinter International Fund SICAV Carrión Conservative A EUR Acc;Bankinter Luxembourg S.A.;Allocation;Cautious Allocation;Mixtos Defensivos EUR;EUR;Luxemburgo;2;4;;0.6;3.53;5.47;6.1;;2019-07-31;True;False;10;2026-08-24
ES0114793039;Bankinter Mixto Renta Fija R FI;Bankinter Mixto Renta Fija R FI;Bankinter Gestión de Activos SGIIC;Allocation;Cautious Allocation;Mixtos Defensivos EUR;EUR;España;4;3;1.52;1.35;3.56;5.79;5.4;2.21;1997-12-01;True;False;1;2026-08-24
ES0115087019;Bankinter Premium Conservador A FI;Bankinter Premium Conservador A FI;Bankinter Gestión de Activos SGIIC;Allocation;Cautious Allocation;Mixtos Defensivos EUR;EUR;España;3;3;1.09;0.95;2.22;3.84;5.17;1.88;2017-09-15;True;False;50000;2026-08-24
ES0115087001;Bankinter Premium Conservador B FI;Bankinter Premium Conservador B FI;Bankinter Gestión de Activos SGIIC;Allocation;Cautious Allocation;Mixtos Defensivos EUR;EUR;España;3;3;0.74;0.6;2.45;4.21;5.55;2.26;2016-07-15;True;False;500000;2026-08-24
ES0115087027;Bankinter Premium Conservador D FI;Bankinter Premium Conservador D FI;Bankinter Gestión de Activos SGIIC;Allocation;Cautious Allocation;Mixtos Defensivos EUR;EUR;España;3;3;1.09;0.95;2.22;3.83;5.17;1.66;2020-06-26;True;False;50000;2026-08-24
ES0115087035;Bankinter Premium Conservador R FI;Bankinter Premium Conservador R FI;Bankinter Gestión de Activos SGIIC;Allocation;Cautious Allocation;Mixtos Defensivos EUR;EUR;España;3;3;1.2;1.05;2.16;3.74;5.06;1.75;2021-07-02;True;False;10000;2026-08-24
ES0113258018;Bankinter Premium Defensivo A FI;Bankinter Premium Defensivo A FI;Bankinter Gestión de Activos SGIIC;Allocation;Cautious Allocation;Mixtos Defensivos EUR;EUR;España;3;3;0.78;0.65;1.12;2.02;3.81;1.04;2017-09-15;True;False;50000;2026-08-24
ES0113258000;Bankinter Premium Defensivo B FI;Bankinter Premium Defensivo B FI;Bankinter Gestión de Activos SGIIC;Allocation;Cautious Allocation;Mixtos Defensivos EUR;EUR;España;3;2;0.52;0.4;1.28;2.27;4.08;1.34;2016-07-15;True;False;50000;2026-08-24
ES0113258026;Bankinter Premium Defensivo R FI;Bankinter Premium Defensivo R FI;Bankinter Gestión de Activos SGIIC;Allocation;Cautious Allocation;Mixtos Defensivos EUR;EUR;España;3;3;0.88;0.75;1.05;1.91;3.71;0.93;2021-07-02;True;False;10000;2026-08-24
LU1966822956;Cartesio Income R;Cartesio Funds Income R;Cartesio Inversiones SGIIC;Allocation;Cautious Allocation;Mixtos Defensivos EUR;EUR;Luxemburgo;4;5;;1;2.89;4.65;8.58;5.21;2020-01-13;True;False;6000;2026-08-24
LU0284394235;DNCA Invest Eurose A EUR;DNCA Invest Eurose Class A shares EUR;DNCA Finance;Allocation;Cautious Allocation;Mixtos Defensivos EUR;EUR;Luxemburgo;3;5;1.76;1.4;2.92;3.61;5.67;4.03;2007-09-28;True;False;2500;2026-08-24
FR0010611293;Echiquier Arty SRI A;Echiquier Arty SRI A;La Financière de l'Echiquier;Allocation;Cautious Allocation;Mixtos Defensivos EUR;EUR;Francia;4;4;;1.5;1.53;2.47;5.07;1.5;2008-05-30;True;False;0;2026-08-24
LU0992632538;EdRF Income Europe A EUR;Edmond de Rothschild Fund - Income Europe A EUR;Edmond de Rothschild Asset Management (France);Allocation;Cautious Allocation;Mixtos Defensivos EUR;EUR;Luxemburgo;4;4;1.56;1.3;2.44;2.67;6.17;2.44;2013-12-31;True;False;0;2026-08-24
LU0992632611;EdRF Income Europe B EUR;Edmond de Rothschild Fund - Income Europe B EUR;Edmond de Rothschild Asset Management (France);Allocation;Cautious Allocation;Mixtos Defensivos EUR;EUR;Luxemburgo;4;3;1.56;1.3;2.44;2.67;5.66;2.13;2013-12-31;True;False;0;2026-08-24
LU0794790716;Invesco Pan European Hi Inc A EUR AD;Invesco Funds - Invesco Pan European High Income Fund A Annual Distribution EUR;Invesco Management S.A.;Allocation;Cautious Allocation;Mixtos Defensivos EUR;EUR;Luxemburgo;4;5;;1.25;3.95;6.18;7.11;2.84;2012-06-27;True;False;1000;2026-08-24
LU0243957239;Invesco Pan European Hi Inc A EUR Acc;Invesco Funds - Invesco Pan European High Income Fund A Accumulation EUR;Invesco Management S.A.;Allocation;Cautious Allocation;Mixtos Defensivos EUR;EUR;Luxemburgo;4;5;;1.25;3.9;6.2;7.12;2.82;2006-03-31;True;False;1000;2026-08-24
LU1097692153;Invesco Pan European Hi Inc A EUR MD-1;Invesco Funds - Invesco Pan European High Income Fund A Monthly distribution-1 EUR;Invesco Management S.A.;Allocation;Cautious Allocation;Mixtos Defensivos EUR;EUR;Luxemburgo;4;5;;1.25;3.9;6.31;7.14;2.85;2014-12-10;True;False;1000;2026-08-24
LU0243957312;Invesco Pan European Hi Inc A EUR QD;Invesco Funds - Invesco Pan European High Income Fund A Quarterly Distribution EUR;Invesco Management S.A.;Allocation;Cautious Allocation;Mixtos Defensivos EUR;EUR;Luxemburgo;4;5;;1.25;3.96;6.28;7.13;2.84;2006-03-31;True;False;1000;2026-08-24
LU0960400249;AXAWF Global Income Gen A Cap EUR;AXA World Funds - Global Income Generation A Capitalisation EUR;BNP PARIBAS ASSET MANAGEMENT Europe;Allocation;Cautious Allocation;Mixtos Defensivos EUR - Global;EUR;Luxemburgo;4;3;1.52;1.25;7.05;8.78;7.15;1.85;2015-09-16;True;False;0;2026-08-24
LU1089088071;Allianz Dyn MltAst Stgy SRI15 A EUR;Allianz Global Investors Fund - Allianz Dynamic Multi Asset Strategy SRI 15 A EUR;Allianz Global Investors GmbH;Allocation;Cautious Allocation;Mixtos Defensivos EUR - Global;EUR;Luxemburgo;4;3;1.15;1.45;3.38;9.44;6.92;1.77;2014-12-04;True;False;0;2026-08-24
LU1548496022;Allianz Dyn MltAst Stgy SRI15 AT EUR;Allianz Global Investors Fund - Allianz Dynamic Multi Asset Strategy SRI 15 AT EUR;Allianz Global Investors GmbH;Allocation;Cautious Allocation;Mixtos Defensivos EUR - Global;EUR;Luxemburgo;4;3;1.15;1.45;3.38;9.43;6.92;1.77;2017-01-30;True;False;0;2026-08-24
LU0398560267;Allianz Strategy 15 CT EUR;Allianz Strategy 15 CT EUR;Allianz Global Investors GmbH;Allocation;Cautious Allocation;Mixtos Defensivos EUR - Global;EUR;Luxemburgo;3;1;1.25;1.4;1.06;3.07;3.85;-0.95;2009-01-26;True;False;0;2026-08-24
LU1883329432;Amundi Fds Global MA Cnsrv A EUR C;Amundi Funds - Global Multi-Asset Conservative A EUR (C);Amundi Luxembourg S.A.;Allocation;Cautious Allocation;Mixtos Defensivos EUR - Global;EUR;Luxemburgo;5;4;1.82;1.25;3.24;6.89;6.57;1.39;2013-05-07;True;False;1;2026-08-24
LU1941681956;Amundi Fds MA Consrv Rspnb A EUR C;Amundi Funds - Multi-Asset Conservative Responsible - A EUR (C);Amundi Luxembourg S.A.;Allocation;Cautious Allocation;Mixtos Defensivos EUR - Global;EUR;Luxemburgo;4;3;1.5;1.2;3.41;4.42;5.13;0.34;2019-04-18;True;False;1;2026-08-24
LU2794620414;Assenagon I Multi Asset Con P2;Assenagon I Multi Asset Conservative (P2);Assenagon Asset Management SA;Allocation;Cautious Allocation;Mixtos Defensivos EUR - Global;EUR;Luxemburgo;4;5;1.92;1.3;5.25;10.41;10.57;5.07;2024-05-14;True;False;0;2026-08-24
LU1956160276;BNP Paribas Sust Mul Ast Sty N EUR Acc;BNP Paribas Funds Sustainable Multi-Asset Stability N EUR Acc;BNP Paribas Asset Management Luxembourg;Allocation;Cautious Allocation;Mixtos Defensivos EUR - Global;EUR;Luxemburgo;4;1;;1.1;2.23;3.95;4.23;-1;2019-12-05;True;False;0;2026-08-24
ES0158988008;Bankinter Ethos A FI;Bankinter Ethos A FI;Bankinter Gestión de Activos SGIIC;Allocation;Cautious Allocation;Mixtos Defensivos EUR - Global;EUR;España;3;4;0.89;0.75;2.38;4.53;6.01;2.44;2021-03-26;True;False;200000;2026-08-24
ES0158988032;Bankinter Ethos R FI;Bankinter Ethos R FI;Bankinter Gestión de Activos SGIIC;Allocation;Cautious Allocation;Mixtos Defensivos EUR - Global;EUR;España;3;4;1.14;1;2.22;4.27;5.74;2.19;2021-03-26;True;False;10;2026-08-24
LU1496042869;Bankinter IFS Multifunds Cnsrv A Acc;Bankinter International Fund SICAV - Multifunds Conservative A Acc;Bankinter Luxembourg S.A.;Allocation;Cautious Allocation;Mixtos Defensivos EUR - Global;EUR;Luxemburgo;3;3;;0.05;2.22;3.69;4.83;1.56;2017-03-06;True;False;;2026-08-24
LU1496042943;Bankinter IFS Multifunds Cnsrv B Acc;Bankinter International Fund SICAV - Multifunds Conservative B Acc;Bankinter Luxembourg S.A.;Allocation;Cautious Allocation;Mixtos Defensivos EUR - Global;EUR;Luxemburgo;3;3;;0.05;2.41;3.97;5.13;1.85;2017-03-07;True;False;;2026-08-24
ES0113500013;Bankinter Platea Conservador A FI;Bankinter Platea Conservador A FI;Bankinter Gestión de Activos SGIIC;Allocation;Cautious Allocation;Mixtos Defensivos EUR - Global;EUR;España;3;3;2.18;0.9;2.08;3.52;4.94;1.76;2017-09-29;True;False;50000;2026-08-24
ES0113500005;Bankinter Platea Conservador B FI;Bankinter Platea Conservador B FI;Bankinter Gestión de Activos SGIIC;Allocation;Cautious Allocation;Mixtos Defensivos EUR - Global;EUR;España;3;3;1.88;0.75;2.17;3.67;5.1;1.91;2015-11-20;True;False;200000;2026-08-24
ES0113500039;Bankinter Platea Conservador D FI;Bankinter Platea Conservador D FI;Bankinter Gestión de Activos SGIIC;Allocation;Cautious Allocation;Mixtos Defensivos EUR - Global;EUR;España;3;3;1.52;1.1;2.12;3.59;5;1.49;2020-10-30;True;False;10;2026-08-24
ES0113500021;Bankinter Platea Conservador R FI;Bankinter Platea Conservador R FI;Bankinter Gestión de Activos SGIIC;Allocation;Cautious Allocation;Mixtos Defensivos EUR - Global;EUR;España;3;3;1.52;1.1;2.12;3.6;5.01;1.7;2020-03-17;True;False;10;2026-08-24
ES0135704015;Bankinter Platea Defensivo A FI;Bankinter Platea Defensivo A FI;Bankinter Gestión de Activos SGIIC;Allocation;Cautious Allocation;Mixtos Defensivos EUR - Global;EUR;España;3;3;0.97;0.65;1.03;1.89;3.76;0.88;2017-09-29;True;False;50000;2026-08-24
ES0135704007;Bankinter Platea Defensivo B FI;Bankinter Platea Defensivo B FI;Bankinter Gestión de Activos SGIIC;Allocation;Cautious Allocation;Mixtos Defensivos EUR - Global;EUR;España;3;2;0.82;0.5;1.13;2.04;3.92;1.04;2015-11-20;True;False;200000;2026-08-24
ES0135704023;Bankinter Platea Defensivo R FI;Bankinter Platea Defensivo R FI;Bankinter Gestión de Activos SGIIC;Allocation;Cautious Allocation;Mixtos Defensivos EUR - Global;EUR;España;3;3;1.11;0.75;0.97;1.78;3.64;0.75;2020-03-17;True;False;10;2026-08-24
LU2075344551;DIP Lift Income R1 EUR Acc;DIP - Lift Income R1 EUR Acc;A&G Fondos SGIIC;Allocation;Cautious Allocation;Mixtos Defensivos EUR - Global;EUR;Luxemburgo;5;3;;1.25;3.18;6.31;3.47;2.04;2020-11-05;True;False;0;2026-08-24
LU2075344635;DIP Lift Income R2 EUR Inc;DIP - Lift Income R2 EUR Inc;A&G Fondos SGIIC;Allocation;Cautious Allocation;Mixtos Defensivos EUR - Global;EUR;Luxemburgo;5;2;;1.25;1.12;4.2;2.78;1.63;2023-12-21;True;False;0;2026-08-24
LU0087412390;DWS Concept DJE Alpha Renten Global LC;DWS Concept DJE Alpha Renten Global LC;DWS Investment S.A.;Allocation;Cautious Allocation;Mixtos Defensivos EUR - Global;EUR;Luxemburgo;3;4;;1.35;2.57;4.35;5.4;1.71;1998-04-30;True;False;1;2026-08-24
LU0136412771;Ethna-AKTIV A;Ethna-AKTIV A;ETHENEA Independent Investors S.A.;Allocation;Cautious Allocation;Mixtos Defensivos EUR - Global;EUR;Luxemburgo;4;5;2.62;1.65;4.71;9.94;7.11;4.39;2002-02-15;True;False;0;2026-08-24
LU0431139764;Ethna-AKTIV T;Ethna-AKTIV T;ETHENEA Independent Investors S.A.;Allocation;Cautious Allocation;Mixtos Defensivos EUR - Global;EUR;Luxemburgo;4;5;2.62;1.65;4.72;9.94;7.11;4.39;2009-07-17;True;False;0;2026-08-24
LU0393653166;Fidelity Glb MA Dfsv A-Acc-EUR;Fidelity Funds - Global Multi Asset Defensive Fund A-Acc-EUR;FIL Investment Management (Luxembourg) S.à r.l.;Allocation;Cautious Allocation;Mixtos Defensivos EUR - Global;EUR;Luxemburgo;4;2;1.38;0.9;4.07;8.32;6.74;0.43;2009-01-19;True;False;;2026-08-24
LU0413543991;Fidelity Glb MA Dfsv A-Dis-EUR;Fidelity Funds - Global Multi Asset Defensive Fund A-DIST-EUR;FIL Investment Management (Luxembourg) S.à r.l.;Allocation;Cautious Allocation;Mixtos Defensivos EUR - Global;EUR;Luxemburgo;4;2;;1.5;3.96;8.24;6.7;0.42;2009-09-18;True;False;;2026-08-24
LU1147470683;Franklin Dvrs Cnsrv A(acc)EUR;Franklin Diversified Conservative Fund A(acc)EUR;Franklin Templeton International Services S.à r.l.;Allocation;Cautious Allocation;Mixtos Defensivos EUR - Global;EUR;Luxemburgo;4;1;1.45;1.1;3.57;5.16;4.06;-0.92;2015-03-20;True;False;;2026-08-24
LU1245470593;FvS Multi Asset Defensive ET;Flossbach von Storch - Multi Asset Defensive ET;Flossbach von Storch Invest S.A.;Allocation;Cautious Allocation;Mixtos Defensivos EUR - Global;EUR;Luxemburgo;4;3;2.02;1.87;0.99;3.76;5.34;1.4;2015-07-10;True;False;0;2026-08-24
LU0119196938;GS Patrimonial Def-P Cap EUR;Goldman Sachs Patrimonial Defensive - P Cap EUR;Goldman Sachs Asset Management B.V.;Allocation;Cautious Allocation;Mixtos Defensivos EUR - Global;EUR;Luxemburgo;4;2;;1.2;2.02;4.05;5.65;-0.12;1994-07-15;True;False;0;2026-08-24
LU0701293705;Incometric Heed Patrimonio A1;Incometric Fund Heed Patrimonio A1;Heed Capital SGOIC SA;Allocation;Cautious Allocation;Mixtos Defensivos EUR - Global;EUR;Luxemburgo;5;5;;1.5;4.3;9.91;11.2;3.26;2012-09-20;True;False;5000;2026-08-24
LU1458463079;JPM Global Income Cnsrv A acc EUR;JPMorgan Investment Funds - Global Income Conservative Fund A (acc) EUR;JPMorgan Asset Management (Europe) S.à r.l.;Allocation;Cautious Allocation;Mixtos Defensivos EUR - Global;EUR;Luxemburgo;4;2;1.43;1.25;2.34;5.28;6.29;0.53;2016-10-12;True;False;35000;2026-08-24
LU1458463152;JPM Global Income Cnsrv A dist EUR;JPMorgan Investment Funds - Global Income Conservative Fund A (dist) EUR;JPMorgan Asset Management (Europe) S.à r.l.;Allocation;Cautious Allocation;Mixtos Defensivos EUR - Global;EUR;Luxemburgo;4;2;1.43;1.25;2.34;5.28;6.29;0.53;2016-10-12;True;False;35000;2026-08-24
LU1458463236;JPM Global Income Cnsrv A div EUR;JPMorgan Investment Funds - Global Income Conservative Fund A (div) EUR;JPMorgan Asset Management (Europe) S.à r.l.;Allocation;Cautious Allocation;Mixtos Defensivos EUR - Global;EUR;Luxemburgo;4;2;1.43;1.25;2.34;5.28;6.29;0.54;2016-10-12;True;False;35000;2026-08-24
LU1458464713;JPM Global Income Cnsrv D acc EUR;JPMorgan Investment Funds - Global Income Conservative Fund D (acc) EUR;JPMorgan Asset Management (Europe) S.à r.l.;Allocation;Cautious Allocation;Mixtos Defensivos EUR - Global;EUR;Luxemburgo;4;2;1.78;1.25;2.11;4.91;5.91;0.18;2016-10-12;True;False;5000;2026-08-24
LU1458464804;JPM Global Income Cnsrv D div EUR;JPMorgan Investment Funds - Global Income Conservative Fund D (div) EUR;JPMorgan Asset Management (Europe) S.à r.l.;Allocation;Cautious Allocation;Mixtos Defensivos EUR - Global;EUR;Luxemburgo;4;2;1.78;1.25;2.11;4.9;5.92;0.19;2016-11-10;True;False;5000;2026-08-24
LU1598856661;LO Selection Conservative EUR PA;LO Selection - The Conservative (EUR) PA;Lombard Odier Funds (Europe) SA;Allocation;Cautious Allocation;Mixtos Defensivos EUR - Global;EUR;Luxemburgo;4;1;2.06;1.25;1.41;3.56;4.96;-0.16;2017-05-10;True;False;3000;2026-08-24
FR0012355139;Lazard Patrimoine SRI RC EUR;Lazard Patrimoine SRI RC EUR;Lazard Frères Gestion;Allocation;Cautious Allocation;Mixtos Defensivos EUR - Global;EUR;Francia;3;3;;1.42;0.61;1.38;2.31;0.72;2014-12-31;True;False;1;2026-08-24
LU0566417423;March Intl Torrenova Lux A-EUR;March International Torrenova Lux Class A-EUR;March Asset Management SGIIC;Allocation;Cautious Allocation;Mixtos Defensivos EUR - Global;EUR;Luxemburgo;3;2;;1.25;2.17;4.18;3.96;1.48;2010-12-01;True;False;0;2026-08-24
LU1570387610;Ninety One GSF Glb Mang Inc A Acc EUR H;Ninety One Global Strategy Fund - Global Managed Income Fund A Acc EUR Hedged(Reference);Ninety One Luxembourg S.A.;Allocation;Cautious Allocation;Mixtos Defensivos EUR - Global;EUR;Luxemburgo;4;2;;1.15;1.63;2.88;3.74;0.33;2017-02-28;True;False;3000;2026-08-24
LU1328179103;Ninety One GSF Glb Mang Inc A Inc-2 EURH;Ninety One Global Strategy Fund - Global Managed Income Fund A Inc-2 EUR Hedged(Reference);Ninety One Luxembourg S.A.;Allocation;Cautious Allocation;Mixtos Defensivos EUR - Global;EUR;Luxemburgo;3;2;;1.15;1.77;3;3.75;0.35;2015-12-17;True;False;3000;2026-08-24
LU0634509953;Nordea 1 - Balanced Income Fd BP EUR;Nordea 1 - Balanced Income Fund BP EUR;Nordea Investment Funds SA;Allocation;Cautious Allocation;Mixtos Defensivos EUR - Global;EUR;Luxemburgo;2;1;1.45;1.2;0.56;0.59;3.44;-1.06;2012-02-22;True;False;0;2026-08-24
DE000A2JJ1W5;Oddo BHF Polaris Moderate CR EUR;Oddo BHF Polaris Moderate CR EUR;ODDO BHF Asset Management GmbH;Allocation;Cautious Allocation;Mixtos Defensivos EUR - Global;EUR;Alemania;4;3;1.19;1.5;1.06;2.62;4.96;1.63;2018-10-01;True;False;100;2026-08-24
IE00BG800Y73;PIMCO GIS Strategic Inc E EURH Acc;PIMCO GIS Strategic Income Fund E Class EUR (Hedged) Accumulation;PIMCO Global Advisors (Ireland) Limited;Allocation;Cautious Allocation;Mixtos Defensivos EUR - Global;EUR;Irlanda;4;5;;1.69;4.97;8.75;9.03;3.81;2013-12-16;True;False;;2026-08-24
IE00BG800X66;PIMCO GIS Strategic Inc E EURH IncII;PIMCO GIS Strategic Income Fund E Class EUR (Hedged) Income II;PIMCO Global Advisors (Ireland) Limited;Allocation;Cautious Allocation;Mixtos Defensivos EUR - Global;EUR;Irlanda;4;5;;1.69;5.06;8.7;9.01;3.82;2013-12-16;True;False;;2026-08-24
LU0941349192;Pictet-Multi Asset Global Opps P EUR;Pictet-Multi Asset Global Opportunities P EUR;Pictet Asset Management (Europe) SA;Allocation;Cautious Allocation;Mixtos Defensivos EUR - Global;EUR;Luxemburgo;4;4;1.2;1.35;3;6.04;8.15;2.61;2013-08-21;True;False;0;2026-08-24
IE00BDZS0L05;Pyrford Glbl Tot Ret(Sterling)W EUR HAcc;Pyrford Global Total Return (Sterling) Fund Class W EUR Hedged Accumulating;Pyrford International Ltd;Allocation;Cautious Allocation;Mixtos Defensivos EUR - Global;EUR;Irlanda;4;4;;1.5;2.76;4.34;5.17;2.4;2018-02-01;True;False;;2026-08-24
LU0776414087;Schroder ISF Glbl MA Bal A Acc EUR;Schroder International Selection Fund Global Multi-Asset Balanced A Accumulation EUR;Schroder Investment Management (Europe) S.A.;Allocation;Cautious Allocation;Mixtos Defensivos EUR - Global;EUR;Luxemburgo;4;5;1.55;1.25;9.15;13.88;11.32;4.77;2012-07-02;True;False;1000;2026-08-24
LU0776414756;Schroder ISF Glbl MA Bal A Dis Q;Schroder International Selection Fund Global Multi-Asset Balanced A Distribution EUR Q;Schroder Investment Management (Europe) S.A.;Allocation;Cautious Allocation;Mixtos Defensivos EUR - Global;EUR;Luxemburgo;4;5;1.55;1.25;9.15;13.88;11.32;4.77;2012-07-02;True;False;1000;2026-08-24
LU0757360457;Schroder ISF Glbl MA Inc A Acc EUR H;Schroder International Selection Fund Global Multi-Asset Income A Accumulation EUR Hedged;Schroder Investment Management (Europe) S.A.;Allocation;Cautious Allocation;Mixtos Defensivos EUR - Global;EUR;Luxemburgo;4;3;1.59;1.25;5.77;10.63;9.3;2.75;2012-04-18;True;False;1000;2026-08-24
LU0757360960;Schroder ISF Glbl MA Inc A Dis EUR H QV;Schroder International Selection Fund Global Multi-Asset Income A Distribution EUR Hedged QV;Schroder Investment Management (Europe) S.A.;Allocation;Cautious Allocation;Mixtos Defensivos EUR - Global;EUR;Luxemburgo;4;3;1.59;1.25;5.77;10.61;9.29;2.75;2012-04-18;True;False;1000;2026-08-24
LU0033040782;UBS (Lux) SF Yield (EUR) P-acc;UBS (Lux) Strategy Fund - Yield (EUR) P-acc;UBS Asset Management (Europe) S.A.;Allocation;Cautious Allocation;Mixtos Defensivos EUR - Global;EUR;Luxemburgo;4;3;1.58;1.15;4.17;7.26;7.17;1.14;1991-09-10;True;False;3000000;2026-08-24
LU1646954765;abrdn-Diversified Income A Acc HEUR;abrdn SICAV I - Diversified Income Fund A Acc Hedged EUR;abrdn Investments Luxembourg S.A.;Allocation;Cautious Allocation;Mixtos Defensivos EUR - Global;EUR;Luxemburgo;4;4;;1.2;4.9;6.13;7.06;2.59;2017-08-03;True;False;1000;2026-08-24
LU1239090977;abrdn-Diversified Income A Grs MInc HEUR;abrdn SICAV I - Diversified Income Fund A Gross MInc Hedged EUR;abrdn Investments Luxembourg S.A.;Allocation;Cautious Allocation;Mixtos Defensivos EUR - Global;EUR;Luxemburgo;4;4;;1.2;4.93;6.11;7.06;2.59;2015-10-14;True;False;;2026-08-24
LU1883330521;Amundi Fds Glb MA Trg Inc A2 EUR C;Amundi Funds - Global Multi-Asset Target Income A2 EUR (C);Amundi Luxembourg S.A.;Allocation;Cautious Allocation;Mixtos Defensivos USD;EUR;Luxemburgo;4;4;1.95;1.5;5.93;11.36;8.02;4.77;2013-05-02;True;False;1;2026-08-24
LU1883330950;Amundi Fds Glb MA Trg Inc A2 EUR QTI D;Amundi Funds - Global Multi-Asset Target Income A2 EUR QTI (D);Amundi Luxembourg S.A.;Allocation;Cautious Allocation;Mixtos Defensivos USD;EUR;Luxemburgo;4;4;1.95;1.5;5.92;11.36;8.02;4.77;2019-06-11;True;False;0;2026-08-24
LU0553828673;Barclays MultiManager Port 1 A Acc USD;Barclays Portfolios SICAV - Barclays MultiManager Portfolio 1 A Acc USD;Barclays Investment Solutions Limited;Allocation;Cautious Allocation;Mixtos Defensivos USD;USD;Luxemburgo;3;3;;0.6;3.06;5.13;6.47;2.29;2011-01-10;True;False;;2026-08-24
LU0553828830;Barclays MultiManager Port 1 C Acc USD;Barclays Portfolios SICAV - Barclays MultiManager Portfolio 1 C Acc USD;Barclays Investment Solutions Limited;Allocation;Cautious Allocation;Mixtos Defensivos USD;USD;Luxemburgo;3;3;;0.5;3.12;5.24;6.58;2.39;2013-01-30;True;False;;2026-08-24
LU1075211430;Invesco Pan European Hi Inc A USDH Acc;Invesco Funds - Invesco Pan European High Income Fund A (USD Hedged) Accumulation USD;Invesco Management S.A.;Allocation;Cautious Allocation;Mixtos Defensivos USD;USD;Luxemburgo;4;5;;1.25;5.07;8.25;9.1;4.86;2014-07-23;True;False;1500;2026-08-24
LU1910254660;Ninety One GSF Glb Mang Inc A Acc EUR;Ninety One Global Strategy Fund - Global Managed Income Fund A Acc EUR;Ninety One Luxembourg S.A.;Allocation;Cautious Allocation;Mixtos Defensivos USD;EUR;Luxemburgo;4;3;;1.15;3.32;4.42;3.42;2.46;2018-11-30;True;False;3000;2026-08-24
LU0972617095;Ninety One GSF Glb Mang Inc A Acc USD;Ninety One Global Strategy Fund - Global Managed Income Fund A Acc USD;Ninety One Luxembourg S.A.;Allocation;Cautious Allocation;Mixtos Defensivos USD;USD;Luxemburgo;3;3;;1.15;2.83;5.02;5.83;2.43;2013-09-27;True;False;3000;2026-08-24
LU1910254744;Ninety One GSF Glb Mang Inc A Inc EUR;Ninety One Global Strategy Fund - Global Managed Income Fund A Inc-2 EUR;Ninety One Luxembourg S.A.;Allocation;Cautious Allocation;Mixtos Defensivos USD;EUR;Luxemburgo;4;3;;1.15;3.6;4.44;3.43;2.46;2018-11-30;True;False;3000;2026-08-24
LU0953506580;Ninety One GSF Glb Mang Inc A Inc-2 USD;Ninety One Global Strategy Fund - Global Managed Income Fund A Inc-2 USD;Ninety One Luxembourg S.A.;Allocation;Cautious Allocation;Mixtos Defensivos USD;USD;Luxemburgo;3;3;;1.15;2.81;5.02;5.83;2.43;2013-07-30;True;False;3000;2026-08-24
IE00BG800R07;PIMCO GIS Strategic Inc E USD Acc;PIMCO GIS Strategic Income Fund E Class USD Accumulation;PIMCO Global Advisors (Ireland) Limited;Allocation;Cautious Allocation;Mixtos Defensivos USD;USD;Irlanda;4;5;;1.69;6.11;10.72;11.01;5.59;2013-12-16;True;False;1000;2026-08-24
IE00BG800Q99;PIMCO GIS Strategic Inc E USD Inc;PIMCO GIS Strategic Income Fund E Class USD Income II;PIMCO Global Advisors (Ireland) Limited;Allocation;Cautious Allocation;Mixtos Defensivos USD;USD;Irlanda;4;5;;1.69;6.09;10.7;11.01;5.6;2013-12-16;True;False;1000;2026-08-24
LU0757359368;Schroder ISF Glbl MA Inc A Acc USD;Schroder International Selection Fund Global Multi-Asset Income A Accumulation USD;Schroder Investment Management (Europe) S.A.;Allocation;Cautious Allocation;Mixtos Defensivos USD;USD;Luxemburgo;4;4;7.97;1.25;7.07;12.98;11.51;4.92;2012-04-18;True;False;1000;2026-08-24
LU0757359954;Schroder ISF Glbl MA Inc A Dis $ MF;Schroder International Selection Fund Global Multi-Asset Income A Distribution USD MF;Schroder Investment Management (Europe) S.A.;Allocation;Cautious Allocation;Mixtos Defensivos USD;USD;Luxemburgo;4;4;1.55;1.25;7.08;12.98;11.51;4.91;2012-04-18;True;False;1000;2026-08-24
LU1417001382;UBS (Lux) SF Yield $ P-4%-mdist;UBS (Lux) Strategy Fund - Yield (USD) P-4%-mdist;UBS Asset Management (Europe) S.A.;Allocation;Cautious Allocation;Mixtos Defensivos USD;USD;Luxemburgo;4;3;1.57;1.15;5.2;9.49;9.26;3;2016-06-01;True;False;30000000;2026-08-24
LU0033043885;UBS (Lux) SF Yield $ P-acc;UBS (Lux) Strategy Fund - Yield (USD) P-acc;UBS Asset Management (Europe) S.A.;Allocation;Cautious Allocation;Mixtos Defensivos USD;USD;Luxemburgo;4;3;1.57;1.15;5.2;9.49;9.26;3;1991-09-10;True;False;5000000;2026-08-24
LU0033041590;UBS (Lux) SF Yield $ P-dist;UBS (Lux) Strategy Fund - Yield (USD) P-dist;UBS Asset Management (Europe) S.A.;Allocation;Cautious Allocation;Mixtos Defensivos USD;USD;Luxemburgo;4;3;1.57;1.15;5.21;9.5;9.26;3;1991-09-10;True;False;;2026-08-24
LU1124235240;abrdn-Diversified Income A Grs MInc EUR;abrdn SICAV I - Diversified Income Fund A Gross MInc EUR;abrdn Investments Luxembourg S.A.;Allocation;Cautious Allocation;Mixtos Defensivos USD;EUR;Luxemburgo;4;4;;1.2;6.54;7.75;6.37;4.46;2015-06-01;True;False;1000;2026-08-24
LU1124234862;abrdn-Diversified Income A Grs MInc USD;abrdn SICAV I - Diversified Income Fund A Gross MInc USD;abrdn Investments Luxembourg S.A.;Allocation;Cautious Allocation;Mixtos Defensivos USD;USD;Luxemburgo;4;5;;1.2;6.13;8.22;8.93;4.5;2015-06-01;True;False;500;2026-08-24
LU2748242042;Acacia Renta Dinamica R EUR Acc;Athenee FCP Acacia Renta Dinamica R EUR Accumulated;Andbank Asset Management Luxembourg;Allocation;Flexible Allocation;Mixtos Flexibles EUR;EUR;Luxemburgo;;;;;1.84;2.83;;;2024-02-12;True;False;0;2026-08-24
LU1966822527;Cartesio Equity R;Cartesio Funds Equity R;Cartesio Inversiones SGIIC;Allocation;Flexible Allocation;Mixtos Flexibles EUR;EUR;Luxemburgo;6;5;;1.55;11.01;16.27;17.27;10.73;2020-01-13;True;False;6000;2026-08-24
LU1097688045;Invesco Balanced-Risk Select A EUR Acc;Invesco Funds - Invesco Balanced-Risk Select Fund A Accumulation EUR;Invesco Management S.A.;Allocation;Flexible Allocation;Mixtos Flexibles EUR;EUR;Luxemburgo;5;3;;1.25;16.72;22.11;10.39;1.98;2014-08-20;True;False;1000;2026-08-24
FR0010738120;Sycomore Partners P;Sycomore Partners P;Sycomore Asset Management;Allocation;Flexible Allocation;Mixtos Flexibles EUR;EUR;Francia;4;2;1.58;1.5;4.88;7.32;3.82;1.54;2009-03-30;True;False;0;2026-08-24
LU0465917044;AXAWF Global Optimal Income A Cap EUR;AXA World Funds - Global Optimal Income A Capitalisation EUR;BNP PARIBAS ASSET MANAGEMENT Europe;Allocation;Flexible Allocation;Mixtos Flexibles EUR - Global;EUR;Luxemburgo;5;3;1.43;1.2;8.28;16.57;14.16;4.44;2013-03-08;True;False;0;2026-08-24
LU0465917127;AXAWF Global Optimal Income A Dis gr EUR;AXA World Funds - Global Optimal Income A Distribution gr EUR;BNP PARIBAS ASSET MANAGEMENT Europe;Allocation;Flexible Allocation;Mixtos Flexibles EUR - Global;EUR;Luxemburgo;5;3;;1.2;8.27;16.57;14.16;4.44;2014-02-10;True;False;0;2026-08-24
LU0465917390;AXAWF Global Optimal Income E Cap EUR;AXA World Funds - Global Optimal Income E Capitalisation EUR;BNP PARIBAS ASSET MANAGEMENT Europe;Allocation;Flexible Allocation;Mixtos Flexibles EUR - Global;EUR;Luxemburgo;5;3;1.93;1.2;7.92;15.99;13.59;3.92;2013-03-08;True;False;0;2026-08-24
DE000A0X7541;Acatis Value Event Fonds A;Acatis Value Event Fonds A;ACATIS Investment Kapitalverwaltungsgesellschaft mbH;Allocation;Flexible Allocation;Mixtos Flexibles EUR - Global;EUR;Alemania;5;3;1.8;1.8;-0.16;0.7;3.94;2.59;2008-12-15;True;False;0;2026-08-24
DE000A1T73W9;Acatis Value Event Fonds C;Acatis Value Event Fonds C;ACATIS Investment Kapitalverwaltungsgesellschaft mbH;Allocation;Flexible Allocation;Mixtos Flexibles EUR - Global;EUR;Alemania;5;3;1.8;1.8;-0.17;0.69;3.93;2.58;2013-07-10;True;False;0;2026-08-24
LU1883340595;Amundi Fds Pio Flexible Opps A EUR H C;Amundi Funds - Pioneer Flexible Opportunities A EUR Hgd (C);Amundi Luxembourg S.A.;Allocation;Flexible Allocation;Mixtos Flexibles EUR - Global;EUR;Luxemburgo;6;3;2.65;1.5;7.62;12.26;15.79;4.49;2011-11-30;True;False;1;2026-08-24
LU0211340665;BL-Global Flexible EUR B;BL-Global Flexible EUR B EUR Acc;BLI - Banque de Luxembourg Investments SA;Allocation;Flexible Allocation;Mixtos Flexibles EUR - Global;EUR;Luxemburgo;4;3;1.43;1.25;9.37;17.75;10.34;3.69;2005-06-04;True;False;0;2026-08-24
IE00B4Z6HC18;BNY Mellon Glbl Rl Ret (EUR) A Acc;BNY Mellon Global Real Return Fund (EUR) A Acc;BNY Mellon Fund Management (Lux) S.A.;Allocation;Flexible Allocation;Mixtos Flexibles EUR - Global;EUR;Irlanda;4;2;1.58;1.5;7.03;12.53;9.26;2.47;2010-03-08;True;False;5000;2026-08-24
IE00BBPRD471;BNY Mellon Glbl Rl Ret (EUR) A Inc;BNY Mellon Global Real Return Fund (EUR) A Inc;BNY Mellon Fund Management (Lux) S.A.;Allocation;Flexible Allocation;Mixtos Flexibles EUR - Global;EUR;Irlanda;4;2;1.58;1.5;7.04;12.53;9.26;2.47;2013-08-02;True;False;5000;2026-08-24
LU1496043081;Bankinter IFS Multifunds Dynam A Acc;Bankinter International Fund SICAV - Multifunds Dynam A Acc;Bankinter Luxembourg S.A.;Allocation;Flexible Allocation;Mixtos Flexibles EUR - Global;EUR;Luxemburgo;4;3;;0.05;5.72;9.57;9.24;4.24;2017-03-06;True;False;;2026-08-24
LU1496043164;Bankinter IFS Multifunds Dynam B Acc;Bankinter International Fund SICAV - Multifunds Dynam B Acc;Bankinter Luxembourg S.A.;Allocation;Flexible Allocation;Mixtos Flexibles EUR - Global;EUR;Luxemburgo;5;4;;0.05;6.02;10.05;9.71;4.69;2017-03-06;True;False;;2026-08-24
ES0115086011;Bankinter Platea Dinámico A FI;Bankinter Platea Dinámico A FI;Bankinter Gestión de Activos SGIIC;Allocation;Flexible Allocation;Mixtos Flexibles EUR - Global;EUR;España;5;4;2.56;1.25;6.05;9.73;9.47;4.84;2017-09-29;True;False;50000;2026-08-24
ES0115086003;Bankinter Platea Dinámico B FI;Bankinter Platea Dinámico B FI;Bankinter Gestión de Activos SGIIC;Allocation;Flexible Allocation;Mixtos Flexibles EUR - Global;EUR;España;5;4;2.33;1.1;6.17;9.91;9.67;5.02;2015-11-20;True;False;200000;2026-08-24
ES0115086029;Bankinter Platea Dinámico R FI;Bankinter Platea Dinámico R FI;Bankinter Gestión de Activos SGIIC;Allocation;Flexible Allocation;Mixtos Flexibles EUR - Global;EUR;España;5;4;1.86;1.35;6.49;10.44;9.99;5.13;2020-03-17;True;False;10;2026-08-24
LU0494761835;Bellevue Global Macro B EUR;Bellevue Funds (Lux) - Bellevue Global Macro B EUR;Bellevue Asset Management Ltd.;Allocation;Flexible Allocation;Mixtos Flexibles EUR - Global;EUR;Luxemburgo;4;;1.91;1.4;-0.55;1.48;;;2010-03-31;True;False;0;2026-08-24
LU2278574715;Buy & Hold Luxembourg Flexible Class 2;Buy & Hold Luxembourg B&H Flexible Class 2;Buy & Hold Capital SGIIC;Allocation;Flexible Allocation;Mixtos Flexibles EUR - Global;EUR;Luxemburgo;3;3;;1.45;2.35;3.91;6.72;3.17;2021-04-15;True;False;1;2026-08-24
LU2715954504;Carmignac Pf Inflation Solu A EUR Acc;Carmignac Portfolio Inflation Solution A EUR Acc;Carmignac Gestion Luxembourg S.A.;Allocation;Flexible Allocation;Mixtos Flexibles EUR - Global;EUR;Luxemburgo;4;;1.82;2;5.58;7.25;;;2023-12-15;True;False;0;2026-08-24
LU0159550747;DJE - Multi Asset & Trends I (EUR);DJE - Multi Asset & Trends I (EUR);DJE Investment SA;Allocation;Flexible Allocation;Mixtos Flexibles EUR - Global;EUR;Luxemburgo;5;5;1.69;1.2;5.7;11.21;11.52;5.22;2003-01-27;True;False;75000;2026-08-24
LU0599946893;DWS Concept Kaldemorgen EUR LC;DWS Concept Kaldemorgen EUR LC;DWS Investment S.A.;Allocation;Flexible Allocation;Mixtos Flexibles EUR - Global;EUR;Luxemburgo;4;3;1.54;1.5;4.06;8.02;6;3.44;2011-05-02;True;False;0;2026-08-24
LU0599946976;DWS Concept Kaldemorgen EUR LD;DWS Concept Kaldemorgen EUR LD;DWS Investment S.A.;Allocation;Flexible Allocation;Mixtos Flexibles EUR - Global;EUR;Luxemburgo;4;3;1.54;1.5;4.07;8.02;6;3.45;2011-05-02;True;False;0;2026-08-24
LU0455735596;Ethna-DYNAMISCH T;Ethna-DYNAMISCH T;ETHENEA Independent Investors S.A.;Allocation;Flexible Allocation;Mixtos Flexibles EUR - Global;EUR;Luxemburgo;4;3;2.14;1.7;7.18;16.93;12.51;4.63;2009-11-10;True;False;0;2026-08-24
LU0497415702;Eurizon Flexible Equity Strat R EUR Acc;Eurizon Fund - Flexible Equity Strategy Class Unit R EUR Accumulation;Eurizon Capital SGR SpA - Luxembourg Branch;Allocation;Flexible Allocation;Mixtos Flexibles EUR - Global;EUR;Luxemburgo;6;3;2.85;1.8;6.25;8.18;7.49;3.02;2010-07-09;True;False;500;2026-08-24
LU1431865044;Fidelity Multi Asst Dyn Infl A-Acc-EUR H;Fidelity Funds - Multi Asset Dynamic Inflation Fund A-Acc-EUR (EUR/USD hedged);FIL Investment Management (Luxembourg) S.à r.l.;Allocation;Flexible Allocation;Mixtos Flexibles EUR - Global;EUR;Luxemburgo;4;2;1.55;1.5;5.6;16.6;10.85;2.22;2016-06-30;True;False;;2026-08-24
LU1038809395;FvS Multiple Opportunities II RT;Flossbach von Storch - Multiple Opportunities II RT;Flossbach von Storch Invest S.A.;Allocation;Flexible Allocation;Mixtos Flexibles EUR - Global;EUR;Luxemburgo;5;3;1.66;1.47;1.61;4.55;5.31;2.07;2014-04-03;True;False;0;2026-08-24
LU0482498176;Invesco Balanced-Risk Allc A EUR AD;Invesco Funds - Invesco Balanced-Risk Allocation Fund A Annual Distribution EUR;Invesco Management S.A.;Allocation;Flexible Allocation;Mixtos Flexibles EUR - Global;EUR;Luxemburgo;5;2;;1.25;15.85;20.22;8.77;1.38;2010-04-28;True;False;1000;2026-08-24
LU0432616737;Invesco Balanced-Risk Allc A EUR Acc;Invesco Funds - Invesco Balanced-Risk Allocation Fund A Accumulation EUR;Invesco Management S.A.;Allocation;Flexible Allocation;Mixtos Flexibles EUR - Global;EUR;Luxemburgo;5;2;;1.25;15.88;20.24;8.77;1.39;2009-09-01;True;False;1000;2026-08-24
LU2386306141;Isatis Investment Technology B4;Isatis Investment Technology B4;Funds Avenue;Allocation;Flexible Allocation;Mixtos Flexibles EUR - Global;EUR;Luxemburgo;6;5;;2;15.02;15.89;18.72;;2023-01-17;True;False;250000;2026-08-24
LU2874078400;Isatis Investment Technology B6;Isatis Investment Technology B6;Funds Avenue;Allocation;Flexible Allocation;Mixtos Flexibles EUR - Global;EUR;Luxemburgo;;;;2.5;13.54;14.1;;;2024-12-03;True;False;10;2026-08-24
LU2971739102;Isatis Investment Technology B7;Isatis Investment Technology B7;Funds Avenue;Allocation;Flexible Allocation;Mixtos Flexibles EUR - Global;USD;Luxemburgo;;;;2;;;;;2026-03-30;True;False;;2026-08-24
LU0697242484;JPM Global Multi Strategy Inc T acc EUR;JPMorgan Funds - Global Multi Strategy Income Fund A (div) - EUR;JPMorgan Asset Management (Europe) S.à r.l.;Allocation;Flexible Allocation;Mixtos Flexibles EUR - Global;EUR;Luxemburgo;4;2;1.8;1.5;5.66;9.38;8.74;2.52;2011-11-17;True;False;35000;2026-08-24
LU1582988058;M&G (Lux) Dynamic Allocation A EUR Acc;M&G (Lux) Dynamic Allocation Fund EUR A Acc;M&G Luxembourg S.A.;Allocation;Flexible Allocation;Mixtos Flexibles EUR - Global;EUR;Luxemburgo;5;3;1.95;1.75;4.68;10.42;8.76;4.89;2018-01-16;True;False;1000;2026-08-24
LU1582988132;M&G (Lux) Dynamic Allocation A EUR Inc;M&G (Lux) Dynamic Allocation Fund EUR A Inc;M&G Luxembourg S.A.;Allocation;Flexible Allocation;Mixtos Flexibles EUR - Global;EUR;Luxemburgo;5;3;1.95;1.75;4.69;10.42;8.76;4.89;2018-01-16;True;False;1000;2026-08-24
LU0694238501;MS INVF Global Bal Rsk Contr FOF A;Morgan Stanley Investment Funds - Global Balanced Risk Control Fund of Funds A;MSIM Fund Management (Ireland) Limited;Allocation;Flexible Allocation;Mixtos Flexibles EUR - Global;EUR;Luxemburgo;4;2;2.34;2;4.69;7.96;8.07;1.89;2011-11-02;True;False;0;2026-08-24
LU1078119317;MS INVF Global Balanced Income A;Morgan Stanley Investment Funds - Global Balanced Income Fund A;MSIM Fund Management (Ireland) Limited;Allocation;Flexible Allocation;Mixtos Flexibles EUR - Global;EUR;Luxemburgo;4;3;1.74;1.5;6.35;11.43;8.25;3.5;2014-07-31;True;False;0;2026-08-24
LU1860979399;Pareturn Varianza Cervino WldInvms RBEUR;Pareturn Varianza Cervino World Investments P-B EUR Cap;Varianza Gestión SGIIC;Allocation;Flexible Allocation;Mixtos Flexibles EUR - Global;EUR;Luxemburgo;5;4;;1.5;10.55;19.15;10.88;6.05;2018-10-19;True;False;;2026-08-24
FR0011253624;R-co Valor C EUR;R-co Valor C EUR;Rothschild & Co Asset Management;Allocation;Flexible Allocation;Mixtos Flexibles EUR - Global;EUR;Francia;4;5;1.54;1.58;-1.17;7.39;12.05;7.52;1994-04-08;True;False;0;2026-08-24
FR0011261189;R-co Valor D EUR;R-co Valor D EUR;Rothschild & Co Asset Management;Allocation;Flexible Allocation;Mixtos Flexibles EUR - Global;EUR;Francia;4;5;1.54;1.58;-1.17;7.39;12.05;7.52;1994-04-08;True;False;0;2026-08-24
LU0638558717;Ruffer Total Return Intl O EUR Cap;Ruffer SICAV - Ruffer Total Return International O EUR Capitalisation;Ruffer LLP;Allocation;Flexible Allocation;Mixtos Flexibles EUR - Global;EUR;Luxemburgo;4;2;1.46;1.5;0.35;3.4;2.88;0.63;2011-07-13;True;False;1000;2026-08-24
LU2252564898;Ruffer Total Return Intl OI EUR Cap;Ruffer SICAV - Ruffer Total Return International OI EUR Capitalisation;Ruffer LLP;Allocation;Flexible Allocation;Mixtos Flexibles EUR - Global;EUR;Luxemburgo;4;2;1.42;1.5;0.37;3.44;2.91;0.66;2021-02-17;True;False;1;2026-08-24
LU0107768052;Schroder ISF Inflation Plus A Acc EUR;Schroder International Selection Fund Inflation Plus A Accumulation EUR;Schroder Investment Management (Europe) S.A.;Allocation;Flexible Allocation;Mixtos Flexibles EUR - Global;EUR;Luxemburgo;6;3;;1.5;12.1;23.28;9.38;6.39;2000-03-31;True;False;1000;2026-08-24
LU0107768136;Schroder ISF Inflation Plus B Acc EUR;Schroder International Selection Fund Inflation Plus B Accumulation EUR;Schroder Investment Management (Europe) S.A.;Allocation;Flexible Allocation;Mixtos Flexibles EUR - Global;EUR;Luxemburgo;6;3;;1.5;11.74;22.67;8.83;5.86;2000-03-31;True;False;1000;2026-08-24
LU2147879543;Tikehau Intl Crs Asts R EUR Acc;Tikehau International Cross Assets R EUR Acc;Tikehau Investment Management;Allocation;Flexible Allocation;Mixtos Flexibles EUR - Global;EUR;Luxemburgo;4;3;1.66;1.5;3.74;5.42;6.52;2.78;2020-12-31;True;False;100;2026-08-24
IE00BYV18N80;Trojan (Ireland) I EUR Acc;Trojan Funds (Ireland) plc - Trojan Fund (Ireland) I EUR Acc;Troy Asset Management Limited;Allocation;Flexible Allocation;Mixtos Flexibles EUR - Global;EUR;Irlanda;3;2;1.59;1.5;0.96;4.45;4.43;1.39;2016-08-31;True;False;250000;2026-08-24
LU2872701516;UBS (Lux) KSS Glbl Allc (USD) EURH P-acc;UBS (Lux) Key Selection SICAV - Global Allocation (USD) EUR Hedged P-acc;UBS Asset Management (Europe) S.A.;Allocation;Flexible Allocation;Mixtos Flexibles EUR - Global;EUR;Luxemburgo;5;;2.19;1.67;8.58;16.11;;;2024-09-09;True;False;;2026-08-24
LU2872701276;UBS (Lux) KSS Glbl Allc (USD) GBPH P-acc;UBS (Lux) Key Selection SICAV - Global Allocation (USD) GBP Hedged P-acc;UBS Asset Management (Europe) S.A.;Allocation;Flexible Allocation;Mixtos Flexibles GBP;GBP;Luxemburgo;5;;2.19;1.67;9.73;18.25;;;2024-09-09;True;False;;2026-08-24
LU1353746875;fLAB Fund SICAV Core H-GBP;fLAB Fund SICAV Core H-GBP;Pure Capital SA;Allocation;Flexible Allocation;Mixtos Flexibles GBP;GBP;Luxemburgo;3;2;;1.16;4.51;8.13;8.15;3.02;2016-02-17;True;False;10;2026-08-24
LU1883340322;Amundi Fds Pio Flexible Opps A EUR C;Amundi Funds - Pioneer Flexible Opportunities A EUR (C);Amundi Luxembourg S.A.;Allocation;Flexible Allocation;Mixtos Flexibles USD;EUR;Luxemburgo;6;4;3.19;1.5;9.2;13.72;15.07;7.05;2011-11-16;True;False;1;2026-08-24
LU0599947602;DWS Concept Kaldemorgen USD LCH;DWS Concept Kaldemorgen USD LCH;DWS Investment S.A.;Allocation;Flexible Allocation;Mixtos Flexibles USD;USD;Luxemburgo;4;3;1.57;1.5;5.05;9.86;7.49;5.03;2014-02-24;True;False;400000;2026-08-24
LU0251130554;Fidelity Multi Asst Dyn Infl A-Acc-EUR;Fidelity Funds - Multi Asset Dynamic Inflation Fund A-Acc-EUR;FIL Investment Management (Luxembourg) S.à r.l.;Allocation;Flexible Allocation;Mixtos Flexibles USD;EUR;Luxemburgo;4;3;1.55;1.5;7.34;18.13;10.3;4.18;2006-07-03;True;False;;2026-08-24
LU0056886558;Fidelity Multi Asst Dyn Infl A-Dis-EUR;Fidelity Funds - Multi Asset Dynamic Inflation Fund A-DIST-EUR;FIL Investment Management (Luxembourg) S.à r.l.;Allocation;Flexible Allocation;Mixtos Flexibles USD;EUR;Luxemburgo;4;3;1.55;1.5;7.35;18.15;10.29;4.18;1995-06-26;True;False;;2026-08-24
LU1280372688;FvS Multiple Opportunities II USD-RT;Flossbach von Storch - Multiple Opportunities II USD-RT;Flossbach von Storch Invest S.A.;Allocation;Flexible Allocation;Mixtos Flexibles USD;USD;Luxemburgo;5;3;1.65;1.47;2.64;6.36;6.84;3.71;2016-07-04;True;False;0;2026-08-24
LU0482498762;Invesco Balanced-Risk Allc A USDH Acc;Invesco Funds - Invesco Balanced-Risk Allocation Fund A (USD Hedged) Accumulation USD;Invesco Management S.A.;Allocation;Flexible Allocation;Mixtos Flexibles USD;USD;Luxemburgo;5;3;;1.25;17.22;22.56;10.84;3.5;2010-04-28;True;False;1500;2026-08-24
LU1582988991;M&G (Lux) Dynamic Allocation A USD H Acc;M&G (Lux) Dynamic Allocation Fund USD A-H Acc;M&G Luxembourg S.A.;Allocation;Flexible Allocation;Mixtos Flexibles USD;USD;Luxemburgo;5;4;1.97;1.75;5.86;12.58;10.85;7.01;2018-01-16;True;False;1000;2026-08-24
LU1582989023;M&G (Lux) Dynamic Allocation A USD H Inc;M&G (Lux) Dynamic Allocation Fund USD A-H Inc;M&G Luxembourg S.A.;Allocation;Flexible Allocation;Mixtos Flexibles USD;USD;Luxemburgo;5;4;1.97;1.75;5.85;12.56;10.88;7.04;2018-01-16;True;False;1000;2026-08-24
LU1099740216;MS INVF Global Bal Rsk Contr FOF AH USD;Morgan Stanley Investment Funds - Global Balanced Risk Control Fund of Funds AH (USD);MSIM Fund Management (Ireland) Limited;Allocation;Flexible Allocation;Mixtos Flexibles USD;USD;Luxemburgo;4;3;2.36;2;5.82;10.02;9.98;3.74;2014-08-18;True;False;0;2026-08-24
LU0638558980;Ruffer Total Return Intl O USD Cap;Ruffer SICAV - Ruffer Total Return International O USD Capitalisation;Ruffer LLP;Allocation;Flexible Allocation;Mixtos Flexibles USD;USD;Luxemburgo;4;2;1.46;1.5;1.46;5.41;4.81;2.52;2011-07-13;True;False;1000;2026-08-24
LU0847086583;fLAB Fund SICAV Core H-USD;fLAB Fund SICAV Core H-USD;Pure Capital SA;Allocation;Flexible Allocation;Mixtos Flexibles USD;USD;Luxemburgo;3;2;;1.16;4.57;8.34;8.46;3.54;2012-11-16;True;False;10;2026-08-24
LU0236177068;BGF Global Allocation A2 GBP Hedged;BlackRock Global Funds - Global Allocation Fund A2 GBP Hedged;BlackRock (Luxembourg) SA;Allocation;Moderate Allocation;Mixtos GBP 40-60% Renta Variable;GBP;Luxemburgo;5;3;1.77;1.5;7.32;14.83;13.28;4.55;2005-12-01;True;False;;2026-08-24
LU0271681321;Barclays MultiManager Port 3 A Acc GBP;Barclays Portfolios SICAV - Barclays MultiManager Portfolio 3 A Acc GBP;Barclays Investment Solutions Limited;Allocation;Moderate Allocation;Mixtos GBP 40-60% Renta Variable;GBP;Luxemburgo;4;3;;1.5;5.46;8.78;9.17;3.9;2008-06-05;True;False;1000;2026-08-24
LU0271686809;Barclays MultiManager Port 3 A Dis GBP;Barclays Portfolios SICAV - Barclays MultiManager Portfolio 3 A Dis GBP;Barclays Investment Solutions Limited;Allocation;Moderate Allocation;Mixtos GBP 40-60% Renta Variable;GBP;Luxemburgo;4;3;;1.5;5.46;8.78;9.17;3.9;2006-10-21;True;False;1000;2026-08-24
LU0271681750;Barclays MultiManager Port 3 C Acc GBP;Barclays Portfolios SICAV - Barclays MultiManager Portfolio 3 C Acc GBP;Barclays Investment Solutions Limited;Allocation;Moderate Allocation;Mixtos GBP 40-60% Renta Variable;GBP;Luxemburgo;4;;;1;0.36;4.48;4.37;8.46;2008-04-15;True;False;250000;2026-08-24
LU0533027347;Capital Group EM Tot Opp (LUX) B EUR;Capital Group Emerging Markets Total Opportunities (LUX) B EUR;Capital International Management Company Sàrl;Allocation;Flexible Allocation;Mixtos Global Emergentes ;EUR;Luxemburgo;4;3;0.15;1.5;5.95;10.26;7.68;3.13;2009-06-08;True;False;;2026-08-24
LU0810662568;Capital Group EM Tot Opp (LUX) Bh-EUR;Capital Group Emerging Markets Total Opportunities (LUX) Bh-EUR;Capital International Management Company Sàrl;Allocation;Flexible Allocation;Mixtos Global Emergentes ;EUR;Luxemburgo;4;2;1.65;1.5;5.04;9.51;7.91;2.06;2012-08-07;True;False;0;2026-08-24
LU0592698954;Carmignac Pf Emerg Patrim A EUR Acc;Carmignac Portfolio Emerging Patrimoine A EUR Acc;Carmignac Gestion Luxembourg S.A.;Allocation;Allocation Miscellaneous;Mixtos Global Emergentes ;EUR;Luxemburgo;5;3;1.8;1.5;12.47;23.03;10.39;4.08;2011-03-31;True;False;0;2026-08-24
LU0807690911;Carmignac Pf Emerg Patrim A EUR Ydis;Carmignac Portfolio Emerging Patrimoine A EUR Ydis;Carmignac Gestion Luxembourg S.A.;Allocation;Allocation Miscellaneous;Mixtos Global Emergentes ;EUR;Luxemburgo;4;3;1.8;1.5;12.47;23.02;10.39;4.11;2012-07-19;True;False;0;2026-08-24
LU0608808167;Templeton Em Mkts Dyn Inc A YDis EUR;Templeton Emerging Markets Dynamic Income Fund A(Ydis)EUR;Franklin Templeton International Services S.à r.l.;Allocation;Allocation Miscellaneous;Mixtos Global Emergentes ;EUR;Luxemburgo;5;5;1.85;1.5;19.27;32.32;18.08;8.67;2011-04-29;True;False;;2026-08-24
LU0049785289;UBS (Lux) SF Balanced (CHF) P-acc;UBS (Lux) Strategy Fund - Balanced (CHF) P-acc;UBS Asset Management (Europe) S.A.;Allocation;Moderate Allocation;Mixtos Moderados CHF;CHF;Luxemburgo;4;2;1.75;1.3;4.97;8.73;6.74;0.61;1994-07-01;True;False;;2026-08-24
ES0114877030;Bankinter Mixto Flexible R FI;Bankinter Mixto Flexible R FI;Bankinter Gestión de Activos SGIIC;Allocation;Moderate Allocation;Mixtos Moderados EUR;EUR;España;5;4;1.79;1.6;9.75;15.22;8.9;4.1;1997-04-16;True;False;1;2026-08-24
ES0164586010;Bankinter Premium Moderado A FI;Bankinter Premium Moderado A FI;Bankinter Gestión de Activos SGIIC;Allocation;Moderate Allocation;Mixtos Moderados EUR;EUR;España;4;3;1.32;1.15;4.4;7.46;7.57;3.47;2017-09-15;True;False;50000;2026-08-24
ES0164586002;Bankinter Premium Moderado B FI;Bankinter Premium Moderado B FI;Bankinter Gestión de Activos SGIIC;Allocation;Moderate Allocation;Mixtos Moderados EUR;EUR;España;4;3;0.82;0.65;4.73;8;8.12;4.04;2016-07-15;True;False;500000;2026-08-24
ES0164586028;Bankinter Premium Moderado D FI;Bankinter Premium Moderado D FI;Bankinter Gestión de Activos SGIIC;Allocation;Moderate Allocation;Mixtos Moderados EUR;EUR;España;4;3;1.32;1.15;4.4;7.43;7.55;3.13;2020-06-26;True;False;50000;2026-08-24
ES0164586036;Bankinter Premium Moderado R FI;Bankinter Premium Moderado R FI;Bankinter Gestión de Activos SGIIC;Allocation;Moderate Allocation;Mixtos Moderados EUR;EUR;España;4;3;1.42;1.25;4.34;7.35;7.46;3.36;2021-07-02;True;False;10000;2026-08-24
LU0261950553;Fidelity European Mlt-Asst Inc A Acc EUR;Fidelity Funds - European Multi Asset Income Fund A-Acc-EUR;FIL Investment Management (Luxembourg) S.à r.l.;Allocation;Moderate Allocation;Mixtos Moderados EUR;EUR;Luxemburgo;4;3;;1.5;3.28;5.7;7.97;2.28;2006-09-25;True;False;;2026-08-24
IE00BYYPF474;Aegon Global Diversified Inc EUR A Acc;Aegon Global Diversified Income Fund EUR A Acc;Aegon Investment Management BV;Allocation;Moderate Allocation;Mixtos Moderados EUR - Global;EUR;Irlanda;5;4;;1.05;7.97;13.41;10.88;4.85;2016-07-29;True;False;500;2026-08-24
IE00BYYPF581;Aegon Global Diversified Inc EUR A Inc;Aegon Global Diversified Income Fund EUR A Inc;Aegon Investment Management BV;Allocation;Moderate Allocation;Mixtos Moderados EUR - Global;EUR;Irlanda;5;4;;1.05;7.97;13.41;10.88;4.85;2016-07-29;True;False;500;2026-08-24
IE00BCZQ7T48;Algebris Financial Income R EUR Acc;Algebris UCITS Funds plc - Algebris Financial Income Fund R EUR Acc;Algebris (UK) Limited;Allocation;Moderate Allocation;Mixtos Moderados EUR - Global;EUR;Irlanda;5;5;1.9;1.8;5.27;9.46;17;10.68;2013-09-20;True;False;10000;2026-08-24
LU1093406186;Allianz Dyn MltAst Stgy SRI 50 AT EUR;Allianz Global Investors Fund - Allianz Dynamic Multi Asset Strategy SRI 50 AT EUR;Allianz Global Investors GmbH;Allocation;Aggressive Allocation;Mixtos Moderados EUR - Global;EUR;Luxemburgo;4;5;1.65;1.65;7.69;17.17;11.96;5.46;2014-09-03;True;False;0;2026-08-24
LU0913601281;Allianz Income and Growth AM H2 EUR;Allianz Global Investors Fund - Allianz Income and Growth AM (H2-EUR);Allianz Global Investors GmbH;Allocation;Moderate Allocation;Mixtos Moderados EUR - Global;EUR;Luxemburgo;5;3;1.5;1.5;5.14;9.31;9.5;2.88;2013-05-02;True;False;0;2026-08-24
LU1070113664;Allianz Income and Growth AT H2 EUR;Allianz Global Investors Fund - Allianz Income and Growth AT (H2-EUR);Allianz Global Investors GmbH;Allocation;Moderate Allocation;Mixtos Moderados EUR - Global;EUR;Luxemburgo;5;3;1.5;1.5;5.11;9.28;9.45;2.85;2014-08-12;True;False;0;2026-08-24
LU0352312184;Allianz Strategy 50 CT EUR;Allianz Strategy 50 CT EUR;Allianz Global Investors GmbH;Allocation;Moderate Allocation;Mixtos Moderados EUR - Global;EUR;Luxemburgo;4;3;1.35;1.5;4.89;9.85;8.97;3.05;2008-07-01;True;False;0;2026-08-24
LU1883327816;Amundi Fds Global Mlt-Asst A EUR C;Amundi Funds - Global Multi-Asset A EUR (C);Amundi Luxembourg S.A.;Allocation;Moderate Allocation;Mixtos Moderados EUR - Global;EUR;Luxemburgo;5;4;1.97;1.5;8.29;14.99;11.1;3.88;2008-12-12;True;False;1;2026-08-24
LU2183143689;Amundi Fds Global Mlt-Asst A2 EUR C;Amundi Funds - Global Multi-Asset A2 EUR (C);Amundi Luxembourg S.A.;Allocation;Moderate Allocation;Mixtos Moderados EUR - Global;EUR;Luxemburgo;4;3;2.16;1.7;8.17;14.76;10.88;3.8;2020-06-19;True;False;;2026-08-24
LU0093503497;BGF ESG Multi-Asset A2;BlackRock Global Funds - ESG Multi-Asset Fund A2;BlackRock (Luxembourg) SA;Allocation;Moderate Allocation;Mixtos Moderados EUR - Global;EUR;Luxemburgo;4;4;1.54;1.2;8.27;15.8;10.09;3.38;1999-01-04;True;False;5000;2026-08-24
LU0212925753;BGF Global Allocation A2 EUR Hedged;BlackRock Global Funds - Global Allocation Fund A2 EUR Hedged;BlackRock (Luxembourg) SA;Allocation;Moderate Allocation;Mixtos Moderados EUR - Global;EUR;Luxemburgo;5;3;1.77;1.5;6.14;12.77;11.48;3.04;2005-04-22;True;False;5000;2026-08-24
LU0240613025;BGF Global Allocation A4 EUR Hedged;BlackRock Global Funds - Global Allocation Fund A4 EUR Hedged;BlackRock (Luxembourg) SA;Allocation;Moderate Allocation;Mixtos Moderados EUR - Global;EUR;Luxemburgo;5;3;1.77;1.5;6.14;12.76;11.48;3.05;2006-01-25;True;False;5000;2026-08-24
LU1133085917;BGF Global Multi-Asset Inc A6 EUR H;BlackRock Global Funds - Global Multi-Asset Income Fund A6 EUR Hedged;BlackRock (Luxembourg) SA;Allocation;Moderate Allocation;Mixtos Moderados EUR - Global;EUR;Luxemburgo;4;2;1.78;1.5;3.48;6.11;7.33;1.21;2014-11-19;True;False;5000;2026-08-24
LU0048292634;BL-Global 50 A EUR;BL-Global 50 A EUR Inc;BLI - Banque de Luxembourg Investments SA;Allocation;Moderate Allocation;Mixtos Moderados EUR - Global;EUR;Luxemburgo;4;4;1.44;1.25;4.64;15.04;10.01;5.13;1993-10-28;True;False;0;2026-08-24
LU0048292808;BL-Global 50 B EUR;BL-Global 50 B EUR Acc;BLI - Banque de Luxembourg Investments SA;Allocation;Moderate Allocation;Mixtos Moderados EUR - Global;EUR;Luxemburgo;4;4;1.44;1.25;4.64;15.05;10.02;5.13;1993-10-28;True;False;0;2026-08-24
LU1241524708;BSF BK MyMap Plus Moderate A2 EUR;BlackRock Strategic Funds - BlackRock MyMap Plus Moderate Fund A2 EUR;BlackRock (Luxembourg) SA;Allocation;Moderate Allocation;Mixtos Moderados EUR - Global;EUR;Luxemburgo;4;3;;1;5.46;10.55;10.27;3.82;2015-06-03;True;False;5000;2026-08-24
LU1165444743;Bankinter IFS Multifunds Moderate A;Bankinter International Fund SICAV Multifunds Moderate A;Bankinter Luxembourg S.A.;Allocation;Moderate Allocation;Mixtos Moderados EUR - Global;EUR;Luxemburgo;4;2;;0.05;4;6.84;7.14;3.07;2015-06-15;True;False;1;2026-08-24
LU1165444826;Bankinter IFS Multifunds Moderate B;Bankinter International Fund SICAV Multifunds Moderate B;Bankinter Luxembourg S.A.;Allocation;Moderate Allocation;Mixtos Moderados EUR - Global;EUR;Luxemburgo;4;3;;0.05;4.26;7.27;7.58;3.5;2015-05-04;True;False;1000000;2026-08-24
ES0113257010;Bankinter Platea Moderado A FI;Bankinter Platea Moderado A FI;Bankinter Gestión de Activos SGIIC;Allocation;Moderate Allocation;Mixtos Moderados EUR - Global;EUR;España;4;3;2.15;1.15;4.14;6.72;7.02;3.08;2017-09-29;True;False;50000;2026-08-24
ES0113257002;Bankinter Platea Moderado B FI;Bankinter Platea Moderado B FI;Bankinter Gestión de Activos SGIIC;Allocation;Moderate Allocation;Mixtos Moderados EUR - Global;EUR;España;4;3;1.98;1;4.23;6.88;7.18;3.23;2015-11-20;True;False;200000;2026-08-24
ES0113257036;Bankinter Platea Moderado D FI;Bankinter Platea Moderado D FI;Bankinter Gestión de Activos SGIIC;Allocation;Moderate Allocation;Mixtos Moderados EUR - Global;EUR;España;4;3;1.7;1.25;4.4;7.14;7.31;2.9;2020-10-30;True;False;10;2026-08-24
ES0113257028;Bankinter Platea Moderado R FI;Bankinter Platea Moderado R FI;Bankinter Gestión de Activos SGIIC;Allocation;Moderate Allocation;Mixtos Moderados EUR - Global;EUR;España;4;3;1.7;1.25;4.4;7.16;7.33;3.22;2020-03-17;True;False;10;2026-08-24
LU1102542534;CT (Lux) Glbl Mlt Ast Inc AEC;CT (Lux) - Global Multi Asset Income Class AEC (EUR Distribution Hedged Shares);Threadneedle Management Luxembourg S.A.;Allocation;Moderate Allocation;Mixtos Moderados EUR - Global;EUR;Luxemburgo;5;3;1.55;1.25;5.97;9.15;9.79;3.23;2014-11-04;True;False;2500;2026-08-24
LU0640488994;CT (Lux) Glbl Mlt Ast Inc AEH;CT (Lux) - Global Multi Asset Income Class AEH (EUR Accumulation Hedged Shares);Threadneedle Management Luxembourg S.A.;Allocation;Moderate Allocation;Mixtos Moderados EUR - Global;EUR;Luxemburgo;5;3;1.55;1.25;6.01;9.2;9.78;3.23;2012-09-18;True;False;2500;2026-08-24
LU1006076209;Capital Group GlbAlloc LUX Bh-EUR;Capital Group Global Allocation Fund LUX Bh-EUR;Capital International Management Company Sàrl;Allocation;Moderate Allocation;Mixtos Moderados EUR - Global;EUR;Luxemburgo;4;4;1.54;1.4;5.85;8.15;9.3;3.22;2014-01-31;True;False;0;2026-08-24
FR0010135103;Carmignac Patrimoine A EUR Acc;Carmignac Patrimoine A EUR Acc;Carmignac Gestion;Allocation;Moderate Allocation;Mixtos Moderados EUR - Global;EUR;Francia;4;3;1.84;1.5;7.05;11.01;9.9;3.05;1989-11-07;True;False;0;2026-08-24
FR0011269588;Carmignac Patrimoine A EUR Ydis;Carmignac Patrimoine A EUR Ydis;Carmignac Gestion;Allocation;Moderate Allocation;Mixtos Moderados EUR - Global;EUR;Francia;4;3;1.84;1.5;7.06;11.14;9.95;3.1;2012-06-19;True;False;0;2026-08-24
FR0010306142;Carmignac Patrimoine E EUR Acc;Carmignac Patrimoine E EUR Acc;Carmignac Gestion;Allocation;Moderate Allocation;Mixtos Moderados EUR - Global;EUR;Francia;4;3;2.34;2;6.81;10.84;9.49;2.63;2006-07-01;True;False;0;2026-08-24
LU1163533422;Carmignac Pf Patrimoine A EUR Minc;Carmignac Portfolio Patrimoine A EUR Minc;Carmignac Gestion Luxembourg S.A.;Allocation;Moderate Allocation;Mixtos Moderados EUR - Global;EUR;Luxemburgo;3;3;1.8;1.5;7.33;11.68;9.82;3.02;2014-12-31;True;False;0;2026-08-24
LU0553169458;DJE - Zins & Dividende I (EUR);DJE - Zins & Dividende I (EUR);DJE Investment SA;Allocation;Moderate Allocation;Mixtos Moderados EUR - Global;EUR;Luxemburgo;4;4;0.87;1.42;7.06;11.52;8.69;4.24;2010-12-06;True;False;75000;2026-08-24
LU0987487336;Fidelity Glb Mlt Ast Inc A-Acc-EUR H;Fidelity Funds - Global Multi Asset Income Fund A-Acc-EUR (hedged);FIL Investment Management (Luxembourg) S.à r.l.;Allocation;Moderate Allocation;Mixtos Moderados EUR - Global;EUR;Luxemburgo;4;1;;1.5;5.97;9.58;7.96;0.7;2013-11-11;True;False;;2026-08-24
LU0987487419;Fidelity Glb Mlt Ast IncA-QInc(G)-EURH;Fidelity Funds - Global Multi Asset Income Fund A-QINCOME(G)-EUR (hedged);FIL Investment Management (Luxembourg) S.à r.l.;Allocation;Moderate Allocation;Mixtos Moderados EUR - Global;EUR;Luxemburgo;4;1;;1.5;5.98;9.63;8;0.73;2013-11-11;True;False;;2026-08-24
LU1095740319;First Eagle Amundi Income Bldr AHE-QVD;First Eagle Amundi Income Builder Fund Class AHE-QVD Shares;First Eagle Investment Management, LLC;Allocation;Moderate Allocation;Mixtos Moderados EUR - Global;EUR;Luxemburgo;4;4;1.85;1.6;9.44;17.73;11.57;5.33;2014-09-03;True;False;0;2026-08-24
LU0316494987;Franklin Glbl Fdmtl Strats A(acc)EUR-H1;Franklin Global Fundamental Strategies Fund A(acc)EUR-H1;Franklin Templeton International Services S.à r.l.;Allocation;Moderate Allocation;Mixtos Moderados EUR - Global;EUR;Luxemburgo;5;1;1.82;1.5;3.67;7.95;10.48;1.74;2007-10-25;True;False;;2026-08-24
LU0360500044;Franklin Glbl Fdmtl Strats N(acc)EUR-H1;Franklin Global Fundamental Strategies Fund N(acc)EUR-H1;Franklin Templeton International Services S.à r.l.;Allocation;Moderate Allocation;Mixtos Moderados EUR - Global;EUR;Luxemburgo;5;1;2.57;2.25;3.3;7.22;9.63;0.97;2008-05-15;True;False;;2026-08-24
LU1245471054;FvS Multi Asset Balanced ET;Flossbach von Storch - Multi Asset Balanced ET;Flossbach von Storch Invest S.A.;Allocation;Moderate Allocation;Mixtos Moderados EUR - Global;EUR;Luxemburgo;4;2;2;1.87;2;6.01;7;2.33;2015-07-13;True;False;0;2026-08-24
LU0119195963;GS Patrimonial Balanced-P Cap EUR;Goldman Sachs Patrimonial Balanced - P Cap EUR;Goldman Sachs Asset Management B.V.;Allocation;Moderate Allocation;Mixtos Moderados EUR - Global;EUR;Luxemburgo;4;4;;1.2;5.5;9.29;9.1;3.03;1977-12-23;True;False;0;2026-08-24
LU0908524779;Halley Alinea Global A;Halley Alinea Global A;Andbank Asset Management Luxembourg;Allocation;Moderate Allocation;Mixtos Moderados EUR - Global;EUR;Luxemburgo;6;3;;1.5;8.17;13.98;9.49;10.39;2013-04-02;True;False;10000;2026-08-24
LU2926252862;Halley Alinea Global A2;Halley Alinea Global A2;Andbank Asset Management Luxembourg;Allocation;Moderate Allocation;Mixtos Moderados EUR - Global;EUR;Luxemburgo;;;;0.1;8.38;14.33;;;2024-11-06;True;False;1000000;2026-08-24
LU0908524852;Halley Alinea Global B;Halley Alinea Global B;Andbank Asset Management Luxembourg;Allocation;Moderate Allocation;Mixtos Moderados EUR - Global;EUR;Luxemburgo;6;3;;1.57;8.11;13.86;9.13;10.08;2013-05-07;True;False;100;2026-08-24
LU1097688714;Invesco Global Income A EUR Acc;Invesco Funds - Invesco Global Income Fund A Accumulation EUR;Invesco Management S.A.;Allocation;Moderate Allocation;Mixtos Moderados EUR - Global;EUR;Luxemburgo;4;4;;1.25;5.59;7.75;9.37;4.43;2014-11-12;True;False;1000;2026-08-24
LU1097688805;Invesco Global Income A EUR QD-GI;Invesco Funds - Invesco Global Income Fund A Quarterly Distribution-Gross Income EUR;Invesco Management S.A.;Allocation;Moderate Allocation;Mixtos Moderados EUR - Global;EUR;Luxemburgo;4;4;;1.25;5.59;7.74;9.36;4.43;2014-11-12;True;False;1000;2026-08-24
LU0740858229;JPM Global Income A acc EUR;JPMorgan Investment Funds - Global Income Fund A (acc) EUR;JPMorgan Asset Management (Europe) S.à r.l.;Allocation;Moderate Allocation;Mixtos Moderados EUR - Global;EUR;Luxemburgo;4;2;1.4;1.25;6.41;10.13;9.19;2.63;2012-03-01;True;False;35000;2026-08-24
LU0395794307;JPM Global Income A div EUR;JPMorgan Investment Funds - Global Income Fund A (div) EUR;JPMorgan Asset Management (Europe) S.à r.l.;Allocation;Moderate Allocation;Mixtos Moderados EUR - Global;EUR;Luxemburgo;4;2;1.4;1.25;6.41;10.13;9.19;2.63;2008-12-11;True;False;35000;2026-08-24
LU0740858492;JPM Global Income D acc EUR;JPMorgan Investment Funds - Global Income Fund D (acc) EUR;JPMorgan Asset Management (Europe) S.à r.l.;Allocation;Moderate Allocation;Mixtos Moderados EUR - Global;EUR;Luxemburgo;4;2;1.75;1.25;6.17;9.75;8.81;2.27;2012-03-01;True;False;5000;2026-08-24
LU0404220724;JPM Global Income D div EUR;JPMorgan Investment Funds - Global Income Fund D (div) EUR;JPMorgan Asset Management (Europe) S.à r.l.;Allocation;Moderate Allocation;Mixtos Moderados EUR - Global;EUR;Luxemburgo;4;2;1.75;1.25;6.18;9.76;8.81;2.27;2009-07-08;True;False;5000;2026-08-24
LU0070212591;JPMGlobal Balanced A acc EUR;JPMorgan Investment Funds - Global Balanced Fund A (acc) - EUR;JPMorgan Asset Management (Europe) S.à r.l.;Allocation;Moderate Allocation;Mixtos Moderados EUR - Global;EUR;Luxemburgo;4;3;1.65;1.45;3.85;8.35;8.6;1.86;1995-07-18;True;False;35000;2026-08-24
LU0247991317;JPMGlobal Balanced A dist EUR;JPMorgan Investment Funds - Global Balanced Fund A (dist) - EUR;JPMorgan Asset Management (Europe) S.à r.l.;Allocation;Moderate Allocation;Mixtos Moderados EUR - Global;EUR;Luxemburgo;4;3;1.65;1.45;3.85;8.36;8.6;1.85;2006-05-15;True;False;35000;2026-08-24
LU0115099839;JPMGlobal Balanced D acc EUR;JPMorgan Investment Funds - Global Balanced Fund D (acc) - EUR;JPMorgan Asset Management (Europe) S.à r.l.;Allocation;Moderate Allocation;Mixtos Moderados EUR - Global;EUR;Luxemburgo;4;2;2.15;1.45;3.52;7.82;8.06;1.34;2002-07-10;True;False;5000;2026-08-24
IE0009514989;Janus Henderson Balanced A2 HEUR;Janus Henderson Capital Funds plc - Balanced Fund Class A2 HEUR;Janus Henderson Investors;Allocation;Moderate Allocation;Mixtos Moderados EUR - Global;EUR;Irlanda;5;4;1.9;1;3.26;7.16;10.69;3.44;1999-12-31;True;False;2500;2026-08-24
IE00B83BYG91;Janus Henderson Balanced A5m HEUR;Janus Henderson Capital Funds plc - Balanced Fund Class A5m HEUR;Janus Henderson Investors;Allocation;Moderate Allocation;Mixtos Moderados EUR - Global;EUR;Irlanda;5;4;1.9;1;3.24;7.16;10.7;3.45;2013-10-01;True;False;2500;2026-08-24
LU1582984818;M&G (Lux) Income Allocation A EUR Acc;M&G (Lux) Income Allocation Fund EUR A Acc;M&G Luxembourg S.A.;Allocation;Moderate Allocation;Mixtos Moderados EUR - Global;EUR;Luxemburgo;4;2;1.72;1.5;4.45;9.87;6.04;1.98;2018-01-16;True;False;1000;2026-08-24
LU1582984909;M&G (Lux) Income Allocation A EUR Inc;M&G (Lux) Income Allocation Fund EUR A Inc;M&G Luxembourg S.A.;Allocation;Moderate Allocation;Mixtos Moderados EUR - Global;EUR;Luxemburgo;5;2;1.72;1.5;4.45;9.87;6.04;1.98;2018-01-16;True;False;1000;2026-08-24
LU1582985039;M&G (Lux) Income Allocation A Q EUR Inc;M&G (Lux) Income Allocation Fund EUR A Q Inc;M&G Luxembourg S.A.;Allocation;Moderate Allocation;Mixtos Moderados EUR - Global;EUR;Luxemburgo;5;2;1.72;1.5;4.45;9.87;6.04;1.98;2018-01-16;True;False;1000;2026-08-24
LU1900799617;M&G (Lux) Sustainable Allc A EUR Acc;M&G (Lux) Sustainable Allocation Fund EUR A Acc;M&G Luxembourg S.A.;Allocation;Moderate Allocation;Mixtos Moderados EUR - Global;EUR;Luxemburgo;4;1;1.73;1.5;3.82;6.94;5.88;0.97;2018-12-04;True;False;;2026-08-24
LU1123736917;MFS Meridian Global Total Ret AH1 EUR;MFS Meridian Funds - Global Total Return Fund AH1 EUR;MFS Investment Management Company (Lux) S.à.r.l;Allocation;Moderate Allocation;Mixtos Moderados EUR - Global;EUR;Luxemburgo;5;2;1.9;1.05;8.28;11.03;9.08;2.34;2014-12-05;True;False;4000;2026-08-24
LU1442549298;MFS Meridian Prudent Capital AH1 EUR;MFS Meridian Funds - Prudent Capital Fund AH1 EUR;MFS Investment Management Company (Lux) S.à.r.l;Allocation;Moderate Allocation;Mixtos Moderados EUR - Global;EUR;Luxemburgo;4;1;;1.05;2.03;0.67;7.54;1.37;2016-11-02;True;False;4000;2026-08-24
IE00BRJT7613;Man TargetRisk D H EUR;Man Funds VI plc - Man TargetRisk D H EUR;Man Group Ltd;Allocation;Moderate Allocation;Mixtos Moderados EUR - Global;EUR;Irlanda;5;1;1.69;1.5;7.27;16.41;8;1.49;2016-08-18;True;False;1000;2026-08-24
LU0255639139;Nordea 1 - Stable Return AP EUR;Nordea 1 - Stable Return Fund AP EUR;Nordea Investment Funds SA;Allocation;Moderate Allocation;Mixtos Moderados EUR - Global;EUR;Luxemburgo;4;1;1.8;1.5;0.78;0.79;1.26;-0.86;2006-06-30;True;False;0;2026-08-24
LU0227384020;Nordea 1 - Stable Return BP EUR;Nordea 1 - Stable Return Fund BP EUR;Nordea Investment Funds SA;Allocation;Moderate Allocation;Mixtos Moderados EUR - Global;EUR;Luxemburgo;4;1;1.8;1.5;0.78;0.79;1.26;-0.86;2005-11-02;True;False;0;2026-08-24
LU1481479811;Olea Investment Netrl Inversiones A Cap;Olea Investment Fund - Olea Neutral Inversiones A Cap;Olea Gestión de Activos SGIIC;Allocation;Moderate Allocation;Mixtos Moderados EUR - Global;EUR;Luxemburgo;4;4;;1.4;2.06;4.88;7.36;4.26;2018-09-24;True;False;1;2026-08-24
IE00B4YYY703;PIMCO GIS Bal Inc & Gr E EURH Acc;PIMCO GIS Balanced Income and Growth Fund E Class EUR (Hedged) Accumulation;PIMCO Global Advisors (Ireland) Limited;Allocation;Moderate Allocation;Mixtos Moderados EUR - Global;EUR;Irlanda;4;4;;2.5;11.71;19.51;15.29;5.52;2009-06-22;True;False;;2026-08-24
FR0013367265;R-co Valor Balanced C EUR;R-co Valor Balanced C EUR;Rothschild & Co Asset Management;Allocation;Moderate Allocation;Mixtos Moderados EUR - Global;EUR;Francia;3;3;1.35;1.3;-0.64;4.33;8.67;3.98;2018-10-26;True;False;0;2026-08-24
LU0208341536;SWC (LU) PF Sust Balanced (EUR) AT;Swisscanto (LU) Portfolio Fund - Swisscanto (LU) Portfolio Fund Sustainable Balanced (EUR) AT;Swisscanto Asset Management International S.A.;Allocation;Moderate Allocation;Mixtos Moderados EUR - Global;EUR;Luxemburgo;4;4;1.5;1.45;9;13.65;10.2;3.55;2005-03-07;True;False;100;2026-08-24
LU0316492858;Templeton Glbl Val and Inc A (Acc) EURH1;Templeton Global Value and Income Fund A (Acc) EUR -H1;Franklin Templeton International Services S.à r.l.;Allocation;Moderate Allocation;Mixtos Moderados EUR - Global;EUR;Luxemburgo;6;4;1.65;1.3;16.63;25.04;14.6;6.13;2007-09-03;True;False;;2026-08-24
LU0049785446;UBS (Lux) SF Balanced (EUR) P-acc;UBS (Lux) Strategy Fund - Balanced (EUR) P-acc;UBS Asset Management (Europe) S.A.;Allocation;Moderate Allocation;Mixtos Moderados EUR - Global;EUR;Luxemburgo;4;3;1.78;1.3;6.34;10.39;9.27;2.5;1994-07-01;True;False;3000000;2026-08-24
LU0820561818;Allianz Income and Growth AM USD;Allianz Global Investors Fund - Allianz Income and Growth AM USD;Allianz Global Investors GmbH;Allocation;Moderate Allocation;Mixtos Moderados USD;USD;Luxemburgo;5;4;1.5;1.5;6.33;11.48;11.51;4.95;2012-10-16;True;False;0;2026-08-24
LU0689472784;Allianz Income and Growth AT USD;Allianz Global Investors Fund - Allianz Income and Growth AT USD;Allianz Global Investors GmbH;Allocation;Moderate Allocation;Mixtos Moderados USD;USD;Luxemburgo;5;4;1.5;1.5;6.33;11.48;11.51;4.95;2011-11-18;True;False;0;2026-08-24
LU0494093205;BGF ESG Multi-Asset A2 USD H;BlackRock Global Funds - ESG Multi-Asset Fund A2 USD Hedged;BlackRock (Luxembourg) SA;Allocation;Moderate Allocation;Mixtos Moderados USD;USD;Luxemburgo;4;4;1.54;1.2;9.6;18.1;12.13;5.35;2010-04-16;True;False;5000;2026-08-24
LU0072462426;BGF Global Allocation A2;BlackRock Global Funds - Global Allocation Fund A2;BlackRock (Luxembourg) SA;Allocation;Moderate Allocation;Mixtos Moderados USD;USD;Luxemburgo;5;4;1.77;1.5;7.63;15.32;13.85;5.48;1997-01-03;True;False;5000;2026-08-24
LU0171283459;BGF Global Allocation A2 EUR;BlackRock Global Funds - Global Allocation Fund A2 EUR;BlackRock (Luxembourg) SA;Allocation;Moderate Allocation;Mixtos Moderados USD;EUR;Luxemburgo;5;4;1.77;1.5;8.06;14.69;11.21;5.48;1997-01-03;True;False;;2026-08-24
LU0147396450;BGF Global Allocation E2;BlackRock Global Funds - Global Allocation Fund E2;BlackRock (Luxembourg) SA;Allocation;Moderate Allocation;Mixtos Moderados USD;USD;Luxemburgo;5;3;2.27;1.5;7.29;14.74;13.29;4.96;2002-07-01;True;False;5000;2026-08-24
LU0784385840;BGF Global Multi-Asset Inc A2;BlackRock Global Funds - Global Multi-Asset Income Fund A2;BlackRock (Luxembourg) SA;Allocation;Moderate Allocation;Mixtos Moderados USD;USD;Luxemburgo;4;2;1.78;1.5;4.68;8.36;9.52;3.42;2012-06-28;True;False;5000;2026-08-24
LU1162516477;BGF Global Multi-Asset Inc A2 EUR;BlackRock Global Funds - Global Multi-Asset Income Fund A2 EUR;BlackRock (Luxembourg) SA;Allocation;Moderate Allocation;Mixtos Moderados USD;EUR;Luxemburgo;4;2;1.78;1.5;5.09;7.77;6.98;3.4;2012-06-28;True;False;;2026-08-24
LU0784384876;BGF Global Multi-Asset Inc A6;BlackRock Global Funds - Global Multi-Asset Income Fund A6;BlackRock (Luxembourg) SA;Allocation;Moderate Allocation;Mixtos Moderados USD;USD;Luxemburgo;4;2;1.78;1.5;4.76;8.44;9.52;3.44;2012-06-28;True;False;5000;2026-08-24
LU0553821405;Barclays MultiManager Port 3 A Acc USD;Barclays Portfolios SICAV - Barclays MultiManager Portfolio 3 A Acc USD;Barclays Investment Solutions Limited;Allocation;Moderate Allocation;Mixtos Moderados USD;USD;Luxemburgo;4;3;;1.5;5.41;8.73;9.26;4.08;2010-12-10;True;False;;2026-08-24
LU0553821827;Barclays MultiManager Port 3 C Acc USD;Barclays Portfolios SICAV - Barclays MultiManager Portfolio 3 C Acc USD;Barclays Investment Solutions Limited;Allocation;Moderate Allocation;Mixtos Moderados USD;USD;Luxemburgo;4;4;;1;5.75;9.27;9.8;4.6;2013-01-28;True;False;;2026-08-24
LU2343843681;Capital Group AMBAL (LUX) B;Capital Group American Balanced Fund (LUX) B;Capital International Management Company Sàrl;Allocation;Moderate Allocation;Mixtos Moderados USD;USD;Luxemburgo;5;5;1.45;1.3;9.26;17.54;15.69;7.76;2021-07-27;True;False;0;2026-08-24
LU2359297087;Capital Group AMBAL (LUX) B EUR;Capital Group American Balanced Fund (LUX) B EUR;Capital International Management Company Sàrl;Allocation;Moderate Allocation;Mixtos Moderados USD;EUR;Luxemburgo;5;5;1.45;1.3;9.94;16.84;13.03;7.8;2021-07-27;True;False;;2026-08-24
LU1006075656;Capital Group GlbAlloc LUX B;Capital Group Global Allocation Fund LUX B;Capital International Management Company Sàrl;Allocation;Moderate Allocation;Mixtos Moderados USD;EUR;Luxemburgo;4;3;1.54;1.4;7.04;8.6;8.36;3.95;2014-01-31;True;False;0;2026-08-24
LU1006075227;Capital Group GlbAlloc LUX B USD;Capital Group Global Allocation Fund LUX B USD;Capital International Management Company Sàrl;Allocation;Moderate Allocation;Mixtos Moderados USD;USD;Luxemburgo;4;3;1.54;1.4;6.34;9.29;10.91;3.91;2014-01-31;True;False;0;2026-08-24
FR0011269067;Carmignac Patrimoine A USD Acc Hdg;Carmignac Patrimoine A USD Acc Hdg;Carmignac Gestion;Allocation;Moderate Allocation;Mixtos Moderados USD;USD;Francia;4;3;1.84;1.5;7.88;12.53;11.23;4.42;2012-06-19;True;False;50000000;2026-08-24
LU1116430247;Fidelity Glb Mlt Ast Inc A-Acc-EUR;Fidelity Funds - Global Multi Asset Income Fund A-Acc-EUR;FIL Investment Management (Luxembourg) S.à r.l.;Allocation;Moderate Allocation;Mixtos Moderados USD;EUR;Luxemburgo;4;2;;1.5;7.84;11.08;7.15;2;2014-10-08;True;False;;2026-08-24
LU0905233846;Fidelity Glb Mlt Ast Inc A-Acc-USD;Fidelity Funds - Global Multi Asset Income Fund A-Acc-USD;FIL Investment Management (Luxembourg) S.à r.l.;Allocation;Moderate Allocation;Mixtos Moderados USD;USD;Luxemburgo;4;2;;1.5;7.37;11.87;9.72;1.99;2013-03-27;True;False;2500;2026-08-24
LU1333218029;Fidelity Glb Mlt Ast Inc A-EUR;Fidelity Funds - Global Multi Asset Income Fund A-EUR;FIL Investment Management (Luxembourg) S.à r.l.;Allocation;Moderate Allocation;Mixtos Moderados USD;EUR;Luxemburgo;4;2;;1.5;7.87;11.12;7.17;2.01;2015-12-21;True;False;;2026-08-24
LU1095739816;First Eagle Amundi Income Builder AU-C;First Eagle Amundi Income Builder Fund Class AU-C Shares;First Eagle Investment Management, LLC;Allocation;Moderate Allocation;Mixtos Moderados USD;USD;Luxemburgo;4;4;4.19;1.6;9.19;18.09;13.23;7.32;2014-09-03;True;False;0;2026-08-24
LU0316494805;Franklin Glbl Fdmtl Strats A(acc)EUR;Franklin Global Fundamental Strategies Fund A(acc)EUR;Franklin Templeton International Services S.à r.l.;Allocation;Moderate Allocation;Mixtos Moderados USD;EUR;Luxemburgo;5;2;1.82;1.5;5.83;9.81;10.14;4.33;2007-10-25;True;False;;2026-08-24
LU0762807625;JPM Global Income A acc USD Hdg;JPMorgan Investment Funds - Global Income Fund A (acc) USD (hedged);JPMorgan Asset Management (Europe) S.à r.l.;Allocation;Moderate Allocation;Mixtos Moderados USD;USD;Luxemburgo;4;3;1.42;1.25;7.73;12.4;11.32;4.79;2012-05-30;True;False;35000;2026-08-24
LU0726765562;JPM Global Income A div USD Hdg;JPMorgan Investment Funds - Global Income Fund A (div) USD (hedged);JPMorgan Asset Management (Europe) S.à r.l.;Allocation;Moderate Allocation;Mixtos Moderados USD;USD;Luxemburgo;4;3;1.41;1.25;7.74;12.41;11.34;4.81;2012-01-13;True;False;35000;2026-08-24
LU0762814597;JPM Global Income D acc USD Hdg;JPMorgan Investment Funds - Global Income Fund D (acc) USD (hedged);JPMorgan Asset Management (Europe) S.à r.l.;Allocation;Moderate Allocation;Mixtos Moderados USD;USD;Luxemburgo;4;3;1.77;1.25;7.49;12.01;10.94;4.43;2012-05-30;True;False;5000;2026-08-24
LU0957039414;JPMGlobal Balanced A acc USD Hdg;JPMorgan Investment Funds - Global Balanced Fund A (acc) - USD (hedged);JPMorgan Asset Management (Europe) S.à r.l.;Allocation;Moderate Allocation;Mixtos Moderados USD;USD;Luxemburgo;4;3;1.65;1.45;5.22;10.68;10.69;4.03;2013-11-20;True;False;35000;2026-08-24
LU0957040008;JPMGlobal Balanced D acc USD Hdg;JPMorgan Investment Funds - Global Balanced Fund D (acc) - USD (hedged);JPMorgan Asset Management (Europe) S.à r.l.;Allocation;Moderate Allocation;Mixtos Moderados USD;USD;Luxemburgo;4;3;2.15;1.45;4.88;10.12;10.13;3.5;2013-11-20;True;False;5000;2026-08-24
IE0004445015;Janus Henderson Balanced A2 USD;Janus Henderson Capital Funds plc - Balanced Fund Class A2 USD;Janus Henderson Investors;Allocation;Moderate Allocation;Mixtos Moderados USD;USD;Irlanda;5;5;1.9;1;4.58;9.44;12.84;5.64;1998-12-24;True;False;2500;2026-08-24
LU1582986359;M&G (Lux) Income Allocation A USD H Acc;M&G (Lux) Income Allocation Fund USD A-H Acc;M&G Luxembourg S.A.;Allocation;Moderate Allocation;Mixtos Moderados USD;USD;Luxemburgo;5;3;1.74;1.5;5.67;12.06;8.04;4.03;2018-01-16;True;False;1000;2026-08-24
LU0219418836;MFS Meridian Global Total Ret A1 EUR;MFS Meridian Funds - Global Total Return Fund A1 EUR;MFS Investment Management Company (Lux) S.à.r.l;Allocation;Moderate Allocation;Mixtos Moderados USD;EUR;Luxemburgo;4;3;1.84;1.05;10.12;12.52;8.83;4.63;2005-09-26;True;False;4000;2026-08-24
LU0219441499;MFS Meridian Global Total Ret A1 USD;MFS Meridian Funds - Global Total Return Fund A1 USD;MFS Investment Management Company (Lux) S.à.r.l;Allocation;Moderate Allocation;Mixtos Moderados USD;USD;Luxemburgo;5;3;1.84;1.05;9.45;13.22;11.39;4.61;2001-01-31;True;False;5000;2026-08-24
LU1442549025;MFS Meridian Prudent Capital A1 EUR;MFS Meridian Funds - Prudent Capital Fund A1 EUR;MFS Investment Management Company (Lux) S.à.r.l;Allocation;Moderate Allocation;Mixtos Moderados USD;EUR;Luxemburgo;4;2;1.92;1.05;3.98;2.12;7.15;3.57;2016-11-02;True;False;4000;2026-08-24
LU1442548993;MFS Meridian Prudent Capital A1 USD;MFS Meridian Funds - Prudent Capital Fund A1 USD;MFS Investment Management Company (Lux) S.à.r.l;Allocation;Moderate Allocation;Mixtos Moderados USD;USD;Luxemburgo;4;2;;1.05;3.33;2.76;9.69;3.56;2016-11-02;True;False;5000;2026-08-24
IE00BRJT7498;Man TargetRisk D USD;Man Funds VI plc - Man TargetRisk D USD;Man Group Ltd;Allocation;Moderate Allocation;Mixtos Moderados USD;USD;Irlanda;5;2;1.69;1.5;8.55;18.89;10.18;3.6;2016-09-07;True;False;1000;2026-08-24
LU1032955483;Nordea 1 - Stable Return HB USD;Nordea 1 - Stable Return Fund HB USD;Nordea Investment Funds SA;Allocation;Moderate Allocation;Mixtos Moderados USD;USD;Luxemburgo;4;1;;1.5;2;2.9;3.19;1.02;2014-02-20;True;False;;2026-08-24
IE00B4YYXB79;PIMCO GIS Bal Inc & Gr E USD Acc;PIMCO GIS Balanced Income and Growth Fund E Class USD Accumulation;PIMCO Global Advisors (Ireland) Limited;Allocation;Moderate Allocation;Mixtos Moderados USD;USD;Irlanda;5;4;;2.5;12.92;21.62;17.29;6.97;2009-06-22;True;False;1000;2026-08-24
LU0195953822;Templeton Glbl Val and Inc A (Acc) EUR;Templeton Global Value and Income Fund A (Acc) EUR;Franklin Templeton International Services S.à r.l.;Allocation;Moderate Allocation;Mixtos Moderados USD;EUR;Luxemburgo;5;5;1.65;1.3;18.92;27.01;14.27;8.81;2004-12-13;True;False;;2026-08-24
LU0052756011;Templeton Glbl Val and Inc A (Qdis) USD;Templeton Global Value and Income Fund A (Qdis) USD;Franklin Templeton International Services S.à r.l.;Allocation;Moderate Allocation;Mixtos Moderados USD;USD;Luxemburgo;5;5;1.65;1.3;18.2;27.84;16.94;8.76;1994-06-01;True;False;1000;2026-08-24
LU0049785792;UBS (Lux) SF Balanced $ P-acc;UBS (Lux) Strategy Fund - Balanced (USD) P-acc;UBS Asset Management (Europe) S.A.;Allocation;Moderate Allocation;Mixtos Moderados USD;USD;Luxemburgo;4;3;1.76;1.3;7.23;12.61;11.44;4.36;1994-07-01;True;False;;2026-08-24
LU2820609738;UBS (Lux) SF Balanced (EUR) USD H P-acc;UBS (Lux) Strategy Fund - Balanced (EUR) (USD hedged) P-acc;UBS Asset Management (Europe) S.A.;Allocation;Moderate Allocation;Mixtos Moderados USD;USD;Luxemburgo;4;;1.83;1.34;7.53;12.53;;;2024-07-18;True;False;;2026-08-24
LU1157401487;AXAWF Global Flexible Prpty A Dis grEURH;AXA World Funds - Global Flexible Property A Distribution gr EUR (Hedged);BNP PARIBAS ASSET MANAGEMENT Europe;Allocation;Allocation Miscellaneous;Mixtos Otros;EUR;Luxemburgo;5;;1.66;1.4;5.64;6.27;5.55;-0.45;2015-06-09;True;False;0;2026-08-24
LU0638558808;Ruffer Total Return Intl O CHF Cap;Ruffer SICAV - Ruffer Total Return International O CHF Capitalisation;Ruffer LLP;Allocation;Flexible Allocation;Mixtos Otros;CHF;Luxemburgo;4;;1.46;1.5;-1.1;1.12;0.43;-1.09;2011-07-13;True;False;1000;2026-08-24
LU0608807789;Templeton Em Mkts Dyn Inc A Acc EUR-H1;Templeton Emerging Markets Dynamic Income Fund A(acc)EUR-H1;Franklin Templeton International Services S.à r.l.;Allocation;Allocation Miscellaneous;Mixtos Otros;EUR;Luxemburgo;6;;1.85;1.5;16.81;30.14;18.36;5.87;2011-04-29;True;False;;2026-08-24
LU0608808241;Templeton Em Mkts Dyn IncA YDis EUR-H1;Templeton Emerging Markets Dynamic Income Fund A(Ydis)EUR-H1;Franklin Templeton International Services S.à r.l.;Allocation;Allocation Miscellaneous;Mixtos Otros;EUR;Luxemburgo;5;;1.85;1.5;16.78;30.29;18.34;5.84;2011-04-29;True;False;;2026-08-24
LU2872700971;UBS (Lux) KSS Glbl Allc (USD) CADH P-acc;UBS (Lux) Key Selection SICAV - Global Allocation (USD) CAD Hedged P-acc;UBS Asset Management (Europe) S.A.;Allocation;Flexible Allocation;Mixtos Otros;CAD;Luxemburgo;5;;2.19;1.67;8.72;16.43;;;2024-10-18;True;False;;2026-08-24
FR0010016477;Candriam Index Arbitrage Classique EUR;Candriam Index Arbitrage Classique en EUR;Candriam;Alternative Strategies;Market Neutral;Alternativo Arbitraje Valor-Relativo;EUR;Francia;3;;0.4;0.8;-0.92;0.36;2.29;1.57;2003-09-09;True;False;0;2026-08-24
IE00BFZ4RX34;Lazard Rathmore Alternative BP Acc EUR H;Lazard Rathmore Alternative Fund BP Acc EUR Hedged;Lazard Fund Managers (Ireland) Ltd;Alternative Strategies;Market Neutral;Alternativo Arbitraje Valor-Relativo;EUR;Irlanda;3;;2.6;2.5;2.71;4.7;4.67;1.79;2019-09-20;True;False;1000;2026-08-24
IE00B9DCSJ09;Amundi Tiedemann Arbitrage Strat A EUR;Amundi Alternative Funds PLC - Amundi Tiedemann Arbitrage Strategy Fund A EUR;Amundi Asset Management;Alternative Strategies;Market Neutral;Alternativo Event Driven;EUR;Irlanda;5;;;1.25;1.71;4.42;4.24;2.18;2013-08-06;True;False;10000;2026-08-24
LU1376384878;BSF Global Event Driven A2 EUR H;BlackRock Strategic Funds - Global Event Driven Fund A2 EUR Hedged;BlackRock (Luxembourg) SA;Alternative Strategies;Market Neutral;Alternativo Event Driven;EUR;Luxemburgo;4;;;1.5;1.75;3.73;4.17;1.52;2016-03-08;True;False;5000;2026-08-24
LU1251620883;BSF Global Event Driven A2 USD;BlackRock Strategic Funds - Global Event Driven Fund A2 USD;BlackRock (Luxembourg) SA;Alternative Strategies;Market Neutral;Alternativo Event Driven;USD;Luxemburgo;4;;;1.5;2.87;5.72;6.22;3.64;2015-08-05;True;False;5000;2026-08-24
FR0000438707;Candriam Risk Arbitrage C;Candriam Risk Arbitrage C;Candriam;Alternative Strategies;Market Neutral;Alternativo Event Driven;EUR;Francia;3;;;0.8;1;1.72;3.97;1.77;1996-03-28;True;False;0;2026-08-24
LU2551291557;GAM Multistock-Global Special Sits B EUR;GAM Multistock - Global Special Situations B EUR;GAM (Luxembourg) SA;Alternative Strategies;Market Neutral;Alternativo Event Driven;EUR;Luxemburgo;4;;;1.35;-3.26;-2.23;2.07;1.52;2023-01-26;True;False;0;2026-08-24
LU0687943661;GAMCO Intl SICAV Merger Arbtrg A (EUR);GAMCO International SICAV - GAMCO Merger Arbitrage A (EUR);Gabelli Funds LLC;Alternative Strategies;Market Neutral;Alternativo Event Driven;EUR;Luxemburgo;4;;1.53;1.5;1.46;2.96;4.75;2.9;2011-09-30;True;False;;2026-08-24
LU0687943745;GAMCO Intl SICAV Merger Arbtrg A (USD);GAMCO International SICAV - GAMCO Merger Arbitrage A (USD);Gabelli Funds LLC;Alternative Strategies;Market Neutral;Alternativo Event Driven;USD;Luxemburgo;4;;2.72;1.5;2.21;4.41;6.48;4.66;2011-09-30;True;False;1000;2026-08-24
LU0912262275;Helium Fund Performance B EUR;Helium Fund - Helium Performance B EUR;SYQUANT CAPITAL SAS;Alternative Strategies;Market Neutral;Alternativo Event Driven;EUR;Luxemburgo;3;;2.37;2;2.38;4.2;4.88;3.72;2013-05-31;True;False;5000;2026-08-24
LU0851818400;Man Trend Alternative DN H EUR Acc;Man Umbrella SICAV - Man Trend Alternative DN H EUR Acc;Man Group Ltd;Alternative Strategies;Alternative Miscellaneous;Alternativo Futuros Gestionados EUR;EUR;Luxemburgo;6;2;2.26;2;12.37;39.13;1.63;0.82;2013-05-28;True;False;100000;2026-08-24
LU1293073745;Schroder GAIA BlueTrend A Acc EUR Hedged;Schroder GAIA BlueTrend A Accumulation EUR Hedged;Schroder Investment Management (Europe) S.A.;Alternative Strategies;Alternative Miscellaneous;Alternativo Futuros Gestionados EUR;EUR;Luxemburgo;7;2;2.03;1.6;5.63;23.81;-1.64;0.92;2015-12-09;True;False;;2026-08-24
LU1293073232;Schroder GAIA BlueTrend A Acc USD;Schroder GAIA BlueTrend A Accumulation USD;Schroder Investment Management (Europe) S.A.;Alternative Strategies;Alternative Miscellaneous;Alternativo Futuros Gestionados USD;USD;Luxemburgo;7;2;;1.6;7;26.63;0.23;2.48;2015-12-09;True;False;10000;2026-08-24
LU0411704413;BSF European Absolute Return A2 EUR;BlackRock Strategic Funds - European Absolute Return Fund A2 EUR;BlackRock (Luxembourg) SA;Alternative Strategies;Market Neutral;Alternativo Market Neutral - RV EUR;EUR;Luxemburgo;4;2;;1.5;-3.54;-1.47;1.8;0.81;2009-02-27;True;False;5000;2026-08-24
LU0414668557;BSF European Absolute Return A4 EUR;BlackRock Strategic Funds - European Absolute Return Fund A4 EUR;BlackRock (Luxembourg) SA;Alternative Strategies;Market Neutral;Alternativo Market Neutral - RV EUR;EUR;Luxemburgo;4;2;;1.5;-3.55;-1.47;1.81;0.81;2009-02-27;True;False;5000;2026-08-24
LU1508158430;BSF Systematic APAC Eq Abs Rt A2 EUR H;BlackRock Strategic Fds - BlackRock Systematic Asia Pacific Equity Absolute Return Fd A2 EUR Hedged;BlackRock (Luxembourg) SA;Alternative Strategies;Market Neutral;Alternativo Market Neutral - RV EUR;EUR;Luxemburgo;4;5;2.58;1.5;3.57;5.53;11.9;9.31;2017-02-22;True;False;;2026-08-24
LU0725892466;BSF Systematic US Eq Abs Ret A2 EUR H;BlackRock Strategic Funds - Systematic US Equity Absolute Return Fund A2 EUR Hedged;BlackRock (Luxembourg) SA;Alternative Strategies;Market Neutral;Alternativo Market Neutral - RV EUR;EUR;Luxemburgo;4;4;;1.5;8.34;12.01;8.18;6.42;2012-02-17;True;False;5000;2026-08-24
IE00B7V30396;CT Real Estate Eq Mkt Netrl A Acc EUR;CT Real Estate Equity Market Neutral Fund A Acc EUR;Thames River Capital LLP;Alternative Strategies;Market Neutral;Alternativo Market Neutral - RV EUR;EUR;Irlanda;4;3;2.17;1.75;2.03;1.04;1.94;1.66;2012-12-03;True;False;100000;2026-08-24
LU2210151341;Fidelity Abs Ret Glb Eq A-PF-Acc-EUR H;Fidelity Funds - Absolute Return Global Equity Fund A-PF-Acc-Euro (Euro/USD hedged);FIL Investment Management (Luxembourg) S.à r.l.;Alternative Strategies;Market Neutral;Alternativo Market Neutral - RV EUR;EUR;Luxemburgo;3;4;1.92;1.8;-3.66;2.32;3.84;4.75;2020-09-24;True;False;2500;2026-08-24
LU1001747408;JPM Eurp Eq Abs Alp A perf acc EUR;JPMorgan Funds - Europe Equity Absolute Alpha Fund A (perf) (acc) EUR;JPMorgan Asset Management (Europe) S.à r.l.;Alternative Strategies;Market Neutral;Alternativo Market Neutral - RV EUR;EUR;Luxemburgo;4;5;1.72;1.5;1.78;4.48;11.18;8.96;2013-12-19;True;False;35000;2026-08-24
LU1176912761;JPM Eurp Eq Abs Alp D perf acc EUR;JPMorgan Funds - Europe Equity Absolute Alpha Fund D (perf) (acc) EUR;JPMorgan Asset Management (Europe) S.à r.l.;Alternative Strategies;Market Neutral;Alternativo Market Neutral - RV EUR;EUR;Luxemburgo;4;5;2.47;1.5;1.34;3.78;10.54;8.31;2015-04-28;True;False;5000;2026-08-24
IE00BLP5S460;Jupiter Merian Glb Eq Abs Rt L € H Acc;Jupiter Merian Global Equity Absolute Return Fund L EUR Hedged Acc;Jupiter Asset Management (Europe) Limited;Alternative Strategies;Market Neutral;Alternativo Market Neutral - RV EUR;EUR;Irlanda;4;4;;1.5;3.85;9.14;10.06;8.96;2011-11-24;True;False;500;2026-08-24
LU0705071453;RAM (Lux) Sys Eurp Mkt Netrl Eq B EUR;RAM (Lux) Systematic Funds - European Market Neutral Equity B EUR;RAM Active Investments SA;Alternative Strategies;Market Neutral;Alternativo Market Neutral - RV EUR;EUR;Luxemburgo;5;4;4.37;1.6;0.34;1.3;9.49;4.89;2011-12-15;True;False;0;2026-08-24
IE00BLP5S577;Jupiter Merian Glb Eq Abs Rt L £ H Acc;Jupiter Merian Global Equity Absolute Return Fund L GBP Hedged Acc;Jupiter Asset Management (Europe) Limited;Alternative Strategies;Market Neutral;Alternativo Market Neutral - RV GBP;GBP;Irlanda;4;4;;1.5;4.94;10.92;11.68;10.36;2009-06-30;True;False;500;2026-08-24
LU1508157978;BSF Systematic APAC Eq Abs Rt A2 USD;BlackRock Strategic Fds - BlackRock Systematic Asia Pacific Equity Absolute Return Fd A2 USD;BlackRock (Luxembourg) SA;Alternative Strategies;Market Neutral;Alternativo Market Neutral - RV USD;USD;Luxemburgo;4;5;;1.5;4.7;7.57;13.92;11.27;2017-02-22;True;False;5000;2026-08-24
LU0725887540;BSF Systematic US Eq Abs Ret A2 USD;BlackRock Strategic Funds - Systematic US Equity Absolute Return Fund A2 USD;BlackRock (Luxembourg) SA;Alternative Strategies;Market Neutral;Alternativo Market Neutral - RV USD;USD;Luxemburgo;4;4;;1.5;9.64;14.28;10.02;8.26;2012-02-17;True;False;5000;2026-08-24
LU1278540171;DNCA Invest ONE H-A USD;DNCA Invest ONE Class H-A shares USD;DNCA Finance;Alternative Strategies;Market Neutral;Alternativo Market Neutral - RV USD;USD;Luxemburgo;4;1;1.88;1.6;-1.78;-4.16;1.38;1.93;2015-11-06;True;False;2500;2026-08-24
LU2670341259;Fidelity Abs Ret Glb Eq A-Acc-EUR;Fidelity Funds - Absolute Return Global Equity Fund A-Acc-EUR;FIL Investment Management (Luxembourg) S.à r.l.;Alternative Strategies;Market Neutral;Alternativo Market Neutral - RV USD;EUR;Luxemburgo;4;;2.23;1.8;-2.74;3.39;;;2023-08-23;True;False;2500;2026-08-24
LU2210151697;Fidelity Abs Ret Glb Eq A-PF-Acc-USD;Fidelity Funds - Absolute Return Global Equity Fund A-PF-Acc-USD;FIL Investment Management (Luxembourg) S.à r.l.;Alternative Strategies;Market Neutral;Alternativo Market Neutral - RV USD;USD;Luxemburgo;3;4;1.92;1.8;-2.51;4.37;5.8;6.64;2020-09-24;True;False;2500;2026-08-24
LU1112015109;JPM Eurp Eq Abs Alp A perf acc USD H;JPMorgan Funds - Europe Equity Absolute Alpha Fund A (perf) (acc) USD (hedged);JPMorgan Asset Management (Europe) S.à r.l.;Alternative Strategies;Market Neutral;Alternativo Market Neutral - RV USD;USD;Luxemburgo;4;5;1.8;1.5;2.81;6.37;13.2;10.91;2014-09-23;True;False;35000;2026-08-24
IE00BLP5S353;Jupiter Merian Glb Eq Abs Rt L USD Acc;Jupiter Merian Global Equity Absolute Return Fund L USD Acc;Jupiter Asset Management (Europe) Limited;Alternative Strategies;Market Neutral;Alternativo Market Neutral - RV USD;USD;Irlanda;4;4;;1.5;4.97;11.09;11.83;10.47;2013-05-02;True;False;500;2026-08-24
LU1352906025;BSF BLK Sysmc Styl Fac Abs Rt A2 H €;BlackRock Strategic Funds - BLK Systematic Style Factor Absolute Return Fund Class A2 Hedged EUR;BlackRock (Luxembourg) SA;Alternative Strategies;Multialternative;Alternativo Multiestrategia EUR;EUR;Luxemburgo;4;5;;1.1;10.03;16.37;11.8;10.45;2017-06-07;True;False;5000;2026-08-24
ES0114860036;Bankinter Multiestrategia R FI;Bankinter Multiestrategia R FI;Bankinter Gestión de Activos SGIIC;Alternative Strategies;Multialternative;Alternativo Multiestrategia EUR;EUR;España;3;2;1.09;0.85;2.19;3.15;3.41;0.56;1992-03-12;True;False;1;2026-08-24
LU1093756242;Franklin Alt Strats A(acc)EUR-H1;Franklin Alternative Strategies Fund A(acc)EUR-H1;Franklin Templeton International Services S.à r.l.;Alternative Strategies;Multialternative;Alternativo Multiestrategia EUR;EUR;Luxemburgo;6;2;2.55;2.55;1.85;4.98;5.32;0.83;2014-09-15;True;False;;2026-08-24
LU1908333054;Franklin Alt Strats APF (acc)EUR-H1;Franklin Alternative Strategies Fund A PF (acc) EUR-H1;Franklin Templeton International Services S.à r.l.;Alternative Strategies;Multialternative;Alternativo Multiestrategia EUR;EUR;Luxemburgo;6;2;1.9;1.8;2.31;5.69;5.97;1.43;2018-11-30;True;False;;2026-08-24
LU1908333138;Franklin Alt Strats APF(Ydis)EUR-H1;Franklin Alternative Strategies Fund A PF (Ydis) EUR-H1;Franklin Templeton International Services S.à r.l.;Alternative Strategies;Multialternative;Alternativo Multiestrategia EUR;EUR;Luxemburgo;5;2;1.9;1.8;2.3;5.7;5.36;1.13;2018-11-30;True;False;;2026-08-24
LU0445386369;Nordea 1 - Alpha 10 MA Fd BP EUR;Nordea 1 - Alpha 10 MA Fund BP EUR;Nordea Investment Funds SA;Alternative Strategies;Multialternative;Alternativo Multiestrategia EUR;EUR;Luxemburgo;4;2;2;1.7;4.86;9.07;0.12;-1.22;2009-09-30;True;False;0;2026-08-24
LU0607983896;Nordea 1 - Alpha 15 MA Fd BP EUR;Nordea 1 - Alpha 15 MA Fund BP EUR;Nordea Investment Funds SA;Alternative Strategies;Multialternative;Alternativo Multiestrategia EUR;EUR;Luxemburgo;5;2;2.29;2;6.69;12.95;-0.87;-2.66;2011-08-11;True;False;0;2026-08-24
LU1807426207;Nordea 1 - Alpha 7 MA Fd BP EUR;Nordea 1 - Alpha 7 MA Fund BP EUR;Nordea Investment Funds SA;Alternative Strategies;Multialternative;Alternativo Multiestrategia EUR;EUR;Luxemburgo;4;1;1.9;1.6;3.75;6.85;0.84;-0.49;2018-05-23;True;False;0;2026-08-24
LU1055714452;Pictet TR - Div Alpha P EUR;Pictet TR - Diversified Alpha P EUR;Pictet Asset Management (Europe) SA;Alternative Strategies;Multialternative;Alternativo Multiestrategia EUR;EUR;Luxemburgo;3;3;2.2;2.3;-0.62;3.63;6.01;2.72;2014-05-01;True;False;0;2026-08-24
LU1352905993;BSF BLK Sysmc Styl Fac Abs Rt A2 $;BlackRock Strategic Funds - BLK Systematic Style Factor Absolute Return Fund Class A2 USD;BlackRock (Luxembourg) SA;Alternative Strategies;Multialternative;Alternativo Multiestrategia USD;USD;Luxemburgo;4;4;;1.1;11.19;18.54;13.78;12.26;2016-02-29;True;False;5000;2026-08-24
LU1929549837;Franklin Alt Strats A (Acc) EUR;Franklin Alternative Strategies Fund A (Acc) EUR;Franklin Templeton International Services S.à r.l.;Alternative Strategies;Multialternative;Alternativo Multiestrategia USD;EUR;Luxemburgo;5;2;2.55;2.55;3.63;6.35;4.77;2.74;2019-01-18;True;False;;2026-08-24
LU1093756598;Franklin Alt Strats A(Ydis)USD;Franklin Alternative Strategies Fund A(Ydis)USD;Franklin Templeton International Services S.à r.l.;Alternative Strategies;Multialternative;Alternativo Multiestrategia USD;USD;Luxemburgo;6;3;2.55;2.55;2.94;7.01;7.22;2.69;2014-09-15;True;False;1000;2026-08-24
LU1093756168;Franklin Alt Strats A(acc)USD;Franklin Alternative Strategies Fund A(acc)USD;Franklin Templeton International Services S.à r.l.;Alternative Strategies;Multialternative;Alternativo Multiestrategia USD;USD;Luxemburgo;6;3;2.75;2.55;2.96;7.05;7.24;2.7;2014-09-15;True;False;1000;2026-08-24
LU1057468818;BOFA MLCX Commodity Alp UCITS EUR C5 Acc;Lumyna - BOFA MLCX Commodity Alpha UCITS Fund EUR C-5 (acc);Lumyna Investments Limited;Alternative Strategies;Alternative Miscellaneous;Alternativo Otros;EUR;Luxemburgo;5;;1.83;1.5;-18.68;-22.93;-8.12;-3.31;2016-02-22;True;True;10000;2026-08-24
LU1882439323;Amundi Fds Abs Ret MS A EUR C;Amundi Funds - Absolute Return Multi-Strategy A EUR (C);Amundi Luxembourg S.A.;Alternative Strategies;Global Macro;Alternativo Trading Macro EUR;EUR;Luxemburgo;4;2;1.68;1.2;1.83;5.48;5.69;0.22;2008-12-12;True;False;1;2026-08-24
LU1561565588;Fulcrum Diversified Absolute Ret A € Acc;Fulcrum UCITS SICAV - Fulcrum Diversified Absolute Return Fund A EUR Acc;Fulcrum Asset Management LLP;Alternative Strategies;Global Macro;Alternativo Trading Macro EUR;EUR;Luxemburgo;3;3;;1.5;2.67;6.11;6.57;4.17;2017-02-28;True;False;10000;2026-08-24
LU0917670407;JPM Global Macro A acc EUR Hdg;JPMorgan Investment Funds - Global Macro Fund A (acc) EUR (hedged);JPMorgan Asset Management (Europe) S.à r.l.;Alternative Strategies;Global Macro;Alternativo Trading Macro EUR;EUR;Luxemburgo;4;2;;1.25;0.39;2.88;1.03;-1.11;2013-06-12;True;False;35000;2026-08-24
LU0917670829;JPM Global Macro D acc EUR Hdg;JPMorgan Investment Funds - Global Macro Fund D (acc) EUR (hedged);JPMorgan Asset Management (Europe) S.à r.l.;Alternative Strategies;Global Macro;Alternativo Trading Macro EUR;EUR;Luxemburgo;4;2;;1.25;0.09;2.42;0.58;-1.56;2013-06-12;True;False;5000;2026-08-24
LU0095938881;JPM Global Macro Opps A acc EUR;JPMorgan Investment Funds - Global Macro Opportunities Fund A (acc) EUR;JPMorgan Asset Management (Europe) S.à r.l.;Alternative Strategies;Global Macro;Alternativo Trading Macro EUR;EUR;Luxemburgo;5;2;1.45;1.25;0.34;4.27;0.61;-2.33;1998-10-23;True;False;35000;2026-08-24
LU0247991580;JPM Global Macro Opps A dist EUR;JPMorgan Investment Funds - Global Macro Opportunities Fund A (dist) EUR;JPMorgan Asset Management (Europe) S.à r.l.;Alternative Strategies;Global Macro;Alternativo Trading Macro EUR;EUR;Luxemburgo;5;2;1.45;1.25;0.34;4.28;0.61;-2.33;2006-06-01;True;False;35000;2026-08-24
LU0115098948;JPM Global Macro Opps D acc EUR;JPMorgan Investment Funds - Global Macro Opportunities Fund D (acc) EUR;JPMorgan Asset Management (Europe) S.à r.l.;Alternative Strategies;Global Macro;Alternativo Trading Macro EUR;EUR;Luxemburgo;5;2;2.15;1.25;-0.11;3.55;-0.09;-3.01;2001-12-12;True;False;5000;2026-08-24
LU0235843108;JPM Global Macro D acc USD;JPMorgan Investment Funds - Global Macro Fund D (acc) USD;JPMorgan Asset Management (Europe) S.à r.l.;Alternative Strategies;Global Macro;Alternativo Trading Macro USD;USD;Luxemburgo;4;2;1.9;1.25;1.22;4.4;2.34;0.24;2005-11-28;True;False;5000;2026-08-24
LU1181866309;JPM Global Macro Opps A acc USD Hdg;JPMorgan Investment Funds - Global Macro Opportunities Fund A (acc) USD (hedged);JPMorgan Asset Management (Europe) S.à r.l.;Alternative Strategies;Global Macro;Alternativo Trading Macro USD;USD;Luxemburgo;5;2;1.45;1.25;1.53;6.41;2.37;-0.52;2015-02-05;True;False;35000;2026-08-24
LU0272941971;Amundi Fds Volatil Euro A EUR C;Amundi Funds - Volatility Euro A EUR (C);Amundi Luxembourg S.A.;Alternative Strategies;Options Trading;Alternativo Trading de Opciones;EUR;Luxemburgo;6;;1.59;1.2;3.2;1.64;1.33;1.19;2006-11-14;True;False;;2026-08-24
LU0557872479;Amundi Fds Volatil Wld A EUR C;Amundi Funds - Volatility World A EUR (C);Amundi Luxembourg S.A.;Alternative Strategies;Options Trading;Alternativo Trading de Opciones;EUR;Luxemburgo;6;;1.63;1.2;1.87;0.7;0.33;2.4;2011-06-15;True;False;;2026-08-24
LU0442406889;Amundi Fds Volatil Wld A EUR H C;Amundi Funds - Volatility World A EUR Hgd (C);Amundi Luxembourg S.A.;Alternative Strategies;Options Trading;Alternativo Trading de Opciones;EUR;Luxemburgo;6;;1.63;1.2;0.32;-0.88;0.98;0.73;2009-09-15;True;False;;2026-08-24
LU0319687124;Amundi Fds Volatil Wld A USD C;Amundi Funds - Volatility World A USD (C);Amundi Luxembourg S.A.;Alternative Strategies;Options Trading;Alternativo Trading de Opciones;USD;Luxemburgo;6;;1.63;1.2;1.34;0.88;2.77;2.44;2007-11-15;True;False;1;2026-08-24
FR0010693689;AXA Court Terme P;AXA Court Terme P;BNP PARIBAS ASSET MANAGEMENT Europe;Capital Preservation;Euro Money Market;Mercado Monetario Corto Plazo EUR;EUR;Francia;1;;;0.6;1.31;2.01;2.89;2.06;2008-12-05;True;False;0;2026-08-24
FR0011399633;Amundi Euro Liquid Short Term Govies E C;Amundi Euro Liquidity Short Term Govies E C;Amundi Asset Management;Capital Preservation;Euro Money Market;Mercado Monetario Corto Plazo EUR;EUR;Francia;1;;;0.35;1.11;1.72;2.59;1.75;2013-03-15;True;False;10;2026-08-24
LU0432365988;BGF Euro Reserve A2;BlackRock Global Funds - Euro Reserve Fund A2;BlackRock (Luxembourg) SA;Capital Preservation;Euro Money Market;Mercado Monetario Corto Plazo EUR;EUR;Luxemburgo;1;;0.54;0.45;1.07;1.68;2.5;1.68;2009-07-24;True;False;5000;2026-08-24
LU0167237543;BNP Paribas InstiCash € 1D LVNAV C Cp;BNP Paribas InstiCash EUR 1D LVNAV Classic Capitalisation;BNP Paribas Asset Management Luxembourg;Capital Preservation;Euro Money Market;Mercado Monetario Corto Plazo EUR;EUR;Luxemburgo;1;;0.41;0.35;1.13;1.76;2.65;1.84;2003-07-03;True;False;0;2026-08-24
IE00B29LM454;BlackRock ICS Euro Liq Adm VI EUR Acc;BlackRock Institutional Cash Series Euro Liquidity Fund Admin VI EUR Acc;BlackRock Asset Management Ireland Ltd;Capital Preservation;Euro Money Market;Mercado Monetario Corto Plazo EUR;EUR;Irlanda;1;;;0.7;1.12;1.72;2.57;1.68;2007-11-27;True;False;50000;2026-08-24
LU0354091653;Candriam Money Market Euro AAA C Acc;Candriam Money Market Euro AAA C Acc EUR;Candriam;Capital Preservation;Euro Money Market;Mercado Monetario Corto Plazo EUR;EUR;Luxemburgo;1;;0.3;0.5;1.04;1.6;2.49;1.72;2008-04-14;True;False;0;2026-08-24
FR0010149161;Carmignac Court Terme A EUR Acc;Carmignac Court Terme A EUR Acc;Carmignac Gestion;Capital Preservation;Euro Money Market;Mercado Monetario Corto Plazo EUR;EUR;Francia;1;;0.5;0.75;1.12;1.72;2.6;1.88;1989-01-26;True;False;0;2026-08-24
FR0010288316;Groupama Entreprises NC;Groupama Entreprises NC;Groupama Asset Management;Capital Preservation;Euro Money Market;Mercado Monetario Corto Plazo EUR;EUR;Francia;1;;;0.58;1.26;1.95;2.85;2.03;2006-04-25;True;False;500;2026-08-24
LU1873127366;JPM EUR Liqdty LVNAV A acc.;JPMorgan Liquidity Funds - EUR Liquidity LVNAV Fund A (acc.);JPMorgan Asset Management (Europe) S.à r.l.;Capital Preservation;Euro Money Market;Mercado Monetario Corto Plazo EUR;EUR;Luxemburgo;1;;0.45;0.4;1.12;1.72;2.54;;2022-09-13;True;False;35000;2026-08-24
LU1873127879;JPM EUR Liqdty LVNAV D acc.;JPMorgan Liquidity Funds - EUR Liquidity LVNAV Fund D (acc.);JPMorgan Asset Management (Europe) S.à r.l.;Capital Preservation;Euro Money Market;Mercado Monetario Corto Plazo EUR;EUR;Luxemburgo;1;;0.5;0.45;1.09;1.67;2.47;;2022-09-13;True;False;10000;2026-08-24
LU0252499412;JPM EUR Money Market VNAV A acc EUR;JPMorgan Funds - EUR Money Market VNAV Fund A (acc) EUR;JPMorgan Asset Management (Europe) S.à r.l.;Capital Preservation;Euro Money Market;Mercado Monetario Corto Plazo EUR;EUR;Luxemburgo;1;;0.37;0.25;1.14;1.76;2.61;1.8;2006-05-22;True;False;35000;2026-08-24
LU0252500524;JPM EUR Money Market VNAV D acc EUR;JPMorgan Funds - EUR Money Market VNAV Fund D (acc) EUR;JPMorgan Asset Management (Europe) S.à r.l.;Capital Preservation;Euro Money Market;Mercado Monetario Corto Plazo EUR;EUR;Luxemburgo;1;;0.61;0.4;0.99;1.52;2.35;1.62;2006-08-30;True;False;5000;2026-08-24
LU0128494191;Pictet-Short-Term Money Market EUR P;Pictet-Short-Term Money Market EUR P;Pictet Asset Management (Europe) SA;Capital Preservation;Euro Money Market;Mercado Monetario Corto Plazo EUR;EUR;Luxemburgo;1;;0.24;0.3;1.28;1.96;2.83;1.97;1998-10-08;True;False;0;2026-08-24
LU0128495834;Pictet-Short-Term Money Market EUR R;Pictet-Short-Term Money Market EUR R;Pictet Asset Management (Europe) SA;Capital Preservation;Euro Money Market;Mercado Monetario Corto Plazo EUR;EUR;Luxemburgo;1;;0.37;0.6;1.19;1.83;2.7;1.83;2001-05-07;True;False;0;2026-08-24
LU0090865873;abrdn Liquidity-Euro Fund A-2 Acc EUR;abrdn Liquidity Fund (Lux) - Euro Fund A-2 Acc EUR;abrdn Investments Luxembourg S.A.;Capital Preservation;Euro Money Market;Mercado Monetario Corto Plazo EUR;EUR;Luxemburgo;1;;;;1.22;1.86;2.78;1.97;1990-07-23;True;False;500;2026-08-24
LU1925356468;BNP Paribas InstiCash GBP 1D LVNAV Cl D;BNP Paribas InstiCash GBP 1D LVNAV Classic Dis;BNP Paribas Asset Management Luxembourg;Capital Preservation;Sterling Money Market;Mercado Monetario Corto Plazo GBP;GBP;Luxemburgo;1;;0.42;0.35;1.58;3.17;4.23;3.25;2020-02-14;True;False;;2026-08-24
LU0070177588;JPM GBP Std Mny Mkt VNAV A acc.;JPMorgan Liquidity Funds - GBP Standard Money Market VNAV Fund A (acc.);JPMorgan Asset Management (Europe) S.à r.l.;Capital Preservation;Sterling Money Market;Mercado Monetario Corto Plazo GBP;GBP;Luxemburgo;1;;0.45;0.4;2.29;3.78;4.48;3.33;1996-04-15;True;False;30000;2026-08-24
LU0161688402;JPM GBP Std Mny Mkt VNAV D acc.;JPMorgan Liquidity Funds - GBP Standard Money Market VNAV Fund D (acc.);JPMorgan Asset Management (Europe) S.à r.l.;Capital Preservation;Sterling Money Market;Mercado Monetario Corto Plazo GBP;GBP;Luxemburgo;1;;0.5;0.45;2.26;3.73;4.41;3.26;2008-05-07;True;False;6000;2026-08-24
LU0049015760;abrdn Liquidity-Sterling Fund A-2 AccGBP;abrdn Liquidity Fund (Lux) - Sterling Fund A-2 Acc GBP;abrdn Investments Luxembourg S.A.;Capital Preservation;Sterling Money Market;Mercado Monetario Corto Plazo GBP;GBP;Luxemburgo;1;;;0.5;2.27;3.67;4.38;3.35;1985-07-01;True;False;500;2026-08-24
LU0090845503;BGF US Dollar Reserve E2;BlackRock Global Funds - US Dollar Reserve Fund E2;BlackRock (Luxembourg) SA;Capital Preservation;US Money Market;Mercado Monetario Corto Plazo USD;USD;Luxemburgo;1;;0.79;0.45;1.94;3.26;4.03;3.16;1998-09-01;True;False;5000;2026-08-24
LU0167238863;BNP Paribas InstiCash USD 1D LVNAV Cl C;BNP Paribas InstiCash USD 1D LVNAV Classic Cap;BNP Paribas Asset Management Luxembourg;Capital Preservation;US Money Market;Mercado Monetario Corto Plazo USD;USD;Luxemburgo;1;;0.41;0.35;2.23;3.65;4.46;3.63;2003-06-13;True;False;;2026-08-24
IE00B2Q5LL07;GS USD Treasury Liq Res Adm Acc;Goldman Sachs US$ Treasury Liquid Reserves Fund Administration Acc;Goldman Sachs Asset Management Fund Services Ltd;Capital Preservation;US Money Market;Mercado Monetario Corto Plazo USD;USD;Irlanda;1;;;0.2;2.12;3.49;4.26;3.38;2008-04-03;True;False;100000;2026-08-24
IE00B3DWSS75;GS USD Treasury Liq Res Super Adm Acc;Goldman Sachs US$ Treasury Liquid Reserves Fund Super Administration Acc;Goldman Sachs Asset Management Fund Services Ltd;Capital Preservation;US Money Market;Mercado Monetario Corto Plazo USD;USD;Irlanda;1;;;0.2;1.95;3.23;4;3.16;2008-10-20;True;False;10000;2026-08-24
LU1873130741;JPM USD Liquidity LVNAV A acc.;JPMorgan Liquidity Funds - USD Liquidity LVNAV Fund A (acc);JPMorgan Asset Management (Europe) S.à r.l.;Capital Preservation;US Money Market;Mercado Monetario Corto Plazo USD;USD;Luxemburgo;1;;0.45;0.4;2.18;3.62;4.36;3.47;2018-12-03;True;False;35000;2026-08-24
LU1873131392;JPM USD Liquidity LVNAV D acc.;JPMorgan Liquidity Funds - USD Liquidity LVNAV Fund D (acc);JPMorgan Asset Management (Europe) S.à r.l.;Capital Preservation;US Money Market;Mercado Monetario Corto Plazo USD;USD;Luxemburgo;1;;0.5;0.45;2.15;3.57;4.29;;2022-09-13;True;False;10000;2026-08-24
LU0945454980;JPM USD Money Market VNAV A acc USD;JPMorgan Funds - USD Money Market VNAV Fund A (acc) - USD;JPMorgan Asset Management (Europe) S.à r.l.;Capital Preservation;US Money Market;Mercado Monetario Corto Plazo USD;USD;Luxemburgo;1;;;0.25;2.22;3.63;4.41;3.53;2014-06-06;True;False;35000;2026-08-24
LU1873132101;JPM USD Treasury CNAV A acc.;JPMorgan Liquidity Funds - USD Treasury CNAV Fund A (acc.);JPMorgan Asset Management (Europe) S.à r.l.;Capital Preservation;US Money Market;Mercado Monetario Corto Plazo USD;USD;Luxemburgo;1;;0.45;0.4;2.1;3.47;4.2;;2018-12-03;True;False;35000;2026-08-24
LU1873132523;JPM USD Treasury CNAV D acc.;JPMorgan Liquidity Funds - USD Treasury CNAV Fund D (acc.);JPMorgan Asset Management (Europe) S.à r.l.;Capital Preservation;US Money Market;Mercado Monetario Corto Plazo USD;USD;Luxemburgo;1;;0.5;0.45;2.07;3.41;4.13;;2018-12-03;True;False;10000;2026-08-24
LU0128496485;Pictet-Short-Term Money Market USD P;Pictet-Short-Term Money Market USD P;Pictet Asset Management (Europe) SA;Capital Preservation;US Money Market;Mercado Monetario Corto Plazo USD;USD;Luxemburgo;1;;0.31;0.3;2.34;3.85;4.64;3.77;1997-08-26;True;False;0;2026-08-24
LU0128497293;Pictet-Short-Term Money Market USD P dy;Pictet-Short-Term Money Market USD P dy;Pictet Asset Management (Europe) SA;Capital Preservation;US Money Market;Mercado Monetario Corto Plazo USD;USD;Luxemburgo;1;;0.31;0.3;2.34;3.85;4.64;3.84;1997-08-26;True;False;0;2026-08-24
LU0366537446;Pictet-Sovereign Short-Term MM USD P;Pictet-Sovereign Short-Term Money Market USD P;Pictet Asset Management (Europe) SA;Capital Preservation;US Money Market;Mercado Monetario Corto Plazo USD;USD;Luxemburgo;1;;0.25;0.3;2.29;3.78;4.55;3.64;2008-06-16;True;False;0;2026-08-24
LU0049014870;abrdn Liquidity-US Dollar Fund A-2AccUSD;abrdn Liquidity Fund (Lux) - US Dollar Fund A-2 Acc USD;abrdn Investments Luxembourg S.A.;Capital Preservation;US Money Market;Mercado Monetario Corto Plazo USD;USD;Luxemburgo;1;;;0.5;2.18;3.6;4.42;3.54;1984-09-17;True;False;500;2026-08-24
FR0011408764;Amundi Euro Liquidity-Rated Responsbl P;Amundi Euro Liquidity-Rated Responsible P;Amundi Asset Management;Capital Preservation;Euro Money Market;Mercado Monetario EUR;EUR;Francia;1;;;1;1.19;1.84;2.72;1.86;2013-03-28;True;False;1;2026-08-24
LU0568620560;Amundi Fds Cash EUR A2 EUR C;Amundi Funds - Cash EUR A2 EUR (C);Amundi Luxembourg S.A.;Capital Preservation;Euro Money Market;Mercado Monetario EUR;EUR;Luxemburgo;1;;0.68;0.75;1.05;1.61;2.52;1.72;2011-06-24;True;False;0;2026-08-24
LU0083138064;BNP Paribas Euro Money Market C Cap;BNP Paribas Funds Euro Money Market Classic Capitalisation;BNP Paribas Asset Management Luxembourg;Capital Preservation;Euro Money Market;Mercado Monetario EUR;EUR;Luxemburgo;1;;;0.5;1.14;1.78;2.69;1.88;1991-02-08;True;False;0;2026-08-24
LU0083137926;BNP Paribas Euro Money Market C Dis;BNP Paribas Funds Euro Money Market Classic Distribution;BNP Paribas Asset Management Luxembourg;Capital Preservation;Euro Money Market;Mercado Monetario EUR;EUR;Luxemburgo;1;;;0.5;1.14;1.78;2.69;1.88;1991-02-08;True;False;0;2026-08-24
LU0423950210;BNPP InstiCash EUR 3M Cl Cap;BNP Paribas InstiCash EUR 3M Classic Cap;BNP Paribas Asset Management Luxembourg;Capital Preservation;Euro Money Market;Mercado Monetario EUR;EUR;Luxemburgo;1;;0.41;0.35;1.23;1.9;2.79;1.96;2009-05-12;True;False;750000000;2026-08-24
ES0114821038;Bankinter Ahorro Activos Euro R FI;Bankinter Ahorro Activos Euro R FI;Bankinter Gestión de Activos SGIIC;Capital Preservation;Euro Money Market;Mercado Monetario EUR;EUR;España;1;;0.7;0.6;0.93;1.45;2.47;1.36;1997-12-23;True;False;1;2026-08-24
ES0113921037;Bankinter Capital 1 FI;Bankinter Capital 1 FI;Bankinter Gestión de Activos SGIIC;Capital Preservation;Euro Money Market;Mercado Monetario EUR;EUR;España;1;;0.76;0.7;0.9;1.39;2.23;1.3;2006-11-16;True;False;1;2026-08-24
ES0114801030;Bankinter Capital 2 FI;Bankinter Capital 2 FI;Bankinter Gestión de Activos SGIIC;Capital Preservation;Euro Money Market;Mercado Monetario EUR;EUR;España;1;;0.61;0.5;1.03;1.58;2.42;1.47;1997-12-23;True;False;6000;2026-08-24
ES0115155030;Bankinter Capital 3 FI;Bankinter Capital 3 FI;Bankinter Gestión de Activos SGIIC;Capital Preservation;Euro Money Market;Mercado Monetario EUR;EUR;España;1;;0.46;0.4;1.09;1.68;2.53;1.6;2003-01-28;True;False;60000;2026-08-24
ES0127186031;Bankinter Capital 4 FI;Bankinter Capital 4 FI;Bankinter Gestión de Activos SGIIC;Capital Preservation;Euro Money Market;Mercado Monetario EUR;EUR;España;1;;0.2;0.3;1.16;1.79;2.66;1.78;2000-08-17;True;False;600000;2026-08-24
ES0114868039;Bankinter Capital Plus FI;Bankinter Capital Plus FI;Bankinter Gestión de Activos SGIIC;Capital Preservation;Euro Money Market;Mercado Monetario EUR;EUR;España;1;;0.53;0.45;1.04;1.61;2.47;1.5;1991-04-01;True;False;1;2026-08-24
LU0093583077;Candriam Money Market Euro C Acc;Candriam Money Market Euro C Acc EUR;Candriam;Capital Preservation;Euro Money Market;Mercado Monetario EUR;EUR;Luxemburgo;1;;0.3;0.5;1.09;1.69;2.59;1.68;1990-07-16;True;False;0;2026-08-24
FR0013314234;Groupama Trésorerie NC;Groupama Trésorerie NC;Groupama Asset Management;Capital Preservation;Euro Money Market;Mercado Monetario EUR;EUR;Francia;1;;;0.58;1.29;1.99;2.9;;2022-02-03;True;False;1;2026-08-24
LU2095450123;JPM EUR Std Mny Mkt VNAV A acc.;JPMorgan Liquidity Funds - EUR Standard Money Market VNAV Fund A (acc.);JPMorgan Asset Management (Europe) S.à r.l.;Capital Preservation;Euro Money Market;Mercado Monetario EUR;EUR;Luxemburgo;1;;0.45;0.4;1.19;1.83;2.67;;2022-07-25;True;False;35000;2026-08-24
LU2095450636;JPM EUR Std Mny Mkt VNAV D acc.;JPMorgan Liquidity Funds - EUR Standard Money Market VNAV Fund D (acc.);JPMorgan Asset Management (Europe) S.à r.l.;Capital Preservation;Euro Money Market;Mercado Monetario EUR;EUR;Luxemburgo;1;;0.5;0.45;1.16;1.78;2.6;;2022-07-25;True;False;10000;2026-08-24
LU0006344922;UBS (Lux) Money Market EUR P-acc;UBS (Lux) Money Market Fund - EUR P-acc;UBS Asset Management (Europe) S.A.;Capital Preservation;Euro Money Market;Mercado Monetario EUR;EUR;Luxemburgo;1;;0.51;0.4;1.06;1.63;2.5;1.7;1989-10-09;True;False;0;2026-08-24
LU0006277635;UBS (Lux) Money Market GBP P-acc;UBS (Lux) Money Market Fund - GBP P-acc;UBS Asset Management (Europe) S.A.;Capital Preservation;Sterling Money Market;Mercado Monetario GBP;GBP;Luxemburgo;1;;0.53;0.4;2.2;3.56;4.28;3.19;1988-11-25;True;False;;2026-08-24
LU1397021822;UBS (Lux) Mny Mkt USD CAD H P-acc;UBS (Lux) Money Market Fund - USD (CAD hedged) P-acc;UBS Asset Management (Europe) S.A.;Capital Preservation;US Money Market;Mercado Monetario Otros;CAD;Luxemburgo;1;;0.56;0.44;1.03;1.79;3.03;2.58;2016-07-05;True;False;0;2026-08-24
LU0568621618;Amundi Fds Cash USD A2 USD C;Amundi Funds - Cash USD A2 USD (C);Amundi Luxembourg S.A.;Capital Preservation;US Money Market;Mercado Monetario USD;USD;Luxemburgo;1;;0.48;0.75;2.23;3.7;4.52;3.68;2011-06-24;True;False;0;2026-08-24
LU0012186622;BNP Paribas USD Money Market Classic C;BNP Paribas Funds USD Money Market Classic C;BNP Paribas Asset Management Luxembourg;Capital Preservation;US Money Market;Mercado Monetario USD;USD;Luxemburgo;1;;;0.5;2.25;3.7;4.51;3.68;1990-07-26;True;False;0;2026-08-24
LU0012186549;BNP Paribas USD Money Market Classic D;BNP Paribas Funds USD Money MarketClassicD;BNP Paribas Asset Management Luxembourg;Capital Preservation;US Money Market;Mercado Monetario USD;USD;Luxemburgo;1;;;0.5;2.25;3.7;4.51;3.68;1990-07-26;True;False;0;2026-08-24
LU0011815304;JPM USD Std Mny Mkt VNAV A acc.;JPMorgan Liquidity Funds - USD Standard Money Market VNAV Fund A (acc.);JPMorgan Asset Management (Europe) S.à r.l.;Capital Preservation;US Money Market;Mercado Monetario USD;USD;Luxemburgo;1;;0.45;0.4;2.24;3.76;4.56;3.61;1987-01-12;True;False;35000;2026-08-24
LU0161687693;JPM USD Std Mny Mkt VNAV D acc.;JPMorgan Liquidity Funds - USD Standard Money Market VNAV Fund D (acc.);JPMorgan Asset Management (Europe) S.à r.l.;Capital Preservation;US Money Market;Mercado Monetario USD;USD;Luxemburgo;1;;0.5;0.45;2.21;3.7;4.49;3.54;2009-01-07;True;False;10000;2026-08-24
LU0006277684;UBS (Lux) Mny Mkt USD P-acc;UBS (Lux) Money Market Fund - USD P-acc;UBS Asset Management (Europe) S.A.;Capital Preservation;US Money Market;Mercado Monetario USD;USD;Luxemburgo;1;;0.51;0.4;2.1;3.58;4.36;3.44;1988-11-25;True;False;;2026-08-24
BE6213828088;DPAM B Real Est Eur Sus Div A;DPAM B - Real Estate Europe Dividend Sustainable A Dis;Degroof Petercam Asset Management SA;Equity;Real Estate Sector Equity;Inmobiliario - Indirecto Europa;EUR;Bélgica;6;4;1.82;1.6;1.2;-1.87;8.72;-2.57;2010-12-28;True;False;1;2026-08-24
BE6213829094;DPAM B Real Est Eur Sus Div B;DPAM B - Real Estate Europe Dividend Sustainable B Cap;Degroof Petercam Asset Management SA;Equity;Real Estate Sector Equity;Inmobiliario - Indirecto Europa;EUR;Bélgica;6;4;1.79;1.6;1.22;-1.84;8.74;-2.95;2010-12-28;True;False;1;2026-08-24
LU0088927925;Janus Henderson HrznPaEurPropertyEqA2EUR;Janus Henderson Horizon Pan European Property Equities Fund A2 EUR;Janus Henderson Investors;Equity;Real Estate Sector Equity;Inmobiliario - Indirecto Europa;EUR;Luxemburgo;6;4;1.87;1.2;1.3;2;8.37;-5.25;1998-07-01;True;False;2500;2026-08-24
LU1328852659;Amundi IS FTSE EPRA NAREIT Global AE-C;Amundi Index Solutions - Amundi FTSE EPRA NAREIT Global AE-C;Amundi Luxembourg S.A.;Equity;Real Estate Sector Equity;Inmobiliario - Indirecto Global;EUR;Luxemburgo;5;3;;0.15;12.14;12.81;8.37;1.17;2015-12-11;True;True;;2026-08-24
LU0250181095;GS Gbl Real Estate EQ-P Cap USD;Goldman Sachs Global Real Estate Equity (Former NN) - P Cap USD;Goldman Sachs Asset Management B.V.;Equity;Real Estate Sector Equity;Inmobiliario - Indirecto Global;USD;Luxemburgo;6;2;;1.5;10.49;11.05;8.75;-0.94;2007-05-07;True;False;;2026-08-24
IE0033534441;Janus Henderson Glb Rl EstEqInc A3qUSD;Janus Henderson Capital Funds plc - Global Real Estate Equity Income Fund Class A3q USD;Janus Henderson Investors;Equity;Real Estate Sector Equity;Inmobiliario - Indirecto Global;USD;Irlanda;6;5;2.22;1.25;12.5;12.4;10.94;1.38;2003-09-29;True;False;2500;2026-08-24
LU0264738294;Janus Henderson Hrzn GlblPtyEqsA2EUR;Janus Henderson Horizon Global Property Equities Fund A2 EUR;Janus Henderson Investors;Equity;Real Estate Sector Equity;Inmobiliario - Indirecto Global;EUR;Luxemburgo;5;3;1.87;1.2;12.3;12.45;6.65;-0.59;2006-01-03;True;False;2500;2026-08-24
LU0209137388;Janus Henderson Hrzn GlblPtyEqsA2USD;Janus Henderson Horizon Global Property Equities Fund A2 USD;Janus Henderson Investors;Equity;Real Estate Sector Equity;Inmobiliario - Indirecto Global;USD;Luxemburgo;6;3;1.87;1.2;11.88;13.06;9.19;-0.58;2005-01-03;True;False;2500;2026-08-24
LU0209137206;Janus Henderson Hrzn GlblPtyEqsA3qUSD;Janus Henderson Horizon Global Property Equities Fund A3q USD;Janus Henderson Investors;Equity;Real Estate Sector Equity;Inmobiliario - Indirecto Global;USD;Luxemburgo;6;3;1.87;1.2;11.9;13.05;9.17;-0.58;2005-01-03;True;False;2500;2026-08-24
LU1042830981;AXAWF Eurp Rl Est Secs A Cap USD H;AXA World Funds - Europe Real Estate A Capitalisation USD (Hedged);BNP PARIBAS ASSET MANAGEMENT Europe;Equity;Real Estate Sector Equity;Inmobiliario - Indirecto Otros;USD;Luxemburgo;6;;1.77;1.5;3.41;4.24;9.58;-3.99;2014-03-17;True;False;0;2026-08-24
LU0828244219;Janus Henderson Hrzn GlblPtyEqsA2HEUR;Janus Henderson Horizon Global Property Equities Fund A2 HEUR;Janus Henderson Investors;Equity;Real Estate Sector Equity;Inmobiliario - Indirecto Otros;EUR;Luxemburgo;6;;1.87;1.2;10.47;10.63;6.8;-2.93;2012-10-11;True;False;2500;2026-08-24
FR0000172041;AXA Aedificandi AC;AXA Aedificandi AC;BNP Paribas Real Estate Investment Management France;Equity;Real Estate Sector Equity;Inmobiliario - Indirecto Zona Euro;EUR;Francia;6;4;;2.39;0.05;-4.94;8.16;-5.14;2003-04-28;True;False;0;2026-08-24
FR0000989915;Oddo BHF Immobilier CR-EUR;Oddo BHF Immobilier CR-EUR;ODDO BHF Asset Management SAS;Equity;Real Estate Sector Equity;Inmobiliario - Indirecto Zona Euro;EUR;Francia;6;3;;1.8;0.23;-5.92;8.77;-5.16;1989-09-22;True;False;1;2026-08-24
DE0009769869;DWS Aktien Strategie Deutschland LC;DWS Aktien Strategie Deutschland LC;DWS Investment GmbH;Equity;Europe Equity Large Cap;RV Alemania;EUR;Alemania;6;2;1.44;1.4;4.54;5.79;12.05;3.57;1999-02-01;True;False;0;2026-08-24
DE0008490962;DWS Deutschland LC;DWS Deutschland LC;DWS Investment GmbH;Equity;Europe Equity Large Cap;RV Alemania;EUR;Alemania;6;2;1.4;1.4;5.77;5.59;12.72;4.8;1993-10-20;True;False;0;2026-08-24
LU0740822621;DWS Invest German Equities LC;DWS Invest German Equities LC;DWS Investment S.A.;Equity;Europe Equity Large Cap;RV Alemania;EUR;Luxemburgo;6;2;1.62;1.5;6.57;6.13;12.96;4.48;2012-08-20;True;False;0;2026-08-24
LU0740822977;DWS Invest German Equities LD;DWS Invest German Equities LD;DWS Investment S.A.;Equity;Europe Equity Large Cap;RV Alemania;EUR;Luxemburgo;6;2;1.62;1.5;6.57;6.13;12.96;4.48;2012-08-20;True;False;0;2026-08-24
LU0261948227;Fidelity Germany A-Acc-EUR;Fidelity Funds - Germany Fund A-Acc-EUR;FIL Investment Management (Luxembourg) S.à r.l.;Equity;Europe Equity Large Cap;RV Alemania;EUR;Luxemburgo;6;4;;1.5;7.53;8.31;17.9;7.21;2006-09-25;True;False;;2026-08-24
LU0048580004;Fidelity Germany A-Dis-EUR;Fidelity Funds - Germany Fund A-DIST-EUR;FIL Investment Management (Luxembourg) S.à r.l.;Equity;Europe Equity Large Cap;RV Alemania;EUR;Luxemburgo;6;4;;1.5;7.53;8.33;17.9;7.21;1990-10-01;True;False;;2026-08-24
LU0775052292;UBS (Lux) ES German Opp € P acc;UBS (Lux) Equity SICAV - German Opportunity (EUR) P-acc;UBS Asset Management (Europe) S.A.;Equity;Europe Equity Large Cap;RV Alemania;EUR;Luxemburgo;5;4;1.57;1.2;11.2;10.35;16.02;8.3;2012-07-13;True;False;0;2026-08-24
LU0048573645;Fidelity ASEAN A-Dis-USD;Fidelity Funds - ASEAN Fund A-DIST-USD;FIL Investment Management (Luxembourg) S.à r.l.;Equity;Asia ex-Japan Equity;RV Asia;USD;Luxemburgo;5;3;;1.5;8.57;10.46;11.13;5.4;1990-10-01;True;False;2500;2026-08-24
LU0441852612;JPM ASEAN Equity A acc EUR;JPMorgan Funds - ASEAN Equity Fund A (acc) EUR;JPMorgan Asset Management (Europe) S.à r.l.;Equity;Asia ex-Japan Equity;RV Asia;EUR;Luxemburgo;5;4;1.8;1.5;12.93;14.48;10.31;6.68;2009-09-04;True;False;35000;2026-08-24
LU0072462343;BGF Asian Dragon A2;BlackRock Global Funds - Asian Dragon Fund A2;BlackRock (Luxembourg) SA;Equity;Asia ex-Japan Equity;RV Asia (ex-Japón);USD;Luxemburgo;6;2;1.83;1.5;24.29;39.9;20.91;7.45;1997-01-02;True;False;5000;2026-08-24
LU0171269466;BGF Asian Dragon A2 EUR;BlackRock Global Funds - Asian Dragon Fund A2 EUR;BlackRock (Luxembourg) SA;Equity;Asia ex-Japan Equity;RV Asia (ex-Japón);EUR;Luxemburgo;6;2;1.83;1.5;24.76;39.12;18.11;7.43;1997-01-02;True;False;;2026-08-24
LU0147401631;BGF Asian Dragon E2;BlackRock Global Funds - Asian Dragon Fund E2;BlackRock (Luxembourg) SA;Equity;Asia ex-Japan Equity;RV Asia (ex-Japón);USD;Luxemburgo;6;2;2.33;1.5;23.88;39.19;20.31;6.91;2002-07-18;True;False;5000;2026-08-24
LU0171270985;BGF Asian Dragon E2 EUR;BlackRock Global Funds - Asian Dragon Fund E2 EUR;BlackRock (Luxembourg) SA;Equity;Asia ex-Japan Equity;RV Asia (ex-Japón);EUR;Luxemburgo;6;2;2.33;1.5;24.36;38.43;17.51;6.9;2002-07-18;True;False;;2026-08-24
LU0823397103;BNP Paribas Asia Ex-Jpn Eq Cl Cap;BNP Paribas Funds Asia Ex-Japan Equity Classic Capitalisation;BNP Paribas Asset Management Luxembourg;Equity;Asia ex-Japan Equity;RV Asia (ex-Japón);USD;Luxemburgo;6;3;1.52;1.5;36.59;49.72;25.87;7.92;2013-05-17;True;False;0;2026-08-24
LU1048814831;FAST - Asia Fund A-PF-ACC-EUR;Fidelity Active Strategy - FAST - Asia Fund A-PF-ACC-EUR;FIL Investment Management (Luxembourg) S.à r.l.;Equity;Asia ex-Japan Equity;RV Asia (ex-Japón);EUR;Luxemburgo;6;1;1.95;1.5;10.76;10.37;9.1;2.04;2014-04-02;True;False;;2026-08-24
LU0261946445;Fidelity Asia Eq ESG A-Acc-EUR;Fidelity Funds - Asia Equity ESG Fund A-Acc-EUR;FIL Investment Management (Luxembourg) S.à r.l.;Equity;Asia ex-Japan Equity;RV Asia (ex-Japón);EUR;Luxemburgo;6;3;;1.5;24.34;36.46;16.33;5.9;2006-09-25;True;False;;2026-08-24
LU0261947096;Fidelity Asia Eq ESG A-Acc-USD;Fidelity Funds - Asia Equity ESG Fund A-Acc-USD;FIL Investment Management (Luxembourg) S.à r.l.;Equity;Asia ex-Japan Equity;RV Asia (ex-Japón);USD;Luxemburgo;6;3;;1.5;23.82;37.38;19.1;5.89;2006-09-25;True;False;1000;2026-08-24
LU0069452877;Fidelity Asia Eq ESG A-Dis-EUR;Fidelity Funds - Asia Equity ESG Fund A-DIST-EUR;FIL Investment Management (Luxembourg) S.à r.l.;Equity;Asia ex-Japan Equity;RV Asia (ex-Japón);EUR;Luxemburgo;6;3;;1.5;24.39;36.53;16.34;5.9;2004-02-16;True;False;;2026-08-24
LU0048597586;Fidelity Asia Eq ESG A-Dis-USD;Fidelity Funds - Asia Equity ESG Fund A-DIST-USD;FIL Investment Management (Luxembourg) S.à r.l.;Equity;Asia ex-Japan Equity;RV Asia (ex-Japón);USD;Luxemburgo;6;3;;1.5;23.87;37.39;19.11;5.89;1990-10-01;True;False;2500;2026-08-24
LU0413542167;Fidelity Asian Special Sits A-Acc-EUR;Fidelity Funds - Asian Special Situations Fund A-Acc-EUR;FIL Investment Management (Luxembourg) S.à r.l.;Equity;Asia ex-Japan Equity;RV Asia (ex-Japón);EUR;Luxemburgo;6;3;;1.5;40.53;59.34;25.11;9.4;2009-02-23;True;False;;2026-08-24
LU0261950983;Fidelity Asian Special Sits A-Acc-USD;Fidelity Funds - Asian Special Situations Fund A-Acc-USD;FIL Investment Management (Luxembourg) S.à r.l.;Equity;Asia ex-Japan Equity;RV Asia (ex-Japón);USD;Luxemburgo;6;3;;1.5;39.96;60.42;28.09;9.39;2006-09-25;True;False;2500;2026-08-24
LU0329678410;Fidelity Emerging Asia A-Acc-EUR;Fidelity Funds - Emerging Asia Fund A-Acc-EUR;FIL Investment Management (Luxembourg) S.à r.l.;Equity;Asia ex-Japan Equity;RV Asia (ex-Japón);EUR;Luxemburgo;6;3;;1.5;22.11;34.39;18.56;10.09;2008-04-21;True;False;;2026-08-24
LU0329678337;Fidelity Emerging Asia A-Acc-USD;Fidelity Funds - Emerging Asia Fund A-Acc-USD;FIL Investment Management (Luxembourg) S.à r.l.;Equity;Asia ex-Japan Equity;RV Asia (ex-Japón);USD;Luxemburgo;6;3;;1.5;21.61;35.3;21.38;10.07;2008-04-21;True;False;1000;2026-08-24
LU0075112721;Invesco Asia Opportunities Eq A USD Acc;Invesco Funds - Invesco Asia Opportunities Equity Fund A Accumulation USD;Invesco Management S.A.;Equity;Asia ex-Japan Equity;RV Asia (ex-Japón);USD;Luxemburgo;6;2;;1.5;23.11;30.74;21.08;6.31;1999-08-09;True;False;1500;2026-08-24
LU0115143082;Invesco Asia Opportunities Eq E EUR Acc;Invesco Funds - Invesco Asia Opportunities Equity Fund E Accumulation EUR;Invesco Management S.A.;Equity;Asia ex-Japan Equity;RV Asia (ex-Japón);EUR;Luxemburgo;6;2;;2.25;22.99;29.21;17.36;5.48;2000-08-14;True;False;500;2026-08-24
LU1775951525;Invesco Asian Equity A USD AD;Invesco Funds - Invesco Asian Equity Fund A Annual Distribution USD;Invesco Management S.A.;Equity;Asia ex-Japan Equity;RV Asia (ex-Japón);USD;Luxemburgo;6;5;;1.5;21.18;35.45;21.17;10.83;2018-09-07;True;False;1500;2026-08-24
LU1775949628;Invesco Asian Equity A USD Acc;Invesco Funds - Invesco Asian Equity Fund A Accumulation USD;Invesco Management S.A.;Equity;Asia ex-Japan Equity;RV Asia (ex-Japón);USD;Luxemburgo;6;4;;1.5;21.16;35.44;21.2;10.83;2018-09-07;True;False;1500;2026-08-24
LU1775950477;Invesco Asian Equity E EUR Acc;Invesco Funds - Invesco Asian Equity Fund E Accumulation EUR;Invesco Management S.A.;Equity;Asia ex-Japan Equity;RV Asia (ex-Japón);EUR;Luxemburgo;6;4;;2.25;21.04;33.89;17.43;9.95;2018-09-07;True;False;500;2026-08-24
LU1378878430;MS INVF Asia Opportunity A;Morgan Stanley Investment Funds - Asia Opportunity Fund A;MSIM Fund Management (Ireland) Limited;Equity;Asia ex-Japan Equity;RV Asia (ex-Japón);USD;Luxemburgo;6;2;1.89;1.6;13;10.38;11.81;0.04;2016-03-31;True;False;0;2026-08-24
LU2295319219;MS INVF Asia Opportunity A EUR;Morgan Stanley Investment Funds - Asia Opportunity Fund A (EUR);MSIM Fund Management (Ireland) Limited;Equity;Asia ex-Japan Equity;RV Asia (ex-Japón);EUR;Luxemburgo;6;1;1.89;1.6;13.45;9.82;9.22;0.04;2021-02-26;True;False;;2026-08-24
LU0593848723;Mirae Asset ESG Asia Grt Cnsmr Eq A EUR;Mirae Asset Global Discovery Fund - ESG Asia Great Consumer Equity Fund A EUR Capitalization;Mirae Asset Global Investments (HK) Ltd;Equity;Asia ex-Japan Equity;RV Asia (ex-Japón);EUR;Luxemburgo;6;1;;2;24.73;27.77;11.17;-2.05;2013-02-05;True;False;2500;2026-08-24
LU0593848301;Mirae Asset ESG Asia Grt Cnsmr Eq A USD;Mirae Asset Global Discovery Fund - ESG Asia Great Consumer Equity Fund A USD Capitalization;Mirae Asset Global Investments (HK) Ltd;Equity;Asia ex-Japan Equity;RV Asia (ex-Japón);USD;Luxemburgo;6;1;;2;24.28;28.36;13.85;-2;2011-06-07;True;False;2500;2026-08-24
LU0336299580;Mirae Asst ESG Asia Sect Ldr Eq A EURCap;Mirae Asset Global Discovery Fund - ESG Asia Sector Leader Equity Fund A EUR Cap;Mirae Asset Global Investments (HK) Ltd;Equity;Asia ex-Japan Equity;RV Asia (ex-Japón);EUR;Luxemburgo;6;2;;2;33.55;46.24;20.28;8.58;2014-10-06;True;False;2500;2026-08-24
LU0336299408;Mirae Asst ESG Asia Sect Ldr Eq A USD;Mirae Asset Global Discovery Fund - ESG Asia Sector Leader Equity Fund A USD;Mirae Asset Global Investments (HK) Ltd;Equity;Asia ex-Japan Equity;RV Asia (ex-Japón);USD;Luxemburgo;6;2;;2;33.05;46.89;23.16;8.63;2013-05-17;True;False;2500;2026-08-24
LU0591059224;Robeco Asian Stars Equities D €;Robeco Asian Stars Equities D €;Robeco Institutional Asset Management BV;Equity;Asia ex-Japan Equity;RV Asia (ex-Japón);EUR;Luxemburgo;6;4;1.5;1.5;24.65;35.67;18.24;10.48;2011-03-18;True;False;0;2026-08-24
LU0248184466;Schroder ISF Asian Opports A Acc EUR;Schroder International Selection Fund Asian Opportunities A Accumulation EUR;Schroder Investment Management (Europe) S.A.;Equity;Asia ex-Japan Equity;RV Asia (ex-Japón);EUR;Luxemburgo;6;3;1.84;1.5;29.05;46.22;20.93;8.14;2006-03-22;True;False;1000;2026-08-24
LU0106259558;Schroder ISF Asian Opports A Acc USD;Schroder International Selection Fund Asian Opportunities A Accumulation USD;Schroder Investment Management (Europe) S.A.;Equity;Asia ex-Japan Equity;RV Asia (ex-Japón);USD;Luxemburgo;6;3;1.84;1.5;28.5;46.76;23.79;8.19;2000-01-17;True;False;1000;2026-08-24
LU0248172537;Schroder ISF Emerging Asia A Acc EUR;Schroder International Selection Fund Emerging Asia A Accumulation EUR;Schroder Investment Management (Europe) S.A.;Equity;Asia ex-Japan Equity;RV Asia (ex-Japón);EUR;Luxemburgo;6;4;1.84;1.5;26.77;44.46;20.71;8.43;2006-03-17;True;False;1000;2026-08-24
LU0181495838;Schroder ISF Emerging Asia A Acc USD;Schroder International Selection Fund Emerging Asia A Accumulation USD;Schroder Investment Management (Europe) S.A.;Equity;Asia ex-Japan Equity;RV Asia (ex-Japón);USD;Luxemburgo;6;4;1.84;1.5;26.23;45;23.57;8.47;2004-01-09;True;False;1000;2026-08-24
LU0248173006;Schroder ISF Emerging Asia B Acc EUR;Schroder International Selection Fund Emerging Asia B Accumulation EUR;Schroder Investment Management (Europe) S.A.;Equity;Asia ex-Japan Equity;RV Asia (ex-Japón);EUR;Luxemburgo;6;4;2.44;1.5;26.29;43.6;19.99;7.78;2006-03-17;True;False;1000;2026-08-24
LU0229940001;Templeton Asian Growth A(acc)EUR;Templeton Asian Growth Fund A(acc)EUR;Franklin Templeton International Services S.à r.l.;Equity;Asia ex-Japan Equity;RV Asia (ex-Japón);EUR;Luxemburgo;6;3;2.1;1.85;36.15;50.21;22.41;8;2005-10-25;True;False;;2026-08-24
LU0128522157;Templeton Asian Growth A(acc)USD;Templeton Asian Growth Fund A(acc)USD;Franklin Templeton International Services S.à r.l.;Equity;Asia ex-Japan Equity;RV Asia (ex-Japón);USD;Luxemburgo;6;3;2.1;1.85;35.3;51.15;25.27;7.96;2001-05-14;True;False;1000;2026-08-24
LU0235996351;UBS (Lux) KSS Asian Eqs $ USD P Acc;UBS (Lux) Key Selection SICAV - Asian Equities (USD) USD P-acc;UBS Asset Management (Europe) S.A.;Equity;Asia ex-Japan Equity;RV Asia (ex-Japón);USD;Luxemburgo;6;4;2.12;1.63;31.71;52.13;26.14;8.09;2006-04-24;True;False;;2026-08-24
LU0702159772;Fidelity Asian Smaller Coms A-Acc-EUR;Fidelity Funds - Asian Smaller Companies Fund A-Acc-EUR;FIL Investment Management (Luxembourg) S.à r.l.;Equity;Asia ex-Japan Equity;RV Asia (ex-Japón) Cap. Peq/Mediana;EUR;Luxemburgo;5;3;;1.5;5;7.77;8.36;6.58;2011-12-07;True;False;;2026-08-24
LU0702159699;Fidelity Asian Smaller Coms A-Acc-USD;Fidelity Funds - Asian Smaller Companies Fund A-Acc-USD;FIL Investment Management (Luxembourg) S.à r.l.;Equity;Asia ex-Japan Equity;RV Asia (ex-Japón) Cap. Peq/Mediana;USD;Luxemburgo;5;3;;1.5;4.53;8.49;10.94;6.57;2011-12-07;True;False;2500;2026-08-24
LU0702159426;Fidelity Asian Smaller Coms A-Dis-EUR;Fidelity Funds - Asian Smaller Companies Fund A-DIST-EUR;FIL Investment Management (Luxembourg) S.à r.l.;Equity;Asia ex-Japan Equity;RV Asia (ex-Japón) Cap. Peq/Mediana;EUR;Luxemburgo;5;3;;1.5;5;7.76;8.36;6.58;2011-12-07;True;False;;2026-08-24
LU0390135415;Templeton Asian Smlr Coms A(acc)EUR;Templeton Asian Smaller Companies Fund A(acc)EUR;Franklin Templeton International Services S.à r.l.;Equity;Asia ex-Japan Equity;RV Asia (ex-Japón) Cap. Peq/Mediana;EUR;Luxemburgo;5;3;2.15;1.85;14.36;12.88;11.2;5.46;2008-10-14;True;False;;2026-08-24
LU0390135332;Templeton Asian Smlr Coms A(acc)USD;Templeton Asian Smaller Companies Fund A(acc)USD;Franklin Templeton International Services S.à r.l.;Equity;Asia ex-Japan Equity;RV Asia (ex-Japón) Cap. Peq/Mediana;USD;Luxemburgo;5;3;2.15;1.85;13.65;13.6;13.81;5.42;2008-10-14;True;False;1000;2026-08-24
LU0348784041;Allianz Oriental Income AT EUR;Allianz Global Investors Fund - Allianz Oriental Income AT EUR;Allianz Global Investors GmbH;Equity;Asia Equity;RV Asia Pacífico;EUR;Luxemburgo;6;4;1.8;1.8;25.54;35.46;19.7;9.91;2009-12-07;True;False;0;2026-08-24
LU0348784397;Allianz Oriental Income AT USD;Allianz Global Investors Fund - Allianz Oriental Income AT USD;Allianz Global Investors GmbH;Equity;Asia Equity;RV Asia Pacífico;USD;Luxemburgo;6;4;1.8;1.8;25.19;36.02;22.63;10;2005-12-12;True;False;0;2026-08-24
LU0368678339;Fidelity Pacific A-Acc-EUR;Fidelity Funds - Pacific Fund A-Acc-EUR;FIL Investment Management (Luxembourg) S.à r.l.;Equity;Asia Equity;RV Asia Pacífico;EUR;Luxemburgo;6;2;;1.5;23.96;34.27;19.94;5.91;2008-06-02;True;False;;2026-08-24
LU0049112450;Fidelity Pacific A-Dis-USD;Fidelity Funds - Pacific Fund A-DIST-USD;FIL Investment Management (Luxembourg) S.à r.l.;Equity;Asia Equity;RV Asia Pacífico;USD;Luxemburgo;6;2;;1.5;23.42;35.19;22.79;5.89;1994-01-10;True;False;1000;2026-08-24
LU0217390573;JPM Pacific Equity A acc EUR;JPMorgan Funds - Pacific Equity Fund A (acc) EUR;JPMorgan Asset Management (Europe) S.à r.l.;Equity;Asia Equity;RV Asia Pacífico;EUR;Luxemburgo;6;3;;1.5;19.44;28.38;17.19;5.01;2005-09-20;True;False;35000;2026-08-24
LU0052474979;JPM Pacific Equity A dist USD;JPMorgan Funds - Pacific Equity Fund A (dist) USD;JPMorgan Asset Management (Europe) S.à r.l.;Equity;Asia Equity;RV Asia Pacífico;USD;Luxemburgo;6;3;;1.5;18.97;29.09;19.99;5.03;1988-11-16;True;False;35000;2026-08-24
LU0217390656;JPM Pacific Equity D acc EUR;JPMorgan Funds - Pacific Equity Fund D (acc) EUR;JPMorgan Asset Management (Europe) S.à r.l.;Equity;Asia Equity;RV Asia Pacífico;EUR;Luxemburgo;6;3;;1.5;18.84;27.35;16.26;4.16;2006-05-08;True;False;0;2026-08-24
LU0117866854;JPM Pacific Equity D acc USD;JPMorgan Funds - Pacific Equity Fund D (acc) USD;JPMorgan Asset Management (Europe) S.à r.l.;Equity;Asia Equity;RV Asia Pacífico;USD;Luxemburgo;6;3;;1.5;18.37;28.06;19.07;4.21;2000-10-13;True;False;5000;2026-08-24
LU0487305319;Robeco Asia-Pacific Equities D $;Robeco Asia-Pacific Equities D $;Robeco Institutional Asset Management BV;Equity;Asia Equity;RV Asia Pacífico;USD;Luxemburgo;6;5;1.76;1.5;25.51;40.38;26.05;13.52;2010-02-18;True;False;0;2026-08-24
LU0084617165;Robeco Asia-Pacific Equities D €;Robeco Asia-Pacific Equities D €;Robeco Institutional Asset Management BV;Equity;Asia Equity;RV Asia Pacífico;EUR;Luxemburgo;5;5;1.76;1.5;26.17;40.14;23.07;13.51;1998-04-17;True;False;0;2026-08-24
IE0003782467;BNY Mellon Asian Opports EUR A Acc;BNY Mellon Asian Opportunities Fund EUR A Acc;BNY Mellon Fund Management (Lux) S.A.;Equity;Asia ex-Japan Equity;RV Asia Pacífico (ex-Japón);EUR;Irlanda;5;2;;2;17.09;23.55;12.81;3.35;2002-01-02;True;False;5000;2026-08-24
IE0003795394;BNY Mellon Asian Opports USD A Acc;BNY Mellon Asian Opportunities Fund USD A Acc;BNY Mellon Fund Management (Lux) S.A.;Equity;Asia ex-Japan Equity;RV Asia Pacífico (ex-Japón);USD;Irlanda;6;2;;2;16.65;24.1;15.53;3.4;2001-12-10;True;False;5000;2026-08-24
LU0345361124;Fidelity Asia Pacific Opps A-Acc-EUR;Fidelity Funds - Asia Pacific Opportunities Fund A-Acc-EUR;FIL Investment Management (Luxembourg) S.à r.l.;Equity;Asia ex-Japan Equity;RV Asia Pacífico (ex-Japón);EUR;Luxemburgo;5;2;;1.5;8.69;7.69;7.74;2.53;2008-02-18;True;False;;2026-08-24
LU2008162690;Fidelity Asia Pacific Opps A-Acc-USD;Fidelity Funds - Asia Pacific Opportunities Fund A-Acc-USD;FIL Investment Management (Luxembourg) S.à r.l.;Equity;Asia ex-Japan Equity;RV Asia Pacífico (ex-Japón);USD;Luxemburgo;6;1;;1.5;8.22;8.36;10.28;2.52;2019-06-12;True;False;2500;2026-08-24
LU0441855714;JPM Asia Pacific Equity A acc EUR;JPMorgan Funds - Asia Pacific Equity Fund A (acc) EUR;JPMorgan Asset Management (Europe) S.à r.l.;Equity;Asia ex-Japan Equity;RV Asia Pacífico (ex-Japón);EUR;Luxemburgo;6;4;1.8;1.5;29.35;44.96;23.96;10.66;2009-09-09;True;False;35000;2026-08-24
LU0441854154;JPM Asia Pacific Equity A acc USD;JPMorgan Funds - Asia Pacific Equity Fund A (acc) USD;JPMorgan Asset Management (Europe) S.à r.l.;Equity;Asia ex-Japan Equity;RV Asia Pacífico (ex-Japón);USD;Luxemburgo;6;4;1.8;1.5;28.78;45.63;26.85;10.62;2009-09-09;True;False;35000;2026-08-24
LU0613488591;JPM Asia Pacific Equity A dist USD;JPMorgan Funds - Asia Pacific Equity Fund A (dist) USD;JPMorgan Asset Management (Europe) S.à r.l.;Equity;Asia ex-Japan Equity;RV Asia Pacífico (ex-Japón);USD;Luxemburgo;6;4;1.8;1.5;28.8;45.71;26.89;10.66;2011-04-07;True;False;35000;2026-08-24
LU0441856365;JPM Asia Pacific Equity D acc EUR;JPMorgan Funds - Asia Pacific Equity Fund D (acc) EUR;JPMorgan Asset Management (Europe) S.à r.l.;Equity;Asia ex-Japan Equity;RV Asia Pacífico (ex-Japón);EUR;Luxemburgo;6;4;2.55;1.5;28.66;43.79;22.97;9.78;2013-09-13;True;False;5000;2026-08-24
LU0441854741;JPM Asia Pacific Equity D acc USD;JPMorgan Funds - Asia Pacific Equity Fund D (acc) USD;JPMorgan Asset Management (Europe) S.à r.l.;Equity;Asia ex-Japan Equity;RV Asia Pacífico (ex-Japón);USD;Luxemburgo;6;4;2.55;1.5;28.16;44.57;25.9;9.78;2013-09-13;True;False;5000;2026-08-24
LU1670618187;M&G (Lux) Asian A EUR Acc;M&G (Lux) Asian Fund EUR A Acc;M&G Luxembourg S.A.;Equity;Asia ex-Japan Equity;RV Asia Pacífico (ex-Japón);EUR;Luxemburgo;6;4;1.74;1.5;24.22;38.09;25.74;14.51;2018-10-26;True;False;;2026-08-24
LU0498180339;abrdn-Asia Pac Sustainable Eq A Acc EUR;abrdn SICAV I - Asia Pacific Sustainable Equity Fund A Acc EUR;abrdn Investments Luxembourg S.A.;Equity;Asia ex-Japan Equity;RV Asia Pacífico (ex-Japón);EUR;Luxemburgo;5;2;;1.75;23.52;36.35;15.8;4.51;2011-01-13;True;False;1000;2026-08-24
LU0011963245;abrdn-Asia Pac Sustainable Eq A Acc USD;abrdn SICAV I - Asia Pacific Sustainable Equity Fund A Acc USD;abrdn Investments Luxembourg S.A.;Equity;Asia ex-Japan Equity;RV Asia Pacífico (ex-Japón);USD;Luxemburgo;6;2;;1.75;22.85;36.95;18.58;4.55;1988-04-26;True;False;500;2026-08-24
LU0820944071;Schroder ISF Asian Eq Yld A Acc EUR;Schroder International Selection Fund Asian Equity Yield A Accumulation EUR;Schroder Investment Management (Europe) S.A.;Equity;Asia ex-Japan Equity;RV Asia Pacífico (ex-Japón) Alto Dividendo;EUR;Luxemburgo;5;3;;1.5;25.69;35.84;21.85;11.08;2012-09-12;True;False;1000;2026-08-24
LU0188438112;Schroder ISF Asian Eq Yld A Acc USD;Schroder International Selection Fund Asian Equity Yield A Accumulation USD;Schroder Investment Management (Europe) S.A.;Equity;Asia ex-Japan Equity;RV Asia Pacífico (ex-Japón) Alto Dividendo;USD;Luxemburgo;6;3;;1.5;25.15;36.35;24.73;11.13;2004-06-11;True;False;1000;2026-08-24
LU0256780106;Candriam Eqs L Australia C EUR Cap;Candriam Equities L Australia Class C EUR Cap;Candriam;Equity;Australia & New Zealand Equity;RV Australia y Nueva Zelanda;EUR;Luxemburgo;6;2;1.89;1.5;14.32;14.47;10.73;6.69;2006-07-04;True;False;0;2026-08-24
LU0261950041;Fidelity Australian Divers Eq A-Acc-AUD;Fidelity Funds - Australian Diversified Equity Fund A-Acc-AUD;FIL Investment Management (Luxembourg) S.à r.l.;Equity;Australia & New Zealand Equity;RV Australia y Nueva Zelanda;AUD;Luxemburgo;5;2;;1.5;6.66;2.8;10.76;5.46;2006-09-25;True;False;;2026-08-24
LU0265267954;BNP Paribas Brazil Equity N C;BNP Paribas Funds Brazil Equity N Capitalisation;BNP Paribas Asset Management Luxembourg;Equity;Latin America Equity;RV Brasil;USD;Luxemburgo;7;2;;1.75;4.61;20.87;5.62;0.89;2006-12-12;True;False;;2026-08-24
IE00B23S7K36;BNY Mellon Brazil Equity EUR A Acc;BNY Mellon Brazil Equity Fund EUR A Acc;BNY Mellon Fund Management (Lux) S.A.;Equity;Latin America Equity;RV Brasil;EUR;Irlanda;7;4;2.19;2;0.83;14.05;7;5.64;2007-09-14;True;False;5000;2026-08-24
IE00B23S7L43;BNY Mellon Brazil Equity USD A Acc;BNY Mellon Brazil Equity Fund USD A Acc;BNY Mellon Fund Management (Lux) S.A.;Equity;Latin America Equity;RV Brasil;USD;Irlanda;7;4;2.19;2;0.3;14.37;9.63;5.63;2007-08-31;True;False;5000;2026-08-24
LU0616856935;DWS Invest Brazilian Equities LC;DWS Invest Brazilian Equities LC;DWS Investment S.A.;Equity;Latin America Equity;RV Brasil;EUR;Luxemburgo;7;4;1.94;1.75;7.92;24.84;5.33;5.1;2012-10-01;True;False;0;2026-08-24
LU0196696453;HSBC GIF Brazil Equity AC;HSBC Global Investment Funds - Brazil Equity AC;HSBC Global Invesment Funds;Equity;Latin America Equity;RV Brasil;USD;Luxemburgo;7;2;;1.75;6.62;25.28;8.45;2.88;2004-09-06;True;False;5000;2026-08-24
LU0551369712;HSBC GIF Brazil Equity ACEUR;HSBC Global Investment Funds - Brazil Equity ACEUR;HSBC Global Invesment Funds;Equity;Latin America Equity;RV Brasil;EUR;Luxemburgo;7;2;;1.75;7.39;24.68;5.96;2.89;2011-06-28;True;False;5000;2026-08-24
LU0359201612;BGF China A2;BlackRock Global Funds - China Fund A2;BlackRock (Luxembourg) SA;Equity;Greater China Equity;RV China;USD;Luxemburgo;7;3;1.82;1.5;-1.22;2.16;11.89;-3.78;2008-06-24;True;False;5000;2026-08-24
LU0823426308;BNP Paribas China Eq Cl C;BNP Paribas Funds China Equity Classic Capitalisation;BNP Paribas Asset Management Luxembourg;Equity;Greater China Equity;RV China;USD;Luxemburgo;7;4;1.95;1.75;2.63;6.44;11.47;-3.27;2013-05-17;True;False;0;2026-08-24
LU0823425839;BNP Paribas China Eq Cl EUR C;BNP Paribas Funds China Equity Classic EUR Capitalisation;BNP Paribas Asset Management Luxembourg;Equity;Greater China Equity;RV China;EUR;Luxemburgo;6;4;;1.75;3.26;5.92;8.91;-3.26;2013-05-17;True;False;0;2026-08-24
LU1160365091;EdRF China A EUR;Edmond de Rothschild Fund - China A EUR;Edmond de Rothschild Asset Management (France);Equity;Greater China Equity;RV China;EUR;Luxemburgo;7;2;2.16;1.7;-9.65;-11.49;4.3;-4.57;2015-06-25;True;False;0;2026-08-24
LU0594300096;Fidelity China Consumer A-Acc-EUR;Fidelity Funds - China Consumer Fund A-Acc-EUR;FIL Investment Management (Luxembourg) S.à r.l.;Equity;Greater China Equity;RV China;EUR;Luxemburgo;7;2;;1.5;-6.64;-7.31;0.45;-6.69;2011-02-23;True;False;;2026-08-24
LU0594300179;Fidelity China Consumer A-Acc-USD;Fidelity Funds - China Consumer Fund A-Acc-USD;FIL Investment Management (Luxembourg) S.à r.l.;Equity;Greater China Equity;RV China;USD;Luxemburgo;7;2;;1.5;-7.02;-6.74;2.82;-6.7;2011-02-23;True;False;1000;2026-08-24
LU0594300419;Fidelity China Consumer A-Dis-USD;Fidelity Funds - China Consumer Fund A-DIST-USD;FIL Investment Management (Luxembourg) S.à r.l.;Equity;Greater China Equity;RV China;USD;Luxemburgo;7;2;;1.5;-7.03;-6.68;2.82;-6.71;2011-02-23;True;False;2500;2026-08-24
LU0318931192;Fidelity China Focus A-Acc-EUR;Fidelity Funds - China Focus Fund A-Acc-EUR;FIL Investment Management (Luxembourg) S.à r.l.;Equity;Greater China Equity;RV China;EUR;Luxemburgo;6;4;;1.5;-6.38;-4.83;4.93;2.88;2007-09-24;True;False;;2026-08-24
LU0173614495;Fidelity China Focus A-Dis-USD;Fidelity Funds - China Focus Fund A-DIST-USD;FIL Investment Management (Luxembourg) S.à r.l.;Equity;Greater China Equity;RV China;USD;Luxemburgo;6;4;;1.5;-6.77;-4.18;7.41;2.87;2003-08-18;True;False;1000;2026-08-24
IE00B1W3X048;GAM Star China Equity A USD Acc;GAM Star Fund plc - GAM Star China Equity Class A USD Accumulation;GAM Fund Management Limited;Equity;Greater China Equity;RV China;USD;Irlanda;7;2;;1.1;-8.63;-8.79;8.16;-6.47;2009-10-01;True;False;10000;2026-08-24
IE00B1W3WK72;GAM Star China Equity Ord EUR Acc;GAM Star Fund plc - GAM Star China Equity Class Ordinary EUR Accumulation;GAM Fund Management Limited;Equity;Greater China Equity;RV China;EUR;Irlanda;7;2;;1.35;-8.02;-8.74;5.85;-6.25;2011-03-04;True;False;10000;2026-08-24
LU0210526637;JPM China A acc USD;JPMorgan Funds - China Fund A (acc) USD;JPMorgan Asset Management (Europe) S.à r.l.;Equity;Greater China Equity;RV China;USD;Luxemburgo;7;3;1.8;1.5;0.53;5.44;8.56;-5.55;2005-03-31;True;False;35000;2026-08-24
LU0051755006;JPM China A dist USD;JPMorgan Funds - China Fund A (dist) USD;JPMorgan Asset Management (Europe) S.à r.l.;Equity;Greater China Equity;RV China;USD;Luxemburgo;7;3;1.8;1.5;0.53;5.44;8.55;-5.56;1994-07-04;True;False;35000;2026-08-24
LU0522352607;JPM China D acc EUR;JPMorgan Funds - China Fund D (acc) EUR;JPMorgan Asset Management (Europe) S.à r.l.;Equity;Greater China Equity;RV China;EUR;Luxemburgo;7;2;2.8;1.5;0.29;3.84;4.99;-6.5;2010-07-13;True;False;5000;2026-08-24
LU0117867159;JPM China D acc USD;JPMorgan Funds - China Fund D (acc) USD;JPMorgan Asset Management (Europe) S.à r.l.;Equity;Greater China Equity;RV China;USD;Luxemburgo;7;2;2.8;1.5;-0.11;4.39;7.47;-6.5;2000-10-13;True;False;5000;2026-08-24
LU0625737910;Pictet-China Index P EUR;Pictet-China Index P EUR;Pictet Asset Management (Europe) SA;Equity;Greater China Equity;RV China;EUR;Luxemburgo;7;3;0.67;0.6;-7.2;-5.82;8.12;-1.22;2011-07-12;True;True;0;2026-08-24
LU0187077309;Robeco Chinese Equities D €;Robeco Chinese Equities D €;Robeco Institutional Asset Management BV;Equity;Greater China Equity;RV China;EUR;Luxemburgo;7;3;1.85;1.6;-2.87;0.62;7.09;-5.43;2004-06-07;True;False;0;2026-08-24
LU1831875890;Schroder ISF All China Equity B Acc EUR;Schroder International Selection Fund All China Equity B Accumulation EUR;Schroder Investment Management (Europe) S.A.;Equity;Greater China Equity;RV China;EUR;Luxemburgo;6;2;2.47;1.5;-1.44;5.34;4.33;-4.15;2018-06-27;True;False;1000;2026-08-24
LU2345993211;Schroder ISF China Opps A Acc EUR;Schroder International Selection Fund China Opportunities A Accumulation EUR;Schroder Investment Management (Europe) S.A.;Equity;Greater China Equity;RV China;EUR;Luxemburgo;6;2;1.83;1.5;-1.9;3.96;5.57;-3.39;2021-06-15;True;False;1000;2026-08-24
LU0244354667;Schroder ISF China Opps A Acc USD;Schroder International Selection Fund China Opportunities A Accumulation USD;Schroder Investment Management (Europe) S.A.;Equity;Greater China Equity;RV China;USD;Luxemburgo;7;3;;1.5;-2.32;4.35;8.07;-3.34;2006-02-17;True;False;1000;2026-08-24
LU0260864003;Templeton China A(Ydis)EUR;Templeton China Fund A(Ydis)EUR;Franklin Templeton International Services S.à r.l.;Equity;Greater China Equity;RV China;EUR;Luxemburgo;7;1;2.28;2.1;-4.66;-1.04;4.77;-6.44;2006-09-01;True;False;;2026-08-24
LU0052750758;Templeton China A(acc)USD;Templeton China Fund A(acc)USD;Franklin Templeton International Services S.à r.l.;Equity;Greater China Equity;RV China;USD;Luxemburgo;7;1;2.28;2.1;-5.25;-0.41;7.24;-6.45;1994-09-01;True;False;1000;2026-08-24
LU2131365186;UBS (Lux) EF China Oppo(USD) P EUR acc;UBS (Lux) Equity Fund - China Opportunity (USD) P EUR acc;UBS Asset Management (Europe) S.A.;Equity;Greater China Equity;RV China;EUR;Luxemburgo;6;2;2.38;1.87;-7.08;-7.26;3.83;-4.15;2020-03-06;True;False;;2026-08-24
LU0476876163;abrdn-All China Sustainable Eq S AccUSD;abrdn SICAV I - All China Sustainable Equity Fund S Acc USD;abrdn Investments Luxembourg S.A.;Equity;Greater China Equity;RV China;USD;Luxemburgo;6;3;;1.92;0;4.5;8.98;-3.83;2010-05-18;True;False;500;2026-08-24
LU1997244873;Allianz China A Shares A EUR;Allianz Global Investors Fund - Allianz China A Shares A EUR;Allianz Global Investors GmbH;Equity;Greater China Equity;RV China - A Shares;EUR;Luxemburgo;6;3;2.25;2.25;17.04;41.59;14.62;-1.8;2019-10-23;True;False;0;2026-08-24
LU1997245177;Allianz China A Shares AT USD;Allianz Global Investors Fund - Allianz China A Shares AT USD;Allianz Global Investors GmbH;Equity;Greater China Equity;RV China - A Shares;USD;Luxemburgo;6;4;2.25;2.25;16.67;42.13;17.41;-1.77;2009-03-31;True;False;0;2026-08-24
LU1580142542;BGF Systematic China A-Shr Opps A2;BlackRock Global Funds - Systematic China A-Share Opportunities Fund A2;BlackRock (Luxembourg) SA;Equity;Greater China Equity;RV China - A Shares;USD;Luxemburgo;6;3;1.83;1.5;9.13;18.69;13.8;0.43;2017-10-26;True;False;5000;2026-08-24
LU1255011097;JPM China AShare Opps A acc EUR;JPMorgan Funds - China A-Share Opportunities Fund A (acc) EUR;JPMorgan Asset Management (Europe) S.à r.l.;Equity;Greater China Equity;RV China - A Shares;EUR;Luxemburgo;6;4;1.72;1.5;14.35;32.28;10.32;-2.1;2015-09-11;True;False;35000;2026-08-24
LU1706168710;JPM China AShare Opps D acc EUR;JPMorgan Funds - China A-Share Opportunities Fund D (acc) EUR;JPMorgan Asset Management (Europe) S.à r.l.;Equity;Greater China Equity;RV China - A Shares;EUR;Luxemburgo;6;2;2.47;1.5;13.81;31.3;9.48;-2.83;2017-10-31;True;False;5000;2026-08-24
LU1146622755;abrdn-China A Share Sust Eq A Acc USD;abrdn SICAV I - China A Share Sustainable Equity Fund A Acc USD;abrdn Investments Luxembourg S.A.;Equity;Greater China Equity;RV China - A Shares;USD;Luxemburgo;6;3;;1.75;9.09;23.44;9.23;-2.56;2015-03-16;True;False;500;2026-08-24
LU0301637293;JPM Korea Equity A acc EUR;JPMorgan Funds - Korea Equity Fund A (acc) EUR;JPMorgan Asset Management (Europe) S.à r.l.;Equity;Korea Equity;RV Corea;EUR;Luxemburgo;6;2;1.8;1.5;59.66;107.7;35.5;14.68;2007-09-28;True;False;35000;2026-08-24
LU0301634860;JPM Korea Equity A acc USD;JPMorgan Funds - Korea Equity Fund A (acc) USD;JPMorgan Asset Management (Europe) S.à r.l.;Equity;Korea Equity;RV Corea;USD;Luxemburgo;7;2;1.8;1.5;59.03;108.83;38.71;14.69;2007-09-28;True;False;35000;2026-08-24
LU0301638341;JPM Korea Equity D acc USD;JPMorgan Funds - Korea Equity Fund D (acc) USD;JPMorgan Asset Management (Europe) S.à r.l.;Equity;Korea Equity;RV Corea;USD;Luxemburgo;7;2;2.8;1.5;58.08;106.8;37.31;13.55;2007-09-28;True;False;5000;2026-08-24
LU0861897477;Abante GF Spanish Opportunities Fund B;Abante Global Funds Spanish Opportunities Class B;Abante Asesores Gestión SGIIC;Equity;Europe Equity Mid/Small Cap;RV España;EUR;Luxemburgo;7;2;;2;8.51;20.77;28.96;18.92;2013-06-11;True;False;0;2026-08-24
ES0125621039;Bankinter Bolsa España R FI;Bankinter Bolsa España R FI;Bankinter Gestión de Activos SGIIC;Equity;Europe Equity Large Cap;RV España;EUR;España;6;3;1.82;1.6;12.87;27.1;23.19;14.68;1998-11-11;True;False;1;2026-08-24
ES0114794037;Bankinter Indice Ibex R FI;Bankinter Indice Ibex R FI;Bankinter Gestión de Activos SGIIC;Equity;Europe Equity Large Cap;RV España;EUR;España;6;4;1.11;1;16.04;31.86;30.91;19.61;1998-04-27;True;True;1;2026-08-24
LU0563745743;Bestinver Tordesillas SICAV Iberia A;Bestinver Tordesillas SICAV Iberia A;Bestinver Gestión SGIIC;Equity;Europe Equity Mid/Small Cap;RV España;EUR;Luxemburgo;4;4;2.08;1.75;11.26;29.47;26.14;16.95;2013-10-29;True;False;1000;2026-08-24
LU0995386439;EDM Inversion/Spanish Equity R EUR;EDM Inversion/Spanish Equity R EUR;EDM Gestion, S.A.U., S.G.I.I.C.;Equity;Europe Equity Mid/Small Cap;RV España;EUR;Luxemburgo;6;1;2.58;1.25;9.76;16.66;14.98;7.63;2014-04-01;True;False;0;2026-08-24
LU0261948904;Fidelity Iberia A-Acc-EUR;Fidelity Funds - Iberia Fund A-Acc-EUR;FIL Investment Management (Luxembourg) S.à r.l.;Equity;Europe Equity Large Cap;RV España;EUR;Luxemburgo;5;4;;1.5;14.03;23.61;28.2;16.22;2006-09-25;True;False;;2026-08-24
LU0048581077;Fidelity Iberia A-Dis-EUR;Fidelity Funds - Iberia Fund A-DIST-EUR;FIL Investment Management (Luxembourg) S.à r.l.;Equity;Europe Equity Large Cap;RV España;EUR;Luxemburgo;5;4;;1.5;14.06;23.65;28.2;16.23;1990-10-01;True;False;;2026-08-24
LU1330191898;Magallanes V.I. UCITS Iberian Equity R;Magallanes Value Investors UCITS Iberian Equity R;Magallanes Value Investors SGIIC;Equity;Europe Equity Mid/Small Cap;RV España;EUR;Luxemburgo;6;3;2.22;2;10.67;21.44;24.24;15.98;2015-12-31;True;False;100;2026-08-24
LU1145111883;Pareturn Mutuafondo España Lux P EUR;Pareturn Mutuafondo España Lux Class P EUR Cap;Mutuactivos S.A.U., S.G.I.I.C.;Equity;Europe Equity Mid/Small Cap;RV España;EUR;Luxemburgo;6;4;;1.5;10.13;23.41;24.43;17.42;2015-01-05;True;False;;2026-08-24
LU0414045582;Allianz European Equity Div A EUR;Allianz Global Investors Fund - Allianz European Equity Dividend A EUR;Allianz Global Investors GmbH;Equity;Europe Equity Large Cap;RV Europa Alto Dividendo;EUR;Luxemburgo;5;3;1.8;1.8;14.34;20.62;16.12;10.17;2011-01-10;True;False;0;2026-08-24
LU0414045822;Allianz European Equity Div AT EUR;Allianz Global Investors Fund - Allianz European Equity Dividend AT EUR;Allianz Global Investors GmbH;Equity;Europe Equity Large Cap;RV Europa Alto Dividendo;EUR;Luxemburgo;5;3;1.8;1.8;14.33;20.62;16.12;10.17;2009-03-10;True;False;0;2026-08-24
LU1883311224;Amundi Fds Eurp Eq Inc Sel A2 EUR C;Amundi Funds - Europe Equity Income Select A2 EUR C;Amundi Luxembourg S.A.;Equity;Europe Equity Large Cap;RV Europa Alto Dividendo;EUR;Luxemburgo;5;3;1.81;1.5;14.38;16.03;15.05;9.47;2013-09-10;True;False;1;2026-08-24
LU1883311653;Amundi Fds Eurp Eq Inc Sel A2 EUR SATI D;Amundi Funds - Europe Equity Income Select A2 EUR SATI D;Amundi Luxembourg S.A.;Equity;Europe Equity Large Cap;RV Europa Alto Dividendo;EUR;Luxemburgo;6;3;1.81;1.5;14.38;16.02;15.05;9.47;2011-11-23;True;False;1;2026-08-24
LU0562822386;BGF European Equity Income A2;BlackRock Global Funds - European Equity Income Fund A2;BlackRock (Luxembourg) SA;Equity;Europe Equity Large Cap;RV Europa Alto Dividendo;EUR;Luxemburgo;5;3;1.82;1.5;6.25;10.73;13.11;6.72;2010-12-03;True;False;5000;2026-08-24
LU0561744862;BGF European Equity Income A5G;BlackRock Global Funds - European Equity Income Fund A5G;BlackRock (Luxembourg) SA;Equity;Europe Equity Large Cap;RV Europa Alto Dividendo;EUR;Luxemburgo;5;3;1.82;1.5;6.27;10.78;13.11;6.73;2010-12-03;True;False;;2026-08-24
LU1051768569;BGF European Equity Income A6;BlackRock Global Funds - European Equity Income Fund A6;BlackRock (Luxembourg) SA;Equity;Europe Equity Large Cap;RV Europa Alto Dividendo;EUR;Luxemburgo;5;3;1.82;1.5;6.26;10.78;13.11;6.73;2014-04-02;True;False;;2026-08-24
LU0628612748;BGF European Equity Income E2;BlackRock Global Funds - European Equity Income Fund E2;BlackRock (Luxembourg) SA;Equity;Europe Equity Large Cap;RV Europa Alto Dividendo;EUR;Luxemburgo;6;2;2.32;1.5;5.93;10.22;12.55;6.19;2011-05-20;True;False;;2026-08-24
LU0111491469;BNP Paribas Sust Eurp Div C C;BNP Paribas Funds Sustainable Europe Dividend Classic Capitalisation;BNP Paribas Asset Management Luxembourg;Equity;Europe Equity Large Cap;RV Europa Alto Dividendo;EUR;Luxemburgo;5;2;1.46;1.5;10.91;17.46;13.88;8.66;2000-10-16;True;False;0;2026-08-24
LU0353647737;Fidelity European Div A-Acc-EUR;Fidelity Funds - European Dividend Fund A-Acc-EUR;FIL Investment Management (Luxembourg) S.à r.l.;Equity;Europe Equity Large Cap;RV Europa Alto Dividendo;EUR;Luxemburgo;5;3;;1.5;6.95;9.69;14.46;9.05;2010-11-02;True;False;;2026-08-24
LU0267986122;Invesco Pan European Eq Inc A EUR Acc;Invesco Funds - Invesco Pan European Equity Income Fund A Accumulation EUR;Invesco Management S.A.;Equity;Europe Equity Large Cap;RV Europa Alto Dividendo;EUR;Luxemburgo;6;3;;1.5;14.53;21.43;13.19;8.71;2006-10-31;True;False;1000;2026-08-24
LU0169527297;JPM Europe Strategic Div A acc EUR;JPMorgan Investment Funds - Europe Strategic Dividend Fund A (acc) - EUR;JPMorgan Asset Management (Europe) S.à r.l.;Equity;Europe Equity Large Cap;RV Europa Alto Dividendo;EUR;Luxemburgo;5;5;1.75;1.5;16.9;24.82;22.16;13.37;2005-02-24;True;False;35000;2026-08-24
LU0714182432;JPM Europe Strategic Div A div EUR;JPMorgan Investment Funds - Europe Strategic Dividend Fund A (div) - EUR;JPMorgan Asset Management (Europe) S.à r.l.;Equity;Europe Equity Large Cap;RV Europa Alto Dividendo;EUR;Luxemburgo;5;5;1.76;1.5;16.88;24.8;22.14;13.35;2011-12-01;True;False;35000;2026-08-24
LU0169528261;JPM Europe Strategic Div D acc EUR;JPMorgan Investment Funds - Europe Strategic Dividend Fund D (acc) - EUR;JPMorgan Asset Management (Europe) S.à r.l.;Equity;Europe Equity Large Cap;RV Europa Alto Dividendo;EUR;Luxemburgo;5;4;2.55;1.5;16.31;23.84;21.19;12.46;2005-12-09;True;False;5000;2026-08-24
LU0714182606;JPM Europe Strategic Div D div EUR;JPMorgan Investment Funds - Europe Strategic Dividend Fund D (div) - EUR;JPMorgan Asset Management (Europe) S.à r.l.;Equity;Europe Equity Large Cap;RV Europa Alto Dividendo;EUR;Luxemburgo;5;4;2.51;1.5;16.33;23.88;21.23;12.51;2011-12-01;True;False;5000;2026-08-24
LU0319791538;Schroder ISF Eurp Div Mxmsr A Acc EUR;Schroder International Selection Fund European Dividend Maximiser A Accumulation EUR;Schroder Investment Management (Europe) S.A.;Equity;Europe Equity Large Cap;RV Europa Alto Dividendo;EUR;Luxemburgo;5;2;;1.5;13.22;19.45;13.04;6.14;2007-10-05;True;False;1000;2026-08-24
LU0321371998;Schroder ISF Eurp Div Mxmsr A Dis QF;Schroder International Selection Fund European Dividend Maximiser A Distribution EUR QF;Schroder Investment Management (Europe) S.A.;Equity;Europe Equity Large Cap;RV Europa Alto Dividendo;EUR;Luxemburgo;5;2;;1.5;13.22;19.45;13.04;6.14;2007-10-05;True;False;1000;2026-08-24
LU0566497433;UBS(LUX) ES € European Hi Div P acc;UBS (Lux) Equity SICAV - European High Dividend (EUR) P-acc;UBS Asset Management (Europe) S.A.;Equity;Europe Equity Large Cap;RV Europa Alto Dividendo;EUR;Luxemburgo;5;3;1.57;1.2;13.64;20.06;17.45;9.01;2010-12-10;True;False;0;2026-08-24
LU0235308482;Alken European Opportunities R;Alken Fund - European Opportunities Class R;AFFM SA;Equity;Europe Equity Large Cap;RV Europa Cap. Flexible;EUR;Luxemburgo;6;5;3.19;1.5;5.05;14.1;24.89;18.46;2006-01-03;True;False;0;2026-08-24
LU0866838492;Alken European Opportunities US2;Alken Fund - European Opportunities Class US2;AFFM SA;Equity;Europe Equity Large Cap;RV Europa Cap. Flexible;USD;Luxemburgo;6;5;3.35;1.5;4.51;14.32;27.93;18.47;2013-09-12;True;False;0;2026-08-24
LU3232939028;Athenee FCP Alinea Eurp Eqs M EUR Acc;Athenee FCP - Alinea European Equities M EUR Accumulated;Andbank Asset Management Luxembourg;Equity;Europe Equity Large Cap;RV Europa Cap. Flexible;EUR;Luxemburgo;;;;1;;;;;2026-03-03;True;False;;2026-08-24
LU0418790928;BSF European Opps Extension E2 EUR;BlackRock Strategic Funds - European Opportunities Extension Fund E2 EUR;BlackRock (Luxembourg) SA;Equity;Europe Equity Large Cap;RV Europa Cap. Flexible;EUR;Luxemburgo;6;3;;1.5;3.21;4.04;7.89;2.24;2009-03-25;True;False;5000;2026-08-24
ES0114802038;Bankinter Dividendo Europa R FI;Bankinter Dividendo Europa R FI;Bankinter Gestión de Activos SGIIC;Equity;Europe Equity Large Cap;RV Europa Cap. Flexible;EUR;España;6;4;1.8;1.6;12.31;20.36;12.95;8.11;1999-01-28;True;False;1;2026-08-24
LU0389173070;Bestinfund R EUR Cap;Bestinfund R EUR Cap;Bestinver Gestión SGIIC;Equity;Europe Equity Large Cap;RV Europa Cap. Flexible;EUR;Luxemburgo;4;3;;1.85;13.55;19.67;15.18;7.84;2008-12-29;True;False;0;2026-08-24
LU0389173401;Bestinver International R EUR Cap;Bestinver International R EUR Cap;Bestinver Gestión SGIIC;Equity;Europe Equity Large Cap;RV Europa Cap. Flexible;EUR;Luxemburgo;4;3;;1.85;14.76;20.6;15.06;7.57;2008-12-29;True;False;0;2026-08-24
IE00B4ZJ4188;Comgest Gr Europe Opps EUR Acc;Comgest Growth Europe Opportunities EUR Acc;Comgest Asset Management Intl Ltd;Equity;Europe Equity Large Cap;RV Europa Cap. Flexible;EUR;Irlanda;6;2;1.6;1.5;2.82;3.73;-1.17;-6.66;2009-08-07;True;False;50;2026-08-24
LU0870553020;DNCA Invest SRI Europe Gr A EUR;DNCA Invest SRI Europe Growth Class A shares EUR;DNCA Finance;Equity;Europe Equity Large Cap;RV Europa Cap. Flexible;EUR;Luxemburgo;6;2;2.12;2;5.75;5.06;2.55;-2.15;2012-12-28;True;False;2500;2026-08-24
LU1330191542;Magallanes V.I. UCITS European Eq R EUR;Magallanes Value Investors UCITS European Equity R EUR;Magallanes Value Investors SGIIC;Equity;Europe Equity Large Cap;RV Europa Cap. Flexible;EUR;Luxemburgo;6;4;1.95;2;9.87;18.01;13.97;13.12;2016-02-01;True;False;100;2026-08-24
LU1904671556;Protea Nao European Equities Rebate Cl;Protea Fund - Nao European Equities Rebate Class;Nao Asset Management ESG SGIIC;Equity;Europe Equity Large Cap;RV Europa Cap. Flexible;EUR;Luxemburgo;6;4;2.28;1.75;7.1;10.67;11.03;7.38;2019-01-22;True;False;0;2026-08-24
LU0161305163;Schroder ISF European Value A Acc EUR;Schroder International Selection Fund European Value A Accumulation EUR;Schroder Investment Management (Europe) S.A.;Equity;Europe Equity Large Cap;RV Europa Cap. Flexible;EUR;Luxemburgo;6;4;1.83;1.5;14.95;23.3;16.83;13.47;2003-01-31;True;False;1000;2026-08-24
LU1883868819;Amundi Fds Europe Equity Climate AEURC;Amundi Funds - Europe Equity Climate A EUR (C);Amundi Luxembourg S.A.;Equity;Europe Equity Large Cap;RV Europa Cap. Grande Blend;EUR;Luxemburgo;5;2;1.85;1.5;11.57;17.72;12.28;6.83;2000-12-18;True;False;1;2026-08-24
LU0389811885;Amundi IS Core MSCI Europe AE-C;Amundi Index Solutions - Amundi Core MSCI Europe AE-C;Amundi Luxembourg S.A.;Equity;Europe Equity Large Cap;RV Europa Cap. Grande Blend;EUR;Luxemburgo;5;4;;0.15;12.66;19.77;16.09;9.99;2008-09-25;True;True;;2026-08-24
IE000GBN91O8;Ardtur European Focus R EUR;Ardtur EUROPEAN FOCUS FUND EURO R;S. W. Mitchell Capital LLP;Equity;Europe Equity Large Cap;RV Europa Cap. Grande Blend;EUR;Irlanda;6;5;;1.2;15.83;23.4;20.69;16.65;2022-01-28;True;False;;2026-08-24
LU0229084990;BGF European Equity Transition A2;BlackRock Global Funds - European Equity Transition Fund A2;BlackRock (Luxembourg) SA;Equity;Europe Equity Large Cap;RV Europa Cap. Grande Blend;EUR;Luxemburgo;6;;1.82;1.5;8.58;14.15;;;2005-10-14;True;False;5000;2026-08-24
LU0823399810;BNP Paribas Europe Eq C C;BNP Paribas Funds Europe Equity Classic Capitalisation;BNP Paribas Asset Management Luxembourg;Equity;Europe Equity Large Cap;RV Europa Cap. Grande Blend;EUR;Luxemburgo;6;2;;1.5;9.8;15.32;9.34;5.27;2013-05-17;True;False;0;2026-08-24
LU0823399737;BNP Paribas Europe Eq USD C;BNP Paribas Funds Europe Equity Classic USD Capitalisation;BNP Paribas Asset Management Luxembourg;Equity;Europe Equity Large Cap;RV Europa Cap. Grande Blend;USD;Luxemburgo;6;2;;1.5;9.13;15.88;11.91;5.26;2013-05-17;True;False;0;2026-08-24
LU3051940263;BNPP Europe Strat Autonomy Cl EUR Cap;BNP Paribas Funds Europe Strategic Autonomy Classic EUR Capitalisation;BNP Paribas Asset Management Luxembourg;Equity;Europe Equity Large Cap;RV Europa Cap. Grande Blend;EUR;Luxemburgo;6;;;1.5;15.55;17.73;;;2025-05-19;True;False;;2026-08-24
ES0113574000;Bankinter Multi-Asset Invmt Europe FI;Bankinter Multi-Asset Investment Europe Investment FI;Bankinter Gestión de Activos SGIIC;Equity;Europe Equity Large Cap;RV Europa Cap. Grande Blend;EUR;España;6;4;0.56;0.4;11.08;17.67;15.31;;2022-01-21;True;False;1;2026-08-24
ES0114879036;Bankinter Renta Variable Euro R FI;Bankinter Renta Variable Euro R FI;Bankinter Gestión de Activos SGIIC;Equity;Europe Equity Large Cap;RV Europa Cap. Grande Blend;EUR;España;6;3;2.11;1.9;13.97;21.47;14.16;8.71;1998-04-27;True;False;1;2026-08-24
LU0096368971;CT (Lux) Pan European Equities DE;CT (Lux) Pan European Equities - DE;Threadneedle Management Luxembourg S.A.;Equity;Europe Equity Large Cap;RV Europa Cap. Grande Blend;EUR;Luxemburgo;6;3;1.7;1.5;9.55;15.15;12.56;6.28;1999-09-06;True;False;2500;2026-08-24
LU2027379788;Candriam Sst Eq Euro N Acc €;Candriam Sustainable Equity Europe N Acc EUR;Candriam;Equity;Europe Equity Large Cap;RV Europa Cap. Grande Blend;EUR;Luxemburgo;6;1;2.35;2;6.21;6.98;5.66;1.51;2020-08-05;True;False;;2026-08-24
LU2378104066;Candriam Sust Eq Quant Eurp C EUR Acc;Candriam Sustainable Equity Quant Europe (C-Acc) EUR;Candriam;Equity;Europe Equity Large Cap;RV Europa Cap. Grande Blend;EUR;Luxemburgo;6;3;1.94;1.5;7.63;11.16;12.88;6.61;2022-01-25;True;False;;2026-08-24
LU0157035477;Capital Group EuroCoreEq (LUX) B USD;Capital Group European Core Equity Fund (LUX) B USD;Capital International Management Company Sàrl;Equity;Europe Equity Large Cap;RV Europa Cap. Grande Blend;USD;Luxemburgo;5;3;1.45;1.3;11.72;19.97;16.77;8.83;2002-10-30;True;False;0;2026-08-24
BE0940002729;DPAM B Equities Eur Sust B € Cap;DPAM B - Equities Europe Sustainable B EUR Cap;Degroof Petercam Asset Management SA;Equity;Europe Equity Large Cap;RV Europa Cap. Grande Blend;EUR;Bélgica;6;3;1.75;1.6;10.48;13.86;9.25;3.82;2002-12-31;True;False;1;2026-08-24
LU1111642820;Eleva European Selection A2 EUR acc;Eleva European Selection A2 EUR acc;Eleva Capital S.A.S.;Equity;Europe Equity Large Cap;RV Europa Cap. Grande Blend;EUR;Luxemburgo;5;5;2.08;2;9.53;17.13;15.82;9.49;2015-06-16;True;False;0;2026-08-24
LU0719899097;Exane Funds 2 Exane Eqty Select Europe B;Exane Funds 2 Exane Equity Select Europe Fund B;Exane Asset Management;Equity;Europe Equity Large Cap;RV Europa Cap. Grande Blend;EUR;Luxemburgo;4;3;;1.8;8.93;17.08;14.64;7.66;2012-09-28;True;False;1;2026-08-24
LU0251128657;Fidelity Europe Equity ESG A-Acc-EUR;Fidelity Funds - Europe Equity ESG Fund A-Acc-EUR;FIL Investment Management (Luxembourg) S.à r.l.;Equity;Europe Equity Large Cap;RV Europa Cap. Grande Blend;EUR;Luxemburgo;6;3;;1.5;15.41;19.19;14.42;;2006-07-03;True;False;;2026-08-24
LU0296857971;Fidelity European Growth A-Acc-EUR;Fidelity Funds - European Growth Fund A-Acc-EUR;FIL Investment Management (Luxembourg) S.à r.l.;Equity;Europe Equity Large Cap;RV Europa Cap. Grande Blend;EUR;Luxemburgo;5;3;;1.5;5.59;7.38;12.35;6.65;2007-05-02;True;False;;2026-08-24
LU0048578792;Fidelity European Growth A-Dis-EUR;Fidelity Funds - European Growth Fund A-DIST-EUR;FIL Investment Management (Luxembourg) S.à r.l.;Equity;Europe Equity Large Cap;RV Europa Cap. Grande Blend;EUR;Luxemburgo;5;3;;1.5;5.62;7.4;12.36;6.66;1990-10-01;True;False;;2026-08-24
IE00B1W3XB56;GAM Star European Equity C EUR Acc;GAM Star Fund plc - GAM Star European Equity Class C EUR Accumulation;GAM Fund Management Limited;Equity;Europe Equity Large Cap;RV Europa Cap. Grande Blend;EUR;Irlanda;5;3;;1.1;6.97;12.38;11.25;5.6;2009-03-06;True;False;10000;2026-08-24
IE0002987190;GAM Star European Equity Ord EUR Acc;GAM Star Fund plc - GAM Star European Equity Ordinary EUR Accumulation;GAM Fund Management Limited;Equity;Europe Equity Large Cap;RV Europa Cap. Grande Blend;EUR;Irlanda;5;3;;1.35;7.44;13.17;12.03;6.34;1992-10-12;True;False;10000;2026-08-24
LU0234681749;GS Europe CORE Equity Base Acc EUR;Goldman Sachs Europe CORE Equity Portfolio Base Acc EUR;Goldman Sachs Asset Management B.V.;Equity;Europe Equity Large Cap;RV Europa Cap. Grande Blend;EUR;Luxemburgo;5;5;;1.25;15.02;24.98;20.4;11.74;2005-11-14;True;False;5000;2026-08-24
LU0102219945;GS Europe CORE Equity Base Inc EUR;Goldman Sachs Europe CORE Equity Portfolio Base Inc EUR;Goldman Sachs Asset Management B.V.;Equity;Europe Equity Large Cap;RV Europa Cap. Grande Blend;EUR;Luxemburgo;5;5;;1.25;15;24.96;20.4;11.74;1999-10-01;True;False;5000;2026-08-24
LU1599216030;GS Europe CORE Equity Oth Ccy Acc USD;Goldman Sachs Europe CORE Equity Portfolio Other Currency Acc USD;Goldman Sachs Asset Management B.V.;Equity;Europe Equity Large Cap;RV Europa Cap. Grande Blend;USD;Luxemburgo;6;5;;1.25;14.54;25.62;23.26;11.76;2017-04-27;True;False;5000;2026-08-24
LU0119750205;Invesco Sus Pan Eurp Sysmc Eq A EUR Acc;Invesco Funds - Invesco Sustainable Pan European Systematic Equity Fund A Acc EUR;Invesco Management S.A.;Equity;Europe Equity Large Cap;RV Europa Cap. Grande Blend;EUR;Luxemburgo;5;3;;1.3;9.52;11.89;14.84;7.67;2000-11-06;True;False;1000;2026-08-24
LU0210530662;JPM Europe Dynamic A acc EUR;JPMorgan Funds - Europe Dynamic Fund A (acc) EUR;JPMorgan Asset Management (Europe) S.à r.l.;Equity;Europe Equity Large Cap;RV Europa Cap. Grande Blend;EUR;Luxemburgo;5;4;1.74;1.5;10.38;18.37;17.02;9.82;2005-03-31;True;False;35000;2026-08-24
LU0955580203;JPM Europe Dynamic A acc USD;JPMorgan Funds - Europe Dynamic Fund A (acc) USD;JPMorgan Asset Management (Europe) S.à r.l.;Equity;Europe Equity Large Cap;RV Europa Cap. Grande Blend;USD;Luxemburgo;6;4;1.8;1.5;9.88;18.92;19.74;9.77;2013-10-23;True;False;35000;2026-08-24
LU0119063039;JPM Europe Dynamic D acc EUR;JPMorgan Funds - Europe Dynamic Fund D (acc) EUR;JPMorgan Asset Management (Europe) S.à r.l.;Equity;Europe Equity Large Cap;RV Europa Cap. Grande Blend;EUR;Luxemburgo;5;3;2.52;1.5;9.82;17.43;16.11;8.97;2000-12-08;True;False;5000;2026-08-24
LU0289089384;JPM Europe Eq Pl A perf acc EUR;JPMorgan Funds - Europe Equity Plus Fund A (perf) (acc) EUR;JPMorgan Asset Management (Europe) S.à r.l.;Equity;Europe Equity Large Cap;RV Europa Cap. Grande Blend;EUR;Luxemburgo;5;5;1.71;1.5;12.74;21.99;22.12;13.97;2007-06-25;True;False;35000;2026-08-24
LU0336375786;JPM Europe Eq Pl A perf acc USD;JPMorgan Funds - Europe Equity Plus Fund A (perf) (acc) USD;JPMorgan Asset Management (Europe) S.à r.l.;Equity;Europe Equity Large Cap;RV Europa Cap. Grande Blend;USD;Luxemburgo;6;5;1.76;1.5;12.27;22.62;24.99;13.92;2007-12-20;True;False;35000;2026-08-24
LU0289214628;JPM Europe Eq Pl D perf acc EUR;JPMorgan Funds - Europe Equity Plus Fund D (perf) (acc) EUR;JPMorgan Asset Management (Europe) S.à r.l.;Equity;Europe Equity Large Cap;RV Europa Cap. Grande Blend;EUR;Luxemburgo;5;5;2.71;1.5;12.05;20.9;21.28;13.04;2007-06-25;True;False;5000;2026-08-24
LU0336375869;JPM Europe Eq Pl D perf acc USD;JPMorgan Funds - Europe Equity Plus Fund D (perf) (acc) USD;JPMorgan Asset Management (Europe) S.à r.l.;Equity;Europe Equity Large Cap;RV Europa Cap. Grande Blend;USD;Luxemburgo;6;5;2.8;1.5;11.48;21.41;24.05;12.94;2007-12-20;True;False;5000;2026-08-24
LU0210530746;JPM Europe Equity A acc EUR;JPMorgan Funds - Europe Equity Fund A (acc) EUR;JPMorgan Asset Management (Europe) S.à r.l.;Equity;Europe Equity Large Cap;RV Europa Cap. Grande Blend;EUR;Luxemburgo;5;4;1.22;1;11.69;19.1;16.5;10.42;2005-03-31;True;False;35000;2026-08-24
LU0119078227;JPM Europe Equity A acc USD;JPMorgan Funds - Europe Equity Fund A (acc) USD;JPMorgan Asset Management (Europe) S.à r.l.;Equity;Europe Equity Large Cap;RV Europa Cap. Grande Blend;USD;Luxemburgo;6;4;1.24;1;11.25;19.74;19.25;10.41;2000-10-13;True;False;35000;2026-08-24
LU0053685029;JPM Europe Equity A dist EUR;JPMorgan Funds - Europe Equity Fund A (dist) EUR;JPMorgan Asset Management (Europe) S.à r.l.;Equity;Europe Equity Large Cap;RV Europa Cap. Grande Blend;EUR;Luxemburgo;5;4;1.21;1;11.69;19.1;16.51;10.42;1988-12-01;True;False;35000;2026-08-24
LU0117858596;JPM Europe Equity D acc EUR;JPMorgan Funds - Europe Equity Fund D (acc) EUR;JPMorgan Asset Management (Europe) S.à r.l.;Equity;Europe Equity Large Cap;RV Europa Cap. Grande Blend;EUR;Luxemburgo;5;4;2;1;11.15;18.18;15.6;9.56;2000-10-13;True;False;5000;2026-08-24
LU0079556006;JPM Europe Select Equity A acc EUR;JPMorgan Investment Funds - Europe Select Equity Fund A (acc) - EUR;JPMorgan Asset Management (Europe) S.à r.l.;Equity;Europe Equity Large Cap;RV Europa Cap. Grande Blend;EUR;Luxemburgo;5;3;1.71;1.5;11.36;19.28;12.88;7.78;1997-08-29;True;False;35000;2026-08-24
LU0337330384;JPM Europe Select Equity A acc USD;JPMorgan Investment Funds - Europe Select Equity Fund A (acc) - USD;JPMorgan Asset Management (Europe) S.à r.l.;Equity;Europe Equity Large Cap;RV Europa Cap. Grande Blend;USD;Luxemburgo;6;3;1.8;1.5;10.86;19.82;15.46;7.7;2007-12-20;True;False;35000;2026-08-24
LU0159405223;JPM Europe Select Equity D acc EUR;JPMorgan Investment Funds - Europe Select Equity Fund D (acc) - EUR;JPMorgan Asset Management (Europe) S.à r.l.;Equity;Europe Equity Large Cap;RV Europa Cap. Grande Blend;EUR;Luxemburgo;5;3;2.55;1.5;10.78;18.3;11.94;6.87;2007-03-19;True;False;5000;2026-08-24
LU0337332836;JPM Europe Select Equity D acc USD;JPMorgan Investment Funds - Europe Select Equity Fund D (acc) - USD;JPMorgan Asset Management (Europe) S.à r.l.;Equity;Europe Equity Large Cap;RV Europa Cap. Grande Blend;USD;Luxemburgo;6;3;2.55;1.5;10.33;18.92;14.59;6.87;2007-12-20;True;False;5000;2026-08-24
LU0503932328;Janus Henderson Hrzn PnEurpMd&LrgCpA2EUR;Janus Henderson Horizon Pan European Mid and Large Cap Fund A2 EUR;Janus Henderson Investors;Equity;Europe Equity Large Cap;RV Europa Cap. Grande Blend;EUR;Luxemburgo;5;3;1.9;1.2;7.29;11.19;10.54;6.39;2011-02-03;True;False;2500;2026-08-24
LU0201075453;Janus HndrsnPan Eurp A2 EUR;Janus Henderson Pan European Fund A2 EUR;Janus Henderson Investors;Equity;Europe Equity Large Cap;RV Europa Cap. Grande Blend;EUR;Luxemburgo;5;3;1.65;1.5;5.61;11.04;12.9;8.2;2005-03-24;True;False;2500;2026-08-24
LU0260085492;Jupiter European Select L EUR Acc;Jupiter European Select Class L EUR Acc;Jupiter Asset Management International S.A.;Equity;Europe Equity Large Cap;RV Europa Cap. Grande Blend;EUR;Luxemburgo;6;2;1.72;1.5;14.29;20.69;10.34;3.17;2001-08-17;True;False;500;2026-08-24
LU0648597655;MFS Meridian Blnd Rsrch Eurp Eq A1 EUR;MFS Meridian Funds - Blended Research European Equity Fund A1 EUR;MFS Investment Management Company (Lux) S.à.r.l;Equity;Europe Equity Large Cap;RV Europa Cap. Grande Blend;EUR;Luxemburgo;5;5;1.52;0.5;13.2;21.36;17.61;11.04;2011-08-22;True;False;4000;2026-08-24
LU0094557526;MFS Meridian European Research A1 EUR;MFS Meridian Funds - European Research Fund A1 EUR;MFS Investment Management Company (Lux) S.à.r.l;Equity;Europe Equity Large Cap;RV Europa Cap. Grande Blend;EUR;Luxemburgo;5;3;1.95;1.05;12.72;16.08;11.36;5.58;1999-03-12;True;False;4000;2026-08-24
LU0125951151;MFS Meridian European Value A1 EUR;MFS Meridian Funds - European Value Fund A1 EUR;MFS Investment Management Company (Lux) S.à.r.l;Equity;Europe Equity Large Cap;RV Europa Cap. Grande Blend;EUR;Luxemburgo;5;3;1.92;1.05;12.73;14.85;9.12;4.07;2002-10-01;True;False;4000;2026-08-24
LU0219440764;MFS Meridian European Value A1 USD;MFS Meridian Funds - European Value Fund A1 USD;MFS Investment Management Company (Lux) S.à.r.l;Equity;Europe Equity Large Cap;RV Europa Cap. Grande Blend;USD;Luxemburgo;6;3;1.92;1.05;12.01;15.58;11.69;4.05;2005-09-26;True;False;5000;2026-08-24
LU2020674094;Mapfre AM Inclusion Responsable R;Mapfre AM Inclusion Responsable R;Mapfre Asset Management SGIIC;Equity;Europe Equity Large Cap;RV Europa Cap. Grande Blend;EUR;Luxemburgo;6;2;;1.25;7.86;8.71;8.18;4.55;2019-12-24;True;False;10;2026-08-24
LU3076185084;Nordea 1 - Empower Europe BP EUR;Nordea 1 - Empower Europe BP EUR;Nordea Investment Funds SA;Equity;Europe Equity Large Cap;RV Europa Cap. Grande Blend;EUR;Luxemburgo;;;2.16;1.75;15.07;21.91;;;2025-06-12;True;False;0;2026-08-24
LU1706108062;Nordea 1 - Eur Sust Stars Equity E EUR;Nordea 1 - European Sustainable Stars Equity Fund E EUR;Nordea Investment Funds SA;Equity;Europe Equity Large Cap;RV Europa Cap. Grande Blend;EUR;Luxemburgo;4;3;2.56;1.5;14.37;18.88;15.37;7.61;2017-11-14;True;False;0;2026-08-24
LU0935229400;Ostrum Europe MinVol R/A EUR;Natixis AM Funds - Ostrum Europe MinVol R/A (EUR);Natixis Investment Managers International;Equity;Europe Equity Large Cap;RV Europa Cap. Grande Blend;EUR;Luxemburgo;5;2;1.85;1.6;8.93;8.1;10.13;4.38;2013-11-26;True;False;0;2026-08-24
LU0935229582;Ostrum Europe MinVol R/D EUR;Natixis AM Funds - Ostrum Europe MinVol R/D (EUR);Natixis Investment Managers International;Equity;Europe Equity Large Cap;RV Europa Cap. Grande Blend;EUR;Luxemburgo;5;2;1.85;1.6;8.93;8.1;10.11;4.37;2015-10-12;True;False;0;2026-08-24
LU0144509717;Pictet - Quest Europe Sust Eq P EUR;Pictet - Quest Europe Sustainable Equities P EUR;Pictet Asset Management (Europe) SA;Equity;Europe Equity Large Cap;RV Europa Cap. Grande Blend;EUR;Luxemburgo;5;3;1.16;1.2;9.58;14.1;13.5;7.64;2002-09-30;True;False;0;2026-08-24
LU0130731390;Pictet-Europe Index P EUR;Pictet-Europe Index P EUR;Pictet Asset Management (Europe) SA;Equity;Europe Equity Large Cap;RV Europa Cap. Grande Blend;EUR;Luxemburgo;5;4;0.44;0.45;12.25;19.25;15.79;9.71;1999-04-22;True;True;0;2026-08-24
LU0187077218;Robeco European Stars Equities D EUR;Robeco European Stars Equities D EUR;Robeco Institutional Asset Management BV;Equity;Europe Equity Large Cap;RV Europa Cap. Grande Blend;EUR;Luxemburgo;5;3;;1.25;7.06;11.39;10.51;6.14;1991-05-28;True;False;0;2026-08-24
LU0312334617;Robeco QI European Cnsrv Eqs B €;Robeco QI European Conservative Equities B €;Robeco Institutional Asset Management BV;Equity;Europe Equity Large Cap;RV Europa Cap. Grande Blend;EUR;Luxemburgo;6;3;1.01;0.8;11.55;15.37;14.89;7.17;2007-08-07;True;False;0;2026-08-24
LU0910541241;Robeco QI European Cnsrv Eqs D $;Robeco QI European Conservative Equities D $;Robeco Institutional Asset Management BV;Equity;Europe Equity Large Cap;RV Europa Cap. Grande Blend;USD;Luxemburgo;5;3;1.01;0.8;10.97;15.57;17.67;7.18;2013-03-26;True;False;0;2026-08-24
LU0339661307;Robeco QI European Cnsrv Eqs D €;Robeco QI European Conservative Equities D €;Robeco Institutional Asset Management BV;Equity;Europe Equity Large Cap;RV Europa Cap. Grande Blend;EUR;Luxemburgo;5;3;1.01;0.8;11.55;15.37;14.89;7.17;2008-01-25;True;False;0;2026-08-24
LU1910162970;Schroder ISF European Sus Eq A Acc EUR;Schroder International Selection Fund European Sustainable Equity A Accumulation EUR;Schroder Investment Management (Europe) S.A.;Equity;Europe Equity Large Cap;RV Europa Cap. Grande Blend;EUR;Luxemburgo;5;2;1.59;1.25;8.06;15.37;8.79;3.69;2018-12-12;True;False;1000;2026-08-24
LU2293689407;Schroder ISF European Sus Eq A EUR SAD;Schroder International Selection Fund European Sustainable Equity A Semi-Annual Distribution EUR;Schroder Investment Management (Europe) S.A.;Equity;Europe Equity Large Cap;RV Europa Cap. Grande Blend;EUR;Luxemburgo;5;2;1.6;1.25;8.06;15.37;8.79;3.69;2021-03-11;True;False;1000;2026-08-24
LU2022034933;Schroder ISF European Sus Eq B EUR Acc;Schroder International Selection Fund European Sustainable Equity B Accumulation EUR;Schroder Investment Management (Europe) S.A.;Equity;Europe Equity Large Cap;RV Europa Cap. Grande Blend;EUR;Luxemburgo;5;1;2.19;1.25;7.64;14.68;8.14;3.07;2019-08-08;True;False;1000;2026-08-24
LU0093666013;Templeton European Insights A acc EUR;Templeton European Insights Fund Class A (acc) EUR;Franklin Templeton International Services S.à r.l.;Equity;Europe Equity Large Cap;RV Europa Cap. Grande Blend;EUR;Luxemburgo;5;3;1.84;1.5;12.36;17.62;18.27;10.74;1999-01-08;True;False;1000;2026-08-24
LU0128521001;Templeton European Insights N acc EUR;Templeton European Insights Fund Class N (acc) EUR;Franklin Templeton International Services S.à r.l.;Equity;Europe Equity Large Cap;RV Europa Cap. Grande Blend;EUR;Luxemburgo;6;3;2.59;2.25;11.83;16.72;17.4;9.92;2001-05-14;True;False;;2026-08-24
LU0723564463;UBS (Lux) ES Eurp Opp Uncons € P;UBS (Lux) Equity SICAV - European Opportunity Unconstrained (EUR) P-acc;UBS Asset Management (Europe) S.A.;Equity;Europe Equity Large Cap;RV Europa Cap. Grande Blend;EUR;Luxemburgo;5;3;1.98;1.53;15.9;23.62;12.35;4.69;2012-06-14;True;False;0;2026-08-24
LU0006391097;UBS (Lux) Eq Eurp Opp (EUR) P acc;UBS (Lux) Equity Fund - European Opportunity (EUR) P-acc;UBS Asset Management (Europe) S.A.;Equity;Europe Equity Large Cap;RV Europa Cap. Grande Blend;EUR;Luxemburgo;5;3;1.85;1.42;16.14;22.96;12.05;4.83;1990-08-24;True;False;0;2026-08-24
IE0007987708;Vanguard €pean Stk Idx € Acc;Vanguard European Stock Index Fund EUR Acc;Vanguard Group (Ireland) Limited;Equity;Europe Equity Large Cap;RV Europa Cap. Grande Blend;EUR;Irlanda;5;4;0.12;0.12;13.17;20.38;16.43;10.28;2000-06-08;True;True;1000000;2026-08-24
IE00B8BPMF80;Wellington Strategic Eurp Eq EUR D Ac;Wellington Strategic European Equity Fund EUR D Ac;Wellington Luxembourg S.à r.l.;Equity;Europe Equity Large Cap;RV Europa Cap. Grande Blend;EUR;Irlanda;5;5;1.69;0.7;6.56;9.49;20.39;12.51;2012-12-12;True;False;5000;2026-08-24
LU0836512706;iShares Europe Equity Index (LU) A2 EUR;iShares Europe Equity Index Fund (LU) A2 EUR;BlackRock (Luxembourg) SA;Equity;Europe Equity Large Cap;RV Europa Cap. Grande Blend;EUR;Luxemburgo;5;4;0.53;0.45;13.26;20.61;15.76;9.75;2012-10-23;True;True;;2026-08-24
LU0256839191;Allianz Europe Equity Growth A EUR;Allianz Global Investors Fund - Allianz Europe Equity Growth A EUR;Allianz Global Investors GmbH;Equity;Europe Equity Large Cap;RV Europa Cap. Grande Growth;EUR;Luxemburgo;6;1;1.8;1.8;4.23;4.59;2.53;-3.17;2006-10-16;True;False;0;2026-08-24
LU0256839274;Allianz Europe Equity Growth AT EUR;Allianz Global Investors Fund - Allianz Europe Equity Growth AT EUR;Allianz Global Investors GmbH;Equity;Europe Equity Large Cap;RV Europa Cap. Grande Growth;EUR;Luxemburgo;6;1;1.8;1.8;4.23;4.59;2.53;-3.17;2006-10-16;True;False;0;2026-08-24
LU2207970232;Aperture European Innovation DX EUR Acc;Aperture Investors SICAV - European Innovation Fund DX EUR Acc;Aperture Investors UK Ltd;Equity;Europe Equity Large Cap;RV Europa Cap. Grande Growth;EUR;Luxemburgo;5;5;;0.3;18.51;27.27;21.06;11.12;2020-12-23;True;False;500;2026-08-24
LU0011846440;BGF European A2;BlackRock Global Funds - European Fund A2;BlackRock (Luxembourg) SA;Equity;Europe Equity Large Cap;RV Europa Cap. Grande Growth;EUR;Luxemburgo;6;4;1.81;1.5;9.5;11.72;8.57;2.66;1993-11-30;True;False;5000;2026-08-24
LU0154234636;BGF European Special Situations A2;BlackRock Global Funds - European Special Situations Fund A2;BlackRock (Luxembourg) SA;Equity;Europe Equity Large Cap;RV Europa Cap. Grande Growth;EUR;Luxemburgo;6;3;1.82;1.5;8.8;7.74;4.2;-0.33;2002-10-14;True;False;;2026-08-24
FR0010836163;CPR Silver Age P;CPR Silver Age P;CPR Asset Management;Equity;Europe Equity Large Cap;RV Europa Cap. Grande Growth;EUR;Francia;6;4;1.62;1.62;3.41;7.14;8.33;3.11;2009-12-22;True;False;1;2026-08-24
LU1829334819;CT (Lux) Pan Eur Focus 1E EUR;CT (Lux) Pan European Focus 1E EUR Acc;Threadneedle Management Luxembourg S.A.;Equity;Europe Equity Large Cap;RV Europa Cap. Grande Growth;EUR;Luxemburgo;6;;1.7;1.5;10.06;14.41;;;2018-10-05;True;False;0;2026-08-24
LU0344046155;Candriam Eqs L Eurp Innovt C EUR Cap;Candriam Equities L Europe Innovation Class C EUR Cap;Candriam;Equity;Europe Equity Large Cap;RV Europa Cap. Grande Growth;EUR;Luxemburgo;6;1;2.01;1.6;3.28;1.34;0.73;-4.81;2008-05-02;True;False;0;2026-08-24
LU0099161993;Carmignac Pf Grande Europe A EUR Acc;Carmignac Portfolio Grande Europe A EUR Acc;Carmignac Gestion Luxembourg S.A.;Equity;Europe Equity Large Cap;RV Europa Cap. Grande Growth;EUR;Luxemburgo;6;4;1.8;1.5;4.24;5.21;6.37;1.68;1999-07-01;True;False;0;2026-08-24
IE0004766675;Comgest Gr Europe EUR Acc;Comgest Growth Europe EUR Acc;Comgest Asset Management Intl Ltd;Equity;Europe Equity Large Cap;RV Europa Cap. Grande Growth;EUR;Irlanda;6;2;1.59;1.5;-3.33;-4.52;-0.7;-0.71;2000-05-15;True;False;50;2026-08-24
LU0028445327;EDM Intern. Strategy R EUR;EDM International Strategy R EUR;EDM Gestion, S.A.U., S.G.I.I.C.;Equity;Europe Equity Large Cap;RV Europa Cap. Grande Growth;EUR;Luxemburgo;6;3;2.82;2.5;0.5;5.54;7.7;3.85;1995-10-31;True;False;0;2026-08-24
LU0261959422;Fidelity European Dynamic Gr A-Acc-EUR;Fidelity Funds - European Dynamic Growth Fund A-Acc-EUR;FIL Investment Management (Luxembourg) S.à r.l.;Equity;Europe Equity Large Cap;RV Europa Cap. Grande Growth;EUR;Luxemburgo;6;3;;1.5;6.17;3.41;2.7;-0.76;2006-09-25;True;False;;2026-08-24
LU0202403266;Fidelity FAST Europe A-ACC-EUR;Fidelity Active Strategy - FAST - Europe Fund A-ACC-EUR;FIL Investment Management (Luxembourg) S.à r.l.;Equity;Europe Equity Large Cap;RV Europa Cap. Grande Growth;EUR;Luxemburgo;6;3;1.95;1.5;4.93;2.24;0.9;-0.35;2004-10-04;True;False;;2026-08-24
LU0348529792;Fidelity FAST Europe E-ACC-EUR;Fidelity Active Strategy - FAST - Europe Fund E-ACC-EUR;FIL Investment Management (Luxembourg) S.à r.l.;Equity;Europe Equity Large Cap;RV Europa Cap. Grande Growth;EUR;Luxemburgo;6;2;2.7;1.5;4.43;1.48;0.15;-1.09;2008-02-22;True;False;;2026-08-24
LU0210531801;JPM Europe Strategic Gr A acc EUR;JPMorgan Funds - Europe Strategic Growth Fund A (acc) EUR;JPMorgan Asset Management (Europe) S.à r.l.;Equity;Europe Equity Large Cap;RV Europa Cap. Grande Growth;EUR;Luxemburgo;5;5;1.74;1.5;12.07;16.97;14.18;6.14;2005-03-31;True;False;35000;2026-08-24
LU0107398538;JPM Europe Strategic Gr A dist EUR;JPMorgan Funds - Europe Strategic Growth Fund A (dist) EUR;JPMorgan Asset Management (Europe) S.à r.l.;Equity;Europe Equity Large Cap;RV Europa Cap. Grande Growth;EUR;Luxemburgo;5;5;1.73;1.5;12.07;17.01;14.2;6.16;2000-02-14;True;False;35000;2026-08-24
LU0117858679;JPM Europe Strategic Gr D acc EUR;JPMorgan Funds - Europe Strategic Growth Fund D (acc) EUR;JPMorgan Asset Management (Europe) S.à r.l.;Equity;Europe Equity Large Cap;RV Europa Cap. Grande Growth;EUR;Luxemburgo;5;4;2.49;1.5;11.55;16.12;13.33;5.35;2000-10-13;True;False;5000;2026-08-24
LU1387591305;MS INVF Europe Opportunity A;Morgan Stanley Investment Funds - Europe Opportunity Fund A;MSIM Fund Management (Ireland) Limited;Equity;Europe Equity Large Cap;RV Europa Cap. Grande Growth;EUR;Luxemburgo;6;2;1.74;1.5;-5.8;-6.17;3.48;-4.74;2016-04-08;True;False;0;2026-08-24
IE00B68JD125;Seilern Europa EUR U R;Seilern Europa EUR U R;Seilern International AG;Equity;Europe Equity Large Cap;RV Europa Cap. Grande Growth;EUR;Irlanda;6;2;1.76;1.5;-0.5;-6.92;1.36;-1.4;2011-01-04;True;False;500;2026-08-24
IE00B4MB6665;Seilern Europa EUR U R (Founders);Seilern Europa EUR U R (Founders);Seilern International AG;Equity;Europe Equity Large Cap;RV Europa Cap. Grande Growth;EUR;Irlanda;6;3;0.76;0.5;0.13;-5.98;2.38;-0.41;2009-10-16;True;False;500;2026-08-24
LU0094541447;abrdn-European Sust Equity A Acc EUR;abrdn SICAV I - European Sustainable Equity Fund A Acc EUR;abrdn Investments Luxembourg S.A.;Equity;Europe Equity Large Cap;RV Europa Cap. Grande Growth;EUR;Luxemburgo;6;3;;1.5;8.61;5.26;4.21;0.19;1993-01-29;True;False;1000;2026-08-24
LU0476876080;abrdn-European Sust Equity S Acc EUR;abrdn SICAV I - European Sustainable Equity Fund S Acc EUR;abrdn Investments Luxembourg S.A.;Equity;Europe Equity Large Cap;RV Europa Cap. Grande Growth;EUR;Luxemburgo;6;3;;1.92;8.32;4.82;3.77;-0.23;2010-05-18;True;False;1000;2026-08-24
LU1883314244;Amundi Fds European Eq Val A EUR C;Amundi Funds - European Equity Value A EUR C;Amundi Luxembourg S.A.;Equity;Europe Equity Large Cap;RV Europa Cap. Grande Value;EUR;Luxemburgo;6;3;1.84;1.5;15.11;24.43;16.96;11.62;2008-12-12;True;False;1;2026-08-24
LU1883314756;Amundi Fds European Eq Val A USD C;Amundi Funds - European Equity Value A USD C;Amundi Luxembourg S.A.;Equity;Europe Equity Large Cap;RV Europa Cap. Grande Value;USD;Luxemburgo;7;3;1.84;1.5;14.4;25.04;19.71;11.61;2019-06-11;True;False;1;2026-08-24
LU0072462186;BGF European Value A2;BlackRock Global Funds - European Value Fund A2;BlackRock (Luxembourg) SA;Equity;Europe Equity Large Cap;RV Europa Cap. Grande Value;EUR;Luxemburgo;5;3;1.81;1.5;9.81;15.8;17.6;11.57;1997-01-08;True;False;5000;2026-08-24
LU0171281750;BGF European Value A2 USD;BlackRock Global Funds - European Value Fund A2 USD;BlackRock (Luxembourg) SA;Equity;Europe Equity Large Cap;RV Europa Cap. Grande Value;USD;Luxemburgo;5;3;1.81;1.5;9.39;16.42;20.4;11.58;1997-01-08;True;False;;2026-08-24
LU0147394679;BGF European Value E2;BlackRock Global Funds - European Value Fund E2;BlackRock (Luxembourg) SA;Equity;Europe Equity Large Cap;RV Europa Cap. Grande Value;EUR;Luxemburgo;6;3;2.31;1.5;9.47;15.21;17.02;11.01;1997-01-08;True;False;5000;2026-08-24
IE0031574647;Brandes European Value A Euro;Brandes European Value Fund A Euro Acc;Brandes Investment Partners (Europe) Limited;Equity;Europe Equity Large Cap;RV Europa Cap. Grande Value;EUR;Irlanda;5;4;;0.7;16.21;20.91;20.9;14.51;2003-07-17;True;False;10000;2026-08-24
IE0031574530;Brandes European Value A USD;Brandes European Value Fund A USD Acc;Brandes Investment Partners (Europe) Limited;Equity;Europe Equity Large Cap;RV Europa Cap. Grande Value;USD;Irlanda;6;4;1.67;0.7;15.5;21.71;23.74;14.46;2003-02-12;True;False;10000;2026-08-24
LU0284396016;DNCA Invest Value Europe A EUR;DNCA Invest Value Europe Class A shares EUR;DNCA Finance;Equity;Europe Equity Large Cap;RV Europa Cap. Grande Value;EUR;Luxemburgo;6;3;2.78;2;14.47;18.99;19.56;13.18;2008-06-26;True;False;2500;2026-08-24
LU0140363002;Franklin Mutual European A EUR Acc;Franklin Mutual European Fund A(acc)EUR;Franklin Templeton International Services S.à r.l.;Equity;Europe Equity Large Cap;RV Europa Cap. Grande Value;EUR;Luxemburgo;5;3;1.81;1.5;12.1;17.88;16.58;11.03;2001-12-31;True;False;1000;2026-08-24
LU0109981661;Franklin Mutual European A(acc)USD;Franklin Mutual European Fund A(acc)USD;Franklin Templeton International Services S.à r.l.;Equity;Europe Equity Large Cap;RV Europa Cap. Grande Value;USD;Luxemburgo;6;3;1.82;1.5;11.4;18.63;19.32;10.99;2000-04-03;True;False;1000;2026-08-24
LU0267985231;Invesco Pan European Equity A EUR AD;Invesco Funds - Invesco Pan European Equity Fund A Annual Distribution EUR;Invesco Management S.A.;Equity;Europe Equity Large Cap;RV Europa Cap. Grande Value;EUR;Luxemburgo;5;3;;1.5;18.08;27.37;14.4;10.63;2006-12-11;True;False;1000;2026-08-24
LU0028118809;Invesco Pan European Equity A EUR Acc;Invesco Funds - Invesco Pan European Equity Fund A Accumulation EUR;Invesco Management S.A.;Equity;Europe Equity Large Cap;RV Europa Cap. Grande Value;EUR;Luxemburgo;5;3;;1.5;18.13;27.39;14.4;10.63;1991-01-02;True;False;1000;2026-08-24
LU0334858593;Invesco Pan European Equity A USD AD;Invesco Funds - Invesco Pan European Equity Fund A Annual Distribution USD;Invesco Management S.A.;Equity;Europe Equity Large Cap;RV Europa Cap. Grande Value;USD;Luxemburgo;6;3;;1.5;17.65;27.95;17.13;10.68;2008-04-28;True;False;1500;2026-08-24
LU0115141201;Invesco Pan European Equity E EUR Acc;Invesco Funds - Invesco Pan European Equity Fund E Accumulation EUR;Invesco Management S.A.;Equity;Europe Equity Large Cap;RV Europa Cap. Grande Value;EUR;Luxemburgo;5;2;;2;17.7;26.75;13.82;10.07;2000-08-14;True;False;500;2026-08-24
LU0642795305;Invesco Pan European Focus Eq A EUR Acc;Invesco Funds - Invesco Pan European Focus Equity Fund A Accumulation EUR;Invesco Management S.A.;Equity;Europe Equity Large Cap;RV Europa Cap. Grande Value;EUR;Luxemburgo;6;2;;1.5;15.01;21.86;10.49;7.8;2011-07-07;True;False;1000;2026-08-24
LU0210531983;JPM Europe Strategic Val A acc EUR;JPMorgan Funds - Europe Strategic Value Fund A (acc) EUR;JPMorgan Asset Management (Europe) S.à r.l.;Equity;Europe Equity Large Cap;RV Europa Cap. Grande Value;EUR;Luxemburgo;5;4;1.72;1.5;16.23;25.94;23.37;15.48;2005-03-31;True;False;35000;2026-08-24
LU0107398884;JPM Europe Strategic Val A dist EUR;JPMorgan Funds - Europe Strategic Value Fund A (dist) EUR;JPMorgan Asset Management (Europe) S.à r.l.;Equity;Europe Equity Large Cap;RV Europa Cap. Grande Value;EUR;Luxemburgo;5;4;1.7;1.5;16.26;25.93;23.38;15.5;2000-02-14;True;False;35000;2026-08-24
LU0117858752;JPM Europe Strategic Val D acc EUR;JPMorgan Funds - Europe Strategic Value Fund D (acc) EUR;JPMorgan Asset Management (Europe) S.à r.l.;Equity;Europe Equity Large Cap;RV Europa Cap. Grande Value;EUR;Luxemburgo;5;4;2.51;1.5;15.63;24.92;22.39;14.57;2000-10-13;True;False;5000;2026-08-24
LU1670707527;M&G (Lux) Eurp Strat Val A EUR Acc;M&G (Lux) European Strategic Value Fund EUR A Acc;M&G Luxembourg S.A.;Equity;Europe Equity Large Cap;RV Europa Cap. Grande Value;EUR;Luxemburgo;5;5;1.65;1.5;13.51;22.44;21.72;15.92;2018-09-20;True;False;;2026-08-24
LU2057292596;M&G (Lux) Eurp Strat Val A EUR Inc;M&G (Lux) European Strategic Value Fund EUR A Inc;M&G Luxembourg S.A.;Equity;Europe Equity Large Cap;RV Europa Cap. Grande Value;EUR;Luxemburgo;5;5;1.65;1.5;13.51;22.44;21.72;15.92;2019-12-06;True;False;1000;2026-08-24
LU0153925689;UBS (Lux) KSS Eurp Eq Val Opp EUR P-acc;UBS (Lux) Key Selection SICAV - European Equity Value Opportunity (EUR) P-acc;UBS Asset Management (Europe) S.A.;Equity;Europe Equity Large Cap;RV Europa Cap. Grande Value;EUR;Luxemburgo;5;4;1.83;1.4;18.73;26.43;20.09;15.16;2002-11-08;True;False;0;2026-08-24
LU0125741180;AXAWF Europe Small Cap A Cap EUR;AXA World Funds - Europe Small Cap A Capitalisation EUR;BNP PARIBAS ASSET MANAGEMENT Europe;Equity;Europe Equity Mid/Small Cap;RV Europa Cap. Mediana;EUR;Luxemburgo;6;2;2;1.75;6.52;7.26;6.23;-3.77;2001-03-09;True;False;0;2026-08-24
LU0212178916;BNP Paribas Europe Small Cap Cl C;BNP Paribas Funds Europe Small Cap Classic Capitalisation;BNP Paribas Asset Management Luxembourg;Equity;Europe Equity Mid/Small Cap;RV Europa Cap. Mediana;EUR;Luxemburgo;5;4;;1.75;9.05;14.54;15.56;3.53;2007-09-25;True;False;0;2026-08-24
ES0114764030;Bankinter Pequeñas Compañías Europa R FI;Bankinter Pequeñas Compañías Europa R FI;Bankinter Gestión de Activos SGIIC;Equity;Europe Equity Mid/Small Cap;RV Europa Cap. Mediana;EUR;España;6;3;1.91;1.6;11.51;16.08;12.07;2.98;2005-05-02;True;False;1;2026-08-24
IE0004766014;Comgest Gr Europe Smaller EUR Acc;Comgest Growth Europe Smaller Companies EUR Acc;Comgest Asset Management Intl Ltd;Equity;Europe Equity Mid/Small Cap;RV Europa Cap. Mediana;EUR;Irlanda;6;1;1.6;1.5;-1.06;-4.18;-1;-8.28;2000-04-25;True;False;50;2026-08-24
LU2357626170;DWS Invest ESG Eurp Small/Mid Cap NC;DWS Invest ESG European Small/Mid Cap NC;DWS Investment S.A.;Equity;Europe Equity Mid/Small Cap;RV Europa Cap. Mediana;EUR;Luxemburgo;6;3;2.11;2;7.95;10.15;9.89;1.47;2021-07-15;True;False;0;2026-08-24
LU0675297237;Groupama Avenir Europe NC;Groupama Avenir Europe NC;Groupama Asset Management;Equity;Europe Equity Mid/Small Cap;RV Europa Cap. Mediana;EUR;Luxemburgo;6;1;1.94;1.8;-0.87;-0.17;2.1;-7.52;2014-12-12;True;False;0;2026-08-24
LU2240056015;Lonvia Mid-Cap Europe Retail;Lonvia Mid-Cap Europe Retail;Sunny Asset Management;Equity;Europe Equity Mid/Small Cap;RV Europa Cap. Mediana;EUR;Luxemburgo;6;1;;2.2;-4.76;-7.95;-1.38;-9.23;2020-10-21;True;False;1;2026-08-24
LU0125944966;MFS Meridian European Smlr Coms A1 EUR;MFS Meridian Funds - European Smaller Companies Fund A1 EUR;MFS Investment Management Company (Lux) S.à.r.l;Equity;Europe Equity Mid/Small Cap;RV Europa Cap. Mediana;EUR;Luxemburgo;5;3;2.04;1.05;9.94;5.24;8.42;0.97;2001-11-05;True;False;4000;2026-08-24
LU0219440681;MFS Meridian European Smlr Coms A1 USD;MFS Meridian Funds - European Smaller Companies Fund A1 USD;MFS Investment Management Company (Lux) S.à.r.l;Equity;Europe Equity Mid/Small Cap;RV Europa Cap. Mediana;USD;Luxemburgo;6;3;2.04;1.05;9.25;5.91;10.98;0.95;2005-09-26;True;False;5000;2026-08-24
LU0489687243;Mandarine Unique S&M Caps Europe R EUR;Mandarine Funds - Mandarine Unique Small & Mid Caps Europe R;Mandarine Gestion;Equity;Europe Equity Mid/Small Cap;RV Europa Cap. Mediana;EUR;Luxemburgo;6;2;;1.95;3.84;3.31;5.72;-1.77;2010-03-29;True;False;50;2026-08-24
FR0000974149;Oddo BHF Avenir Europe CR-EUR;Oddo BHF Avenir Europe CR-EUR;ODDO BHF Asset Management SAS;Equity;Europe Equity Mid/Small Cap;RV Europa Cap. Mediana;EUR;Francia;6;3;;2;8.09;11.53;7.1;-0.28;1999-05-25;True;False;1;2026-08-24
FR0011380070;Oddo BHF Avenir Europe DR-EUR;Oddo BHF Avenir Europe DR-EUR;ODDO BHF Asset Management SAS;Equity;Europe Equity Mid/Small Cap;RV Europa Cap. Mediana;EUR;Francia;6;3;;2;8.09;11.54;7.1;-0.28;2012-12-27;True;False;1;2026-08-24
LU0282719219;CT (Lux) Pan Eurp SmCp Opps AE;CT (Lux) - Pan European Small Cap Opportunities Class AE (EUR Accumulation Shares);Threadneedle Management Luxembourg S.A.;Equity;Europe Equity Mid/Small Cap;RV Europa Cap. Pequeña;EUR;Luxemburgo;6;3;1.85;1.5;7.85;7.55;7.3;-3.25;2007-01-19;True;False;2500;2026-08-24
LU0261951528;Fidelity European Smlr Coms A-Acc-EUR;Fidelity Funds - European Smaller Companies Fund A-Acc-EUR;FIL Investment Management (Luxembourg) S.à r.l.;Equity;Europe Equity Mid/Small Cap;RV Europa Cap. Pequeña;EUR;Luxemburgo;6;3;;1.5;7.53;8.62;9.23;0.16;2006-09-25;True;False;;2026-08-24
LU0061175625;Fidelity European Smlr Coms A-Dis-EUR;Fidelity Funds - European Smaller Companies Fund A-DIST-EUR;FIL Investment Management (Luxembourg) S.à r.l.;Equity;Europe Equity Mid/Small Cap;RV Europa Cap. Pequeña;EUR;Luxemburgo;6;3;;1.5;7.54;8.62;9.23;0.16;1995-12-01;True;False;;2026-08-24
LU0933684283;Incometric Equam Global Value B;Incometric Equam Global Value B;ADEPA Asset Management SA;Equity;Europe Equity Mid/Small Cap;RV Europa Cap. Pequeña;EUR;Luxemburgo;5;5;;1.7;11.22;13.65;10.35;7.71;2019-09-27;True;False;100;2026-08-24
LU0210072939;JPM Europe Dyn Sm Cap A perf acc EUR;JPMorgan Funds - Europe Dynamic Small Cap Fund A (perf) (acc) EUR;JPMorgan Asset Management (Europe) S.à r.l.;Equity;Europe Equity Mid/Small Cap;RV Europa Cap. Pequeña;EUR;Luxemburgo;6;3;1.8;1.5;9.67;14;14.79;0.8;2005-01-27;True;False;35000;2026-08-24
LU0210073408;JPM Europe Dyn Sm Cap A perf dist EUR;JPMorgan Funds - Europe Dynamic Small Cap Fund A (perf) (dist) EUR;JPMorgan Asset Management (Europe) S.à r.l.;Equity;Europe Equity Mid/Small Cap;RV Europa Cap. Pequeña;EUR;Luxemburgo;6;3;1.8;1.5;9.69;14.01;14.8;0.78;2006-01-12;True;False;35000;2026-08-24
LU0210075874;JPM Europe Dyn Sm Cap D perf acc EUR;JPMorgan Funds - Europe Dynamic Small Cap Fund D (perf) (acc) EUR;JPMorgan Asset Management (Europe) S.à r.l.;Equity;Europe Equity Mid/Small Cap;RV Europa Cap. Pequeña;EUR;Luxemburgo;6;3;2.8;1.5;9.01;12.89;13.66;-0.22;2005-12-05;True;False;5000;2026-08-24
LU0210531637;JPM Europe Small Cap A acc EUR;JPMorgan Funds - Europe Small Cap Fund A (acc) EUR;JPMorgan Asset Management (Europe) S.à r.l.;Equity;Europe Equity Mid/Small Cap;RV Europa Cap. Pequeña;EUR;Luxemburgo;6;4;1.79;1.5;9.92;14.02;17.7;3.8;2005-03-31;True;False;35000;2026-08-24
LU0979428033;JPM Europe Small Cap A acc USD;JPMorgan Funds - Europe Small Cap Fund A (acc) USD;JPMorgan Asset Management (Europe) S.à r.l.;Equity;Europe Equity Mid/Small Cap;RV Europa Cap. Pequeña;USD;Luxemburgo;6;4;1.8;1.5;9.47;14.62;20.47;3.77;2013-10-29;True;False;35000;2026-08-24
LU0053687074;JPM Europe Small Cap A dist EUR;JPMorgan Funds - Europe Small Cap Fund A (dist) EUR;JPMorgan Asset Management (Europe) S.à r.l.;Equity;Europe Equity Mid/Small Cap;RV Europa Cap. Pequeña;EUR;Luxemburgo;6;4;1.75;1.5;9.93;14.06;17.73;3.83;1994-04-18;True;False;35000;2026-08-24
LU0117859560;JPM Europe Small Cap D acc EUR;JPMorgan Funds - Europe Small Cap Fund D (acc) EUR;JPMorgan Asset Management (Europe) S.à r.l.;Equity;Europe Equity Mid/Small Cap;RV Europa Cap. Pequeña;EUR;Luxemburgo;6;4;2.8;1.5;9.2;12.83;16.5;2.74;2000-10-13;True;False;5000;2026-08-24
LU1611731263;Janus Henderson Hrzn PanEurpSmrComs A1€;Janus Henderson Horizon Pan European Smaller Companies Fund A1 EUR;Janus Henderson Investors;Equity;Europe Equity Mid/Small Cap;RV Europa Cap. Pequeña;EUR;Luxemburgo;6;4;1.87;1.2;13.53;15.06;12.73;4.42;2017-06-06;True;False;2500;2026-08-24
LU0046217351;Janus Henderson Hrzn PanEurpSmrComs A2€;Janus Henderson Horizon Pan European Smaller Companies Fund A2 EUR;Janus Henderson Investors;Equity;Europe Equity Mid/Small Cap;RV Europa Cap. Pequeña;EUR;Luxemburgo;6;4;1.87;1.2;13.53;15.06;12.71;4.41;1993-08-27;True;False;2500;2026-08-24
LU0201078713;Janus HndrsnPan Eurp S&M Cp A2 EUR;Janus Henderson Pan European Small and Mid-Cap Fund A2 EUR;Janus Henderson Investors;Equity;Europe Equity Mid/Small Cap;RV Europa Cap. Pequeña;EUR;Luxemburgo;6;3;1.66;1.5;14.04;17.62;13.15;4.53;2005-03-24;True;False;2500;2026-08-24
LU0334003224;Mirabaud - Discovery Europe A EUR Acc;Mirabaud - Discovery Europe A EUR Acc;Mirabaud Asset Management Ltd;Equity;Europe Equity Mid/Small Cap;RV Europa Cap. Pequeña;EUR;Luxemburgo;6;4;1.83;1.5;6.71;11.38;18.83;3.87;2007-12-12;True;False;0;2026-08-24
LU0106237406;Schroder ISF Eurp Smlr Coms A Acc EUR;Schroder International Selection Fund European Smaller Companies A Accumulation EUR;Schroder Investment Management (Europe) S.A.;Equity;Europe Equity Mid/Small Cap;RV Europa Cap. Pequeña;EUR;Luxemburgo;6;2;1.86;1.5;10.63;7.31;6.67;-2.53;2000-01-17;True;False;1000;2026-08-24
LU0053902499;Schroder ISF Eurp Smlr Coms A Dis EUR AV;Schroder International Selection Fund European Smaller Companies A Distribution EUR AV;Schroder Investment Management (Europe) S.A.;Equity;Europe Equity Mid/Small Cap;RV Europa Cap. Pequeña;EUR;Luxemburgo;6;2;1.86;1.5;10.63;7.31;6.67;-2.53;1994-10-07;True;False;1000;2026-08-24
LU0251572656;Schroder ISF Eurp Smlr Coms A1 Acc USD;Schroder International Selection Fund European Smaller Companies A1 Accumulation USD;Schroder Investment Management (Europe) S.A.;Equity;Europe Equity Mid/Small Cap;RV Europa Cap. Pequeña;USD;Luxemburgo;6;2;2.36;1.5;9.81;7.17;8.65;-2.98;2006-04-24;True;False;1000;2026-08-24
LU2525865122;Valentum FCP - Flagship A EUR Acc;Valentum FCP - Flagship Class A EUR Acc;Valentum Asset Management SGIIC;Equity;Europe Equity Mid/Small Cap;RV Europa Cap. Pequeña;EUR;Luxemburgo;;5;;;17.51;26.92;17.73;;2023-03-03;True;False;0;2026-08-24
LU0106817157;Schroder ISF Emerging Europe A Acc EUR;Schroder International Selection Fund Emerging Europe A Accumulation EUR;Schroder Investment Management (Europe) S.A.;Equity;Europe Emerging Markets Equity;RV Europa Emergente ex-Rusia;EUR;Luxemburgo;7;3;;1.5;28.59;30.28;28.5;-2.16;2000-01-28;True;False;1000;2026-08-24
LU0251572144;Schroder ISF Emerging Europe A1 Acc USD;Schroder International Selection Fund Emerging Europe A1 Accumulation USD;Schroder Investment Management (Europe) S.A.;Equity;Europe Emerging Markets Equity;RV Europa Emergente ex-Rusia;USD;Luxemburgo;7;2;2.27;1.5;27.63;30.12;30.89;-2.61;2006-04-24;True;False;1000;2026-08-24
LU0106819104;Schroder ISF Emerging Europe B Acc EUR;Schroder International Selection Fund Emerging Europe B Accumulation EUR;Schroder Investment Management (Europe) S.A.;Equity;Europe Emerging Markets Equity;RV Europa Emergente ex-Rusia;EUR;Luxemburgo;7;2;;1.5;28.1;29.5;27.73;-2.75;2000-01-28;True;False;1000;2026-08-24
LU0224105477;BGF Continental Eurp Flex A2;BlackRock Global Funds - Continental European Flexible Fund Class A2;BlackRock (Luxembourg) SA;Equity;Europe Equity Large Cap;RV Europa ex-RU;EUR;Luxemburgo;6;3;1.82;1.5;9.91;12.86;10.94;3.84;1986-11-24;True;False;5000;2026-08-24
IE0033640594;GAM Star Continental Eurp Eq EUR Acc;GAM Star Fund plc - GAM Star Continental European Equity Class EUR Accumulation;GAM Fund Management Limited;Equity;Europe Equity Large Cap;RV Europa ex-RU;EUR;Irlanda;6;3;;1.35;7.25;13.14;12.03;6.23;2005-09-02;True;False;10000;2026-08-24
IE0033640933;GAM Star Continental Eurp Eq GBP Acc;GAM Star Fund plc - GAM Star Continental European Equity Class GBP Accumulation;GAM Fund Management Limited;Equity;Europe Equity Large Cap;RV Europa ex-RU;GBP;Irlanda;5;3;;1.35;5.27;12.01;12.15;6.21;2003-10-24;True;False;6000;2026-08-24
LU0201071890;Janus HndrsnContinen Eurp A2 EUR;Janus Henderson Continental European Fund A2 EUR;Janus Henderson Investors;Equity;Europe Equity Large Cap;RV Europa ex-RU;EUR;Luxemburgo;5;3;1.65;1.5;5.31;11.1;11.83;7.28;2004-10-29;True;False;2500;2026-08-24
LU0150924321;Janus HndrsnContinen Eurp A2 USD;Janus Henderson Continental European Fund A2 USD;Janus Henderson Investors;Equity;Europe Equity Large Cap;RV Europa ex-RU;USD;Luxemburgo;6;3;1.64;1.5;4.76;11.3;14.54;7.29;2002-07-02;True;False;2500;2026-08-24
LU0631859229;Bellevue Entrepreneur Europe Small B EUR;Bellevue Funds (Lux) - Bellevue Entrepreneur Europe Small B EUR;Bellevue Asset Management Ltd.;Equity;Europe Equity Mid/Small Cap;RV Europa ex-RU Cap. Med/Peq;EUR;Luxemburgo;5;4;2.2;1.6;10.45;13.8;15.49;4.97;2011-06-30;True;False;0;2026-08-24
LU1864952335;CT (Lux) Eur Smlr Com 1E EUR;CT (Lux) - European Smaller Companies 1E (EUR Accumulation);Threadneedle Management Luxembourg S.A.;Equity;Europe Equity Mid/Small Cap;RV Europa ex-RU Cap. Med/Peq;EUR;Luxemburgo;6;2;1.72;1.5;6.92;5.92;7.08;-1.36;2018-10-23;True;False;;2026-08-24
IE00BWCGWH04;E.I. Sturdza Strat Eurp Slvr Strs AEURUH;E.I. Sturdza Funds plc - Strategic European Silver Stars Fund A EUR UH;Eric Sturdza Asset Management S.A.;Equity;Europe Equity Mid/Small Cap;RV Europa ex-RU Cap. Med/Peq;EUR;Irlanda;6;3;;1.5;9.09;8.7;5.3;1.66;2015-05-05;True;False;0;2026-08-24
LU2798962978;Independance Am Europe Mid A (C);Independance Am Europe Mid A (C);Indépendance AM;Equity;Europe Equity Mid/Small Cap;RV Europa ex-RU Cap. Med/Peq;EUR;Luxemburgo;;;;1.95;10.79;16.2;;;2024-10-01;True;False;1;2026-08-24
LU1333148903;Azvalor Lux SICAV Azvalor Intl R;Azvalor Lux SICAV Azvalor International R;Azvalor Asset Management SGIIC;Equity;Global Equity Mid/Small Cap;RV Global  Cap. Flexible;EUR;Luxemburgo;6;3;;2.2;25.69;46.74;13.4;18.68;2015-12-18;True;False;1;2026-08-24
LU2388163516;DIP - Paradigma Value Cat Eq A EUR Acc;DIP - Paradigma Value Catalyst Equity A EUR Acc;A&G Fondos SGIIC;Equity;Global Equity Mid/Small Cap;RV Global  Cap. Flexible;EUR;Luxemburgo;6;4;;1.35;39.82;53.93;20.56;;2021-10-06;True;False;0;2026-08-24
LU2061961145;DNB Fund Disrpt Opps A EUR Acc;DNB Fund - Disruptive Opportunities A EUR (Acc);DNB Asset Management AS;Equity;Global Equity Large Cap;RV Global  Cap. Flexible;EUR;Luxemburgo;6;3;1.56;1.5;26.27;45.88;39.1;10.71;2019-12-10;True;False;0;2026-08-24
LU1048657123;FAST - Global Fund A-PF-ACC-EUR;Fidelity Active Strategy - FAST - Global Fund A-PF-ACC-EUR;FIL Investment Management (Luxembourg) S.à r.l.;Equity;Global Equity Mid/Small Cap;RV Global  Cap. Flexible;EUR;Luxemburgo;6;4;1.93;1.5;14.34;13.93;6.18;10.59;2014-04-02;True;False;;2026-08-24
LU0966156126;FAST - Global Fund A-PF-ACC-USD;Fidelity Active Strategy - FAST - Global Fund A-PF-ACC-USD;FIL Investment Management (Luxembourg) S.à r.l.;Equity;Global Equity Mid/Small Cap;RV Global  Cap. Flexible;USD;Luxemburgo;6;4;1.93;1.5;13.84;14.71;8.68;10.68;2013-09-30;True;False;2500;2026-08-24
LU0966156399;FAST - Global Fund E-PF-ACC-EUR;Fidelity Active Strategy - FAST - Global Fund E-PF-ACC-EUR;FIL Investment Management (Luxembourg) S.à r.l.;Equity;Global Equity Mid/Small Cap;RV Global  Cap. Flexible;EUR;Luxemburgo;6;4;2.68;1.5;13.8;13.11;5.41;9.69;2013-09-30;True;False;;2026-08-24
LU0332192961;GS Gbl Social Impact EQ-P Cap EUR;Goldman Sachs Global Social Impact Equity - P Cap EUR;Goldman Sachs Asset Management B.V.;Equity;Global Equity Large Cap;RV Global  Cap. Flexible;EUR;Luxemburgo;6;1;;1.5;-1.02;-6.95;3.09;;2008-12-04;True;False;0;2026-08-24
LU0119200128;GS Gbl Social Impact EQ-PCapUSD;Goldman Sachs Global Social Impact Equity - P Cap USD;Goldman Sachs Asset Management B.V.;Equity;Global Equity Large Cap;RV Global  Cap. Flexible;USD;Luxemburgo;6;1;;1.5;-1.62;-6.5;5.51;;1998-01-26;True;False;;2026-08-24
LU0332192888;GS Gbl Social Impact EQ-X Cap EUR;Goldman Sachs Global Social Impact Equity - X Cap EUR;Goldman Sachs Asset Management B.V.;Equity;Global Equity Large Cap;RV Global  Cap. Flexible;EUR;Luxemburgo;6;1;;2;-1.34;-7.41;2.58;;2008-12-04;True;False;0;2026-08-24
LU0121174428;GS Gbl Social Impact EQ-X Cap USD;Goldman Sachs Global Social Impact Equity - X Cap USD;Goldman Sachs Asset Management B.V.;Equity;Global Equity Large Cap;RV Global  Cap. Flexible;USD;Luxemburgo;6;1;;2;-1.93;-6.95;5;;2001-04-24;True;False;;2026-08-24
IE00BH6XS969;Heptagon Kopernik Glb AllCp Eq A $ Acc;Heptagon Fund ICAV - Kopernik Global All-Cap Equity Fund A USD Acc;Heptagon Capital Limited;Equity;Global Equity Mid/Small Cap;RV Global  Cap. Flexible;USD;Irlanda;6;5;1.62;1.5;13.75;37.81;29.85;16.3;2015-09-28;True;False;15000;2026-08-24
IE00BH6XSF26;Heptagon Kopernik Glb AllCp Eq AE € Acc;Heptagon Fund ICAV - Kopernik Global All-Cap Equity Fund AE EUR Acc;Heptagon Capital Limited;Equity;Global Equity Mid/Small Cap;RV Global  Cap. Flexible;EUR;Irlanda;6;5;1.62;1.5;14.35;37.57;26.78;16.3;2017-11-03;True;False;0;2026-08-24
IE00BYR8H148;Jupiter Merian World Equity L EUR Acc;Jupiter Merian World Equity Fund L EUR Acc;Jupiter Asset Management (Europe) Limited;Equity;Global Equity Large Cap;RV Global  Cap. Flexible;EUR;Irlanda;5;5;1.59;1.5;14.58;24.86;21.37;13.22;2016-03-31;True;False;500;2026-08-24
LU0386882277;Pictet - Global Megatrend Sel P EUR;Pictet - Global Megatrend Selection P EUR;Pictet Asset Management (Europe) SA;Equity;Global Equity Large Cap;RV Global  Cap. Flexible;EUR;Luxemburgo;5;3;1.99;2.4;10.19;14.77;10.26;3.2;2008-10-31;True;False;0;2026-08-24
LU0386859887;Pictet-Global Megatrend Sel P USD;Pictet-Global Megatrend Selection P USD;Pictet Asset Management (Europe) SA;Equity;Global Equity Large Cap;RV Global  Cap. Flexible;USD;Luxemburgo;6;3;1.99;2.4;9.76;15.38;12.88;3.2;2008-10-31;True;False;0;2026-08-24
LU0270904781;Pictet-Security P EUR;Pictet-Security P EUR;Pictet Asset Management (Europe) SA;Equity;Global Equity Large Cap;RV Global  Cap. Flexible;EUR;Luxemburgo;6;3;1.98;2.4;25.16;22.32;15.38;4.25;2006-10-31;True;False;0;2026-08-24
LU0256846139;Pictet-Security P USD;Pictet-Security P USD;Pictet Asset Management (Europe) SA;Equity;Global Equity Large Cap;RV Global  Cap. Flexible;USD;Luxemburgo;6;3;1.98;2.4;24.67;22.98;18.13;4.26;2006-10-31;True;False;0;2026-08-24
LU0256846303;Pictet-Security P dy USD;Pictet-Security P dy USD;Pictet Asset Management (Europe) SA;Equity;Global Equity Large Cap;RV Global  Cap. Flexible;USD;Luxemburgo;6;3;1.98;2.4;24.67;22.98;18.13;4.26;2006-10-31;True;False;0;2026-08-24
LU1048590381;Robeco QI Global Momentum Equities D €;Robeco QI Global Momentum Equities D €;Robeco Institutional Asset Management BV;Equity;Global Equity Large Cap;RV Global  Cap. Flexible;EUR;Luxemburgo;6;4;1.21;1;17.81;23;21.8;11.4;2014-03-27;True;False;0;2026-08-24
LU0909471251;UBS Lux Sec Eq Fd P acc;UBS (Lux) Investment SICAV 2 - UBS (Lux) Security Equity Fund P acc;UBS Asset Management (Europe) S.A.;Equity;Global Equity Mid/Small Cap;RV Global  Cap. Flexible;USD;Luxemburgo;6;4;;1.92;11.95;12.87;16.81;7.04;2013-05-02;True;False;0;2026-08-24
LU1883320993;Amundi Fds Glb Eq Inc Sel A2 EUR C;Amundi Funds - Global Equity Income Select A2 EUR (C);Amundi Luxembourg S.A.;Equity;Global Equity Large Cap;RV Global Alto Dividendo;EUR;Luxemburgo;5;4;;1.5;12.61;17.68;15.03;10.86;2008-03-07;True;False;1;2026-08-24
LU1883321298;Amundi Fds Glb Eq Inc Sel A2 EUR QTI D;Amundi Funds - Global Equity Income Select A2 EUR QTI (D);Amundi Luxembourg S.A.;Equity;Global Equity Large Cap;RV Global Alto Dividendo;EUR;Luxemburgo;6;4;;1.5;12.6;17.67;15.03;10.86;2012-12-06;True;False;1;2026-08-24
LU0309191657;BL-Equities Dividend B EUR;BL-Equities Dividend B EUR Acc;BLI - Banque de Luxembourg Investments SA;Equity;Global Equity Large Cap;RV Global Alto Dividendo;EUR;Luxemburgo;5;1;1.45;1.25;1.15;0.21;2.82;1.88;2007-10-31;True;False;0;2026-08-24
IE00B3V93F27;BNY Mellon Global Equity Inc EUR A Acc;BNY Mellon Global Equity Income Fund EUR A Acc;BNY Mellon Fund Management (Lux) S.A.;Equity;Global Equity Large Cap;RV Global Alto Dividendo;EUR;Irlanda;5;3;;2;14;21.73;13.22;9.86;2010-09-03;True;False;5000;2026-08-24
IE00B3XPRY57;BNY Mellon Global Equity Inc USD A Acc;BNY Mellon Global Equity Income Fund USD A Acc;BNY Mellon Fund Management (Lux) S.A.;Equity;Global Equity Large Cap;RV Global Alto Dividendo;USD;Irlanda;5;3;;2;13.56;22.34;16;9.93;2012-02-09;True;False;5000;2026-08-24
LU1864953143;CT (Lux) Sustainable Glbl Eq Inc 1E EUR;CT (Lux) - Sustainable Global Equity Income 1E (EUR Accumulation);Threadneedle Management Luxembourg S.A.;Equity;Global Equity Large Cap;RV Global Alto Dividendo;EUR;Luxemburgo;5;3;1.68;1.5;18.51;20.29;13.75;8.49;2018-10-23;True;False;;2026-08-24
LU1864953499;CT (Lux) Sustainable Glbl Eq Inc 1EP EUR;CT (Lux) - Sustainable Global Equity Income 1EP (EUR Distribution);Threadneedle Management Luxembourg S.A.;Equity;Global Equity Large Cap;RV Global Alto Dividendo;EUR;Luxemburgo;5;3;1.68;1.5;18.49;20.27;13.75;8.48;2018-10-23;True;False;;2026-08-24
LU1616932866;DWS Invest ESG Equity Income LC;DWS Invest ESG Equity Income LC;DWS Investment S.A.;Equity;Global Equity Large Cap;RV Global Alto Dividendo;EUR;Luxemburgo;5;2;1.58;1.5;14.66;18.31;13.44;7.67;2017-08-07;True;False;0;2026-08-24
LU1616932940;DWS Invest ESG Equity Income LD;DWS Invest ESG Equity Income LD;DWS Investment S.A.;Equity;Global Equity Large Cap;RV Global Alto Dividendo;EUR;Luxemburgo;5;2;1.58;1.5;14.67;18.31;13.44;7.67;2017-08-07;True;False;0;2026-08-24
LU0507265923;DWS Invest Top Dividend LC;DWS Invest Top Dividend LC;DWS Investment S.A.;Equity;Global Equity Large Cap;RV Global Alto Dividendo;EUR;Luxemburgo;4;3;1.59;1.5;16.78;24.79;14.5;9.69;2010-07-01;True;False;0;2026-08-24
LU0507266061;DWS Invest Top Dividend LD;DWS Invest Top Dividend LD;DWS Investment S.A.;Equity;Global Equity Large Cap;RV Global Alto Dividendo;EUR;Luxemburgo;4;3;1.59;1.5;16.78;24.79;14.5;9.69;2010-07-01;True;False;0;2026-08-24
LU0507266491;DWS Invest Top Dividend USD LC;DWS Invest Top Dividend USD LC;DWS Investment S.A.;Equity;Global Equity Large Cap;RV Global Alto Dividendo;USD;Luxemburgo;5;3;1.59;1.5;15.98;25.47;17.22;9.7;2010-09-13;True;False;0;2026-08-24
DE000DWS1U90;DWS Top Dividende LC;DWS Top Dividende LC;DWS Investment GmbH;Equity;Global Equity Large Cap;RV Global Alto Dividendo;EUR;Alemania;4;3;1.45;1.45;16.61;24.93;14.56;9.95;2017-09-01;True;False;0;2026-08-24
DE0009848119;DWS Top Dividende LD;DWS Top Dividende LD;DWS Investment GmbH;Equity;Global Equity Large Cap;RV Global Alto Dividendo;EUR;Alemania;4;3;1.45;1.45;16.61;24.91;14.55;9.95;2003-04-28;True;False;0;2026-08-24
LU2242646235;FF - Global Dividend Pl A Acc USD;FF - Global Dividend Plus Fund A-Acc-USD;FIL Investment Management (Luxembourg) S.à r.l.;Equity;Global Equity Large Cap;RV Global Alto Dividendo;USD;Luxemburgo;5;3;;1.5;10.11;15.68;17.5;9.17;2021-06-09;True;False;;2026-08-24
LU0099575291;FF - Global Dividend Pl A EUR;FF - Global Dividend Plus Fund A-EUR;FIL Investment Management (Luxembourg) S.à r.l.;Equity;Global Equity Large Cap;RV Global Alto Dividendo;EUR;Luxemburgo;5;3;;1.5;10.58;14.87;14.77;9.19;1999-09-01;True;False;;2026-08-24
LU0115774233;FF - Global Dividend Pl E Acc EUR;FF - Global Dividend Plus Fund E-Acc-EUR;FIL Investment Management (Luxembourg) S.à r.l.;Equity;Global Equity Large Cap;RV Global Alto Dividendo;EUR;Luxemburgo;5;3;;1.5;10.07;14.09;13.91;8.37;2000-09-11;True;False;;2026-08-24
LU1261431768;Fidelity Global Dividend A-Acc-EUR;Fidelity Funds - Global Dividend Fund A-Acc-EUR;FIL Investment Management (Luxembourg) S.à r.l.;Equity;Global Equity Large Cap;RV Global Alto Dividendo;EUR;Luxemburgo;4;3;;1.5;10.82;12.43;14.8;8.85;2015-08-07;True;False;;2026-08-24
LU0772969993;Fidelity Global Dividend A-Acc-USD;Fidelity Funds - Global Dividend Fund A-Acc-USD;FIL Investment Management (Luxembourg) S.à r.l.;Equity;Global Equity Large Cap;RV Global Alto Dividendo;USD;Luxemburgo;5;3;;1.5;10.35;13.22;17.52;8.84;2012-05-04;True;False;2500;2026-08-24
LU0731782826;Fidelity Global Dividend A-MInc(G)-EUR;Fidelity Funds - Global Dividend Fund A-MINCOME(G)-EUR;FIL Investment Management (Luxembourg) S.à r.l.;Equity;Global Equity Large Cap;RV Global Alto Dividendo;EUR;Luxemburgo;4;3;;1.5;10.8;12.43;14.78;8.85;2012-01-30;True;False;;2026-08-24
LU0731783048;Fidelity Global Dividend A-MInc(G)-USD;Fidelity Funds - Global Dividend Fund A-MINCOME(G)-USD;FIL Investment Management (Luxembourg) S.à r.l.;Equity;Global Equity Large Cap;RV Global Alto Dividendo;USD;Luxemburgo;5;3;;1.5;10.34;13.21;17.54;8.84;2012-01-30;True;False;1000;2026-08-24
LU0731782404;Fidelity Global Dividend A-QInc(G)-EUR;Fidelity Funds - Global Dividend Fund A-QINCOME(G)-EUR;FIL Investment Management (Luxembourg) S.à r.l.;Equity;Global Equity Large Cap;RV Global Alto Dividendo;EUR;Luxemburgo;4;3;;1.5;10.81;12.43;14.78;8.84;2012-01-30;True;False;;2026-08-24
LU0731782586;Fidelity Global Dividend A-QInc(G)-USD;Fidelity Funds - Global Dividend Fund A-QINCOME(G)-USD;FIL Investment Management (Luxembourg) S.à r.l.;Equity;Global Equity Large Cap;RV Global Alto Dividendo;USD;Luxemburgo;5;3;;1.5;10.33;13.18;17.54;8.84;2012-01-30;True;False;2500;2026-08-24
LU1038895451;Fidelity Global Dividend E-Acc-EUR;Fidelity Funds - Global Dividend Fund E-Acc-EUR;FIL Investment Management (Luxembourg) S.à r.l.;Equity;Global Equity Large Cap;RV Global Alto Dividendo;EUR;Luxemburgo;4;3;;1.5;10.26;11.6;13.92;8.03;2014-03-10;True;False;;2026-08-24
LU0261951957;Fidelity Global Dividend Pl A Acc EUR;Fidelity Funds - Global Dividend Plus Fund A-Acc-EUR;FIL Investment Management (Luxembourg) S.à r.l.;Equity;Global Equity Large Cap;RV Global Alto Dividendo;EUR;Luxemburgo;5;3;;1.5;10.61;14.92;14.77;9.19;2006-09-25;True;False;;2026-08-24
IE00BVYPNW00;Guinness Global Equity Income C USD Acc;Guinness Global Equity Income C USD Accumulation;Guinness Asset Management Limited;Equity;Global Equity Large Cap;RV Global Alto Dividendo;USD;Irlanda;5;3;1.77;1.99;11.64;12.8;13.28;8.15;2015-03-11;True;False;0;2026-08-24
IE00BDGV0290;Guinness Global Equity Income D EUR Acc;Guinness Global Equity Income D EUR Accumulation;Guinness Asset Management Limited;Equity;Global Equity Large Cap;RV Global Alto Dividendo;EUR;Irlanda;5;3;1.27;1.49;12.58;13.17;11.15;8.69;2017-01-23;True;False;;2026-08-24
IE00B66B5L40;Guinness Global Equity Income D EUR Dist;Guinness Global Equity Income D EUR Distribution;Guinness Asset Management Limited;Equity;Global Equity Large Cap;RV Global Alto Dividendo;EUR;Irlanda;5;3;1.27;1.49;12.58;13.17;11.15;8.69;2010-12-31;True;False;;2026-08-24
LU1075210465;Invesco Global Equity Income A EUR AD;Invesco Funds - Invesco Global Equity Income Fund A Annual Distribution EUR;Invesco Management S.A.;Equity;Global Equity Large Cap;RV Global Alto Dividendo;EUR;Luxemburgo;5;4;;1.4;14.91;17.36;16.72;12.88;2014-07-23;True;False;1000;2026-08-24
LU0607513230;Invesco Global Equity Income A USD Acc;Invesco Funds - Invesco Global Equity Income Fund A Accumulation USD;Invesco Management S.A.;Equity;Global Equity Large Cap;RV Global Alto Dividendo;USD;Luxemburgo;6;4;;1.4;14.46;17.88;19.51;12.92;2011-09-30;True;False;1500;2026-08-24
LU0329202252;JPM Global Dividend A acc EUR;JPMorgan Investment Funds - Global Dividend Fund A (acc) EUR;JPMorgan Asset Management (Europe) S.à r.l.;Equity;Global Equity Large Cap;RV Global Alto Dividendo;EUR;Luxemburgo;5;3;1.69;1.5;9.04;11.7;11.25;8.54;2010-10-04;True;False;35000;2026-08-24
LU0329201957;JPM Global Dividend A acc USD;JPMorgan Investment Funds - Global Dividend Fund A (acc) USD;JPMorgan Asset Management (Europe) S.à r.l.;Equity;Global Equity Large Cap;RV Global Alto Dividendo;USD;Luxemburgo;5;3;1.7;1.5;8.61;12.29;13.88;8.54;2007-11-28;True;False;35000;2026-08-24
LU0714179727;JPM Global Dividend A div EUR;JPMorgan Investment Funds - Global Dividend Fund A (div) EUR;JPMorgan Asset Management (Europe) S.à r.l.;Equity;Global Equity Large Cap;RV Global Alto Dividendo;EUR;Luxemburgo;5;3;1.68;1.5;9.05;11.71;11.26;8.55;2011-12-01;True;False;35000;2026-08-24
LU0714181467;JPM Global Dividend A div USD;JPMorgan Investment Funds - Global Dividend Fund A (div) USD;JPMorgan Asset Management (Europe) S.à r.l.;Equity;Global Equity Large Cap;RV Global Alto Dividendo;USD;Luxemburgo;5;3;1.75;1.5;8.58;12.24;13.81;8.49;2012-01-13;True;False;35000;2026-08-24
LU0329203490;JPM Global Dividend D acc USD;JPMorgan Investment Funds - Global Dividend Fund D (acc) USD;JPMorgan Asset Management (Europe) S.à r.l.;Equity;Global Equity Large Cap;RV Global Alto Dividendo;USD;Luxemburgo;5;3;2.45;1.5;8.1;11.46;13.03;7.73;2007-11-28;True;False;5000;2026-08-24
LU1670710075;M&G (Lux) Glb Dividend A EUR Acc;M&G (Lux) Global Dividend Fund EUR A Acc;M&G Luxembourg S.A.;Equity;Global Equity Large Cap;RV Global Alto Dividendo;EUR;Luxemburgo;5;3;1.92;1.75;12.39;20.11;14.56;10.43;2018-09-20;True;False;;2026-08-24
LU1670710158;M&G (Lux) Glb Dividend A EUR Inc;M&G (Lux) Global Dividend Fund EUR A Inc;M&G Luxembourg S.A.;Equity;Global Equity Large Cap;RV Global Alto Dividendo;EUR;Luxemburgo;5;3;1.92;1.75;12.42;20.14;14.58;10.44;2018-09-20;True;False;;2026-08-24
LU1670711040;M&G (Lux) Glb Dividend A USD Acc;M&G (Lux) Global Dividend Fund USD A Acc;M&G Luxembourg S.A.;Equity;Global Equity Large Cap;RV Global Alto Dividendo;USD;Luxemburgo;6;4;1.92;1.75;11.95;20.63;17.3;10.48;2018-09-20;True;False;;2026-08-24
LU0306806265;Schroder ISF Glb Div Mxmsr A Acc USD;Schroder International Selection Fund Global Dividend Maximiser A Accumulation USD;Schroder Investment Management (Europe) S.A.;Equity;Global Equity Large Cap;RV Global Alto Dividendo;USD;Luxemburgo;5;3;;1.5;18.32;25.73;16.58;10.58;2007-07-13;True;False;1000;2026-08-24
LU0306807586;Schroder ISF Glb Div Mxmsr A Dis$QF;Schroder International Selection Fund Global Dividend Maximiser A Distribution USD QF;Schroder Investment Management (Europe) S.A.;Equity;Global Equity Large Cap;RV Global Alto Dividendo;USD;Luxemburgo;5;3;;1.5;18.32;25.73;16.59;10.58;2007-07-13;True;False;1000;2026-08-24
LU0248166992;Schroder ISF Global Eq Yld A Acc EUR;Schroder International Selection Fund Global Equity Yield A Accumulation EUR;Schroder Investment Management (Europe) S.A.;Equity;Global Equity Large Cap;RV Global Alto Dividendo;EUR;Luxemburgo;5;3;;1.5;21.34;28.08;15.28;11.32;2006-03-17;True;False;1000;2026-08-24
LU0611173427;UBS (Lux) ES Global Hi Div $ P-acc;UBS (Lux) Equity SICAV - Global High Dividend (USD) P-acc;UBS Asset Management (Europe) S.A.;Equity;Global Equity Large Cap;RV Global Alto Dividendo;USD;Luxemburgo;5;4;1.56;1.2;26.02;34.2;20.39;12.53;2011-04-15;True;False;;2026-08-24
LU0439730457;UBS Lux Glbl Qual Div Eq Fd P acc;UBS (Lux) Investment SICAV 2 - UBS (Lux) Global Quality Dividend Equity Fund P acc;UBS Asset Management (Europe) S.A.;Equity;Global Equity Large Cap;RV Global Alto Dividendo;USD;Luxemburgo;5;5;1.87;1.92;23.02;31.25;23.39;13.09;2010-04-15;True;False;0;2026-08-24
LU2463475223;abrdn-Global Dynamic Div A Acc EUR;abrdn SICAV I - Global Dynamic Dividend Fund A Acc EUR;abrdn Investments Luxembourg S.A.;Equity;Global Equity Large Cap;RV Global Alto Dividendo;EUR;Luxemburgo;6;3;;1.5;13.1;21.28;13;;2022-05-05;True;False;1000;2026-08-24
LU2237443382;abrdn-Global Dynamic Div A Grs MIncAUSD;abrdn SICAV I - Global Dynamic Dividend Fund A Gross MIncA USD;abrdn Investments Luxembourg S.A.;Equity;Global Equity Large Cap;RV Global Alto Dividendo;USD;Luxemburgo;5;3;;1.5;12.66;21.81;15.72;7.98;2020-10-14;True;False;500;2026-08-24
LU1998907197;AB Low Volatility Eq A EUR;AB SICAV I- Low Volatility Equity Portfolio A EUR Acc;AllianceBernstein (Luxembourg) S.à r.l.;Equity;Global Equity Large Cap;RV Global Cap. Grande Blend;EUR;Luxemburgo;6;3;1.67;1.5;7.02;8.46;11.55;8.19;2019-06-06;True;False;2000;2026-08-24
LU1774149998;AXAWF Sustainable Equity QI A Cap EUR;AXA World Funds Sustainable Equity QI A Capitalisation EUR;BNP PARIBAS ASSET MANAGEMENT Europe;Equity;Global Equity Large Cap;RV Global Cap. Grande Blend;EUR;Luxemburgo;6;3;;0.45;7.3;8.78;12.08;7.72;2018-02-20;True;False;0;2026-08-24
LU0861895935;Abante Equity Managers B EUR;Abante Global Funds - Abante Equity Managers Class B EUR;Abante Asesores Gestión SGIIC;Equity;Global Equity Large Cap;RV Global Cap. Grande Blend;EUR;Luxemburgo;5;1;;2;8.45;12.82;10.22;2.12;2013-06-11;True;False;0;2026-08-24
DE0009781740;Acatis Aktien Global Fonds A;Acatis Aktien Global Fonds A;ACATIS Investment Kapitalverwaltungsgesellschaft mbH;Equity;Global Equity Large Cap;RV Global Cap. Grande Blend;EUR;Alemania;6;3;1.51;1.35;10.84;17.96;14.86;6.17;1997-05-21;True;False;0;2026-08-24
LU1508476725;Allianz Global Equity Insights A EUR;Allianz Global Investors Fund - Allianz Global Equity Insights A EUR;Allianz Global Investors GmbH;Equity;Global Equity Large Cap;RV Global Cap. Grande Blend;EUR;Luxemburgo;6;2;2.05;2.05;5.78;15.15;11.87;4.53;2017-02-15;True;False;0;2026-08-24
LU1563397410;Allianz Global Equity Insights AT EUR;Allianz Global Investors Fund - Allianz Global Equity Insights AT EUR;Allianz Global Investors GmbH;Equity;Global Equity Large Cap;RV Global Cap. Grande Blend;EUR;Luxemburgo;6;2;2.05;2.05;5.79;15.16;11.87;4.58;2017-03-07;True;False;0;2026-08-24
LU0158828326;Allianz Global Sustainability CT EUR;Allianz Global Investors Fund - Allianz Global Sustainability CT EUR;Allianz Global Investors GmbH;Equity;Global Equity Large Cap;RV Global Cap. Grande Blend;EUR;Luxemburgo;5;2;2.55;2.55;1.97;5.99;6.9;3.1;2007-07-31;True;False;0;2026-08-24
LU1883342377;Amundi Fds Global Equity A EUR C;Amundi Funds - Global Equity A EUR (C);Amundi Luxembourg S.A.;Equity;Global Equity Large Cap;RV Global Cap. Grande Blend;EUR;Luxemburgo;6;5;3.09;1.65;17.43;28.87;21.14;14.06;2001-06-25;True;False;1;2026-08-24
LU0996182563;Amundi IS MSCI World AE-C;Amundi Index Solutions - Amundi Index MSCI World AE-C;Amundi Luxembourg S.A.;Equity;Global Equity Large Cap;RV Global Cap. Grande Blend;EUR;Luxemburgo;5;4;;0.15;13.09;20.2;18.05;11.29;2014-04-09;True;True;0;2026-08-24
LU0996182647;Amundi IS MSCI World AE-D;Amundi Index Solutions - Amundi Index MSCI World AE-D;Amundi Luxembourg S.A.;Equity;Global Equity Large Cap;RV Global Cap. Grande Blend;EUR;Luxemburgo;5;4;;0.15;13.09;20.2;18.05;11.29;2014-04-09;True;True;;2026-08-24
LU0996182308;Amundi IS MSCI World AU-C;Amundi Index Solutions - Amundi Index MSCI World AU-C;Amundi Luxembourg S.A.;Equity;Global Equity Large Cap;RV Global Cap. Grande Blend;USD;Luxemburgo;6;4;;0.15;12.5;20.41;20.9;11.3;2013-12-16;True;True;1;2026-08-24
LU0238689110;BGF Global Dynamic Eq A2;BlackRock Global Funds - Global Dynamic Equity Fund A2;BlackRock (Luxembourg) SA;Equity;Global Equity Large Cap;RV Global Cap. Grande Blend;USD;Luxemburgo;6;3;1.82;1.5;10.66;22.41;17.65;8.05;2006-02-28;True;False;5000;2026-08-24
LU0238689623;BGF Global Dynamic Eq A2 EUR;BlackRock Global Funds - Global Dynamic Equity Fund A2 EUR;BlackRock (Luxembourg) SA;Equity;Global Equity Large Cap;RV Global Cap. Grande Blend;EUR;Luxemburgo;6;3;1.82;1.5;11.12;21.78;14.92;8.04;2006-02-28;True;False;;2026-08-24
LU0011850046;BGF Global Long-Horizon Equity A2;BlackRock Global Funds - Global Long-Horizon Equity Fund A2;BlackRock (Luxembourg) SA;Equity;Global Equity Large Cap;RV Global Cap. Grande Blend;USD;Luxemburgo;6;2;1.81;1.5;2.18;7.05;9.93;3.21;1996-02-29;True;False;5000;2026-08-24
LU0171285314;BGF Global Long-Horizon Equity A2 EUR;BlackRock Global Funds - Global Long-Horizon Equity Fund A2 EUR;BlackRock (Luxembourg) SA;Equity;Global Equity Large Cap;RV Global Cap. Grande Blend;EUR;Luxemburgo;6;2;1.81;1.5;2.57;6.47;7.38;3.2;1996-02-29;True;False;;2026-08-24
FR0014009V22;Bankinter Innova A;Bankinter Innova A;Edmond de Rothschild Asset Management (France);Equity;Global Equity Large Cap;RV Global Cap. Grande Blend;EUR;Francia;6;3;;1.65;4.49;5.51;16.67;;2022-06-24;True;False;100;2026-08-24
ES0113574018;Bankinter Multi-Asset Invmt Global FI;Bankinter Multi-Asset Investment Global Investment FI;Bankinter Gestión de Activos SGIIC;Equity;Global Equity Large Cap;RV Global Cap. Grande Blend;EUR;España;6;3;0.57;0.4;13.45;21.43;17.63;;2022-01-21;True;False;1;2026-08-24
ES0115157036;Bankinter Sostenibilidad R FI;Bankinter Sostenibilidad R FI;Bankinter Gestión de Activos SGIIC;Equity;Global Equity Large Cap;RV Global Cap. Grande Blend;EUR;España;6;3;1.8;1.6;13.64;21.52;15.05;9.68;2003-11-12;True;False;1;2026-08-24
ES0113572004;Bankinter Índice Global R FI;Bankinter Índice Global R FI;Bankinter Gestión de Activos SGIIC;Equity;Global Equity Large Cap;RV Global Cap. Grande Blend;EUR;España;6;3;1.2;1;11.99;19.37;16.13;8.11;2018-03-23;True;True;1;2026-08-24
NO0013699744;DNB Global Indeks S EUR;DNB Global Indeks S EUR;DNB Asset Management AS;Equity;Global Equity Large Cap;RV Global Cap. Grande Blend;EUR;Noruega;5;4;;0.2;13.16;19.41;17.73;11.17;2025-12-09;True;True;;2026-08-24
LU1891311356;DWS Invest SDG Global Equities LC;DWS Invest SDG Global Equities LC;DWS Investment S.A.;Equity;Global Equity Large Cap;RV Global Cap. Grande Blend;EUR;Luxemburgo;5;2;1.58;1.5;9.5;14.41;11.07;5.08;2018-11-02;True;False;0;2026-08-24
LU1366333091;Fidelity Global Focus A-Acc-USD;Fidelity Funds - Global Focus Fund A-Acc-USD;FIL Investment Management (Luxembourg) S.à r.l.;Equity;Global Equity Large Cap;RV Global Cap. Grande Blend;USD;Luxemburgo;6;3;;1.5;0.69;7.83;14.91;6.65;2016-05-12;True;False;2500;2026-08-24
LU0157922724;Fidelity Global Focus A-Dis-EUR;Fidelity Funds - Global Focus Fund A-DIST-EUR;FIL Investment Management (Luxembourg) S.à r.l.;Equity;Global Equity Large Cap;RV Global Cap. Grande Blend;EUR;Luxemburgo;5;3;;1.5;1.06;7.09;12.21;6.65;2003-01-14;True;False;;2026-08-24
LU0157924183;Fidelity Global Focus A-Dis-GBP;Fidelity Funds - Global Focus Fund A-DIST-GBP;FIL Investment Management (Luxembourg) S.à r.l.;Equity;Global Equity Large Cap;RV Global Cap. Grande Blend;GBP;Luxemburgo;5;3;;1.5;-0.78;6.01;12.29;6.62;2003-01-14;True;False;;2026-08-24
LU0157215616;Fidelity Global Focus A-Dis-USD;Fidelity Funds - Global Focus Fund A-DIST-USD;FIL Investment Management (Luxembourg) S.à r.l.;Equity;Global Equity Large Cap;RV Global Cap. Grande Blend;USD;Luxemburgo;6;3;;1.5;0.68;7.8;14.89;6.65;2003-01-14;True;False;2500;2026-08-24
IE00BYX5NX33;Fidelity MSCI World Index EUR P Acc;Fidelity MSCI World Index Fund EUR P Acc;FIL Investment Management (Luxembourg) S.A., Ireland Branch;Equity;Global Equity Large Cap;RV Global Cap. Grande Blend;EUR;Irlanda;5;4;0.12;0.12;13.79;21.08;18.3;11.65;2018-03-20;True;True;0;2026-08-24
LU1261432659;Fidelity World A-Acc-EUR;Fidelity Funds - World Fund A-Acc-EUR;FIL Investment Management (Luxembourg) S.à r.l.;Equity;Global Equity Large Cap;RV Global Cap. Grande Blend;EUR;Luxemburgo;5;4;;1.5;13.04;19.82;16.96;9.06;2015-08-07;True;False;;2026-08-24
LU1084165304;Fidelity World A-Acc-USD;Fidelity Funds - World Fund A-Acc-USD;FIL Investment Management (Luxembourg) S.à r.l.;Equity;Global Equity Large Cap;RV Global Cap. Grande Blend;USD;Luxemburgo;6;4;;1.5;12.54;20.61;19.75;9.05;2014-07-17;True;False;2500;2026-08-24
LU0069449576;Fidelity World A-Dis-EUR;Fidelity Funds - World Fund A-DIST-EUR;FIL Investment Management (Luxembourg) S.à r.l.;Equity;Global Equity Large Cap;RV Global Cap. Grande Blend;EUR;Luxemburgo;5;4;;1.5;13.04;19.8;16.96;9.06;1996-09-06;True;False;;2026-08-24
LU0201159711;GS Global CORE Eq E Acc EUR Snap;Goldman Sachs Global CORE Equity Portfolio E Acc EUR Snap;Goldman Sachs Asset Management B.V.;Equity;Global Equity Large Cap;RV Global Cap. Grande Blend;EUR;Luxemburgo;5;4;;1.25;11.24;21.12;18.25;10.29;2005-06-29;True;False;1500;2026-08-24
LU1698129183;GS Global CORE Eq Oth Ccy Acc EUR Snap;Goldman Sachs Global CORE Equity Portfolio Other Currency Acc EUR Snap;Goldman Sachs Asset Management B.V.;Equity;Global Equity Large Cap;RV Global Cap. Grande Blend;EUR;Luxemburgo;5;4;;1.25;11.59;21.74;18.85;10.84;2017-10-19;True;False;5000;2026-08-24
FR0010722348;Groupama Global Active Equity NC;Groupama Global Active Equity NC;Groupama Asset Management;Equity;Global Equity Large Cap;RV Global Cap. Grande Blend;EUR;Francia;6;5;;2.02;17.15;28.27;20.28;13.07;2009-04-14;True;False;1;2026-08-24
LU2402382688;JPM Glbl Rsrch Enh Idx Eq A acc USD;JPMorgan Funds - Global Research Enhanced Index Equity Fund A (acc) USD;JPMorgan Asset Management (Europe) S.à r.l.;Equity;Global Equity Large Cap;RV Global Cap. Grande Blend;USD;Luxemburgo;5;4;0.53;0.38;11.97;20.86;20.28;;2022-06-17;True;False;35000;2026-08-24
LU0210534227;JPM Global Focus A acc EUR;JPMorgan Funds - Global Focus Fund A (acc) EUR;JPMorgan Asset Management (Europe) S.à r.l.;Equity;Global Equity Large Cap;RV Global Cap. Grande Blend;EUR;Luxemburgo;5;4;1.41;1.5;7.4;10.24;13.11;9.43;2005-03-31;True;False;35000;2026-08-24
LU0168342896;JPM Global Focus A dist USD;JPMorgan Funds - Global Focus Fund A (dist) USD;JPMorgan Asset Management (Europe) S.à r.l.;Equity;Global Equity Large Cap;RV Global Cap. Grande Blend;USD;Luxemburgo;6;4;1.38;1.5;6.94;10.78;15.7;9.35;2006-12-04;True;False;35000;2026-08-24
LU0168343274;JPM Global Focus D acc EUR;JPMorgan Funds - Global Focus Fund D (acc) EUR;JPMorgan Asset Management (Europe) S.à r.l.;Equity;Global Equity Large Cap;RV Global Cap. Grande Blend;EUR;Luxemburgo;5;3;1.17;1.5;6.7;9.13;11.97;8.32;2003-05-23;True;False;5000;2026-08-24
LU0157178582;JPM Global Select Equity A acc EUR;JPMorgan Investment Funds - Global Select Equity Fund A (acc) EUR;JPMorgan Asset Management (Europe) S.à r.l.;Equity;Global Equity Large Cap;RV Global Cap. Grande Blend;EUR;Luxemburgo;5;3;1.66;1.5;7.4;10.11;12.29;9.15;2014-03-04;True;False;35000;2026-08-24
LU0070217475;JPM Global Select Equity A acc USD;JPMorgan Investment Funds - Global Select Equity Fund A (acc) USD;JPMorgan Asset Management (Europe) S.à r.l.;Equity;Global Equity Large Cap;RV Global Cap. Grande Blend;USD;Luxemburgo;6;3;1.68;1.5;6.97;10.69;14.95;9.15;1981-04-30;True;False;35000;2026-08-24
LU0157179127;JPM Global Select Equity D acc EUR;JPMorgan Investment Funds - Global Select Equity Fund D (acc) EUR;JPMorgan Asset Management (Europe) S.à r.l.;Equity;Global Equity Large Cap;RV Global Cap. Grande Blend;EUR;Luxemburgo;5;3;2.47;1.5;6.86;9.22;11.37;8.25;2021-05-25;True;False;5000;2026-08-24
LU0115085028;JPM Global Select Equity D acc USD;JPMorgan Investment Funds - Global Select Equity Fund D (acc) USD;JPMorgan Asset Management (Europe) S.à r.l.;Equity;Global Equity Large Cap;RV Global Cap. Grande Blend;USD;Luxemburgo;6;3;2.44;1.5;6.46;9.85;14.07;8.32;2002-04-15;True;False;5000;2026-08-24
LU0200076213;Janus Henderson Global Select A2 EUR;Janus Henderson Global Select Fund A2 EUR;Janus Henderson Investors;Equity;Global Equity Large Cap;RV Global Cap. Grande Blend;EUR;Luxemburgo;5;3;1.66;1.5;11.3;15.78;15.79;6.64;2004-10-29;True;False;2500;2026-08-24
LU0200076999;Janus Henderson Global Select A2 USD;Janus Henderson Global Select Fund A2 USD;Janus Henderson Investors;Equity;Global Equity Large Cap;RV Global Cap. Grande Blend;USD;Luxemburgo;6;3;1.66;1.5;10.71;15.98;18.59;6.65;2005-03-24;True;False;2500;2026-08-24
LU1670715207;M&G (Lux) Glbl SustainParisAlgndEURAAcc;M&G (Lux) Global Sustain Paris Aligned Fund EUR A Acc;M&G Luxembourg S.A.;Equity;Global Equity Large Cap;RV Global Cap. Grande Blend;EUR;Luxemburgo;5;3;1.97;1.75;5.62;10.06;8.7;6.19;2018-11-09;True;False;1000;2026-08-24
LU0219418919;MFS Meridian Global Concntr A1 EUR;MFS Meridian Funds - Global Concentrated Fund A1 EUR;MFS Investment Management Company (Lux) S.à.r.l;Equity;Global Equity Large Cap;RV Global Cap. Grande Blend;EUR;Luxemburgo;5;2;2.07;1.15;6.99;9.54;6.82;2.95;2005-09-26;True;False;4000;2026-08-24
LU0219441572;MFS Meridian Global Concntr A1 USD;MFS Meridian Funds - Global Concentrated Fund A1 USD;MFS Investment Management Company (Lux) S.à.r.l;Equity;Global Equity Large Cap;RV Global Cap. Grande Blend;USD;Luxemburgo;5;2;2.06;1.15;6.33;10.25;9.36;2.95;1999-04-08;True;False;0;2026-08-24
LU0094560744;MFS Meridian Global Equity A1 EUR;MFS Meridian Funds - Global Equity Fund A1 EUR;MFS Investment Management Company (Lux) S.à.r.l;Equity;Global Equity Large Cap;RV Global Cap. Grande Blend;EUR;Luxemburgo;5;2;1.92;1.05;7.4;9.97;7.38;3.31;1999-03-12;True;False;4000;2026-08-24
LU0219441069;MFS Meridian Global Equity A1 USD;MFS Meridian Funds - Global Equity Fund A1 USD;MFS Investment Management Company (Lux) S.à.r.l;Equity;Global Equity Large Cap;RV Global Cap. Grande Blend;USD;Luxemburgo;5;2;1.9;1.05;6.75;10.69;9.93;3.31;2005-09-26;True;False;5000;2026-08-24
LU1914599201;MFS Meridian Global Intrnsc Val A1 EUR;MFS Meridian Funds - Global Intrinsic Value Fund A1 EUR;MFS Investment Management Company (Lux) S.à.r.l;Equity;Global Equity Large Cap;RV Global Cap. Grande Blend;EUR;Luxemburgo;5;2;1.85;1;12.39;16.45;13.48;6.73;2019-02-15;True;False;;2026-08-24
LU0119620416;MS INVF Global Brands A;Morgan Stanley Investment Funds - Global Brands Fund A;MSIM Fund Management (Ireland) Limited;Equity;Global Equity Large Cap;RV Global Cap. Grande Blend;USD;Luxemburgo;5;2;1.84;1.6;-4.7;-9.75;2.56;0.67;2000-10-30;True;False;0;2026-08-24
LU2295319300;MS INVF Global Brands A EUR;Morgan Stanley Investment Funds - Global Brands Fund A (EUR);MSIM Fund Management (Ireland) Limited;Equity;Global Equity Large Cap;RV Global Cap. Grande Blend;EUR;Luxemburgo;5;1;1.84;1.6;-4.34;-10.25;0.18;0.66;2021-04-16;True;False;;2026-08-24
LU1378879594;MS INVF Global Brands Eq Inc AR;Morgan Stanley Investment Funds - Global Brands Equity Income Fund AR;MSIM Fund Management (Ireland) Limited;Equity;Global Equity Large Cap;RV Global Cap. Grande Blend;USD;Luxemburgo;5;1;1.99;1.75;-6.68;-11.28;0.34;-0.85;2016-04-29;True;False;0;2026-08-24
LU0955010870;MS INVF Global Quality A;Morgan Stanley Investment Funds - Global Quality Fund A;MSIM Fund Management (Ireland) Limited;Equity;Global Equity Large Cap;RV Global Cap. Grande Blend;USD;Luxemburgo;5;2;1.84;1.6;3.05;-0.11;6.72;2.41;2013-08-01;True;False;0;2026-08-24
LU1842711845;MS INVF Global Quality Select A USD Acc;Morgan Stanley Investment Funds - Global Quality Select Fund A USD Acc;MSIM Fund Management (Ireland) Limited;Equity;Global Equity Large Cap;RV Global Cap. Grande Blend;USD;Luxemburgo;5;1;1.74;1.5;2.73;-0.42;7.83;2.87;2018-06-29;True;False;0;2026-08-24
LU0701410861;March Intl The Family Businesses A-EUR;March International The Family Businesses Fund Class A-EUR;March Asset Management SGIIC;Equity;Global Equity Large Cap;RV Global Cap. Grande Blend;EUR;Luxemburgo;5;1;;2;8.41;9.56;5.17;2.49;2012-02-22;True;False;0;2026-08-24
LU0985320059;Nordea 1 - Glb Sust Stars Equity BP EUR;Nordea 1 - Global Sustainable Stars Equity Fund BP EUR;Nordea Investment Funds SA;Equity;Global Equity Large Cap;RV Global Cap. Grande Blend;EUR;Luxemburgo;5;3;1.8;1.5;10.83;15.97;12.65;6.4;2016-05-17;True;False;0;2026-08-24
LU0985320646;Nordea 1 - Glb Sust Stars Equity E EUR;Nordea 1 - Global Sustainable Stars Equity Fund E EUR;Nordea Investment Funds SA;Equity;Global Equity Large Cap;RV Global Cap. Grande Blend;EUR;Luxemburgo;4;3;2.55;1.5;10.3;15.11;11.8;5.61;2016-05-17;True;False;0;2026-08-24
LU0845340131;Pictet - Quest Global Sust Eq P EUR;Pictet - Quest Global Sustainable Equities P EUR;Pictet Asset Management (Europe) SA;Equity;Global Equity Large Cap;RV Global Cap. Grande Blend;EUR;Luxemburgo;5;4;1.17;2.4;12.15;18.45;15.68;10.46;2012-11-30;True;False;0;2026-08-24
LU2749782368;Pictet Quest AI-Driven Glb Eq P USD Acc;Pictet - Quest AI-Driven Global Equities P USD Acc;Pictet Asset Management (Europe) SA;Equity;Global Equity Large Cap;RV Global Cap. Grande Blend;USD;Luxemburgo;;;0.62;1;13.26;22.27;;;2024-03-28;True;False;0;2026-08-24
LU0503634221;Pictet SmartCity P EUR;Pictet - SmartCity P EUR;Pictet Asset Management (Europe) SA;Equity;Global Equity Large Cap;RV Global Cap. Grande Blend;EUR;Luxemburgo;6;1;1.97;2.4;7.31;4.41;7.17;-0.9;2010-05-12;True;False;0;2026-08-24
LU0503635202;Pictet SmartCity P USD;Pictet - SmartCity P USD;Pictet Asset Management (Europe) SA;Equity;Global Equity Large Cap;RV Global Cap. Grande Blend;USD;Luxemburgo;6;1;1.97;2.4;6.89;4.97;9.72;-0.89;2010-05-12;True;False;0;2026-08-24
LU0550966351;Pictet SmartCity P dm EUR;Pictet - SmartCity P dm EUR;Pictet Asset Management (Europe) SA;Equity;Global Equity Large Cap;RV Global Cap. Grande Blend;EUR;Luxemburgo;6;1;1.97;2.4;7.31;4.4;7.17;-0.9;2010-12-15;True;False;0;2026-08-24
LU0387754996;Robeco Global Stars Equities D EUR;Robeco Global Stars Equities D EUR;Robeco Institutional Asset Management BV;Equity;Global Equity Large Cap;RV Global Cap. Grande Blend;EUR;Luxemburgo;5;4;1.46;1.25;8.96;15.29;15.18;9.06;2008-11-10;True;False;0;2026-08-24
LU1123620707;Robeco QI Glb Dev 3D Enh Idx Eqs D €;Robeco QI Global Developed 3D Enhanced Index Equities D EUR;Robeco Institutional Asset Management BV;Equity;Global Equity Large Cap;RV Global Cap. Grande Blend;EUR;Luxemburgo;6;4;0.71;0.5;13.04;21.1;19.33;11.63;2014-12-12;True;False;0;2026-08-24
LU0705780269;Robeco QI Global Conservative Eqs B €;Robeco Capital Growth Funds - Robeco QI Global Conservative Equities B EUR;Robeco Institutional Asset Management BV;Equity;Global Equity Large Cap;RV Global Cap. Grande Blend;EUR;Luxemburgo;5;3;1.01;0.8;10.39;13.36;12.74;8.49;2011-12-13;True;False;0;2026-08-24
LU0705782398;Robeco QI Global Conservative Eqs D €;Robeco Capital Growth Funds - Robeco QI Global Conservative Equities D EUR;Robeco Institutional Asset Management BV;Equity;Global Equity Large Cap;RV Global Cap. Grande Blend;EUR;Luxemburgo;5;3;1.01;0.8;10.38;13.35;12.73;8.5;2011-12-13;True;False;0;2026-08-24
LU1274519823;Robeco QI Global Dev Cnsrv Eqs D €;Robeco QI Global Developed Conservative Equities D €;Robeco Institutional Asset Management BV;Equity;Global Equity Large Cap;RV Global Cap. Grande Blend;EUR;Luxemburgo;5;3;1.01;0.8;9.26;13.43;13.61;8.95;2015-09-16;True;False;0;2026-08-24
LU1654173217;Robeco QI Global Dev Enh Index Eqs D €;Robeco QI Global Developed Enhanced Index Equities D €;Robeco Institutional Asset Management BV;Equity;Global Equity Large Cap;RV Global Cap. Grande Blend;EUR;Luxemburgo;5;5;0.72;0.5;13.71;21.38;19.87;12.82;2017-09-15;True;False;0;2026-08-24
FR001400CEG4;Sextant Quality Focus A;Sextant Quality Focus A;Amiral Gestion;Equity;Global Equity Large Cap;RV Global Cap. Grande Blend;EUR;Francia;;2;;1.8;2.77;2.69;9.8;;2022-11-30;True;False;1;2026-08-24
LU0161942395;UBS (Lux) KSS Global Eqs $ P-acc;UBS (Lux) Key Selection SICAV - Global Equities (USD) P-acc;UBS Asset Management (Europe) S.A.;Equity;Global Equity Large Cap;RV Global Cap. Grande Blend;USD;Luxemburgo;6;3;2.12;1.63;8.76;14.34;12.54;6.78;2003-04-25;True;False;;2026-08-24
IE00B5456744;Vanguard ESG Dev Wld All Cp Eq IdxEURAcc;Vanguard ESG Developed World All Cap Equity Index Fund EUR Acc;Vanguard Group (Ireland) Limited;Equity;Global Equity Large Cap;RV Global Cap. Grande Blend;EUR;Irlanda;6;4;0.2;0.2;14.9;22.65;18.66;10.59;2011-02-07;True;True;1000000;2026-08-24
IE00B03HD209;Vanguard Glb Stk Idx $ Acc;Vanguard Global Stock Index Fund USD Acc;Vanguard Group (Ireland) Limited;Equity;Global Equity Large Cap;RV Global Cap. Grande Blend;USD;Irlanda;6;4;0.18;0.18;13.06;21.63;21.06;11.57;1998-08-04;True;True;1000000;2026-08-24
IE00B03HD191;Vanguard Glb Stk Idx € Acc;Vanguard Global Stock Index Fund EUR Acc;Vanguard Group (Ireland) Limited;Equity;Global Equity Large Cap;RV Global Cap. Grande Blend;EUR;Irlanda;5;4;0.18;0.18;13.76;21.04;18.28;11.59;2002-12-10;True;True;1000000;2026-08-24
IE00B03HD084;Vanguard Global Stock Index Inv USD Acc;Vanguard Global Stock Index Fund Investor USD Accumulation;Vanguard Group (Ireland) Limited;Equity;Global Equity Large Cap;RV Global Cap. Grande Blend;USD;Irlanda;6;4;0.18;0.18;13.06;21.63;21.06;11.57;1998-08-12;True;True;1000000;2026-08-24
LU2504564761;iShares World Equity Index (LU) A2 EUR;iShares World Equity Index Fund (LU) A2 EUR;BlackRock (Luxembourg) SA;Equity;Global Equity Large Cap;RV Global Cap. Grande Blend;EUR;Luxemburgo;5;4;0.52;0.45;12.75;20.68;17.81;;2022-09-07;True;True;;2026-08-24
IE00BMDQ3Z40;BF1 Global Uncons Eq A USD Acc;BlackRock Funds I ICAV - BlackRock Global Unconstrained Equity Fund (UK) A USD;BlackRock Asset Management Ireland Ltd;Equity;Global Equity Large Cap;RV Global Cap. Grande Growth;USD;Irlanda;6;4;;1.7;14.82;19.8;15.22;8.01;2021-04-01;True;False;500;2026-08-24
IE00B29M2H10;BNY Mellon Long-Term Glbl Eq EUR A Acc;BNY Mellon Long-Term Global Equity Fund EUR A Acc;BNY Mellon Fund Management (Lux) S.A.;Equity;Global Equity Large Cap;RV Global Cap. Grande Growth;EUR;Irlanda;5;2;;2;6.01;6.56;6.48;3.62;2008-04-18;True;False;5000;2026-08-24
IE00B42QQV61;BNY Mellon Long-Term Glbl Eq GBP A Acc;BNY Mellon Long-Term Global Equity Fund Sterling A Acc;BNY Mellon Fund Management (Lux) S.A.;Equity;Global Equity Large Cap;RV Global Cap. Grande Growth;GBP;Irlanda;5;2;;2;4.18;5.41;6.6;3.57;2009-10-23;True;False;5000;2026-08-24
IE00B29M2J34;BNY Mellon Long-Term Glbl Eq USD A Acc;BNY Mellon Long-Term Global Equity Fund USD A Acc;BNY Mellon Fund Management (Lux) S.A.;Equity;Global Equity Large Cap;RV Global Cap. Grande Growth;USD;Irlanda;6;2;;2;5.33;6.78;9.02;3.56;2008-04-04;True;False;5000;2026-08-24
IE00BK5TW727;Baillie Gifford WW L/T Glb Gr A EUR Acc;Baillie Gifford Worldwide Long Term Global Growth Fund Class A EUR Acc;Baillie Gifford Investment Management (Europe) Limited;Equity;Global Equity Large Cap;RV Global Cap. Grande Growth;EUR;Irlanda;7;1;1.56;1.5;-6;-4.88;13.27;-0.89;2019-09-30;True;False;1000;2026-08-24
IE00BD1DSB51;Baillie Gifford WW L/T Glb Gr A USD Acc;Baillie Gifford Worldwide Long Term Global Growth Fund Class A USD Acc;Baillie Gifford Investment Management (Europe) Limited;Equity;Global Equity Large Cap;RV Global Cap. Grande Growth;USD;Irlanda;7;1;1.56;1.5;-6.25;-4.47;16.04;-0.83;2019-06-13;True;False;1000;2026-08-24
IE00BLF9YH30;BlackRock Global Uncons Eq A EUR Acc;BlackRock Funds I ICAV - BlackRock Global Unconstrained Equity Fund A EUR Acc;BlackRock Asset Management Ireland Ltd;Equity;Global Equity Large Cap;RV Global Cap. Grande Growth;EUR;Irlanda;6;4;;1.7;15.52;19.22;12.58;8.03;2020-07-13;True;False;5000;2026-08-24
IE00BJM0B969;Blue Whale Growth EUR R;Blue Whale Investment Funds ICAV - Blue Whale Growth Fund EUR R Class;Blue Whale Capital LLP (Waystone);Equity;Global Equity Large Cap;RV Global Cap. Grande Growth;EUR;Irlanda;6;4;;1.5;24.83;46.01;30.08;13.67;2020-09-25;True;False;1000;2026-08-24
LU1530899142;CPR Invest Glbl Dsrpt Opp A EUR Acc;CPR Invest - Global Disruptive Opportunities Class A EUR Acc;CPR Asset Management;Equity;Global Equity Large Cap;RV Global Cap. Grande Growth;EUR;Luxemburgo;6;2;;2;16.88;23.97;18.12;3.28;2016-12-22;True;False;1;2026-08-24
LU0757431068;CT (Lux) Global Focus AE;CT (Lux) - Global Focus Class AE (EUR Accumulation Shares);Threadneedle Management Luxembourg S.A.;Equity;Global Equity Large Cap;RV Global Cap. Grande Growth;EUR;Luxemburgo;6;5;1.7;1.5;17.18;22.18;18.11;8.88;1995-10-31;True;False;;2026-08-24
LU1433070262;CT (Lux) Global Focus AEP;CT (Lux) - Global Focus Class AEP (EUR Distribution Shares);Threadneedle Management Luxembourg S.A.;Equity;Global Equity Large Cap;RV Global Cap. Grande Growth;EUR;Luxemburgo;6;5;1.7;1.5;17.18;22.17;18.09;8.87;2016-07-07;True;False;2500;2026-08-24
LU0061474960;CT (Lux) Global Focus AU;CT (Lux) - Global Focus Class AU (USD Accumulation Shares);Threadneedle Management Luxembourg S.A.;Equity;Global Equity Large Cap;RV Global Cap. Grande Growth;USD;Luxemburgo;6;5;1.7;1.5;16.57;22.39;20.96;8.88;1995-10-31;True;False;2500;2026-08-24
LU2050929863;Capital Group New Economy (LUX) B;Capital Group New Economy Fund (LUX) B;Capital International Management Company Sàrl;Equity;Global Equity Large Cap;RV Global Cap. Grande Growth;USD;Luxemburgo;6;5;0.9;1.5;17.35;36.32;26.64;10.75;2019-11-07;True;False;0;2026-08-24
LU2050929277;Capital Group New Economy (LUX) B EUR;Capital Group New Economy Fund (LUX) B EUR;Capital International Management Company Sàrl;Equity;Global Equity Large Cap;RV Global Cap. Grande Growth;EUR;Luxemburgo;6;5;0.9;1.5;18.09;35.51;23.75;10.81;2019-11-07;True;False;;2026-08-24
LU1295551573;Capital Group New Pers (LUX) B;Capital Group New Perspective Fund (LUX) B;Capital International Management Company Sàrl;Equity;Global Equity Large Cap;RV Global Cap. Grande Growth;USD;Luxemburgo;6;4;0.09;1.5;7.34;13.84;16.94;7;2015-10-30;True;False;0;2026-08-24
LU1295551144;Capital Group New Pers (LUX) B EUR;Capital Group New Perspective Fund (LUX) B EUR;Capital International Management Company Sàrl;Equity;Global Equity Large Cap;RV Global Cap. Grande Growth;EUR;Luxemburgo;6;4;0.09;1.5;8.04;13.11;14.26;7.04;2015-10-30;True;False;;2026-08-24
LU1295551227;Capital Group New Pers (LUX) B GBP;Capital Group New Perspective Fund (LUX) B GBP;Capital International Management Company Sàrl;Equity;Global Equity Large Cap;RV Global Cap. Grande Growth;GBP;Luxemburgo;6;4;0.09;1.5;6.01;11.86;14.34;6.96;2015-10-30;True;False;;2026-08-24
LU1295552464;Capital Group New Pers (LUX) Bgd;Capital Group New Perspective Fund (LUX) Bgd;Capital International Management Company Sàrl;Equity;Global Equity Large Cap;RV Global Cap. Grande Growth;USD;Luxemburgo;6;4;1.59;1.5;7.35;13.8;16.92;7;2015-10-30;True;False;0;2026-08-24
LU1295552209;Capital Group New Pers (LUX) Bgd EUR;Capital Group New Perspective Fund (LUX) Bgd EUR;Capital International Management Company Sàrl;Equity;Global Equity Large Cap;RV Global Cap. Grande Growth;EUR;Luxemburgo;6;4;1.59;1.5;8.04;13.12;14.24;7.05;2015-10-30;True;False;;2026-08-24
FR0010148981;Carmignac Investissement A EUR Acc;Carmignac Investissement A EUR Acc;Carmignac Gestion;Equity;Global Equity Large Cap;RV Global Cap. Grande Growth;EUR;Francia;6;4;2.2;1.7;17.32;30.42;23.24;10.51;1989-01-26;True;False;0;2026-08-24
BE0946563377;DPAM B Eqs NewGems Sust A Dis;DPAM B - Equities NewGems Sustainable A Dis;Degroof Petercam Asset Management SA;Equity;Global Equity Large Cap;RV Global Cap. Grande Growth;EUR;Bélgica;6;4;1.77;1.6;13.49;20.62;15.28;6.43;2006-10-02;True;False;1;2026-08-24
BE0946564383;DPAM B Eqs NewGems Sust B Cap;DPAM B - Equities NewGems Sustainable B Cap;Degroof Petercam Asset Management SA;Equity;Global Equity Large Cap;RV Global Cap. Grande Growth;EUR;Bélgica;6;4;1.73;1.6;13.52;20.67;15.33;5.91;2006-10-02;True;False;1;2026-08-24
BE0058652646;DPAM B Equities World Sust B Cap;DPAM B - Equities World Sustainable B Cap;Degroof Petercam Asset Management SA;Equity;Global Equity Large Cap;RV Global Cap. Grande Growth;EUR;Bélgica;6;3;1.74;1.6;6.77;9.42;10.37;3.44;2001-12-14;True;False;1;2026-08-24
FR0010859769;Echiquier World Equity Growth A;Echiquier World Equity Growth A;La Financière de l'Echiquier;Equity;Global Equity Large Cap;RV Global Cap. Grande Growth;EUR;Francia;5;4;;2.29;8.52;14.09;12.88;7.2;2010-04-16;True;False;0;2026-08-24
IE000VOGDDG7;FTGF ClearBridge Glb Gr Ldrs A EUR Acc;FTGF ClearBridge Global Growth Leaders Fund Class A Euro Accumulating;Franklin Templeton International Services S.à r.l.;Equity;Global Equity Large Cap;RV Global Cap. Grande Growth;EUR;Irlanda;;;1.78;1.3;3.63;;;;2025-10-31;True;False;;2026-08-24
IE00BG1D7R55;FTGF ClearBridge Glb Gr Ldrs A USD Acc;FTGF ClearBridge Global Growth Leaders Fund Class A US$ Accumulating;Franklin Templeton International Services S.à r.l.;Equity;Global Equity Large Cap;RV Global Cap. Grande Growth;USD;Irlanda;6;4;1.78;1.3;2.98;7.35;15.46;6.64;2018-06-29;True;False;1000;2026-08-24
LU0251129895;Fidelity Global Thematic Opps A-Acc-EUR;Fidelity Funds - Global Thematic Opportunities Fund A-Acc-EUR;FIL Investment Management (Luxembourg) S.à r.l.;Equity;Global Equity Large Cap;RV Global Cap. Grande Growth;EUR;Luxemburgo;5;3;;1.5;14.07;21.08;14.99;6.34;2006-07-03;True;False;;2026-08-24
LU0251132253;Fidelity Global Thematic Opps A-Acc-USD;Fidelity Funds - Global Thematic Opportunities Fund A-Acc-USD;FIL Investment Management (Luxembourg) S.à r.l.;Equity;Global Equity Large Cap;RV Global Cap. Grande Growth;USD;Luxemburgo;6;3;;1.5;13.59;21.94;17.74;6.34;2006-07-03;True;False;2500;2026-08-24
LU0048584097;Fidelity Global Thematic Opps A-USD;Fidelity Funds - Global Thematic Opportunities Fund A-USD;FIL Investment Management (Luxembourg) S.à r.l.;Equity;Global Equity Large Cap;RV Global Cap. Grande Growth;USD;Luxemburgo;6;3;;1.5;13.55;21.87;17.72;6.33;1991-12-31;True;False;2500;2026-08-24
LU0690375182;Fundsmith Equity T EUR Acc;Fundsmith Equity Fund T EUR Acc;Fundsmith Investment Services Limited;Equity;Global Equity Large Cap;RV Global Cap. Grande Growth;EUR;Luxemburgo;6;2;1.08;1;-1.04;-0.42;3.74;1.25;2011-11-02;True;False;2000;2026-08-24
IE00BH481053;GQG Partners Global Equity A EUR Acc;GQG Partners Global Equity Fund Class A Euro Accumulating;GQG Partners LLC;Equity;Global Equity Large Cap;RV Global Cap. Grande Growth;EUR;Irlanda;5;4;1.34;1.25;6.57;3.26;7.92;6.86;2021-12-13;True;False;1000;2026-08-24
IE00BH480Z36;GQG Partners Global Equity A USD Acc;GQG Partners Global Equity Fund Class A US Dollar Accumulating;GQG Partners LLC;Equity;Global Equity Large Cap;RV Global Cap. Grande Growth;USD;Irlanda;5;4;1.34;1.25;5.87;3.45;10.52;6.85;2020-07-24;True;False;1000;2026-08-24
LU0786609619;GS Global Future Gen Eq Base Acc USD;Goldman Sachs Global Future Generations Equity Portfolio Base Acc USD;Goldman Sachs Asset Management B.V.;Equity;Global Equity Large Cap;RV Global Cap. Grande Growth;USD;Luxemburgo;6;2;1.67;1.5;2.63;7.24;16.1;1.54;2012-09-19;True;False;5000;2026-08-24
LU2104925693;GS Global Future Gen Eq OC Acc EUR;Goldman Sachs Global Future Generations Equity Portfolio Other Currency Acc EUR;Goldman Sachs Asset Management B.V.;Equity;Global Equity Large Cap;RV Global Cap. Grande Growth;EUR;Luxemburgo;6;2;1.66;1.5;3.02;6.64;13.41;1.52;2020-01-27;True;False;5000;2026-08-24
LU1897556517;Groupama Global Disruption NC;Groupama Global Disruption NC;Groupama Asset Management;Equity;Global Equity Large Cap;RV Global Cap. Grande Growth;EUR;Luxemburgo;6;5;;2;17.27;32.21;21.61;12.68;2018-12-21;True;False;0;2026-08-24
IE00BYQ67K80;GuardCap Global Equity S EUR Acc;GuardCap Global Equity Fund S EUR Acc;GuardCap Asset Management Limited;Equity;Global Equity Large Cap;RV Global Cap. Grande Growth;EUR;Irlanda;6;2;;1.5;-0.1;-2.57;0.82;0.66;2017-01-31;True;False;;2026-08-24
IE00BQXX3D17;Guinness Global Innovators C EUR ACC;Guinness Global Innovators Fund C EUR ACC;Guinness Asset Management Limited;Equity;Global Equity Large Cap;RV Global Cap. Grande Growth;EUR;Irlanda;6;5;1.83;1.99;8.32;16.91;16.71;8.73;2014-10-31;True;False;0;2026-08-24
LU2357235576;Incometric Nartex Equity R Cap EUR Acc;Incometric Fund Nartex Equity Fund R Cap EUR Accumulation;Dux Inversores SGIIC S.A.;Equity;Global Equity Large Cap;RV Global Cap. Grande Growth;EUR;Luxemburgo;6;2;;;0.96;1.41;7.12;;2021-12-01;True;False;0;2026-08-24
LU2814886946;Incometric Nartex Equity RU USD Acc;Incometric Fund Nartex Equity Fund RU USD Accumulation;Dux Inversores SGIIC S.A.;Equity;Global Equity Large Cap;RV Global Cap. Grande Growth;USD;Luxemburgo;;;;1.65;0.37;1.45;;;2024-05-22;True;False;1000;2026-08-24
LU1762220934;Invesco Global Founders & Owners A USDAD;Invesco Funds - Invesco Global Founders & Owners Fund A Annual Distribution USD;Invesco Management S.A.;Equity;Global Equity Large Cap;RV Global Cap. Grande Growth;USD;Luxemburgo;6;5;;1.4;7.59;9.21;21.36;12.48;2018-03-08;True;False;1500;2026-08-24
LU2601038578;Invesco Global Founders & Owners AEURAcc;Invesco Funds - Invesco Global Founders & Owners Fund A Accumulation EUR;Invesco Management S.A.;Equity;Global Equity Large Cap;RV Global Cap. Grande Growth;EUR;Luxemburgo;6;5;;1.4;8.04;8.74;18.52;;2023-04-26;True;False;1000;2026-08-24
LU1218204391;Invesco Global Founders & Owners AUSDAcc;Invesco Funds - Invesco Global Founders & Owners Fund A Accumulation USD;Invesco Management S.A.;Equity;Global Equity Large Cap;RV Global Cap. Grande Growth;USD;Luxemburgo;6;4;;1.4;7.58;9.2;21.35;12.48;2015-05-20;True;False;1500;2026-08-24
IE00B3DBRM10;JOHCM Global Select B EUR;JOHCM Global Select B EUR Inc;J O Hambro Capital Management Limited;Equity;Global Equity Large Cap;RV Global Cap. Grande Growth;EUR;Irlanda;6;2;1.54;1.5;10.21;14.46;13.28;2.78;2008-09-30;True;False;;2026-08-24
LU0868753731;MS INVF Global Insight A;Morgan Stanley Investment Funds - Global Insight Fund A;MSIM Fund Management (Ireland) Limited;Equity;Global Equity Large Cap;RV Global Cap. Grande Growth;USD;Luxemburgo;7;1;1.84;1.6;-3.46;-0.25;25.6;-2.47;2013-01-31;True;False;0;2026-08-24
LU2295320068;MS INVF Global Insight A (EUR);Morgan Stanley Investment Funds - Global Insight Fund A (EUR);MSIM Fund Management (Ireland) Limited;Equity;Global Equity Large Cap;RV Global Cap. Grande Growth;EUR;Luxemburgo;7;2;1.84;1.6;-3.13;-0.83;22.66;-2.48;2021-02-26;True;False;;2026-08-24
LU0552385295;MS INVF Global Opportunity A;Morgan Stanley Investment Funds - Global Opportunity Fund A;MSIM Fund Management (Ireland) Limited;Equity;Global Equity Large Cap;RV Global Cap. Grande Growth;USD;Luxemburgo;6;3;1.84;1.6;4.93;4.66;18.97;4.65;2010-11-30;True;False;0;2026-08-24
LU2308174304;MS INVF Global Opportunity A EUR;Morgan Stanley Investment Funds - Global Opportunity Fund A (EUR);MSIM Fund Management (Ireland) Limited;Equity;Global Equity Large Cap;RV Global Cap. Grande Growth;EUR;Luxemburgo;6;2;1.84;1.6;5.34;4.08;16.21;4.64;2021-03-05;True;False;;2026-08-24
LU1203833295;Mirabaud - Global Focus A cap. EUR;Mirabaud - Global Focus A cap. EUR;Mirabaud Asset Management Ltd;Equity;Global Equity Large Cap;RV Global Cap. Grande Growth;EUR;Luxemburgo;6;2;1.83;1.5;2.52;4.3;10.01;-0.08;2015-04-13;True;False;0;2026-08-24
LU1008513852;Mirabaud - Global Focus A cap. USD;Mirabaud - Global Focus A cap. USD;Mirabaud Asset Management Ltd;Equity;Global Equity Large Cap;RV Global Cap. Grande Growth;USD;Luxemburgo;6;2;1.83;1.5;1.99;4.48;12.68;-0.08;2013-12-20;True;False;1;2026-08-24
IE00BF0GL105;Polar Cptl PLCArtfclIntllgncRAcc;Polar Capital Funds PLC - Artificial Intelligence Fund RAcc;Polar Capital LLP;Equity;Global Equity Large Cap;RV Global Cap. Grande Growth;USD;Irlanda;6;5;;1.3;37.87;62.13;38.33;17.58;2017-10-06;True;False;0;2026-08-24
IE00BF0GL212;Polar Cptl PLCArtfclIntllgncRAcc EUR;Polar Capital Funds PLC - Artificial Intelligence Fund RAcc EUR;Polar Capital LLP;Equity;Global Equity Large Cap;RV Global Cap. Grande Growth;EUR;Irlanda;6;5;;1.3;38.57;61.91;35.05;17.58;2017-10-06;True;False;;2026-08-24
LU0187079347;Robeco Global Consumer Trends D EUR;Robeco Global Consumer Trends D EUR;Robeco Institutional Asset Management BV;Equity;Global Equity Large Cap;RV Global Cap. Grande Growth;EUR;Luxemburgo;6;2;1.7;1.5;4.69;3.97;10.05;0.61;1998-06-03;True;False;0;2026-08-24
LU0554840073;Robeco Global Consumer Trends Eqs D $;Robeco Global Consumer Trends Equities D $;Robeco Institutional Asset Management BV;Equity;Global Equity Large Cap;RV Global Cap. Grande Growth;USD;Luxemburgo;6;2;1.71;1.5;4.14;4.15;12.71;0.61;2010-11-12;True;False;0;2026-08-24
LU0974293671;Robeco Global Multi-Thematic D EUR Cap;Robeco Global Multi-Thematic D EUR Capitalisation;Robeco Institutional Asset Management BV;Equity;Global Equity Large Cap;RV Global Cap. Grande Growth;EUR;Luxemburgo;6;3;;1.6;8.45;11.82;12.52;3.57;2013-11-15;True;False;0;2026-08-24
LU2382957772;Schroder ISF Glbl Sust Gr A Acc EUR;Schroder International Selection Fund Global Sustainable Growth A Accumulation EUR;Schroder Investment Management (Europe) S.A.;Equity;Global Equity Large Cap;RV Global Cap. Grande Growth;EUR;Luxemburgo;5;3;;1.3;12.23;19.06;13.42;;2021-09-23;True;False;1000;2026-08-24
IE00B2NXKW18;Seilern World Growth EUR U R;Seilern World Growth EUR U R;Seilern International AG;Equity;Global Equity Large Cap;RV Global Cap. Grande Growth;EUR;Irlanda;6;2;1.62;1.5;-2.35;-3.11;-0.62;-2.42;2008-01-01;True;False;500;2026-08-24
LU2905591629;Sifter Fund - Global RA;Sifter Fund - Global RA;Sifter Capital Oy;Equity;Global Equity Large Cap;RV Global Cap. Grande Growth;EUR;Luxemburgo;;;2.28;2;18.62;29.89;;;2024-10-22;True;False;;2026-08-24
LU1438969351;T. Rowe Price Glb Foc Gr Eq A (EUR);T. Rowe Price Funds SICAV - Global Focused Growth Equity Fund A (EUR);T. Rowe Price (Luxembourg) Management S.à r.l.;Equity;Global Equity Large Cap;RV Global Cap. Grande Growth;EUR;Luxemburgo;6;5;1.7;1.6;17.88;29.89;18.8;8.06;2016-06-30;True;False;10000000;2026-08-24
LU0143551892;T. Rowe Price Global Fcs Gr Eq A;T. Rowe Price Funds SICAV - Global Focused Growth Equity Fund A;T. Rowe Price (Luxembourg) Management S.à r.l.;Equity;Global Equity Large Cap;RV Global Cap. Grande Growth;USD;Luxemburgo;6;5;1.69;1.6;17.44;30.58;21.64;8.07;2003-03-28;True;False;0;2026-08-24
LU0573559563;UBAM 30 Global Leaders Equity AC EUR;UBAM - 30 Global Leaders Equity AC EUR;UBP Asset Management (Europe) S.A.;Equity;Global Equity Large Cap;RV Global Cap. Grande Growth;EUR;Luxemburgo;6;3;;1.5;4.37;5.95;5.95;2.25;2013-01-23;True;False;0;2026-08-24
LU1088691354;UBAM Global Equity AC USD;UBAM - Global Equity AC USD;UBP Asset Management (Europe) S.A.;Equity;Global Equity Large Cap;RV Global Cap. Grande Growth;USD;Luxemburgo;6;4;1.32;1.5;14.06;21.21;23.02;8.34;2015-01-30;True;False;0;2026-08-24
LU0218910536;Vontobel Global Equity B USD;Vontobel Fund - Global Equity B USD Cap;Vontobel Asset Management S.A.;Equity;Global Equity Large Cap;RV Global Cap. Grande Growth;USD;Luxemburgo;5;2;1.99;1.65;-2.98;-4.6;6.62;1.4;2005-07-01;True;False;0;2026-08-24
LU1366139522;Wellington Glbl Quality Gr EUR D Ac;Wellington Global Quality Growth Fund EUR D Ac;Wellington Luxembourg S.à r.l.;Equity;Global Equity Large Cap;RV Global Cap. Grande Growth;EUR;Luxemburgo;5;4;1.79;0.75;9.08;13.67;16.4;7.33;2016-07-20;True;False;5000;2026-08-24
IE0031573904;Brandes Global Value A Euro Acc;Brandes Global Value Fund A Euro Acc;Brandes Investment Partners (Europe) Limited;Equity;Global Equity Large Cap;RV Global Cap. Grande Value;EUR;Irlanda;5;3;;0.7;11.69;21.19;17.46;13.09;2002-11-29;True;False;10000;2026-08-24
IE0031573896;Brandes Global Value A USD Acc;Brandes Global Value Fund A USD Acc;Brandes Investment Partners (Europe) Limited;Equity;Global Equity Large Cap;RV Global Cap. Grande Value;USD;Irlanda;6;3;1.76;0.7;11.03;21.99;20.55;13.49;2002-11-29;True;False;10000;2026-08-24
LU1278917452;DWS Invest CROCI Sectors Plus LC;DWS Invest CROCI Sectors Plus LC;DWS Investment S.A.;Equity;Global Equity Large Cap;RV Global Cap. Grande Value;EUR;Luxemburgo;5;3;1.49;1.35;18.74;20.75;8.79;7.31;2015-11-18;True;False;0;2026-08-24
LU2357751820;DWS Invest CROCI Sectors Plus USD LC;DWS Invest CROCI Sectors Plus USD LC;DWS Investment S.A.;Equity;Global Equity Large Cap;RV Global Cap. Grande Value;USD;Luxemburgo;5;1;1.48;1.35;17.94;21.41;11.39;;2021-09-14;True;False;0;2026-08-24
LU1769941003;DWS Invest CROCI World Vl LC;DWS Invest CROCI World Value LC;DWS Investment S.A.;Equity;Global Equity Large Cap;RV Global Cap. Grande Value;EUR;Luxemburgo;5;3;1.55;1.4;18.5;26.31;12.66;10.32;2018-08-28;True;False;0;2026-08-24
LU0211333025;Franklin Mutual Glbl DiscvA(acc)EUR;Franklin Mutual Global Discovery Fund A(acc)EUR;Franklin Templeton International Services S.à r.l.;Equity;Global Equity Large Cap;RV Global Cap. Grande Value;EUR;Luxemburgo;5;2;1.82;1.5;9.88;15.15;11.16;8.81;2005-10-25;True;False;;2026-08-24
LU0211331839;Franklin Mutual Glbl DiscvA(acc)USD;Franklin Mutual Global Discovery Fund A(acc)USD;Franklin Templeton International Services S.à r.l.;Equity;Global Equity Large Cap;RV Global Cap. Grande Value;USD;Luxemburgo;5;2;1.82;1.5;9.2;15.86;13.75;8.76;2005-10-25;True;False;1000;2026-08-24
LU0477156524;Harris Oakmark Global Eq RE/A EUR;Natixis International Funds (Lux) I - Harris Oakmark Global Equity Fund RE/A (EUR);Natixis Investment Managers International;Equity;Global Equity Large Cap;RV Global Cap. Grande Value;EUR;Luxemburgo;6;;2.76;2.7;0.98;-0.12;4.27;;2013-02-04;True;False;;2026-08-24
LU2334866550;JPM Global Value A acc EUR;JPMorgan Funds - Global Value Fund A (acc) EUR;JPMorgan Asset Management (Europe) S.à r.l.;Equity;Global Equity Large Cap;RV Global Cap. Grande Value;EUR;Luxemburgo;5;4;1.8;1.5;21.35;32.98;19.79;14.22;2021-06-03;True;False;35000;2026-08-24
LU2864448068;MFS Meridian Contrarian Capital A1 EUR;MFS Meridian Funds - Contrarian Capital Fund A1 EUR;MFS Investment Management Company (Lux) S.à.r.l;Equity;Global Equity Large Cap;RV Global Cap. Grande Value;EUR;Luxemburgo;5;;;1;19.86;23.01;;;2024-11-20;True;False;;2026-08-24
LU0112467450;Nordea 1 - Global Stable Equity BP EUR;Nordea 1 - Global Stable Equity Fund BP EUR;Nordea Investment Funds SA;Equity;Global Equity Large Cap;RV Global Cap. Grande Value;EUR;Luxemburgo;5;1;1.72;1.5;8.38;8.81;6.93;5.29;2006-01-02;True;False;0;2026-08-24
LU0203975197;Robeco BP Global Premium Eqs B EUR;Robeco BP Global Premium Equities B EUR;Robeco Institutional Asset Management BV;Equity;Global Equity Large Cap;RV Global Cap. Grande Value;EUR;Luxemburgo;5;3;1.46;1.25;14.55;21.03;18.4;13.2;2004-12-13;True;False;0;2026-08-24
LU0203975437;Robeco BP Global Premium Eqs D EUR;Robeco BP Global Premium Equities D EUR;Robeco Institutional Asset Management BV;Equity;Global Equity Large Cap;RV Global Cap. Grande Value;EUR;Luxemburgo;5;3;1.45;1.25;14.56;21.05;18.41;13.21;2004-12-13;True;False;0;2026-08-24
LU0951559797;Robeco BP Global Premium Eqs D USD;Robeco BP Global Premium Equities D USD;Robeco Institutional Asset Management BV;Equity;Global Equity Large Cap;RV Global Cap. Grande Value;USD;Luxemburgo;6;3;1.47;1.25;13.95;21.25;21.27;13.21;2013-07-12;True;False;0;2026-08-24
LU0248176017;Schroder ISF QEP Glb ActvVal A Acc EUR;Schroder International Selection Fund QEP Global Active Value A Accumulation EUR;Schroder Investment Management (Europe) S.A.;Equity;Global Equity Large Cap;RV Global Cap. Grande Value;EUR;Luxemburgo;5;4;;1.25;19.7;30.94;19.67;12.57;2006-03-28;True;False;1000;2026-08-24
LU0203345920;Schroder ISF QEP Glb ActvVal A Acc USD;Schroder International Selection Fund QEP Global Active Value A Accumulation USD;Schroder Investment Management (Europe) S.A.;Equity;Global Equity Large Cap;RV Global Cap. Grande Value;USD;Luxemburgo;5;4;;1.25;19.18;31.43;22.5;12.62;2004-10-29;True;False;1000;2026-08-24
LU0203347892;Schroder ISF QEP Glb ActvVal A Dis AV;Schroder International Selection Fund QEP Global Active Value A Distribution USD AV;Schroder Investment Management (Europe) S.A.;Equity;Global Equity Large Cap;RV Global Cap. Grande Value;USD;Luxemburgo;5;4;;1.25;19.18;31.43;22.5;12.62;2004-10-29;True;False;1000;2026-08-24
LU1493953001;T. Rowe Price Glb Val Eq A (EUR);T. Rowe Price Funds SICAV - Global Value Equity Fund A (EUR);T. Rowe Price (Luxembourg) Management S.à r.l.;Equity;Global Equity Large Cap;RV Global Cap. Grande Value;EUR;Luxemburgo;5;4;1.72;1.6;21.84;37.64;20.22;12.83;2016-09-20;True;False;1000;2026-08-24
IE0031069168;AXA IM Global Small Cap Eq QIB;AXA IM Equity Trust - AXA IM Global Small Cap Equity QIB;BNP PARIBAS ASSET MANAGEMENT Europe;Equity;Global Equity Mid/Small Cap;RV Global Capitalización Pequeña y Mediana;EUR;Irlanda;6;4;;1.5;18.48;27.31;17.71;10.53;2001-10-05;True;False;5000;2026-08-24
LU0054578231;BGF Systematic Glbl SmallCap A2;BlackRock Global Funds - Systematic Global SmallCap Fund A2;BlackRock (Luxembourg) SA;Equity;Global Equity Mid/Small Cap;RV Global Capitalización Pequeña y Mediana;USD;Luxemburgo;6;4;1.82;1.5;19.38;27;19.73;10.07;1994-11-04;True;False;5000;2026-08-24
LU0171288334;BGF Systematic Glbl SmallCap A2 EUR;BlackRock Global Funds - Systematic Global SmallCap Fund A2 EUR;BlackRock (Luxembourg) SA;Equity;Global Equity Mid/Small Cap;RV Global Capitalización Pequeña y Mediana;EUR;Luxemburgo;6;4;1.82;1.5;19.86;26.32;16.95;10.06;1994-11-04;True;False;;2026-08-24
IE00BJ5JS224;Baillie Gifford WW Discovery A EUR Acc;Baillie Gifford Worldwide Discovery Fund A EUR Acc;Baillie Gifford Investment Management (Europe) Limited;Equity;Global Equity Mid/Small Cap;RV Global Capitalización Pequeña y Mediana;EUR;Irlanda;6;1;1.64;1.5;15.98;18.27;8.08;-7.65;2019-04-12;True;False;1000;2026-08-24
LU0570870567;CT (Lux) Glb Smlr Coms AE;CT (Lux) - Global Smaller Companies AE (EUR Accumulation Shares);Threadneedle Management Luxembourg S.A.;Equity;Global Equity Mid/Small Cap;RV Global Capitalización Pequeña y Mediana;EUR;Luxemburgo;6;2;1.8;1.5;11.48;11.43;2.66;-2.89;2011-03-03;True;False;2500;2026-08-24
LU1815336091;CT (Lux) Glb Smlr Coms AUP;CT (Lux) - Global Smaller Companies AUP (USD Distribution Shares);Threadneedle Management Luxembourg S.A.;Equity;Global Equity Mid/Small Cap;RV Global Capitalización Pequeña y Mediana;USD;Luxemburgo;6;1;1.8;1.5;10.9;11.63;5.15;-2.88;2018-06-12;True;False;2500;2026-08-24
LU0245181838;GS Glb Sm Cp CORE Eq E Acc EUR Close;Goldman Sachs Global Small Cap CORE Equity Portfolio E Acc EUR Close;Goldman Sachs Asset Management B.V.;Equity;Global Equity Mid/Small Cap;RV Global Capitalización Pequeña y Mediana;EUR;Luxemburgo;6;4;;1.25;18.78;27.4;18.29;10.68;2007-03-30;True;False;1500;2026-08-24
LU1599216113;GS Glb Sm Cp CORE Eq OthCcy Acc EURSnap;Goldman Sachs Global Small Cap CORE Equity Portfolio Other Currency Acc EUR Snap;Goldman Sachs Asset Management B.V.;Equity;Global Equity Mid/Small Cap;RV Global Capitalización Pequeña y Mediana;EUR;Luxemburgo;6;4;;1.25;18.19;28.48;18.69;11.44;2017-04-27;True;False;5000;2026-08-24
LU3038481936;Hamco Global Value R EUR Acc;Hamco SICAV - Global Value R EUR Acc;HAMCO AM, SGIIC, SA;Equity;Global Equity Mid/Small Cap;RV Global Capitalización Pequeña y Mediana;EUR;Luxemburgo;;4;;0.9;13.46;18.63;11.41;17.01;2025-11-25;True;False;;2026-08-24
LU1984712320;Janus Henderson Hrzn Glb SC A2 EUR;Janus Henderson Horizon Global Smaller Companies Fund A2 EUR;Janus Henderson Investors;Equity;Global Equity Mid/Small Cap;RV Global Capitalización Pequeña y Mediana;EUR;Luxemburgo;6;4;1.88;1.2;12.65;19.1;19.83;12;2019-08-06;True;False;2500;2026-08-24
LU1983261782;Janus Henderson Hrzn Glb SC A2 USD;Janus Henderson Horizon Global Smaller Companies Fund A2 USD;Janus Henderson Investors;Equity;Global Equity Mid/Small Cap;RV Global Capitalización Pequeña y Mediana;USD;Luxemburgo;6;4;1.88;1.2;12.2;19.77;22.54;11.92;2019-08-06;True;False;2500;2026-08-24
IE00B42W4L06;Vanguard Glb Small-Cp Idx € Acc;Vanguard Global Small-Cap Index Fund EUR Acc;Vanguard Group (Ireland) Limited;Equity;Global Equity Mid/Small Cap;RV Global Capitalización Pequeña y Mediana;EUR;Irlanda;6;4;0.29;0.29;19.1;26.58;16.15;8.26;2012-12-11;True;True;1000000;2026-08-24
IE00B42LF923;Vanguard Global Small-Cap Idx USD Acc;Vanguard Global Small-Cap Index Fund USD Acc;Vanguard Group (Ireland) Limited;Equity;Global Equity Mid/Small Cap;RV Global Capitalización Pequeña y Mediana;USD;Irlanda;6;4;0.29;0.29;18.37;27.2;18.88;8.24;2009-12-10;True;True;1000000;2026-08-24
LU2530217723;abrdn- Global Smaller Comp A Acc EUR;abrdn SICAV II-Global Smaller Companies Fund A Acc EUR;abrdn Investments Luxembourg S.A.;Equity;Global Equity Mid/Small Cap;RV Global Capitalización Pequeña y Mediana;EUR;Luxemburgo;6;1;;1.8;1.01;-4.47;4.53;-5.01;2022-11-25;True;False;1000;2026-08-24
LU2530217996;abrdn- Global Smaller Comp A Acc USD;abrdn SICAV II-Global Smaller Companies Fund A Acc USD;abrdn Investments Luxembourg S.A.;Equity;Global Equity Mid/Small Cap;RV Global Capitalización Pequeña y Mediana;USD;Luxemburgo;6;1;;1.8;0.61;-4.06;7.03;-4.85;2022-11-25;True;False;500;2026-08-24
LU0996177134;Amundi IS Core MSCI Emerg Mkts AE-C;Amundi Index Solutions - Amundi Core MSCI Emerging Markets AE-C;Amundi Luxembourg S.A.;Equity;Global Emerging Markets Equity;RV Global Emergente;EUR;Luxemburgo;6;3;0.45;0.3;22.95;38.32;20.08;9.01;2014-04-09;True;True;;2026-08-24
LU0047713382;BGF Emerging Markets A2;BlackRock Global Funds - Emerging Markets Fund A2;BlackRock (Luxembourg) SA;Equity;Global Emerging Markets Equity;RV Global Emergente;USD;Luxemburgo;6;2;1.86;1.5;26.06;43.3;18.01;4.04;1993-11-30;True;False;5000;2026-08-24
LU0171275786;BGF Emerging Markets A2 EUR;BlackRock Global Funds - Emerging Markets Fund A2 EUR;BlackRock (Luxembourg) SA;Equity;Global Emerging Markets Equity;RV Global Emergente;EUR;Luxemburgo;6;2;1.86;1.5;26.54;42.52;15.27;4.03;1993-11-30;True;False;;2026-08-24
LU1289970086;BSF Emerging Markets Eq Strats A2 USD;BlackRock Strategic Funds - Emerging Markets Equity Strategies Fund A2 USD;BlackRock (Luxembourg) SA;Equity;Global Emerging Markets Equity;RV Global Emergente;USD;Luxemburgo;6;5;;1.5;8.94;24.18;20.32;15.11;2015-09-18;True;False;5000;2026-08-24
LU1321847805;BSF Emerging Markets Eq Strats E2 EUR;BlackRock Strategic Funds - Emerging Markets Equity Strategies Fund E2 EUR;BlackRock (Luxembourg) SA;Equity;Global Emerging Markets Equity;RV Global Emergente;EUR;Luxemburgo;6;4;;1.5;9.01;22.89;16.93;14.53;2015-11-18;True;False;;2026-08-24
IE00BK5TW610;Baillie Gifford WW EM LdgComs A EUR Acc;Baillie Gifford Worldwide Emerging Markets Leading Companies Fund Class A EUR Acc;Baillie Gifford Investment Management (Europe) Limited;Equity;Global Emerging Markets Equity;RV Global Emergente;EUR;Irlanda;6;2;1.6;1.5;35.61;53.09;21.87;8.08;2019-09-30;True;False;1000;2026-08-24
ES0113571006;Bankinter Emergentes R FI;Bankinter Emergentes R FI;Bankinter Gestión de Activos SGIIC;Equity;Global Emerging Markets Equity;RV Global Emergente;EUR;España;6;3;1.37;1;21.66;34.35;18.67;7.57;2018-02-23;True;False;1;2026-08-24
IE00B6RNXY80;Brandes Emerging Markets Value A Euro;Brandes Emerging Markets Value Fund Euro Class A Shares;Brandes Investment Partners (Europe) Limited;Equity;Global Emerging Markets Equity;RV Global Emergente;EUR;Irlanda;6;4;1.95;0.85;22.49;38.79;21.89;13.47;2013-01-11;True;False;;2026-08-24
IE00B6TRNJ36;Brandes Emerging Markets Value A USD;Brandes Emerging Markets Value Fund US Dollar Class A Shares;Brandes Investment Partners (Europe) Limited;Equity;Global Emerging Markets Equity;RV Global Emergente;USD;Irlanda;6;4;1.95;0.85;21.77;39.62;24.75;13.44;2013-02-28;True;False;10000;2026-08-24
LU0056052961;Candriam Eqs L Em Mkts C EUR Cap;Candriam Equities L Emerging Markets Class C EUR Cap;Candriam;Equity;Global Emerging Markets Equity;RV Global Emergente;EUR;Luxemburgo;6;3;2.11;1.6;26.12;43.8;22.73;6.57;1994-06-02;True;False;0;2026-08-24
LU1481180195;Capital Group New World (LUX) B;Capital Group New World Fund (LUX) B;Capital International Management Company Sàrl;Equity;Global Emerging Markets Equity;RV Global Emergente;USD;Luxemburgo;6;3;1.75;1.6;16.21;26.9;18.12;6.38;2016-10-28;True;False;0;2026-08-24
LU1481179858;Capital Group New World (LUX) B EUR;Capital Group New World Fund (LUX) B EUR;Capital International Management Company Sàrl;Equity;Global Emerging Markets Equity;RV Global Emergente;EUR;Luxemburgo;6;3;1.75;1.6;16.94;26.13;15.42;6.44;2016-10-28;True;False;;2026-08-24
FR0010149302;Carmignac Emergents A EUR Acc;Carmignac Emergents A EUR Acc;Carmignac Gestion;Equity;Global Emerging Markets Equity;RV Global Emergente;EUR;Francia;6;3;1.73;1.5;26.29;43.14;20.33;7.55;1997-02-03;True;False;0;2026-08-24
LU2540616898;DWS Invest ESG Glbl Em Mkts Eqs NC;DWS Invest ESG Global Emerging Markets Equities NC;DWS Investment S.A.;Equity;Global Emerging Markets Equity;RV Global Emergente;EUR;Luxemburgo;6;3;2.1;2;26.95;40.16;19.85;;2022-11-24;True;False;;2026-08-24
LU1984220373;DWS Invest ESG Global Em Mkts Eqs LC;DWS Invest ESG Global Emerging Markets Equities LC;DWS Investment S.A.;Equity;Global Emerging Markets Equity;RV Global Emergente;EUR;Luxemburgo;6;3;1.6;1.5;27.36;40.88;20.46;8.46;2019-05-29;True;False;0;2026-08-24
IE00B3NFBQ59;Federated Hermes Glb EM Eq R EUR Acc;Federated Hermes Global Emerging Markets Equity Fund Class R EUR Accumulating;Hermes Fund Managers Ireland Ltd;Equity;Global Emerging Markets Equity;RV Global Emergente;EUR;Irlanda;6;3;;1.5;20.99;32.81;17.06;4.91;2011-10-11;True;False;1000;2026-08-24
LU1048684796;Fidelity Emerging Markets A-Acc-EUR;Fidelity Funds - Emerging Markets Fund A-Acc-EUR;FIL Investment Management (Luxembourg) S.à r.l.;Equity;Global Emerging Markets Equity;RV Global Emergente;EUR;Luxemburgo;6;3;;1.5;33.17;49.8;23.08;6.33;2014-04-02;True;False;;2026-08-24
LU0261950470;Fidelity Emerging Markets A-Acc-USD;Fidelity Funds - Emerging Markets Fund A-Acc-USD;FIL Investment Management (Luxembourg) S.à r.l.;Equity;Global Emerging Markets Equity;RV Global Emergente;USD;Luxemburgo;6;3;;1.5;32.58;50.84;26;6.33;2006-09-25;True;False;1000;2026-08-24
LU0307839646;Fidelity Emerging Markets A-DIST-EUR;Fidelity Funds - Emerging Markets Fund A-DIST-EUR;FIL Investment Management (Luxembourg) S.à r.l.;Equity;Global Emerging Markets Equity;RV Global Emergente;EUR;Luxemburgo;6;3;;1.5;33.21;49.8;23.07;6.34;2007-07-23;True;False;;2026-08-24
LU0115763970;Fidelity Emerging Markets E-Acc-EUR;Fidelity Funds - Emerging Markets Fund E-Acc-EUR;FIL Investment Management (Luxembourg) S.à r.l.;Equity;Global Emerging Markets Equity;RV Global Emergente;EUR;Luxemburgo;6;2;;1.5;32.54;48.7;22.16;5.53;2000-09-11;True;False;;2026-08-24
LU1206943596;Fidelity FAST Emerging Markets A-ACC-EUR;Fidelity Active Strategy - FAST - Emerging Markets Fund A-ACC-EUR;FIL Investment Management (Luxembourg) S.à r.l.;Equity;Global Emerging Markets Equity;RV Global Emergente;EUR;Luxemburgo;6;4;1.94;1.5;36.68;64.37;34.68;12.07;2015-04-01;True;False;;2026-08-24
IE00BYX5M476;Fidelity MSCI Emerg Mkts Indx EUR P Acc;Fidelity MSCI Emerging Markets Index Fund EUR P Acc;FIL Investment Management (Luxembourg) S.A., Ireland Branch;Equity;Global Emerging Markets Equity;RV Global Emergente;EUR;Irlanda;5;3;0.2;0.2;24.95;37.98;21.05;9.51;2018-03-20;True;True;0;2026-08-24
IE00BYW5Q247;GQG Partners Emerging Mkts Eq A EUR Acc;GQG Partners Emerging Markets Equity Fund Class A Euro Accumulating;GQG Partners LLC;Equity;Global Emerging Markets Equity;RV Global Emergente;EUR;Irlanda;5;2;1.65;1.5;5.22;9.87;8.74;3.54;2017-07-17;True;False;1000;2026-08-24
IE00BYW5Q130;GQG Partners Emerging Mkts Eq A USD Acc;GQG Partners Emerging Markets Equity Fund Class A US Dollar Accumulating;GQG Partners LLC;Equity;Global Emerging Markets Equity;RV Global Emergente;USD;Irlanda;5;2;1.65;1.5;4.55;10.17;11.36;3.48;2017-07-17;True;False;1000;2026-08-24
LU0313355587;GS EM CORE Eq Base Acc USD Close;Goldman Sachs Emerging Markets CORE Equity Portfolio Base Acc USD Close;Goldman Sachs Asset Management B.V.;Equity;Global Emerging Markets Equity;RV Global Emergente;USD;Luxemburgo;6;3;;1.35;27.61;43.7;24.42;8.99;2009-08-10;True;False;5000;2026-08-24
LU3121069069;Invesco Emerging Mkt Eq A EUR Acc;Invesco Funds - Invesco Emerging Markets Equity Fund A Accumulation EUR;Invesco Management S.A.;Equity;Global Emerging Markets Equity;RV Global Emergente;EUR;Luxemburgo;6;;;1.4;23.49;;;;2025-08-27;True;False;;2026-08-24
LU0862449690;JPM Emerging Markets Div A acc EUR;JPMorgan Funds - Emerging Markets Dividend Fund A (acc) EUR;JPMorgan Asset Management (Europe) S.à r.l.;Equity;Global Emerging Markets Equity;RV Global Emergente;EUR;Luxemburgo;5;4;1.8;1.5;26.46;41.18;20.51;10.39;2012-12-11;True;False;35000;2026-08-24
LU0217576759;JPM Emerging Mkts Eq A acc EUR;JPMorgan Funds - Emerging Markets Equity Fund A (acc) EUR;JPMorgan Asset Management (Europe) S.à r.l.;Equity;Global Emerging Markets Equity;RV Global Emergente;EUR;Luxemburgo;6;3;1.73;1.5;29.67;49;20.51;5.84;2005-09-20;True;False;35000;2026-08-24
LU0210529656;JPM Emerging Mkts Eq A acc USD;JPMorgan Funds - Emerging Markets Equity Fund A (acc) USD;JPMorgan Asset Management (Europe) S.à r.l.;Equity;Global Emerging Markets Equity;RV Global Emergente;USD;Luxemburgo;6;3;1.73;1.5;29.14;49.78;23.38;5.85;2005-03-31;True;False;35000;2026-08-24
LU0053685615;JPM Emerging Mkts Eq A dist USD;JPMorgan Funds - Emerging Markets Equity Fund A (dist) USD;JPMorgan Asset Management (Europe) S.à r.l.;Equity;Global Emerging Markets Equity;RV Global Emergente;USD;Luxemburgo;6;3;1.74;1.5;29.15;49.8;23.37;5.84;1994-04-13;True;False;35000;2026-08-24
LU0217576833;JPM Emerging Mkts Eq D acc EUR;JPMorgan Funds - Emerging Markets Equity Fund D (acc) EUR;JPMorgan Asset Management (Europe) S.à r.l.;Equity;Global Emerging Markets Equity;RV Global Emergente;EUR;Luxemburgo;6;3;2.51;1.5;29.06;47.84;19.58;5.01;2006-05-08;True;False;5000;2026-08-24
LU0117895366;JPM Emerging Mkts Eq D acc USD;JPMorgan Funds - Emerging Markets Equity Fund D (acc) USD;JPMorgan Asset Management (Europe) S.à r.l.;Equity;Global Emerging Markets Equity;RV Global Emergente;USD;Luxemburgo;6;3;2.54;1.5;28.5;48.61;22.39;5;2000-10-13;True;False;5000;2026-08-24
LU1670618690;M&G (Lux) Glb Em Mkts A EUR Acc;M&G (Lux) Global Emerging Markets Fund EUR A Acc;M&G Luxembourg S.A.;Equity;Global Emerging Markets Equity;RV Global Emergente;EUR;Luxemburgo;6;4;2;1.75;19.28;35.46;20.17;12.01;2018-10-26;True;False;;2026-08-24
LU1670624664;M&G (Lux) Glb Em Mkts A USD Acc;M&G (Lux) Global Emerging Markets Fund USD A Acc;M&G Luxembourg S.A.;Equity;Global Emerging Markets Equity;RV Global Emergente;USD;Luxemburgo;6;4;2;1.75;18.81;36.05;23.05;12.05;2018-10-26;True;False;;2026-08-24
LU0815263628;MS INVF Emerging Leaders Equity A;Morgan Stanley Investment Funds - Emerging Leaders Equity Fund A;MSIM Fund Management (Ireland) Limited;Equity;Global Emerging Markets Equity;RV Global Emergente;USD;Luxemburgo;6;1;2.19;1.9;8.77;13.8;10.24;-2.86;2012-08-17;True;False;0;2026-08-24
LU0602539867;Nordea 1 - Emerging Sust Strs Eq BP EUR;Nordea 1 - Emerging Sustainable Stars Equity Fund BP EUR;Nordea Investment Funds SA;Equity;Global Emerging Markets Equity;RV Global Emergente;EUR;Luxemburgo;6;2;1.82;1.5;31.28;44.48;21.17;4.86;2011-04-15;True;False;0;2026-08-24
LU0602539602;Nordea 1 - Emerging Sust Strs Eq BP USD;Nordea 1 - Emerging Sustainable Stars Equity Fund BP USD;Nordea Investment Funds SA;Equity;Global Emerging Markets Equity;RV Global Emergente;USD;Luxemburgo;5;2;1.82;1.5;30.6;45.22;24.04;4.92;2011-04-15;True;False;;2026-08-24
LU0131726092;Pictet-Emerging Markets R USD;Pictet-Emerging Markets R USD;Pictet Asset Management (Europe) SA;Equity;Global Emerging Markets Equity;RV Global Emergente;USD;Luxemburgo;6;1;2.34;2.9;20.84;33.5;18.1;2.18;2001-07-11;True;False;0;2026-08-24
LU0424800612;RAM (Lux) Sys Emg Mkts Equities L EUR;RAM (Lux) Systematic Funds - Emerging Markets Equities L EUR;RAM Active Investments SA;Equity;Global Emerging Markets Equity;RV Global Emergente;EUR;Luxemburgo;5;4;1.88;1.2;14.87;24.08;16.87;9.83;2009-05-05;True;False;50000;2026-08-24
LU0337098114;Robeco Emerging Stars Equities D $;Robeco Capital Growth Funds - Robeco Emerging Stars Equities D USD;Robeco Institutional Asset Management BV;Equity;Global Emerging Markets Equity;RV Global Emergente;USD;Luxemburgo;6;4;;1.5;29.8;50.27;28.06;12.52;2008-01-09;True;False;0;2026-08-24
LU0254836850;Robeco Emerging Stars Equities D €;Robeco Capital Growth Funds - Robeco Emerging Stars Equities D EUR;Robeco Institutional Asset Management BV;Equity;Global Emerging Markets Equity;RV Global Emergente;EUR;Luxemburgo;6;4;;1.5;30.49;50.57;25.16;12.58;2006-11-02;True;False;0;2026-08-24
LU0329355670;Robeco QI EM Active Equities D €;Robeco QI Emerging Markets Active Equities D €;Robeco Institutional Asset Management BV;Equity;Global Emerging Markets Equity;RV Global Emergente;EUR;Luxemburgo;5;5;1.52;1.25;26.79;38.59;23.87;13.41;2008-01-29;True;False;0;2026-08-24
LU0951559870;Robeco QI Emerging Cnsrv Eqs B $;Robeco QI Emerging Conservative Equities B $;Robeco Institutional Asset Management BV;Equity;Global Emerging Markets Equity;RV Global Emergente;USD;Luxemburgo;5;4;;1.25;19.01;23.6;18.49;9.93;2013-07-12;True;False;0;2026-08-24
LU0582532197;Robeco QI Emerging Cnsrv Eqs B €;Robeco QI Emerging Conservative Equities B €;Robeco Institutional Asset Management BV;Equity;Global Emerging Markets Equity;RV Global Emergente;EUR;Luxemburgo;5;4;;1.25;19.64;23.38;15.68;9.92;2011-02-14;True;False;0;2026-08-24
LU0854930350;Robeco QI Emerging Cnsrv Eqs D $;Robeco QI Emerging Conservative Equities D $;Robeco Institutional Asset Management BV;Equity;Global Emerging Markets Equity;RV Global Emergente;USD;Luxemburgo;5;4;;1.25;19.02;23.59;18.48;9.93;2012-11-30;True;False;0;2026-08-24
LU0582533245;Robeco QI Emerging Cnsrv Eqs D €;Robeco QI Emerging Conservative Equities D €;Robeco Institutional Asset Management BV;Equity;Global Emerging Markets Equity;RV Global Emergente;EUR;Luxemburgo;4;4;;1.25;19.64;23.37;15.68;9.92;2011-02-14;True;False;0;2026-08-24
LU0248176959;Schroder ISF Em Mkts A Acc EUR;Schroder International Selection Fund Emerging Markets A Accumulation EUR;Schroder Investment Management (Europe) S.A.;Equity;Global Emerging Markets Equity;RV Global Emergente;EUR;Luxemburgo;6;4;;1.5;28.26;49.63;23.62;8.79;2006-03-17;True;False;1000;2026-08-24
LU0106252389;Schroder ISF Em Mkts A Acc USD;Schroder International Selection Fund Emerging Markets A Accumulation USD;Schroder Investment Management (Europe) S.A.;Equity;Global Emerging Markets Equity;RV Global Emergente;USD;Luxemburgo;6;4;;1.5;27.71;50.19;26.55;8.83;2000-01-17;True;False;1000;2026-08-24
LU0248177254;Schroder ISF Em Mkts B Acc EUR;Schroder International Selection Fund Emerging Markets B Accumulation EUR;Schroder Investment Management (Europe) S.A.;Equity;Global Emerging Markets Equity;RV Global Emergente;EUR;Luxemburgo;6;3;;1.5;27.77;48.73;22.88;8.14;2006-03-17;True;False;1000;2026-08-24
LU0279459456;Schroder ISF Glb Em Mkt Opps A Acc EUR;Schroder International Selection Fund Global Emerging Market Opportunities A Accumulation EUR;Schroder Investment Management (Europe) S.A.;Equity;Global Emerging Markets Equity;RV Global Emergente;EUR;Luxemburgo;6;4;;1.5;29.35;47.33;22.54;9.18;2007-01-19;True;False;1000;2026-08-24
LU0029874905;Templeton Emerging Markets A(Ydis)USD;Templeton Emerging Markets Fund A(Ydis)USD;Franklin Templeton International Services S.à r.l.;Equity;Global Emerging Markets Equity;RV Global Emergente;USD;Luxemburgo;6;4;1.97;1.65;31.85;52.88;28.93;11.9;1991-02-28;True;False;1000;2026-08-24
LU0188151921;Templeton Emerging Markets N(acc)EUR;Templeton Emerging Markets Fund N(acc)EUR;Franklin Templeton International Services S.à r.l.;Equity;Global Emerging Markets Equity;RV Global Emergente;EUR;Luxemburgo;6;4;2.47;2.15;32.23;51.17;25.35;11.38;2004-03-15;True;False;;2026-08-24
LU0109402221;Templeton Emerging Markets N(acc)USD;Templeton Emerging Markets Fund N(acc)USD;Franklin Templeton International Services S.à r.l.;Equity;Global Emerging Markets Equity;RV Global Emergente;USD;Luxemburgo;6;4;2.47;2.15;31.43;52.13;28.3;11.34;2000-04-03;True;False;1000;2026-08-24
LU0328353924;UBS (Lux) ES Glb EM Markts Opp(USD) Pacc;UBS (Lux) Equity SICAV - Global Emerging Markets Opportunity (USD) P-acc;UBS Asset Management (Europe) S.A.;Equity;Global Emerging Markets Equity;RV Global Emergente;USD;Luxemburgo;6;3;1.99;1.54;24.26;45.2;24.47;6.61;2008-09-25;True;False;;2026-08-24
IE0031787223;Vanguard Em Mkts Stk Idx $ Acc;Vanguard Emerging Markets Stock Index Fund USD Acc;Vanguard Group (Ireland) Limited;Equity;Global Emerging Markets Equity;RV Global Emergente;USD;Irlanda;6;3;0.23;0.23;24.17;38.96;23.97;9.51;2014-02-27;True;True;1000000;2026-08-24
IE0031786696;Vanguard Em Mkts Stk Idx € Acc;Vanguard Emerging Markets Stock Index Fund EUR Acc;Vanguard Group (Ireland) Limited;Equity;Global Emerging Markets Equity;RV Global Emergente;EUR;Irlanda;6;3;0.23;0.23;24.93;38.28;21.12;9.52;2014-02-27;True;True;1000000;2026-08-24
LU0040507039;Vontobel Emerging Markets Eq B USD;Vontobel Fund - Emerging Markets Equity B USD Cap;Vontobel Asset Management S.A.;Equity;Global Emerging Markets Equity;RV Global Emergente;USD;Luxemburgo;6;2;2.11;1.65;23.15;38.55;15.72;3.17;1992-11-03;True;False;0;2026-08-24
LU0571085413;Vontobel mtx Em Mkts Ldrs B USD;Vontobel Fund - mtx Emerging Markets Leaders B USD Cap;Vontobel Asset Management S.A.;Equity;Global Emerging Markets Equity;RV Global Emergente;USD;Luxemburgo;6;3;2.04;2;25.2;42.3;23.28;7.08;2011-07-15;True;False;0;2026-08-24
LU0498181733;abrdn-Emerg Markets Equity A Acc EUR;abrdn SICAV I - Emerging Markets Equity Fund A Acc EUR;abrdn Investments Luxembourg S.A.;Equity;Global Emerging Markets Equity;RV Global Emergente;EUR;Luxemburgo;6;2;;1.75;30.94;47.23;20.25;6.01;2010-05-25;True;False;1000;2026-08-24
LU0132412106;abrdn-Emerg Markets Equity A Acc USD;abrdn SICAV I - Emerging Markets Equity Fund A Acc USD;abrdn Investments Luxembourg S.A.;Equity;Global Emerging Markets Equity;RV Global Emergente;USD;Luxemburgo;6;2;;1.75;30.23;47.87;23.13;6.05;2001-08-15;True;False;500;2026-08-24
FI4000066915;Evli Emerging Frontier B;Evli Emerging Frontier B;Evli-Rahastoyhtiö Oy;Equity;Global Emerging Markets Equity;RV Global Emergente  Cap. Peq/Med;EUR;Finlandia;6;5;;1.9;-0.77;5.96;12.73;10.19;2013-10-08;True;False;1000;2026-08-24
LU0318933057;JPM Em Mkts Small Cap A perf acc EUR;JPMorgan Funds - Emerging Markets Small Cap Fund A (perf) (acc) EUR;JPMorgan Asset Management (Europe) S.à r.l.;Equity;Global Emerging Markets Equity;RV Global Emergente  Cap. Peq/Med;EUR;Luxemburgo;5;2;1.8;1.5;10.26;11.6;8.24;2.07;2007-11-15;True;False;35000;2026-08-24
LU0318931358;JPM Em Mkts Small Cap A perf accUSD;JPMorgan Funds - Emerging Markets Small Cap Fund A (perf) (acc) USD;JPMorgan Asset Management (Europe) S.à r.l.;Equity;Global Emerging Markets Equity;RV Global Emergente  Cap. Peq/Med;USD;Luxemburgo;6;2;1.8;1.5;9.87;12.22;10.84;2.08;2007-11-15;True;False;35000;2026-08-24
LU0318932836;JPM Em Mkts Small Cap A perf dist GBP;JPMorgan Funds - Emerging Markets Small Cap Fund A (perf) (dist) GBP;JPMorgan Asset Management (Europe) S.à r.l.;Equity;Global Emerging Markets Equity;RV Global Emergente  Cap. Peq/Med;GBP;Luxemburgo;5;2;1.8;1.5;8.23;10.51;8.32;2.05;2007-11-15;True;False;35000;2026-08-24
LU0318933487;JPM Em Mkts Small Cap D perf acc EUR;JPMorgan Funds - Emerging Markets Small Cap Fund D (perf) (acc) EUR;JPMorgan Asset Management (Europe) S.à r.l.;Equity;Global Emerging Markets Equity;RV Global Emergente  Cap. Peq/Med;EUR;Luxemburgo;5;1;2.8;1.5;9.6;10.53;7.17;1.04;2010-06-11;True;False;5000;2026-08-24
LU0300743431;Templeton Em Mkts Smlr Coms A(acc)EUR;Templeton Emerging Markets Smaller Companies Fund A(acc)EUR;Franklin Templeton International Services S.à r.l.;Equity;Global Emerging Markets Equity;RV Global Emergente  Cap. Peq/Med;EUR;Luxemburgo;5;2;2.48;2.1;14.9;14.34;11.02;5.69;2007-10-18;True;False;;2026-08-24
LU0300738514;Templeton Em Mkts Smlr Coms A(acc)USD;Templeton Emerging Markets Smaller Companies Fund A(acc)USD;Franklin Templeton International Services S.à r.l.;Equity;Global Emerging Markets Equity;RV Global Emergente  Cap. Peq/Med;USD;Luxemburgo;5;2;2.48;2.1;14.12;15.02;13.61;5.65;2007-10-18;True;False;1000;2026-08-24
LU1775963454;Invesco Emerg Mkts ex-China Eq A USD AD;Invesco Funds - Invesco Emerging Markets ex-China Equity Fund A Annual Distribution USD;Invesco Management S.A.;Equity;Global Emerging Markets Equity;RV Global Emergente Ex-China;USD;Luxemburgo;6;;;1.4;39.82;61.51;;;2018-09-07;True;False;1500;2026-08-24
LU0666199749;HSBC GIF Frontier Markets AC;HSBC Global Investment Funds - Frontier Markets AC;HSBC Global Invesment Funds;Equity;Global Emerging Markets Equity;RV Global Mercados Frontera;USD;Luxemburgo;5;4;;1.75;9.04;10.12;18.97;14.78;2011-11-30;True;False;5000;2026-08-24
LU0708055370;HSBC GIF Frontier Markets ACEUR;HSBC Global Investment Funds - Frontier Markets ACEUR;HSBC Global Invesment Funds;Equity;Global Emerging Markets Equity;RV Global Mercados Frontera;EUR;Luxemburgo;5;4;;1.75;9.84;9.58;16.23;14.8;2012-10-01;True;False;5000;2026-08-24
IE00B68FF474;Magna New Frontiers R Acc;Magna Umbrella Fund plc - Magna New Frontiers Fund R Acc;Fiera Capital (UK) Limited;Equity;Global Emerging Markets Equity;RV Global Mercados Frontera;EUR;Irlanda;6;3;;1.95;6.88;8.76;12.48;9.96;2011-03-16;True;False;5000;2026-08-24
LU2407913743;Schroder ISF Frntr Mkts Eq A Acc EUR;Schroder International Selection Fund Frontier Markets Equity A Accumulation EUR;Schroder Investment Management (Europe) S.A.;Equity;Global Emerging Markets Equity;RV Global Mercados Frontera;EUR;Luxemburgo;5;4;;1.5;14.66;20.05;19.53;;2022-01-19;True;False;1000;2026-08-24
LU0562313402;Schroder ISF Frntr Mkts Eq A USD Acc;Schroder International Selection Fund Frontier Markets Equity A Accumulation USD;Schroder Investment Management (Europe) S.A.;Equity;Global Emerging Markets Equity;RV Global Mercados Frontera;USD;Luxemburgo;5;5;;1.5;14.16;20.5;22.36;15;2010-12-15;True;False;1000;2026-08-24
LU0390137031;Templeton Frontier Markets A(acc)EUR;Templeton Frontier Markets Fund A(acc)EUR;Franklin Templeton International Services S.à r.l.;Equity;Global Emerging Markets Equity;RV Global Mercados Frontera;EUR;Luxemburgo;5;3;2.52;2.1;16.68;18.21;17.48;11.01;2008-10-14;True;False;;2026-08-24
LU0390136736;Templeton Frontier Markets A(acc)USD;Templeton Frontier Markets Fund A(acc)USD;Franklin Templeton International Services S.à r.l.;Equity;Global Emerging Markets Equity;RV Global Mercados Frontera;USD;Luxemburgo;5;3;2.52;2.1;15.96;18.98;20.22;10.98;2008-10-14;True;False;1000;2026-08-24
LU0455706654;Fidelity China Innovation A-Acc-EUR;Fidelity Funds - China Innovation Fund A-Acc-EUR;FIL Investment Management (Luxembourg) S.à r.l.;Equity;Greater China Equity;RV Gran China;EUR;Luxemburgo;6;2;1.95;1.5;2.12;2.79;9.18;-2.99;2009-11-23;True;False;;2026-08-24
LU1400166911;Fidelity Greater China A-Acc-EUR;Fidelity Funds - Greater China Fund A-Acc-EUR;FIL Investment Management (Luxembourg) S.à r.l.;Equity;Greater China Equity;RV Gran China;EUR;Luxemburgo;6;3;1.93;1.5;12.18;18.28;14.15;1.07;2016-05-05;True;False;;2026-08-24
LU1224710126;Fidelity Greater China A-Acc-USD;Fidelity Funds - Greater China Fund A-Acc-USD;FIL Investment Management (Luxembourg) S.à r.l.;Equity;Greater China Equity;RV Gran China;USD;Luxemburgo;6;3;1.93;1.5;11.75;19.08;16.89;1.07;2015-05-19;True;False;2500;2026-08-24
LU0048580855;Fidelity Greater China A-Dis-USD;Fidelity Funds - Greater China Fund A-DIST-USD;FIL Investment Management (Luxembourg) S.à r.l.;Equity;Greater China Equity;RV Gran China;USD;Luxemburgo;6;3;1.93;1.5;11.68;19.09;16.87;1.07;1990-10-01;True;False;1000;2026-08-24
LU0048816135;Invesco Greater China Equity A USD Acc;Invesco Funds - Invesco Greater China Equity Fund A Accumulation USD;Invesco Management S.A.;Equity;Greater China Equity;RV Gran China;USD;Luxemburgo;6;3;;1.5;18.31;30.93;21.8;6.13;1992-07-15;True;False;1500;2026-08-24
LU0210526801;JPM Greater China A acc USD;JPMorgan Funds - Greater China Fund A (acc) USD;JPMorgan Asset Management (Europe) S.à r.l.;Equity;Greater China Equity;RV Gran China;USD;Luxemburgo;6;4;1.76;1.5;16.65;28.4;19.14;1.87;2005-03-31;True;False;35000;2026-08-24
LU0522352946;JPM Greater China D acc EUR;JPMorgan Funds - Greater China Fund D (acc) EUR;JPMorgan Asset Management (Europe) S.à r.l.;Equity;Greater China Equity;RV Gran China;EUR;Luxemburgo;6;3;2.76;1.5;16.36;26.45;15.21;0.84;2010-07-13;True;False;5000;2026-08-24
LU0721876364;Matthews China Innovators A USD Acc;Matthews Asia Funds - China Innovators Fund A USD Acc;Matthews Intl Capital Management, LLC;Equity;Greater China Equity;RV Gran China;USD;Luxemburgo;6;2;;1.5;32.65;34.54;17.12;-0.9;2012-02-29;True;False;1000;2026-08-24
LU0365775922;Schroder ISF Greater China A Acc EUR;Schroder International Selection Fund Greater China A Accumulation EUR;Schroder Investment Management (Europe) S.A.;Equity;Greater China Equity;RV Gran China;EUR;Luxemburgo;6;3;;1.5;15.96;26.82;14.58;2.11;2008-05-23;True;False;1000;2026-08-24
LU0140636845;Schroder ISF Greater China A Acc USD;Schroder International Selection Fund Greater China A Accumulation USD;Schroder Investment Management (Europe) S.A.;Equity;Greater China Equity;RV Gran China;USD;Luxemburgo;6;3;;1.5;15.46;27.3;17.3;2.15;2002-03-28;True;False;1000;2026-08-24
LU0577510026;UBS (Lux) EF Greater China (USD) (EUR) N;UBS (Lux) Equity Fund - Greater China (USD) (EUR) N-acc;UBS Asset Management (Europe) S.A.;Equity;Greater China Equity;RV Gran China;EUR;Luxemburgo;6;2;2.8;2.2;-4.15;-1.75;6.88;-1.63;2011-02-08;True;False;0;2026-08-24
LU0149534421;Schroder ISF Hong Kong Eq A Acc HKD;Schroder International Selection Fund Hong Kong Equity A Accumulation HKD;Schroder Investment Management (Europe) S.A.;Equity;Greater China Equity;RV Hong Kong;HKD;Luxemburgo;6;3;;1.5;-0.39;5.49;7.63;-1.44;2002-08-09;True;False;1000;2026-08-24
IE00BDR0R800;Ashoka WhiteOak India Opps F EUR Acc;Ashoka WhiteOak ICAV - Ashoka WhiteOak India Opportunities Fund Class F EUR Accumulation;Ashoka WhiteOak Capital Pte. Ltd.;Equity;India Equity;RV India;EUR;Irlanda;6;3;1.86;1.75;-1.5;-4.38;5.79;4.35;2020-08-25;True;False;;2026-08-24
IE00BDR0R792;Ashoka WhiteOak India Opps F USD Acc;Ashoka WhiteOak ICAV - Ashoka WhiteOak India Opportunities Fund Class F USD Accumulation;Ashoka WhiteOak Capital Pte. Ltd.;Equity;India Equity;RV India;USD;Irlanda;6;3;1.86;1.75;-1.89;-3.86;8.31;4.36;2019-03-05;True;False;;2026-08-24
LU0068770873;DWS India;DWS India;DWS Investment S.A.;Equity;India Equity;RV India;EUR;Luxemburgo;5;3;;2;-7.2;-9.39;-0.07;1.63;1996-07-30;True;False;0;2026-08-24
LU0197230542;Fidelity India Focus A-EUR;Fidelity Funds - India Focus Fund A-EUR;FIL Investment Management (Luxembourg) S.à r.l.;Equity;India Equity;RV India;EUR;Luxemburgo;5;4;;1.5;-7.29;-9.66;2.16;1.87;2004-08-23;True;False;;2026-08-24
LU0197230971;Fidelity India Focus A-GBP;Fidelity Funds - India Focus Fund A-GBP;FIL Investment Management (Luxembourg) S.à r.l.;Equity;India Equity;RV India;GBP;Luxemburgo;5;4;;1.5;-9.05;-10.65;2.21;1.83;2004-08-23;True;False;;2026-08-24
LU0197229882;Fidelity India Focus A-USD;Fidelity Funds - India Focus Fund A-USD;FIL Investment Management (Luxembourg) S.à r.l.;Equity;India Equity;RV India;USD;Luxemburgo;5;4;;1.5;-7.69;-9.06;4.6;1.86;2004-08-23;True;False;2500;2026-08-24
LU0260862304;Franklin India A(Ydis)EUR;Franklin India Fund A(Ydis)EUR;Franklin Templeton International Services S.à r.l.;Equity;India Equity;RV India;EUR;Luxemburgo;6;3;1.83;1.5;-8.14;-11.7;2.18;3.92;2006-09-01;True;False;;2026-08-24
LU0231205187;Franklin India A(acc)EUR;Franklin India Fund A(acc)EUR;Franklin Templeton International Services S.à r.l.;Equity;India Equity;RV India;EUR;Luxemburgo;5;3;1.83;1.5;-8.14;-11.71;2.18;3.92;2005-10-25;True;False;;2026-08-24
LU0231203729;Franklin India A(acc)USD;Franklin India Fund A(acc)USD;Franklin Templeton International Services S.à r.l.;Equity;India Equity;RV India;USD;Luxemburgo;6;3;1.83;1.5;-8.72;-11.15;4.56;3.88;2005-10-25;True;False;1000;2026-08-24
LU0333810181;GS India Equity Base Acc USD;Goldman Sachs India Equity Portfolio Base Acc USD;Goldman Sachs Asset Management B.V.;Equity;India Equity;RV India;USD;Luxemburgo;5;4;;1.75;-4.08;-5.71;7.08;4.18;2008-03-26;True;False;5000;2026-08-24
LU0333810009;GS India Equity Base Inc USD;Goldman Sachs India Equity Portfolio Base Inc USD;Goldman Sachs Asset Management B.V.;Equity;India Equity;RV India;USD;Luxemburgo;5;4;;1.75;-4.09;-5.72;7.08;4.17;2008-03-26;True;False;5000;2026-08-24
LU0333810850;GS India Equity E Acc EUR;Goldman Sachs India Equity Portfolio E Acc EUR;Goldman Sachs Asset Management B.V.;Equity;India Equity;RV India;EUR;Luxemburgo;6;3;;1.75;-4.03;-6.71;4.06;3.64;2008-03-26;True;False;1500;2026-08-24
LU0164881194;HSBC GIF Indian Equity AC;HSBC Global Investment Funds - Indian Equity AC;HSBC Global Invesment Funds;Equity;India Equity;RV India;USD;Luxemburgo;5;3;;1.5;-8.79;-8.96;6.07;4.44;2003-05-28;True;False;5000;2026-08-24
LU0551365645;HSBC GIF Indian Equity ACEUR;HSBC Global Investment Funds - Indian Equity ACEUR;HSBC Global Invesment Funds;Equity;India Equity;RV India;EUR;Luxemburgo;5;3;;1.5;-8.23;-9.4;3.64;4.45;2013-03-21;True;False;5000;2026-08-24
LU0066902890;HSBC GIF Indian Equity AD;HSBC Global Investment Funds - Indian Equity AD;HSBC Global Invesment Funds;Equity;India Equity;RV India;USD;Luxemburgo;5;3;;1.5;-8.79;-8.96;6.07;4.44;1996-03-01;True;False;5000;2026-08-24
LU0551366536;HSBC GIF Indian Equity ADEUR;HSBC Global Investment Funds - Indian Equity ADEUR;HSBC Global Invesment Funds;Equity;India Equity;RV India;EUR;Luxemburgo;5;3;;1.5;-8.23;-9.4;3.64;4.45;2011-06-28;True;False;5000;2026-08-24
LU1642786039;Invesco India Equity A EUR Acc;Invesco Funds - Invesco India Equity Fund A Accumulation EUR;Invesco Management S.A.;Equity;India Equity;RV India;EUR;Luxemburgo;6;4;;1.5;-4.13;-7.62;4.23;4.94;2017-08-16;True;False;1000;2026-08-24
LU0267983889;Invesco India Equity A USD AD;Invesco Funds - Invesco India Equity Fund A Annual Distribution USD;Invesco Management S.A.;Equity;India Equity;RV India;USD;Luxemburgo;6;3;;1.5;-4.5;-7.24;6.74;4.98;2006-12-11;True;False;1500;2026-08-24
LU0210527015;JPM India A acc USD;JPMorgan Funds - India Fund A (acc) USD;JPMorgan Asset Management (Europe) S.à r.l.;Equity;India Equity;RV India;USD;Luxemburgo;5;1;1.8;1.5;-11;-14.14;1.02;0.26;2005-03-31;True;False;35000;2026-08-24
LU0058908533;JPM India A dist USD;JPMorgan Funds - India Fund A (dist) USD;JPMorgan Asset Management (Europe) S.à r.l.;Equity;India Equity;RV India;USD;Luxemburgo;5;1;1.79;1.5;-10.99;-14.13;1.03;0.28;1995-08-31;True;False;35000;2026-08-24
LU0522352516;JPM India D acc EUR;JPMorgan Funds - India Fund D (acc) EUR;JPMorgan Asset Management (Europe) S.à r.l.;Equity;India Equity;RV India;EUR;Luxemburgo;5;1;2.6;1.5;-11.11;-15.28;-2.11;-0.54;2010-07-13;True;False;5000;2026-08-24
LU0117881739;JPM India D acc USD;JPMorgan Funds - India Fund D (acc) USD;JPMorgan Asset Management (Europe) S.à r.l.;Equity;India Equity;RV India;USD;Luxemburgo;5;1;2.6;1.5;-11.45;-14.82;0.22;-0.52;2000-10-13;True;False;5000;2026-08-24
LU0329070915;Jupiter India Select L EUR Acc;Jupiter India Select Class L EUR Acc;Jupiter Asset Management International S.A.;Equity;India Equity;RV India;EUR;Luxemburgo;6;4;1.97;1.75;-9.67;-11.17;8.51;10.43;2011-05-25;True;False;500;2026-08-24
LU0365089902;Jupiter India Select L USD A Inc;Jupiter India Select Class L USD A Inc;Jupiter Asset Management International S.A.;Equity;India Equity;RV India;USD;Luxemburgo;6;4;1.97;1.75;-9.97;-10.74;11.13;10.48;2008-05-02;True;False;500;2026-08-24
IE00B0JY6M65;PineBridge India Equity A;PineBridge Global Funds - India Equity Fund A;PineBridge Investments Ireland Ltd;Equity;India Equity;RV India;USD;Irlanda;5;3;2.05;1.3;-8.29;-8.46;4.82;1.55;2005-09-12;True;False;1000;2026-08-24
LU0571488617;Robeco Indian Equities D $;Robeco Indian Equities D $;Robeco Institutional Asset Management BV;Equity;India Equity;RV India;USD;Luxemburgo;6;4;1.91;1.6;-8.76;-12.45;4.82;4.17;2011-01-21;True;False;0;2026-08-24
LU0491217419;Robeco Indian Equities D €;Robeco Indian Equities D €;Robeco Institutional Asset Management BV;Equity;India Equity;RV India;EUR;Luxemburgo;5;4;;1.6;-8.29;-12.6;2.33;4.16;2010-08-23;True;False;0;2026-08-24
IE00BDH6RQ67;UTI India Dynamic Equity EURO Retail;UTI India Dynamic Equity EURO Retail;UTI International (Singapore) Pvt. Ltd.;Equity;India Equity;RV India;EUR;Irlanda;6;1;1.93;1.7;-4.88;-10.91;0.13;-0.92;2016-08-29;True;False;0;2026-08-24
LU0231462077;abrdn-Indian Equity A Acc GBP;abrdn SICAV I - Indian Equity Fund A Acc GBP;abrdn Investments Luxembourg S.A.;Equity;India Equity;RV India;GBP;Luxemburgo;5;2;;1.75;-7.84;-11.28;2.01;-0.26;2006-03-28;True;False;1000;2026-08-24
LU0231490524;abrdn-Indian Equity A Acc USD;abrdn SICAV I - Indian Equity Fund A Acc USD;abrdn Investments Luxembourg S.A.;Equity;India Equity;RV India;USD;Luxemburgo;6;2;;1.75;-6.54;-10.14;4.37;-0.23;2006-03-24;True;False;500;2026-08-24
LU0922333322;Fidelity Italy A-Acc-EUR;Fidelity Funds - Italy Fund A-Acc-EUR;FIL Investment Management (Luxembourg) S.à r.l.;Equity;Europe Equity Large Cap;RV Italia;EUR;Luxemburgo;6;3;;1.5;15.43;19.75;22.71;15.39;2013-05-07;True;False;;2026-08-24
LU0048584766;Fidelity Italy A-Dis-EUR;Fidelity Funds - Italy Fund A-DIST-EUR;FIL Investment Management (Luxembourg) S.à r.l.;Equity;Europe Equity Large Cap;RV Italia;EUR;Luxemburgo;6;3;;1.5;15.45;19.78;22.7;15.39;1990-10-01;True;False;;2026-08-24
LU0069164738;iMGP Italian Opportunities C EUR;iMGP Italian Opportunities C EUR;iM Global Partner Asset Management S.A.;Equity;Europe Equity Mid/Small Cap;RV Italia;EUR;Luxemburgo;6;3;2.33;1.75;16.2;23.44;27.9;16.71;1996-09-16;True;False;0;2026-08-24
LU0996180864;Amundi MSCI Japan ESG BrdTrnstn AE-C EUR;Amundi MSCI Japan ESG Broad Transition INDEX AE Acc;Amundi Luxembourg S.A.;Equity;Japan Equity;RV Japón Cap. Grande Blend;EUR;Luxemburgo;6;3;;0.15;18.38;22.42;16.49;9.26;2009-05-21;True;True;;2026-08-24
LU0012181748;BNP Paribas Japan Eq Cl Cap;BNP Paribas Funds Japan Equity Classic Capitalisation;BNP Paribas Asset Management Luxembourg;Equity;Japan Equity;RV Japón Cap. Grande Blend;JPY;Luxemburgo;6;4;;1.5;25.8;41.39;26.55;20.99;1990-03-27;True;False;0;2026-08-24
LU0107049875;BNP Paribas Japan Eq N Cap;BNP Paribas Funds Japan Equity N Capitalisation;BNP Paribas Asset Management Luxembourg;Equity;Japan Equity;RV Japón Cap. Grande Blend;JPY;Luxemburgo;6;3;;1.5;25.21;40.33;25.61;20.09;1990-12-31;True;False;0;2026-08-24
ES0114104039;Bankinter Índice Japón R FI;Bankinter Índice Japón R FI;Bankinter Gestión de Activos SGIIC;Equity;Japan Equity;RV Japón Cap. Grande Blend;EUR;España;6;5;1.11;1;19.8;32.7;24.84;18.28;2000-06-14;True;True;1;2026-08-24
LU1769942159;DWS Invest CROCI Japan JPY LC;DWS Invest CROCI Japan JPY LC;DWS Investment S.A.;Equity;Japan Equity;RV Japón Cap. Grande Blend;JPY;Luxemburgo;6;3;1.15;1;19.08;32.59;20.1;18.48;2018-08-30;True;False;0;2026-08-24
LU0251130042;FF - Japan Equity ESG A-Acc-EUR;FF - Japan Equity ESG Fund A-Acc-EUR;FIL Investment Management (Luxembourg) S.à r.l.;Equity;Japan Equity;RV Japón Cap. Grande Blend;EUR;Luxemburgo;6;1;;1.5;13.98;16.12;10.43;3.53;2006-07-03;True;False;;2026-08-24
LU0069452018;FF - Japan Equity ESG A-Dis-EUR;FF - Japan Equity ESG Fund A-Dist-EUR;FIL Investment Management (Luxembourg) S.à r.l.;Equity;Japan Equity;RV Japón Cap. Grande Blend;EUR;Luxemburgo;6;1;;1.5;13.93;16.1;10.43;3.53;2004-02-16;True;False;;2026-08-24
LU0048585144;FF - Japan Equity ESG A-JPY;FF - Japan Equity ESG Fund A-JPY;FIL Investment Management (Luxembourg) S.à r.l.;Equity;Japan Equity;RV Japón Cap. Grande Blend;JPY;Luxemburgo;6;1;;1.5;14.97;25.23;16.22;11.47;1990-10-01;True;False;;2026-08-24
LU0413543058;Fidelity Japan Value A-Acc-EUR;Fidelity Funds - Japan Value Fund A-Acc-EUR;FIL Investment Management (Luxembourg) S.à r.l.;Equity;Japan Equity;RV Japón Cap. Grande Blend;EUR;Luxemburgo;6;4;;1.5;17.32;25.63;19.04;12.78;2009-02-23;True;False;;2026-08-24
LU1670626446;M&G (Lux) Japan A EUR Acc;M&G (Lux) Japan Fund EUR A Acc;M&G Luxembourg S.A.;Equity;Japan Equity;RV Japón Cap. Grande Blend;EUR;Luxemburgo;6;4;1.71;1.5;21.11;31.49;19.21;14.12;2018-10-26;True;False;;2026-08-24
LU0474966750;Pictet-Japan Index P EUR;Pictet-Japan Index P EUR;Pictet Asset Management (Europe) SA;Equity;Japan Equity;RV Japón Cap. Grande Blend;EUR;Luxemburgo;6;3;0.45;0.45;19.22;25.28;17.74;10.07;2011-06-08;True;True;0;2026-08-24
LU0148536690;Pictet-Japan Index P JPY;Pictet-Japan Index P JPY;Pictet Asset Management (Europe) SA;Equity;Japan Equity;RV Japón Cap. Grande Blend;JPY;Luxemburgo;6;3;0.45;0.45;20.29;35.06;23.98;18.55;2002-06-06;True;True;0;2026-08-24
LU0255979402;Pictet-Japanese Equity Opps P EUR;Pictet-Japanese Equity Opportunities P EUR;Pictet Asset Management (Europe) SA;Equity;Japan Equity;RV Japón Cap. Grande Blend;EUR;Luxemburgo;6;3;1.56;1.8;17.22;21.36;15.36;8.03;2006-06-14;True;False;0;2026-08-24
LU0155301624;Pictet-Japanese Equity Opps R JPY;Pictet-Japanese Equity Opportunities R JPY;Pictet Asset Management (Europe) SA;Equity;Japan Equity;RV Japón Cap. Grande Blend;JPY;Luxemburgo;6;2;2.07;2.5;17.88;30.45;20.82;15.72;2002-11-15;True;False;0;2026-08-24
LU0106239873;Schroder ISF Japanese Eq A Acc JPY;Schroder International Selection Fund Japanese Equity A Accumulation JPY;Schroder Investment Management (Europe) S.A.;Equity;Japan Equity;RV Japón Cap. Grande Blend;JPY;Luxemburgo;6;1;1.58;1.25;16.34;28.24;19.06;14.03;2000-01-17;True;False;;2026-08-24
LU0231790675;Templeton Japan A(acc)EUR;Templeton Japan Fund A(acc)EUR;Franklin Templeton International Services S.à r.l.;Equity;Japan Equity;RV Japón Cap. Grande Blend;EUR;Luxemburgo;6;3;1.83;1.5;11.35;13.26;19.65;10.99;2005-10-25;True;False;;2026-08-24
LU0231790832;Templeton Japan A(acc)USD;Templeton Japan Fund A(acc)USD;Franklin Templeton International Services S.à r.l.;Equity;Japan Equity;RV Japón Cap. Grande Blend;USD;Luxemburgo;6;3;1.83;1.5;10.6;13.85;22.42;10.98;2005-10-25;True;False;1000;2026-08-24
IE0007286036;Vanguard Jpn Stk Idx € Acc;Vanguard Japan Stock Index Fund EUR Acc;Vanguard Group (Ireland) Limited;Equity;Japan Equity;RV Japón Cap. Grande Blend;EUR;Irlanda;6;3;0.16;0.16;19.61;25.72;18.21;10.45;2006-03-29;True;True;1000000;2026-08-24
LU0204987902;iMGP Japan Opportunities C JPY;iMGP Japan Opportunities C JPY;iM Global Partner Asset Management S.A.;Equity;Japan Equity;RV Japón Cap. Grande Blend;JPY;Luxemburgo;5;3;2.01;1.5;18.88;32.82;23.19;19.77;2005-03-31;True;False;0;2026-08-24
LU0578148453;BL-Equities Japan B JPY;BL-Equities Japan B JPY Acc;BLI - Banque de Luxembourg Investments SA;Equity;Japan Equity;RV Japón Cap. Grande Growth;JPY;Luxemburgo;6;2;1.5;1.25;13.92;19.79;11.29;7.48;2011-06-27;True;False;0;2026-08-24
IE0004767087;Comgest Gr Japan JPY Acc;Comgest Growth Japan JPY Acc;Comgest Asset Management Intl Ltd;Equity;Japan Equity;RV Japón Cap. Grande Growth;JPY;Irlanda;6;3;1.57;1.5;24.88;35.63;22.58;10.52;2000-05-19;True;False;5000;2026-08-24
IE0003008186;GAM Star Japan Ldrs-A EUR;GAM Star Fund plc - GAM Star Japan Leaders-A EUR;GAM Fund Management Limited;Equity;Japan Equity;RV Japón Cap. Grande Growth;EUR;Irlanda;6;1;;1.1;14.17;11.75;4.49;-3.21;1992-03-04;True;False;10000;2026-08-24
LU0133264795;GS Japan Equity E Acc EUR Snap;Goldman Sachs Japan Equity Portfolio E Acc EUR Snap;Goldman Sachs Asset Management B.V.;Equity;Japan Equity;RV Japón Cap. Grande Growth;EUR;Luxemburgo;6;3;;1.5;13.5;15.7;12.79;6.34;2001-07-31;True;False;1500;2026-08-24
LU1217870671;GS Japan Equity Ptnrs Base Acc JPY(Snap);Goldman Sachs Japan Equity Partners Portfolio Base Acc JPY (Snap);Goldman Sachs Asset Management B.V.;Equity;Japan Equity;RV Japón Cap. Grande Growth;JPY;Luxemburgo;6;3;;1.5;18.16;20.78;18.13;13.48;2015-05-27;True;False;500000;2026-08-24
LU2068251110;Invesco Japanese Eq Adv A EUR Acc;Invesco Funds - Invesco Japanese Equity Advantage Fund A Accumulation EUR;Invesco Management S.A.;Equity;Japan Equity;RV Japón Cap. Grande Growth;EUR;Luxemburgo;6;3;;1.4;20.27;22.48;11.83;5.11;2019-11-20;True;False;1000;2026-08-24
LU0607514717;Invesco Japanese Eq Adv A JPY Acc;Invesco Funds - Invesco Japanese Equity Advantage Fund A Accumulation JPY;Invesco Management S.A.;Equity;Japan Equity;RV Japón Cap. Grande Growth;JPY;Luxemburgo;6;3;;1.4;21.45;32.05;17.77;13.23;2011-09-30;True;False;120000;2026-08-24
LU0217390730;JPM Japan Equity A acc EUR;JPMorgan Funds - Japan Equity Fund A (acc) EUR;JPMorgan Asset Management (Europe) S.à r.l.;Equity;Japan Equity;RV Japón Cap. Grande Growth;EUR;Luxemburgo;6;3;;1.5;12.01;10.77;17.32;3.9;2006-06-12;True;False;35000;2026-08-24
LU0210527361;JPM Japan Equity A acc USD;JPMorgan Funds - Japan Equity Fund A (acc) USD;JPMorgan Asset Management (Europe) S.à r.l.;Equity;Japan Equity;RV Japón Cap. Grande Growth;USD;Luxemburgo;6;3;;1.5;11.53;11.34;20.13;3.92;2005-03-31;True;False;35000;2026-08-24
LU0053696224;JPM Japan Equity A dist USD;JPMorgan Funds - Japan Equity Fund A (dist) USD;JPMorgan Asset Management (Europe) S.à r.l.;Equity;Japan Equity;RV Japón Cap. Grande Growth;USD;Luxemburgo;6;3;;1.5;11.54;11.34;20.12;3.91;1988-11-16;True;False;35000;2026-08-24
LU0217390813;JPM Japan Equity D acc EUR;JPMorgan Funds - Japan Equity Fund D (acc) EUR;JPMorgan Asset Management (Europe) S.à r.l.;Equity;Japan Equity;RV Japón Cap. Grande Growth;EUR;Luxemburgo;6;2;;1.5;11.35;9.82;16.39;3.06;2006-05-08;True;False;5000;2026-08-24
LU0117866185;JPM Japan Equity D acc USD;JPMorgan Funds - Japan Equity Fund D (acc) USD;JPMorgan Asset Management (Europe) S.à r.l.;Equity;Japan Equity;RV Japón Cap. Grande Growth;USD;Luxemburgo;6;2;;1.5;10.98;10.47;19.17;3.09;2000-10-13;True;False;5000;2026-08-24
LU0828244052;JPM Japan Sustainable Eq A acc EUR;JPMorgan Investment Funds - Japan Sustainable Equity Fund A (acc) EUR;JPMorgan Asset Management (Europe) S.à r.l.;Equity;Japan Equity;RV Japón Cap. Grande Growth;EUR;Luxemburgo;6;3;1.69;1.5;19.08;18.31;16.36;6.72;2012-09-24;True;False;35000;2026-08-24
LU0070214613;JPM Japan Sustainable Eq A acc JPY;JPMorgan Investment Funds - Japan Sustainable Equity Fund A (acc) JPY;JPMorgan Asset Management (Europe) S.à r.l.;Equity;Japan Equity;RV Japón Cap. Grande Growth;JPY;Luxemburgo;6;3;1.8;1.5;20.02;27.78;22.42;14.86;1993-11-12;True;False;35000;2026-08-24
LU0115096736;JPM Japan Sustainable Eq D acc JPY;JPMorgan Investment Funds - Japan Sustainable Equity Fund D (acc) JPY;JPMorgan Asset Management (Europe) S.à r.l.;Equity;Japan Equity;RV Japón Cap. Grande Growth;JPY;Luxemburgo;6;3;2.55;1.5;19.44;26.82;21.5;14;2002-03-22;True;False;5000;2026-08-24
LU0011963674;abrdn-Japan Sustainable Eqty A Acc JPY;abrdn SICAV I - Japanese Sustainable Equity Fund A Acc JPY;abrdn Investments Luxembourg S.A.;Equity;Japan Equity;RV Japón Cap. Grande Growth;JPY;Luxemburgo;6;3;;1.5;22.81;41.91;26.25;15.87;1988-04-26;True;False;1000;2026-08-24
IE00BYVDZH74;Man Jpn CoreAlpha Eq D EUR;Man Funds plc - Man Japan CoreAlpha Equity D EUR;Man Asset Management (Ireland) Limited;Equity;Japan Equity;RV Japón Cap. Grande Value;EUR;Irlanda;6;2;1.71;1.5;22.32;32.84;21.83;17.06;2015-11-23;True;False;1000;2026-08-24
IE00BP4VM748;Man Jpn CoreAlpha Eq D USD;Man Funds plc - Man Japan CoreAlpha Equity D USD;Man Asset Management (Ireland) Limited;Equity;Japan Equity;RV Japón Cap. Grande Value;USD;Irlanda;6;3;1.72;1.5;21.71;33.8;24.79;17.1;2016-09-27;True;False;1000;2026-08-24
LU0171289068;BGF Japan Small & MidCap Opps A2 EUR;BlackRock Global Funds - Japan Small & MidCap Opportunities Fund A2 EUR;BlackRock (Luxembourg) SA;Equity;Japan Equity;RV Japón Cap. Med/Peq;EUR;Luxemburgo;5;3;1.81;1.5;15.52;18.02;18.97;7.33;1987-05-13;True;False;;2026-08-24
LU0090841692;BGF Japan Small & MidCap Opps E2 USD;BlackRock Global Funds - Japan Small & MidCap Opportunities Fund E2 USD;BlackRock (Luxembourg) SA;Equity;Japan Equity;RV Japón Cap. Med/Peq;USD;Luxemburgo;6;3;2.31;1.5;14.17;18.08;21.2;6.81;1987-05-13;True;False;5000;2026-08-24
LU0069970746;BNP Paribas Japan Sm Cp Cl C;BNP Paribas Funds Japan Small Cap Classic Capitalisation;BNP Paribas Asset Management Luxembourg;Equity;Japan Equity;RV Japón Cap. Med/Peq;JPY;Luxemburgo;6;4;;1.85;26.51;42.07;28.78;20.22;1996-09-30;True;False;0;2026-08-24
LU0251807987;BNP Paribas Japan Sm Cp Cl EUR C;BNP Paribas Funds Japan Small Cap Classic EUR Capitalisation;BNP Paribas Asset Management Luxembourg;Equity;Japan Equity;RV Japón Cap. Med/Peq;EUR;Luxemburgo;6;4;;1.85;25.5;31.77;22.39;11.66;2015-05-13;True;False;0;2026-08-24
LU0107058785;BNP Paribas Japan Sm Cp N C;BNP Paribas Funds Japan Small Cap N Capitalisation;BNP Paribas Asset Management Luxembourg;Equity;Japan Equity;RV Japón Cap. Med/Peq;JPY;Luxemburgo;6;3;;1.85;25.9;41.01;27.82;19.33;1996-10-04;True;False;;2026-08-24
LU1670715975;M&G (Lux) Japan Smlr Comps A EUR Acc;M&G (Lux) Japan Smaller Companies Fund EUR A Acc;M&G Luxembourg S.A.;Equity;Japan Equity;RV Japón Cap. Med/Peq;EUR;Luxemburgo;6;4;1.73;1.5;27.17;33.71;15.25;11.92;2018-10-26;True;False;;2026-08-24
LU1670715629;M&G (Lux) Japan Smlr Comps A USD Acc;M&G (Lux) Japan Smaller Companies Fund USD A Acc;M&G Luxembourg S.A.;Equity;Japan Equity;RV Japón Cap. Med/Peq;USD;Luxemburgo;6;4;1.73;1.5;26.68;34.29;18.01;11.97;2018-10-26;True;False;1000;2026-08-24
LU0552029406;Amundi Fds Latin Amer Eq A EUR C;Amundi Funds - Latin America Equity A EUR (C);Amundi Luxembourg S.A.;Equity;Latin America Equity;RV Latinoamérica;EUR;Luxemburgo;6;5;2.2;1.7;16.71;35.53;12.16;12.03;2010-11-10;True;False;;2026-08-24
LU0201575346;Amundi Fds Latin Amer Eq A USD C;Amundi Funds - Latin America Equity A USD (C);Amundi Luxembourg S.A.;Equity;Latin America Equity;RV Latinoamérica;USD;Luxemburgo;6;5;2.2;1.7;15.99;36.38;14.86;12.17;1994-02-21;True;False;1;2026-08-24
LU0072463663;BGF Latin American A2;BlackRock Global Funds - Latin American Fund A2;BlackRock (Luxembourg) SA;Equity;Latin America Equity;RV Latinoamérica;USD;Luxemburgo;6;2;2.08;1.75;3.62;16.43;4.46;6;1997-01-09;True;False;5000;2026-08-24
LU0171289498;BGF Latin American A2 EUR;BlackRock Global Funds - Latin American Fund A2 EUR;BlackRock (Luxembourg) SA;Equity;Latin America Equity;RV Latinoamérica;EUR;Luxemburgo;6;2;2.08;1.75;4.04;15.8;2.04;5.99;1997-01-09;True;False;;2026-08-24
LU0171289571;BGF Latin American E2 EUR;BlackRock Global Funds - Latin American Fund E2 EUR;BlackRock (Luxembourg) SA;Equity;Latin America Equity;RV Latinoamérica;EUR;Luxemburgo;7;2;2.58;1.75;3.71;15.24;1.53;5.47;2002-07-01;True;False;;2026-08-24
LU0399356780;DWS Invest Latin American Eqs LC;DWS Invest Latin American Equities LC;DWS Investment S.A.;Equity;Latin America Equity;RV Latinoamérica;EUR;Luxemburgo;6;4;1.84;1.75;10.39;28.34;9.49;9.73;2012-10-01;True;False;0;2026-08-24
LU0813337002;DWS Invest Latin American Eqs NC;DWS Invest Latin American Equities NC;DWS Investment S.A.;Equity;Latin America Equity;RV Latinoamérica;EUR;Luxemburgo;6;4;2.49;2.2;9.93;27.5;8.78;9.02;2012-10-01;True;False;0;2026-08-24
LU0813337184;DWS Invest Latin American Eqs USD LC;DWS Invest Latin American Equities USD LC;DWS Investment S.A.;Equity;Latin America Equity;RV Latinoamérica;USD;Luxemburgo;6;4;1.83;1.75;9.63;29.03;12.1;9.75;2013-01-14;True;False;0;2026-08-24
LU1213835942;Fidelity Latin America A-Acc-EUR;Fidelity Funds - Latin America Fund A-Acc-EUR;FIL Investment Management (Luxembourg) S.à r.l.;Equity;Latin America Equity;RV Latinoamérica;EUR;Luxemburgo;6;3;;1.5;8.03;28.92;10.27;5.73;2015-04-16;True;False;;2026-08-24
LU0050427557;Fidelity Latin America A-Dis-USD;Fidelity Funds - Latin America Fund A-DIST-USD;FIL Investment Management (Luxembourg) S.à r.l.;Equity;Latin America Equity;RV Latinoamérica;USD;Luxemburgo;6;3;;1.5;7.61;29.87;12.91;5.74;1994-05-09;True;False;1000;2026-08-24
LU0831102792;JPM Latin America Equity A acc EUR;JPMorgan Funds - Latin America Equity Fund A (acc) EUR;JPMorgan Asset Management (Europe) S.à r.l.;Equity;Latin America Equity;RV Latinoamérica;EUR;Luxemburgo;6;4;1.8;1.5;9.39;26.16;10.66;9.51;2012-10-04;True;False;35000;2026-08-24
LU0210535034;JPM Latin America Equity A acc USD;JPMorgan Funds - Latin America Equity Fund A (acc) USD;JPMorgan Asset Management (Europe) S.à r.l.;Equity;Latin America Equity;RV Latinoamérica;USD;Luxemburgo;6;4;1.8;1.5;8.98;26.86;13.29;9.53;2005-03-31;True;False;35000;2026-08-24
LU0053687314;JPM Latin America Equity A dist USD;JPMorgan Funds - Latin America Equity Fund A (dist) USD;JPMorgan Asset Management (Europe) S.à r.l.;Equity;Latin America Equity;RV Latinoamérica;USD;Luxemburgo;6;4;1.8;1.5;8.95;26.84;13.3;9.52;1992-05-13;True;False;35000;2026-08-24
LU0522352862;JPM Latin America Equity D acc EUR;JPMorgan Funds - Latin America Equity Fund D (acc) EUR;JPMorgan Asset Management (Europe) S.à r.l.;Equity;Latin America Equity;RV Latinoamérica;EUR;Luxemburgo;6;3;2.8;1.5;8.7;24.9;9.56;8.42;2010-07-13;True;False;5000;2026-08-24
LU0117896174;JPM Latin America Equity D acc USD;JPMorgan Funds - Latin America Equity Fund D (acc) USD;JPMorgan Asset Management (Europe) S.à r.l.;Equity;Latin America Equity;RV Latinoamérica;USD;Luxemburgo;6;3;2.8;1.5;8.27;25.57;12.16;8.42;2000-10-13;True;False;5000;2026-08-24
LU0248181363;Schroder ISF Latin American A Acc EUR;Schroder International Selection Fund Latin American A Accumulation EUR;Schroder Investment Management (Europe) S.A.;Equity;Latin America Equity;RV Latinoamérica;EUR;Luxemburgo;6;4;1.86;1.5;8.96;27.83;7.12;8.28;2006-03-22;True;False;1000;2026-08-24
LU0106259046;Schroder ISF Latin American A Acc USD;Schroder International Selection Fund Latin American A Accumulation USD;Schroder Investment Management (Europe) S.A.;Equity;Latin America Equity;RV Latinoamérica;USD;Luxemburgo;6;4;;1.5;8.49;28.31;9.66;8.32;2000-01-17;True;False;1000;2026-08-24
LU0592650328;Templeton Latin America A(acc)EUR;Templeton Latin America Fund A(acc)EUR;Franklin Templeton International Services S.à r.l.;Equity;Latin America Equity;RV Latinoamérica;EUR;Luxemburgo;7;3;2.25;1.9;13.22;31.33;9.67;8.98;2011-03-18;True;False;;2026-08-24
LU0128526570;Templeton Latin America A(acc)USD;Templeton Latin America Fund A(acc)USD;Franklin Templeton International Services S.à r.l.;Equity;Latin America Equity;RV Latinoamérica;USD;Luxemburgo;6;3;2.25;1.9;12.54;32.19;12.28;8.95;2001-05-14;True;False;1000;2026-08-24
LU0572586591;Alken Absolute Return Europe A;Alken Fund - Absolute Return Europe Class A;AFFM SA;Equity;Long/Short Equity;RV Long/Short Europa;EUR;Luxemburgo;6;4;;2.1;-4.2;-1.24;11.69;9.01;2012-06-28;True;False;0;2026-08-24
LU0572586674;Alken Absolute Return Europe I;Alken Fund - Absolute Return Europe Class I;AFFM SA;Equity;Long/Short Equity;RV Long/Short Europa;EUR;Luxemburgo;6;5;;1.5;-3.83;-0.69;12.18;9.55;2011-01-28;True;False;0;2026-08-24
FR0010174144;BDL Rempart C;BDL Rempart C;BDL Capital Management;Equity;Long/Short Equity;RV Long/Short Europa;EUR;Francia;6;4;;2.25;6.23;5.69;9.16;8.67;2005-09-07;True;False;10;2026-08-24
LU0304860561;Candriam Eqs L Eurp Optm Qual N EUR Cap;Candriam Equities L Europe Optimum Quality Class N EUR Cap;Candriam;Equity;Long/Short Equity;RV Long/Short Europa;EUR;Luxemburgo;5;2;;2;8.17;10.81;5.12;0.22;2007-06-25;True;False;0;2026-08-24
FR0010149179;Carmignac Absolute Ret Eur A EUR Acc;Carmignac Absolute Return Europe A EUR Acc;Carmignac Gestion;Equity;Long/Short Equity;RV Long/Short Europa;EUR;Francia;4;2;2.2;2;-1.5;0.4;1.29;-0.24;1997-02-03;True;False;0;2026-08-24
LU1317704051;Carmignac Pf L-S Eurp Eqs A EUR Acc;Carmignac Portfolio Long-Short European Equities A EUR Acc;Carmignac Gestion Luxembourg S.A.;Equity;Long/Short Equity;RV Long/Short Europa;EUR;Luxemburgo;4;4;1.8;1.5;4.09;8.32;10.47;5.15;2015-11-19;True;False;0;2026-08-24
LU1331971769;Eleva Abs Ret Eurp A1 EUR acc;Eleva Absolute Return Europe A1 (EUR) acc;Eleva Capital S.A.S.;Equity;Long/Short Equity;RV Long/Short Europa;EUR;Luxemburgo;4;3;3.32;2;1.77;4.69;5.5;3.89;2016-01-29;True;False;0;2026-08-24
LU0264597450;Janus Henderson Hrzn PanEurpAbsRetA1 EUR;Janus Henderson Horizon Pan European Absolute Return Fund A1 EUR;Janus Henderson Investors;Equity;Long/Short Equity;RV Long/Short Europa;EUR;Luxemburgo;4;3;2.69;1.2;-2.37;1.01;6.27;2.37;2006-12-01;True;False;2500;2026-08-24
LU0264597617;Janus Henderson Hrzn PanEurpAbsRetA2 EUR;Janus Henderson Horizon Pan European Absolute Return Fund A2 EUR;Janus Henderson Investors;Equity;Long/Short Equity;RV Long/Short Europa;EUR;Luxemburgo;4;3;2.79;1.2;-2.4;0.97;6.23;2.3;2006-12-01;True;False;2500;2026-08-24
IE00BLG2W007;Liontrust GF EurpStratEq A4 Acc €;Liontrust GF European Strategic Equity Fund A4 Acc EUR;Liontrust Investment Partners LLP;Equity;Long/Short Equity;RV Long/Short Europa;EUR;Irlanda;6;5;1.71;1.5;4.69;8.51;9.75;11.88;2014-04-25;True;False;1000;2026-08-24
LU1433232854;Pictet TR - Atlas P EUR;Pictet TR - Atlas P EUR;Pictet Asset Management (Europe) SA;Equity;Long/Short Equity;RV Long/Short Global;EUR;Luxemburgo;3;3;2.22;2.3;2.72;5.94;6.68;3.48;2016-11-15;True;False;0;2026-08-24
LU2206556016;Pictet TR Atlas Titan P EUR;Pictet TR Atlas Titan P EUR;Pictet Asset Management (Europe) SA;Equity;Long/Short Equity;RV Long/Short Global;EUR;Luxemburgo;2;4;3.48;2.3;5.03;11.58;11.91;6.44;2020-10-01;True;False;0;2026-08-24
LU0548376150;Schroder GAIA Egerton Eq A Acc USD Hdg;Schroder GAIA Egerton Equity A Accumulation USD Hedged;Schroder Investment Management (Europe) S.A.;Equity;Long/Short Equity;RV Long/Short Global;USD;Luxemburgo;6;5;2.46;2;3.72;7.25;17.72;9.34;2010-11-03;True;False;;2026-08-24
LU0463469048;Schroder GAIA Egerton Equity A Acc EUR;Schroder GAIA Egerton Equity A Accumulation EUR;Schroder Investment Management (Europe) S.A.;Equity;Long/Short Equity;RV Long/Short Global;EUR;Luxemburgo;6;4;2.43;2;2.54;5.17;15.67;7.27;2009-11-25;True;False;10000;2026-08-24
LU0506197614;Janus Henderson Hrzn PanEurpAbsRetA2HUSD;Janus Henderson Horizon Pan European Absolute Return Fund A2 HUSD;Janus Henderson Investors;Equity;Long/Short Equity;RV Long/Short Otros;USD;Luxemburgo;4;;2.66;1.2;-1.44;2.81;8.03;4.26;2012-04-04;True;False;2500;2026-08-24
LU0490786174;Janus HndrsnAbsolute Return A2 HEUR;Janus Henderson Absolute Return Fund A2 HEUR;Janus Henderson Investors;Equity;Long/Short Equity;RV Long/Short Otros;EUR;Luxemburgo;4;;1.65;1.5;1.06;2.21;4.88;2.75;2010-06-01;True;False;2500;2026-08-24
LU0953998514;Janus HndrsnAbsolute Return A2 HUSD;Janus Henderson Absolute Return Fund A2 HUSD;Janus Henderson Investors;Equity;Long/Short Equity;RV Long/Short Otros;USD;Luxemburgo;4;;1.65;1.5;2.11;4.07;6.54;4.51;2013-10-31;True;False;2500;2026-08-24
LU0496443887;Pictet TR - Mandarin HP EUR;Pictet TR - Mandarin HP EUR;Pictet Asset Management (Europe) SA;Equity;Long/Short Equity;RV Long/Short Otros;EUR;Luxemburgo;5;;2.02;2.3;8.91;13.76;10.96;2.72;2018-11-23;True;False;0;2026-08-24
LU0496443531;Pictet TR - Mandarin P USD;Pictet TR - Mandarin P USD;Pictet Asset Management (Europe) SA;Equity;Long/Short Equity;RV Long/Short Otros;USD;Luxemburgo;5;;1.97;2.3;9.79;15.66;13.01;4.71;2010-10-01;True;False;0;2026-08-24
LU1725200650;Schroder GAIA Contour Tech Eq A Acc EURH;Schroder GAIA Contour Tech Equity A Accumulation EUR Hedged;Schroder Investment Management (Europe) S.A.;Equity;Long/Short Equity;RV Long/Short Otros;EUR;Luxemburgo;6;;2.47;2;3.53;12.75;22.16;11.74;2017-12-20;True;False;;2026-08-24
LU0081952003;Nordea 1 - Norwegian Equity BP NOK;Nordea 1 - Norwegian Equity Fund BP NOK;Nordea Investment Funds SA;Equity;Europe Equity Mid/Small Cap;RV Noruega;NOK;Luxemburgo;5;2;1.8;1.5;14.52;20.51;16.53;10.03;1997-11-21;True;False;;2026-08-24
LU0922334643;Fidelity Nordic A-Acc-EUR;Fidelity Funds - Nordic Fund A-Acc-EUR;FIL Investment Management (Luxembourg) S.à r.l.;Equity;Europe Equity Mid/Small Cap;RV Nórdica Cap. Med/Peq;EUR;Luxemburgo;6;5;;1.5;18.17;30.1;23.54;13.28;2013-05-07;True;False;;2026-08-24
LU0261949381;Fidelity Nordic A-Acc-SEK;Fidelity Funds - Nordic Fund A-Acc-SEK;FIL Investment Management (Luxembourg) S.à r.l.;Equity;Europe Equity Mid/Small Cap;RV Nórdica Cap. Med/Peq;SEK;Luxemburgo;5;5;;1.5;20.74;28.74;20.4;14.89;2006-09-25;True;False;;2026-08-24
LU0048588080;Fidelity Nordic A-Dis-SEK;Fidelity Funds - Nordic Fund A-DIST-SEK;FIL Investment Management (Luxembourg) S.à r.l.;Equity;Europe Equity Mid/Small Cap;RV Nórdica Cap. Med/Peq;SEK;Luxemburgo;5;5;;1.5;20.72;28.71;20.4;14.89;1990-10-01;True;False;;2026-08-24
LU0511403387;AB American Growth A EUR H;AB SICAV I- American Growth Portfolio A EUR H Acc;AllianceBernstein (Luxembourg) S.à r.l.;Equity;US Equity Large Cap Growth;RV Otros;EUR;Luxemburgo;6;;;1.5;1.63;4.56;14.5;4.99;2010-06-30;True;False;2000;2026-08-24
LU1834054899;AB Intl Health Care A EUR H;AB SICAV I - International Health Care Portfolio Class A EUR H Acc;AllianceBernstein (Luxembourg) S.à r.l.;Equity;Healthcare Sector Equity;RV Otros;EUR;Luxemburgo;6;;1.95;1.8;7.96;19.82;4.84;1.07;2018-09-06;True;False;2000;2026-08-24
LU0861579778;AB Low Volatility Eq A EUR H;AB SICAV I - Low Volatility Equity Portfolio A EUR H Acc;AllianceBernstein (Luxembourg) S.à r.l.;Equity;Global Equity Large Cap;RV Otros;EUR;Luxemburgo;5;;1.67;1.5;4.9;6.72;11.8;5.62;2012-12-11;True;False;2000;2026-08-24
LU0683600646;AB Select US Equity A EUR H;AB SICAV I - Select US Equity Portfolio A EUR H Acc;AllianceBernstein (Luxembourg) S.à r.l.;Equity;US Equity Large Cap Blend;RV Otros;EUR;Luxemburgo;6;;1.97;1.8;9.48;15.37;18.04;9.24;2011-10-28;True;False;2000;2026-08-24
IE00BRGCKS69;AXA IM US Enhanced Index Eq QI B Acc H;AXA IM Equity Trust - AXA IM US Enhanced Index Equity QI B Acc Hedged;BNP PARIBAS ASSET MANAGEMENT Europe;Equity;US Equity Large Cap Blend;RV Otros;EUR;Irlanda;6;;0.95;0.8;9.21;15.82;17.18;8.47;2017-06-12;True;False;5000;2026-08-24
LU1644517127;AXAWF Robotech A Capitalisation EUR Hdg;AXA World Funds - Robotech A Capitalisation EUR (Hedged);BNP PARIBAS ASSET MANAGEMENT Europe;Equity;Technology Sector Equity;RV Otros;EUR;Luxemburgo;7;;1.77;1.5;13.54;19.22;13.74;1.87;2017-07-13;True;False;0;2026-08-24
IE00BWY56W81;Algebris Financial Equity R USD Acc;Algebris UCITS Funds plc - Algebris Financial Equity Fund R USD Acc;Algebris (UK) Limited;Equity;Financials Sector Equity;RV Otros;USD;Irlanda;6;;1.91;1.8;12.69;22.73;32.09;25.6;2020-12-30;True;False;10000;2026-08-24
LU1339879162;Alger American Asset Growth A EUH;Alger SICAV - Alger American Asset Growth Fund Class A EUH;Alger Management Ltd;Equity;US Equity Large Cap Growth;RV Otros;EUR;Luxemburgo;6;;2.11;1.75;10.75;22.77;32.55;11.56;2016-02-26;True;False;100;2026-08-24
LU1339879832;Alger Small Cap Focus A EUH;Alger SICAV - Alger Small Cap Focus Fund Class A EUH;Alger Management Ltd;Equity;US Equity Small Cap;RV Otros;EUR;Luxemburgo;7;;2.3;1.75;17.02;27.99;13.18;-6.94;2016-02-26;True;False;100;2026-08-24
LU1322973477;Allianz Best Styles Global Eq AT H EUR;Allianz Global Investors Fund - Allianz Best Styles Global Equity AT (H-EUR);Allianz Global Investors GmbH;Equity;Global Equity Large Cap;RV Otros;EUR;Luxemburgo;5;;1.3;1.3;9.75;17.44;19.61;11.41;2015-12-16;True;False;0;2026-08-24
LU2289578952;Allianz China A Opportunities AT H2-EUR;Allianz Global Investors Fund - Allianz China A Opportunities AT H2-EUR;Allianz Global Investors GmbH;Equity;Greater China Equity;RV Otros;EUR;Luxemburgo;6;;2.25;2.25;13.9;37.15;14.3;-3.9;2021-03-05;True;False;0;2026-08-24
LU0857590862;Allianz Europe Equity Growth AT H2 USD;Allianz Global Investors Fund - Allianz Europe Equity Growth AT H2-USD;Allianz Global Investors GmbH;Equity;Europe Equity Large Cap;RV Otros;USD;Luxemburgo;6;;1.8;1.8;5.59;6.82;4.56;-0.91;2012-12-06;True;False;0;2026-08-24
LU1548497772;Allianz Global Artfcl Intlgc AT H2EUR;Allianz Global Investors Fund - Allianz Global Artificial Intelligence AT (H2-EUR);Allianz Global Investors GmbH;Equity;Technology Sector Equity;RV Otros;EUR;Luxemburgo;7;;2.05;2.05;15.49;29.61;19.85;3.23;2017-03-31;True;False;0;2026-08-24
LU0962745302;Allianz Global Small Cap Equity AT H EUR;Allianz Global Investors Fund - Allianz Global Small Cap Equity AT (H-EUR);Allianz Global Investors GmbH;Equity;Global Equity Mid/Small Cap;RV Otros;EUR;Luxemburgo;6;;2.05;2.05;18.65;27.48;15.46;5.71;2013-09-13;True;False;0;2026-08-24
LU1880398125;Amundi Fds Global Equity A EURHC;Amundi Funds - Global Equity A EUR H (C);Amundi Luxembourg S.A.;Equity;Global Equity Large Cap;RV Otros;EUR;Luxemburgo;6;;3.35;1.65;15.54;27.91;21.98;13.03;2019-06-21;True;False;1;2026-08-24
LU1883854272;Amundi Fds US Eq Fundm Gr A EUR H C;Amundi Funds - US Equity Fundamental Growth A EUR H C;Amundi Luxembourg S.A.;Equity;US Equity Large Cap Growth;RV Otros;EUR;Luxemburgo;6;;1.78;1.5;5.91;9.55;13.72;6.74;2012-02-03;True;False;1;2026-08-24
LU3081005020;Amundi Fds US Pioneer A2 EUR H C;Amundi Funds - US Pioneer Fund A2 EUR Hgd (C);Amundi Luxembourg S.A.;Equity;US Equity Large Cap Blend;RV Otros;EUR;Luxemburgo;6;;1.77;1.4;7.37;;;;2025-06-26;True;False;;2026-08-24
LU1049757120;Amundi MSCINrthAmESGBrdTransition-AHE(C);Amundi MSCI North America ESG Broad Transition - AHE (C);Amundi Luxembourg S.A.;Equity;US Equity Large Cap Blend;RV Otros;EUR;Luxemburgo;6;;;0.15;9.74;16.72;17.8;8.51;2016-04-12;True;True;;2026-08-24
LU2778908793;Arcus Japan C Acc EUR H;Arcus Japan C Acc EUR Hedged;Arcus Investment Limited;Equity;Japan Equity;RV Otros;EUR;Luxemburgo;6;;1.67;1.5;17.63;33.63;;;2024-05-15;True;False;50000;2026-08-24
LU1893896479;ArtemisFds(Lux) US Extd Alpha A EUR AccH;Artemis Funds (Lux) - US Extended Alpha A accumulation hedged EUR;Artemis Investment Management LLP;Equity;US Equity Large Cap Blend;RV Otros;EUR;Luxemburgo;5;;;1.65;13.56;22.94;17.78;8.91;2018-11-06;True;False;25000;2026-08-24
LU1279613365;BGF Asian Dragon A2 EUR Hedged;BlackRock Global Funds - Asian Dragon Fund A2 EUR Hedged;BlackRock (Luxembourg) SA;Equity;Asia ex-Japan Equity;RV Otros;EUR;Luxemburgo;6;;1.83;1.5;22.03;36.13;18.07;4.59;2015-09-09;True;False;;2026-08-24
LU0359201455;BGF China A2 EUR Hedged;BlackRock Global Funds - China Fund A2 EUR Hedged;BlackRock (Luxembourg) SA;Equity;Greater China Equity;RV Otros;EUR;Luxemburgo;7;;1.83;1.5;-2.77;-0.28;9.33;-6.41;2008-06-24;True;False;5000;2026-08-24
LU1196525536;BGF Continental Eurp Flex A2 USD H;BlackRock Global Funds - Continental European Flexible Fund A2 USD Hedged;BlackRock (Luxembourg) SA;Equity;Europe Equity Large Cap;RV Otros;USD;Luxemburgo;6;;1.81;1.5;11.35;15.26;13.06;6.14;2015-03-04;True;False;5000;2026-08-24
LU2087590274;BGF Emerging Markets A2 EUR H;BlackRock Global Funds - Emerging Markets Fund A2 EUR Hedged;BlackRock (Luxembourg) SA;Equity;Global Emerging Markets Equity;RV Otros;EUR;Luxemburgo;6;;1.85;1.5;23.59;39.42;15.1;1.21;2019-12-18;True;False;5000;2026-08-24
LU2719174067;BGF Emerging Markets Ex-China A2 H;BlackRock Global Funds - Emerging Markets Ex-China Fund A2 Hedged EUR Acc;BlackRock (Luxembourg) SA;Equity;Global Emerging Markets Equity;RV Otros;EUR;Luxemburgo;5;;1.85;1.5;36.07;56.59;;;2024-05-13;True;False;;2026-08-24
LU2719175205;BGF Emerging Markets Ex-China E2 H;BlackRock Global Funds - Emerging Markets Ex-China Fund E2 Hedged Acc;BlackRock (Luxembourg) SA;Equity;Global Emerging Markets Equity;RV Otros;EUR;Luxemburgo;5;;2.35;1.5;35.64;55.8;;;2024-05-13;True;False;;2026-08-24
LU0986743572;BGF Euro-Markets A2 GBP Hedged;BlackRock Global Funds - Euro-Markets Fund A2 GBP Hedged;BlackRock (Luxembourg) SA;Equity;Europe Equity Large Cap;RV Otros;GBP;Luxemburgo;6;;1.82;1.5;11.25;15.42;16.03;8.47;2013-11-13;True;False;;2026-08-24
LU0969580488;BGF Euro-Markets A2 USD Hedged;BlackRock Global Funds - Euro-Markets Fund A2 USD Hedged;BlackRock (Luxembourg) SA;Equity;Europe Equity Large Cap;RV Otros;USD;Luxemburgo;6;;1.82;1.5;11.56;15.85;16.64;9.49;2013-09-25;True;False;5000;2026-08-24
LU0526926950;BGF European A2 USD Hedged;BlackRock Global Funds - European Fund A2 USD Hedged;BlackRock (Luxembourg) SA;Equity;Europe Equity Large Cap;RV Otros;USD;Luxemburgo;6;;1.81;1.5;10.94;14.12;10.57;4.88;2010-10-07;True;False;5000;2026-08-24
LU0969580561;BGF European Special Situations A2 USD H;BlackRock Global Funds - European Special Situations Fund A2 USD Hedged;BlackRock (Luxembourg) SA;Equity;Europe Equity Large Cap;RV Otros;USD;Luxemburgo;6;;1.82;1.5;10.26;10.09;6.22;1.88;2013-09-25;True;False;5000;2026-08-24
LU1023061473;BGF European Value A2 USD Hedged;BlackRock Global Funds - European Value Fund A2 USD Hedged;BlackRock (Luxembourg) SA;Equity;Europe Equity Large Cap;RV Otros;USD;Luxemburgo;5;;1.81;1.5;11.26;18.23;19.95;14.03;2014-02-26;True;False;5000;2026-08-24
LU0238690555;BGF Global Dynamic Eq A2 H;BlackRock Global Funds - Global Dynamic Equity Fund A2 EUR Hedged;BlackRock (Luxembourg) SA;Equity;Global Equity Large Cap;RV Otros;EUR;Luxemburgo;6;;1.82;1.5;9.05;19.62;15.2;5.4;2007-06-29;True;False;;2026-08-24
LU0255399742;BGF Japan Small & MidCap Opps A2 H;BlackRock Global Funds - Japan Small & MidCap Opportunities Fund A2 EUR Hedged;BlackRock (Luxembourg) SA;Equity;Japan Equity;RV Otros;EUR;Luxemburgo;5;;1.81;1.5;17.34;28.9;27.54;16.82;2006-05-29;True;False;5000;2026-08-24
LU1864666240;BGF Natural Resources A2 H;BGF Natural Resources Fund Class A2 EUR Hedged;BlackRock (Luxembourg) SA;Equity;Natural Resources Sector Equity;RV Otros;EUR;Luxemburgo;6;;1.81;1.5;23.51;41.41;13.82;12.47;2018-09-12;True;False;;2026-08-24
LU2310089771;BGF Next Generation Technology A2 CHF H;BlackRock Global Funds - Next Generation Technology Fund A2 CHF Hedged;BlackRock (Luxembourg) SA;Equity;Technology Sector Equity;RV Otros;CHF;Luxemburgo;6;;1.81;1.5;30.64;51.27;26.82;2.19;2021-03-24;True;False;;2026-08-24
LU1861216510;BGF Next Generation Technology A2 EUR H;BlackRock Global Funds - Next Generation Technology Fund A2 EUR Hedged;BlackRock (Luxembourg) SA;Equity;Technology Sector Equity;RV Otros;EUR;Luxemburgo;6;;1.81;1.5;32.28;54.35;29.19;3.36;2018-09-04;True;False;;2026-08-24
LU1822773807;BGF Sustainable Energy A2 EUR H;BlackRock Global Funds - Sustainable Energy Fund A2 EUR Hedged;BlackRock (Luxembourg) SA;Equity;Energy Sector Equity;RV Otros;EUR;Luxemburgo;6;;1.96;1.65;13.12;25.13;11.32;2.98;2018-05-23;True;False;5000;2026-08-24
LU0278718100;BGF Systematic Glbl Eq Hi Inc A2 H;BlackRock Global Funds - Systematic Global Equity High Income Fund A2 Hedged EUR;BlackRock (Luxembourg) SA;Equity;Global Equity Large Cap;RV Otros;EUR;Luxemburgo;6;;1.79;1.5;11.65;13.35;14.65;6.3;2006-12-20;True;False;5000;2026-08-24
LU0200685153;BGF US Basic Value A2 EUR Hedged;BlackRock Global Funds - US Basic Value Fund A2 EUR Hedged;BlackRock (Luxembourg) SA;Equity;US Equity Large Cap Value;RV Otros;EUR;Luxemburgo;5;;1.81;1.5;13.39;21.29;14.34;7.52;2004-09-30;True;False;5000;2026-08-24
LU0200684693;BGF US Flexible Equity A2 EUR H;BlackRock Global Funds - US Flexible Equity Fund A2 EUR Hedged;BlackRock (Luxembourg) SA;Equity;US Equity Large Cap Blend;RV Otros;EUR;Luxemburgo;6;;1.81;1.5;12.55;26.79;19.61;10.7;2004-10-04;True;False;5000;2026-08-24
LU0408222163;BGF US Flexible Equity A4 H;BlackRock Global Funds - US Flexible Equity Fund A4 EUR Hedged;BlackRock (Luxembourg) SA;Equity;US Equity Large Cap Blend;RV Otros;EUR;Luxemburgo;6;;1.81;1.5;12.55;26.77;19.61;10.7;2009-02-02;True;False;5000;2026-08-24
LU0589470672;BGF World Energy A2 CHF Hedged;BlackRock Global Funds - World Energy Fund A2 CHF Hedged;BlackRock (Luxembourg) SA;Equity;Energy Sector Equity;RV Otros;CHF;Luxemburgo;6;;2.06;1.75;37.81;42.42;11.34;19.01;2011-03-25;True;False;;2026-08-24
LU0326422176;BGF World Energy A2 EUR Hedged;BlackRock Global Funds - World Energy Fund A2 EUR Hedged;BlackRock (Luxembourg) SA;Equity;Energy Sector Equity;RV Otros;EUR;Luxemburgo;6;;2.06;1.75;39.62;45.57;13.65;20.54;2007-11-30;True;False;5000;2026-08-24
LU0521028471;BGF World Gold A2 CHF Hedged;BlackRock Global Funds - World Gold Fund A2 CHF Hedged;BlackRock (Luxembourg) SA;Equity;Precious Metals Sector Equity;RV Otros;CHF;Luxemburgo;7;;2.05;1.75;12.93;71.52;49.32;20.94;2010-07-19;True;False;;2026-08-24
LU0326422689;BGF World Gold A2 EUR Hedged;BlackRock Global Funds - World Gold Fund A2 EUR Hedged;BlackRock (Luxembourg) SA;Equity;Precious Metals Sector Equity;RV Otros;EUR;Luxemburgo;7;;2.05;1.75;14.3;74.79;52.19;22.47;2007-10-31;True;False;5000;2026-08-24
LU1822774284;BGF World Healthscience A2 EUR H;BlackRock Global Funds - World Healthscience Fund A2 EUR Hedged;BlackRock (Luxembourg) SA;Equity;Healthcare Sector Equity;RV Otros;EUR;Luxemburgo;5;;1.78;1.5;7.1;18.07;6.12;1.83;2018-06-06;True;False;;2026-08-24
LU0326424115;BGF World Mining A2 EUR Hedged;BlackRock Global Funds - World Mining Fund A2 EUR Hedged;BlackRock (Luxembourg) SA;Equity;Natural Resources Sector Equity;RV Otros;EUR;Luxemburgo;7;;2.06;1.75;24.04;69.92;24.33;12.64;2007-11-23;True;False;5000;2026-08-24
LU1822773716;BGF World Technology A2 EUR H;BlackRock Global Funds - World Technology Fund A2 EUR Hedged;BlackRock (Luxembourg) SA;Equity;Technology Sector Equity;RV Otros;EUR;Luxemburgo;6;;1.78;1.5;26.87;37.81;29.89;8.88;2018-05-23;True;False;;2026-08-24
LU0887931292;BL-Equities Japan B EUR Hedged;BL-Equities Japan B EUR Hedged Acc;BLI - Banque de Luxembourg Investments SA;Equity;Japan Equity;RV Otros;EUR;Luxemburgo;6;;1.55;1.25;14.57;20.94;13;8.51;2013-03-01;True;False;0;2026-08-24
LU0194438338;BNP Paribas Japan Eq Cl H EUR Cap;BNP Paribas Funds Japan Equity Classic H EUR Capitalisation;BNP Paribas Asset Management Luxembourg;Equity;Japan Equity;RV Otros;EUR;Luxemburgo;6;;;1.5;26.74;42.92;29.09;22.67;2004-06-29;True;False;0;2026-08-24
LU0265293521;BNP Paribas Turkey Equity Classic R;BNP Paribas Funds Turkey EquityClassicR;BNP Paribas Asset Management Luxembourg;Equity;Equity Miscellaneous;RV Otros;EUR;Luxemburgo;7;;;1.75;7.71;1.01;4.47;17.98;2013-05-24;True;False;0;2026-08-24
LU0823433189;BNP Paribas Turkey Equity Classic USD R;BNP Paribas Funds Turkey EquityClassic USDR;BNP Paribas Asset Management Luxembourg;Equity;Equity Miscellaneous;RV Otros;USD;Luxemburgo;7;;;1.75;7.06;1.52;6.94;17.98;2013-05-24;True;False;0;2026-08-24
LU0823433858;BNP Paribas Turkey Equity N R;BNP Paribas Funds Turkey EquityNR;BNP Paribas Asset Management Luxembourg;Equity;Equity Miscellaneous;RV Otros;EUR;Luxemburgo;7;;;1.75;7.19;0.26;3.69;17.1;2013-05-24;True;False;0;2026-08-24
LU0251806666;BNP Paribas US Small Cap Classic H EURC;BNP Paribas Funds US Small Cap Classic H EURC;BNP Paribas Asset Management Luxembourg;Equity;US Equity Small Cap;RV Otros;EUR;Luxemburgo;6;;;1.75;15.51;23.73;15.21;5.42;2013-05-17;True;False;0;2026-08-24
IE00BB7N4179;BNY Mellon Brazil Equity EUR H Acc H;BNY Mellon Brazil Equity Fund EUR H Acc Hedged;BNY Mellon Fund Management (Lux) S.A.;Equity;Latin America Equity;RV Otros;EUR;Irlanda;7;;2.19;2;-1.28;11.51;7.01;3.17;2013-06-27;True;False;5000;2026-08-24
IE00B89ZWR21;BNY Mellon Global Equity Inc EUR H Acc H;BNY Mellon Global Equity Income Fund EUR H Acc Hedged;BNY Mellon Fund Management (Lux) S.A.;Equity;Global Equity Large Cap;RV Otros;EUR;Irlanda;5;;;2;12.03;19.69;13.54;7.43;2013-04-09;True;False;5000;2026-08-24
IE00B9CMBW59;BNY Mellon Global Equity Inc EUR H Inc H;BNY Mellon Global Equity Income Fund EUR H Inc Hedged;BNY Mellon Fund Management (Lux) S.A.;Equity;Global Equity Large Cap;RV Otros;EUR;Irlanda;5;;;2;12.06;19.71;13.54;7.43;2013-04-09;True;False;5000;2026-08-24
LU0580275534;Bellevue Medtech & Services HB EUR;Bellevue Funds (Lux) - Bellevue Medtech & Services HB EUR;Bellevue Asset Management Ltd.;Equity;Healthcare Sector Equity;RV Otros;EUR;Luxemburgo;6;;2.16;1.6;-11.06;-12.54;-0.25;-4.41;2011-01-31;True;False;0;2026-08-24
IE00B2NN6563;Brown Advisory US Equity Growth € A Hdg;Brown Advisory US Equity Growth € A Hedged;Brown Adv (Ireland) Limited;Equity;US Equity Large Cap Growth;RV Otros;EUR;Irlanda;6;;;1.5;9.85;3.84;11.08;0.14;2010-08-04;True;False;5000;2026-08-24
IE00BG0R2Z11;Brown Advisory US Sust Gr EUR A Acc Hdg;Brown Advisory US Sustainable Growth Fund EUR Class A Acc Shares Hedged;Brown Adv (Ireland) Limited;Equity;US Equity Large Cap Growth;RV Otros;EUR;Irlanda;6;;;1.5;7.81;5.72;12.25;2.96;2020-09-01;True;False;5000;2026-08-24
LU2389405080;CPR Invest Hydrogen A EUR Acc;CPR Invest Hydrogen A EUR Acc;CPR Asset Management;Equity;Equity Miscellaneous;RV Otros;EUR;Luxemburgo;6;;;1.6;15.42;28.82;14.36;;2021-11-30;True;False;1;2026-08-24
LU1878469607;CT (Lux) American Smaller Com AEH EUR;CT (Lux) - American Smaller Companies AEH (EUR Accumulation);Threadneedle Management Luxembourg S.A.;Equity;US Equity Small Cap;RV Otros;EUR;Luxemburgo;6;;1.8;1.5;8.68;15.09;8.18;2.63;2018-10-23;True;False;2500;2026-08-24
LU0198728585;CT (Lux) Global Focus AEH;CT (Lux) - Global Focus Class AEH (EUR Accumulation Hedged Shares);Threadneedle Management Luxembourg S.A.;Equity;Global Equity Large Cap;RV Otros;EUR;Luxemburgo;6;;1.7;1.5;14.98;19.68;18.47;6.34;1998-06-25;True;False;2500;2026-08-24
LU0444972557;CT (Lux) Global Tech AEH EUR;CT (Lux) - Global Technology Class AEH (EUR Accumulation Hedged Shares);Threadneedle Management Luxembourg S.A.;Equity;Technology Sector Equity;RV Otros;EUR;Luxemburgo;6;;1.95;1.65;45.53;74.21;38.75;19.72;2013-05-13;True;False;2500;2026-08-24
LU1120766206;Candriam Eqs L Biotech C EUR Hedged Cap;Candriam Equities L Biotechnology Class C EUR Hedged Cap;Candriam;Equity;Healthcare Sector Equity;RV Otros;EUR;Luxemburgo;6;;1.96;1.6;22.63;56.31;22.28;10.1;2015-01-22;True;False;0;2026-08-24
LU1293437023;Candriam Eqs L Em Mkts C USD H Cap;Candriam Equities L Emerging Markets Class C USD H Cap;Candriam;Equity;Global Emerging Markets Equity;RV Otros;USD;Luxemburgo;6;;2.01;1.6;27.8;46.8;24.91;8.5;2017-08-03;True;False;0;2026-08-24
LU1864481624;Candriam Equities L Oncology CH EUR Cap;Candriam Equities L Oncology Fund Class CH EUR Cap;Candriam;Equity;Healthcare Sector Equity;RV Otros;EUR;Luxemburgo;6;;;1.6;11.66;34.11;10.3;1.68;2019-03-12;True;False;0;2026-08-24
LU1378995317;Capital Group InvCoAmer (LUX) Bh-EUR;Capital Group Investment Company of America (LUX) Bh-EUR;Capital International Management Company Sàrl;Equity;US Equity Large Cap Blend;RV Otros;EUR;Luxemburgo;6;;1.45;1.3;8.42;13.39;18.43;9.83;2016-06-17;True;False;0;2026-08-24
LU2230629466;Capital Group New Economy (LUX) Bh-EUR;Capital Group New Economy Fund (LUX) Bh-EUR;Capital International Management Company Sàrl;Equity;Global Equity Large Cap;RV Otros;EUR;Luxemburgo;6;;0.9;1.5;16.18;34.01;24.28;8.61;2020-09-21;True;False;0;2026-08-24
LU1746180204;Capital Group New Pers (LUX) Bdh-EUR;Capital Group New Perspective Fund (LUX) Bdh-EUR;Capital International Management Company Sàrl;Equity;Global Equity Large Cap;RV Otros;EUR;Luxemburgo;6;;1.59;1.5;6.69;12.3;14.83;5.6;2018-01-04;True;False;0;2026-08-24
LU1295552621;Capital Group New Pers (LUX) Bh-EUR;Capital Group New Perspective Fund (LUX) Bh-EUR;Capital International Management Company Sàrl;Equity;Global Equity Large Cap;RV Otros;EUR;Luxemburgo;6;;1.59;1.5;6.67;12.29;14.81;5.6;2015-10-30;True;False;0;2026-08-24
LU1295552894;Capital Group New Pers (LUX) Bh-GBP;Capital Group New Perspective Fund (LUX) Bh-GBP;Capital International Management Company Sàrl;Equity;Global Equity Large Cap;RV Otros;GBP;Luxemburgo;6;;1.59;1.5;7.3;13.83;16.33;6.85;2015-10-30;True;False;0;2026-08-24
LU0807689079;Carmignac Pf Grande Europe A USD Acc Hdg;Carmignac Portfolio Grande Europe A USD Acc Hdg;Carmignac Gestion Luxembourg S.A.;Equity;Europe Equity Large Cap;RV Otros;USD;Luxemburgo;6;;1.8;1.5;5.55;7.41;8.34;3.79;2012-07-19;True;False;0;2026-08-24
LU3145732932;DNB Technology Retail A (EUR) (Hedged);DNB Fund - Technology Retail A (EUR) (Hedged);DNB Asset Management AS;Equity;Technology Sector Equity;RV Otros;EUR;Luxemburgo;;;1.58;1.5;21.11;;;;2025-11-25;True;False;;2026-08-24
LU0616865175;DWS Invest Global Infras CHF LCH;DWS Invest Global Infrastructure CHF LCH;DWS Investment S.A.;Equity;Infrastructure Sector Equity;RV Otros;CHF;Luxemburgo;5;;1.62;1.5;6.33;3.99;7;3.09;2013-11-29;True;False;0;2026-08-24
LU1560646298;DWS Invest Global Infras EUR LCH (P);DWS Invest Global Infrastructure EUR LCH (P);DWS Investment S.A.;Equity;Infrastructure Sector Equity;RV Otros;EUR;Luxemburgo;5;;1.62;1.5;6.21;4.81;9.81;3.48;2017-02-15;True;False;0;2026-08-24
LU0616863808;DWS Invest Top Dividend LCH (P);DWS Invest Top Dividend LCH (P);DWS Investment S.A.;Equity;Global Equity Large Cap;RV Otros;EUR;Luxemburgo;4;;1.62;1.5;15.32;23.74;14.94;8.91;2014-12-11;True;False;0;2026-08-24
LU0544572604;DWS Invest Top Dividend USD LCH(P);DWS Invest Top Dividend USD LCH(P);DWS Investment S.A.;Equity;Global Equity Large Cap;RV Otros;USD;Luxemburgo;4;;1.61;1.5;16.61;26.19;17.11;11.09;2012-05-30;True;False;0;2026-08-24
LU2589699524;FAST - Global Fund APFACC-EUR (EUR/USDH);Fidelity Active Strategy - FAST - Global Fund A-PF-ACC-EUR (EUR/USD hedged);FIL Investment Management (Luxembourg) S.à r.l.;Equity;Global Equity Mid/Small Cap;RV Otros;EUR;Luxemburgo;6;;1.93;1.5;12.11;11.89;;;2024-04-24;True;False;2500;2026-08-24
LU0997586432;FF - Europe Equity ESG A-Acc-USD H;FF - Europe Equity ESG Fund A-Acc-USD (hedged);FIL Investment Management (Luxembourg) S.à r.l.;Equity;Europe Equity Large Cap;RV Otros;USD;Luxemburgo;5;;;1.5;16.35;21.07;16.4;;2014-01-10;True;False;500000;2026-08-24
LU0840141096;FF - Global Consumer Brds E-Acc-EUR H;FF - Global Consumer Brands Fund E-Acc-EUR (hedged);FIL Investment Management (Luxembourg) S.à r.l.;Equity;Consumer Goods & Services Sector Equity;RV Otros;EUR;Luxemburgo;6;;;1.5;-1.04;3.41;6.85;0.84;2012-11-07;True;False;;2026-08-24
LU0997586945;FF - Japan Equity ESG A-Acc-USD H;FF - Japan Equity ESG Fund A-Acc-USD (hedged);FIL Investment Management (Luxembourg) S.à r.l.;Equity;Japan Equity;RV Otros;USD;Luxemburgo;6;;;1.5;17.18;29.17;20.98;15.3;2014-01-10;True;False;2500;2026-08-24
LU0346393456;FF - US Equity Fund A-Acc-EUR H;Fidelity Funds - US Equity Fund A-Acc-EUR (hedged);FIL Investment Management (Luxembourg) S.à r.l.;Equity;US Equity Large Cap Blend;RV Otros;EUR;Luxemburgo;5;;;1.5;2.86;5.33;8.33;2.67;2008-03-10;True;False;;2026-08-24
IE00BHR40R02;FTGF CB Infras Val A EURH Acc PH;FTGF ClearBridge Infrastructure Value Fund Class A Euro Accumulating (Hedged) (PH);Franklin Templeton International Services S.à r.l.;Equity;Infrastructure Sector Equity;RV Otros;EUR;Irlanda;6;;1.97;1.5;6.3;7.13;10.73;5.75;2019-12-03;True;False;1000;2026-08-24
IE00BYML7L80;FTGF CB US Lg Cp Gr A EURH Acc;FTGF ClearBridge US Large Cap Growth Fund Class A Euro Accumulating (Hedged);Franklin Templeton International Services S.à r.l.;Equity;US Equity Large Cap Growth;RV Otros;EUR;Irlanda;6;;1.72;1.25;2.13;3.45;13.5;4.84;2016-02-05;True;False;1000;2026-08-24
IE00B7RM3Q42;FTGF CB US Value A EUR H Acc;FTGF ClearBridge US Value Fund Class A Euro Accumulating (Hedged);Franklin Templeton International Services S.à r.l.;Equity;US Equity Large Cap Value;RV Otros;EUR;Irlanda;6;;1.83;1.35;14.18;19.8;13.59;;2021-12-09;True;False;1000;2026-08-24
IE000Z4DSSW2;FTGF ClearBridge Glb Gr Ldrs A EUR H Acc;FTGF ClearBridge Global Growth Leaders Fund Class A Euro Accumulating (Hedged);Franklin Templeton International Services S.à r.l.;Equity;Global Equity Large Cap;RV Otros;EUR;Irlanda;;;1.78;1.3;1.53;;;;2025-10-31;True;False;;2026-08-24
IE00B8K62S50;FTGF Putnam US Research A EURH Acc;FTGF Putnam US Research Fund Class A Euro Accumulating (Hedged);Franklin Templeton International Services S.à r.l.;Equity;US Equity Large Cap Blend;RV Otros;EUR;Irlanda;6;;1.38;1.25;13.43;21.97;;;2025-04-28;True;False;1000;2026-08-24
IE00B7MC4336;FTGF RY US SmCp Opp A EURH Acc;FTGF Royce US Small Cap Opportunity Fund Class A Euro Accumulating (Hedged);Franklin Templeton International Services S.à r.l.;Equity;US Equity Small Cap;RV Otros;EUR;Irlanda;7;;1.97;1.5;24.6;34.57;15.98;7.15;2013-02-20;True;False;1000;2026-08-24
IE00BBL4VX78;Federated Hermes Asia exJpn Eq R EURAccH;Federated Hermes Asia ex-Japan Equity Fund Class R EUR Accumulating Hedged;Hermes Fund Managers Ireland Ltd;Equity;Asia ex-Japan Equity;RV Otros;EUR;Irlanda;6;;;1.5;18.58;29.44;21.65;9.46;2014-03-11;True;False;1000;2026-08-24
LU2348703278;Fidelity Asia Eq ESG A-Acc-EUR H;Fidelity Funds - Asia Equity ESG Fund A-Acc-EUR Hedged;FIL Investment Management (Luxembourg) S.à r.l.;Equity;Asia ex-Japan Equity;RV Otros;EUR;Luxemburgo;6;;;1.5;23.17;37.27;18.34;5.71;2021-06-09;True;False;;2026-08-24
LU0303816705;Fidelity Em Eurp Mdl Est&Afr A Acc EUR;Fidelity Funds - Emerging Europe, Middle East and Africa Fund A-Acc-EUR;FIL Investment Management (Luxembourg) S.à r.l.;Equity;Equity Miscellaneous;RV Otros;EUR;Luxemburgo;6;;;1.5;18.82;29.69;24.73;0.9;2007-06-11;True;False;;2026-08-24
LU1097728288;Fidelity Emerging Markets A-Acc-EUR H;Fidelity Funds - Emerging Markets Fund A-Acc-EUR (hedged);FIL Investment Management (Luxembourg) S.à r.l.;Equity;Global Emerging Markets Equity;RV Otros;EUR;Luxemburgo;6;;;1.5;30.3;48.09;24.44;6.35;2014-08-28;True;False;;2026-08-24
LU0997586515;Fidelity European Dynamic Gr A-Acc-USD H;Fidelity Funds - European Dynamic Growth Fund A-Acc-USD (hedged);FIL Investment Management (Luxembourg) S.à r.l.;Equity;Europe Equity Large Cap;RV Otros;USD;Luxemburgo;6;;;1.5;6.85;4.87;4.45;1.04;2014-01-10;True;False;2500;2026-08-24
LU0688698975;Fidelity FAST Emerging MarketsA-ACC-EURH;Fidelity Active Strategy - FAST - Emerging Markets Fund A-ACC-EUR (hedged);FIL Investment Management (Luxembourg) S.à r.l.;Equity;Global Emerging Markets Equity;RV Otros;EUR;Luxemburgo;6;;1.94;1.5;36.37;65.7;37.06;12.87;2011-10-31;True;False;;2026-08-24
LU0945775517;Fidelity Funds America A-Acc-EUR H;Fidelity Funds - America Fund A-Acc-EUR (hedged);FIL Investment Management (Luxembourg) S.à r.l.;Equity;US Equity Large Cap Value;RV Otros;EUR;Luxemburgo;5;;;1.5;5.93;12.21;8.61;5.15;2013-07-12;True;False;;2026-08-24
LU0605515377;Fidelity Global Dividend A-Acc-EUR H;Fidelity Funds - Global Dividend Fund A-Acc-EUR (hedged);FIL Investment Management (Luxembourg) S.à r.l.;Equity;Global Equity Large Cap;RV Otros;EUR;Luxemburgo;5;;;1.5;10.13;12.47;15.44;8.36;2012-01-30;True;False;;2026-08-24
LU0840139785;Fidelity Global Dividend E-MInc(G)-EUR H;Fidelity Funds - Global Dividend Fund E-MINCOME(G)-EUR (hedged);FIL Investment Management (Luxembourg) S.à r.l.;Equity;Global Equity Large Cap;RV Otros;EUR;Luxemburgo;5;;;1.5;9.61;11.64;14.56;7.54;2012-11-07;True;False;;2026-08-24
LU2670341689;Fidelity Global Financial Svcs A-AccEURH;Fidelity Funds - Global Financial Services Fund A-Acc-EUR (hedged);FIL Investment Management (Luxembourg) S.à r.l.;Equity;Financials Sector Equity;RV Otros;EUR;Luxemburgo;6;;;1.5;7.63;10.8;;;2023-08-23;True;False;2500;2026-08-24
LU1273508926;Fidelity Global Financial Svcs A-AccUSDH;Fidelity Funds - Global Financial Services Fund A-Acc-USD (hedged);FIL Investment Management (Luxembourg) S.à r.l.;Equity;Financials Sector Equity;RV Otros;USD;Luxemburgo;6;;;1.5;8.94;13.11;21.81;11.59;2015-08-20;True;False;2500;2026-08-24
LU1366332952;Fidelity Global Focus A-Acc-EUR H;Fidelity Funds - Global Focus Fund A-Acc-EUR (hedged);FIL Investment Management (Luxembourg) S.à r.l.;Equity;Global Equity Large Cap;RV Otros;EUR;Luxemburgo;6;;;1.5;-0.4;6.14;13.05;5.42;2016-05-12;True;False;;2026-08-24
LU2670341846;Fidelity Global Healthcare A-Acc-EUR H;Fidelity Funds - Global Healthcare Fund A-Acc-EUR (hedged);FIL Investment Management (Luxembourg) S.à r.l.;Equity;Healthcare Sector Equity;RV Otros;EUR;Luxemburgo;5;;;1.5;-0.39;5.27;;;2023-08-23;True;False;2500;2026-08-24
LU1841614867;Fidelity Global Technology A-Acc-EURH;Fidelity Funds - Global Technology Fund A-Acc-EUR (hedged);FIL Investment Management (Luxembourg) S.à r.l.;Equity;Technology Sector Equity;RV Otros;EUR;Luxemburgo;6;;;1.5;15.21;28.37;23.9;13.18;2018-07-11;True;False;2500;2026-08-24
LU1235294995;Fidelity Global Technology A-Acc-USD H;Fidelity Funds - Global Technology Fund A-Acc-USD (hedged);FIL Investment Management (Luxembourg) S.à r.l.;Equity;Technology Sector Equity;RV Otros;USD;Luxemburgo;6;;;1.5;16.64;31;26.24;15.71;2015-06-03;True;False;2500;2026-08-24
LU0997587083;Fidelity Japan Value A-Acc-USD H;Fidelity Funds - Japan Value Fund A-Acc-USD (hedged);FIL Investment Management (Luxembourg) S.à r.l.;Equity;Japan Equity;RV Otros;USD;Luxemburgo;6;;;1.5;20.65;39.56;30.26;25.52;2014-01-10;True;False;2500;2026-08-24
LU0611489658;Fidelity Japan Value A-Dis-EUR H;Fidelity Funds - Japan Value Fund A-DIST-EUR (hedged);FIL Investment Management (Luxembourg) S.à r.l.;Equity;Japan Equity;RV Otros;EUR;Luxemburgo;6;;;1.5;19.34;37.13;27.99;23.14;2011-03-28;True;False;;2026-08-24
LU0997586861;Fidelity Nordic A-Acc-USD H;Fidelity Funds - Nordic Fund A-Acc-USD (hedged);FIL Investment Management (Luxembourg) S.à r.l.;Equity;Europe Equity Mid/Small Cap;RV Otros;USD;Luxemburgo;5;;;1.5;17.81;28.89;23.8;16.34;2014-01-10;True;False;2500;2026-08-24
IE00BYX5N110;Fidelity S&P 500 Index EUR P Acc H;Fidelity S&P 500 Index Fund EUR P Acc (Hedged);FIL Investment Management (Luxembourg) S.A., Ireland Branch;Equity;US Equity Large Cap Blend;RV Otros;EUR;Irlanda;6;;0.15;0.15;11.04;18.62;18.97;9.99;2018-03-20;True;True;0;2026-08-24
LU1892830248;Fidelity Water & Waste A Acc EUR H;Fidelity Funds - Water & Waste Fund A Acc EUR (EUR/USD hedged);FIL Investment Management (Luxembourg) S.à r.l.;Equity;Equity Miscellaneous;RV Otros;EUR;Luxemburgo;6;;;1.5;2.86;1.33;5.4;-2.44;2018-11-07;True;False;2500;2026-08-24
LU2595359303;Fidelity World A-Acc-EUR H;Fidelity Funds - World Fund A-Acc-EUR (EUR/USD Hgd);FIL Investment Management (Luxembourg) S.à r.l.;Equity;Global Equity Large Cap;RV Otros;EUR;Luxemburgo;6;;;1.5;11.19;18.16;17.42;;2023-03-08;True;False;2500;2026-08-24
LU1803069274;Franklin Biotechnology Discv A(acc)EURH1;Franklin Biotechnology Discovery Fund A(acc) EUR-H1;Franklin Templeton International Services S.à r.l.;Equity;Healthcare Sector Equity;RV Otros;EUR;Luxemburgo;6;;1.81;1.5;23.91;69.9;27.5;10.56;2018-04-06;True;False;;2026-08-24
LU0496368142;Franklin Gold and Prec Mtls A(acc)EUR-H1;Franklin Gold and Precious Metals Fund A(acc)EUR-H1;Franklin Templeton International Services S.à r.l.;Equity;Precious Metals Sector Equity;RV Otros;EUR;Luxemburgo;7;;1.8;1.5;16.2;87.19;59.35;24.67;2010-04-30;True;False;;2026-08-24
LU1212701376;Franklin India A(acc)EUR-H1;Franklin India Fund A(acc)EUR-H1;Franklin Templeton International Services S.à r.l.;Equity;India Equity;RV Otros;EUR;Luxemburgo;6;;1.83;1.5;-9.86;-12.98;2.48;1.56;2015-04-24;True;False;;2026-08-24
LU0294219513;Franklin Mutual Glbl DiscvA(acc)EUR-H2;Franklin Mutual Global Discovery Fund A(acc)EUR-H2;Franklin Templeton International Services S.à r.l.;Equity;Global Equity Large Cap;RV Otros;EUR;Luxemburgo;5;;1.83;1.5;8.3;14.37;11.59;7.71;2007-04-10;True;False;;2026-08-24
LU0294217905;Franklin Mutual US Value A acc EUR-H1;Franklin Mutual U.S. Value Fund A(acc)EUR-H1;Franklin Templeton International Services S.à r.l.;Equity;US Equity Large Cap Value;RV Otros;EUR;Luxemburgo;6;;1.84;1.5;9.56;12.61;10.81;3.99;2007-04-10;True;False;;2026-08-24
LU0626261860;Franklin Natural Resources A(Ydis)EUR-H1;Franklin Natural Resources Fund A(Ydis)EUR-H1;Franklin Templeton International Services S.à r.l.;Equity;Energy Sector Equity;RV Otros;EUR;Luxemburgo;7;;1.83;1.5;28.96;48.3;16.54;18.69;2011-05-27;True;False;;2026-08-24
LU1704830576;Franklin Technology A Acc EUR-H1;Franklin Technology Fund A (Acc) EUR-H1;Franklin Templeton International Services S.à r.l.;Equity;Technology Sector Equity;RV Otros;EUR;Luxemburgo;7;;1.81;1.5;21.19;30.52;25.86;7.46;2017-10-27;True;False;;2026-08-24
LU0316494391;Franklin US Opportunities A(acc)EUR-H1;Franklin U.S. Opportunities Fund A(acc)EUR-H1;Franklin Templeton International Services S.à r.l.;Equity;US Equity Large Cap Growth;RV Otros;EUR;Luxemburgo;6;;1.8;1.5;5.67;6.9;14.57;1.86;2007-09-03;True;False;;2026-08-24
LU0982201278;GAM Multistock Asia Focus Equity EUR Bh;GAM Multistock - Asia Focus Equity EUR Bh Hedged;GAM (Luxembourg) SA;Equity;Asia ex-Japan Equity;RV Otros;EUR;Luxemburgo;6;;;1.6;22.22;31.63;19.95;3.37;2021-04-12;True;False;0;2026-08-24
IE00B1W3X261;GAM Star China Equity C EUR Acc;GAM Star Fund plc - GAM Star China Equity Class C EUR Accumulation Hedged;GAM Fund Management Limited;Equity;Greater China Equity;RV Otros;EUR;Irlanda;7;;;1.1;-10.07;-11.17;5.45;-8.97;2010-09-22;True;False;10000;2026-08-24
IE00B1W3XQ00;GAM Star Japan Ldrs C EUR Acc;GAM Star Fund plc - GAM Star Japan Leaders Class C EUR Accumulation Hedged;GAM Fund Management Limited;Equity;Japan Equity;RV Otros;EUR;Irlanda;6;;;1.1;15.99;21.55;12.22;5.49;2016-04-22;True;False;10000;2026-08-24
LU0546912030;GS Gbl Social Impact EQ-PCapEUR(HGii);Goldman Sachs Global Social Impact Equity - P Cap EUR (hedged ii);Goldman Sachs Asset Management B.V.;Equity;Global Equity Large Cap;RV Otros;EUR;Luxemburgo;6;;;1.5;-2.33;-7.64;3.25;;2011-04-11;True;False;0;2026-08-24
LU1785488757;GS Global CORE Eq E Acc EUR H Snap;Goldman Sachs Global CORE Equity Portfolio E Acc EUR Hedged Snap;Goldman Sachs Asset Management B.V.;Equity;Global Equity Large Cap;RV Otros;EUR;Luxemburgo;5;;;1.25;9.67;19.78;18.95;8.97;2018-03-05;True;False;1500;2026-08-24
LU2038515610;GS Global CORE Eq OC Acc EURH Snap;Goldman Sachs Global CORE Equity Portfolio Other Currency Acc EUR-Hedged Snap;Goldman Sachs Asset Management B.V.;Equity;Global Equity Large Cap;RV Otros;EUR;Luxemburgo;5;;;1.25;10.03;20.38;19.56;9.54;2019-08-22;True;False;5000;2026-08-24
LU0612441583;GS Japan Equity Oth CcyAccEUR Hdg (Snap);Goldman Sachs Japan Equity Portfolio Other Currency Shares Acc EUR-Hedged (Snap);Goldman Sachs Asset Management B.V.;Equity;Japan Equity;RV Otros;EUR;Luxemburgo;6;;;1.5;15.81;27.29;22.17;16.9;2011-04-26;True;False;5000;2026-08-24
LU1217870911;GS Japan EquityPtnrsOthCcyAccEUR H(Snap);Goldman Sachs Japan Equity Partners Portfolio Other Currency Acc EUR-Hedged (Snap);Goldman Sachs Asset Management B.V.;Equity;Japan Equity;RV Otros;EUR;Luxemburgo;6;;;1.5;18.87;22.04;20.7;15.1;2015-05-27;True;False;5000;2026-08-24
LU0433926119;GS US Equity ESG E Acc EUR Hdg;Goldman Sachs US Equity ESG Portfolio E Acc EUR-Hedged;Goldman Sachs Asset Management B.V.;Equity;US Equity Large Cap Blend;RV Otros;EUR;Luxemburgo;6;;;1.5;6.94;11.05;12.46;4.81;2010-07-06;True;False;1500;2026-08-24
LU0213961682;HSBC GIF Turkey Equity AC;HSBC Global Investment Funds - Turkey Equity AC;HSBC Global Invesment Funds;Equity;Equity Miscellaneous;RV Otros;EUR;Luxemburgo;7;;;1.75;8.14;-2.92;2.13;21.6;2005-03-24;True;False;5000;2026-08-24
LU0863888391;Harris Oakmark Global Eq RE/A H-EUR;Natixis International Funds (Lux) I - Harris Oakmark Global Equity Fund RE/A (H-EUR);Natixis Investment Managers International;Equity;Global Equity Large Cap;RV Otros;EUR;Luxemburgo;6;;2.7;2.7;7.32;12.12;8.16;1.95;2013-02-27;True;False;;2026-08-24
IE00BH3ZB298;Heptagon Driehaus US Sm Cp Eq AEH EURAcc;Heptagon Fund ICAV - Driehaus US Small Cap Equity Fund AEH EUR Acc;Heptagon Capital Limited;Equity;US Equity Small Cap;RV Otros;EUR;Irlanda;7;;1.66;1.5;14.1;33.11;18.7;4.01;2020-11-25;True;False;15000;2026-08-24
IE00BYZ09F04;Heptagon WCM Global Equity AEH EUR Acc;Heptagon Fund ICAV - WCM Global Equity Fund Class AEH EUR Acc;Heptagon Capital Limited;Equity;Global Equity Large Cap;RV Otros;EUR;Irlanda;6;;1.64;1.5;9.33;18.57;24.85;7.96;2021-01-20;True;False;15000;2026-08-24
IE00BYNG3695;Heptagon Yacktman US Equity AEH EUR Acc;Heptagon Fund ICAV - Yacktman US Equity Fund AEH EUR Acc;Heptagon Capital Limited;Equity;US Equity Large Cap Value;RV Otros;EUR;Irlanda;5;;;1.5;19.03;26.56;12.63;6.34;2020-12-08;True;False;;2026-08-24
LU3166377286;Incometric Nartex Equity R EUR Hdg Acc;Incometric Fund Nartex Equity Fund R EUR Hedged Accumulation;Dux Inversores SGIIC S.A.;Equity;Global Equity Large Cap;RV Otros;EUR;Luxemburgo;;;;1.65;-0.81;;;;2025-09-25;True;False;;2026-08-24
LU0482497442;Invesco Asia Consumer Demand A EURH Acc;Invesco Funds - Invesco Asia Consumer Demand Fund A (EUR Hedged) Accumulation EUR;Invesco Management S.A.;Equity;Consumer Goods & Services Sector Equity;RV Otros;EUR;Luxemburgo;6;;;1.5;15.93;17.52;14.65;1.3;2010-03-31;True;False;1000;2026-08-24
LU1762219332;Invesco Asia Opportunities Eq A EURH Acc;Invesco Funds - Invesco Asia Opportunities Equity Fund A (EUR Hedged) Accumulation EUR;Invesco Management S.A.;Equity;Asia ex-Japan Equity;RV Otros;EUR;Luxemburgo;6;;;1.5;20.88;27.26;18.21;3.45;2018-03-08;True;False;1000;2026-08-24
LU2305832698;Invesco Asian Equity A EURH Acc;Invesco Funds - Invesco Asian Equity Fund A Accumulation EUR Hedged;Invesco Management S.A.;Equity;Asia ex-Japan Equity;RV Otros;EUR;Luxemburgo;6;;;1.5;19.26;32.18;18.42;8.01;2021-03-03;True;False;1000;2026-08-24
LU2790101831;Invesco Emerg Mkts ex-China Eq A EURHAcc;Invesco Funds - Invesco Emerging Markets ex-China Equity Fund A Accumulation EUR Hedged;Invesco Management S.A.;Equity;Global Emerging Markets Equity;RV Otros;EUR;Luxemburgo;5;;;1.4;37.52;57.4;;;2024-04-24;True;False;1000;2026-08-24
LU3073598800;Invesco Emerging Mkt Eq A EUR H Acc;Invesco Funds - Invesco Emerging Markets Equity Fund A (EUR Hedged) Accumulation EUR;Invesco Management S.A.;Equity;Global Emerging Markets Equity;RV Otros;EUR;Luxemburgo;6;;;1.4;21.04;36.77;;;2025-06-25;True;False;1000;2026-08-24
LU1590492135;Invesco Glbl Consmr Trnds A EURH Acc;Invesco Funds - Invesco Global Consumer Trends Fund A (EUR Hedged) Accumulation EUR;Invesco Management S.A.;Equity;Consumer Goods & Services Sector Equity;RV Otros;EUR;Luxemburgo;7;;;1.5;-2.32;-1.2;15.39;-2.5;2017-05-10;True;False;1000;2026-08-24
LU0794791870;Invesco Global Equity Income A EURH Acc;Invesco Funds - Invesco Global Equity Income Fund A (EUR Hedged) Accumulation EUR;Invesco Management S.A.;Equity;Global Equity Large Cap;RV Otros;EUR;Luxemburgo;6;;;1.4;12.82;15.15;16.84;10.01;2012-06-27;True;False;1000;2026-08-24
LU0482497798;Invesco Greater China Equity A EURH Acc;Invesco Funds - Invesco Greater China Equity Fund A (EUR Hedged) Accumulation EUR;Invesco Management S.A.;Equity;Greater China Equity;RV Otros;EUR;Luxemburgo;6;;;1.5;16.23;27.48;18.86;3.19;2010-03-30;True;False;1000;2026-08-24
LU0955866438;Invesco Japanese Eq Adv A EURH Acc;Invesco Funds - Invesco Japanese Equity Advantage Fund A (EUR Hedged) Accumulation EUR;Invesco Management S.A.;Equity;Japan Equity;RV Otros;EUR;Luxemburgo;6;;;1.4;22.17;33.44;20.09;14.64;2013-09-18;True;False;1000;2026-08-24
LU1075211869;Invesco Pan European Equity A USDH Acc;Invesco Funds - Invesco Pan European Equity Fund A (USD Hedged) Accumulation USD;Invesco Management S.A.;Equity;Europe Equity Large Cap;RV Otros;USD;Luxemburgo;5;;;1.5;19.65;30.1;16.67;13.13;2014-07-23;True;False;1500;2026-08-24
LU1075213998;Invesco Sus Pan Eurp Sysmc Eq A PfH Acc€;Invesco Funds - Invesco Sustainable Pan European Systematic Equity Fund A (PfHgd) Acc EUR;Invesco Management S.A.;Equity;Europe Equity Large Cap;RV Otros;EUR;Luxemburgo;5;;;1.3;9.18;11.29;14.49;7.18;2014-08-20;True;False;1000;2026-08-24
LU0159042083;JPM America Equity A acc EUR Hdg;JPMorgan Funds - America Equity Fund A (acc) EUR (hedged);JPMorgan Asset Management (Europe) S.à r.l.;Equity;US Equity Large Cap Blend;RV Otros;EUR;Luxemburgo;6;;;1.5;5.6;10.33;15.69;8.4;2007-03-15;True;False;35000;2026-08-24
LU0159059210;JPM America Equity D acc EUR Hdg;JPMorgan Funds - America Equity Fund D (acc) EUR (hedged);JPMorgan Asset Management (Europe) S.à r.l.;Equity;US Equity Large Cap Blend;RV Otros;EUR;Luxemburgo;6;;;1.5;5.1;9.49;14.82;7.57;2007-03-15;True;False;5000;2026-08-24
LU0159050771;JPM Emerging Mkts Eq A acc EUR Hdg;JPMorgan Funds - Emerging Markets Equity Fund A (acc) EUR (hedged);JPMorgan Asset Management (Europe) S.à r.l.;Equity;Global Emerging Markets Equity;RV Otros;EUR;Luxemburgo;6;;1.8;1.5;26.95;45.95;20.43;3.03;2011-08-10;True;False;35000;2026-08-24
LU0159050938;JPM Emerging Mkts Eq D acc EUR Hdg;JPMorgan Funds - Emerging Markets Equity Fund D (acc) EUR (hedged);JPMorgan Asset Management (Europe) S.à r.l.;Equity;Global Emerging Markets Equity;RV Otros;EUR;Luxemburgo;6;;2.55;1.5;26.35;44.86;19.53;2.25;2013-04-15;True;False;5000;2026-08-24
LU0979766432;JPM Euroland Equity A acc USD Hdg;JPMorgan Funds - Euroland Equity Fund A (acc) USD (hedged);JPMorgan Asset Management (Europe) S.à r.l.;Equity;Europe Equity Large Cap;RV Otros;USD;Luxemburgo;5;;1.8;1.5;13.32;21.83;20.34;13.3;2013-12-12;True;False;35000;2026-08-24
LU0994472909;JPM Europe Eq Pl A perf acc USD Hdg;JPMorgan Funds - Europe Equity Plus Fund A (perf) (acc) USD (hedged);JPMorgan Asset Management (Europe) S.à r.l.;Equity;Europe Equity Large Cap;RV Otros;USD;Luxemburgo;5;;1.73;1.5;13.62;23.82;24.31;15.99;2014-01-09;True;False;35000;2026-08-24
LU1046624125;JPM Europe Eq Pl D perf acc USD Hdg;JPMorgan Funds - Europe Equity Plus Fund D (perf) (acc) USD (hedged);JPMorgan Asset Management (Europe) S.à r.l.;Equity;Europe Equity Large Cap;RV Otros;USD;Luxemburgo;5;;2.8;1.5;12.89;22.81;23.33;14.94;2014-05-14;True;False;5000;2026-08-24
LU0329202419;JPM Global Dividend A acc EUR Hdg;JPMorgan Investment Funds - Global Dividend Fund A (acc) EUR (hedged);JPMorgan Asset Management (Europe) S.à r.l.;Equity;Global Equity Large Cap;RV Otros;EUR;Luxemburgo;5;;1.7;1.5;7.52;10.78;12.15;7.44;2007-11-28;True;False;35000;2026-08-24
LU0714180493;JPM Global Dividend A div EUR Hdg;JPMorgan Investment Funds - Global Dividend Fund A (div) EUR (hedged);JPMorgan Asset Management (Europe) S.à r.l.;Equity;Global Equity Large Cap;RV Otros;EUR;Luxemburgo;5;;1.72;1.5;7.51;10.75;12.12;7.41;2012-02-22;True;False;35000;2026-08-24
LU0329203656;JPM Global Dividend D acc EUR Hdg;JPMorgan Investment Funds - Global Dividend Fund D (acc) EUR (hedged);JPMorgan Asset Management (Europe) S.à r.l.;Equity;Global Equity Large Cap;RV Otros;EUR;Luxemburgo;5;;2.45;1.5;7.01;9.95;11.31;6.65;2007-11-28;True;False;5000;2026-08-24
LU0714180907;JPM Global Dividend D div EUR Hdg;JPMorgan Investment Funds - Global Dividend Fund D (div) EUR (hedged);JPMorgan Asset Management (Europe) S.à r.l.;Equity;Global Equity Large Cap;RV Otros;EUR;Luxemburgo;5;;2.45;1.5;7.01;9.96;11.32;6.65;2012-02-22;True;False;5000;2026-08-24
LU0289215948;JPM Global Focus A acc EUR Hdg;JPMorgan Funds - Global Focus Fund A (acc) EUR (hedged);JPMorgan Asset Management (Europe) S.à r.l.;Equity;Global Equity Large Cap;RV Otros;EUR;Luxemburgo;5;;1.28;1.5;5.88;9.18;13.93;8.17;2007-07-11;True;False;35000;2026-08-24
LU0289216169;JPM Global Focus D acc EUR Hdg;JPMorgan Funds - Global Focus Fund D (acc) EUR (hedged);JPMorgan Asset Management (Europe) S.à r.l.;Equity;Global Equity Large Cap;RV Otros;EUR;Luxemburgo;5;;0.99;1.5;5.19;8.02;12.78;7.08;2007-07-11;True;False;5000;2026-08-24
LU1832115528;JPM Global Healthcare A acc EUR Hdg;JPMorgan Funds - Global Healthcare Fund A (acc) EUR (hedged);JPMorgan Asset Management (Europe) S.à r.l.;Equity;Healthcare Sector Equity;RV Otros;EUR;Luxemburgo;5;;1.8;1.5;7.88;21.47;5.48;1.24;2018-10-09;True;False;35000;2026-08-24
LU0289476318;JPM Global Select Equity A acc EUR Hdg;JPMorgan Investment Funds - Global Select Equity Fund A (acc) EUR (hedged);JPMorgan Asset Management (Europe) S.à r.l.;Equity;Global Equity Large Cap;RV Otros;EUR;Luxemburgo;5;;1.68;1.5;5.93;9.17;13.1;;2022-03-28;True;False;35000;2026-08-24
LU0927678416;JPM Japan Equity A acc EUR Hdg;JPMorgan Funds - Japan Equity Fund A (acc) EUR (hedged);JPMorgan Asset Management (Europe) S.à r.l.;Equity;Japan Equity;RV Otros;EUR;Luxemburgo;6;;;1.5;13.77;21.09;26.16;13.57;2013-12-06;True;False;35000;2026-08-24
LU0927678507;JPM Japan Equity A acc USD Hdg;JPMorgan Funds - Japan Equity Fund A (acc) USD (hedged);JPMorgan Asset Management (Europe) S.à r.l.;Equity;Japan Equity;RV Otros;USD;Luxemburgo;6;;;1.5;15.22;23.58;28.81;16.14;2013-12-06;True;False;35000;2026-08-24
LU2659281708;JPM Mdl Est, Afr & Em Eurp Opps AdisEURH;JPMorgan Funds - Middle East, Africa & Emerging Europe Opportunities Fund A (dist) EUR (H);JPMorgan Asset Management (Europe) S.à r.l.;Equity;Africa Equity;RV Otros;EUR;Luxemburgo;5;;1.8;1.5;10.06;16.39;;;2023-12-14;True;False;;2026-08-24
LU2659281880;JPM Mdl Est, Afr & Em Eurp Opps DaccEURH;JPMorgan Funds - Middle East, Africa & Emerging Europe Opportunities Fund D (acc) EUR (H);JPMorgan Asset Management (Europe) S.à r.l.;Equity;Africa Equity;RV Otros;EUR;Luxemburgo;5;;2.8;1.5;9.35;15.23;;;2023-12-14;True;False;;2026-08-24
LU2053353079;JPM Thmtcs Gentc Thrps A acc EUR Hdg;JPMorgan Funds - Thematics - Genetic Therapies Fund A (acc) EUR (hedged);JPMorgan Asset Management (Europe) S.à r.l.;Equity;Healthcare Sector Equity;RV Otros;EUR;Luxemburgo;6;;0.99;0.72;21.66;49.58;10.37;-4.88;2019-10-24;True;False;35000;2026-08-24
LU2091933452;JPM Thmtcs Gentc Thrps D acc EUR Hdg;JPMorgan Funds - Thematics - Genetic Therapies Fund D (acc) EUR (hedged);JPMorgan Asset Management (Europe) S.à r.l.;Equity;Healthcare Sector Equity;RV Otros;EUR;Luxemburgo;6;;2;0.72;20.89;48.11;9.26;-5.83;2019-12-19;True;False;5000;2026-08-24
LU0284208625;JPM US Growth A acc EUR hedged;JPMorgan Funds - US Growth Fund A (acc) - EUR (hedged);JPMorgan Asset Management (Europe) S.à r.l.;Equity;US Equity Large Cap Growth;RV Otros;EUR;Luxemburgo;6;;1.7;1.5;-1.77;4.02;16.46;6.97;2007-03-15;True;False;35000;2026-08-24
LU0284208971;JPM US Growth D acc EUR hedged;JPMorgan Funds - US Growth Fund D (acc) - EUR (hedged);JPMorgan Asset Management (Europe) S.à r.l.;Equity;US Equity Large Cap Growth;RV Otros;EUR;Luxemburgo;6;;;1.5;-2.21;3.26;15.6;6.18;2007-03-15;True;False;5000;2026-08-24
LU0157182857;JPM US Select Equity A acc EUR Hdg;JPMorgan Investment Funds - US Select Equity Fund A (acc) EUR (hedged);JPMorgan Asset Management (Europe) S.à r.l.;Equity;US Equity Large Cap Blend;RV Otros;EUR;Luxemburgo;6;;1.68;1.5;3.27;8.3;14.13;6.75;2007-03-15;True;False;35000;2026-08-24
LU0157183665;JPM US Select Equity D acc EUR Hdg;JPMorgan Investment Funds - US Select Equity Fund D (acc) EUR (hedged);JPMorgan Asset Management (Europe) S.à r.l.;Equity;US Equity Large Cap Blend;RV Otros;EUR;Luxemburgo;6;;2.21;1.5;2.92;7.73;13.53;6.19;2007-03-15;True;False;5000;2026-08-24
LU0281482918;JPM US Select Equity Plus A acc EUR H;JPMorgan Funds - US Select Equity Plus Fund A (acc) - EUR (hedged);JPMorgan Asset Management (Europe) S.à r.l.;Equity;US Equity Large Cap Blend;RV Otros;EUR;Luxemburgo;6;;1.68;1.5;5.72;11.66;17.35;9.62;2007-07-05;True;False;35000;2026-08-24
LU0281485184;JPM US Select Equity Plus D acc EUR H;JPMorgan Funds - US Select Equity Plus Fund D (acc) - EUR (hedged);JPMorgan Asset Management (Europe) S.à r.l.;Equity;US Equity Large Cap Blend;RV Otros;EUR;Luxemburgo;6;;2.47;1.5;5.19;10.8;16.42;8.73;2007-07-05;True;False;5000;2026-08-24
LU1569815910;JPM US Smaller Companies A acc EUR Hdg;JPMorgan Funds - US Smaller Companies Fund A (acc) - EUR (hedged);JPMorgan Asset Management (Europe) S.à r.l.;Equity;US Equity Small Cap;RV Otros;EUR;Luxemburgo;6;;1.8;1.5;8.83;6.96;4.54;-0.76;2017-02-28;True;False;35000;2026-08-24
LU2560836129;JPM US Technology A acc EUR Hdg;JPMorgan Funds - US Technology Fund A (acc) - EUR (hedged);JPMorgan Asset Management (Europe) S.à r.l.;Equity;Technology Sector Equity;RV Otros;EUR;Luxemburgo;7;;1.72;1.5;6.87;16.13;21.47;;2023-01-09;True;False;35000;2026-08-24
LU0244270301;JPM US Value A acc EUR hedged;JPMorgan Funds - US Value Fund A (acc) - EUR (hedged);JPMorgan Asset Management (Europe) S.à r.l.;Equity;US Equity Large Cap Value;RV Otros;EUR;Luxemburgo;5;;1.7;1.5;14.08;20.5;13.14;6.96;2006-11-13;True;False;35000;2026-08-24
LU0244270723;JPM US Value D acc EUR hedged;JPMorgan Funds - US Value Fund D (acc) - EUR (hedged);JPMorgan Asset Management (Europe) S.à r.l.;Equity;US Equity Large Cap Value;RV Otros;EUR;Luxemburgo;5;;2.47;1.5;13.48;19.57;12.25;6.13;2006-11-13;True;False;5000;2026-08-24
IE0002122038;Janus Henderson Glb Life Scn A2 HEUR;Janus Henderson Capital Funds plc - Global Life Sciences Fund Class A2 HEUR;Janus Henderson Investors;Equity;Healthcare Sector Equity;RV Otros;EUR;Irlanda;6;;2.41;1.5;12.52;36.13;11.65;5.3;2000-03-31;True;False;2500;2026-08-24
IE0002167009;Janus Henderson Glb Tech&Inno A2 HEUR;Janus Henderson Capital Funds plc - Global Technology and Innovation Fund A2 HEUR;Janus Henderson Investors;Equity;Technology Sector Equity;RV Otros;EUR;Irlanda;7;;2.43;1.5;24.07;32.47;28.81;11.06;2000-03-31;True;False;2500;2026-08-24
LU1914905929;Janus Henderson Global Select A2 HEUR;Janus Henderson Global Select Fund A2 HEUR;Janus Henderson Investors;Equity;Global Equity Large Cap;RV Otros;EUR;Luxemburgo;6;;1.66;1.5;9.27;13.51;16.18;4.26;2019-03-08;True;False;2500;2026-08-24
LU2441282972;Janus Henderson Hrzn Biotec A2 HEUR;Janus Henderson Horizon Biotechnology Fund A2 HEUR;Janus Henderson Investors;Equity;Healthcare Sector Equity;RV Otros;EUR;Luxemburgo;6;;5.13;1.2;23.49;74.99;28.39;;2022-02-25;True;False;2500;2026-08-24
LU1983262087;Janus Henderson Hrzn Glb SC A2 HEUR;Janus Henderson Horizon Global Smaller Companies Fund A2 HEUR;Janus Henderson Investors;Equity;Global Equity Mid/Small Cap;RV Otros;EUR;Luxemburgo;;;1.88;1.2;10.56;16.97;;;2024-08-08;True;False;2500;2026-08-24
IE0009531827;Janus Henderson US Forty A2 HEUR;Janus Henderson Capital Funds plc - US Forty Fund Class A2 HEUR;Janus Henderson Investors;Equity;US Equity Large Cap Growth;RV Otros;EUR;Irlanda;6;;2.16;1.25;3.34;8.23;17.07;4.93;1999-12-31;True;False;2500;2026-08-24
LU0966834136;Jupiter European Select L USD Hsc Acc;Jupiter European Select L USD Hsc Acc;Jupiter Asset Management International S.A.;Equity;Europe Equity Large Cap;RV Otros;USD;Luxemburgo;6;;;1.5;15.71;23.15;12.35;5.33;2013-10-02;True;False;500;2026-08-24
LU1809978817;LO Funds World Brands SH USD PA;LO Funds - World Brands Fund Syst. NAV Hdg (USD) P A;Lombard Odier Funds (Europe) SA;Equity;Consumer Goods & Services Sector Equity;RV Otros;USD;Luxemburgo;6;;;1;1.23;0.68;9.48;4.45;2018-06-25;True;False;3000;2026-08-24
IE00BZC0SB97;Lazard Glbl Lstd Infras Eq B Acc USD H;Lazard Global Listed Infrastructure Equity Fund B Acc USD Hedged;Lazard Fund Managers (Ireland) Ltd;Equity;Infrastructure Sector Equity;RV Otros;USD;Irlanda;5;;;1.75;4.86;8.23;14.6;9.32;2016-11-01;True;False;;2026-08-24
LU1797806400;M&G (Lux) Japan A H EUR Acc;M&G (Lux) Japan Fund EUR A-H Acc;M&G Luxembourg S.A.;Equity;Japan Equity;RV Otros;EUR;Luxemburgo;6;;1.72;1.5;23.2;43.3;28.09;24.49;2018-11-06;True;False;;2026-08-24
LU1670627410;M&G (Lux) North Amer Div A H EUR Acc;M&G (Lux) North American Dividend Fund EUR A-H Acc;M&G Luxembourg S.A.;Equity;US Equity Large Cap Blend;RV Otros;EUR;Luxemburgo;6;;1.74;1.5;4.4;10.16;13.95;7.05;2018-11-09;True;False;1000;2026-08-24
LU2864447920;MFS Meridian Contrarian Capital AH1 EUR;MFS Meridian Funds - Contrarian Capital Fund AH1 EUR;MFS Investment Management Company (Lux) S.à.r.l;Equity;Global Equity Large Cap;RV Otros;EUR;Luxemburgo;5;;;1;17.59;21.12;;;2024-11-20;True;False;;2026-08-24
LU1985811865;MFS Meridian Contrarian Value AH1 EUR;MFS Meridian Funds - Contrarian Value AH1 EUR;MFS Investment Management Company (Lux) S.à.r.l;Equity;Global Equity Large Cap;RV Otros;EUR;Luxemburgo;6;;;1;19.88;22.26;20.61;12.1;2019-08-21;True;False;;2026-08-24
LU0982389214;MFS Meridian European Research AH1 USD;MFS Meridian Funds - European Research Fund AH1 USD;MFS Investment Management Company (Lux) S.à.r.l;Equity;Europe Equity Large Cap;RV Otros;USD;Luxemburgo;5;;1.99;1.05;13.88;18.17;13.24;7.63;2013-11-13;True;False;5000;2026-08-24
LU0947761044;MFS Meridian European Value AH1 USD;MFS Meridian Funds - European Value Fund AH1 USD;MFS Investment Management Company (Lux) S.à.r.l;Equity;Europe Equity Large Cap;RV Otros;USD;Luxemburgo;5;;1.94;1.05;14.18;17.16;11.17;6.12;2013-08-19;True;False;5000;2026-08-24
LU1625124802;MFS Meridian Global Equity AH1 EUR;MFS Meridian Funds - Global Equity Fund AH1 EUR;MFS Investment Management Company (Lux) S.à.r.l;Equity;Global Equity Large Cap;RV Otros;EUR;Luxemburgo;5;;1.94;1.05;5.22;8.16;7.7;0.98;2017-07-03;True;False;4000;2026-08-24
LU0583241160;MFS Meridian US Value AH1 EUR;MFS Meridian Funds - U.S. Value Fund AH1 EUR;MFS Investment Management Company (Lux) S.à.r.l;Equity;US Equity Large Cap Value;RV Otros;EUR;Luxemburgo;5;;1.96;1.05;9.06;11.89;10.42;4.34;2011-02-01;True;False;4000;2026-08-24
LU1378879248;MS INVF Asia Opportunity AH EUR;Morgan Stanley Investment Funds - Asia Opportunity Fund AH (EUR);MSIM Fund Management (Ireland) Limited;Equity;Asia ex-Japan Equity;RV Otros;EUR;Luxemburgo;6;;1.92;1.6;11.22;7.74;9.29;-2.43;2016-03-31;True;False;0;2026-08-24
LU0815264352;MS INVF Emerging Leaders Equity AH EUR;Morgan Stanley Investment Funds - Emerging Leaders Equity Fund AH (EUR);MSIM Fund Management (Ireland) Limited;Equity;Global Emerging Markets Equity;RV Otros;EUR;Luxemburgo;6;;2.21;1.9;7.21;11.18;7.86;-5.18;2012-08-17;True;False;0;2026-08-24
LU0335216932;MS INVF Global Brands AH EUR;Morgan Stanley Investment Funds - Global Brands Fund AH (EUR);MSIM Fund Management (Ireland) Limited;Equity;Global Equity Large Cap;RV Otros;EUR;Luxemburgo;5;;1.87;1.6;-6.12;-11.91;0.37;-1.64;2008-01-14;True;False;0;2026-08-24
LU0552899998;MS INVF Global Brands AHX EUR;Morgan Stanley Investment Funds - Global Brands Fund AHX (EUR);MSIM Fund Management (Ireland) Limited;Equity;Global Equity Large Cap;RV Otros;EUR;Luxemburgo;5;;1.87;1.6;-6.11;-11.88;0.36;-1.65;2010-10-25;True;False;0;2026-08-24
LU0868754382;MS INVF Global Insight AH (EUR);Morgan Stanley Investment Funds - Global Insight Fund AH (EUR);MSIM Fund Management (Ireland) Limited;Equity;Global Equity Large Cap;RV Otros;EUR;Luxemburgo;7;;1.86;1.6;-4.88;-2.55;22.89;-5.18;2019-03-27;True;False;0;2026-08-24
LU0552385618;MS INVF Global Opportunity AH EUR;Morgan Stanley Investment Funds - Global Opportunity Fund AH (EUR);MSIM Fund Management (Ireland) Limited;Equity;Global Equity Large Cap;RV Otros;EUR;Luxemburgo;6;;1.87;1.6;3.31;2.13;16.47;2.03;2010-11-30;True;False;0;2026-08-24
LU0955011506;MS INVF Global Quality AH EUR;Morgan Stanley Investment Funds - Global Quality Fund AH (EUR);MSIM Fund Management (Ireland) Limited;Equity;Global Equity Large Cap;RV Otros;EUR;Luxemburgo;5;;1.87;1.6;1.71;-2.28;4.46;0.04;2013-08-01;True;False;0;2026-08-24
LU1905620776;MS INVF Global Quality Select AH EUR Acc;Morgan Stanley Investment Funds - Global Quality Select Fund AH EUR Acc;MSIM Fund Management (Ireland) Limited;Equity;Global Equity Large Cap;RV Otros;EUR;Luxemburgo;5;;1.77;1.5;1.41;-2.58;5.62;0.54;2018-11-16;True;False;0;2026-08-24
LU0512092221;MS INVF QuantActive Global Infra AH EUR;Morgan Stanley Investment Funds - QuantActive Global Infrastructure Fund AH (EUR);MSIM Fund Management (Ireland) Limited;Equity;Infrastructure Sector Equity;RV Otros;EUR;Luxemburgo;5;;1.51;1.25;7.86;7.34;10.19;2.93;2010-06-14;True;False;0;2026-08-24
LU0266117927;MS INVF US Advantage AH EUR;Morgan Stanley Investment Funds - US Advantage Fund AH (EUR);MSIM Fund Management (Ireland) Limited;Equity;US Equity Large Cap Growth;RV Otros;EUR;Luxemburgo;7;;1.67;1.4;-6.68;-5.16;17.44;-5.64;2006-10-31;True;False;0;2026-08-24
LU0266117414;MS INVF US Growth AH EUR;Morgan Stanley Investment Funds - US Growth Fund AH (EUR);MSIM Fund Management (Ireland) Limited;Equity;US Equity Large Cap Growth;RV Otros;EUR;Luxemburgo;7;;;1.4;-6.77;-3.21;21.54;-6.11;2006-10-31;True;False;0;2026-08-24
IE00B5648R31;Man Jpn CoreAlpha Eq D H EUR;Man Funds plc - Man Japan CoreAlpha Equity D H EUR;Man Asset Management (Ireland) Limited;Equity;Japan Equity;RV Otros;EUR;Irlanda;6;;1.72;1.5;24.05;44.49;31.11;27.95;2010-03-02;True;False;1000;2026-08-24
IE00B56CKP98;Man Jpn CoreAlpha Eq D H USD;Man Funds plc - Man Japan CoreAlpha Equity D H USD;Man Asset Management (Ireland) Limited;Equity;Japan Equity;RV Otros;USD;Irlanda;6;;1.72;1.5;25.52;47.39;33.56;30.46;2010-02-02;True;False;1000;2026-08-24
LU0980140122;Mandarine Unique S&M Caps Europe R USD H EUR;Mandarine Funds - Mandarine Unique Small & Mid Caps Europe R (USD) H EUR;Mandarine Gestion;Equity;Europe Equity Mid/Small Cap;RV Otros;EUR;Luxemburgo;6;;;1.95;5.59;5.26;5.26;0.38;2013-10-22;True;False;;2026-08-24
LU0701410945;March Intl The Family Businesses A-USD H;March International The Family Businesses Fund Class A-USD hedged;March Asset Management SGIIC;Equity;Global Equity Large Cap;RV Otros;USD;Luxemburgo;5;;;2;9.4;11.44;6.74;4.28;2012-09-12;True;False;;2026-08-24
LU1381420600;Mirae Asset ESG Asia Grt Cnsmr Eq A EURH;Mirae Asset Global Discovery Fund - ESG Asia Great Consumer Equity Fund A EUR Hedged Capitalization;Mirae Asset Global Investments (HK) Ltd;Equity;Asia ex-Japan Equity;RV Otros;EUR;Luxemburgo;6;;;2;22.06;24.71;11;-4.61;2016-09-21;True;False;2500;2026-08-24
IE00BMPRXP56;Neuberger Next Gen Cnnctvity EUR AAcc;Neuberger Next Generation Connectivity Fund EUR A Accumulating Class;Neuberger Berman Asset Management Ireland Limited;Equity;Technology Sector Equity;RV Otros;EUR;Irlanda;6;;1.83;1.7;37.3;57.46;39.89;12.46;2020-05-13;True;False;1000;2026-08-24
LU1770034509;Ninety One GSF All China Eq A Acc EUR H;Ninety One Global Strategy Fund - All China Equity Fund A Acc EUR Hedged(Reference);Ninety One Luxembourg S.A.;Equity;Greater China Equity;RV Otros;EUR;Luxemburgo;6;;;1.5;3.75;13.66;16.17;-0.71;2018-02-22;True;False;3000;2026-08-24
LU1578889864;Ninety One GSF Glb Gold A Acc EUR H;Ninety One Global Strategy Fund - Global Gold Fund A Acc EUR Hedged(Reference);Ninety One Luxembourg S.A.;Equity;Precious Metals Sector Equity;RV Otros;EUR;Luxemburgo;7;;;1.5;15.3;83.97;54.62;25.64;2017-03-24;True;False;3000;2026-08-24
IE00B4NF1620;Nomura Fds Japan Strategic Value A EUR H;Nomura Funds Ireland plc - Japan Strategic Value Fund Class A EUR Hedged;Nomura Asset Management U.K. Limited;Equity;Japan Equity;RV Otros;EUR;Irlanda;6;;1.57;1.4;10.94;25.5;26.11;22.76;2013-05-15;True;False;5000;2026-08-24
LU0278529986;Nordea 1 - Global Stable Eq EUR H BP EUR;Nordea 1 - Global Stable Equity EUR Hedged BP EUR;Nordea Investment Funds SA;Equity;Equity Miscellaneous;RV Otros;EUR;Luxemburgo;4;;1.8;1.5;7.23;8.5;7.77;4.25;2007-03-05;True;False;0;2026-08-24
FR0012224640;Oddo BHF Avenir Europe CR USD H;Oddo BHF Avenir Europe CR USD H;ODDO BHF Asset Management SAS;Equity;Europe Equity Mid/Small Cap;RV Otros;USD;Francia;6;;;2;9.34;13.69;9.21;1.84;2015-03-11;True;False;100;2026-08-24
IE00BKRC1166;PIMCO GIS StocksPLUS E EUR H Acc;PIMCO GIS plc - StocksPLUS™ Fund E EUR (Hedged) Accumulation;PIMCO Global Advisors (Ireland) Limited;Equity;US Equity Large Cap Blend;RV Otros;EUR;Irlanda;6;;;2.5;10.83;18.41;18.4;8.5;2017-08-02;True;False;5000;2026-08-24
LU1279334996;Pictet - Robotics HP EUR;Pictet - Robotics HP EUR;Pictet Asset Management (Europe) SA;Equity;Technology Sector Equity;RV Otros;EUR;Luxemburgo;7;;2.02;2.4;21.75;40.39;26.23;10.59;2015-10-07;True;False;0;2026-08-24
LU0190161025;Pictet-Biotech HP EUR;Pictet-Biotech HP EUR;Pictet Asset Management (Europe) SA;Equity;Healthcare Sector Equity;RV Otros;EUR;Luxemburgo;7;;2.04;2.4;20.94;67.89;25.41;8.59;2004-06-30;True;False;0;2026-08-24
LU0650147779;Pictet-Clean Energy Transition HP EUR;Pictet-Clean Energy Transition HP EUR;Pictet Asset Management (Europe) SA;Equity;Energy Sector Equity;RV Otros;EUR;Luxemburgo;6;;2.03;2.4;22.65;34.73;18.36;7.06;2017-12-22;True;False;0;2026-08-24
LU0474967303;Pictet-Digital HP EUR;Pictet-Digital HP EUR;Pictet Asset Management (Europe) SA;Equity;Technology Sector Equity;RV Otros;EUR;Luxemburgo;6;;2.03;2.4;13.23;19.63;23.64;6.37;2015-12-14;True;False;0;2026-08-24
LU0474970190;Pictet-Global Megatrend Sel HP EUR;Pictet-Global Megatrend Selection HP EUR;Pictet Asset Management (Europe) SA;Equity;Global Equity Large Cap;RV Otros;EUR;Luxemburgo;6;;2.04;2.4;8.16;12.66;10.35;0.63;2011-06-09;True;False;0;2026-08-24
LU0650148314;Pictet-Japanese Equity Opps HP EUR;Pictet-Japanese Equity Opportunities HP EUR;Pictet Asset Management (Europe) SA;Equity;Japan Equity;RV Otros;EUR;Luxemburgo;6;;1.61;1.8;18.95;32.41;23.82;17.69;2013-04-11;True;False;0;2026-08-24
LU0248320664;Pictet-Longevity HP EUR;Pictet-Longevity HP EUR;Pictet Asset Management (Europe) SA;Equity;Healthcare Sector Equity;RV Otros;EUR;Luxemburgo;6;;2.05;2.4;-9.02;-8.14;-2.53;-6.25;2006-03-22;True;False;0;2026-08-24
LU0650148827;Pictet-Security HP EUR;Pictet-Security HP EUR;Pictet Asset Management (Europe) SA;Equity;Global Equity Large Cap;RV Otros;EUR;Luxemburgo;6;;2.03;2.4;22.87;20.12;15.56;1.7;2016-10-27;True;False;0;2026-08-24
LU0592905250;Pictet-USA Index HP EUR;Pictet-USA Index HP EUR;Pictet Asset Management (Europe) SA;Equity;US Equity Large Cap Blend;RV Otros;EUR;Luxemburgo;6;;0.48;0.45;10.46;17.3;18.63;9.5;2019-06-04;True;True;0;2026-08-24
IE00BZ4D7648;Polar Capital Global Tech R EUR Hdg Acc;Polar Capital Funds PLC - Polar Capital Global Technology Fund R EUR Hedged Accumulation;Polar Capital LLP;Equity;Technology Sector Equity;RV Otros;EUR;Irlanda;7;;;1.5;47.17;81.86;48.67;20.21;2017-05-17;True;False;0;2026-08-24
IE00BTN23623;Polar Capital Global Tech R EUR Hdg Inc;Polar Capital Funds PLC - Polar Capital Global Technology Fund R EUR Hedged Income;Polar Capital LLP;Equity;Technology Sector Equity;RV Otros;EUR;Irlanda;7;;;1.5;47.18;81.87;48.65;20.17;2015-01-19;True;False;0;2026-08-24
IE00B7G7VV19;Polar Capital Japan Value R Euro Hedged;Polar Capital Funds PLC - Polar Capital Japan Value Fund Class R Euro Hedged;Polar Capital LLP;Equity;Japan Equity;RV Otros;EUR;Irlanda;5;;;1.35;29.32;48.6;33.83;26.23;2012-10-31;True;False;0;2026-08-24
IE00B88DDG32;Polar Capital Japan Value R US Dllr Hdg;Polar Capital Funds PLC - Polar Capital Japan Value Fund Class R US Dollar Hedged;Polar Capital LLP;Equity;Japan Equity;RV Otros;USD;Irlanda;5;;;1.35;30.75;51.56;36.37;28.63;2012-10-31;True;False;0;2026-08-24
IE00B5NJSL59;Polar Capital North American R EUR Hdg;Polar Capital Funds PLC - Polar Capital North American Fund Class R EUR Hedged;Polar Capital LLP;Equity;US Equity Large Cap Blend;RV Otros;EUR;Irlanda;6;;;1.25;14.38;15.69;16.44;7.12;2011-11-15;True;False;0;2026-08-24
IE00B99MMG94;Polen Capital Focus US Gr EUR Retail;Polen Capital Investment Funds plc - Polen Capital Focus U.S. Growth Fund EUR Class (Retail);Polen Capital Management, LLC;Equity;US Equity Large Cap Growth;RV Otros;EUR;Irlanda;6;;1.59;1.5;-9.34;-9.69;3.96;-4.58;2017-06-08;True;False;;2026-08-24
LU1549401203;Robeco BP Global Premium Eqs DH EUR;Robeco BP Global Premium Equities DH EUR;Robeco Institutional Asset Management BV;Equity;Global Equity Large Cap;RV Otros;EUR;Luxemburgo;5;;1.47;1.25;13.39;20.37;18.86;12.19;2017-01-19;True;False;0;2026-08-24
LU0510167264;Robeco BP US Large Cap Equities DH €;Robeco BP US Large Cap Equities DH €;Robeco Institutional Asset Management BV;Equity;US Equity Large Cap Value;RV Otros;EUR;Luxemburgo;6;;1.46;1.25;18.17;25.42;16.86;9.81;2010-05-28;True;False;0;2026-08-24
LU0320896664;Robeco BP US Premium Equities DH €;Robeco BP US Premium Equities DH €;Robeco Institutional Asset Management BV;Equity;US Equity Large Cap Value;RV Otros;EUR;Luxemburgo;6;;1.71;1.5;15.9;22.41;13.87;8.07;2005-12-03;True;False;0;2026-08-24
LU0674140040;Robeco BP US Select Opports Eqs DH €;Robeco BP US Select Opportunities Equities DH €;Robeco Institutional Asset Management BV;Equity;US Equity Mid Cap;RV Otros;EUR;Luxemburgo;6;;1.72;1.5;13.83;14.34;12.3;6.63;2011-09-19;True;False;0;2026-08-24
LU1834769124;Robeco Global Consumer Trends Eqs DH €;Robeco Global Consumer Trends Equities DH €;Robeco Institutional Asset Management BV;Equity;Global Equity Large Cap;RV Otros;EUR;Luxemburgo;5;;1.71;1.5;3.02;2.31;10.37;-1.35;2018-08-02;True;False;0;2026-08-24
LU0955665376;Schroder ISF Asn Div Mxmsr A Dis €HMF;Schroder International Selection Fund Asian Dividend Maximiser A Distribution EUR Hedged MF;Schroder Investment Management (Europe) S.A.;Equity;Asia ex-Japan Equity;RV Otros;EUR;Luxemburgo;5;;2.01;1.5;23.24;34.69;20.05;8.42;2013-09-18;True;False;1000;2026-08-24
LU0228659784;Schroder ISF BIC A Acc USD;Schroder International Selection Fund BIC (Brazil India China) A Accumulation USD;Schroder Investment Management (Europe) S.A.;Equity;Global Emerging Markets Equity;RV Otros;USD;Luxemburgo;6;;1.84;1.5;-5.45;2.41;8.23;-3.04;2005-10-31;True;False;1000;2026-08-24
LU1015429985;Schroder ISF EURO Equity A Acc GBP Hdg;Schroder International Selection Fund EURO Equity A Accumulation GBP Hedged;Schroder Investment Management (Europe) S.A.;Equity;Europe Equity Large Cap;RV Otros;GBP;Luxemburgo;6;;1.87;1.5;12.09;15.7;17.42;8.37;2014-02-05;True;False;;2026-08-24
LU0947062542;Schroder ISF Em Mkts A Acc EUR Hdg;Schroder International Selection Fund Emerging Markets A Accumulation EUR Hedged;Schroder Investment Management (Europe) S.A.;Equity;Global Emerging Markets Equity;RV Otros;EUR;Luxemburgo;6;;;1.5;25.67;46.43;23.66;6.15;2013-07-10;True;False;1000;2026-08-24
LU0306804302;Schroder ISF Glb Clmt Chg Eq A Acc EUR H;Schroder International Selection Fund Global Climate Change Equity A Accumulation EUR Hedged;Schroder Investment Management (Europe) S.A.;Equity;Global Equity Large Cap;RV Otros;EUR;Luxemburgo;6;;1.86;1.5;8.19;15.73;11.26;0.84;2007-10-12;True;False;1000;2026-08-24
LU0867894346;Schroder ISF Glb Div Mxmsr A Acc EUR H;Schroder International Selection Fund Global Dividend Maximiser A Accumulation EUR Hedged;Schroder Investment Management (Europe) S.A.;Equity;Global Equity Large Cap;RV Otros;EUR;Luxemburgo;5;;;1.5;16.63;22.79;13.98;7.86;2013-01-23;True;False;1000;2026-08-24
LU0671501129;Schroder ISF Glb Div Mxmsr A Dis€HQF;Schroder International Selection Fund Global Dividend Maximiser A Distribution EUR Hedged QF;Schroder Investment Management (Europe) S.A.;Equity;Global Equity Large Cap;RV Otros;EUR;Luxemburgo;5;;;1.5;16.65;22.79;13.97;7.87;2011-09-21;True;False;1000;2026-08-24
LU2016064623;Schroder ISF Glbl Alt Engy A Acc CHF H;Schroder International Selection Fund Global Alternative Energy A Accumulation CHF Hedged;Schroder Investment Management (Europe) S.A.;Equity;Energy Sector Equity;RV Otros;CHF;Luxemburgo;6;;1.87;1.5;5.21;14.03;-2.46;-6.98;2019-07-10;True;False;1000;2026-08-24
LU2016064201;Schroder ISF Glbl Alt Engy A Acc EUR H;Schroder International Selection Fund Global Alternative Energy A Accumulation EUR Hedged;Schroder Investment Management (Europe) S.A.;Equity;Energy Sector Equity;RV Otros;EUR;Luxemburgo;6;;1.87;1.5;6.83;16.69;-0.26;-5.59;2019-07-10;True;False;1000;2026-08-24
LU0671501558;Schroder ISF Global Energy A Acc EUR H;Schroder International Selection Fund Global Energy A Accumulation EUR Hedged;Schroder Investment Management (Europe) S.A.;Equity;Energy Sector Equity;RV Otros;EUR;Luxemburgo;6;;1.89;1.5;45.07;56.36;16.69;22.59;2011-09-07;True;False;1000;2026-08-24
LU1223083673;Schroder ISF Global Gold A Acc CHF;Schroder International Selection Fund Global Gold A Accumulation CHF Hedged;Schroder Investment Management (Europe) S.A.;Equity;Precious Metals Sector Equity;RV Otros;CHF;Luxemburgo;7;;1.88;1.5;15.31;83.42;59.78;27.57;2016-06-29;True;False;;2026-08-24
LU1223083087;Schroder ISF Global Gold A Acc EUR;Schroder International Selection Fund Global Gold A Accumulation EUR Hedged;Schroder Investment Management (Europe) S.A.;Equity;Precious Metals Sector Equity;RV Otros;EUR;Luxemburgo;7;;1.88;1.5;17.31;88.11;63.69;29.88;2016-06-29;True;False;1000;2026-08-24
LU0334662938;Schroder ISF Hong Kong Eq B Acc EUR Hdg;Schroder International Selection Fund Hong Kong Equity B Accumulation EUR Hedged;Schroder Investment Management (Europe) S.A.;Equity;Greater China Equity;RV Otros;EUR;Luxemburgo;6;;;1.5;-1.37;3.67;5.85;-3.45;2007-12-14;True;False;1000;2026-08-24
LU0236737465;Schroder ISF Japanese Eq A Acc EUR Hdg;Schroder International Selection Fund Japanese Equity A Accumulation EUR Hedged;Schroder Investment Management (Europe) S.A.;Equity;Japan Equity;RV Otros;EUR;Luxemburgo;6;;1.62;1.25;17.04;29.45;21.36;15.28;2005-12-16;True;False;1000;2026-08-24
LU0903425923;Schroder ISF Japanese Eq A Acc USD Hdg;Schroder International Selection Fund Japanese Equity A Accumulation USD Hedged;Schroder Investment Management (Europe) S.A.;Equity;Japan Equity;RV Otros;USD;Luxemburgo;6;;1.61;1.25;18.49;32.09;23.56;17.58;2013-03-27;True;False;1000;2026-08-24
LU0943301571;Schroder ISF Jpn Opports A Acc EUR Hdg;Schroder International Selection Fund Japanese Opportunities A Accumulation EUR Hedged;Schroder Investment Management (Europe) S.A.;Equity;Japan Equity;RV Otros;EUR;Luxemburgo;6;;;1.5;22.6;38.69;26.23;20.92;2013-06-26;True;False;1000;2026-08-24
LU1015430058;Schroder ISF Swiss Equity A Acc EUR Hdg;Schroder International Selection Fund Swiss Equity A Accumulation EUR Hedged;Schroder Investment Management (Europe) S.A.;Equity;Europe Equity Large Cap;RV Otros;EUR;Luxemburgo;5;;1.61;1.25;9.76;14.18;10.88;3.33;2014-02-05;True;False;1000;2026-08-24
LU0271483876;Schroder ISF US Large Cap A Acc EUR Hdg;Schroder International Selection Fund US Large Cap A Accumulation EUR Hedged;Schroder Investment Management (Europe) S.A.;Equity;US Equity Large Cap Blend;RV Otros;EUR;Luxemburgo;5;;;1.25;4.96;10.3;17.64;9.37;2006-10-20;True;False;1000;2026-08-24
LU0334663233;Schroder ISF US S&M-Cap Eq A Acc EUR Hdg;Schroder International Selection Fund US Small & Mid-Cap Equity A Accumulation EUR Hedged;Schroder Investment Management (Europe) S.A.;Equity;US Equity Mid Cap;RV Otros;EUR;Luxemburgo;6;;;1.5;17.73;30.06;11.21;4.41;2007-12-14;True;False;1000;2026-08-24
IE00BD8DY654;Seilern America EUR H R;Seilern America EUR H R;Seilern International AG;Equity;US Equity Large Cap Growth;RV Otros;EUR;Irlanda;6;;1.68;1.5;-4.99;-6.05;1.99;-2.37;2016-09-15;True;False;500;2026-08-24
IE0031724234;Seilern World Growth EUR H R;Seilern World Growth EUR H R;Seilern International AG;Equity;Global Equity Large Cap;RV Otros;EUR;Irlanda;6;;1.64;1.5;-3.5;-4.34;-0.39;-4.32;2002-03-28;True;False;500;2026-08-24
IE00B5NLJK73;Seilern World Growth USD H R;Seilern World Growth USD H R;Seilern International AG;Equity;Global Equity Large Cap;RV Otros;USD;Irlanda;6;;1.62;1.5;-2.26;-2.26;1.75;-1.97;2001-06-29;True;False;500;2026-08-24
LU1860996138;T. Rowe Price Glb Foc Gr Eq An EUR;T. Rowe Price Funds SICAV - Global Focused Growth Equity Fund An (EUR);T. Rowe Price (Luxembourg) Management S.à r.l.;Equity;Global Equity Large Cap;RV Otros;EUR;Luxemburgo;6;;1.7;1.6;15.87;27.78;19.12;5.49;2018-08-06;True;False;1000;2026-08-24
LU1602119973;T. Rowe Price Glb Tech Eq Ah (EUR);T. Rowe Price Funds SICAV - Global Technology Equity Fund Ah (EUR);T. Rowe Price (Luxembourg) Management S.à r.l.;Equity;Technology Sector Equity;RV Otros;EUR;Luxemburgo;7;;1.85;1.75;32.28;47.19;33.38;5.07;2017-04-28;True;False;1000;2026-08-24
LU1770377700;T. Rowe Price US Blue Chip Eq An EUR;T. Rowe Price Funds SICAV - US Blue Chip Equity Fund An (EUR);T. Rowe Price (Luxembourg) Management S.à r.l.;Equity;US Equity Large Cap Growth;RV Otros;EUR;Luxemburgo;6;;1.63;1.5;-1.92;5.48;18.64;5.18;2018-02-20;True;False;1000;2026-08-24
LU1582221328;T. Rowe Price US Smlr Cm Eq An (EUR);T. Rowe Price Funds SICAV - US Smaller Companies Equity Fund An (EUR);T. Rowe Price (Luxembourg) Management S.à r.l.;Equity;US Equity Small Cap;RV Otros;EUR;Luxemburgo;6;;1.71;1.6;15.01;20.82;10.77;3.3;2017-05-10;True;False;1000;2026-08-24
LU2858665453;T. Rowe Price US Struct Rsh Eq An EUR;T. Rowe Price Funds SICAV - US Structured Research Equity Fund An (EUR);T. Rowe Price (Luxembourg) Management S.à r.l.;Equity;US Equity Large Cap Blend;RV Otros;EUR;Luxemburgo;6;;0.86;0.75;10.84;18.15;;;2024-08-09;True;False;0;2026-08-24
LU0316493583;Templeton Asian Growth A(acc)EUR-H1;Templeton Asian Growth Fund A(acc)EUR-H1;Franklin Templeton International Services S.à r.l.;Equity;Asia ex-Japan Equity;RV Otros;EUR;Luxemburgo;6;;2.1;1.85;33.27;47.69;22.66;5.05;2007-09-03;True;False;;2026-08-24
LU0626262082;Templeton Emerging Markets A(acc)EUR-H1;Templeton Emerging Markets Fund A(acc)EUR-H1;Franklin Templeton International Services S.à r.l.;Equity;Global Emerging Markets Equity;RV Otros;EUR;Luxemburgo;6;;1.98;1.65;29.81;49.32;26.17;8.82;2011-05-27;True;False;;2026-08-24
LU0496363770;Templeton Frontier Markets A(acc)EUR-H1;Templeton Frontier Markets Fund A(acc)EUR-H1;Franklin Templeton International Services S.à r.l.;Equity;Global Emerging Markets Equity;RV Otros;EUR;Luxemburgo;6;;2.52;2.1;14.49;16.51;17.88;8.54;2010-03-31;True;False;;2026-08-24
LU0277301916;UBAM 30 Global Leaders Equity AHC USD;UBAM - 30 Global Leaders Equity AHC USD;UBP Asset Management (Europe) S.A.;Equity;Global Equity Large Cap;RV Otros;USD;Luxemburgo;6;;;1.5;3.92;6.29;8.27;2.74;2006-12-12;True;False;0;2026-08-24
LU0352162191;UBAM Swiss Equity AHC EUR;UBAM - Swiss Equity AHC EUR;UBP Asset Management (Europe) S.A.;Equity;Europe Equity Large Cap;RV Otros;EUR;Luxemburgo;6;;1.38;1;9.29;12.75;12.57;1.51;2010-02-03;True;False;0;2026-08-24
LU2000522420;UBS (Lux) EF China Oppo(USD) P EUR H acc;UBS (Lux) Equity Fund - China Opportunity (USD) P EUR Hedged acc;UBS Asset Management (Europe) S.A.;Equity;Greater China Equity;RV Otros;EUR;Luxemburgo;7;;2.43;1.91;-8.53;-8.84;4.29;-6.23;2019-05-31;True;False;;2026-08-24
LU0763739140;UBS (Lux) EF Greater China (USD) EURH P;UBS (Lux) Equity Fund - Greater China (USD) (EUR hedged) P-acc;UBS Asset Management (Europe) S.A.;Equity;Greater China Equity;RV Otros;EUR;Luxemburgo;6;;2.45;1.91;-5.42;-3.08;7.72;-3.42;2012-04-02;True;False;0;2026-08-24
LU0804734787;UBS (Lux) EF Tech Opp (USD) EURH P acc;UBS (Lux) Equity Fund - Tech Opportunity (USD) (EUR hedged) P-acc;UBS Asset Management (Europe) S.A.;Equity;Technology Sector Equity;RV Otros;EUR;Luxemburgo;7;;2.16;1.67;15.87;25.63;20.49;5.59;2012-10-04;True;False;0;2026-08-24
LU0611173930;UBS (Lux) ES Global Hi Div $ EURH P-acc;UBS (Lux) Equity SICAV - Global High Dividend (USD) (EUR hedged) P-acc;UBS Asset Management (Europe) S.A.;Equity;Global Equity Large Cap;RV Otros;EUR;Luxemburgo;5;;1.61;1.24;24.58;31.53;18.05;10.2;2011-04-15;True;False;0;2026-08-24
LU0511785726;UBS (Lux) ES USA Growth $ EUR H P-acc;UBS (Lux) Equity SICAV - USA Growth (USD) (EUR hedged) P-acc;UBS Asset Management (Europe) S.A.;Equity;US Equity Large Cap Growth;RV Otros;EUR;Luxemburgo;6;;2.14;1.67;3.97;9.4;18.47;7.07;2010-06-17;True;False;0;2026-08-24
LU1683285321;UBS Lux Dgtl Hlth Eq Fd EUR H P acc;UBS (Lux) Investment SICAV 2 - UBS (Lux) Digital Health Equity Fund (EUR hedged) P acc;UBS Asset Management (Europe) S.A.;Equity;Healthcare Sector Equity;RV Otros;EUR;Luxemburgo;7;;;2.02;6.35;12.32;2.96;-10.01;2017-12-14;True;False;0;2026-08-24
LU1594283548;UBS Lux Glb Qul Div Eq Fd EUR H P dist;UBS (Lux) Investment SICAV 2 - UBS (Lux) Global Quality Dividend Equity Fund (EUR hedged) P dist;UBS Asset Management (Europe) S.A.;Equity;Global Equity Large Cap;RV Otros;EUR;Luxemburgo;5;;1.95;2.02;21.41;28.36;20.63;10.27;2017-08-23;True;False;0;2026-08-24
LU1692116715;UBS Lux Infras Eq Fd EUR H P acc;UBS (Lux) Investment SICAV 2 - UBS (Lux) Infrastructure Equity Fund (EUR hedged) P acc;UBS Asset Management (Europe) S.A.;Equity;Infrastructure Sector Equity;RV Otros;EUR;Luxemburgo;5;;;2.02;7.59;6.54;9.56;1.8;2017-12-14;True;False;0;2026-08-24
LU1430036803;UBS Lux Rbtc and Atmtn Eq CHF H P acc;UBS (Lux) Investment SICAV 2 - UBS (Lux) Robotics and Automation Equity Fund (CHF hedged) P acc;UBS Asset Management (Europe) S.A.;Equity;Technology Sector Equity;RV Otros;CHF;Luxemburgo;6;;1.93;2.02;13.67;19.11;9.65;-1.5;2017-07-13;True;False;0;2026-08-24
LU1430036985;UBS Lux Rbtc and Atmtn Eq EUR H P acc;UBS (Lux) Investment SICAV 2 - UBS (Lux) Robotics and Automation Equity Fund (EUR hedged) P acc;UBS Asset Management (Europe) S.A.;Equity;Technology Sector Equity;RV Otros;EUR;Luxemburgo;6;;1.93;2.02;15.04;21.48;12.01;0.01;2017-03-31;True;False;0;2026-08-24
LU0909472069;UBS Lux Sec Eq Fd EUR H P acc;UBS (Lux) Investment SICAV 2 - UBS (Lux) Security Equity Fund (EUR hedged) P acc;UBS Asset Management (Europe) S.A.;Equity;Global Equity Mid/Small Cap;RV Otros;EUR;Luxemburgo;6;;;2.02;10.55;10.44;14.24;4.37;2013-05-02;True;False;0;2026-08-24
IE00B1G3DH73;Vanguard U.S. 500 Stk Idx € H Acc;Vanguard U.S. 500 Stock Index Fund EUR Hedged Acc;Vanguard Group (Ireland) Limited;Equity;US Equity Large Cap Blend;RV Otros;EUR;Irlanda;6;;0.1;0.1;11;18.64;18.97;10;2006-10-31;True;True;1000000;2026-08-24
LU0218912235;Vontobel Emerging Markets Eq H Hdg EUR;Vontobel Fund - Emerging Markets Equity H (hedged) EUR Cap;Vontobel Asset Management S.A.;Equity;Global Emerging Markets Equity;RV Otros;EUR;Luxemburgo;6;;2.14;1.65;21.6;35.57;13.23;0.89;2005-12-02;True;False;0;2026-08-24
LU0218911690;Vontobel Global Equity H Hedged EUR;Vontobel Fund - Global Equity H (hedged) EUR Cap;Vontobel Asset Management S.A.;Equity;Global Equity Large Cap;RV Otros;EUR;Luxemburgo;5;;2.02;1.65;-4.16;-6.59;4.34;-1.01;2007-11-02;True;False;0;2026-08-24
LU0218912151;Vontobel US Equity H Hdg EUR;Vontobel Fund - US Equity H (hedged) EUR Cap;Vontobel Asset Management S.A.;Equity;US Equity Large Cap Blend;RV Otros;EUR;Luxemburgo;5;;2.14;1.65;-8.44;-10.38;4.42;1.42;2006-01-10;True;False;0;2026-08-24
LU1646585114;Vontobel mtx Em Mkts Ldrs H (hedged);Vontobel Fund - mtx Emerging Markets Leaders H (hedged) EUR Cap;Vontobel Asset Management S.A.;Equity;Global Emerging Markets Equity;RV Otros;EUR;Luxemburgo;5;;2.07;2;23.58;39.24;20.66;4.72;2017-08-11;True;False;0;2026-08-24
LU1804833579;Wellington Asia Tech EUR D AccH;Wellington Asia Technology Fund EUR D AcH;Wellington Luxembourg S.à r.l.;Equity;Technology Sector Equity;RV Otros;EUR;Luxemburgo;6;;2.14;0.9;32.63;55.02;31.43;10.48;2018-06-21;True;False;5000;2026-08-24
LU1848873714;abrdn-China A Share Sust Eq A Acc HEUR;abrdn SICAV I - China A Share Sustainable Equity Fund A Acc Hedged EUR;abrdn Investments Luxembourg S.A.;Equity;Greater China Equity;RV Otros;EUR;Luxemburgo;6;;;1.75;7.67;20.71;6.97;-4.73;2018-07-25;True;False;1000;2026-08-24
LU0505663400;abrdn-Future Minerals A Acc HEUR;abrdn SICAV I - Future Minerals Fund A Acc Hedged EUR;abrdn Investments Luxembourg S.A.;Equity;Natural Resources Sector Equity;RV Otros;EUR;Luxemburgo;6;;;1.5;21.77;53.33;17.71;9.58;2010-07-26;True;False;1000;2026-08-24
LU0476877054;abrdn-Japan Sml Comp Sust Eq A Acc HEUR;abrdn SICAV I - Japanese Smaller Companies Sustainable Equity Fund A Acc Hedged EUR;abrdn Investments Luxembourg S.A.;Equity;Japan Equity;RV Otros;EUR;Luxemburgo;6;;;1.5;21.47;33.95;23.48;12.78;2010-05-18;True;False;1000;2026-08-24
LU0476876759;abrdn-Japan Sustainable Eqty A Acc HEUR;abrdn SICAV I - Japanese Sustainable Equity Fund A Acc Hedged EUR;abrdn Investments Luxembourg S.A.;Equity;Japan Equity;RV Otros;EUR;Luxemburgo;6;;;1.5;23.6;43.41;29.01;17.48;2010-05-18;True;False;1000;2026-08-24
LU0912262788;abrdn-Japan Sustainable Eqty A Acc HUSD;abrdn SICAV I - Japanese Sustainable Equity Fund A Acc Hedged USD;abrdn Investments Luxembourg S.A.;Equity;Japan Equity;RV Otros;USD;Luxemburgo;6;;;1.5;25.4;46.7;31.4;19.85;2013-05-22;True;False;500;2026-08-24
LU1323878188;abrdn-Nrth American Sml Comp A Acc HEUR;abrdn SICAV I - North American Smaller Companies Fund A Acc Hedged EUR;abrdn Investments Luxembourg S.A.;Equity;US Equity Small Cap;RV Otros;EUR;Luxemburgo;6;;;1.5;17.35;21.54;14.06;3.23;2016-03-23;True;False;1000;2026-08-24
LU0204988207;iMGP Japan Opportunities C EUR HP;iMGP Japan Opportunities C EUR HP;iM Global Partner Asset Management S.A.;Equity;Japan Equity;RV Otros;EUR;Luxemburgo;5;;2.02;1.5;19.72;34.32;25.78;21.51;2005-04-01;True;False;0;2026-08-24
LU0821216685;iMGP US Value C EUR HP;iMGP US Value C EUR HP;iM Global Partner Asset Management S.A.;Equity;US Equity Large Cap Value;RV Otros;EUR;Luxemburgo;5;;2.26;1.75;1.31;0.11;4.72;2.19;2012-10-17;True;False;0;2026-08-24
LU0390717543;Amundi MSCI Pac Ex Jpn SRIClmtPrsAlgdAE;Amundi MSCI Pacific Ex Japan SRI Climate Paris Aligned - AE;Amundi Luxembourg S.A.;Equity;Asia ex-Japan Equity;RV Pacífico (ex-Japón);EUR;Luxemburgo;5;1;;0.15;8.55;8.33;7.07;2.9;2008-11-25;True;True;;2026-08-24
IE0007218849;Vanguard Pac ex-Japan Stk Idx USD Acc;Vanguard Pacific ex-Japan Stock Index Fund USD Acc;Vanguard Group (Ireland) Limited;Equity;Asia ex-Japan Equity;RV Pacífico (ex-Japón);USD;Irlanda;6;3;0.16;0.16;16.25;17.3;18.08;7.58;2005-07-22;True;True;1000000;2026-08-24
LU0045667853;Schroder ISF UK Equity A Dis AV;Schroder International Selection Fund UK Equity A Distribution GBP AV;Schroder Investment Management (Europe) S.A.;Equity;UK Equity Large Cap;RV RU Cap. Flexible;GBP;Luxemburgo;5;1;1.45;1.1;5.34;8.27;4.28;0.58;1993-04-13;True;False;;2026-08-24
LU0011847091;BGF United Kingdom A2;BlackRock Global Funds - United Kingdom Fund A2;BlackRock (Luxembourg) SA;Equity;UK Equity Large Cap;RV RU Cap. Grande;GBP;Luxemburgo;5;2;1.81;1.5;5.59;6.45;11.23;2.67;1985-12-31;True;False;;2026-08-24
LU0171293177;BGF United Kingdom A2 EUR;BlackRock Global Funds - United Kingdom Fund A2 EUR;BlackRock (Luxembourg) SA;Equity;UK Equity Large Cap;RV RU Cap. Grande;EUR;Luxemburgo;5;2;1.81;1.5;7.68;7.58;11.16;2.69;1985-12-31;True;False;;2026-08-24
LU0713318490;CT (Lux) UK Eqs AG GBP Acc;CT (Lux) - UK Equities Class AG GBP Accumulation Shares;Threadneedle Management Luxembourg S.A.;Equity;UK Equity Large Cap;RV RU Cap. Grande;GBP;Luxemburgo;5;1;1.8;1.5;7.65;11.63;10.3;5.4;2011-12-06;True;False;2000;2026-08-24
LU1775979708;Invesco UK Equity A GBP AD;Invesco Funds - Invesco UK Equity Fund A Annual Distribution GBP;Invesco Management S.A.;Equity;UK Equity Large Cap;RV RU Cap. Grande;GBP;Luxemburgo;5;4;;1.3;10.26;18.06;15.32;13.02;2018-10-08;True;False;1000;2026-08-24
LU1775980201;Invesco UK Equity E EUR Acc;Invesco Funds - Invesco UK Equity Fund E Accumulation EUR;Invesco Management S.A.;Equity;UK Equity Large Cap;RV RU Cap. Grande;EUR;Luxemburgo;5;3;;1.8;11.92;18.52;14.64;12.46;2018-10-08;True;False;500;2026-08-24
IE00B7MSLV86;iShares UK Index (IE) Instl Acc EUR;iShares UK Index Fund (IE) Institutional Acc EUR;BlackRock Asset Management Ireland Ltd;Equity;UK Equity Large Cap;RV RU Cap. Grande;EUR;Irlanda;5;4;0.17;0.15;13;20.81;17.89;13.12;2012-02-24;True;True;1000000;2026-08-24
LU1653748860;CPR Invest Food For Gens A EUR Acc;CPR Invest - Food For Generations A EUR Acc;CPR Asset Management;Equity;Equity Miscellaneous;RV Sector Agricultura;EUR;Luxemburgo;6;3;;1.6;6.04;0.45;0.81;-2.29;2017-09-18;True;False;;2026-08-24
LU2013745885;CPR Invest Food For Gnrtns A USD Acc;CPR Invest - Food For Generations A USD Acc;CPR Asset Management;Equity;Equity Miscellaneous;RV Sector Agricultura;USD;Luxemburgo;5;3;;1.6;5.48;0.62;3.25;-2.28;2020-10-14;True;False;1;2026-08-24
LU0273158872;DWS Invest Global Agribusiness LC;DWS Invest Global Agribusiness LC;DWS Investment S.A.;Equity;Equity Miscellaneous;RV Sector Agricultura;EUR;Luxemburgo;5;3;1.69;1.5;11.69;7.72;-0.93;1.01;2006-11-20;True;False;0;2026-08-24
LU0363470070;DWS Invest Global Agribusiness LD;DWS Invest Global Agribusiness LD;DWS Investment S.A.;Equity;Equity Miscellaneous;RV Sector Agricultura;EUR;Luxemburgo;5;3;1.69;1.5;11.68;7.72;-0.93;1.01;2008-07-01;True;False;0;2026-08-24
LU0273164847;DWS Invest Global Agribusiness USD LC;DWS Invest Global Agribusiness USD LC;DWS Investment S.A.;Equity;Equity Miscellaneous;RV Sector Agricultura;USD;Luxemburgo;5;3;1.69;1.5;10.93;8.31;1.43;1.02;2006-11-20;True;False;0;2026-08-24
LU0366534344;Pictet - Nutrition P EUR;Pictet - Nutrition P EUR;Pictet Asset Management (Europe) SA;Equity;Equity Miscellaneous;RV Sector Agricultura;EUR;Luxemburgo;5;2;1.99;2.4;5.76;-0.29;-0.81;-5.37;2009-05-28;True;False;0;2026-08-24
LU0428745748;Pictet-Nutrition P USD;Pictet-Nutrition P USD;Pictet Asset Management (Europe) SA;Equity;Equity Miscellaneous;RV Sector Agricultura;USD;Luxemburgo;5;2;2;2.4;5.35;0.26;1.55;-5.36;2009-05-28;True;False;0;2026-08-24
LU1165135440;BNP Paribas Aqua C C;BNP Paribas Funds Aqua Classic Capitalisation;BNP Paribas Asset Management Luxembourg;Equity;Equity Miscellaneous;RV Sector Agua;EUR;Luxemburgo;6;3;;1.75;8.27;5.84;7.49;2.91;2015-07-16;True;False;0;2026-08-24
LU1620156130;BNP Paribas Aqua C USD C;BNP Paribas Funds Aqua Classic USD Capitalisation;BNP Paribas Asset Management Luxembourg;Equity;Equity Miscellaneous;RV Sector Agua;USD;Luxemburgo;6;3;;1.75;7.62;6.35;10.02;2.9;2017-09-29;True;False;0;2026-08-24
LU1892829828;Fidelity Water & Waste A Acc EUR;Fidelity Funds - Water & Waste Fund A Acc EUR;FIL Investment Management (Luxembourg) S.à r.l.;Equity;Equity Miscellaneous;RV Sector Agua;EUR;Luxemburgo;5;2;;1.5;4.62;2.85;5.2;-0.07;2018-10-31;True;False;2500;2026-08-24
LU0104884860;Pictet-Water P EUR;Pictet-Water P EUR;Pictet Asset Management (Europe) SA;Equity;Equity Miscellaneous;RV Sector Agua;EUR;Luxemburgo;5;2;1.99;2.4;-3.13;-5.94;3.51;0.28;2000-01-19;True;False;0;2026-08-24
LU0255980327;Pictet-Water P USD;Pictet-Water P USD;Pictet Asset Management (Europe) SA;Equity;Equity Miscellaneous;RV Sector Agua;USD;Luxemburgo;6;2;1.99;2.4;-3.51;-5.43;5.97;0.29;2006-05-26;True;False;0;2026-08-24
LU0255980673;Pictet-Water R USD;Pictet-Water R USD;Pictet Asset Management (Europe) SA;Equity;Equity Miscellaneous;RV Sector Agua;USD;Luxemburgo;6;1;2.69;2.9;-3.95;-6.09;5.22;-0.42;2006-05-26;True;False;0;2026-08-24
LU2146190751;Robeco Sustainable Water D CHF Cap;Robeco Sustainable Water D-CHF Capitalisation;Robeco Institutional Asset Management BV;Equity;Equity Miscellaneous;RV Sector Agua;CHF;Luxemburgo;6;3;1.71;1.5;6.48;3.87;6.64;-0.77;2020-10-29;True;False;0;2026-08-24
LU2146190835;Robeco Sustainable Water D EUR Cap;Robeco Sustainable Water D-EUR Capitalisation;Robeco Institutional Asset Management BV;Equity;Equity Miscellaneous;RV Sector Agua;EUR;Luxemburgo;6;3;1.71;1.5;6.19;4.38;7.6;2.03;2020-10-29;True;False;0;2026-08-24
LU2146191130;Robeco Sustainable Water D USD Cap;Robeco Sustainable Water D-USD Capitalisation;Robeco Institutional Asset Management BV;Equity;Equity Miscellaneous;RV Sector Agua;USD;Luxemburgo;6;3;1.71;1.5;5.64;4.56;10.21;2.04;2020-10-29;True;False;0;2026-08-24
LU1120766388;Candriam Eqs L Biotech C EUR Cap;Candriam Equities L Biotechnology Class C EUR Cap;Candriam;Equity;Healthcare Sector Equity;RV Sector Biotecnología;EUR;Luxemburgo;6;4;2;1.6;24.99;59.6;22.02;12.69;2015-05-20;True;False;0;2026-08-24
LU0108459040;Candriam Eqs L Biotech C USD Cap;Candriam Equities L Biotechnology Class C USD Cap;Candriam;Equity;Healthcare Sector Equity;RV Sector Biotecnología;USD;Luxemburgo;6;4;;1.6;24.38;59.97;25.04;12.76;2000-04-06;True;False;;2026-08-24
LU0108459552;Candriam Eqs L Biotech C USD Dis;Candriam Equities L Biotechnology Class C USD Dis;Candriam;Equity;Healthcare Sector Equity;RV Sector Biotecnología;USD;Luxemburgo;6;4;2.04;1.6;24.35;59.91;25;12.72;2000-04-06;True;False;;2026-08-24
LU0133359157;Candriam Eqs L Biotech N USD Cap;Candriam Equities L Biotechnology Class N USD Cap;Candriam;Equity;Healthcare Sector Equity;RV Sector Biotecnología;USD;Luxemburgo;6;4;;2;24.09;59.4;24.59;12.32;2002-08-23;True;False;;2026-08-24
DE0009769976;DWS ESG Biotech LC;DWS ESG Biotech LC;DWS Investment GmbH;Equity;Healthcare Sector Equity;RV Sector Biotecnología;EUR;Alemania;6;3;1.5;1.5;12.24;42.04;14.71;6.34;1999-08-16;True;False;0;2026-08-24
LU0109394709;Franklin Biotechnology Discv A(acc)USD;Franklin Biotechnology Discovery Fund A(acc)USD;Franklin Templeton International Services S.à r.l.;Equity;Healthcare Sector Equity;RV Sector Biotecnología;USD;Luxemburgo;6;5;1.81;1.5;25.72;73.72;30.14;13.08;2000-04-03;True;False;1000;2026-08-24
LU2050612402;JPM Thmtcs Gentc Thrps A acc USD;JPMorgan Funds - Thematics - Genetic Therapies Fund A (acc) USD;JPMorgan Asset Management (Europe) S.à r.l.;Equity;Healthcare Sector Equity;RV Sector Biotecnología;USD;Luxemburgo;6;2;0.99;0.72;22.63;51.55;12.19;-3.63;2019-10-24;True;False;35000;2026-08-24
LU2441282899;Janus Henderson Hrzn Biotec A2 EUR;Janus Henderson Horizon Biotechnology Fund A2 EUR;Janus Henderson Investors;Equity;Healthcare Sector Equity;RV Sector Biotecnología;EUR;Luxemburgo;6;5;5.34;1.2;25.26;76.67;27.86;;2022-02-25;True;False;2500;2026-08-24
LU0255977455;Pictet - Biotech P EUR;Pictet - Biotech P EUR;Pictet Asset Management (Europe) SA;Equity;Healthcare Sector Equity;RV Sector Biotecnología;EUR;Luxemburgo;6;4;1.99;2.4;23.02;70.73;25.29;11.26;2006-06-14;True;False;0;2026-08-24
LU0090689299;Pictet-Biotech P USD;Pictet-Biotech P USD;Pictet Asset Management (Europe) SA;Equity;Healthcare Sector Equity;RV Sector Biotecnología;USD;Luxemburgo;6;4;1.99;2.4;22.54;71.66;28.27;11.27;1995-11-30;True;False;0;2026-08-24
IE00B3XLHR60;Polar Capital Biotech R Inc;Polar Capital Funds PLC - Biotechnology Fund R Inc;Polar Capital LLP;Equity;Healthcare Sector Equity;RV Sector Biotecnología;USD;Irlanda;6;5;;1.5;24.23;58.92;30.73;14.88;2013-10-31;True;False;0;2026-08-24
IE00B3VXGD32;Polar Capital Biotech R Inc EUR;Polar Capital Funds PLC - Biotechnology Fund R Inc EUR;Polar Capital LLP;Equity;Healthcare Sector Equity;RV Sector Biotecnología;EUR;Irlanda;6;5;;1.5;24.88;58.62;27.63;14.88;2013-10-31;True;False;;2026-08-24
LU0069152568;UBS (Lux) EF Biotech (USD) P-acc;UBS (Lux) Equity Fund - Biotech (USD) P-acc;UBS Asset Management (Europe) S.A.;Equity;Healthcare Sector Equity;RV Sector Biotecnología;USD;Luxemburgo;6;3;2.09;1.63;26.5;57.55;19.63;6.32;1996-10-15;True;False;;2026-08-24
LU0823411706;BNP Paribas Consumer Innovtr Cl C;BNP Paribas Funds Consumer InnovatorsClassic Capitalisation;BNP Paribas Asset Management Luxembourg;Equity;Consumer Goods & Services Sector Equity;RV Sector Consumo;EUR;Luxemburgo;6;3;;1.5;-3.88;-3.88;5.06;-0.8;2013-05-24;True;False;0;2026-08-24
LU0823411888;BNP Paribas Consumer Innovtr Cl USD C;BNP Paribas Funds Consumer Innovators Classic USD-Capitalisation;BNP Paribas Asset Management Luxembourg;Equity;Consumer Goods & Services Sector Equity;RV Sector Consumo;USD;Luxemburgo;6;3;;1.5;-4.47;-3.41;7.53;-0.81;2015-01-23;True;False;0;2026-08-24
LU0882574139;FF - Global Consumer Brds A-Acc-USD;FF - Global Consumer Brands Fund A-Acc-USD;FIL Investment Management (Luxembourg) S.à r.l.;Equity;Consumer Goods & Services Sector Equity;RV Sector Consumo;USD;Luxemburgo;6;4;;1.5;0.21;5.6;9.54;2.93;2013-03-27;True;False;2500;2026-08-24
LU0114721508;FF - Global Consumer Brds A-Dis-EUR;FF - Global Consumer Brands Fund A-DIST-EUR;FIL Investment Management (Luxembourg) S.à r.l.;Equity;Consumer Goods & Services Sector Equity;RV Sector Consumo;EUR;Luxemburgo;6;4;;1.5;0.63;4.86;6.99;2.94;2000-09-01;True;False;;2026-08-24
LU0840140957;FF - Global Consumer Brds E-Acc-EUR;FF - Global Consumer Brands Fund E-Acc-EUR;FIL Investment Management (Luxembourg) S.à r.l.;Equity;Consumer Goods & Services Sector Equity;RV Sector Consumo;EUR;Luxemburgo;6;4;;1.5;0.16;4.08;6.2;2.17;2012-11-07;True;False;;2026-08-24
LU0329429384;GAM Multistock Luxury Brands Eq EUR A;GAM Multistock - Luxury Brands Equity EUR A;GAM (Luxembourg) SA;Equity;Consumer Goods & Services Sector Equity;RV Sector Consumo;EUR;Luxemburgo;6;3;2.06;1.6;-4.61;-0.27;1.31;0.21;2008-01-31;True;False;0;2026-08-24
LU0329429897;GAM Multistock Luxury Brands Eq EUR B;GAM Multistock - Luxury Brands Equity EUR B;GAM (Luxembourg) SA;Equity;Consumer Goods & Services Sector Equity;RV Sector Consumo;EUR;Luxemburgo;6;3;2.06;1.6;-4.61;-0.26;1.32;0.21;2008-01-31;True;False;0;2026-08-24
LU0329430986;GAM Multistock Luxury Brands Eq EUR E;GAM Multistock - Luxury Brands Equity EUR E;GAM (Luxembourg) SA;Equity;Consumer Goods & Services Sector Equity;RV Sector Consumo;EUR;Luxemburgo;6;3;2.81;1.6;-5.06;-1.01;0.56;-0.54;2008-01-31;True;False;0;2026-08-24
LU0329430127;GAM Multistock Luxury Brands Eq USD B;GAM Multistock - Luxury Brands Equity USD B;GAM (Luxembourg) SA;Equity;Consumer Goods & Services Sector Equity;RV Sector Consumo;USD;Luxemburgo;6;3;2.05;1.6;-5.1;-0.09;3.35;-0.05;2008-01-31;True;False;0;2026-08-24
LU0329431018;GAM Multistock Luxury Brands Eq USD E;GAM Multistock - Luxury Brands Equity USD E;GAM (Luxembourg) SA;Equity;Consumer Goods & Services Sector Equity;RV Sector Consumo;USD;Luxemburgo;6;3;2.81;1.6;-5.56;-0.84;2.58;-0.8;2008-01-31;True;False;0;2026-08-24
LU0334857355;Invesco Asia Consumer Demand A USD Acc;Invesco Funds - Invesco Asia Consumer Demand Fund A Accumulation USD;Invesco Management S.A.;Equity;Consumer Goods & Services Sector Equity;RV Sector Consumo;USD;Luxemburgo;6;3;;1.5;17.95;20.63;17.37;4.09;2008-03-25;True;False;1500;2026-08-24
LU0334857785;Invesco Asia Consumer Demand E EUR Acc;Invesco Funds - Invesco Asia Consumer Demand Fund E Accumulation EUR;Invesco Management S.A.;Equity;Consumer Goods & Services Sector Equity;RV Sector Consumo;EUR;Luxemburgo;6;3;;2.25;17.84;19.22;13.76;3.27;2008-03-25;True;False;500;2026-08-24
LU2168317308;Invesco Glbl Consmr Trnds A EUR Acc;Invesco Funds - Invesco Global Consumer Trends Fund A Accumulation EUR;Invesco Management S.A.;Equity;Consumer Goods & Services Sector Equity;RV Sector Consumo;EUR;Luxemburgo;6;2;;1.5;-0.32;0.84;14.92;0.05;2020-05-14;True;False;1000;2026-08-24
LU0052864419;Invesco Glbl Consmr Trnds A USD Acc;Invesco Funds - Invesco Global Consumer Trends Fund A Accumulation USD;Invesco Management S.A.;Equity;Consumer Goods & Services Sector Equity;RV Sector Consumo;USD;Luxemburgo;7;2;;1.5;-0.73;1.26;17.67;0.09;1994-10-03;True;False;1500;2026-08-24
LU1809976522;LO Funds World Brands EUR PA;LO Funds - World Brands Fund (EUR) P A;Lombard Odier Funds (Europe) SA;Equity;Consumer Goods & Services Sector Equity;RV Sector Consumo;EUR;Luxemburgo;6;4;;1;0.09;-1.24;7.7;2.57;2018-06-25;True;False;3000;2026-08-24
LU0217139020;Pictet-Premium Brands P EUR;Pictet-Premium Brands P EUR;Pictet Asset Management (Europe) SA;Equity;Consumer Goods & Services Sector Equity;RV Sector Consumo;EUR;Luxemburgo;6;3;1.98;2.4;-4.01;0.87;2.06;1.82;2005-05-31;True;False;0;2026-08-24
LU0280433847;Pictet-Premium Brands P USD;Pictet-Premium Brands P USD;Pictet Asset Management (Europe) SA;Equity;Consumer Goods & Services Sector Equity;RV Sector Consumo;USD;Luxemburgo;6;3;1.98;2.4;-4.38;1.42;4.48;1.84;2007-01-23;True;False;0;2026-08-24
LU1883318740;Amundi Fds Glb Eq Resp A EUR C;Amundi Funds - Global Equity Responsible A EUR (C);Amundi Luxembourg S.A.;Equity;Global Equity Large Cap;RV Sector Ecología;EUR;Luxemburgo;5;4;2.11;1.5;6.02;8.14;13.93;5.84;1990-04-30;True;False;1;2026-08-24
LU2041044178;BGF Circular Economy A2 EUR;BlackRock Global Funds - Circular Economy Fund A2 EUR;BlackRock (Luxembourg) SA;Equity;Global Equity Large Cap;RV Sector Ecología;EUR;Luxemburgo;6;1;1.81;1.5;2.9;-0.26;2.1;-2.22;2019-10-02;True;False;;2026-08-24
LU0406802339;BNP Paribas Climate Change Cl C;BNP Paribas Funds Climate Change Classic Capitalisation;BNP Paribas Asset Management Luxembourg;Equity;Global Equity Mid/Small Cap;RV Sector Ecología;EUR;Luxemburgo;6;3;;2.2;18.19;16.11;8.26;0.64;2009-11-12;True;False;0;2026-08-24
LU0406802685;BNP Paribas Climate Change Cl Dis;BNP Paribas Funds Climate Change Classic Distribution;BNP Paribas Asset Management Luxembourg;Equity;Global Equity Mid/Small Cap;RV Sector Ecología;EUR;Luxemburgo;6;3;;2.2;18.18;16.11;8.27;0.64;2006-05-30;True;False;0;2026-08-24
LU0406803063;BNP Paribas Climate Change N C;BNP Paribas Funds Climate Change N Capitalisation;BNP Paribas Asset Management Luxembourg;Equity;Global Equity Mid/Small Cap;RV Sector Ecología;EUR;Luxemburgo;6;2;;2.2;17.62;15.24;7.46;-0.11;2013-12-12;True;False;0;2026-08-24
ES0114806039;Bankinter Eficien Energ Y Medioamb R FI;Bankinter Eficiencia Energética Y Medioambiente R FI;Bankinter Gestión de Activos SGIIC;Equity;Equity Miscellaneous;RV Sector Ecología;EUR;España;6;4;1.81;1.6;10.4;15.35;12.25;5.44;2001-04-20;True;False;1;2026-08-24
AT0000A03N37;ERSTE WWF Stock Environment EUR R01 VT;ERSTE WWF Stock Environment EUR R01 VT;Erste Asset Management GmbH;Equity;Global Equity Mid/Small Cap;RV Sector Ecología;EUR;Austria;7;1;;1.8;5.76;17.02;-2.44;-8.25;2008-01-10;True;False;1;2026-08-24
LU2300162596;GS Environmental Impact Eq OC EUR Acc;Goldman Sachs Global Environmental Impact Equity Portfolio Other Currency Shares Acc EUR;Goldman Sachs Asset Management B.V.;Equity;Global Equity Large Cap;RV Sector Ecología;EUR;Luxemburgo;6;2;;1.75;12.01;14.3;9.21;0;2021-02-22;True;False;5000;2026-08-24
LU1939256001;Ninety One GSF Global Envir A Acc EUR;Ninety One Global Strategy Fund - Global Environment Fund A Acc EUR;Ninety One Luxembourg S.A.;Equity;Global Equity Large Cap;RV Sector Ecología;EUR;Luxemburgo;6;2;;1.5;12.87;18.29;8.05;0.81;2019-02-25;True;False;3000;2026-08-24
LU0348926287;Nordea 1 - Global Climate & Envir BP EUR;Nordea 1 - Global Climate and Environment Fund BP EUR;Nordea Investment Funds SA;Equity;Global Equity Mid/Small Cap;RV Sector Ecología;EUR;Luxemburgo;5;5;1.8;1.5;17.34;20.07;12.39;5.54;2008-03-13;True;False;0;2026-08-24
LU0607974713;Nordea 1 - Global Climate & Envir BP USD;Nordea 1 - Global Climate and Environment Fund BP USD;Nordea Investment Funds SA;Equity;Global Equity Mid/Small Cap;RV Sector Ecología;USD;Luxemburgo;6;5;;1.5;16.78;20.69;15.05;5.6;2015-06-05;True;False;;2026-08-24
LU0503631714;Pictet - Global Envir Opps P EUR;Pictet - Global Environmental Opportunities P EUR;Pictet Asset Management (Europe) SA;Equity;Global Equity Large Cap;RV Sector Ecología;EUR;Luxemburgo;6;4;1.99;2.4;14.55;13.55;8.14;2.89;2010-09-10;True;False;0;2026-08-24
LU0503632282;Pictet - Global Envir Opps P USD;Pictet - Global Environmental Opportunities P USD;Pictet Asset Management (Europe) SA;Equity;Global Equity Large Cap;RV Sector Ecología;USD;Luxemburgo;6;4;1.99;2.4;14.1;14.17;10.71;2.9;2010-09-10;True;False;0;2026-08-24
LU0503631987;Pictet - Global Envir Opps R EUR;Pictet - Global Environmental Opportunities R EUR;Pictet Asset Management (Europe) SA;Equity;Global Equity Large Cap;RV Sector Ecología;EUR;Luxemburgo;6;3;2.7;2.9;14.03;12.75;7.38;2.17;2010-09-10;True;False;0;2026-08-24
LU2092758726;Robeco Circular Economy D € Cap;Robeco Circular Economy D EUR Capitalisation;Robeco Institutional Asset Management BV;Equity;Global Equity Large Cap;RV Sector Ecología;EUR;Luxemburgo;6;5;;1.5;21.3;25.94;19.03;8.64;2020-01-23;True;False;0;2026-08-24
LU0302446645;Schroder ISF Glb Clmt Chg Eq A Acc EUR;Schroder International Selection Fund Global Climate Change Equity A Accumulation EUR;Schroder Investment Management (Europe) S.A.;Equity;Global Equity Large Cap;RV Sector Ecología;EUR;Luxemburgo;5;4;;1.5;10.31;18.15;11.22;3.47;2007-06-29;True;False;1000;2026-08-24
LU0302445910;Schroder ISF Glb Clmt Chg Eq A Acc USD;Schroder International Selection Fund Global Climate Change Equity A Accumulation USD;Schroder Investment Management (Europe) S.A.;Equity;Global Equity Large Cap;RV Sector Ecología;USD;Luxemburgo;6;4;;1.5;9.83;18.59;13.85;3.51;2007-06-29;True;False;1000;2026-08-24
LU0128520375;Templeton Glb Climate Change A (acc) EUR;Templeton Global Climate Change Fund Class A (acc) EUR;Franklin Templeton International Services S.à r.l.;Equity;Global Equity Large Cap;RV Sector Ecología;EUR;Luxemburgo;6;4;1.82;1.5;20.99;34.34;13.48;7.76;2001-05-14;True;False;;2026-08-24
LU0029873410;Templeton Glb Climate Change A(Ydis)EUR;Templeton Global Climate Change Fund A(Ydis)EUR;Franklin Templeton International Services S.à r.l.;Equity;Global Equity Large Cap;RV Sector Ecología;EUR;Luxemburgo;6;4;1.82;1.5;21;34.36;13.49;7.76;1991-04-26;True;False;1000;2026-08-24
LU0384405600;Vontobel Global Envir Change B EUR;Vontobel Fund - Global Environmental Change B EUR Cap;Vontobel Asset Management S.A.;Equity;Global Equity Large Cap;RV Sector Ecología;EUR;Luxemburgo;6;4;1.97;1.65;19.04;22.75;13.31;6.27;2008-11-17;True;False;0;2026-08-24
LU0122376428;BGF World Energy A2;BlackRock Global Funds - World Energy Fund A2;BlackRock (Luxembourg) SA;Equity;Energy Sector Equity;RV Sector Energía;USD;Luxemburgo;6;3;2.06;1.75;41.07;48.2;15.71;23.1;2001-04-06;True;False;5000;2026-08-24
LU0171301533;BGF World Energy A2 EUR;BlackRock Global Funds - World Energy Fund A2 EUR;BlackRock (Luxembourg) SA;Equity;Energy Sector Equity;RV Sector Energía;EUR;Luxemburgo;6;3;2.06;1.75;41.6;47.39;13.03;23.09;2001-04-06;True;False;;2026-08-24
LU0204068364;BGF World Engy A4;BlackRock Global Funds - World Energy Fund A4;BlackRock (Luxembourg) SA;Equity;Energy Sector Equity;RV Sector Energía;GBP;Luxemburgo;6;3;2.06;1.75;38.9;45.81;13.11;23.08;2001-04-06;True;False;;2026-08-24
LU0300741732;Franklin Natural Resources A(acc)EUR;Franklin Natural Resources Fund A(acc)EUR;Franklin Templeton International Services S.à r.l.;Equity;Energy Sector Equity;RV Sector Energía;EUR;Luxemburgo;6;2;1.84;1.5;31.26;50.52;16.08;21.48;2007-07-12;True;False;;2026-08-24
LU1046545411;GS NA Engy & Engy Infras Eq Base Acc USD;Goldman Sachs North America Energy & Energy Infrastructure Equity Portfolio Base Acc USD;Goldman Sachs Asset Management B.V.;Equity;Energy Sector Equity;RV Sector Energía;USD;Luxemburgo;6;4;;1.5;34.85;39.24;20.48;24.03;2014-04-14;True;False;5000;2026-08-24
LU1046545502;GS NA Engy & Engy Infras Eq E Acc EUR;Goldman Sachs North America Energy & Energy Infrastructure Equity Portfolio E Acc EUR;Goldman Sachs Asset Management B.V.;Equity;Energy Sector Equity;RV Sector Energía;EUR;Luxemburgo;6;3;;1.5;34.74;37.56;16.78;23.06;2014-04-14;True;False;1500;2026-08-24
IE00BGHQF524;Guinness Global Energy C EUR Acc;Guinness Global Energy C EUR Accumulation;Guinness Asset Management Limited;Equity;Energy Sector Equity;RV Sector Energía;EUR;Irlanda;6;2;1.77;1.99;43.82;52.09;14.41;21.32;2013-11-29;True;False;0;2026-08-24
IE00B3CCJB88;Guinness Global Energy D EUR Acc;Guinness Global Energy D EUR Accumulation;Guinness Asset Management Limited;Equity;Energy Sector Equity;RV Sector Energía;EUR;Irlanda;6;2;1.27;1.49;44.28;52.85;14.98;21.93;2008-09-02;True;False;0;2026-08-24
LU0374901568;Schroder ISF Global Energy A Acc EUR;Schroder International Selection Fund Global Energy A Accumulation EUR;Schroder Investment Management (Europe) S.A.;Equity;Energy Sector Equity;RV Sector Energía;EUR;Luxemburgo;6;2;1.85;1.5;47.29;58.87;16.37;25.49;2008-07-11;True;False;1000;2026-08-24
LU0256331488;Schroder ISF Global Energy A Acc USD;Schroder International Selection Fund Global Energy A Accumulation USD;Schroder Investment Management (Europe) S.A.;Equity;Energy Sector Equity;RV Sector Energía;USD;Luxemburgo;6;2;1.85;1.5;46.66;59.47;19.13;25.54;2006-06-30;True;False;1000;2026-08-24
LU0124384867;BGF Sustainable Energy A2;BlackRock Global Funds - Sustainable Energy Fund A2;BlackRock (Luxembourg) SA;Equity;Energy Sector Equity;RV Sector Energía Alternativa;USD;Luxemburgo;6;4;1.96;1.65;14.97;28.23;14.11;5.84;2001-04-06;True;False;5000;2026-08-24
LU0171289902;BGF Sustainable Energy A2 EUR;BlackRock Global Funds - Sustainable Energy Fund A2 EUR;BlackRock (Luxembourg) SA;Equity;Energy Sector Equity;RV Sector Energía Alternativa;EUR;Luxemburgo;6;4;1.96;1.65;15.41;27.57;11.46;5.82;2001-04-06;True;False;;2026-08-24
LU0823414635;BNP Clean Energy Solutions - C C;BNP Clean Energy Solutions - Classic Capitalisation;BNP Paribas Asset Management Luxembourg;Equity;Energy Sector Equity;RV Sector Energía Alternativa;EUR;Luxemburgo;7;1;;1.5;-1.27;19.6;-2;-11.98;2013-05-17;True;False;100;2026-08-24
LU0823414718;BNP Clean Energy Solutions C D;BNP Clean Energy Solutions Classic Distribution;BNP Paribas Asset Management Luxembourg;Equity;Energy Sector Equity;RV Sector Energía Alternativa;EUR;Luxemburgo;7;1;;1.5;0.29;23.58;-1.15;-11.71;2013-05-17;True;False;0;2026-08-24
LU0823414478;BNP Clean Energy Solutions C USD C;BNP Clean Energy Solutions C USD-Capitalisation;BNP Paribas Asset Management Luxembourg;Equity;Energy Sector Equity;RV Sector Energía Alternativa;USD;Luxemburgo;7;1;;1.5;-0.32;24.18;1.17;-11.72;2013-05-17;True;False;0;2026-08-24
NO0013670588;DNB Nuclear Energy S EUR;DNB Nuclear Energy S EUR;DNB Asset Management AS;Equity;Energy Sector Equity;RV Sector Energía Alternativa;EUR;Noruega;5;;;0.4;10.68;;;;2025-10-10;True;True;;2026-08-24
LU0280435388;Pictet - Clean Energy Transition P EUR;Pictet - Clean Energy Transition P EUR;Pictet Asset Management (Europe) SA;Equity;Energy Sector Equity;RV Sector Energía Alternativa;EUR;Luxemburgo;6;4;1.98;2.4;25.09;37.42;18.37;9.99;2007-05-14;True;False;0;2026-08-24
LU0280430660;Pictet-Clean Energy Transition P USD;Pictet-Clean Energy Transition P USD;Pictet Asset Management (Europe) SA;Equity;Energy Sector Equity;RV Sector Energía Alternativa;USD;Luxemburgo;6;4;1.98;2.4;24.6;38.17;21.18;10;2007-05-14;True;False;0;2026-08-24
IE000EWWPFJ6;Polar Capital Smart Energy R Acc;Polar Capital Funds PLC - Smart Energy Fund R Accumulation;Polar Capital LLP;Equity;Energy Sector Equity;RV Sector Energía Alternativa;USD;Irlanda;6;5;;1.5;44.44;75.89;30.73;;2021-09-30;True;False;0;2026-08-24
IE0006TUI4G7;Polar Capital Smart Energy R Acc EUR;Polar Capital Funds PLC - Smart Energy Fund R Accumulation EUR;Polar Capital LLP;Equity;Energy Sector Equity;RV Sector Energía Alternativa;EUR;Irlanda;6;5;;1.5;45.11;75.65;27.63;;2021-09-30;True;False;;2026-08-24
LU2145461757;Robeco Smart Energy D-EUR Cap;Robeco Smart Energy D-EUR Capitalisation;Robeco Institutional Asset Management BV;Equity;Energy Sector Equity;RV Sector Energía Alternativa;EUR;Luxemburgo;6;5;1.71;1.5;31.59;52.62;22.39;12.05;2020-10-29;True;False;0;2026-08-24
LU2145461914;Robeco Smart Energy D-USD Cap;Robeco Smart Energy D-USD Capitalisation;Robeco Institutional Asset Management BV;Equity;Energy Sector Equity;RV Sector Energía Alternativa;USD;Luxemburgo;6;5;1.71;1.5;30.91;52.88;25.35;12.06;2020-10-29;True;False;0;2026-08-24
LU2390151400;Schroder ISF Glbl Alt Engy A Acc EUR;Schroder International Selection Fund Global Alternative Energy A Accumulation EUR;Schroder Investment Management (Europe) S.A.;Equity;Energy Sector Equity;RV Sector Energía Alternativa;EUR;Luxemburgo;6;2;1.84;1.5;8.9;19.14;-0.09;;2021-10-20;True;False;1000;2026-08-24
IE00BWY56V74;Algebris Financial Equity R EUR Acc;Algebris UCITS Funds plc - Algebris Financial Equity Fund R EUR Acc;Algebris (UK) Limited;Equity;Financials Sector Equity;RV Sector Finanzas;EUR;Irlanda;6;4;1.91;1.8;11.4;20.3;29.59;22.17;2016-03-24;True;False;10000;2026-08-24
LU0106831901;BGF World Financials A2;BlackRock Global Funds - World Financials Fund A2;BlackRock (Luxembourg) SA;Equity;Financials Sector Equity;RV Sector Finanzas;USD;Luxemburgo;6;4;1.82;1.5;7.05;19.82;31.35;15.69;2000-03-03;True;False;5000;2026-08-24
LU0171304719;BGF World Financials A2 EUR;BlackRock Global Funds - World Financials Fund A2 EUR;BlackRock (Luxembourg) SA;Equity;Financials Sector Equity;RV Sector Finanzas;EUR;Luxemburgo;6;4;1.82;1.5;7.47;19.17;28.29;15.68;2000-03-03;True;False;;2026-08-24
ES0114805031;Bankinter Finanzas Globales R FI;Bankinter Finanzas Globales R FI;Bankinter Gestión de Activos SGIIC;Equity;Financials Sector Equity;RV Sector Finanzas;EUR;España;6;3;1.7;1.5;9.64;17.01;20.96;11.86;2000-07-10;True;False;1;2026-08-24
LU1391767586;Fidelity Global Financial Svcs A-Acc-EUR;Fidelity Funds - Global Financial Services Fund A-Acc-EUR;FIL Investment Management (Luxembourg) S.à r.l.;Equity;Financials Sector Equity;RV Sector Finanzas;EUR;Luxemburgo;6;3;;1.5;8.47;11.02;18.61;10.46;2016-04-20;True;False;;2026-08-24
LU0114722498;Fidelity Global Financial Svcs A-Dis-EUR;Fidelity Funds - Global Financial Services Fund A-DIST-EUR;FIL Investment Management (Luxembourg) S.à r.l.;Equity;Financials Sector Equity;RV Sector Finanzas;EUR;Luxemburgo;6;3;;1.5;8.46;11.01;18.62;10.46;2000-09-01;True;False;;2026-08-24
LU0971096721;Fidelity Global Financial Svcs A-Dis-USD;Fidelity Funds - Global Financial Services Fund A-DIST-USD;FIL Investment Management (Luxembourg) S.à r.l.;Equity;Financials Sector Equity;RV Sector Finanzas;USD;Luxemburgo;6;3;;1.5;8.01;11.77;21.43;10.45;2013-10-16;True;False;1000;2026-08-24
IE00B52VLZ70;Polar Capital Global Ins R Acc EUR;Polar Capital Funds PLC - Polar Capital Global Insurance Fund R Acc EUR;Polar Capital LLP;Equity;Financials Sector Equity;RV Sector Finanzas;EUR;Irlanda;5;3;;1.25;7.22;9.44;12.3;11.44;2011-05-31;True;False;;2026-08-24
LU1079558364;Robeco New World Financials D $;Robeco Capital Growth Funds - Robeco New World Financials D $;Robeco Institutional Asset Management BV;Equity;Financials Sector Equity;RV Sector Finanzas;USD;Luxemburgo;6;3;1.71;1.5;1.55;6.28;19.86;7.22;2014-06-26;True;False;0;2026-08-24
LU0187077481;Robeco New World Financials D €;Robeco Capital Growth Funds - Robeco New World Financials D €;Robeco Institutional Asset Management BV;Equity;Financials Sector Equity;RV Sector Finanzas;EUR;Luxemburgo;6;3;1.71;1.5;2.08;6.1;17.03;7.22;1998-06-03;True;False;0;2026-08-24
IE00BZ18VS27;BNY Mellon Global Infras Inc EUR A Acc;BNY Mellon Global Infrastructure Income Fund EUR A Acc;BNY Mellon Fund Management (Lux) S.A.;Equity;Infrastructure Sector Equity;RV Sector Infraestructura;EUR;Irlanda;;;;1.85;12.64;;;;2025-08-21;True;False;;2026-08-24
LU2162004548;DWS Invest ESG Next Gnrtn Infras LC;DWS Invest - DWS Invest ESG Next Generation Infrastructure LC;DWS Investment S.A.;Equity;Infrastructure Sector Equity;RV Sector Infraestructura;EUR;Luxemburgo;5;2;1.61;1.5;11.55;16.17;10.43;2.42;2020-05-15;True;False;0;2026-08-24
LU0329760770;DWS Invest Global Infras LC;DWS Invest Global Infrastructure LC;DWS Investment S.A.;Equity;Infrastructure Sector Equity;RV Sector Infraestructura;EUR;Luxemburgo;5;3;1.59;1.5;7.97;6.46;9.66;4.97;2008-01-14;True;False;0;2026-08-24
LU0329760853;DWS Invest Global Infras NC;DWS Invest Global Infrastructure NC;DWS Investment S.A.;Equity;Infrastructure Sector Equity;RV Sector Infraestructura;EUR;Luxemburgo;5;2;2.29;2;7.48;5.72;8.89;4.24;2008-01-14;True;False;0;2026-08-24
LU0329761661;DWS Invest Global Infras USD LC;DWS Invest Global Infrastructure USD LC;DWS Investment S.A.;Equity;Infrastructure Sector Equity;RV Sector Infraestructura;USD;Luxemburgo;5;3;1.59;1.5;7.22;7.04;12.27;4.98;2008-07-01;True;False;0;2026-08-24
IE0002J6K1G3;FTGF CB Glb Infras Inc AGEURAcc;FTGF ClearBridge Global Infrastructure Income Fund Class A (G) EUR Accumulating;Franklin Templeton International Services S.à r.l.;Equity;Infrastructure Sector Equity;RV Sector Infraestructura;EUR;Irlanda;;;1.71;1.25;;;;;2026-05-08;True;False;;2026-08-24
IE00BD4GTQ32;FTGF CB Infras Val A EUR Acc;FTGF ClearBridge Infrastructure Value Fund Class A Euro Accumulating;Franklin Templeton International Services S.à r.l.;Equity;Infrastructure Sector Equity;RV Sector Infraestructura;EUR;Irlanda;6;4;1.97;1.5;7.82;8.51;10.58;6.82;2016-12-12;True;False;1000;2026-08-24
LU1665237704;M&G (Lux) Global Listed Infras A EUR Acc;M&G (Lux) Global Listed Infrastructure Fund EUR A Acc;M&G Luxembourg S.A.;Equity;Infrastructure Sector Equity;RV Sector Infraestructura;EUR;Luxemburgo;5;2;2.08;1.75;14.06;13.84;7.46;4.07;2017-10-05;True;False;1000;2026-08-24
LU1665237613;M&G (Lux) Global Listed Infras A EUR Inc;M&G (Lux) Global Listed Infrastructure Fund EUR A Inc;M&G Luxembourg S.A.;Equity;Infrastructure Sector Equity;RV Sector Infraestructura;EUR;Luxemburgo;5;2;2.08;1.75;14.08;13.85;7.46;4.08;2017-10-05;True;False;;2026-08-24
LU1665236995;M&G (Lux) Global Listed Infras A USD Acc;M&G (Lux) Global Listed Infrastructure Fund USD A Acc;M&G Luxembourg S.A.;Equity;Infrastructure Sector Equity;RV Sector Infraestructura;USD;Luxemburgo;6;2;2.08;1.75;13.62;14.34;10.04;4.11;2017-10-05;True;False;;2026-08-24
LU0384381660;MS INVF QuantActive Global Infra A;Morgan Stanley Investment Funds - QuantActive Global Infrastructure Fund A;MSIM Fund Management (Ireland) Limited;Equity;Infrastructure Sector Equity;RV Sector Infraestructura;USD;Luxemburgo;5;3;1.49;1.25;9.11;9.53;12.62;5.36;2010-06-14;True;False;0;2026-08-24
LU0617149793;Partners Group Listed Infras USD P Acc;Partners Group Listed Investments SICAV - Listed Infrastructure USD P Acc;Partners Group AG;Equity;Infrastructure Sector Equity;RV Sector Infraestructura;USD;Luxemburgo;6;2;2.26;1.95;8.88;6.6;9.09;2.98;2012-06-27;True;False;0;2026-08-24
LU1692116392;UBS Lux Infras Eq Fd P acc;UBS (Lux) Investment SICAV 2 - UBS (Lux) Infrastructure Equity Fund P acc;UBS Asset Management (Europe) S.A.;Equity;Infrastructure Sector Equity;RV Sector Infraestructura;USD;Luxemburgo;5;3;;1.92;9.01;8.85;12.08;4.41;2017-12-14;True;False;0;2026-08-24
IE000JMRXFF8;Wellington Endrng Infras Asts EUR D Ac;Wellington Enduring Infrastructure Assets Fund EUR D Ac;Wellington Luxembourg S.à r.l.;Equity;Infrastructure Sector Equity;RV Sector Infraestructura;EUR;Irlanda;5;4;1.7;0.7;11.2;14.74;15.34;7.81;2021-07-26;True;False;5000;2026-08-24
NO0013528356;DNB European Defence EU;DNB European Defence EU;DNB Asset Management AS;Equity;Industrials Sector Equity;RV Sector Materiales Insustriales;EUR;Noruega;6;;;1.7;12.93;14.6;;;2025-04-23;True;False;300;2026-08-24
NO0013684779;DNB European Defence S USD;DNB European Defence S USD;DNB Asset Management AS;Equity;Industrials Sector Equity;RV Sector Materiales Insustriales;USD;Noruega;6;;;1.7;12.34;;;;2025-10-28;True;False;;2026-08-24
DE000DWS29E6;DWS Smart Industrial Technologies LC;DWS Smart Industrial Technologies LC;DWS Investment GmbH;Equity;Industrials Sector Equity;RV Sector Materiales Insustriales;EUR;Alemania;6;3;1.45;1.45;14.03;22.68;18.97;11.25;2020-10-01;True;False;0;2026-08-24
DE0005152482;DWS Smart Industrial Technologies LD;DWS Smart Industrial Technologies LD;DWS Investment GmbH;Equity;Industrials Sector Equity;RV Sector Materiales Insustriales;EUR;Alemania;6;4;1.45;1.45;14.03;22.67;18.97;11.25;2006-04-24;True;False;0;2026-08-24
LU2504555777;Fidelity Global Industrials A-Acc-EUR;Fidelity Funds - Global Industrials Fund A-Acc-EUR;FIL Investment Management (Luxembourg) S.à r.l.;Equity;Industrials Sector Equity;RV Sector Materiales Insustriales;EUR;Luxemburgo;5;3;;1.5;23.53;28.55;16.64;;2022-07-27;True;False;2500;2026-08-24
LU0114722902;Fidelity Global Industrials A-Dis-EUR;Fidelity Funds - Global Industrials Fund A-DIST-EUR;FIL Investment Management (Luxembourg) S.à r.l.;Equity;Industrials Sector Equity;RV Sector Materiales Insustriales;EUR;Luxemburgo;5;4;;1.5;23.49;28.54;16.65;15.3;2000-09-01;True;False;;2026-08-24
LU1822851884;Finserve Global Defence & Sec I EUR R;LUX MULTIMANAGER SICAV - Finserve Global Defence & Security Fund I EUR R;Finserve Nordic AB;Equity;Industrials Sector Equity;RV Sector Materiales Insustriales;EUR;Luxemburgo;6;;;1.6;6.34;14.34;;;2024-04-02;True;False;0;2026-08-24
LU2145463613;Robeco Smart Materials D EUR;Robeco Smart Materials D EUR;Robeco Institutional Asset Management BV;Equity;Industrials Sector Equity;RV Sector Materiales Insustriales;EUR;Luxemburgo;6;2;1.7;1.5;44.71;75.37;18.8;7.95;2020-10-29;True;False;0;2026-08-24
LU2145463704;Robeco Smart Materials D USD;Robeco Smart Materials D USD;Robeco Institutional Asset Management BV;Equity;Industrials Sector Equity;RV Sector Materiales Insustriales;USD;Luxemburgo;6;2;1.7;1.5;43.96;75.67;21.68;7.96;2020-10-29;True;False;1;2026-08-24
LU0055631609;BGF World Gold A2;BlackRock Global Funds - World Gold Fund A2;BlackRock (Luxembourg) SA;Equity;Precious Metals Sector Equity;RV Sector Oro y Metales preciosos;USD;Luxemburgo;7;3;2.06;1.75;17.13;80.85;56.49;26.28;1994-12-30;True;False;5000;2026-08-24
LU0171305526;BGF World Gold A2 EUR;BlackRock Global Funds - World Gold Fund A2 EUR;BlackRock (Luxembourg) SA;Equity;Precious Metals Sector Equity;RV Sector Oro y Metales preciosos;EUR;Luxemburgo;7;3;2.06;1.75;17.59;79.84;52.85;26.27;1994-12-30;True;False;;2026-08-24
LU0273159177;DWS Invest Gold and Prec Mtl Eqs LC;DWS Invest Gold and Precious Metals Equities LC;DWS Investment S.A.;Equity;Precious Metals Sector Equity;RV Sector Oro y Metales preciosos;EUR;Luxemburgo;7;4;1.61;1.5;19.44;76.34;57.17;27.79;2006-11-20;True;False;0;2026-08-24
LU0496367763;Franklin Gold and Prec Mtls A(acc)EUR;Franklin Gold and Precious Metals Fund A(acc)EUR;Franklin Templeton International Services S.à r.l.;Equity;Precious Metals Sector Equity;RV Sector Oro y Metales preciosos;EUR;Luxemburgo;7;3;1.8;1.5;19.49;92.18;60.36;28.98;2010-04-30;True;False;;2026-08-24
IE00BYVJR916;Jupiter Gold & Silver L EUR Acc;Jupiter Gold & Silver Fund L EUR Accumulation;Jupiter Asset Management (Europe) Limited;Equity;Precious Metals Sector Equity;RV Sector Oro y Metales preciosos;EUR;Irlanda;7;3;1.62;1.5;9.26;79.32;55.51;26.94;2016-07-07;True;False;500;2026-08-24
LU0345780281;Ninety One GSF Glb Gold A Acc USD;Ninety One Global Strategy Fund - Global Gold Fund A Acc USD;Ninety One Luxembourg S.A.;Equity;Precious Metals Sector Equity;RV Sector Oro y Metales preciosos;USD;Luxemburgo;7;3;;1.5;18.4;91.07;59.57;29.96;2007-11-30;True;False;3000;2026-08-24
LU0604766674;Allianz Global Metals and Mining AT EUR;Allianz Global Investors Fund - Allianz Global Metals and Mining AT EUR;Allianz Global Investors GmbH;Equity;Natural Resources Sector Equity;RV Sector Recursos Naturales;EUR;Luxemburgo;6;3;1.8;1.8;24.61;72.26;25.79;16.31;2011-04-12;True;False;0;2026-08-24
LU0408222593;BGF Wld Mining Class A4;BlackRock Global Funds - World Mining Fund A4;BlackRock (Luxembourg) SA;Equity;Natural Resources Sector Equity;RV Sector Recursos Naturales;EUR;Luxemburgo;7;4;2.06;1.75;27.23;74.07;24.66;15.88;2009-01-17;True;False;;2026-08-24
LU0075056555;BGF World Mining A2;BlackRock Global Funds - World Mining Fund A2;BlackRock (Luxembourg) SA;Equity;Natural Resources Sector Equity;RV Sector Recursos Naturales;USD;Luxemburgo;7;4;2.06;1.75;26.73;75.01;27.63;15.89;1997-03-24;True;False;5000;2026-08-24
LU0172157280;BGF World Mining A2 EUR;BlackRock Global Funds - World Mining Fund A2 EUR;BlackRock (Luxembourg) SA;Equity;Natural Resources Sector Equity;RV Sector Recursos Naturales;EUR;Luxemburgo;7;4;2.06;1.75;27.23;74.09;24.66;15.88;1997-03-24;True;False;;2026-08-24
LU0208853274;JPM Global Natural Resources A acc EUR;JPMorgan Funds - Global Natural Resources Fund A (acc) EUR;JPMorgan Asset Management (Europe) S.à r.l.;Equity;Natural Resources Sector Equity;RV Sector Recursos Naturales;EUR;Luxemburgo;6;4;1.75;1.5;32.24;62.67;21.82;19.83;2004-12-21;True;False;35000;2026-08-24
LU0266512127;JPM Global Natural Resources A acc USD;JPMorgan Funds - Global Natural Resources Fund A (acc) USD;JPMorgan Asset Management (Europe) S.à r.l.;Equity;Natural Resources Sector Equity;RV Sector Recursos Naturales;USD;Luxemburgo;6;4;1.75;1.5;31.71;63.58;24.73;19.83;2006-09-12;True;False;35000;2026-08-24
LU0208853944;JPM Global Natural Resources D acc EUR;JPMorgan Funds - Global Natural Resources Fund D (acc) EUR;JPMorgan Asset Management (Europe) S.à r.l.;Equity;Natural Resources Sector Equity;RV Sector Recursos Naturales;EUR;Luxemburgo;6;4;2.75;1.5;31.37;61.13;20.62;18.62;2005-12-05;True;False;5000;2026-08-24
LU0266512630;JPM Global Natural Resources D acc USD;JPMorgan Funds - Global Natural Resources Fund D (acc) USD;JPMorgan Asset Management (Europe) S.à r.l.;Equity;Natural Resources Sector Equity;RV Sector Recursos Naturales;USD;Luxemburgo;6;4;2.8;1.5;30.83;61.86;23.41;18.57;2007-06-08;True;False;5000;2026-08-24
LU2358792120;Ninety One GSF Glb Ntrl Res A Acc EUR;Ninety One Global Strategy Fund - Global Natural Resources Fund A Acc EUR;Ninety One Luxembourg S.A.;Equity;Natural Resources Sector Equity;RV Sector Recursos Naturales;EUR;Luxemburgo;6;5;;1.5;25.94;52.47;20.56;20;2021-07-22;True;False;;2026-08-24
LU0345780950;Ninety One GSF Glb Ntrl Res A Acc USD;Ninety One Global Strategy Fund - Global Natural Resources Fund A Acc USD;Ninety One Luxembourg S.A.;Equity;Natural Resources Sector Equity;RV Sector Recursos Naturales;USD;Luxemburgo;6;5;;1.5;25.33;53.34;23.41;19.99;2008-01-31;True;False;3000;2026-08-24
LU0340559557;Pictet-Timber P EUR;Pictet-Timber P EUR;Pictet Asset Management (Europe) SA;Equity;Natural Resources Sector Equity;RV Sector Recursos Naturales;EUR;Luxemburgo;6;2;2;2.4;0.72;-5.57;-2.99;-2.3;2008-09-29;True;False;0;2026-08-24
LU0340557775;Pictet-Timber P USD;Pictet-Timber P USD;Pictet Asset Management (Europe) SA;Equity;Natural Resources Sector Equity;RV Sector Recursos Naturales;USD;Luxemburgo;6;2;2;2.4;0.33;-5.06;-0.69;-2.29;2008-09-29;True;False;0;2026-08-24
LU0340558237;Pictet-Timber P dy USD;Pictet-Timber P dy USD;Pictet Asset Management (Europe) SA;Equity;Natural Resources Sector Equity;RV Sector Recursos Naturales;USD;Luxemburgo;6;2;2;2.4;0.33;-5.06;-0.69;-2.29;2008-09-29;True;False;0;2026-08-24
LU0340559805;Pictet-Timber R EUR;Pictet-Timber R EUR;Pictet Asset Management (Europe) SA;Equity;Natural Resources Sector Equity;RV Sector Recursos Naturales;EUR;Luxemburgo;6;2;2.7;2.9;0.27;-6.23;-3.68;-2.99;2008-09-29;True;False;0;2026-08-24
LU0505663822;abrdn-Future Minerals A Acc EUR;abrdn SICAV I - Future Minerals Fund A Acc EUR;abrdn Investments Luxembourg S.A.;Equity;Natural Resources Sector Equity;RV Sector Recursos Naturales;EUR;Luxemburgo;6;4;;1.5;24.2;56.56;17.66;12.33;2010-07-26;True;False;1000;2026-08-24
LU0505663152;abrdn-Future Minerals A Acc USD;abrdn SICAV I - Future Minerals Fund A Acc USD;abrdn Investments Luxembourg S.A.;Equity;Natural Resources Sector Equity;RV Sector Recursos Naturales;USD;Luxemburgo;6;4;;1.5;23.72;57.24;20.48;12.38;2010-07-26;True;False;500;2026-08-24
LU0251853072;AB Intl Health Care A EUR Acc;AB SICAV I - International Health Care Portfolio Class A EUR Acc;AllianceBernstein (Luxembourg) S.à r.l.;Equity;Healthcare Sector Equity;RV Sector Salud;EUR;Luxemburgo;6;4;1.95;1.8;9.95;21.49;4.61;3.54;1999-01-04;True;False;750;2026-08-24
LU0058720904;AB Intl Health Care A USD;AB SICAV I - International Health Care Portfolio A Acc;AllianceBernstein (Luxembourg) S.à r.l.;Equity;Healthcare Sector Equity;RV Sector Salud;USD;Luxemburgo;6;4;1.94;1.8;9.26;22.25;7.05;3.5;1995-07-05;True;False;2000;2026-08-24
LU0122379950;BGF World Healthscience A2;BlackRock Global Funds - World Healthscience Fund A2;BlackRock (Luxembourg) SA;Equity;Healthcare Sector Equity;RV Sector Salud;USD;Luxemburgo;5;4;1.81;1.5;8.29;20.31;8.32;4.15;2001-04-06;True;False;5000;2026-08-24
LU0171307068;BGF World Healthscience A2 EUR;BlackRock Global Funds - World Healthscience Fund A2 EUR;BlackRock (Luxembourg) SA;Equity;Healthcare Sector Equity;RV Sector Salud;EUR;Luxemburgo;5;4;1.81;1.5;8.71;19.65;5.8;4.14;2001-04-06;True;False;;2026-08-24
LU0823416762;BNP Paribas Health Cr Innovtr Cl Cap;BNP Paribas Funds Health Care Innovators Classic Capitalisation;BNP Paribas Asset Management Luxembourg;Equity;Healthcare Sector Equity;RV Sector Salud;EUR;Luxemburgo;6;4;;1.5;6.17;22.77;7.82;5.07;2013-05-17;True;False;0;2026-08-24
LU0823416689;BNP Paribas Health Cr Innovtr Cl USD Cap;BNP Paribas Funds Health Care Innovators Classic USD Capitalisation;BNP Paribas Asset Management Luxembourg;Equity;Healthcare Sector Equity;RV Sector Salud;USD;Luxemburgo;6;4;;1.5;5.52;23.36;10.35;5.06;2013-05-17;True;False;0;2026-08-24
ES0156741003;Bankinter Indice Salud A FI;Bankinter Indice Salud A FI;Bankinter Gestión de Activos SGIIC;Equity;Healthcare Sector Equity;RV Sector Salud;EUR;España;6;4;0;0.5;8.67;20.46;5.06;3.45;2020-11-20;True;False;50000;2026-08-24
ES0156741029;Bankinter Indice Salud R FI;Bankinter Indice Salud R FI;Bankinter Gestión de Activos SGIIC;Equity;Healthcare Sector Equity;RV Sector Salud;EUR;España;6;3;1.01;0.7;8.53;20.21;4.85;3.24;2020-11-20;True;False;10;2026-08-24
LU1811048138;Bellevue Digital Health B EUR;Bellevue Funds (Lux) - Bellevue Digital Health B EUR;Bellevue Asset Management Ltd.;Equity;Healthcare Sector Equity;RV Sector Salud;EUR;Luxemburgo;7;1;2.16;1.6;3.1;5.93;1.56;-7.47;2018-04-30;True;False;0;2026-08-24
LU0415391431;Bellevue Medtech & Services B EUR;Bellevue Funds (Lux) - Bellevue Medtech & Services B EUR;Bellevue Asset Management Ltd.;Equity;Healthcare Sector Equity;RV Sector Salud;EUR;Luxemburgo;6;3;2.15;1.6;-9.81;-11.44;-0.72;-2.34;2009-09-30;True;False;0;2026-08-24
LU0453818899;Bellevue Medtech & Services B USD;Bellevue Funds (Lux) - Bellevue Medtech & Services B USD;Bellevue Asset Management Ltd.;Equity;Healthcare Sector Equity;RV Sector Salud;USD;Luxemburgo;6;3;2.15;1.6;-10.28;-11.28;1.69;-2.34;2009-09-30;True;False;0;2026-08-24
LU1864484214;Candriam Equities L Oncology C EUR Cap;Candriam Equities L Oncology Fund Class C EUR Cap;Candriam;Equity;Healthcare Sector Equity;RV Sector Salud;EUR;Luxemburgo;6;4;;1.6;13.76;36.96;10.1;4.13;2019-04-26;True;False;0;2026-08-24
LU1864481467;Candriam Equities L Oncology C USD Cap;Candriam Equities L Oncology Fund Class C USD Cap;Candriam;Equity;Healthcare Sector Equity;RV Sector Salud;USD;Luxemburgo;6;4;;1.6;13.17;37.19;12.76;4.13;2018-11-15;True;False;0;2026-08-24
LU0261952419;Fidelity Global Healthcare A-Acc-EUR;Fidelity Funds - Global Healthcare Fund A-Acc-EUR;FIL Investment Management (Luxembourg) S.à r.l.;Equity;Healthcare Sector Equity;RV Sector Salud;EUR;Luxemburgo;5;2;;1.5;0.6;5.86;0.12;-0.66;2006-09-25;True;False;;2026-08-24
LU0882574055;Fidelity Global Healthcare A-Acc-USD;Fidelity Funds - Global Healthcare Fund A-Acc-USD;FIL Investment Management (Luxembourg) S.à r.l.;Equity;Healthcare Sector Equity;RV Sector Salud;USD;Luxemburgo;5;2;;1.5;0.15;6.56;2.5;-0.67;2013-03-27;True;False;1000;2026-08-24
LU0114720955;Fidelity Global Healthcare A-Dis-EUR;Fidelity Funds - Global Healthcare Fund A-DIST-EUR;FIL Investment Management (Luxembourg) S.à r.l.;Equity;Healthcare Sector Equity;RV Sector Salud;EUR;Luxemburgo;5;2;;1.5;0.59;5.86;0.13;-0.66;2000-09-01;True;False;;2026-08-24
LU1775982595;Invesco Global Hlth Care Innovt A USD AD;Invesco Funds - Invesco Global Health Care Innovation Fund A-Annual Distribution Shares USD;Invesco Management S.A.;Equity;Healthcare Sector Equity;RV Sector Salud;USD;Luxemburgo;6;3;;1.5;7.04;17.51;9.32;2.37;2018-09-07;True;False;1500;2026-08-24
LU0880062913;JPM Global Healthcare A acc EUR;JPMorgan Funds - Global Healthcare Fund A (acc) EUR;JPMorgan Asset Management (Europe) S.à r.l.;Equity;Healthcare Sector Equity;RV Sector Salud;EUR;Luxemburgo;5;3;1.7;1.5;9.07;22.52;5.02;2.76;2013-02-01;True;False;35000;2026-08-24
LU0432979614;JPM Global Healthcare A acc USD;JPMorgan Funds - Global Healthcare Fund A (acc) USD;JPMorgan Asset Management (Europe) S.à r.l.;Equity;Healthcare Sector Equity;RV Sector Salud;USD;Luxemburgo;5;4;1.7;1.5;8.65;23.2;7.52;2.77;2009-10-02;True;False;35000;2026-08-24
LU0432979374;JPM Global Healthcare A dist USD;JPMorgan Funds - Global Healthcare Fund A (dist) USD;JPMorgan Asset Management (Europe) S.à r.l.;Equity;Healthcare Sector Equity;RV Sector Salud;USD;Luxemburgo;5;4;1.7;1.5;8.65;23.2;7.52;2.77;2009-10-02;True;False;35000;2026-08-24
LU1021349151;JPM Global Healthcare D acc EUR;JPMorgan Funds - Global Healthcare Fund D (acc) EUR;JPMorgan Asset Management (Europe) S.à r.l.;Equity;Healthcare Sector Equity;RV Sector Salud;EUR;Luxemburgo;5;3;2.71;1.5;8.38;21.3;3.97;1.73;2014-02-06;True;False;5000;2026-08-24
LU0432979960;JPM Global Healthcare D acc USD;JPMorgan Funds - Global Healthcare Fund D (acc) USD;JPMorgan Asset Management (Europe) S.à r.l.;Equity;Healthcare Sector Equity;RV Sector Salud;USD;Luxemburgo;5;3;2.71;1.5;7.95;21.96;6.44;1.74;2009-10-02;True;False;5000;2026-08-24
IE00BMXMV145;Janus Henderson Glb Life Scn A2 EUR;Janus Henderson Capital Funds plc - Global Life Sciences Fund Class A2 EUR;Janus Henderson Investors;Equity;Healthcare Sector Equity;RV Sector Salud;EUR;Irlanda;6;5;2.41;1.5;14.64;38.26;11.31;7.71;2021-03-30;True;False;2500;2026-08-24
IE0009355771;Janus Henderson Glb Life Scn A2 USD;Janus Henderson Capital Funds plc - Global Life Sciences Fund Class A2 USD;Janus Henderson Investors;Equity;Healthcare Sector Equity;RV Sector Salud;USD;Irlanda;6;5;2.41;1.5;13.95;39.09;13.93;7.66;2000-03-31;True;False;2500;2026-08-24
LU0255978776;Pictet-Longevity P EUR;Pictet-Longevity P EUR;Pictet Asset Management (Europe) SA;Equity;Healthcare Sector Equity;RV Sector Salud;EUR;Luxemburgo;5;1;2;2.4;-7.4;-6.52;-2.67;-3.97;2006-06-14;True;False;0;2026-08-24
LU0188501257;Pictet-Longevity PUSD;Pictet-Longevity PUSD;Pictet Asset Management (Europe) SA;Equity;Healthcare Sector Equity;RV Sector Salud;USD;Luxemburgo;6;1;2;2.4;-7.76;-6.01;-0.35;-3.97;2004-06-30;True;False;0;2026-08-24
IE00B3NLTK32;Polar Capital Healthcare Opports R Inc;Polar Capital Funds PLC - Polar Capital Healthcare Opportunities Fund R Inc;Polar Capital LLP;Equity;Healthcare Sector Equity;RV Sector Salud;USD;Irlanda;6;5;;1.5;10.78;26.76;15.63;7.3;2009-04-01;True;False;0;2026-08-24
IE00B3NLSS43;Polar Capital Healthcare Opports R Inc EUR;Polar Capital Funds PLC - Polar Capital Healthcare Opportunities Fund R Inc EUR;Polar Capital LLP;Equity;Healthcare Sector Equity;RV Sector Salud;EUR;Irlanda;6;5;;1.5;11.37;26.54;12.89;7.3;2009-04-01;True;False;;2026-08-24
LU1683285164;UBS Lux Dgtl Hlth Eq Fd P acc;UBS (Lux) Investment SICAV 2 - UBS (Lux) Digital Health Equity Fund P acc;UBS Asset Management (Europe) S.A.;Equity;Healthcare Sector Equity;RV Sector Salud;USD;Luxemburgo;7;1;;1.92;7.79;14.84;5.57;-7.55;2017-12-14;True;False;0;2026-08-24
LU0329630130;Variopartner MIV Global Medtech P2 EUR;Variopartner SICAV - MIV Global Medtech Fund P2 EUR Cap;MIV Asset Management AG;Equity;Healthcare Sector Equity;RV Sector Salud;EUR;Luxemburgo;6;2;1.6;1.5;-12.73;-14.46;-0.9;-4.73;2010-01-13;True;False;0;2026-08-24
LU0969575561;Variopartner MIV Global Medtech P3 USD;Variopartner SICAV - MIV Global Medtech Fund P3 USD Cap;MIV Asset Management AG;Equity;Healthcare Sector Equity;RV Sector Salud;USD;Luxemburgo;6;2;1.6;1.5;-13.18;-14.31;1.5;-4.72;2013-10-21;True;False;0;2026-08-24
LU1536921650;AXAWF Robotech A Cap EUR;AXA World Funds - Robotech A Capitalisation EUR;BNP PARIBAS ASSET MANAGEMENT Europe;Equity;Technology Sector Equity;RV Sector Tecnología;EUR;Luxemburgo;6;2;1.74;1.5;16.05;21.65;13.78;4.7;2017-02-01;True;False;0;2026-08-24
LU1529780063;AXAWF Robotech A Cap USD;AXA World Funds - Robotech A Capitalisation USD;BNP PARIBAS ASSET MANAGEMENT Europe;Equity;Technology Sector Equity;RV Sector Tecnología;USD;Luxemburgo;6;2;1.74;1.5;15.35;22.24;16.45;4.69;2017-02-01;True;False;0;2026-08-24
LU2286300988;Allianz Cyber Security AT EUR Acc;Allianz Global Investors Fund - Allianz Cyber Security AT EUR Acc;Allianz Global Investors GmbH;Equity;Technology Sector Equity;RV Sector Tecnología;EUR;Luxemburgo;7;3;2.05;2.35;28.86;29.11;26.03;8.93;2021-02-09;True;False;0;2026-08-24
LU2286300806;Allianz Cyber Security AT USD Acc;Allianz Global Investors Fund - Allianz Cyber Security AT USD Acc;Allianz Global Investors GmbH;Equity;Technology Sector Equity;RV Sector Tecnología;USD;Luxemburgo;7;3;2.05;2.35;28.5;29.52;29.13;9.1;2021-02-09;True;False;0;2026-08-24
LU1548497699;Allianz Global Artfcl Intlgc AT EUR;Allianz Global Investors Fund - Allianz Global Artificial Intelligence AT EUR;Allianz Global Investors GmbH;Equity;Technology Sector Equity;RV Sector Tecnología;EUR;Luxemburgo;7;2;2.05;2.05;17.4;32;19.3;5.69;2017-05-02;True;False;0;2026-08-24
LU1548497426;Allianz Global Artfcl Intlgc AT USD;Allianz Global Investors Fund - Allianz Global Artificial Intelligence AT USD;Allianz Global Investors GmbH;Equity;Technology Sector Equity;RV Sector Tecnología;USD;Luxemburgo;7;2;2.05;2.05;17.08;32.56;22.24;5.74;2017-03-31;True;False;0;2026-08-24
LU1861215975;BGF Next Generation Technology A2;BlackRock Global Funds - Next Generation Technology Fund A2;BlackRock (Luxembourg) SA;Equity;Technology Sector Equity;RV Sector Tecnología;USD;Luxemburgo;6;2;1.81;1.5;34.77;58.58;31.79;6.12;2018-09-04;True;False;5000;2026-08-24
LU1917164938;BGF Next Generation Technology E2;BlackRock Global Funds - Next Generation Technology Fund E2;BlackRock (Luxembourg) SA;Equity;Technology Sector Equity;RV Sector Tecnología;EUR;Luxemburgo;7;2;2.31;1.5;34.9;56.97;28.12;5.58;2018-12-12;True;False;;2026-08-24
LU0056508442;BGF World Technology A2;BlackRock Global Funds - World Technology Fund A2;BlackRock (Luxembourg) SA;Equity;Technology Sector Equity;RV Sector Tecnología;USD;Luxemburgo;6;4;1.81;1.5;29.08;41.42;32.57;11.66;1995-03-03;True;False;5000;2026-08-24
LU0171310443;BGF World Technology A2 EUR;BlackRock Global Funds - World Technology Fund A2 EUR;BlackRock (Luxembourg) SA;Equity;Technology Sector Equity;RV Sector Tecnología;EUR;Luxemburgo;6;4;1.81;1.5;29.58;40.63;29.49;11.65;1995-03-03;True;False;;2026-08-24
LU0171311680;BGF World Technology A2 GBP;BlackRock Global Funds - World Technology Fund A2 GBP;BlackRock (Luxembourg) SA;Equity;Technology Sector Equity;RV Sector Tecnología;GBP;Luxemburgo;6;4;1.81;1.5;27.07;39.16;29.58;11.64;1995-03-03;True;False;;2026-08-24
LU0823421689;BNP Paribas Disrpt Tech Cl C;BNP Paribas Funds Disruptive Technology Classic Capitalisation;BNP Paribas Asset Management Luxembourg;Equity;Technology Sector Equity;RV Sector Tecnología;EUR;Luxemburgo;6;4;;1.5;25.21;40.33;24.87;14.41;2013-05-17;True;False;0;2026-08-24
IE00BZ199G90;BNY Mellon Mobility Innovation EUR A Acc;BNY Mellon Mobility Innovation Fund EUR A Acc;BNY Mellon Fund Management (Lux) S.A.;Equity;Technology Sector Equity;RV Sector Tecnología;EUR;Irlanda;6;2;;1.85;14.95;25.43;15.4;5.02;2018-10-05;True;False;5000;2026-08-24
IE00BZ199J22;BNY Mellon Mobility Innovation USD A Acc;BNY Mellon Mobility Innovation Fund USD A Acc;BNY Mellon Fund Management (Lux) S.A.;Equity;Technology Sector Equity;RV Sector Tecnología;USD;Irlanda;6;2;;1.85;14.25;25.72;18.22;5.01;2018-08-01;True;False;5000;2026-08-24
ES0114105036;Bankinter EE.UU. Nasdaq 100 R FI;Bankinter EE.UU. Nasdaq 100 R FI;Bankinter Gestión de Activos SGIIC;Equity;Technology Sector Equity;RV Sector Tecnología;EUR;España;6;3;1.26;1.15;12.16;20.87;21.54;10.31;2001-03-07;True;True;1;2026-08-24
ES0114797030;Bankinter Tecnología R FI;BankinterTecnología R FI;Bankinter Gestión de Activos SGIIC;Equity;Technology Sector Equity;RV Sector Tecnología;EUR;España;6;3;1.54;1.4;18.51;28.35;22.42;13.38;1999-06-25;True;False;1;2026-08-24
LU2092176515;BlueBox Funds Global Technology C € Acc;BlueBox Funds - BlueBox Global Technology Fund Class C EUR Acc;BlueBox Asset Management UK Ltd;Equity;Technology Sector Equity;RV Sector Tecnología;EUR;Luxemburgo;7;3;2.48;2.2;23.88;35.92;25.27;13.48;2021-04-21;True;False;;2026-08-24
LU0444971666;CT (Lux) Global Tech AU USD;CT (Lux) - Global Technology Class AU (USD Accumulation Shares);Threadneedle Management Luxembourg S.A.;Equity;Technology Sector Equity;RV Sector Tecnología;USD;Luxemburgo;6;5;1.95;1.65;47.8;78.54;41.72;22.67;2010-03-12;True;False;2500;2026-08-24
LU1502282632;Candriam Eqs L Rbtc&Innov Tech C EUR Cap;Candriam Equities L Robotics & Innovative Technology Class C EUR Cap;Candriam;Equity;Technology Sector Equity;RV Sector Tecnología;EUR;Luxemburgo;6;3;1.95;1.6;34.74;51.07;25.88;13.03;2017-06-06;True;False;;2026-08-24
LU2809794220;Carmignac Pf Tech Solutions A EUR Acc;Carmignac Portfolio Tech Solutions A EUR Acc;Carmignac Gestion Luxembourg S.A.;Equity;Technology Sector Equity;RV Sector Tecnología;EUR;Luxemburgo;6;;1.79;2;38.13;64.49;;;2024-06-21;True;False;0;2026-08-24
LU0302296495;DNB Fund Technology A EUR Acc;DNB Fund - Technology A EUR (Acc);DNB Asset Management AS;Equity;Technology Sector Equity;RV Sector Tecnología;EUR;Luxemburgo;6;4;1.55;1.5;20.86;38.76;30.27;17.95;2007-08-16;True;False;0;2026-08-24
LU1047850349;DNB Fund Technology A USD Acc;DNB Fund - Technology A USD (Acc);DNB Asset Management AS;Equity;Technology Sector Equity;RV Sector Tecnología;USD;Luxemburgo;6;4;1.56;1.5;20.24;39.01;33.43;17.96;2015-08-10;True;False;0;2026-08-24
DE0008474149;DWS Artificial Intelligence ND;DWS Artificial Intelligence ND;DWS Investment GmbH;Equity;Technology Sector Equity;RV Sector Tecnología;EUR;Alemania;6;3;1.77;1.7;18.2;24.43;23.54;11.74;1983-10-14;True;False;0;2026-08-24
LU1863263346;DWS Invest Artificial Intllgnc LC;DWS Invest Artificial Intelligence LC;DWS Investment S.A.;Equity;Technology Sector Equity;RV Sector Tecnología;EUR;Luxemburgo;6;3;1.6;1.5;18.31;24.57;23.49;11.83;2018-10-01;True;False;0;2026-08-24
LU1885668399;DWS Invest Artificial Intllgnc USD LC;DWS Invest Artificial Intelligence USD LC;DWS Investment S.A.;Equity;Technology Sector Equity;RV Sector Tecnología;USD;Luxemburgo;6;3;1.6;1.5;17.5;25.25;26.42;11.85;2019-04-04;True;False;0;2026-08-24
LU1819480192;Echiquier Artificial Intelligence B EUR;Echiquier Artificial Intelligence B EUR;La Financière de l'Echiquier;Equity;Technology Sector Equity;RV Sector Tecnología;EUR;Luxemburgo;7;2;;1.64;20.14;32.14;30.59;6.21;2018-06-20;True;False;0;2026-08-24
LU2466448532;Echiquier Space B;Echiquier Space B;La Financière de l'Echiquier;Equity;Technology Sector Equity;RV Sector Tecnología;EUR;Luxemburgo;5;3;;1.65;13.41;23.2;34.69;12.02;2022-12-12;True;False;0;2026-08-24
LU2466448706;Echiquier Space B USD;Echiquier Space B USD;La Financière de l'Echiquier;Equity;Technology Sector Equity;RV Sector Tecnología;USD;Luxemburgo;5;;;1.65;;;;;2022-07-01;True;False;0;2026-08-24
LU1244893696;EdRF Big Data A EUR;Edmond de Rothschild Fund - Big Data A-EUR accumulating;Edmond de Rothschild Asset Management (France);Equity;Technology Sector Equity;RV Sector Tecnología;EUR;Luxemburgo;5;3;2.08;1.6;20.25;25.58;16.99;11.87;2015-08-31;True;False;1;2026-08-24
LU1244893779;EdRF Big Data A USD;Edmond de Rothschild Fund - Big Data A USD;Edmond de Rothschild Asset Management (France);Equity;Technology Sector Equity;RV Sector Tecnología;USD;Luxemburgo;5;3;2.08;1.6;19.7;25.88;19.86;11.91;2015-08-31;True;False;0;2026-08-24
LU1244895394;EdRF Big Data R EUR;Edmond de Rothschild Fund - Big Data R EUR;Edmond de Rothschild Asset Management (France);Equity;Technology Sector Equity;RV Sector Tecnología;EUR;Luxemburgo;5;3;2.57;2.1;20.01;25.09;16.48;11.39;2015-09-23;True;False;0;2026-08-24
LU1213836080;Fidelity Global Technology A-Acc-EUR;Fidelity Funds - Global Technology Fund A-Acc-EUR;FIL Investment Management (Luxembourg) S.à r.l.;Equity;Technology Sector Equity;RV Sector Tecnología;EUR;Luxemburgo;6;4;;1.5;16.57;28.79;22.83;14.44;2015-04-16;True;False;;2026-08-24
LU1046421795;Fidelity Global Technology A-Acc-USD;Fidelity Funds - Global Technology Fund A-Acc-USD;FIL Investment Management (Luxembourg) S.à r.l.;Equity;Technology Sector Equity;RV Sector Tecnología;USD;Luxemburgo;6;4;;1.5;16.08;29.65;25.76;14.43;2014-04-09;True;False;1000;2026-08-24
LU0099574567;Fidelity Global Technology A-Dis-EUR;Fidelity Funds - Global Technology Fund A-DIST-EUR;FIL Investment Management (Luxembourg) S.à r.l.;Equity;Technology Sector Equity;RV Sector Tecnología;EUR;Luxemburgo;6;4;;1.5;16.57;28.79;22.83;14.44;1999-09-01;True;False;;2026-08-24
LU0260870158;Franklin Technology A Acc EUR;Franklin Technology Fund A (Acc) EUR;Franklin Templeton International Services S.à r.l.;Equity;Technology Sector Equity;RV Sector Tecnología;EUR;Luxemburgo;7;3;1.8;1.5;23.79;32.75;25.4;10.63;2006-09-01;True;False;;2026-08-24
LU0109392836;Franklin Technology A Acc USD;Franklin Technology Fund A (Acc) USD;Franklin Templeton International Services S.à r.l.;Equity;Technology Sector Equity;RV Sector Tecnología;USD;Luxemburgo;7;3;1.8;1.5;23.02;33.59;28.33;10.59;2000-04-03;True;False;1000;2026-08-24
LU2484078832;Invesco Artificial Intllgnc A Acc EUR;Invesco Funds - Invesco Artificial Intelligence Fund A Acc EUR;Invesco Management S.A.;Equity;Technology Sector Equity;RV Sector Tecnología;EUR;Luxemburgo;6;3;;1.5;16.86;28.1;25.41;;2022-08-08;True;False;1000;2026-08-24
LU0210532015;JPM Europe Dynamic Techs A acc EUR;JPMorgan Funds - Europe Dynamic Technologies Fund A (acc) EUR;JPMorgan Asset Management (Europe) S.à r.l.;Equity;Technology Sector Equity;RV Sector Tecnología;EUR;Luxemburgo;6;2;1.74;1.5;20.92;28.75;12.33;2.48;2005-03-31;True;False;35000;2026-08-24
LU0104030142;JPM Europe Dynamic Techs A dist EUR;JPMorgan Funds - Europe Dynamic Technologies Fund A (dist) EUR;JPMorgan Asset Management (Europe) S.à r.l.;Equity;Technology Sector Equity;RV Sector Tecnología;EUR;Luxemburgo;6;2;1.75;1.5;20.9;28.73;12.31;2.47;1999-11-08;True;False;35000;2026-08-24
LU0117884675;JPM Europe Dynamic Techs D acc EUR;JPMorgan Funds - Europe Dynamic Technologies Fund D (acc) EUR;JPMorgan Asset Management (Europe) S.à r.l.;Equity;Technology Sector Equity;RV Sector Tecnología;EUR;Luxemburgo;6;2;2.75;1.5;20.1;27.44;11.18;1.45;2000-10-13;True;False;5000;2026-08-24
LU0159052710;JPM US Technology A acc EUR;JPMorgan Funds - US Technology Fund A (acc) - EUR;JPMorgan Asset Management (Europe) S.à r.l.;Equity;Technology Sector Equity;RV Sector Tecnología;EUR;Luxemburgo;7;3;1.68;1.5;9.29;18.61;21.17;9.89;2010-06-11;True;False;35000;2026-08-24
LU0210536867;JPM US Technology A acc USD;JPMorgan Funds - US Technology Fund A (acc) - USD;JPMorgan Asset Management (Europe) S.à r.l.;Equity;Technology Sector Equity;RV Sector Tecnología;USD;Luxemburgo;7;3;1.71;1.5;8.84;19.21;24.02;9.86;2005-03-31;True;False;35000;2026-08-24
LU0082616367;JPM US Technology A dist USD;JPMorgan Funds - US Technology Fund A (dist) - USD;JPMorgan Asset Management (Europe) S.à r.l.;Equity;Technology Sector Equity;RV Sector Tecnología;USD;Luxemburgo;7;3;;1.5;8.84;19.21;24.02;9.86;1997-12-05;True;False;35000;2026-08-24
LU0159053015;JPM US Technology D acc EUR;JPMorgan Funds - US Technology Fund D (acc) - EUR;JPMorgan Asset Management (Europe) S.à r.l.;Equity;Technology Sector Equity;RV Sector Tecnología;EUR;Luxemburgo;7;3;2.69;1.5;8.58;17.41;19.96;8.78;2009-12-11;True;False;5000;2026-08-24
LU0117885052;JPM US Technology D acc USD;JPMorgan Funds - US Technology Fund D (acc) - USD;JPMorgan Asset Management (Europe) S.à r.l.;Equity;Technology Sector Equity;RV Sector Tecnología;USD;Luxemburgo;7;3;2.69;1.5;8.12;17.99;22.79;8.78;2000-10-13;True;False;5000;2026-08-24
IE0009356076;Janus Henderson Glb Tech&Inno A2 USD;Janus Henderson Capital Funds plc - Global Technology and Innovation Fund A2 USD;Janus Henderson Investors;Equity;Technology Sector Equity;RV Sector Tecnología;USD;Irlanda;6;4;2.43;1.5;25.9;35.56;31.38;13.78;2000-03-31;True;False;2500;2026-08-24
LU0572952280;Janus Henderson Hrzn GlbTechLdrs A2EUR;Janus Henderson Horizon Global Technology Leaders Fund A2 EUR;Janus Henderson Investors;Equity;Technology Sector Equity;RV Sector Tecnología;EUR;Luxemburgo;6;4;1.87;1.2;24.04;35.3;29.08;15.57;2007-10-19;True;False;2500;2026-08-24
LU0572952017;Janus Henderson Hrzn GlbTechLdrs A2GBP;Janus Henderson Horizon Global Technology Leaders Fund A2 GBP;Janus Henderson Investors;Equity;Technology Sector Equity;RV Sector Tecnología;GBP;Luxemburgo;6;4;1.87;1.2;21.64;33.87;29.16;15.55;2006-01-03;True;False;1500;2026-08-24
LU0070992663;Janus Henderson Hrzn GlbTechLdrs A2USD;Janus Henderson Horizon Global Technology Leaders Fund A2 USD;Janus Henderson Investors;Equity;Technology Sector Equity;RV Sector Tecnología;USD;Luxemburgo;6;4;1.87;1.2;23.55;36.04;32.15;15.58;1996-10-15;True;False;2500;2026-08-24
IE00018YKVN0;Neuberger Nex GenSpcEcyEURAAccUnH;Neuberger Next Generation Space Economy Fund EUR A Accumulating Class - Unhedged;Neuberger Berman Asset Management Ireland Limited;Equity;Technology Sector Equity;RV Sector Tecnología;EUR;Irlanda;6;;1.85;0.85;12.74;25.47;;;2024-10-30;True;False;1000;2026-08-24
IE00BMD7ZB71;Neuberger Next Gen Cnnctvity EUR A Acc;Neuberger Next Generation Connectivity Fund EUR A Accumulating Class - Unhedged;Neuberger Berman Asset Management Ireland Limited;Equity;Technology Sector Equity;RV Sector Tecnología;EUR;Irlanda;6;3;1.83;1.7;40.13;60.45;39.7;15.38;2020-04-22;True;False;1000;2026-08-24
IE00BMPRXN33;Neuberger Next Gen Cnnctvity USD A Acc;Neuberger Next Generation Connectivity Fund USD A Accumulating Class;Neuberger Berman Asset Management Ireland Limited;Equity;Technology Sector Equity;RV Sector Tecnología;USD;Irlanda;6;3;1.83;1.7;39.27;61.21;42.95;15.37;2020-05-04;True;False;1000;2026-08-24
LU1919842267;Oddo BHF Artificial Intellig CR-EUR;Oddo BHF Artificial Intelligence CR-EUR;ODDO BHF Asset Management SAS;Equity;Technology Sector Equity;RV Sector Tecnología;EUR;Luxemburgo;6;3;;1.6;15.13;22.58;21.06;10.31;2019-01-14;True;False;100;2026-08-24
LU1833932780;Oddo BHF Artificial Intellig CR-USD;Oddo BHF Artificial Intelligence CR-USD;ODDO BHF Asset Management SAS;Equity;Technology Sector Equity;RV Sector Tecnología;USD;Luxemburgo;6;3;;1.6;14.53;23.23;23.79;10.2;2019-01-14;True;False;100;2026-08-24
LU1279334210;Pictet - Robotics P EUR;Pictet - Robotics P EUR;Pictet Asset Management (Europe) SA;Equity;Technology Sector Equity;RV Sector Tecnología;EUR;Luxemburgo;6;3;1.97;2.4;24.19;43.17;26.12;13.53;2015-10-07;True;False;0;2026-08-24
LU1279333675;Pictet - Robotics P USD;Pictet - Robotics P USD;Pictet Asset Management (Europe) SA;Equity;Technology Sector Equity;RV Sector Tecnología;USD;Luxemburgo;7;3;1.97;2.4;23.7;43.94;29.12;13.54;2015-10-07;True;False;0;2026-08-24
LU1279334301;Pictet - Robotics P dy EUR;Pictet - Robotics P dy EUR;Pictet Asset Management (Europe) SA;Equity;Technology Sector Equity;RV Sector Tecnología;EUR;Luxemburgo;6;3;1.97;2.4;24.19;43.17;26.12;13.53;2015-10-07;True;False;0;2026-08-24
LU1279334483;Pictet - Robotics R EUR;Pictet - Robotics R EUR;Pictet Asset Management (Europe) SA;Equity;Technology Sector Equity;RV Sector Tecnología;EUR;Luxemburgo;6;3;2.68;2.9;23.63;42.16;25.23;12.73;2015-10-07;True;False;0;2026-08-24
LU1279333832;Pictet - Robotics R USD;Pictet - Robotics R USD;Pictet Asset Management (Europe) SA;Equity;Technology Sector Equity;RV Sector Tecnología;USD;Luxemburgo;7;3;2.68;2.9;23.15;42.93;28.21;12.74;2015-10-07;True;False;0;2026-08-24
LU0340554913;Pictet-Digital P EUR;Pictet-Digital P EUR;Pictet Asset Management (Europe) SA;Equity;Technology Sector Equity;RV Sector Tecnología;EUR;Luxemburgo;6;3;1.98;2.4;15.46;21.91;23.42;9.04;2008-06-30;True;False;0;2026-08-24
LU0101692670;Pictet-Digital PUSD;Pictet-Digital PUSD;Pictet Asset Management (Europe) SA;Equity;Technology Sector Equity;RV Sector Tecnología;USD;Luxemburgo;6;3;1.98;2.4;15.01;22.57;26.35;9.05;1997-11-14;True;False;0;2026-08-24
LU0340555134;Pictet-Digital R EUR;Pictet-Digital R EUR;Pictet Asset Management (Europe) SA;Equity;Technology Sector Equity;RV Sector Tecnología;EUR;Luxemburgo;6;3;2.69;2.9;14.94;21.05;22.55;8.28;2008-06-30;True;False;0;2026-08-24
IE00BM95B621;Polar Capital Global Tech R Acc;Polar Capital Funds PLC - Polar Capital Global Technology Fund R Acc;Polar Capital LLP;Equity;Technology Sector Equity;RV Sector Tecnología;EUR;Irlanda;6;5;;1.5;50.12;85.95;48.31;23.21;2020-06-30;True;False;0;2026-08-24
IE00B433M743;Polar Capital Global Tech R Inc;Polar Capital Funds PLC - Polar Capital Global Technology Fund R Income;Polar Capital LLP;Equity;Technology Sector Equity;RV Sector Tecnología;USD;Irlanda;7;5;;1.5;49.34;86.3;51.91;23.23;2009-09-04;True;False;0;2026-08-24
IE00B4468526;Polar Capital Global Tech R Inc EUR;Polar Capital Funds PLC - Polar Capital Global Technology Fund R Income EUR;Polar Capital LLP;Equity;Technology Sector Equity;RV Sector Tecnología;EUR;Irlanda;7;5;;1.5;50.13;85.96;48.32;23.22;2009-09-04;True;False;;2026-08-24
IE00B42N8Z54;Polar Capital Global Tech R Inc GBP;Polar Capital Funds PLC - Polar Capital Global Technology Fund R Income GBP;Polar Capital LLP;Equity;Technology Sector Equity;RV Sector Tecnología;GBP;Irlanda;7;5;;1.5;47.34;84.11;48.48;23.2;2009-09-04;True;False;;2026-08-24
FR0014008M99;R-co Thematic Blockchain Global Eq C EUR;R-co Thematic Blockchain Global Equity C EUR;Rothschild & Co Asset Management;Equity;Technology Sector Equity;RV Sector Tecnología;EUR;Francia;6;2;;2.25;-5.99;-6;26.87;;2022-07-08;True;False;1;2026-08-24
LU1700710939;Robeco FinTech D EUR;Robeco FinTech D EUR;Robeco Institutional Asset Management BV;Equity;Technology Sector Equity;RV Sector Tecnología;EUR;Luxemburgo;6;2;1.71;1.5;-8.29;-15.31;8.4;-3.67;2017-11-17;True;False;0;2026-08-24
LU1700711317;Robeco FinTech D USD;Robeco FinTech D USD;Robeco Institutional Asset Management BV;Equity;Technology Sector Equity;RV Sector Tecnología;USD;Luxemburgo;6;2;1.71;1.5;-8.78;-15.16;11.03;-3.67;2017-11-17;True;False;0;2026-08-24
LU2145465402;Robeco Smart Mobility D-EUR Cap;Robeco Smart Mobility D-EUR Capitalisation;Robeco Institutional Asset Management BV;Equity;Technology Sector Equity;RV Sector Tecnología;EUR;Luxemburgo;6;2;;1.5;23.27;34.25;13.02;6.37;2020-10-29;True;False;0;2026-08-24
LU2145465584;Robeco Smart Mobility D-USD Cap;Robeco Smart Mobility D-USD Capitalisation;Robeco Institutional Asset Management BV;Equity;Technology Sector Equity;RV Sector Tecnología;USD;Luxemburgo;7;2;1.72;1.5;22.62;34.47;15.76;6.38;2020-10-29;True;False;0;2026-08-24
LU1244139660;T. Rowe Price Glb Tech Eq A;T. Rowe Price Funds SICAV - Global Technology Equity Fund A;T. Rowe Price (Luxembourg) Management S.à r.l.;Equity;Technology Sector Equity;RV Sector Tecnología;USD;Luxemburgo;7;2;1.85;1.75;34.21;49.72;35.77;7.18;2015-06-15;True;False;0;2026-08-24
LU0081259029;UBS (Lux) EF Tech Opp (USD) P acc;UBS (Lux) Equity Fund - Tech Opportunity (USD) P-acc;UBS Asset Management (Europe) S.A.;Equity;Technology Sector Equity;RV Sector Tecnología;USD;Luxemburgo;7;2;2.11;1.63;17.54;28.6;23.12;8.31;1997-12-01;True;False;;2026-08-24
LU1330433571;UBS Lux Rbtc and Atmtn Eq P acc;UBS (Lux) Investment SICAV 2 - UBS (Lux) Robotics and Automation Equity Fund P acc;UBS Asset Management (Europe) S.A.;Equity;Technology Sector Equity;RV Sector Tecnología;USD;Luxemburgo;6;2;1.85;1.92;16.78;24.55;14.57;2.69;2016-06-30;True;False;0;2026-08-24
LU1751454437;Wellington Asia Tech USD D Acc;Wellington Asia Technology Fund USD D Ac;Wellington Luxembourg S.à r.l.;Equity;Technology Sector Equity;RV Sector Tecnología;USD;Luxemburgo;6;3;2.14;0.9;34.88;59.17;34.63;13.55;2018-03-14;True;False;5000;2026-08-24
LU0087657150;AXAWF Switzerland Eq A Cap CHF;AXA World Funds - Switzerland Equity A Capitalisation CHF;BNP PARIBAS ASSET MANAGEMENT Europe;Equity;Europe Equity Large Cap;RV Suiza;CHF;Luxemburgo;5;2;1.74;1.5;11.73;13.92;7.53;1.11;1990-06-20;True;False;0;2026-08-24
LU0184627536;AXAWF Switzerland Eq A Cap EUR;AXA World Funds - Switzerland Equity A Capitalisation EUR;BNP PARIBAS ASSET MANAGEMENT Europe;Equity;Europe Equity Large Cap;RV Suiza;EUR;Luxemburgo;5;2;1.74;1.5;11.13;14.37;8.43;3.92;2004-02-27;True;False;0;2026-08-24
LU0054754816;Fidelity Switzerland A-Dis-CHF;Fidelity Funds - Switzerland Fund A-DIST-CHF;FIL Investment Management (Luxembourg) S.à r.l.;Equity;Europe Equity Large Cap;RV Suiza;CHF;Luxemburgo;5;1;;1.5;11.27;13.9;9.01;0.68;1995-02-13;True;False;;2026-08-24
LU0106244287;Schroder ISF Swiss Equity A Acc CHF;Schroder International Selection Fund Swiss Equity A Accumulation CHF;Schroder Investment Management (Europe) S.A.;Equity;Europe Equity Large Cap;RV Suiza;CHF;Luxemburgo;5;2;1.58;1.25;8.21;11.74;8.51;1.83;2000-01-17;True;False;;2026-08-24
LU0073503921;UBAM Swiss Equity AC CHF;UBAM - Swiss Equity AC CHF;UBP Asset Management (Europe) S.A.;Equity;Europe Equity Large Cap;RV Suiza;CHF;Luxemburgo;6;2;1.38;1;8;10.7;10.61;0.38;1997-01-31;True;False;0;2026-08-24
LU0038279252;GAM Multistock Swiss Sm & Md Cp Eq CHF A;GAM Multistock - Swiss Small & Mid Cap Equity CHF A;GAM (Luxembourg) SA;Equity;Europe Equity Mid/Small Cap;RV Suiza Cap. Peq/Mediana;CHF;Luxemburgo;6;2;1.72;1.6;8.11;8.24;4.76;-2.33;1992-04-24;True;False;0;2026-08-24
LU0038279179;GAM Multistock Swiss Sm & Md Cp Eq CHF B;GAM Multistock - Swiss Small & Mid Cap Equity CHF B;GAM (Luxembourg) SA;Equity;Europe Equity Mid/Small Cap;RV Suiza Cap. Peq/Mediana;CHF;Luxemburgo;6;2;1.72;1.6;8.11;8.25;4.76;-2.33;1992-04-24;True;False;0;2026-08-24
LU0636969866;Mirabaud Eqs Swiss Sm & Mid A CHF Acc;Mirabaud - Equities Swiss Small & Mid A CHF Acc;Mirabaud Asset Management (Suisse) SA;Equity;Europe Equity Mid/Small Cap;RV Suiza Cap. Peq/Mediana;CHF;Luxemburgo;6;2;1.8;1.5;6.99;10.09;6.41;-1.17;2004-02-23;True;False;1;2026-08-24
LU0401357313;JPM Taiwan A acc EUR;JPMorgan Funds - Taiwan Fund A (acc) EUR;JPMorgan Asset Management (Europe) S.à r.l.;Equity;Greater China Equity;RV Taiwán Cap. Grande;EUR;Luxemburgo;7;2;1.8;1.5;66.24;86.67;40.19;20.22;2008-12-09;True;False;35000;2026-08-24
LU0270816068;Schroder ISF Taiwanese Equity A1 Acc USD;Schroder International Selection Fund Taiwanese Equity A1 Accumulation USD;Schroder Investment Management (Europe) S.A.;Equity;Greater China Equity;RV Taiwán Cap. Grande;USD;Luxemburgo;6;2;;1.5;82.16;118.02;44.69;21.33;2008-01-18;True;False;1000;2026-08-24
LU2020674334;Mapfre AM US Forgotten Value R;Mapfre AM US Forgotten Value R;Mapfre Asset Management SGIIC;Equity;US Equity Mid Cap;RV USA Cap. Flexible;EUR;Luxemburgo;6;3;;1.75;14.23;19.35;10.96;4.17;2019-12-24;True;False;10;2026-08-24
IE00B5KSKH55;Polar Capital North American R;Polar Capital Funds PLC - Polar Capital North American Fund Class R;Polar Capital LLP;Equity;US Equity Large Cap Blend;RV USA Cap. Flexible;USD;Irlanda;6;4;;1.25;15.75;18.13;18.64;9.51;2011-11-15;True;False;0;2026-08-24
IE00B6TTF483;Polar Capital North American R GBP;Polar Capital Funds PLC - Polar Capital North American Fund Class R GBP;Polar Capital LLP;Equity;US Equity Large Cap Blend;RV USA Cap. Flexible;GBP;Irlanda;6;4;;1.25;14.22;16.75;15.96;9.49;2011-11-15;True;False;;2026-08-24
LU0787776565;AB Select US Equity A EUR;AB SICAV I - Select US Equity Portfolio A EUR Acc;AllianceBernstein (Luxembourg) S.à r.l.;Equity;US Equity Large Cap Blend;RV USA Cap. Grande Blend;EUR;Luxemburgo;6;4;1.97;1.8;11.7;17.25;17.7;11.83;2011-10-28;True;False;2000;2026-08-24
LU0683600562;AB Select US Equity A USD;AB SICAV I - Select US Equity Portfolio A Acc;AllianceBernstein (Luxembourg) S.à r.l.;Equity;US Equity Large Cap Blend;RV USA Cap. Grande Blend;USD;Luxemburgo;5;4;1.97;1.8;11.01;18;20.46;11.79;2011-10-28;True;False;2000;2026-08-24
IE00B530N462;AXA IM US Enhanced Index Eq QI B Acc;AXA IM Equity Trust - AXA IM US Enhanced Index Equity QI B Acc;BNP PARIBAS ASSET MANAGEMENT Europe;Equity;US Equity Large Cap Blend;RV USA Cap. Grande Blend;EUR;Irlanda;6;3;0.84;0.8;11.23;18.19;16.78;10.89;2014-07-11;True;False;5000;2026-08-24
IE0033609722;AXA IM US Enhanced Index Eq QI B(USD);AXA IM Equity Trust - AXA IM US Enhanced Index Equity QI B (USD);BNP PARIBAS ASSET MANAGEMENT Europe;Equity;US Equity Large Cap Blend;RV USA Cap. Grande Blend;USD;Irlanda;6;3;;0.8;10.66;18.41;19.61;10.9;2009-01-21;True;False;5000;2026-08-24
LU1992126992;Allianz US Equity Fund AT EUR;Allianz Global Investors Fund - Allianz US Equity Fund AT EUR;Allianz Global Investors GmbH;Equity;US Equity Large Cap Blend;RV USA Cap. Grande Blend;EUR;Luxemburgo;6;2;1.8;1.8;8.66;15.13;16.55;9.07;2019-12-17;True;False;0;2026-08-24
LU1883859230;Amundi Fds US Equity Rsrch A EUR C;Amundi Funds - US Equity Research A EUR (C);Amundi Luxembourg S.A.;Equity;US Equity Large Cap Blend;RV USA Cap. Grande Blend;EUR;Luxemburgo;6;2;1.8;1.5;13.51;24.25;14.43;8.93;2000-12-18;True;False;1;2026-08-24
LU1883859404;Amundi Fds US Equity Rsrch A USD C;Amundi Funds - US Equity Research A USD (C);Amundi Luxembourg S.A.;Equity;US Equity Large Cap Blend;RV USA Cap. Grande Blend;USD;Luxemburgo;6;2;1.79;1.5;12.83;24.88;17.11;8.9;2001-12-27;True;False;1;2026-08-24
LU3081004643;Amundi Fds US Equity Rsrch A2 USD C;Amundi Funds - US Equity Research A2 USD (C);Amundi Luxembourg S.A.;Equity;US Equity Large Cap Blend;RV USA Cap. Grande Blend;USD;Luxemburgo;;;1.94;1.65;12.71;;;;2025-12-01;True;False;;2026-08-24
LU1883872332;Amundi Fds US Pioneer A EUR C;Amundi Funds - US Pioneer Fund A EUR (C);Amundi Luxembourg S.A.;Equity;US Equity Large Cap Blend;RV USA Cap. Grande Blend;EUR;Luxemburgo;6;3;1.78;1.25;9.55;19.49;18.38;11.51;2001-10-29;True;False;1;2026-08-24
LU1883872415;Amundi Fds US Pioneer A USD C;Amundi Funds - US Pioneer Fund A USD (C);Amundi Luxembourg S.A.;Equity;US Equity Large Cap Blend;RV USA Cap. Grande Blend;USD;Luxemburgo;6;3;1.78;1.25;8.91;20.09;21.17;11.5;2001-12-11;True;False;1;2026-08-24
LU2070308726;Amundi Fds US Pioneer A2 EUR C;Amundi Funds - US Pioneer Fund A2 EUR (C);Amundi Luxembourg S.A.;Equity;US Equity Large Cap Blend;RV USA Cap. Grande Blend;EUR;Luxemburgo;6;3;1.95;1.4;9.48;19.36;18.22;11.38;2019-11-19;True;False;;2026-08-24
LU0389812347;Amundi MSCI NrthAmESGBrdTransition-AE(C);Amundi MSCI North America ESG Broad Transition - AE (C);Amundi Luxembourg S.A.;Equity;US Equity Large Cap Blend;RV USA Cap. Grande Blend;EUR;Luxemburgo;6;3;;0.15;11.97;19.3;17.58;11.19;2008-09-24;True;True;;2026-08-24
LU0442407853;Amundi MSCI NrthAmESGBrdTransition-AU(C);Amundi MSCI North America ESG Broad Transition - AU (C);Amundi Luxembourg S.A.;Equity;US Equity Large Cap Blend;RV USA Cap. Grande Blend;USD;Luxemburgo;6;3;;0.15;11.38;19.51;20.43;11.2;2009-12-21;True;True;1;2026-08-24
LU0996179007;Amundi S&P 500 Screened INDEX AE Acc;Amundi S&P 500 Screened INDEX AE Acc;Amundi Luxembourg S.A.;Equity;US Equity Large Cap Blend;RV USA Cap. Grande Blend;EUR;Luxemburgo;6;4;;0.15;13.51;23.01;18.92;13.38;2014-04-17;True;True;;2026-08-24
LU0996179189;Amundi S&P 500 Screened INDEX AE Dist;Amundi S&P 500 Screened INDEX AE Dist;Amundi Luxembourg S.A.;Equity;US Equity Large Cap Blend;RV USA Cap. Grande Blend;EUR;Luxemburgo;6;4;;0.15;13.51;23.01;18.92;13.38;2014-04-17;True;True;;2026-08-24
LU0996178884;Amundi S&P 500 Screened INDEX AU Acc;Amundi S&P 500 Screened INDEX AU Acc;Amundi Luxembourg S.A.;Equity;US Equity Large Cap Blend;RV USA Cap. Grande Blend;USD;Luxemburgo;6;4;;0.15;12.92;23.22;21.81;13.39;2014-04-17;True;True;1;2026-08-24
LU1893896552;ArtemisFds(Lux) US Extd Alpha A EUR Acc;Artemis Funds (Lux) - US Extended Alpha A accumulation EUR;Artemis Investment Management LLP;Equity;US Equity Large Cap Blend;RV USA Cap. Grande Blend;EUR;Luxemburgo;5;3;;1.65;15.51;24.89;17.35;11.39;2018-11-06;True;False;25000;2026-08-24
LU1893896636;ArtemisFds(Lux) US Extd Alpha A USD Acc;Artemis Funds (Lux) - US Extended Alpha A accumulation USD;Artemis Investment Management LLP;Equity;US Equity Large Cap Blend;RV USA Cap. Grande Blend;USD;Luxemburgo;5;3;;1.65;15.06;25.57;20.14;11.4;2018-11-06;True;False;25000;2026-08-24
LU0154236417;BGF US Flexible Equity A2;BlackRock Global Funds - US Flexible Equity Fund A2;BlackRock (Luxembourg) SA;Equity;US Equity Large Cap Blend;RV USA Cap. Grande Blend;USD;Luxemburgo;6;4;1.81;1.5;14.18;29.66;21.94;13.24;2002-10-31;True;False;5000;2026-08-24
LU0171296865;BGF US Flexible Equity A2 EUR;BlackRock Global Funds - US Flexible Equity Fund A2 EUR;BlackRock (Luxembourg) SA;Equity;US Equity Large Cap Blend;RV USA Cap. Grande Blend;EUR;Luxemburgo;6;4;1.81;1.5;14.64;28.97;19.11;13.23;2002-10-31;True;False;;2026-08-24
LU1956163379;BNPP Rspnb US Mlt-Fac Eq Cl EUR Acc;BNP Paribas Funds Responsible US Multi-Factor Equity Classic EUR Acc;BNP Paribas Asset Management Luxembourg;Equity;US Equity Large Cap Blend;RV USA Cap. Grande Blend;EUR;Luxemburgo;6;3;;1.5;15.86;21.15;17.38;11.37;2019-09-27;True;False;0;2026-08-24
ES0113574042;Bankinter Multi-Asset Investment US FI;Bankinter Multi-Asset Investment US Investment FI;Bankinter Gestión de Activos SGIIC;Equity;US Equity Large Cap Blend;RV USA Cap. Grande Blend;EUR;España;6;2;0.5;0.4;12.02;20.06;16.84;;2022-01-21;True;False;1;2026-08-24
ES0114763032;Bankinter Índice América R FI;Bankinter Índice América R FI;Bankinter Gestión de Activos SGIIC;Equity;US Equity Large Cap Blend;RV USA Cap. Grande Blend;EUR;España;6;1;1.1;1;9.46;16.23;17.43;9.11;2000-07-28;True;True;1;2026-08-24
IE00BJ357Q90;Brown Advisory US Flexible Eq A $ Acc;Brown Advisory US Flexible Equity Fund Dollar Class A Shares;Brown Adv (Ireland) Limited;Equity;US Equity Large Cap Blend;RV USA Cap. Grande Blend;USD;Irlanda;6;3;1.59;1.5;8.47;11.74;16.55;8.95;2015-03-02;True;False;;2026-08-24
LU0061475181;CT (Lux) American AU;CT (Lux) - American Class AU (USD Accumulation Shares);Threadneedle Management Luxembourg S.A.;Equity;US Equity Large Cap Blend;RV USA Cap. Grande Blend;USD;Luxemburgo;6;3;1.8;1.5;12.93;22.41;19.8;9.74;1995-10-31;True;False;2500;2026-08-24
LU2227857237;Candriam Sustainable Eq US C EUR Acc;Candriam Sustainable Equity US C EUR Acc;Candriam;Equity;US Equity Large Cap Blend;RV USA Cap. Grande Blend;EUR;Luxemburgo;6;2;1.91;1.5;10.79;19.42;15.75;8.89;2021-06-08;True;False;;2026-08-24
LU1378994856;Capital Group InvCoAmer (LUX) B;Capital Group Investment Company of America (LUX) B;Capital International Management Company Sàrl;Equity;US Equity Large Cap Blend;RV USA Cap. Grande Blend;USD;Luxemburgo;6;3;0.9;1.3;9.87;15.89;20.77;12.26;2016-06-17;True;False;0;2026-08-24
LU1378994690;Capital Group InvCoAmer (LUX) B EUR;Capital Group Investment Company of America (LUX) B EUR;Capital International Management Company Sàrl;Equity;US Equity Large Cap Blend;RV USA Cap. Grande Blend;EUR;Luxemburgo;6;3;0.9;1.3;10.57;15.17;18;12.32;2016-06-17;True;False;;2026-08-24
LU0275692696;FF - US Equity Fund A-Acc-EUR;Fidelity Funds - US Equity Fund A-Acc-EUR;FIL Investment Management (Luxembourg) S.à r.l.;Equity;US Equity Large Cap Blend;RV USA Cap. Grande Blend;EUR;Luxemburgo;5;2;;1.5;4.62;6.83;8.03;5.02;2006-12-04;True;False;;2026-08-24
LU0275693405;FF - US Equity Fund A-Acc-USD;Fidelity Funds - US Equity Fund A-Acc-USD;FIL Investment Management (Luxembourg) S.à r.l.;Equity;US Equity Large Cap Blend;RV USA Cap. Grande Blend;USD;Luxemburgo;5;2;;1.5;4.16;7.56;10.6;5.01;2006-12-04;True;False;2500;2026-08-24
LU0077335932;FF - US Equity Fund A-Dis-USD;Fidelity Funds - US Equity Fund A-DIST-USD;FIL Investment Management (Luxembourg) S.à r.l.;Equity;US Equity Large Cap Blend;RV USA Cap. Grande Blend;USD;Luxemburgo;5;2;;1.5;4.17;7.57;10.61;5.01;1997-06-30;True;False;2500;2026-08-24
IE00BYX5MX67;Fidelity S&P 500 Index EUR P Acc;Fidelity S&P 500 Index Fund EUR P Acc;FIL Investment Management (Luxembourg) S.A., Ireland Branch;Equity;US Equity Large Cap Blend;RV USA Cap. Grande Blend;EUR;Irlanda;6;4;0.06;0.06;13.36;20.86;18.67;12.68;2018-03-20;True;True;0;2026-08-24
IE00BYX5MS15;Fidelity S&P 500 Index USD P Acc;Fidelity S&P 500 Index Fund USD P Acc;FIL Investment Management (Luxembourg) S.A., Ireland Branch;Equity;US Equity Large Cap Blend;RV USA Cap. Grande Blend;USD;Irlanda;6;4;0.06;0.06;12.6;21.4;21.46;12.67;2018-03-20;True;True;100000;2026-08-24
LU0234572021;GS US CORE Equity Base Acc USD;Goldman Sachs US CORE Equity Portfolio Base Acc USD Close;Goldman Sachs Asset Management B.V.;Equity;US Equity Large Cap Blend;RV USA Cap. Grande Blend;USD;Luxemburgo;6;3;;1;9.04;18.15;20.33;11.06;2005-11-21;True;False;5000;2026-08-24
LU0234571726;GS US CORE Equity Base Acc USD Snap;Goldman Sachs US CORE Equity Portfolio Base Acc USD Snap;Goldman Sachs Asset Management B.V.;Equity;US Equity Large Cap Blend;RV USA Cap. Grande Blend;USD;Luxemburgo;6;3;;1;8.07;18.01;20.34;11.08;2005-11-14;True;False;5000;2026-08-24
LU0065004045;GS US CORE Equity Base Inc USD Snap;Goldman Sachs US CORE Equity Portfolio Base Inc USD Snap;Goldman Sachs Asset Management B.V.;Equity;US Equity Large Cap Blend;RV USA Cap. Grande Blend;USD;Luxemburgo;6;3;;1;8.07;18;20.34;11.08;1996-11-18;True;False;5000;2026-08-24
LU0133265412;GS US CORE Equity E Acc EUR;Goldman Sachs US CORE Equity Portfolio E Acc EUR;Goldman Sachs Asset Management B.V.;Equity;US Equity Large Cap Blend;RV USA Cap. Grande Blend;EUR;Luxemburgo;5;3;;1;8.15;16.78;16.95;10.51;2001-07-31;True;False;1500;2026-08-24
LU0234588027;GS US Equity ESG Base Acc USD;Goldman Sachs US Equity ESG Portfolio Base Acc USD;Goldman Sachs Asset Management B.V.;Equity;US Equity Large Cap Blend;RV USA Cap. Grande Blend;USD;Luxemburgo;6;2;;1.5;8.91;14.32;15.56;8;2006-02-03;True;False;5000;2026-08-24
LU0234687605;GS US Equity ESG E Acc EUR;Goldman Sachs US Equity ESG Portfolio E Acc EUR;Goldman Sachs Asset Management B.V.;Equity;US Equity Large Cap Blend;RV USA Cap. Grande Blend;EUR;Luxemburgo;5;1;;1.5;8.8;12.83;12.03;7.17;2006-02-03;True;False;1500;2026-08-24
LU0217390227;JPM America Equity A acc EUR;JPMorgan Funds - America Equity Fund A (acc) EUR;JPMorgan Asset Management (Europe) S.à r.l.;Equity;US Equity Large Cap Blend;RV USA Cap. Grande Blend;EUR;Luxemburgo;5;3;;1.5;7.64;12.3;15.21;10.82;2013-05-07;True;False;35000;2026-08-24
LU0210528500;JPM America Equity A acc USD;JPMorgan Funds - America Equity Fund A (acc) USD;JPMorgan Asset Management (Europe) S.à r.l.;Equity;US Equity Large Cap Blend;RV USA Cap. Grande Blend;USD;Luxemburgo;6;3;;1.5;7.2;12.88;17.94;10.84;2005-04-01;True;False;35000;2026-08-24
LU0053666078;JPM America Equity A dist USD;JPMorgan Funds - America Equity Fund A (dist) USD;JPMorgan Asset Management (Europe) S.à r.l.;Equity;US Equity Large Cap Blend;RV USA Cap. Grande Blend;USD;Luxemburgo;6;3;;1.5;7.21;12.9;17.96;10.86;1988-11-16;True;False;35000;2026-08-24
LU0217390490;JPM America Equity D acc EUR;JPMorgan Funds - America Equity Fund D (acc) EUR;JPMorgan Asset Management (Europe) S.à r.l.;Equity;US Equity Large Cap Blend;RV USA Cap. Grande Blend;EUR;Luxemburgo;5;3;;1.5;7.1;11.41;14.27;9.93;2006-05-08;True;False;5000;2026-08-24
LU0117861202;JPM America Equity D acc USD;JPMorgan Funds - America Equity Fund D (acc) USD;JPMorgan Asset Management (Europe) S.à r.l.;Equity;US Equity Large Cap Blend;RV USA Cap. Grande Blend;USD;Luxemburgo;6;3;;1.5;6.69;12.05;17.05;10;2000-10-13;True;False;5000;2026-08-24
LU0218171717;JPM US Select Equity A acc EUR;JPMorgan Investment Funds - US Select Equity Fund A (acc) EUR;JPMorgan Asset Management (Europe) S.à r.l.;Equity;US Equity Large Cap Blend;RV USA Cap. Grande Blend;EUR;Luxemburgo;5;3;1.67;1.5;5.37;10.39;13.74;9.19;2008-06-10;True;False;35000;2026-08-24
LU0070214290;JPM US Select Equity A acc USD;JPMorgan Investment Funds - US Select Equity Fund A (acc) USD;JPMorgan Asset Management (Europe) S.à r.l.;Equity;US Equity Large Cap Blend;RV USA Cap. Grande Blend;USD;Luxemburgo;6;3;1.67;1.5;4.95;10.98;16.44;9.2;1984-07-05;True;False;35000;2026-08-24
LU0247985343;JPM US Select Equity A dist USD;JPMorgan Investment Funds - US Select Equity Fund A (dist) USD;JPMorgan Asset Management (Europe) S.à r.l.;Equity;US Equity Large Cap Blend;RV USA Cap. Grande Blend;USD;Luxemburgo;6;3;1.7;1.5;4.94;10.96;16.42;9.18;2006-05-15;True;False;35000;2026-08-24
LU0218172103;JPM US Select Equity D acc EUR;JPMorgan Investment Funds - US Select Equity Fund D (acc) EUR;JPMorgan Asset Management (Europe) S.à r.l.;Equity;US Equity Large Cap Blend;RV USA Cap. Grande Blend;EUR;Luxemburgo;5;2;2.21;1.5;4.99;9.78;13.12;8.57;2019-06-24;True;False;5000;2026-08-24
LU0115097544;JPM US Select Equity D acc USD;JPMorgan Investment Funds - US Select Equity Fund D (acc) USD;JPMorgan Asset Management (Europe) S.à r.l.;Equity;US Equity Large Cap Blend;RV USA Cap. Grande Blend;USD;Luxemburgo;6;3;2.18;1.5;4.61;10.41;15.85;8.64;2002-02-01;True;False;5000;2026-08-24
LU0281483569;JPM US Select Equity Plus A acc EUR;JPMorgan Funds - US Select Equity Plus Fund A (acc) - EUR;JPMorgan Asset Management (Europe) S.à r.l.;Equity;US Equity Large Cap Blend;RV USA Cap. Grande Blend;EUR;Luxemburgo;5;4;1.68;1.5;7.8;13.76;16.91;12.12;2014-02-12;True;False;35000;2026-08-24
LU0292454872;JPM US Select Equity Plus A acc USD;JPMorgan Funds - US Select Equity Plus Fund A (acc) - USD;JPMorgan Asset Management (Europe) S.à r.l.;Equity;US Equity Large Cap Blend;RV USA Cap. Grande Blend;USD;Luxemburgo;6;4;1.67;1.5;7.38;14.39;19.7;12.13;2007-07-05;True;False;35000;2026-08-24
LU0281483486;JPM US Select Equity Plus A dist GBP;JPMorgan Funds - US Select Equity Plus Fund A (dist) - GBP;JPMorgan Asset Management (Europe) S.à r.l.;Equity;US Equity Large Cap Blend;RV USA Cap. Grande Blend;GBP;Luxemburgo;5;3;1.8;1.5;5.64;12.43;16.86;11.98;2008-04-01;True;False;35000;2026-08-24
LU0281484963;JPM US Select Equity Plus D acc EUR;JPMorgan Funds - US Select Equity Plus Fund D (acc) - EUR;JPMorgan Asset Management (Europe) S.à r.l.;Equity;US Equity Large Cap Blend;RV USA Cap. Grande Blend;EUR;Luxemburgo;5;3;2.45;1.5;7.28;12.89;15.98;11.2;2018-02-23;True;False;5000;2026-08-24
LU0281484880;JPM US Select Equity Plus D acc USD;JPMorgan Funds - US Select Equity Plus Fund D (acc) - USD;JPMorgan Asset Management (Europe) S.à r.l.;Equity;US Equity Large Cap Blend;RV USA Cap. Grande Blend;USD;Luxemburgo;6;3;2.43;1.5;6.86;13.53;18.79;11.28;2007-07-05;True;False;5000;2026-08-24
IE0031385887;Jupiter Merian NA Eq (IRL) L $ Acc;Jupiter Merian North American Equity Fund (IRL) L USD Acc;Jupiter Asset Management (Europe) Limited;Equity;US Equity Large Cap Blend;RV USA Cap. Grande Blend;USD;Irlanda;6;4;1.71;1.5;16.42;27.12;23.46;12.97;2002-04-17;True;False;500;2026-08-24
IE00B01FHS02;Jupiter Merian NA Eq (IRL) L EUR Acc;Jupiter Merian North American Equity Fund (IRL) L EUR Acc;Jupiter Asset Management (Europe) Limited;Equity;US Equity Large Cap Blend;RV USA Cap. Grande Blend;EUR;Irlanda;5;4;1.7;1.5;16.77;26.45;20.52;12.9;2004-11-30;True;False;500;2026-08-24
LU1833929729;ODDO BHF US Equity Trend CR EUR;ODDO BHF US Equity Trend CR-EUR;ODDO BHF Asset Management SAS;Equity;US Equity Large Cap Blend;RV USA Cap. Grande Blend;EUR;Luxemburgo;6;4;;1.2;13.03;20.55;21.57;12.56;2018-07-16;True;False;100;2026-08-24
LU0474966164;Pictet-USA Index P EUR;Pictet-USA Index P EUR;Pictet Asset Management (Europe) SA;Equity;US Equity Large Cap Blend;RV USA Cap. Grande Blend;EUR;Luxemburgo;6;3;0.44;0.45;12.53;19.76;18.26;12.13;2011-06-07;True;True;0;2026-08-24
LU0130732877;Pictet-USA Index P USD;Pictet-USA Index PUSD;Pictet Asset Management (Europe) SA;Equity;US Equity Large Cap Blend;RV USA Cap. Grande Blend;USD;Luxemburgo;6;3;0.44;0.45;11.95;19.97;21.13;12.14;1999-11-04;True;True;0;2026-08-24
LU0248185190;Schroder ISF US Large Cap A Acc EUR;Schroder International Selection Fund US Large Cap A Accumulation EUR;Schroder Investment Management (Europe) S.A.;Equity;US Equity Large Cap Blend;RV USA Cap. Grande Blend;EUR;Luxemburgo;5;3;;1.25;6.96;12.52;17.32;11.86;2006-03-22;True;False;1000;2026-08-24
LU0106261372;Schroder ISF US Large Cap A Acc USD;Schroder International Selection Fund US Large Cap A Accumulation USD;Schroder Investment Management (Europe) S.A.;Equity;US Equity Large Cap Blend;RV USA Cap. Grande Blend;USD;Luxemburgo;5;3;;1.25;6.38;12.82;20.06;11.88;2000-01-17;True;False;1000;2026-08-24
LU0429319345;T. Rowe Price US Eq A;T. Rowe Price Funds SICAV - US Equity Fund A;T. Rowe Price (Luxembourg) Management S.à r.l.;Equity;US Equity Large Cap Blend;RV USA Cap. Grande Blend;USD;Luxemburgo;5;3;1.59;1.5;11.64;17.67;18.32;10.11;2009-06-26;True;False;0;2026-08-24
LU1438969518;T. Rowe Price US Eq A (EUR);T. Rowe Price Funds SICAV - US Equity Fund A (EUR);T. Rowe Price (Luxembourg) Management S.à r.l.;Equity;US Equity Large Cap Blend;RV USA Cap. Grande Blend;EUR;Luxemburgo;5;3;1.59;1.5;12.08;17.03;15.59;10.12;2016-06-30;True;False;1000;2026-08-24
LU2858665370;T. Rowe Price US Struct Rsh Eq A EUR;T. Rowe Price Funds SICAV - US Structured Research Equity Fund A (EUR);T. Rowe Price (Luxembourg) Management S.à r.l.;Equity;US Equity Large Cap Blend;RV USA Cap. Grande Blend;EUR;Luxemburgo;5;;0.84;0.75;12.95;20.02;;;2024-08-09;True;False;0;2026-08-24
IE0032620787;Vanguard US 500 Stock Index Inv EUR Acc;Vanguard U.S. 500 Stock Index Fund Investor EUR Accumulation;Vanguard Group (Ireland) Limited;Equity;US Equity Large Cap Blend;RV USA Cap. Grande Blend;EUR;Irlanda;6;4;0.1;0.1;13.32;20.78;18.6;12.6;2003-04-30;True;True;1000000;2026-08-24
IE0002639668;Vanguard US 500 Stock Index Inv USD Acc;Vanguard U.S. 500 Stock Index Fund Investor USD Accumulation;Vanguard Group (Ireland) Limited;Equity;US Equity Large Cap Blend;RV USA Cap. Grande Blend;USD;Irlanda;6;4;0.1;0.1;12.63;21.37;21.39;12.59;1998-11-04;True;True;1000000;2026-08-24
LU1717118274;Vontobel US Equity B EUR;Vontobel Fund - US Equity B EUR Cap;Vontobel Asset Management S.A.;Equity;US Equity Large Cap Blend;RV USA Cap. Grande Blend;EUR;Luxemburgo;5;1;1.99;1.65;-6.79;-8.55;4.12;3.77;2017-11-24;True;False;0;2026-08-24
LU0035765741;Vontobel US Equity B USD;Vontobel Fund - US Equity B USD Cap;Vontobel Asset Management S.A.;Equity;US Equity Large Cap Blend;RV USA Cap. Grande Blend;USD;Luxemburgo;5;2;1.99;1.65;-7.27;-8.39;6.64;3.77;1991-11-21;True;False;0;2026-08-24
LU0836513001;iShares North America Eq Idx (LU) A2 USD;iShares North America Equity Index Fund (LU) A2 USD;BlackRock (Luxembourg) SA;Equity;US Equity Large Cap Blend;RV USA Cap. Grande Blend;USD;Luxemburgo;6;3;0.52;0.45;11.73;21.29;21.31;11.83;2012-10-23;True;True;5000;2026-08-24
IE00BD0NCT25;iShares US Index (IE) D Acc USD;iShares US Index Fund (IE) D Acc USD;BlackRock Asset Management Ireland Ltd;Equity;US Equity Large Cap Blend;RV USA Cap. Grande Blend;USD;Irlanda;6;4;0.08;0.08;11.24;20.15;21.22;12.45;2017-04-27;True;True;1000000;2026-08-24
LU0232524495;AB American Growth A EUR;AB SICAV I - American Growth Portfolio A EUR Acc;AllianceBernstein (Luxembourg) S.à r.l.;Equity;US Equity Large Cap Growth;RV USA Cap. Grande Growth;EUR;Luxemburgo;6;4;;1.5;3.94;6.51;14.23;7.5;2000-11-24;True;False;2000;2026-08-24
LU0079474960;AB American Growth A USD;AB SICAV I - American Growth Portfolio A Acc;AllianceBernstein (Luxembourg) S.à r.l.;Equity;US Equity Large Cap Growth;RV USA Cap. Grande Growth;USD;Luxemburgo;6;4;;1.5;3.29;7.18;16.9;7.46;1997-01-06;True;False;2000;2026-08-24
LU1232087814;Alger American Asset Growth A EU;Alger SICAV - Alger American Asset Growth Fund Class A EU;Alger Management Ltd;Equity;US Equity Large Cap Growth;RV USA Cap. Grande Growth;EUR;Luxemburgo;6;4;2.11;1.75;13.14;25.42;32.12;14.56;2015-06-08;True;False;100;2026-08-24
LU0070176184;Alger American Asset Growth A US;Alger SICAV - Alger American Asset Growth Fund Class A US;Alger Management Ltd;Equity;US Equity Large Cap Growth;RV USA Cap. Grande Growth;USD;Luxemburgo;6;4;2.11;1.75;12.37;25.64;35.29;14.51;1996-08-19;True;False;100;2026-08-24
LU1883854199;Amundi Fds US Eq Fundm Gr A EUR C;Amundi Funds - US Equity Fundamental Growth A EUR C;Amundi Luxembourg S.A.;Equity;US Equity Large Cap Growth;RV USA Cap. Grande Growth;EUR;Luxemburgo;6;3;1.78;1.5;8.02;11.44;13.32;9.16;2008-12-12;True;False;1;2026-08-24
LU1883854355;Amundi Fds US Eq Fundm Gr A USD C;Amundi Funds - US Equity Fundamental Growth A USD C;Amundi Luxembourg S.A.;Equity;US Equity Large Cap Growth;RV USA Cap. Grande Growth;USD;Luxemburgo;6;3;1.78;1.5;7.36;11.98;16;9.16;2019-06-07;True;False;0;2026-08-24
LU3081004486;Amundi Fds US Eq Fundm Gr A2 EUR C;Amundi Funds - US Equity Fundamental Growth A2 EUR C;Amundi Luxembourg S.A.;Equity;US Equity Large Cap Growth;RV USA Cap. Grande Growth;EUR;Luxemburgo;;;;1.65;7.28;;;;2025-06-27;True;False;;2026-08-24
LU2819204210;Amundi Fds US Eq Fundm Gr A2 USD C;Amundi Funds - US Equity Fundamental Growth A2 USD C;Amundi Luxembourg S.A.;Equity;US Equity Large Cap Growth;RV USA Cap. Grande Growth;USD;Luxemburgo;;;1.94;1.65;6.72;10.7;;;2024-05-29;True;False;;2026-08-24
LU0171298135;BGF US Growth A2 EUR;BlackRock Global Funds - US Growth Fund A2 EUR;BlackRock (Luxembourg) SA;Equity;US Equity Large Cap Growth;RV USA Cap. Grande Growth;EUR;Luxemburgo;6;3;1.81;1.5;14.39;18.05;20.09;8.61;1999-04-30;True;False;;2026-08-24
LU0171298218;BGF US Growth E2 EUR;BlackRock Global Funds - US Growth Fund E2 EUR;BlackRock (Luxembourg) SA;Equity;US Equity Large Cap Growth;RV USA Cap. Grande Growth;EUR;Luxemburgo;6;3;2.31;1.5;14.02;17.45;19.49;8.07;2002-07-11;True;False;;2026-08-24
IE00BK5TWD80;Baillie Gifford WW US Equity Gr A EUR;Baillie Gifford Worldwide US Equity Growth Fund Class A EUR Acc;Baillie Gifford Investment Management (Europe) Limited;Equity;US Equity Large Cap Growth;RV USA Cap. Grande Growth;EUR;Irlanda;7;1;1.63;1.5;-1.75;-6.63;14.64;-4.98;2019-09-30;True;False;1000;2026-08-24
IE00B0PVD642;Brown Advisory US Equity Growth $ A;Brown Advisory US Equity Growth $ A;Brown Adv (Ireland) Limited;Equity;US Equity Large Cap Growth;RV USA Cap. Grande Growth;USD;Irlanda;6;2;;1.5;11.22;6.09;13.4;2.54;2010-06-29;True;False;5000;2026-08-24
IE00BF1T6Q88;Brown Advisory US Sust Gr EUR A Acc;Brown Advisory US Sustainable Growth Fund EUR Class A Acc Shares;Brown Adv (Ireland) Limited;Equity;US Equity Large Cap Growth;RV USA Cap. Grande Growth;EUR;Irlanda;6;2;;1.5;9.88;7.88;11.75;5.41;2021-02-09;True;False;;2026-08-24
IE00BF1T6L34;Brown Advisory US Sust Gr USD A Acc;Brown Advisory US Sustainable Growth Fund USD Class A Acc Shares;Brown Adv (Ireland) Limited;Equity;US Equity Large Cap Growth;RV USA Cap. Grande Growth;USD;Irlanda;6;2;;1.5;9.22;8.02;14.43;5.41;2020-05-07;True;False;;2026-08-24
IE00B6X2JP23;Comgest Gr America EUR R Acc;Comgest Growth America EUR R Acc;Comgest Asset Management Intl Ltd;Equity;US Equity Large Cap Growth;RV USA Cap. Grande Growth;EUR;Irlanda;6;3;2.09;2;-0.74;1.59;9.4;6.79;2012-06-14;True;False;10;2026-08-24
LU1221952796;Edgewood L Sel US Select Growth A USD AD;Edgewood L Select US Select Growth A USD AD;Edgewood Management LLC;Equity;US Equity Large Cap Growth;RV USA Cap. Grande Growth;USD;Luxemburgo;6;2;;1.25;-4.41;-1.14;10.65;-0.75;2015-05-07;True;False;0;2026-08-24
IE00B19Z9612;FTGF CB US Lg Cp Gr A EUR Acc;FTGF ClearBridge US Large Cap Growth Fund Class A Euro Accumulating;Franklin Templeton International Services S.à r.l.;Equity;US Equity Large Cap Growth;RV USA Cap. Grande Growth;EUR;Irlanda;6;3;1.72;1.25;3.97;4.85;12.91;7.16;2008-08-27;True;False;1000;2026-08-24
IE00B19Z9505;FTGF CB US Lg Cp Gr A USD Acc;FTGF ClearBridge US Large Cap Growth Fund Class A US$ Accumulating;Franklin Templeton International Services S.à r.l.;Equity;US Equity Large Cap Growth;RV USA Cap. Grande Growth;USD;Irlanda;6;3;1.72;1.25;3.33;5.51;15.56;7.13;2007-04-20;True;False;1000;2026-08-24
IE000IJHRNQ0;Findlay Park American A EUR Acc;Findlay Park American ICAV Class A EUR Accumulation;Findlay Park Partners LLP;Equity;US Equity Large Cap Growth;RV USA Cap. Grande Growth;EUR;Irlanda;;2;1.7;1.7;8.61;8.72;8.7;;2023-05-02;True;False;;2026-08-24
LU0260861751;Franklin US Opportunities A(Ydis)EUR;Franklin U.S. Opportunities Fund A(Ydis)EUR;Franklin Templeton International Services S.à r.l.;Equity;US Equity Large Cap Growth;RV USA Cap. Grande Growth;EUR;Luxemburgo;6;2;1.8;1.5;7.81;8.68;14.16;4.67;2006-09-01;True;False;;2026-08-24
LU0260869739;Franklin US Opportunities A(acc)EUR;Franklin U.S. Opportunities Fund A(acc)EUR;Franklin Templeton International Services S.à r.l.;Equity;US Equity Large Cap Growth;RV USA Cap. Grande Growth;EUR;Luxemburgo;6;2;1.8;1.5;7.79;8.68;14.17;4.68;2006-09-01;True;False;;2026-08-24
LU0109391861;Franklin US Opportunities A(acc)USD;Franklin U.S. Opportunities Fund A(acc)USD;Franklin Templeton International Services S.à r.l.;Equity;US Equity Large Cap Growth;RV USA Cap. Grande Growth;USD;Luxemburgo;6;2;;1.5;7.14;9.36;16.85;4.64;2000-04-03;True;False;1000;2026-08-24
LU0210536198;JPM US Growth A acc USD;JPMorgan Funds - US Growth Fund A (acc) - USD;JPMorgan Asset Management (Europe) S.à r.l.;Equity;US Equity Large Cap Growth;RV USA Cap. Grande Growth;USD;Luxemburgo;6;4;1.69;1.5;-0.18;6.62;18.78;9.43;2005-03-31;True;False;35000;2026-08-24
LU0119089182;JPM US Growth A dist GBP;JPMorgan Funds - US Growth Fund A (dist) - GBP;JPMorgan Asset Management (Europe) S.à r.l.;Equity;US Equity Large Cap Growth;RV USA Cap. Grande Growth;GBP;Luxemburgo;6;4;1.8;1.5;-1.79;4.8;15.99;9.31;2000-10-20;True;False;35000;2026-08-24
LU0119065240;JPM US Growth D acc USD;JPMorgan Funds - US Growth Fund D (acc) - USD;JPMorgan Asset Management (Europe) S.à r.l.;Equity;US Equity Large Cap Growth;RV USA Cap. Grande Growth;USD;Luxemburgo;6;4;2.46;1.5;-0.67;5.8;17.88;8.6;2000-10-20;True;False;5000;2026-08-24
IE0004445239;Janus Henderson US Forty A2 USD;Janus Henderson Capital Funds plc - US Forty Fund Class A2 USD;Janus Henderson Investors;Equity;US Equity Large Cap Growth;RV USA Cap. Grande Growth;USD;Irlanda;6;3;2.16;1.25;4.85;10.71;19.4;7.41;1998-12-24;True;False;2500;2026-08-24
LU0225737302;MS INVF US Advantage A;Morgan Stanley Investment Funds - US Advantage Fund A;MSIM Fund Management (Ireland) Limited;Equity;US Equity Large Cap Growth;RV USA Cap. Grande Growth;USD;Luxemburgo;7;1;1.64;1.4;-5.32;-2.97;20.06;-2.99;2005-12-01;True;False;0;2026-08-24
LU2295319482;MS INVF US Advantage A EUR;Morgan Stanley Investment Funds - US Advantage Fund A (EUR);MSIM Fund Management (Ireland) Limited;Equity;US Equity Large Cap Growth;RV USA Cap. Grande Growth;EUR;Luxemburgo;7;1;1.64;1.4;-4.93;-3.5;17.28;-3;2021-04-16;True;False;;2026-08-24
LU2295319565;MS INVF US Growth A EUR;Morgan Stanley Investment Funds - US Growth Fund A (EUR);MSIM Fund Management (Ireland) Limited;Equity;US Equity Large Cap Growth;RV USA Cap. Grande Growth;EUR;Luxemburgo;7;1;;1.4;-4.91;-1.28;21.41;-3.41;2021-02-26;True;False;;2026-08-24
LU0073232471;MS INVF US Growth A USD;Morgan Stanley Investment Funds - US Growth Fund A (USD);MSIM Fund Management (Ireland) Limited;Equity;US Equity Large Cap Growth;RV USA Cap. Grande Growth;USD;Luxemburgo;7;1;;1.4;-5.3;-0.77;24.3;-3.4;1997-02-03;True;False;0;2026-08-24
IE00BGK04N24;Polen Capital Focus US Gr A Retail;Polen Capital Investment Funds plc - Polen Capital Focus U.S. Growth Fund A Class (Retail);Polen Capital Management, LLC;Equity;US Equity Large Cap Growth;RV USA Cap. Grande Growth;USD;Irlanda;6;1;1.59;1.5;-8.01;-7.52;6.15;-2.25;2014-03-10;True;False;1000;2026-08-24
IE00BF5FQ626;Polen Capital Focus US Gr EUR Retail UnH;Polen Capital Investment Funds plc - Polen Capital Focus U.S. Growth Fund EUR Class (Retail Unhdg);Polen Capital Management, LLC;Equity;US Equity Large Cap Growth;RV USA Cap. Grande Growth;EUR;Irlanda;6;1;1.59;1.5;-7.43;-7.77;3.63;-2.22;2019-02-05;True;False;;2026-08-24
IE00B99FTC33;Polen Capital Focus US Gr USD Retail;Polen Capital Investment Funds plc - Polen Capital Focus U.S. Growth Fund USD Class (Retail);Polen Capital Management, LLC;Equity;US Equity Large Cap Growth;RV USA Cap. Grande Growth;USD;Irlanda;6;1;1.59;1.5;-8.02;-7.55;6.14;-2.25;2015-03-13;True;False;1000;2026-08-24
IE00BMPRPP98;Seilern America EUR U R;Seilern America EUR U R;Seilern International AG;Equity;US Equity Large Cap Growth;RV USA Cap. Grande Growth;EUR;Irlanda;6;2;1.65;1.5;-3.23;-4.11;1.65;-0.09;2020-04-16;True;False;500;2026-08-24
IE00B1ZBRN64;Seilern America USD U R;Seilern America USD U R;Seilern International AG;Equity;US Equity Large Cap Growth;RV USA Cap. Grande Growth;USD;Irlanda;6;2;1.66;1.5;-3.72;-3.93;4.12;-0.09;2007-06-11;True;False;500;2026-08-24
LU0133085943;T. Rowe Price US Blue Chip Eq A;T. Rowe Price Funds SICAV - US Blue Chip Equity Fund A;T. Rowe Price (Luxembourg) Management S.à r.l.;Equity;US Equity Large Cap Growth;RV USA Cap. Grande Growth;USD;Luxemburgo;6;3;1.61;1.5;-0.65;7.69;20.96;7.7;2003-02-05;True;False;0;2026-08-24
LU1438969195;T. Rowe Price US Blue Chip Eq A (EUR);T. Rowe Price Funds SICAV - US Blue Chip Equity Fund A (EUR);T. Rowe Price (Luxembourg) Management S.à r.l.;Equity;US Equity Large Cap Growth;RV USA Cap. Grande Growth;EUR;Luxemburgo;6;3;1.61;1.5;-0.28;7.09;18.13;7.67;2016-06-30;True;False;1000;2026-08-24
LU1777971893;T. Rowe Price US Lg Cap Gr Eq A EUR;T. Rowe Price Funds SICAV - US Large Cap Growth Equity Fund A (EUR);T. Rowe Price (Luxembourg) Management S.à r.l.;Equity;US Equity Large Cap Growth;RV USA Cap. Grande Growth;EUR;Luxemburgo;6;3;1.6;1.5;5.11;12.51;18.91;9.45;2018-02-20;True;False;2500000;2026-08-24
LU0174119429;T. Rowe Price US Lrg Cap Gr Eq A;T. Rowe Price Funds SICAV - US Large Cap Growth Equity Fund A;T. Rowe Price (Luxembourg) Management S.à r.l.;Equity;US Equity Large Cap Growth;RV USA Cap. Grande Growth;USD;Luxemburgo;6;4;1.59;1.5;4.7;13.14;21.77;9.5;2003-11-13;True;False;0;2026-08-24
LU0198837287;UBS (Lux) ES USA Growth $ P-acc;UBS (Lux) Equity SICAV - USA Growth (USD) P-acc;UBS Asset Management (Europe) S.A.;Equity;US Equity Large Cap Growth;RV USA Cap. Grande Growth;USD;Luxemburgo;6;3;2.09;1.63;5.34;11.87;20.87;9.54;2004-10-08;True;False;;2026-08-24
LU1894682704;Amundi Fds US Equity Rsrch Val A EUR C;Amundi Funds - US Equity Research Value A EUR (C);Amundi Luxembourg S.A.;Equity;US Equity Large Cap Value;RV USA Cap. Grande Value;EUR;Luxemburgo;6;2;1.8;1.5;19.33;24.89;12.91;8.78;2008-12-12;True;False;1;2026-08-24
LU3081004726;Amundi Fds US Equity Rsrch Val A2 EUR C;Amundi Funds - US Equity Research Value A2 EUR (C);Amundi Luxembourg S.A.;Equity;US Equity Large Cap Value;RV USA Cap. Grande Value;EUR;Luxemburgo;;;;1.65;18.08;;;;2025-06-27;True;False;;2026-08-24
LU0072461881;BGF US Basic Value A2;BlackRock Global Funds - US Basic Value Fund A2;BlackRock (Luxembourg) SA;Equity;US Equity Large Cap Value;RV USA Cap. Grande Value;USD;Luxemburgo;5;3;1.81;1.5;14.86;23.91;16.7;10.05;1997-01-08;True;False;5000;2026-08-24
LU0171293920;BGF US Basic Value A2 EUR;BlackRock Global Funds - US Basic Value Fund A2 EUR;BlackRock (Luxembourg) SA;Equity;US Equity Large Cap Value;RV USA Cap. Grande Value;EUR;Luxemburgo;5;3;1.81;1.5;15.31;23.23;14;10.05;1997-01-08;True;False;;2026-08-24
IE0031575271;Brandes US Value A Euro;Brandes US Value Fund A Euro Acc;Brandes Investment Partners (Europe) Limited;Equity;US Equity Large Cap Value;RV USA Cap. Grande Value;EUR;Irlanda;6;3;;0.7;16.74;23.31;15;11.21;2003-07-17;True;False;10000;2026-08-24
IE0031575388;Brandes US Value A GBP;Brandes US Value Fund A GBP Acc;Brandes Investment Partners (Europe) Limited;Equity;US Equity Large Cap Value;RV USA Cap. Grande Value;GBP;Irlanda;5;3;1.71;0.7;14.59;22.01;15.06;11.12;2005-09-22;True;False;10000;2026-08-24
IE0031575164;Brandes US Value A USD;Brandes US Value Fund A USD Acc;Brandes Investment Partners (Europe) Limited;Equity;US Equity Large Cap Value;RV USA Cap. Grande Value;USD;Irlanda;6;4;1.71;0.7;16.03;24.17;17.67;11.17;2003-07-17;True;False;10000;2026-08-24
IE00B19Z3920;FTGF CB US Value A EUR Acc;FTGF ClearBridge US Value Fund Class A Euro Accumulating;Franklin Templeton International Services S.à r.l.;Equity;US Equity Large Cap Value;RV USA Cap. Grande Value;EUR;Irlanda;6;3;1.83;1.35;16.35;21.62;13.11;10.64;2007-06-12;True;False;1000;2026-08-24
IE0002270589;FTGF CB US Value A USD Dis(A);FTGF ClearBridge US Value Fund Class A US$ Distributing (A);Franklin Templeton International Services S.à r.l.;Equity;US Equity Large Cap Value;RV USA Cap. Grande Value;USD;Irlanda;6;3;1.83;1.35;15.56;22.32;15.74;10.57;1998-03-23;True;False;1000;2026-08-24
LU0251127410;Fidelity Funds America A-Acc-EUR;Fidelity Funds - America Fund A-Acc-EUR;FIL Investment Management (Luxembourg) S.à r.l.;Equity;US Equity Large Cap Value;RV USA Cap. Grande Value;EUR;Luxemburgo;5;1;;1.5;7.62;13.71;8.09;7.34;2006-07-03;True;False;;2026-08-24
LU0251131958;Fidelity Funds America A-Acc-USD;Fidelity Funds - America Fund A-Acc-USD;FIL Investment Management (Luxembourg) S.à r.l.;Equity;US Equity Large Cap Value;RV USA Cap. Grande Value;USD;Luxemburgo;5;1;;1.5;7.2;14.51;10.67;7.33;2006-07-03;True;False;1000;2026-08-24
LU0048573561;Fidelity Funds America A-Dis;Fidelity Funds - America Fund A-DIST;FIL Investment Management (Luxembourg) S.à r.l.;Equity;US Equity Large Cap Value;RV USA Cap. Grande Value;USD;Luxemburgo;5;1;;1.5;7.21;14.5;10.66;7.34;1990-10-01;True;False;1000;2026-08-24
LU0069450822;Fidelity Funds America A-Dis-EUR;Fidelity Funds - America Fund A-DIST-EUR;FIL Investment Management (Luxembourg) S.à r.l.;Equity;US Equity Large Cap Value;RV USA Cap. Grande Value;EUR;Luxemburgo;5;1;;1.5;7.67;13.7;8.09;7.34;2004-02-16;True;False;;2026-08-24
LU0140362707;Franklin Mutual US Value A acc EUR;Franklin Mutual U.S. Value Fund A(acc)EUR;Franklin Templeton International Services S.à r.l.;Equity;US Equity Large Cap Value;RV USA Cap. Grande Value;EUR;Luxemburgo;5;1;1.83;1.5;11.67;14.4;10.39;6.47;2001-12-31;True;False;;2026-08-24
LU0070302665;Franklin Mutual US Value A acc USD;Franklin Mutual U.S. Value Fund A(acc)USD;Franklin Templeton International Services S.à r.l.;Equity;US Equity Large Cap Value;RV USA Cap. Grande Value;USD;Luxemburgo;6;1;1.84;1.5;10.97;15.12;12.97;6.43;1997-07-07;True;False;1000;2026-08-24
IE00B3N32X37;Heptagon Yacktman US Equity A USD Acc;Heptagon Fund ICAV - Yacktman US Equity Fund A USD Acc;Heptagon Capital Limited;Equity;US Equity Large Cap Value;RV USA Cap. Grande Value;USD;Irlanda;5;4;;1.5;20.46;29.24;14.98;8.75;2011-01-31;True;False;15000;2026-08-24
IE00B95B6G86;Heptagon Yacktman US Equity AE EUR Acc;Heptagon Fund ICAV - Yacktman US Equity Fund AE EUR Acc;Heptagon Capital Limited;Equity;US Equity Large Cap Value;RV USA Cap. Grande Value;EUR;Irlanda;5;4;1.77;1.5;21.09;29.01;12.26;8.75;2013-11-07;True;False;;2026-08-24
LU1211166183;JPM US Value A acc EUR;JPMorgan Funds - US Value Fund A (acc) - EUR;JPMorgan Asset Management (Europe) S.à r.l.;Equity;US Equity Large Cap Value;RV USA Cap. Grande Value;EUR;Luxemburgo;5;3;1.72;1.5;16.03;22.47;12.66;9.34;2015-04-09;True;False;35000;2026-08-24
LU0210536511;JPM US Value A acc USD;JPMorgan Funds - US Value Fund A (acc) - USD;JPMorgan Asset Management (Europe) S.à r.l.;Equity;US Equity Large Cap Value;RV USA Cap. Grande Value;USD;Luxemburgo;5;3;1.69;1.5;15.57;23.17;15.36;9.35;2005-03-31;True;False;35000;2026-08-24
LU0119066131;JPM US Value A dist USD;JPMorgan Funds - US Value Fund A (dist) - USD;JPMorgan Asset Management (Europe) S.à r.l.;Equity;US Equity Large Cap Value;RV USA Cap. Grande Value;USD;Luxemburgo;5;3;1.7;1.5;15.57;23.12;15.34;9.34;2000-10-20;True;False;35000;2026-08-24
LU0119066727;JPM US Value D acc USD;JPMorgan Funds - US Value Fund D (acc) - USD;JPMorgan Asset Management (Europe) S.à r.l.;Equity;US Equity Large Cap Value;RV USA Cap. Grande Value;USD;Luxemburgo;5;2;2.45;1.5;15.02;22.23;14.48;8.52;2000-10-20;True;False;5000;2026-08-24
LU1670626792;M&G (Lux) North Amer Val A EUR Acc;M&G (Lux) North American Value Fund EUR A Acc;M&G Luxembourg S.A.;Equity;US Equity Large Cap Value;RV USA Cap. Grande Value;EUR;Luxemburgo;5;4;1.71;1.5;19.47;31.48;15.54;11.51;2018-11-09;True;False;1000;2026-08-24
LU1670627097;M&G (Lux) North Amer Val A USD Acc;M&G (Lux) North American Value Fund USD A Acc;M&G Luxembourg S.A.;Equity;US Equity Large Cap Value;RV USA Cap. Grande Value;USD;Luxemburgo;6;4;1.71;1.5;19.01;32.04;18.31;11.55;2018-11-09;True;False;1000;2026-08-24
LU0125979160;MFS Meridian US Value A1 USD;MFS Meridian Funds - U.S. Value Fund A1 USD;MFS Investment Management Company (Lux) S.à.r.l;Equity;US Equity Large Cap Value;RV USA Cap. Grande Value;USD;Luxemburgo;5;2;1.91;1.05;10.53;14.41;12.79;6.68;2002-02-01;True;False;5000;2026-08-24
LU0510167009;Robeco BP US Large Cap Equities D $;Robeco BP US Large Cap Equities D $;Robeco Institutional Asset Management BV;Equity;US Equity Large Cap Value;RV USA Cap. Grande Value;USD;Luxemburgo;6;4;1.47;1.25;19.8;28.18;19.12;12.23;2010-05-28;True;False;0;2026-08-24
LU0474363974;Robeco BP US Large Cap Equities D €;Robeco BP US Large Cap Equities D €;Robeco Institutional Asset Management BV;Equity;US Equity Large Cap Value;RV USA Cap. Grande Value;EUR;Luxemburgo;5;4;1.46;1.25;20.42;27.96;16.3;12.23;2010-01-04;True;False;0;2026-08-24
LU0226953718;Robeco BP US Premium Equities D $;Robeco BP US Premium Equities ClassD $;Robeco Institutional Asset Management BV;Equity;US Equity Large Cap Value;RV USA Cap. Grande Value;USD;Luxemburgo;6;3;1.71;1.5;17.42;25.07;16.09;10.51;2005-10-03;True;False;0;2026-08-24
LU0434928536;Robeco BP US Premium Equities D €;Robeco BP US Premium Equities D €;Robeco Institutional Asset Management BV;Equity;US Equity Large Cap Value;RV USA Cap. Grande Value;EUR;Luxemburgo;5;3;1.71;1.5;18.03;24.85;13.34;10.5;2009-07-13;True;False;0;2026-08-24
LU0792910720;Robeco BP US Premium Equities F $;Robeco BP US Premium Equities F $;Robeco Institutional Asset Management BV;Equity;US Equity Large Cap Value;RV USA Cap. Grande Value;USD;Luxemburgo;6;3;0.96;0.75;17.98;26.01;16.96;11.34;2012-07-03;True;False;0;2026-08-24
LU0006061336;BGF US Mid-Cap Value A2;BlackRock Global Funds - US Mid-Cap Value Fund A2;BlackRock (Luxembourg) SA;Equity;US Equity Mid Cap;RV USA Cap. Mediana;USD;Luxemburgo;6;4;1.81;1.5;14.98;20.16;14.12;8.85;1987-05-13;True;False;5000;2026-08-24
LU0171298648;BGF US Mid-Cap Value A2 EUR;BlackRock Global Funds - US Mid-Cap Value Fund A2 EUR;BlackRock (Luxembourg) SA;Equity;US Equity Mid Cap;RV USA Cap. Mediana;EUR;Luxemburgo;6;4;1.81;1.5;15.43;19.51;11.47;8.84;1987-05-13;True;False;;2026-08-24
LU0154245756;BNP Paribas US Mid Cap Classic R;BNP Paribas Funds US Mid CapClassicR;BNP Paribas Asset Management Luxembourg;Equity;US Equity Mid Cap;RV USA Cap. Mediana;USD;Luxemburgo;6;3;;1.75;11.31;17.76;11.9;6.04;2006-01-31;True;False;0;2026-08-24
LU0674140396;Robeco BP US Select Opports Eqs D $;Robeco BP US Select Opportunities Equities D $;Robeco Institutional Asset Management BV;Equity;US Equity Mid Cap;RV USA Cap. Mediana;USD;Luxemburgo;6;4;1.72;1.5;15.28;16.79;14.46;9.12;2011-09-19;True;False;0;2026-08-24
LU0975848937;Robeco BP US Select Opports Eqs D €;Robeco BP US Select Opportunities Equities D €;Robeco Institutional Asset Management BV;Equity;US Equity Mid Cap;RV USA Cap. Mediana;EUR;Luxemburgo;6;4;1.72;1.5;15.89;16.59;11.75;9.11;2013-10-03;True;False;0;2026-08-24
LU0248178732;Schroder ISF US S&M-Cap Eq A Acc EUR;Schroder International Selection Fund US Small & Mid-Cap Equity A Accumulation EUR;Schroder Investment Management (Europe) S.A.;Equity;US Equity Mid Cap;RV USA Cap. Mediana;EUR;Luxemburgo;6;3;;1.5;19.78;32.47;10.91;6.8;2006-03-28;True;False;1000;2026-08-24
LU0205193047;Schroder ISF US S&M-Cap Eq A Acc USD;Schroder International Selection Fund US Small & Mid-Cap Equity A Accumulation USD;Schroder Investment Management (Europe) S.A.;Equity;US Equity Mid Cap;RV USA Cap. Mediana;USD;Luxemburgo;6;3;;1.5;19.26;32.96;13.54;6.85;2004-12-10;True;False;1000;2026-08-24
LU0205193989;Schroder ISF US S&M-Cap Eq A1 Acc USD;Schroder International Selection Fund US Small & Mid-Cap Equity A1 Accumulation USD;Schroder Investment Management (Europe) S.A.;Equity;US Equity Mid Cap;RV USA Cap. Mediana;USD;Luxemburgo;6;3;;1.5;18.88;32.3;12.97;6.32;2004-12-10;True;False;1000;2026-08-24
LU1339879758;Alger Small Cap Focus A US;Alger SICAV - Alger Small Cap Focus Fund Class A US;Alger Management Ltd;Equity;US Equity Small Cap;RV USA Cap. Pequeña;USD;Luxemburgo;7;1;2.31;1.75;18.94;31.32;15.62;-4.29;2016-01-29;True;False;100;2026-08-24
LU0823410997;BNP Paribas US Small Cap ClassicC;BNP Paribas Funds US Small Cap ClassicC;BNP Paribas Asset Management Luxembourg;Equity;US Equity Small Cap;RV USA Cap. Pequeña;USD;Luxemburgo;6;3;;1.75;16.86;26.33;17.46;7.84;2013-05-17;True;False;0;2026-08-24
LU1864950479;CT (Lux) American Smaller Com 1E EUR;CT (Lux) - American Smaller Companies 1E (EUR Accumulation);Threadneedle Management Luxembourg S.A.;Equity;US Equity Small Cap;RV USA Cap. Pequeña;EUR;Luxemburgo;6;3;1.68;1.5;10.82;17.71;7.99;5.2;2018-10-23;True;False;;2026-08-24
LU1864950719;CT (Lux) American Smaller Com 1U USD;CT (Lux) - American Smaller Companies 1U (USD Accumulation);Threadneedle Management Luxembourg S.A.;Equity;US Equity Small Cap;RV USA Cap. Pequeña;USD;Luxemburgo;6;3;1.68;1.5;10.24;17.92;10.61;5.21;2018-10-23;True;False;;2026-08-24
LU2595961736;CT (Lux) American Smaller Com AE EUR;CT (Lux) - American Smaller Companies AE (EUR Accumulation);Threadneedle Management Luxembourg S.A.;Equity;US Equity Small Cap;RV USA Cap. Pequeña;EUR;Luxemburgo;6;2;1.8;1.5;10.74;17.57;7.86;;2023-04-12;True;False;2500;2026-08-24
IE00B19Z4C24;FTGF RY US SmCp Opp A EUR Acc;FTGF Royce US Small Cap Opportunity Fund Class A Euro Accumulating;Franklin Templeton International Services S.à r.l.;Equity;US Equity Small Cap;RV USA Cap. Pequeña;EUR;Irlanda;6;3;1.98;1.5;26.91;36.69;15.5;9.58;2007-07-12;True;False;1000;2026-08-24
IE00B19Z4B17;FTGF RY US SmCp Opp A USD Acc;FTGF Royce US Small Cap Opportunity Fund Class A US$ Accumulating;Franklin Templeton International Services S.à r.l.;Equity;US Equity Small Cap;RV USA Cap. Pequeña;USD;Irlanda;6;3;1.98;1.5;26.14;37.57;18.24;9.56;2007-05-09;True;False;1000;2026-08-24
IE0031619046;FTGF RY US SmCp Opp A USD Dis(A);FTGF Royce US Small Cap Opportunity Fund Class A US$ Distributing (A);Franklin Templeton International Services S.à r.l.;Equity;US Equity Small Cap;RV USA Cap. Pequeña;USD;Irlanda;6;3;1.98;1.5;26.14;37.57;18.24;9.56;2002-11-08;True;False;1000;2026-08-24
IE00B19Z6G02;FTGF RY US Smlr Coms A EUR Acc;FTGF Royce US Smaller Companies Fund Class A Euro Accumulating;Franklin Templeton International Services S.à r.l.;Equity;US Equity Small Cap;RV USA Cap. Pequeña;EUR;Irlanda;6;2;2.04;1.5;25.13;30.34;10.32;7.91;2008-10-01;True;False;1000;2026-08-24
IE00BH3Z9Y78;Heptagon Driehaus US Sm Cp Eq AE EUR Acc;Heptagon Fund ICAV - Driehaus US Small Cap Equity Fund AE EUR Acc;Heptagon Capital Limited;Equity;US Equity Small Cap;RV USA Cap. Pequeña;EUR;Irlanda;7;3;1.63;1.5;16.47;36.22;18.54;6.62;2019-10-04;True;False;15000;2026-08-24
LU0401357743;JPM US Small Cap Growth A acc EUR;JPMorgan Funds - US Small Cap Growth Fund A (acc) - EUR;JPMorgan Asset Management (Europe) S.à r.l.;Equity;US Equity Small Cap;RV USA Cap. Pequeña;EUR;Luxemburgo;6;2;1.78;1.5;20.74;30.34;11.38;1.32;2011-05-09;True;False;35000;2026-08-24
LU0210535976;JPM US Small Cap Growth A acc USD;JPMorgan Funds - US Small Cap Growth Fund A (acc) - USD;JPMorgan Asset Management (Europe) S.à r.l.;Equity;US Equity Small Cap;RV USA Cap. Pequeña;USD;Luxemburgo;6;2;1.75;1.5;20.3;31.09;14.06;1.34;2005-03-31;True;False;35000;2026-08-24
LU0053671581;JPM US Small Cap Growth A dist USD;JPMorgan Funds - US Small Cap Growth Fund A (dist) - USD;JPMorgan Asset Management (Europe) S.à r.l.;Equity;US Equity Small Cap;RV USA Cap. Pequeña;USD;Luxemburgo;6;2;1.78;1.5;20.27;31.06;14.03;1.32;1984-09-11;True;False;35000;2026-08-24
LU0117881226;JPM US Small Cap Growth D acc USD;JPMorgan Funds - US Small Cap Growth Fund D (acc) - USD;JPMorgan Asset Management (Europe) S.à r.l.;Equity;US Equity Small Cap;RV USA Cap. Pequeña;USD;Luxemburgo;6;1;2.53;1.5;19.71;30.07;13.17;0.56;2000-10-13;True;False;5000;2026-08-24
LU0210528922;JPM US Smaller Companies A acc USD;JPMorgan Funds - US Smaller Companies Fund A (acc) - USD;JPMorgan Asset Management (Europe) S.à r.l.;Equity;US Equity Small Cap;RV USA Cap. Pequeña;USD;Luxemburgo;6;1;1.72;1.5;10.3;9.41;6.76;1.67;2005-03-31;True;False;35000;2026-08-24
LU0053697206;JPM US Smaller Companies A dist USD;JPMorgan Funds - US Smaller Companies Fund A (dist) - USD;JPMorgan Asset Management (Europe) S.à r.l.;Equity;US Equity Small Cap;RV USA Cap. Pequeña;USD;Luxemburgo;6;1;1.74;1.5;10.3;9.39;6.74;1.64;1988-11-16;True;False;35000;2026-08-24
LU0117881572;JPM US Smaller Companies D acc USD;JPMorgan Funds - US Smaller Companies Fund D (acc) - USD;JPMorgan Asset Management (Europe) S.à r.l.;Equity;US Equity Small Cap;RV USA Cap. Pequeña;USD;Luxemburgo;6;1;2.8;1.5;9.59;8.23;5.62;0.58;2000-10-13;True;False;5000;2026-08-24
IE000K3S9DW4;Lazard Baylight US Sm Cap Eq BP Acc EUR;Lazard Baylight US Small Cap Equity Fund BP Acc EUR;Lazard Fund Managers (Ireland) Ltd;Equity;US Equity Small Cap;RV USA Cap. Pequeña;EUR;Irlanda;;;;1.65;17.92;21.28;;;2024-11-13;True;False;;2026-08-24
LU0106261612;Schroder ISF US Smlr Coms Impct A AccUSD;Schroder International Selection Fund US Smaller Companies Impact A Accumulation USD;Schroder Investment Management (Europe) S.A.;Equity;US Equity Small Cap;RV USA Cap. Pequeña;USD;Luxemburgo;6;3;1.83;1.5;16.13;31.31;15.19;7.63;2000-01-17;True;False;1000;2026-08-24
LU0918140210;T. Rowe Price US Smlr Cm Eq A (EUR);T. Rowe Price Funds SICAV - US Smaller Companies Equity Fund A (EUR);T. Rowe Price (Luxembourg) Management S.à r.l.;Equity;US Equity Small Cap;RV USA Cap. Pequeña;EUR;Luxemburgo;6;4;1.72;1.6;16.98;22.82;10.43;5.67;2013-05-22;True;False;1000;2026-08-24
LU0133096635;T. Rowe Price US Smlr Coms Eq A;T. Rowe Price Funds SICAV - US Smaller Companies Equity Fund A;T. Rowe Price (Luxembourg) Management S.à r.l.;Equity;US Equity Small Cap;RV USA Cap. Pequeña;USD;Luxemburgo;6;4;1.72;1.6;16.52;23.49;13.06;5.69;2001-07-31;True;False;0;2026-08-24
LU0566484027;abrdn-Nrth American Sml Comp A Acc USD;abrdn SICAV I - North American Smaller Companies Fund A Acc USD;abrdn Investments Luxembourg S.A.;Equity;US Equity Small Cap;RV USA Cap. Pequeña;USD;Luxemburgo;6;3;;1.5;18.8;24.21;16.4;5.63;2013-10-01;True;False;500;2026-08-24
BE6289210211;DPAM B Eqs US Div Sus A;DPAM B - Equities US Dividend Sustainable A EUR Dis;Degroof Petercam Asset Management SA;Equity;US Equity Large Cap Value;RV USA Dividendo;EUR;Bélgica;6;2;1.82;1.6;12.31;15.55;12.04;8.05;2016-10-26;True;False;1;2026-08-24
BE0947853660;DPAM B Eqs US Div Sus B EUR Cap;DPAM B - Equities US Dividend Sustainable B EUR Cap;Degroof Petercam Asset Management SA;Equity;US Equity Large Cap Value;RV USA Dividendo;EUR;Bélgica;6;3;1.81;1.6;12.32;15.57;12.06;8.18;2008-04-01;True;False;1;2026-08-24
BE0947865789;DPAM B Eqs US Div Sus B USD;DPAM B - Equities US Dividend Sustainable B USD Cap;Degroof Petercam Asset Management SA;Equity;US Equity Large Cap Value;RV USA Dividendo;USD;Bélgica;6;3;1.83;1.6;11.72;15.74;14.74;8.17;2013-12-10;True;False;1;2026-08-24
LU0781238778;DWS Invest II ESG US Top Div LC;DWS Invest II ESG US Top Dividend LC;DWS Investment S.A.;Equity;US Equity Large Cap Value;RV USA Dividendo;EUR;Luxemburgo;5;2;1.61;1.5;11.89;15.58;11.1;8.13;2012-07-02;True;False;0;2026-08-24
LU0781238851;DWS Invest II ESG US Top Div LD;DWS Invest II ESG US Top Dividend LD;DWS Investment S.A.;Equity;US Equity Large Cap Value;RV USA Dividendo;EUR;Luxemburgo;5;2;1.61;1.5;11.9;15.59;11.1;8.13;2012-07-02;True;False;0;2026-08-24
LU0781238935;DWS Invest II ESG US Top Div NC;DWS Invest II ESG US Top Dividend NC;DWS Investment S.A.;Equity;US Equity Large Cap Value;RV USA Dividendo;EUR;Luxemburgo;5;2;2.31;2;11.4;14.78;10.32;7.38;2012-07-02;True;False;0;2026-08-24
LU0781240089;DWS Invest II ESG US Top Div USD LC;DWS Invest II ESG US Top Dividend USD LC;DWS Investment S.A.;Equity;US Equity Large Cap Value;RV USA Dividendo;USD;Luxemburgo;5;2;1.61;1.5;11.14;16.21;13.74;8.14;2014-01-20;True;False;0;2026-08-24
LU0214494824;GS US Equity Income P Cap USD;Goldman Sachs US Equity Income - P Cap USD;Goldman Sachs Asset Management B.V.;Equity;US Equity Large Cap Value;RV USA Dividendo;USD;Luxemburgo;5;3;;1.5;9.77;13.54;14.81;10.5;2005-03-31;True;False;;2026-08-24
LU1670627253;M&G (Lux) North Amer Div A EUR Acc;M&G (Lux) North American Dividend Fund EUR A Acc;M&G Luxembourg S.A.;Equity;US Equity Large Cap Blend;RV USA Dividendo;EUR;Luxemburgo;5;4;1.72;1.5;6.3;12.25;13.43;9.38;2018-11-09;True;False;1000;2026-08-24
LU1670627923;M&G (Lux) North Amer Div A USD Acc;M&G (Lux) North American Dividend Fund USD A Acc;M&G Luxembourg S.A.;Equity;US Equity Large Cap Blend;RV USA Dividendo;USD;Luxemburgo;6;3;1.72;1.5;5.88;12.74;16.15;9.42;2018-11-09;True;False;1000;2026-08-24
LU2066958385;UBS Lux Eurp Entrepreneur Eq Fd P acc;UBS (Lux) Investment SICAV 2 - UBS (Lux) European Entrepreneur Equity Fund P acc;UBS Asset Management (Europe) S.A.;Equity;Europe Equity Mid/Small Cap;RV Zona Euro Cap. Flexible;EUR;Luxemburgo;6;2;;1.92;5.56;9.52;10.12;1.69;2020-02-14;True;False;0;2026-08-24
LU1975717056;White Fleet IV DIVAS Eurz Val R EUR Acc;White Fleet IV - DIVAS Eurozone Value R EUR Acc;DIVAS Asset Management AG;Equity;Europe Equity Large Cap;RV Zona Euro Cap. Flexible;EUR;Luxemburgo;7;4;1.75;1.5;1.41;8.52;13.81;14.87;2019-05-14;True;False;0;2026-08-24
LU0925041153;Abante GF European Quality Equity Fund B;Abante Global Funds European Quality Equity Class B;Abante Asesores Gestión SGIIC;Equity;Europe Equity Large Cap;RV Zona Euro Cap. Grande;EUR;Luxemburgo;7;3;;2;8.42;17.07;17.18;10.94;2013-06-11;True;False;0;2026-08-24
LU0256839944;Allianz Euroland Equity Growth A EUR;Allianz Global Investors Fund - Allianz Euroland Equity Growth A EUR;Allianz Global Investors GmbH;Equity;Europe Equity Large Cap;RV Zona Euro Cap. Grande;EUR;Luxemburgo;6;1;1.8;1.8;3.38;4.28;2.58;-4.05;2006-10-16;True;False;0;2026-08-24
LU0256840447;Allianz Euroland Equity Growth AT EUR;Allianz Global Investors Fund - Allianz Euroland Equity Growth AT EUR;Allianz Global Investors GmbH;Equity;Europe Equity Large Cap;RV Zona Euro Cap. Grande;EUR;Luxemburgo;6;1;1.8;1.8;3.37;4.28;2.58;-4.05;2006-10-16;True;False;0;2026-08-24
LU3204039369;Allianz European Autonomy AT EUR;Allianz Global Investors Fund - Allianz European Autonomy AT EUR;Allianz Global Investors GmbH;Equity;Europe Equity Large Cap;RV Zona Euro Cap. Grande;EUR;Luxemburgo;6;;1.8;2.1;10.39;13.11;;;2025-11-13;True;False;;2026-08-24
LU0389811372;Amundi MSCI EMU ESG Selection - AE (C);Amundi MSCI EMU ESG Selection - AE (C);Amundi Luxembourg S.A.;Equity;Europe Equity Large Cap;RV Zona Euro Cap. Grande;EUR;Luxemburgo;6;4;0.3;0.15;19.82;26.01;17.29;10.23;2008-09-23;True;True;;2026-08-24
LU0093502762;BGF Euro-Markets A2;BlackRock Global Funds - Euro-Markets Fund A2;BlackRock (Luxembourg) SA;Equity;Europe Equity Large Cap;RV Zona Euro Cap. Grande;EUR;Luxemburgo;6;3;1.82;1.5;10.07;13.39;14.38;7.05;1999-01-04;True;False;;2026-08-24
LU0171277485;BGF Euro-Markets A2 USD;BlackRock Global Funds - Euro-Markets Fund A2 USD;BlackRock (Luxembourg) SA;Equity;Europe Equity Large Cap;RV Zona Euro Cap. Grande;USD;Luxemburgo;6;3;1.82;1.5;9.64;14.02;17.1;7.06;1999-01-04;True;False;5000;2026-08-24
LU0823401574;BNP Paribas Euro Equity C C;BNP Paribas Funds Euro Equity Classic Capitalisation;BNP Paribas Asset Management Luxembourg;Equity;Europe Equity Large Cap;RV Zona Euro Cap. Grande;EUR;Luxemburgo;6;3;1.06;1.5;10.38;15.25;10.97;6.53;2013-05-24;True;False;0;2026-08-24
LU0823401491;BNP Paribas Euro Equity C USD C;BNP Paribas Funds Euro Equity Classic USD-Capitalisation;BNP Paribas Asset Management Luxembourg;Equity;Europe Equity Large Cap;RV Zona Euro Cap. Grande;USD;Luxemburgo;6;3;;1.5;9.71;15.82;13.58;6.52;2013-05-24;True;False;;2026-08-24
ES0114754031;Bankinter Índice Europeo R FI;Bankinter Índice Europeo R FI;Bankinter Gestión de Activos SGIIC;Equity;Europe Equity Large Cap;RV Zona Euro Cap. Grande;EUR;España;6;3;1.19;1;12;18.39;16.33;9.75;2000-07-10;True;False;1;2026-08-24
BE0058181786;DPAM B Equities Euroland A Dis;DPAM B - Equities Euroland A Dis;Degroof Petercam Asset Management SA;Equity;Europe Equity Large Cap;RV Zona Euro Cap. Grande;EUR;Bélgica;6;3;1.81;1.6;12.26;16.24;13.52;6.92;1998-04-18;True;False;1;2026-08-24
BE0058182792;DPAM B Equities Euroland B Cap;DPAM B - Equities Euroland B Cap;Degroof Petercam Asset Management SA;Equity;Europe Equity Large Cap;RV Zona Euro Cap. Grande;EUR;Bélgica;6;3;1.75;1.6;12.3;16.31;13.58;6.77;1998-04-18;True;False;1;2026-08-24
LU1769938041;DWS Invest CROCI Euro LC;DWS Invest CROCI Euro LC;DWS Investment S.A.;Equity;Europe Equity Large Cap;RV Zona Euro Cap. Grande;EUR;Luxemburgo;6;3;1.15;1;20.82;30.87;13.33;6.77;2018-08-28;True;False;0;2026-08-24
LU0145644893;DWS Invest ESG Top Euroland LC;DWS Invest ESG Top Euroland LC;DWS Investment S.A.;Equity;Europe Equity Large Cap;RV Zona Euro Cap. Grande;EUR;Luxemburgo;6;3;1.6;1.5;10.88;18.1;14.01;6.31;2002-06-03;True;False;0;2026-08-24
LU0261952682;Fidelity Euro 50 Index A-Acc-EUR;Fidelity Funds - Euro 50 Index Fund A-Acc-EUR;FIL Investment Management (Luxembourg) S.à r.l.;Equity;Europe Equity Large Cap;RV Zona Euro Cap. Grande;EUR;Luxemburgo;6;4;;1.5;13.32;20.68;18.33;12.33;2006-09-25;True;True;;2026-08-24
LU0069450319;Fidelity Euro 50 Index A-Dis-EUR;Fidelity Funds - Euro 50 Index Fund A-DIST-EUR;FIL Investment Management (Luxembourg) S.à r.l.;Equity;Europe Equity Large Cap;RV Zona Euro Cap. Grande;EUR;Luxemburgo;6;4;;1.5;13.29;20.65;18.33;12.33;1996-10-08;True;True;;2026-08-24
LU0238202427;Fidelity Sustainable Euroz Eq A-Acc-EUR;Fidelity Funds - Sustainable Eurozone Equity Fund A-Acc-EUR;FIL Investment Management (Luxembourg) S.à r.l.;Equity;Europe Equity Large Cap;RV Zona Euro Cap. Grande;EUR;Luxemburgo;6;2;1.92;1.5;7.6;10.36;10.74;4.9;2005-12-12;True;False;;2026-08-24
LU2219351876;Fidelity Sustainable Euroz Eq A-Inc-EUR;Fidelity Funds - Sustainable Eurozone Equity Fund A-Inc-EUR;FIL Investment Management (Luxembourg) S.à r.l.;Equity;Europe Equity Large Cap;RV Zona Euro Cap. Grande;EUR;Luxemburgo;6;2;;1.5;7.62;10.41;10.75;4.91;2021-02-10;True;False;2500;2026-08-24
LU0127786431;GS Eurozone EQ Inc-P Cap EUR;Goldman Sachs Eurozone Equity Income - P Cap EUR;Goldman Sachs Asset Management B.V.;Equity;Europe Equity Large Cap;RV Zona Euro Cap. Grande;EUR;Luxemburgo;5;4;;1.5;13.81;18.49;16.22;11.2;1999-04-08;True;False;0;2026-08-24
LU1240328812;Invesco Euro Equity A EUR Acc;Invesco Funds - Invesco Euro Equity Fund A Accumulation EUR;Invesco Management S.A.;Equity;Europe Equity Large Cap;RV Zona Euro Cap. Grande;EUR;Luxemburgo;5;3;;1.5;18;22.8;14.98;11.1;2015-10-02;True;False;1000;2026-08-24
LU0661985969;JPM Euroland Dynamic A perf acc EUR;JPMorgan Funds - Euroland Dynamic Fund A (perf) (acc) EUR;JPMorgan Asset Management (Europe) S.à r.l.;Equity;Europe Equity Large Cap;RV Zona Euro Cap. Grande;EUR;Luxemburgo;5;4;1.79;1.5;10.83;16.45;19.31;11.45;2011-09-20;True;False;35000;2026-08-24
LU0661986348;JPM Euroland Dynamic D perf acc EUR;JPMorgan Funds - Euroland Dynamic Fund D (perf) (acc) EUR;JPMorgan Asset Management (Europe) S.à r.l.;Equity;Europe Equity Large Cap;RV Zona Euro Cap. Grande;EUR;Luxemburgo;5;4;2.55;1.5;10.29;15.56;18.63;10.74;2011-09-20;True;False;5000;2026-08-24
LU0210529490;JPM Euroland Equity A acc EUR;JPMorgan Funds - Euroland Equity Fund A (acc) EUR;JPMorgan Asset Management (Europe) S.à r.l.;Equity;Europe Equity Large Cap;RV Zona Euro Cap. Grande;EUR;Luxemburgo;5;4;1.73;1.5;11.99;19.47;18.07;10.93;2005-03-31;True;False;35000;2026-08-24
LU0089640097;JPM Euroland Equity A dist EUR;JPMorgan Funds - Euroland Equity Fund A (dist) EUR;JPMorgan Asset Management (Europe) S.à r.l.;Equity;Europe Equity Large Cap;RV Zona Euro Cap. Grande;EUR;Luxemburgo;5;4;1.73;1.5;12.01;19.48;18.07;10.93;1988-11-30;True;False;35000;2026-08-24
LU0117858166;JPM Euroland Equity D acc EUR;JPMorgan Funds - Euroland Equity Fund D (acc) EUR;JPMorgan Asset Management (Europe) S.à r.l.;Equity;Europe Equity Large Cap;RV Zona Euro Cap. Grande;EUR;Luxemburgo;5;3;2.49;1.5;11.46;18.59;17.17;10.09;2000-10-13;True;False;5000;2026-08-24
LU0011889846;Janus Henderson Hrzn Euroland A2 EUR;Janus Henderson Horizon Euroland Fund A2 EUR;Janus Henderson Investors;Equity;Europe Equity Large Cap;RV Zona Euro Cap. Grande;EUR;Luxemburgo;5;4;1.87;1.2;17.6;22.53;19.08;10.98;1984-07-02;True;False;2500;2026-08-24
LU0255981135;Pictet-Euroland Index R EUR;Pictet-Euroland Index R EUR;Pictet Asset Management (Europe) SA;Equity;Europe Equity Large Cap;RV Zona Euro Cap. Grande;EUR;Luxemburgo;6;4;0.76;0.9;13.17;19.35;17.54;10.23;2006-06-29;True;True;0;2026-08-24
LU0106235293;Schroder ISF EURO Equity A Acc EUR;Schroder International Selection Fund EURO Equity A Accumulation EUR;Schroder Investment Management (Europe) S.A.;Equity;Europe Equity Large Cap;RV Zona Euro Cap. Grande;EUR;Luxemburgo;6;2;1.83;1.5;10.97;13.77;15.77;6.93;2000-01-17;True;False;1000;2026-08-24
LU0091115906;Schroder ISF EURO Equity A Dis EUR AV;Schroder International Selection Fund EURO Equity A Distribution EUR AV;Schroder Investment Management (Europe) S.A.;Equity;Europe Equity Large Cap;RV Zona Euro Cap. Grande;EUR;Luxemburgo;6;2;1.83;1.5;10.97;13.77;15.77;6.93;1998-11-20;True;False;1000;2026-08-24
LU0150928074;Schroder ISF EURO Equity A1 Acc USD;Schroder International Selection Fund EURO Equity A1 Accumulation USD;Schroder Investment Management (Europe) S.A.;Equity;Europe Equity Large Cap;RV Zona Euro Cap. Grande;USD;Luxemburgo;6;2;2.33;1.5;9.94;13.63;17.92;6.45;2002-06-28;True;False;1000;2026-08-24
LU0106235376;Schroder ISF EURO Equity B Acc EUR;Schroder International Selection Fund EURO Equity B Accumulation EUR;Schroder Investment Management (Europe) S.A.;Equity;Europe Equity Large Cap;RV Zona Euro Cap. Grande;EUR;Luxemburgo;6;2;2.43;1.5;10.55;13.09;15.08;6.29;2000-01-17;True;False;1000;2026-08-24
IE0008248803;Vanguard €z Stk Idx € Acc;Vanguard Eurozone Stock Index Fund EUR Acc;Vanguard Group (Ireland) Limited;Equity;Europe Equity Large Cap;RV Zona Euro Cap. Grande;EUR;Irlanda;6;4;0.12;0.12;14.06;20.85;18.38;11.03;2001-10-25;True;True;1000000;2026-08-24
LU2985305890;iMGP Euro Select N EUR Acc;iMGP Euro Select Fund N EUR Accumulation;iM Global Partner Asset Management S.A.;Equity;Europe Equity Large Cap;RV Zona Euro Cap. Grande;EUR;Luxemburgo;6;;2.76;2.25;15.39;17.77;;;2025-03-03;True;False;;2026-08-24
IE0003867441;BNY Mellon Small Cap Euroland EUR A Acc;BNY Mellon Small Cap Euroland Fund EUR A Acc;BNY Mellon Fund Management (Lux) S.A.;Equity;Europe Equity Mid/Small Cap;RV Zona Euro Cap. Mediana;EUR;Irlanda;6;4;;2;7.94;11.85;12.29;5.67;2003-05-09;True;False;5000;2026-08-24
IE0003867557;BNY Mellon Small Cap Euroland USD A Acc;BNY Mellon Small Cap Euroland Fund USD A Acc;BNY Mellon Fund Management (Lux) S.A.;Equity;Europe Equity Mid/Small Cap;RV Zona Euro Cap. Mediana;USD;Irlanda;6;4;;2;7.53;12.34;15.03;5.73;2014-07-16;True;False;5000;2026-08-24
FR0010288308;Groupama Avenir Euro NC;Groupama Avenir Euro NC;Groupama Asset Management;Equity;Europe Equity Mid/Small Cap;RV Zona Euro Cap. Mediana;EUR;Francia;6;2;;2.02;-6.8;-8.27;0.25;-7.61;2006-04-25;True;False;500;2026-08-24
FR0010547869;Sextant PME A;Sextant PME A;Amiral Gestion;Equity;Europe Equity Mid/Small Cap;RV Zona Euro Cap. Pequeña;EUR;Francia;6;3;;2.3;0.97;4;6.12;0.76;2007-12-17;True;False;0;2026-08-24
NL0006238131;Robeco Afrika Fonds – EUR E;Robeco Afrika Fonds – EUR E;Robeco Institutional Asset Management BV;Equity;Africa Equity;RV África;EUR;Holanda;6;4;;1.75;11.72;40.89;28.96;15.36;2008-06-09;True;False;1;2026-08-24
LU2539333562;JPM Mdl Est, Afr & Em Eurp Opps A accEUR;JPMorgan Funds - Middle East, Africa & Emerging Europe Opportunities Fund A (acc) EUR;JPMorgan Asset Management (Europe) S.à r.l.;Equity;Africa Equity;RV África y Oriente Medio;EUR;Luxemburgo;5;5;1.8;1.5;12.42;18.82;17.17;;2023-01-31;True;False;35000;2026-08-24
LU2539336078;JPM Mdl Est, Afr & Em Eurp Opps A accUSD;JPMorgan Funds - Middle East, Africa & Emerging Europe Opportunities Fund A (acc) USD;JPMorgan Asset Management (Europe) S.à r.l.;Equity;Africa Equity;RV África y Oriente Medio;USD;Luxemburgo;6;5;1.8;1.5;11.98;19.47;19.95;;2023-01-31;True;False;35000;2026-08-24
LU2539336235;JPM Mdl Est, Afr & Em Eurp Opps A disUSD;JPMorgan Funds - Middle East, Africa & Emerging Europe Opportunities Fund A (dist) USD;JPMorgan Asset Management (Europe) S.à r.l.;Equity;Africa Equity;RV África y Oriente Medio;USD;Luxemburgo;6;5;1.8;1.5;11.98;19.47;19.96;;2023-01-31;True;False;35000;2026-08-24
LU2539337043;JPM Mdl Est, Afr & Em Eurp Opps D accEUR;JPMorgan Funds - Middle East, Africa & Emerging Europe Opportunities Fund D (acc) EUR;JPMorgan Asset Management (Europe) S.à r.l.;Equity;Africa Equity;RV África y Oriente Medio;EUR;Luxemburgo;5;5;2.8;1.5;11.71;17.64;16;;2023-01-31;True;False;5000;2026-08-24
LU2539337126;JPM Mdl Est, Afr & Em Eurp Opps D accUSD;JPMorgan Funds - Middle East, Africa & Emerging Europe Opportunities Fund D (acc) USD;JPMorgan Asset Management (Europe) S.à r.l.;Equity;Africa Equity;RV África y Oriente Medio;USD;Luxemburgo;6;5;2.8;1.5;11.27;18.28;18.76;;2023-01-31;True;False;5000;2026-08-24
IE00B8J38129;Algebris Financial Credit R EUR Acc;Algebris UCITS Funds plc - Algebris Financial Credit Fund R EUR Acc;Algebris (UK) Limited;Fixed Income;Europe Fixed Income;EUR Deuda Subordinada;EUR;Irlanda;4;4;1.1;1.2;1.4;2.91;8.46;2.81;2013-01-22;True;False;10000;2026-08-24
IE00B8XCT900;Algebris Financial Credit Rd EUR Inc;Algebris UCITS Funds plc - Algebris Financial Credit Fund Rd EUR Inc;Algebris (UK) Limited;Fixed Income;Europe Fixed Income;EUR Deuda Subordinada;EUR;Irlanda;4;4;2.06;1.2;1.4;2.92;8.55;2.86;2013-04-12;True;False;10000;2026-08-24
LU1883334275;Amundi Fds Glb Subrdntd Bd A EUR C;Amundi Funds - Global Subordinated Bond A EUR (C);Amundi Luxembourg S.A.;Fixed Income;Europe Fixed Income;EUR Deuda Subordinada;EUR;Luxemburgo;4;3;1.67;1.2;0.75;2.45;10.83;2.73;2015-12-10;True;False;1;2026-08-24
FR0013277571;Echiquier Hybrid Bonds A;Echiquier Hybrid Bonds A;La Financière de l'Echiquier;Fixed Income;Europe Fixed Income;EUR Deuda Subordinada;EUR;Francia;3;2;;1.3;0.41;1.27;5.82;1.19;2017-09-12;True;False;100;2026-08-24
FR0011034495;EdR SICAV Financial Bonds A EUR;EdR SICAV - Financial Bonds A EUR;Edmond de Rothschild Asset Management (France);Fixed Income;Europe Fixed Income;EUR Deuda Subordinada;EUR;Francia;4;3;;1.15;1.16;2.45;7.4;2.04;2011-04-08;True;False;1;2026-08-24
FR0011289966;EdR SICAV Financial Bonds B EUR;EdR SICAV - Financial Bonds B EUR;Edmond de Rothschild Asset Management (France);Fixed Income;Europe Fixed Income;EUR Deuda Subordinada;EUR;Francia;4;4;;1.15;1.14;2.42;7.57;2.52;2012-07-25;True;False;1;2026-08-24
IE00B567SW70;GAM Star Credit Opps (EUR) Ord EUR Acc;GAM Star Fund plc - GAM Star Credit Opportunities (EUR) Class Ordinary EUR Accumulation;GAM Fund Management Limited;Fixed Income;Europe Fixed Income;EUR Deuda Subordinada;EUR;Irlanda;4;2;;1.35;0.69;1.17;7.8;0.42;2011-07-05;True;False;10000;2026-08-24
FR0013259181;Groupama Euro Financial Debt NC;Groupama Euro Financial Debt NC;Groupama Asset Management;Fixed Income;Europe Fixed Income;EUR Deuda Subordinada;EUR;Francia;4;4;;1.47;2.16;4.84;9.07;2.6;2017-05-31;True;False;1;2026-08-24
LU1111708357;JSS Twelve Sust Ins Bd P EUR Acc;JSS Twelve Sustainable Insurance Bond P EUR Acc;J. Safra Sarasin Fund Management (Luxembourg) S.A.;Fixed Income;Europe Fixed Income;EUR Deuda Subordinada;EUR;Luxemburgo;3;2;1.33;1.1;0.1;1.25;6.23;0.96;2014-12-01;True;False;0;2026-08-24
FR0011766401;La Française Sub Debt R;La Française Sub Debt R;Crédit Mutuel Asset Management;Fixed Income;Europe Fixed Income;EUR Deuda Subordinada;EUR;Francia;3;3;;1.15;1.28;2.46;7.67;1.33;2014-03-12;True;False;50000;2026-08-24
FR0013306727;Lazard Capital Fi SRI RVC EUR;Lazard Capital Fi SRI RVC EUR;Lazard Frères Gestion;Fixed Income;Europe Fixed Income;EUR Deuda Subordinada;EUR;Francia;5;4;;1.82;2.35;4.25;10.68;3.19;2018-03-16;True;False;1;2026-08-24
FR0010952796;Lazard Capital Fi SRI RVD EUR;Lazard Capital Fi SRI RVD EUR;Lazard Frères Gestion;Fixed Income;Europe Fixed Income;EUR Deuda Subordinada;EUR;Francia;5;4;;1.82;2.34;4.25;10.7;3.2;2010-11-30;True;False;1;2026-08-24
IE00BYV1RN13;Neuberger Corporate Hyb Bd EUR A Acc;Neuberger Corporate Hybrid Bond Fund EUR A Accumulating Class;Neuberger Berman Asset Management Ireland Limited;Fixed Income;Europe Fixed Income;EUR Deuda Subordinada;EUR;Irlanda;4;2;1.26;1.2;0.31;1.92;6.34;0.75;2016-06-03;True;False;1000;2026-08-24
LU0772944145;Nordea 1 - European Fincl Dbt BP EUR;Nordea 1 - European Financial Debt Fund BP EUR;Nordea Investment Funds SA;Fixed Income;Europe Fixed Income;EUR Deuda Subordinada;EUR;Luxemburgo;4;4;;1;1.11;2.11;8.04;2.3;2012-09-28;True;False;0;2026-08-24
LU2947881152;Robeco Corporate Hybrid Bonds DH €;Robeco Corporate Hybrid Bonds DH €;Robeco Institutional Asset Management BV;Fixed Income;Europe Fixed Income;EUR Deuda Subordinada;EUR;Luxemburgo;4;;1.13;0.9;0.1;1.61;;;2024-12-17;True;False;0;2026-08-24
LU0622663093;Robeco Financial Institutions Bds B €;Robeco Financial Institutions Bonds B €;Robeco Institutional Asset Management BV;Fixed Income;Europe Fixed Income;EUR Deuda Subordinada;EUR;Luxemburgo;3;3;1.02;0.8;0.61;1.49;6.59;1.31;2011-05-16;True;False;0;2026-08-24
LU0622663176;Robeco Financial Institutions Bds D €;Robeco Financial Institutions Bonds D €;Robeco Institutional Asset Management BV;Fixed Income;Europe Fixed Income;EUR Deuda Subordinada;EUR;Luxemburgo;3;3;1.02;0.8;0.61;1.48;6.59;1.31;2011-05-16;True;False;0;2026-08-24
LU0599119707;SWC (LU) BF Cmtt COCO ATH EUR;Swisscanto (LU) Bond Fund - Swisscanto (LU) Bond Fund Committed COCO ATH EUR;Swisscanto Asset Management International S.A.;Fixed Income;Europe Fixed Income;EUR Deuda Subordinada;EUR;Luxemburgo;4;4;1.6;1.5;1.62;3.51;9.18;2.88;2011-05-31;True;False;10000;2026-08-24
LU1585264176;Tikehau Subfin RS Acc;Tikehau Subfin Fund RS Acc;Tikehau Investment Management;Fixed Income;Europe Fixed Income;EUR Deuda Subordinada;EUR;Luxemburgo;4;3;1.25;1.1;2.16;3.13;8.86;2.31;2017-07-24;True;False;1000;2026-08-24
LU0277197249;BGF Asian Tiger Bond E2 EUR;BlackRock Global Funds - Asian Tiger Bond Fund E2 EUR;BlackRock (Luxembourg) SA;Fixed Income;Asia Fixed Income;RF Asia;EUR;Luxemburgo;4;2;1.71;1;1.3;3.25;4.63;-0.87;2002-07-11;True;False;;2026-08-24
LU0255797556;Pictet-Asian Local Ccy Debt P USD;Pictet-Asian Local Currency Debt P USD;Pictet Asset Management (Europe) SA;Fixed Income;Asia Fixed Income;RF Asia - Moneda Local;USD;Luxemburgo;4;2;1.53;2.1;-3.25;-4.79;1.68;-0.45;2006-06-26;True;False;0;2026-08-24
LU0229951891;Templeton Asian Bond A(acc)EUR;Templeton Asian Bond Fund A(acc)EUR;Franklin Templeton International Services S.à r.l.;Fixed Income;Asia Fixed Income;RF Asia - Moneda Local;EUR;Luxemburgo;4;1;1.47;1.05;1.26;-0.7;-0.57;-0.96;2005-10-25;True;False;;2026-08-24
FR0012903276;AXA IM Europe Short Duration High Yld AC;AXA IM Europe Short Duration High Yield AC;BNP PARIBAS ASSET MANAGEMENT Europe;Fixed Income;Europe Fixed Income;RF Bonos Alto Rendimiento EUR;EUR;Francia;4;3;;1.2;1.86;2.68;4.74;2.57;2015-10-02;True;False;0;2026-08-24
LU0658026603;AXAIMFIIS Europe Short Dur HY F Cap EUR;AXA IM Fixed Income Investment Strategies - Europe Short Duration High Yield F Capitalisation EUR;BNP PARIBAS ASSET MANAGEMENT Europe;Fixed Income;Europe Fixed Income;RF Bonos Alto Rendimiento EUR;EUR;Luxemburgo;4;2;1.16;1;1.67;2.45;4.46;2.48;2011-08-05;True;False;0;2026-08-24
LU1191877379;BGF European High Yield Bond A2;BlackRock Global Funds - European High Yield Bond Fund A2;BlackRock (Luxembourg) SA;Fixed Income;Europe Fixed Income;RF Bonos Alto Rendimiento EUR;EUR;Luxemburgo;3;4;1.21;1;1.88;2.52;7.56;2.61;2015-07-23;True;False;5000;2026-08-24
LU0150855509;BlueBay High Yield ESG Bond B EUR;BlueBay Funds - BlueBay High Yield ESG Bond Fund B - EUR;BlueBay Funds Management Company S.A.;Fixed Income;Europe Fixed Income;RF Bonos Alto Rendimiento EUR;EUR;Luxemburgo;3;4;0.86;0.7;1.35;2.43;6.86;2.74;2002-09-03;True;False;100000;2026-08-24
LU0206510082;BlueBay High Yield ESG Bond R EUR;BlueBay Funds - BlueBay High Yield ESG Bond Fund R - EUR;BlueBay Funds Management Company S.A.;Fixed Income;Europe Fixed Income;RF Bonos Alto Rendimiento EUR;EUR;Luxemburgo;3;4;1.41;1.25;0.99;1.86;6.27;2.19;2004-10-11;True;False;0;2026-08-24
FR0011829134;CM-AM High Yield Short Duration RC;CM-AM High Yield Short Duration RC;Crédit Mutuel Asset Management;Fixed Income;Global Fixed Income;RF Bonos Alto Rendimiento EUR;EUR;Francia;4;4;0.4;1;1.46;2.79;6.07;3.67;2014-04-30;True;False;1;2026-08-24
LU1979271860;CT (Lux) - European S/T HY Bd AE;CT (Lux) - European Short-Term High Yield Bond AE;Threadneedle Management Luxembourg S.A.;Fixed Income;Europe Fixed Income;RF Bonos Alto Rendimiento EUR;EUR;Luxemburgo;3;3;0.9;0.75;2.13;2.89;5.68;3.24;2019-07-17;True;False;2500;2026-08-24
LU1829334579;CT (Lux) - Eurp High Yld Bd 1E;CT (Lux) - European High Yield Bond 1E (EUR Accumulation Shares);Threadneedle Management Luxembourg S.A.;Fixed Income;Europe Fixed Income;RF Bonos Alto Rendimiento EUR;EUR;Luxemburgo;3;3;1.38;1.2;1.62;2.66;6.39;1.73;2018-08-29;True;False;0;2026-08-24
LU0012119607;Candriam Bds Euro High Yld C EUR Cap;Candriam Bonds Euro High Yield Class C EUR Cap;Candriam;Fixed Income;Europe Fixed Income;RF Bonos Alto Rendimiento EUR;EUR;Luxemburgo;3;4;;1.2;0.88;2;6.16;2.59;1989-05-31;True;False;0;2026-08-24
LU0616839501;DWS Invest Euro High Yield Corp LC;DWS Invest Euro High Yield Corporates LC;DWS Investment S.A.;Fixed Income;Europe Fixed Income;RF Bonos Alto Rendimiento EUR;EUR;Luxemburgo;3;3;1.18;1.1;2.64;2.73;5.95;2.35;2012-07-30;True;False;0;2026-08-24
LU0616839766;DWS Invest Euro High Yield Corp LD;DWS Invest Euro High Yield Corporates LD;DWS Investment S.A.;Fixed Income;Europe Fixed Income;RF Bonos Alto Rendimiento EUR;EUR;Luxemburgo;3;3;1.18;1.1;2.64;2.73;5.95;2.35;2012-07-30;True;False;0;2026-08-24
LU0146855530;EDM Intern. High Yield Sh Duration;EDM International High Yield Short Duration;EDM Gestion, S.A.U., S.G.I.I.C.;Fixed Income;Europe Fixed Income;RF Bonos Alto Rendimiento EUR;EUR;Luxemburgo;4;1;;1.5;0.77;1.87;3.48;1.03;2011-10-06;True;False;0;2026-08-24
LU0028445590;EDM Intl Credit Portfolio R EUR;EDM International Credit Portfolio R (EUR);EDM Gestion, S.A.U., S.G.I.I.C.;Fixed Income;Europe Fixed Income;RF Bonos Alto Rendimiento EUR;EUR;Luxemburgo;4;2;;1.5;0.79;2.27;5.06;0.46;1998-12-31;True;False;0;2026-08-24
LU0251130802;Fidelity European Hi Yld A-Acc-EUR;Fidelity Funds - European High Yield Fund A-Acc-EUR;FIL Investment Management (Luxembourg) S.à r.l.;Fixed Income;Europe Fixed Income;RF Bonos Alto Rendimiento EUR;EUR;Luxemburgo;3;3;;1;1.76;2;6.94;2.22;2006-07-03;True;False;;2026-08-24
LU0210531470;JPM Europe High Yield Bond A acc EUR;JPMorgan Funds - Europe High Yield Bond Fund A (acc) EUR;JPMorgan Asset Management (Europe) S.à r.l.;Fixed Income;Europe Fixed Income;RF Bonos Alto Rendimiento EUR;EUR;Luxemburgo;4;3;0.95;0.75;1.29;2.32;5.84;2.2;2005-03-31;True;False;35000;2026-08-24
LU0117897578;JPM Europe High Yield Bond D acc EUR;JPMorgan Funds - Europe High Yield Bond Fund D (acc) EUR;JPMorgan Asset Management (Europe) S.à r.l.;Fixed Income;Europe Fixed Income;RF Bonos Alto Rendimiento EUR;EUR;Luxemburgo;4;2;1.5;0.75;0.93;1.77;5.26;1.64;2000-10-13;True;False;5000;2026-08-24
LU0828815570;Janus Henderson Hrzn Euro HY Bd A2 EUR;Janus Henderson Horizon Euro High Yield Bond Fund A2 EUR;Janus Henderson Investors;Fixed Income;Europe Fixed Income;RF Bonos Alto Rendimiento EUR;EUR;Luxemburgo;3;3;1.17;0.75;1.28;1.88;7.01;1.54;2012-11-19;True;False;2500;2026-08-24
LU1720111282;LSF-Arcano Lw Vol Eurp Inc-ESG Sel RE-A;LUXEMBOURG SELECTION FUND - Arcano Low Volat Europ Inc Fd - ESG Selection RE-A;Arcano Capital SGIIC;Fixed Income;Europe Fixed Income;RF Bonos Alto Rendimiento EUR;EUR;Luxemburgo;3;4;1.5;1.3;1.44;2.42;6.06;3.38;2018-03-28;True;False;1;2026-08-24
LU1720111795;LSF-Arcano Lw Vol Eurp Inc-ESG Sel RE-D;LUXEMBOURG SELECTION FUND - Arcano Low Volat Europ Inc Fd - ESG Selection RE-D;Arcano Capital SGIIC;Fixed Income;Europe Fixed Income;RF Bonos Alto Rendimiento EUR;EUR;Luxemburgo;3;4;1.5;1.3;1.44;2.43;6.06;2.8;2021-03-19;True;False;1;2026-08-24
LU0073255761;MS INVF European HY Bd A;Morgan Stanley Investment Funds - European High Yield Bond Fund A;MSIM Fund Management (Ireland) Limited;Fixed Income;Europe Fixed Income;RF Bonos Alto Rendimiento EUR;EUR;Luxemburgo;3;3;1.09;0.85;1.85;3.08;6.68;2.44;1998-12-01;True;False;0;2026-08-24
IE00BJ4XDR50;Muzinich Europeyield HEUR Acc R;Muzinich Europeyield Fund Hedged Euro Accumulation R Units;Muzinich & Co. (Ireland) Limited;Fixed Income;Europe Fixed Income;RF Bonos Alto Rendimiento EUR;EUR;Irlanda;3;3;;1.5;1.62;2.73;6.73;2.58;2016-03-08;True;False;1000;2026-08-24
LU0255640731;Nordea 1 - European High Yld Bd AP EUR;Nordea 1 - European High Yield Bond Fund AP EUR;Nordea Investment Funds SA;Fixed Income;Europe Fixed Income;RF Bonos Alto Rendimiento EUR;EUR;Luxemburgo;4;3;;1;1.66;3;7.37;2.47;2006-06-30;True;False;0;2026-08-24
LU0836286186;Nordea 1 - European High Yld Bd AP USD;Nordea 1 - European High Yield Bond Fund AP USD;Nordea Investment Funds SA;Fixed Income;Europe Fixed Income;RF Bonos Alto Rendimiento EUR;USD;Luxemburgo;4;3;;1;1.18;3.53;9.91;2.52;2012-10-05;True;False;;2026-08-24
LU0141799501;Nordea 1 - European High Yld Bd BP EUR;Nordea 1 - European High Yield Bond Fund BP EUR;Nordea Investment Funds SA;Fixed Income;Europe Fixed Income;RF Bonos Alto Rendimiento EUR;EUR;Luxemburgo;4;3;;1;1.66;3;7.37;2.47;2006-01-04;True;False;0;2026-08-24
LU1486845537;Oddo BHF Euro Credit Short Dur CR-EUR;Oddo BHF Euro Credit Short Duration CR-EUR;ODDO BHF Asset Management SAS;Fixed Income;Europe Fixed Income;RF Bonos Alto Rendimiento EUR;EUR;Luxemburgo;3;3;;0.8;1.31;2.42;4.23;2.61;2016-10-11;True;False;100;2026-08-24
LU0726357527;Pictet-EUR Short Term High Yield P EUR;Pictet-EUR Short Term High Yield P EUR;Pictet Asset Management (Europe) SA;Fixed Income;Europe Fixed Income;RF Bonos Alto Rendimiento EUR;EUR;Luxemburgo;4;3;1.17;1.6;1.62;2.6;5.32;2.82;2012-01-30;True;False;0;2026-08-24
LU0726357790;Pictet-EUR Short Term High Yield P dyEUR;Pictet-EUR Short Term High Yield P dy EUR;Pictet Asset Management (Europe) SA;Fixed Income;Europe Fixed Income;RF Bonos Alto Rendimiento EUR;EUR;Luxemburgo;3;3;1.17;1.6;1.61;2.59;5.32;2.82;2012-01-30;True;False;0;2026-08-24
LU0981470551;QSF - Quaestio European HY Bd RA;QSF - Quaestio European High Yield Bond Fund Class RA;Quaestio Capital SGR S.p.A;Fixed Income;Europe Fixed Income;RF Bonos Alto Rendimiento EUR;EUR;Luxemburgo;;3;;1.75;0.95;1.51;6.68;;2022-09-09;True;False;;2026-08-24
LU0849399786;Schroder ISF EURO Hi Yld A Acc;Schroder International Selection Fund EURO High Yield A Accumulation;Schroder Investment Management (Europe) S.A.;Fixed Income;Europe Fixed Income;RF Bonos Alto Rendimiento EUR;EUR;Luxemburgo;4;4;;1;1.82;2.29;7.99;2.67;2012-11-14;True;False;1000;2026-08-24
LU0849400543;Schroder ISF EURO Hi Yld A Dis EUR QV;Schroder International Selection Fund EURO High Yield A Distribution EUR QV;Schroder Investment Management (Europe) S.A.;Fixed Income;Europe Fixed Income;RF Bonos Alto Rendimiento EUR;EUR;Luxemburgo;4;4;;1;1.82;2.29;7.99;2.66;2012-11-14;True;False;1000;2026-08-24
LU0086177085;UBS (Lux) BF Euro Hi Yld € P-acc;UBS (Lux) Bond Fund - Euro High Yield (EUR) P-acc;UBS Asset Management (Europe) S.A.;Fixed Income;Europe Fixed Income;RF Bonos Alto Rendimiento EUR;EUR;Luxemburgo;3;4;1.33;1.01;1.6;2.9;7.48;3.52;1998-05-15;True;False;0;2026-08-24
LU0119176310;abrdn-Euro High Yield Bond A Acc EUR;abrdn SICAV I – Euro High Yield Bond Fund Class A Acc EUR;abrdn Investments Luxembourg S.A.;Fixed Income;Europe Fixed Income;RF Bonos Alto Rendimiento EUR;EUR;Luxemburgo;4;3;;1.25;2.45;3.27;6.53;2.39;2000-11-13;True;False;1000;2026-08-24
IE00BC1J1W89;Barings Global High Yield Bd E USD Acc;Barings Global High Yield Bond Fund E USD Accumulating Shares;Baring International Fund Mgrs (Ireland) Limited;Fixed Income;Global Fixed Income;RF Bonos Alto Rendimiento Global;USD;Irlanda;4;5;1.08;1;2.89;5.69;8.99;4.36;2017-01-03;True;False;1000;2026-08-24
LU1362999481;Robeco High Yield Bonds D €;Robeco High Yield Bonds D €;Robeco Institutional Asset Management BV;Fixed Income;Global Fixed Income;RF Bonos Alto Rendimiento Global;EUR;Luxemburgo;4;3;1.32;1.1;2.56;4.05;4.46;2.89;2016-02-18;True;False;0;2026-08-24
LU0125750504;AXAWF Global High Yield Bds A Cap EUR H;AXA World Funds - Global High Yield Bonds A Capitalisation EUR (Hedged);BNP PARIBAS ASSET MANAGEMENT Europe;Fixed Income;Global Fixed Income;RF Bonos Alto Rendimiento Global - EUR Cubierto;EUR;Luxemburgo;4;3;;1.25;1.04;2.33;5.74;1.57;2001-03-12;True;False;0;2026-08-24
IE00B296X584;Aegon High Yield Global Bd A Acc EUR Hdg;Aegon High Yield Global Bond Fund A Acc EUR (Hedged);Aegon Investment Management BV;Fixed Income;Global Fixed Income;RF Bonos Alto Rendimiento Global - EUR Cubierto;EUR;Irlanda;3;4;;1;1.67;3.37;7.73;3.44;2012-05-17;True;False;1000;2026-08-24
LU0093504206;BGF Global High Yield Bond A2 EUR Hedged;BlackRock Global Funds - Global High Yield Bond Fund A2 EUR Hedged;BlackRock (Luxembourg) SA;Fixed Income;Global Fixed Income;RF Bonos Alto Rendimiento Global - EUR Cubierto;EUR;Luxemburgo;4;3;1.46;1.25;0.99;2.75;6.34;0.95;2003-05-16;True;False;5000;2026-08-24
IE00BD5CTX77;BNY Mellon Glb ShrtDtd HY Bd EUR H Acc H;BNY Mellon Global Short-Dated High Yield Bond Fund EUR H Acc Hedged;BNY Mellon Fund Management (Lux) S.A.;Fixed Income;Global Fixed Income;RF Bonos Alto Rendimiento Global - EUR Cubierto;EUR;Irlanda;3;4;;1.25;1.72;2.62;5.93;3.46;2016-11-30;True;False;5000;2026-08-24
IE00BD5CTY84;BNY Mellon Glb ShrtDtd HY Bd EUR H Inc H;BNY Mellon Global Short-Dated High Yield Bond Fund EUR H Inc Hedged;BNY Mellon Fund Management (Lux) S.A.;Fixed Income;Global Fixed Income;RF Bonos Alto Rendimiento Global - EUR Cubierto;EUR;Irlanda;3;4;;1.25;1.74;2.65;5.92;3.46;2017-05-05;True;False;5000;2026-08-24
LU0170291933;Candriam Bds Global Hi Yld C EUR Cap;Candriam Bonds Global High Yield Class C EUR Cap;Candriam;Fixed Income;Global Fixed Income;RF Bonos Alto Rendimiento Global - EUR Cubierto;EUR;Luxemburgo;3;4;1.47;1.2;0.18;1.7;5.95;3.27;2003-09-15;True;False;0;2026-08-24
LU0618658370;GS Glbl Hi Yld E EUR Hdg QDist;Goldman Sachs Global High Yield Portfolio E EUR-Hedged QDist;Goldman Sachs Asset Management B.V.;Fixed Income;Global Fixed Income;RF Bonos Alto Rendimiento Global - EUR Cubierto;EUR;Luxemburgo;4;1;;1.1;0.33;2.24;5.5;0.57;2011-04-21;True;False;1500;2026-08-24
LU0405800185;GS Glbl Hi Yld Oth Ccy Acc EUR Hdg;Goldman Sachs Global High Yield Portfolio Other Currency Acc EUR-Hedged;Goldman Sachs Asset Management B.V.;Fixed Income;Global Fixed Income;RF Bonos Alto Rendimiento Global - EUR Cubierto;EUR;Luxemburgo;4;2;;1.1;0.7;2.77;6.02;1.07;2008-12-18;True;False;5000;2026-08-24
LU0094488615;GS Glbl Hi Yld Oth Ccy EUR Hdg;Goldman Sachs Global High Yield Portfolio Other Currency Inc EUR-Hedged;Goldman Sachs Asset Management B.V.;Fixed Income;Global Fixed Income;RF Bonos Alto Rendimiento Global - EUR Cubierto;EUR;Luxemburgo;4;2;;1.1;0.62;2.72;5.96;1.05;1999-05-07;True;False;5000;2026-08-24
LU1775968339;Invesco Global High Yield A MDEURH;Invesco Funds - Invesco Global High Yield Fund A Monthly Distribution (EUR Hedged) EUR;Invesco Management S.A.;Fixed Income;Global Fixed Income;RF Bonos Alto Rendimiento Global - EUR Cubierto;EUR;Luxemburgo;4;2;;1;0.67;2.62;5.35;0.88;2018-10-08;True;False;1000;2026-08-24
LU1775967950;Invesco Global High Yield AEURH;Invesco Funds - Invesco Global High Yield Fund A (EUR Hedged) EUR;Invesco Management S.A.;Fixed Income;Global Fixed Income;RF Bonos Alto Rendimiento Global - EUR Cubierto;EUR;Luxemburgo;4;2;;1;0.55;2.51;5.36;0.88;2018-10-08;True;False;1000;2026-08-24
LU1670722161;M&G (Lux) Glb Fl Rt HY A H EUR Acc;M&G (Lux) Global Floating Rate High Yield Fund EUR A-H Acc;M&G Luxembourg S.A.;Fixed Income;Global Fixed Income;RF Bonos Alto Rendimiento Global - EUR Cubierto;EUR;Luxemburgo;3;4;1.19;1;1.58;1.54;5.08;3.93;2018-09-21;True;False;;2026-08-24
LU1670722245;M&G (Lux) Glb Fl Rt HY A H EUR Inc;M&G (Lux) Global Floating Rate High Yield Fund EUR A-H Inc;M&G Luxembourg S.A.;Fixed Income;Global Fixed Income;RF Bonos Alto Rendimiento Global - EUR Cubierto;EUR;Luxemburgo;3;4;1.19;1;1.61;1.56;5.1;3.96;2018-09-21;True;False;;2026-08-24
IE00BDTYYP61;Man Hi Yld Opps D EUR Acc;Man Funds VI plc - Man High Yield Opportunities D EUR;Man Group Ltd;Fixed Income;Global Fixed Income;RF Bonos Alto Rendimiento Global - EUR Cubierto;EUR;Irlanda;4;5;1.56;1.35;3.46;3.54;8.91;3.66;2019-01-17;True;False;1000;2026-08-24
LU0862027439;Mirabaud - Global Hi Yld Bds AH EUR Acc;Mirabaud - Global High Yield Bonds AH EUR Acc;Mirabaud Asset Management Ltd;Fixed Income;Global Fixed Income;RF Bonos Alto Rendimiento Global - EUR Cubierto;EUR;Luxemburgo;4;2;1.47;1.2;0.63;2.41;5.2;0.87;2013-02-01;True;False;0;2026-08-24
IE00BN4PYZ40;Muzinich LongShortCreditYld HEUR Acc NA;Muzinich LongShortCreditYield Fund Hedged Euro Accumulation NA Units;Muzinich & Co. (Ireland) Limited;Fixed Income;Global Fixed Income;RF Bonos Alto Rendimiento Global - EUR Cubierto;EUR;Irlanda;3;2;;1.15;0.28;0.9;3.1;0.62;2021-03-03;True;False;;2026-08-24
IE00BF8H6M17;Muzinich LongShortCreditYld HEUR Acc NR;Muzinich LongShortCreditYield Fund Hedged Euro Accumulation NR Units;Muzinich & Co. (Ireland) Limited;Fixed Income;Global Fixed Income;RF Bonos Alto Rendimiento Global - EUR Cubierto;EUR;Irlanda;3;1;;1.5;0.1;0.6;2.84;0.3;2013-11-14;True;False;1000;2026-08-24
IE00B11XZ327;PIMCO GIS Glb Hi Yld Bd E EURH Acc;PIMCO GIS Global High Yield Bond Fund E Class EUR (Hedged) Accumulation;PIMCO Global Advisors (Ireland) Limited;Fixed Income;Global Fixed Income;RF Bonos Alto Rendimiento Global - EUR Cubierto;EUR;Irlanda;4;2;;2.5;0.31;2.31;5.59;1.13;2006-03-31;True;False;;2026-08-24
LU0545439217;Robeco High Yield Bonds 0DH €;Robeco High Yield Bonds 0DH €;Robeco Institutional Asset Management BV;Fixed Income;Global Fixed Income;RF Bonos Alto Rendimiento Global - EUR Cubierto;EUR;Luxemburgo;4;2;1.32;1.1;1.19;2.56;4.86;1.29;2010-10-04;True;False;0;2026-08-24
LU0454740118;Robeco High Yield Bonds BH €;Robeco High Yield Bonds BH €;Robeco Institutional Asset Management BV;Fixed Income;Global Fixed Income;RF Bonos Alto Rendimiento Global - EUR Cubierto;EUR;Luxemburgo;4;2;1.32;1.1;1.21;2.56;4.87;1.29;2009-12-18;True;False;0;2026-08-24
LU0085136942;Robeco High Yield Bonds DH €;Robeco High Yield Bonds DH €;Robeco Institutional Asset Management BV;Fixed Income;Global Fixed Income;RF Bonos Alto Rendimiento Global - EUR Cubierto;EUR;Luxemburgo;4;2;1.32;1.1;1.19;2.56;4.86;1.29;1998-04-17;True;False;0;2026-08-24
LU0569862609;UBAM Global High Yield Solution AHC EUR;UBAM - Global High Yield Solution AHC EUR;UBP Asset Management (Europe) S.A.;Fixed Income;Global Fixed Income;RF Bonos Alto Rendimiento Global - EUR Cubierto;EUR;Luxemburgo;4;5;0.73;0.4;1.69;4.83;8.71;4.65;2010-12-03;True;False;0;2026-08-24
LU0567554463;BGF Global High Yield Bond A2 GBP Hedged;BlackRock Global Funds - Global High Yield Bond Fund A2 GBP Hedged;BlackRock (Luxembourg) SA;Fixed Income;Global Fixed Income;RF Bonos Alto Rendimiento Global - GBP Cubierto;GBP;Luxemburgo;4;2;1.46;1.25;2.09;4.64;8.08;2.46;2010-12-14;True;False;;2026-08-24
LU0184630167;AXAWF Global High Yield Bds A Cap USD;AXA World Funds - Global High Yield Bonds A Capitalisation USD;BNP PARIBAS ASSET MANAGEMENT Europe;Fixed Income;Global Fixed Income;RF Bonos Alto Rendimiento Global - USD Cubierto;USD;Luxemburgo;4;3;;1.25;2.17;4.33;7.75;3.59;2004-02-27;True;False;0;2026-08-24
LU0764618640;BGF Global High Yield Bond A6;BlackRock Global Funds - Global High Yield Bond Fund A6;BlackRock (Luxembourg) SA;Fixed Income;Global Fixed Income;RF Bonos Alto Rendimiento Global - USD Cubierto;USD;Luxemburgo;4;3;1.46;1.25;2.2;4.91;8.39;3.09;2012-04-02;True;False;5000;2026-08-24
IE0030011294;BNY Mellon Global Hi Yld Bd A EUR Acc;BNY Mellon Global High Yield Bond Fund A EUR Acc;BNY Mellon Fund Management (Lux) S.A.;Fixed Income;Global Fixed Income;RF Bonos Alto Rendimiento Global - USD Cubierto;EUR;Irlanda;4;3;;1.25;2.1;3.12;5.45;3.23;2004-02-11;True;False;5000;2026-08-24
LU0740037022;Fidelity Global High Yield A-Acc-USD;Fidelity Funds - Global High Yield Fund A-Acc-USD;FIL Investment Management (Luxembourg) S.à r.l.;Fixed Income;Global Fixed Income;RF Bonos Alto Rendimiento Global - USD Cubierto;USD;Luxemburgo;3;2;;1.25;3.26;5.67;8.39;2.02;2012-03-05;True;False;2500;2026-08-24
LU0766124472;Fidelity Global High Yield E-Acc-EUR;Fidelity Funds - Global High Yield Fund E-Acc-EUR;FIL Investment Management (Luxembourg) S.à r.l.;Fixed Income;Global Fixed Income;RF Bonos Alto Rendimiento Global - USD Cubierto;EUR;Luxemburgo;4;1;;1.5;3.48;4.59;5.46;1.63;2012-05-01;True;False;;2026-08-24
LU0234573771;GS Glbl Hi Yld Base Acc USD;Goldman Sachs Global High Yield Portfolio Base Acc USD;Goldman Sachs Asset Management B.V.;Fixed Income;Global Fixed Income;RF Bonos Alto Rendimiento Global - USD Cubierto;USD;Luxemburgo;4;2;;1.1;1.83;4.71;7.95;2.99;2005-11-14;True;False;5000;2026-08-24
LU0083912112;GS Glbl Hi Yld Base Inc USD;Goldman Sachs Global High Yield Portfolio Base Inc USD;Goldman Sachs Asset Management B.V.;Fixed Income;Global Fixed Income;RF Bonos Alto Rendimiento Global - USD Cubierto;USD;Luxemburgo;4;2;;1.1;1.85;4.73;7.93;2.99;1998-01-27;True;False;5000;2026-08-24
LU1775969659;Invesco Global High Yield A-SD USD;Invesco Funds - Invesco Global High Yield Fund A Semi-annual Distribution USD;Invesco Management S.A.;Fixed Income;Global Fixed Income;RF Bonos Alto Rendimiento Global - USD Cubierto;USD;Luxemburgo;4;2;;1;1.7;4.5;7.4;2.98;2018-10-08;True;False;1500;2026-08-24
LU1670723136;M&G (Lux) Glb Fl Rt HY A USD Acc;M&G (Lux) Global Floating Rate High Yield Fund USD A Acc;M&G Luxembourg S.A.;Fixed Income;Global Fixed Income;RF Bonos Alto Rendimiento Global - USD Cubierto;USD;Luxemburgo;3;4;1.17;1;2.7;3.5;7.04;5.95;2018-09-21;True;False;;2026-08-24
LU1670723219;M&G (Lux) Glb Fl Rt HY A USD Inc;M&G (Lux) Global Floating Rate High Yield Fund USD A Inc;M&G Luxembourg S.A.;Fixed Income;Global Fixed Income;RF Bonos Alto Rendimiento Global - USD Cubierto;USD;Luxemburgo;3;4;1.17;1;2.7;3.51;7.04;5.95;2018-09-21;True;False;;2026-08-24
IE000AQP1N64;Man Hi Yld Opps D USD Acc H;Man Funds VI plc - Man High Yield Opportunities D H USD;Man Group Ltd;Fixed Income;Global Fixed Income;RF Bonos Alto Rendimiento Global - USD Cubierto;USD;Irlanda;4;5;1.58;1.35;4.59;5.5;10.82;;2022-08-19;True;False;1000;2026-08-24
IE00B1D7YM41;PIMCO GIS Glb Hi Yld Bd E USD Acc;PIMCO GIS Global High Yield Bond Fund E Class USD Accumulation;PIMCO Global Advisors (Ireland) Limited;Fixed Income;Global Fixed Income;RF Bonos Alto Rendimiento Global - USD Cubierto;USD;Irlanda;4;3;;2.5;1.43;4.3;7.52;3.08;2006-09-11;True;False;1000;2026-08-24
IE00B193ML14;PIMCO GIS Glb Hi Yld Bd E USD Inc;PIMCO GIS Global High Yield Bond Fund E Class USD Income;PIMCO Global Advisors (Ireland) Limited;Fixed Income;Global Fixed Income;RF Bonos Alto Rendimiento Global - USD Cubierto;USD;Irlanda;4;3;;2.5;1.5;4.34;7.55;3.1;2006-07-31;True;False;1000;2026-08-24
LU0594695172;Robeco High Yield Bonds 0DH $;Robeco High Yield Bonds 0DH $;Robeco Institutional Asset Management BV;Fixed Income;Global Fixed Income;RF Bonos Alto Rendimiento Global - USD Cubierto;USD;Luxemburgo;3;3;1.32;1.1;2.38;4.62;6.81;3.32;2011-02-28;True;False;0;2026-08-24
LU0594695099;Robeco High Yield Bonds DH $;Robeco High Yield Bonds DH $;Robeco Institutional Asset Management BV;Fixed Income;Global Fixed Income;RF Bonos Alto Rendimiento Global - USD Cubierto;USD;Luxemburgo;3;3;1.32;1.1;2.37;4.61;6.81;3.33;2011-03-14;True;False;0;2026-08-24
LU0569862351;UBAM Global High Yield Solution AC USD;UBAM - Global High Yield Solution AC USD;UBP Asset Management (Europe) S.A.;Fixed Income;Global Fixed Income;RF Bonos Alto Rendimiento Global - USD Cubierto;USD;Luxemburgo;4;5;0.73;0.4;3.04;7.16;10.97;6.98;2010-12-03;True;False;0;2026-08-24
LU0292585030;AXAIMFIIS US Short Dur HY F Cap USD;AXA IM Fixed Income Investment Strategies - US Short Duration High Yield F Capitalisation USD;BNP PARIBAS ASSET MANAGEMENT Europe;Fixed Income;US Fixed Income;RF Bonos Alto Rendimiento USD;USD;Luxemburgo;4;2;1.19;1;1.66;4.15;6.32;3.49;2007-03-30;True;False;0;2026-08-24
LU0276014999;AXAWF US High Yield Bonds A Cap USD;AXA World Funds - US High Yield Bonds A Capitalisation USD;BNP PARIBAS ASSET MANAGEMENT Europe;Fixed Income;US Fixed Income;RF Bonos Alto Rendimiento USD;USD;Luxemburgo;4;3;1.43;1.2;1.84;4.3;7.63;3.47;2010-02-26;True;False;0;2026-08-24
LU1883861137;Amundi Fds US HY Bond A EUR C;Amundi Funds - US High Yield Bond A EUR (C);Amundi Luxembourg S.A.;Fixed Income;US Fixed Income;RF Bonos Alto Rendimiento USD;EUR;Luxemburgo;4;2;1.64;1.35;2.84;4.42;5.05;3.09;2000-12-18;True;False;1;2026-08-24
LU1883861483;Amundi Fds US HY Bond A USD C;Amundi Funds - US High Yield Bond A USD (C);Amundi Luxembourg S.A.;Fixed Income;US Fixed Income;RF Bonos Alto Rendimiento USD;USD;Luxemburgo;4;2;1.64;1.35;2.19;4.9;7.51;3.08;2001-12-27;True;False;1;2026-08-24
LU0046676465;BGF US Dollar High Yield BdA2;BlackRock Global Funds - US Dollar High Yield Bond Fund A2;BlackRock (Luxembourg) SA;Fixed Income;US Fixed Income;RF Bonos Alto Rendimiento USD;USD;Luxemburgo;4;3;1.46;1.25;1.66;4.76;8.16;3.54;1993-10-29;True;False;5000;2026-08-24
LU0261953904;Fidelity US High Yield A-Acc-EUR;Fidelity Funds - US High Yield Fund A-Acc-EUR;FIL Investment Management (Luxembourg) S.à r.l.;Fixed Income;US Fixed Income;RF Bonos Alto Rendimiento USD;EUR;Luxemburgo;4;3;;1;3.22;5.11;5.24;3.57;2006-09-25;True;False;;2026-08-24
LU0605520377;Fidelity US High Yield A-Acc-USD;Fidelity Funds - US High Yield Fund A-Acc-USD;FIL Investment Management (Luxembourg) S.à r.l.;Fixed Income;US Fixed Income;RF Bonos Alto Rendimiento USD;USD;Luxemburgo;4;3;;1;2.8;5.88;7.78;3.56;2011-04-06;True;False;2500;2026-08-24
LU0132385880;Fidelity US High Yield A-Dis-EUR;Fidelity Funds - US High Yield Fund A-DIST-EUR;FIL Investment Management (Luxembourg) S.à r.l.;Fixed Income;US Fixed Income;RF Bonos Alto Rendimiento USD;EUR;Luxemburgo;4;3;;1;3.23;5.12;5.27;3.58;2001-09-05;True;False;;2026-08-24
LU0344579056;JPM Global High Yield Bd A acc USD;JPMorgan Investment Funds - Global High Yield Bond Fund A (acc) USD;JPMorgan Asset Management (Europe) S.à r.l.;Fixed Income;US Fixed Income;RF Bonos Alto Rendimiento USD;USD;Luxemburgo;4;3;1.12;0.85;1.92;4.93;8.57;3.89;2008-09-02;True;False;35000;2026-08-24
LU0344579569;JPM Global High Yield Bd D acc USD;JPMorgan Investment Funds - Global High Yield Bond Fund D (acc) USD;JPMorgan Asset Management (Europe) S.à r.l.;Fixed Income;US Fixed Income;RF Bonos Alto Rendimiento USD;USD;Luxemburgo;4;3;1.54;0.85;1.67;4.53;8.08;3.41;2010-09-17;True;False;5000;2026-08-24
IE00BFNWYN85;Lord Abbett High Yield A USD Acc;Lord Abbett High Yield Fund Class A USD Accumulating;Lord Abbett (Ireland) Ltd;Fixed Income;US Fixed Income;RF Bonos Alto Rendimiento USD;USD;Irlanda;4;3;1.48;1.35;2.05;5.1;8.17;2.67;2014-02-18;True;False;2500;2026-08-24
IE0033033972;Muzinich Americayield HUSD Acc R;Muzinich Americayield Fund Hedged USD Accumulation R Units;Muzinich & Co. (Ireland) Limited;Fixed Income;US Fixed Income;RF Bonos Alto Rendimiento USD;USD;Irlanda;4;2;;1.5;1.9;4.69;7.11;2.54;2003-07-25;True;False;1000;2026-08-24
IE00B4PTJ249;Muzinich ShortDurationHY HUSD Acc R;Muzinich ShortDurationHighYield Fund Hedged USD Accumulation R Units;Muzinich & Co. (Ireland) Limited;Fixed Income;US Fixed Income;RF Bonos Alto Rendimiento USD;USD;Irlanda;3;2;1.29;1.1;2.34;4.94;6.07;3.55;2010-10-12;True;False;1000;2026-08-24
LU0602537226;Nordea 1 - Low Dur US Hi Yld Bd BP EUR;Nordea 1 - Low Duration US High Yield Bond Fund BP EUR;Nordea Investment Funds SA;Fixed Income;US Fixed Income;RF Bonos Alto Rendimiento USD;EUR;Luxemburgo;4;3;0.81;1;2.44;3.87;3.51;3.67;2011-06-01;True;False;0;2026-08-24
LU0602536251;Nordea 1 - Low Dur US Hi Yld Bd E EUR;Nordea 1 - Low Duration US High Yield Bond Fund E EUR;Nordea Investment Funds SA;Fixed Income;US Fixed Income;RF Bonos Alto Rendimiento USD;EUR;Luxemburgo;4;2;0.81;1;1.95;3.1;2.74;2.9;2012-02-21;True;False;0;2026-08-24
IE00B11XZ871;PIMCO GIS US Hi Yld Bd E Acc;PIMCO GIS US High Yield Bond Fund E Class Accumulation;PIMCO Global Advisors (Ireland) Limited;Fixed Income;US Fixed Income;RF Bonos Alto Rendimiento USD;USD;Irlanda;4;2;;2.5;1.05;4.3;7.69;2.84;2006-03-31;True;False;1000;2026-08-24
LU0577855355;UBS(Lux) BS Short Dur HY $ P Acc;UBS (Lux) Bond SICAV - Short Duration High Yield (USD) P-acc;UBS Asset Management (Europe) S.A.;Fixed Income;US Fixed Income;RF Bonos Alto Rendimiento USD;USD;Luxemburgo;3;3;1.33;1.01;2.16;4.54;6.67;4.21;2011-02-18;True;False;;2026-08-24
LU0251658612;AXAWF Euro Inflation Bonds A Cap EUR;AXA World Funds - Euro Inflation Bonds A Capitalisation EUR;BNP PARIBAS ASSET MANAGEMENT Europe;Fixed Income;Europe Fixed Income;RF Bonos Ligados Inflación EUR;EUR;Luxemburgo;4;3;0.73;0.5;1.95;2.39;1.56;-0.41;2006-04-17;True;False;0;2026-08-24
LU0190305630;BNP Paribas Euro Infl-Lnkd Bd N Cap;BNP Paribas Funds Euro Inflation-Linked Bond N Capitalisation;BNP Paribas Asset Management Luxembourg;Fixed Income;Europe Fixed Income;RF Bonos Ligados Inflación EUR;EUR;Luxemburgo;4;2;;0.75;0.81;1.08;0.87;-1.2;2004-04-20;True;False;0;2026-08-24
IE00B04GQQ17;Vanguard Euroz InfLnk Bd Idx Inv EUR Acc;Vanguard Eurozone Inflation-Linked Bond Index Fund Investor EUR Accumulation;Vanguard Group (Ireland) Limited;Fixed Income;Europe Fixed Income;RF Bonos Ligados Inflación EUR;EUR;Irlanda;4;4;0.12;0.12;2.3;3.1;2.27;0.03;2009-04-07;True;True;1000000;2026-08-24
LU0219444592;MFS Meridian Inflation Adjstd Bd A1 USD;MFS Meridian Funds - Inflation Adjusted Bond Fund A1 USD;MFS Investment Management Company (Lux) S.à.r.l;Fixed Income;US Fixed Income;RF Bonos Ligados a la Inflación USD ;USD;Luxemburgo;4;2;0.98;0.5;0.12;0.97;3.57;-0.53;2005-09-26;True;False;5000;2026-08-24
LU0135487659;Pictet-CHF Bonds P;Pictet-CHF Bonds P;Pictet Asset Management (Europe) SA;Fixed Income;Europe Fixed Income;RF CHF ;CHF;Luxemburgo;3;3;0.63;0.8;0.13;-0.35;2.84;-0.15;1992-02-10;True;False;0;2026-08-24
LU2267099674;BGF China Bond A2 EUR;BlackRock Global Funds - China Bond Fund Class A2 USD EUR;BlackRock (Luxembourg) SA;Fixed Income;Asia Fixed Income;RF China;EUR;Luxemburgo;4;4;0.98;0.75;6.96;10.06;5.04;0.56;2011-11-11;True;False;;2026-08-24
LU0679941327;BGF China Bond A2 USD;BlackRock Global Funds - China Bond Fund Class A2 USD USD;BlackRock (Luxembourg) SA;Fixed Income;Asia Fixed Income;RF China;USD;Luxemburgo;4;4;0.98;0.75;6.3;10.62;7.53;0.58;2011-11-11;True;False;5000;2026-08-24
LU0679941673;BGF China Bond A3 USD;BlackRock Global Funds - China Bond Fund A3 USD;BlackRock (Luxembourg) SA;Fixed Income;Asia Fixed Income;RF China;USD;Luxemburgo;4;4;0.98;0.75;8.14;12.62;8.19;0.94;2013-03-13;True;False;5000;2026-08-24
ES0113182002;Bankinter Buy & Hold 2028 B FI;Bankinter Buy & Hold 2028 B FI;Bankinter Gestión de Activos SGIIC;Fixed Income;Fixed Income Miscellaneous;RF Deuda A Plazo Fijo;EUR;España;;;;0.5;;;;;2026-04-10;True;False;;2026-08-24
ES0113182010;Bankinter Buy & Hold 2028 R FI;Bankinter Buy & Hold 2028 R FI;Bankinter Gestión de Activos SGIIC;Fixed Income;Fixed Income Miscellaneous;RF Deuda A Plazo Fijo;EUR;España;;;;0.6;;;;;2026-04-10;True;False;;2026-08-24
ES0113389003;Bankinter Buy & Hold 2029 B FI;Bankinter Buy & Hold 2029 B FI;Bankinter Gestión de Activos SGIIC;Fixed Income;Fixed Income Miscellaneous;RF Deuda A Plazo Fijo;EUR;España;;;;0.5;0.62;1.02;;;2025-05-09;True;False;1000000;2026-08-24
ES0113389029;Bankinter Buy & Hold 2029 R FI;Bankinter Buy & Hold 2029 R FI;Bankinter Gestión de Activos SGIIC;Fixed Income;Fixed Income Miscellaneous;RF Deuda A Plazo Fijo;EUR;España;;;;0.6;0.56;0.91;;;2025-05-09;True;False;1;2026-08-24
ES0159039025;Bankinter Buy & Hold 2030 B FI;Bankinter Buy & Hold 2030 B FI;Bankinter Gestión de Activos SGIIC;Fixed Income;Fixed Income Miscellaneous;RF Deuda A Plazo Fijo;EUR;España;;;;0.5;0.29;;;;2025-10-31;True;False;;2026-08-24
ES0159039017;Bankinter Buy & Hold 2030 R FI;Bankinter Buy & Hold 2030 R FI;Bankinter Gestión de Activos SGIIC;Fixed Income;Fixed Income Miscellaneous;RF Deuda A Plazo Fijo;EUR;España;2;;0.26;0.6;0.22;0.43;2.62;;2022-09-23;True;False;1;2026-08-24
ES0113366001;Bankinter Deuda Publica 2027 FI;Bankinter Deuda Publica 2027 FI;Bankinter Gestión de Activos SGIIC;Fixed Income;Fixed Income Miscellaneous;RF Deuda A Plazo Fijo;EUR;España;;;;0.5;0.6;0.97;;;2024-04-12;False;False;;2026-08-24
ES0114876032;Bankinter Deuda Publica 2028 FI;Bankinter Deuda Publica 2028 FI;Bankinter Gestión de Activos SGIIC;Fixed Income;Fixed Income Miscellaneous;RF Deuda A Plazo Fijo;EUR;España;3;;0.38;0.5;-0.06;0.31;2.11;0.79;1997-01-22;False;False;500;2026-08-24
ES0113367009;Bankinter Deuda Pública 2029 FI;Bankinter Deuda Pública 2029 FI;Bankinter Gestión de Activos SGIIC;Fixed Income;Fixed Income Miscellaneous;RF Deuda A Plazo Fijo;EUR;España;;;;0.5;-0.41;-0.06;;;2025-04-25;False;False;1;2026-08-24
ES0159040007;Bankinter Horizonte 2027 B FI;Bankinter Horizonte 2027 B FI;Bankinter Gestión de Activos SGIIC;Fixed Income;Fixed Income Miscellaneous;RF Deuda A Plazo Fijo;EUR;España;;;0;0.5;0;0;;;2024-04-12;True;False;1000000;2026-08-24
ES0159040023;Bankinter Horizonte 2027 R FI;Bankinter Horizonte 2027 R FI;Bankinter Gestión de Activos SGIIC;Fixed Income;Fixed Income Miscellaneous;RF Deuda A Plazo Fijo;EUR;España;;;0.53;0.6;0.92;1.5;;;2024-04-12;True;False;1;2026-08-24
ES0159038019;Bankinter Horizonte 2028 B FI;Bankinter Horizonte 2028 B FI;Bankinter Gestión de Activos SGIIC;Fixed Income;Fixed Income Miscellaneous;RF Deuda A Plazo Fijo;EUR;España;2;;0.19;0.5;0.58;0.83;2.83;;2021-04-09;True;False;1000000;2026-08-24
ES0159038001;Bankinter Horizonte 2028 R FI;Bankinter Horizonte 2028 R FI;Bankinter Gestión de Activos SGIIC;Fixed Income;Fixed Income Miscellaneous;RF Deuda A Plazo Fijo;EUR;España;2;;0.3;0.6;0.52;0.73;2.72;;2021-04-09;True;False;1;2026-08-24
FR00140081Y1;Carmignac Credit 2027 A EUR Acc;Carmignac Credit 2027 A EUR Acc;Carmignac Gestion;Fixed Income;Fixed Income Miscellaneous;RF Deuda A Plazo Fijo;EUR;Francia;3;;1.04;0.9;0.79;1.64;5.48;;2022-05-02;True;False;0;2026-08-24
FR00140081Z8;Carmignac Credit 2027 A EUR Ydis;Carmignac Credit 2027 A EUR Ydis;Carmignac Gestion;Fixed Income;Fixed Income Miscellaneous;RF Deuda A Plazo Fijo;EUR;Francia;3;;1.04;0.9;0.78;1.64;5.48;;2022-05-02;True;False;0;2026-08-24
FR001400KAV4;Carmignac Credit 2029 A Eur Acc;Carmignac Credit 2029 A Eur Acc;Carmignac Gestion;Fixed Income;Fixed Income Miscellaneous;RF Deuda A Plazo Fijo;EUR;Francia;;;1.14;1;0.99;2.37;;;2023-10-20;True;False;0;2026-08-24
FR001400KAW2;Carmignac Credit 2029 A Eur Ydis;Carmignac Credit 2029 A Eur Ydis;Carmignac Gestion;Fixed Income;Fixed Income Miscellaneous;RF Deuda A Plazo Fijo;EUR;Francia;;;1.14;1;0.98;2.44;;;2023-10-20;True;False;0;2026-08-24
FR001400U4S3;Carmignac Credit 2031 A EUR Acc;Carmignac Credit 2031 A EUR Acc;Carmignac Gestion;Fixed Income;Fixed Income Miscellaneous;RF Deuda A Plazo Fijo;EUR;Francia;;;1.14;1;1.3;2.83;;;2024-12-31;True;False;0;2026-08-24
FR001400U4T1;Carmignac Credit 2031 A EUR Ydis;Carmignac Credit 2031 A EUR Ydis;Carmignac Gestion;Fixed Income;Fixed Income Miscellaneous;RF Deuda A Plazo Fijo;EUR;Francia;;;1.14;1;1.31;2.9;;;2024-12-31;True;False;0;2026-08-24
FR001400S680;EdR SICAV Millesima 2030 A;EdR SICAV Millesima 2030 A;Edmond de Rothschild Asset Management (France);Fixed Income;Fixed Income Miscellaneous;RF Deuda A Plazo Fijo;EUR;Francia;4;;1.09;1;1.42;1.35;;;2024-08-30;True;False;1;2026-08-24
FR001400S6A0;EdR SICAV Millesima 2030 A USD H;EdR SICAV Millesima 2030 A USD H;Edmond de Rothschild Asset Management (France);Fixed Income;Fixed Income Miscellaneous;RF Deuda A Plazo Fijo;USD;Francia;4;;1.09;1;2.39;3.1;;;2024-09-13;True;False;1;2026-08-24
FR001400S6B8;EdR SICAV Millesima 2030 B EUR;EdR SICAV Millesima 2030 B EUR;Edmond de Rothschild Asset Management (France);Fixed Income;Fixed Income Miscellaneous;RF Deuda A Plazo Fijo;EUR;Francia;4;;1.09;1;1.43;1.33;;;2024-09-30;True;False;1;2026-08-24
FR00140120M2;EdR SICAV Millesima 2032 A EUR;Edmond de Rothschild SICAV Millesima 2032 A EUR;Edmond de Rothschild Asset Management (France);Fixed Income;Fixed Income Miscellaneous;RF Deuda A Plazo Fijo;EUR;Francia;;;0.87;1.1;2.26;;;;2025-12-02;True;False;;2026-08-24
FR00140120O8;EdR SICAV Millesima 2032 B EUR;Edmond de Rothschild SICAV Millesima 2032 B EUR;Edmond de Rothschild Asset Management (France);Fixed Income;Fixed Income Miscellaneous;RF Deuda A Plazo Fijo;EUR;Francia;;;0.16;1.1;;;;;2026-03-11;True;False;;2026-08-24
FR0013439452;La Française Rendement Glb 2028 RD EUR;La Française Rendement Global 2028 RD EUR;Crédit Mutuel Asset Management;Fixed Income;Fixed Income Miscellaneous;RF Deuda A Plazo Fijo;EUR;Francia;4;;1.15;1.11;0.65;-1.47;5.01;0.3;2020-01-30;True;False;0;2026-08-24
FR0013272739;La Française Rendement Glb 2031 D;La Française Rendement Global 2031 D;Crédit Mutuel Asset Management;Fixed Income;Fixed Income Miscellaneous;RF Deuda A Plazo Fijo;EUR;Francia;4;;1.35;1.19;1.31;2.56;5.52;1.23;2017-08-30;True;False;0;2026-08-24
FR0013258647;La Française Rendement Glb 2031 R;La Française Rendement Global 2031 R;Crédit Mutuel Asset Management;Fixed Income;Fixed Income Miscellaneous;RF Deuda A Plazo Fijo;EUR;Francia;4;;1.3;1.19;1.34;2.58;5.52;1.24;2017-08-30;True;False;0;2026-08-24
FR0013399805;Lazard Credit 2030 RC EUR;Lazard Credit 2030 RC EUR;Lazard Frères Gestion;Fixed Income;Fixed Income Miscellaneous;RF Deuda A Plazo Fijo;EUR;Francia;3;;;0.84;0.56;1.31;3.85;1.87;2019-03-04;True;False;1000;2026-08-24
FR0013412525;Lazard Credit 2030 RD EUR;Lazard Credit 2030 RD EUR;Lazard Frères Gestion;Fixed Income;Fixed Income Miscellaneous;RF Deuda A Plazo Fijo;EUR;Francia;3;;;0.84;0.56;1.31;3.84;1.87;2019-04-26;True;False;1000;2026-08-24
LU3249705412;M&G (Lux) Fxd Mat Bd Hgh Yld2031PEURAcc;M&G (Lux) Investment Funds 1 -M&G (Lux) Fixed Maturity Bond High Yield Fund 2031 P EUR Accumulation;M&G Luxembourg S.A.;Fixed Income;Fixed Income Miscellaneous;RF Deuda A Plazo Fijo;EUR;Luxemburgo;4;;0.44;1.2;;;;;2026-02-24;True;False;;2026-08-24
LU3249705768;M&G (Lux) Fxd Mat Bd Hgh Yld2031PEURDis;M&G (Lux) Investment Funds 1 -M&G (Lux) Fixed Maturity Bond High Yield Fund 2031 P EUR Distribution;M&G Luxembourg S.A.;Fixed Income;Fixed Income Miscellaneous;RF Deuda A Plazo Fijo;EUR;Luxemburgo;4;;0.45;1.2;;;;;2026-02-24;True;False;;2026-08-24
FR0013505450;Tikehau 2027 R Acc EUR;Tikehau 2027 R Acc EUR;Tikehau Investment Management;Fixed Income;Fixed Income Miscellaneous;RF Deuda A Plazo Fijo;EUR;Francia;4;;;1.4;1.27;2.3;5.93;1.81;2020-05-29;True;False;100;2026-08-24
FR0013505492;Tikehau 2027 R Dis EUR;Tikehau 2027 R Dis EUR;Tikehau Investment Management;Fixed Income;Fixed Income Miscellaneous;RF Deuda A Plazo Fijo;EUR;Francia;4;;;1.4;1.27;2.3;5.93;1.82;2020-05-29;True;False;100;2026-08-24
FR001400K2B5;Tikehau 2029 R Acc EUR;Tikehau 2029 R Acc EUR;Tikehau Investment Management;Fixed Income;Fixed Income Miscellaneous;RF Deuda A Plazo Fijo;EUR;Francia;;;1.2;1.1;0.43;0.91;;;2023-11-20;True;False;100;2026-08-24
FR001400K2C3;Tikehau 2029 R Dis EUR;Tikehau 2029 R Dis EUR;Tikehau Investment Management;Fixed Income;Fixed Income Miscellaneous;RF Deuda A Plazo Fijo;EUR;Francia;;;1.19;1.1;0.43;0.92;;;2023-11-20;True;False;100;2026-08-24
LU0251661756;AXAWF Euro Credit Short Dur A Cap EUR;AXA World Funds - Euro Credit Short Duration A Capitalisation EUR;BNP PARIBAS ASSET MANAGEMENT Europe;Fixed Income;Europe Fixed Income;RF Deuda Corporativa Corto Plazo EUR;EUR;Luxemburgo;2;2;0.86;0.65;0.35;0.97;3.42;1.19;2006-04-17;True;False;0;2026-08-24
LU0236145453;DWS Invest Short Duration Credit LC;DWS Invest Short Duration Credit LC;DWS Investment S.A.;Fixed Income;Europe Fixed Income;RF Deuda Corporativa Corto Plazo EUR;EUR;Luxemburgo;2;3;0.69;0.6;0.68;1.41;4.4;1.5;2006-02-27;True;False;0;2026-08-24
FI0008800503;Evli Short Corporate Bond A;Evli Short Corporate Bond A;Evli-Rahastoyhtiö Oy;Fixed Income;Europe Fixed Income;RF Deuda Corporativa Corto Plazo EUR;EUR;Finlandia;3;5;;0.55;1.15;1.98;4.67;2.06;1997-09-30;True;False;5000;2026-08-24
FI0008800511;Evli Short Corporate Bond B;Evli Short Corporate Bond B;Evli-Rahastoyhtiö Oy;Fixed Income;Europe Fixed Income;RF Deuda Corporativa Corto Plazo EUR;EUR;Finlandia;3;5;;0.55;1.15;1.98;4.68;2.06;1997-09-30;True;False;1000;2026-08-24
FR0010288332;Groupama Euro Credit Short Duration NC;Groupama Euro Credit Short Duration NC;Groupama Asset Management;Fixed Income;Europe Fixed Income;RF Deuda Corporativa Corto Plazo EUR;EUR;Francia;2;3;;1.52;0.84;1.55;4.07;1.71;2006-04-25;True;False;1;2026-08-24
FR0013439163;La Française Carbon Impct Flt Rt I;La Française Carbon Impact Floating Rates I;Crédit Mutuel Asset Management;Fixed Income;Europe Fixed Income;RF Deuda Corporativa Corto Plazo EUR;EUR;Francia;3;5;0.47;0.35;1.73;2.91;4.7;3.1;1994-12-30;True;False;100000;2026-08-24
FR0013439148;La Française Carbon Impct Flt Rt R;La Française Carbon Impact Floating Rates R;Crédit Mutuel Asset Management;Fixed Income;Europe Fixed Income;RF Deuda Corporativa Corto Plazo EUR;EUR;Francia;3;4;0.84;0.7;1.5;2.56;4.33;;1994-12-30;True;False;0;2026-08-24
LU1670718219;M&G (Lux) Short Dtd Corp Bd A EUR Acc;M&G (Lux) Short Dated Corporate Bond Fund EUR A Acc;M&G Luxembourg S.A.;Fixed Income;Europe Fixed Income;RF Deuda Corporativa Corto Plazo EUR;EUR;Luxemburgo;2;4;0.47;0.25;0.83;1.7;3.83;1.83;2018-10-26;True;False;1000;2026-08-24
LU1670718300;M&G (Lux) Short Dtd Corp Bd A EUR Inc;M&G (Lux) Short Dated Corporate Bond Fund EUR A Inc;M&G Luxembourg S.A.;Fixed Income;Europe Fixed Income;RF Deuda Corporativa Corto Plazo EUR;EUR;Luxemburgo;2;4;0.47;0.25;0.83;1.7;3.83;1.83;2018-10-26;True;False;1000;2026-08-24
LU1694212348;Nordea 1 - Low Dur Eurp Cov Bd BP EUR;Nordea 1 - Low Duration European Covered Bond Fund BP EUR;Nordea Investment Funds SA;Fixed Income;Europe Fixed Income;RF Deuda Corporativa Corto Plazo EUR;EUR;Luxemburgo;2;3;0.71;0.5;0.23;1.48;3.43;1.65;2017-10-24;True;False;0;2026-08-24
LU0935222066;Ostrum Credit Short Dur R/A EUR;Natixis AM Funds - Ostrum Credit Short Duration R/A (EUR);Natixis Investment Managers International;Fixed Income;Europe Fixed Income;RF Deuda Corporativa Corto Plazo EUR;EUR;Luxemburgo;2;3;0.85;0.6;0.47;0.95;3.74;1.44;2013-10-24;True;False;0;2026-08-24
FR0011071778;Ostrum Crédit Euro 1-3 R (C) EUR;Ostrum Crédit Euro 1-3 R (C) EUR;Natixis Investment Managers International;Fixed Income;Europe Fixed Income;RF Deuda Corporativa Corto Plazo EUR;EUR;Francia;2;3;;0.55;0.47;0.96;3.62;1.41;2011-07-22;True;False;1;2026-08-24
LU0954602750;Pictet-EUR Short Term Corp Bds P EUR;Pictet-EUR Short Term Corporate Bonds P EUR;Pictet Asset Management (Europe) SA;Fixed Income;Europe Fixed Income;RF Deuda Corporativa Corto Plazo EUR;EUR;Luxemburgo;2;2;0.7;0.9;0.78;1.48;4.25;1.18;2013-11-25;True;False;0;2026-08-24
LU1293074719;Schr ISF EURO Crd Conv Sht Dur A Acc EUR;Schroder International Selection Fund EURO Credit Conviction Short Duration A Accumulation EUR;Schroder Investment Management (Europe) S.A.;Fixed Income;Europe Fixed Income;RF Deuda Corporativa Corto Plazo EUR;EUR;Luxemburgo;3;;1.5;1.2;0.63;1.36;;;2015-11-11;True;False;1000;2026-08-24
LU1585265066;Tikehau Short Duration R EUR Acc;Tikehau Short Duration Fund R EUR Acc;Tikehau Investment Management;Fixed Income;Europe Fixed Income;RF Deuda Corporativa Corto Plazo EUR;EUR;Luxemburgo;2;3;1.14;1;0.94;1.77;3.61;1.86;2020-09-01;True;False;100;2026-08-24
LU0960403268;AXAWF US Credit Short Dur IG A Cap USD;AXA World Funds - US Credit Short Duration IG A Capitalisation USD;BNP PARIBAS ASSET MANAGEMENT Europe;Fixed Income;US Fixed Income;RF Deuda Corporativa Corto Plazo USD;USD;Luxemburgo;2;2;0.87;0.65;1.2;2.95;4.85;2.27;2013-09-03;True;False;0;2026-08-24
IE00BYP0Y779;Lord Abbett Short Dur Inc A EUR Acc;Lord Abbett Short Duration Income Fund Class A EUR Accumulating;Lord Abbett (Ireland) Ltd;Fixed Income;US Fixed Income;RF Deuda Corporativa Corto Plazo USD;EUR;Irlanda;4;3;1.07;1;1.87;2.84;2.51;;2016-02-01;True;False;2500;2026-08-24
IE00BFNWXY26;Lord Abbett Short Dur Inc A USD Acc;Lord Abbett Short Duration Income Fund Class A USD Accumulating;Lord Abbett (Ireland) Ltd;Fixed Income;US Fixed Income;RF Deuda Corporativa Corto Plazo USD;USD;Irlanda;2;2;1.07;1;1.28;3.35;4.92;2.15;2014-02-18;True;False;2500;2026-08-24
LU1740847006;MFS Meridian Limited Maturity A1 EUR;MFS Meridian Funds - Limited Maturity Fund A1;MFS Investment Management Company (Lux) S.à.r.l;Fixed Income;US Fixed Income;RF Deuda Corporativa Corto Plazo USD;EUR;Luxemburgo;4;2;1.13;0.6;1.61;2.04;2.08;1.9;2018-02-16;True;False;;2026-08-24
LU0219442893;MFS Meridian Limited Maturity A1 USD;MFS Meridian Funds - Limited Maturity Fund A1 USD;MFS Investment Management Company (Lux) S.à.r.l;Fixed Income;US Fixed Income;RF Deuda Corporativa Corto Plazo USD;USD;Luxemburgo;2;2;1.14;0.6;0.95;2.6;4.48;1.88;2005-09-26;True;False;5000;2026-08-24
LU0029761532;UBAM USD Floating Rate Notes AC USD;UBAM - USD Floating Rate Notes AC USD;UBP Asset Management (Europe) S.A.;Fixed Income;US Fixed Income;RF Deuda Corporativa Corto Plazo USD;USD;Luxemburgo;2;4;;0.4;2.47;4.13;5.45;4.27;1990-12-18;True;False;0;2026-08-24
LU1145633407;Allianz Euro Credit SRI AT EUR;Allianz Global Investors Fund - Allianz Euro Credit SRI AT EUR;Allianz Global Investors GmbH;Fixed Income;Europe Fixed Income;RF Deuda Corporativa EUR;EUR;Luxemburgo;3;2;1.09;2;-0.51;-0.39;4.24;-1.54;2015-02-02;True;False;0;2026-08-24
LU0706716890;Allianz SDG Euro Credit A EUR;Allianz Global Investors Fund - Allianz SDG Euro Credit A EUR;Allianz Global Investors GmbH;Fixed Income;Europe Fixed Income;RF Deuda Corporativa EUR;EUR;Luxemburgo;3;2;0.79;1.44;-0.03;0.32;3.93;-1.08;2015-07-13;True;False;0;2026-08-24
LU1525412281;Amundi EUR Corporate Bd 1-5Y ESG AE Acc;Amundi Index Solution - Amundi EUR Corporate Bond 1-5Y ESG AE Acc;Amundi Luxembourg S.A.;Fixed Income;Europe Fixed Income;RF Deuda Corporativa EUR;EUR;Luxemburgo;3;4;;0.25;0.58;0.95;3.9;0.7;2016-11-29;True;True;;2026-08-24
LU1050469367;Amundi EUR Corporate Bond ESG AE-C;Amundi Index Solutions - Amundi EUR Corporate Bond ESG AE-C;Amundi Luxembourg S.A.;Fixed Income;Europe Fixed Income;RF Deuda Corporativa EUR;EUR;Luxemburgo;3;2;;0.2;0.49;0.68;4.07;-0.52;2014-04-14;True;True;0;2026-08-24
LU0162658883;BGF Euro Corporate Bond A2;BlackRock Global Funds - Euro Corporate Bond Fund A2;BlackRock (Luxembourg) SA;Fixed Income;Europe Fixed Income;RF Deuda Corporativa EUR;EUR;Luxemburgo;3;3;1.01;0.8;0.12;0.81;4.25;-0.59;2006-07-31;True;False;5000;2026-08-24
LU2777377792;BNPP E € Corp Bond SRI PAB 3-5Y Tr ClAcc;BNP Paribas Easy € Corp Bond SRI PAB 3-5Y Track Classic Acc;BNP Paribas Asset Management Luxembourg;Fixed Income;Europe Fixed Income;RF Deuda Corporativa EUR;EUR;Luxemburgo;3;;;0.3;2.97;2.69;;;2019-10-04;True;True;;2026-08-24
LU2954943440;BNPP E € Corp Bond SRI PAB 3-5Y Tr PrAcc;BNP Paribas Easy € Corp Bond SRI PAB 3-5Y Track Privilege Acc;BNP Paribas Asset Management Luxembourg;Fixed Income;Europe Fixed Income;RF Deuda Corporativa EUR;EUR;Luxemburgo;3;;;0.03;0.36;0.93;;;2024-12-18;True;True;100000;2026-08-24
LU0357317923;BlueBay Investment Grade Bd R EUR (AID);BlueBay Funds - BlueBay Investment Grade Bond Fund R - EUR (AIDiv);BlueBay Funds Management Company S.A.;Fixed Income;Europe Fixed Income;RF Deuda Corporativa EUR;EUR;Luxemburgo;3;4;0.91;0.75;-0.3;-0.1;4.36;-0.48;2008-09-04;True;False;0;2026-08-24
LU0217402501;BlueBay Investment Grade Bd R EUR Acc;BlueBay Funds - BlueBay Investment Grade Bond Fund - R - EUR accumulating;BlueBay Funds Management Company S.A.;Fixed Income;Europe Fixed Income;RF Deuda Corporativa EUR;EUR;Luxemburgo;3;4;0.91;0.75;-0.3;-0.1;4.35;-0.48;2005-03-28;True;False;0;2026-08-24
LU1902444584;CPR Invest Climate Bonds Euro A EUR Acc;CPR Invest - Climate Bonds Euro - A EUR - Acc;CPR Asset Management;Fixed Income;Europe Fixed Income;RF Deuda Corporativa EUR;EUR;Luxemburgo;3;4;;0.7;0.14;0.66;4.68;0.18;2018-12-06;True;False;;2026-08-24
LU1313770452;Candriam Sst Bd Euro Corp C € Acc;Candriam Sustainable Bond Euro Corporate C - CAP - EUR;Candriam;Fixed Income;Europe Fixed Income;RF Deuda Corporativa EUR;EUR;Luxemburgo;3;3;0.99;0.75;0.19;0.56;4.23;-0.31;2016-05-17;True;False;0;2026-08-24
LU0300357554;DWS Invest Euro Corporate Bds LC;DWS Invest Euro Corporate Bonds LC;DWS Investment S.A.;Fixed Income;Europe Fixed Income;RF Deuda Corporativa EUR;EUR;Luxemburgo;3;3;0.96;0.9;0.02;0.63;4.39;-0.71;2007-05-21;True;False;0;2026-08-24
LU0441433728;DWS Invest Euro Corporate Bds LD;DWS Invest Euro Corporate Bonds LD;DWS Investment S.A.;Fixed Income;Europe Fixed Income;RF Deuda Corporativa EUR;EUR;Luxemburgo;3;3;0.96;0.9;0.03;0.64;4.39;-0.71;2009-10-30;True;False;0;2026-08-24
FI0008801097;Evli Corporate Bond B;Evli Corporate Bond B;Evli-Rahastoyhtiö Oy;Fixed Income;Europe Fixed Income;RF Deuda Corporativa EUR;EUR;Finlandia;3;4;0.86;0.85;0.64;1.37;5.26;0.42;1999-09-14;True;False;1000;2026-08-24
LU0243957825;Invesco Euro Corporate Bond A EUR Acc;Invesco Funds - Invesco Euro Corporate Bond Fund A Accumulation EUR;Invesco Management S.A.;Fixed Income;Europe Fixed Income;RF Deuda Corporativa EUR;EUR;Luxemburgo;3;3;;1;-0.08;0.39;3.87;-0.33;2006-03-31;True;False;1000;2026-08-24
LU0248037169;Invesco Euro Corporate Bond A MD EUR;Invesco Funds - Invesco Euro Corporate Bond Fund A Monthly Distribution EUR;Invesco Management S.A.;Fixed Income;Europe Fixed Income;RF Deuda Corporativa EUR;EUR;Luxemburgo;3;3;;1;-0.08;0.39;3.87;-0.33;2006-05-02;True;False;1000;2026-08-24
LU0451950314;Janus Henderson Hrzn Euro Corp Bd A2 EUR;Janus Henderson Horizon Euro Corporate Bond Fund A2 EUR;Janus Henderson Investors;Fixed Income;Europe Fixed Income;RF Deuda Corporativa EUR;EUR;Luxemburgo;3;2;1.17;0.75;-0.12;0.29;4.1;-1.11;2009-12-18;True;False;2500;2026-08-24
LU1670629549;M&G (Lux) Euro Corp Bd A EUR Acc;M&G (Lux) Euro Corporate Bond Fund EUR A Acc;M&G Luxembourg S.A.;Fixed Income;Europe Fixed Income;RF Deuda Corporativa EUR;EUR;Luxemburgo;3;3;0.61;0.4;0.07;0.58;4.29;-0.37;2018-11-09;True;False;1000;2026-08-24
LU2482630162;M&G European Credit Investment P EUR Acc;European Specialist Investment Funds - M&G European Credit Investment Fund Class P EUR Acc;M&G Luxembourg S.A.;Fixed Income;Europe Fixed Income;RF Deuda Corporativa EUR;EUR;Luxemburgo;3;3;0.49;0.49;0.09;0.34;4.46;;2022-06-21;True;False;;2026-08-24
LU1914597502;MFS Meridian Euro Credit A1 EUR;MFS Meridian Funds - Euro Credit Fund A1 EUR;MFS Investment Management Company (Lux) S.à.r.l;Fixed Income;Europe Fixed Income;RF Deuda Corporativa EUR;EUR;Luxemburgo;3;3;1.14;0.5;-0.36;0;4.91;-0.3;2019-02-15;True;False;;2026-08-24
LU0132601682;MS INVF Euro Corporate Bond A;Morgan Stanley Investment Funds - Euro Corporate Bond Fund A;MSIM Fund Management (Ireland) Limited;Fixed Income;Europe Fixed Income;RF Deuda Corporativa EUR;EUR;Luxemburgo;3;4;1.04;0.8;0;0.66;4.55;-0.24;2001-09-04;True;False;0;2026-08-24
LU0239680886;MS INVF Euro Corporate Bond AX;Morgan Stanley Investment Funds - Euro Corporate Bond Fund AX;MSIM Fund Management (Ireland) Limited;Fixed Income;Europe Fixed Income;RF Deuda Corporativa EUR;EUR;Luxemburgo;3;4;1.04;0.8;0;0.65;4.56;-0.24;2009-07-06;True;False;0;2026-08-24
IE000JM1MJ59;Man Euro Corp Bd D EUR Acc;Man Funds plc - Man Euro Corporate Bond D EUR;Man Asset Management (Ireland) Limited;Fixed Income;Europe Fixed Income;RF Deuda Corporativa EUR;EUR;Irlanda;3;;1.45;1.24;2.08;3.56;;;2023-10-26;True;False;1000;2026-08-24
LU0076315455;Nordea 1 - European Covered Bond BP EUR;Nordea 1 - European Covered Bond Fund BP EUR;Nordea Investment Funds SA;Fixed Income;Europe Fixed Income;RF Deuda Corporativa EUR;EUR;Luxemburgo;3;2;0.86;0.6;-1.13;-0.43;3;-1.45;1996-07-05;True;False;0;2026-08-24
IE00B3KR3M49;PIMCO GIS Euro Credit E EUR Acc;PIMCO GIS Euro Credit Fund E Class EUR Accumulation;PIMCO Global Advisors (Ireland) Limited;Fixed Income;Europe Fixed Income;RF Deuda Corporativa EUR;EUR;Irlanda;3;1;;2.5;-1.09;-0.32;3.5;-1.8;2010-05-25;True;False;;2026-08-24
FR0007008750;R-co Conviction Credit Euro C EUR;R-co Conviction Credit Euro C EUR;Rothschild & Co Asset Management;Fixed Income;Europe Fixed Income;RF Deuda Corporativa EUR;EUR;Francia;2;5;0.81;0.71;0.67;1.26;5.22;0.86;2000-12-29;True;False;2500;2026-08-24
LU0213453771;Robeco Euro Credit Bonds D €;Robeco Euro Credit Bonds D €;Robeco Institutional Asset Management BV;Fixed Income;Europe Fixed Income;RF Deuda Corporativa EUR;EUR;Luxemburgo;3;3;0.92;0.7;-0.03;0.26;4;-0.45;2005-04-01;True;False;0;2026-08-24
LU0503372608;Robeco Euro SDG Credits D EUR Cap;Robeco Euro SDG Credits D EUR Capitalisation;Robeco Institutional Asset Management BV;Fixed Income;Europe Fixed Income;RF Deuda Corporativa EUR;EUR;Luxemburgo;3;3;0.92;0.7;-0.02;0.26;3.99;-0.59;2010-05-18;True;False;0;2026-08-24
LU0113257694;Schroder ISF EURO Corp Bd A Acc EUR;Schroder International Selection Fund EURO Corporate Bond A Accumulation EUR;Schroder Investment Management (Europe) S.A.;Fixed Income;Europe Fixed Income;RF Deuda Corporativa EUR;EUR;Luxemburgo;3;4;1.04;0.75;0.35;1.07;5.39;-0.25;2000-06-30;True;False;1000;2026-08-24
LU0425487740;Schroder ISF EURO Corp Bd A Dis EUR SF;Schroder International Selection Fund EURO Corporate Bond A Distribution EUR SF;Schroder Investment Management (Europe) S.A.;Fixed Income;Europe Fixed Income;RF Deuda Corporativa EUR;EUR;Luxemburgo;3;4;1.04;0.75;0.35;1.07;5.39;-0.25;2009-04-30;True;False;1000;2026-08-24
LU0995119665;Schroder ISF EURO Crdt Convct A Acc EUR;Schroder International Selection Fund EURO Credit Conviction A Accumulation EUR;Schroder Investment Management (Europe) S.A.;Fixed Income;Europe Fixed Income;RF Deuda Corporativa EUR;EUR;Luxemburgo;3;5;1.28;1;0.68;1.43;6.01;0.16;2013-12-18;True;False;1000;2026-08-24
LU0995120242;Schroder ISF EURO Crdt Convct A DisEURS;Schroder International Selection Fund EURO Credit Conviction A Distribution EUR S;Schroder Investment Management (Europe) S.A.;Fixed Income;Europe Fixed Income;RF Deuda Corporativa EUR;EUR;Luxemburgo;3;5;1.28;1;0.68;1.43;6.02;0.16;2013-12-18;True;False;1000;2026-08-24
LU2080993616;Schroder ISF Sust EURO Crdt A Acc EUR;Schroder International Selection Fund Sustainable EURO Credit A Accumulation EUR;Schroder Investment Management (Europe) S.A.;Fixed Income;Europe Fixed Income;RF Deuda Corporativa EUR;EUR;Luxemburgo;3;4;1.03;0.75;0.08;0.7;4.66;0.08;2019-12-17;True;False;1000;2026-08-24
FR0011288513;Sycomore Sélection Crédit R;Sycomore Sélection Crédit R;Sycomore Asset Management;Fixed Income;Europe Fixed Income;RF Deuda Corporativa EUR;EUR;Francia;3;4;1.33;1.2;0.32;1.12;4.88;1.21;2012-12-05;True;False;0;2026-08-24
LU0133089424;T. Rowe Price Euro Corp Bd - A;T. Rowe Price Funds SICAV - Euro Corporate Bond Fund - A;T. Rowe Price (Luxembourg) Management S.à r.l.;Fixed Income;Europe Fixed Income;RF Deuda Corporativa EUR;EUR;Luxemburgo;3;3;0.55;0.44;0.18;0.89;4.58;-0.16;2004-11-09;True;False;0;2026-08-24
LU0162626096;UBS (Lux) BS EUR Corp (EUR) P-acc;UBS (Lux) Bond SICAV - EUR Corporates (EUR) P-acc;UBS Asset Management (Europe) S.A.;Fixed Income;Europe Fixed Income;RF Deuda Corporativa EUR;EUR;Luxemburgo;3;2;1.14;0.86;-0.19;0.19;3.93;-0.78;2003-04-11;True;False;0;2026-08-24
IE0009591805;Vanguard Euro IG Bd Idx Inv EUR Acc;Vanguard Euro Investment Grade Bond Index Fund Investor EUR Accumulation;Vanguard Group (Ireland) Limited;Fixed Income;Europe Fixed Income;RF Deuda Corporativa EUR;EUR;Irlanda;3;2;0.12;0.12;0.08;0.81;3.93;-1.05;2001-05-30;True;True;1000000;2026-08-24
LU0153585723;Vontobel Euro Corporate Bond B EUR;Vontobel Fund - Euro Corporate Bond B EUR Cap;Vontobel Asset Management S.A.;Fixed Income;Europe Fixed Income;RF Deuda Corporativa EUR;EUR;Luxemburgo;4;3;1.35;1.1;-0.2;0.37;4.47;-0.92;2002-09-27;True;False;0;2026-08-24
LU0153585996;Vontobel Euro Corporate Bond C EUR;Vontobel Fund - Euro Corporate Bond C EUR Cap;Vontobel Asset Management S.A.;Fixed Income;Europe Fixed Income;RF Deuda Corporativa EUR;EUR;Luxemburgo;4;2;1.75;1.6;-0.44;-0.01;4.06;-1.3;2007-07-16;True;False;0;2026-08-24
LU1775980979;Invesco Sterling Bond A GBP Acc;Invesco Funds - Invesco Sterling Bond Fund A Accumulation GBP;Invesco Management S.A.;Fixed Income;Sterling Fixed Income;RF Deuda Corporativa GBP;GBP;Luxemburgo;4;4;;0.75;-0.88;2.67;5.92;0.63;2018-10-08;True;False;1000;2026-08-24
LU1775981274;Invesco Sterling Bond A GBP QD;Invesco Funds - Invesco Sterling Bond Fund A Quarterly Distribution GBP;Invesco Management S.A.;Fixed Income;Sterling Fixed Income;RF Deuda Corporativa GBP;GBP;Luxemburgo;4;4;;0.75;-0.88;2.67;5.92;0.63;2018-10-08;True;False;1000;2026-08-24
LU1525413685;Amundi Global Corp Bd 1-5Y ESG AE-C;Amundi Index Solutions - Amundi Global Corporate Bond 1-5Y ESG AE-C;Amundi Luxembourg S.A.;Fixed Income;Global Fixed Income;RF Deuda Corporativa Global;EUR;Luxemburgo;3;4;;0.25;1.31;2.24;3.25;;2020-08-13;True;True;1;2026-08-24
IE00B4Y6F282;FTGF WA Sh Dur Bl Chp Bd A USD Acc;FTGF Western Asset Short Duration Blue Chip Bond Fund Class A US$ Accumulating;Franklin Templeton International Services S.à r.l.;Fixed Income;Global Fixed Income;RF Deuda Corporativa Global;USD;Irlanda;3;4;1.16;0.85;0.84;2.34;4.87;1.55;2009-06-25;True;False;1000;2026-08-24
LU0839536322;Amundi Fds Global Corp Bd A EUR H C;Amundi Funds - Global Corporate Bond A EUR Hgd (C);Amundi Luxembourg S.A.;Fixed Income;Global Fixed Income;RF Deuda Corporativa Global - EUR Cubierto;EUR;Luxemburgo;4;2;1.31;0.9;-1.76;-0.63;3.74;-1.92;2012-12-11;True;False;;2026-08-24
IE00B4Y6F514;FTGF WA Sh Dur Bl Chp Bd A EURH Acc;FTGF Western Asset Short Duration Blue Chip Bond Fund Class A Euro Accumulating (Hedged);Franklin Templeton International Services S.à r.l.;Fixed Income;Global Fixed Income;RF Deuda Corporativa Global - EUR Cubierto;EUR;Irlanda;3;3;1.16;0.85;-0.31;0.35;2.9;-0.37;2014-01-30;True;False;1000;2026-08-24
LU0408846458;JPM Global Corporate Bd A acc EUR Hdg;JPMorgan Funds - Global Corporate Bond Fund A (acc) EUR (hedged);JPMorgan Asset Management (Europe) S.à r.l.;Fixed Income;Global Fixed Income;RF Deuda Corporativa Global - EUR Cubierto;EUR;Luxemburgo;4;2;0.98;0.8;-1.58;0;3.7;-1.91;2009-02-27;True;False;35000;2026-08-24
LU0790204860;JPM Global Corporate Bd A dist EUR Hdg;JPMorgan Funds - Global Corporate Bond Fund A (dist) EUR (hedged);JPMorgan Asset Management (Europe) S.à r.l.;Fixed Income;Global Fixed Income;RF Deuda Corporativa Global - EUR Cubierto;EUR;Luxemburgo;4;2;1;0.8;-1.64;-0.03;3.67;-1.94;2012-06-04;True;False;35000;2026-08-24
LU0408846961;JPM Global Corporate Bd D acc EUR Hdg;JPMorgan Funds - Global Corporate Bond Fund D (acc) EUR (hedged);JPMorgan Asset Management (Europe) S.à r.l.;Fixed Income;Global Fixed Income;RF Deuda Corporativa Global - EUR Cubierto;EUR;Luxemburgo;4;2;1.39;0.8;-1.85;-0.41;3.27;-2.31;2009-02-27;True;False;5000;2026-08-24
LU0503867672;JPM Global Corporate Bd D div EUR Hdg;JPMorgan Funds - Global Corporate Bond Fund D (div) EUR (hedged);JPMorgan Asset Management (Europe) S.à r.l.;Fixed Income;Global Fixed Income;RF Deuda Corporativa Global - EUR Cubierto;EUR;Luxemburgo;4;2;1.38;0.8;-1.91;-0.44;3.24;-2.31;2010-04-19;True;False;5000;2026-08-24
IE000MI53C66;Man GlInGd Opports D H EUR Acc;Man Funds plc - Man Global Investment Grade Opportunities D H EUR;Man Asset Management (Ireland) Limited;Fixed Income;Global Fixed Income;RF Deuda Corporativa Global - EUR Cubierto;EUR;Irlanda;4;5;1.46;1.24;0.9;2.41;9.69;;2023-04-20;True;False;1000;2026-08-24
IE00BHNWQ814;Muzinich Glbl Shrt DurInvmtGrdHEURAccR;Muzinich Global Short Duration Investment Grade Fund Hedged EUR Accumulation R;Muzinich & Co. (Ireland) Limited;Fixed Income;Global Fixed Income;RF Deuda Corporativa Global - EUR Cubierto;EUR;Irlanda;2;5;;0.5;0.61;1.52;3.6;1.36;2019-09-10;True;False;;2026-08-24
IE00B4WX2D18;PIMCO GIS GlInGd Crdt Admin EURH Acc;PIMCO GIS Global Investment Grade Credit Fund Administrative EUR (Hedged) Accumulation;PIMCO Global Advisors (Ireland) Limited;Fixed Income;Global Fixed Income;RF Deuda Corporativa Global - EUR Cubierto;EUR;Irlanda;4;2;;0.49;-0.94;0.96;4.09;-2;2009-02-17;True;False;;2026-08-24
IE00B11XZ434;PIMCO GIS GlInGd Crdt E EURH Acc;PIMCO GIS Global Investment Grade Credit Fund E Class EUR (Hedged) Accumulation;PIMCO Global Advisors (Ireland) Limited;Fixed Income;Global Fixed Income;RF Deuda Corporativa Global - EUR Cubierto;EUR;Irlanda;4;1;;2.5;-1.23;0.56;3.66;-2.39;2006-03-31;True;False;;2026-08-24
IE00BJTCP712;PIMCO GIS Lw Dur GlInGd Crdt E EUR H Acc;PIMCO GIS Low Duration Global Investment Grade Credit Fund E Class EUR (Hedged) Accumulation;PIMCO Global Advisors (Ireland) Limited;Fixed Income;Global Fixed Income;RF Deuda Corporativa Global - EUR Cubierto;EUR;Irlanda;3;3;;1.39;-0.79;0.2;2.95;-0.32;2014-02-28;True;False;;2026-08-24
LU1362999564;Robeco Global Credits DH EUR;Robeco Global Credits DH EUR;Robeco Institutional Asset Management BV;Fixed Income;Global Fixed Income;RF Deuda Corporativa Global - EUR Cubierto;EUR;Luxemburgo;4;3;1.01;0.8;-1.3;-0.32;3.27;-2.07;2016-02-18;True;False;0;2026-08-24
LU1857098336;Robeco Global Credits Short Matrty M2H €;Robeco Global Credits Short Maturity M2H €;Robeco Institutional Asset Management BV;Fixed Income;Global Fixed Income;RF Deuda Corporativa Global - EUR Cubierto;EUR;Luxemburgo;4;4;1.22;1;-0.09;0.69;3.29;0.07;2018-08-02;True;False;0;2026-08-24
LU0201325072;Schroder ISF Glb Corp Bd A Dis EUR H Q;Schroder International Selection Fund Global Corporate Bond A Distribution EUR Hedged Q;Schroder Investment Management (Europe) S.A.;Fixed Income;Global Fixed Income;RF Deuda Corporativa Global - EUR Cubierto;EUR;Luxemburgo;4;2;1.06;0.75;-1.24;0.12;3.71;-1.95;2004-09-30;True;False;1000;2026-08-24
LU0201324851;Schroder ISF Glbl Corp Bd A Acc EUR Hdg;Schroder International Selection Fund Global Corporate Bond A Accumulation EUR Hedged;Schroder Investment Management (Europe) S.A.;Fixed Income;Global Fixed Income;RF Deuda Corporativa Global - EUR Cubierto;EUR;Luxemburgo;4;3;1.06;0.75;-1.24;0.12;3.73;-1.94;2004-09-30;True;False;1000;2026-08-24
LU0248179540;Schroder ISF Glbl Corp Bd A1 Acc EUR Hdg;Schroder International Selection Fund Global Corporate Bond A1 Accumulation EUR Hedged;Schroder Investment Management (Europe) S.A.;Fixed Income;Global Fixed Income;RF Deuda Corporativa Global - EUR Cubierto;EUR;Luxemburgo;4;2;1.51;0.75;-1.53;-0.32;3.26;-2.38;2006-03-22;True;False;1000;2026-08-24
IE00B65YMD51;PIMCO GIS GlInGd Crdt E GBPH Inc;PIMCO GIS Global Investment Grade Credit Fund E Class GBP (Hedged) Income;PIMCO Global Advisors (Ireland) Limited;Fixed Income;Global Fixed Income;RF Deuda Corporativa Global - GBP Cubierto;GBP;Irlanda;4;1;;2.5;-0.18;2.37;5.37;-0.92;2009-03-31;True;False;;2026-08-24
LU0557863056;Amundi Fds Global Corp Bd A EUR C;Amundi Funds - Global Corporate Bond A EUR (C);Amundi Luxembourg S.A.;Fixed Income;Global Fixed Income;RF Deuda Corporativa Global - USD Cubierto;EUR;Luxemburgo;4;2;1.31;0.9;-0.02;0.91;3.31;0.09;2011-05-05;True;False;;2026-08-24
LU0319688791;Amundi Fds Global Corp Bd A USD C;Amundi Funds - Global Corporate Bond A USD (C);Amundi Luxembourg S.A.;Fixed Income;Global Fixed Income;RF Deuda Corporativa Global - USD Cubierto;USD;Luxemburgo;4;2;1.31;0.9;-0.63;1.4;5.74;0.08;2007-10-30;True;False;1;2026-08-24
LU0408846375;JPM Global Corporate Bd A acc USD;JPMorgan Funds - Global Corporate Bond Fund A (acc) USD;JPMorgan Asset Management (Europe) S.à r.l.;Fixed Income;Global Fixed Income;RF Deuda Corporativa Global - USD Cubierto;USD;Luxemburgo;4;2;0.98;0.8;-0.48;1.99;5.69;0.09;2009-02-27;True;False;35000;2026-08-24
LU0408846706;JPM Global Corporate Bd D acc USD;JPMorgan Funds - Global Corporate Bond Fund D (acc) USD;JPMorgan Asset Management (Europe) S.à r.l.;Fixed Income;Global Fixed Income;RF Deuda Corporativa Global - USD Cubierto;USD;Luxemburgo;4;2;1.39;0.8;-0.78;1.54;5.25;-0.32;2009-02-27;True;False;5000;2026-08-24
IE000V4MQ908;Man GlInGd Opports D USD Acc;Man Funds plc - Man Global Investment Grade Opportunities D USD;Man Asset Management (Ireland) Limited;Fixed Income;Global Fixed Income;RF Deuda Corporativa Global - USD Cubierto;USD;Irlanda;4;5;1.46;1.24;2.02;4.42;11.75;;2023-04-27;True;False;1000;2026-08-24
IE00B3K7XK29;PIMCO GIS GlInGd Crdt E USD Acc;PIMCO GIS Global Investment Grade Credit Fund E Class USD Accumulation;PIMCO Global Advisors (Ireland) Limited;Fixed Income;Global Fixed Income;RF Deuda Corporativa Global - USD Cubierto;USD;Irlanda;4;1;;2.5;-0.05;2.57;5.63;-0.45;2008-12-10;True;False;1000;2026-08-24
IE00B05K1Q71;PIMCO GIS GlInGd Crdt Inv USD Acc;PIMCO GIS Global Investment Grade Credit Fund Investor USD Accumulation;PIMCO Global Advisors (Ireland) Limited;Fixed Income;Global Fixed Income;RF Deuda Corporativa Global - USD Cubierto;USD;Irlanda;4;2;;0.49;0.28;3.09;6.22;0.09;2005-02-15;True;False;1000000;2026-08-24
LU0106258311;Schroder ISF Glbl Corp Bd A Acc USD;Schroder International Selection Fund Global Corporate Bond A Accumulation USD;Schroder Investment Management (Europe) S.A.;Fixed Income;Global Fixed Income;RF Deuda Corporativa Global - USD Cubierto;USD;Luxemburgo;4;3;1.03;0.75;-0.06;2.17;5.77;0.04;2000-01-17;True;False;1000;2026-08-24
IE00BDFB5T26;Vanguard Glb Corp Bd Idx $ H Acc;Vanguard Global Corporate Bond Index Fund USD Hedged Acc;Vanguard Group (Ireland) Limited;Fixed Income;Global Fixed Income;RF Deuda Corporativa Global - USD Cubierto;USD;Irlanda;4;3;0.18;0.18;0.12;2.49;5.97;0.48;2017-11-02;True;True;1000000;2026-08-24
LU0622305505;GS EM Corp Bd Base Acc USD;Goldman Sachs Emerging Markets Corporate Bond Portfolio Base Acc USD;Goldman Sachs Asset Management B.V.;Fixed Income;Emerging Markets Fixed Income;RF Deuda Corporativa Global Emergente;USD;Luxemburgo;4;3;;1.25;1.85;4.35;7.57;1.7;2011-05-17;True;False;5000;2026-08-24
LU0607516688;Invesco Emerging Mkt Corp Bd A USD Acc;Invesco Funds- Invesco Emerging Market Corporate Bond Fund A Accumulation USD;Invesco Management S.A.;Fixed Income;Emerging Markets Fixed Income;RF Deuda Corporativa Global Emergente;USD;Luxemburgo;4;2;;1.25;1.11;2.95;7.6;0.77;2011-05-04;True;False;1500;2026-08-24
LU1073944867;JSS Bond Em MKts S/T P $;JSS Bond - Emerging Markets Short-term P USD;J. Safra Sarasin Fund Management (Luxembourg) S.A.;Fixed Income;Emerging Markets Fixed Income;RF Deuda Corporativa Global Emergente;USD;Luxemburgo;3;3;1.12;1;1.44;3.44;5.49;2.29;2014-07-31;True;False;0;2026-08-24
LU0980585243;Loomis Sayles S/T Em Mkts Bd R/A USD;Natixis International Fds (Lux) I - Loomis Sayles Short Term Emerging Markets Bond Fd R/A (USD);Natixis Investment Managers International;Fixed Income;Emerging Markets Fixed Income;RF Deuda Corporativa Global Emergente;USD;Luxemburgo;3;3;1.3;1.3;1.08;2.94;5.7;1.61;2014-08-25;True;False;1000;2026-08-24
IE00BFNXVX02;Muzinich EmergingMktsShrtDur HUSD Acc R;Muzinich EmergingMarketsShortDuration Fund Hedged USD Accumulation R Units;Muzinich & Co. (Ireland) Limited;Fixed Income;Emerging Markets Fixed Income;RF Deuda Corporativa Global Emergente;USD;Irlanda;3;3;;1.1;1.78;3.43;6.4;2.13;2014-06-24;True;False;1000;2026-08-24
LU1055196213;Pictet-Short Term Em Corp Bds P USD;Pictet-Short Term Emerging Corporate Bonds P USD;Pictet Asset Management (Europe) SA;Fixed Income;Emerging Markets Fixed Income;RF Deuda Corporativa Global Emergente;USD;Luxemburgo;3;3;1.33;1.8;2.03;4.08;6.46;2.52;2014-05-14;True;False;0;2026-08-24
LU0566480116;abrdn-Emerg Mrkt Corp Bond A Acc USD;abrdn SICAV I - Emerging Markets Corporate Bond Fund A Acc USD;abrdn Investments Luxembourg S.A.;Fixed Income;Emerging Markets Fixed Income;RF Deuda Corporativa Global Emergente;USD;Luxemburgo;3;3;;1.5;2.07;4.6;8.05;1.65;2011-03-07;True;False;500;2026-08-24
LU0143866290;CT (Lux) Em Mkt Corp Bds DEH;CT (Lux) - Emerging Market Corporate Bonds Class DEH (EUR Accumulation Hedged Shares);Threadneedle Management Luxembourg S.A.;Fixed Income;Emerging Markets Fixed Income;RF Deuda Corporativa Global Emergentes - Cubierto EUR;EUR;Luxemburgo;4;3;1.65;1.45;0.03;0.81;4.58;-0.79;2002-04-02;True;False;2500;2026-08-24
LU1080015693;EdRF Emerging Credit A EUR H;Edmond de Rothschild Fund - Emerging Credit A EUR Hedged;Edmond de Rothschild Asset Management (France);Fixed Income;Emerging Markets Fixed Income;RF Deuda Corporativa Global Emergentes - Cubierto EUR;EUR;Luxemburgo;4;4;1.28;1;2.85;3.62;6.42;0.21;2014-07-15;True;False;0;2026-08-24
LU0622306651;GS EM Corp Bd Oth Ccy Acc EUR Hdg;Goldman Sachs Emerging Markets Corporate Bond Portfolio Other Currency Acc EUR-Hedged;Goldman Sachs Asset Management B.V.;Fixed Income;Emerging Markets Fixed Income;RF Deuda Corporativa Global Emergentes - Cubierto EUR;EUR;Luxemburgo;4;3;;1.25;0.78;2.43;5.66;-0.2;2011-05-17;True;False;5000;2026-08-24
LU0607516928;Invesco Emerging Mkt Corp Bd A EURH Acc;Invesco Funds- Invesco Emerging Market Corporate Bond Fund A (EUR Hedged) Accumulation EUR;Invesco Management S.A.;Fixed Income;Emerging Markets Fixed Income;RF Deuda Corporativa Global Emergentes - Cubierto EUR;EUR;Luxemburgo;4;2;;1.25;-0.05;0.93;5.52;-1.34;2011-05-04;True;False;1000;2026-08-24
LU0512127621;JPM Emerg Mkts Corp Bd A acc EUR H;JPMorgan Funds - Emerging Markets Corporate Bond Fund A (acc) EUR (hedged);JPMorgan Asset Management (Europe) S.à r.l.;Fixed Income;Emerging Markets Fixed Income;RF Deuda Corporativa Global Emergentes - Cubierto EUR;EUR;Luxemburgo;4;3;1.26;1;0.76;2.33;5.71;-0.47;2010-07-14;True;False;35000;2026-08-24
LU0512128355;JPM Emerg Mkts Corp Bd D acc EUR H;JPMorgan Funds - Emerging Markets Corporate Bond Fund D (acc) EUR (hedged);JPMorgan Asset Management (Europe) S.à r.l.;Fixed Income;Emerging Markets Fixed Income;RF Deuda Corporativa Global Emergentes - Cubierto EUR;EUR;Luxemburgo;4;2;1.76;1;0.44;1.82;5.17;-0.98;2010-08-27;True;False;5000;2026-08-24
LU0980585672;Loomis Sayles S/T Em Mkts Bd R/A H-EUR;Natixis International Fds (Lux) I - Loomis Sayles Short Term Emerging Markets Bond Fd R/A (H-EUR);Natixis Investment Managers International;Fixed Income;Emerging Markets Fixed Income;RF Deuda Corporativa Global Emergentes - Cubierto EUR;EUR;Luxemburgo;3;2;1.3;1.3;-0.13;0.88;3.71;-0.32;2015-02-17;True;False;;2026-08-24
IE0006SZI3X0;Man EM Corp Crdt Alt DN H EUR Acc;Man Funds VI plc - Man Emerging Markets Corporate Credit Alternative DN H EUR;Man Group Ltd;Fixed Income;Emerging Markets Fixed Income;RF Deuda Corporativa Global Emergentes - Cubierto EUR;EUR;Irlanda;4;;;1.75;5.66;8.81;;;2024-09-02;True;False;1000;2026-08-24
IE00BFNXVS58;Muzinich EmergingMktsShrtDur HEUR Acc R;Muzinich EmergingMarketsShortDuration Fund Hedged Euro Accumulation R Units;Muzinich & Co. (Ireland) Limited;Fixed Income;Emerging Markets Fixed Income;RF Deuda Corporativa Global Emergentes - Cubierto EUR;EUR;Irlanda;3;3;;1.1;0.69;1.49;4.43;0.21;2014-06-20;True;False;1000;2026-08-24
LU1055198938;Pictet-Short Term Em Corp Bds HP EUR;Pictet-Short Term Emerging Corporate Bonds HP EUR;Pictet Asset Management (Europe) SA;Fixed Income;Emerging Markets Fixed Income;RF Deuda Corporativa Global Emergentes - Cubierto EUR;EUR;Luxemburgo;3;3;1.38;1.8;0.85;2;4.45;0.61;2014-05-14;True;False;0;2026-08-24
LU1077582671;Pictet-Short Term Em Corp Bds HR dm EUR;Pictet-Short Term Emerging Corporate Bonds HR dm EUR;Pictet Asset Management (Europe) SA;Fixed Income;Emerging Markets Fixed Income;RF Deuda Corporativa Global Emergentes - Cubierto EUR;EUR;Luxemburgo;3;3;1.74;2.5;0.64;1.65;4.08;0.22;2014-06-24;True;False;0;2026-08-24
LU0862302832;UBAM EM Responsible Income Opps AHC EUR;UBAM - EM Responsible Income Opportunities AHC EUR;UBP Asset Management (Europe) S.A.;Fixed Income;Emerging Markets Fixed Income;RF Deuda Corporativa Global Emergentes - Cubierto EUR;EUR;Luxemburgo;4;2;1.51;1.3;-1.25;0.41;4.12;-2.11;2016-04-20;True;False;0;2026-08-24
LU0654954816;abrdn-Emerg Mrkt Corp Bond A Acc HEUR;abrdn SICAV I - Emerging Markets Corporate Bond Fund A Acc Hedged EUR;abrdn Investments Luxembourg S.A.;Fixed Income;Emerging Markets Fixed Income;RF Deuda Corporativa Global Emergentes - Cubierto EUR;EUR;Luxemburgo;3;3;;1.5;0.94;2.59;6.05;-0.25;2014-03-21;True;False;;2026-08-24
LU0546067371;AXAIMFIIS US Corp Itmt Bds F Cap USD;AXA IM Fixed Income Investment Strategies - US Corporate Intermediate Bonds F Capitalisation USD;BNP PARIBAS ASSET MANAGEMENT Europe;Fixed Income;US Fixed Income;RF Deuda Corporativa USD;USD;Luxemburgo;4;4;0.93;0.75;-0.18;2.01;5.1;0.69;2010-09-30;True;False;0;2026-08-24
LU1567057721;Capital Group US CorpBd (LUX) B;Capital Group US Corporate Bond Fund (LUX) B;Capital International Management Company Sàrl;Fixed Income;US Fixed Income;RF Deuda Corporativa USD;USD;Luxemburgo;4;2;0.9;0.8;-1.32;0.93;4.4;-1.19;2017-03-21;True;False;0;2026-08-24
LU1567057309;Capital Group US CorpBd (LUX) B EUR;Capital Group US Corporate Bond Fund (LUX) B EUR;Capital International Management Company Sàrl;Fixed Income;US Fixed Income;RF Deuda Corporativa USD;EUR;Luxemburgo;4;2;0.9;0.8;-0.77;0.3;2.04;-1.15;2017-03-21;True;False;;2026-08-24
LU0458979076;Nordea 1 - US Corporate Bond BP EUR;Nordea 1 - US Corporate Bond Fund BP EUR;Nordea Investment Funds SA;Fixed Income;US Fixed Income;RF Deuda Corporativa USD;EUR;Luxemburgo;4;3;1.03;0.7;-0.21;1.45;2.97;-0.82;2010-02-12;True;False;0;2026-08-24
LU0146923718;UBAM Medium Term US Corporate Bd AC USD;UBAM - Medium Term US Corporate Bond AC USD;UBP Asset Management (Europe) S.A.;Fixed Income;US Fixed Income;RF Deuda Corporativa USD;USD;Luxemburgo;3;4;;0.5;-0.16;2.04;5.69;1.24;2002-05-03;True;False;0;2026-08-24
IE00B04GQX83;Vanguard U.S. Invm Grd Crdt Idx USD Acc;Vanguard U.S. Investment Grade Credit Index Fund USD Acc;Vanguard Group (Ireland) Limited;Fixed Income;US Fixed Income;RF Deuda Corporativa USD;USD;Irlanda;4;3;0.12;0.12;0.07;2.72;5.75;0.18;2004-12-16;True;True;1000000;2026-08-24
LU1646952801;abrdn-US Dollar Credit Sust Bd A AccUSD;abrdn SICAV I - US Dollar Credit Sustainable Bond Fund A Acc USD;abrdn Investments Luxembourg S.A.;Fixed Income;US Fixed Income;RF Deuda Corporativa USD;USD;Luxemburgo;4;3;;0.8;-1.16;1.56;4.99;-0.77;2017-12-08;True;False;500;2026-08-24
LU0097116437;Eurizon Bond EUR Short Term LTE R Acc;Eurizon Fund - Bond EUR Short Term LTE Class Unit R EUR Accumulation;Eurizon Capital SGR SpA - Luxembourg Branch;Fixed Income;Europe Fixed Income;RF Deuda Pública Corto Plazo EUR;EUR;Luxemburgo;2;3;;0.3;0.17;0.57;2.28;0.46;1999-07-16;True;True;50000;2026-08-24
LU0396183898;Generali IS Euro Bond 1/3Y EX;Generali Investments SICAV - Euro Bond 1-3 Years EX;Generali Investments Luxembourg SA;Fixed Income;Europe Fixed Income;RF Deuda Pública Corto Plazo EUR;EUR;Luxemburgo;2;4;0.94;0.7;-0.18;0.29;2.39;1.2;2009-03-09;True;False;500;2026-08-24
LU0145485214;Generali IS Euro Short Term Bond DX;Generali Investments SICAV - Euro Short Term Bond Fund DX;Generali Investments Luxembourg SA;Fixed Income;Europe Fixed Income;RF Deuda Pública Corto Plazo EUR;EUR;Luxemburgo;2;5;0.45;0.3;1.11;1.75;2.78;2.07;2003-11-26;True;False;500;2026-08-24
LU0145485560;Generali IS Euro Short Term Bond DY;Generali Investments SICAV - Euro Short Term Bond Fund DY;Generali Investments Luxembourg SA;Fixed Income;Europe Fixed Income;RF Deuda Pública Corto Plazo EUR;EUR;Luxemburgo;2;5;0.45;0.3;1.11;1.75;2.79;2.09;2015-06-19;True;False;500;2026-08-24
LU0408877412;JPM Euro Govt Shrt Dur Bd A acc EUR;JPMorgan Funds - Euro Government Short Duration Bond Fund A (acc) EUR;JPMorgan Asset Management (Europe) S.à r.l.;Fixed Income;Europe Fixed Income;RF Deuda Pública Corto Plazo EUR;EUR;Luxemburgo;2;3;0.5;0.35;0.09;0.6;2.52;0.72;2009-02-20;True;False;35000;2026-08-24
LU0408877842;JPM Euro Govt Shrt Dur Bd D acc EUR;JPMorgan Funds - Euro Government Short Duration Bond Fund D (acc) EUR;JPMorgan Asset Management (Europe) S.à r.l.;Fixed Income;Europe Fixed Income;RF Deuda Pública Corto Plazo EUR;EUR;Luxemburgo;2;3;0.55;0.35;0.05;0.56;2.45;0.68;2009-02-20;True;False;0;2026-08-24
LU1050470373;Amundi Core Euro Govt Bd AE Acc;Amundi Core Euro Government Bond AE Acc;Amundi Luxembourg S.A.;Fixed Income;Europe Fixed Income;RF Deuda Pública EUR;EUR;Luxemburgo;4;3;0.35;0.2;-0.97;-0.65;2.03;-3.09;2014-04-14;True;True;;2026-08-24
LU0111548326;BNP Paribas Euro Government Bd C C;BNP Paribas Funds Euro Government Bond Classic Capitalisation;BNP Paribas Asset Management Luxembourg;Fixed Income;Europe Fixed Income;RF Deuda Pública EUR;EUR;Luxemburgo;4;2;0.91;0.7;-1.33;-1.15;1.45;-3.36;1999-05-11;True;False;0;2026-08-24
LU0549541232;BlueBay Inv Grd Euro Govt Bd M EUR Acc;BlueBay Funds - BlueBay Investment Grade Euro Government Bond Fund M EUR Acc;BlueBay Funds Management Company S.A.;Fixed Income;Europe Fixed Income;RF Deuda Pública EUR;EUR;Luxemburgo;4;3;;0.5;-2.9;-2.11;1.99;-2.61;2013-12-06;True;False;0;2026-08-24
LU0549537040;BlueBay Inv Grd Euro Govt Bd R EUR Acc;BlueBay Funds - BlueBay Investment Grade Euro Government Bond Fund R EUR Acc;BlueBay Funds Management Company S.A.;Fixed Income;Europe Fixed Income;RF Deuda Pública EUR;EUR;Luxemburgo;4;3;;0.75;-3.1;-2.44;1.65;-2.94;2013-10-30;True;False;0;2026-08-24
FR0007004130;CM-AM Obli Souverains RC;CM-AM Obli Souverains RC;Crédit Mutuel Asset Management;Fixed Income;Europe Fixed Income;RF Deuda Pública EUR;EUR;Francia;3;2;;0.7;-0.99;-0.87;1.8;-3.29;1996-09-17;True;False;1;2026-08-24
BE0943877671;DPAM B Bonds Eur Govt B Cap;DPAM B - Bonds Eur Government B Cap;Degroof Petercam Asset Management SA;Fixed Income;Europe Fixed Income;RF Deuda Pública EUR;EUR;Bélgica;4;4;0.65;0.5;-0.76;-0.22;2.45;-2.58;1996-10-04;True;False;1;2026-08-24
LU0012017942;Eurizon Bond EUR Medium Term LTE R Acc;Eurizon Fund - Bond EUR Medium Term LTE Class Unit R EUR Accumulation;Eurizon Capital SGR SpA - Luxembourg Branch;Fixed Income;Europe Fixed Income;RF Deuda Pública EUR;EUR;Luxemburgo;3;4;;0.35;-0.56;-0.2;2.45;-0.78;1988-11-29;True;True;50000;2026-08-24
LU0145476817;Generali IS Euro Bond DX;Generali Investments SICAV - Euro Bond Fund DX;Generali Investments Luxembourg SA;Fixed Income;Europe Fixed Income;RF Deuda Pública EUR;EUR;Luxemburgo;4;3;1.34;1.1;-1.89;-1.62;1.66;-1.98;2003-11-26;True;False;500;2026-08-24
LU0363447680;JPM EU Government Bond A acc EUR;JPMorgan Funds - EU Government Bond Fund A (acc) EUR;JPMorgan Asset Management (Europe) S.à r.l.;Fixed Income;Europe Fixed Income;RF Deuda Pública EUR;EUR;Luxemburgo;4;3;0.6;0.4;-1.29;-0.36;2.47;-2.89;2008-10-03;True;False;35000;2026-08-24
LU0355584037;JPM EU Government Bond D acc EUR;JPMorgan Funds - EU Government Bond Fund D (acc) EUR;JPMorgan Asset Management (Europe) S.à r.l.;Fixed Income;Europe Fixed Income;RF Deuda Pública EUR;EUR;Luxemburgo;4;3;0.8;0.4;-1.42;-0.56;2.26;-3.09;2008-10-03;True;False;5000;2026-08-24
FR0011311414;OSTRUM SRI EURO BONDS 3-5 E;OSTRUM SRI EURO BONDS 3-5 E;Natixis Investment Managers International;Fixed Income;Europe Fixed Income;RF Deuda Pública EUR;EUR;Francia;2;4;;0.8;-0.58;-0.24;2.4;-0.83;2012-10-17;True;False;1000;2026-08-24
FR0000003196;Ostrum SRI EURO Sovereign Bods R (C)EUR;Ostrum SRI EURO Sovereign Bonds R (C) EUR;Natixis Investment Managers International;Fixed Income;Europe Fixed Income;RF Deuda Pública EUR;EUR;Francia;3;2;;0.7;-0.91;-0.7;1.53;-3.51;1993-12-30;True;False;1;2026-08-24
LU0213453268;Robeco Euro Government Bonds D €;Robeco Euro Government Bonds D €;Robeco Institutional Asset Management BV;Fixed Income;Europe Fixed Income;RF Deuda Pública EUR;EUR;Luxemburgo;4;3;0.63;0.42;-1.62;-1.13;2.46;-3.02;2003-04-04;True;False;0;2026-08-24
IE0007472115;Vanguard Euro Govt Bd Idx Inv EUR Acc;Vanguard Euro Government Bond Index Fund Investor EUR Accumulation;Vanguard Group (Ireland) Limited;Fixed Income;Europe Fixed Income;RF Deuda Pública EUR;EUR;Irlanda;4;3;0.12;0.12;-0.79;-0.13;2.55;-2.87;2001-04-18;True;True;1000000;2026-08-24
LU1646950771;abrdn-Euro Government Bond A Acc EUR;abrdn SICAV I - Euro Government Bond Fund A Acc EUR;abrdn Investments Luxembourg S.A.;Fixed Income;Europe Fixed Income;RF Deuda Pública EUR;EUR;Luxemburgo;4;1;;0.6;-1.57;-0.44;1.97;-4.04;2017-12-08;True;False;1000;2026-08-24
LU0836513266;iShares Euro Govt Bd Idx (LU) A2 EUR;iShares Euro Government Bond Index Fund (LU) A2 EUR;BlackRock (Luxembourg) SA;Fixed Income;Europe Fixed Income;RF Deuda Pública EUR;EUR;Luxemburgo;4;2;0.54;0.45;-1.08;-0.55;1.96;-3.42;2012-10-23;True;True;;2026-08-24
LU0090978999;Eurizon Bond GBP LTE R Acc;Eurizon Fund - Bond GBP LTE Class Unit R EUR Accumulation;Eurizon Capital SGR SpA - Luxembourg Branch;Fixed Income;Sterling Fixed Income;RF Deuda Pública GBP;EUR;Luxemburgo;4;2;0.49;0.35;-0.06;2.39;2.48;-5.94;1999-02-15;True;False;50000;2026-08-24
LU0389812933;Amundi IS Core Global Gvt Bd AHE-C;Amundi Index Solutions - Amundi Core Global Government Bond AHE-C;Amundi Luxembourg S.A.;Fixed Income;Global Fixed Income;RF Deuda Pública Global - Cubierto EUR;EUR;Luxemburgo;3;3;;0.2;-1.59;-1.03;1.01;-2.93;2008-09-25;True;True;;2026-08-24
IE00B5LNV219;GlobalAccess Global Govt Bd A Acc EUR H;GlobalAccess Global Government Bond Fund A Acc EUR (Hedged);Barclays Bank PLC;Fixed Income;Global Fixed Income;RF Deuda Pública Global - Cubierto EUR;EUR;Irlanda;3;;;1.15;-2.17;1.92;;;2015-03-04;True;False;1500;2026-08-24
IE00B5LNWM82;GlobalAccess Global Govt Bd Z Acc EUR H;GlobalAccess Global Government Bond Fund Z Acc EUR (Hedged);Barclays Bank PLC;Fixed Income;Global Fixed Income;RF Deuda Pública Global - Cubierto EUR;EUR;Irlanda;3;2;;1.15;-2.29;-2.03;1.08;-2.86;2010-10-07;True;False;;2026-08-24
LU0406674076;JPM Global Government Bd A acc EUR;JPMorgan Funds - Global Government Bond Fund A (acc) EUR;JPMorgan Asset Management (Europe) S.à r.l.;Fixed Income;Global Fixed Income;RF Deuda Pública Global - Cubierto EUR;EUR;Luxemburgo;3;3;0.6;0.4;-2.12;-0.99;1.31;-2.87;2009-02-20;True;False;35000;2026-08-24
LU0406674589;JPM Global Government Bd D acc EUR;JPMorgan Funds - Global Government Bond Fund D (acc) EUR;JPMorgan Asset Management (Europe) S.à r.l.;Fixed Income;Global Fixed Income;RF Deuda Pública Global - Cubierto EUR;EUR;Luxemburgo;3;3;0.8;0.4;-2.19;-1.19;1.09;-3.06;2009-02-20;True;False;5000;2026-08-24
LU0006061385;BGF Global Government Bond A2;BlackRock Global Funds - Global Government Bond Fund A2;BlackRock (Luxembourg) SA;Fixed Income;Global Fixed Income;RF Deuda Pública Global - Cubierto USD;USD;Luxemburgo;3;2;0.98;0.75;-0.84;0.93;3.46;-1.38;1987-05-13;True;False;5000;2026-08-24
IE00B19Z4J92;FTGF BW Glb FI A USD Acc;FTGF Brandywine Global Fixed Income Fund Class A US$ Accumulating;Franklin Templeton International Services S.à r.l.;Fixed Income;Global Fixed Income;RF Deuda Pública Global - Cubierto USD;USD;Irlanda;4;;1.36;0.85;1.77;4.51;;;2007-05-09;True;False;1000;2026-08-24
LU0543330301;Franklin US Government A(acc)USD;Franklin U.S. Government Fund A(acc)USD;Franklin Templeton International Services S.à r.l.;Fixed Income;US Fixed Income;RF Deuda Pública USD;USD;Luxemburgo;4;3;1.01;0.7;-0.26;2.7;3.88;-0.45;2010-09-30;True;False;1000;2026-08-24
LU0812851797;MFS Meridian US Government Bond A1 EUR;MFS Meridian Funds - U.S. Government Bond Fund A1 EUR;MFS Investment Management Company (Lux) S.à.r.l;Fixed Income;US Fixed Income;RF Deuda Pública USD;EUR;Luxemburgo;4;3;0.98;0.5;-0.26;0.88;1.13;-1.12;2012-08-24;True;False;0;2026-08-24
LU0219442547;MFS Meridian US Government Bond A1 USD;MFS Meridian Funds - U.S. Government Bond Fund A1 USD;MFS Investment Management Company (Lux) S.à.r.l;Fixed Income;US Fixed Income;RF Deuda Pública USD;USD;Luxemburgo;4;3;0.98;0.5;-0.88;1.53;3.54;-1.13;2005-09-26;True;False;5000;2026-08-24
LU0128488383;Pictet-USD Government Bonds P USD;Pictet-USD Government Bonds P USD;Pictet Asset Management (Europe) SA;Fixed Income;US Fixed Income;RF Deuda Pública USD;USD;Luxemburgo;4;3;0.58;0.6;-0.79;1.5;3.18;-1.36;1992-02-10;True;False;0;2026-08-24
IE0007471927;Vanguard U.S. Govt Bd Idx $ Acc;Vanguard U.S. Government Bond Index Fund USD Acc;Vanguard Group (Ireland) Limited;Fixed Income;US Fixed Income;RF Deuda Pública USD;USD;Irlanda;4;3;0.12;0.12;-0.5;1.71;3.61;-0.9;2002-01-31;True;True;1000000;2026-08-24
IE0007471695;Vanguard US Govt Bd Idx Inv USD Acc;Vanguard U.S. Government Bond Index Fund Investor USD Accumulation;Vanguard Group (Ireland) Limited;Fixed Income;US Fixed Income;RF Deuda Pública USD;USD;Irlanda;4;3;0.12;0.12;-0.5;1.71;3.61;-0.9;2002-03-06;True;True;1000000;2026-08-24
LU1706854152;Amundi SF Divers S/T Bd Sel A EUR ND;Amundi S.F. - Diversified Short-Term Bond Select A EUR ND;Amundi Luxembourg S.A.;Fixed Income;Europe Fixed Income;RF Diversificada Corto Plazo EUR;EUR;Luxemburgo;3;5;;0.6;1.34;2.48;5.7;3.16;2018-03-23;True;False;0;2026-08-24
LU0118255248;BGF Euro Short Duration Bond A1;BlackRock Global Funds - Euro Short Duration Bond Fund A1;BlackRock (Luxembourg) SA;Fixed Income;Europe Fixed Income;RF Diversificada Corto Plazo EUR;EUR;Luxemburgo;3;2;0.89;0.75;-0.1;0.89;3.05;0.76;2000-10-02;True;False;5000;2026-08-24
LU0093503810;BGF Euro Short Duration Bond A2;BlackRock Global Funds - Euro Short Duration Bond Fund A2;BlackRock (Luxembourg) SA;Fixed Income;Europe Fixed Income;RF Diversificada Corto Plazo EUR;EUR;Luxemburgo;3;2;0.89;0.75;0.06;0.86;3.06;0.8;1999-01-04;True;False;5000;2026-08-24
LU0325598166;BNP Paribas Enhanced Bond 6M C C;BNP Paribas Funds Enhanced Bd 6M Classic Capitalisation;BNP Paribas Asset Management Luxembourg;Fixed Income;Europe Fixed Income;RF Diversificada Corto Plazo EUR;EUR;Luxemburgo;2;4;1.81;0.5;1.03;1.76;3.4;1.56;2007-10-30;True;False;0;2026-08-24
LU0325599487;BNP Paribas Enhanced Bond 6M N C;BNP Paribas Funds Enhanced Bd 6M N Capitalisation;BNP Paribas Asset Management Luxembourg;Fixed Income;Europe Fixed Income;RF Diversificada Corto Plazo EUR;EUR;Luxemburgo;2;3;2.5;0.5;0.96;1.66;3.29;1.45;2007-10-30;True;False;0;2026-08-24
LU1819948784;BNP Paribas Sus Enh Bd 12M Cl EUR Acc;BNP Paribas Funds Sustainable Enhanced Bond 12M Classic EUR Acc;BNP Paribas Asset Management Luxembourg;Fixed Income;Europe Fixed Income;RF Diversificada Corto Plazo EUR;EUR;Luxemburgo;2;3;;0.8;0.84;1.46;3.21;1.57;2019-09-20;True;False;0;2026-08-24
ES0110053032;Bankinter Ahorro Renta Fija R FI;Bankinter Ahorro Renta Fija R FI;Bankinter Gestión de Activos SGIIC;Fixed Income;Europe Fixed Income;RF Diversificada Corto Plazo EUR;EUR;España;2;2;0.67;0.55;0.47;0.98;2.68;0.93;1996-09-11;True;False;;2026-08-24
ES0113574034;Bankinter Multi-Asset Invmt Prudent FI;Bankinter Multi-Asset Investment Prudent Investment FI;Bankinter Gestión de Activos SGIIC;Fixed Income;Europe Fixed Income;RF Diversificada Corto Plazo EUR;EUR;España;2;3;0.32;0.25;0.98;1.63;3.02;;2022-01-21;True;False;1;2026-08-24
ES0113368007;Bankinter Premium Ahorro B FI;Bankinter Premium Ahorro B FI;Bankinter Gestión de Activos SGIIC;Fixed Income;Europe Fixed Income;RF Diversificada Corto Plazo EUR;EUR;España;;;;0.44;1.12;1.67;;;2025-07-11;True;False;500000;2026-08-24
ES0113368015;Bankinter Premium Ahorro R FI;Bankinter Premium Ahorro R FI;Bankinter Gestión de Activos SGIIC;Fixed Income;Europe Fixed Income;RF Diversificada Corto Plazo EUR;EUR;España;;;;0.54;1.05;1.57;;;2025-07-11;True;False;10000;2026-08-24
LU0157929810;Candriam Bds Euro Short Term C EUR Cap;Candriam Bonds Euro Short Term Class C EUR Cap;Candriam;Fixed Income;Europe Fixed Income;RF Diversificada Corto Plazo EUR;EUR;Luxemburgo;2;3;0.62;0.4;0.43;0.94;3;1.09;1995-12-07;True;False;0;2026-08-24
LU1299306321;Carmignac Pf Sécurité AW EUR Acc;Carmignac Portfolio Sécurité AW EUR Acc;Carmignac Gestion Luxembourg S.A.;Fixed Income;Europe Fixed Income;RF Diversificada Corto Plazo EUR;EUR;Luxemburgo;3;4;1.2;1;0.48;0.61;3.6;1.28;2015-11-19;True;False;0;2026-08-24
LU1299306677;Carmignac Pf Sécurité AW EUR Ydis;Carmignac Portfolio Sécurité AW EUR Ydis;Carmignac Gestion Luxembourg S.A.;Fixed Income;Europe Fixed Income;RF Diversificada Corto Plazo EUR;EUR;Luxemburgo;2;4;1.2;1;0.48;0.62;3.6;1.31;2015-11-19;True;False;0;2026-08-24
FR0010149120;Carmignac Sécurité AW EUR Acc;Carmignac Sécurité AW EUR Acc;Carmignac Gestion;Fixed Income;Europe Fixed Income;RF Diversificada Corto Plazo EUR;EUR;Francia;3;4;1.11;1.11;0.54;0.72;3.71;1.32;1989-01-26;True;False;0;2026-08-24
FR0011269083;Carmignac Sécurité AW EUR Ydis;Carmignac Sécurité AW EUR Ydis;Carmignac Gestion;Fixed Income;Europe Fixed Income;RF Diversificada Corto Plazo EUR;EUR;Francia;2;4;1.11;1.11;0.54;0.73;3.71;1.43;2012-06-19;True;False;0;2026-08-24
LU0145655824;DWS Invest ESG Euro Bonds (Short) LC;DWS Invest ESG Euro Bonds (Short) LC;DWS Investment S.A.;Fixed Income;Europe Fixed Income;RF Diversificada Corto Plazo EUR;EUR;Luxemburgo;2;3;0.48;0.6;0.27;0.92;3.03;1.15;2002-06-03;True;False;0;2026-08-24
LU0267388220;Fidelity Euro Short Term Bond A-Acc-EUR;Fidelity Funds - Euro Short Term Bond Fund A-Acc-EUR;FIL Investment Management (Luxembourg) S.à r.l.;Fixed Income;Europe Fixed Income;RF Diversificada Corto Plazo EUR;EUR;Luxemburgo;3;3;0.71;0.5;0.8;1.1;3.11;0.42;2008-03-10;True;False;;2026-08-24
LU1022658667;Franklin Euro Short Dur Bd A(acc)EUR;Franklin Euro Short Duration Bond Fund A(acc)EUR;Franklin Templeton International Services S.à r.l.;Fixed Income;Europe Fixed Income;RF Diversificada Corto Plazo EUR;EUR;Luxemburgo;2;3;0.6;0.5;0.46;1.11;3.01;1.33;2014-02-21;True;False;;2026-08-24
LU0952573136;FvS Bond Defensive R;Flossbach von Storch - Bond Defensive R;Flossbach von Storch Invest S.A.;Fixed Income;Europe Fixed Income;RF Diversificada Corto Plazo EUR;EUR;Luxemburgo;3;1;0.88;0.72;-0.21;0.03;2.15;;2013-10-01;True;False;0;2026-08-24
LU0607519195;Invesco Euro Short Term Bond A EUR Acc;Invesco Funds - Invesco Euro Short Term Bond Fund A Accumulation EUR;Invesco Management S.A.;Fixed Income;Europe Fixed Income;RF Diversificada Corto Plazo EUR;EUR;Luxemburgo;2;3;;0.6;0.16;0.7;3.04;0.61;2011-05-04;True;False;1000;2026-08-24
LU0073235904;MS INVF Short Maturity Euro Bond A;Morgan Stanley Investment Funds - Short Maturity Euro Bond Fund A;MSIM Fund Management (Ireland) Limited;Fixed Income;Europe Fixed Income;RF Diversificada Corto Plazo EUR;EUR;Luxemburgo;2;2;1.04;0.8;0.05;0.53;2.71;0.83;1997-02-01;True;False;0;2026-08-24
IE00BNG2T811;Neuberger Short Dur Er Bd EURAAcc;Neuberger Short Duration Euro Bond Fund EUR A Accumulating Class;Neuberger Berman Asset Management Ireland Limited;Fixed Income;Europe Fixed Income;RF Diversificada Corto Plazo EUR;EUR;Irlanda;3;5;0.43;0.38;1;1.79;5.09;2.36;2021-06-10;True;False;1000;2026-08-24
IE00B90VC092;PIMCO European S/T Opports E EUR Acc;PIMCO European Short-Term Opportunities Fund E EUR Accumulation;PIMCO Global Advisors (Ireland) Limited;Fixed Income;Europe Fixed Income;RF Diversificada Corto Plazo EUR;EUR;Irlanda;3;3;;2.5;0.47;1.81;3.79;1.57;2013-03-25;True;False;;2026-08-24
LU0981470809;QSF - Quaestio Global Enhanced Csh R Acc;QSF - Quaestio Global Enhanced Cash Fund R Acc;Quaestio Capital SGR S.p.A;Fixed Income;Europe Fixed Income;RF Diversificada Corto Plazo EUR;EUR;Luxemburgo;2;4;;0.85;0.99;1.7;3.9;2.02;2018-06-21;True;False;;2026-08-24
LU0120689640;Vontobel TwentyFour Euro S/TBnd B EUR;Vontobel Fund - TwentyFour Euro Short Term Bond B EUR Cap;Vontobel Asset Management S.A.;Fixed Income;Europe Fixed Income;RF Diversificada Corto Plazo EUR;EUR;Luxemburgo;2;3;0.75;0.55;0.28;0.74;2.73;1.04;2000-10-24;True;False;0;2026-08-24
LU0154237225;BGF US Dollar Short Duration Bd A2;BlackRock Global Funds - US Dollar Short Duration Bond Fund A2;BlackRock (Luxembourg) SA;Fixed Income;US Fixed Income;RF Diversificada Corto Plazo USD;USD;Luxemburgo;3;3;0.88;0.75;1.1;2.89;4.73;1.95;2002-10-31;True;False;5000;2026-08-24
LU0172420597;BGF US Dollar Short Duration Bd A3 EUR;BlackRock Global Funds - US Dollar Short Duration Bond Fund A3 EUR;BlackRock (Luxembourg) SA;Fixed Income;US Fixed Income;RF Diversificada Corto Plazo USD;EUR;Luxemburgo;3;3;0.89;0.75;1.07;1.98;2.2;1.85;2003-09-01;True;False;;2026-08-24
LU0171298564;BGF US Dollar Short Duration Bd E2 EUR;BlackRock Global Funds - US Dollar Short Duration Bond Fund E2 EUR;BlackRock (Luxembourg) SA;Fixed Income;US Fixed Income;RF Diversificada Corto Plazo USD;EUR;Luxemburgo;3;2;1.39;0.75;1.2;1.81;1.78;1.43;2002-10-31;True;False;;2026-08-24
LU0551246555;Franklin US Low Duration A(acc)USD;Franklin U.S. Low Duration Fund A(acc)USD;Franklin Templeton International Services S.à r.l.;Fixed Income;US Fixed Income;RF Diversificada Corto Plazo USD;USD;Luxemburgo;3;2;0.7;0.5;1.2;3.09;4.59;1.92;2010-12-08;True;False;1000;2026-08-24
LU0562247428;JPM US Short Duration Bond A acc USD;JPMorgan Funds - US Short Duration Bond Fund A (acc) - USD;JPMorgan Asset Management (Europe) S.à r.l.;Fixed Income;US Fixed Income;RF Diversificada Corto Plazo USD;USD;Luxemburgo;2;3;0.8;0.6;0.99;2.72;4.52;2.09;2010-12-15;True;False;35000;2026-08-24
LU0562248079;JPM US Short Duration Bond D acc USD;JPMorgan Funds - US Short Duration Bond Fund D (acc) - USD;JPMorgan Asset Management (Europe) S.à r.l.;Fixed Income;US Fixed Income;RF Diversificada Corto Plazo USD;USD;Luxemburgo;2;2;1.1;0.6;0.79;2.41;4.21;1.79;2010-12-15;True;False;5000;2026-08-24
IE00B01NGN24;PIMCO GIS Low Avrg Dur Admin USD Acc;PIMCO GIS Low Average Duration Fund Administrative USD Accumulation;PIMCO Global Advisors (Ireland) Limited;Fixed Income;US Fixed Income;RF Diversificada Corto Plazo USD;USD;Irlanda;2;2;;2.5;0.61;2.43;4.38;1.58;2004-09-08;True;False;1000000;2026-08-24
IE00B2478W85;PIMCO GIS Low Avrg Dur E USD Acc;PIMCO GIS Low Average Duration Fund E Class USD Accumulation;PIMCO Global Advisors (Ireland) Limited;Fixed Income;US Fixed Income;RF Diversificada Corto Plazo USD;USD;Irlanda;2;2;;2.5;0.37;2.01;3.97;1.18;2007-09-21;True;False;1000;2026-08-24
LU0175073625;Pictet-USD Short Mid-Term Bonds P;Pictet-USD Short Mid-Term Bonds P;Pictet Asset Management (Europe) SA;Fixed Income;US Fixed Income;RF Diversificada Corto Plazo USD;USD;Luxemburgo;2;3;0.5;0.6;1.1;2.88;4.37;2.14;2003-09-18;True;False;0;2026-08-24
LU1361553693;Pictet-USD Short Mid-Term Bonds P EUR;Pictet-USD Short Mid-Term Bonds P EUR;Pictet Asset Management (Europe) SA;Fixed Income;US Fixed Income;RF Diversificada Corto Plazo USD;EUR;Luxemburgo;4;3;0.5;0.6;1.72;2.37;1.97;2.15;2016-02-09;True;False;0;2026-08-24
LU0175074516;Pictet-USD Short Mid-Term Bonds R;Pictet-USD Short Mid-Term Bonds R;Pictet Asset Management (Europe) SA;Fixed Income;US Fixed Income;RF Diversificada Corto Plazo USD;USD;Luxemburgo;2;3;0.65;0.9;1;2.71;4.21;1.98;2003-09-18;True;False;0;2026-08-24
LU0251659180;AXAWF Euro 7-10 A Cap EUR;AXA World Funds - Euro 7-10 A Capitalisation EUR;BNP PARIBAS ASSET MANAGEMENT Europe;Fixed Income;Europe Fixed Income;RF Diversificada EUR;EUR;Luxemburgo;4;3;0.84;0.6;-0.68;-0.06;3.64;-2.47;2006-04-17;True;False;0;2026-08-24
LU0251659776;AXAWF Euro Strategic Bonds A Cap EUR;AXA World Funds - Euro Strategic Bonds A Capitalisation EUR;BNP PARIBAS ASSET MANAGEMENT Europe;Fixed Income;Europe Fixed Income;RF Diversificada EUR;EUR;Luxemburgo;3;5;0.85;0.6;0.61;1.61;5.02;1.84;2006-04-17;True;False;0;2026-08-24
LU0050372472;BGF Euro Bond A2;BlackRock Global Funds - Euro Bond A2;BlackRock (Luxembourg) SA;Fixed Income;Europe Fixed Income;RF Diversificada EUR;EUR;Luxemburgo;4;2;0.97;0.75;-0.86;-0.07;2.8;-2.41;1994-03-31;True;False;;2026-08-24
LU0172396516;BGF Euro Bond A3;BlackRock Global Funds - Euro Bond Fund A3;BlackRock (Luxembourg) SA;Fixed Income;Europe Fixed Income;RF Diversificada EUR;EUR;Luxemburgo;4;2;0.97;0.75;-0.9;-0.07;2.8;-2.41;2003-09-01;True;False;5000;2026-08-24
LU0430265933;BGF Euro Bond A4;BlackRock Global Funds - Euro Bond Fund A4;BlackRock (Luxembourg) SA;Fixed Income;Europe Fixed Income;RF Diversificada EUR;EUR;Luxemburgo;4;2;0.97;0.75;-0.87;-0.09;2.81;-2.4;2010-07-26;True;False;5000;2026-08-24
IE0032722260;BNY Mellon Euroland Bond EUR A Acc;BNY Mellon Euroland Bond Fund EUR A Acc;BNY Mellon Fund Management (Lux) S.A.;Fixed Income;Europe Fixed Income;RF Diversificada EUR;EUR;Irlanda;4;3;;1;-1.11;-0.74;3.24;-2.12;2003-09-05;True;False;5000;2026-08-24
ES0114867031;Bankinter Deuda Financiera R FI;Bankinter Deuda Financiera R FI;Bankinter Gestión de Activos SGIIC;Fixed Income;Europe Fixed Income;RF Diversificada EUR;EUR;España;3;4;1.13;1;0.02;0.38;4.05;0.55;1991-04-01;True;False;1;2026-08-24
ES0113574026;Bankinter Multi-Asset Invmt Long Term FI;Bankinter Multi-Asset Investment Long Term Investment FI;Bankinter Gestión de Activos SGIIC;Fixed Income;Europe Fixed Income;RF Diversificada EUR;EUR;España;3;4;0.38;0.3;0.05;0.47;3.77;;2022-01-21;True;False;1;2026-08-24
ES0114837034;Bankinter Renta Fija Largo Plazo R FI;Bankinter Renta Fija Largo Plazo R FI;Bankinter Gestión de Activos SGIIC;Fixed Income;Europe Fixed Income;RF Diversificada EUR;EUR;España;3;3;1.35;1.2;-1.02;-0.98;2.55;-0.46;1996-10-11;True;False;1;2026-08-24
LU0549543014;BlueBay Inv Grd Euro Aggt Bd R EUR;BlueBay Funds - BlueBay Investment Grade Euro Aggregate Bond Fund R - EUR;BlueBay Funds Management Company S.A.;Fixed Income;Europe Fixed Income;RF Diversificada EUR;EUR;Luxemburgo;4;3;;0.75;-2.73;-2.08;2.59;-2.2;2011-11-21;True;False;0;2026-08-24
LU0279509904;Ethna-DEFENSIV A;Ethna-DEFENSIV A;ETHENEA Independent Investors S.A.;Fixed Income;Europe Fixed Income;RF Diversificada EUR;EUR;Luxemburgo;2;5;1.17;0.9;-0.95;-0.72;3.78;1.5;2007-04-02;True;False;0;2026-08-24
LU0279509144;Ethna-DEFENSIV T;Ethna-DEFENSIV T;ETHENEA Independent Investors S.A.;Fixed Income;Europe Fixed Income;RF Diversificada EUR;EUR;Luxemburgo;2;5;1.17;0.9;-0.93;-0.69;3.79;1.5;2007-04-02;True;False;0;2026-08-24
LU0251130638;Fidelity Euro Bond A-Acc-EUR;Fidelity Funds - Euro Bond Fund A-Acc-EUR;FIL Investment Management (Luxembourg) S.à r.l.;Fixed Income;Europe Fixed Income;RF Diversificada EUR;EUR;Luxemburgo;4;2;;0.75;-1.95;-1.05;2.83;-3.01;2006-07-03;True;False;;2026-08-24
LU0048579097;Fidelity Euro Bond A-Dis-EUR;Fidelity Funds - Euro Bond Fund A-DIST-EUR;FIL Investment Management (Luxembourg) S.à r.l.;Fixed Income;Europe Fixed Income;RF Diversificada EUR;EUR;Luxemburgo;4;2;;0.75;-1.95;-1.07;2.82;-3.02;1990-10-01;True;False;;2026-08-24
LU0238209513;Fidelity Euro Bond E-Acc-EUR;Fidelity Funds - Euro Bond Fund E-Acc-EUR;FIL Investment Management (Luxembourg) S.à r.l.;Fixed Income;Europe Fixed Income;RF Diversificada EUR;EUR;Luxemburgo;4;1;;1.5;-2.17;-1.42;2.43;-3.4;2006-01-23;True;False;;2026-08-24
LU0170473374;Franklin European Ttl Ret A(acc)EUR;Franklin European Total Return Fund A(acc)EUR;Franklin Templeton International Services S.à r.l.;Fixed Income;Europe Fixed Income;RF Diversificada EUR;EUR;Luxemburgo;3;3;0.95;0.7;0.06;0.71;3.2;-1.35;2003-08-29;True;False;;2026-08-24
LU0066341099;Invesco Euro Bond A EUR Acc;Invesco Funds - Invesco Euro Bond Fund A Accumulation EUR;Invesco Management S.A.;Fixed Income;Europe Fixed Income;RF Diversificada EUR;EUR;Luxemburgo;4;3;;0.75;-0.89;-0.6;3.29;-2.21;1996-04-01;True;False;1000;2026-08-24
LU2638558333;Miralta SICAV Sequoia - A EUR;Miralta SICAV Sequoia Fund - A EUR;Miralta Asset Management SAU;Fixed Income;Europe Fixed Income;RF Diversificada EUR;EUR;Luxemburgo;;4;;0.7;0.61;1.21;3.77;1.95;2024-03-05;True;False;;2026-08-24
LU1915690595;Nordea 1 - Active Rates Opport. BP EUR;Nordea 1 - Active Rates Opportunities Fund Fund BP EUR;Nordea Investment Funds SA;Fixed Income;Europe Fixed Income;RF Diversificada EUR;EUR;Luxemburgo;3;4;0.91;0.7;-2.53;0.29;3.36;1.81;2019-01-29;True;False;0;2026-08-24
IE00B11XYY66;PIMCO GIS Euro Bond E EUR Acc;PIMCO GIS Euro Bond Fund E Class EUR Accumulation;PIMCO Global Advisors (Ireland) Limited;Fixed Income;Europe Fixed Income;RF Diversificada EUR;EUR;Irlanda;4;2;;2.5;-1.22;-0.1;2.83;-2.79;2006-03-31;True;False;;2026-08-24
LU0106235533;Schroder ISF EURO Bond A Acc EUR;Schroder International Selection Fund EURO Bond A Accumulation EUR;Schroder Investment Management (Europe) S.A.;Fixed Income;Europe Fixed Income;RF Diversificada EUR;EUR;Luxemburgo;4;2;;0.75;-0.54;0.06;3.27;-3.13;2000-01-17;True;False;1000;2026-08-24
LU0093472081;Schroder ISF EURO Bond A Dis QV;Schroder International Selection Fund EURO Bond A Distribution EUR QV;Schroder Investment Management (Europe) S.A.;Fixed Income;Europe Fixed Income;RF Diversificada EUR;EUR;Luxemburgo;4;2;;0.75;-0.54;0.05;3.27;-3.13;1999-04-19;True;False;1000;2026-08-24
LU0138643068;DPAM L Bonds Universalis Uncons B EUR;DPAM L - Bonds Universalis Unconstrained B EUR;Degroof Petercam Asset Management SA;Fixed Income;Global Fixed Income;RF Diversificada Global;EUR;Luxemburgo;4;5;1.01;0.8;1.16;2.22;3.79;-0.88;1985-01-01;True;False;0;2026-08-24
LU0093176195;GS Global Fixed Income Base Inc USD;Goldman Sachs Global Fixed Income Portfolio Base Inc USD;Goldman Sachs Asset Management B.V.;Fixed Income;Global Fixed Income;RF Diversificada Global;USD;Luxemburgo;4;3;;0.7;-0.14;2.33;4.74;-2.03;1993-02-26;True;False;5000;2026-08-24
LU0557861274;Amundi Fds Glbl Aggt Bd A EUR C;Amundi Funds - Global Aggregate Bond A EUR (C);Amundi Luxembourg S.A.;Fixed Income;Global Fixed Income;RF Diversificada Global - Cubierto USD;EUR;Luxemburgo;4;4;1.35;0.8;1.64;2.59;3.24;1.59;2011-07-07;True;False;1;2026-08-24
LU0319688015;Amundi Fds Glbl Aggt Bd A USD C;Amundi Funds - Global Aggregate Bond A USD (C);Amundi Luxembourg S.A.;Fixed Income;Global Fixed Income;RF Diversificada Global - Cubierto USD;USD;Luxemburgo;3;4;1.34;0.8;1.03;3.09;5.67;1.58;2007-10-30;True;False;1;2026-08-24
LU0430493139;JPM Aggregate Bond A acc USD;JPMorgan Funds - Aggregate Bond Fund A (acc) USD;JPMorgan Asset Management (Europe) S.à r.l.;Fixed Income;Global Fixed Income;RF Diversificada Global - Cubierto USD;USD;Luxemburgo;3;3;0.9;0.7;-0.56;1.58;4.34;0.06;2009-11-09;True;False;35000;2026-08-24
LU0430493642;JPM Aggregate Bond D acc USD;JPMorgan Funds - Aggregate Bond Fund D (acc) USD;JPMorgan Asset Management (Europe) S.à r.l.;Fixed Income;Global Fixed Income;RF Diversificada Global - Cubierto USD;USD;Luxemburgo;3;2;1.3;0.7;-0.77;1.22;3.93;-0.33;2013-11-19;True;False;5000;2026-08-24
LU1332516696;JSS Global Opportunities P USD Acc;JSS Bond - Global Opportunities P USD acc;J. Safra Sarasin Fund Management (Luxembourg) S.A.;Fixed Income;Global Fixed Income;RF Diversificada Global - Cubierto USD;USD;Luxemburgo;4;2;1.32;1.4;-0.38;0.38;3.33;-0.57;2015-12-30;True;False;0;2026-08-24
IE00BH65QN23;Vanguard Global S/T Bd Idx USD H Acc;Vanguard Global Short-Term Bond Index Fund USD Hedged Acc;Vanguard Group (Ireland) Limited;Fixed Income;Global Fixed Income;RF Diversificada Global - Cubierto USD;USD;Irlanda;3;4;0.15;0.15;1.07;2.73;4.9;2.07;2014-01-31;True;True;1000000;2026-08-24
LU0906524193;Amundi Fds Glbl Aggt Bd A EUR H C;Amundi Funds - Global Aggregate Bond A EUR Hgd (C);Amundi Luxembourg S.A.;Fixed Income;Global Fixed Income;RF Diversificada Global - Cubierto  EUR;EUR;Luxemburgo;3;4;1.34;0.8;-0.14;1.08;3.66;-0.37;2013-04-16;True;False;1;2026-08-24
LU0613076990;Amundi Fds Glbl Aggt Bd G EUR H C;Amundi Funds - Global Aggregate Bond G EUR Hgd (C);Amundi Luxembourg S.A.;Fixed Income;Global Fixed Income;RF Diversificada Global - Cubierto  EUR;EUR;Luxemburgo;3;4;1.54;0.8;-0.24;0.91;3.5;-0.53;2011-05-06;True;False;;2026-08-24
LU0613077295;Amundi Fds Glbl Aggt Bd G EUR H MTD D;Amundi Funds - Global Aggregate Bond G EUR Hgd MTD (D);Amundi Luxembourg S.A.;Fixed Income;Global Fixed Income;RF Diversificada Global - Cubierto  EUR;EUR;Luxemburgo;3;4;1.54;0.8;-0.24;0.91;3.51;-0.52;2011-06-09;True;False;;2026-08-24
LU0337577430;Fidelity Global Bond A-Acc-EUR H;Fidelity Funds - Global Bond Fund A-Acc-EUR (hedged);FIL Investment Management (Luxembourg) S.à r.l.;Fixed Income;Global Fixed Income;RF Diversificada Global - Cubierto  EUR;EUR;Luxemburgo;3;2;;0.75;-1.79;-0.98;1.73;-2.62;2008-03-10;True;False;;2026-08-24
LU0322549691;GS Glbl Fxd Inc Plus (Hdg) E Acc EUR;Goldman Sachs Global Fixed Income Plus Portfolio (Hedged) E Acc EUR;Goldman Sachs Asset Management B.V.;Fixed Income;Global Fixed Income;RF Diversificada Global - Cubierto  EUR;EUR;Luxemburgo;4;2;;1;-1.25;0.9;3.2;-2.25;2007-09-28;True;False;1500;2026-08-24
LU0234681152;GS Global Fixed Inc (Hdg) Base Acc EUR;Goldman Sachs Global Fixed Income Portfolio (Hedged) Base Acc EUR;Goldman Sachs Asset Management B.V.;Fixed Income;Global Fixed Income;RF Diversificada Global - Cubierto  EUR;EUR;Luxemburgo;3;3;;0.7;-1.01;0.81;3.14;-1.84;2005-11-14;True;False;5000;2026-08-24
LU0304100331;GS Global Fixed Inc (Hdg) E Acc EUR;Goldman Sachs Global Fixed Income Portfolio (Hedged) E Acc EUR;Goldman Sachs Asset Management B.V.;Fixed Income;Global Fixed Income;RF Diversificada Global - Cubierto  EUR;EUR;Luxemburgo;3;3;;0.7;-1.14;0.54;2.88;-2.08;2007-06-18;True;False;1500;2026-08-24
LU0430493212;JPM Aggregate Bond A acc EUR Hdg;JPMorgan Funds - Aggregate Bond Fund A (acc) EUR (hedged);JPMorgan Asset Management (Europe) S.à r.l.;Fixed Income;Global Fixed Income;RF Diversificada Global - Cubierto  EUR;EUR;Luxemburgo;3;3;0.9;0.7;-1.59;-0.34;2.41;-1.85;2009-11-09;True;False;35000;2026-08-24
LU0430493725;JPM Aggregate Bond D acc EUR Hdg;JPMorgan Funds - Aggregate Bond Fund D (acc) EUR (hedged);JPMorgan Asset Management (Europe) S.à r.l.;Fixed Income;Global Fixed Income;RF Diversificada Global - Cubierto  EUR;EUR;Luxemburgo;3;2;1.3;0.7;-1.87;-0.71;1.99;-2.25;2013-11-19;True;False;5000;2026-08-24
LU1332517074;JSS Global Opportunities P EURH Acc;JSS Bond - Global Opportunities P EUR acc hedged;J. Safra Sarasin Fund Management (Luxembourg) S.A.;Fixed Income;Global Fixed Income;RF Diversificada Global - Cubierto  EUR;EUR;Luxemburgo;4;2;1.32;1.4;-1.51;-1.66;1.24;-2.63;2015-12-30;True;False;0;2026-08-24
IE00B11XZ103;PIMCO GIS Glb Bd E EUR Hedged Acc;PIMCO GIS Global Bond Fund E Class EUR (Hedged) Accumulation;PIMCO Global Advisors (Ireland) Limited;Fixed Income;Global Fixed Income;RF Diversificada Global - Cubierto  EUR;EUR;Irlanda;3;3;;2.5;-2.01;-0.55;2.77;-1.84;2006-03-31;True;False;;2026-08-24
IE00B05QM511;PIMCO GIS Glb Bd Inv EURH Acc;PIMCO GIS Global Bond Fund Investor EUR (Hedged) Accumulation;PIMCO Global Advisors (Ireland) Limited;Fixed Income;Global Fixed Income;RF Diversificada Global - Cubierto  EUR;EUR;Irlanda;3;4;;0.49;-1.7;0;3.33;-1.3;2005-02-02;True;False;;2026-08-24
IE00BF2FJG67;PIMCO GIS Low Duration Opps E EURH Acc;PIMCO GIS Low Duration Opportunities Fund E Class EUR (Hedged) Accumulation;PIMCO Global Advisors (Ireland) Limited;Fixed Income;Global Fixed Income;RF Diversificada Global - Cubierto  EUR;EUR;Irlanda;3;5;;1.2;0.49;2.7;4.81;0.61;2017-10-20;True;False;;2026-08-24
LU2885076518;Robeco Global Bonds DH EUR Acc;Robeco Global Bonds DH EUR Acc;Robeco Institutional Asset Management BV;Fixed Income;Global Fixed Income;RF Diversificada Global - Cubierto  EUR;EUR;Luxemburgo;3;2;1.01;0.8;-2.07;-1.66;1.7;-3.01;2024-12-13;True;False;0;2026-08-24
LU0706127809;UBS (Lux) BS Glb S/T Flex $ EUR H P-acc;UBS (Lux) Bond SICAV - Global Short Term Flexible (USD) (EUR hedged) P-acc;UBS Asset Management (Europe) S.A.;Fixed Income;Global Fixed Income;RF Diversificada Global - Cubierto  EUR;EUR;Luxemburgo;3;5;0.94;0.7;0.78;1.58;3.55;0.8;2011-12-01;True;False;0;2026-08-24
IE00B18GC888;Vanguard Global Bd Idx EUR H Acc;Vanguard Global Bond Index Fund EUR Hedged Acc;Vanguard Group (Ireland) Limited;Fixed Income;Global Fixed Income;RF Diversificada Global - Cubierto  EUR;EUR;Irlanda;4;3;0.15;0.15;-1.24;-0.13;2.49;-2.22;2014-02-27;True;True;1000000;2026-08-24
LU1880401101;Amundi Fds US Bond A EUR C;Amundi Funds - US Bond A EUR (C);Amundi Luxembourg S.A.;Fixed Income;US Fixed Income;RF Diversificada USD;EUR;Luxemburgo;4;3;1.34;0.75;-0.08;1.47;2.44;-0.44;2019-06-24;True;False;0;2026-08-24
LU1880401523;Amundi Fds US Bond A USD C;Amundi Funds - US Bond A USD (C);Amundi Luxembourg S.A.;Fixed Income;US Fixed Income;RF Diversificada USD;USD;Luxemburgo;4;3;1.04;0.75;-0.68;1.98;4.86;-0.44;2019-06-21;True;False;0;2026-08-24
LU1880402687;Amundi Fds US Bond G USD C;Amundi Funds - US Bond G USD (C);Amundi Luxembourg S.A.;Fixed Income;US Fixed Income;RF Diversificada USD;USD;Luxemburgo;4;2;1.29;0.8;-0.84;1.7;4.63;-0.67;2019-06-24;True;False;;2026-08-24
LU0261947682;Fidelity US Dollar Bond A-Acc-USD;Fidelity Funds - US Dollar Bond Fund A-Acc-USD;FIL Investment Management (Luxembourg) S.à r.l.;Fixed Income;US Fixed Income;RF Diversificada USD;USD;Luxemburgo;4;3;;0.75;-1.54;0.73;3.65;-1.11;2006-09-25;True;False;2500;2026-08-24
LU0048622798;Fidelity US Dollar Bond A-Dis-USD;Fidelity Funds - US Dollar Bond Fund A-DIST-USD;FIL Investment Management (Luxembourg) S.à r.l.;Fixed Income;US Fixed Income;RF Diversificada USD;USD;Luxemburgo;4;3;;0.75;-1.49;0.73;3.67;-1.1;1990-11-12;True;False;2500;2026-08-24
LU0117838648;JPM US Aggregate Bond D acc USD;JPMorgan Funds - US Aggregate Bond Fund D (acc) - USD;JPMorgan Asset Management (Europe) S.à r.l.;Fixed Income;US Fixed Income;RF Diversificada USD;USD;Luxemburgo;4;2;1.35;0.9;-1.15;1.28;3.75;-1.01;2000-10-13;True;False;5000;2026-08-24
LU0826414087;Nordea 1 - US Total Return Bond BP EUR;Nordea 1 - US Total Return Bond Fund BP EUR;Nordea Investment Funds SA;Fixed Income;US Fixed Income;RF Diversificada USD;EUR;Luxemburgo;3;3;1.37;1.1;0.77;2.65;2.24;-0.48;2012-09-25;True;False;0;2026-08-24
IE00B11XZ988;PIMCO GIS Ttl Ret Bd E USD Acc;PIMCO GIS Total Return Bond Fund E Class USD Accumulation;PIMCO Global Advisors (Ireland) Limited;Fixed Income;US Fixed Income;RF Diversificada USD;USD;Irlanda;4;2;;2.5;-0.48;2.75;5.14;-0.8;2006-03-31;True;False;1000;2026-08-24
LU0106260564;Schroder ISF US Dllr Bd A Acc USD;Schroder International Selection Fund US Dollar Bond A Accumulation USD;Schroder Investment Management (Europe) S.A.;Fixed Income;US Fixed Income;RF Diversificada USD;USD;Luxemburgo;4;3;;0.75;-0.29;2.82;4.86;-0.96;2000-01-17;True;False;1000;2026-08-24
LU1164219682;AXAWF Euro Credit Total Ret A Cap EUR;AXA World Funds - Euro Credit Total Return A Capitalisation EUR;BNP PARIBAS ASSET MANAGEMENT Europe;Fixed Income;Europe Fixed Income;RF Flexible EUR;EUR;Luxemburgo;4;5;1.16;0.95;0.39;1.1;6.26;3.95;2015-04-10;True;False;0;2026-08-24
LU1164219922;AXAWF Euro Credit Total Ret A Dis EUR;AXA World Funds - Euro Credit Total Return A Distribution EUR;BNP PARIBAS ASSET MANAGEMENT Europe;Fixed Income;Europe Fixed Income;RF Flexible EUR;EUR;Luxemburgo;4;5;1.16;0.95;0.39;1.1;6.26;3.95;2017-08-28;True;False;0;2026-08-24
LU2002383896;Allianz Credit Opp Plus AT EUR;Allianz Global Investors Fund - Allianz Credit Opportunities Plus AT EUR;Allianz Global Investors GmbH;Fixed Income;Europe Fixed Income;RF Flexible EUR;EUR;Luxemburgo;3;4;1.29;2;-0.95;-0.55;5.87;2.09;2019-06-13;True;False;0;2026-08-24
LU1483615412;Assenagon Credit Selection ESG P2;Assenagon Credit Selection ESG (P2);Assenagon Asset Management SA;Fixed Income;Europe Fixed Income;RF Flexible EUR;EUR;Luxemburgo;3;4;;1.4;-0.18;0.75;5.21;2.4;2023-12-19;True;False;0;2026-08-24
LU0107087297;BNP Paribas Euro S/T Corp Bd Opp N C;BNP Paribas Funds Euro Short Term Corporate Bd Opportunities N Capitalisation;BNP Paribas Asset Management Luxembourg;Fixed Income;Europe Fixed Income;RF Flexible EUR;EUR;Luxemburgo;3;2;;0.9;0.28;0.62;3.19;-0.01;2000-04-14;True;False;0;2026-08-24
ES0158989006;Bankinter Flexible Bond B FI;Bankinter Flexible Bond B FI;Bankinter Gestión de Activos SGIIC;Fixed Income;Europe Fixed Income;RF Flexible EUR;EUR;España;3;3;0.77;0.65;0.4;1.29;4.62;1.09;2021-05-21;True;False;500000;2026-08-24
ES0158989022;Bankinter Flexible Bond R FI;Bankinter Flexible Bond R FI;Bankinter Gestión de Activos SGIIC;Fixed Income;Europe Fixed Income;RF Flexible EUR;EUR;España;3;3;0.92;0.8;0.31;1.14;4.46;0.94;2021-05-21;True;False;10;2026-08-24
ES0158992000;Bankinter Premium RF Largo Plazo B FI;Bankinter Premium Renta Fija Largo Plazo B FI;Bankinter Gestión de Activos SGIIC;Fixed Income;Europe Fixed Income;RF Flexible EUR;EUR;España;3;;0.11;0.5;-1.04;-0.72;;;2024-10-25;True;False;500000;2026-08-24
ES0158992026;Bankinter Premium RF Largo Plazo R FI;Bankinter Premium Renta Fija Largo Plazo R FI;Bankinter Gestión de Activos SGIIC;Fixed Income;Europe Fixed Income;RF Flexible EUR;EUR;España;3;;0.23;0.8;-1.23;-1.02;;;2024-10-25;True;False;10000;2026-08-24
ES0158979007;Bankinter Premium Renta Fija B FI;Bankinter Premium Renta Fija FI;Bankinter Gestión de Activos SGIIC;Fixed Income;Europe Fixed Income;RF Flexible EUR;EUR;España;2;;0.6;0.55;0.39;0.87;;;2023-10-20;True;False;500000;2026-08-24
ES0158979015;Bankinter Premium Renta Fija R FI;Bankinter Premium Renta Fija R FI;Bankinter Gestión de Activos SGIIC;Fixed Income;Europe Fixed Income;RF Flexible EUR;EUR;España;2;;0.9;0.85;0.2;0.57;;;2023-10-20;True;False;10000;2026-08-24
LU2278574988;Buy & Hold Luxembourg B&H Bond Class 2;Buy & Hold Luxembourg B&H Bond Class 2;Buy & Hold Capital SGIIC;Fixed Income;Europe Fixed Income;RF Flexible EUR;EUR;Luxemburgo;2;4;;1.25;1.35;2.1;6;2.46;2021-04-15;True;False;1;2026-08-24
LU2842969151;Buy & Hold Luxembourg B&H Debt 2 EUR Acc;Buy & Hold Luxembourg B&H Debt 2 EUR Acc;Buy & Hold Capital SGIIC;Fixed Income;Europe Fixed Income;RF Flexible EUR;EUR;Luxemburgo;2;4;;0.89;0.58;1.26;3.79;2.32;2024-12-02;True;False;;2026-08-24
LU0096353940;CT (Lux) European Strat Bd AE;CT (Lux) - European Strategic Bond Class AE (EUR Accumulation Shares);Threadneedle Management Luxembourg S.A.;Fixed Income;Europe Fixed Income;RF Flexible EUR;EUR;Luxemburgo;3;3;1.1;0.9;-0.1;0.05;4.14;0.24;1999-04-02;True;False;2500;2026-08-24
LU0252128276;Candriam Bds Total Ret C EUR Cap;Candriam Bonds Total Return Class C EUR Cap;Candriam;Fixed Income;Europe Fixed Income;RF Flexible EUR;EUR;Luxemburgo;3;2;1.12;0.9;1.04;1.7;3.2;1.29;2006-05-16;True;False;0;2026-08-24
LU1623762843;Carmignac Pf Credit A EUR Acc;Carmignac Pf Credit A EUR Acc;Carmignac Gestion Luxembourg S.A.;Fixed Income;Europe Fixed Income;RF Flexible EUR;EUR;Luxemburgo;3;4;1.2;1;0.79;1.91;7.31;2.18;2017-07-31;True;False;0;2026-08-24
LU0336084032;Carmignac Pf Flexible Bond A EUR Acc;Carmignac Pf Flexible Bond A EUR Acc;Carmignac Gestion Luxembourg S.A.;Fixed Income;Europe Fixed Income;RF Flexible EUR;EUR;Luxemburgo;3;3;1.2;1;2.34;2.3;5.44;1.37;2007-12-14;True;False;0;2026-08-24
LU0992631050;Carmignac Pf Flexible Bond A EUR Ydis;Carmignac Pf Flexible Bond A EUR Ydis;Carmignac Gestion Luxembourg S.A.;Fixed Income;Europe Fixed Income;RF Flexible EUR;EUR;Luxemburgo;3;3;1.2;1;2.35;2.31;5.4;1.46;2013-11-15;True;False;0;2026-08-24
LU0546216986;DIP - Paradigma Flexible Bd A EUR;DIP - Paradigma Flexible Bonds A EUR;A&G Fondos SGIIC;Fixed Income;Europe Fixed Income;RF Flexible EUR;EUR;Luxemburgo;3;3;;0.9;0.81;1.35;3.86;1.3;2010-11-02;True;False;0;2026-08-24
LU0284393930;DNCA Invest Credit Conviction A EUR;DNCA Invest Credit Conviction Class A shares EUR;DNCA Finance;Fixed Income;Europe Fixed Income;RF Flexible EUR;EUR;Luxemburgo;3;4;1.43;1;0.71;1.76;5.89;2.2;2008-04-14;True;False;2500;2026-08-24
FR0013460920;EdR SICAV Short Duration Credit A EUR;EdR SICAV - Short Duration Credit A EUR;Edmond de Rothschild Asset Management (France);Fixed Income;Europe Fixed Income;RF Flexible EUR;EUR;Francia;3;4;0.85;0.7;1.21;2.16;4.92;2.25;2020-01-20;True;False;1;2026-08-24
FR0013460961;EdR SICAV Short Duration Credit B EUR;EdR SICAV - Short Duration Credit B EUR;Edmond de Rothschild Asset Management (France);Fixed Income;Europe Fixed Income;RF Flexible EUR;EUR;Francia;3;4;0.86;0.85;1.2;2.16;4.92;2.24;2020-10-30;True;False;1;2026-08-24
LU1161527038;EdRF Bond Allocation A EUR Acc;Edmond de Rothschild Fund - Bond Allocation A EUR Acc;Edmond de Rothschild Asset Management (France);Fixed Income;Europe Fixed Income;RF Flexible EUR;EUR;Luxemburgo;3;3;1.24;0.8;-0.09;1.1;4.71;0.32;2004-12-30;True;False;0;2026-08-24
LU1161526907;EdRF Bond Allocation B EUR Inc;Edmond de Rothschild Fund - Bond Allocation B EUR Inc;Edmond de Rothschild Asset Management (France);Fixed Income;Europe Fixed Income;RF Flexible EUR;EUR;Luxemburgo;3;3;1.24;0.8;-0.08;1.1;4.71;0.32;2004-12-30;True;False;0;2026-08-24
FI0008811989;Evli Nordic Corporate Bond A;Evli Nordic Corporate Bond A;Evli-Rahastoyhtiö Oy;Fixed Income;Europe Fixed Income;RF Flexible EUR;EUR;Finlandia;3;4;;0.75;1.69;2.88;5.65;2.15;2007-04-16;True;False;1000;2026-08-24
FI0008811997;Evli Nordic Corporate Bond B;Evli Nordic Corporate Bond B;Evli-Rahastoyhtiö Oy;Fixed Income;Europe Fixed Income;RF Flexible EUR;EUR;Finlandia;3;4;0.75;0.75;1.69;2.88;5.65;2.15;2007-04-16;True;False;1000;2026-08-24
LU0571102010;Groupama Alpha Fixed Income NC;Groupama Alpha Fixed Income NC;Groupama Asset Management;Fixed Income;Europe Fixed Income;RF Flexible EUR;EUR;Luxemburgo;3;3;;1;1.3;1.91;3.23;2.26;2010-12-15;True;False;0;2026-08-24
LU1891750868;Groupama Alpha Fixed Income Plus NC;Groupama Alpha Fixed Income Plus NC;Groupama Asset Management;Fixed Income;Europe Fixed Income;RF Flexible EUR;EUR;Luxemburgo;3;3;1.61;1.4;1.2;1.8;3.71;;2021-12-27;True;False;0;2026-08-24
FR0010230490;Lazard Credit Opportunities RC EUR;Lazard Credit Opportunities RC EUR;Lazard Frères Gestion;Fixed Income;Europe Fixed Income;RF Flexible EUR;EUR;Francia;4;4;1.7;1.75;-0.98;2.49;4.24;2.91;2005-10-28;True;False;1;2026-08-24
LU1109965605;MS INVF European Fixed Inc Opps A;Morgan Stanley Investment Funds - European Fixed Income Opportunities Fund A;MSIM Fund Management (Ireland) Limited;Fixed Income;Europe Fixed Income;RF Flexible EUR;EUR;Luxemburgo;3;3;1.24;1;0.29;1.41;4.35;0.77;2014-09-30;True;False;0;2026-08-24
LU1135359625;MS INVF European Fixed Inc Opps AR;Morgan Stanley Investment Funds - European Fixed Income Opportunities Fund AR;MSIM Fund Management (Ireland) Limited;Fixed Income;Europe Fixed Income;RF Flexible EUR;EUR;Luxemburgo;3;3;1.24;1;0.31;1.44;4.36;0.78;2014-11-07;True;False;0;2026-08-24
LU2222028099;Merchbanc FCP Renta Fija Flex A;Merchbanc FCP Renta Fija Flex A;Andbank Asset Management Luxembourg;Fixed Income;Europe Fixed Income;RF Flexible EUR;EUR;Luxemburgo;3;4;;0.25;0.74;1.57;5.75;3.1;2020-11-19;True;False;;2026-08-24
LU3105996899;Mutuactivos Mutuafondo Flex Bds A EUR C;Mutuactivos International SICAV - Mutuafondo Flexible Bonds A EUR Capitalisation;Mutuactivos S.A.U., S.G.I.I.C.;Fixed Income;Europe Fixed Income;RF Flexible EUR;EUR;Luxemburgo;;4;;0.93;0.19;0.89;5.65;2.06;2026-01-20;True;False;;2026-08-24
IE00B3QDMK77;PIMCO GIS Euro Income Bond E EUR Acc;PIMCO GIS Euro Income Bond Fund E Class EUR Accumulation;PIMCO Global Advisors (Ireland) Limited;Fixed Income;Europe Fixed Income;RF Flexible EUR;EUR;Irlanda;3;3;;2.5;-0.74;1.17;4.99;0.29;2011-02-28;True;False;;2026-08-24
IE00B46MFP70;PIMCO GIS Euro Income Bond E EUR Inc;PIMCO GIS Euro Income Bond Fund E Class EUR Income;PIMCO Global Advisors (Ireland) Limited;Fixed Income;Europe Fixed Income;RF Flexible EUR;EUR;Irlanda;3;3;;2.5;-0.72;1.2;5.01;0.3;2011-02-28;True;False;;2026-08-24
LU1850104735;Pareturn Mutuafondo Glbl Fixed Inc PBEUR;Pareturn Mutuafondo Global Fixed Income P B EUR;Mutuactivos S.A.U., S.G.I.I.C.;Fixed Income;Europe Fixed Income;RF Flexible EUR;EUR;Luxemburgo;3;4;;;0.28;0.84;5.9;2.28;2020-01-17;True;False;;2026-08-24
FR0013202132;Sextant Credit Opportunities A;Sextant Credit Opportunities A;Amiral Gestion;Fixed Income;Europe Fixed Income;RF Flexible EUR;EUR;Francia;4;;;1.1;0.13;0.87;;;2017-03-30;True;False;1;2026-08-24
LU0110451209;Capital Group GlobHiInc (LUX) B;Capital Group Global High Income Opportunities (LUX) B;Capital International Management Company Sàrl;Fixed Income;Global Fixed Income;RF Flexible Global;EUR;Luxemburgo;4;4;1.4;1.3;2.59;4.74;5.24;2.45;2001-01-15;True;False;0;2026-08-24
LU0110450813;Capital Group GlobHiInc (LUX) B USD;Capital Group Global High Income Opportunities (LUX) B USD;Capital International Management Company Sàrl;Fixed Income;Global Fixed Income;RF Flexible Global;USD;Luxemburgo;4;4;1.4;1.3;1.94;5.4;7.7;2.41;2001-01-15;True;False;0;2026-08-24
LU0193743431;Capital Group GlobHiInc (LUX) Bd USD;Capital Group Global High Income Opportunities (LUX) Bd USD;Capital International Management Company Sàrl;Fixed Income;Global Fixed Income;RF Flexible Global;USD;Luxemburgo;4;4;1.4;1.3;1.96;5.42;7.7;2.41;2004-08-31;True;False;0;2026-08-24
LU0817814519;Capital Group GlobHiInc (LUX) Bgd;Capital Group Global High Income Opportunities (LUX) Bgd;Capital International Management Company Sàrl;Fixed Income;Global Fixed Income;RF Flexible Global;EUR;Luxemburgo;4;4;1.4;1.3;2.54;4.74;5.22;2.44;2013-02-01;True;False;0;2026-08-24
LU0336083497;Carmignac Pf Global Bond A EUR Acc;Carmignac Pf Global Bond A EUR Acc;Carmignac Gestion Luxembourg S.A.;Fixed Income;Global Fixed Income;RF Flexible Global;EUR;Luxemburgo;3;3;;1;3.35;4.35;3.26;0.67;2007-12-14;True;False;0;2026-08-24
LU1299302098;Carmignac Pf Global Bond A EUR Minc;Carmignac Pf Global Bond A EUR Minc;Carmignac Gestion Luxembourg S.A.;Fixed Income;Global Fixed Income;RF Flexible Global;EUR;Luxemburgo;3;3;;1;3.35;4.33;3.26;0.66;2015-11-19;True;False;0;2026-08-24
LU1694789451;DNCA Invest Alpha Bonds A EUR;DNCA Invest Alpha Bonds A EUR;DNCA Finance;Fixed Income;Global Fixed Income;RF Flexible Global;EUR;Luxemburgo;3;4;1.31;1.2;1.45;2.85;3.91;4.8;2017-12-14;True;False;2500;2026-08-24
IE00B19Z3V48;FTGF WA Glb Mlt Strat A USD Acc;FTGF Western Asset Global Multi Strategy Fund Class A US$ Accumulating;Franklin Templeton International Services S.à r.l.;Fixed Income;Global Fixed Income;RF Flexible Global;USD;Irlanda;4;3;1.4;1.1;0.55;2.6;5.53;0.83;2007-05-09;True;False;1000;2026-08-24
LU0766124712;Fidelity Glb Shrt Dur Inc A-Acc-EUR;Fidelity Funds - Global Short Duration Income Fund A-Acc-EUR;FIL Investment Management (Luxembourg) S.à r.l.;Fixed Income;Global Fixed Income;RF Flexible Global;EUR;Luxemburgo;4;5;;1.5;2.39;3.55;4.42;3.68;2012-05-14;True;False;;2026-08-24
LU0963986202;Mirabaud - Global Strat Bd A USD Acc;Mirabaud - Global Strategic Bond Fund A USD Acc;Mirabaud Asset Management Ltd;Fixed Income;Global Fixed Income;RF Flexible Global;USD;Luxemburgo;4;3;1.47;1.2;0.69;2.87;5.56;1.48;2013-10-01;True;False;1;2026-08-24
LU0201322137;Schroder ISF Strategic Bd A Acc USD;Schroder International Selection Fund Strategic Bond A Accumulation USD;Schroder Investment Management (Europe) S.A.;Fixed Income;Global Fixed Income;RF Flexible Global;USD;Luxemburgo;4;4;;1;0.8;3.02;6.87;2.77;2004-09-30;True;False;1000;2026-08-24
LU0300745303;Templeton Global Bond A(Ydis)EUR;Templeton Global Bond Fund A(Ydis)EUR;Franklin Templeton International Services S.à r.l.;Fixed Income;Global Fixed Income;RF Flexible Global;EUR;Luxemburgo;4;2;1.38;1.05;5.2;6.78;2.18;0.87;2007-07-12;True;False;;2026-08-24
LU0152980495;Templeton Global Bond A(acc)EUR;Templeton Global Bond Fund A(acc)EUR;Franklin Templeton International Services S.à r.l.;Fixed Income;Global Fixed Income;RF Flexible Global;EUR;Luxemburgo;4;2;1.38;1.05;5.25;6.84;2.17;0.88;2002-09-09;True;False;;2026-08-24
LU0252652382;Templeton Global Bond A(acc)USD;Templeton Global Bond Fund A(acc)USD;Franklin Templeton International Services S.à r.l.;Fixed Income;Global Fixed Income;RF Flexible Global;USD;Luxemburgo;4;2;1.38;1.05;4.57;7.5;4.56;0.85;2006-04-28;True;False;1000;2026-08-24
LU0300745725;Templeton Global Ttl Ret A(Ydis)EUR;Templeton Global Total Return Fund A(Ydis)EUR;Franklin Templeton International Services S.à r.l.;Fixed Income;Global Fixed Income;RF Flexible Global;EUR;Luxemburgo;4;2;1.39;1.05;6.99;11.02;5.73;1.55;2007-07-12;True;False;;2026-08-24
LU0260870661;Templeton Global Ttl Ret A(acc)EUR;Templeton Global Total Return Fund A(acc)EUR;Franklin Templeton International Services S.à r.l.;Fixed Income;Global Fixed Income;RF Flexible Global;EUR;Luxemburgo;4;3;1.39;1.05;7.02;11.12;5.74;1.58;2006-09-01;True;False;;2026-08-24
LU0170475312;Templeton Global Ttl Ret A(acc)USD;Templeton Global Total Return Fund A(acc)USD;Franklin Templeton International Services S.à r.l.;Fixed Income;Global Fixed Income;RF Flexible Global;USD;Luxemburgo;4;3;1.39;1.05;6.38;11.79;8.2;1.53;2003-08-29;True;False;1000;2026-08-24
LU0170477797;Templeton Global Ttl Ret N(acc)USD;Templeton Global Total Return Fund N(acc)USD;Franklin Templeton International Services S.à r.l.;Fixed Income;Global Fixed Income;RF Flexible Global;USD;Luxemburgo;4;2;2.09;1.75;5.92;11.03;7.45;0.83;2003-08-29;True;False;1000;2026-08-24
LU0746604288;AXAWF Global Strat Inc A Cap EUR H;AXA World Funds - Global Strategic Income A Capitalisation EUR (Hedged);BNP PARIBAS ASSET MANAGEMENT Europe;Fixed Income;Global Fixed Income;RF Flexible Global-EUR Cubierto;EUR;Luxemburgo;3;2;1.25;1;0.37;1.87;3.53;-1.54;2012-05-14;True;False;0;2026-08-24
LU0278453476;BGF Fixed Income Global Opps A2 EUR H;BlackRock Global Funds - Fixed Income Global Opportunities Fund A2 EUR Hedged;BlackRock (Luxembourg) SA;Fixed Income;Global Fixed Income;RF Flexible Global-EUR Cubierto;EUR;Luxemburgo;4;3;1.22;1;0;1.91;4.29;0.48;2007-01-31;True;False;5000;2026-08-24
LU2155808491;BNP Paribas Glb Abs Ret Bd Cl EUR Cap;BNP Paribas Funds Global Absolute Return Bond Classic EUR Cap;BNP Paribas Asset Management Luxembourg;Fixed Income;Global Fixed Income;RF Flexible Global-EUR Cubierto;EUR;Luxemburgo;3;4;;0.9;0.91;-0.07;4.72;3.25;2021-06-04;True;False;0;2026-08-24
IE00B6VXJV34;BNY Mellon Absolute Ret Bd EUR R Acc;BNY Mellon Absolute Return Bond Fund EUR R Acc;BNY Mellon Fund Management (Lux) S.A.;Fixed Income;Global Fixed Income;RF Flexible Global-EUR Cubierto;EUR;Irlanda;3;4;;1;0.41;1.44;4.83;3.41;2012-11-09;True;False;5000;2026-08-24
LU0438336264;BSF ESG Fixed Income Strategies A2 EUR;BlackRock ESG Fixed Income Strategies Fund A2 EUR;BlackRock (Luxembourg) SA;Fixed Income;Global Fixed Income;RF Flexible Global-EUR Cubierto;EUR;Luxemburgo;3;4;;1;0.37;1.71;4.34;2.09;2009-09-30;True;False;5000;2026-08-24
LU1040967272;BSF ESG Fixed Income Strategies A4 EUR;BlackRock ESG Fixed Income Strategies Fund A4 EUR;BlackRock (Luxembourg) SA;Fixed Income;Global Fixed Income;RF Flexible Global-EUR Cubierto;EUR;Luxemburgo;3;4;;1;0.38;1.72;4.35;2.09;2014-03-05;True;False;5000;2026-08-24
LU0627761702;BlueBay Inv Grd Abs Ret Bd B EUR;BlueBay Funds - BlueBay Investment Grade Absolute Return Bond Fund B - EUR;BlueBay Funds Management Company S.A.;Fixed Income;Global Fixed Income;RF Flexible Global-EUR Cubierto;EUR;Luxemburgo;3;4;1.2;1;-2.05;-1.41;2.54;2.02;2011-06-23;True;False;100000;2026-08-24
LU0627765794;BlueBay Inv Grd Abs Ret Bd M EUR;BlueBay Funds - BlueBay Investment Grade Absolute Return Bond Fund M - EUR;BlueBay Funds Management Company S.A.;Fixed Income;Global Fixed Income;RF Flexible Global-EUR Cubierto;EUR;Luxemburgo;3;4;1.14;1;-2.02;-1.35;2.6;2.08;2013-05-21;True;False;0;2026-08-24
LU0627761884;BlueBay Inv Grd Abs Ret Bd R EUR;BlueBay Funds - BlueBay Investment Grade Absolute Return Bond Fund R - EUR;BlueBay Funds Management Company S.A.;Fixed Income;Global Fixed Income;RF Flexible Global-EUR Cubierto;EUR;Luxemburgo;3;3;1.7;1.5;-2.36;-1.9;2.03;1.51;2012-07-05;True;False;0;2026-08-24
LU0417109930;CB-Accent Lux Swan Ultra S/T Bd B;CB-Accent Lux Swan Ultra Short-Term Bond B;Swan Asset Management S.A.;Fixed Income;Global Fixed Income;RF Flexible Global-EUR Cubierto;EUR;Luxemburgo;3;4;1.88;1;1.24;2.21;4.44;2.47;2009-04-02;True;False;1;2026-08-24
LU1829331633;CT (Lux) Credit Opps 1E;CT (Lux) - Credit Opportunities 1E (EUR Accumulation Shares);Threadneedle Management Luxembourg S.A.;Fixed Income;Global Fixed Income;RF Flexible Global-EUR Cubierto;EUR;Luxemburgo;4;3;1.17;1;1.12;1.07;3.29;0.78;2018-08-29;True;False;0;2026-08-24
LU3261279650;CT (Lux) Global Abs Ret Bd A Acc EUR;CT (Lux) Global Absolute Return Bond Fund A Acc EUR;Columbia Threadneedle Management Limited;Fixed Income;Global Fixed Income;RF Flexible Global-EUR Cubierto;EUR;Luxemburgo;;;1;2;;;;;2026-01-13;True;False;;2026-08-24
LU0151324422;Candriam Bds Crdt Opps C EUR Cap;Candriam Bonds Credit Opportunities Class C EUR Cap;Candriam;Fixed Income;Global Fixed Income;RF Flexible Global-EUR Cubierto;EUR;Luxemburgo;3;4;1.41;1;1.03;2.05;3.54;1.8;2003-02-06;True;False;0;2026-08-24
FR0010760694;Candriam Long Short Credit Classique;Candriam Long Short Credit Classique;Candriam;Fixed Income;Global Fixed Income;RF Flexible Global-EUR Cubierto;EUR;Francia;4;4;;0.8;1.21;2.08;3.74;2.46;2009-10-27;True;False;0;2026-08-24
LU0579955484;Capital Group GlobHiInc (LUX) Bh-EUR;Capital Group Global High Income Opportunities (LUX) Bh-EUR;Capital International Management Company Sàrl;Fixed Income;Global Fixed Income;RF Flexible Global-EUR Cubierto;EUR;Luxemburgo;4;3;1.4;1.3;0.75;3.29;5.62;0.32;2011-04-11;True;False;0;2026-08-24
IE00B23Z7J34;FTGF WA Glb Mlt Strat A EUR H Acc;FTGF Western Asset Global Multi Strategy Fund Class A Euro Accumulating (Hedged);Franklin Templeton International Services S.à r.l.;Fixed Income;Global Fixed Income;RF Flexible Global-EUR Cubierto;EUR;Irlanda;4;2;1.43;1.1;-0.61;0.56;3.5;-1.14;2008-02-12;True;False;1000;2026-08-24
IE00B940S603;FTGF WA Glb Mlt Strat A EUR H Dis (M)+e;FTGF Western Asset Global Multi Strategy Fund Class A Euro Distributing (M) (Hedged) Plus (e);Franklin Templeton International Services S.à r.l.;Fixed Income;Global Fixed Income;RF Flexible Global-EUR Cubierto;EUR;Irlanda;4;2;1.43;1.1;-0.65;0.52;3.52;-1.14;2013-04-02;True;False;1000;2026-08-24
IE00B23Z7K49;FTGF WA Glb Mlt Strat A EUR H Dis(M);FTGF Western Asset Global Multi Strategy Fund Class A Euro Distributing (M) (Hedged);Franklin Templeton International Services S.à r.l.;Fixed Income;Global Fixed Income;RF Flexible Global-EUR Cubierto;EUR;Irlanda;4;2;1.43;1.1;-0.68;0.49;3.5;-1.14;2008-04-28;True;False;1000;2026-08-24
LU1731833304;Fidelity Glb Shrt Dur Inc A-Acc-EUR H;Fidelity Funds - Global Short Duration Income Fund A-Acc-EUR (Euro/USD hedged);FIL Investment Management (Luxembourg) S.à r.l.;Fixed Income;Global Fixed Income;RF Flexible Global-EUR Cubierto;EUR;Luxemburgo;3;4;;1.5;0.89;2.35;5.01;1.77;2017-12-13;True;False;2500;2026-08-24
LU1731833486;Fidelity Glb Shrt Dur Inc A-QInc-G-EUR H;Fidelity Funds - Global Short Duration Income Fund A-QInc-G-EUR (Euro/USD hedged);FIL Investment Management (Luxembourg) S.à r.l.;Fixed Income;Global Fixed Income;RF Flexible Global-EUR Cubierto;EUR;Luxemburgo;3;4;;1.5;0.87;2.29;5.01;1.75;2017-12-13;True;False;2500;2026-08-24
LU0882574998;Fidelity Global Inc A-Acc-EUR H;Fidelity Funds - Global Income Fund A-Acc-EUR (hedged);FIL Investment Management (Luxembourg) S.à r.l.;Fixed Income;Global Fixed Income;RF Flexible Global-EUR Cubierto;EUR;Luxemburgo;3;3;;1;0.08;1.88;5.34;0.32;2013-04-09;True;False;;2026-08-24
LU0893310481;Fidelity Global Inc A-QInc(G)-EUR H;Fidelity Funds - Global Income Fund A-QINCOME(G)-EUR (hedged);FIL Investment Management (Luxembourg) S.à r.l.;Fixed Income;Global Fixed Income;RF Flexible Global-EUR Cubierto;EUR;Luxemburgo;3;3;;1;0.07;1.8;5.37;0.35;2013-04-09;True;False;;2026-08-24
LU1481583711;FvS Bond Opportunities RT;Flossbach von Storch - Bond Opportunities RT;Flossbach von Storch Invest S.A.;Fixed Income;Global Fixed Income;RF Flexible Global-EUR Cubierto;EUR;Luxemburgo;3;3;1.02;0.87;-1.22;-0.8;3.22;-0.36;2016-10-18;True;False;0;2026-08-24
LU0890597635;JPM Global Bd Opps A acc EUR H;JPMorgan Funds - Global Bond Opportunities Fund A (acc) - EUR (hedged);JPMorgan Asset Management (Europe) S.à r.l.;Fixed Income;Global Fixed Income;RF Flexible Global-EUR Cubierto;EUR;Luxemburgo;4;3;1.2;1;-0.48;1.19;3.8;0.11;2013-04-16;True;False;35000;2026-08-24
LU0890598104;JPM Global Bd Opps D acc EUR H;JPMorgan Funds - Global Bond Opportunities Fund D (acc) - EUR (hedged);JPMorgan Asset Management (Europe) S.à r.l.;Fixed Income;Global Fixed Income;RF Flexible Global-EUR Cubierto;EUR;Luxemburgo;4;2;1.7;1;-0.8;0.69;3.28;-0.39;2013-04-16;True;False;5000;2026-08-24
LU2081629425;JPM Global Bond Opps ESG A acc EUR Hdg;JPMorgan Funds - Global Bond Opportunities ESG Fund A (acc) - EUR (hedged);JPMorgan Asset Management (Europe) S.à r.l.;Fixed Income;Global Fixed Income;RF Flexible Global-EUR Cubierto;EUR;Luxemburgo;4;3;1.2;1;-0.5;1.13;3.83;0.11;2019-12-03;True;False;35000;2026-08-24
LU0514679652;JPM Global Strat Bd A perf acc EUR H;JPMorgan Funds - Global Strategic Bond Fund A (perf) (acc) EUR (hedged);JPMorgan Asset Management (Europe) S.à r.l.;Fixed Income;Global Fixed Income;RF Flexible Global-EUR Cubierto;EUR;Luxemburgo;3;3;1.2;1;0.2;1.44;3.9;1.04;2010-06-03;True;False;35000;2026-08-24
LU0853555380;Jupiter Dynamic Bond L EUR Acc;Jupiter Dynamic Bond Class L EUR Acc;Jupiter Asset Management International S.A.;Fixed Income;Global Fixed Income;RF Flexible Global-EUR Cubierto;EUR;Luxemburgo;4;2;1.45;1.25;1.27;3.11;4.12;-1.58;2013-05-10;True;False;500;2026-08-24
LU0459992896;Jupiter Dynamic Bond L EUR Q Inc;Jupiter Dynamic Bond Class L EUR Q Inc;Jupiter Asset Management International S.A.;Fixed Income;Global Fixed Income;RF Flexible Global-EUR Cubierto;EUR;Luxemburgo;4;2;1.45;1.25;1.33;3.18;4.13;-1.58;2012-05-08;True;False;500;2026-08-24
LU1670724373;M&G (Lux) Optimal Income A EUR Acc;M&G (Lux) Optimal Income Fund EUR A Acc;M&G Luxembourg S.A.;Fixed Income;Global Fixed Income;RF Flexible Global-EUR Cubierto;EUR;Luxemburgo;4;;1.34;1.25;;;;;2018-09-07;True;False;1000;2026-08-24
LU1670724456;M&G (Lux) Optimal Income A EUR Inc;M&G (Lux) Optimal Income Fund EUR A Inc;M&G Luxembourg S.A.;Fixed Income;Global Fixed Income;RF Flexible Global-EUR Cubierto;EUR;Luxemburgo;4;;1.34;1.25;;;;;2018-09-07;True;False;;2026-08-24
LU2415445837;M&G (Lux) Sust Mac Flex Crdt P EUR Acc;M&G (Lux) Sustainable Macro Flexible Credit Fund EUR P Acc;M&G Luxembourg S.A.;Fixed Income;Global Fixed Income;RF Flexible Global-EUR Cubierto;EUR;Luxemburgo;3;3;1.1;1.1;1.04;1.53;4.18;;2022-02-24;True;False;;2026-08-24
LU2482630675;M&G Total Return Crdt Invmt P EUR Acc;European Specialist Investment Funds - M&G Total Return Credit Investment Fd P EUR Acc;M&G Luxembourg S.A.;Fixed Income;Global Fixed Income;RF Flexible Global-EUR Cubierto;EUR;Luxemburgo;3;4;1.09;1.25;1.33;1.73;4.96;;2022-06-21;True;False;;2026-08-24
LU1340703070;MFS Meridian Global Oppc Bd AH1 EUR;MFS Meridian Funds - Global Opportunistic Bond Fund AH1 EUR;MFS Investment Management Company (Lux) S.à.r.l;Fixed Income;Global Fixed Income;RF Flexible Global-EUR Cubierto;EUR;Luxemburgo;3;2;1.2;0.55;-1.52;-0.41;2.64;-1.92;2016-07-11;True;False;4000;2026-08-24
IE000Z9YV312;ML Alpha Fixed Inc UCITS FIEHA H EUR Acc;MontLake UCITS Platform ICAV - Alpha Fixed Income UCITS Fund FIEHA Hedged EUR Accumulation;Fortune Financial Strategies S.A.;Fixed Income;Global Fixed Income;RF Flexible Global-EUR Cubierto;EUR;Irlanda;3;;2.04;0.9;2.2;4.97;;;2024-05-23;True;False;;2026-08-24
LU0712123511;MS INVF Global Fixed Income Opps AH EUR;Morgan Stanley Investment Funds - Global Fixed Income Opportunities Fund AH (EUR);MSIM Fund Management (Ireland) Limited;Fixed Income;Global Fixed Income;RF Flexible Global-EUR Cubierto;EUR;Luxemburgo;3;3;1.27;1;-0.31;1.52;3.99;0.34;2012-04-02;True;False;0;2026-08-24
IE000WFG9PJ8;Man Dynamic Income DB H EUR Cap;Man Funds plc - Man Dynamic Income DB H EUR Capitalisation;Man Asset Management (Ireland) Limited;Fixed Income;Global Fixed Income;RF Flexible Global-EUR Cubierto;EUR;Irlanda;5;;;1.75;3.67;;;;2025-10-10;True;False;;2026-08-24
IE00B65YMK29;Muzinich Enhancedyield S-T HEUR Acc R;Muzinich Enhancedyield Short-Term Fund Hedged Euro Accumulation R Units;Muzinich & Co. (Ireland) Limited;Fixed Income;Global Fixed Income;RF Flexible Global-EUR Cubierto;EUR;Irlanda;2;4;;0.75;0.69;1.71;3.96;1.19;2009-04-07;True;False;1000;2026-08-24
IE00B4MQD153;Muzinich Enhancedyield S-T HEUR Inc R;Muzinich Enhancedyield Short-Term Fund Hedged Euro Income R Units;Muzinich & Co. (Ireland) Limited;Fixed Income;Global Fixed Income;RF Flexible Global-EUR Cubierto;EUR;Irlanda;3;4;;0.75;0.7;1.72;3.96;1.2;2014-08-14;True;False;1000;2026-08-24
LU0915365364;Nordea 1 - Flexible Fixed Income BP EUR;Nordea 1 - Flexible Fixed Income Fund BP EUR;Nordea Investment Funds SA;Fixed Income;Global Fixed Income;RF Flexible Global-EUR Cubierto;EUR;Luxemburgo;3;2;;0.8;-0.04;0.45;3.27;0.22;2013-05-02;True;False;0;2026-08-24
IE00B1Z6D669;PIMCO GIS Divers Inc E EURH Acc;PIMCO GIS Diversified Income Fund E Class EUR (Hedged) Accumulation;PIMCO Global Advisors (Ireland) Limited;Fixed Income;Global Fixed Income;RF Flexible Global-EUR Cubierto;EUR;Irlanda;4;2;;2.5;0.06;2.92;5.86;-1.25;2007-07-03;True;False;;2026-08-24
IE00B4TG9K96;PIMCO GIS Divers Inc E EURH Inc;PIMCO GIS Diversified Income Fund E Class EUR (Hedged) Income;PIMCO Global Advisors (Ireland) Limited;Fixed Income;Global Fixed Income;RF Flexible Global-EUR Cubierto;EUR;Irlanda;4;2;;2.5;0.07;2.94;5.87;-1.25;2009-10-16;True;False;;2026-08-24
IE00B5B5L056;PIMCO GIS Dynamic Bd E EUR H Acc;PIMCO GIS Dynamic Bond Fund E Class EUR (Hedged) Accumulation;PIMCO Global Advisors (Ireland) Limited;Fixed Income;Global Fixed Income;RF Flexible Global-EUR Cubierto;EUR;Irlanda;3;3;;2.5;-0.17;1.96;4.16;0.03;2009-11-20;True;False;;2026-08-24
IE00B84J9L26;PIMCO GIS Income E EUR Hedged Acc;PIMCO GIS Income Fund E Class EUR (Hedged) Accumulation;PIMCO Global Advisors (Ireland) Limited;Fixed Income;Global Fixed Income;RF Flexible Global-EUR Cubierto;EUR;Irlanda;3;3;;2.5;-0.97;1.78;4.48;0.57;2012-11-30;True;False;;2026-08-24
IE00B8N0MW85;PIMCO GIS Income E EUR Hedged Inc;PIMCO GIS Income Fund E Class EUR (Hedged) Income;PIMCO Global Advisors (Ireland) Limited;Fixed Income;Global Fixed Income;RF Flexible Global-EUR Cubierto;EUR;Irlanda;3;3;;2.5;-1;1.78;4.47;0.58;2012-11-30;True;False;1000;2026-08-24
IE00BDTM8703;PIMCO GIS Income E EUR Hedged Inc II;PIMCO GIS Income Fund E Class EUR (Hedged) Income II;PIMCO Global Advisors (Ireland) Limited;Fixed Income;Global Fixed Income;RF Flexible Global-EUR Cubierto;EUR;Irlanda;3;3;;2.5;-0.92;1.81;4.49;0.58;2018-08-31;True;False;;2026-08-24
LU2195490839;Pictet - Strategic Credit HP EUR Acc;Pictet - Strategic Credit HP EUR Acc;Pictet Asset Management (Europe) SA;Fixed Income;Global Fixed Income;RF Flexible Global-EUR Cubierto;EUR;Luxemburgo;5;3;0.91;1;-0.09;1.34;4.2;0.72;2020-09-09;True;False;0;2026-08-24
LU2091212550;Robeco Credit Income DH EUR Cap;Robeco Credit Income DH EUR;Robeco Institutional Asset Management BV;Fixed Income;Global Fixed Income;RF Flexible Global-EUR Cubierto;EUR;Luxemburgo;4;3;1.22;1;0.21;1.42;5.39;0.24;2019-12-17;True;False;0;2026-08-24
LU1984948874;SIH FCP Brightgate Global Income F;SIH FCP - BrightGate Global Income Fund F EUR Acc;Brightgate Capital SGIIC;Fixed Income;Global Fixed Income;RF Flexible Global-EUR Cubierto;EUR;Luxemburgo;4;5;;1;2.08;2.99;7.39;4.59;2019-06-20;True;False;;2026-08-24
LU1514168027;Schroder ISF Glb Crdt Inc A Dis € HQF;Schroder International Selection Fund Global Credit Income A Distribution EUR Hedged QF;Schroder Investment Management (Europe) S.A.;Fixed Income;Global Fixed Income;RF Flexible Global-EUR Cubierto;EUR;Luxemburgo;4;3;1.41;1.1;-0.47;0.86;5.2;-0.09;2016-11-30;True;False;1000;2026-08-24
LU1514167722;Schroder ISF Glbl Crdt Inc A Acc EUR Hdg;Schroder International Selection Fund Global Credit Income A Accumulation EUR Hedged;Schroder Investment Management (Europe) S.A.;Fixed Income;Global Fixed Income;RF Flexible Global-EUR Cubierto;EUR;Luxemburgo;4;3;1.41;1.1;-0.47;0.87;5.21;-0.07;2016-11-30;True;False;1000;2026-08-24
LU1046235732;Schroder ISF Strat Crdt A Acc EUR Hdg;Schroder International Selection Fund Strategic Credit A Accumulation EUR Hedged;Schroder Investment Management (Europe) S.A.;Fixed Income;Global Fixed Income;RF Flexible Global-EUR Cubierto;EUR;Luxemburgo;5;5;1.31;1;0.79;1.97;5.61;1.93;2014-04-23;True;False;1000;2026-08-24
LU0201323531;Schroder ISF Strategic Bd A Acc EUR Hdg;Schroder International Selection Fund Strategic Bond A Accumulation EUR Hedged;Schroder Investment Management (Europe) S.A.;Fixed Income;Global Fixed Income;RF Flexible Global-EUR Cubierto;EUR;Luxemburgo;4;3;;1;-0.35;0.98;4.83;0.81;2004-09-30;True;False;1000;2026-08-24
LU2954937988;T. Rowe Price Divers Inc Bd AdqnEUR;T. Rowe Price Funds SICAV - Diversified Income Bond Fund - Adqn (EUR);T. Rowe Price (Luxembourg) Management S.à r.l.;Fixed Income;Global Fixed Income;RF Flexible Global-EUR Cubierto;EUR;Luxemburgo;3;;0.99;0.84;1.31;2.26;;;2025-01-08;True;False;0;2026-08-24
LU1807408304;T. Rowe Price Divers Inc Bd An;T. Rowe Price Funds SICAV - Diversified Income Bond Fund An (EUR);T. Rowe Price (Luxembourg) Management S.à r.l.;Fixed Income;Global Fixed Income;RF Flexible Global-EUR Cubierto;EUR;Luxemburgo;3;;0.98;0.84;1.22;2.18;;;2024-03-14;True;False;;2026-08-24
LU0366770310;Templeton Global Bond A(Mdis)EUR-H1;Templeton Global Bond Fund A(Mdis)EUR-H1;Franklin Templeton International Services S.à r.l.;Fixed Income;Global Fixed Income;RF Flexible Global-EUR Cubierto;EUR;Luxemburgo;4;1;1.38;1.05;3.32;5.23;2.36;-1.43;2008-06-16;True;False;;2026-08-24
LU0366773504;Templeton Global Ttl Ret A(Mdis)EUR-H1;Templeton Global Total Return Fund A(Mdis)EUR-H1;Franklin Templeton International Services S.à r.l.;Fixed Income;Global Fixed Income;RF Flexible Global-EUR Cubierto;EUR;Luxemburgo;4;1;1.39;1.05;5.07;9.48;5.87;-0.9;2008-06-16;True;False;;2026-08-24
LU0517465034;Templeton Global Ttl Ret A(Ydis)EUR-H1;Templeton Global Total Return Fund A(Ydis)EUR-H1;Franklin Templeton International Services S.à r.l.;Fixed Income;Global Fixed Income;RF Flexible Global-EUR Cubierto;EUR;Luxemburgo;4;1;1.39;1.05;4.83;9.47;5.85;-0.96;2010-06-21;True;False;;2026-08-24
LU0294221097;Templeton Global Ttl Ret A(acc)EUR-H1;Templeton Global Total Return Fund A(acc)EUR-H1;Franklin Templeton International Services S.à r.l.;Fixed Income;Global Fixed Income;RF Flexible Global-EUR Cubierto;EUR;Luxemburgo;4;1;1.39;1.05;4.99;9.34;5.88;-0.91;2007-04-10;True;False;;2026-08-24
LU0366773256;Templeton Global Ttl Ret N(Mdis)EUR-H1;Templeton Global Total Return Fund N(Mdis)EUR-H1;Franklin Templeton International Services S.à r.l.;Fixed Income;Global Fixed Income;RF Flexible Global-EUR Cubierto;EUR;Luxemburgo;4;1;2.09;1.75;4.68;8.71;5.15;-1.58;2008-06-16;True;False;;2026-08-24
LU0170474422;Templeton Sustainable GlblBdEuroAaccEUR;Templeton Sustainable Global Bond (Euro) Fund A(acc)EUR;Franklin Templeton International Services S.à r.l.;Fixed Income;Global Fixed Income;RF Flexible Global-EUR Cubierto;EUR;Luxemburgo;3;1;1.46;1.05;-0.23;1.3;2.77;-0.37;2003-08-29;True;False;;2026-08-24
LU1112750929;Vontobel Global Active Bond B EUR;Vontobel Fund - Global Active Bond B EUR Cap;Vontobel Asset Management S.A.;Fixed Income;Global Fixed Income;RF Flexible Global-EUR Cubierto;EUR;Luxemburgo;4;2;1.03;0.85;0.27;1.92;5.91;-1.94;2014-10-03;True;False;0;2026-08-24
LU1380459518;Vontobel TwentyFour StratInc AH Hdg EUR;Vontobel Fund - TwentyFour Strategic Income Fund AH (hedged) EUR Dist;Vontobel Asset Management S.A.;Fixed Income;Global Fixed Income;RF Flexible Global-EUR Cubierto;EUR;Luxemburgo;3;4;1.41;1.25;0.24;1.47;5.91;0.24;2016-03-23;True;False;0;2026-08-24
LU1695534757;Vontobel TwentyFour StratInc AQH HGrsEUR;Vontobel Fund - TwentyFour Strategic Income Fund AQH (hedged) Gross EUR Dist;Vontobel Asset Management S.A.;Fixed Income;Global Fixed Income;RF Flexible Global-EUR Cubierto;EUR;Luxemburgo;3;3;1.38;1.25;0.24;1.48;5.88;0.2;2017-10-10;True;False;0;2026-08-24
LU1551754515;Vontobel TwentyFour StratInc H Hdg EUR;Vontobel Fund - TwentyFour Strategic Income Fund H (hedged) EUR Cap;Vontobel Asset Management S.A.;Fixed Income;Global Fixed Income;RF Flexible Global-EUR Cubierto;EUR;Luxemburgo;3;3;1.41;1.25;0.27;1.51;5.92;0.23;2017-01-31;True;False;0;2026-08-24
LU0609002489;GS Global Dyn Bd Pl Port Oth Ccy IncGBPH;Goldman Sachs Global Dynamic Bond Plus Portfolio Other Currency Inc GBP-Hedged;Goldman Sachs Asset Management B.V.;Fixed Income;Global Fixed Income;RF Flexible Global-GBP Cubierto;GBP;Luxemburgo;4;4;1.45;1.2;1.75;6.49;8.03;3.58;2011-04-06;True;False;5000;2026-08-24
LU2004361643;M&G (Lux) Optimal Inc AH GBP Acc;M&G (Lux) Optimal Income Fund GBP A-H Acc;M&G Luxembourg S.A.;Fixed Income;Global Fixed Income;RF Flexible Global-GBP Cubierto;GBP;Luxemburgo;3;;1.36;1.25;;;;;2019-07-05;True;False;1000;2026-08-24
LU0278466700;BGF Fixed Income Global Opps A2;BlackRock Global Funds - Fixed Income Global Opportunities Fund A2;BlackRock (Luxembourg) SA;Fixed Income;Global Fixed Income;RF Flexible Global-USD Cubierto;USD;Luxemburgo;4;3;1.22;1;1.19;3.91;6.35;2.5;2007-01-31;True;False;5000;2026-08-24
LU1005243255;BGF Fixed Income Global Opps A2 EUR;BlackRock Global Funds - Fixed Income Global Opportunities Fund A2 EUR;BlackRock (Luxembourg) SA;Fixed Income;Global Fixed Income;RF Flexible Global-USD Cubierto;EUR;Luxemburgo;4;3;1.22;1;1.67;3.39;3.87;2.5;2007-01-31;True;False;;2026-08-24
LU1842103472;BGF Global Bond Income A6;BlackRock Global Funds - Global Bond Income Fund A6;BlackRock (Luxembourg) SA;Fixed Income;Global Fixed Income;RF Flexible Global-USD Cubierto;USD;Luxemburgo;4;3;1.24;1;1.38;3.64;6.22;2.16;2018-07-16;True;False;5000;2026-08-24
IE00B4S5QX91;BNY Mellon Absolute Ret Bd USD R Acc H;BNY Mellon Absolute Return Bond Fund USD R Acc Hedged;BNY Mellon Fund Management (Lux) S.A.;Fixed Income;Global Fixed Income;RF Flexible Global-USD Cubierto;USD;Irlanda;3;4;;1;1.47;3.29;6.43;5.03;2013-07-22;True;False;5000;2026-08-24
LU1046547540;BSF ESG Fixed Income Strategies A2 USD;BlackRock ESG Fixed Income Strategies Fund A2 USD;BlackRock (Luxembourg) SA;Fixed Income;Global Fixed Income;RF Flexible Global-USD Cubierto;USD;Luxemburgo;3;4;;1;1.46;3.61;6.26;4.09;2014-04-02;True;False;5000;2026-08-24
LU1046548191;BSF ESG Fixed Income Strategies A4 USD H;BlackRock ESG Fixed Income Strategies Fund A4 USD Hedged;BlackRock (Luxembourg) SA;Fixed Income;Global Fixed Income;RF Flexible Global-USD Cubierto;USD;Luxemburgo;3;4;;1;1.47;3.62;6.26;4.09;2014-04-02;True;False;5000;2026-08-24
LU1829331807;CT (Lux) Credit Opps 1UH;CT (Lux) - Credit Opportunities 1UH (USD Accumulation Shares);Threadneedle Management Luxembourg S.A.;Fixed Income;Global Fixed Income;RF Flexible Global-USD Cubierto;USD;Luxemburgo;4;2;1.17;1;2.23;2.99;5.12;2.54;2018-08-29;True;False;;2026-08-24
LU0600006117;GS Global Dyn Bd Pl Port Base Acc USD;Goldman Sachs Global Dynamic Bond Plus Portfolio Base Acc USD;Goldman Sachs Asset Management B.V.;Fixed Income;Global Fixed Income;RF Flexible Global-USD Cubierto;USD;Luxemburgo;4;4;1.45;1.2;1.74;6.56;8.13;3.87;2011-03-28;True;False;5000;2026-08-24
LU0867954264;JPM Global Bd Opps A acc USD;JPMorgan Funds - Global Bond Opportunities Fund A (acc) - USD;JPMorgan Asset Management (Europe) S.à r.l.;Fixed Income;Global Fixed Income;RF Flexible Global-USD Cubierto;USD;Luxemburgo;4;3;1.2;1;0.69;3.23;5.81;2.15;2013-02-22;True;False;35000;2026-08-24
LU0867954694;JPM Global Bd Opps D acc USD;JPMorgan Funds - Global Bond Opportunities Fund D (acc) - USD;JPMorgan Asset Management (Europe) S.à r.l.;Fixed Income;Global Fixed Income;RF Flexible Global-USD Cubierto;USD;Luxemburgo;4;2;1.7;1;0.38;2.72;5.28;1.63;2013-02-22;True;False;5000;2026-08-24
LU0853555463;Jupiter Dynamic Bd L $ Hsc Acc;Jupiter Dynamic Bond L USD Hsc Acc;Jupiter Asset Management International S.A.;Fixed Income;Global Fixed Income;RF Flexible Global-USD Cubierto;USD;Luxemburgo;4;2;1.45;1.25;2.44;5.16;6.05;0.27;2013-04-30;True;False;500;2026-08-24
LU1670725347;M&G (Lux) Optimal Income A H USD Acc;M&G (Lux) Optimal Income Fund USD A-H Acc;M&G Luxembourg S.A.;Fixed Income;Global Fixed Income;RF Flexible Global-USD Cubierto;USD;Luxemburgo;4;;1.35;1.25;;;;;2018-09-07;True;False;;2026-08-24
LU1670725420;M&G (Lux) Optimal Income A H USD Inc;M&G (Lux) Optimal Income Fund USD A-H Inc;M&G Luxembourg S.A.;Fixed Income;Global Fixed Income;RF Flexible Global-USD Cubierto;USD;Luxemburgo;4;;1.35;1.25;;;;;2018-09-07;True;False;;2026-08-24
LU1340702932;MFS Meridian Global Oppc Bd A1 EUR;MFS Meridian Funds - Global Opportunistic Bond Fund A1 EUR;MFS Investment Management Company (Lux) S.à.r.l;Fixed Income;Global Fixed Income;RF Flexible Global-USD Cubierto;EUR;Luxemburgo;4;1;1.2;0.55;0.18;0.89;2.18;0.07;2016-07-11;True;False;4000;2026-08-24
LU0694238766;MS INVF Global Fixed Income Opps A;Morgan Stanley Investment Funds - Global Fixed Income Opportunities Fund A;MSIM Fund Management (Ireland) Limited;Fixed Income;Global Fixed Income;RF Flexible Global-USD Cubierto;USD;Luxemburgo;3;3;1.24;1;0.87;3.57;6.01;2.3;2011-11-07;True;False;0;2026-08-24
LU2295320142;MS INVF Global Fixed Income Opps A EUR;Morgan Stanley Investment Funds - Global Fixed Income Opportunities Fund A (EUR);MSIM Fund Management (Ireland) Limited;Fixed Income;Global Fixed Income;RF Flexible Global-USD Cubierto;EUR;Luxemburgo;4;3;1.24;1;1.25;3.01;3.54;2.29;2021-04-30;True;False;;2026-08-24
IE000EGAKI03;Man Dynamic Income DB H USD Cap;Man Funds plc - Man Dynamic Income DB USD Capitalisation;Man Asset Management (Ireland) Limited;Fixed Income;Global Fixed Income;RF Flexible Global-USD Cubierto;USD;Irlanda;5;;;1.75;4.75;;;;2025-10-10;True;False;;2026-08-24
IE00B51H7M53;Muzinich Enhancedyield S-T HUSD Acc R;Muzinich Enhancedyield Short-Term Fund Hedged USD Accumulation R Units;Muzinich & Co. (Ireland) Limited;Fixed Income;Global Fixed Income;RF Flexible Global-USD Cubierto;USD;Irlanda;2;3;;0.75;1.74;3.62;5.87;3.07;2011-05-18;True;False;1000;2026-08-24
IE00B3Y6DR28;PIMCO GIS Dynamic Bd E Acc;PIMCO GIS Dynamic Bond Fund E Class Accumulation;PIMCO Global Advisors (Ireland) Limited;Fixed Income;Global Fixed Income;RF Flexible Global-USD Cubierto;USD;Irlanda;3;3;;2.5;0.98;3.94;6.11;1.94;2010-05-11;True;False;1000;2026-08-24
IE00B7KFL990;PIMCO GIS Income E USD Acc;PIMCO GIS Income Fund E Class USD Accumulation;PIMCO Global Advisors (Ireland) Limited;Fixed Income;Global Fixed Income;RF Flexible Global-USD Cubierto;USD;Irlanda;3;3;;2.5;0.17;3.78;6.48;2.58;2012-11-30;True;False;1000;2026-08-24
IE00B8K7V925;PIMCO GIS Income E USD Inc;PIMCO GIS Income Fund E Class USD Income;PIMCO Global Advisors (Ireland) Limited;Fixed Income;Global Fixed Income;RF Flexible Global-USD Cubierto;USD;Irlanda;3;3;;2.5;0.17;3.73;6.48;2.58;2012-11-30;True;False;1000;2026-08-24
IE00BV1VS594;PIMCO GIS Income Investor USD Acc;PIMCO GIS Income Fund Investor USD Accumulation;PIMCO Global Advisors (Ireland) Limited;Fixed Income;Global Fixed Income;RF Flexible Global-USD Cubierto;USD;Irlanda;3;4;;0.55;0.56;4.39;7.07;3.14;2015-01-20;True;False;1000000;2026-08-24
LU1244139074;T. Rowe Price Divers Inc Bd A;T. Rowe Price Funds SICAV - Diversified Income Bond Fund A;T. Rowe Price (Luxembourg) Management S.à r.l.;Fixed Income;Global Fixed Income;RF Flexible Global-USD Cubierto;USD;Luxemburgo;3;3;0.98;0.84;2.34;4.22;6.64;1.8;2016-12-15;True;False;0;2026-08-24
LU1380459609;Vontobel TwentyFour StratInc AH Hdg USD;Vontobel Fund - TwentyFour Strategic Income Fund AH (hedged) USD Dist;Vontobel Asset Management S.A.;Fixed Income;Global Fixed Income;RF Flexible Global-USD Cubierto;USD;Luxemburgo;3;4;1.38;1.25;1.32;3.42;7.86;2.14;2016-03-23;True;False;0;2026-08-24
LU0232525203;AB American Income A2 EUR;AB FCP I - American Income Portfolio A2 EUR Acc;AllianceBernstein (Luxembourg) S.à r.l.;Fixed Income;US Fixed Income;RF Flexible USD;EUR;Luxemburgo;4;2;1.32;1.1;0.42;1.3;3.28;0.62;2001-06-01;True;False;2000;2026-08-24
LU0095030564;AB American Income A2 USD;AB FCP I - American Income Portfolio A2 Acc;AllianceBernstein (Luxembourg) S.à r.l.;Fixed Income;US Fixed Income;RF Flexible USD;USD;Luxemburgo;4;2;1.33;1.1;-0.24;1.91;5.69;0.58;1998-10-26;True;False;2000;2026-08-24
LU0232526433;AB American Income C2 EUR;AB FCP I - American Income Portfolio C2 EUR Acc;AllianceBernstein (Luxembourg) S.à r.l.;Fixed Income;US Fixed Income;RF Flexible USD;EUR;Luxemburgo;4;2;1.77;1.55;0.12;0.82;2.82;0.17;2001-06-01;True;False;2000;2026-08-24
LU1021288185;AB Mortgage Income A2 Acc;AB FCP I - Mortgage Income Portfolio A2 Acc;AllianceBernstein (Luxembourg) S.à r.l.;Fixed Income;US Fixed Income;RF Flexible USD;USD;Luxemburgo;4;5;1.32;1.1;2.25;4.46;7.04;5.29;2014-02-20;True;False;2000;2026-08-24
LU1883841022;Amundi Fds Strat Inc A EUR C;Amundi Funds - Strategic Income A EUR (C);Amundi Luxembourg S.A.;Fixed Income;US Fixed Income;RF Flexible USD;EUR;Luxemburgo;4;2;1.79;1.5;0.61;2.48;3.45;0.56;2003-04-04;True;False;1;2026-08-24
LU1883841535;Amundi Fds Strat Inc A USD C;Amundi Funds - Strategic Income A USD (C);Amundi Luxembourg S.A.;Fixed Income;US Fixed Income;RF Flexible USD;USD;Luxemburgo;4;2;1.78;1.5;0;2.97;5.9;0.57;2019-06-11;True;False;0;2026-08-24
LU2070309294;Amundi Fds Strat Inc A2 EUR C;Amundi Funds - Strategic Income A2 EUR (C);Amundi Luxembourg S.A.;Fixed Income;US Fixed Income;RF Flexible USD;EUR;Luxemburgo;4;2;1.98;1.7;0.63;2.59;3.21;0.52;2019-11-19;True;False;;2026-08-24
LU3081002787;Amundi Fds Strat Inc A2 EUR H MGI D;Amundi Funds - Strategic Income A2 EUR Hgd MGI (D);Amundi Luxembourg S.A.;Fixed Income;US Fixed Income;RF Flexible USD;EUR;Luxemburgo;;;1.79;1.7;-1.19;;;;2025-06-27;True;False;;2026-08-24
LU2530434740;Capital Group MSI (LUX) B EUR;Capital Group Multi-Sector Income Fund (LUX) B EUR;Capital International Management Company Sàrl;Fixed Income;US Fixed Income;RF Flexible USD;EUR;Luxemburgo;4;3;1.1;1;1.27;2.42;4.51;;2022-11-29;True;False;;2026-08-24
LU2530434583;Capital Group MSI (LUX) Bd EUR;Capital Group Multi-Sector Income Fund (LUX) Bd EUR;Capital International Management Company Sàrl;Fixed Income;US Fixed Income;RF Flexible USD;EUR;Luxemburgo;4;4;1.1;1;1.34;2.42;4.51;;2022-11-29;True;False;;2026-08-24
LU0300742896;Franklin Strategic Income A(acc)EUR;Franklin Strategic Income Fund A(acc)EUR;Franklin Templeton International Services S.à r.l.;Fixed Income;US Fixed Income;RF Flexible USD;EUR;Luxemburgo;4;3;1.35;1.25;1.17;2.37;3.09;1.25;2007-07-12;True;False;;2026-08-24
LU0300737037;Franklin Strategic Income A(acc)USD;Franklin Strategic Income Fund A(acc)USD;Franklin Templeton International Services S.à r.l.;Fixed Income;US Fixed Income;RF Flexible USD;USD;Luxemburgo;3;3;1.35;1.25;0.55;3.01;5.49;1.21;2007-07-12;True;False;1000;2026-08-24
LU0323456466;JPM Income Opp A perf acc USD;JPMorgan Investment Funds - Income Opportunity Fund A (perf) (acc) USD;JPMorgan Asset Management (Europe) S.à r.l.;Fixed Income;US Fixed Income;RF Flexible USD;USD;Luxemburgo;3;3;1.2;1;1.98;3.19;4.09;3;2008-10-14;True;False;35000;2026-08-24
LU0070215933;JPM US Bond A acc USD;JPMorgan Investment Funds - US Bond Fund A (acc) USD;JPMorgan Asset Management (Europe) S.à r.l.;Fixed Income;US Fixed Income;RF Flexible USD;USD;Luxemburgo;4;2;1.1;0.9;-0.75;1.93;4.16;-0.74;1997-05-15;True;False;35000;2026-08-24
LU0115104423;JPM US Bond D acc USD;JPMorgan Investment Funds - US Bond Fund D (acc) USD;JPMorgan Asset Management (Europe) S.à r.l.;Fixed Income;US Fixed Income;RF Flexible USD;USD;Luxemburgo;4;2;1.35;0.9;-0.91;1.68;3.91;-0.99;2001-11-13;True;False;5000;2026-08-24
LU3211767630;Loomis Sayles Multisector Inc R/A USD;Natixis International Funds (Lux) I Loomis Sayles Multisector Income Fund R/A (USD);Natixis Investment Managers International;Fixed Income;US Fixed Income;RF Flexible USD;USD;Luxemburgo;4;2;;1.45;-0.52;1.87;6.22;0.8;2026-06-15;True;False;;2026-08-24
LU3211767804;Loomis Sayles Multisector Inc RE/A EUR;Natixis International Funds (Lux) I Loomis Sayles Multisector Income Fund RE/A (EUR);Natixis Investment Managers International;Fixed Income;US Fixed Income;RF Flexible USD;EUR;Luxemburgo;;2;;1.75;-0.19;1.4;3.35;0.44;2026-06-15;True;False;;2026-08-24
IE00B95GFL15;PIMCO GIS Credit Opps Bd E Acc;PIMCO GIS Credit Opportunities Bond Fund E Class Accumulation;PIMCO Global Advisors (Ireland) Limited;Fixed Income;US Fixed Income;RF Flexible USD;USD;Irlanda;3;3;;2.5;-0.8;2.01;6.04;2.95;2012-12-21;True;False;1000;2026-08-24
LU1353950568;AXAWF Global Infl Sh Dur Bds A Cap USD;AXA World Funds - Global Inflation Short Duration Bonds A Capitalisation USD;BNP PARIBAS ASSET MANAGEMENT Europe;Fixed Income;Global Fixed Income;RF Global Bonos Ligados Inflación;USD;Luxemburgo;3;5;0.72;0.5;2.14;2.91;4.62;2.98;2016-02-16;True;False;0;2026-08-24
LU0266009793;AXAWF Global Infl Bds A Cap EUR;AXA World Funds - Global Inflation Bonds A Capitalisation EUR;BNP PARIBAS ASSET MANAGEMENT Europe;Fixed Income;Global Fixed Income;RF Global Bonos Ligados Inflación - EUR Cubierto;EUR;Luxemburgo;4;2;;0.6;-0.58;0.59;1.01;-4.08;2006-09-05;True;False;0;2026-08-24
LU1353950725;AXAWF Global Infl Sh Dur Bds A Cap EUR H;AXA World Funds - Global Inflation Short Duration Bonds A Capitalisation EUR (Hedged);BNP PARIBAS ASSET MANAGEMENT Europe;Fixed Income;Global Fixed Income;RF Global Bonos Ligados Inflación - EUR Cubierto;EUR;Luxemburgo;3;4;0.75;0.5;1;0.94;2.63;0.99;2016-02-16;True;False;0;2026-08-24
LU1353950998;AXAWF Global Infl Sh Dur Bds A Dis EUR H;AXA World Funds - Global Inflation Short Duration Bonds A Distribution EUR (Hedged);BNP PARIBAS ASSET MANAGEMENT Europe;Fixed Income;Global Fixed Income;RF Global Bonos Ligados Inflación - EUR Cubierto;EUR;Luxemburgo;3;4;0.75;0.5;1.05;0.97;2.66;0.99;2016-10-12;True;False;0;2026-08-24
LU1353951376;AXAWF Global Infl Sh Dur Bds E Cap EUR H;AXA World Funds - Global Inflation Short Duration Bonds E Capitalisation EUR (Hedged);BNP PARIBAS ASSET MANAGEMENT Europe;Fixed Income;Global Fixed Income;RF Global Bonos Ligados Inflación - EUR Cubierto;EUR;Luxemburgo;3;4;1.25;0.5;0.69;0.43;2.12;0.49;2016-02-16;True;False;0;2026-08-24
LU2257473269;AXAWF Inflation Plus A Cap EUR;AXA World Funds - Inflation Plus A Capitalisation EUR;BNP PARIBAS ASSET MANAGEMENT Europe;Fixed Income;Global Fixed Income;RF Global Bonos Ligados Inflación - EUR Cubierto;EUR;Luxemburgo;3;5;0.93;0.7;1.27;1.53;3.09;;2021-10-04;True;False;0;2026-08-24
LU0557864377;Amundi Fds Glbl InflShrtDurBd F2 EUR (C);Amundi Funds - Global Inflation Short Duration Bond F2 EUR (C);Amundi Luxembourg S.A.;Fixed Income;Global Fixed Income;RF Global Bonos Ligados Inflación - EUR Cubierto;EUR;Luxemburgo;3;2;1.62;1.25;0.06;-0.79;1.15;-4.41;2011-07-18;True;False;;2026-08-24
LU0420068156;AXAWF Global Infl Bds A Cap GBP H;AXA World Funds - Global Inflation Bonds A Capitalisation GBP (Hedged);BNP PARIBAS ASSET MANAGEMENT Europe;Fixed Income;Global Fixed Income;RF Global Bonos Ligados Inflación - GBP Cubierto;GBP;Luxemburgo;4;1;;0.6;0.47;2.41;2.67;-2.71;2009-04-29;True;False;0;2026-08-24
LU0266009959;AXAWF Global Infl Bds A Cap USD H;AXA World Funds - Global Inflation Bonds A Capitalisation USD (Hedged);BNP PARIBAS ASSET MANAGEMENT Europe;Fixed Income;Global Fixed Income;RF Global Bonos Ligados Inflación - USD Cubierto;USD;Luxemburgo;4;2;;0.6;0.46;2.5;2.99;-2.13;2006-09-05;True;False;0;2026-08-24
LU0188096647;Schroder ISF Glb InflLnkdBd A Acc USD H;Schroder International Selection Fund Global Inflation Linked Bond A Accumulation USD Hedged;Schroder Investment Management (Europe) S.A.;Fixed Income;Global Fixed Income;RF Global Bonos Ligados Inflación - USD Cubierto;USD;Luxemburgo;4;2;0.97;0.75;0.49;2.85;2.84;-2.83;2004-03-31;True;False;1000;2026-08-24
LU0800597873;AXAWF Em Mkts Sh Dur Bds A Cap USD;AXA World Funds - Emerging Markets Short Duration Bonds A Capitalisation USD;BNP PARIBAS ASSET MANAGEMENT Europe;Fixed Income;Emerging Markets Fixed Income;RF Global Emergente;USD;Luxemburgo;3;3;1.26;1;2.44;4.98;7.35;1.26;2012-09-05;True;False;0;2026-08-24
LU1882449801;Amundi Fds Em Mkts Bd A EUR C;Amundi Funds - Emerging Markets Bond A EUR (C);Amundi Luxembourg S.A.;Fixed Income;Emerging Markets Fixed Income;RF Global Emergente;EUR;Luxemburgo;4;4;1.7;1.35;4.22;9.15;8.55;2.69;2000-12-18;True;False;1;2026-08-24
LU1882450304;Amundi Fds Em Mkts Bd A USD C;Amundi Funds - Emerging Markets Bond A USD (C);Amundi Luxembourg S.A.;Fixed Income;Emerging Markets Fixed Income;RF Global Emergente;USD;Luxemburgo;5;4;1.7;1.35;3.73;9.83;11.08;2.67;2002-05-02;True;False;1;2026-08-24
LU0200680600;BGF Emerging Markets Bond A2;BlackRock Global Funds - Emerging Markets Bond Fund A2;BlackRock (Luxembourg) SA;Fixed Income;Emerging Markets Fixed Income;RF Global Emergente;USD;Luxemburgo;4;4;1.47;1.25;3.48;9.75;12.68;3.67;2004-10-01;True;False;5000;2026-08-24
LU0200683885;BGF Emerging Markets Bond A2 EUR;BlackRock Global Funds - Emerging Markets Bond Fund A2 EUR;BlackRock (Luxembourg) SA;Fixed Income;Emerging Markets Fixed Income;RF Global Emergente;EUR;Luxemburgo;4;4;1.47;1.25;3.93;9.22;10.08;3.67;2004-10-01;True;False;;2026-08-24
LU0282274348;BNP Paribas Em Bd Cl EUR C;BNP Paribas Funds Emerging Bond Classic EUR Capitalisation;BNP Paribas Asset Management Luxembourg;Fixed Income;Emerging Markets Fixed Income;RF Global Emergente;EUR;Luxemburgo;5;2;;1.1;1.27;5.49;7.05;0.77;2012-11-30;True;False;0;2026-08-24
LU1897607013;EdRF Emerging Sovereign A USD;Edmond de Rothschild Fund - Emerging Sovereign A USD;Edmond de Rothschild Asset Management (France);Fixed Income;Emerging Markets Fixed Income;RF Global Emergente;USD;Luxemburgo;5;4;1.42;1;4.15;10.63;12.89;2.86;2019-04-24;True;False;0;2026-08-24
LU0238205958;Fidelity Emerging Mkt Dbt A-Acc-USD;Fidelity Funds - Emerging Market Debt Fund A-Acc-USD;FIL Investment Management (Luxembourg) S.à r.l.;Fixed Income;Emerging Markets Fixed Income;RF Global Emergente;USD;Luxemburgo;4;2;;1.25;2.49;7.93;9.76;-1.29;2006-01-23;True;False;2500;2026-08-24
LU0555020303;GS EM Debt HC-P Cap USD;Goldman Sachs Emerging Markets Debt (Hard Currency) - P Cap USD;Goldman Sachs Asset Management B.V.;Fixed Income;Emerging Markets Fixed Income;RF Global Emergente;USD;Luxemburgo;4;3;;1.2;2.51;8.55;10.42;1.71;2011-07-27;True;False;;2026-08-24
LU0234573003;GS Em Mkts Dbt Base Acc USD;Goldman Sachs Emerging Markets Debt Portfolio Base Acc USD;Goldman Sachs Asset Management B.V.;Fixed Income;Emerging Markets Fixed Income;RF Global Emergente;USD;Luxemburgo;4;3;;1.25;2.46;8.65;10.39;1.5;2005-11-14;True;False;5000;2026-08-24
LU0133266147;GS Em Mkts Dbt E Acc EUR;Goldman Sachs Emerging Markets Debt Portfolio E Acc EUR;Goldman Sachs Asset Management B.V.;Fixed Income;Emerging Markets Fixed Income;RF Global Emergente;EUR;Luxemburgo;4;2;;1.25;2.51;7.53;7.29;0.98;2001-07-31;True;False;1500;2026-08-24
LU0499112034;JPM Emerging Markets Debt A acc USD;JPMorgan Funds - Emerging Markets Debt Fund A (acc) USD;JPMorgan Asset Management (Europe) S.à r.l.;Fixed Income;Emerging Markets Fixed Income;RF Global Emergente;USD;Luxemburgo;4;2;1.42;1.15;2.8;9.09;10.58;1.47;2010-04-09;True;False;35000;2026-08-24
LU1670631016;M&G (Lux) Em Mkts Bd A EUR Acc;M&G (Lux) Emerging Markets Bond Fund EUR A Acc;M&G Luxembourg S.A.;Fixed Income;Emerging Markets Fixed Income;RF Global Emergente;EUR;Luxemburgo;4;4;1.43;1.25;3.43;7.45;6.92;3.21;2018-09-21;True;False;;2026-08-24
LU1670631107;M&G (Lux) Em Mkts Bd A EUR Inc;M&G (Lux) Emerging Markets Bond Fund EUR A Inc;M&G Luxembourg S.A.;Fixed Income;Emerging Markets Fixed Income;RF Global Emergente;EUR;Luxemburgo;4;4;1.43;1.25;3.53;7.53;6.97;3.23;2018-09-21;True;False;;2026-08-24
LU1670632337;M&G (Lux) Em Mkts Bd A USD Acc;M&G (Lux) Emerging Markets Bond Fund USD A Acc;M&G Luxembourg S.A.;Fixed Income;Emerging Markets Fixed Income;RF Global Emergente;USD;Luxemburgo;4;4;1.43;1.25;3.03;7.91;9.48;3.25;2018-09-21;True;False;;2026-08-24
LU1670632410;M&G (Lux) Em Mkts Bd A USD Inc;M&G (Lux) Emerging Markets Bond Fund USD A Inc;M&G Luxembourg S.A.;Fixed Income;Emerging Markets Fixed Income;RF Global Emergente;USD;Luxemburgo;4;4;1.43;1.25;3.03;7.92;9.48;3.25;2018-09-21;True;False;;2026-08-24
LU0219422606;MFS Meridian Emerging Mkts Dbt A1 EUR;MFS Meridian Funds - Emerging Markets Debt Fund A1 EUR;MFS Investment Management Company (Lux) S.à.r.l;Fixed Income;Emerging Markets Fixed Income;RF Global Emergente;EUR;Luxemburgo;4;3;1.52;0.9;2.64;6.39;6.9;1.79;2005-09-26;True;False;4000;2026-08-24
LU0125948108;MFS Meridian Emerging Mkts Dbt A1 USD;MFS Meridian Funds - Emerging Markets Debt Fund A1 USD;MFS Investment Management Company (Lux) S.à.r.l;Fixed Income;Emerging Markets Fixed Income;RF Global Emergente;USD;Luxemburgo;4;3;1.52;0.9;1.96;7.04;9.4;1.76;2001-01-31;True;False;0;2026-08-24
LU2630425226;MS INVF Emerging Mkts Dbt Opps A;Morgan Stanley Investment Funds - Emerging Markets Debt Opportunities Fund A;MSIM Fund Management (Ireland) Limited;Fixed Income;Emerging Markets Fixed Income;RF Global Emergente;USD;Luxemburgo;4;5;1.64;1.4;9.02;15.4;14.13;7.26;2023-08-11;True;False;0;2026-08-24
LU2784406998;MS INVF Emerging Mkts Dbt Opps A EUR;Morgan Stanley Investment Funds - Emerging Markets Debt Opportunities Fund A EUR;MSIM Fund Management (Ireland) Limited;Fixed Income;Emerging Markets Fixed Income;RF Global Emergente;EUR;Luxemburgo;4;;1.64;1.4;9.44;14.76;;;2024-03-21;True;False;;2026-08-24
LU0132414144;abrdn-Emerging Markets Bond A Acc USD;abrdn SICAV I – Emerging Markets Bond Fund Class A Acc USD;abrdn Investments Luxembourg S.A.;Fixed Income;Emerging Markets Fixed Income;RF Global Emergente;USD;Luxemburgo;4;3;;1.5;2.25;7.41;10.29;1.9;2001-08-15;True;False;500;2026-08-24
LU0278457204;BGF Emerging Markets Lcl Ccy Bd A2 EUR;BlackRock Global Funds - Emerging Markets Local Currency Bond Fund A2 EUR;BlackRock (Luxembourg) SA;Fixed Income;Emerging Markets Fixed Income;RF Global Emergente - Moneda Local;EUR;Luxemburgo;4;2;1.27;1;5.12;9.28;5.66;3.77;2007-02-02;True;False;;2026-08-24
LU0907927171;DPAM L Bonds Emerging Markets Sust A EUR;DPAM L - Bonds Emerging Markets Sustainable A EUR EUR;Degroof Petercam Asset Management SA;Fixed Income;Emerging Markets Fixed Income;RF Global Emergente - Moneda Local;EUR;Luxemburgo;3;4;1.2;1;4.16;9.13;5.77;4.67;2013-03-18;True;False;0;2026-08-24
LU0907927338;DPAM L Bonds Emerging Markets Sust B EUR;DPAM L - Bonds Emerging Markets Sustainable B EUR EUR;Degroof Petercam Asset Management SA;Fixed Income;Emerging Markets Fixed Income;RF Global Emergente - Moneda Local;EUR;Luxemburgo;4;4;1.2;1;4.16;9.13;5.78;4.69;2013-03-18;True;False;0;2026-08-24
LU1200235353;DPAM L Bonds Emerging Markets Sust B USD;DPAM L - Bonds Emerging Markets Sustainable B USD;Degroof Petercam Asset Management SA;Fixed Income;Emerging Markets Fixed Income;RF Global Emergente - Moneda Local;USD;Luxemburgo;4;4;1.21;1;3.61;9.3;8.3;4.69;2016-09-12;True;False;0;2026-08-24
LU0107851205;GAM Star (Lux) Gramercy EM Bd Opps USD A;GAM Star (Lux) - Gramercy Emerging Markets Bond Opportunities USD A;GAM (Luxembourg) SA;Fixed Income;Emerging Markets Fixed Income;RF Global Emergente - Moneda Local;USD;Luxemburgo;4;2;2.02;1.4;-0.03;3.48;4.68;1.74;2000-04-28;True;False;0;2026-08-24
LU0280437673;Pictet-Emerging Local Ccy Dbt PEUR;Pictet-Emerging Local Currency Debt PEUR;Pictet Asset Management (Europe) SA;Fixed Income;Emerging Markets Fixed Income;RF Global Emergente - Moneda Local;EUR;Luxemburgo;4;2;1.53;2.1;2.11;7.49;5.22;3.35;2007-01-23;True;False;0;2026-08-24
LU0255798109;Pictet-Emerging Local Ccy Dbt PUSD;Pictet-Emerging Local Currency Debt PUSD;Pictet Asset Management (Europe) SA;Fixed Income;Emerging Markets Fixed Income;RF Global Emergente - Moneda Local;USD;Luxemburgo;5;2;1.53;2.1;1.58;7.68;7.77;3.35;2006-06-26;True;False;0;2026-08-24
LU0255798364;Pictet-Emerging Local Ccy Dbt R USD;Pictet-Emerging Local Currency Debt R USD;Pictet Asset Management (Europe) SA;Fixed Income;Emerging Markets Fixed Income;RF Global Emergente - Moneda Local;USD;Luxemburgo;5;2;1.94;3;1.32;7.24;7.33;2.94;2006-06-26;True;False;0;2026-08-24
LU0128530416;Templeton Emerging Mkts Bd N(acc)USD;Templeton Emerging Markets Bond Fund N(acc)USD;Franklin Templeton International Services S.à r.l.;Fixed Income;Emerging Markets Fixed Income;RF Global Emergente - Moneda Local;USD;Luxemburgo;4;3;2.33;2;7;16.2;13.81;4.47;2001-05-14;True;False;1000;2026-08-24
LU0800572702;AXAWF Em Mkts Sh Dur Bds A Cap EUR H;AXA World Funds - Emerging Markets Short Duration Bonds A Capitalisation EUR (Hedged);BNP PARIBAS ASSET MANAGEMENT Europe;Fixed Income;Emerging Markets Fixed Income;RF Global Emergente - Sesgo EUR;EUR;Luxemburgo;3;3;1.29;1;1.33;2.99;5.32;-0.71;2012-12-05;True;False;0;2026-08-24
LU1882450056;Amundi Fds Em Mkts Bd A EUR H C;Amundi Funds - Emerging Markets Bond A EUR Hgd (C);Amundi Luxembourg S.A.;Fixed Income;Emerging Markets Fixed Income;RF Global Emergente - Sesgo EUR;EUR;Luxemburgo;5;3;1.7;1.35;2.43;7.5;9;0.65;2014-05-30;True;False;1;2026-08-24
LU0413376566;BGF Emerging Markets Bond A2 H;BlackRock Global Funds - Emerging Markets Bond Fund A2 Hedged;BlackRock (Luxembourg) SA;Fixed Income;Emerging Markets Fixed Income;RF Global Emergente - Sesgo EUR;EUR;Luxemburgo;4;4;;1.25;2.22;7.55;10.43;1.29;2009-03-04;True;False;5000;2026-08-24
LU1596575156;BNP Paribas Em Bd Cl H EUR C;BNP Paribas Funds Emerging Bond Classic H EUR Capitalisation;BNP Paribas Asset Management Luxembourg;Fixed Income;Emerging Markets Fixed Income;RF Global Emergente - Sesgo EUR;EUR;Luxemburgo;5;2;;1.1;-0.49;3.53;7.47;-1.45;2017-07-28;True;False;0;2026-08-24
LU1897613763;EdRF Emerging Sovereign A EUR H;Edmond de Rothschild Fund - Emerging Sovereign A EUR H;Edmond de Rothschild Asset Management (France);Fixed Income;Emerging Markets Fixed Income;RF Global Emergente - Sesgo EUR;EUR;Luxemburgo;6;4;1.42;1;2.88;8.33;10.66;0.6;2019-01-21;True;False;0;2026-08-24
LU1897616436;EdRF Emerging Sovereign R USD H;Edmond de Rothschild Fund - Emerging Sovereign R USD H;Edmond de Rothschild Asset Management (France);Fixed Income;Emerging Markets Fixed Income;RF Global Emergente - Sesgo EUR;EUR;Luxemburgo;5;;;1.4;2.61;7.83;;;2024-10-02;True;False;;2026-08-24
LU0546915058;GS EM Debt HC-P Cap EUR (HG i);Goldman Sachs Emerging Markets Debt (Hard Currency) - P Cap EUR (hedged i);Goldman Sachs Asset Management B.V.;Fixed Income;Emerging Markets Fixed Income;RF Global Emergente - Sesgo EUR;EUR;Luxemburgo;4;3;;1.2;1.38;6.46;8.27;-0.44;2011-05-02;True;False;0;2026-08-24
LU0262418394;GS Em Mkts Dbt Base Acc EUR Hdg;Goldman Sachs Emerging Markets Debt Portfolio Base Acc EUR-Hedged;Goldman Sachs Asset Management B.V.;Fixed Income;Emerging Markets Fixed Income;RF Global Emergente - Sesgo EUR;EUR;Luxemburgo;4;2;;1.25;1.29;6.53;8.35;-0.53;2007-10-12;True;False;5000;2026-08-24
LU0501220429;Global Evolution Frt Mkts R EUR H;Global Evolution Funds - Frontier Markets R EUR H;Global Evolution Asset Management A/S;Fixed Income;Emerging Markets Fixed Income;RF Global Emergente - Sesgo EUR;EUR;Luxemburgo;4;5;;1.5;6.75;12.69;12.31;5.47;2011-01-19;True;False;50;2026-08-24
IE00BD9Y4V21;H2O Multi Emerging Debt R EUR H;H2O Multi Emerging Debt Fund Class R EUR Hedged;H2O Asset Management L.L.P.;Fixed Income;Emerging Markets Fixed Income;RF Global Emergente - Sesgo EUR;EUR;Irlanda;6;3;0.5;1.6;6.61;13.4;14.58;2.63;2016-10-19;True;False;1;2026-08-24
LU0210532528;JPM Emerging Markets Debt A acc EURH;JPMorgan Funds - Emerging Markets Debt Fund A (acc) EUR (hedged);JPMorgan Asset Management (Europe) S.à r.l.;Fixed Income;Emerging Markets Fixed Income;RF Global Emergente - Sesgo EUR;EUR;Luxemburgo;4;2;1.4;1.15;1.64;6.98;8.44;-0.75;2005-03-31;True;False;35000;2026-08-24
LU0117898204;JPM Emerging Markets Debt D acc EURH;JPMorgan Funds - Emerging Markets Debt Fund D (acc) EUR (hedged);JPMorgan Asset Management (Europe) S.à r.l.;Fixed Income;Emerging Markets Fixed Income;RF Global Emergente - Sesgo EUR;EUR;Luxemburgo;4;2;2.15;1.15;1.12;6.15;7.63;-1.51;2000-10-13;True;False;5000;2026-08-24
LU1670631289;M&G (Lux) Em Mkts Bd A H EUR Acc;M&G (Lux) Emerging Markets Bond Fund EUR A-H Acc;M&G Luxembourg S.A.;Fixed Income;Emerging Markets Fixed Income;RF Global Emergente - Sesgo EUR;EUR;Luxemburgo;4;4;1.45;1.25;1.78;5.71;7.21;0.91;2018-09-21;True;False;;2026-08-24
LU1670631362;M&G (Lux) Em Mkts Bd A H EUR Inc;M&G (Lux) Emerging Markets Bond Fund EUR A-H Inc;M&G Luxembourg S.A.;Fixed Income;Emerging Markets Fixed Income;RF Global Emergente - Sesgo EUR;EUR;Luxemburgo;4;4;1.45;1.25;1.9;5.8;7.26;0.93;2018-09-21;True;False;;2026-08-24
LU1670631792;M&G (Lux) Em Mkts Bd B H EUR Acc;M&G (Lux) Emerging Markets Bond Fund EUR B-H Acc;M&G Luxembourg S.A.;Fixed Income;Emerging Markets Fixed Income;RF Global Emergente - Sesgo EUR;EUR;Luxemburgo;4;3;1.95;1.75;1.47;5.2;6.7;0.41;2018-09-21;True;False;;2026-08-24
LU0583240519;MFS Meridian Emerging Mkts Dbt AH1 EUR;MFS Meridian Funds - Emerging Markets Debt Fund AH1 EUR;MFS Investment Management Company (Lux) S.à.r.l;Fixed Income;Emerging Markets Fixed Income;RF Global Emergente - Sesgo EUR;EUR;Luxemburgo;4;3;1.55;0.9;0.94;5.09;7.35;-0.25;2011-02-01;True;False;4000;2026-08-24
LU2784407020;MS INVF Emerging Mkts Dbt Opps AH EUR;Morgan Stanley Investment Funds - Emerging Markets Debt Opportunities Fund AH EUR;MSIM Fund Management (Ireland) Limited;Fixed Income;Emerging Markets Fixed Income;RF Global Emergente - Sesgo EUR;EUR;Luxemburgo;4;;1.66;1.4;7.68;13.09;;;2024-03-21;True;False;;2026-08-24
LU3028669292;MS INVF Emerging Mkts Dbt Opps AHR EUR;Morgan Stanley Investment Funds - Emerging Markets Debt Opportunities Fund AHR EUR;MSIM Fund Management (Ireland) Limited;Fixed Income;Emerging Markets Fixed Income;RF Global Emergente - Sesgo EUR;EUR;Luxemburgo;4;;1.66;1.4;7.74;13.12;;;2025-05-14;True;False;;2026-08-24
LU1705558135;Mirabaud Global Emerg Mkt Bd AH EUR Acc;Mirabaud - Global Emerging Market Bond Fund AH EUR Acc;Mirabaud Asset Management Ltd;Fixed Income;Emerging Markets Fixed Income;RF Global Emergente - Sesgo EUR;EUR;Luxemburgo;4;2;1.48;1.2;1.45;5.83;6.74;-0.2;2017-11-02;True;False;0;2026-08-24
LU1708489858;Mirabaud Global Emerg Mkt Bd NH EUR Inc;Mirabaud - Global Emerging Market Bond Fund NH EUR Inc;Mirabaud Asset Management Ltd;Fixed Income;Emerging Markets Fixed Income;RF Global Emergente - Sesgo EUR;EUR;Luxemburgo;4;3;0.88;0.7;1.83;6.47;7.38;0.4;2017-11-02;True;False;0;2026-08-24
IE00B986FT65;Neuberger Em Mkt Debt Hrd Ccy EUR A Acc;Neuberger Emerging Market Debt - Hard Currency Fund EUR A Accumulating Class;Neuberger Berman Asset Management Ireland Limited;Fixed Income;Emerging Markets Fixed Income;RF Global Emergente - Sesgo EUR;EUR;Irlanda;5;3;1.47;1.4;1.83;7.22;11.21;1.13;2013-05-31;True;False;1000;2026-08-24
IE00BDZRWZ54;Neuberger Shrt DurEM DbtEUR A Acc;Neuberger Short Duration Emerging Market Debt Fund EUR A Accumulating Class;Neuberger Berman Asset Management Ireland Limited;Fixed Income;Emerging Markets Fixed Income;RF Global Emergente - Sesgo EUR;EUR;Irlanda;4;4;1.06;1;1.23;3.04;6.03;1.41;2014-06-13;True;False;1000;2026-08-24
IE00BDZRX078;Neuberger Shrt DurEM DbtEUR A Inc;Neuberger Short Duration Emerging Market Debt Fund EUR A Distributing Class;Neuberger Berman Asset Management Ireland Limited;Fixed Income;Emerging Markets Fixed Income;RF Global Emergente - Sesgo EUR;EUR;Irlanda;4;4;1.06;1;1.14;3.01;6.04;1.41;2014-06-06;True;False;1000;2026-08-24
IE00BDTM8810;PIMCO GIS Em Mkts Bd ESG E EUR H Acc;PIMCO GIS Emerging Markets Bond ESG Fund E Class EUR (Hedged) Accumulation;PIMCO Global Advisors (Ireland) Limited;Fixed Income;Emerging Markets Fixed Income;RF Global Emergente - Sesgo EUR;EUR;Irlanda;4;2;;2.5;0.09;4.59;7.97;-1.14;2018-08-31;True;False;;2026-08-24
LU1799936510;Pictet TR - Sirius HP EUR;Pictet TR - Sirius HP EUR;Pictet Asset Management (Europe) SA;Fixed Income;Emerging Markets Fixed Income;RF Global Emergente - Sesgo EUR;EUR;Luxemburgo;4;5;2.59;2.3;5.7;10.3;7.97;5.36;2019-08-08;True;False;0;2026-08-24
IE00BD2ZKT29;Principal Finisterre Unc EMFI A HAcc€;Principal Global Investors Funds - Finisterre Unconstrained Emerging Market Fxd Inc Fd A Hdg Acc EUR;Principal Global Investors (Ireland) Ltd;Fixed Income;Emerging Markets Fixed Income;RF Global Emergente - Sesgo EUR;EUR;Irlanda;4;4;;2;1.66;6.09;7.64;1.8;2018-12-21;True;False;1000;2026-08-24
LU2812398050;Vontobel EM Blend H H EUR Acc;Vontobel Fund - Emerging Markets Blend H Hedged EUR Acc;Vontobel Asset Management S.A.;Fixed Income;Emerging Markets Fixed Income;RF Global Emergente - Sesgo EUR;EUR;Luxemburgo;5;;1.53;1.25;4.51;9.35;;;2024-06-11;True;False;0;2026-08-24
LU0926439992;Vontobel EM Debt H Hdg EUR;Vontobel Fund - Emerging Markets Debt H (hedged) EUR Cap;Vontobel Asset Management S.A.;Fixed Income;Emerging Markets Fixed Income;RF Global Emergente - Sesgo EUR;EUR;Luxemburgo;4;4;1.41;1.1;2.76;6.68;11.3;1.28;2013-05-15;True;False;0;2026-08-24
LU0376989207;abrdn-Emerging Markets Bond A Acc H EUR;abrdn SICAV I – Emerging Markets Bond Fund Class A Acc Hedged EUR;abrdn Investments Luxembourg S.A.;Fixed Income;Emerging Markets Fixed Income;RF Global Emergente - Sesgo EUR;EUR;Luxemburgo;4;3;;1.5;1.1;5.33;8.21;-0.13;2007-07-11;True;False;1000;2026-08-24
LU1373035580;iShares Em Mkts Govt Bd Idx (LU) A2 EURH;iShares Emerging Markets Government Bond Index Fund (LU) A2 EUR Hedged;BlackRock (Luxembourg) SA;Fixed Income;Emerging Markets Fixed Income;RF Global Emergente - Sesgo EUR;EUR;Luxemburgo;4;3;0.52;0.45;0.42;4.42;7.61;-0.37;2016-04-13;True;True;;2026-08-24
LU0251661087;AXAWF Euro Long Dur Bd A Cap EUR;AXA World Funds - Euro Long Duration Bonds A Capitalisation EUR;BNP PARIBAS ASSET MANAGEMENT Europe;Fixed Income;Europe Fixed Income;RF Largo Plazo EUR;EUR;Luxemburgo;5;4;0.85;0.6;-1.93;-1.37;1.54;-7.65;2006-04-17;True;False;0;2026-08-24
LU0097116510;Eurizon Bond EUR Long Term LTE R Acc;Eurizon Fund - Bond EUR Long Term LTE Class Unit R EUR Accumulation;Eurizon Capital SGR SpA - Luxembourg Branch;Fixed Income;Europe Fixed Income;RF Largo Plazo EUR;EUR;Luxemburgo;4;4;;0.4;-1.7;-1.5;1.5;-5.28;1999-07-16;True;True;50000;2026-08-24
LU0592505589;AB American Income A2 EUR H;AB FCP I - American Income Portfolio A2 EUR H Acc;AllianceBernstein (Luxembourg) S.à r.l.;Fixed Income;US Fixed Income;RF Otros;EUR;Luxemburgo;4;;1.32;1.1;-1.36;-0.11;3.64;-1.52;2011-03-01;True;False;2000;2026-08-24
LU0592505662;AB American Income C2 EUR H;AB FCP I - American Income Portfolio C2 EUR H Acc;AllianceBernstein (Luxembourg) S.à r.l.;Fixed Income;US Fixed Income;RF Otros;EUR;Luxemburgo;4;;1.77;1.55;-1.68;-0.51;3.15;-1.98;2011-03-01;True;False;2000;2026-08-24
LU0931218647;AXAIMFIIS Europe Short Dur HY E Cap USDH;AXA IM Fixed Income Investment Strategies - Europe Short Duration High Yield E Cap USD (Hedged);BNP PARIBAS ASSET MANAGEMENT Europe;Fixed Income;Europe Fixed Income;RF Otros;USD;Luxemburgo;4;;1.54;1;2.52;4.02;6.01;4.08;2013-11-27;True;False;0;2026-08-24
LU0546066993;AXAIMFIIS US Corp Itmt Bds F Cap EUR H;AXA IM Fixed Income Investment Strategies - US Corporate Intermediate Bonds F Capitalisation EUR Hdg;BNP PARIBAS ASSET MANAGEMENT Europe;Fixed Income;US Fixed Income;RF Otros;EUR;Luxemburgo;4;;0.96;0.75;-1.29;0.06;3.07;-1.3;2010-09-30;True;False;0;2026-08-24
LU0523282928;AXAIMFIIS US Short Dur HY E Cap EUR H;AXA IM Fixed Income Investment Strategies - US Short Duration High Yield E Capitalisation EUR (Hdg);BNP PARIBAS ASSET MANAGEMENT Europe;Fixed Income;US Fixed Income;RF Otros;EUR;Luxemburgo;4;;1.57;1;0.29;1.75;3.92;1.09;2010-07-02;True;False;0;2026-08-24
LU0292585626;AXAIMFIIS US Short Dur HY F Cap EUR H;AXA IM Fixed Income Investment Strategies - US Short Duration High Yield F Capitalisation EUR (Hdg);BNP PARIBAS ASSET MANAGEMENT Europe;Fixed Income;US Fixed Income;RF Otros;EUR;Luxemburgo;4;;1.22;1;0.54;2.14;4.28;1.42;2007-03-30;True;False;0;2026-08-24
LU0292586350;AXAIMFIIS US Short Dur HY F Dis EUR H;AXA IM Fixed Income Investment Strategies - US Short Duration High Yield F Distribution EUR (Hdg);BNP PARIBAS ASSET MANAGEMENT Europe;Fixed Income;US Fixed Income;RF Otros;EUR;Luxemburgo;4;;1.22;1;0.52;2.11;4.3;1.45;2007-03-30;True;False;0;2026-08-24
LU0960403342;AXAWF US Credit Short Dur IG A Cap EUR H;AXA World Funds - US Credit Short Duration IG A Capitalisation EUR (Hedged);BNP PARIBAS ASSET MANAGEMENT Europe;Fixed Income;US Fixed Income;RF Otros;EUR;Luxemburgo;2;;0.9;0.65;0.08;0.97;2.86;0.27;2013-09-03;True;False;0;2026-08-24
LU0276013082;AXAWF US High Yield Bonds A Cap EUR H;AXA World Funds - US High Yield Bonds A Capitalisation EUR (Hedged);BNP PARIBAS ASSET MANAGEMENT Europe;Fixed Income;US Fixed Income;RF Otros;EUR;Luxemburgo;4;;1.46;1.2;0.64;2.2;5.55;1.41;2007-04-27;True;False;0;2026-08-24
IE00BG226Z29;Aegon European ABS A EUR Acc;Aegon European ABS Fund A EUR Acc;Aegon Investment Management BV;Fixed Income;Fixed Income Miscellaneous;RF Otros;EUR;Irlanda;3;;;1.5;1.88;2.65;4.6;2.95;2018-05-23;True;False;0;2026-08-24
IE00B8ZQ4Z18;Algebris Financial Credit R CHF Acc;Algebris UCITS Funds plc - Algebris Financial Credit Fund R CHF Acc;Algebris (UK) Limited;Fixed Income;Europe Fixed Income;RF Otros;CHF;Irlanda;4;;1.1;1.2;0.07;0.82;6.25;1.13;2014-06-30;True;False;10000;2026-08-24
LU1740661167;Allianz Global Floating Rt Nts + ATH2EUR;Allianz Global Investors Fund - Allianz Global Floating Rate Notes Plus AT (H2-EUR);Allianz Global Investors GmbH;Fixed Income;US Fixed Income;RF Otros;EUR;Luxemburgo;2;;0.55;0.9;0.9;1.62;3.52;2.2;2018-02-07;True;False;0;2026-08-24
LU1883841378;Amundi Fds Strat Inc A EUR H AD D;Amundi Funds - Strategic Income A EUR Hgd AD (D);Amundi Luxembourg S.A.;Fixed Income;US Fixed Income;RF Otros;EUR;Luxemburgo;4;;1.79;1.5;-1.05;1.01;3.89;-1.34;2011-03-31;True;False;1;2026-08-24
LU1883841295;Amundi Fds Strat Inc A EUR H C;Amundi Funds - Strategic Income A EUR Hgd (C);Amundi Luxembourg S.A.;Fixed Income;US Fixed Income;RF Otros;EUR;Luxemburgo;4;;1.79;1.5;-1.07;1;3.87;-1.39;2004-02-13;True;False;1;2026-08-24
LU1883841451;Amundi Fds Strat Inc A EUR H MGI D;Amundi Funds - Strategic Income A EUR Hgd MGI (D);Amundi Luxembourg S.A.;Fixed Income;US Fixed Income;RF Otros;EUR;Luxemburgo;4;;1.79;1.5;-1.06;1;3.87;-1.38;2006-07-03;True;False;1;2026-08-24
LU1880401366;Amundi Fds US Bond A EUR H C;Amundi Funds - US Bond A EUR Hgd (C);Amundi Luxembourg S.A.;Fixed Income;US Fixed Income;RF Otros;EUR;Luxemburgo;4;;1.34;0.75;-1.8;0;2.81;-2.4;2019-06-24;True;False;;2026-08-24
LU1250980452;BGF Asian Tiger Bond A2 EUR Hedged;BlackRock Global Funds - Asian Tiger Bond Fund A2 EUR Hedged;BlackRock (Luxembourg) SA;Fixed Income;Asia Fixed Income;RF Otros;EUR;Luxemburgo;4;;1.21;1;0;2.29;5.59;-2.44;2015-06-24;True;False;;2026-08-24
LU0841166456;BGF Asian Tiger Bond A3 EUR Hedged;BlackRock Global Funds - Asian Tiger Bond Fund A3 EUR Hedged;BlackRock (Luxembourg) SA;Fixed Income;Asia Fixed Income;RF Otros;EUR;Luxemburgo;4;;1.21;1;0.03;2.33;5.58;-2.46;2012-10-24;True;False;;2026-08-24
LU0359002093;BGF Emerging Markets Lcl Ccy Bd A2 EUR H;BlackRock Global Funds - Emerging Markets Local Currency Bond Fund A2 EUR Hedged;BlackRock (Luxembourg) SA;Fixed Income;Emerging Markets Fixed Income;RF Otros;EUR;Luxemburgo;4;;1.27;1;3.29;7.52;5.78;1.27;2008-06-09;True;False;5000;2026-08-24
LU0456865749;BGF Euro Short Duration Bond A2 USD H;BlackRock Global Funds - Euro Short Duration Bond Fund A2 USD Hedged;BlackRock (Luxembourg) SA;Fixed Income;Europe Fixed Income;RF Otros;USD;Luxemburgo;3;;0.89;0.75;1.13;2.72;4.9;2.63;2010-01-21;True;False;5000;2026-08-24
LU0448387455;BGF Euro Short Duration Bond A4 GBP H;BlackRock Global Funds - Euro Short Duration Bond Fund A4 GBP Hedged;BlackRock (Luxembourg) SA;Fixed Income;Europe Fixed Income;RF Otros;GBP;Luxemburgo;3;;0.89;0.75;1.1;2.67;4.74;2.26;2009-10-26;True;False;;2026-08-24
LU0330917963;BGF US Dollar High Yield Bd A2 EUR H;BlackRock Global Funds - US Dollar High Yield Bond Fund A2 EUR Hedged;BlackRock (Luxembourg) SA;Fixed Income;US Fixed Income;RF Otros;EUR;Luxemburgo;4;;1.46;1.25;0.5;2.72;6.1;1.4;2007-12-17;True;False;5000;2026-08-24
LU0839485744;BGF US Dollar Short Duration Bd A2 EUR H;BlackRock Global Funds - US Dollar Short Duration Bond Fund A2 EUR Hedged;BlackRock (Luxembourg) SA;Fixed Income;US Fixed Income;RF Otros;EUR;Luxemburgo;3;;0.89;0.75;-0.1;0.9;2.79;0;2012-11-07;True;False;;2026-08-24
IE00BKZGY116;Barings EM Local Debt E EUR Acc;Barings Emerging Markets Local Debt Fund E EUR Accumulating Shares;Baring International Fund Mgrs (Ireland) Limited;Fixed Income;Emerging Markets Fixed Income;RF Otros;EUR;Irlanda;5;;1.35;1.2;3.21;9.09;6.88;1.57;2015-04-10;True;False;1000;2026-08-24
LU0241882488;BlueBay High Yield ESG Bond R USD;BlueBay Funds - BlueBay High Yield ESG Bond Fund R - USD;BlueBay Funds Management Company S.A.;Fixed Income;Europe Fixed Income;RF Otros;USD;Luxemburgo;3;;1.41;1.25;2.12;3.87;8.26;4.15;2006-04-10;True;False;0;2026-08-24
LU0241884856;BlueBay Investment Grade Bd R USD;BlueBay Funds - BlueBay Investment Grade Bond Fund R - USD;BlueBay Funds Management Company S.A.;Fixed Income;Europe Fixed Income;RF Otros;USD;Luxemburgo;3;;0.91;0.75;0.83;1.86;6.3;1.43;2007-03-26;True;False;0;2026-08-24
FR0010832469;CPR Focus Inflation P;CPR Focus Inflation P;CPR Asset Management;Fixed Income;Fixed Income Miscellaneous;RF Otros;EUR;Francia;3;;;1.2;3.96;2.59;1.9;3.68;2009-12-23;True;False;1;2026-08-24
LU2098772366;Candriam Bonds Credit Alpha C EUR;Candriam Bonds Credit Alpha C EUR;Candriam;Fixed Income;Long/Short Credit;RF Otros;EUR;Luxemburgo;6;;1.29;1.2;1.22;1.56;3.67;3.62;2021-02-04;True;False;;2026-08-24
LU2530434401;Capital Group MSI (LUX) Bdh-EUR;Capital Group Multi-Sector Income Fund (LUX) Bdh-EUR;Capital International Management Company Sàrl;Fixed Income;US Fixed Income;RF Otros;EUR;Luxemburgo;4;;1.1;1;-0.55;1.05;4.93;;2022-11-29;True;False;;2026-08-24
LU2530433932;Capital Group MSI (LUX) Bh-EUR;Capital Group Multi-Sector Income Fund (LUX) Bh-EUR;Capital International Management Company Sàrl;Fixed Income;US Fixed Income;RF Otros;EUR;Luxemburgo;4;;1.1;1;-0.51;1.1;4.98;;2022-11-29;True;False;;2026-08-24
LU2178557489;Capital Group US CorpBd (LUX) Bh-EUR;Capital Group US Corporate Bond Fund (LUX) Bh-EUR;Capital International Management Company Sàrl;Fixed Income;US Fixed Income;RF Otros;EUR;Luxemburgo;4;;0.9;0.8;-2.47;-1.15;2.39;-3.19;2020-06-12;True;False;0;2026-08-24
LU0807689749;Carmignac Pf Flexible Bond A USD Acc H;Carmignac Pf Flexible Bond A USD Acc Hdg;Carmignac Gestion Luxembourg S.A.;Fixed Income;Europe Fixed Income;RF Otros;USD;Luxemburgo;3;;1.2;1;3.22;3.81;6.91;2.81;2012-07-19;True;False;0;2026-08-24
LU1299306834;Carmignac Pf Sécurité AW USD AccH;Carmignac Portfolio Sécurité AW USD Acc Hedged;Carmignac Gestion Luxembourg S.A.;Fixed Income;Europe Fixed Income;RF Otros;USD;Luxemburgo;3;;1.2;1;1.53;2.45;5.38;3.03;2015-11-19;True;False;0;2026-08-24
LU0761040426;EDM Intl Credit Portfolio R USD;EDM International Credit Portfolio R (USD);EDM Gestion, S.A.U., S.G.I.I.C.;Fixed Income;Europe Fixed Income;RF Otros;USD;Luxemburgo;4;;;1.5;1.89;4.26;6.8;2.26;2012-04-13;True;False;0;2026-08-24
LU1426148711;EdRF Bond Allocation A USD H Acc;Edmond de Rothschild Fund - Bond Allocation A USD H Acc;Edmond de Rothschild Asset Management (France);Fixed Income;Europe Fixed Income;RF Otros;USD;Luxemburgo;3;;1.22;0.8;0.87;2.82;6.41;1.98;2015-06-05;True;False;0;2026-08-24
LU0621411155;Fidelity European Hi Yld A-Acc-USD H;Fidelity Funds - European High Yield Fund A-Acc-USD (hedged);FIL Investment Management (Luxembourg) S.à r.l.;Fixed Income;Europe Fixed Income;RF Otros;USD;Luxemburgo;3;;;1;2.87;3.96;8.89;4.15;2011-05-18;True;False;2500;2026-08-24
LU0337581549;Fidelity US High Yield A-Acc-EUR H;Fidelity Funds - US High Yield Fund A-Acc-EUR (hedged);FIL Investment Management (Luxembourg) S.à r.l.;Fixed Income;US Fixed Income;RF Otros;EUR;Luxemburgo;4;;;1;1.67;3.87;5.79;1.6;2011-05-18;True;False;;2026-08-24
LU0889566484;Franklin Strategic Income A(Mdis)EUR-H1;Franklin Strategic Income Fund A(Mdis)EUR-H1;Franklin Templeton International Services S.à r.l.;Fixed Income;US Fixed Income;RF Otros;EUR;Luxemburgo;3;;1.35;1.25;-0.76;0.91;3.48;-0.9;2013-02-26;True;False;;2026-08-24
LU0592650674;Franklin Strategic Income A(acc)EUR-H1;Franklin Strategic Income Fund A(acc)EUR-H1;Franklin Templeton International Services S.à r.l.;Fixed Income;US Fixed Income;RF Otros;EUR;Luxemburgo;4;;1.35;1.25;-0.61;0.97;3.5;-0.85;2011-03-18;True;False;;2026-08-24
LU1446800812;Franklin US Government A(acc)EUR-H1;Franklin U.S. Government Fund A(acc)EUR-H1;Franklin Templeton International Services S.à r.l.;Fixed Income;US Fixed Income;RF Otros;EUR;Luxemburgo;3;;1.01;0.7;-1.42;0.73;1.87;-2.48;2016-07-29;True;False;;2026-08-24
LU1446800903;Franklin US Low Duration A(acc)EUR-H1;Franklin U.S. Low Duration Fund A(acc)EUR-H1;Franklin Templeton International Services S.à r.l.;Fixed Income;US Fixed Income;RF Otros;EUR;Luxemburgo;3;;0.7;0.5;0.1;1.04;2.65;-0.04;2016-07-29;True;False;;2026-08-24
IE00B560QG61;GAM Star Credit Opps (USD) Ord USD Acc;GAM Star Fund plc - GAM Star Credit Opportunities (USD) Class Ordinary USD Accumulation;GAM Fund Management Limited;Fixed Income;Fixed Income Miscellaneous;RF Otros;USD;Irlanda;3;;;1.35;1.71;3.38;8.6;2.65;2011-07-19;True;False;10000;2026-08-24
IE00BQZHS253;GAM Star Income Ord EURH Acc;GAM Star Fund plc - GAM Star Income Class Ordinary Hedged EUR Accumulation Hedged;GAM Fund Management Limited;Fixed Income;US Fixed Income;RF Otros;EUR;Irlanda;4;;;1.3;1.46;2.6;3.87;1.47;2014-09-30;True;False;10000;2026-08-24
LU1835818565;GS AAA ABS-X Cap EUR;Goldman Sachs AAA ABS - X Cap EUR;Goldman Sachs Asset Management B.V.;Fixed Income;Fixed Income Miscellaneous;RF Otros;EUR;Luxemburgo;2;;;0.6;1.43;2.2;3.32;;2022-05-20;True;False;;2026-08-24
LU0630478484;GS Glbl Hi Yld Base Acc USD Dur H;Goldman Sachs Global High Yield Portfolio Base Acc USD Duration-Hedged;Goldman Sachs Asset Management B.V.;Fixed Income;Global Fixed Income;RF Otros;USD;Luxemburgo;4;;;1.1;3.67;6.32;8.47;6.1;2011-07-13;True;False;5000;2026-08-24
LU0765419576;Impax US Short Dur Rspnb HY F EUR H Acc;Impax Funds (Luxembourg) - U.S. Short Duration Responsible High Yield Fund Class F EUR Hdg Acc;Impax Asset Management LLC;Fixed Income;US Fixed Income;RF Otros;EUR;Luxemburgo;3;;1.17;1;1.33;2.81;4.56;1.07;2012-04-05;True;False;;2026-08-24
LU0108415935;JPM Global High Yield Bd A acc EUR Hdg;JPMorgan Investment Funds - Global High Yield Bond Fund A (acc) EUR (hedged);JPMorgan Asset Management (Europe) S.à r.l.;Fixed Income;US Fixed Income;RF Otros;EUR;Luxemburgo;4;;1.06;0.85;0.8;2.96;6.56;1.82;2000-03-24;True;False;35000;2026-08-24
LU0115103029;JPM Global High Yield Bd D acc EUR Hdg;JPMorgan Investment Funds - Global High Yield Bond Fund D (acc) EUR (hedged);JPMorgan Asset Management (Europe) S.à r.l.;Fixed Income;US Fixed Income;RF Otros;EUR;Luxemburgo;4;;1.44;0.85;0.55;2.57;6.15;1.43;2001-04-18;True;False;5000;2026-08-24
LU1041599587;JPM Income A acc EUR Hdg;JPMorgan Funds - Income Fund A (acc) EUR (hedged);JPMorgan Asset Management (Europe) S.à r.l.;Fixed Income;US Fixed Income;RF Otros;EUR;Luxemburgo;3;;1.17;1;0.53;1.56;4.23;0.03;2014-06-16;True;False;35000;2026-08-24
LU1041599744;JPM Income A div EUR Hdg;JPMorgan Funds - Income Fund A (div) EUR (hedged);JPMorgan Asset Management (Europe) S.à r.l.;Fixed Income;US Fixed Income;RF Otros;EUR;Luxemburgo;3;;1.17;1;0.51;1.56;4.23;0.04;2014-06-16;True;False;35000;2026-08-24
LU0289470113;JPM Income Opp A perf acc EUR Hdg;JPMorgan Investment Funds - Income Opportunity Fund A (perf) (acc) EUR (hedged);JPMorgan Asset Management (Europe) S.à r.l.;Fixed Income;US Fixed Income;RF Otros;EUR;Luxemburgo;3;;1.2;1;0.9;1.3;2.26;1.18;2007-07-19;True;False;35000;2026-08-24
LU0289473059;JPM Income Opp D perf acc EUR Hdg;JPMorgan Investment Funds - Income Opportunity Fund D (perf) (acc) EUR (hedged);JPMorgan Asset Management (Europe) S.à r.l.;Fixed Income;US Fixed Income;RF Otros;EUR;Luxemburgo;3;;1.45;1;0.74;1.04;2;0.93;2007-07-19;True;False;5000;2026-08-24
LU0679000579;JPM US Aggregate Bond A acc EUR Hdg;JPMorgan Funds - US Aggregate Bond Fund A (acc) - EUR (hedged);JPMorgan Asset Management (Europe) S.à r.l.;Fixed Income;US Fixed Income;RF Otros;EUR;Luxemburgo;4;;1.09;0.9;-2.05;-0.37;2.06;-2.71;2011-10-03;True;False;35000;2026-08-24
LU0549623634;JPM US Aggregate Bond D acc EUR Hdg;JPMorgan Funds - US Aggregate Bond Fund D (acc) - EUR (hedged);JPMorgan Asset Management (Europe) S.à r.l.;Fixed Income;US Fixed Income;RF Otros;EUR;Luxemburgo;4;;1.35;0.9;-2.2;-0.61;1.8;-2.96;2010-11-02;True;False;5000;2026-08-24
LU0562247691;JPM US Short Duration Bond A acc EUR H;JPMorgan Funds - US Short Duration Bond Fund A (acc) - EUR (hedged);JPMorgan Asset Management (Europe) S.à r.l.;Fixed Income;US Fixed Income;RF Otros;EUR;Luxemburgo;2;;0.8;0.6;-0.1;0.8;2.63;0.21;2011-03-15;True;False;35000;2026-08-24
LU0562248152;JPM US Short Duration Bond D acc EUR H;JPMorgan Funds - US Short Duration Bond Fund D (acc) - EUR (hedged);JPMorgan Asset Management (Europe) S.à r.l.;Fixed Income;US Fixed Income;RF Otros;EUR;Luxemburgo;2;;1.1;0.6;-0.29;0.5;2.32;-0.09;2011-03-15;True;False;5000;2026-08-24
LU0117369479;Lemanik SICAV Actv S/T Crdt Cap Ret EURA;Lemanik SICAV - Active Short Term Credit Capitalisation Retail EUR A;Lemanik Invest S.A.;Fixed Income;Fixed Income Miscellaneous;RF Otros;EUR;Luxemburgo;3;;;1.25;0.78;1.07;3.32;2.24;2001-11-16;True;False;0;2026-08-24
IE00BYP0Y993;Lord Abbett Short Dur Inc A EUR H Acc;Lord Abbett Short Duration Income Fund Class A EUR Hedged Accumulating;Lord Abbett (Ireland) Ltd;Fixed Income;US Fixed Income;RF Otros;EUR;Irlanda;2;;1.07;1;0.19;1.28;2.95;0.22;2016-02-01;True;False;2500;2026-08-24
LU1670630042;M&G (Lux) Euro Corp Bd A H USD Acc;M&G (Lux) Euro Corporate Bond Fund USD A-H Acc;M&G Luxembourg S.A.;Fixed Income;Europe Fixed Income;RF Otros;USD;Luxemburgo;3;;0.62;0.4;1.14;2.47;6.19;1.55;2018-11-09;True;False;1000;2026-08-24
LU1964705062;MFS Meridian US Government Bond AH1 EUR;MFS Meridian Funds - U.S. Government Bond AH1 EUR;MFS Investment Management Company (Lux) S.à.r.l;Fixed Income;US Fixed Income;RF Otros;EUR;Luxemburgo;4;;0.98;0.5;-1.92;-0.49;1.51;-3.14;2019-04-17;True;False;;2026-08-24
LU1832969650;MS INVF Euro Corporate Bd - Dur Hgd A;Morgan Stanley Investment Funds - Euro Corporate Bond - Duration Hedged Fund A;MSIM Fund Management (Ireland) Limited;Fixed Income;Fixed Income Miscellaneous;RF Otros;EUR;Luxemburgo;3;;1.04;0.8;1.51;2.63;5.79;3.43;2018-07-06;True;False;0;2026-08-24
IE0032860565;Muzinich Americayield HEUR Acc R;Muzinich Americayield Fund Hedged Euro Accumulation R Units;Muzinich & Co. (Ireland) Limited;Fixed Income;US Fixed Income;RF Otros;EUR;Irlanda;4;;;1.5;0.76;2.65;5.07;0.49;2003-03-19;True;False;1000;2026-08-24
IE00B3MB7B14;Muzinich ShortDurationHY HEUR Acc R;Muzinich ShortDurationHighYield Fund Hedged Euro Accumulation R Units;Muzinich & Co. (Ireland) Limited;Fixed Income;US Fixed Income;RF Otros;EUR;Irlanda;3;;1.29;1.1;1.22;2.93;4.07;1.52;2010-10-12;True;False;1000;2026-08-24
IE00B7FN4G61;Neuberger ShrtDurHYEggm €AAcc;Neuberger Short Duration High Yield Engagement Fund EUR A Acc Class;Neuberger Berman Asset Management Ireland Limited;Fixed Income;US Fixed Income;RF Otros;EUR;Irlanda;4;;1.32;1.2;0.76;2.62;4.86;2.05;2011-12-20;True;False;1000;2026-08-24
LU0492942718;Ninety One GSF Lat Am Corp Dbt A Acc USD;Ninety One Global Strategy Fund - Latin American Corporate Debt Fund A Acc USD;Ninety One Luxembourg S.A.;Fixed Income;Latin America Fixed Income;RF Otros;USD;Luxemburgo;3;;;1.5;2.51;4.73;7.74;2.99;2010-04-30;True;False;3000;2026-08-24
LU1578889609;Ninety One GSF Lat Am Corp Dbt A Acc € H;Ninety One Global Strategy Fund - Latin American Corporate Debt Fund A Acc EUR Hedged (Reference);Ninety One Luxembourg S.A.;Fixed Income;Latin America Fixed Income;RF Otros;EUR;Luxemburgo;4;;;1.5;1.23;2.53;5.58;0.74;2017-03-24;True;False;3000;2026-08-24
IE00B78CQ196;Nomura Fds US High Yield Bond A EUR H;Nomura Funds Ireland plc - US High Yield Bond Fund Class A EUR Hedged;Nomura Asset Management U.K. Limited;Fixed Income;US Fixed Income;RF Otros;EUR;Irlanda;4;;1.14;1;0.75;2.91;6.13;1.84;2012-04-10;True;False;5000;2026-08-24
LU1818765064;Nordea 1 - Low Dur Eurp Cov Bd HB USD;Nordea 1 - Low Duration European Covered Bond Fund HB USD;Nordea Investment Funds SA;Fixed Income;Europe Fixed Income;RF Otros;USD;Luxemburgo;2;;0.72;0.5;1.32;3.45;5.32;3.51;2018-05-29;True;False;;2026-08-24
LU0458980595;Nordea 1 - US Corporate Bond HB EUR;Nordea 1 - US Corporate Bond Fund HB EUR;Nordea Investment Funds SA;Fixed Income;US Fixed Income;RF Otros;EUR;Luxemburgo;4;;1.03;0.7;-1.81;-0.04;3.38;-2.72;2010-02-12;True;False;0;2026-08-24
LU0826415480;Nordea 1 - US Total Return Bond HB EUR;Nordea 1 - US Total Return Bond Fund HB EUR;Nordea Investment Funds SA;Fixed Income;US Fixed Income;RF Otros;EUR;Luxemburgo;4;;1.38;1.1;-0.81;1.18;2.68;-2.33;2012-11-12;True;False;0;2026-08-24
IE00BCBHYP63;PIMCO GIS Capital Scs Admin EUR H Acc;PIMCO GIS Capital Securities Fund Administrative EUR (Hedged) Accumulation;PIMCO Global Advisors (Ireland) Limited;Fixed Income;Fixed Income Miscellaneous;RF Otros;EUR;Irlanda;4;;;2.5;0.71;3.32;8.31;1.36;2013-08-09;True;False;;2026-08-24
IE00BFRSV973;PIMCO GIS Capital Scs E EURH Acc;PIMCO GIS Capital Securities Fund E Class EUR (Hedged) Accumulation;PIMCO Global Advisors (Ireland) Limited;Fixed Income;Fixed Income Miscellaneous;RF Otros;EUR;Irlanda;4;;;1.69;0.42;2.84;7.85;0.95;2013-10-28;True;False;;2026-08-24
IE00BFRSV866;PIMCO GIS Capital Scs E USD Acc;PIMCO GIS Capital Securities Fund E Class USD Accumulation;PIMCO Global Advisors (Ireland) Limited;Fixed Income;Fixed Income Miscellaneous;RF Otros;USD;Irlanda;4;;;1.69;1.58;4.96;9.87;2.86;2013-10-28;True;False;1000;2026-08-24
IE00B95G9K86;PIMCO GIS Credit Opps Bd E EUR H Acc;PIMCO GIS Credit Opportunities Bond Fund E Class EUR (Hedged) Accumulation;PIMCO Global Advisors (Ireland) Limited;Fixed Income;US Fixed Income;RF Otros;EUR;Irlanda;3;;;2.5;-1.94;0;4.06;1;2012-12-21;True;False;;2026-08-24
IE00B283G405;PIMCO GIS Low Avrg Dur E EURH Acc;PIMCO GIS Low Average Duration Fund E Class EUR (Hedged) Accumulation;PIMCO Global Advisors (Ireland) Limited;Fixed Income;US Fixed Income;RF Otros;EUR;Irlanda;2;;;2.5;-0.71;0;2.08;-0.68;2009-07-24;True;False;;2026-08-24
IE00BDT57Y96;PIMCO GIS Low Dur Inc E EUR Hdg Acc;PIMCO GIS Low Duration Income Fund E Class EUR (Hedged) Accumulation;PIMCO Global Advisors (Ireland) Limited;Fixed Income;US Fixed Income;RF Otros;EUR;Irlanda;3;;;2.5;0.27;2.11;4.65;1.72;2018-05-31;True;False;;2026-08-24
IE00B11XZB05;PIMCO GIS Ttl Ret Bd E EURH Acc;PIMCO GIS Total Return Bond Fund E Class EUR (Hedged) Accumulation;PIMCO Global Advisors (Ireland) Limited;Fixed Income;US Fixed Income;RF Otros;EUR;Irlanda;4;;;2.5;-1.59;0.79;3.16;-2.74;2006-03-31;True;False;;2026-08-24
IE00B11XZ764;PIMCO GIS US Hi Yld Bd E EURH Acc;PIMCO GIS US High Yield Bond Fund E Class EUR (Hedged) Accumulation;PIMCO Global Advisors (Ireland) Limited;Fixed Income;US Fixed Income;RF Otros;EUR;Irlanda;4;;;2.5;-0.07;2.29;5.71;0.87;2006-03-31;True;False;;2026-08-24
IE00BDB4ZH30;PIMCO GIS US S/T E EUR Hedged Acc;PIMCO GIS US Short-Term Fund E Class EUR (Hedged) Accumulation;PIMCO Global Advisors (Ireland) Limited;Fixed Income;US Fixed Income;RF Otros;EUR;Irlanda;2;;;1.15;1.62;2.3;3.09;1.61;2016-06-08;True;False;;2026-08-24
LU1608101579;Pareto Nordic Corporate Bond A EUR;Pareto Nordic Corporate Bond A EUR;Pareto Asset Management AS;Fixed Income;Europe Fixed Income;RF Otros;EUR;Luxemburgo;4;;;1;3.08;4.67;6.5;4.51;2017-06-07;True;False;0;2026-08-24
LU0954603725;Pictet-EUR Short Term Corp Bds HR USD;Pictet-EUR Short Term Corporate Bonds HR USD;Pictet Asset Management (Europe) SA;Fixed Income;Europe Fixed Income;RF Otros;USD;Luxemburgo;3;;1;1.25;1.64;3.06;5.74;2.63;2013-11-25;True;False;0;2026-08-24
LU0736302232;Pictet-EUR Short Term High Yield HP USD;Pictet-EUR Short Term High Yield HP USD;Pictet Asset Management (Europe) SA;Fixed Income;Europe Fixed Income;RF Otros;USD;Luxemburgo;3;;1.22;1.6;2.68;4.46;7.13;4.6;2012-01-30;True;False;0;2026-08-24
LU0340553949;Pictet-Emerging Local Ccy Dbt HP EUR;Pictet-Emerging Local Currency Debt HP EUR;Pictet Asset Management (Europe) SA;Fixed Income;Emerging Markets Fixed Income;RF Otros;EUR;Luxemburgo;4;;1.58;2.1;0.19;5.25;5.35;0.94;2008-01-23;True;False;0;2026-08-24
LU0340554327;Pictet-Emerging Local Ccy Dbt HR EUR;Pictet-Emerging Local Currency Debt HR EUR;Pictet Asset Management (Europe) SA;Fixed Income;Emerging Markets Fixed Income;RF Otros;EUR;Luxemburgo;4;;1.98;3;-0.08;4.8;4.91;0.53;2008-01-23;True;False;0;2026-08-24
LU2166021886;Pictet-USD Government Bonds HP EUR;Pictet-USD Government Bonds HP EUR;Pictet Asset Management (Europe) SA;Fixed Income;US Fixed Income;RF Otros;EUR;Luxemburgo;4;;0.63;0.6;-1.96;-0.57;1.12;-3.34;2020-05-04;True;False;0;2026-08-24
LU1256216356;Pictet-USD Government Bonds HP dy EUR;Pictet-USD Government Bonds HP dy EUR;Pictet Asset Management (Europe) SA;Fixed Income;US Fixed Income;RF Otros;EUR;Luxemburgo;4;;0.63;0.6;-1.95;-0.57;1.12;-3.34;2015-07-06;True;False;0;2026-08-24
IE0032590923;Principal Preferred Secs A Acc USD;Principal Global Investors Funds - Preferred Securities Fund A Acc USD;Principal Global Investors (Ireland) Ltd;Fixed Income;Fixed Income Miscellaneous;RF Otros;USD;Irlanda;3;;1.07;2;1.07;3.78;7.59;2.57;2012-03-27;True;False;1000;2026-08-24
IE00B00Z9M92;Principal Preferred Secs A Hdg Acc EUR;Principal Global Investors Funds - Preferred Securities Fund A Hedged Acc EUR;Principal Global Investors (Ireland) Ltd;Fixed Income;Fixed Income Miscellaneous;RF Otros;EUR;Irlanda;3;;;2;0;1.87;5.62;0.64;2003-04-22;True;False;1000;2026-08-24
IE00B45QYL94;Principal Preferred Secs D Inc USD;Principal Global Investors Funds - Preferred Securities Fund D Inc USD;Principal Global Investors (Ireland) Ltd;Fixed Income;Fixed Income Miscellaneous;RF Otros;USD;Irlanda;3;;1.37;2;0.88;3.53;7.28;2.28;2009-10-06;True;False;1000;2026-08-24
LU1025004406;Robeco Financial Institutions Bds DH $;Robeco Financial Institutions Bonds DH $;Robeco Institutional Asset Management BV;Fixed Income;Europe Fixed Income;RF Otros;USD;Luxemburgo;3;;1.02;0.8;1.73;3.43;8.52;3.32;2014-02-04;True;False;0;2026-08-24
IE000K7H1E84;Royal London Abs Ret Govt Bd W EUR H Acc;Royal London Absolute Return Government Bond Fund Class W EUR Hedged Acc;Royal London Asset Management Ltd;Fixed Income;Sterling Fixed Income;RF Otros;EUR;Irlanda;;;0.75;0.75;1.15;2.16;;;2025-04-08;True;False;1000;2026-08-24
LU0428345051;Schroder ISF EURO Corp Bd A Acc USD H;Schroder International Selection Fund EURO Corporate Bond A Accumulation USD Hedged;Schroder Investment Management (Europe) S.A.;Fixed Income;Europe Fixed Income;RF Otros;USD;Luxemburgo;3;;1.07;0.75;1.46;2.99;7.27;1.56;2009-05-22;True;False;1000;2026-08-24
LU0291343597;Schroder ISF US Dllr Bd A Acc EUR H;Schroder International Selection Fund US Dollar Bond A Accumulation EUR Hedged;Schroder Investment Management (Europe) S.A.;Fixed Income;US Fixed Income;RF Otros;EUR;Luxemburgo;4;;;0.75;-1.46;0.74;2.79;-2.94;2007-04-13;True;False;1000;2026-08-24
LU0316493740;Templeton Asian Bond A(acc)EUR-H1;Templeton Asian Bond Fund A(acc)EUR-H1;Franklin Templeton International Services S.à r.l.;Fixed Income;Asia Fixed Income;RF Otros;EUR;Luxemburgo;4;;1.47;1.05;-0.54;-2.12;-0.29;-3.22;2007-09-03;True;False;;2026-08-24
LU0352160062;UBAM Medium Term US Corporate Bd AHC EUR;UBAM - Medium Term US Corporate Bond AHC EUR;UBP Asset Management (Europe) S.A.;Fixed Income;US Fixed Income;RF Otros;EUR;Luxemburgo;4;;;0.5;-1.32;-0.04;3.65;-0.76;2011-12-02;True;False;0;2026-08-24
LU1254412460;abrdn-Indian Bond A Acc EUR;abrdn SICAV I - Indian Bond Fund A Acc EUR;abrdn Investments Luxembourg S.A.;Fixed Income;Fixed Income Miscellaneous;RF Otros;EUR;Luxemburgo;4;;;1;-4.41;-6.69;-2.16;-1.07;2015-09-01;True;False;;2026-08-24
LU1650570317;abrdn-Indian Bond A Acc H EUR;abrdn SICAV I - Indian Bond Fund A Acc Hedged EUR;abrdn Investments Luxembourg S.A.;Fixed Income;Fixed Income Miscellaneous;RF Otros;EUR;Luxemburgo;4;;;1;-5.86;-8.12;-1.72;-2.97;2017-08-18;True;False;1000;2026-08-24
LU2628679511;abrdn-Short Dtd Enh Inc A Acc Hdg EUR;abrdn SICAV I - Short Dated Enhanced Income Fund A Acc Hedged EUR;abrdn Investments Luxembourg S.A.;Fixed Income;US Fixed Income;RF Otros;EUR;Luxemburgo;2;;;0.5;0.74;1.77;4.02;;2023-07-06;True;False;;2026-08-24
LU1646952983;abrdn-US Dollar Credit Sust Bd AAccHCAD;abrdn SICAV I - US Dollar Credit Sustainable Bond Fund A Acc Hedged CAD;abrdn Investments Luxembourg S.A.;Fixed Income;US Fixed Income;RF Otros;CAD;Luxemburgo;4;;;0.8;-2.16;-0.17;3.58;-1.71;2018-02-23;True;False;1000;2026-08-24
LU1164802040;Pictet-Chinese Local Currency Debt R EUR;Pictet-Chinese Local Currency Debt R EUR;Pictet Asset Management (Europe) SA;Fixed Income;Asia Fixed Income;RF RMB Local;EUR;Luxemburgo;4;2;1.75;3;5.94;8.19;2.8;1.44;2015-03-03;True;False;0;2026-08-24
LU1717043670;UBS (Lux) BS China Fxd Inc ¥ USD P acc;UBS (Lux) Bond SICAV - China Fixed Income (RMB) USD P-acc;UBS Asset Management (Europe) S.A.;Fixed Income;Asia Fixed Income;RF RMB Local;USD;Luxemburgo;3;2;1.22;0.92;5.66;8.43;5.7;2.11;2018-03-14;True;False;0;2026-08-24
LU1882441816;Amundi Fds US S/T Bond A2 EUR C;Amundi Funds - US Short Term Bond A2 EUR (C);Amundi Luxembourg S.A.;Fixed Income;US Fixed Income;RF Ultra Corto Plazo - USD;EUR;Luxemburgo;4;4;0.72;0.5;2.85;3.44;2.68;3.92;2000-12-18;True;False;1;2026-08-24
LU1882441907;Amundi Fds US S/T Bond A2 USD C;Amundi Funds - US Short Term Bond A2 USD (C);Amundi Luxembourg S.A.;Fixed Income;US Fixed Income;RF Ultra Corto Plazo - USD;USD;Luxemburgo;2;4;0.73;0.5;2.19;3.96;5.07;3.89;2002-05-02;True;False;1;2026-08-24
LU1546474658;DWS USD Floating Rate Notes LC;DWS USD Floating Rate Notes LC;DWS Investment S.A.;Fixed Income;US Fixed Income;RF Ultra Corto Plazo - USD;USD;Luxemburgo;2;5;0.35;0.6;2.55;4.22;5.29;4.16;2017-02-06;True;False;0;2026-08-24
LU0041580167;DWS USD Floating Rate Notes LD;DWS USD Floating Rate Notes LD;DWS Investment S.A.;Fixed Income;US Fixed Income;RF Ultra Corto Plazo - USD;USD;Luxemburgo;2;5;0.35;0.6;2.55;4.22;5.29;4.16;1992-11-10;True;False;0;2026-08-24
LU0028121183;Invesco USD Ultra-S/T Dbt A Acc USD;Invesco Funds - Invesco USD Ultra-Short Term Debt Fund A Accumulation USD;Invesco Management S.A.;Fixed Income;US Fixed Income;RF Ultra Corto Plazo - USD;USD;Luxemburgo;2;3;;0.25;2.24;3.88;4.94;3.65;1991-01-02;True;False;1500;2026-08-24
LU0513027705;JPM Managed Reserves A acc USD;JPMorgan Funds - Managed Reserves Fund A (acc) USD;JPMorgan Asset Management (Europe) S.à r.l.;Fixed Income;US Fixed Income;RF Ultra Corto Plazo - USD;USD;Luxemburgo;2;2;0.6;0.4;1.96;3.5;4.5;3.26;2010-06-10;True;False;35000;2026-08-24
IE00BMTRX064;PIMCO GIS US S/T E USD Acc;PIMCO GIS US Short-Term Fund E Class USD Accumulation;PIMCO Global Advisors (Ireland) Limited;Fixed Income;US Fixed Income;RF Ultra Corto Plazo - USD;USD;Irlanda;2;3;;1.15;2.66;4.21;4.92;3.44;2014-06-30;True;False;1000;2026-08-24
IE00BMTRWZ44;PIMCO GIS US S/T Investor USD Acc;PIMCO GIS US Short-Term Fund Investor USD Accumulation;PIMCO Global Advisors (Ireland) Limited;Fixed Income;US Fixed Income;RF Ultra Corto Plazo - USD;USD;Irlanda;2;3;;0.45;2.73;4.27;4.95;3.49;2014-06-30;True;False;1000000;2026-08-24
LU1089088741;Allianz Floating Rt Notes+VarZn AT EUR;Allianz Global Investors Fund - Allianz Floating Rate Notes Plus VarioZins AT EUR;Allianz Global Investors GmbH;Fixed Income;Europe Fixed Income;RF Ultra Corto Plazo EUR;EUR;Luxemburgo;1;3;0.5;0.45;1.2;1.86;2.95;2.06;2016-08-11;True;False;0;2026-08-24
FR0010829697;Amundi Enhan Ult Sht Trm Bd Select P-C;Amundi Enhanced Ultra Short Term Bond Select P-C;Amundi Asset Management;Fixed Income;Europe Fixed Income;RF Ultra Corto Plazo EUR;EUR;Francia;2;3;;0.7;1.09;1.79;3.23;2.14;2010-01-21;True;False;1;2026-08-24
LU1838941372;Candriam Bds Floating Rt Nts C EUR Acc;Candriam Bonds Floating Rate Notes C EUR Cap;Candriam;Fixed Income;Europe Fixed Income;RF Ultra Corto Plazo EUR;EUR;Luxemburgo;2;3;;0.5;1.38;2.12;3.04;2.01;2018-09-03;True;False;;2026-08-24
LU0034353002;DWS Floating Rate Notes LC;DWS Floating Rate Notes LC;DWS Investment S.A.;Fixed Income;Europe Fixed Income;RF Ultra Corto Plazo EUR;EUR;Luxemburgo;1;4;0.25;0.6;1.58;2.47;3.52;2.4;1991-07-15;True;False;0;2026-08-24
LU1122765560;DWS Floating Rate Notes LD;DWS Floating Rate Notes LD;DWS Investment S.A.;Fixed Income;Europe Fixed Income;RF Ultra Corto Plazo EUR;EUR;Luxemburgo;1;4;0.25;0.6;1.58;2.47;3.52;2.4;2014-12-01;True;False;0;2026-08-24
LU1965927921;DWS Invest ESG Fltng Rt Nots LC;DWS Invest ESG Floating Rate Notes LC;DWS Investment S.A.;Fixed Income;Europe Fixed Income;RF Ultra Corto Plazo EUR;EUR;Luxemburgo;1;4;0.24;0.18;1.55;2.41;3.49;2.32;2019-04-05;True;False;0;2026-08-24
FI0008804463;Evli Euro Liquidity B;Evli Euro Liquidity B;Evli-Rahastoyhtiö Oy;Fixed Income;Europe Fixed Income;RF Ultra Corto Plazo EUR;EUR;Finlandia;2;5;;0.3;1.38;2.26;3.63;2.52;1996-01-31;True;False;1000;2026-08-24
LU1345485095;FF Euro Ultra Short Duration A-Acc-EUR;Fidelity Funds - Euro Ultra Short Duration A-Acc-EUR;FIL Investment Management (Luxembourg) S.à r.l.;Fixed Income;Europe Fixed Income;RF Ultra Corto Plazo EUR;EUR;Luxemburgo;2;;0.41;1.5;;;;;2016-02-16;True;False;;2026-08-24
FR0013346079;Groupama Ultra Short Term NC;Groupama Ultra Short Term NC;Groupama Asset Management;Fixed Income;Europe Fixed Income;RF Ultra Corto Plazo EUR;EUR;Francia;1;4;;0.43;1.36;2.03;3.16;2.2;2019-01-18;True;False;1;2026-08-24
FR001400CFA4;Ostrum Credit Ultr Shrt Pls R/C(EUR);Ostrum Credit Ultra Short Plus R/C (EUR);Natixis Investment Managers International;Fixed Income;Europe Fixed Income;RF Ultra Corto Plazo EUR;EUR;Francia;2;4;;0.45;1.6;2.55;3.51;;2023-02-23;True;False;1;2026-08-24
FR0013231453;Ostrum Credit Ultra Shrt Pls I-C EUR;Ostrum Credit Ultra Short Plus I-C EUR;Natixis Investment Managers International;Fixed Income;Europe Fixed Income;RF Ultra Corto Plazo EUR;EUR;Francia;2;5;;0.4;1.67;2.68;3.61;2.75;2017-01-24;True;False;100000;2026-08-24
LU0086913042;BNP Paribas Europe Convertible C Cap;BNP Paribas Funds Europe Convertible Classic Capitalisation;BNP Paribas Asset Management Luxembourg;Hybrid Securities;Convertibles;RF Convertibles Europa;EUR;Luxemburgo;4;3;;1.2;6.95;7.19;10.25;2.51;1998-05-07;True;False;0;2026-08-24
LU0107087537;BNP Paribas Europe Convertible N Dis;BNP Paribas Funds Europe Convertible N Distribution;BNP Paribas Asset Management Luxembourg;Hybrid Securities;Convertibles;RF Convertibles Europa;EUR;Luxemburgo;4;2;;1.2;6.55;6.52;9.61;1.9;2000-03-22;True;False;0;2026-08-24
FR0010858498;Lazard Convertible Global RC EUR;Lazard Convertible Global RC EUR;Lazard Frères Gestion;Hybrid Securities;Convertibles;RF Convertibles Global;EUR;Francia;4;2;1.54;1.64;8.38;10.78;5.96;0.61;2010-03-01;True;False;1;2026-08-24
FR0013398922;Lazard Convertible Global RC USD;Lazard Convertible Global RC USD;Lazard Frères Gestion;Hybrid Securities;Convertibles;RF Convertibles Global;USD;Francia;5;1;1.53;1.64;7.81;10.95;8.52;0.6;2019-02-06;True;False;1;2026-08-24
FR0013398914;Lazard Convertible Global RD EUR;Lazard Convertible Global RD EUR;Lazard Frères Gestion;Hybrid Securities;Convertibles;RF Convertibles Global;EUR;Francia;4;1;1.53;1.64;8.37;10.76;5.95;0.6;2019-02-06;True;False;1;2026-08-24
LU1670708335;M&G (Lux) Glb Cnvrts A EUR Acc;M&G (Lux) Global Convertibles Fund EUR A Acc;M&G Luxembourg S.A.;Hybrid Securities;Convertibles;RF Convertibles Global;EUR;Luxemburgo;4;3;1.71;1.5;17.04;23.84;13.04;5.39;2018-11-09;True;False;1000;2026-08-24
LU0823394852;BNP Paribas Glbl Cnvrt Cl RH EUR C;BNP Paribas Funds Global Convertible Classic RH EUR Capitalisation;BNP Paribas Asset Management Luxembourg;Hybrid Securities;Convertibles;RF Convertibles Global - EUR Cubierto;EUR;Luxemburgo;5;4;;1.2;14.97;23.13;12.8;3.51;2013-05-17;True;False;0;2026-08-24
FR0013268356;Lazard Convertible Global RC H-EUR;Lazard Convertible Global RC H-EUR;Lazard Frères Gestion;Hybrid Securities;Convertibles;RF Convertibles Global - EUR Cubierto;EUR;Francia;4;1;1.59;1.69;6.81;9.47;6.82;-0.24;2017-07-24;True;False;1;2026-08-24
LU1670708509;M&G (Lux) Glb Cnvrts A H EUR Acc;M&G (Lux) Global Convertibles Fund EUR A-H Acc;M&G Luxembourg S.A.;Hybrid Securities;Convertibles;RF Convertibles Global - EUR Cubierto;EUR;Luxemburgo;4;4;1.73;1.5;15.33;22.05;13.63;4.23;2018-11-09;True;False;1000;2026-08-24
LU0823394779;BNP Paribas Glbl Cnvrt Cl C;BNP Paribas Funds Global Convertible Classic Capitalisation;BNP Paribas Asset Management Luxembourg;Hybrid Securities;Convertibles;RF Convertibles Global - USD Cubierto;USD;Luxemburgo;5;4;;1.2;16.55;25.84;15;5.6;2013-05-17;True;False;0;2026-08-24
LU0871572292;LO Funds Convertible Bond SH USD PA;LO Funds - Convertible Bond Syst. Hdg (USD) PA;Lombard Odier Funds (Europe) SA;Hybrid Securities;Convertibles;RF Convertibles Global - USD Cubierto;USD;Luxemburgo;4;3;;0.65;11.03;14.88;12.14;4.46;2013-12-05;True;False;3000;2026-08-24
ES0138954005;Bankinter Objetivo Enero 2027 B FI;Bankinter Objetivo Enero 2027 B FI;Bankinter Gestión de Activos SGIIC;Other;Capital Protected;Capital Protegido;EUR;España;;;0.36;0.35;0.89;1.43;;;2024-02-09;False;False;200000;2026-08-24
ES0138954039;Bankinter Objetivo Enero 2027 R FI;Bankinter Objetivo Enero 2027 R FI;Bankinter Gestión de Activos SGIIC;Other;Capital Protected;Capital Protegido;EUR;España;1;;0.6;0.59;0.74;1.19;2.22;1.38;1994-05-30;False;False;1;2026-08-24
ES0114024005;Bankinter Objetivo Europa 2027 FI;Bankinter Objetivo Europa 2027 FI;Bankinter Gestión de Activos SGIIC;Other;Capital Protected;Capital Protegido;EUR;España;3;;0.62;0.72;5.54;7.95;5.11;2.26;2012-01-27;False;False;500;2026-08-24
ES0113585006;Bankinter Objetivo Europa 2029 FI;Bankinter Objetivo Europa 2029 FI;Bankinter Gestión de Activos SGIIC;Other;Capital Protected;Capital Protegido;EUR;España;3;;0.52;0.56;4.8;7.37;9.03;5.33;2009-07-28;False;False;500;2026-08-24
IE00BMX0B961;Bankinter Protección 2 A EUR Acc;Bankinter Protección 2 Fund Class A EUR Accumulation;J.P. Morgan Mansart Management Ltd;Other;Capital Protected;Capital Protegido;EUR;Irlanda;3;;;0.51;2.38;4.47;3.11;0.42;2020-10-06;True;False;100;2026-08-24
IE00BJM09W56;Bankinter Protección A EUR Acc;Bankinter Protección Fund Class A EUR Accumulation;J.P. Morgan Mansart Management Ltd;Other;Capital Protected;Capital Protegido;EUR;Irlanda;3;;;0.51;2.28;4.26;2.95;0.26;2020-01-21;True;False;100;2026-08-24
FR0014004V01;Bankinter Top Protección Classic Cap;Bankinter Top Protección Classic Cap;BNP PARIBAS ASSET MANAGEMENT Europe;Other;Capital Protected;Capital Protegido;EUR;Francia;3;;;0.95;0.07;0.34;2.94;;2021-10-04;True;False;100;2026-08-24
ES0113063004;BK Euribor Rentas IV Garantizado FI;Bankinter Euribor Rentas IV Garantizado FI;Bankinter Gestión de Activos SGIIC;Other;Guaranteed;Garantizados;EUR;España;3;;0.42;0.3;0.68;1.15;2.97;0.18;2013-04-19;False;False;500;2026-08-24
ES0164950000;Bankinter España 2027 Garantizado FI;Bankinter España 2027 Garantizado FI;Bankinter Gestión de Activos SGIIC;Other;Guaranteed;Garantizados;EUR;España;3;;0.51;0.39;3.01;5.88;7.65;1.47;2009-10-09;False;False;500;2026-08-24
ES0156738009;Bankinter Euribor 2026 Garantizado FI;Bankinter Euribor 2026 Garantizado FI;Bankinter Gestión de Activos SGIIC;Other;Guaranteed;Garantizados;EUR;España;3;;0.52;0.4;1.28;1.78;2.97;0.14;2017-12-15;False;False;500;2026-08-24
ES0179392008;Bankinter Euribor 2027 Garantizado FI;Bankinter Euribor 2027 Garantizado FI;Bankinter Gestión de Activos SGIIC;Other;Guaranteed;Garantizados;EUR;España;3;;0.41;0.3;0.64;1.12;3.17;0.05;2013-03-15;False;False;500;2026-08-24
ES0156739007;Bankinter Ibex 2026 Plus Garantizado FI;Bankinter Ibex 2026 Plus Garantizado FI;Bankinter Gestión de Activos SGIIC;Other;Guaranteed;Garantizados;EUR;España;3;;0.52;0.4;1.7;3.13;5.42;0.89;2018-03-05;False;False;500;2026-08-24
ES0113815031;Bankinter Ibex 2026 Plus II Garant. FI;Bankinter Ibex 2026 Plus II Garantizado FI;Bankinter Gestión de Activos SGIIC;Other;Guaranteed;Garantizados;EUR;España;3;;0.41;0.3;1.81;3.66;5.64;0.88;2006-01-24;False;False;500;2026-08-24
ES0113983003;Bankinter Ibex 2028 Plus Garantizado FI;Bankinter Ibex 2028 Plus Garantizado FI;Bankinter Gestión de Activos SGIIC;Other;Guaranteed;Garantizados;EUR;España;3;;0;0.29;4.16;8.33;9.57;2.31;2011-02-21;False;False;500;2026-08-24
ES0130354006;Bankinter Ibex Rentas 2027 Gar. FI;Bankinter Ibex Rentas 2027 Garantizado FI;Bankinter Gestión de Activos SGIIC;Other;Guaranteed;Garantizados;EUR;España;3;;0.3;0.19;0.76;1.23;3.33;-0.63;2011-12-23;False;False;500;2026-08-24
ES0113584009;Bankinter Indice España 2027 Garantiz FI;Bankinter Indice España 2027 Garantizado FI;Bankinter Gestión de Activos SGIIC;Other;Guaranteed;Garantizados;EUR;España;3;;0.51;0.4;10.51;20.06;16.31;7.13;2008-09-22;False;False;500;2026-08-24
ES0164542005;Bankinter Media Europea 2026 Gar. FI;Bankinter Media Europea 2026 Garantizado FI;Bankinter Gestión de Activos SGIIC;Other;Guaranteed;Garantizados;EUR;España;3;;0.53;0.4;2.23;3.21;5.18;0.98;2010-04-20;False;False;500;2026-08-24
ES0164585004;Bankinter Europeo Inverso FI;Bankinter Europeo Inverso FI;Bankinter Gestión de Activos SGIIC;Other;Trading Tools;Trading - Apalancados/Inversos RV;EUR;España;6;;1.16;1;-11.54;-16.6;-13.64;-11.27;2008-11-14;True;True;1;2026-08-24
ES0164384010;Bankinter Inverso EEUU R FI;Bankinter Inverso EEUU R FI;Bankinter Gestión de Activos SGIIC;Other;Trading Tools;Trading - Apalancados/Inversos RV;EUR;España;;;;1;;;;;2026-02-13;True;False;;2026-08-24
LU1931957093;BNPP Flexi I Commodities Cl Hdg EUR Cap;BNP Paribas Flexi I Commodities Classic Hedged EUR Capitalisation;BNP Paribas Asset Management Luxembourg;Real Assets;Commodities Broad Basket;Materias Primas - Diversificado;EUR;Luxemburgo;6;;;1.5;19.27;36.98;12.31;9.93;2019-11-15;True;False;0;2026-08-24
LU1931956285;BNPP Flexi I Commodities Cl USD Cap;BNP Paribas Flexi I Commodities Classic USD Capitalisation;BNP Paribas Asset Management Luxembourg;Real Assets;Commodities Broad Basket;Materias Primas - Diversificado;USD;Luxemburgo;6;;;1.5;21;40.21;14.68;12.34;2019-11-15;True;False;0;2026-08-24
LU1881477043;DWS Invest Enh Cmdty Strat LC;DWS Invest Enhanced Commodity Strategy LC;DWS Investment S.A.;Real Assets;Commodities Broad Basket;Materias Primas - Diversificado;EUR;Luxemburgo;6;;1.35;1.2;33.29;48.25;12.76;12.05;2019-05-07;True;False;0;2026-08-24
LU0397155978;GSQrtx Mdfd Stgy Blmbrg Cmd TR A EUR;GSQuartix Modified Strategy on the Bloomberg Commodity IndexTotal Return Portfolio A EUR;Amundi Luxembourg S.A.;Real Assets;Commodities Broad Basket;Materias Primas - Diversificado;EUR;Luxemburgo;6;;1.14;1;24.21;38.95;11.8;10.78;2009-05-19;True;False;1000;2026-08-24
LU0397155895;GSQuartix Mdfd Stgy Blmbrg CmdIdxTR AUS$;Structured Investments SICAV GSQuartix Modified StrategyontheBloombergCommodityIndexTotalReturn AUSD;Amundi Luxembourg S.A.;Real Assets;Commodities Broad Basket;Materias Primas - Diversificado;USD;Luxemburgo;6;;1.14;1;25.59;41.7;14.05;13.09;2009-05-20;True;False;1000;2026-08-24
LU2607330011;MS INVF Parametric Commodity A Acc;Morgan Stanley Investment Funds - Parametric Commodity Fund A Acc;MSIM Fund Management (Ireland) Limited;Real Assets;Commodities Broad Basket;Materias Primas - Diversificado;USD;Luxemburgo;4;;1.64;1.4;25.77;40.64;;;2024-02-27;True;True;0;2026-08-24
IE00B79S1F56;PIMCO GIS Cmdty Real Ret E EURH Acc;PIMCO GIS Commodity Real Return Fund E Class EUR (Hedged) Accumulation;PIMCO Global Advisors (Ireland) Limited;Real Assets;Commodities Broad Basket;Materias Primas - Diversificado;EUR;Irlanda;6;;;2.5;28.61;39.74;12.91;9.33;2012-03-07;True;False;;2026-08-24
IE00B1D7YH97;PIMCO GIS Cmdty Real Ret E USD Acc;PIMCO GIS Commodity Real Return Fund E Class USD Accumulation;PIMCO Global Advisors (Ireland) Limited;Real Assets;Commodities Broad Basket;Materias Primas - Diversificado;USD;Irlanda;6;;;2.5;30.22;42.51;15.12;11.5;2007-09-21;True;False;1000;2026-08-24
LU0415415636;Vontobel Commodity H Hedged EUR;Vontobel Fund - Commodity H (hedged) EUR Cap;Vontobel Asset Management S.A.;Real Assets;Commodities Broad Basket;Materias Primas - Diversificado;EUR;Luxemburgo;6;;1.87;1.65;23.7;35.45;13.15;10.33;2008-05-14;True;False;0;2026-08-24
FR0014008NN3;Ofi Invest Energy Strategic Metals R;Ofi Invest Energy Strategic Metals R;OFI Invest Asset Management;Real Assets;Commodities Specified;Materias Primas - Industria y Metales;EUR;Francia;4;;1.83;1.81;-1.56;33.37;14.46;;2022-06-08;True;False;0;2026-08-24
FR0011170182;Ofi Invest Precious Metals R;Ofi Invest Precious Metals R;OFI Invest Asset Management;Real Assets;Commodities Specified;Materias Primas - Metales Preciosos;EUR;Francia;5;;;1.5;-4.29;41.06;26.21;11.04;2012-03-08;True;False;0;2026-08-24
