fecha;Isin;VL_EUR
2026-08-24;AT0000A03N37;216.38
2026-08-26;AT0000A03N37;215.84
2026-08-27;AT0000A03N37;216.83
2026-08-28;AT0000A03N37;218.04
2026-08-31;AT0000A03N37;216.41
2026-09-03;AT0000A03N37;211.23
2026-09-11;AT0000A03N37;212.89
2026-08-24;BE0058181786;264.14
2026-08-25;BE0058181786;265.07
2026-08-26;BE0058181786;265.68
2026-08-27;BE0058181786;264.16
2026-08-28;BE0058181786;265.92
2026-09-02;BE0058181786;260.68
2026-09-10;BE0058181786;258.3
2026-08-24;BE0058182792;383.52
2026-08-25;BE0058182792;384.88
2026-08-26;BE0058182792;385.76
2026-08-27;BE0058182792;383.56
2026-08-28;BE0058182792;386.11
2026-09-02;BE0058182792;378.5
2026-09-10;BE0058182792;375.05
2026-08-24;BE0058652646;404.4
2026-08-26;BE0058652646;407.41
2026-08-27;BE0058652646;408.75
2026-08-28;BE0058652646;408.54
2026-09-02;BE0058652646;403.91
2026-09-10;BE0058652646;399.36
2026-08-24;BE0940002729;502.72
2026-08-25;BE0940002729;504.65
2026-08-26;BE0940002729;504.5
2026-08-27;BE0940002729;502.19
2026-08-28;BE0940002729;504.44
2026-09-02;BE0940002729;495.47
2026-09-10;BE0940002729;486.55
2026-08-24;BE0943877671;80.51
2026-08-25;BE0943877671;80.84
2026-08-26;BE0943877671;80.64
2026-08-27;BE0943877671;80.57
2026-08-28;BE0943877671;80.48
2026-09-02;BE0943877671;80.05
2026-09-10;BE0943877671;79.33
2026-08-24;BE0946563377;277.67
2026-08-26;BE0946563377;280.43
2026-08-27;BE0946563377;283.3
2026-08-28;BE0946563377;282.28
2026-09-02;BE0946563377;277.81
2026-09-10;BE0946563377;272.48
2026-08-24;BE0946564383;368.5
2026-08-26;BE0946564383;372.16
2026-08-27;BE0946564383;375.96
2026-08-28;BE0946564383;374.61
2026-09-02;BE0946564383;368.69
2026-09-10;BE0946564383;361.6
2026-08-24;BE0947853660;644.89
2026-08-25;BE0947853660;644.84
2026-08-26;BE0947853660;646.1
2026-08-27;BE0947853660;645.73
2026-08-28;BE0947853660;646.82
2026-09-02;BE0947853660;644.06
2026-09-10;BE0947853660;631.48
2026-08-24;BE0947865789;647.1184
2026-08-25;BE0947865789;647.0593
2026-08-26;BE0947865789;648.3271
2026-08-27;BE0947865789;647.9448
2026-08-28;BE0947865789;649.0483
2026-09-02;BE0947865789;646.2742
2026-09-10;BE0947865789;633.6578
2026-08-24;BE6213828088;149.3
2026-08-25;BE6213828088;149.96
2026-08-26;BE6213828088;149.4
2026-08-27;BE6213828088;147.82
2026-08-28;BE6213828088;147.87
2026-09-02;BE6213828088;143.69
2026-09-10;BE6213828088;139.5
2026-08-24;BE6213829094;219.64
2026-08-25;BE6213829094;220.61
2026-08-26;BE6213829094;219.79
2026-08-27;BE6213829094;217.47
2026-08-28;BE6213829094;217.54
2026-09-02;BE6213829094;211.39
2026-09-10;BE6213829094;205.22
2026-08-24;BE6289210211;576.41
2026-08-25;BE6289210211;576.37
2026-08-26;BE6289210211;577.49
2026-08-27;BE6289210211;577.15
2026-08-28;BE6289210211;578.13
2026-09-02;BE6289210211;575.66
2026-09-10;BE6289210211;564.42
2026-08-25;DE0005152482;280.62
2026-08-26;DE0005152482;280.58
2026-08-27;DE0005152482;283.84
2026-08-28;DE0005152482;283.14
2026-08-31;DE0005152482;279.78
2026-09-03;DE0005152482;272.49
2026-09-11;DE0005152482;269.6
2026-08-25;DE0008474149;573.31
2026-08-26;DE0008474149;578.24
2026-08-27;DE0008474149;582.43
2026-08-28;DE0008474149;588.81
2026-08-31;DE0008474149;587.67
2026-09-03;DE0008474149;572.69
2026-09-11;DE0008474149;575.53
2026-08-25;DE0008490962;350.7
2026-08-26;DE0008490962;352.5
2026-08-27;DE0008490962;353.81
2026-08-28;DE0008490962;354.85
2026-08-31;DE0008490962;352.56
2026-09-03;DE0008490962;344.74
2026-09-10;DE0008490962;342.53
2026-09-11;DE0008490962;341.19
2026-08-25;DE0009769869;662.28
2026-08-26;DE0009769869;666.38
2026-08-27;DE0009769869;669.26
2026-08-28;DE0009769869;671.04
2026-08-31;DE0009769869;666.51
2026-09-03;DE0009769869;650.49
2026-09-10;DE0009769869;648.01
2026-09-11;DE0009769869;644.57
2026-08-25;DE0009769976;354.79
2026-08-26;DE0009769976;358.86
2026-08-27;DE0009769976;358.95
2026-08-28;DE0009769976;356.7
2026-08-31;DE0009769976;348.86
2026-09-03;DE0009769976;356.5
2026-09-11;DE0009769976;340.01
2026-08-24;DE0009781740;712.7
2026-08-25;DE0009781740;715.35
2026-08-26;DE0009781740;712.4
2026-08-27;DE0009781740;717.42
2026-08-28;DE0009781740;716.33
2026-09-02;DE0009781740;709.38
2026-09-10;DE0009781740;691.5
2026-08-25;DE0009848119;177.48
2026-08-26;DE0009848119;177.44
2026-08-27;DE0009848119;176.72
2026-08-28;DE0009848119;176.31
2026-08-31;DE0009848119;176.61
2026-09-03;DE0009848119;176.17
2026-09-11;DE0009848119;173.93
2026-08-24;DE000A0X7541;390.29
2026-08-25;DE000A0X7541;391.36
2026-08-26;DE000A0X7541;389.78
2026-08-27;DE000A0X7541;392.42
2026-08-28;DE000A0X7541;394.57
2026-09-02;DE000A0X7541;388.79
2026-09-04;DE000A0X7541;390.68
2026-09-07;DE000A0X7541;390.55
2026-09-10;DE000A0X7541;381.17
2026-08-24;DE000A1T73W9;1288.23
2026-08-25;DE000A1T73W9;1291.75
2026-08-26;DE000A1T73W9;1286.54
2026-08-27;DE000A1T73W9;1295.27
2026-08-28;DE000A1T73W9;1302.35
2026-09-02;DE000A1T73W9;1283.27
2026-09-04;DE000A1T73W9;1289.52
2026-09-07;DE000A1T73W9;1289.1
2026-09-10;DE000A1T73W9;1258.13
2026-08-24;DE000A2JJ1W5;125.63
2026-08-25;DE000A2JJ1W5;125.94
2026-08-26;DE000A2JJ1W5;125.92
2026-08-27;DE000A2JJ1W5;126.08
2026-08-28;DE000A2JJ1W5;126.03
2026-09-02;DE000A2JJ1W5;125.02
2026-09-04;DE000A2JJ1W5;125.46
2026-09-07;DE000A2JJ1W5;125.36
2026-09-10;DE000A2JJ1W5;124.08
2026-08-25;DE000DWS1U90;234.26
2026-08-26;DE000DWS1U90;234.21
2026-08-27;DE000DWS1U90;233.25
2026-08-28;DE000DWS1U90;232.72
2026-08-31;DE000DWS1U90;233.1
2026-09-03;DE000DWS1U90;232.52
2026-09-10;DE000DWS1U90;230.51
2026-09-11;DE000DWS1U90;229.57
2026-08-25;DE000DWS29E6;282.01
2026-08-26;DE000DWS29E6;281.98
2026-08-27;DE000DWS29E6;285.25
2026-08-28;DE000DWS29E6;284.55
2026-08-31;DE000DWS29E6;281.17
2026-09-03;DE000DWS29E6;273.84
2026-09-11;DE000DWS29E6;270.94
2026-08-24;ES0110053032;1068.9329
2026-08-25;ES0110053032;1069.8914
2026-08-26;ES0110053032;1069.5319
2026-08-27;ES0110053032;1069.2533
2026-08-28;ES0110053032;1068.6654
2026-09-02;ES0110053032;1067.5502
2026-09-10;ES0110053032;1064.6418
2026-08-21;ES0113063004;125.4751
2026-08-24;ES0113063004;125.4808
2026-08-25;ES0113063004;125.5116
2026-08-26;ES0113063004;125.502
2026-08-27;ES0113063004;125.5169
2026-09-01;ES0113063004;125.5193
2026-09-09;ES0113063004;125.5191
2026-08-24;ES0113182002;100.7839
2026-08-25;ES0113182002;100.8982
2026-08-26;ES0113182002;100.8473
2026-08-27;ES0113182002;100.8103
2026-08-28;ES0113182002;100.7296
2026-09-02;ES0113182002;100.5659
2026-09-10;ES0113182002;100.1931
2026-08-24;ES0113182010;100.7278
2026-08-25;ES0113182010;100.8417
2026-08-26;ES0113182010;100.7905
2026-08-27;ES0113182010;100.7533
2026-08-28;ES0113182010;100.6724
2026-09-02;ES0113182010;100.5074
2026-09-10;ES0113182010;100.1326
2026-08-21;ES0113257002;130.5144
2026-08-24;ES0113257002;130.315
2026-08-25;ES0113257002;130.6332
2026-08-26;ES0113257002;130.6861
2026-08-27;ES0113257002;130.7422
2026-09-01;ES0113257002;130.0997
2026-09-04;ES0113257002;130.6728
2026-09-09;ES0113257002;129.9916
2026-08-21;ES0113257010;126.3066
2026-08-24;ES0113257010;126.1121
2026-08-25;ES0113257010;126.4196
2026-08-26;ES0113257010;126.4704
2026-08-27;ES0113257010;126.5242
2026-09-01;ES0113257010;125.9003
2026-09-04;ES0113257010;126.453
2026-09-09;ES0113257010;125.7914
2026-08-21;ES0113257028;128.5154
2026-08-24;ES0113257028;128.3007
2026-08-25;ES0113257028;128.6383
2026-08-26;ES0113257028;128.6935
2026-08-27;ES0113257028;128.7523
2026-09-01;ES0113257028;128.0647
2026-09-04;ES0113257028;128.6711
2026-09-09;ES0113257028;127.9422
2026-08-21;ES0113257036;114.1745
2026-08-24;ES0113257036;113.9838
2026-08-25;ES0113257036;114.2837
2026-08-26;ES0113257036;114.3327
2026-08-27;ES0113257036;114.3849
2026-09-01;ES0113257036;113.7741
2026-09-04;ES0113257036;114.3128
2026-09-09;ES0113257036;113.6652
2026-08-24;ES0113258000;108.7534
2026-08-25;ES0113258000;108.8974
2026-08-26;ES0113258000;108.8675
2026-08-27;ES0113258000;108.8532
2026-08-28;ES0113258000;108.8097
2026-09-02;ES0113258000;108.5718
2026-09-04;ES0113258000;108.7558
2026-09-07;ES0113258000;108.6938
2026-09-10;ES0113258000;108.1146
2026-08-24;ES0113258018;106.6652
2026-08-25;ES0113258018;106.8058
2026-08-26;ES0113258018;106.7757
2026-08-27;ES0113258018;106.761
2026-08-28;ES0113258018;106.7175
2026-09-02;ES0113258018;106.4806
2026-09-04;ES0113258018;106.6596
2026-09-07;ES0113258018;106.5965
2026-09-10;ES0113258018;106.0264
2026-08-24;ES0113258026;106.0596
2026-08-25;ES0113258026;106.199
2026-08-26;ES0113258026;106.1688
2026-08-27;ES0113258026;106.1539
2026-08-28;ES0113258026;106.1104
2026-09-02;ES0113258026;105.8734
2026-09-04;ES0113258026;106.0508
2026-09-07;ES0113258026;105.9872
2026-09-10;ES0113258026;105.4195
2026-08-24;ES0113366001;106.5145
2026-08-25;ES0113366001;106.538
2026-08-26;ES0113366001;106.528
2026-08-27;ES0113366001;106.5402
2026-08-28;ES0113366001;106.536
2026-09-02;ES0113366001;106.5294
2026-09-10;ES0113366001;106.4916
2026-08-24;ES0113367009;100.5399
2026-08-25;ES0113367009;100.7281
2026-08-26;ES0113367009;100.6388
2026-08-27;ES0113367009;100.5896
2026-08-28;ES0113367009;100.4653
2026-09-02;ES0113367009;100.2412
2026-09-10;ES0113367009;99.6519
2026-08-24;ES0113368007;101.7397
2026-08-25;ES0113368007;101.7496
2026-08-26;ES0113368007;101.7526
2026-08-27;ES0113368007;101.7576
2026-08-28;ES0113368007;101.7608
2026-09-02;ES0113368007;101.7716
2026-09-10;ES0113368007;101.7868
2026-08-24;ES0113368015;101.6922
2026-08-25;ES0113368015;101.7017
2026-08-26;ES0113368015;101.7045
2026-08-27;ES0113368015;101.7092
2026-08-28;ES0113368015;101.7121
2026-09-02;ES0113368015;101.7215
2026-09-10;ES0113368015;101.7345
2026-08-24;ES0113389003;101.8228
2026-08-25;ES0113389003;101.9666
2026-08-26;ES0113389003;101.9112
2026-08-27;ES0113389003;101.8477
2026-08-28;ES0113389003;101.7356
2026-09-02;ES0113389003;101.4718
2026-09-10;ES0113389003;100.9868
2026-08-24;ES0113389029;102.0426
2026-08-25;ES0113389029;102.1865
2026-08-26;ES0113389029;102.1307
2026-08-27;ES0113389029;102.0668
2026-08-28;ES0113389029;101.954
2026-09-02;ES0113389029;101.6883
2026-09-10;ES0113389029;101.2001
2026-08-21;ES0113500005;115.9501
2026-08-24;ES0113500005;115.8551
2026-08-25;ES0113500005;116.0533
2026-08-26;ES0113500005;116.0523
2026-08-27;ES0113500005;116.0557
2026-09-01;ES0113500005;115.6633
2026-09-03;ES0113500005;115.8798
2026-09-04;ES0113500005;115.9446
2026-09-09;ES0113500005;115.5123
2026-08-21;ES0113500013;112.7677
2026-08-24;ES0113500013;112.674
2026-08-25;ES0113500013;112.8664
2026-08-26;ES0113500013;112.8652
2026-08-27;ES0113500013;112.8683
2026-09-01;ES0113500013;112.4845
2026-09-03;ES0113500013;112.6937
2026-09-04;ES0113500013;112.7562
2026-09-09;ES0113500013;112.3335
2026-08-21;ES0113500021;114.0783
2026-08-24;ES0113500021;113.974
2026-08-25;ES0113500021;114.1836
2026-08-26;ES0113500021;114.1815
2026-08-27;ES0113500021;114.184
2026-09-01;ES0113500021;113.7616
2026-09-03;ES0113500021;113.9892
2026-09-04;ES0113500021;114.057
2026-09-09;ES0113500021;113.5923
2026-08-21;ES0113500039;105.3234
2026-08-24;ES0113500039;105.2271
2026-08-25;ES0113500039;105.4206
2026-08-26;ES0113500039;105.4187
2026-08-27;ES0113500039;105.421
2026-09-01;ES0113500039;105.0311
2026-09-03;ES0113500039;105.2412
2026-09-04;ES0113500039;105.3037
2026-09-09;ES0113500039;104.8747
2026-08-21;ES0113569000;188.8597
2026-08-24;ES0113569000;188.3098
2026-08-25;ES0113569000;189.0503
2026-08-26;ES0113569000;189.3069
2026-08-27;ES0113569000;189.6532
2026-09-01;ES0113569000;188.2285
2026-09-03;ES0113569000;189.6302
2026-09-04;ES0113569000;189.905
2026-09-09;ES0113569000;188.4062
2026-08-21;ES0113569018;172.4622
2026-08-24;ES0113569018;171.9587
2026-08-25;ES0113569018;172.6344
2026-08-26;ES0113569018;172.8684
2026-08-27;ES0113569018;173.1841
2026-09-01;ES0113569018;171.8816
2026-09-03;ES0113569018;173.1607
2026-09-04;ES0113569018;173.4111
2026-09-09;ES0113569018;172.0403
2026-08-21;ES0113569026;181.6769
2026-08-24;ES0113569026;181.1009
2026-08-25;ES0113569026;181.8686
2026-08-26;ES0113569026;182.1336
2026-08-27;ES0113569026;182.4912
2026-09-01;ES0113569026;181.0027
2026-09-03;ES0113569026;182.4547
2026-09-04;ES0113569026;182.7375
2026-09-09;ES0113569026;181.1705
2026-08-24;ES0113571006;141.944
2026-08-25;ES0113571006;143.9024
2026-08-26;ES0113571006;144.4486
2026-08-27;ES0113571006;144.9156
2026-08-28;ES0113571006;145.3834
2026-09-02;ES0113571006;144.7653
2026-09-10;ES0113571006;144.7703
2026-08-24;ES0113572004;223.1047
2026-08-25;ES0113572004;223.527
2026-08-26;ES0113572004;223.8172
2026-08-27;ES0113572004;224.6419
2026-08-28;ES0113572004;226.6755
2026-09-02;ES0113572004;224.1243
2026-09-10;ES0113572004;221.706
2026-08-21;ES0113573002;161.6018
2026-08-24;ES0113573002;160.882
2026-08-25;ES0113573002;161.4039
2026-08-26;ES0113573002;161.3759
2026-08-27;ES0113573002;162.1468
2026-09-01;ES0113573002;159.9772
2026-09-03;ES0113573002;160.2391
2026-09-04;ES0113573002;160.714
2026-09-09;ES0113573002;159.1056
2026-08-21;ES0113573028;121.4361
2026-08-24;ES0113573028;120.8959
2026-08-25;ES0113573028;121.2896
2026-08-26;ES0113573028;121.2684
2026-08-27;ES0113573028;121.8483
2026-09-01;ES0113573028;120.2145
2026-09-03;ES0113573028;120.4133
2026-09-04;ES0113573028;120.7729
2026-09-09;ES0113573028;119.5655
2026-08-21;ES0113573036;116.1963
2026-08-24;ES0113573036;115.6802
2026-08-25;ES0113573036;116.0572
2026-08-26;ES0113573036;116.0372
2026-08-27;ES0113573036;116.5924
2026-09-01;ES0113573036;115.0339
2026-09-03;ES0113573036;115.2248
2026-09-04;ES0113573036;115.5692
2026-09-09;ES0113573036;114.3166
2026-08-24;ES0113574000;164.152
2026-08-25;ES0113574000;164.633
2026-08-26;ES0113574000;164.7184
2026-08-27;ES0113574000;163.6683
2026-08-28;ES0113574000;164.6644
2026-09-02;ES0113574000;162.1848
2026-09-10;ES0113574000;159.9683
2026-08-24;ES0113574018;167.4403
2026-08-25;ES0113574018;168.0574
2026-08-26;ES0113574018;168.2633
2026-08-27;ES0113574018;168.5362
2026-08-28;ES0113574018;168.9839
2026-09-02;ES0113574018;167.3741
2026-09-10;ES0113574018;165.699
2026-08-24;ES0113574026;108.0045
2026-08-25;ES0113574026;108.1812
2026-08-26;ES0113574026;108.1073
2026-08-27;ES0113574026;108.0385
2026-08-28;ES0113574026;107.9161
2026-09-02;ES0113574026;107.629
2026-09-10;ES0113574026;107.0467
2026-08-24;ES0113574034;108.5164
2026-08-25;ES0113574034;108.5614
2026-08-26;ES0113574034;108.5528
2026-08-27;ES0113574034;108.5471
2026-08-28;ES0113574034;108.5265
2026-09-02;ES0113574034;108.4949
2026-09-10;ES0113574034;108.3775
2026-08-24;ES0113574042;157.143
2026-08-25;ES0113574042;157.468
2026-08-26;ES0113574042;157.7574
2026-08-27;ES0113574042;160.0683
2026-08-28;ES0113574042;160.4845
2026-09-02;ES0113574042;158.6337
2026-09-10;ES0113574042;155.8715
2026-08-21;ES0113584009;111.5742
2026-08-24;ES0113584009;112.0774
2026-08-25;ES0113584009;111.9242
2026-08-26;ES0113584009;112.1719
2026-08-27;ES0113584009;111.2696
2026-09-01;ES0113584009;110.9703
2026-09-09;ES0113584009;110.5034
2026-08-21;ES0113585006;107.3137
2026-08-24;ES0113585006;107.1594
2026-08-25;ES0113585006;107.3938
2026-08-26;ES0113585006;107.4333
2026-08-27;ES0113585006;107.0062
2026-09-01;ES0113585006;106.3878
2026-09-09;ES0113585006;105.6256
2026-08-24;ES0113734000;165.8345
2026-08-25;ES0113734000;166.3397
2026-08-26;ES0113734000;166.4193
2026-08-27;ES0113734000;166.6334
2026-08-28;ES0113734000;166.8559
2026-09-02;ES0113734000;165.7455
2026-09-04;ES0113734000;166.7399
2026-09-07;ES0113734000;166.7523
2026-09-10;ES0113734000;164.2691
2026-08-24;ES0113734018;153.5783
2026-08-25;ES0113734018;154.0439
2026-08-26;ES0113734018;154.1153
2026-08-27;ES0113734018;154.3112
2026-08-28;ES0113734018;154.5149
2026-09-02;ES0113734018;153.4751
2026-09-04;ES0113734018;154.3912
2026-09-07;ES0113734018;154.3958
2026-09-10;ES0113734018;152.0897
2026-08-24;ES0113734026;152.3698
2026-08-25;ES0113734026;152.8314
2026-08-26;ES0113734026;152.9018
2026-08-27;ES0113734026;153.0958
2026-08-28;ES0113734026;153.2974
2026-09-02;ES0113734026;152.2637
2026-09-04;ES0113734026;153.1718
2026-09-07;ES0113734026;153.175
2026-09-10;ES0113734026;150.8859
2026-08-24;ES0113734034;149.3765
2026-08-25;ES0113734034;149.8294
2026-08-26;ES0113734034;149.8988
2026-08-27;ES0113734034;150.0894
2026-08-28;ES0113734034;150.2875
2026-09-02;ES0113734034;149.2761
2026-09-04;ES0113734034;150.1672
2026-09-07;ES0113734034;150.1716
2026-09-10;ES0113734034;147.9286
2026-08-21;ES0113815031;96.2929
2026-08-24;ES0113815031;96.3183
2026-08-25;ES0113815031;96.3268
2026-08-26;ES0113815031;96.3256
2026-08-27;ES0113815031;96.3249
2026-09-01;ES0113815031;96.3306
2026-09-09;ES0113815031;96.3532
2026-08-24;ES0113921037;743.3765
2026-08-25;ES0113921037;743.4453
2026-08-26;ES0113921037;743.4649
2026-08-27;ES0113921037;743.5289
2026-08-28;ES0113921037;743.5044
2026-09-02;ES0113921037;743.5722
2026-09-10;ES0113921037;743.6945
2026-08-21;ES0113983003;79.4897
2026-08-24;ES0113983003;79.6006
2026-08-25;ES0113983003;79.631
2026-08-26;ES0113983003;79.615
2026-08-27;ES0113983003;79.437
2026-09-01;ES0113983003;79.3001
2026-09-09;ES0113983003;79.0696
2026-08-21;ES0114024005;114.5557
2026-08-24;ES0114024005;114.409
2026-08-25;ES0114024005;114.4958
2026-08-26;ES0114024005;114.6191
2026-08-27;ES0114024005;114.1874
2026-09-01;ES0114024005;113.6192
2026-09-09;ES0114024005;112.98
2026-08-24;ES0114104039;1924.3012
2026-08-25;ES0114104039;1932.0991
2026-08-26;ES0114104039;1944.7902
2026-08-27;ES0114104039;1944.0598
2026-08-28;ES0114104039;1960.2974
2026-09-02;ES0114104039;1928.2685
2026-09-10;ES0114104039;1910.5586
2026-08-24;ES0114105036;6091.6214
2026-08-25;ES0114105036;6127.1576
2026-08-26;ES0114105036;6129.4595
2026-08-27;ES0114105036;6213.1049
2026-08-28;ES0114105036;6172.0507
2026-09-02;ES0114105036;6108.9872
2026-09-10;ES0114105036;6100.2058
2026-08-24;ES0114754031;1347.49
2026-08-25;ES0114754031;1350.3657
2026-08-26;ES0114754031;1352.4022
2026-08-27;ES0114754031;1342.1954
2026-08-28;ES0114754031;1353.9226
2026-09-02;ES0114754031;1328.5596
2026-09-10;ES0114754031;1314.64
2026-08-24;ES0114763032;2789.6441
2026-08-25;ES0114763032;2797.2555
2026-08-26;ES0114763032;2797.3265
2026-08-27;ES0114763032;2815.9188
2026-08-28;ES0114763032;2814.3185
2026-09-02;ES0114763032;2794.2912
2026-09-10;ES0114763032;2767.4252
2026-08-24;ES0114764030;557.6501
2026-08-25;ES0114764030;562.1151
2026-08-26;ES0114764030;563.255
2026-08-27;ES0114764030;562.99
2026-08-28;ES0114764030;565.1808
2026-09-02;ES0114764030;553.9585
2026-09-10;ES0114764030;550.7334
2026-08-24;ES0114793039;113.1171
2026-08-25;ES0114793039;113.3591
2026-08-26;ES0114793039;113.3592
2026-08-27;ES0114793039;113.0686
2026-08-28;ES0114793039;113.1562
2026-09-02;ES0114793039;112.4711
2026-09-04;ES0114793039;112.8507
2026-09-07;ES0114793039;112.8187
2026-09-10;ES0114793039;111.7191
2026-08-24;ES0114794037;269.6146
2026-08-25;ES0114794037;269.1336
2026-08-26;ES0114794037;269.2016
2026-08-27;ES0114794037;266.5798
2026-08-28;ES0114794037;268.836
2026-09-02;ES0114794037;265.2278
2026-09-10;ES0114794037;263.7163
2026-08-24;ES0114797030;1800.7378
2026-08-25;ES0114797030;1815.2066
2026-08-26;ES0114797030;1815.7751
2026-08-27;ES0114797030;1836.0298
2026-08-28;ES0114797030;1841.2062
2026-09-02;ES0114797030;1823.5139
2026-09-10;ES0114797030;1836.0957
2026-08-24;ES0114801030;929.442
2026-08-25;ES0114801030;929.5319
2026-08-26;ES0114801030;929.5629
2026-08-27;ES0114801030;929.6464
2026-08-28;ES0114801030;929.6215
2026-09-02;ES0114801030;929.7335
2026-09-10;ES0114801030;929.9334
2026-08-24;ES0114802038;2719.1622
2026-08-25;ES0114802038;2728.4168
2026-08-26;ES0114802038;2732.1233
2026-08-27;ES0114802038;2705.2122
2026-08-28;ES0114802038;2722.8277
2026-09-02;ES0114802038;2680.1193
2026-09-10;ES0114802038;2645.3309
2026-08-24;ES0114805031;1168.6251
2026-08-25;ES0114805031;1170.8517
2026-08-26;ES0114805031;1173.5129
2026-08-27;ES0114805031;1164.1616
2026-08-28;ES0114805031;1175.6909
2026-09-02;ES0114805031;1169.83
2026-09-10;ES0114805031;1158.7438
2026-08-24;ES0114806039;2874.1004
2026-08-25;ES0114806039;2884.8242
2026-08-26;ES0114806039;2897.5008
2026-08-27;ES0114806039;2914.7751
2026-08-28;ES0114806039;2916.6807
2026-09-02;ES0114806039;2856.9551
2026-09-10;ES0114806039;2824.3863
2026-08-24;ES0114821038;899.7227
2026-08-25;ES0114821038;899.8748
2026-08-26;ES0114821038;899.8753
2026-08-27;ES0114821038;899.9136
2026-08-28;ES0114821038;899.8943
2026-09-02;ES0114821038;899.8733
2026-09-10;ES0114821038;899.7256
2026-08-24;ES0114837034;1297.4103
2026-08-25;ES0114837034;1300.5376
2026-08-26;ES0114837034;1299.1287
2026-08-27;ES0114837034;1297.9097
2026-08-28;ES0114837034;1295.6956
2026-09-02;ES0114837034;1290.7398
2026-09-10;ES0114837034;1280.2513
2026-08-24;ES0114860036;1179.646
2026-08-25;ES0114860036;1181.5437
2026-08-26;ES0114860036;1180.8637
2026-08-27;ES0114860036;1180.2448
2026-08-28;ES0114860036;1180.1447
2026-09-02;ES0114860036;1176.0652
2026-09-07;ES0114860036;1177.7597
2026-09-10;ES0114860036;1169.1817
2026-08-24;ES0114867031;29.9897
2026-08-25;ES0114867031;30.0462
2026-08-26;ES0114867031;30.0185
2026-08-27;ES0114867031;29.9865
2026-08-28;ES0114867031;29.9348
2026-09-02;ES0114867031;29.8239
2026-09-10;ES0114867031;29.6378
2026-08-24;ES0114868039;1858.251
2026-08-25;ES0114868039;1858.4368
2026-08-26;ES0114868039;1858.532
2026-08-27;ES0114868039;1858.6583
2026-08-28;ES0114868039;1858.7681
2026-09-02;ES0114868039;1858.9561
2026-09-10;ES0114868039;1859.3553
2026-08-24;ES0114876032;1074.1169
2026-08-25;ES0114876032;1075.4598
2026-08-26;ES0114876032;1074.9044
2026-08-27;ES0114876032;1074.3932
2026-08-28;ES0114876032;1073.5704
2026-09-02;ES0114876032;1072.1174
2026-09-10;ES0114876032;1067.6721
2026-08-24;ES0114877030;1489.8144
2026-08-25;ES0114877030;1495.0037
2026-08-26;ES0114877030;1496.2028
2026-08-27;ES0114877030;1486.7692
2026-08-28;ES0114877030;1491.3034
2026-09-02;ES0114877030;1473.7727
2026-09-07;ES0114877030;1483.5506
2026-09-10;ES0114877030;1459.5161
2026-08-24;ES0114879036;128.7317
2026-08-25;ES0114879036;129.0935
2026-08-26;ES0114879036;129.2749
2026-08-27;ES0114879036;128.2933
2026-08-28;ES0114879036;129.3409
2026-09-02;ES0114879036;126.799
2026-09-10;ES0114879036;125.3456
2026-08-21;ES0115086003;149.4258
2026-08-24;ES0115086003;149.1282
2026-08-25;ES0115086003;149.5854
2026-08-26;ES0115086003;149.6987
2026-08-27;ES0115086003;149.8213
2026-09-01;ES0115086003;148.9177
2026-09-03;ES0115086003;149.6418
2026-09-04;ES0115086003;149.8096
2026-09-09;ES0115086003;148.8662
2026-08-21;ES0115086011;145.6027
2026-08-24;ES0115086011;145.3111
2026-08-25;ES0115086011;145.756
2026-08-26;ES0115086011;145.865
2026-08-27;ES0115086011;145.9838
2026-09-01;ES0115086011;145.1011
2026-09-03;ES0115086011;145.8053
2026-09-04;ES0115086011;145.9689
2026-09-09;ES0115086011;145.0503
2026-08-21;ES0115086029;147.7798
2026-08-24;ES0115086029;147.459
2026-08-25;ES0115086029;147.9462
2026-08-26;ES0115086029;148.0659
2026-08-27;ES0115086029;148.1956
2026-09-01;ES0115086029;147.2252
2026-09-03;ES0115086029;147.9965
2026-09-04;ES0115086029;148.1747
2026-09-09;ES0115086029;147.1639
2026-08-24;ES0115087001;118.3689
2026-08-25;ES0115087001;118.5941
2026-08-26;ES0115087001;118.5721
2026-08-27;ES0115087001;118.5833
2026-08-28;ES0115087001;118.5694
2026-09-02;ES0115087001;118.1374
2026-09-04;ES0115087001;118.4755
2026-09-07;ES0115087001;118.41
2026-09-10;ES0115087001;117.4282
2026-08-24;ES0115087019;115.3421
2026-08-25;ES0115087019;115.5605
2026-08-26;ES0115087019;115.5379
2026-08-27;ES0115087019;115.5477
2026-08-28;ES0115087019;115.533
2026-09-02;ES0115087019;115.1065
2026-09-04;ES0115087019;115.4338
2026-09-07;ES0115087019;115.3667
2026-09-10;ES0115087019;114.4068
2026-08-24;ES0115087027;108.3481
2026-08-25;ES0115087027;108.5532
2026-08-26;ES0115087027;108.532
2026-08-27;ES0115087027;108.5412
2026-08-28;ES0115087027;108.5274
2026-09-02;ES0115087027;108.1268
2026-09-04;ES0115087027;108.4343
2026-09-07;ES0115087027;108.3712
2026-09-10;ES0115087027;107.4695
2026-08-24;ES0115087035;114.422
2026-08-25;ES0115087035;114.6384
2026-08-26;ES0115087035;114.6157
2026-08-27;ES0115087035;114.6251
2026-08-28;ES0115087035;114.6102
2026-09-02;ES0115087035;114.1856
2026-09-04;ES0115087035;114.5096
2026-09-07;ES0115087035;114.4421
2026-09-10;ES0115087035;113.4889
2026-08-24;ES0115155030;810.4075
2026-08-25;ES0115155030;810.4887
2026-08-26;ES0115155030;810.5178
2026-08-27;ES0115155030;810.5932
2026-08-28;ES0115155030;810.5738
2026-09-02;ES0115155030;810.6825
2026-09-10;ES0115155030;810.8742
2026-08-24;ES0115157036;250.5192
2026-08-25;ES0115157036;251.8799
2026-08-26;ES0115157036;251.7696
2026-08-27;ES0115157036;253.7396
2026-08-28;ES0115157036;253.8107
2026-09-02;ES0115157036;250.5926
2026-09-10;ES0115157036;247.8565
2026-08-24;ES0125621039;2560.5078
2026-08-25;ES0125621039;2559.1884
2026-08-26;ES0125621039;2559.0539
2026-08-27;ES0125621039;2535.1422
2026-08-28;ES0125621039;2552.5884
2026-09-02;ES0125621039;2522.6276
2026-09-10;ES0125621039;2507.627
2026-08-24;ES0127186031;94.0618
2026-08-25;ES0127186031;94.0716
2026-08-26;ES0127186031;94.0752
2026-08-27;ES0127186031;94.0843
2026-08-28;ES0127186031;94.0816
2026-09-02;ES0127186031;94.0955
2026-09-10;ES0127186031;94.1202
2026-08-21;ES0130354006;69.8539
2026-08-24;ES0130354006;69.8567
2026-08-25;ES0130354006;69.879
2026-08-26;ES0130354006;69.8688
2026-08-27;ES0130354006;69.8772
2026-09-01;ES0130354006;69.879
2026-09-09;ES0130354006;69.8829
2026-08-21;ES0135704007;105.9584
2026-08-24;ES0135704007;105.914
2026-08-25;ES0135704007;106.0449
2026-08-26;ES0135704007;106.0332
2026-08-27;ES0135704007;106.0071
2026-09-01;ES0135704007;105.7582
2026-09-03;ES0135704007;105.8489
2026-09-04;ES0135704007;105.8984
2026-09-09;ES0135704007;105.6278
2026-08-21;ES0135704015;104.5355
2026-08-24;ES0135704015;104.4904
2026-08-25;ES0135704015;104.6191
2026-08-26;ES0135704015;104.6072
2026-08-27;ES0135704015;104.581
2026-09-01;ES0135704015;104.3332
2026-09-03;ES0135704015;104.4219
2026-09-04;ES0135704015;104.4703
2026-09-09;ES0135704015;104.2012
2026-08-21;ES0135704023;104.5225
2026-08-24;ES0135704023;104.4765
2026-08-25;ES0135704023;104.6049
2026-08-26;ES0135704023;104.5927
2026-08-27;ES0135704023;104.5662
2026-09-01;ES0135704023;104.317
2026-09-03;ES0135704023;104.4051
2026-09-04;ES0135704023;104.4533
2026-09-09;ES0135704023;104.1828
2026-08-24;ES0135705004;208.3388
2026-08-25;ES0135705004;209.1337
2026-08-26;ES0135705004;209.4182
2026-08-27;ES0135705004;209.9389
2026-08-28;ES0135705004;210.5922
2026-09-02;ES0135705004;208.7069
2026-09-04;ES0135705004;210.4281
2026-09-07;ES0135705004;210.6141
2026-09-10;ES0135705004;206.5254
2026-08-24;ES0135705012;194.5396
2026-08-25;ES0135705012;195.2783
2026-08-26;ES0135705012;195.5405
2026-08-27;ES0135705012;196.0232
2026-08-28;ES0135705012;196.6297
2026-09-02;ES0135705012;194.8521
2026-09-04;ES0135705012;196.452
2026-09-07;ES0135705012;196.6151
2026-09-10;ES0135705012;192.7879
2026-08-24;ES0135705020;193.2818
2026-08-25;ES0135705020;194.015
2026-08-26;ES0135705020;194.2747
2026-08-27;ES0135705020;194.7534
2026-08-28;ES0135705020;195.3552
2026-09-02;ES0135705020;193.5851
2026-09-04;ES0135705020;195.173
2026-09-07;ES0135705020;195.3327
2026-09-10;ES0135705020;191.528
2026-08-24;ES0135705038;183.7039
2026-08-25;ES0135705038;184.4015
2026-08-26;ES0135705038;184.649
2026-08-27;ES0135705038;185.1048
2026-08-28;ES0135705038;185.6775
2026-09-02;ES0135705038;183.9989
2026-09-04;ES0135705038;185.5097
2026-09-07;ES0135705038;185.6638
2026-09-10;ES0135705038;182.0497
2026-08-24;ES0138954005;1609.8453
2026-08-25;ES0138954005;1610.3694
2026-08-26;ES0138954005;1610.1604
2026-08-27;ES0138954005;1610.6372
2026-08-28;ES0138954005;1610.6197
2026-09-02;ES0138954005;1610.9307
2026-09-10;ES0138954005;1610.8538
2026-08-24;ES0138954039;1600.8776
2026-08-25;ES0138954039;1601.3882
2026-08-26;ES0138954039;1601.1698
2026-08-27;ES0138954039;1601.6335
2026-08-28;ES0138954039;1601.6055
2026-09-02;ES0138954039;1601.8621
2026-09-10;ES0138954039;1601.7014
2026-08-21;ES0156738009;109.7678
2026-08-24;ES0156738009;109.7829
2026-08-25;ES0156738009;109.7879
2026-08-26;ES0156738009;109.793
2026-08-27;ES0156738009;109.7981
2026-09-01;ES0156738009;109.8235
2026-09-09;ES0156738009;109.8647
2026-08-20;ES0156739007;111.2112
2026-08-24;ES0156741003;144.982
2026-08-25;ES0156741003;145.975
2026-08-26;ES0156741003;144.7625
2026-08-27;ES0156741003;143.4251
2026-08-28;ES0156741003;143.2215
2026-09-02;ES0156741003;144.571
2026-09-10;ES0156741003;137.8802
2026-08-24;ES0156741029;143.8622
2026-08-25;ES0156741029;144.8468
2026-08-26;ES0156741029;143.6428
2026-08-27;ES0156741029;142.315
2026-08-28;ES0156741029;142.1122
2026-09-02;ES0156741029;143.4473
2026-09-10;ES0156741029;136.8025
2026-08-24;ES0158979007;107.7572
2026-08-25;ES0158979007;107.8586
2026-08-26;ES0158979007;107.8205
2026-08-27;ES0158979007;107.7832
2026-08-28;ES0158979007;107.713
2026-09-02;ES0158979007;107.5623
2026-09-10;ES0158979007;107.206
2026-08-24;ES0158979015;106.8988
2026-08-25;ES0158979015;106.9985
2026-08-26;ES0158979015;106.9599
2026-08-27;ES0158979015;106.9219
2026-08-28;ES0158979015;106.8514
2026-09-02;ES0158979015;106.6975
2026-09-10;ES0158979015;106.3371
2026-08-24;ES0158988008;113.6721
2026-08-25;ES0158988008;113.9556
2026-08-26;ES0158988008;113.933
2026-08-27;ES0158988008;114.2399
2026-08-28;ES0158988008;114.1859
2026-09-02;ES0158988008;113.4269
2026-09-04;ES0158988008;113.8259
2026-09-07;ES0158988008;113.7728
2026-09-10;ES0158988008;112.6815
2026-08-24;ES0158988032;112.3448
2026-08-25;ES0158988032;112.6242
2026-08-26;ES0158988032;112.601
2026-08-27;ES0158988032;112.9036
2026-08-28;ES0158988032;112.8494
2026-09-02;ES0158988032;112.0955
2026-09-04;ES0158988032;112.4882
2026-09-07;ES0158988032;112.4334
2026-09-10;ES0158988032;111.3527
2026-08-21;ES0158989006;105.9745
2026-08-24;ES0158989006;105.9788
2026-08-25;ES0158989006;106.1562
2026-08-26;ES0158989006;106.0925
2026-08-27;ES0158989006;106.0075
2026-09-01;ES0158989006;105.6058
2026-09-09;ES0158989006;105.2827
2026-08-21;ES0158989022;104.4612
2026-08-24;ES0158989022;104.4641
2026-08-25;ES0158989022;104.6386
2026-08-26;ES0158989022;104.5753
2026-08-27;ES0158989022;104.4912
2026-09-01;ES0158989022;104.0931
2026-09-09;ES0158989022;103.7712
2026-08-24;ES0158992000;101.6228
2026-08-25;ES0158992000;101.9602
2026-08-26;ES0158992000;101.7923
2026-08-27;ES0158992000;101.6701
2026-08-28;ES0158992000;101.4559
2026-09-02;ES0158992000;100.8974
2026-09-10;ES0158992000;99.8598
2026-08-24;ES0158992026;101.0827
2026-08-25;ES0158992026;101.4175
2026-08-26;ES0158992026;101.2497
2026-08-27;ES0158992026;101.1273
2026-08-28;ES0158992026;100.9134
2026-09-02;ES0158992026;100.3537
2026-09-10;ES0158992026;99.3152
2026-08-24;ES0159038001;103.5863
2026-08-25;ES0159038001;103.672
2026-08-26;ES0159038001;103.6452
2026-08-27;ES0159038001;103.6153
2026-08-28;ES0159038001;103.5606
2026-09-02;ES0159038001;103.4581
2026-09-10;ES0159038001;103.1724
2026-08-24;ES0159038019;105.3418
2026-08-25;ES0159038019;105.4292
2026-08-26;ES0159038019;105.4022
2026-08-27;ES0159038019;105.3721
2026-08-28;ES0159038019;105.3168
2026-09-02;ES0159038019;105.214
2026-09-10;ES0159038019;104.9258
2026-08-24;ES0159039017;110.046
2026-08-25;ES0159039017;110.2431
2026-08-26;ES0159039017;110.1433
2026-08-27;ES0159039017;110.0632
2026-08-28;ES0159039017;109.8959
2026-09-02;ES0159039017;109.4965
2026-09-10;ES0159039017;108.7469
2026-08-24;ES0159039025;100.0988
2026-08-25;ES0159039025;100.2783
2026-08-26;ES0159039025;100.1879
2026-08-27;ES0159039025;100.1152
2026-08-28;ES0159039025;99.9634
2026-09-02;ES0159039025;99.6014
2026-09-10;ES0159039025;98.9217
2026-08-24;ES0159040007;100.0
2026-08-25;ES0159040007;100.0
2026-08-26;ES0159040007;100.0
2026-08-27;ES0159040007;100.0
2026-08-28;ES0159040007;100.0
2026-09-02;ES0159040007;100.0
2026-09-10;ES0159040007;100.0
2026-08-24;ES0159040023;107.4292
2026-08-25;ES0159040023;107.4567
2026-08-26;ES0159040023;107.4503
2026-08-27;ES0159040023;107.448
2026-08-28;ES0159040023;107.4423
2026-09-02;ES0159040023;107.4328
2026-09-10;ES0159040023;107.3761
2026-08-24;ES0164384010;91.2288
2026-08-25;ES0164384010;90.9559
2026-08-26;ES0164384010;90.9878
2026-08-27;ES0164384010;90.3707
2026-08-28;ES0164384010;90.5958
2026-09-02;ES0164384010;91.1639
2026-09-10;ES0164384010;92.0807
2026-08-21;ES0164542005;86.0356
2026-08-24;ES0164542005;86.0472
2026-08-25;ES0164542005;86.0511
2026-08-26;ES0164542005;86.055
2026-08-27;ES0164542005;86.0589
2026-09-01;ES0164542005;86.0784
2026-09-09;ES0164542005;86.11
2026-08-24;ES0164585004;7.5227
2026-08-25;ES0164585004;7.5146
2026-08-26;ES0164585004;7.4986
2026-08-27;ES0164585004;7.5595
2026-08-28;ES0164585004;7.4805
2026-09-02;ES0164585004;7.6326
2026-09-10;ES0164585004;7.743
2026-08-24;ES0164586002;140.4393
2026-08-25;ES0164586002;140.7882
2026-08-26;ES0164586002;140.8174
2026-08-27;ES0164586002;140.9102
2026-08-28;ES0164586002;140.9967
2026-09-02;ES0164586002;140.248
2026-09-07;ES0164586002;140.8415
2026-09-10;ES0164586002;139.1875
2026-08-24;ES0164586010;132.9409
2026-08-25;ES0164586010;133.2693
2026-08-26;ES0164586010;133.2952
2026-08-27;ES0164586010;133.3812
2026-08-28;ES0164586010;133.4612
2026-09-02;ES0164586010;132.7434
2026-09-07;ES0164586010;133.296
2026-09-10;ES0164586010;131.7253
2026-08-24;ES0164586028;120.2658
2026-08-25;ES0164586028;120.5629
2026-08-26;ES0164586028;120.5863
2026-08-27;ES0164586028;120.6641
2026-08-28;ES0164586028;120.7365
2026-09-02;ES0164586028;120.0872
2026-09-07;ES0164586028;120.5871
2026-09-10;ES0164586028;119.1661
2026-08-24;ES0164586036;131.9758
2026-08-25;ES0164586036;132.3015
2026-08-26;ES0164586036;132.3268
2026-08-27;ES0164586036;132.4118
2026-08-28;ES0164586036;132.4909
2026-09-02;ES0164586036;131.7765
2026-09-07;ES0164586036;132.3233
2026-09-10;ES0164586036;130.7629
2026-08-21;ES0164950000;69.3898
2026-08-24;ES0164950000;69.4826
2026-08-25;ES0164950000;69.491
2026-08-26;ES0164950000;69.4816
2026-08-27;ES0164950000;69.3535
2026-09-01;ES0164950000;69.2718
2026-09-09;ES0164950000;69.1369
2026-08-21;ES0179392008;125.2281
2026-08-24;ES0179392008;125.233
2026-08-25;ES0179392008;125.2623
2026-08-26;ES0179392008;125.2535
2026-08-27;ES0179392008;125.2679
2026-09-01;ES0179392008;125.2712
2026-09-09;ES0179392008;125.2622
2026-08-24;FI0008800503;14.656
2026-08-25;FI0008800503;14.669
2026-08-26;FI0008800503;14.664
2026-08-27;FI0008800503;14.661
2026-08-28;FI0008800503;14.654
2026-09-02;FI0008800503;14.627
2026-09-10;FI0008800503;14.565
2026-08-24;FI0008800511;33.566
2026-08-25;FI0008800511;33.597
2026-08-26;FI0008800511;33.586
2026-08-27;FI0008800511;33.578
2026-08-28;FI0008800511;33.562
2026-09-02;FI0008800511;33.501
2026-09-10;FI0008800511;33.359
2026-08-24;FI0008801097;274.553
2026-08-25;FI0008801097;274.996
2026-08-26;FI0008801097;274.73
2026-08-27;FI0008801097;274.562
2026-08-28;FI0008801097;274.263
2026-09-02;FI0008801097;273.171
2026-09-10;FI0008801097;271.159
2026-08-24;FI0008804463;28.871
2026-08-25;FI0008804463;28.878
2026-08-26;FI0008804463;28.878
2026-08-27;FI0008804463;28.877
2026-08-28;FI0008804463;28.876
2026-09-02;FI0008804463;28.877
2026-09-10;FI0008804463;28.868
2026-08-24;FI0008811989;80.51
2026-08-25;FI0008811989;80.594
2026-08-26;FI0008811989;80.561
2026-08-27;FI0008811989;80.54
2026-08-28;FI0008811989;80.502
2026-09-02;FI0008811989;80.361
2026-09-10;FI0008811989;80.086
2026-08-24;FI0008811997;163.034
2026-08-25;FI0008811997;163.203
2026-08-26;FI0008811997;163.137
2026-08-27;FI0008811997;163.095
2026-08-28;FI0008811997;163.018
2026-09-02;FI0008811997;162.732
2026-09-10;FI0008811997;162.174
2026-08-24;FI4000066915;386.6
2026-08-26;FI4000066915;393.55
2026-08-27;FI4000066915;392.284
2026-08-28;FI4000066915;392.962
2026-09-02;FI4000066915;392.063
2026-09-10;FI4000066915;387.884
2026-08-24;FR0000003196;488.09
2026-08-25;FR0000003196;489.7
2026-08-26;FR0000003196;489.26
2026-08-27;FR0000003196;488.59
2026-08-28;FR0000003196;487.93
2026-09-02;FR0000003196;484.75
2026-09-10;FR0000003196;480.84
2026-08-24;FR0000172041;524.83
2026-08-25;FR0000172041;527.1
2026-08-26;FR0000172041;524.96
2026-08-27;FR0000172041;519.19
2026-08-28;FR0000172041;519.68
2026-09-02;FR0000172041;505.94
2026-09-10;FR0000172041;489.36
2026-08-24;FR0000292302;577.55
2026-08-25;FR0000292302;578.81
2026-08-26;FR0000292302;579.1
2026-08-27;FR0000292302;578.37
2026-08-28;FR0000292302;580.92
2026-09-02;FR0000292302;574.36
2026-09-04;FR0000292302;576.42
2026-09-07;FR0000292302;576.67
2026-09-10;FR0000292302;567.16
2026-08-24;FR0000438707;2757.34
2026-08-25;FR0000438707;2759.08
2026-08-26;FR0000438707;2758.46
2026-08-27;FR0000438707;2761.19
2026-08-28;FR0000438707;2758.56
2026-09-02;FR0000438707;2758.6
2026-09-07;FR0000438707;2759.74
2026-09-10;FR0000438707;2762.51
2026-08-24;FR0000974149;755.0
2026-08-25;FR0000974149;759.9
2026-08-26;FR0000974149;761.24
2026-08-27;FR0000974149;762.4
2026-08-28;FR0000974149;761.19
2026-09-02;FR0000974149;748.39
2026-09-10;FR0000974149;736.43
2026-08-24;FR0000989915;1706.23
2026-08-25;FR0000989915;1713.71
2026-08-24;FR0007004130;4377.37
2026-08-25;FR0007004130;4394.82
2026-08-26;FR0007004130;4385.11
2026-08-27;FR0007004130;4380.87
2026-08-28;FR0007004130;4375.39
2026-09-02;FR0007004130;4347.87
2026-09-10;FR0007004130;4304.77
2026-08-24;FR0007008750;499.71
2026-08-25;FR0007008750;500.65
2026-08-26;FR0007008750;500.29
2026-08-27;FR0007008750;499.94
2026-08-28;FR0007008750;499.14
2026-09-02;FR0007008750;496.93
2026-09-10;FR0007008750;493.47
2026-08-24;FR0010016477;1532.29
2026-08-25;FR0010016477;1532.79
2026-08-26;FR0010016477;1532.81
2026-08-27;FR0010016477;1532.71
2026-08-28;FR0010016477;1531.92
2026-09-02;FR0010016477;1530.25
2026-09-07;FR0010016477;1535.25
2026-09-10;FR0010016477;1533.44
2026-08-24;FR0010135103;847.44
2026-08-25;FR0010135103;850.22
2026-08-26;FR0010135103;849.71
2026-08-27;FR0010135103;851.29
2026-08-28;FR0010135103;849.41
2026-09-02;FR0010135103;848.46
2026-09-07;FR0010135103;854.11
2026-09-10;FR0010135103;847.19
2026-08-24;FR0010148981;3010.11
2026-08-26;FR0010148981;3034.03
2026-08-27;FR0010148981;3061.99
2026-08-28;FR0010148981;3064.48
2026-09-02;FR0010148981;3040.69
2026-09-10;FR0010148981;3014.55
2026-08-24;FR0010149120;1930.17
2026-08-25;FR0010149120;1932.21
2026-08-26;FR0010149120;1930.82
2026-08-27;FR0010149120;1930.58
2026-08-28;FR0010149120;1927.91
2026-09-02;FR0010149120;1924.14
2026-09-10;FR0010149120;1917.46
2026-08-24;FR0010149161;4044.46
2026-08-25;FR0010149161;4044.68
2026-08-26;FR0010149161;4044.89
2026-08-27;FR0010149161;4045.13
2026-08-28;FR0010149161;4045.41
2026-09-02;FR0010149161;4046.53
2026-09-10;FR0010149161;4048.39
2026-08-24;FR0010149179;413.99
2026-08-25;FR0010149179;415.95
2026-08-26;FR0010149179;416.34
2026-08-27;FR0010149179;417.41
2026-08-28;FR0010149179;417.34
2026-09-02;FR0010149179;414.71
2026-09-10;FR0010149179;418.78
2026-08-24;FR0010149302;1863.99
2026-08-25;FR0010149302;1875.79
2026-08-26;FR0010149302;1895.64
2026-08-27;FR0010149302;1900.74
2026-08-28;FR0010149302;1903.6
2026-09-02;FR0010149302;1874.74
2026-09-10;FR0010149302;1907.1
2026-08-24;FR0010174144;268.09
2026-08-25;FR0010174144;268.15
2026-08-26;FR0010174144;267.79
2026-08-27;FR0010174144;265.61
2026-08-28;FR0010174144;266.14
2026-09-02;FR0010174144;264.33
2026-09-10;FR0010174144;260.21
2026-08-24;FR0010230490;717.59
2026-08-25;FR0010230490;720.34
2026-08-26;FR0010230490;719.26
2026-08-27;FR0010230490;718.34
2026-08-28;FR0010230490;715.33
2026-09-02;FR0010230490;708.16
2026-09-10;FR0010230490;698.72
2026-08-24;FR0010288308;1779.02
2026-08-25;FR0010288308;1791.96
2026-08-26;FR0010288308;1801.72
2026-08-27;FR0010288308;1803.61
2026-08-28;FR0010288308;1809.13
2026-09-01;FR0010288308;1773.38
2026-09-10;FR0010288308;1759.97
2026-08-25;FR0010288316;615.25
2026-08-26;FR0010288316;615.28
2026-08-27;FR0010288316;615.32
2026-08-30;FR0010288316;615.44
2026-08-31;FR0010288316;615.47
2026-09-02;FR0010288316;615.53
2026-09-10;FR0010288316;615.82
2026-08-24;FR0010288332;648.52
2026-08-25;FR0010288332;649.04
2026-08-26;FR0010288332;648.99
2026-08-27;FR0010288332;648.92
2026-08-28;FR0010288332;648.5
2026-09-02;FR0010288332;647.38
2026-09-10;FR0010288332;645.33
2026-08-24;FR0010306142;203.0
2026-08-25;FR0010306142;203.67
2026-08-26;FR0010306142;203.54
2026-08-27;FR0010306142;203.92
2026-08-28;FR0010306142;203.46
2026-09-02;FR0010306142;203.23
2026-09-07;FR0010306142;204.57
2026-09-10;FR0010306142;202.9
2026-08-24;FR0010547869;309.76
2026-08-25;FR0010547869;311.2
2026-08-26;FR0010547869;312.25
2026-08-27;FR0010547869;313.43
2026-08-28;FR0010547869;315.08
2026-09-02;FR0010547869;309.42
2026-09-10;FR0010547869;306.63
2026-08-24;FR0010611293;1909.45
2026-08-25;FR0010611293;1914.46
2026-08-26;FR0010611293;1912.58
2026-08-27;FR0010611293;1908.23
2026-08-28;FR0010611293;1908.1
2026-09-02;FR0010611293;1891.62
2026-09-04;FR0010611293;1896.5
2026-09-07;FR0010611293;1893.52
2026-09-10;FR0010611293;1872.96
2026-08-25;FR0010693689;2630.3935
2026-08-26;FR0010693689;2630.5245
2026-08-27;FR0010693689;2630.7136
2026-08-30;FR0010693689;2631.2123
2026-08-31;FR0010693689;2631.3664
2026-09-03;FR0010693689;2631.9059
2026-09-08;FR0010693689;2632.6599
2026-09-10;FR0010693689;2633.0478
2026-08-24;FR0010722348;4235.8
2026-08-25;FR0010722348;4253.62
2026-08-26;FR0010722348;4253.69
2026-08-27;FR0010722348;4274.86
2026-08-28;FR0010722348;4275.09
2026-09-01;FR0010722348;4231.32
2026-09-10;FR0010722348;4184.4
2026-08-24;FR0010738120;1597.45
2026-08-25;FR0010738120;1599.25
2026-08-26;FR0010738120;1602.45
2026-08-27;FR0010738120;1599.3
2026-08-28;FR0010738120;1600.72
2026-09-02;FR0010738120;1585.48
2026-09-04;FR0010738120;1591.95
2026-09-07;FR0010738120;1595.1
2026-09-10;FR0010738120;1582.56
2026-08-24;FR0010760694;1339.03
2026-08-25;FR0010760694;1339.41
2026-08-26;FR0010760694;1339.49
2026-08-27;FR0010760694;1339.55
2026-08-28;FR0010760694;1339.17
2026-09-02;FR0010760694;1338.53
2026-09-10;FR0010760694;1337.38
2026-08-24;FR0010829697;112.974
2026-08-25;FR0010829697;112.998
2026-08-26;FR0010829697;113.021
2026-08-27;FR0010829697;113.007
2026-08-28;FR0010829697;112.992
2026-09-01;FR0010829697;113.01
2026-09-10;FR0010829697;112.931
2026-08-24;FR0010832469;80.93
2026-08-25;FR0010832469;80.85
2026-08-26;FR0010832469;80.81
2026-08-27;FR0010832469;80.86
2026-08-28;FR0010832469;80.77
2026-09-02;FR0010832469;81.01
2026-09-10;FR0010832469;81.25
2026-08-24;FR0010836163;3109.91
2026-08-25;FR0010836163;3125.62
2026-08-26;FR0010836163;3126.2
2026-08-27;FR0010836163;3103.81
2026-08-28;FR0010836163;3122.34
2026-09-02;FR0010836163;3079.47
2026-09-10;FR0010836163;2993.69
2026-08-24;FR0010858498;548.34
2026-08-25;FR0010858498;550.79
2026-08-26;FR0010858498;552.48
2026-08-27;FR0010858498;553.4
2026-08-28;FR0010858498;549.53
2026-09-02;FR0010858498;545.24
2026-09-10;FR0010858498;542.64
2026-08-24;FR0010859769;502.15
2026-08-25;FR0010859769;504.11
2026-08-26;FR0010859769;504.07
2026-08-27;FR0010859769;504.93
2026-08-28;FR0010859769;508.55
2026-09-02;FR0010859769;503.04
2026-09-10;FR0010859769;497.71
2026-08-24;FR0010952796;138.29
2026-08-25;FR0010952796;138.34
2026-08-26;FR0010952796;138.37
2026-08-27;FR0010952796;138.37
2026-08-28;FR0010952796;138.23
2026-09-02;FR0010952796;137.63
2026-09-10;FR0010952796;136.97
2026-08-24;FR0011034495;172.26
2026-08-25;FR0011034495;172.46
2026-08-26;FR0011034495;172.4
2026-08-27;FR0011034495;172.3
2026-08-28;FR0011034495;172.08
2026-09-02;FR0011034495;171.35
2026-09-10;FR0011034495;170.48
2026-08-21;FR0011071778;131.49
2026-08-25;FR0011071778;131.54
2026-08-26;FR0011071778;131.54
2026-08-27;FR0011071778;131.51
2026-08-28;FR0011071778;131.42
2026-09-02;FR0011071778;131.22
2026-09-10;FR0011071778;130.78
2026-08-21;FR0011170182;1417.37
2026-08-25;FR0011170182;1407.06
2026-08-26;FR0011170182;1394.52
2026-08-27;FR0011170182;1405.97
2026-08-28;FR0011170182;1381.64
2026-09-02;FR0011170182;1332.63
2026-09-10;FR0011170182;1332.21
2026-08-24;FR0011253624;4008.46
2026-08-25;FR0011253624;4036.53
2026-08-26;FR0011253624;4020.81
2026-08-27;FR0011253624;4002.46
2026-08-28;FR0011253624;4002.39
2026-09-02;FR0011253624;3950.64
2026-09-04;FR0011253624;3958.41
2026-09-07;FR0011253624;3946.03
2026-09-10;FR0011253624;3857.39
2026-08-24;FR0011261189;3208.09
2026-08-25;FR0011261189;3230.55
2026-08-26;FR0011261189;3217.97
2026-08-27;FR0011261189;3203.28
2026-08-28;FR0011261189;3203.23
2026-09-02;FR0011261189;3161.81
2026-09-04;FR0011261189;3168.03
2026-09-07;FR0011261189;3158.12
2026-09-10;FR0011261189;3087.18
2026-08-24;FR0011269067;151.9198
2026-08-25;FR0011269067;152.3622
2026-08-26;FR0011269067;152.591
2026-08-27;FR0011269067;152.8844
2026-08-28;FR0011269067;152.8782
2026-09-02;FR0011269067;153.0854
2026-09-07;FR0011269067;153.6252
2026-09-10;FR0011269067;152.4504
2026-08-24;FR0011269083;97.29
2026-08-25;FR0011269083;97.39
2026-08-26;FR0011269083;97.32
2026-08-27;FR0011269083;97.31
2026-08-28;FR0011269083;97.17
2026-09-02;FR0011269083;96.98
2026-09-10;FR0011269083;96.65
2026-08-24;FR0011269588;133.34
2026-08-25;FR0011269588;133.78
2026-08-26;FR0011269588;133.7
2026-08-27;FR0011269588;133.95
2026-08-28;FR0011269588;133.66
2026-09-02;FR0011269588;133.51
2026-09-07;FR0011269588;134.4
2026-09-10;FR0011269588;133.31
2026-08-24;FR0011288513;136.71
2026-08-25;FR0011288513;136.87
2026-08-26;FR0011288513;136.8
2026-08-27;FR0011288513;136.75
2026-08-28;FR0011288513;136.61
2026-09-02;FR0011288513;136.03
2026-09-10;FR0011288513;135.15
2026-08-24;FR0011289966;132.33
2026-08-25;FR0011289966;132.49
2026-08-26;FR0011289966;132.44
2026-08-27;FR0011289966;132.37
2026-08-28;FR0011289966;132.19
2026-09-02;FR0011289966;131.63
2026-09-10;FR0011289966;130.96
2026-08-24;FR0011311414;1107.33
2026-08-25;FR0011311414;1109.75
2026-08-26;FR0011311414;1109.15
2026-08-27;FR0011311414;1108.36
2026-08-28;FR0011311414;1106.79
2026-09-02;FR0011311414;1102.86
2026-09-10;FR0011311414;1094.93
2026-08-24;FR0011380070;135.7
2026-08-25;FR0011380070;136.58
2026-08-26;FR0011380070;136.82
2026-08-27;FR0011380070;137.03
2026-08-28;FR0011380070;136.81
2026-09-02;FR0011380070;134.51
2026-09-10;FR0011380070;132.36
2026-08-25;FR0011399633;209.7943
2026-08-26;FR0011399633;209.8054
2026-08-27;FR0011399633;209.8166
2026-08-28;FR0011399633;209.8277
2026-08-31;FR0011399633;209.861
2026-09-03;FR0011399633;209.8941
2026-09-08;FR0011399633;209.9493
2026-09-11;FR0011399633;209.9826
2026-08-25;FR0011408764;107.011
2026-08-26;FR0011408764;107.0174
2026-08-27;FR0011408764;107.0232
2026-08-28;FR0011408764;107.0292
2026-08-31;FR0011408764;107.047
2026-09-03;FR0011408764;107.066
2026-09-11;FR0011408764;107.1145
2026-08-24;FR0011766401;149.0
2026-08-25;FR0011766401;149.17
2026-08-26;FR0011766401;149.15
2026-08-27;FR0011766401;149.07
2026-08-28;FR0011766401;148.82
2026-09-02;FR0011766401;148.0
2026-09-10;FR0011766401;146.78
2026-08-24;FR0011829134;135.8
2026-08-25;FR0011829134;135.84
2026-08-26;FR0011829134;135.84
2026-08-27;FR0011829134;135.86
2026-08-28;FR0011829134;135.83
2026-09-02;FR0011829134;135.42
2026-09-10;FR0011829134;134.67
2026-08-24;FR0012224640;182.9672
2026-08-25;FR0012224640;184.1028
2026-08-24;FR0012355139;130.97
2026-08-25;FR0012355139;131.58
2026-08-26;FR0012355139;131.38
2026-08-27;FR0012355139;131.31
2026-08-28;FR0012355139;130.97
2026-09-02;FR0012355139;129.75
2026-09-04;FR0012355139;130.78
2026-09-07;FR0012355139;130.5
2026-09-10;FR0012355139;128.41
2026-08-24;FR0012903276;120.46
2026-08-25;FR0012903276;120.48
2026-08-26;FR0012903276;120.49
2026-08-27;FR0012903276;120.53
2026-08-28;FR0012903276;120.49
2026-09-02;FR0012903276;120.22
2026-09-10;FR0012903276;119.94
2026-08-24;FR0013202132;117.19
2026-08-25;FR0013202132;117.29
2026-08-26;FR0013202132;117.27
2026-08-27;FR0013202132;117.22
2026-08-28;FR0013202132;117.12
2026-09-02;FR0013202132;116.65
2026-09-10;FR0013202132;115.8
2026-08-24;FR0013231453;1159.38
2026-08-25;FR0013231453;1159.43
2026-08-26;FR0013231453;1159.51
2026-08-27;FR0013231453;1159.58
2026-08-28;FR0013231453;1159.66
2026-09-02;FR0013231453;1159.9
2026-09-10;FR0013231453;1160.28
2026-08-24;FR0013258647;114.36
2026-08-25;FR0013258647;114.4
2026-08-26;FR0013258647;114.4
2026-08-27;FR0013258647;114.42
2026-08-28;FR0013258647;114.34
2026-09-02;FR0013258647;113.92
2026-09-10;FR0013258647;113.1
2026-08-24;FR0013259181;1224.56
2026-08-25;FR0013259181;1225.8
2026-08-26;FR0013259181;1225.53
2026-08-27;FR0013259181;1225.21
2026-08-28;FR0013259181;1223.95
2026-09-01;FR0013259181;1220.66
2026-09-10;FR0013259181;1213.3
2026-08-24;FR0013268356;283.78
2026-08-25;FR0013268356;285.12
2026-08-26;FR0013268356;285.49
2026-08-27;FR0013268356;285.96
2026-08-28;FR0013268356;283.48
2026-09-02;FR0013268356;280.51
2026-09-10;FR0013268356;279.26
2026-08-24;FR0013272739;89.66
2026-08-25;FR0013272739;89.69
2026-08-26;FR0013272739;89.69
2026-08-27;FR0013272739;89.7
2026-08-28;FR0013272739;89.65
2026-09-02;FR0013272739;89.31
2026-09-10;FR0013272739;88.67
2026-08-24;FR0013277571;111.39
2026-08-25;FR0013277571;111.42
2026-08-26;FR0013277571;111.46
2026-08-27;FR0013277571;111.43
2026-08-28;FR0013277571;111.35
2026-09-02;FR0013277571;110.89
2026-09-10;FR0013277571;110.18
2026-08-24;FR0013306727;143.4
2026-08-25;FR0013306727;143.46
2026-08-26;FR0013306727;143.49
2026-08-27;FR0013306727;143.49
2026-08-28;FR0013306727;143.34
2026-09-02;FR0013306727;142.72
2026-09-10;FR0013306727;142.04
2026-08-25;FR0013314234;111.119
2026-08-26;FR0013314234;111.126
2026-08-27;FR0013314234;111.132
2026-08-30;FR0013314234;111.152
2026-08-31;FR0013314234;111.158
2026-09-02;FR0013314234;111.17
2026-09-10;FR0013314234;111.222
2026-08-24;FR0013346079;111.44
2026-08-25;FR0013346079;111.47
2026-08-26;FR0013346079;111.46
2026-08-27;FR0013346079;111.47
2026-08-28;FR0013346079;111.48
2026-09-01;FR0013346079;111.46
2026-09-10;FR0013346079;111.38
2026-08-24;FR0013367265;149.92
2026-08-25;FR0013367265;150.64
2026-08-26;FR0013367265;150.25
2026-08-27;FR0013367265;149.84
2026-08-28;FR0013367265;149.7
2026-09-02;FR0013367265;148.3
2026-09-07;FR0013367265;148.26
2026-09-10;FR0013367265;145.98
2026-08-24;FR0013398914;261.68
2026-08-25;FR0013398914;262.85
2026-08-26;FR0013398914;263.66
2026-08-27;FR0013398914;264.09
2026-08-28;FR0013398914;262.25
2026-09-02;FR0013398914;260.2
2026-09-10;FR0013398914;258.96
2026-08-24;FR0013399805;123.01
2026-08-25;FR0013399805;123.18
2026-08-26;FR0013399805;123.11
2026-08-27;FR0013399805;123.07
2026-08-28;FR0013399805;122.93
2026-09-02;FR0013399805;122.49
2026-09-10;FR0013399805;121.19
2026-08-24;FR0013412525;96.59
2026-08-25;FR0013412525;96.72
2026-08-26;FR0013412525;96.67
2026-08-27;FR0013412525;96.64
2026-08-28;FR0013412525;96.53
2026-09-02;FR0013412525;96.19
2026-09-10;FR0013412525;95.16
2026-08-24;FR0013439148;114.7
2026-08-25;FR0013439148;114.7
2026-08-26;FR0013439148;114.7
2026-08-27;FR0013439148;114.73
2026-08-28;FR0013439148;114.73
2026-09-02;FR0013439148;114.7
2026-09-10;FR0013439148;114.67
2026-08-24;FR0013439163;1168.42
2026-08-25;FR0013439163;1168.45
2026-08-26;FR0013439163;1168.51
2026-08-27;FR0013439163;1168.77
2026-08-28;FR0013439163;1168.85
2026-09-02;FR0013439163;1168.52
2026-09-10;FR0013439163;1168.32
2026-08-24;FR0013439452;97.59
2026-08-25;FR0013439452;97.63
2026-08-26;FR0013439452;97.63
2026-08-27;FR0013439452;97.66
2026-08-28;FR0013439452;97.67
2026-09-02;FR0013439452;97.51
2026-09-10;FR0013439452;97.18
2026-08-24;FR0013460920;113.05
2026-08-25;FR0013460920;113.14
2026-08-26;FR0013460920;113.12
2026-08-27;FR0013460920;113.12
2026-08-28;FR0013460920;113.07
2026-09-02;FR0013460920;112.8
2026-09-10;FR0013460920;112.47
2026-08-24;FR0013460961;88.47
2026-08-25;FR0013460961;88.54
2026-08-26;FR0013460961;88.53
2026-08-27;FR0013460961;88.52
2026-08-28;FR0013460961;88.49
2026-09-02;FR0013460961;88.28
2026-09-10;FR0013460961;88.01
2026-08-24;FR0013505450;124.03
2026-08-25;FR0013505450;124.05
2026-08-26;FR0013505450;124.06
2026-08-27;FR0013505450;124.1
2026-08-28;FR0013505450;124.11
2026-09-02;FR0013505450;123.97
2026-09-10;FR0013505450;123.85
2026-08-24;FR0013505492;99.83
2026-08-25;FR0013505492;99.84
2026-08-26;FR0013505492;99.85
2026-08-27;FR0013505492;99.89
2026-08-28;FR0013505492;99.89
2026-09-02;FR0013505492;99.78
2026-09-10;FR0013505492;99.68
2026-08-20;FR0014004V01;106.84
2026-08-21;FR0014004V01;106.88
2026-08-24;FR0014004V01;106.82
2026-08-25;FR0014004V01;106.92
2026-08-26;FR0014004V01;106.88
2026-08-27;FR0014004V01;106.89
2026-08-31;FR0014004V01;106.73
2026-09-08;FR0014004V01;106.77
2026-08-24;FR00140081Y1;128.34
2026-08-25;FR00140081Y1;128.41
2026-08-26;FR00140081Y1;128.39
2026-08-27;FR00140081Y1;128.38
2026-08-28;FR00140081Y1;128.33
2026-09-02;FR00140081Y1;128.15
2026-08-24;FR00140081Z8;118.73
2026-08-25;FR00140081Z8;118.8
2026-08-26;FR00140081Z8;118.79
2026-08-27;FR00140081Z8;118.77
2026-08-28;FR00140081Z8;118.72
2026-09-02;FR00140081Z8;118.56
2026-08-24;FR0014008M99;187.57
2026-08-25;FR0014008M99;194.83
2026-08-26;FR0014008M99;191.62
2026-08-27;FR0014008M99;200.11
2026-08-28;FR0014008M99;190.28
2026-09-02;FR0014008M99;189.3
2026-09-09;FR0014008M99;193.27
2026-08-21;FR0014008NN3;1186.39
2026-08-25;FR0014008NN3;1184.97
2026-08-26;FR0014008NN3;1175.31
2026-08-27;FR0014008NN3;1181.71
2026-08-28;FR0014008NN3;1177.08
2026-09-02;FR0014008NN3;1156.86
2026-09-10;FR0014008NN3;1155.02
2026-08-24;FR0014009V22;168.46
2026-08-25;FR0014009V22;169.16
2026-08-26;FR0014009V22;169.05
2026-08-27;FR0014009V22;170.88
2026-08-28;FR0014009V22;171.11
2026-09-02;FR0014009V22;169.41
2026-09-10;FR0014009V22;166.86
2026-08-24;FR001400CEG4;164.94
2026-08-25;FR001400CEG4;164.68
2026-08-26;FR001400CEG4;165.04
2026-08-27;FR001400CEG4;164.28
2026-08-28;FR001400CEG4;164.94
2026-09-02;FR001400CEG4;162.75
2026-09-10;FR001400CEG4;156.95
2026-08-24;FR001400CFA4;113.06
2026-08-25;FR001400CFA4;113.07
2026-08-26;FR001400CFA4;113.07
2026-08-27;FR001400CFA4;113.08
2026-08-28;FR001400CFA4;113.09
2026-09-02;FR001400CFA4;113.12
2026-09-10;FR001400CFA4;113.16
2026-08-24;FR001400K2B5;114.71
2026-08-25;FR001400K2B5;114.85
2026-08-26;FR001400K2B5;114.77
2026-08-27;FR001400K2B5;114.76
2026-08-28;FR001400K2B5;114.64
2026-09-02;FR001400K2B5;114.3
2026-09-10;FR001400K2B5;113.76
2026-08-24;FR001400K2C3;109.74
2026-08-25;FR001400K2C3;109.88
2026-08-26;FR001400K2C3;109.8
2026-08-27;FR001400K2C3;109.79
2026-08-28;FR001400K2C3;109.68
2026-09-02;FR001400K2C3;109.35
2026-09-10;FR001400K2C3;108.84
2026-08-24;FR001400KAV4;120.54
2026-08-25;FR001400KAV4;120.69
2026-08-26;FR001400KAV4;120.63
2026-08-27;FR001400KAV4;120.59
2026-08-28;FR001400KAV4;120.46
2026-09-02;FR001400KAV4;120.08
2026-09-10;FR001400KAV4;119.5
2026-08-24;FR001400KAW2;114.09
2026-08-25;FR001400KAW2;114.23
2026-08-26;FR001400KAW2;114.17
2026-08-27;FR001400KAW2;114.14
2026-08-28;FR001400KAW2;114.01
2026-09-02;FR001400KAW2;113.65
2026-09-10;FR001400KAW2;113.1
2026-08-24;FR001400S680;108.97
2026-08-25;FR001400S680;109.03
2026-08-26;FR001400S680;109.03
2026-08-27;FR001400S680;109.05
2026-08-28;FR001400S680;109.01
2026-09-02;FR001400S680;108.72
2026-09-10;FR001400S680;108.33
2026-08-24;FR001400S6A0;96.2967
2026-08-25;FR001400S6A0;96.3275
2026-08-26;FR001400S6A0;96.5265
2026-08-27;FR001400S6A0;96.5477
2026-08-28;FR001400S6A0;96.7299
2026-09-02;FR001400S6A0;96.7091
2026-09-10;FR001400S6A0;96.0953
2026-08-24;FR001400S6B8;104.43
2026-08-25;FR001400S6B8;104.49
2026-08-26;FR001400S6B8;104.49
2026-08-27;FR001400S6B8;104.5
2026-08-28;FR001400S6B8;104.47
2026-09-02;FR001400S6B8;104.19
2026-09-10;FR001400S6B8;103.82
2026-08-24;FR001400U4S3;106.46
2026-08-25;FR001400U4S3;106.6
2026-08-26;FR001400U4S3;106.55
2026-08-27;FR001400U4S3;106.5
2026-08-28;FR001400U4S3;106.37
2026-09-02;FR001400U4S3;105.94
2026-09-10;FR001400U4S3;105.32
2026-08-24;FR001400U4T1;102.68
2026-08-25;FR001400U4T1;102.82
2026-08-26;FR001400U4T1;102.77
2026-08-27;FR001400U4T1;102.72
2026-08-28;FR001400U4T1;102.59
2026-09-02;FR001400U4T1;102.18
2026-09-10;FR001400U4T1;101.58
2026-08-24;FR00140120M2;102.8
2026-08-25;FR00140120M2;102.81
2026-08-26;FR00140120M2;102.79
2026-08-27;FR00140120M2;102.83
2026-08-28;FR00140120M2;102.84
2026-09-02;FR00140120M2;102.49
2026-09-10;FR00140120M2;101.9
2026-08-26;FR00140120N0;88.137
2026-08-27;FR00140120N0;88.1758
2026-08-28;FR00140120N0;88.3744
2026-09-02;FR00140120N0;88.2906
2026-09-10;FR00140120N0;87.5556
2026-08-24;FR00140120O8;102.56
2026-08-25;FR00140120O8;102.58
2026-08-26;FR00140120O8;102.55
2026-08-27;FR00140120O8;102.59
2026-08-28;FR00140120O8;102.6
2026-09-02;FR00140120O8;102.25
2026-09-10;FR00140120O8;101.66
2026-08-24;IE00018YKVN0;16.19
2026-08-25;IE00018YKVN0;16.19
2026-08-26;IE00018YKVN0;16.21
2026-08-27;IE00018YKVN0;16.38
2026-08-28;IE00018YKVN0;16.12
2026-09-03;IE00018YKVN0;15.86
2026-09-10;IE00018YKVN0;15.55
2026-09-11;IE00018YKVN0;15.7
2026-08-24;IE0002122038;56.79
2026-08-25;IE0002122038;57.05
2026-08-26;IE0002122038;56.68
2026-08-27;IE0002122038;56.16
2026-08-28;IE0002122038;55.5
2026-08-31;IE0002122038;55.35
2026-09-03;IE0002122038;56.11
2026-09-10;IE0002122038;53.59
2026-09-11;IE0002122038;53.49
2026-08-24;IE0002167009;39.21
2026-08-25;IE0002167009;39.63
2026-08-26;IE0002167009;39.78
2026-08-27;IE0002167009;40.48
2026-08-28;IE0002167009;39.86
2026-08-31;IE0002167009;39.85
2026-09-03;IE0002167009;39.65
2026-09-10;IE0002167009;39.77
2026-09-11;IE0002167009;39.88
2026-08-24;IE0002270589;422.4232
2026-08-26;IE0002270589;422.4151
2026-08-27;IE0002270589;421.499
2026-08-28;IE0002270589;423.1902
2026-08-31;IE0002270589;422.0809
2026-09-03;IE0002270589;426.9536
2026-09-11;IE0002270589;421.4804
2026-08-24;IE0002639668;78.4568
2026-08-26;IE0002639668;78.8327
2026-08-27;IE0002639668;79.3968
2026-08-28;IE0002639668;79.3715
2026-08-31;IE0002639668;79.1439
2026-08-24;IE0002987190;786.4101
2026-08-25;IE0002987190;794.0309
2026-08-26;IE0002987190;795.2854
2026-08-27;IE0002987190;791.7793
2026-08-28;IE0002987190;795.0786
2026-09-02;IE0002987190;774.3726
2026-09-10;IE0002987190;774.2955
2026-08-24;IE0002J6K1G3;99.67
2026-08-25;IE0002J6K1G3;100.27
2026-08-26;IE0002J6K1G3;100.78
2026-08-27;IE0002J6K1G3;99.8
2026-08-28;IE0002J6K1G3;99.72
2026-08-31;IE0002J6K1G3;99.28
2026-09-03;IE0002J6K1G3;98.78
2026-09-10;IE0002J6K1G3;97.91
2026-09-11;IE0002J6K1G3;97.82
2026-08-25;IE0003008186;207.6626
2026-08-26;IE0003008186;208.71
2026-08-27;IE0003008186;209.3677
2026-08-28;IE0003008186;209.9018
2026-08-31;IE0003008186;211.9012
2026-09-03;IE0003008186;213.0874
2026-09-11;IE0003008186;214.7788
2026-08-25;IE0003782467;4.5774
2026-08-26;IE0003782467;4.6106
2026-08-27;IE0003782467;4.6251
2026-08-28;IE0003782467;4.6222
2026-08-31;IE0003782467;4.6219
2026-09-03;IE0003782467;4.5879
2026-09-11;IE0003782467;4.5519
2026-08-25;IE0003795394;5.1945
2026-08-26;IE0003795394;5.2317
2026-08-27;IE0003795394;5.2488
2026-08-28;IE0003795394;5.261
2026-08-31;IE0003795394;5.2398
2026-08-25;IE0003867441;9.3761
2026-08-26;IE0003867441;9.3767
2026-08-27;IE0003867441;9.3583
2026-08-28;IE0003867441;9.3839
2026-08-31;IE0003867441;9.3801
2026-09-03;IE0003867441;9.2527
2026-09-11;IE0003867441;9.1124
2026-08-25;IE0003867557;2.0098
2026-08-26;IE0003867557;2.0139
2026-08-27;IE0003867557;2.006
2026-08-28;IE0003867557;2.0174
2026-08-31;IE0003867557;2.0086
2026-09-03;IE0003867557;1.9817
2026-09-11;IE0003867557;1.9506
2026-08-24;IE0004445015;46.0054
2026-08-25;IE0004445015;46.1628
2026-08-26;IE0004445015;46.1809
2026-08-27;IE0004445015;46.3161
2026-08-28;IE0004445015;46.2954
2026-08-31;IE0004445015;46.1087
2026-09-03;IE0004445015;46.2153
2026-09-04;IE0004445015;46.1604
2026-09-10;IE0004445015;45.3043
2026-09-11;IE0004445015;45.5636
2026-08-24;IE0004445239;74.7813
2026-08-26;IE0004445239;75.9434
2026-08-27;IE0004445239;76.8243
2026-08-28;IE0004445239;75.8798
2026-08-31;IE0004445239;75.2753
2026-09-03;IE0004445239;75.769
2026-09-11;IE0004445239;75.2161
2026-08-24;IE0004766014;34.02
2026-08-25;IE0004766014;34.19
2026-08-26;IE0004766014;34.26
2026-08-27;IE0004766014;34.39
2026-08-28;IE0004766014;34.36
2026-09-02;IE0004766014;33.51
2026-09-10;IE0004766014;32.35
2026-08-24;IE0004766675;39.05
2026-08-25;IE0004766675;39.12
2026-08-26;IE0004766675;39.01
2026-08-27;IE0004766675;39.1
2026-08-28;IE0004766675;39.32
2026-09-02;IE0004766675;38.51
2026-09-10;IE0004766675;37.26
2026-08-24;IE0004767087;15.2974
2026-08-25;IE0004767087;15.3893
2026-08-26;IE0004767087;15.3855
2026-08-27;IE0004767087;15.4248
2026-08-28;IE0004767087;15.5292
2026-09-02;IE0004767087;15.1467
2026-09-10;IE0004767087;15.4437
2026-08-24;IE0006SZI3X0;115.71
2026-08-25;IE0006SZI3X0;115.73
2026-08-26;IE0006SZI3X0;115.72
2026-08-27;IE0006SZI3X0;115.76
2026-09-02;IE0006SZI3X0;115.71
2026-09-10;IE0006SZI3X0;115.76
2026-08-24;IE0006TUI4G7;17.6
2026-08-25;IE0006TUI4G7;17.9
2026-08-26;IE0006TUI4G7;18.16
2026-08-27;IE0006TUI4G7;18.34
2026-08-28;IE0006TUI4G7;17.87
2026-09-02;IE0006TUI4G7;17.38
2026-09-10;IE0006TUI4G7;18.0
2026-08-24;IE0007218849;376.2696
2026-08-25;IE0007218849;378.8734
2026-08-26;IE0007218849;378.3197
2026-08-27;IE0007218849;376.3958
2026-08-28;IE0007218849;378.9262
2026-08-31;IE0007218849;378.858
2026-09-03;IE0007218849;379.2157
2026-09-10;IE0007218849;370.9651
2026-09-11;IE0007218849;369.4345
2026-08-24;IE0007286036;381.9866
2026-08-25;IE0007286036;383.6404
2026-08-26;IE0007286036;385.6982
2026-08-27;IE0007286036;386.6339
2026-08-28;IE0007286036;388.8321
2026-08-31;IE0007286036;390.3309
2026-09-03;IE0007286036;395.6267
2026-09-10;IE0007286036;396.6748
2026-09-11;IE0007286036;394.8627
2026-08-25;IE0007471695;168.9602
2026-08-26;IE0007471695;169.7776
2026-08-27;IE0007471695;169.6314
2026-08-28;IE0007471695;169.4742
2026-08-31;IE0007471695;169.4392
2026-09-03;IE0007471695;169.2928
2026-09-11;IE0007471695;167.7569
2026-08-25;IE0007471927;171.7103
2026-08-26;IE0007471927;172.5411
2026-08-27;IE0007471927;172.3924
2026-08-28;IE0007471927;172.2327
2026-08-31;IE0007471927;172.1971
2026-09-03;IE0007471927;172.0484
2026-09-11;IE0007471927;170.4875
2026-08-25;IE0007472115;201.2548
2026-08-26;IE0007472115;201.7602
2026-08-27;IE0007472115;201.4634
2026-08-28;IE0007472115;201.2103
2026-08-31;IE0007472115;200.7214
2026-09-03;IE0007472115;200.3869
2026-09-11;IE0007472115;198.1338
2026-08-24;IE0007987708;43.0404
2026-08-25;IE0007987708;43.1957
2026-08-26;IE0007987708;43.1737
2026-08-27;IE0007987708;42.8645
2026-08-28;IE0007987708;43.088
2026-08-31;IE0007987708;42.7996
2026-09-03;IE0007987708;42.7009
2026-09-10;IE0007987708;41.8096
2026-09-11;IE0007987708;42.0233
2026-08-24;IE0008248803;436.0886
2026-08-26;IE0008248803;437.797
2026-08-27;IE0008248803;434.7528
2026-08-28;IE0008248803;438.0213
2026-08-31;IE0008248803;434.2054
2026-09-03;IE0008248803;431.7474
2026-09-11;IE0008248803;429.2321
2026-08-24;IE0009355771;61.4177
2026-08-25;IE0009355771;61.6818
2026-08-26;IE0009355771;61.4056
2026-08-27;IE0009355771;60.8532
2026-08-28;IE0009355771;60.2701
2026-08-31;IE0009355771;60.1411
2026-09-03;IE0009355771;60.9663
2026-09-10;IE0009355771;58.1955
2026-09-11;IE0009355771;58.1513
2026-08-24;IE0009356076;42.5852
2026-08-26;IE0009356076;43.2871
2026-08-27;IE0009356076;44.0493
2026-08-28;IE0009356076;43.473
2026-08-31;IE0009356076;43.483
2026-09-03;IE0009356076;43.2634
2026-09-10;IE0009356076;43.3779
2026-09-11;IE0009356076;43.5403
2026-08-24;IE0009514989;45.32
2026-08-25;IE0009514989;45.49
2026-08-26;IE0009514989;45.41
2026-08-27;IE0009514989;45.54
2026-08-28;IE0009514989;45.42
2026-08-31;IE0009514989;45.22
2026-09-03;IE0009514989;45.32
2026-09-04;IE0009514989;45.25
2026-09-10;IE0009514989;44.45
2026-09-11;IE0009514989;44.65
2026-08-24;IE0009531827;69.55
2026-08-25;IE0009531827;70.27
2026-08-26;IE0009531827;70.5
2026-08-27;IE0009531827;71.31
2026-08-28;IE0009531827;70.28
2026-08-31;IE0009531827;69.69
2026-09-03;IE0009531827;70.14
2026-09-10;IE0009531827;68.88
2026-09-11;IE0009531827;69.57
2026-08-24;IE0009591805;205.4951
2026-08-26;IE0009591805;205.8189
2026-08-27;IE0009591805;205.6022
2026-08-28;IE0009591805;205.3051
2026-08-31;IE0009591805;204.9657
2026-09-03;IE0009591805;204.6281
2026-09-11;IE0009591805;202.8474
2026-08-24;IE000AQP1N64;122.3982
2026-08-25;IE000AQP1N64;122.5067
2026-08-26;IE000AQP1N64;122.7855
2026-08-27;IE000AQP1N64;122.8485
2026-09-02;IE000AQP1N64;123.2498
2026-09-10;IE000AQP1N64;122.5142
2026-08-24;IE000EGAKI03;91.3765
2026-08-25;IE000EGAKI03;91.443
2026-08-26;IE000EGAKI03;91.6491
2026-08-27;IE000EGAKI03;91.6963
2026-09-02;IE000EGAKI03;92.0082
2026-09-10;IE000EGAKI03;91.5889
2026-08-24;IE000EWWPFJ6;17.5981
2026-08-25;IE000EWWPFJ6;17.9013
2026-08-26;IE000EWWPFJ6;18.1615
2026-08-27;IE000EWWPFJ6;18.3324
2026-08-28;IE000EWWPFJ6;17.8728
2026-09-02;IE000EWWPFJ6;17.3804
2026-09-10;IE000EWWPFJ6;17.9996
2026-08-24;IE000GBN91O8;294.673
2026-08-25;IE000GBN91O8;293.2901
2026-08-26;IE000GBN91O8;293.166
2026-08-27;IE000GBN91O8;290.6979
2026-09-02;IE000GBN91O8;294.9059
2026-09-10;IE000GBN91O8;292.4708
2026-08-24;IE000IJHRNQ0;139.92
2026-08-25;IE000IJHRNQ0;139.67
2026-08-26;IE000IJHRNQ0;140.5
2026-08-27;IE000IJHRNQ0;140.0
2026-08-28;IE000IJHRNQ0;139.15
2026-09-02;IE000IJHRNQ0;137.21
2026-09-10;IE000IJHRNQ0;134.02
2026-08-24;IE000JM1MJ59;134.02
2026-08-25;IE000JM1MJ59;134.22
2026-08-26;IE000JM1MJ59;134.16
2026-08-27;IE000JM1MJ59;134.12
2026-09-02;IE000JM1MJ59;133.6
2026-09-10;IE000JM1MJ59;132.91
2026-08-24;IE000JMRXFF8;15.039
2026-08-25;IE000JMRXFF8;15.0827
2026-08-26;IE000JMRXFF8;15.1778
2026-08-27;IE000JMRXFF8;15.0368
2026-08-28;IE000JMRXFF8;15.0779
2026-08-31;IE000JMRXFF8;15.1732
2026-09-03;IE000JMRXFF8;15.2303
2026-09-10;IE000JMRXFF8;15.1182
2026-09-11;IE000JMRXFF8;15.0939
2026-08-24;IE000K3S9DW4;105.5893
2026-08-26;IE000K3S9DW4;106.238
2026-08-27;IE000K3S9DW4;106.6557
2026-08-28;IE000K3S9DW4;106.2865
2026-08-31;IE000K3S9DW4;105.307
2026-09-03;IE000K3S9DW4;105.4159
2026-09-11;IE000K3S9DW4;104.6012
2026-08-24;IE000K7H1E84;1.0332
2026-08-25;IE000K7H1E84;1.0343
2026-08-26;IE000K7H1E84;1.0341
2026-08-27;IE000K7H1E84;1.0339
2026-09-02;IE000K7H1E84;1.0317
2026-09-10;IE000K7H1E84;1.0285
2026-08-24;IE000MI53C66;136.25
2026-08-25;IE000MI53C66;136.61
2026-08-26;IE000MI53C66;136.53
2026-08-27;IE000MI53C66;136.53
2026-09-02;IE000MI53C66;135.81
2026-09-10;IE000MI53C66;134.88
2026-08-24;IE000V4MQ908;123.7011
2026-08-25;IE000V4MQ908;123.9892
2026-08-26;IE000V4MQ908;124.1938
2026-08-27;IE000V4MQ908;124.1966
2026-09-02;IE000V4MQ908;124.1209
2026-09-10;IE000V4MQ908;122.9528
2026-08-24;IE000VOGDDG7;98.65
2026-08-26;IE000VOGDDG7;98.99
2026-08-27;IE000VOGDDG7;99.49
2026-08-28;IE000VOGDDG7;99.48
2026-08-31;IE000VOGDDG7;98.73
2026-09-03;IE000VOGDDG7;99.39
2026-09-10;IE000VOGDDG7;97.69
2026-08-24;IE000WFG9PJ8;105.15
2026-08-25;IE000WFG9PJ8;105.25
2026-08-26;IE000WFG9PJ8;105.27
2026-08-27;IE000WFG9PJ8;105.32
2026-09-02;IE000WFG9PJ8;105.19
2026-09-10;IE000WFG9PJ8;104.98
2026-08-24;IE000Z4DSSW2;98.04
2026-08-25;IE000Z4DSSW2;98.54
2026-08-26;IE000Z4DSSW2;98.3
2026-08-27;IE000Z4DSSW2;98.76
2026-08-28;IE000Z4DSSW2;98.2
2026-08-31;IE000Z4DSSW2;97.71
2026-09-03;IE000Z4DSSW2;98.47
2026-09-10;IE000Z4DSSW2;96.58
2026-09-11;IE000Z4DSSW2;97.38
2026-08-24;IE000Z9YV312;114.9152
2026-08-25;IE000Z9YV312;115.0758
2026-08-26;IE000Z9YV312;115.0782
2026-08-27;IE000Z9YV312;115.0364
2026-08-28;IE000Z9YV312;114.9839
2026-09-02;IE000Z9YV312;114.569
2026-09-10;IE000Z9YV312;114.3373
2026-08-25;IE0030011294;3.1458
2026-08-26;IE0030011294;3.1497
2026-08-27;IE0030011294;3.1552
2026-08-28;IE0030011294;3.1544
2026-08-31;IE0030011294;3.1665
2026-09-03;IE0030011294;3.159
2026-09-11;IE0030011294;3.1474
2026-08-24;IE0031069168;65.94
2026-08-25;IE0031069168;65.98
2026-08-26;IE0031069168;66.45
2026-08-27;IE0031069168;66.51
2026-08-28;IE0031069168;66.34
2026-09-02;IE0031069168;65.84
2026-09-10;IE0031069168;64.83
2026-08-25;IE0031385887;70.9864
2026-08-26;IE0031385887;70.9553
2026-08-27;IE0031385887;71.8024
2026-08-28;IE0031385887;72.0491
2026-09-03;IE0031385887;71.5061
2026-09-11;IE0031385887;70.2962
2026-08-25;IE0031573896;47.1654
2026-08-26;IE0031573896;47.177
2026-08-27;IE0031573896;46.9515
2026-08-28;IE0031573896;47.2248
2026-08-31;IE0031573896;46.9782
2026-09-03;IE0031573896;47.4632
2026-09-11;IE0031573896;45.9769
2026-08-25;IE0031573904;43.83
2026-08-26;IE0031573904;43.84
2026-08-27;IE0031573904;43.65
2026-08-28;IE0031573904;44.04
2026-08-31;IE0031573904;43.68
2026-09-03;IE0031573904;44.09
2026-09-11;IE0031573904;42.77
2026-08-25;IE0031574530;58.734
2026-08-26;IE0031574530;58.5977
2026-08-27;IE0031574530;58.2687
2026-08-28;IE0031574530;58.2049
2026-08-31;IE0031574530;58.0319
2026-09-03;IE0031574530;58.0574
2026-09-10;IE0031574530;56.2003
2026-09-11;IE0031574530;56.4465
2026-08-25;IE0031574647;60.85
2026-08-26;IE0031574647;60.71
2026-08-27;IE0031574647;60.39
2026-08-28;IE0031574647;60.52
2026-08-31;IE0031574647;60.16
2026-09-03;IE0031574647;60.13
2026-09-10;IE0031574647;58.36
2026-09-11;IE0031574647;58.61
2026-08-25;IE0031575164;44.8174
2026-08-26;IE0031575164;44.8928
2026-08-27;IE0031575164;44.6417
2026-08-28;IE0031575164;44.953
2026-08-31;IE0031575164;44.7313
2026-09-03;IE0031575164;45.1912
2026-09-11;IE0031575164;43.9794
2026-08-25;IE0031575271;49.14
2026-08-26;IE0031575271;49.22
2026-08-27;IE0031575271;48.96
2026-08-28;IE0031575271;49.46
2026-08-31;IE0031575271;49.07
2026-09-03;IE0031575271;49.53
2026-09-11;IE0031575271;48.32
2026-08-25;IE0031575388;58.6482
2026-08-26;IE0031575388;58.8819
2026-08-27;IE0031575388;58.4655
2026-08-28;IE0031575388;59.0587
2026-08-31;IE0031575388;58.651
2026-09-03;IE0031575388;59.1882
2026-09-11;IE0031575388;57.6401
2026-08-24;IE0031619046;1181.0107
2026-08-26;IE0031619046;1190.5103
2026-08-27;IE0031619046;1198.6035
2026-08-28;IE0031619046;1183.1324
2026-08-31;IE0031619046;1178.9493
2026-09-03;IE0031619046;1175.6155
2026-09-11;IE0031619046;1168.1482
2026-08-24;IE0031724234;330.23
2026-08-25;IE0031724234;329.2
2026-08-26;IE0031724234;328.51
2026-08-27;IE0031724234;334.69
2026-08-28;IE0031724234;335.8
2026-09-02;IE0031724234;328.93
2026-09-10;IE0031724234;311.3
2026-08-24;IE0031786696;305.1476
2026-08-25;IE0031786696;306.8114
2026-08-26;IE0031786696;309.7236
2026-08-27;IE0031786696;310.7805
2026-08-28;IE0031786696;311.341
2026-08-31;IE0031786696;311.0071
2026-09-03;IE0031786696;307.583
2026-09-10;IE0031786696;315.527
2026-09-11;IE0031786696;311.6617
2026-08-24;IE0031787223;305.2126
2026-08-25;IE0031787223;306.8758
2026-08-26;IE0031787223;309.79
2026-08-27;IE0031787223;310.846
2026-08-28;IE0031787223;311.4076
2026-08-31;IE0031787223;311.0735
2026-09-03;IE0031787223;307.6484
2026-09-10;IE0031787223;315.5939
2026-09-11;IE0031787223;311.7278
2026-08-24;IE0032590923;16.9724
2026-08-26;IE0032590923;17.0194
2026-08-27;IE0032590923;17.0272
2026-08-28;IE0032590923;17.0553
2026-08-31;IE0032590923;17.0454
2026-09-03;IE0032590923;17.0145
2026-09-11;IE0032590923;16.9012
2026-08-24;IE0032620787;78.4669
2026-08-26;IE0032620787;78.8427
2026-08-27;IE0032620787;79.4072
2026-08-28;IE0032620787;79.3816
2026-08-31;IE0032620787;79.1541
2026-09-03;IE0032620787;79.7736
2026-09-11;IE0032620787;78.8926
2026-08-24;IE0032722260;1.8384
2026-08-25;IE0032722260;1.845
2026-08-26;IE0032722260;1.8423
2026-08-27;IE0032722260;1.8398
2026-08-28;IE0032722260;1.8364
2026-09-02;IE0032722260;1.824
2026-09-10;IE0032722260;1.8082
2026-08-24;IE0032860565;302.95
2026-08-26;IE0032860565;303.47
2026-08-27;IE0032860565;303.65
2026-08-28;IE0032860565;303.43
2026-09-03;IE0032860565;302.97
2026-09-11;IE0032860565;301.05
2026-08-24;IE0033033972;292.0361
2026-08-26;IE0033033972;293.0743
2026-08-27;IE0033033972;293.2753
2026-08-28;IE0033033972;293.6835
2026-09-03;IE0033033972;293.3681
2026-09-11;IE0033033972;291.6862
2026-08-24;IE0033534441;13.7065
2026-08-25;IE0033534441;13.7109
2026-08-26;IE0033534441;13.6963
2026-08-27;IE0033534441;13.5668
2026-08-28;IE0033534441;13.5186
2026-08-31;IE0033534441;13.4297
2026-09-03;IE0033534441;13.4601
2026-09-10;IE0033534441;13.175
2026-09-11;IE0033534441;13.2076
2026-08-24;IE0033609722;82.9246
2026-08-25;IE0033609722;83.0451
2026-08-26;IE0033609722;83.2853
2026-08-27;IE0033609722;83.8825
2026-08-28;IE0033609722;83.7793
2026-09-02;IE0033609722;83.4
2026-09-10;IE0033609722;82.1548
2026-08-24;IE0033640594;49.5387
2026-08-25;IE0033640594;50.0248
2026-08-26;IE0033640594;50.134
2026-08-27;IE0033640594;49.9287
2026-08-28;IE0033640594;50.145
2026-09-02;IE0033640594;48.7958
2026-09-10;IE0033640594;48.8807
2026-08-24;IE0033640933;10.8051
2026-08-25;IE0033640933;10.911
2026-08-26;IE0033640933;10.9349
2026-08-27;IE0033640933;10.8901
2026-08-28;IE0033640933;10.9373
2026-09-02;IE0033640933;10.6429
2026-09-10;IE0033640933;10.6616
2026-08-24;IE00B00Z9M92;19.05
2026-08-26;IE00B00Z9M92;19.07
2026-08-27;IE00B00Z9M92;19.07
2026-08-28;IE00B00Z9M92;19.06
2026-08-31;IE00B00Z9M92;19.04
2026-09-03;IE00B00Z9M92;19.01
2026-09-11;IE00B00Z9M92;18.86
2026-08-25;IE00B01FHS02;54.4655
2026-08-26;IE00B01FHS02;54.4464
2026-08-27;IE00B01FHS02;55.0904
2026-08-28;IE00B01FHS02;55.1187
2026-09-03;IE00B01FHS02;54.9081
2026-09-11;IE00B01FHS02;54.0117
2026-08-24;IE00B01NGN24;14.0665
2026-08-24;IE00B03HD084;62.0229
2026-08-25;IE00B03HD084;62.2291
2026-08-26;IE00B03HD084;62.3138
2026-08-27;IE00B03HD084;62.5772
2026-08-28;IE00B03HD084;62.621
2026-08-31;IE00B03HD084;62.4203
2026-08-24;IE00B03HD191;62.8762
2026-08-25;IE00B03HD191;63.0853
2026-08-26;IE00B03HD191;63.171
2026-08-27;IE00B03HD191;63.4382
2026-08-28;IE00B03HD191;63.4824
2026-08-31;IE00B03HD191;63.279
2026-09-03;IE00B03HD191;63.7011
2026-09-10;IE00B03HD191;62.4444
2026-09-11;IE00B03HD191;62.9272
2026-08-24;IE00B03HD209;63.1688
2026-08-25;IE00B03HD209;63.3788
2026-08-26;IE00B03HD209;63.4651
2026-08-27;IE00B03HD209;63.7334
2026-08-28;IE00B03HD209;63.778
2026-08-31;IE00B03HD209;63.5736
2026-09-03;IE00B03HD209;63.9975
2026-09-10;IE00B03HD209;62.735
2026-09-11;IE00B03HD209;63.2201
2026-08-24;IE00B04GQQ17;161.4705
2026-08-26;IE00B04GQQ17;161.7836
2026-08-27;IE00B04GQQ17;161.7298
2026-08-28;IE00B04GQQ17;161.6148
2026-08-31;IE00B04GQQ17;161.2516
2026-09-03;IE00B04GQQ17;161.2357
2026-09-11;IE00B04GQQ17;159.5265
2026-08-25;IE00B04GQX83;192.337
2026-08-26;IE00B04GQX83;193.43
2026-08-27;IE00B04GQX83;193.3509
2026-08-28;IE00B04GQX83;193.2325
2026-08-31;IE00B04GQX83;193.1516
2026-09-03;IE00B04GQX83;192.7844
2026-09-11;IE00B04GQX83;191.1271
2026-08-24;IE00B05K1Q71;21.1983
2026-08-24;IE00B05QM511;26.08
2026-08-25;IE00B0JY6M65;72.8747
2026-08-26;IE00B0JY6M65;73.0361
2026-08-27;IE00B0JY6M65;72.6264
2026-08-28;IE00B0JY6M65;73.1027
2026-08-31;IE00B0JY6M65;73.3829
2026-09-03;IE00B0JY6M65;73.845
2026-09-11;IE00B0JY6M65;71.4866
2026-08-24;IE00B0PVD642;54.1744
2026-08-25;IE00B0PVD642;54.3465
2026-08-26;IE00B0PVD642;54.6305
2026-08-27;IE00B0PVD642;55.1002
2026-08-28;IE00B0PVD642;54.8231
2026-09-02;IE00B0PVD642;53.228
2026-09-10;IE00B0PVD642;52.3648
2026-08-24;IE00B11XYY66;20.32
2026-08-26;IE00B11XYY66;20.38
2026-08-27;IE00B11XYY66;20.34
2026-08-28;IE00B11XYY66;20.3
2026-09-03;IE00B11XYY66;20.23
2026-09-11;IE00B11XYY66;19.96
2026-08-24;IE00B11XZ103;23.38
2026-08-26;IE00B11XZ103;23.44
2026-08-27;IE00B11XZ103;23.41
2026-08-28;IE00B11XZ103;23.35
2026-08-31;IE00B11XZ103;23.31
2026-09-03;IE00B11XZ103;23.31
2026-09-11;IE00B11XZ103;23.0
2026-08-24;IE00B11XZ327;26.13
2026-08-26;IE00B11XZ327;26.17
2026-08-27;IE00B11XZ327;26.17
2026-08-28;IE00B11XZ327;26.15
2026-08-31;IE00B11XZ327;26.13
2026-09-03;IE00B11XZ327;26.1
2026-09-11;IE00B11XZ327;25.93
2026-08-24;IE00B11XZ434;16.08
2026-08-26;IE00B11XZ434;16.13
2026-08-27;IE00B11XZ434;16.11
2026-08-28;IE00B11XZ434;16.07
2026-08-31;IE00B11XZ434;16.04
2026-09-03;IE00B11XZ434;16.03
2026-09-11;IE00B11XZ434;15.83
2026-08-24;IE00B11XZ764;28.54
2026-08-26;IE00B11XZ764;28.6
2026-08-27;IE00B11XZ764;28.61
2026-08-28;IE00B11XZ764;28.58
2026-08-31;IE00B11XZ764;28.56
2026-09-03;IE00B11XZ764;28.53
2026-09-11;IE00B11XZ764;28.35
2026-08-24;IE00B11XZ871;34.5276
2026-08-26;IE00B11XZ871;34.6485
2026-08-27;IE00B11XZ871;34.6727
2026-08-28;IE00B11XZ871;34.7044
2026-08-31;IE00B11XZ871;34.6935
2026-09-03;IE00B11XZ871;34.6572
2026-09-11;IE00B11XZ871;34.4654
2026-08-24;IE00B11XZ988;24.6956
2026-08-26;IE00B11XZ988;24.825
2026-08-27;IE00B11XZ988;24.7981
2026-08-28;IE00B11XZ988;24.7483
2026-08-31;IE00B11XZ988;24.7331
2026-09-03;IE00B11XZ988;24.7342
2026-09-11;IE00B11XZ988;24.4005
2026-08-24;IE00B11XZB05;17.96
2026-08-26;IE00B11XZB05;18.03
2026-08-27;IE00B11XZB05;18.01
2026-08-28;IE00B11XZB05;17.93
2026-08-31;IE00B11XZB05;17.91
2026-09-03;IE00B11XZB05;17.91
2026-09-11;IE00B11XZB05;17.66
2026-08-24;IE00B18GC888;99.0102
2026-08-26;IE00B18GC888;99.248
2026-08-27;IE00B18GC888;99.1642
2026-08-28;IE00B18GC888;98.9321
2026-08-31;IE00B18GC888;98.8171
2026-09-03;IE00B18GC888;98.6779
2026-09-11;IE00B18GC888;97.7471
2026-08-24;IE00B193ML14;9.0691
2026-08-26;IE00B193ML14;9.0835
2026-08-27;IE00B193ML14;9.1018
2026-08-28;IE00B193ML14;9.1128
2026-08-31;IE00B193ML14;9.1081
2026-09-03;IE00B193ML14;9.1054
2026-09-11;IE00B193ML14;9.049
2026-08-24;IE00B19Z3920;281.47
2026-08-26;IE00B19Z3920;281.74
2026-08-27;IE00B19Z3920;280.65
2026-08-28;IE00B19Z3920;282.7
2026-08-31;IE00B19Z3920;281.13
2026-09-03;IE00B19Z3920;284.1
2026-09-11;IE00B19Z3920;281.16
2026-08-24;IE00B19Z3V48;155.9143
2026-08-26;IE00B19Z3V48;156.4895
2026-08-27;IE00B19Z3V48;156.4049
2026-08-28;IE00B19Z3V48;156.3719
2026-08-31;IE00B19Z3V48;156.3272
2026-09-03;IE00B19Z3V48;156.237
2026-09-11;IE00B19Z3V48;154.9696
2026-08-24;IE00B19Z4B17;388.8814
2026-08-26;IE00B19Z4B17;392.0051
2026-08-27;IE00B19Z4B17;394.6745
2026-08-28;IE00B19Z4B17;389.5787
2026-08-31;IE00B19Z4B17;388.2052
2026-09-03;IE00B19Z4B17;387.1069
2026-09-11;IE00B19Z4B17;384.6473
2026-08-24;IE00B19Z4C24;508.29
2026-08-26;IE00B19Z4C24;511.83
2026-08-27;IE00B19Z4C24;515.49
2026-08-28;IE00B19Z4C24;510.5
2026-08-31;IE00B19Z4C24;507.21
2026-09-03;IE00B19Z4C24;505.28
2026-09-11;IE00B19Z4C24;503.32
2026-08-24;IE00B19Z6G02;497.88
2026-08-26;IE00B19Z6G02;499.99
2026-08-27;IE00B19Z6G02;498.88
2026-08-28;IE00B19Z6G02;498.37
2026-08-31;IE00B19Z6G02;492.89
2026-09-03;IE00B19Z6G02;489.93
2026-09-11;IE00B19Z6G02;480.12
2026-08-24;IE00B19Z9505;566.534
2026-08-26;IE00B19Z9505;570.0041
2026-08-27;IE00B19Z9505;579.2778
2026-08-28;IE00B19Z9505;578.5897
2026-08-31;IE00B19Z9505;577.4008
2026-09-03;IE00B19Z9505;576.624
2026-09-11;IE00B19Z9505;571.1291
2026-08-24;IE00B19Z9612;910.34
2026-08-26;IE00B19Z9612;916.83
2026-08-27;IE00B19Z9612;930.14
2026-08-28;IE00B19Z9612;932.08
2026-08-31;IE00B19Z9612;927.45
2026-09-03;IE00B19Z9612;925.29
2026-09-11;IE00B19Z9612;918.77
2026-08-24;IE00B1D7YH97;9.3777
2026-08-26;IE00B1D7YH97;9.3856
2026-08-27;IE00B1D7YH97;9.4453
2026-08-28;IE00B1D7YH97;9.4484
2026-08-31;IE00B1D7YH97;9.5299
2026-09-03;IE00B1D7YH97;9.6562
2026-09-11;IE00B1D7YH97;9.7206
2026-08-24;IE00B1D7YM41;24.9528
2026-08-26;IE00B1D7YM41;25.0311
2026-08-27;IE00B1D7YM41;25.0385
2026-08-28;IE00B1D7YM41;25.0667
2026-08-31;IE00B1D7YM41;25.0602
2026-09-03;IE00B1D7YM41;25.0354
2026-09-11;IE00B1D7YM41;24.8912
2026-08-24;IE00B1G3DH73;52.4551
2026-08-25;IE00B1G3DH73;52.6201
2026-08-26;IE00B1G3DH73;52.6069
2026-08-27;IE00B1G3DH73;52.9754
2026-08-28;IE00B1G3DH73;52.8437
2026-08-31;IE00B1G3DH73;52.671
2026-09-03;IE00B1G3DH73;53.083
2026-09-10;IE00B1G3DH73;52.0144
2026-09-11;IE00B1G3DH73;52.462
2026-08-24;IE00B1W3WK72;12.5234
2026-08-25;IE00B1W3WK72;12.5539
2026-08-26;IE00B1W3WK72;12.6371
2026-08-27;IE00B1W3WK72;12.62
2026-08-28;IE00B1W3WK72;12.6739
2026-09-02;IE00B1W3WK72;12.5305
2026-09-10;IE00B1W3WK72;12.3401
2026-08-24;IE00B1W3X048;12.6504
2026-08-25;IE00B1W3X048;12.6812
2026-08-26;IE00B1W3X048;12.7651
2026-08-27;IE00B1W3X048;12.7478
2026-08-28;IE00B1W3X048;12.8022
2026-09-02;IE00B1W3X048;12.6569
2026-09-10;IE00B1W3X048;12.4639
2026-08-24;IE00B1W3X261;7.1293
2026-08-25;IE00B1W3X261;7.1484
2026-08-26;IE00B1W3X261;7.1806
2026-08-27;IE00B1W3X261;7.1701
2026-08-28;IE00B1W3X261;7.1853
2026-09-02;IE00B1W3X261;7.0856
2026-09-10;IE00B1W3X261;6.9949
2026-08-24;IE00B1W3XB56;56.638
2026-08-25;IE00B1W3XB56;57.1858
2026-08-26;IE00B1W3XB56;57.275
2026-08-27;IE00B1W3XB56;57.0214
2026-08-28;IE00B1W3XB56;57.2579
2026-09-02;IE00B1W3XB56;55.7614
2026-09-10;IE00B1W3XB56;55.7473
2026-08-25;IE00B1W3XQ00;21.9767
2026-08-26;IE00B1W3XQ00;22.0455
2026-08-27;IE00B1W3XQ00;22.1324
2026-08-28;IE00B1W3XQ00;22.2181
2026-08-31;IE00B1W3XQ00;22.3594
2026-09-03;IE00B1W3XQ00;22.0289
2026-09-11;IE00B1W3XQ00;21.8655
2026-08-24;IE00B1Z6D669;15.87
2026-08-26;IE00B1Z6D669;15.91
2026-08-27;IE00B1Z6D669;15.9
2026-08-28;IE00B1Z6D669;15.87
2026-08-31;IE00B1Z6D669;15.85
2026-09-03;IE00B1Z6D669;15.84
2026-09-11;IE00B1Z6D669;15.69
2026-08-24;IE00B1ZBRN64;384.0383
2026-08-25;IE00B1ZBRN64;383.1505
2026-08-26;IE00B1ZBRN64;383.4697
2026-08-27;IE00B1ZBRN64;389.0588
2026-08-28;IE00B1ZBRN64;391.5837
2026-09-02;IE00B1ZBRN64;383.9124
2026-09-10;IE00B1ZBRN64;362.7524
2026-08-24;IE00B23S7K36;1.6637
2026-08-25;IE00B23S7K36;1.6909
2026-08-26;IE00B23S7K36;1.685
2026-08-27;IE00B23S7K36;1.68
2026-08-28;IE00B23S7K36;1.678
2026-09-02;IE00B23S7K36;1.7965
2026-09-10;IE00B23S7K36;1.8221
2026-08-24;IE00B23S7L43;1.1993
2026-08-25;IE00B23S7L43;1.2201
2026-08-26;IE00B23S7L43;1.2159
2026-08-27;IE00B23S7L43;1.2119
2026-08-28;IE00B23S7L43;1.2065
2026-09-02;IE00B23S7L43;1.2949
2026-09-10;IE00B23S7L43;1.312
2026-08-24;IE00B23Z7J34;142.61
2026-08-26;IE00B23Z7J34;142.86
2026-08-27;IE00B23Z7J34;142.79
2026-08-28;IE00B23Z7J34;142.43
2026-08-31;IE00B23Z7J34;142.32
2026-09-03;IE00B23Z7J34;142.27
2026-09-11;IE00B23Z7J34;140.99
2026-08-24;IE00B23Z7K49;66.37
2026-08-26;IE00B23Z7K49;66.49
2026-08-27;IE00B23Z7K49;66.45
2026-08-28;IE00B23Z7K49;66.29
2026-08-31;IE00B23Z7K49;66.24
2026-09-03;IE00B23Z7K49;66.0
2026-09-11;IE00B23Z7K49;65.41
2026-08-24;IE00B2478W85;11.7435
2026-08-26;IE00B2478W85;11.7571
2026-08-27;IE00B2478W85;11.7722
2026-08-28;IE00B2478W85;11.7632
2026-08-31;IE00B2478W85;11.7768
2026-09-03;IE00B2478W85;11.7819
2026-09-11;IE00B2478W85;11.7095
2026-08-24;IE00B283G405;8.34
2026-08-26;IE00B283G405;8.35
2026-08-27;IE00B283G405;8.35
2026-08-28;IE00B283G405;8.32
2026-08-31;IE00B283G405;8.33
2026-09-03;IE00B283G405;8.33
2026-09-11;IE00B283G405;8.27
2026-08-25;IE00B296X584;18.046
2026-08-26;IE00B296X584;18.0608
2026-08-27;IE00B296X584;18.0624
2026-08-28;IE00B296X584;18.0683
2026-09-03;IE00B296X584;18.0474
2026-09-11;IE00B296X584;17.9853
2026-08-25;IE00B29LM454;110.0223
2026-08-26;IE00B29LM454;110.0281
2026-08-27;IE00B29LM454;110.034
2026-08-28;IE00B29LM454;110.0518
2026-08-31;IE00B29LM454;110.0578
2026-09-03;IE00B29LM454;110.0756
2026-09-08;IE00B29LM454;110.1053
2026-09-11;IE00B29LM454;110.1351
2026-08-24;IE00B29M2H10;4.3087
2026-08-25;IE00B29M2H10;4.3096
2026-08-26;IE00B29M2H10;4.3145
2026-08-27;IE00B29M2H10;4.3441
2026-08-28;IE00B29M2H10;4.3533
2026-09-02;IE00B29M2H10;4.2751
2026-09-10;IE00B29M2H10;4.1648
2026-08-24;IE00B29M2J34;2.7119
2026-08-25;IE00B29M2J34;2.7153
2026-08-26;IE00B29M2J34;2.7185
2026-08-27;IE00B29M2J34;2.7361
2026-08-28;IE00B29M2J34;2.7327
2026-09-02;IE00B29M2J34;2.6903
2026-09-10;IE00B29M2J34;2.6182
2026-08-24;IE00B2NN6563;42.24
2026-08-25;IE00B2NN6563;42.39
2026-08-26;IE00B2NN6563;42.52
2026-08-27;IE00B2NN6563;42.89
2026-08-28;IE00B2NN6563;42.57
2026-09-02;IE00B2NN6563;41.23
2026-09-10;IE00B2NN6563;40.67
2026-08-24;IE00B2NXKW18;473.68
2026-08-26;IE00B2NXKW18;471.67
2026-08-27;IE00B2NXKW18;480.71
2026-08-28;IE00B2NXKW18;482.92
2026-09-02;IE00B2NXKW18;473.68
2026-09-10;IE00B2NXKW18;447.38
2026-08-25;IE00B2Q5LL07;10625.1522
2026-08-26;IE00B2Q5LL07;10648.0517
2026-08-27;IE00B2Q5LL07;10648.5088
2026-08-28;IE00B2Q5LL07;10674.3168
2026-08-31;IE00B2Q5LL07;10679.8621
2026-09-03;IE00B2Q5LL07;10679.5196
2026-09-10;IE00B2Q5LL07;10678.4098
2026-09-11;IE00B2Q5LL07;10693.7024
2026-08-24;IE00B3CCJB88;18.8297
2026-08-25;IE00B3CCJB88;18.5493
2026-08-26;IE00B3CCJB88;18.5733
2026-08-27;IE00B3CCJB88;18.5154
2026-09-02;IE00B3CCJB88;19.3112
2026-09-10;IE00B3CCJB88;19.3216
2026-08-25;IE00B3DWSS75;10345.8273
2026-08-26;IE00B3DWSS75;10368.0554
2026-08-27;IE00B3DWSS75;10368.4311
2026-08-28;IE00B3DWSS75;10393.343
2026-08-31;IE00B3DWSS75;10398.6814
2026-09-03;IE00B3DWSS75;10398.1313
2026-09-10;IE00B3DWSS75;10396.5567
2026-09-11;IE00B3DWSS75;10411.2202
2026-08-24;IE00B3K7XK29;16.8181
2026-08-26;IE00B3K7XK29;16.9078
2026-08-27;IE00B3K7XK29;16.8898
2026-08-28;IE00B3K7XK29;16.8746
2026-08-31;IE00B3K7XK29;16.856
2026-09-03;IE00B3K7XK29;16.8423
2026-09-11;IE00B3K7XK29;16.6429
2026-08-24;IE00B3KR3M49;12.66
2026-08-26;IE00B3KR3M49;12.69
2026-08-27;IE00B3KR3M49;12.67
2026-08-28;IE00B3KR3M49;12.64
2026-09-03;IE00B3KR3M49;12.6
2026-09-11;IE00B3KR3M49;12.45
2026-08-24;IE00B3MB7B14;133.4
2026-08-26;IE00B3MB7B14;133.55
2026-08-27;IE00B3MB7B14;133.61
2026-08-28;IE00B3MB7B14;133.59
2026-09-03;IE00B3MB7B14;133.48
2026-09-11;IE00B3MB7B14;133.02
2026-08-24;IE00B3N32X37;382.8855
2026-08-25;IE00B3N32X37;381.698
2026-08-26;IE00B3N32X37;381.6408
2026-08-27;IE00B3N32X37;379.4523
2026-08-28;IE00B3N32X37;380.7538
2026-09-02;IE00B3N32X37;381.4278
2026-09-10;IE00B3N32X37;375.3746
2026-08-25;IE00B3NFBQ59;6.5661
2026-08-26;IE00B3NFBQ59;6.6432
2026-08-27;IE00B3NFBQ59;6.6941
2026-08-28;IE00B3NFBQ59;6.6829
2026-09-03;IE00B3NFBQ59;6.6001
2026-09-11;IE00B3NFBQ59;6.6142
2026-08-24;IE00B3NLSS43;80.85
2026-08-25;IE00B3NLSS43;81.43
2026-08-26;IE00B3NLSS43;81.48
2026-08-27;IE00B3NLSS43;80.95
2026-08-28;IE00B3NLSS43;80.25
2026-09-02;IE00B3NLSS43;80.8
2026-09-10;IE00B3NLSS43;77.28
2026-08-24;IE00B3NLTK32;80.8502
2026-08-25;IE00B3NLTK32;81.4255
2026-08-26;IE00B3NLTK32;81.482
2026-08-27;IE00B3NLTK32;80.9545
2026-08-28;IE00B3NLTK32;80.2512
2026-09-02;IE00B3NLTK32;80.7951
2026-09-10;IE00B3NLTK32;77.2787
2026-08-24;IE00B3QDMK77;14.72
2026-08-26;IE00B3QDMK77;14.76
2026-08-27;IE00B3QDMK77;14.74
2026-08-28;IE00B3QDMK77;14.68
2026-09-03;IE00B3QDMK77;14.65
2026-09-11;IE00B3QDMK77;14.43
2026-08-25;IE00B3V93F27;4.3079
2026-08-26;IE00B3V93F27;4.3081
2026-08-27;IE00B3V93F27;4.2993
2026-08-28;IE00B3V93F27;4.2876
2026-08-31;IE00B3V93F27;4.303
2026-09-03;IE00B3V93F27;4.2675
2026-09-11;IE00B3V93F27;4.1762
2026-08-24;IE00B3VXGD32;68.39
2026-08-25;IE00B3VXGD32;69.06
2026-08-26;IE00B3VXGD32;69.2
2026-08-27;IE00B3VXGD32;68.84
2026-08-28;IE00B3VXGD32;66.82
2026-09-02;IE00B3VXGD32;68.0
2026-09-10;IE00B3VXGD32;65.53
2026-08-24;IE00B3XLHR60;68.3952
2026-08-25;IE00B3XLHR60;69.0514
2026-08-26;IE00B3XLHR60;69.2026
2026-08-27;IE00B3XLHR60;68.8388
2026-08-28;IE00B3XLHR60;66.8186
2026-09-02;IE00B3XLHR60;67.9948
2026-09-10;IE00B3XLHR60;65.5312
2026-08-25;IE00B3XPRY57;2.9039
2026-08-26;IE00B3XPRY57;2.9038
2026-08-27;IE00B3XPRY57;2.8982
2026-08-28;IE00B3XPRY57;2.8988
2026-08-31;IE00B3XPRY57;2.8977
2026-09-03;IE00B3XPRY57;2.8745
2026-09-11;IE00B3XPRY57;2.8113
2026-08-24;IE00B3Y6DR28;11.5378
2026-08-26;IE00B3Y6DR28;11.5753
2026-08-27;IE00B3Y6DR28;11.5662
2026-08-28;IE00B3Y6DR28;11.548
2026-08-31;IE00B3Y6DR28;11.5444
2026-09-03;IE00B3Y6DR28;11.5667
2026-09-11;IE00B3Y6DR28;11.4339
2026-08-24;IE00B42LF923;449.6952
2026-08-25;IE00B42LF923;451.2167
2026-08-26;IE00B42LF923;452.5563
2026-08-27;IE00B42LF923;453.16
2026-08-28;IE00B42LF923;450.4146
2026-08-31;IE00B42LF923;449.2965
2026-09-03;IE00B42LF923;450.739
2026-09-10;IE00B42LF923;439.5375
2026-09-11;IE00B42LF923;441.5536
2026-08-24;IE00B42N8Z54;209.9761
2026-08-25;IE00B42N8Z54;212.851
2026-08-26;IE00B42N8Z54;215.4218
2026-08-27;IE00B42N8Z54;219.4584
2026-08-28;IE00B42N8Z54;216.4825
2026-09-02;IE00B42N8Z54;213.5786
2026-09-10;IE00B42N8Z54;221.2709
2026-08-24;IE00B42QQV61;5.0487
2026-08-25;IE00B42QQV61;5.0457
2026-08-26;IE00B42QQV61;5.0568
2026-08-27;IE00B42QQV61;5.0891
2026-08-28;IE00B42QQV61;5.099
2026-09-02;IE00B42QQV61;5.0129
2026-09-10;IE00B42QQV61;4.8792
2026-08-24;IE00B42W4L06;432.2306
2026-08-25;IE00B42W4L06;433.6944
2026-08-26;IE00B42W4L06;434.98
2026-08-27;IE00B42W4L06;435.5617
2026-08-28;IE00B42W4L06;432.9216
2026-08-31;IE00B42W4L06;431.8471
2026-09-03;IE00B42W4L06;433.2339
2026-09-10;IE00B42W4L06;422.468
2026-09-11;IE00B42W4L06;424.4055
2026-08-24;IE00B433M743;209.9773
2026-08-25;IE00B433M743;212.8443
2026-08-26;IE00B433M743;215.4307
2026-08-27;IE00B433M743;219.4649
2026-08-28;IE00B433M743;216.4785
2026-09-02;IE00B433M743;213.5846
2026-09-10;IE00B433M743;221.2754
2026-08-24;IE00B4468526;209.98
2026-08-25;IE00B4468526;212.85
2026-08-26;IE00B4468526;215.43
2026-08-27;IE00B4468526;219.46
2026-08-28;IE00B4468526;216.48
2026-09-02;IE00B4468526;213.58
2026-09-10;IE00B4468526;221.27
2026-08-24;IE00B45QYL94;9.6862
2026-08-26;IE00B45QYL94;9.7119
2026-08-24;IE00B46MFP70;8.52
2026-08-26;IE00B46MFP70;8.55
2026-08-27;IE00B46MFP70;8.5
2026-08-28;IE00B46MFP70;8.47
2026-09-03;IE00B46MFP70;8.45
2026-09-11;IE00B46MFP70;8.32
2026-08-24;IE00B4MB6665;446.36
2026-08-25;IE00B4MB6665;445.93
2026-08-26;IE00B4MB6665;443.17
2026-08-27;IE00B4MB6665;446.81
2026-08-28;IE00B4MB6665;448.09
2026-09-02;IE00B4MB6665;437.07
2026-09-10;IE00B4MB6665;418.8
2026-08-24;IE00B4MQD153;80.56
2026-08-26;IE00B4MQD153;80.62
2026-08-27;IE00B4MQD153;80.61
2026-08-28;IE00B4MQD153;80.57
2026-09-03;IE00B4MQD153;80.49
2026-09-11;IE00B4MQD153;80.16
2026-08-25;IE00B4NF1620;397.2391
2026-08-26;IE00B4NF1620;399.1597
2026-08-27;IE00B4NF1620;398.4335
2026-08-28;IE00B4NF1620;403.4148
2026-09-03;IE00B4NF1620;397.1076
2026-09-11;IE00B4NF1620;392.6719
2026-08-24;IE00B4PTJ249;141.4878
2026-08-26;IE00B4PTJ249;141.9088
2026-08-27;IE00B4PTJ249;141.9794
2026-08-28;IE00B4PTJ249;142.2509
2026-09-03;IE00B4PTJ249;142.2088
2026-09-11;IE00B4PTJ249;141.7964
2026-08-25;IE00B4S5QX91;117.4691
2026-08-26;IE00B4S5QX91;117.7339
2026-08-27;IE00B4S5QX91;117.7239
2026-08-28;IE00B4S5QX91;117.9429
2026-08-31;IE00B4S5QX91;117.8991
2026-09-03;IE00B4S5QX91;117.9619
2026-09-11;IE00B4S5QX91;117.9658
2026-08-24;IE00B4TG9K96;8.94
2026-08-26;IE00B4TG9K96;8.96
2026-08-27;IE00B4TG9K96;8.96
2026-08-28;IE00B4TG9K96;8.94
2026-08-31;IE00B4TG9K96;8.92
2026-09-03;IE00B4TG9K96;8.92
2026-09-11;IE00B4TG9K96;8.84
2026-08-24;IE00B4WX2D18;16.9
2026-08-24;IE00B4Y6F282;120.5295
2026-08-26;IE00B4Y6F282;120.8878
2026-08-27;IE00B4Y6F282;120.8306
2026-08-28;IE00B4Y6F282;120.9103
2026-08-31;IE00B4Y6F282;120.902
2026-09-03;IE00B4Y6F282;120.7708
2026-09-11;IE00B4Y6F282;120.0651
2026-08-24;IE00B4Y6F514;97.91
2026-08-26;IE00B4Y6F514;98.01
2026-08-27;IE00B4Y6F514;97.96
2026-08-28;IE00B4Y6F514;97.81
2026-08-31;IE00B4Y6F514;97.76
2026-09-03;IE00B4Y6F514;97.66
2026-09-11;IE00B4Y6F514;97.02
2026-08-24;IE00B4YYXB79;23.9327
2026-08-25;IE00B4YYXB79;24.0283
2026-08-26;IE00B4YYXB79;24.0436
2026-08-27;IE00B4YYXB79;24.0854
2026-08-28;IE00B4YYXB79;24.034
2026-08-31;IE00B4YYXB79;23.9927
2026-09-03;IE00B4YYXB79;24.1576
2026-09-04;IE00B4YYXB79;24.1391
2026-09-10;IE00B4YYXB79;23.7013
2026-09-11;IE00B4YYXB79;23.858
2026-08-24;IE00B4YYY703;23.43
2026-08-25;IE00B4YYY703;23.53
2026-08-26;IE00B4YYY703;23.5
2026-08-27;IE00B4YYY703;23.54
2026-08-28;IE00B4YYY703;23.44
2026-08-31;IE00B4YYY703;23.39
2026-09-03;IE00B4YYY703;23.53
2026-09-04;IE00B4YYY703;23.5
2026-09-10;IE00B4YYY703;23.09
2026-09-11;IE00B4YYY703;23.21
2026-08-25;IE00B4Z6HC18;1.7088
2026-08-26;IE00B4Z6HC18;1.7098
2026-08-27;IE00B4Z6HC18;1.7082
2026-08-28;IE00B4Z6HC18;1.7092
2026-08-31;IE00B4Z6HC18;1.7036
2026-09-03;IE00B4Z6HC18;1.6973
2026-09-07;IE00B4Z6HC18;1.7027
2026-09-08;IE00B4Z6HC18;1.7022
2026-09-11;IE00B4Z6HC18;1.6862
2026-08-24;IE00B4ZJ4188;43.46
2026-08-25;IE00B4ZJ4188;43.88
2026-08-26;IE00B4ZJ4188;43.85
2026-08-27;IE00B4ZJ4188;43.91
2026-08-28;IE00B4ZJ4188;43.97
2026-09-02;IE00B4ZJ4188;42.77
2026-09-10;IE00B4ZJ4188;41.83
2026-08-24;IE00B51H7M53;136.7218
2026-08-26;IE00B51H7M53;137.0657
2026-08-27;IE00B51H7M53;137.0679
2026-08-28;IE00B51H7M53;137.2772
2026-09-03;IE00B51H7M53;137.2086
2026-09-11;IE00B51H7M53;136.7252
2026-08-24;IE00B52VLZ70;15.6691
2026-08-25;IE00B52VLZ70;15.601
2026-08-26;IE00B52VLZ70;15.6236
2026-08-27;IE00B52VLZ70;15.5232
2026-08-28;IE00B52VLZ70;15.6171
2026-09-02;IE00B52VLZ70;15.5934
2026-09-10;IE00B52VLZ70;15.2025
2026-08-24;IE00B530N462;44.36
2026-08-25;IE00B530N462;44.42
2026-08-26;IE00B530N462;44.55
2026-08-27;IE00B530N462;44.87
2026-08-28;IE00B530N462;44.81
2026-09-02;IE00B530N462;44.61
2026-09-10;IE00B530N462;43.95
2026-08-24;IE00B5456744;523.8755
2026-08-25;IE00B5456744;526.186
2026-08-26;IE00B5456744;526.6933
2026-08-27;IE00B5456744;530.0777
2026-08-28;IE00B5456744;529.8788
2026-08-31;IE00B5456744;528.4837
2026-09-03;IE00B5456744;531.4505
2026-09-10;IE00B5456744;521.6578
2026-09-11;IE00B5456744;524.9785
2026-08-24;IE00B560QG61;18.8725
2026-08-25;IE00B560QG61;18.8867
2026-08-26;IE00B560QG61;18.9202
2026-08-27;IE00B560QG61;18.9171
2026-08-28;IE00B560QG61;18.9276
2026-09-02;IE00B560QG61;18.9487
2026-09-10;IE00B560QG61;18.8312
2026-08-25;IE00B5648R31;579.87
2026-08-26;IE00B5648R31;580.46
2026-08-27;IE00B5648R31;581.56
2026-08-28;IE00B5648R31;587.5
2026-09-03;IE00B5648R31;590.14
2026-09-11;IE00B5648R31;580.65
2026-08-24;IE00B567SW70;19.9423
2026-08-25;IE00B567SW70;19.9661
2026-08-26;IE00B567SW70;19.9552
2026-08-27;IE00B567SW70;19.9426
2026-08-28;IE00B567SW70;19.9212
2026-09-02;IE00B567SW70;19.8686
2026-09-10;IE00B567SW70;19.782
2026-08-25;IE00B56CKP98;620.4516
2026-08-26;IE00B56CKP98;621.12
2026-08-27;IE00B56CKP98;623.5503
2026-08-28;IE00B56CKP98;631.3476
2026-09-03;IE00B56CKP98;634.3544
2026-09-11;IE00B56CKP98;624.6655
2026-08-24;IE00B5B5L056;12.01
2026-08-26;IE00B5B5L056;12.03
2026-08-27;IE00B5B5L056;12.02
2026-08-28;IE00B5B5L056;11.97
2026-08-31;IE00B5B5L056;11.96
2026-09-03;IE00B5B5L056;11.98
2026-09-11;IE00B5B5L056;11.83
2026-08-24;IE00B5KSKH55;47.2912
2026-08-25;IE00B5KSKH55;47.234
2026-08-26;IE00B5KSKH55;47.3058
2024-05-28;IE00B5LNV219;0.902
2026-08-24;IE00B5LNWM82;0.725
2026-08-25;IE00B5LNWM82;0.727
2026-08-24;IE00B5NJSL59;43.12
2026-08-25;IE00B5NJSL59;43.08
2026-08-26;IE00B5NJSL59;43.06
2026-08-27;IE00B5NJSL59;43.12
2026-08-28;IE00B5NJSL59;42.96
2026-09-02;IE00B5NJSL59;42.61
2026-09-10;IE00B5NJSL59;41.77
2026-08-24;IE00B5NLJK73;450.8648
2026-08-25;IE00B5NLJK73;449.3398
2026-08-26;IE00B5NLJK73;449.2547
2026-08-27;IE00B5NLJK73;457.7946
2026-08-28;IE00B5NLJK73;460.2266
2026-09-02;IE00B5NLJK73;451.8899
2026-09-10;IE00B5NLJK73;426.598
2026-08-24;IE00B65YMD51;13.7911
2026-08-26;IE00B65YMD51;13.8154
2026-08-27;IE00B65YMD51;13.7971
2026-08-28;IE00B65YMD51;13.7835
2026-08-31;IE00B65YMD51;13.7494
2026-09-03;IE00B65YMD51;13.6946
2026-09-11;IE00B65YMD51;13.548
2026-08-24;IE00B65YMK29;159.04
2026-08-26;IE00B65YMK29;159.16
2026-08-27;IE00B65YMK29;159.15
2026-08-28;IE00B65YMK29;159.05
2026-09-03;IE00B65YMK29;158.9
2026-09-11;IE00B65YMK29;158.25
2026-08-24;IE00B66B5L40;31.6801
2026-08-25;IE00B66B5L40;31.5931
2026-08-26;IE00B66B5L40;31.7554
2026-08-27;IE00B66B5L40;31.658
2026-09-02;IE00B66B5L40;31.2396
2026-09-10;IE00B66B5L40;30.6102
2026-08-24;IE00B68FF474;39.711
2026-08-25;IE00B68FF474;39.893
2026-08-26;IE00B68FF474;40.337
2026-08-27;IE00B68FF474;40.24
2026-08-28;IE00B68FF474;40.245
2026-09-10;IE00B68FF474;39.648
2026-08-24;IE00B68JD125;283.86
2026-08-25;IE00B68JD125;283.57
2026-08-26;IE00B68JD125;281.81
2026-08-27;IE00B68JD125;284.12
2026-08-28;IE00B68JD125;284.93
2026-09-02;IE00B68JD125;277.88
2026-09-10;IE00B68JD125;266.21
2026-08-25;IE00B6RNXY80;22.27
2026-08-26;IE00B6RNXY80;22.29
2026-08-27;IE00B6RNXY80;22.26
2026-08-28;IE00B6RNXY80;22.29
2026-08-31;IE00B6RNXY80;22.23
2026-09-03;IE00B6RNXY80;22.44
2026-09-10;IE00B6RNXY80;22.19
2026-09-11;IE00B6RNXY80;22.35
2026-08-25;IE00B6TRNJ36;16.8558
2026-08-26;IE00B6TRNJ36;16.8735
2026-08-27;IE00B6TRNJ36;16.8469
2026-08-28;IE00B6TRNJ36;16.8058
2026-08-31;IE00B6TRNJ36;16.813
2026-09-03;IE00B6TRNJ36;16.9886
2026-09-10;IE00B6TRNJ36;16.7526
2026-09-11;IE00B6TRNJ36;16.8754
2026-08-24;IE00B6TTF483;47.2873
2026-08-25;IE00B6TTF483;47.234
2026-08-26;IE00B6TTF483;47.3036
2026-08-27;IE00B6TTF483;47.3858
2026-08-28;IE00B6TTF483;47.3077
2026-09-02;IE00B6TTF483;47.0374
2026-09-10;IE00B6TTF483;45.9992
2026-08-25;IE00B6VXJV34;115.6235
2026-08-26;IE00B6VXJV34;115.6375
2026-08-27;IE00B6VXJV34;115.6162
2026-08-28;IE00B6VXJV34;115.5779
2026-08-31;IE00B6VXJV34;115.482
2026-09-03;IE00B6VXJV34;115.5552
2026-09-11;IE00B6VXJV34;115.4801
2026-08-24;IE00B6X2JP23;50.54
2026-08-25;IE00B6X2JP23;50.52
2026-08-26;IE00B6X2JP23;50.66
2026-08-25;IE00B78CQ196;177.3005
2026-08-26;IE00B78CQ196;177.4225
2026-08-27;IE00B78CQ196;177.5721
2026-08-28;IE00B78CQ196;177.6759
2026-09-03;IE00B78CQ196;177.3152
2026-09-11;IE00B78CQ196;176.101
2026-08-24;IE00B79S1F56;9.45
2026-08-26;IE00B79S1F56;9.44
2026-08-27;IE00B79S1F56;9.5
2026-08-28;IE00B79S1F56;9.48
2026-08-31;IE00B79S1F56;9.56
2026-09-03;IE00B79S1F56;9.69
2026-09-11;IE00B79S1F56;9.74
2026-08-24;IE00B7FN4G61;13.34
2026-08-26;IE00B7FN4G61;13.36
2026-08-27;IE00B7FN4G61;13.37
2026-08-28;IE00B7FN4G61;13.36
2026-09-03;IE00B7FN4G61;13.35
2026-09-11;IE00B7FN4G61;13.29
2026-08-25;IE00B7G7VV19;6.9026
2026-08-26;IE00B7G7VV19;6.9189
2026-08-27;IE00B7G7VV19;6.9445
2026-08-28;IE00B7G7VV19;6.966
2026-09-03;IE00B7G7VV19;6.8681
2026-09-11;IE00B7G7VV19;6.7329
2026-08-24;IE00B7KFL990;15.3094
2026-08-26;IE00B7KFL990;15.3879
2026-08-27;IE00B7KFL990;15.37
2026-08-28;IE00B7KFL990;15.3343
2026-08-31;IE00B7KFL990;15.3237
2026-09-03;IE00B7KFL990;15.3449
2026-09-11;IE00B7KFL990;15.1448
2026-08-24;IE00B7MC4336;311.8
2026-08-25;IE00B7MC4336;312.56
2026-08-26;IE00B7MC4336;313.71
2026-08-27;IE00B7MC4336;315.83
2026-08-28;IE00B7MC4336;311.04
2026-08-31;IE00B7MC4336;309.8
2026-09-03;IE00B7MC4336;308.93
2026-09-10;IE00B7MC4336;303.59
2026-09-11;IE00B7MC4336;306.72
2026-08-24;IE00B7MSLV86;30.457
2026-08-25;IE00B7MSLV86;30.521
2026-08-26;IE00B7MSLV86;30.448
2026-08-27;IE00B7MSLV86;30.184
2026-08-28;IE00B7MSLV86;30.317
2026-09-02;IE00B7MSLV86;30.093
2026-09-10;IE00B7MSLV86;29.655
2026-08-24;IE00B7RM3Q42;158.39
2026-08-25;IE00B7RM3Q42;158.44
2026-08-26;IE00B7RM3Q42;158.41
2026-08-27;IE00B7RM3Q42;157.74
2026-08-28;IE00B7RM3Q42;158.03
2026-08-31;IE00B7RM3Q42;157.53
2026-09-03;IE00B7RM3Q42;159.37
2026-09-10;IE00B7RM3Q42;156.25
2026-09-11;IE00B7RM3Q42;157.21
2026-08-24;IE00B7V30396;13.56
2026-08-25;IE00B7V30396;13.57
2026-08-26;IE00B7V30396;13.57
2026-08-27;IE00B7V30396;13.57
2026-09-02;IE00B7V30396;13.54
2026-09-07;IE00B7V30396;13.56
2026-09-10;IE00B7V30396;13.56
2026-08-24;IE00B83BYG91;11.79
2026-08-25;IE00B83BYG91;11.84
2026-08-26;IE00B83BYG91;11.82
2026-08-27;IE00B83BYG91;11.85
2026-08-28;IE00B83BYG91;11.82
2026-08-31;IE00B83BYG91;11.77
2026-09-03;IE00B83BYG91;11.79
2026-09-04;IE00B83BYG91;11.78
2026-09-10;IE00B83BYG91;11.57
2026-09-11;IE00B83BYG91;11.62
2026-08-24;IE00B84J9L26;14.31
2026-08-26;IE00B84J9L26;14.35
2026-08-27;IE00B84J9L26;14.33
2026-08-28;IE00B84J9L26;14.27
2026-08-31;IE00B84J9L26;14.25
2026-09-03;IE00B84J9L26;14.27
2026-09-11;IE00B84J9L26;14.07
2026-08-25;IE00B88DDG32;9.3043
2026-08-26;IE00B88DDG32;9.3297
2026-08-27;IE00B88DDG32;9.3812
2026-08-28;IE00B88DDG32;9.4338
2026-09-03;IE00B88DDG32;9.3037
2026-09-11;IE00B88DDG32;9.1274
2026-08-25;IE00B89ZWR21;2.3099
2026-08-26;IE00B89ZWR21;2.3096
2026-08-27;IE00B89ZWR21;2.3002
2026-08-28;IE00B89ZWR21;2.2956
2026-08-31;IE00B89ZWR21;2.2936
2026-09-03;IE00B89ZWR21;2.2754
2026-09-11;IE00B89ZWR21;2.2236
2026-08-24;IE00B8BPMF80;42.9807
2026-08-25;IE00B8BPMF80;43.1304
2026-08-26;IE00B8BPMF80;43.2829
2026-08-27;IE00B8BPMF80;43.1643
2026-08-28;IE00B8BPMF80;43.3269
2026-08-31;IE00B8BPMF80;43.0729
2026-09-03;IE00B8BPMF80;42.7337
2026-09-10;IE00B8BPMF80;41.7151
2026-09-11;IE00B8BPMF80;41.8433
2026-08-24;IE00B8J38129;193.17
2026-08-25;IE00B8J38129;193.31
2026-08-26;IE00B8J38129;193.29
2026-08-27;IE00B8J38129;193.22
2026-08-28;IE00B8J38129;193.15
2026-09-02;IE00B8J38129;192.04
2026-09-10;IE00B8J38129;191.77
2026-08-24;IE00B8K62S50;140.8
2026-08-25;IE00B8K62S50;141.32
2026-08-26;IE00B8K62S50;141.31
2026-08-27;IE00B8K62S50;141.59
2026-08-28;IE00B8K62S50;141.26
2026-08-31;IE00B8K62S50;140.51
2026-09-03;IE00B8K62S50;141.59
2026-09-10;IE00B8K62S50;138.92
2026-09-11;IE00B8K62S50;140.08
2026-08-24;IE00B8K7V925;8.0404
2026-08-26;IE00B8K7V925;8.0804
2026-08-27;IE00B8K7V925;8.0285
2026-08-28;IE00B8K7V925;8.0113
2026-08-31;IE00B8K7V925;8.0062
2026-09-03;IE00B8K7V925;8.0124
2026-09-11;IE00B8K7V925;7.9125
2026-08-24;IE00B8N0MW85;7.25
2026-08-26;IE00B8N0MW85;7.28
2026-08-27;IE00B8N0MW85;7.23
2026-08-28;IE00B8N0MW85;7.2
2026-08-31;IE00B8N0MW85;7.19
2026-09-03;IE00B8N0MW85;7.2
2026-09-11;IE00B8N0MW85;7.1
2026-08-24;IE00B8XCT900;94.77
2026-08-25;IE00B8XCT900;94.84
2026-08-26;IE00B8XCT900;94.83
2026-08-27;IE00B8XCT900;94.8
2026-08-28;IE00B8XCT900;94.76
2026-09-02;IE00B8XCT900;94.21
2026-09-10;IE00B8XCT900;94.08
2026-08-24;IE00B8ZQ4Z18;157.1693
2026-08-25;IE00B8ZQ4Z18;157.1999
2026-08-26;IE00B8ZQ4Z18;156.8283
2026-08-27;IE00B8ZQ4Z18;157.2047
2026-08-28;IE00B8ZQ4Z18;156.8645
2026-09-02;IE00B8ZQ4Z18;155.0977
2026-09-10;IE00B8ZQ4Z18;154.5512
2026-08-24;IE00B90VC092;10.69
2026-08-26;IE00B90VC092;10.71
2026-08-27;IE00B90VC092;10.7
2026-08-28;IE00B90VC092;10.7
2026-09-03;IE00B90VC092;10.69
2026-09-11;IE00B90VC092;10.62
2026-08-24;IE00B940S603;53.37
2026-08-26;IE00B940S603;53.47
2026-08-27;IE00B940S603;53.44
2026-08-28;IE00B940S603;53.31
2026-08-31;IE00B940S603;53.27
2026-09-03;IE00B940S603;53.02
2026-09-11;IE00B940S603;52.55
2026-08-24;IE00B95B6G86;371.3454
2026-08-25;IE00B95B6G86;370.1949
2026-08-26;IE00B95B6G86;370.1377
2026-08-27;IE00B95B6G86;368.0166
2026-08-28;IE00B95B6G86;369.2777
2026-09-02;IE00B95B6G86;369.9318
2026-09-10;IE00B95B6G86;364.0615
2026-08-24;IE00B95G9K86;11.11
2026-08-26;IE00B95G9K86;11.14
2026-08-27;IE00B95G9K86;11.13
2026-08-28;IE00B95G9K86;11.08
2026-08-31;IE00B95G9K86;11.08
2026-09-03;IE00B95G9K86;11.08
2026-09-11;IE00B95G9K86;10.95
2026-08-24;IE00B95GFL15;11.7435
2026-08-26;IE00B95GFL15;11.79
2026-08-27;IE00B95GFL15;11.7808
2026-08-28;IE00B95GFL15;11.7632
2026-08-31;IE00B95GFL15;11.7596
2026-09-03;IE00B95GFL15;11.7647
2026-09-11;IE00B95GFL15;11.632
2026-08-24;IE00B986FT65;13.38
2026-08-26;IE00B986FT65;13.41
2026-08-27;IE00B986FT65;13.43
2026-08-28;IE00B986FT65;13.44
2026-09-03;IE00B986FT65;13.4
2026-09-11;IE00B986FT65;13.27
2026-08-24;IE00B99FTC33;25.9986
2026-08-25;IE00B99FTC33;26.0764
2026-08-26;IE00B99FTC33;26.0787
2026-08-27;IE00B99FTC33;26.4467
2026-08-28;IE00B99FTC33;26.4951
2026-09-02;IE00B99FTC33;25.9886
2026-09-10;IE00B99FTC33;25.3525
2026-08-24;IE00B99MMG94;18.58
2026-08-25;IE00B99MMG94;18.64
2026-08-26;IE00B99MMG94;18.61
2026-08-27;IE00B99MMG94;18.87
2026-08-28;IE00B99MMG94;18.86
2026-09-02;IE00B99MMG94;18.45
2026-09-10;IE00B99MMG94;18.05
2026-08-25;IE00B9CMBW59;1.5425
2026-08-26;IE00B9CMBW59;1.5423
2026-08-27;IE00B9CMBW59;1.5361
2026-08-28;IE00B9CMBW59;1.533
2026-08-31;IE00B9CMBW59;1.5317
2026-09-03;IE00B9CMBW59;1.5195
2026-09-11;IE00B9CMBW59;1.4849
2026-08-24;IE00B9DCSJ09;126.9964
2026-08-25;IE00B9DCSJ09;127.2469
2026-08-26;IE00B9DCSJ09;127.1108
2026-08-27;IE00B9DCSJ09;127.0621
2026-08-28;IE00B9DCSJ09;126.7309
2026-09-02;IE00B9DCSJ09;126.6915
2026-09-04;IE00B9DCSJ09;127.0626
2026-09-10;IE00B9DCSJ09;126.2417
2026-08-24;IE00BB7N4179;1.0576
2026-08-25;IE00BB7N4179;1.0762
2026-08-26;IE00BB7N4179;1.0703
2026-08-27;IE00BB7N4179;1.0667
2026-08-28;IE00BB7N4179;1.0595
2026-09-02;IE00BB7N4179;1.1344
2026-09-10;IE00BB7N4179;1.1521
2026-08-25;IE00BBL4VX78;4.8442
2026-08-26;IE00BBL4VX78;4.8983
2026-08-27;IE00BBL4VX78;4.8839
2026-08-28;IE00BBL4VX78;4.8884
2026-09-03;IE00BBL4VX78;4.8272
2026-09-11;IE00BBL4VX78;4.8035
2026-08-25;IE00BBPRD471;1.3248
2026-08-26;IE00BBPRD471;1.3256
2026-08-27;IE00BBPRD471;1.3243
2026-08-28;IE00BBPRD471;1.3251
2026-08-31;IE00BBPRD471;1.3208
2026-09-03;IE00BBPRD471;1.3159
2026-09-07;IE00BBPRD471;1.3201
2026-09-08;IE00BBPRD471;1.3196
2026-09-11;IE00BBPRD471;1.3072
2026-08-24;IE00BC1J1W89;135.6417
2026-08-26;IE00BC1J1W89;136.1383
2026-08-27;IE00BC1J1W89;136.2006
2026-08-28;IE00BC1J1W89;136.4339
2026-09-03;IE00BC1J1W89;136.2275
2026-09-11;IE00BC1J1W89;135.5543
2026-08-24;IE00BCBHYP63;19.91
2026-08-24;IE00BCZQ7T48;271.35
2026-08-25;IE00BCZQ7T48;271.38
2026-08-26;IE00BCZQ7T48;272.21
2026-08-27;IE00BCZQ7T48;271.74
2026-08-28;IE00BCZQ7T48;271.96
2026-09-02;IE00BCZQ7T48;271.01
2026-09-07;IE00BCZQ7T48;272.4
2026-09-10;IE00BCZQ7T48;269.77
2026-08-24;IE00BD0NCT25;30.6685
2026-08-25;IE00BD0NCT25;30.7518
2026-08-26;IE00BD0NCT25;30.8102
2026-08-27;IE00BD0NCT25;31.0225
2026-08-28;IE00BD0NCT25;31.0093
2026-09-02;IE00BD0NCT25;30.9155
2026-09-10;IE00BD0NCT25;30.5357
2026-08-25;IE00BD1DSB51;19.7564
2026-08-26;IE00BD1DSB51;19.984
2026-08-27;IE00BD1DSB51;19.9034
2026-08-28;IE00BD1DSB51;20.1399
2026-08-31;IE00BD1DSB51;19.9663
2026-09-03;IE00BD1DSB51;19.5578
2026-09-11;IE00BD1DSB51;19.2018
2026-08-24;IE00BD2ZKT29;12.4556
2026-08-26;IE00BD2ZKT29;12.4798
2026-08-27;IE00BD2ZKT29;12.4753
2026-08-28;IE00BD2ZKT29;12.4535
2026-08-31;IE00BD2ZKT29;12.4186
2026-09-03;IE00BD2ZKT29;12.4504
2026-09-11;IE00BD2ZKT29;12.3669
2026-09-03;IE00BD2ZKV41;8.2836
2026-09-11;IE00BD2ZKV41;8.2281
2026-08-24;IE00BD4GTQ32;18.69
2026-08-25;IE00BD4GTQ32;18.8
2026-08-26;IE00BD4GTQ32;18.87
2026-08-27;IE00BD4GTQ32;18.67
2026-08-28;IE00BD4GTQ32;18.63
2026-08-31;IE00BD4GTQ32;18.51
2026-09-03;IE00BD4GTQ32;18.37
2026-09-10;IE00BD4GTQ32;18.17
2026-09-11;IE00BD4GTQ32;18.17
2026-08-24;IE00BD5CTX77;1.2721
2026-08-25;IE00BD5CTX77;1.2731
2026-08-26;IE00BD5CTX77;1.273
2026-08-27;IE00BD5CTX77;1.2734
2026-08-28;IE00BD5CTX77;1.2731
2026-09-02;IE00BD5CTX77;1.2721
2026-09-10;IE00BD5CTX77;1.2687
2026-08-24;IE00BD5CTY84;0.8216
2026-08-25;IE00BD5CTY84;0.8223
2026-08-26;IE00BD5CTY84;0.8222
2026-08-27;IE00BD5CTY84;0.8225
2026-08-28;IE00BD5CTY84;0.8223
2026-09-02;IE00BD5CTY84;0.8216
2026-09-10;IE00BD5CTY84;0.8194
2026-08-24;IE00BD8DY654;217.56
2026-08-25;IE00BD8DY654;217.11
2026-08-26;IE00BD8DY654;216.83
2026-08-27;IE00BD8DY654;219.95
2026-08-28;IE00BD8DY654;220.91
2026-09-02;IE00BD8DY654;216.05
2026-09-10;IE00BD8DY654;204.66
2026-08-24;IE00BD9Y4V21;132.86
2026-08-25;IE00BD9Y4V21;133.17
2026-08-26;IE00BD9Y4V21;132.91
2026-08-27;IE00BD9Y4V21;132.69
2026-08-28;IE00BD9Y4V21;132.16
2026-09-02;IE00BD9Y4V21;133.71
2026-09-10;IE00BD9Y4V21;134.35
2026-08-24;IE00BDB4ZH30;10.67
2026-08-26;IE00BDB4ZH30;10.67
2026-08-27;IE00BDB4ZH30;10.67
2026-08-28;IE00BDB4ZH30;10.66
2026-08-31;IE00BDB4ZH30;10.67
2026-09-03;IE00BDB4ZH30;10.67
2026-09-11;IE00BDB4ZH30;10.66
2026-08-24;IE00BDFB5T26;106.7334
2026-08-26;IE00BDFB5T26;107.2582
2026-08-27;IE00BDFB5T26;107.1919
2026-08-28;IE00BDFB5T26;107.161
2026-08-31;IE00BDFB5T26;107.1087
2026-09-03;IE00BDFB5T26;106.898
2026-09-11;IE00BDFB5T26;106.0059
2026-08-24;IE00BDGV0290;25.1521
2026-08-25;IE00BDGV0290;25.0829
2026-08-26;IE00BDGV0290;25.2118
2026-08-27;IE00BDGV0290;25.1345
2026-09-02;IE00BDGV0290;24.8023
2026-09-10;IE00BDGV0290;24.3026
2026-08-25;IE00BDH6RQ67;19.1514
2026-08-27;IE00BDH6RQ67;19.1542
2026-08-28;IE00BDH6RQ67;19.1965
2026-08-31;IE00BDH6RQ67;19.2104
2026-09-03;IE00BDH6RQ67;19.1455
2026-09-11;IE00BDH6RQ67;18.5078
2026-08-25;IE00BDR0R792;207.7541
2026-08-26;IE00BDR0R792;207.8741
2026-08-27;IE00BDR0R792;207.8043
2026-08-28;IE00BDR0R792;209.2072
2026-09-03;IE00BDR0R792;209.2081
2026-09-11;IE00BDR0R792;204.8467
2026-08-25;IE00BDR0R800;201.3
2026-08-26;IE00BDR0R800;201.79
2026-08-27;IE00BDR0R800;201.29
2026-08-28;IE00BDR0R800;202.46
2026-09-03;IE00BDR0R800;202.65
2026-09-11;IE00BDR0R800;198.59
2026-08-24;IE00BDT57Y96;11.14
2026-08-26;IE00BDT57Y96;11.18
2026-08-27;IE00BDT57Y96;11.15
2026-08-28;IE00BDT57Y96;11.13
2026-08-31;IE00BDT57Y96;11.12
2026-09-03;IE00BDT57Y96;11.13
2026-09-11;IE00BDT57Y96;11.06
2026-08-24;IE00BDTM8703;8.79
2026-08-26;IE00BDTM8703;8.81
2026-08-27;IE00BDTM8703;8.77
2026-08-28;IE00BDTM8703;8.73
2026-08-31;IE00BDTM8703;8.72
2026-09-03;IE00BDTM8703;8.74
2026-09-11;IE00BDTM8703;8.61
2026-08-24;IE00BDTM8810;10.71
2026-08-26;IE00BDTM8810;10.74
2026-08-27;IE00BDTM8810;10.73
2026-08-28;IE00BDTM8810;10.71
2026-08-31;IE00BDTM8810;10.69
2026-09-03;IE00BDTM8810;10.68
2026-09-11;IE00BDTM8810;10.59
2026-08-24;IE00BDTYYP61;162.27
2026-08-25;IE00BDTYYP61;162.46
2026-08-26;IE00BDTYYP61;162.47
2026-08-27;IE00BDTYYP61;162.55
2026-09-02;IE00BDTYYP61;162.34
2026-09-10;IE00BDTYYP61;161.78
2026-08-24;IE00BDZRWZ54;11.54
2026-08-26;IE00BDZRWZ54;11.56
2026-08-27;IE00BDZRWZ54;11.55
2026-08-28;IE00BDZRWZ54;11.55
2026-09-03;IE00BDZRWZ54;11.53
2026-09-11;IE00BDZRWZ54;11.48
2026-08-24;IE00BDZRX078;7.38
2026-08-26;IE00BDZRX078;7.39
2026-08-27;IE00BDZRX078;7.39
2026-08-28;IE00BDZRX078;7.39
2026-09-03;IE00BDZRX078;7.38
2026-09-11;IE00BDZRX078;7.35
2026-08-25;IE00BDZS0L05;11.56
2026-08-26;IE00BDZS0L05;11.58
2026-08-27;IE00BDZS0L05;11.56
2026-08-28;IE00BDZS0L05;11.56
2026-09-03;IE00BDZS0L05;11.55
2026-09-07;IE00BDZS0L05;11.57
2026-09-08;IE00BDZS0L05;11.54
2026-09-11;IE00BDZS0L05;11.41
2026-08-24;IE00BF0GL105;36.0106
2026-08-26;IE00BF0GL105;36.5978
2026-08-27;IE00BF0GL105;36.8365
2026-08-28;IE00BF0GL105;36.4598
2026-09-02;IE00BF0GL105;36.0201
2026-09-10;IE00BF0GL105;36.8248
2026-08-24;IE00BF0GL212;36.01
2026-08-25;IE00BF0GL212;36.31
2026-08-26;IE00BF0GL212;36.6
2026-08-27;IE00BF0GL212;36.84
2026-09-02;IE00BF0GL212;36.02
2026-09-10;IE00BF0GL212;36.82
2026-08-24;IE00BF1T6L34;18.5324
2026-08-25;IE00BF1T6L34;18.6211
2026-08-26;IE00BF1T6L34;18.6338
2026-08-27;IE00BF1T6L34;18.8476
2026-08-28;IE00BF1T6L34;18.8107
2026-09-02;IE00BF1T6L34;18.3982
2026-09-10;IE00BF1T6L34;18.0168
2026-08-24;IE00BF1T6Q88;16.08
2026-08-25;IE00BF1T6Q88;16.16
2026-08-26;IE00BF1T6Q88;16.17
2026-08-27;IE00BF1T6Q88;16.36
2026-08-28;IE00BF1T6Q88;16.32
2026-09-02;IE00BF1T6Q88;15.96
2026-09-10;IE00BF1T6Q88;15.63
2026-08-24;IE00BF2FJG67;10.28
2026-08-26;IE00BF2FJG67;10.29
2026-08-27;IE00BF2FJG67;10.28
2026-08-28;IE00BF2FJG67;10.25
2026-08-31;IE00BF2FJG67;10.25
2026-09-03;IE00BF2FJG67;10.27
2026-09-11;IE00BF2FJG67;10.15
2026-08-24;IE00BF5FQ626;17.99
2026-08-25;IE00BF5FQ626;18.03
2026-08-26;IE00BF5FQ626;18.03
2026-08-27;IE00BF5FQ626;18.29
2026-08-28;IE00BF5FQ626;18.39
2026-09-02;IE00BF5FQ626;17.99
2026-09-10;IE00BF5FQ626;17.57
2026-08-24;IE00BF8H6M17;117.95
2026-08-26;IE00BF8H6M17;117.99
2026-08-27;IE00BF8H6M17;118.08
2026-08-28;IE00BF8H6M17;118.02
2026-09-03;IE00BF8H6M17;117.87
2026-09-11;IE00BF8H6M17;117.49
2026-08-24;IE00BFNWXY26;10.852
2026-08-26;IE00BFNWXY26;10.8797
2026-08-27;IE00BFNWXY26;10.8792
2026-08-28;IE00BFNWXY26;10.8855
2026-08-31;IE00BFNWXY26;10.8901
2026-09-03;IE00BFNWXY26;10.8868
2026-09-11;IE00BFNWXY26;10.8485
2026-08-24;IE00BFNWYN85;14.4865
2026-08-26;IE00BFNWYN85;14.555
2026-08-27;IE00BFNWYN85;14.5715
2026-08-24;IE00BFNXVS58;110.01
2026-08-26;IE00BFNXVS58;110.1
2026-08-27;IE00BFNXVS58;110.09
2026-08-28;IE00BFNXVS58;110.06
2026-09-03;IE00BFNXVS58;109.93
2026-09-11;IE00BFNXVS58;109.58
2026-08-24;IE00BFNXVX02;116.4493
2026-08-26;IE00BFNXVX02;116.7574
2026-08-27;IE00BFNXVX02;116.752
2026-08-28;IE00BFNXVX02;116.9691
2026-09-03;IE00BFNXVX02;116.8808
2026-09-11;IE00BFNXVX02;116.578
2026-08-24;IE00BFRSV866;15.4294
2026-08-26;IE00BFRSV866;15.4824
2026-08-27;IE00BFRSV866;15.4731
2026-08-28;IE00BFRSV866;15.4806
2026-09-03;IE00BFRSV866;15.4567
2026-09-11;IE00BFRSV866;15.3256
2026-08-24;IE00BFRSV973;14.5
2026-08-26;IE00BFRSV973;14.52
2026-08-27;IE00BFRSV973;14.51
2026-08-28;IE00BFRSV973;14.49
2026-09-03;IE00BFRSV973;14.45
2026-09-11;IE00BFRSV973;14.32
2026-08-24;IE00BFZ4RX34;130.9601
2026-08-25;IE00BFZ4RX34;130.9968
2026-08-26;IE00BFZ4RX34;130.9426
2026-08-27;IE00BFZ4RX34;130.9426
2026-08-28;IE00BFZ4RX34;130.9217
2026-09-02;IE00BFZ4RX34;130.6808
2026-09-04;IE00BFZ4RX34;130.7771
2026-09-10;IE00BFZ4RX34;130.7848
2026-08-24;IE00BG0R2Z11;15.36
2026-08-25;IE00BG0R2Z11;15.44
2026-08-26;IE00BG0R2Z11;15.42
2026-08-27;IE00BG0R2Z11;15.6
2026-08-28;IE00BG0R2Z11;15.54
2026-09-02;IE00BG0R2Z11;15.15
2026-09-10;IE00BG0R2Z11;14.88
2026-08-24;IE00BG1D7R55;192.902
2026-08-26;IE00BG1D7R55;193.7828
2026-08-27;IE00BG1D7R55;194.6926
2026-08-28;IE00BG1D7R55;194.0364
2026-08-31;IE00BG1D7R55;193.1384
2026-09-03;IE00BG1D7R55;194.6292
2026-09-10;IE00BG1D7R55;190.8146
2026-08-24;IE00BG226Z29;11.6477
2026-08-25;IE00BG226Z29;11.6725
2026-08-26;IE00BG226Z29;11.6618
2026-08-27;IE00BG226Z29;11.6645
2026-08-28;IE00BG226Z29;11.6768
2026-09-02;IE00BG226Z29;11.669
2026-09-10;IE00BG226Z29;11.687
2026-08-24;IE00BG800Q99;9.0948
2026-08-25;IE00BG800Q99;9.1263
2026-08-26;IE00BG800Q99;9.1194
2026-08-27;IE00BG800Q99;9.0589
2026-08-28;IE00BG800Q99;9.0698
2026-08-31;IE00BG800Q99;9.0392
2026-09-03;IE00BG800Q99;9.0881
2026-09-04;IE00BG800Q99;9.0737
2026-09-10;IE00BG800Q99;8.9439
2026-09-11;IE00BG800Q99;8.9457
2026-08-24;IE00BG800R07;15.9609
2026-08-25;IE00BG800R07;16.016
2026-08-26;IE00BG800R07;16.0062
2026-08-27;IE00BG800R07;15.9711
2026-08-28;IE00BG800R07;15.9797
2026-08-31;IE00BG800R07;15.9349
2026-09-03;IE00BG800R07;16.0075
2026-09-04;IE00BG800R07;15.9952
2026-09-10;IE00BG800R07;15.755
2026-09-11;IE00BG800R07;15.7733
2026-08-24;IE00BG800X66;8.75
2026-08-25;IE00BG800X66;8.79
2026-08-26;IE00BG800X66;8.77
2026-08-27;IE00BG800X66;8.71
2026-08-28;IE00BG800X66;8.7
2026-08-31;IE00BG800X66;8.67
2026-09-03;IE00BG800X66;8.71
2026-09-04;IE00BG800X66;8.7
2026-09-10;IE00BG800X66;8.57
2026-09-11;IE00BG800X66;8.57
2026-08-24;IE00BG800Y73;15.44
2026-08-25;IE00BG800Y73;15.5
2026-08-26;IE00BG800Y73;15.46
2026-08-27;IE00BG800Y73;15.42
2026-08-28;IE00BG800Y73;15.41
2026-08-31;IE00BG800Y73;15.35
2026-09-03;IE00BG800Y73;15.42
2026-09-04;IE00BG800Y73;15.4
2026-09-10;IE00BG800Y73;15.18
2026-09-11;IE00BG800Y73;15.18
2026-08-24;IE00BGHQF524;14.5193
2026-08-25;IE00BGHQF524;14.3029
2026-08-26;IE00BGHQF524;14.3212
2026-08-27;IE00BGHQF524;14.2764
2026-09-02;IE00BGHQF524;14.8888
2026-09-10;IE00BGHQF524;14.8952
2026-08-24;IE00BGK04N24;29.6931
2026-08-25;IE00BGK04N24;29.7783
2026-08-26;IE00BGK04N24;29.7883
2026-08-24;IE00BH3Z9Y78;255.5292
2026-08-25;IE00BH3Z9Y78;256.476
2026-08-26;IE00BH3Z9Y78;257.2062
2026-08-27;IE00BH3Z9Y78;259.5146
2026-08-28;IE00BH3Z9Y78;252.8603
2026-09-02;IE00BH3Z9Y78;248.3382
2026-09-10;IE00BH3Z9Y78;241.0559
2026-08-24;IE00BH3ZB298;146.0808
2026-08-25;IE00BH3ZB298;146.6606
2026-08-26;IE00BH3ZB298;146.7661
2026-08-27;IE00BH3ZB298;148.0658
2026-08-28;IE00BH3ZB298;143.9517
2026-09-02;IE00BH3ZB298;141.0143
2026-09-10;IE00BH3ZB298;137.2096
2026-08-24;IE00BH480Z36;14.3579
2026-08-25;IE00BH480Z36;14.4393
2026-08-26;IE00BH480Z36;14.4519
2026-08-27;IE00BH480Z36;14.5114
2026-08-28;IE00BH480Z36;14.4824
2026-09-02;IE00BH480Z36;14.4305
2026-09-10;IE00BH480Z36;14.3704
2026-08-24;IE00BH481053;13.3
2026-08-25;IE00BH481053;13.36
2026-08-26;IE00BH481053;13.37
2026-08-27;IE00BH481053;13.44
2026-08-28;IE00BH481053;13.46
2026-09-02;IE00BH481053;13.37
2026-09-10;IE00BH481053;13.33
2026-08-24;IE00BH65QN23;111.0879
2026-08-26;IE00BH65QN23;111.3973
2026-08-27;IE00BH65QN23;111.3531
2026-08-28;IE00BH65QN23;111.408
2026-08-31;IE00BH65QN23;111.4466
2026-09-03;IE00BH65QN23;111.3685
2026-09-11;IE00BH65QN23;110.8172
2026-08-24;IE00BH6XS969;369.27
2026-08-25;IE00BH6XS969;369.8327
2026-08-26;IE00BH6XS969;371.4685
2026-08-27;IE00BH6XS969;370.9227
2026-08-28;IE00BH6XS969;371.0823
2026-09-02;IE00BH6XS969;371.2004
2026-09-10;IE00BH6XS969;371.4276
2026-08-24;IE00BH6XSF26;325.3345
2026-08-25;IE00BH6XSF26;325.8313
2026-08-26;IE00BH6XSF26;327.271
2026-08-27;IE00BH6XSF26;326.7914
2026-08-28;IE00BH6XSF26;326.9309
2026-09-02;IE00BH6XSF26;327.0353
2026-09-10;IE00BH6XSF26;327.2359
2026-08-24;IE00BHNWQ814;108.88
2026-08-26;IE00BHNWQ814;108.95
2026-08-27;IE00BHNWQ814;108.93
2026-08-28;IE00BHNWQ814;108.84
2026-09-03;IE00BHNWQ814;108.78
2026-09-11;IE00BHNWQ814;108.32
2026-08-24;IE00BHR40R02;15.24
2026-08-25;IE00BHR40R02;15.33
2026-08-26;IE00BHR40R02;15.38
2026-08-27;IE00BHR40R02;15.21
2026-08-28;IE00BHR40R02;15.14
2026-08-31;IE00BHR40R02;15.05
2026-09-03;IE00BHR40R02;14.93
2026-09-10;IE00BHR40R02;14.76
2026-09-11;IE00BHR40R02;14.76
2026-08-24;IE00BJ357Q90;29.8645
2026-08-25;IE00BJ357Q90;29.8897
2026-08-26;IE00BJ357Q90;29.9171
2026-08-24;IE00BJ4XDR50;141.82
2026-08-26;IE00BJ4XDR50;141.86
2026-08-27;IE00BJ4XDR50;141.87
2026-08-28;IE00BJ4XDR50;141.89
2026-09-03;IE00BJ4XDR50;141.54
2026-09-11;IE00BJ4XDR50;140.85
2026-08-25;IE00BJ5JS224;10.9178
2026-08-26;IE00BJ5JS224;11.126
2026-08-27;IE00BJ5JS224;11.1225
2026-08-28;IE00BJ5JS224;11.3338
2026-08-31;IE00BJ5JS224;11.0251
2026-09-03;IE00BJ5JS224;10.7784
2026-09-11;IE00BJ5JS224;10.477
2026-08-24;IE00BJM09W56;103.26
2026-08-25;IE00BJM09W56;103.55
2026-08-26;IE00BJM09W56;103.55
2026-08-27;IE00BJM09W56;103.62
2026-08-25;IE00BJM0B969;23.4663
2026-08-26;IE00BJM0B969;23.6357
2026-08-27;IE00BJM0B969;23.9053
2026-08-28;IE00BJM0B969;23.9716
2026-08-31;IE00BJM0B969;23.5286
2026-09-03;IE00BJM0B969;23.2469
2026-09-11;IE00BJM0B969;23.7314
2026-08-24;IE00BJTCP712;10.06
2026-08-26;IE00BJTCP712;10.08
2026-08-27;IE00BJTCP712;10.07
2026-08-28;IE00BJTCP712;10.04
2026-08-31;IE00BJTCP712;10.04
2026-09-03;IE00BJTCP712;10.04
2026-09-11;IE00BJTCP712;9.94
2026-08-25;IE00BK5TW610;19.4956
2026-08-26;IE00BK5TW610;19.727
2026-08-27;IE00BK5TW610;19.7992
2026-08-28;IE00BK5TW610;19.6757
2026-08-31;IE00BK5TW610;19.649
2026-09-03;IE00BK5TW610;19.5809
2026-09-11;IE00BK5TW610;19.8667
2026-08-25;IE00BK5TW727;22.0574
2026-08-26;IE00BK5TW727;22.2589
2026-08-27;IE00BK5TW727;22.213
2026-08-28;IE00BK5TW727;22.4372
2026-08-31;IE00BK5TW727;22.3302
2026-09-03;IE00BK5TW727;21.8488
2026-09-11;IE00BK5TW727;21.4604
2026-08-25;IE00BK5TWD80;20.1233
2026-08-26;IE00BK5TWD80;20.2713
2026-08-27;IE00BK5TWD80;20.3061
2026-08-28;IE00BK5TWD80;20.586
2026-08-31;IE00BK5TWD80;20.5231
2026-09-03;IE00BK5TWD80;20.1702
2026-09-11;IE00BK5TWD80;19.6721
2026-09-03;IE00BK70YW20;16.6534
2026-09-11;IE00BK70YW20;16.2351
2026-08-24;IE00BKRC1166;25.21
2026-08-25;IE00BKRC1166;25.29
2026-08-26;IE00BKRC1166;25.28
2026-08-27;IE00BKRC1166;25.45
2026-08-28;IE00BKRC1166;25.39
2026-08-31;IE00BKRC1166;25.3
2026-09-03;IE00BKRC1166;25.5
2026-09-10;IE00BKRC1166;24.96
2026-09-11;IE00BKRC1166;25.16
2026-08-24;IE00BKZGY116;106.26
2026-08-26;IE00BKZGY116;106.43
2026-08-27;IE00BKZGY116;105.95
2026-08-28;IE00BKZGY116;105.37
2026-09-03;IE00BKZGY116;105.83
2026-09-11;IE00BKZGY116;105.33
2026-08-25;IE00BLF9YH30;205.105
2026-08-26;IE00BLF9YH30;206.631
2026-08-27;IE00BLF9YH30;205.775
2026-08-28;IE00BLF9YH30;207.365
2026-09-03;IE00BLF9YH30;203.561
2026-09-11;IE00BLF9YH30;202.568
2026-08-24;IE00BLG2W007;26.4485
2026-08-25;IE00BLG2W007;26.4588
2026-08-26;IE00BLG2W007;26.5298
2026-08-27;IE00BLG2W007;26.336
2026-09-02;IE00BLG2W007;26.3448
2026-09-10;IE00BLG2W007;26.2511
2026-09-03;IE00BLK24558;11.94
2026-09-11;IE00BLK24558;11.83
2026-08-25;IE00BLP5S353;1.7373
2026-08-26;IE00BLP5S353;1.7358
2026-08-27;IE00BLP5S353;1.7441
2026-08-28;IE00BLP5S353;1.7455
2026-09-03;IE00BLP5S353;1.7675
2026-09-08;IE00BLP5S353;1.7633
2026-09-11;IE00BLP5S353;1.766
2026-08-25;IE00BLP5S460;1.9019
2026-08-26;IE00BLP5S460;1.9002
2026-08-27;IE00BLP5S460;1.9055
2026-08-28;IE00BLP5S460;1.9028
2026-09-03;IE00BLP5S460;1.9262
2026-09-08;IE00BLP5S460;1.9231
2026-09-11;IE00BLP5S460;1.9232
2026-08-25;IE00BLP5S577;2.8186
2026-08-26;IE00BLP5S577;2.8163
2026-08-27;IE00BLP5S577;2.8192
2026-08-28;IE00BLP5S577;2.8198
2026-09-03;IE00BLP5S577;2.844
2026-09-08;IE00BLP5S577;2.8442
2026-09-11;IE00BLP5S577;2.8439
2026-08-24;IE00BM95B621;36.84
2026-08-25;IE00BM95B621;37.34
2026-08-26;IE00BM95B621;37.8
2026-08-27;IE00BM95B621;38.51
2026-08-28;IE00BM95B621;37.98
2026-09-02;IE00BM95B621;37.47
2026-09-10;IE00BM95B621;38.82
2026-08-24;IE00BMD7ZB71;29.59
2026-08-25;IE00BMD7ZB71;30.04
2026-08-26;IE00BMD7ZB71;30.25
2026-08-27;IE00BMD7ZB71;30.69
2026-08-28;IE00BMD7ZB71;30.33
2026-09-03;IE00BMD7ZB71;29.98
2026-09-10;IE00BMD7ZB71;30.28
2026-09-11;IE00BMD7ZB71;30.56
2026-08-25;IE00BMDQ3Z40;149.9945
2026-08-26;IE00BMDQ3Z40;151.1114
2026-08-27;IE00BMDQ3Z40;150.4845
2026-08-28;IE00BMDQ3Z40;151.6485
2026-09-03;IE00BMDQ3Z40;148.8657
2026-09-11;IE00BMDQ3Z40;148.1394
2026-08-24;IE00BMPRPP98;156.79
2026-08-25;IE00BMPRPP98;156.43
2026-08-26;IE00BMPRPP98;156.56
2026-08-27;IE00BMPRPP98;158.84
2026-08-28;IE00BMPRPP98;159.87
2026-09-02;IE00BMPRPP98;156.74
2026-09-10;IE00BMPRPP98;148.1
2026-08-24;IE00BMPRXN33;27.0615
2026-08-25;IE00BMPRXN33;27.4732
2026-08-26;IE00BMPRXN33;27.6587
2026-08-27;IE00BMPRXN33;28.061
2026-08-28;IE00BMPRXN33;27.7342
2026-09-03;IE00BMPRXN33;27.4107
2026-09-11;IE00BMPRXN33;27.9477
2026-08-24;IE00BMPRXP56;26.55
2026-08-25;IE00BMPRXP56;26.95
2026-08-26;IE00BMPRXP56;27.08
2026-08-27;IE00BMPRXP56;27.47
2026-08-28;IE00BMPRXP56;27.1
2026-09-03;IE00BMPRXP56;26.76
2026-09-10;IE00BMPRXP56;27.05
2026-09-11;IE00BMPRXP56;27.27
2026-08-24;IE00BMTRWZ44;11.3063
2026-08-26;IE00BMTRWZ44;11.3348
2026-08-27;IE00BMTRWZ44;11.3343
2026-08-28;IE00BMTRWZ44;11.3501
2026-08-31;IE00BMTRWZ44;11.3636
2026-09-03;IE00BMTRWZ44;11.3602
2026-09-11;IE00BMTRWZ44;11.3565
2026-08-24;IE00BMTRX064;11.2463
2026-08-26;IE00BMTRX064;11.2661
2026-08-27;IE00BMTRX064;11.2656
2026-08-28;IE00BMTRX064;11.2899
2026-08-31;IE00BMTRX064;11.2947
2026-09-03;IE00BMTRX064;11.2999
2026-09-11;IE00BMTRX064;11.2962
2026-08-24;IE00BMX0B961;109.71
2026-08-25;IE00BMX0B961;110.02
2026-08-26;IE00BMX0B961;110.01
2026-08-27;IE00BMX0B961;110.09
2026-09-02;IE00BMX0B961;109.36
2026-09-10;IE00BMX0B961;108.76
2026-08-24;IE00BMXMV145;15.88
2026-08-25;IE00BMXMV145;15.93
2026-08-26;IE00BMXMV145;15.85
2026-08-27;IE00BMXMV145;15.72
2026-08-28;IE00BMXMV145;15.62
2026-08-31;IE00BMXMV145;15.54
2026-09-03;IE00BMXMV145;15.74
2026-09-10;IE00BMXMV145;15.06
2026-09-11;IE00BMXMV145;15.05
2026-08-24;IE00BN4PYZ40;103.93
2026-08-26;IE00BN4PYZ40;103.96
2026-08-27;IE00BN4PYZ40;104.05
2026-08-28;IE00BN4PYZ40;104.0
2026-09-03;IE00BN4PYZ40;103.87
2026-09-11;IE00BN4PYZ40;103.57
2026-08-24;IE00BNG2T811;112.44
2026-08-26;IE00BNG2T811;112.52
2026-08-27;IE00BNG2T811;112.48
2026-08-28;IE00BNG2T811;112.43
2026-09-03;IE00BNG2T811;112.27
2026-09-11;IE00BNG2T811;111.72
2026-08-25;IE00BP4VM748;225.2012
2026-08-26;IE00BP4VM748;225.8096
2026-08-27;IE00BP4VM748;226.0422
2026-08-28;IE00BP4VM748;228.517
2026-09-03;IE00BP4VM748;234.3813
2026-09-11;IE00BP4VM748;234.086
2026-08-24;IE00BQXX3D17;37.9064
2026-08-25;IE00BQXX3D17;38.0428
2026-08-26;IE00BQXX3D17;38.2489
2026-08-27;IE00BQXX3D17;38.6875
2026-09-02;IE00BQXX3D17;38.1004
2026-09-10;IE00BQXX3D17;37.6774
2026-08-24;IE00BQZHS253;11.4293
2026-08-25;IE00BQZHS253;11.4358
2026-08-26;IE00BQZHS253;11.4321
2026-08-27;IE00BQZHS253;11.4286
2026-08-28;IE00BQZHS253;11.4192
2026-09-02;IE00BQZHS253;11.4241
2026-09-10;IE00BQZHS253;11.4093
2026-08-24;IE00BRGCKS69;25.31
2026-08-25;IE00BRGCKS69;25.36
2026-08-26;IE00BRGCKS69;25.38
2026-08-27;IE00BRGCKS69;25.56
2026-08-28;IE00BRGCKS69;25.47
2026-09-02;IE00BRGCKS69;25.29
2026-09-10;IE00BRGCKS69;24.98
2026-08-24;IE00BRJT7498;167.6664
2026-08-25;IE00BRJT7498;168.7124
2026-08-26;IE00BRJT7498;168.8719
2026-08-27;IE00BRJT7498;168.6151
2026-09-02;IE00BRJT7498;166.636
2026-09-07;IE00BRJT7498;167.9826
2026-09-10;IE00BRJT7498;163.9571
2026-08-24;IE00BRJT7613;160.15
2026-08-25;IE00BRJT7613;161.2
2026-08-26;IE00BRJT7613;161.0
2026-08-27;IE00BRJT7613;160.75
2026-09-02;IE00BRJT7613;158.12
2026-09-07;IE00BRJT7613;159.88
2026-09-10;IE00BRJT7613;155.97
2026-08-24;IE00BTN23623;91.52
2026-08-25;IE00BTN23623;92.79
2026-08-26;IE00BTN23623;93.72
2026-08-27;IE00BTN23623;95.46
2026-08-28;IE00BTN23623;93.95
2026-09-02;IE00BTN23623;92.47
2026-09-10;IE00BTN23623;96.04
2026-08-24;IE00BV1VS594;13.895
2026-08-26;IE00BV1VS594;13.9625
2026-08-27;IE00BV1VS594;13.9446
2026-08-28;IE00BV1VS594;13.9144
2026-08-31;IE00BV1VS594;13.9032
2026-09-03;IE00BV1VS594;13.9248
2026-09-11;IE00BV1VS594;13.7414
2026-08-24;IE00BVYPNW00;23.1002
2026-08-25;IE00BVYPNW00;23.0363
2026-08-26;IE00BVYPNW00;23.1545
2026-08-24;IE00BWCGWH04;2245.0
2026-08-25;IE00BWCGWH04;2246.2
2026-08-26;IE00BWCGWH04;2251.8
2026-08-27;IE00BWCGWH04;2266.12
2026-08-28;IE00BWCGWH04;2272.21
2026-09-02;IE00BWCGWH04;2248.3
2026-09-10;IE00BWCGWH04;2204.64
2026-08-24;IE00BWY56V74;322.51
2026-08-25;IE00BWY56V74;322.39
2026-08-26;IE00BWY56V74;324.86
2026-08-27;IE00BWY56V74;324.38
2026-08-28;IE00BWY56V74;324.69
2026-09-02;IE00BWY56V74;322.92
2026-09-10;IE00BWY56V74;319.92
2026-08-24;IE00BWY56W81;327.4552
2026-08-25;IE00BWY56W81;327.253
2026-08-26;IE00BWY56W81;330.4535
2026-08-27;IE00BWY56W81;329.9745
2026-08-28;IE00BWY56W81;331.0382
2026-09-02;IE00BWY56W81;330.072
2026-09-10;IE00BWY56W81;326.1426
2026-08-24;IE00BYML7L80;311.22
2026-08-25;IE00BYML7L80;312.61
2026-08-26;IE00BYML7L80;313.18
2026-08-27;IE00BYML7L80;317.61
2026-08-28;IE00BYML7L80;316.55
2026-08-31;IE00BYML7L80;315.74
2026-09-03;IE00BYML7L80;315.35
2026-09-10;IE00BYML7L80;309.11
2026-09-11;IE00BYML7L80;312.1
2026-08-24;IE00BYNG3695;159.4416
2026-08-25;IE00BYNG3695;158.9894
2026-08-26;IE00BYNG3695;158.6229
2026-08-27;IE00BYNG3695;157.6947
2026-08-28;IE00BYNG3695;157.8894
2026-09-02;IE00BYNG3695;157.7775
2026-09-10;IE00BYNG3695;155.6695
2026-08-24;IE00BYP0Y779;10.88
2026-08-26;IE00BYP0Y779;10.91
2026-08-27;IE00BYP0Y779;10.91
2026-08-28;IE00BYP0Y779;10.92
2026-08-31;IE00BYP0Y779;10.92
2026-09-03;IE00BYP0Y779;10.92
2026-09-11;IE00BYP0Y779;10.88
2026-08-24;IE00BYP0Y993;10.29
2026-08-26;IE00BYP0Y993;10.3
2026-08-27;IE00BYP0Y993;10.3
2026-08-28;IE00BYP0Y993;10.28
2026-08-31;IE00BYP0Y993;10.28
2026-09-03;IE00BYP0Y993;10.28
2026-09-11;IE00BYP0Y993;10.23
2026-08-24;IE00BYQ67K80;21.056
2026-08-26;IE00BYQ67K80;20.916
2026-08-27;IE00BYQ67K80;20.951
2026-08-28;IE00BYQ67K80;21.109
2026-09-02;IE00BYQ67K80;20.77
2026-09-10;IE00BYQ67K80;19.858
2026-08-25;IE00BYR8H148;35.397
2026-08-26;IE00BYR8H148;35.3803
2026-08-27;IE00BYR8H148;35.6268
2026-08-28;IE00BYR8H148;35.6064
2026-09-03;IE00BYR8H148;35.549
2026-09-11;IE00BYR8H148;35.1005
2026-08-25;IE00BYV18N80;1.283
2026-08-26;IE00BYV18N80;1.283
2026-08-27;IE00BYV18N80;1.2808
2026-08-28;IE00BYV18N80;1.2809
2026-09-03;IE00BYV18N80;1.2744
2026-09-07;IE00BYV18N80;1.2716
2026-09-08;IE00BYV18N80;1.273
2026-09-11;IE00BYV18N80;1.2593
2026-08-24;IE00BYV1RN13;12.77
2026-08-26;IE00BYV1RN13;12.78
2026-08-27;IE00BYV1RN13;12.78
2026-08-28;IE00BYV1RN13;12.77
2026-09-03;IE00BYV1RN13;12.73
2026-09-11;IE00BYV1RN13;12.61
2026-08-25;IE00BYVDZH74;234.22
2026-08-26;IE00BYVDZH74;234.91
2026-08-27;IE00BYVDZH74;235.19
2026-08-28;IE00BYVDZH74;237.27
2026-09-03;IE00BYVDZH74;244.03
2026-09-11;IE00BYVDZH74;243.84
2026-09-03;IE00BYVJR809;45.3247
2026-09-11;IE00BYVJR809;43.5058
2026-08-25;IE00BYVJR916;32.3992
2026-08-26;IE00BYVJR916;32.9175
2026-08-27;IE00BYVJR916;32.5473
2026-08-28;IE00BYVJR916;33.3174
2026-09-03;IE00BYVJR916;32.2109
2026-09-11;IE00BYVJR916;30.9369
2026-08-24;IE00BYW5Q130;14.778
2026-08-25;IE00BYW5Q130;14.8763
2026-08-26;IE00BYW5Q130;14.907
2026-08-27;IE00BYW5Q130;14.9836
2026-08-28;IE00BYW5Q130;14.8782
2026-09-02;IE00BYW5Q130;15.0774
2026-09-10;IE00BYW5Q130;15.3508
2026-08-24;IE00BYW5Q247;16.96
2026-08-25;IE00BYW5Q247;17.06
2026-08-26;IE00BYW5Q247;17.1
2026-08-27;IE00BYW5Q247;17.19
2026-08-28;IE00BYW5Q247;17.12
2026-09-02;IE00BYW5Q247;17.31
2026-09-10;IE00BYW5Q247;17.64
2026-08-24;IE00BYX5M476;8.7977
2026-08-25;IE00BYX5M476;8.8458
2026-08-26;IE00BYX5M476;8.9288
2026-08-27;IE00BYX5M476;8.9595
2026-08-28;IE00BYX5M476;8.9748
2026-08-31;IE00BYX5M476;8.9642
2026-09-03;IE00BYX5M476;8.8857
2026-09-10;IE00BYX5M476;9.0892
2026-09-11;IE00BYX5M476;8.9791
2026-08-24;IE00BYX5MS15;13.2111
2026-08-26;IE00BYX5MS15;13.2745
2026-08-27;IE00BYX5MS15;13.3695
2026-08-28;IE00BYX5MS15;13.3653
2026-08-31;IE00BYX5MS15;13.327
2026-09-03;IE00BYX5MS15;13.4314
2026-09-11;IE00BYX5MS15;13.2832
2026-08-24;IE00BYX5MX67;16.208
2026-08-26;IE00BYX5MX67;16.2858
2026-08-27;IE00BYX5MX67;16.4024
2026-08-28;IE00BYX5MX67;16.3972
2026-08-31;IE00BYX5MX67;16.3502
2026-09-03;IE00BYX5MX67;16.4783
2026-09-11;IE00BYX5MX67;16.2965
2026-08-24;IE00BYX5N110;12.6144
2026-08-25;IE00BYX5N110;12.6536
2026-08-26;IE00BYX5N110;12.6501
2026-08-27;IE00BYX5N110;12.7398
2026-08-28;IE00BYX5N110;12.708
2026-08-31;IE00BYX5N110;12.665
2026-09-03;IE00BYX5N110;12.7651
2026-09-10;IE00BYX5N110;12.506
2026-09-11;IE00BYX5N110;12.6145
2026-08-24;IE00BYX5NX33;14.0809
2026-08-25;IE00BYX5NX33;14.1279
2026-08-26;IE00BYX5NX33;14.1471
2026-08-27;IE00BYX5NX33;14.2069
2026-08-28;IE00BYX5NX33;14.2167
2026-08-31;IE00BYX5NX33;14.1712
2026-09-03;IE00BYX5NX33;14.2658
2026-09-10;IE00BYX5NX33;13.9858
2026-09-11;IE00BYX5NX33;14.0926
2026-08-25;IE00BYYPF474;16.5308
2026-08-26;IE00BYYPF474;16.5688
2026-08-27;IE00BYYPF474;16.5231
2026-08-28;IE00BYYPF474;16.5226
2026-09-03;IE00BYYPF474;16.4016
2026-09-08;IE00BYYPF474;16.4392
2026-09-11;IE00BYYPF474;16.2824
2026-08-25;IE00BYYPF581;9.7113
2026-08-26;IE00BYYPF581;9.7337
2026-08-27;IE00BYYPF581;9.7068
2026-08-28;IE00BYYPF581;9.7065
2026-09-03;IE00BYYPF581;9.5942
2026-09-08;IE00BYYPF581;9.6162
2026-09-11;IE00BYYPF581;9.5245
2026-08-24;IE00BYZ09F04;154.2341
2026-08-25;IE00BYZ09F04;156.0122
2026-08-26;IE00BYZ09F04;156.2963
2026-08-27;IE00BYZ09F04;156.4974
2026-08-28;IE00BYZ09F04;155.7136
2026-09-02;IE00BYZ09F04;153.6256
2026-09-10;IE00BYZ09F04;152.2332
2026-08-24;IE00BZ18VS27;1.1611
2026-08-25;IE00BZ18VS27;1.1669
2026-08-26;IE00BZ18VS27;1.1712
2026-08-27;IE00BZ18VS27;1.1585
2026-08-28;IE00BZ18VS27;1.1605
2026-09-02;IE00BZ18VS27;1.1569
2026-09-10;IE00BZ18VS27;1.1523
2026-08-24;IE00BZ199G90;2.2796
2026-08-25;IE00BZ199G90;2.292
2026-08-26;IE00BZ199G90;2.301
2026-08-27;IE00BZ199G90;2.3267
2026-08-28;IE00BZ199G90;2.3181
2026-09-02;IE00BZ199G90;2.276
2026-09-10;IE00BZ199G90;2.2554
2026-08-24;IE00BZ199J22;1.8013
2026-08-25;IE00BZ199J22;1.813
2026-08-26;IE00BZ199J22;1.8203
2026-08-27;IE00BZ199J22;1.8399
2026-08-28;IE00BZ199J22;1.8271
2026-09-02;IE00BZ199J22;1.7983
2026-09-10;IE00BZ199J22;1.7802
2026-08-24;IE00BZ4D7648;62.09
2026-08-25;IE00BZ4D7648;62.96
2026-08-26;IE00BZ4D7648;63.58
2026-08-27;IE00BZ4D7648;64.76
2026-08-28;IE00BZ4D7648;63.74
2026-09-02;IE00BZ4D7648;62.73
2026-09-10;IE00BZ4D7648;65.16
2026-08-24;IE00BZC0SB97;21.0897
2026-08-25;IE00BZC0SB97;21.1933
2026-08-26;IE00BZC0SB97;21.1054
2026-08-27;IE00BZC0SB97;20.8132
2026-08-28;IE00BZC0SB97;20.9113
2026-08-31;IE00BZC0SB97;20.9078
2026-09-03;IE00BZC0SB97;20.6565
2026-09-10;IE00BZC0SB97;20.2215
2026-09-11;IE00BZC0SB97;20.4146
2026-08-25;LU0006061336;408.3614
2026-08-26;LU0006061336;412.2361
2026-08-27;LU0006061336;410.388
2026-08-28;LU0006061336;411.6508
2026-08-31;LU0006061336;408.5564
2026-09-03;LU0006061336;409.8272
2026-09-11;LU0006061336;403.503
2026-08-25;LU0006061385;26.2306
2026-08-26;LU0006061385;26.2934
2026-08-27;LU0006061385;26.275
2026-08-28;LU0006061385;26.3144
2026-08-31;LU0006061385;26.2482
2026-09-03;LU0006061385;26.2317
2026-09-11;LU0006061385;26.0708
2026-08-24;LU0006277635;1138.6814
2026-08-25;LU0006277635;1138.348
2026-08-26;LU0006277635;1137.0377
2026-08-27;LU0006277635;1136.6539
2026-08-28;LU0006277635;1138.5042
2026-09-02;LU0006277635;1135.7116
2026-09-10;LU0006277635;1135.1942
2026-08-24;LU0006277684;1849.096
2026-08-25;LU0006277684;1848.6894
2026-08-26;LU0006277684;1852.6538
2026-08-27;LU0006277684;1852.7822
2026-08-28;LU0006277684;1856.9203
2026-09-02;LU0006277684;1861.7969
2026-09-10;LU0006277684;1857.888
2026-08-24;LU0006344922;887.59
2026-08-25;LU0006344922;887.63
2026-08-26;LU0006344922;887.67
2026-08-27;LU0006344922;887.71
2026-08-28;LU0006344922;887.76
2026-09-02;LU0006344922;887.92
2026-09-10;LU0006344922;888.33
2026-08-24;LU0006391097;1519.22
2026-08-25;LU0006391097;1523.12
2026-08-26;LU0006391097;1519.38
2026-08-27;LU0006391097;1512.98
2026-08-28;LU0006391097;1519.15
2026-09-02;LU0006391097;1499.3
2026-09-10;LU0006391097;1462.45
2026-08-24;LU0011815304;14287.5143
2026-08-25;LU0011815304;14284.9974
2026-08-26;LU0011815304;14316.1262
2026-08-27;LU0011815304;14316.5155
2026-08-28;LU0011815304;14346.8186
2026-08-31;LU0011815304;14356.3362
2026-09-03;LU0011815304;14356.7165
2026-09-10;LU0011815304;14352.7085
2026-09-11;LU0011815304;14369.5529
2026-08-25;LU0011846440;216.89
2026-08-26;LU0011846440;218.55
2026-08-27;LU0011846440;216.69
2026-08-28;LU0011846440;217.23
2026-08-31;LU0011846440;216.32
2026-09-03;LU0011846440;213.49
2026-09-11;LU0011846440;212.09
2026-08-25;LU0011847091;188.7024
2026-08-26;LU0011847091;189.6137
2026-08-27;LU0011847091;188.0389
2026-08-28;LU0011847091;188.4483
2026-08-31;LU0011847091;188.4536
2026-09-03;LU0011847091;187.9548
2026-09-11;LU0011847091;184.6859
2026-08-25;LU0011850046;94.9307
2026-08-26;LU0011850046;94.9993
2026-08-27;LU0011850046;94.942
2026-08-28;LU0011850046;95.7834
2026-08-31;LU0011850046;95.0756
2026-09-03;LU0011850046;95.3051
2026-09-11;LU0011850046;94.2612
2026-08-25;LU0011889846;103.87
2026-08-26;LU0011889846;103.4
2026-08-27;LU0011889846;103.37
2026-08-28;LU0011889846;103.35
2026-08-31;LU0011889846;103.42
2026-09-03;LU0011889846;101.46
2026-09-11;LU0011889846;100.91
2026-08-25;LU0011963245;115.1758
2026-08-26;LU0011963245;116.2789
2026-08-27;LU0011963245;117.016
2026-08-28;LU0011963245;116.6248
2026-08-31;LU0011963245;116.1263
2026-09-03;LU0011963245;114.7728
2026-09-11;LU0011963245;116.1276
2026-08-25;LU0011963674;6.7186
2026-08-26;LU0011963674;6.7656
2026-08-27;LU0011963674;6.7907
2026-08-28;LU0011963674;6.8464
2026-08-31;LU0011963674;6.8717
2026-09-03;LU0011963674;6.8965
2026-09-11;LU0011963674;6.7782
2026-08-24;LU0012017942;328.76
2026-08-25;LU0012017942;329.53
2026-08-26;LU0012017942;329.34
2026-08-27;LU0012017942;329.07
2026-08-28;LU0012017942;328.6
2026-09-02;LU0012017942;327.32
2026-09-10;LU0012017942;324.93
2026-08-24;LU0012119607;1453.95
2026-08-25;LU0012119607;1454.58
2026-08-26;LU0012119607;1454.34
2026-08-27;LU0012119607;1454.57
2026-08-28;LU0012119607;1453.95
2026-09-02;LU0012119607;1449.31
2026-09-10;LU0012119607;1441.51
2026-08-24;LU0012181748;81.6564
2026-08-25;LU0012181748;82.7201
2026-08-26;LU0012181748;83.4781
2026-08-28;LU0012181748;84.3258
2026-09-02;LU0012181748;82.88
2026-09-10;LU0012181748;83.9847
2026-09-11;LU0012181748;85.4146
2026-08-24;LU0012186549;91.5914
2026-08-25;LU0012186549;91.5728
2026-08-26;LU0012186549;91.7707
2026-08-27;LU0012186549;91.7756
2026-08-28;LU0012186549;91.982
2026-09-02;LU0012186549;92.2447
2026-09-10;LU0012186549;92.0418
2026-08-24;LU0012186622;224.9726
2026-08-25;LU0012186622;224.9268
2026-08-26;LU0012186622;225.413
2026-08-27;LU0012186622;225.425
2026-08-28;LU0012186622;225.932
2026-09-02;LU0012186622;226.5772
2026-09-10;LU0012186622;226.0789
2026-08-25;LU0028118809;37.59
2026-08-26;LU0028118809;37.52
2026-08-27;LU0028118809;37.42
2026-08-28;LU0028118809;37.34
2026-08-31;LU0028118809;37.31
2026-09-03;LU0028118809;36.83
2026-09-11;LU0028118809;36.55
2026-08-25;LU0028121183;95.5728
2026-08-26;LU0028121183;95.7908
2026-08-27;LU0028121183;95.7904
2026-08-28;LU0028121183;96.008
2026-08-31;LU0028121183;96.0342
2026-09-03;LU0028121183;96.0034
2026-09-11;LU0028121183;96.0325
2026-08-21;LU0028445327;632.17
2026-08-24;LU0028445327;632.67
2026-08-25;LU0028445327;634.09
2026-08-26;LU0028445327;634.77
2026-08-27;LU0028445327;631.43
2026-09-01;LU0028445327;619.87
2026-09-08;LU0028445327;621.13
2026-08-21;LU0028445590;315.55
2026-08-24;LU0029761532;241.7533
2026-08-25;LU0029761532;241.7639
2026-08-26;LU0029761532;242.2479
2026-08-27;LU0029761532;242.2744
2026-08-28;LU0029761532;242.7111
2026-09-02;LU0029761532;243.3918
2026-09-10;LU0029761532;242.6608
2026-08-24;LU0029873410;41.03
2026-08-25;LU0029873410;41.12
2026-08-26;LU0029873410;41.15
2026-08-27;LU0029873410;41.29
2026-08-28;LU0029873410;41.34
2026-09-03;LU0029873410;41.12
2026-09-10;LU0029873410;40.08
2026-09-11;LU0029873410;40.41
2026-08-24;LU0029874905;66.7151
2026-08-25;LU0029874905;67.7317
2026-08-26;LU0029874905;68.052
2026-08-27;LU0029874905;68.3579
2026-08-28;LU0029874905;67.9889
2026-08-31;LU0029874905;68.0612
2026-09-03;LU0029874905;68.6689
2026-09-10;LU0029874905;68.0854
2026-09-11;LU0029874905;68.8275
2026-08-24;LU0033035865;2426.3304
2026-08-25;LU0033035865;2431.8965
2026-08-26;LU0033035865;2428.2293
2026-08-27;LU0033035865;2431.4867
2026-08-28;LU0033035865;2425.1774
2026-09-02;LU0033035865;2400.2425
2026-09-04;LU0033035865;2410.4427
2026-09-07;LU0033035865;2406.0537
2026-09-10;LU0033035865;2368.6691
2026-08-24;LU0033040782;3945.91
2026-08-25;LU0033040782;3954.96
2026-08-26;LU0033040782;3958.57
2026-08-27;LU0033040782;3955.43
2026-08-28;LU0033040782;3956.62
2026-09-02;LU0033040782;3927.61
2026-09-04;LU0033040782;3941.76
2026-09-07;LU0033040782;3939.28
2026-09-10;LU0033040782;3897.09
2026-08-24;LU0033041590;1671.9405
2026-08-25;LU0033041590;1675.7266
2026-08-26;LU0033041590;1680.9568
2026-08-27;LU0033041590;1681.4538
2026-08-28;LU0033041590;1683.975
2026-09-02;LU0033041590;1679.6091
2026-09-04;LU0033041590;1680.6185
2026-09-10;LU0033041590;1660.2451
2026-08-24;LU0033043885;3950.7459
2026-08-25;LU0033043885;3959.7107
2026-08-26;LU0033043885;3972.0542
2026-08-27;LU0033043885;3973.2259
2026-08-28;LU0033043885;3979.1962
2026-09-02;LU0033043885;3968.8858
2026-09-04;LU0033043885;3971.2567
2026-09-10;LU0033043885;3923.1196
2026-08-25;LU0034353002;94.32
2026-08-26;LU0034353002;94.33
2026-08-27;LU0034353002;94.35
2026-08-28;LU0034353002;94.35
2026-08-31;LU0034353002;94.36
2026-09-03;LU0034353002;94.39
2026-09-11;LU0034353002;94.44
2026-08-24;LU0035765741;2114.5763
2026-08-25;LU0035765741;2109.2218
2026-08-26;LU0035765741;2122.2599
2026-08-27;LU0035765741;2128.4292
2026-08-28;LU0035765741;2120.3655
2026-09-02;LU0035765741;2075.0624
2026-09-10;LU0035765741;2058.0937
2026-08-24;LU0038279179;1476.0521
2026-08-25;LU0038279179;1486.3807
2026-08-26;LU0038279179;1485.8748
2026-08-27;LU0038279179;1490.897
2026-08-28;LU0038279179;1484.6517
2026-09-02;LU0038279179;1464.1916
2026-09-10;LU0038279179;1431.9281
2026-08-24;LU0038279252;1107.6185
2026-08-25;LU0038279252;1115.3646
2026-08-26;LU0038279252;1114.9893
2026-08-27;LU0038279252;1118.7522
2026-08-28;LU0038279252;1114.0566
2026-09-02;LU0038279252;1098.714
2026-09-10;LU0038279252;1074.5026
2026-08-24;LU0040507039;877.1454
2026-08-25;LU0040507039;879.7929
2026-08-26;LU0040507039;887.0113
2026-08-27;LU0040507039;886.9271
2026-08-28;LU0040507039;884.9399
2026-09-02;LU0040507039;873.651
2026-09-10;LU0040507039;888.6879
2026-08-25;LU0041580167;173.0227
2026-08-26;LU0041580167;173.3973
2026-08-27;LU0041580167;173.4064
2026-08-28;LU0041580167;173.8316
2026-08-31;LU0041580167;173.9236
2026-09-03;LU0041580167;173.9313
2026-09-11;LU0041580167;174.1697
2026-08-25;LU0045667853;3.346
2026-08-25;LU0046217351;94.01
2026-08-26;LU0046217351;94.11
2026-08-27;LU0046217351;94.35
2026-08-28;LU0046217351;94.88
2026-08-31;LU0046217351;94.59
2026-09-03;LU0046217351;92.85
2026-09-11;LU0046217351;91.87
2026-08-25;LU0046676465;39.4702
2026-08-26;LU0046676465;39.6118
2026-08-27;LU0046676465;39.6272
2026-08-28;LU0046676465;39.7384
2026-08-31;LU0046676465;39.6866
2026-09-03;LU0046676465;39.6574
2026-09-11;LU0046676465;39.4592
2026-08-25;LU0047713382;49.9076
2026-08-26;LU0047713382;50.3532
2026-08-27;LU0047713382;50.6008
2026-08-28;LU0047713382;50.882
2026-08-31;LU0047713382;50.482
2026-09-03;LU0047713382;49.7869
2026-09-11;LU0047713382;50.7381
2026-08-24;LU0048292634;128.19
2026-08-25;LU0048292634;128.24
2026-08-26;LU0048292634;127.74
2026-08-27;LU0048292634;127.65
2026-08-28;LU0048292634;127.44
2026-09-02;LU0048292634;126.0
2026-09-07;LU0048292634;126.4
2026-09-10;LU0048292634;124.82
2026-08-24;LU0048292808;134.49
2026-08-25;LU0048292808;134.55
2026-08-26;LU0048292808;134.02
2026-08-27;LU0048292808;133.93
2026-08-28;LU0048292808;133.71
2026-09-02;LU0048292808;132.2
2026-09-07;LU0048292808;132.62
2026-09-10;LU0048292808;130.96
2026-08-24;LU0048293368;139.98
2026-08-25;LU0048293368;140.06
2026-08-26;LU0048293368;139.37
2026-08-27;LU0048293368;139.19
2026-08-28;LU0048293368;138.93
2026-09-02;LU0048293368;137.11
2026-09-04;LU0048293368;137.86
2026-09-07;LU0048293368;137.77
2026-09-10;LU0048293368;135.44
2026-08-25;LU0048573561;16.4445
2026-08-26;LU0048573561;16.5128
2026-08-27;LU0048573561;16.4691
2026-08-28;LU0048573561;16.5218
2026-08-31;LU0048573561;16.417
2026-09-03;LU0048573561;16.4464
2026-09-11;LU0048573561;16.1608
2026-08-25;LU0048573645;35.5969
2026-08-26;LU0048573645;35.6704
2026-08-27;LU0048573645;35.4197
2026-08-28;LU0048573645;35.5563
2026-08-31;LU0048573645;35.5199
2026-09-03;LU0048573645;35.8018
2026-09-11;LU0048573645;35.4556
2026-08-25;LU0048578792;22.76
2026-08-26;LU0048578792;22.74
2026-08-27;LU0048578792;22.52
2026-08-28;LU0048578792;22.62
2026-08-31;LU0048578792;22.47
2026-09-03;LU0048578792;22.57
2026-09-11;LU0048578792;22.14
2026-08-25;LU0048579097;12.07
2026-08-26;LU0048579097;12.06
2026-08-27;LU0048579097;12.05
2026-08-28;LU0048579097;12.04
2026-08-31;LU0048579097;12.01
2026-09-03;LU0048579097;12.01
2026-09-11;LU0048579097;11.92
2026-08-25;LU0048580004;96.52
2026-08-26;LU0048580004;96.77
2026-08-27;LU0048580004;96.61
2026-08-28;LU0048580004;97.1
2026-08-31;LU0048580004;95.7
2026-09-03;LU0048580004;94.92
2026-09-11;LU0048580004;93.77
2026-08-25;LU0048580855;295.1267
2026-08-26;LU0048580855;298.0548
2026-08-27;LU0048580855;296.5812
2026-08-28;LU0048580855;299.5435
2026-08-31;LU0048580855;295.8845
2026-09-03;LU0048580855;295.3648
2026-09-11;LU0048580855;293.3393
2026-08-25;LU0048581077;163.1
2026-08-26;LU0048581077;163.4
2026-08-27;LU0048581077;162.3
2026-08-28;LU0048581077;163.0
2026-08-31;LU0048581077;162.5
2026-09-03;LU0048581077;163.1
2026-09-11;LU0048581077;162.3
2026-08-25;LU0048584097;90.4918
2026-08-26;LU0048584097;90.7646
2026-08-27;LU0048584097;91.1897
2026-08-28;LU0048584097;91.3001
2026-08-31;LU0048584097;90.5646
2026-09-03;LU0048584097;90.7093
2026-09-11;LU0048584097;89.8013
2026-08-25;LU0048584766;90.39
2026-08-26;LU0048584766;90.7
2026-08-27;LU0048584766;90.0
2026-08-28;LU0048584766;90.35
2026-08-31;LU0048584766;90.14
2026-09-03;LU0048584766;89.29
2026-09-11;LU0048584766;89.56
2026-08-25;LU0048585144;2.5425
2026-08-26;LU0048585144;2.5508
2026-08-27;LU0048585144;2.5611
2026-08-28;LU0048585144;2.5977
2026-08-31;LU0048585144;2.587
2026-09-03;LU0048585144;2.6242
2026-09-11;LU0048585144;2.6211
2026-08-25;LU0048588080;273.4214
2026-08-26;LU0048588080;271.6513
2026-08-27;LU0048588080;273.0444
2026-08-28;LU0048588080;274.3389
2026-08-31;LU0048588080;274.1845
2026-09-03;LU0048588080;275.0709
2026-09-11;LU0048588080;273.6717
2026-08-25;LU0048597586;13.9765
2026-08-25;LU0048622798;5.9102
2026-08-26;LU0048622798;5.9182
2026-08-27;LU0048622798;5.9222
2026-08-28;LU0048622798;5.9186
2026-08-31;LU0048622798;5.9031
2026-09-03;LU0048622798;5.9099
2026-09-11;LU0048622798;5.8513
2026-08-25;LU0048816135;79.8145
2026-08-26;LU0048816135;80.9542
2026-08-27;LU0048816135;81.5641
2026-08-28;LU0048816135;82.3422
2026-08-31;LU0048816135;81.9902
2026-09-03;LU0048816135;80.9671
2026-09-11;LU0048816135;80.7867
2026-08-25;LU0049014870;3337.6145
2026-08-26;LU0049014870;3344.8689
2026-08-27;LU0049014870;3344.9467
2026-08-28;LU0049014870;3353.0616
2026-08-31;LU0049014870;3354.878
2026-09-03;LU0049014870;3354.853
2026-09-10;LU0049014870;3354.5609
2026-09-11;LU0049014870;3359.2069
2026-08-25;LU0049015760;6675.8107
2026-08-26;LU0049015760;6676.604
2026-08-27;LU0049015760;6665.6174
2026-08-28;LU0049015760;6678.2479
2026-09-03;LU0049015760;6653.9664
2026-09-11;LU0049015760;6667.1868
2026-08-25;LU0049112450;55.7262
2026-08-26;LU0049112450;55.9529
2026-08-27;LU0049112450;56.122
2026-08-28;LU0049112450;56.5441
2026-08-31;LU0049112450;55.8539
2026-09-03;LU0049112450;55.7338
2026-09-11;LU0049112450;55.4219
2026-08-24;LU0049785289;2533.3671
2026-08-25;LU0049785289;2539.8026
2026-08-26;LU0049785289;2536.9142
2026-08-27;LU0049785289;2539.587
2026-08-28;LU0049785289;2534.8044
2026-09-02;LU0049785289;2506.8914
2026-09-07;LU0049785289;2513.5638
2026-09-10;LU0049785289;2467.202
2026-08-24;LU0049785446;3459.16
2026-08-25;LU0049785446;3467.14
2026-08-26;LU0049785446;3471.08
2026-08-27;LU0049785446;3469.04
2026-08-28;LU0049785446;3473.68
2026-09-02;LU0049785446;3442.9
2026-09-07;LU0049785446;3456.86
2026-09-10;LU0049785446;3412.2
2026-08-24;LU0049785792;4167.212
2026-08-25;LU0049785792;4176.9425
2026-08-26;LU0049785792;4191.1601
2026-08-27;LU0049785792;4194.8632
2026-08-28;LU0049785792;4203.9872
2026-09-02;LU0049785792;4187.042
2026-09-04;LU0049785792;4194.6206
2026-09-10;LU0049785792;4134.2815
2026-09-02;LU0049842262;3596.178
2026-09-10;LU0049842262;3571.8481
2026-08-25;LU0050372472;27.6
2026-08-26;LU0050372472;27.6
2026-08-27;LU0050372472;27.55
2026-08-28;LU0050372472;27.54
2026-08-31;LU0050372472;27.44
2026-09-03;LU0050372472;27.4
2026-09-11;LU0050372472;27.08
2026-08-25;LU0050427557;33.5574
2026-08-26;LU0050427557;33.7813
2026-08-27;LU0050427557;33.6509
2026-08-28;LU0050427557;33.2501
2026-08-31;LU0050427557;33.6604
2026-09-03;LU0050427557;35.0875
2026-09-11;LU0050427557;34.7668
2026-08-25;LU0051755006;64.7411
2026-08-26;LU0051755006;65.4523
2026-08-27;LU0051755006;65.4385
2026-08-28;LU0051755006;65.2094
2026-08-31;LU0051755006;65.1342
2026-09-03;LU0051755006;63.5052
2026-09-11;LU0051755006;62.6887
2026-08-25;LU0052474979;166.63
2026-08-26;LU0052474979;167.9326
2026-08-27;LU0052474979;168.7782
2026-08-28;LU0052474979;169.5549
2026-08-31;LU0052474979;169.404
2026-09-03;LU0052474979;168.1651
2026-09-11;LU0052474979;167.0321
2026-08-24;LU0052750758;20.6068
2026-08-25;LU0052750758;20.7377
2026-08-26;LU0052750758;20.8063
2026-08-27;LU0052750758;20.6336
2026-08-28;LU0052750758;20.7125
2026-08-31;LU0052750758;20.532
2026-09-03;LU0052750758;20.4742
2026-09-10;LU0052750758;19.9174
2026-09-11;LU0052750758;19.9664
2026-08-24;LU0052756011;26.6072
2026-08-25;LU0052756011;26.5734
2026-08-26;LU0052756011;26.5682
2026-08-27;LU0052756011;26.5927
2026-08-28;LU0052756011;26.65
2026-08-31;LU0052756011;26.6012
2026-09-03;LU0052756011;26.8169
2026-09-04;LU0052756011;26.7992
2026-09-10;LU0052756011;26.2899
2026-09-11;LU0052756011;26.4238
2026-08-25;LU0052864419;78.2463
2026-08-26;LU0052864419;78.889
2026-08-27;LU0052864419;79.7094
2026-08-28;LU0052864419;78.8743
2026-08-31;LU0052864419;77.7289
2026-09-03;LU0052864419;76.294
2026-09-11;LU0052864419;78.7634
2026-08-25;LU0053666078;462.6565
2026-08-26;LU0053666078;463.8697
2026-08-27;LU0053666078;464.0628
2026-08-28;LU0053666078;466.689
2026-08-31;LU0053666078;463.2051
2026-09-03;LU0053666078;464.2873
2026-09-11;LU0053666078;464.5299
2026-08-25;LU0053671581;329.1897
2026-08-26;LU0053671581;328.9594
2026-08-27;LU0053671581;329.2789
2026-08-28;LU0053671581;328.1297
2026-08-31;LU0053671581;319.4295
2026-09-03;LU0053671581;317.827
2026-09-11;LU0053671581;313.4176
2026-08-25;LU0053685029;92.75
2026-08-26;LU0053685029;93.15
2026-08-27;LU0053685029;92.2
2026-08-28;LU0053685029;92.58
2026-08-31;LU0053685029;92.47
2026-09-03;LU0053685029;91.85
2026-09-11;LU0053685029;91.23
2026-08-25;LU0053685615;57.7828
2026-08-26;LU0053685615;58.3998
2026-08-27;LU0053685615;58.4232
2026-08-28;LU0053685615;58.3082
2026-08-31;LU0053685615;58.0922
2026-09-03;LU0053685615;57.9283
2026-09-11;LU0053685615;58.3923
2026-08-25;LU0053687074;122.19
2026-08-26;LU0053687074;122.77
2026-08-27;LU0053687074;123.06
2026-08-31;LU0053687074;123.19
2026-09-03;LU0053687074;121.17
2026-09-11;LU0053687074;119.64
2026-08-25;LU0053687314;51.5358
2026-08-26;LU0053687314;52.6583
2026-08-27;LU0053687314;52.0863
2026-08-28;LU0053687314;51.9834
2026-08-31;LU0053687314;52.0574
2026-09-03;LU0053687314;54.744
2026-09-11;LU0053687314;54.2682
2026-08-25;LU0053696224;57.4229
2026-08-26;LU0053696224;57.5943
2026-08-27;LU0053696224;57.7535
2026-08-28;LU0053696224;58.2479
2026-08-31;LU0053696224;58.273
2026-09-03;LU0053696224;58.0402
2026-09-11;LU0053696224;57.3505
2026-08-25;LU0053697206;296.5835
2026-08-26;LU0053697206;299.5575
2026-08-27;LU0053697206;297.9207
2026-08-28;LU0053697206;299.5607
2026-08-31;LU0053697206;293.9216
2026-09-03;LU0053697206;291.9739
2026-09-11;LU0053697206;286.6064
2026-08-25;LU0053902499;34.64
2026-08-26;LU0053902499;34.8129
2026-08-27;LU0053902499;34.8376
2026-08-28;LU0053902499;34.9395
2026-08-31;LU0053902499;34.7758
2026-09-03;LU0053902499;34.4748
2026-09-11;LU0053902499;33.8761
2026-08-25;LU0054578231;194.4631
2026-08-26;LU0054578231;195.6285
2026-08-27;LU0054578231;195.7659
2026-08-28;LU0054578231;196.6437
2026-08-31;LU0054578231;194.7311
2026-09-03;LU0054578231;194.8272
2026-09-11;LU0054578231;192.4227
2026-08-25;LU0054754816;96.0257
2026-08-26;LU0054754816;95.6052
2026-08-27;LU0054754816;95.3248
2026-08-28;LU0054754816;95.2319
2026-08-31;LU0054754816;94.4363
2026-09-03;LU0054754816;95.071
2026-09-11;LU0054754816;90.9729
2026-08-25;LU0055631609;101.9918
2026-08-26;LU0055631609;103.0715
2026-08-27;LU0055631609;102.1376
2026-08-28;LU0055631609;103.2956
2026-08-31;LU0055631609;97.1245
2026-09-03;LU0055631609;98.6271
2026-09-11;LU0055631609;98.1184
2026-08-25;LU0056052961;1515.38
2026-08-26;LU0056052961;1531.05
2026-08-27;LU0056052961;1536.52
2026-08-28;LU0056052961;1533.32
2026-08-31;LU0056052961;1539.0
2026-09-03;LU0056052961;1523.61
2026-09-11;LU0056052961;1547.59
2026-08-25;LU0056508442;122.9095
2026-08-26;LU0056508442;123.4836
2026-08-27;LU0056508442;125.4502
2026-08-28;LU0056508442;126.495
2026-08-31;LU0056508442;125.3958
2026-09-03;LU0056508442;123.2064
2026-09-11;LU0056508442;127.0046
2026-08-25;LU0056886558;13.8
2026-08-26;LU0056886558;13.86
2026-08-27;LU0056886558;13.89
2026-08-28;LU0056886558;13.95
2026-08-31;LU0056886558;13.85
2026-09-03;LU0056886558;13.88
2026-09-07;LU0056886558;13.88
2026-09-08;LU0056886558;13.89
2026-09-11;LU0056886558;13.86
2026-08-24;LU0058720904;554.9877
2026-08-25;LU0058720904;558.2899
2026-08-26;LU0058720904;553.3806
2026-08-27;LU0058720904;549.405
2026-08-28;LU0058720904;547.2327
2026-08-31;LU0058720904;545.1006
2026-09-03;LU0058720904;555.9003
2026-09-10;LU0058720904;527.1481
2026-09-11;LU0058720904;526.659
2026-08-25;LU0058908533;95.7534
2026-08-26;LU0058908533;95.8391
2026-08-27;LU0058908533;96.2214
2026-08-28;LU0058908533;96.5836
2026-08-31;LU0058908533;96.4444
2026-09-03;LU0058908533;96.5702
2026-09-11;LU0058908533;93.581
2026-08-25;LU0061175625;77.45
2026-08-26;LU0061175625;77.6
2026-08-27;LU0061175625;77.78
2026-08-28;LU0061175625;78.08
2026-08-31;LU0061175625;77.69
2026-09-03;LU0061175625;76.63
2026-09-11;LU0061175625;74.84
2026-08-24;LU0061474960;147.5209
2026-08-26;LU0061474960;148.5116
2026-08-27;LU0061474960;148.905
2026-08-28;LU0061474960;148.8725
2026-09-02;LU0061474960;146.8195
2026-09-10;LU0061474960;143.3276
2026-08-24;LU0061475181;162.2572
2026-08-25;LU0061475181;162.5226
2026-08-26;LU0061475181;162.5645
2026-08-27;LU0061475181;163.9884
2026-08-28;LU0061475181;163.7843
2026-09-02;LU0061475181;162.4813
2026-09-10;LU0061475181;160.5442
2026-08-25;LU0065004045;92.3856
2026-08-26;LU0065004045;92.6537
2026-08-27;LU0065004045;92.8383
2026-08-28;LU0065004045;93.5116
2026-09-03;LU0065004045;93.2654
2026-09-11;LU0065004045;92.7372
2026-08-25;LU0066341099;7.4327
2026-08-26;LU0066341099;7.44
2026-08-27;LU0066341099;7.4219
2026-08-28;LU0066341099;7.4111
2026-08-31;LU0066341099;7.4007
2026-09-03;LU0066341099;7.3741
2026-09-11;LU0066341099;7.3044
2026-08-25;LU0066902890;251.5518
2026-08-26;LU0066902890;251.0126
2026-08-27;LU0066902890;249.573
2026-08-28;LU0066902890;251.7026
2026-08-31;LU0066902890;252.0183
2026-09-03;LU0066902890;250.8243
2026-09-11;LU0066902890;243.426
2026-08-24;LU0068578508;11399.6584
2026-08-25;LU0068578508;11395.6608
2026-08-26;LU0068578508;11388.7835
2026-08-27;LU0068578508;11391.4301
2026-08-28;LU0068578508;11435.2744
2026-09-02;LU0068578508;11323.1683
2026-09-04;LU0068578508;11361.9201
2026-09-07;LU0068578508;11351.2559
2026-09-10;LU0068578508;11140.0181
2026-08-25;LU0068770873;3429.3
2026-08-26;LU0068770873;3411.75
2026-08-27;LU0068770873;3400.74
2026-08-28;LU0068770873;3413.78
2026-08-31;LU0068770873;3435.84
2026-09-03;LU0068770873;3422.97
2026-09-11;LU0068770873;3351.78
2026-08-24;LU0069152568;965.9931
2026-08-25;LU0069152568;987.7147
2026-08-26;LU0069152568;982.8766
2026-08-27;LU0069152568;975.163
2026-08-28;LU0069152568;947.5936
2026-09-02;LU0069152568;965.0468
2026-09-10;LU0069152568;917.8071
2026-08-24;LU0069164738;108.11
2026-08-25;LU0069164738;108.62
2026-08-27;LU0069164738;108.02
2026-09-02;LU0069164738;106.79
2026-09-09;LU0069164738;106.77
2026-08-25;LU0069449576;53.13
2026-08-26;LU0069449576;53.31
2026-08-27;LU0069449576;53.4
2026-08-28;LU0069449576;53.63
2026-08-31;LU0069449576;53.04
2026-09-03;LU0069449576;53.26
2026-09-11;LU0069449576;52.53
2026-08-25;LU0069450319;20.15
2026-08-26;LU0069450319;20.18
2026-08-27;LU0069450319;20.02
2026-08-28;LU0069450319;20.22
2026-08-31;LU0069450319;20.01
2026-09-03;LU0069450319;19.87
2026-09-11;LU0069450319;19.74
2026-08-25;LU0069450822;16.44
2026-08-26;LU0069450822;16.51
2026-08-27;LU0069450822;16.46
2026-08-28;LU0069450822;16.56
2026-08-31;LU0069450822;16.42
2026-09-03;LU0069450822;16.45
2026-09-11;LU0069450822;16.18
2026-08-25;LU0069452018;2.529
2026-08-26;LU0069452018;2.537
2026-08-27;LU0069452018;2.548
2026-08-28;LU0069452018;2.588
2026-08-31;LU0069452018;2.573
2026-09-03;LU0069452018;2.61
2026-09-11;LU0069452018;2.606
2026-08-25;LU0069452877;13.99
2026-08-26;LU0069452877;14.11
2026-08-27;LU0069452877;14.1
2026-08-28;LU0069452877;14.17
2026-08-31;LU0069452877;13.99
2026-09-03;LU0069452877;14.02
2026-09-11;LU0069452877;14.07
2026-08-24;LU0069970746;183.5209
2026-08-25;LU0069970746;185.3655
2026-08-26;LU0069970746;186.172
2026-08-28;LU0069970746;186.926
2026-09-02;LU0069970746;183.4012
2026-09-10;LU0069970746;182.8376
2026-09-11;LU0069970746;185.3819
2026-08-24;LU0070176184;226.5125
2026-08-25;LU0070176184;229.8715
2026-08-26;LU0070176184;230.0973
2026-08-27;LU0070176184;233.4868
2026-08-28;LU0070176184;231.2793
2026-09-02;LU0070176184;229.5418
2026-09-10;LU0070176184;230.9675
2026-08-25;LU0070177588;20732.8482
2026-08-26;LU0070177588;20735.9559
2026-08-27;LU0070177588;20702.6583
2026-08-31;LU0070177588;20737.7677
2026-09-03;LU0070177588;20664.4558
2026-09-11;LU0070177588;20696.2029
2026-08-25;LU0070212591;2493.88
2026-08-26;LU0070212591;2500.54
2026-08-27;LU0070212591;2500.71
2026-08-28;LU0070212591;2506.0
2026-08-31;LU0070212591;2494.57
2026-09-03;LU0070212591;2491.03
2026-09-08;LU0070212591;2494.48
2026-09-11;LU0070212591;2474.47
2026-08-25;LU0070214290;818.8823
2026-08-26;LU0070214290;821.6814
2026-08-27;LU0070214290;821.7376
2026-08-28;LU0070214290;828.6281
2026-08-31;LU0070214290;821.9854
2026-09-03;LU0070214290;823.5101
2026-09-11;LU0070214290;816.2874
2026-08-25;LU0070214613;165.3218
2026-08-26;LU0070214613;166.2042
2026-08-27;LU0070214613;166.8167
2026-08-28;LU0070214613;168.1565
2026-08-31;LU0070214613;169.044
2026-09-03;LU0070214613;169.5435
2026-09-11;LU0070214613;166.1615
2026-08-25;LU0070215933;218.1487
2026-08-26;LU0070215933;218.7109
2026-08-27;LU0070215933;218.7866
2026-08-28;LU0070215933;219.2407
2026-08-31;LU0070215933;218.2589
2026-09-03;LU0070215933;218.2791
2026-09-11;LU0070215933;216.4787
2026-08-25;LU0070217475;562.8316
2026-08-26;LU0070217475;563.7143
2026-08-27;LU0070217475;563.9765
2026-08-28;LU0070217475;567.4031
2026-08-31;LU0070217475;563.4374
2026-09-03;LU0070217475;564.8249
2026-09-11;LU0070217475;558.7136
2026-08-24;LU0070302665;117.1522
2026-08-26;LU0070302665;116.7832
2026-08-27;LU0070302665;116.0307
2026-08-28;LU0070302665;116.7024
2026-08-31;LU0070302665;116.0208
2026-09-03;LU0070302665;116.8636
2026-09-11;LU0070302665;113.3838
2026-08-25;LU0070992663;291.519
2026-08-26;LU0070992663;292.5131
2026-08-27;LU0070992663;296.4008
2026-08-28;LU0070992663;297.9516
2026-08-31;LU0070992663;296.0652
2026-09-03;LU0070992663;292.0256
2026-09-11;LU0070992663;299.2112
2026-08-25;LU0072461881;153.6561
2026-08-26;LU0072461881;154.4788
2026-08-27;LU0072461881;153.7259
2026-08-28;LU0072461881;154.5992
2026-08-31;LU0072461881;154.0803
2026-09-03;LU0072461881;155.0579
2026-09-11;LU0072461881;153.747
2026-08-25;LU0072462186;140.66
2026-08-26;LU0072462186;141.58
2026-08-27;LU0072462186;140.03
2026-08-28;LU0072462186;140.41
2026-08-31;LU0072462186;140.34
2026-09-03;LU0072462186;139.37
2026-09-11;LU0072462186;137.8
2026-08-25;LU0072462343;63.9355
2026-08-26;LU0072462343;64.3897
2026-08-27;LU0072462343;65.0521
2026-08-28;LU0072462343;65.2697
2026-08-31;LU0072462343;64.4283
2026-09-03;LU0072462343;63.2125
2026-09-11;LU0072462343;64.6001
2026-08-25;LU0072462426;85.8815
2026-08-26;LU0072462426;86.0101
2026-08-27;LU0072462426;85.9862
2026-08-28;LU0072462426;86.3092
2026-08-31;LU0072462426;85.6576
2026-09-03;LU0072462426;85.8813
2026-09-08;LU0072462426;86.1444
2026-09-11;LU0072462426;85.7029
2026-08-25;LU0072463663;68.503
2026-08-26;LU0072463663;70.4996
2026-08-27;LU0072463663;69.5343
2026-08-28;LU0072463663;69.5894
2026-08-31;LU0072463663;69.4214
2026-09-03;LU0072463663;73.3076
2026-09-11;LU0072463663;72.7623
2026-08-25;LU0073232471;211.5932
2026-08-26;LU0073232471;212.8803
2026-08-27;LU0073232471;215.309
2026-08-28;LU0073232471;217.8639
2026-08-31;LU0073232471;211.9573
2026-09-03;LU0073232471;214.5095
2026-09-11;LU0073232471;213.2844
2026-08-25;LU0073235904;20.87
2026-08-26;LU0073235904;20.87
2026-08-27;LU0073235904;20.86
2026-08-28;LU0073235904;20.86
2026-08-31;LU0073235904;20.84
2026-09-03;LU0073235904;20.83
2026-09-11;LU0073235904;20.74
2026-08-25;LU0073255761;30.79
2026-08-26;LU0073255761;30.77
2026-08-27;LU0073255761;30.78
2026-08-28;LU0073255761;30.79
2026-08-31;LU0073255761;30.77
2026-09-03;LU0073255761;30.72
2026-09-11;LU0073255761;30.59
2026-08-24;LU0073503921;555.3365
2026-08-25;LU0073503921;558.8405
2026-08-26;LU0073503921;557.6544
2026-08-27;LU0073503921;555.7229
2026-08-28;LU0073503921;555.3968
2026-09-02;LU0073503921;548.0466
2026-09-10;LU0073503921;529.0102
2026-08-25;LU0075056555;104.8197
2026-08-26;LU0075056555;106.2765
2026-08-27;LU0075056555;105.1429
2026-08-28;LU0075056555;106.23
2026-08-31;LU0075056555;102.8407
2026-09-03;LU0075056555;102.8441
2026-09-11;LU0075056555;101.4074
2026-08-25;LU0075112721;181.4892
2026-08-26;LU0075112721;183.3916
2026-08-27;LU0075112721;186.0373
2026-08-28;LU0075112721;186.4381
2026-08-31;LU0075112721;185.8382
2026-09-03;LU0075112721;182.5289
2026-09-11;LU0075112721;186.1633
2026-08-25;LU0076315455;12.7601
2026-08-26;LU0076315455;12.7686
2026-08-27;LU0076315455;12.7498
2026-08-28;LU0076315455;12.738
2026-09-03;LU0076315455;12.7034
2026-09-11;LU0076315455;12.5853
2026-08-25;LU0077335932;91.8629
2026-08-26;LU0077335932;92.5679
2026-08-27;LU0077335932;93.1646
2026-08-28;LU0077335932;93.4514
2026-08-31;LU0077335932;92.5446
2026-09-03;LU0077335932;93.2912
2026-09-11;LU0077335932;92.0398
2026-08-24;LU0079474960;220.5807
2026-08-26;LU0079474960;221.8108
2026-08-27;LU0079474960;223.9986
2026-08-28;LU0079474960;223.4744
2026-08-31;LU0079474960;222.5977
2026-09-03;LU0079474960;222.7887
2026-09-11;LU0079474960;220.3273
2026-08-25;LU0079556006;2665.55
2026-08-26;LU0079556006;2676.81
2026-08-27;LU0079556006;2645.11
2026-08-28;LU0079556006;2655.62
2026-08-31;LU0079556006;2652.75
2026-09-03;LU0079556006;2634.91
2026-09-11;LU0079556006;2603.57
2026-08-24;LU0081259029;935.2457
2026-08-25;LU0081259029;941.0548
2026-08-26;LU0081259029;940.4139
2026-08-27;LU0081259029;969.6933
2026-08-28;LU0081259029;971.7825
2026-09-02;LU0081259029;961.0446
2026-09-10;LU0081259029;934.8779
2026-08-25;LU0081952003;50.9263
2026-08-26;LU0081952003;50.972
2026-08-27;LU0081952003;50.8326
2026-08-28;LU0081952003;51.2114
2026-08-31;LU0081952003;51.3559
2026-09-03;LU0081952003;51.4444
2026-09-11;LU0081952003;51.673
2026-08-25;LU0082616367;63.0872
2026-08-26;LU0082616367;63.13
2026-08-27;LU0082616367;65.0693
2026-08-28;LU0082616367;65.6397
2026-08-31;LU0082616367;64.5574
2026-09-03;LU0082616367;63.8236
2026-09-11;LU0082616367;64.6087
2026-08-24;LU0083137926;102.2511
2026-08-25;LU0083137926;102.2569
2026-08-26;LU0083137926;102.2622
2026-08-27;LU0083137926;102.2686
2026-08-28;LU0083137926;102.2753
2026-09-02;LU0083137926;102.3031
2026-09-10;LU0083137926;102.3497
2026-08-24;LU0083138064;225.9169
2026-08-25;LU0083138064;225.9297
2026-08-26;LU0083138064;225.9413
2026-08-27;LU0083138064;225.9555
2026-08-28;LU0083138064;225.9704
2026-09-02;LU0083138064;226.0319
2026-09-10;LU0083138064;226.1348
2026-08-25;LU0083912112;6.1356
2026-08-26;LU0083912112;6.1569
2026-08-27;LU0083912112;6.1566
2026-08-28;LU0083912112;6.1699
2026-09-03;LU0083912112;6.162
2026-09-11;LU0083912112;6.1302
2026-08-24;LU0084617165;340.69
2026-08-25;LU0084617165;345.72
2026-08-26;LU0084617165;346.94
2026-08-27;LU0084617165;347.85
2026-08-28;LU0084617165;344.6
2026-09-02;LU0084617165;347.41
2026-09-10;LU0084617165;348.5
2026-08-24;LU0085136942;172.47
2026-08-25;LU0085136942;172.71
2026-08-26;LU0085136942;172.65
2026-08-27;LU0085136942;172.69
2026-08-28;LU0085136942;172.48
2026-09-02;LU0085136942;172.19
2026-09-10;LU0085136942;171.18
2026-08-24;LU0086177085;268.49
2026-08-25;LU0086177085;268.58
2026-08-26;LU0086177085;268.55
2026-08-27;LU0086177085;268.55
2026-08-28;LU0086177085;268.41
2026-09-02;LU0086177085;267.7
2026-09-10;LU0086177085;266.43
2026-08-24;LU0086913042;183.88
2026-08-25;LU0086913042;184.23
2026-08-26;LU0086913042;184.32
2026-08-27;LU0086913042;183.91
2026-08-28;LU0086913042;184.2
2026-09-02;LU0086913042;182.16
2026-09-11;LU0086913042;181.44
2026-08-25;LU0087412390;149.2
2026-08-26;LU0087412390;149.39
2026-08-27;LU0087412390;149.17
2026-08-28;LU0087412390;149.26
2026-08-31;LU0087412390;149.09
2026-09-03;LU0087412390;148.7
2026-09-07;LU0087412390;148.88
2026-09-08;LU0087412390;148.82
2026-09-10;LU0087412390;148.49
2026-09-11;LU0087412390;147.93
2026-08-24;LU0087657150;109.3328
2026-08-26;LU0087657150;109.8809
2026-08-27;LU0087657150;109.5316
2026-08-28;LU0087657150;109.4778
2026-08-31;LU0087657150;108.6715
2026-09-03;LU0087657150;108.3531
2026-09-11;LU0087657150;104.7023
2026-08-25;LU0088927925;54.7
2026-08-26;LU0088927925;54.54
2026-08-27;LU0088927925;54.07
2026-08-28;LU0088927925;53.94
2026-08-31;LU0088927925;53.6
2026-09-03;LU0088927925;52.69
2026-09-11;LU0088927925;51.33
2026-08-25;LU0089640097;101.16
2026-08-26;LU0089640097;101.69
2026-08-27;LU0089640097;100.53
2026-08-28;LU0089640097;101.13
2026-08-31;LU0089640097;101.01
2026-09-03;LU0089640097;99.87
2026-09-11;LU0089640097;100.15
2026-08-25;LU0090689299;1411.4665
2026-08-26;LU0090689299;1394.1051
2026-08-27;LU0090689299;1399.6158
2026-08-28;LU0090689299;1383.7173
2026-08-31;LU0090689299;1350.187
2026-09-03;LU0090689299;1378.0333
2026-09-11;LU0090689299;1362.069
2026-08-25;LU0090841692;83.1565
2026-08-26;LU0090841692;83.525
2026-08-27;LU0090841692;84.0714
2026-08-28;LU0090841692;84.5451
2026-08-31;LU0090841692;84.6762
2026-09-03;LU0090841692;84.5129
2026-09-11;LU0090841692;84.5492
2026-08-25;LU0090845503;150.6699
2026-08-26;LU0090845503;150.6831
2026-08-27;LU0090845503;151.0012
2026-08-28;LU0090845503;151.3367
2026-08-31;LU0090845503;151.423
2026-09-03;LU0090845503;151.4138
2026-09-11;LU0090845503;151.5757
2026-08-25;LU0090865873;480.0031
2026-08-26;LU0090865873;480.027
2026-08-27;LU0090865873;480.0525
2026-08-28;LU0090865873;480.1315
2026-08-31;LU0090865873;480.1678
2026-09-03;LU0090865873;480.2284
2026-09-11;LU0090865873;480.4679
2026-08-24;LU0090978999;135.36
2026-08-25;LU0090978999;135.92
2026-08-25;LU0091115906;41.4134
2026-08-26;LU0091115906;41.4427
2026-08-27;LU0091115906;41.4428
2026-08-28;LU0091115906;41.4171
2026-08-31;LU0091115906;41.1737
2026-09-03;LU0091115906;40.5428
2026-09-11;LU0091115906;40.3616
2026-08-25;LU0093176195;12.2455
2026-08-25;LU0093472081;7.1082
2026-08-26;LU0093472081;7.1163
2026-08-27;LU0093472081;7.1025
2026-08-28;LU0093472081;7.0938
2026-08-31;LU0093472081;7.0769
2026-09-03;LU0093472081;7.0605
2026-09-11;LU0093472081;6.981
2026-08-25;LU0093502762;56.95
2026-08-26;LU0093502762;57.37
2026-08-27;LU0093502762;56.79
2026-08-28;LU0093502762;56.99
2026-08-31;LU0093502762;56.68
2026-09-03;LU0093502762;55.83
2026-09-11;LU0093502762;56.13
2026-08-25;LU0093503497;23.37
2026-08-26;LU0093503497;23.44
2026-08-27;LU0093503497;23.44
2026-08-28;LU0093503497;23.53
2026-08-31;LU0093503497;23.34
2026-09-03;LU0093503497;23.3
2026-09-08;LU0093503497;23.25
2026-09-11;LU0093503497;23.09
2026-08-25;LU0093503810;16.42
2026-08-26;LU0093503810;16.42
2026-08-27;LU0093503810;16.4
2026-08-28;LU0093503810;16.41
2026-08-31;LU0093503810;16.39
2026-09-03;LU0093503810;16.36
2026-09-11;LU0093503810;16.28
2026-08-25;LU0093504206;19.44
2026-08-26;LU0093504206;19.45
2026-08-27;LU0093504206;19.45
2026-08-28;LU0093504206;19.46
2026-08-31;LU0093504206;19.46
2026-09-03;LU0093504206;19.42
2026-09-11;LU0093504206;19.31
2026-08-24;LU0093583077;557.47
2026-08-25;LU0093583077;557.5
2026-08-26;LU0093583077;557.54
2026-08-27;LU0093583077;557.61
2026-08-28;LU0093583077;557.64
2026-09-02;LU0093583077;557.72
2026-09-10;LU0093583077;558.02
2026-08-24;LU0093666013;39.28
2026-08-25;LU0093666013;39.34
2026-08-26;LU0093666013;39.29
2026-08-27;LU0093666013;39.0
2026-08-28;LU0093666013;39.15
2026-09-03;LU0093666013;39.01
2026-09-10;LU0093666013;38.04
2026-09-11;LU0093666013;38.4
2026-08-25;LU0094488615;4.89
2026-08-25;LU0094541447;80.9467
2026-08-26;LU0094541447;80.9095
2026-08-27;LU0094541447;80.8083
2026-08-28;LU0094541447;81.0644
2026-08-31;LU0094541447;80.84
2026-09-03;LU0094541447;79.5566
2026-09-11;LU0094541447;77.6221
2026-08-24;LU0094557526;62.82
2026-08-25;LU0094557526;63.0
2026-08-26;LU0094557526;63.03
2026-08-27;LU0094557526;62.63
2026-08-28;LU0094557526;62.86
2026-08-31;LU0094557526;62.61
2026-09-03;LU0094557526;62.31
2026-09-10;LU0094557526;60.79
2026-09-11;LU0094557526;61.1
2026-08-24;LU0094560744;54.4
2026-08-25;LU0094560744;54.45
2026-08-26;LU0094560744;54.58
2026-08-27;LU0094560744;54.62
2026-08-28;LU0094560744;54.92
2026-08-31;LU0094560744;54.45
2026-09-03;LU0094560744;54.22
2026-09-10;LU0094560744;52.57
2026-09-11;LU0094560744;52.95
2026-08-24;LU0095030564;28.8702
2026-08-26;LU0095030564;29.0069
2026-08-27;LU0095030564;28.9884
2026-08-28;LU0095030564;28.9303
2026-08-31;LU0095030564;28.9256
2026-09-03;LU0095030564;28.891
2026-09-11;LU0095030564;28.4815
2026-08-25;LU0095938881;191.58
2026-08-26;LU0095938881;192.35
2026-08-27;LU0095938881;192.65
2026-08-28;LU0095938881;193.17
2026-08-31;LU0095938881;192.91
2026-09-03;LU0095938881;190.65
2026-09-08;LU0095938881;190.71
2026-09-11;LU0095938881;190.68
2026-08-24;LU0096353940;31.5962
2026-08-25;LU0096353940;31.6529
2026-08-26;LU0096353940;31.6353
2026-08-27;LU0096353940;31.6185
2026-08-28;LU0096353940;31.5581
2026-09-02;LU0096353940;31.4119
2026-09-10;LU0096353940;31.1822
2026-08-24;LU0096368971;43.0717
2026-08-25;LU0096368971;43.3597
2026-08-26;LU0096368971;43.3383
2026-08-27;LU0096368971;42.9677
2026-08-28;LU0096368971;43.1535
2026-09-02;LU0096368971;42.4076
2026-09-10;LU0096368971;41.6946
2026-08-24;LU0097116437;141.85
2026-08-25;LU0097116437;141.99
2026-08-26;LU0097116437;141.97
2026-08-27;LU0097116437;141.93
2026-08-28;LU0097116437;141.84
2026-09-02;LU0097116437;141.66
2026-09-10;LU0097116437;141.22
2026-08-24;LU0097116510;209.24
2026-08-25;LU0097116510;210.29
2026-08-24;LU0099161993;352.44
2026-08-25;LU0099161993;353.62
2026-08-26;LU0099161993;352.97
2026-08-27;LU0099161993;354.69
2026-08-28;LU0099161993;356.05
2026-09-02;LU0099161993;347.43
2026-09-10;LU0099161993;337.76
2026-08-25;LU0099574567;93.68
2026-08-26;LU0099574567;93.6
2026-08-27;LU0099574567;94.69
2026-08-28;LU0099574567;95.85
2026-08-31;LU0099574567;94.62
2026-09-03;LU0099574567;94.79
2026-09-11;LU0099574567;94.08
2026-08-25;LU0099575291;12.84
2026-08-26;LU0099575291;12.88
2026-08-27;LU0099575291;12.81
2026-08-28;LU0099575291;12.84
2026-08-31;LU0099575291;12.77
2026-09-03;LU0099575291;12.78
2026-09-11;LU0099575291;12.56
2026-08-25;LU0101692670;716.642
2026-08-26;LU0101692670;717.7015
2026-08-27;LU0101692670;731.5354
2026-08-28;LU0101692670;737.612
2026-08-31;LU0101692670;729.6475
2026-09-03;LU0101692670;718.3079
2026-09-11;LU0101692670;708.8358
2026-08-25;LU0102219945;32.24
2026-08-26;LU0102219945;32.37
2026-08-27;LU0102219945;32.07
2026-08-28;LU0102219945;32.22
2026-09-03;LU0102219945;31.87
2026-09-11;LU0102219945;31.48
2026-08-25;LU0104030142;57.65
2026-08-26;LU0104030142;57.45
2026-08-27;LU0104030142;58.04
2026-08-28;LU0104030142;58.17
2026-08-31;LU0104030142;58.0
2026-09-03;LU0104030142;56.5
2026-09-11;LU0104030142;57.3
2026-08-25;LU0104884860;493.94
2026-08-26;LU0104884860;500.03
2026-08-27;LU0104884860;493.9
2026-08-28;LU0104884860;494.08
2026-08-31;LU0104884860;491.03
2026-09-03;LU0104884860;484.09
2026-09-11;LU0104884860;475.69
2026-08-25;LU0106235293;63.6759
2026-08-26;LU0106235293;63.721
2026-08-27;LU0106235293;63.7212
2026-08-28;LU0106235293;63.6817
2026-08-31;LU0106235293;63.3073
2026-09-03;LU0106235293;62.3374
2026-09-11;LU0106235293;62.0588
2026-08-25;LU0106235376;54.0534
2026-08-26;LU0106235376;54.0908
2026-08-27;LU0106235376;54.09
2026-08-28;LU0106235376;54.0556
2026-08-31;LU0106235376;53.7352
2026-09-03;LU0106235376;52.9093
2026-09-11;LU0106235376;52.6659
2026-08-25;LU0106235533;19.9839
2026-08-26;LU0106235533;20.0066
2026-08-27;LU0106235533;19.9677
2026-08-28;LU0106235533;19.9434
2026-08-31;LU0106235533;19.896
2026-09-03;LU0106235533;19.8498
2026-09-11;LU0106235533;19.6263
2026-08-25;LU0106237406;47.4559
2026-08-26;LU0106237406;47.693
2026-08-27;LU0106237406;47.7268
2026-08-28;LU0106237406;47.8663
2026-08-31;LU0106237406;47.6421
2026-09-03;LU0106237406;47.2296
2026-09-11;LU0106237406;46.4096
2026-08-25;LU0106239873;14.2115
2026-08-26;LU0106239873;14.2526
2026-08-27;LU0106239873;14.3027
2026-08-28;LU0106239873;14.4096
2026-08-31;LU0106239873;14.4247
2026-09-03;LU0106239873;14.5859
2026-09-11;LU0106239873;14.6251
2026-08-25;LU0106244287;75.8837
2026-08-26;LU0106244287;76.0771
2026-08-27;LU0106244287;75.8618
2026-08-28;LU0106244287;75.7688
2026-08-31;LU0106244287;75.2303
2026-09-03;LU0106244287;75.0996
2026-09-11;LU0106244287;71.9704
2026-08-25;LU0106252389;25.7963
2026-08-26;LU0106252389;25.9794
2026-08-27;LU0106252389;26.1568
2026-08-28;LU0106252389;26.182
2026-08-31;LU0106252389;25.8813
2026-09-03;LU0106252389;25.8621
2026-09-11;LU0106252389;26.182
2026-08-25;LU0106258311;11.6721
2026-08-26;LU0106258311;11.7043
2026-08-27;LU0106258311;11.7013
2026-08-28;LU0106258311;11.7214
2026-08-31;LU0106258311;11.6971
2026-09-03;LU0106258311;11.6882
2026-09-11;LU0106258311;11.6079
2026-08-25;LU0106259046;53.0782
2026-08-26;LU0106259046;53.3901
2026-08-27;LU0106259046;53.3008
2026-08-28;LU0106259046;53.1748
2026-08-31;LU0106259046;52.8016
2026-09-03;LU0106259046;55.3128
2026-09-11;LU0106259046;55.604
2026-08-25;LU0106259558;32.0013
2026-08-26;LU0106259558;32.1802
2026-08-27;LU0106259558;32.5375
2026-08-28;LU0106259558;32.5871
2026-08-31;LU0106259558;32.3305
2026-09-03;LU0106259558;32.2439
2026-09-11;LU0106259558;32.4601
2026-08-25;LU0106260564;21.6025
2026-08-26;LU0106260564;21.677
2026-08-27;LU0106260564;21.6685
2026-08-28;LU0106260564;21.7099
2026-08-31;LU0106260564;21.643
2026-09-03;LU0106260564;21.6118
2026-09-11;LU0106260564;21.4406
2026-08-24;LU0106261372;372.3439
2026-08-26;LU0106261372;374.4869
2026-08-27;LU0106261372;379.8746
2026-08-28;LU0106261372;378.984
2026-08-31;LU0106261372;376.9982
2026-09-03;LU0106261372;376.5323
2026-09-11;LU0106261372;368.1525
2026-08-25;LU0106261612;256.0442
2026-08-25;LU0106817157;38.0882
2026-08-26;LU0106817157;38.5275
2026-08-27;LU0106817157;37.9308
2026-08-28;LU0106817157;37.9847
2026-08-31;LU0106817157;38.0017
2026-09-03;LU0106817157;37.6214
2026-09-11;LU0106817157;38.3138
2026-08-25;LU0106819104;32.5023
2026-08-26;LU0106819104;32.8766
2026-08-27;LU0106819104;32.3669
2026-08-28;LU0106819104;32.4124
2026-08-31;LU0106819104;32.4253
2026-09-03;LU0106819104;32.0992
2026-09-11;LU0106819104;32.6857
2026-08-25;LU0106831901;71.1766
2026-08-26;LU0106831901;71.5194
2026-08-27;LU0106831901;71.3117
2026-08-28;LU0106831901;71.5514
2026-08-31;LU0106831901;71.0398
2026-09-03;LU0106831901;72.1974
2026-09-11;LU0106831901;70.98
2026-08-24;LU0107049875;66.7466
2026-08-25;LU0107049875;67.616
2026-08-26;LU0107049875;68.2327
2026-08-28;LU0107049875;68.9258
2026-09-02;LU0107049875;67.7334
2026-09-10;LU0107049875;68.6305
2026-09-11;LU0107049875;69.7959
2026-08-24;LU0107058785;150.336
2026-08-25;LU0107058785;151.8427
2026-08-26;LU0107058785;152.4974
2026-08-28;LU0107058785;153.1117
2026-09-02;LU0107058785;150.2058
2026-09-10;LU0107058785;149.7209
2026-09-11;LU0107058785;151.7995
2026-08-24;LU0107087297;115.18
2026-08-24;LU0107087537;134.5
2026-08-25;LU0107087537;134.75
2026-08-26;LU0107087537;134.81
2026-08-28;LU0107087537;134.73
2026-09-02;LU0107087537;133.22
2026-09-11;LU0107087537;132.67
2026-08-25;LU0107398538;33.43
2026-08-26;LU0107398538;33.56
2026-08-27;LU0107398538;33.29
2026-08-28;LU0107398538;33.39
2026-08-31;LU0107398538;33.25
2026-09-03;LU0107398538;32.81
2026-09-11;LU0107398538;32.45
2026-08-25;LU0107398884;28.03
2026-08-26;LU0107398884;28.17
2026-08-27;LU0107398884;27.83
2026-08-28;LU0107398884;27.96
2026-08-31;LU0107398884;28.05
2026-09-03;LU0107398884;28.19
2026-09-11;LU0107398884;27.93
2026-08-25;LU0107768052;27.0581
2026-08-26;LU0107768052;27.0267
2026-08-27;LU0107768052;27.0189
2026-08-28;LU0107768052;27.1228
2026-08-31;LU0107768052;27.0969
2026-09-03;LU0107768052;27.3148
2026-09-07;LU0107768052;27.2752
2026-09-08;LU0107768052;27.3115
2026-09-11;LU0107768052;27.5248
2026-08-25;LU0107768136;23.6972
2026-08-26;LU0107768136;23.6694
2026-08-27;LU0107768136;23.6622
2026-08-28;LU0107768136;23.7529
2026-08-31;LU0107768136;23.7292
2026-09-03;LU0107768136;23.9191
2026-09-07;LU0107768136;23.8832
2026-09-08;LU0107768136;23.9146
2026-09-11;LU0107768136;24.1004
2026-08-24;LU0107851205;57.9032
2026-08-25;LU0107851205;58.0913
2026-08-25;LU0108415935;271.2
2026-08-26;LU0108415935;271.3
2026-08-27;LU0108415935;271.53
2026-08-28;LU0108415935;271.57
2026-08-31;LU0108415935;271.22
2026-09-03;LU0108415935;271.04
2026-09-11;LU0108415935;269.52
2026-08-24;LU0108459040;1259.4778
2026-08-25;LU0108459040;1276.8086
2026-08-26;LU0108459040;1274.6972
2026-08-27;LU0108459040;1269.254
2026-08-28;LU0108459040;1235.1674
2026-09-02;LU0108459040;1263.722
2026-09-10;LU0108459040;1207.297
2026-08-24;LU0108459552;1137.0282
2026-08-25;LU0108459552;1152.6823
2026-08-26;LU0108459552;1150.7696
2026-08-27;LU0108459552;1145.856
2026-08-28;LU0108459552;1115.0919
2026-09-02;LU0108459552;1140.8518
2026-09-10;LU0108459552;1089.9169
2026-08-24;LU0109391861;34.0819
2026-08-26;LU0109391861;34.3372
2026-08-27;LU0109391861;34.8444
2026-08-28;LU0109391861;34.5237
2026-08-31;LU0109391861;34.4869
2026-09-03;LU0109391861;34.6916
2026-09-11;LU0109391861;34.4826
2026-08-24;LU0109392836;62.8577
2026-08-26;LU0109392836;63.9216
2026-08-27;LU0109392836;65.4041
2026-08-28;LU0109392836;64.435
2026-08-31;LU0109392836;64.5316
2026-09-03;LU0109392836;64.4174
2026-09-10;LU0109392836;64.0521
2026-09-11;LU0109392836;64.8756
2026-08-24;LU0109394709;63.4578
2026-08-25;LU0109394709;64.244
2026-08-26;LU0109394709;63.9216
2026-08-27;LU0109394709;63.6954
2026-08-28;LU0109394709;61.8621
2026-08-31;LU0109394709;61.9317
2026-09-03;LU0109394709;63.1351
2026-09-10;LU0109394709;59.9757
2026-09-11;LU0109394709;59.9163
2026-08-24;LU0109402221;37.3649
2026-08-25;LU0109402221;37.9363
2026-08-26;LU0109402221;38.1177
2026-08-27;LU0109402221;38.2876
2026-08-28;LU0109402221;38.0776
2026-08-31;LU0109402221;38.1198
2026-09-03;LU0109402221;38.4525
2026-09-10;LU0109402221;38.132
2026-09-11;LU0109402221;38.5465
2026-08-24;LU0109981661;44.8568
2026-08-25;LU0109981661;44.9203
2026-08-26;LU0109981661;44.9014
2026-08-27;LU0109981661;44.5215
2026-08-28;LU0109981661;44.626
2026-09-03;LU0109981661;44.9846
2026-09-10;LU0109981661;43.9025
2026-09-11;LU0109981661;44.2032
2026-08-24;LU0110450813;43.9098
2026-08-26;LU0110450813;44.0431
2026-08-27;LU0110450813;44.1137
2026-08-28;LU0110450813;44.1132
2026-08-31;LU0110450813;44.022
2026-09-03;LU0110450813;44.0443
2026-09-11;LU0110450813;43.7684
2026-08-24;LU0110451209;43.9288
2026-08-26;LU0110451209;44.1058
2026-08-27;LU0110451209;44.1007
2026-08-28;LU0110451209;44.2446
2026-08-31;LU0110451209;44.024
2026-09-03;LU0110451209;44.0027
2026-09-11;LU0110451209;43.8365
2026-08-24;LU0111491469;158.23
2026-08-25;LU0111491469;159.01
2026-08-26;LU0111491469;159.29
2026-08-28;LU0111491469;159.13
2026-09-02;LU0111491469;156.11
2026-09-10;LU0111491469;153.53
2026-09-11;LU0111491469;154.7
2026-08-24;LU0111548326;361.44
2026-08-25;LU0111548326;363.0
2026-08-26;LU0111548326;361.99
2026-08-27;LU0111548326;361.5
2026-08-28;LU0111548326;360.82
2026-09-02;LU0111548326;358.49
2026-09-10;LU0111548326;354.16
2026-08-25;LU0112467450;35.7684
2026-08-26;LU0112467450;35.9601
2026-08-27;LU0112467450;35.6297
2026-08-28;LU0112467450;35.7458
2026-08-31;LU0112467450;35.7087
2026-09-03;LU0112467450;35.8421
2026-09-11;LU0112467450;35.2415
2026-08-25;LU0113257694;24.7118
2026-08-26;LU0113257694;24.726
2026-08-27;LU0113257694;24.696
2026-08-28;LU0113257694;24.6702
2026-08-31;LU0113257694;24.6261
2026-09-03;LU0113257694;24.581
2026-09-11;LU0113257694;24.3936
2026-08-25;LU0114720955;63.48
2026-08-26;LU0114720955;63.03
2026-08-27;LU0114720955;62.81
2026-08-28;LU0114720955;62.41
2026-08-31;LU0114720955;61.89
2026-09-03;LU0114720955;62.69
2026-09-11;LU0114720955;59.97
2026-08-25;LU0114721508;98.67
2026-08-26;LU0114721508;98.75
2026-08-27;LU0114721508;98.98
2026-08-28;LU0114721508;100.1
2026-08-31;LU0114721508;98.83
2026-09-03;LU0114721508;99.04
2026-09-11;LU0114721508;97.55
2026-08-25;LU0114722498;77.82
2026-08-26;LU0114722498;78.25
2026-08-27;LU0114722498;77.85
2026-08-28;LU0114722498;78.59
2026-08-31;LU0114722498;78.19
2026-09-03;LU0114722498;79.36
2026-09-11;LU0114722498;78.08
2026-08-25;LU0114722902;132.0
2026-08-26;LU0114722902;132.7
2026-08-27;LU0114722902;132.0
2026-08-28;LU0114722902;131.7
2026-08-31;LU0114722902;131.1
2026-09-03;LU0114722902;131.2
2026-09-11;LU0114722902;129.8
2026-08-25;LU0115085028;473.4538
2026-08-26;LU0115085028;474.1822
2026-08-27;LU0115085028;474.4011
2026-08-28;LU0115085028;477.2647
2026-08-31;LU0115085028;473.9058
2026-09-03;LU0115085028;475.0364
2026-09-11;LU0115085028;469.825
2026-08-25;LU0115096736;179.9254
2026-08-26;LU0115096736;180.8778
2026-08-27;LU0115096736;181.5409
2026-08-28;LU0115096736;182.9966
2026-08-31;LU0115096736;183.9548
2026-09-03;LU0115096736;184.4838
2026-09-11;LU0115096736;180.7759
2026-08-25;LU0115097544;536.5667
2026-08-26;LU0115097544;538.3963
2026-08-27;LU0115097544;538.4228
2026-08-28;LU0115097544;542.9302
2026-08-31;LU0115097544;538.5579
2026-09-03;LU0115097544;539.5313
2026-09-11;LU0115097544;534.7437
2026-08-25;LU0115098948;141.5
2026-08-26;LU0115098948;142.07
2026-08-27;LU0115098948;142.29
2026-08-28;LU0115098948;142.67
2026-08-31;LU0115098948;142.47
2026-09-03;LU0115098948;140.8
2026-09-08;LU0115098948;140.83
2026-09-11;LU0115098948;140.79
2026-08-25;LU0115099839;236.71
2026-08-26;LU0115099839;237.34
2026-08-27;LU0115099839;237.36
2026-08-28;LU0115099839;237.85
2026-08-31;LU0115099839;236.76
2026-09-03;LU0115099839;236.41
2026-09-08;LU0115099839;236.73
2026-09-11;LU0115099839;234.82
2026-08-25;LU0115103029;243.79
2026-08-26;LU0115103029;243.87
2026-08-27;LU0115103029;244.08
2026-08-28;LU0115103029;244.11
2026-08-31;LU0115103029;243.79
2026-09-03;LU0115103029;243.62
2026-09-11;LU0115103029;242.23
2026-08-25;LU0115104423;153.0563
2026-08-26;LU0115104423;153.4497
2026-08-27;LU0115104423;153.5112
2026-08-28;LU0115104423;153.8248
2026-08-31;LU0115104423;153.1333
2026-09-03;LU0115104423;153.1387
2026-09-11;LU0115104423;151.87
2026-08-25;LU0115141201;32.99
2026-08-26;LU0115141201;32.93
2026-08-27;LU0115141201;32.84
2026-08-28;LU0115141201;32.77
2026-08-31;LU0115141201;32.74
2026-09-03;LU0115141201;32.32
2026-09-11;LU0115141201;32.07
2026-08-25;LU0115143082;149.3
2026-08-26;LU0115143082;150.87
2026-08-27;LU0115143082;153.03
2026-08-28;LU0115143082;152.9
2026-08-31;LU0115143082;153.01
2026-09-03;LU0115143082;150.24
2026-09-11;LU0115143082;153.3
2026-08-25;LU0115763970;82.93
2026-08-26;LU0115763970;83.52
2026-08-27;LU0115763970;83.55
2026-08-28;LU0115763970;83.55
2026-08-31;LU0115763970;82.01
2026-09-03;LU0115763970;82.43
2026-09-11;LU0115763970;83.16
2026-08-25;LU0115774233;24.09
2026-08-26;LU0115774233;24.15
2026-08-27;LU0115774233;24.03
2026-08-28;LU0115774233;24.08
2026-08-31;LU0115774233;23.94
2026-09-03;LU0115774233;23.96
2026-09-11;LU0115774233;23.55
2026-08-24;LU0117369479;110.16
2026-08-25;LU0117369479;110.21
2026-08-26;LU0117369479;110.23
2026-08-27;LU0117369479;110.21
2026-08-28;LU0117369479;110.21
2026-09-02;LU0117369479;110.17
2026-09-10;LU0117369479;110.19
2026-08-25;LU0117838648;17.0186
2026-08-26;LU0117838648;17.0624
2026-08-27;LU0117838648;17.0702
2026-08-28;LU0117838648;17.0983
2026-08-31;LU0117838648;17.0196
2026-09-03;LU0117838648;17.0231
2026-09-11;LU0117838648;16.884
2026-08-25;LU0117858166;26.05
2026-08-26;LU0117858166;26.18
2026-08-27;LU0117858166;25.88
2026-08-28;LU0117858166;26.04
2026-08-31;LU0117858166;26.0
2026-09-03;LU0117858166;25.71
2026-09-11;LU0117858166;25.78
2026-08-25;LU0117858596;28.15
2026-08-26;LU0117858596;28.26
2026-08-27;LU0117858596;27.98
2026-08-28;LU0117858596;28.09
2026-08-31;LU0117858596;28.06
2026-09-03;LU0117858596;27.87
2026-09-11;LU0117858596;27.67
2026-08-25;LU0117858679;33.91
2026-08-26;LU0117858679;34.04
2026-08-27;LU0117858679;33.76
2026-08-28;LU0117858679;33.87
2026-08-31;LU0117858679;33.73
2026-09-03;LU0117858679;33.28
2026-09-11;LU0117858679;32.91
2026-08-25;LU0117858752;35.44
2026-08-26;LU0117858752;35.62
2026-08-27;LU0117858752;35.19
2026-08-28;LU0117858752;35.35
2026-08-31;LU0117858752;35.45
2026-09-03;LU0117858752;35.63
2026-09-11;LU0117858752;35.29
2026-08-25;LU0117859560;34.48
2026-08-26;LU0117859560;34.64
2026-08-27;LU0117859560;34.73
2026-08-31;LU0117859560;34.76
2026-09-03;LU0117859560;34.18
2026-09-11;LU0117859560;33.74
2026-08-25;LU0117861202;50.7731
2026-08-26;LU0117861202;50.9037
2026-08-27;LU0117861202;50.9271
2026-08-28;LU0117861202;51.209
2026-08-31;LU0117861202;50.8264
2026-09-03;LU0117861202;50.9401
2026-09-11;LU0117861202;50.962
2026-08-25;LU0117866185;16.7701
2026-08-26;LU0117866185;16.8215
2026-08-27;LU0117866185;16.8641
2026-08-28;LU0117866185;17.0123
2026-08-31;LU0117866185;17.011
2026-09-03;LU0117866185;16.9456
2026-09-11;LU0117866185;16.7463
2026-08-25;LU0117866854;33.7288
2026-08-26;LU0117866854;33.9858
2026-08-27;LU0117866854;34.1575
2026-08-28;LU0117866854;34.3171
2026-08-31;LU0117866854;34.2802
2026-09-03;LU0117866854;34.0289
2026-09-11;LU0117866854;33.7939
2026-08-25;LU0117867159;44.5004
2026-08-26;LU0117867159;44.9888
2026-08-27;LU0117867159;44.9766
2026-08-28;LU0117867159;44.8154
2026-08-31;LU0117867159;44.7572
2026-09-03;LU0117867159;43.6334
2026-09-11;LU0117867159;43.0667
2026-08-25;LU0117881226;28.313
2026-08-26;LU0117881226;28.2942
2026-08-27;LU0117881226;28.3186
2026-08-28;LU0117881226;28.2247
2026-08-31;LU0117881226;27.4707
2026-09-03;LU0117881226;27.3333
2026-09-11;LU0117881226;26.949
2026-08-25;LU0117881572;35.0142
2026-08-26;LU0117881572;35.3613
2026-08-27;LU0117881572;35.1707
2026-08-28;LU0117881572;35.3584
2026-08-31;LU0117881572;34.6935
2026-09-03;LU0117881572;34.4592
2026-09-11;LU0117881572;33.8197
2026-08-25;LU0117881739;57.0887
2026-08-26;LU0117881739;57.1401
2026-08-27;LU0117881739;57.3671
2026-08-28;LU0117881739;57.5767
2026-08-31;LU0117881739;57.4982
2026-09-03;LU0117881739;57.5669
2026-09-11;LU0117881739;55.7749
2026-08-25;LU0117884675;28.37
2026-08-26;LU0117884675;28.27
2026-08-27;LU0117884675;28.56
2026-08-28;LU0117884675;28.63
2026-08-31;LU0117884675;28.54
2026-09-03;LU0117884675;27.8
2026-09-11;LU0117884675;28.18
2026-08-25;LU0117885052;14.4221
2026-08-26;LU0117885052;14.4307
2026-08-27;LU0117885052;14.872
2026-08-28;LU0117885052;15.0073
2026-08-31;LU0117885052;14.7555
2026-09-03;LU0117885052;14.5875
2026-09-11;LU0117885052;14.766
2026-08-25;LU0117895366;59.5823
2026-08-26;LU0117895366;60.225
2026-08-27;LU0117895366;60.2436
2026-08-28;LU0117895366;60.1324
2026-08-31;LU0117895366;59.9
2026-09-03;LU0117895366;59.7356
2026-09-11;LU0117895366;60.2004
2026-08-25;LU0117896174;46.3256
2026-08-26;LU0117896174;47.3368
2026-08-27;LU0117896174;46.8227
2026-08-28;LU0117896174;46.7257
2026-08-31;LU0117896174;46.7888
2026-09-03;LU0117896174;49.2016
2026-09-11;LU0117896174;48.7665
2026-08-25;LU0117897578;14.472
2026-08-26;LU0117897578;14.47
2026-08-27;LU0117897578;14.47
2026-08-28;LU0117897578;14.471
2026-08-31;LU0117897578;14.455
2026-09-03;LU0117897578;14.416
2026-09-11;LU0117897578;14.333
2026-08-25;LU0117898204;15.4
2026-08-26;LU0117898204;15.4
2026-08-27;LU0117898204;15.4
2026-08-28;LU0117898204;15.44
2026-08-31;LU0117898204;15.36
2026-09-03;LU0117898204;15.36
2026-09-11;LU0117898204;15.23
2026-08-25;LU0118255248;11.74
2026-08-26;LU0118255248;11.74
2026-08-27;LU0118255248;11.73
2026-08-28;LU0118255248;11.73
2026-08-31;LU0118255248;11.71
2026-09-03;LU0118255248;11.69
2026-09-11;LU0118255248;11.63
2026-08-25;LU0119063039;40.03
2026-08-26;LU0119063039;40.2
2026-08-27;LU0119063039;39.77
2026-08-28;LU0119063039;39.98
2026-08-31;LU0119063039;39.93
2026-09-03;LU0119063039;39.5
2026-09-11;LU0119063039;39.25
2026-08-25;LU0119065240;37.1136
2026-08-26;LU0119065240;37.1817
2026-08-27;LU0119065240;37.4376
2026-08-28;LU0119065240;37.6473
2026-08-31;LU0119065240;37.3191
2026-09-03;LU0119065240;37.2562
2026-09-11;LU0119065240;37.565
2026-08-25;LU0119066131;51.3301
2026-08-25;LU0119066727;45.2545
2026-08-26;LU0119066727;45.451
2026-08-27;LU0119066727;45.0882
2026-08-28;LU0119066727;45.2972
2026-08-31;LU0119066727;45.1273
2026-09-03;LU0119066727;45.2772
2026-09-11;LU0119066727;45.047
2026-08-25;LU0119078227;37.9192
2026-08-26;LU0119078227;38.0134
2026-08-27;LU0119078227;37.7038
2026-08-28;LU0119078227;37.9141
2026-08-31;LU0119078227;37.7324
2026-09-03;LU0119078227;37.5489
2026-09-11;LU0119078227;37.2723
2026-08-25;LU0119089182;63.0877
2026-08-26;LU0119089182;63.263
2026-08-27;LU0119089182;63.6438
2026-08-28;LU0119089182;63.9881
2026-08-31;LU0119089182;63.5765
2026-09-03;LU0119089182;63.4118
2026-09-11;LU0119089182;63.9073
2026-08-25;LU0119176310;28.5139
2026-08-26;LU0119176310;28.5333
2026-08-27;LU0119176310;28.544
2026-08-28;LU0119176310;28.4664
2026-08-31;LU0119176310;28.5581
2026-09-03;LU0119176310;28.4689
2026-09-11;LU0119176310;28.312
2026-08-24;LU0119195450;1555.92
2026-08-25;LU0119195450;1558.86
2026-08-26;LU0119195450;1562.98
2026-08-28;LU0119195450;1570.53
2026-08-31;LU0119195450;1563.5
2026-09-03;LU0119195450;1563.38
2026-09-04;LU0119195450;1569.77
2026-09-10;LU0119195450;1542.67
2026-09-11;LU0119195450;1547.75
2026-08-24;LU0119195963;2188.3
2026-08-25;LU0119195963;2194.49
2026-08-26;LU0119195963;2197.05
2026-08-28;LU0119195963;2201.6
2026-08-31;LU0119195963;2193.06
2026-09-03;LU0119195963;2193.61
2026-09-04;LU0119195963;2197.0
2026-09-10;LU0119195963;2162.73
2026-09-11;LU0119195963;2170.03
2026-08-24;LU0119196938;728.41
2026-08-25;LU0119196938;730.38
2026-08-26;LU0119196938;730.71
2026-08-28;LU0119196938;730.54
2026-08-31;LU0119196938;728.18
2026-09-03;LU0119196938;727.36
2026-09-04;LU0119196938;728.63
2026-09-07;LU0119196938;726.93
2026-09-10;LU0119196938;718.65
2026-09-11;LU0119196938;719.44
2026-08-24;LU0119200128;1965.0481
2026-08-25;LU0119200128;1958.5307
2026-08-26;LU0119200128;1972.0561
2026-08-28;LU0119200128;1986.4443
2026-08-31;LU0119200128;1985.7058
2026-09-03;LU0119200128;1958.4613
2026-09-10;LU0119200128;1908.55
2026-09-11;LU0119200128;1921.3767
2026-08-25;LU0119620416;182.329
2026-08-26;LU0119620416;182.5946
2026-08-27;LU0119620416;182.5683
2026-08-28;LU0119620416;184.0115
2026-08-31;LU0119620416;182.4463
2026-09-03;LU0119620416;181.8318
2026-09-11;LU0119620416;176.1586
2026-08-25;LU0119750205;32.52
2026-08-26;LU0119750205;32.52
2026-08-27;LU0119750205;32.22
2026-08-28;LU0119750205;32.22
2026-08-31;LU0119750205;32.26
2026-09-03;LU0119750205;32.0
2026-09-11;LU0119750205;31.55
2026-08-24;LU0120689640;142.91
2026-08-25;LU0120689640;143.04
2026-08-26;LU0120689640;143.02
2026-08-27;LU0120689640;142.95
2026-08-28;LU0120689640;142.87
2026-09-02;LU0120689640;142.45
2026-09-10;LU0120689640;142.03
2026-08-24;LU0121174428;1730.2466
2026-08-25;LU0121174428;1724.4774
2026-08-26;LU0121174428;1736.3687
2026-08-28;LU0121174428;1748.9866
2026-08-31;LU0121174428;1748.2665
2026-09-03;LU0121174428;1724.2091
2026-09-10;LU0121174428;1680.1109
2026-09-11;LU0121174428;1691.3804
2026-08-25;LU0122376428;31.5436
2026-08-26;LU0122376428;31.5522
2026-08-27;LU0122376428;31.4785
2026-08-28;LU0122376428;31.6323
2026-08-31;LU0122376428;32.1022
2026-09-03;LU0122376428;32.695
2026-09-11;LU0122376428;32.9501
2026-08-25;LU0122379950;70.0969
2026-08-26;LU0122379950;69.7884
2026-08-27;LU0122379950;69.0706
2026-08-28;LU0122379950;68.8666
2026-08-31;LU0122379950;68.0526
2026-09-03;LU0122379950;69.1508
2026-09-11;LU0122379950;66.5287
2026-08-25;LU0124384867;20.2835
2026-08-26;LU0124384867;20.4121
2026-08-27;LU0124384867;20.3674
2026-08-28;LU0124384867;20.4973
2026-08-31;LU0124384867;20.1618
2026-09-03;LU0124384867;19.9061
2026-09-11;LU0124384867;20.0783
2026-08-24;LU0125741180;184.6
2026-08-25;LU0125741180;185.53
2026-08-26;LU0125741180;186.19
2026-08-27;LU0125741180;185.9
2026-08-28;LU0125741180;187.0
2026-08-31;LU0125741180;186.3
2026-08-24;LU0125750504;101.12
2026-08-26;LU0125750504;101.24
2026-08-27;LU0125750504;101.27
2026-08-28;LU0125750504;101.23
2026-08-31;LU0125750504;101.15
2026-09-03;LU0125750504;101.03
2026-09-11;LU0125750504;100.37
2026-08-24;LU0125944966;86.96
2026-08-25;LU0125944966;87.27
2026-08-26;LU0125944966;87.32
2026-08-27;LU0125944966;87.21
2026-08-28;LU0125944966;87.41
2026-08-31;LU0125944966;87.24
2026-09-03;LU0125944966;86.07
2026-09-10;LU0125944966;84.54
2026-09-11;LU0125944966;84.55
2026-08-24;LU0125948108;40.9737
2026-08-26;LU0125948108;41.0727
2026-08-27;LU0125948108;41.1642
2026-08-28;LU0125948108;41.2442
2026-08-31;LU0125948108;41.1673
2026-09-03;LU0125948108;41.1721
2026-09-11;LU0125948108;40.897
2026-08-24;LU0125951151;75.39
2026-08-25;LU0125951151;75.65
2026-08-26;LU0125951151;75.58
2026-08-27;LU0125951151;75.2
2026-08-28;LU0125951151;75.39
2026-08-31;LU0125951151;74.97
2026-09-03;LU0125951151;74.47
2026-09-10;LU0125951151;72.59
2026-09-11;LU0125951151;72.84
2026-08-24;LU0125979160;45.1311
2026-08-26;LU0125979160;45.1848
2026-08-27;LU0125979160;44.9337
2026-08-28;LU0125979160;45.1251
2026-08-31;LU0125979160;44.6797
2026-09-03;LU0125979160;44.9588
2026-09-11;LU0125979160;44.186
2026-08-24;LU0127786431;1170.12
2026-08-25;LU0127786431;1174.37
2026-08-26;LU0127786431;1178.36
2026-08-27;LU0127786431;1166.99
2026-08-28;LU0127786431;1177.24
2026-08-31;LU0127786431;1167.78
2026-09-03;LU0127786431;1162.08
2026-09-11;LU0127786431;1158.18
2026-08-25;LU0128488383;571.7608
2026-08-26;LU0128488383;572.8474
2026-08-27;LU0128488383;572.8207
2026-08-28;LU0128488383;572.8071
2026-09-03;LU0128488383;572.0111
2026-09-11;LU0128488383;567.1513
2026-08-25;LU0128494191;147.4168
2026-08-26;LU0128494191;147.4295
2026-08-27;LU0128494191;147.4358
2026-08-28;LU0128494191;147.4591
2026-08-31;LU0128494191;147.4689
2026-09-03;LU0128494191;147.4893
2026-09-11;LU0128494191;147.5555
2026-08-25;LU0128495834;140.9914
2026-08-26;LU0128495834;141.0031
2026-08-27;LU0128495834;141.0086
2026-08-28;LU0128495834;141.0294
2026-08-31;LU0128495834;141.0383
2026-09-03;LU0128495834;141.0563
2026-09-11;LU0128495834;141.1146
2026-08-25;LU0128496485;147.174
2026-08-26;LU0128496485;147.1934
2026-08-27;LU0128496485;147.5037
2026-08-28;LU0128496485;147.8672
2026-08-31;LU0128496485;147.9308
2026-09-03;LU0128496485;147.9288
2026-09-11;LU0128496485;148.1243
2026-08-25;LU0128497293;82.265
2026-08-26;LU0128497293;82.2759
2026-08-27;LU0128497293;82.4493
2026-08-28;LU0128497293;82.6525
2026-08-31;LU0128497293;82.688
2026-09-03;LU0128497293;82.6869
2026-09-11;LU0128497293;82.7962
2026-08-24;LU0128520375;46.89
2026-08-25;LU0128520375;46.99
2026-08-26;LU0128520375;47.02
2026-08-27;LU0128520375;47.18
2026-08-28;LU0128520375;47.24
2026-09-03;LU0128520375;46.99
2026-09-10;LU0128520375;45.8
2026-09-11;LU0128520375;46.18
2026-08-24;LU0128521001;21.37
2026-08-25;LU0128521001;21.4
2026-08-26;LU0128521001;21.37
2026-08-27;LU0128521001;21.21
2026-08-28;LU0128521001;21.29
2026-09-03;LU0128521001;21.21
2026-09-10;LU0128521001;20.69
2026-09-11;LU0128521001;20.88
2026-08-24;LU0128522157;53.5658
2026-08-25;LU0128522157;54.2694
2026-08-26;LU0128522157;54.4931
2026-08-27;LU0128522157;54.7997
2026-08-28;LU0128522157;54.6166
2026-08-31;LU0128522157;54.3818
2026-09-03;LU0128522157;54.8043
2026-09-10;LU0128522157;54.1794
2026-09-11;LU0128522157;54.6815
2026-08-24;LU0128526570;76.3671
2026-08-25;LU0128526570;77.3979
2026-08-26;LU0128526570;77.386
2026-08-27;LU0128526570;77.2966
2026-08-28;LU0128526570;77.248
2026-08-31;LU0128526570;77.9096
2026-09-03;LU0128526570;80.5626
2026-09-10;LU0128526570;80.6757
2026-09-11;LU0128526570;80.184
2026-08-24;LU0128530416;31.956
2026-08-24;LU0130731390;390.95
2026-08-25;LU0130731390;392.36
2026-08-26;LU0130731390;392.2
2026-08-27;LU0130731390;389.37
2026-08-28;LU0130731390;391.4
2026-09-02;LU0130731390;386.01
2026-09-10;LU0130731390;379.83
2026-08-24;LU0130732877;621.7799
2026-08-25;LU0130732877;623.5794
2026-08-26;LU0130732877;624.7472
2026-08-27;LU0130732877;629.1917
2026-08-28;LU0130732877;628.9382
2026-09-02;LU0130732877;626.8323
2026-09-10;LU0130732877;618.995
2026-08-25;LU0131726092;653.7091
2026-08-26;LU0131726092;660.5216
2026-08-25;LU0132385880;8.046
2026-08-26;LU0132385880;8.057
2026-08-27;LU0132385880;8.063
2026-08-28;LU0132385880;8.099
2026-08-31;LU0132385880;8.076
2026-09-03;LU0132385880;8.072
2026-09-11;LU0132385880;8.041
2026-08-25;LU0132412106;101.0484
2026-08-26;LU0132412106;102.1969
2026-08-27;LU0132412106;102.731
2026-08-28;LU0132412106;102.5463
2026-08-31;LU0132412106;101.8567
2026-09-03;LU0132412106;101.2896
2026-09-11;LU0132412106;102.6723
2026-08-25;LU0132414144;46.1362
2026-08-26;LU0132414144;46.3204
2026-08-27;LU0132414144;46.2784
2026-08-28;LU0132414144;46.4153
2026-08-31;LU0132414144;46.4303
2026-09-03;LU0132414144;46.264
2026-09-11;LU0132414144;45.9749
2026-08-25;LU0132601682;54.76
2026-08-26;LU0132601682;54.76
2026-08-27;LU0132601682;54.68
2026-08-28;LU0132601682;54.63
2026-08-31;LU0132601682;54.5
2026-09-03;LU0132601682;54.41
2026-09-11;LU0132601682;53.94
2026-08-25;LU0133085943;109.7127
2026-08-26;LU0133085943;109.8241
2026-08-27;LU0133085943;110.4666
2026-08-28;LU0133085943;111.3242
2026-08-31;LU0133085943;110.1152
2026-09-03;LU0133085943;109.7549
2026-09-11;LU0133085943;110.7319
2026-08-25;LU0133089424;17.11
2026-08-26;LU0133089424;17.11
2026-08-27;LU0133089424;17.08
2026-08-28;LU0133089424;17.07
2026-08-31;LU0133089424;17.03
2026-09-03;LU0133089424;17.01
2026-09-11;LU0133089424;16.86
2026-08-25;LU0133096635;86.6785
2026-08-26;LU0133096635;87.2611
2026-08-27;LU0133096635;86.8964
2026-08-28;LU0133096635;87.2471
2026-08-31;LU0133096635;86.1827
2026-09-03;LU0133096635;86.1222
2026-09-11;LU0133096635;83.5763
2026-08-25;LU0133264795;20.96
2026-08-26;LU0133264795;21.08
2026-08-27;LU0133264795;21.02
2026-08-28;LU0133264795;21.31
2026-09-03;LU0133264795;21.49
2026-09-11;LU0133264795;21.53
2026-08-25;LU0133265412;48.11
2026-08-26;LU0133265412;48.23
2026-08-27;LU0133265412;48.32
2026-08-28;LU0133265412;48.6
2026-09-03;LU0133265412;48.55
2026-09-11;LU0133265412;48.31
2026-08-25;LU0133266147;28.68
2026-08-26;LU0133266147;28.76
2026-08-27;LU0133266147;28.76
2026-08-28;LU0133266147;28.81
2026-09-03;LU0133266147;28.78
2026-09-11;LU0133266147;28.61
2026-08-24;LU0133359157;889.9432
2026-08-25;LU0133359157;902.1845
2026-08-26;LU0133359157;900.6818
2026-08-27;LU0133359157;896.8274
2026-08-28;LU0133359157;872.7292
2026-09-02;LU0133359157;892.86
2026-09-10;LU0133359157;852.9209
2026-08-24;LU0135487659;529.373
2026-08-25;LU0135487659;528.3334
2026-08-26;LU0135487659;526.9683
2026-08-27;LU0135487659;528.356
2026-08-28;LU0135487659;526.6279
2026-09-02;LU0135487659;523.1962
2026-09-10;LU0135487659;519.7356
2026-08-25;LU0136412771;170.47
2026-08-26;LU0136412771;171.11
2026-08-27;LU0136412771;170.5
2026-08-28;LU0136412771;170.79
2026-08-31;LU0136412771;170.46
2026-09-03;LU0136412771;169.53
2026-09-07;LU0136412771;170.26
2026-09-08;LU0136412771;169.84
2026-09-11;LU0136412771;167.68
2026-08-24;LU0138643068;175.56
2026-08-25;LU0138643068;176.0
2026-08-26;LU0138643068;175.83
2026-08-27;LU0138643068;175.55
2026-08-28;LU0138643068;175.19
2026-09-02;LU0138643068;174.68
2026-09-10;LU0138643068;173.76
2026-08-24;LU0140362707;117.28
2026-08-26;LU0140362707;116.78
2026-08-27;LU0140362707;116.07
2026-08-28;LU0140362707;117.13
2026-08-31;LU0140362707;116.1
2026-09-03;LU0140362707;116.82
2026-09-11;LU0140362707;113.63
2026-08-24;LU0140363002;44.89
2026-08-25;LU0140363002;44.9
2026-08-26;LU0140363002;44.88
2026-08-27;LU0140363002;44.52
2026-08-28;LU0140363002;44.77
2026-09-03;LU0140363002;44.95
2026-09-10;LU0140363002;43.98
2026-09-11;LU0140363002;44.28
2026-08-25;LU0140636845;91.227
2026-08-26;LU0140636845;92.0377
2026-08-27;LU0140636845;92.5102
2026-08-28;LU0140636845;93.5945
2026-08-31;LU0140636845;93.0274
2026-09-03;LU0140636845;92.5225
2026-09-11;LU0140636845;90.7205
2026-08-25;LU0141799501;41.1712
2026-08-26;LU0141799501;41.1692
2026-08-27;LU0141799501;41.1775
2026-08-28;LU0141799501;41.1652
2026-09-03;LU0141799501;41.0189
2026-09-11;LU0141799501;40.7233
2026-08-25;LU0143551892;99.4467
2026-08-26;LU0143551892;100.1158
2026-08-27;LU0143551892;100.4031
2026-08-28;LU0143551892;100.9722
2026-08-31;LU0143551892;99.4661
2026-09-03;LU0143551892;98.9713
2026-09-11;LU0143551892;98.7814
2026-08-24;LU0143866290;16.8915
2026-08-25;LU0144509717;505.28
2026-08-26;LU0144509717;506.42
2026-08-27;LU0144509717;500.36
2026-08-28;LU0144509717;501.55
2026-09-03;LU0144509717;499.73
2026-09-11;LU0144509717;489.2
2026-08-24;LU0145476817;168.223
2026-08-25;LU0145476817;169.007
2026-08-26;LU0145476817;168.582
2026-08-27;LU0145476817;168.396
2026-08-28;LU0145476817;168.084
2026-09-02;LU0145476817;166.88
2026-09-10;LU0145476817;164.898
2026-08-24;LU0145485214;136.67
2026-08-25;LU0145485214;136.753
2026-08-26;LU0145485214;136.708
2026-08-27;LU0145485214;136.712
2026-08-28;LU0145485214;136.684
2026-09-02;LU0145485214;136.673
2026-09-10;LU0145485214;136.546
2026-08-24;LU0145485560;125.952
2026-08-25;LU0145485560;126.029
2026-08-26;LU0145485560;125.987
2026-08-27;LU0145485560;125.991
2026-08-28;LU0145485560;125.965
2026-09-02;LU0145485560;125.955
2026-09-10;LU0145485560;125.838
2026-08-25;LU0145644893;376.36
2026-08-26;LU0145644893;379.27
2026-08-27;LU0145644893;375.15
2026-08-28;LU0145644893;377.33
2026-08-31;LU0145644893;375.76
2026-09-03;LU0145644893;370.89
2026-09-11;LU0145644893;372.34
2026-08-25;LU0145655824;156.33
2026-08-26;LU0145655824;156.32
2026-08-27;LU0145655824;156.25
2026-08-28;LU0145655824;156.24
2026-08-31;LU0145655824;156.05
2026-09-03;LU0145655824;155.94
2026-09-11;LU0145655824;155.19
2026-08-21;LU0146855530;81.18
2026-08-24;LU0146855530;81.21
2026-08-25;LU0146855530;81.26
2026-08-26;LU0146855530;81.27
2026-08-27;LU0146855530;81.27
2026-09-01;LU0146855530;81.17
2026-09-08;LU0146855530;81.16
2026-08-24;LU0146923718;198.3795
2026-08-25;LU0146923718;198.8506
2026-08-26;LU0146923718;199.1068
2026-08-27;LU0146923718;199.0288
2026-08-28;LU0146923718;198.752
2026-09-02;LU0146923718;198.5935
2026-09-10;LU0146923718;196.5937
2026-08-25;LU0147394679;125.24
2026-08-26;LU0147394679;126.06
2026-08-27;LU0147394679;124.68
2026-08-28;LU0147394679;125.01
2026-08-31;LU0147394679;124.94
2026-09-03;LU0147394679;124.08
2026-09-11;LU0147394679;122.67
2026-08-25;LU0147396450;76.0354
2026-08-26;LU0147396450;76.1468
2026-08-27;LU0147396450;76.1202
2026-08-28;LU0147396450;76.4133
2026-08-31;LU0147396450;75.8263
2026-09-03;LU0147396450;76.0186
2026-09-08;LU0147396450;76.2565
2026-09-11;LU0147396450;75.8618
2026-08-25;LU0147401631;56.6345
2026-08-26;LU0147401631;57.0373
2026-08-27;LU0147401631;57.6161
2026-08-28;LU0147401631;57.8177
2026-08-31;LU0147401631;57.0677
2026-09-03;LU0147401631;55.9833
2026-09-11;LU0147401631;57.2042
2026-08-25;LU0148536690;272.8678
2026-08-26;LU0148536690;274.0144
2026-08-27;LU0148536690;274.9933
2026-08-28;LU0148536690;276.5554
2026-08-31;LU0148536690;277.6141
2026-09-03;LU0148536690;281.3636
2026-09-11;LU0148536690;280.8589
2026-08-25;LU0149534421;51.9765
2026-08-26;LU0149534421;52.0902
2026-08-27;LU0149534421;52.1777
2026-08-28;LU0149534421;52.3516
2026-08-31;LU0149534421;52.025
2026-09-03;LU0149534421;51.5678
2026-09-11;LU0149534421;50.6277
2026-08-24;LU0150855509;497.14
2026-08-25;LU0150855509;497.28
2026-09-02;LU0150855509;495.82
2026-09-10;LU0150855509;493.65
2026-08-24;LU0150924321;27.8005
2026-08-25;LU0150924321;27.9159
2026-08-26;LU0150924321;27.9538
2026-08-27;LU0150924321;27.7453
2026-08-28;LU0150924321;27.92
2026-09-02;LU0150924321;27.4574
2026-09-10;LU0150924321;26.8492
2026-08-25;LU0150928074;56.3998
2026-08-26;LU0150928074;56.5095
2026-08-27;LU0150928074;56.4311
2026-08-28;LU0150928074;56.5581
2026-08-31;LU0150928074;55.9844
2026-09-03;LU0150928074;55.2575
2026-09-11;LU0150928074;54.9145
2026-08-24;LU0151324422;222.05
2026-08-25;LU0151324422;222.09
2026-08-26;LU0151324422;222.09
2026-08-27;LU0151324422;222.19
2026-08-28;LU0151324422;222.11
2026-09-02;LU0151324422;221.79
2026-09-10;LU0151324422;221.26
2026-08-24;LU0152980495;24.68
2026-08-26;LU0152980495;24.76
2026-08-27;LU0152980495;24.74
2026-08-28;LU0152980495;24.75
2026-08-31;LU0152980495;24.72
2026-09-03;LU0152980495;24.96
2026-09-11;LU0152980495;24.94
2026-08-24;LU0153585723;183.38
2026-08-25;LU0153585723;183.76
2026-08-26;LU0153585723;183.53
2026-08-27;LU0153585723;183.4
2026-08-28;LU0153585723;183.09
2026-09-02;LU0153585723;182.2
2026-09-10;LU0153585723;180.89
2026-08-24;LU0153585996;218.72
2026-08-25;LU0153585996;219.17
2026-08-26;LU0153585996;218.89
2026-08-27;LU0153585996;218.73
2026-08-28;LU0153585996;218.37
2026-09-02;LU0153585996;217.29
2026-09-10;LU0153585996;215.71
2026-08-24;LU0153925689;45.67
2026-08-25;LU0153925689;45.79
2026-08-26;LU0153925689;45.55
2026-08-27;LU0153925689;45.17
2026-08-28;LU0153925689;45.32
2026-09-02;LU0153925689;45.0
2026-09-10;LU0153925689;44.08
2026-08-25;LU0154234636;66.04
2026-08-26;LU0154234636;66.49
2026-08-27;LU0154234636;65.74
2026-08-28;LU0154234636;65.92
2026-08-31;LU0154234636;65.78
2026-09-03;LU0154234636;64.9
2026-09-11;LU0154234636;64.56
2026-08-25;LU0154236417;86.6442
2026-08-26;LU0154236417;87.347
2026-08-27;LU0154236417;87.3085
2026-08-28;LU0154236417;88.1937
2026-08-31;LU0154236417;87.1727
2026-09-03;LU0154236417;87.8177
2026-09-11;LU0154236417;87.8382
2026-08-25;LU0154237225;13.4452
2026-08-26;LU0154237225;13.473
2026-08-27;LU0154237225;13.4724
2026-08-28;LU0154237225;13.5014
2026-08-31;LU0154237225;13.49
2026-09-03;LU0154237225;13.4859
2026-09-11;LU0154237225;13.4401
2026-08-24;LU0154245756;361.0913
2026-08-25;LU0154245756;359.962
2026-08-26;LU0154245756;362.2512
2026-08-28;LU0154245756;358.7638
2026-09-02;LU0154245756;354.8876
2026-09-11;LU0154245756;347.0565
2026-08-25;LU0155301624;134.1389
2026-08-26;LU0155301624;134.7135
2026-08-27;LU0155301624;135.0592
2026-08-28;LU0155301624;135.8352
2026-08-31;LU0155301624;136.3549
2026-09-03;LU0155301624;137.2302
2026-09-11;LU0155301624;135.0277
2026-08-25;LU0157178582;278.75
2026-08-26;LU0157178582;279.66
2026-08-27;LU0157178582;279.21
2026-08-28;LU0157178582;280.52
2026-08-31;LU0157178582;279.57
2026-09-03;LU0157178582;279.68
2026-09-11;LU0157178582;276.89
2026-08-25;LU0157179127;159.11
2026-08-26;LU0157179127;159.63
2026-08-27;LU0157179127;159.37
2026-08-28;LU0157179127;160.11
2026-08-31;LU0157179127;159.56
2026-09-03;LU0157179127;159.62
2026-09-11;LU0157179127;157.99
2026-08-25;LU0157182857;352.85
2026-08-26;LU0157182857;353.3
2026-08-27;LU0157182857;353.3
2026-08-28;LU0157182857;355.48
2026-08-31;LU0157182857;352.47
2026-09-03;LU0157182857;353.13
2026-09-11;LU0157182857;349.78
2026-08-25;LU0157183665;318.92
2026-08-26;LU0157183665;319.33
2026-08-27;LU0157183665;319.33
2026-08-28;LU0157183665;321.29
2026-08-31;LU0157183665;318.55
2026-09-03;LU0157183665;319.14
2026-09-11;LU0157183665;316.07
2026-08-25;LU0157215616;126.5686
2026-08-25;LU0157922724;132.9
2026-08-26;LU0157922724;133.4
2026-08-27;LU0157922724;133.8
2026-08-28;LU0157922724;134.6
2026-08-31;LU0157922724;133.1
2026-09-03;LU0157922724;133.3
2026-09-11;LU0157922724;132.2
2026-08-25;LU0157924183;10.1349
2026-08-26;LU0157924183;10.1748
2026-08-27;LU0157924183;10.1921
2026-08-28;LU0157924183;10.2605
2026-08-31;LU0157924183;10.151
2026-09-03;LU0157924183;10.1598
2026-09-11;LU0157924183;10.0765
2026-08-24;LU0157929810;2191.53
2026-08-25;LU0157929810;2194.46
2026-08-26;LU0157929810;2194.12
2026-08-27;LU0157929810;2193.24
2026-08-28;LU0157929810;2190.03
2026-09-02;LU0157929810;2185.7
2026-09-10;LU0157929810;2175.79
2026-08-25;LU0158828326;28.6123
2026-08-25;LU0159042083;35.41
2026-08-26;LU0159042083;35.43
2026-08-27;LU0159042083;35.44
2026-08-28;LU0159042083;35.57
2026-08-31;LU0159042083;35.28
2026-09-03;LU0159042083;35.37
2026-09-11;LU0159042083;35.36
2026-08-25;LU0159050771;140.3
2026-08-26;LU0159050771;141.8
2026-08-27;LU0159050771;141.54
2026-08-28;LU0159050771;140.96
2026-08-31;LU0159050771;140.36
2026-09-03;LU0159050771;139.98
2026-09-11;LU0159050771;141.01
2026-08-25;LU0159050938;169.02
2026-08-26;LU0159050938;170.82
2026-08-27;LU0159050938;170.51
2026-08-28;LU0159050938;169.8
2026-08-31;LU0159050938;169.07
2026-09-03;LU0159050938;168.6
2026-09-11;LU0159050938;169.81
2026-08-25;LU0159052710;1189.67
2026-08-26;LU0159052710;1192.54
2026-08-27;LU0159052710;1226.57
2026-08-28;LU0159052710;1235.6
2026-08-31;LU0159052710;1219.64
2026-09-03;LU0159052710;1203.33
2026-09-11;LU0159052710;1219.22
2026-08-25;LU0159053015;102.49
2026-08-26;LU0159053015;102.74
2026-08-27;LU0159053015;105.67
2026-08-28;LU0159053015;106.44
2026-08-31;LU0159053015;105.06
2026-09-03;LU0159053015;103.65
2026-09-11;LU0159053015;104.99
2026-08-25;LU0159059210;30.64
2026-08-26;LU0159059210;30.65
2026-08-27;LU0159059210;30.66
2026-08-28;LU0159059210;30.77
2026-08-31;LU0159059210;30.52
2026-09-03;LU0159059210;30.59
2026-09-11;LU0159059210;30.58
2026-08-25;LU0159405223;216.98
2026-08-26;LU0159405223;217.89
2026-08-27;LU0159405223;215.31
2026-08-28;LU0159405223;216.16
2026-08-31;LU0159405223;215.91
2026-09-03;LU0159405223;214.45
2026-09-11;LU0159405223;211.86
2026-08-25;LU0159550747;449.03
2026-08-26;LU0159550747;450.58
2026-08-27;LU0159550747;450.36
2026-08-28;LU0159550747;454.73
2026-08-31;LU0159550747;454.4
2026-09-03;LU0159550747;448.76
2026-09-07;LU0159550747;451.28
2026-09-08;LU0159550747;450.98
2026-09-11;LU0159550747;445.1
2026-08-25;LU0161305163;126.8622
2026-08-26;LU0161305163;127.3488
2026-08-27;LU0161305163;125.9544
2026-08-28;LU0161305163;126.9213
2026-08-31;LU0161305163;127.5378
2026-09-03;LU0161305163;126.5489
2026-09-11;LU0161305163;124.2411
2026-08-24;LU0161687693;10682.5847
2026-08-25;LU0161687693;10680.6898
2026-08-26;LU0161687693;10703.9445
2026-08-27;LU0161687693;10704.2273
2026-08-28;LU0161687693;10726.8423
2026-08-31;LU0161687693;10733.9339
2026-09-03;LU0161687693;10734.1776
2026-09-10;LU0161687693;10731.0842
2026-09-11;LU0161687693;10743.6312
2026-08-25;LU0161688402;14267.3255
2026-08-26;LU0161688402;14269.4518
2026-08-27;LU0161688402;14246.5088
2026-08-31;LU0161688402;14270.6031
2026-09-03;LU0161688402;14220.0854
2026-09-11;LU0161688402;14241.7485
2026-08-24;LU0162626096;15.54
2026-08-25;LU0162626096;15.57
2026-08-26;LU0162626096;15.57
2026-08-27;LU0162626096;15.55
2026-08-28;LU0162626096;15.52
2026-09-02;LU0162626096;15.44
2026-09-10;LU0162626096;15.34
2026-08-25;LU0162658883;17.41
2026-08-26;LU0162658883;17.41
2026-08-27;LU0162658883;17.38
2026-08-28;LU0162658883;17.37
2026-08-31;LU0162658883;17.33
2026-09-03;LU0162658883;17.3
2026-09-11;LU0162658883;17.15
2026-08-25;LU0164881194;255.0695
2026-08-26;LU0164881194;254.5221
2026-08-27;LU0164881194;253.0626
2026-08-28;LU0164881194;255.2221
2026-08-31;LU0164881194;255.5419
2026-09-03;LU0164881194;254.3313
2026-09-11;LU0164881194;246.8303
2026-08-24;LU0167237543;124.4224
2026-08-25;LU0167237543;124.4291
2026-08-26;LU0167237543;124.4358
2026-08-28;LU0167237543;124.4492
2026-09-02;LU0167237543;124.4826
2026-09-07;LU0167237543;124.5161
2026-09-10;LU0167237543;124.5364
2026-08-24;LU0167238863;127.9894
2026-08-25;LU0167238863;127.9627
2026-08-26;LU0167238863;128.2392
2026-08-28;LU0167238863;128.5338
2026-09-02;LU0167238863;128.8995
2026-09-10;LU0167238863;128.6143
2026-08-25;LU0168342896;45.4601
2026-08-26;LU0168342896;45.5201
2026-08-27;LU0168342896;45.5433
2026-08-28;LU0168342896;45.8308
2026-08-31;LU0168342896;45.5319
2026-09-03;LU0168342896;45.6301
2026-09-11;LU0168342896;45.0728
2026-08-25;LU0168343274;78.08
2026-08-26;LU0168343274;78.31
2026-08-27;LU0168343274;78.19
2026-08-28;LU0168343274;78.56
2026-08-31;LU0168343274;78.33
2026-09-03;LU0168343274;78.33
2026-09-11;LU0168343274;77.43
2026-08-25;LU0169527297;439.28
2026-08-26;LU0169527297;440.74
2026-08-27;LU0169527297;435.85
2026-08-28;LU0169527297;437.98
2026-08-31;LU0169527297;438.42
2026-09-03;LU0169527297;437.72
2026-09-11;LU0169527297;433.74
2026-08-25;LU0169528261;318.29
2026-08-26;LU0169528261;319.34
2026-08-27;LU0169528261;315.79
2026-08-28;LU0169528261;317.33
2026-08-31;LU0169528261;317.63
2026-09-03;LU0169528261;317.1
2026-09-11;LU0169528261;314.16
2026-08-24;LU0170291933;290.83
2026-08-25;LU0170291933;291.26
2026-08-26;LU0170291933;291.25
2026-08-27;LU0170291933;291.37
2026-08-28;LU0170291933;291.19
2026-09-02;LU0170291933;290.36
2026-09-10;LU0170291933;288.71
2026-08-24;LU0170473374;15.65
2026-08-26;LU0170473374;15.69
2026-08-27;LU0170473374;15.65
2026-08-28;LU0170473374;15.64
2026-09-03;LU0170473374;15.57
2026-09-11;LU0170473374;15.42
2026-08-24;LU0170474422;13.22
2026-08-24;LU0170475312;25.0214
2026-08-26;LU0170475312;25.1084
2026-08-27;LU0170475312;25.0643
2026-08-28;LU0170475312;25.0064
2026-08-31;LU0170475312;25.0172
2026-09-03;LU0170475312;25.3367
2026-09-11;LU0170475312;25.3131
2026-08-24;LU0170477797;21.3097
2026-08-26;LU0170477797;21.3816
2026-08-27;LU0170477797;21.3463
2026-08-28;LU0170477797;21.2976
2026-08-31;LU0170477797;21.3068
2026-09-03;LU0170477797;21.5757
2026-09-11;LU0170477797;21.542
2026-08-25;LU0171269466;63.92
2026-08-26;LU0171269466;64.48
2026-08-27;LU0171269466;65.01
2026-08-28;LU0171269466;65.14
2026-08-31;LU0171269466;64.53
2026-09-03;LU0171269466;63.19
2026-09-11;LU0171269466;64.62
2026-08-25;LU0171270985;56.62
2026-08-26;LU0171270985;57.12
2026-08-27;LU0171270985;57.58
2026-08-28;LU0171270985;57.7
2026-08-31;LU0171270985;57.16
2026-09-03;LU0171270985;55.96
2026-09-11;LU0171270985;57.23
2026-08-25;LU0171275786;49.9
2026-08-26;LU0171275786;50.43
2026-08-27;LU0171275786;50.57
2026-08-28;LU0171275786;50.78
2026-08-31;LU0171275786;50.56
2026-09-03;LU0171275786;49.77
2026-09-11;LU0171275786;50.76
2026-08-25;LU0171277485;56.9601
2026-08-26;LU0171277485;57.2858
2026-08-27;LU0171277485;56.8347
2026-08-28;LU0171277485;57.1034
2026-08-31;LU0171277485;56.5856
2026-09-03;LU0171277485;55.8456
2026-09-11;LU0171277485;56.1021
2026-08-25;LU0171281750;140.6993
2026-08-26;LU0171281750;141.3763
2026-08-27;LU0171281750;140.1247
2026-08-28;LU0171281750;140.6934
2026-08-31;LU0171281750;140.1168
2026-09-03;LU0171281750;139.429
2026-09-11;LU0171281750;137.7498
2026-08-25;LU0171283459;85.86
2026-08-26;LU0171283459;86.14
2026-08-27;LU0171283459;85.93
2026-08-28;LU0171283459;86.14
2026-08-31;LU0171283459;85.8
2026-09-03;LU0171283459;85.84
2026-09-08;LU0171283459;86.2
2026-09-11;LU0171283459;85.74
2026-08-25;LU0171285314;94.9
2026-08-26;LU0171285314;95.14
2026-08-27;LU0171285314;94.88
2026-08-28;LU0171285314;95.59
2026-08-31;LU0171285314;95.23
2026-09-03;LU0171285314;95.27
2026-09-11;LU0171285314;94.3
2026-08-25;LU0171288334;194.42
2026-08-26;LU0171288334;195.91
2026-08-27;LU0171288334;195.64
2026-08-28;LU0171288334;196.25
2026-08-31;LU0171288334;195.04
2026-09-03;LU0171288334;194.75
2026-09-11;LU0171288334;192.49
2026-08-25;LU0171289068;95.42
2026-08-26;LU0171289068;96.0
2026-08-27;LU0171289068;96.43
2026-08-28;LU0171289068;96.84
2026-08-31;LU0171289068;97.35
2026-09-03;LU0171289068;96.97
2026-09-11;LU0171289068;97.1
2026-08-25;LU0171289498;68.49
2026-08-26;LU0171289498;70.6
2026-08-27;LU0171289498;69.49
2026-08-28;LU0171289498;69.45
2026-08-31;LU0171289498;69.54
2026-09-03;LU0171289498;73.28
2026-09-11;LU0171289498;72.79
2026-08-25;LU0171289571;60.72
2026-08-26;LU0171289571;62.6
2026-08-27;LU0171289571;61.61
2026-08-28;LU0171289571;61.57
2026-08-31;LU0171289571;61.65
2026-09-03;LU0171289571;64.96
2026-09-11;LU0171289571;64.52
2026-08-25;LU0171289902;20.28
2026-08-26;LU0171289902;20.44
2026-08-27;LU0171289902;20.35
2026-08-28;LU0171289902;20.45
2026-08-31;LU0171289902;20.2
2026-09-03;LU0171289902;19.9
2026-09-11;LU0171289902;20.09
2026-08-25;LU0171293177;188.77
2026-08-26;LU0171293177;189.44
2026-08-27;LU0171293177;188.04
2026-08-28;LU0171293177;188.22
2026-08-31;LU0171293177;188.49
2026-09-03;LU0171293177;187.78
2026-09-11;LU0171293177;184.75
2026-08-25;LU0171293920;153.62
2026-08-26;LU0171293920;154.7
2026-08-27;LU0171293920;153.63
2026-08-28;LU0171293920;154.29
2026-08-31;LU0171293920;154.32
2026-09-03;LU0171293920;155.0
2026-09-11;LU0171293920;153.81
2026-08-25;LU0171296865;86.63
2026-08-26;LU0171296865;87.3
2026-08-27;LU0171296865;87.26
2026-08-28;LU0171296865;88.02
2026-08-31;LU0171296865;87.31
2026-09-03;LU0171296865;87.79
2026-09-11;LU0171296865;87.87
2026-08-25;LU0171298135;52.25
2026-08-26;LU0171298135;52.3
2026-08-27;LU0171298135;52.77
2026-08-28;LU0171298135;52.97
2026-08-31;LU0171298135;52.43
2026-09-03;LU0171298135;52.45
2026-09-11;LU0171298135;52.88
2026-08-25;LU0171298218;46.4
2026-08-26;LU0171298218;46.45
2026-08-27;LU0171298218;46.86
2026-08-28;LU0171298218;47.04
2026-08-31;LU0171298218;46.56
2026-09-03;LU0171298218;46.57
2026-09-11;LU0171298218;46.95
2026-08-25;LU0171298564;11.84
2026-08-26;LU0171298564;11.87
2026-08-27;LU0171298564;11.87
2026-08-28;LU0171298564;11.88
2026-08-31;LU0171298564;11.91
2026-09-03;LU0171298564;11.88
2026-09-11;LU0171298564;11.85
2026-08-25;LU0171298648;408.27
2026-08-26;LU0171298648;411.98
2026-08-27;LU0171298648;410.13
2026-08-28;LU0171298648;410.83
2026-08-31;LU0171298648;409.2
2026-09-03;LU0171298648;409.66
2026-09-11;LU0171298648;403.66
2026-08-25;LU0171301533;31.54
2026-08-26;LU0171301533;31.6
2026-08-27;LU0171301533;31.46
2026-08-28;LU0171301533;31.57
2026-08-31;LU0171301533;32.15
2026-09-03;LU0171301533;32.68
2026-09-11;LU0171301533;32.96
2026-08-25;LU0171304719;71.16
2026-08-26;LU0171304719;71.63
2026-08-27;LU0171304719;71.27
2026-08-28;LU0171304719;71.41
2026-08-31;LU0171304719;71.15
2026-09-03;LU0171304719;72.16
2026-09-11;LU0171304719;71.0
2026-08-25;LU0171305526;101.97
2026-08-26;LU0171305526;103.22
2026-08-27;LU0171305526;102.07
2026-08-28;LU0171305526;103.09
2026-08-31;LU0171305526;97.28
2026-09-03;LU0171305526;98.59
2026-09-11;LU0171305526;98.16
2026-08-25;LU0171307068;70.08
2026-08-26;LU0171307068;69.89
2026-08-27;LU0171307068;69.02
2026-08-28;LU0171307068;68.73
2026-08-31;LU0171307068;68.16
2026-09-03;LU0171307068;69.12
2026-09-11;LU0171307068;66.56
2026-08-25;LU0171310443;122.88
2026-08-26;LU0171310443;123.67
2026-08-27;LU0171310443;125.37
2026-08-28;LU0171310443;126.24
2026-08-31;LU0171310443;125.6
2026-09-03;LU0171310443;123.15
2026-09-11;LU0171310443;127.05
2026-08-25;LU0171311680;122.8341
2026-08-26;LU0171311680;123.7805
2026-08-27;LU0171311680;125.3631
2026-08-28;LU0171311680;126.3992
2026-08-31;LU0171311680;125.5773
2026-09-03;LU0171311680;123.2632
2026-09-11;LU0171311680;127.0109
2026-08-25;LU0172157280;104.79
2026-08-26;LU0172157280;106.43
2026-08-27;LU0172157280;105.08
2026-08-28;LU0172157280;106.02
2026-08-31;LU0172157280;103.0
2026-09-03;LU0172157280;102.8
2026-09-11;LU0172157280;101.45
2026-08-25;LU0172396516;17.43
2026-08-26;LU0172396516;17.42
2026-08-27;LU0172396516;17.39
2026-08-28;LU0172396516;17.39
2026-08-31;LU0172396516;17.29
2026-09-03;LU0172396516;17.26
2026-09-11;LU0172396516;17.06
2026-08-25;LU0172420597;6.97
2026-08-26;LU0172420597;6.98
2026-08-27;LU0172420597;6.99
2026-08-28;LU0172420597;6.99
2026-08-31;LU0172420597;6.99
2026-09-03;LU0172420597;6.97
2026-09-11;LU0172420597;6.95
2026-08-25;LU0173614495;59.5738
2026-08-26;LU0173614495;59.8085
2026-08-27;LU0173614495;59.2819
2026-08-28;LU0173614495;59.771
2026-08-31;LU0173614495;59.1941
2026-09-03;LU0173614495;58.6857
2026-09-11;LU0173614495;57.6088
2026-08-25;LU0174119429;101.1177
2026-08-26;LU0174119429;101.7044
2026-08-27;LU0174119429;102.129
2026-08-28;LU0174119429;102.9686
2026-08-31;LU0174119429;101.1706
2026-09-03;LU0174119429;100.8647
2026-09-11;LU0174119429;100.9941
2026-08-25;LU0175073625;134.4352
2026-08-26;LU0175073625;134.7043
2026-08-27;LU0175073625;134.7152
2026-08-28;LU0175073625;134.7989
2026-09-03;LU0175073625;134.8419
2026-09-11;LU0175073625;134.3747
2026-08-25;LU0175074516;129.6621
2026-08-26;LU0175074516;129.9213
2026-08-25;LU0181495838;71.2115
2026-08-26;LU0181495838;71.5758
2026-08-27;LU0181495838;72.3117
2026-08-28;LU0181495838;72.3761
2026-08-31;LU0181495838;71.835
2026-09-03;LU0181495838;71.5287
2026-09-11;LU0181495838;72.1605
2026-08-24;LU0184627536;109.5
2026-08-26;LU0184627536;109.82
2026-08-27;LU0184627536;109.71
2026-08-28;LU0184627536;109.65
2026-08-31;LU0184627536;108.84
2026-09-03;LU0184627536;108.53
2026-09-11;LU0184627536;104.87
2026-08-24;LU0184630167;160.2688
2026-08-26;LU0184630167;160.7658
2026-08-27;LU0184630167;160.8098
2026-08-28;LU0184630167;161.0961
2026-08-31;LU0184630167;161.0448
2026-09-03;LU0184630167;160.8413
2026-09-11;LU0184630167;159.9117
2026-08-24;LU0187077218;92.02
2026-08-25;LU0187077218;92.45
2026-08-26;LU0187077218;92.43
2026-08-27;LU0187077218;91.9
2026-08-28;LU0187077218;92.55
2026-09-02;LU0187077218;90.69
2026-09-10;LU0187077218;88.56
2026-08-24;LU0187077309;101.36
2026-08-25;LU0187077309;102.98
2026-08-26;LU0187077309;102.63
2026-08-27;LU0187077309;102.8
2026-08-28;LU0187077309;101.39
2026-09-02;LU0187077309;100.89
2026-09-10;LU0187077309;97.88
2026-08-24;LU0187077481;140.49
2026-08-25;LU0187077481;141.06
2026-08-26;LU0187077481;141.78
2026-08-27;LU0187077481;141.2
2026-08-28;LU0187077481;141.8
2026-09-02;LU0187077481;141.57
2026-09-10;LU0187077481;140.03
2026-08-24;LU0187079347;400.19
2026-08-26;LU0187079347;402.24
2026-08-27;LU0187079347;403.57
2026-08-28;LU0187079347;404.03
2026-09-02;LU0187079347;398.53
2026-09-10;LU0187079347;388.2
2026-08-25;LU0188096647;30.519
2026-08-24;LU0188151921;37.42
2026-08-25;LU0188151921;37.95
2026-08-26;LU0188151921;38.13
2026-08-27;LU0188151921;38.31
2026-08-28;LU0188151921;38.23
2026-08-31;LU0188151921;38.15
2026-09-03;LU0188151921;38.46
2026-09-10;LU0188151921;38.22
2026-09-11;LU0188151921;38.64
2026-08-25;LU0188438112;54.1099
2026-08-26;LU0188438112;54.2096
2026-08-27;LU0188438112;53.9589
2026-08-28;LU0188438112;54.4604
2026-08-31;LU0188438112;54.0458
2026-09-03;LU0188438112;54.3633
2026-09-11;LU0188438112;54.3859
2026-08-25;LU0188501257;269.016
2026-08-26;LU0188501257;268.5019
2026-08-27;LU0188501257;272.865
2026-08-28;LU0188501257;273.9089
2026-08-31;LU0188501257;272.0897
2026-09-03;LU0188501257;271.1211
2026-09-11;LU0188501257;258.7017
2026-08-25;LU0190161025;952.34
2026-08-26;LU0190161025;940.56
2026-08-27;LU0190161025;942.29
2026-08-28;LU0190161025;929.59
2026-08-31;LU0190161025;906.46
2026-09-03;LU0190161025;925.23
2026-09-11;LU0190161025;913.84
2026-08-24;LU0190305630;132.25
2026-08-24;LU0193743431;13.6242
2026-08-26;LU0193743431;13.6938
2026-08-27;LU0193743431;13.6875
2026-08-28;LU0193743431;13.6873
2026-08-31;LU0193743431;13.659
2026-09-03;LU0193743431;13.6659
2026-09-11;LU0193743431;13.5803
2026-08-24;LU0194438338;264.99
2026-08-25;LU0194438338;268.59
2026-08-26;LU0194438338;270.73
2026-08-28;LU0194438338;273.7
2026-09-02;LU0194438338;266.43
2026-09-10;LU0194438338;262.42
2026-09-11;LU0194438338;265.94
2026-08-24;LU0195953822;46.18
2026-08-25;LU0195953822;46.07
2026-08-26;LU0195953822;46.07
2026-08-27;LU0195953822;46.13
2026-08-28;LU0195953822;46.38
2026-08-31;LU0195953822;46.16
2026-09-03;LU0195953822;46.48
2026-09-04;LU0195953822;46.51
2026-09-10;LU0195953822;45.69
2026-09-11;LU0195953822;45.91
2026-08-25;LU0196696453;17.106
2026-08-26;LU0196696453;17.399
2026-08-27;LU0196696453;17.2556
2026-08-28;LU0196696453;17.1345
2026-09-03;LU0196696453;18.4603
2026-09-11;LU0196696453;18.5302
2026-08-25;LU0197229882;65.8294
2026-08-26;LU0197229882;65.7077
2026-08-27;LU0197229882;65.739
2026-08-28;LU0197229882;66.0183
2026-08-31;LU0197229882;66.0639
2026-09-03;LU0197229882;66.2419
2026-09-11;LU0197229882;64.0749
2026-08-25;LU0197230542;80.04
2026-08-26;LU0197230542;79.87
2026-08-27;LU0197230542;79.89
2026-08-28;LU0197230542;80.45
2026-08-31;LU0197230542;80.34
2026-09-03;LU0197230542;80.53
2026-09-11;LU0197230542;78.01
2026-08-25;LU0197230971;11.8932
2026-08-26;LU0197230971;11.8784
2026-08-27;LU0197230971;11.8727
2026-08-28;LU0197230971;11.9613
2026-08-31;LU0197230971;11.952
2026-09-03;LU0197230971;11.961
2026-09-11;LU0197230971;11.5956
2026-08-24;LU0198728585;90.6133
2026-08-25;LU0198728585;91.0794
2026-08-26;LU0198728585;91.0525
2026-08-27;LU0198728585;91.2864
2026-08-28;LU0198728585;91.0708
2026-09-02;LU0198728585;89.5899
2026-09-10;LU0198728585;87.6773
2026-08-24;LU0198837287;93.3137
2026-08-25;LU0198837287;93.9967
2026-08-26;LU0198837287;94.3454
2026-08-27;LU0198837287;95.3198
2026-08-28;LU0198837287;94.6991
2026-09-02;LU0198837287;93.6298
2026-09-10;LU0198837287;93.3519
2026-08-24;LU0200076213;35.5792
2026-08-25;LU0200076213;35.646
2026-08-26;LU0200076213;35.769
2026-08-27;LU0200076213;35.7461
2026-08-28;LU0200076213;35.7453
2026-09-02;LU0200076213;35.4923
2026-09-10;LU0200076213;35.1374
2026-08-24;LU0200076999;25.0948
2026-08-25;LU0200076999;25.1422
2026-08-26;LU0200076999;25.2289
2026-08-27;LU0200076999;25.2122
2026-08-28;LU0200076999;25.2123
2026-09-02;LU0200076999;25.0332
2026-09-10;LU0200076999;24.7835
2026-08-25;LU0200680600;20.712
2026-08-26;LU0200680600;20.772
2026-08-27;LU0200680600;20.771
2026-08-28;LU0200680600;20.8416
2026-09-03;LU0200680600;20.784
2026-09-11;LU0200680600;20.6379
2026-08-25;LU0200683885;20.71
2026-08-26;LU0200683885;20.76
2026-08-27;LU0200683885;20.76
2026-08-28;LU0200683885;20.8
2026-09-03;LU0200683885;20.77
2026-09-11;LU0200683885;20.65
2026-08-25;LU0200684693;56.15
2026-08-26;LU0200684693;56.49
2026-08-27;LU0200684693;56.46
2026-08-28;LU0200684693;56.9
2026-08-31;LU0200684693;56.22
2026-09-03;LU0200684693;56.64
2026-09-11;LU0200684693;56.61
2026-08-25;LU0200685153;99.6
2026-08-26;LU0200685153;100.12
2026-08-27;LU0200685153;99.42
2026-08-28;LU0200685153;99.77
2026-08-31;LU0200685153;99.39
2026-09-03;LU0200685153;100.03
2026-09-11;LU0200685153;99.11
2026-08-24;LU0201071890;20.9094
2026-08-25;LU0201071890;20.996
2026-08-26;LU0201071890;21.0245
2026-08-27;LU0201071890;20.868
2026-08-28;LU0201071890;20.9991
2026-09-02;LU0201071890;20.6515
2026-09-10;LU0201071890;20.1935
2026-08-24;LU0201075453;13.3183
2026-08-25;LU0201075453;13.3728
2026-08-26;LU0201075453;13.3889
2026-08-27;LU0201075453;13.2828
2026-08-28;LU0201075453;13.3634
2026-09-02;LU0201075453;13.1638
2026-09-10;LU0201075453;12.8824
2026-08-24;LU0201078713;27.4335
2026-08-25;LU0201078713;27.6337
2026-08-26;LU0201078713;27.7351
2026-08-27;LU0201078713;27.853
2026-08-28;LU0201078713;27.9627
2026-09-02;LU0201078713;27.3929
2026-09-10;LU0201078713;27.1744
2026-08-25;LU0201159711;53.37
2026-08-26;LU0201159711;53.6
2026-08-27;LU0201159711;53.57
2026-08-28;LU0201159711;53.89
2026-09-03;LU0201159711;53.66
2026-09-11;LU0201159711;53.33
2026-08-25;LU0201322137;148.3763
2026-08-25;LU0201323531;133.6194
2026-08-26;LU0201323531;133.7169
2026-08-27;LU0201323531;133.6434
2026-08-28;LU0201323531;133.5639
2026-08-31;LU0201323531;133.2629
2026-09-03;LU0201323531;133.1271
2026-09-11;LU0201323531;132.118
2026-08-25;LU0201324851;161.698
2026-08-26;LU0201324851;161.7984
2026-08-27;LU0201324851;161.7363
2026-08-28;LU0201324851;161.6595
2026-08-31;LU0201324851;161.2519
2026-09-03;LU0201324851;161.1424
2026-09-11;LU0201324851;159.9149
2026-08-25;LU0201325072;77.8769
2026-08-26;LU0201325072;77.9253
2026-08-27;LU0201325072;77.8954
2026-08-28;LU0201325072;77.8583
2026-08-31;LU0201325072;77.662
2026-09-03;LU0201325072;77.6093
2026-09-11;LU0201325072;77.0183
2026-08-24;LU0201575346;674.3428
2026-08-25;LU0201575346;681.8164
2026-08-26;LU0201575346;679.3433
2026-08-27;LU0201575346;678.101
2026-08-28;LU0201575346;673.5384
2026-08-31;LU0201575346;680.1296
2026-09-03;LU0201575346;709.6156
2026-09-10;LU0201575346;712.6565
2026-09-11;LU0201575346;708.2418
2026-08-25;LU0202403266;567.44
2026-08-26;LU0202403266;568.24
2026-08-27;LU0202403266;566.7
2026-08-28;LU0202403266;569.39
2026-08-31;LU0202403266;564.93
2026-09-03;LU0202403266;561.18
2026-09-11;LU0202403266;552.38
2026-08-25;LU0203345920;402.4489
2026-08-26;LU0203345920;402.7009
2026-08-27;LU0203345920;403.4356
2026-08-28;LU0203345920;404.195
2026-08-31;LU0203345920;402.8098
2026-09-03;LU0203345920;404.8527
2026-09-11;LU0203345920;400.6102
2026-08-25;LU0203347892;234.7651
2026-08-26;LU0203347892;234.9122
2026-08-27;LU0203347892;235.3408
2026-08-28;LU0203347892;235.7838
2026-08-31;LU0203347892;234.9758
2026-09-03;LU0203347892;236.1677
2026-09-11;LU0203347892;233.6927
2026-08-24;LU0203975197;326.07
2026-08-25;LU0203975197;326.29
2026-08-26;LU0203975197;326.83
2026-08-27;LU0203975197;324.24
2026-08-28;LU0203975197;325.93
2026-09-02;LU0203975197;324.57
2026-09-10;LU0203975197;318.95
2026-08-24;LU0203975437;627.38
2026-08-25;LU0203975437;627.8
2026-08-26;LU0203975437;628.84
2026-08-27;LU0203975437;623.86
2026-08-28;LU0203975437;627.11
2026-09-02;LU0203975437;624.49
2026-09-10;LU0203975437;613.68
2026-08-25;LU0204068364;27.6535
2026-08-26;LU0204068364;27.7469
2026-08-27;LU0204068364;27.5941
2026-08-28;LU0204068364;27.7305
2026-08-31;LU0204068364;28.0474
2026-09-03;LU0204068364;28.5411
2026-09-11;LU0204068364;28.7385
2026-08-25;LU0204987902;355.713
2026-08-26;LU0204987902;357.384
2026-08-28;LU0204987902;360.7236
2026-09-03;LU0204987902;365.7171
2026-09-10;LU0204987902;364.8651
2026-08-25;LU0204988207;657.71
2026-08-26;LU0204988207;660.09
2026-08-28;LU0204988207;666.88
2026-09-03;LU0204988207;657.31
2026-09-10;LU0204988207;649.94
2026-08-25;LU0205193047;508.4903
2026-08-26;LU0205193047;505.1367
2026-08-27;LU0205193047;512.2297
2026-08-28;LU0205193047;511.7391
2026-08-31;LU0205193047;504.5196
2026-09-03;LU0205193047;501.105
2026-09-11;LU0205193047;491.9247
2026-08-25;LU0205193989;460.8091
2026-08-24;LU0206510082;298.06
2026-08-25;LU0206510082;298.14
2026-08-26;LU0206510082;298.13
2026-08-27;LU0206510082;298.26
2026-09-02;LU0206510082;297.23
2026-09-10;LU0206510082;295.89
2026-08-24;LU0208341536;199.74
2026-08-25;LU0208341536;200.58
2026-08-26;LU0208341536;201.0
2026-08-27;LU0208341536;201.65
2026-08-28;LU0208341536;201.12
2026-09-02;LU0208341536;199.67
2026-09-04;LU0208341536;201.13
2026-09-10;LU0208341536;198.86
2026-08-25;LU0208853274;35.34
2026-08-26;LU0208853274;35.59
2026-08-27;LU0208853274;35.32
2026-08-28;LU0208853274;35.53
2026-08-31;LU0208853274;35.22
2026-09-03;LU0208853274;35.46
2026-09-11;LU0208853274;35.45
2026-08-25;LU0208853944;20.35
2026-08-26;LU0208853944;20.49
2026-08-27;LU0208853944;20.33
2026-08-28;LU0208853944;20.45
2026-08-31;LU0208853944;20.27
2026-09-03;LU0208853944;20.41
2026-09-11;LU0208853944;20.4
2026-08-25;LU0209137206;17.1386
2026-08-26;LU0209137206;17.1814
2026-08-27;LU0209137206;17.0873
2026-08-28;LU0209137206;17.0467
2026-08-31;LU0209137206;16.7786
2026-09-03;LU0209137206;16.7477
2026-09-11;LU0209137206;16.4621
2026-08-25;LU0209137388;25.5965
2026-08-26;LU0209137388;25.6651
2026-08-27;LU0209137388;25.528
2026-08-28;LU0209137388;25.4625
2026-08-31;LU0209137388;25.0602
2026-09-03;LU0209137388;25.0182
2026-09-11;LU0209137388;24.5899
2026-08-25;LU0210072939;70.22
2026-08-26;LU0210072939;70.59
2026-08-27;LU0210072939;70.57
2026-08-31;LU0210072939;70.85
2026-09-03;LU0210072939;69.9
2026-09-11;LU0210072939;69.1
2026-08-25;LU0210073408;35.92
2026-08-26;LU0210073408;36.11
2026-08-27;LU0210073408;36.1
2026-08-31;LU0210073408;36.24
2026-09-03;LU0210073408;35.76
2026-09-11;LU0210073408;35.35
2026-08-25;LU0210075874;38.61
2026-08-26;LU0210075874;38.82
2026-08-27;LU0210075874;38.81
2026-08-31;LU0210075874;38.96
2026-09-03;LU0210075874;38.43
2026-09-11;LU0210075874;37.98
2026-08-25;LU0210526637;42.5209
2026-08-26;LU0210526637;42.9836
2026-08-27;LU0210526637;42.9759
2026-08-28;LU0210526637;42.8276
2026-08-31;LU0210526637;42.7771
2026-09-03;LU0210526637;41.7056
2026-09-11;LU0210526637;41.1725
2026-08-25;LU0210526801;56.446
2026-08-26;LU0210526801;57.2001
2026-08-27;LU0210526801;57.7105
2026-08-28;LU0210526801;58.1791
2026-08-31;LU0210526801;57.7478
2026-09-03;LU0210526801;56.6632
2026-09-11;LU0210526801;56.4293
2026-08-25;LU0210527015;33.0946
2026-08-26;LU0210527015;33.1203
2026-08-27;LU0210527015;33.2559
2026-08-28;LU0210527015;33.3792
2026-08-31;LU0210527015;33.3333
2026-09-03;LU0210527015;33.3748
2026-09-11;LU0210527015;32.3474
2026-08-25;LU0210527361;22.9829
2026-08-26;LU0210527361;23.0514
2026-08-27;LU0210527361;23.1151
2026-08-28;LU0210527361;23.3198
2026-08-31;LU0210527361;23.3298
2026-09-03;LU0210527361;23.2367
2026-09-11;LU0210527361;22.9626
2026-08-25;LU0210527791;28.8271
2026-08-25;LU0210528500;61.7847
2026-08-26;LU0210528500;61.9466
2026-08-27;LU0210528500;61.9781
2026-08-28;LU0210528500;62.3267
2026-08-31;LU0210528500;61.8628
2026-09-03;LU0210528500;62.0077
2026-09-11;LU0210528500;62.0343
2026-08-25;LU0210528922;30.0011
2026-08-25;LU0210529490;38.23
2026-08-26;LU0210529490;38.44
2026-08-27;LU0210529490;38.0
2026-08-28;LU0210529490;38.22
2026-08-31;LU0210529490;38.18
2026-09-03;LU0210529490;37.75
2026-09-11;LU0210529490;37.85
2026-08-25;LU0210529656;43.6434
2026-08-26;LU0210529656;44.1148
2026-08-27;LU0210529656;44.1351
2026-08-28;LU0210529656;44.0495
2026-08-31;LU0210529656;43.8791
2026-09-03;LU0210529656;43.7625
2026-09-11;LU0210529656;44.1085
2026-08-25;LU0210530662;48.46
2026-08-26;LU0210530662;48.66
2026-08-27;LU0210530662;48.15
2026-08-28;LU0210530662;48.4
2026-08-31;LU0210530662;48.34
2026-09-03;LU0210530662;47.83
2026-09-11;LU0210530662;47.54
2026-08-25;LU0210530746;39.65
2026-08-26;LU0210530746;39.82
2026-08-27;LU0210530746;39.41
2026-08-28;LU0210530746;39.57
2026-08-31;LU0210530746;39.53
2026-09-03;LU0210530746;39.26
2026-09-11;LU0210530746;39.0
2026-08-25;LU0210531470;24.098
2026-08-26;LU0210531470;24.095
2026-08-27;LU0210531470;24.094
2026-08-28;LU0210531470;24.097
2026-08-31;LU0210531470;24.071
2026-09-03;LU0210531470;24.007
2026-09-11;LU0210531470;23.872
2026-08-25;LU0210531637;51.08
2026-08-26;LU0210531637;51.32
2026-08-27;LU0210531637;51.45
2026-08-31;LU0210531637;51.5
2026-09-03;LU0210531637;50.65
2026-09-11;LU0210531637;50.01
2026-08-25;LU0210531801;57.64
2026-08-26;LU0210531801;57.86
2026-08-27;LU0210531801;57.39
2026-08-28;LU0210531801;57.57
2026-08-31;LU0210531801;57.33
2026-09-03;LU0210531801;56.58
2026-09-11;LU0210531801;55.96
2026-08-25;LU0210531983;34.66
2026-08-26;LU0210531983;34.84
2026-08-27;LU0210531983;34.42
2026-08-28;LU0210531983;34.57
2026-08-31;LU0210531983;34.68
2026-09-03;LU0210531983;34.85
2026-09-11;LU0210531983;34.53
2026-08-25;LU0210532015;94.69
2026-08-26;LU0210532015;94.35
2026-08-27;LU0210532015;95.33
2026-08-28;LU0210532015;95.54
2026-08-31;LU0210532015;95.25
2026-09-03;LU0210532015;92.8
2026-09-11;LU0210532015;94.1
2026-08-25;LU0210532528;14.91
2026-08-26;LU0210532528;14.92
2026-08-27;LU0210532528;14.92
2026-08-28;LU0210532528;14.96
2026-08-31;LU0210532528;14.88
2026-09-03;LU0210532528;14.88
2026-09-11;LU0210532528;14.76
2026-08-25;LU0210534227;71.19
2026-08-26;LU0210534227;71.4
2026-08-27;LU0210534227;71.29
2026-08-28;LU0210534227;71.64
2026-08-31;LU0210534227;71.43
2026-09-03;LU0210534227;71.44
2026-09-11;LU0210534227;70.63
2026-08-25;LU0210535034;35.9396
2026-08-26;LU0210535034;36.7195
2026-08-27;LU0210535034;36.3213
2026-08-28;LU0210535034;36.2447
2026-08-31;LU0210535034;36.2947
2026-09-03;LU0210535034;38.1771
2026-09-11;LU0210535034;37.8405
2026-08-25;LU0210535976;47.9538
2026-08-26;LU0210535976;47.9155
2026-08-27;LU0210535976;47.9647
2026-08-28;LU0210535976;47.7927
2026-08-31;LU0210535976;46.5306
2026-09-03;LU0210535976;46.2927
2026-09-11;LU0210535976;45.6497
2026-08-25;LU0210536198;83.9791
2026-08-26;LU0210536198;84.144
2026-08-27;LU0210536198;84.7154
2026-08-28;LU0210536198;85.1905
2026-08-31;LU0210536198;84.4523
2026-09-03;LU0210536198;84.3063
2026-09-11;LU0210536198;85.0228
2026-08-25;LU0210536511;43.3007
2026-08-26;LU0210536511;43.4932
2026-08-27;LU0210536511;43.1477
2026-08-28;LU0210536511;43.3525
2026-08-31;LU0210536511;43.1904
2026-09-03;LU0210536511;43.3322
2026-09-11;LU0210536511;43.1184
2026-08-25;LU0210536867;125.7973
2026-08-26;LU0210536867;126.143
2026-08-27;LU0210536867;129.7521
2026-08-28;LU0210536867;130.8922
2026-08-31;LU0210536867;128.7274
2026-09-03;LU0210536867;127.2685
2026-09-11;LU0210536867;128.8385
2026-08-24;LU0211331839;29.9845
2026-08-25;LU0211331839;30.0097
2026-08-26;LU0211331839;29.9858
2026-08-27;LU0211331839;29.847
2026-08-28;LU0211331839;30.0232
2026-08-31;LU0211331839;29.907
2026-09-03;LU0211331839;29.9754
2026-09-10;LU0211331839;29.1107
2026-09-11;LU0211331839;29.2737
2026-08-24;LU0211333025;36.28
2026-08-25;LU0211333025;36.28
2026-08-26;LU0211333025;36.24
2026-08-27;LU0211333025;36.09
2026-08-28;LU0211333025;36.43
2026-08-31;LU0211333025;36.18
2026-09-03;LU0211333025;36.22
2026-09-10;LU0211333025;35.27
2026-09-11;LU0211333025;35.46
2026-08-24;LU0211340665;254.47
2026-08-25;LU0211340665;255.24
2026-08-26;LU0211340665;254.01
2026-08-27;LU0211340665;254.39
2026-08-28;LU0211340665;253.94
2026-09-02;LU0211340665;248.88
2026-09-04;LU0211340665;251.78
2026-09-07;LU0211340665;252.04
2026-09-10;LU0211340665;246.54
2026-08-24;LU0212178916;349.69
2026-08-25;LU0212178916;352.19
2026-08-26;LU0212178916;352.92
2026-08-28;LU0212178916;353.95
2026-09-02;LU0212178916;345.69
2026-09-10;LU0212178916;345.79
2026-09-11;LU0212178916;348.19
2026-08-25;LU0212925753;54.24
2026-08-26;LU0212925753;54.32
2026-08-27;LU0212925753;54.19
2026-08-28;LU0212925753;54.27
2026-08-31;LU0212925753;53.84
2026-09-03;LU0212925753;53.98
2026-09-08;LU0212925753;54.2
2026-09-11;LU0212925753;53.83
2026-08-24;LU0213453268;150.02
2026-08-25;LU0213453268;150.65
2026-08-26;LU0213453268;150.5
2026-08-27;LU0213453268;150.25
2026-08-28;LU0213453268;150.01
2026-09-02;LU0213453268;148.93
2026-09-10;LU0213453268;147.39
2026-08-24;LU0213453771;151.13
2026-08-25;LU0213453771;151.4
2026-08-26;LU0213453771;151.35
2026-08-27;LU0213453771;151.2
2026-08-28;LU0213453771;150.96
2026-09-02;LU0213453771;150.29
2026-09-10;LU0213453771;149.37
2026-08-25;LU0213961682;52.34
2026-08-26;LU0213961682;52.36
2026-08-27;LU0213961682;52.493
2026-08-28;LU0213961682;52.631
2026-08-31;LU0213961682;51.728
2026-09-03;LU0213961682;50.492
2026-09-11;LU0213961682;52.869
2026-08-24;LU0214494824;1027.8565
2026-08-25;LU0214494824;1028.4274
2026-08-26;LU0214494824;1029.7788
2026-08-27;LU0214494824;1027.6271
2026-08-28;LU0214494824;1028.9806
2026-08-31;LU0214494824;1024.8432
2026-09-03;LU0214494824;1026.2807
2026-09-11;LU0214494824;1013.5919
2026-08-25;LU0217139020;280.14
2026-08-26;LU0217139020;280.6
2026-08-27;LU0217139020;279.05
2026-08-28;LU0217139020;280.4
2026-08-31;LU0217139020;278.11
2026-09-03;LU0217139020;270.99
2026-09-11;LU0217139020;265.14
2026-08-25;LU0217390227;431.36
2026-08-26;LU0217390227;432.34
2026-08-27;LU0217390227;432.5
2026-08-28;LU0217390227;434.35
2026-08-31;LU0217390227;432.67
2026-09-03;LU0217390227;432.8
2026-09-11;LU0217390227;433.38
2026-08-25;LU0217390490;48.11
2026-08-26;LU0217390490;48.22
2026-08-27;LU0217390490;48.23
2026-08-28;LU0217390490;48.44
2026-08-31;LU0217390490;48.25
2026-09-03;LU0217390490;48.26
2026-09-11;LU0217390490;48.32
2026-08-25;LU0217390573;32.85
2026-08-26;LU0217390573;33.16
2026-08-27;LU0217390573;33.26
2026-08-28;LU0217390573;33.37
2026-08-31;LU0217390573;33.46
2026-09-03;LU0217390573;33.14
2026-09-11;LU0217390573;32.95
2026-08-25;LU0217390656;22.4
2026-08-26;LU0217390656;22.61
2026-08-27;LU0217390656;22.68
2026-08-28;LU0217390656;22.75
2026-08-31;LU0217390656;22.81
2026-09-03;LU0217390656;22.6
2026-09-11;LU0217390656;22.46
2026-08-25;LU0217390730;19.18
2026-08-26;LU0217390730;19.27
2026-08-27;LU0217390730;19.29
2026-08-28;LU0217390730;19.43
2026-08-31;LU0217390730;19.5
2026-09-03;LU0217390730;19.39
2026-09-11;LU0217390730;19.17
2026-08-25;LU0217390813;13.76
2026-08-26;LU0217390813;13.82
2026-08-27;LU0217390813;13.83
2026-08-28;LU0217390813;13.93
2026-08-31;LU0217390813;13.99
2026-09-03;LU0217390813;13.9
2026-09-11;LU0217390813;13.75
2026-08-24;LU0217402501;192.36
2026-08-25;LU0217402501;192.73
2026-08-26;LU0217402501;192.69
2026-08-27;LU0217402501;192.48
2026-09-02;LU0217402501;191.2
2026-09-10;LU0217402501;190.12
2026-08-25;LU0217576759;34.79
2026-08-26;LU0217576759;35.23
2026-08-27;LU0217576759;35.17
2026-08-28;LU0217576759;35.05
2026-08-31;LU0217576759;35.04
2026-09-03;LU0217576759;34.88
2026-09-11;LU0217576759;35.19
2026-08-25;LU0217576833;21.69
2026-08-26;LU0217576833;21.96
2026-08-27;LU0217576833;21.92
2026-08-28;LU0217576833;21.85
2026-08-31;LU0217576833;21.85
2026-09-03;LU0217576833;21.74
2026-09-11;LU0217576833;21.93
2026-08-25;LU0218171717;510.43
2026-08-26;LU0218171717;512.0
2026-08-27;LU0218171717;512.02
2026-08-28;LU0218171717;515.59
2026-08-31;LU0218171717;513.32
2026-09-03;LU0218171717;513.23
2026-09-11;LU0218171717;509.14
2026-08-25;LU0218172103;231.53
2026-08-26;LU0218172103;232.24
2026-08-27;LU0218172103;232.25
2026-08-28;LU0218172103;233.87
2026-08-31;LU0218172103;232.82
2026-09-03;LU0218172103;232.77
2026-09-11;LU0218172103;230.89
2026-08-24;LU0218910536;396.999
2026-08-25;LU0218910536;398.5067
2026-08-26;LU0218910536;397.6811
2026-08-27;LU0218910536;398.6501
2026-08-28;LU0218910536;397.8224
2026-09-02;LU0218910536;390.4764
2026-09-10;LU0218910536;384.6735
2026-08-24;LU0218911690;202.71
2026-08-25;LU0218911690;203.53
2026-08-26;LU0218911690;202.68
2026-08-27;LU0218911690;203.15
2026-08-28;LU0218911690;202.29
2026-09-02;LU0218911690;198.04
2026-09-10;LU0218911690;195.59
2026-08-24;LU0218912151;358.08
2026-08-25;LU0218912151;357.26
2026-08-26;LU0218912151;358.71
2026-08-27;LU0218912151;359.71
2026-08-28;LU0218912151;357.56
2026-09-02;LU0218912151;349.03
2026-09-10;LU0218912151;347.05
2026-08-24;LU0218912235;221.66
2026-08-25;LU0218912235;222.39
2026-08-26;LU0218912235;223.74
2026-08-27;LU0218912235;223.68
2026-08-28;LU0218912235;222.69
2026-09-02;LU0218912235;219.3
2026-09-10;LU0218912235;223.65
2026-08-24;LU0219418836;30.53
2026-08-25;LU0219418836;30.52
2026-08-26;LU0219418836;30.54
2026-08-27;LU0219418836;30.44
2026-08-28;LU0219418836;30.56
2026-08-31;LU0219418836;30.37
2026-09-03;LU0219418836;30.53
2026-09-07;LU0219418836;30.49
2026-09-10;LU0219418836;30.04
2026-09-11;LU0219418836;30.14
2026-08-24;LU0219418919;45.6
2026-08-25;LU0219418919;45.46
2026-08-26;LU0219418919;45.57
2026-08-27;LU0219418919;45.53
2026-08-28;LU0219418919;45.9
2026-08-31;LU0219418919;45.52
2026-09-03;LU0219418919;45.24
2026-09-10;LU0219418919;43.8
2026-09-11;LU0219418919;44.1
2026-08-24;LU0219422606;27.69
2026-08-26;LU0219422606;27.78
2026-08-27;LU0219422606;27.8
2026-08-28;LU0219422606;27.93
2026-08-31;LU0219422606;27.81
2026-09-03;LU0219422606;27.78
2026-09-11;LU0219422606;27.66
2026-08-24;LU0219440681;41.7194
2026-08-25;LU0219440681;41.9124
2026-08-26;LU0219440681;41.9389
2026-08-27;LU0219440681;41.8683
2026-08-28;LU0219440681;41.8294
2026-08-31;LU0219440681;41.8646
2026-09-03;LU0219440681;41.3528
2026-09-10;LU0219440681;40.5141
2026-09-11;LU0219440681;40.5182
2026-08-24;LU0219440764;38.3335
2026-08-25;LU0219440764;38.5104
2026-08-26;LU0219440764;38.4783
2026-08-27;LU0219440764;38.2705
2026-08-28;LU0219440764;38.2411
2026-08-31;LU0219440764;38.137
2026-09-03;LU0219440764;37.9189
2026-09-10;LU0219440764;36.8678
2026-09-11;LU0219440764;36.9967
2026-08-24;LU0219441069;85.7361
2026-08-25;LU0219441069;85.9072
2026-08-26;LU0219441069;86.119
2026-08-27;LU0219441069;86.1579
2026-08-28;LU0219441069;86.335
2026-08-31;LU0219441069;85.847
2026-09-03;LU0219441069;85.5714
2026-09-10;LU0219441069;82.7654
2026-09-11;LU0219441069;83.3611
2026-08-24;LU0219441499;44.291
2026-08-25;LU0219441499;44.3118
2026-08-26;LU0219441499;44.3519
2026-08-27;LU0219441499;44.1866
2026-08-28;LU0219441499;44.2216
2026-08-31;LU0219441499;44.0771
2026-09-03;LU0219441499;44.3477
2026-09-07;LU0219441499;44.2159
2026-09-10;LU0219441499;43.5327
2026-09-11;LU0219441499;43.678
2026-08-24;LU0219441572;71.9354
2026-08-25;LU0219441572;71.8022
2026-08-26;LU0219441572;71.9762
2026-08-27;LU0219441572;71.887
2026-08-28;LU0219441572;72.2312
2026-08-31;LU0219441572;71.849
2026-09-03;LU0219441572;71.4659
2026-09-10;LU0219441572;69.0142
2026-09-11;LU0219441572;69.5077
2026-08-24;LU0219442547;15.4208
2026-08-26;LU0219442547;15.4824
2026-08-27;LU0219442547;15.4731
2026-08-28;LU0219442547;15.4634
2026-08-31;LU0219442547;15.4528
2026-09-03;LU0219442547;15.4481
2026-09-11;LU0219442547;15.2912
2026-08-24;LU0219442893;14.5379
2026-08-26;LU0219442893;14.5721
2026-08-27;LU0219442893;14.5715
2026-08-28;LU0219442893;14.577
2026-08-31;LU0219442893;14.5833
2026-09-03;LU0219442893;14.5789
2026-09-11;LU0219442893;14.5335
2026-08-24;LU0219444592;14.2722
2026-08-26;LU0219444592;14.3403
2026-08-27;LU0219444592;14.331
2026-08-28;LU0219444592;14.2931
2026-08-31;LU0219444592;14.282
2026-09-03;LU0219444592;14.2949
2026-09-11;LU0219444592;14.1547
2026-08-25;LU0224105477;53.65
2026-08-26;LU0224105477;54.04
2026-08-27;LU0224105477;53.41
2026-08-28;LU0224105477;53.53
2026-08-31;LU0224105477;53.27
2026-09-03;LU0224105477;52.64
2026-09-11;LU0224105477;52.57
2026-08-25;LU0225737302;136.8689
2026-08-26;LU0225737302;137.5981
2026-08-27;LU0225737302;138.8024
2026-08-28;LU0225737302;140.4783
2026-08-31;LU0225737302;137.1726
2026-09-03;LU0225737302;138.6717
2026-09-11;LU0225737302;136.1483
2026-08-24;LU0226953718;506.3936
2026-08-25;LU0226953718;507.9281
2026-08-26;LU0226953718;508.5994
2026-08-27;LU0226953718;508.4813
2026-08-28;LU0226953718;509.3187
2026-09-02;LU0226953718;509.8792
2026-09-10;LU0226953718;498.3728
2026-08-25;LU0227384020;18.0958
2026-08-26;LU0227384020;18.1307
2026-08-27;LU0227384020;18.0693
2026-08-28;LU0227384020;18.079
2026-08-31;LU0227384020;17.9418
2026-09-03;LU0227384020;17.8675
2026-09-08;LU0227384020;17.8888
2026-09-11;LU0227384020;17.6982
2026-08-25;LU0228659784;222.6905
2026-08-26;LU0228659784;223.7639
2026-08-27;LU0228659784;223.4139
2026-08-28;LU0228659784;224.0886
2026-08-31;LU0228659784;222.1911
2026-09-03;LU0228659784;223.1573
2026-09-11;LU0228659784;218.2147
2026-08-25;LU0229084990;47.0
2026-08-26;LU0229084990;47.37
2026-08-27;LU0229084990;46.86
2026-08-28;LU0229084990;47.03
2026-08-31;LU0229084990;46.92
2026-09-03;LU0229084990;46.18
2026-09-11;LU0229084990;45.82
2026-08-24;LU0229940001;53.51
2026-08-25;LU0229940001;54.15
2026-08-26;LU0229940001;54.37
2026-08-27;LU0229940001;54.7
2026-08-28;LU0229940001;54.69
2026-08-31;LU0229940001;54.3
2026-09-03;LU0229940001;54.67
2026-09-10;LU0229940001;54.18
2026-09-11;LU0229940001;54.68
2026-08-24;LU0229951891;16.93
2026-08-26;LU0229951891;16.97
2026-08-27;LU0229951891;16.95
2026-08-28;LU0229951891;17.05
2026-08-31;LU0229951891;17.05
2026-09-03;LU0229951891;17.13
2026-09-11;LU0229951891;17.12
2026-08-24;LU0231203729;52.6486
2026-08-25;LU0231203729;53.1725
2026-08-26;LU0231203729;52.8959
2026-08-27;LU0231203729;52.7732
2026-08-28;LU0231203729;53.0504
2026-08-31;LU0231203729;53.1163
2026-09-03;LU0231203729;53.1691
2026-09-10;LU0231203729;51.0318
2026-09-11;LU0231203729;51.4097
2026-08-24;LU0231205187;63.71
2026-08-25;LU0231205187;64.27
2026-08-26;LU0231205187;63.94
2026-08-27;LU0231205187;63.81
2026-08-28;LU0231205187;64.36
2026-08-31;LU0231205187;64.25
2026-09-03;LU0231205187;64.24
2026-09-10;LU0231205187;61.82
2026-09-11;LU0231205187;62.28
2026-08-25;LU0231462077;178.6768
2026-08-27;LU0231462077;178.1856
2026-08-28;LU0231462077;178.7573
2026-08-31;LU0231462077;178.9182
2026-09-03;LU0231462077;179.6466
2026-09-11;LU0231462077;175.2928
2026-08-25;LU0231490524;178.3909
2026-08-27;LU0231490524;177.8208
2026-08-28;LU0231490524;178.6951
2026-08-31;LU0231490524;178.4002
2026-09-03;LU0231490524;179.0063
2026-09-11;LU0231490524;174.6887
2026-08-24;LU0231790675;13.29
2026-08-25;LU0231790675;13.34
2026-08-26;LU0231790675;13.36
2026-08-27;LU0231790675;13.41
2026-08-28;LU0231790675;13.47
2026-08-31;LU0231790675;13.42
2026-09-03;LU0231790675;13.62
2026-09-10;LU0231790675;13.35
2026-09-11;LU0231790675;13.58
2026-08-24;LU0231790832;13.3464
2026-08-25;LU0231790832;13.4195
2026-08-26;LU0231790832;13.4301
2026-08-27;LU0231790832;13.4895
2026-08-28;LU0231790832;13.5014
2026-08-31;LU0231790832;13.49
2026-09-03;LU0231790832;13.7011
2026-09-10;LU0231790832;13.3986
2026-09-11;LU0231790832;13.6295
2026-08-24;LU0232524495;220.66
2026-08-26;LU0232524495;221.65
2026-08-27;LU0232524495;223.92
2026-08-28;LU0232524495;224.12
2026-08-31;LU0232524495;222.59
2026-09-03;LU0232524495;222.56
2026-09-11;LU0232524495;220.65
2026-08-24;LU0232525203;28.88
2026-08-26;LU0232525203;28.98
2026-08-27;LU0232525203;28.98
2026-08-28;LU0232525203;29.02
2026-08-31;LU0232525203;28.92
2026-09-03;LU0232525203;28.86
2026-09-11;LU0232525203;28.52
2026-08-24;LU0232526433;34.34
2026-08-26;LU0232526433;34.46
2026-08-27;LU0232526433;34.45
2026-08-28;LU0232526433;34.5
2026-08-31;LU0232526433;34.39
2026-09-03;LU0232526433;34.31
2026-09-11;LU0232526433;33.91
2026-08-25;LU0234571726;53.5067
2026-08-26;LU0234571726;53.6602
2026-08-27;LU0234571726;53.7693
2026-08-28;LU0234571726;54.1605
2026-09-03;LU0234571726;54.0211
2026-09-11;LU0234571726;53.7086
2026-08-24;LU0234572021;52.64
2026-08-26;LU0234572021;52.8702
2026-08-27;LU0234572021;53.1854
2026-08-28;LU0234572021;53.1623
2026-09-03;LU0234572021;53.565
2026-09-11;LU0234572021;52.8217
2026-08-25;LU0234573003;22.88
2026-08-25;LU0234573771;23.4456
2026-08-26;LU0234573771;23.5026
2026-08-27;LU0234573771;23.5187
2026-08-28;LU0234573771;23.5866
2026-09-03;LU0234573771;23.5466
2026-09-11;LU0234573771;23.4189
2026-08-25;LU0234588027;46.0343
2026-08-26;LU0234588027;46.1285
2026-08-27;LU0234588027;46.2303
2026-08-28;LU0234588027;46.3901
2026-09-03;LU0234588027;46.1981
2026-09-11;LU0234588027;46.2782
2026-08-25;LU0234681152;13.7
2026-08-25;LU0234681749;41.03
2026-08-26;LU0234681749;41.19
2026-08-27;LU0234681749;40.81
2026-08-28;LU0234681749;41.0
2026-09-03;LU0234681749;40.55
2026-09-11;LU0234681749;40.06
2026-08-25;LU0234687605;47.32
2026-08-26;LU0234687605;47.49
2026-08-27;LU0234687605;47.5
2026-08-28;LU0234687605;47.59
2026-09-03;LU0234687605;47.46
2026-09-11;LU0234687605;47.58
2026-08-24;LU0235308482;586.09
2026-08-25;LU0235308482;592.15
2026-08-26;LU0235308482;593.38
2026-08-27;LU0235308482;591.42
2026-08-28;LU0235308482;595.18
2026-09-02;LU0235308482;581.06
2026-09-10;LU0235308482;588.83
2026-08-25;LU0235843108;133.921
2026-08-26;LU0235843108;134.2638
2026-08-27;LU0235843108;134.6636
2026-08-28;LU0235843108;135.1861
2026-08-31;LU0235843108;135.1409
2026-09-03;LU0235843108;134.1793
2026-09-08;LU0235843108;134.096
2026-09-10;LU0235843108;133.7972
2026-09-11;LU0235843108;134.28
2026-08-25;LU0235996351;352.0783
2026-08-26;LU0235996351;357.7683
2026-08-27;LU0235996351;361.7535
2026-08-28;LU0235996351;361.8272
2026-08-31;LU0235996351;358.1261
2026-09-03;LU0235996351;354.257
2026-09-11;LU0235996351;360.7118
2026-08-25;LU0236145453;144.25
2026-08-26;LU0236145453;144.25
2026-08-27;LU0236145453;144.16
2026-08-28;LU0236145453;144.14
2026-08-31;LU0236145453;143.97
2026-09-03;LU0236145453;143.89
2026-09-11;LU0236145453;143.24
2026-08-25;LU0236177068;56.1831
2026-08-26;LU0236177068;56.2766
2026-08-27;LU0236177068;56.0513
2026-08-28;LU0236177068;56.2203
2026-08-31;LU0236177068;55.733
2026-09-03;LU0236177068;55.7209
2026-09-08;LU0236177068;56.0234
2026-09-11;LU0236177068;55.6481
2026-08-25;LU0236737465;257.328
2026-08-26;LU0236737465;258.0963
2026-08-27;LU0236737465;258.6247
2026-08-28;LU0236737465;260.8837
2026-08-31;LU0236737465;260.7803
2026-09-03;LU0236737465;256.7505
2026-09-11;LU0236737465;254.1805
2026-08-25;LU0238202427;29.86
2026-08-26;LU0238202427;29.92
2026-08-27;LU0238202427;29.75
2026-08-28;LU0238202427;29.98
2026-08-31;LU0238202427;29.71
2026-09-03;LU0238202427;29.45
2026-09-11;LU0238202427;29.33
2026-08-25;LU0238205958;19.4009
2026-08-25;LU0238209513;27.13
2026-08-26;LU0238209513;27.11
2026-08-27;LU0238209513;27.08
2026-08-28;LU0238209513;27.07
2026-08-31;LU0238209513;27.0
2026-09-03;LU0238209513;26.99
2026-09-11;LU0238209513;26.79
2026-08-25;LU0238689110;39.4102
2026-08-26;LU0238689110;39.4959
2026-08-27;LU0238689110;39.4898
2026-08-28;LU0238689110;39.6953
2026-08-31;LU0238689110;39.368
2026-09-03;LU0238689110;39.4508
2026-09-11;LU0238689110;39.485
2026-08-25;LU0238689623;39.4
2026-08-26;LU0238689623;39.55
2026-08-27;LU0238689623;39.46
2026-08-28;LU0238689623;39.61
2026-08-31;LU0238689623;39.43
2026-09-03;LU0238689623;39.44
2026-09-11;LU0238689623;39.5
2026-08-25;LU0238690555;25.29
2026-08-26;LU0238690555;25.35
2026-08-27;LU0238690555;25.29
2026-08-28;LU0238690555;25.36
2026-08-31;LU0238690555;25.14
2026-09-03;LU0238690555;25.2
2026-09-11;LU0238690555;25.2
2026-08-25;LU0239680886;29.67
2026-08-26;LU0239680886;29.67
2026-08-27;LU0239680886;29.63
2026-08-28;LU0239680886;29.61
2026-08-31;LU0239680886;29.53
2026-09-03;LU0239680886;29.48
2026-09-11;LU0239680886;29.23
2026-08-25;LU0240613025;48.91
2026-08-26;LU0240613025;48.98
2026-08-27;LU0240613025;48.86
2026-08-28;LU0240613025;48.94
2026-08-31;LU0240613025;48.25
2026-09-03;LU0240613025;48.37
2026-09-08;LU0240613025;48.57
2026-09-11;LU0240613025;48.24
2026-08-24;LU0241882488;286.8929
2026-08-25;LU0241882488;286.9087
2026-08-26;LU0241882488;287.5099
2026-08-27;LU0241882488;287.6683
2026-09-02;LU0241882488;288.0141
2026-09-10;LU0241882488;285.9811
2026-08-24;LU0241884856;191.4191
2026-08-25;LU0241884856;191.7467
2026-08-26;LU0241884856;192.117
2026-08-27;LU0241884856;191.9277
2026-09-02;LU0241884856;191.5379
2026-09-10;LU0241884856;189.9632
2026-08-25;LU0243957239;28.35
2026-08-26;LU0243957239;28.37
2026-08-27;LU0243957239;28.34
2026-08-28;LU0243957239;28.33
2026-08-31;LU0243957239;28.31
2026-09-03;LU0243957239;28.16
2026-09-07;LU0243957239;28.22
2026-09-08;LU0243957239;28.21
2026-09-11;LU0243957239;28.0
2026-08-25;LU0243957312;14.29
2026-08-26;LU0243957312;14.3
2026-08-27;LU0243957312;14.28
2026-08-28;LU0243957312;14.28
2026-08-31;LU0243957312;14.27
2026-09-03;LU0243957312;14.05
2026-09-07;LU0243957312;14.08
2026-09-08;LU0243957312;14.08
2026-09-11;LU0243957312;13.97
2026-08-25;LU0243957825;19.2827
2026-08-26;LU0243957825;19.2998
2026-08-27;LU0243957825;19.2593
2026-08-28;LU0243957825;19.2293
2026-08-31;LU0243957825;19.2054
2026-09-03;LU0243957825;19.1311
2026-09-11;LU0243957825;18.9553
2026-09-02;LU0244125711;99.7367
2026-09-10;LU0244125711;102.786
2026-08-25;LU0244270301;24.45
2026-08-26;LU0244270301;24.5
2026-08-27;LU0244270301;24.31
2026-08-28;LU0244270301;24.37
2026-08-31;LU0244270301;24.27
2026-09-03;LU0244270301;24.35
2026-09-11;LU0244270301;24.21
2026-08-25;LU0244270723;21.01
2026-08-26;LU0244270723;21.06
2026-08-27;LU0244270723;20.89
2026-08-28;LU0244270723;20.94
2026-08-31;LU0244270723;20.86
2026-09-03;LU0244270723;20.93
2026-09-11;LU0244270723;20.8
2026-08-25;LU0244354667;360.2429
2026-08-26;LU0244354667;362.2417
2026-08-27;LU0244354667;361.4956
2026-08-28;LU0244354667;363.1122
2026-08-31;LU0244354667;362.1575
2026-09-03;LU0244354667;357.9496
2026-09-11;LU0244354667;347.7118
2026-08-24;LU0245181838;43.74
2026-08-25;LU0245181838;43.89
2026-08-26;LU0245181838;43.99
2026-08-27;LU0245181838;44.04
2026-08-28;LU0245181838;43.71
2026-09-03;LU0245181838;43.87
2026-09-10;LU0245181838;42.8
2026-09-11;LU0245181838;42.98
2026-08-25;LU0247985343;560.1923
2026-08-26;LU0247985343;560.9549
2026-08-27;LU0247985343;562.1475
2026-08-28;LU0247985343;566.861
2026-08-31;LU0247985343;562.3182
2026-09-03;LU0247985343;563.3619
2026-09-11;LU0247985343;558.4209
2026-08-25;LU0247991317;167.12
2026-08-25;LU0247991580;135.96
2026-08-26;LU0247991580;136.5
2026-08-27;LU0247991580;136.72
2026-08-28;LU0247991580;137.08
2026-08-31;LU0247991580;136.9
2026-09-03;LU0247991580;135.3
2026-09-08;LU0247991580;135.34
2026-09-11;LU0247991580;135.32
2026-08-25;LU0248037169;11.7722
2026-08-26;LU0248037169;11.7827
2026-08-27;LU0248037169;11.7579
2026-08-28;LU0248037169;11.7396
2026-08-31;LU0248037169;11.725
2026-09-03;LU0248037169;11.6506
2026-09-11;LU0248037169;11.5434
2026-08-25;LU0248166992;314.6003
2026-08-26;LU0248166992;315.7104
2026-08-27;LU0248166992;312.1699
2026-08-28;LU0248166992;314.2175
2026-08-31;LU0248166992;315.5925
2026-09-03;LU0248166992;315.5619
2026-09-11;LU0248166992;308.3743
2026-08-25;LU0248172537;71.1904
2026-08-26;LU0248172537;71.613
2026-08-27;LU0248172537;72.2997
2026-08-28;LU0248172537;72.1558
2026-08-31;LU0248172537;71.922
2026-09-03;LU0248172537;71.4429
2026-09-11;LU0248172537;72.192
2026-08-25;LU0248173006;62.2116
2026-08-26;LU0248173006;62.5799
2026-08-27;LU0248173006;63.1789
2026-08-28;LU0248173006;63.0521
2026-08-31;LU0248173006;62.8448
2026-09-03;LU0248173006;62.423
2026-09-11;LU0248173006;63.0693
2026-08-25;LU0248176017;399.0741
2026-08-26;LU0248176017;399.6494
2026-08-27;LU0248176017;400.1039
2026-08-28;LU0248176017;399.7035
2026-08-31;LU0248176017;400.0339
2026-09-03;LU0248176017;401.095
2026-09-11;LU0248176017;397.5413
2026-08-25;LU0248176959;25.7362
2026-08-26;LU0248176959;25.9399
2026-08-27;LU0248176959;26.0991
2026-08-28;LU0248176959;26.0491
2026-08-31;LU0248176959;25.8599
2026-09-03;LU0248176959;25.7784
2026-09-11;LU0248176959;26.1401
2026-08-25;LU0248177254;21.5277
2026-08-25;LU0248178732;505.5857
2026-08-26;LU0248178732;502.6606
2026-08-27;LU0248178732;509.3692
2026-08-28;LU0248178732;507.4168
2026-08-31;LU0248178732;502.3936
2026-09-03;LU0248178732;497.7918
2026-09-11;LU0248178732;489.4727
2026-08-25;LU0248179540;145.2673
2026-08-26;LU0248179540;145.3558
2026-08-27;LU0248179540;145.2982
2026-08-28;LU0248179540;145.2273
2026-08-31;LU0248179540;144.8558
2026-09-03;LU0248179540;144.7521
2026-09-11;LU0248179540;143.6353
2026-08-25;LU0248181363;52.7597
2026-08-26;LU0248181363;53.1131
2026-08-27;LU0248181363;52.9879
2026-08-28;LU0248181363;52.7105
2026-08-31;LU0248181363;52.5639
2026-09-03;LU0248181363;54.9314
2026-09-11;LU0248181363;55.311
2026-08-25;LU0248184466;31.9397
2026-08-26;LU0248184466;32.1445
2026-08-27;LU0248184466;32.4791
2026-08-28;LU0248184466;32.435
2026-08-31;LU0248184466;32.317
2026-09-03;LU0248184466;32.1528
2026-09-11;LU0248184466;32.4214
2026-08-24;LU0248185190;371.5274
2026-08-26;LU0248185190;373.2646
2026-08-27;LU0248185190;378.7662
2026-08-28;LU0248185190;379.116
2026-08-31;LU0248185190;376.0262
2026-09-03;LU0248185190;375.1904
2026-09-11;LU0248185190;367.7581
2026-08-25;LU0248320664;191.49
2026-08-26;LU0248320664;191.12
2026-08-27;LU0248320664;193.81
2026-08-28;LU0248320664;194.13
2026-08-31;LU0248320664;192.74
2026-09-03;LU0248320664;192.04
2026-09-11;LU0248320664;183.11
2026-08-24;LU0250181095;400.0249
2026-08-25;LU0250181095;400.6405
2026-08-26;LU0250181095;400.2143
2026-08-27;LU0250181095;396.7181
2026-08-28;LU0250181095;395.4818
2026-08-31;LU0250181095;392.0534
2026-09-03;LU0250181095;391.7284
2026-09-10;LU0250181095;382.7213
2026-09-11;LU0250181095;384.1221
2026-08-25;LU0251127410;45.5
2026-08-26;LU0251127410;45.68
2026-08-27;LU0251127410;45.55
2026-08-28;LU0251127410;45.83
2026-08-31;LU0251127410;45.43
2026-09-03;LU0251127410;45.51
2026-09-11;LU0251127410;44.76
2026-08-25;LU0251128657;25.22
2026-08-26;LU0251128657;25.23
2026-08-27;LU0251128657;25.04
2026-08-28;LU0251128657;25.23
2026-08-31;LU0251128657;25.02
2026-09-03;LU0251128657;24.96
2026-09-11;LU0251128657;24.57
2026-08-25;LU0251129895;35.46
2026-08-26;LU0251129895;35.56
2026-08-27;LU0251129895;35.72
2026-08-28;LU0251129895;35.87
2026-08-31;LU0251129895;35.49
2026-09-03;LU0251129895;35.56
2026-09-11;LU0251129895;35.23
2026-08-25;LU0251130042;16.89
2026-08-26;LU0251130042;16.94
2026-08-27;LU0251130042;17.01
2026-08-28;LU0251130042;17.28
2026-08-31;LU0251130042;17.18
2026-09-03;LU0251130042;17.43
2026-09-11;LU0251130042;17.4
2026-08-25;LU0251130554;17.94
2026-08-26;LU0251130554;18.02
2026-08-27;LU0251130554;18.05
2026-08-28;LU0251130554;18.13
2026-08-31;LU0251130554;18.0
2026-09-03;LU0251130554;18.04
2026-09-07;LU0251130554;18.05
2026-09-08;LU0251130554;18.05
2026-09-10;LU0251130554;17.92
2026-09-11;LU0251130554;18.02
2026-08-25;LU0251130638;15.11
2026-08-26;LU0251130638;15.09
2026-08-27;LU0251130638;15.08
2026-08-28;LU0251130638;15.07
2026-08-31;LU0251130638;15.04
2026-09-03;LU0251130638;15.03
2026-09-11;LU0251130638;14.92
2026-08-25;LU0251130802;25.51
2026-08-26;LU0251130802;25.51
2026-08-27;LU0251130802;25.51
2026-08-28;LU0251130802;25.5
2026-08-31;LU0251130802;25.48
2026-09-03;LU0251130802;25.47
2026-09-11;LU0251130802;25.28
2026-08-25;LU0251131958;35.7168
2026-08-26;LU0251131958;35.8593
2026-08-27;LU0251131958;35.7632
2026-08-28;LU0251131958;35.8919
2026-08-31;LU0251131958;35.649
2026-09-03;LU0251131958;35.7157
2026-09-11;LU0251131958;35.094
2026-08-25;LU0251132253;27.8417
2026-08-26;LU0251132253;27.9249
2026-08-27;LU0251132253;28.061
2026-08-28;LU0251132253;28.0957
2026-08-31;LU0251132253;27.8581
2026-09-03;LU0251132253;27.9185
2026-09-11;LU0251132253;27.6206
2026-08-25;LU0251572144;34.2977
2026-08-26;LU0251572144;34.6645
2026-08-27;LU0251572144;34.1505
2026-08-28;LU0251572144;34.2973
2026-08-31;LU0251572144;34.1655
2026-09-03;LU0251572144;33.9038
2026-09-11;LU0251572144;34.4676
2026-08-25;LU0251572656;42.2853
2026-08-26;LU0251572656;42.4613
2026-08-27;LU0251572656;42.52
2026-08-28;LU0251572656;42.7667
2026-08-31;LU0251572656;42.3838
2026-09-03;LU0251572656;42.1166
2026-09-11;LU0251572656;41.3131
2026-08-24;LU0251658612;148.01
2026-08-26;LU0251658612;148.17
2026-08-27;LU0251658612;148.17
2026-08-28;LU0251658612;147.94
2026-08-31;LU0251658612;147.59
2026-09-03;LU0251658612;147.74
2026-09-11;LU0251658612;146.08
2026-08-24;LU0251659180;175.51
2026-08-26;LU0251659180;175.88
2026-08-27;LU0251659180;175.61
2026-08-28;LU0251659180;175.25
2026-08-31;LU0251659180;174.68
2026-09-03;LU0251659180;174.35
2026-09-11;LU0251659180;171.67
2026-08-24;LU0251659776;189.66
2026-08-26;LU0251659776;189.96
2026-08-27;LU0251659776;189.78
2026-08-28;LU0251659776;189.47
2026-08-31;LU0251659776;189.07
2026-09-03;LU0251659776;189.01
2026-09-11;LU0251659776;186.43
2026-08-24;LU0251661087;187.64
2026-08-26;LU0251661087;188.22
2026-08-27;LU0251661087;187.76
2026-08-28;LU0251661087;187.49
2026-08-31;LU0251661087;186.38
2026-09-03;LU0251661087;186.12
2026-09-11;LU0251661087;182.74
2026-08-24;LU0251661756;137.51
2026-08-26;LU0251661756;137.6
2026-08-27;LU0251661756;137.56
2026-08-28;LU0251661756;137.47
2026-08-31;LU0251661756;137.42
2026-09-03;LU0251661756;137.34
2026-09-11;LU0251661756;136.75
2026-08-24;LU0251806666;339.1
2026-08-25;LU0251806666;339.9
2026-08-26;LU0251806666;340.37
2026-08-28;LU0251806666;336.69
2026-09-02;LU0251806666;334.26
2026-09-10;LU0251806666;324.39
2026-09-11;LU0251806666;326.71
2026-08-24;LU0251807987;183.49
2026-08-25;LU0251807987;185.33
2026-08-26;LU0251807987;186.13
2026-08-28;LU0251807987;186.89
2026-09-02;LU0251807987;183.36
2026-09-10;LU0251807987;182.8
2026-09-11;LU0251807987;185.34
2026-08-24;LU0251853072;555.13
2026-08-25;LU0251853072;557.86
2026-08-26;LU0251853072;552.93
2026-08-27;LU0251853072;549.15
2026-08-28;LU0251853072;548.76
2026-08-31;LU0251853072;545.03
2026-09-03;LU0251853072;555.28
2026-09-10;LU0251853072;527.88
2026-09-11;LU0251853072;527.39
2026-08-24;LU0252128276;144.22
2026-08-25;LU0252128276;144.28
2026-08-26;LU0252128276;144.07
2026-08-27;LU0252128276;144.02
2026-08-28;LU0252128276;143.76
2026-09-02;LU0252128276;143.38
2026-09-10;LU0252128276;143.57
2026-08-25;LU0252499412;114.33
2026-08-26;LU0252499412;114.34
2026-08-27;LU0252499412;114.35
2026-08-28;LU0252499412;114.36
2026-08-31;LU0252499412;114.37
2026-09-03;LU0252499412;114.39
2026-09-11;LU0252499412;114.43
2026-08-25;LU0252500524;114.49
2026-08-26;LU0252500524;114.5
2026-08-27;LU0252500524;114.5
2026-08-28;LU0252500524;114.51
2026-08-31;LU0252500524;114.53
2026-09-03;LU0252500524;114.54
2026-09-11;LU0252500524;114.58
2026-08-24;LU0252652382;24.6699
2026-08-26;LU0252652382;24.7735
2026-08-27;LU0252652382;24.7466
2026-08-28;LU0252652382;24.6794
2026-08-31;LU0252652382;24.7159
2026-09-03;LU0252652382;24.9838
2026-09-11;LU0252652382;24.8998
2026-08-24;LU0254836850;466.8
2026-08-25;LU0254836850;475.31
2026-08-26;LU0254836850;474.02
2026-08-27;LU0254836850;472.73
2026-08-28;LU0254836850;472.95
2026-09-02;LU0254836850;477.09
2026-09-10;LU0254836850;475.26
2026-08-25;LU0255399742;116.88
2026-08-26;LU0255399742;117.51
2026-08-27;LU0255399742;118.04
2026-08-28;LU0255399742;118.59
2026-08-31;LU0255399742;118.94
2026-09-03;LU0255399742;115.53
2026-09-11;LU0255399742;114.04
2026-08-25;LU0255639139;14.4037
2026-08-26;LU0255639139;14.4315
2026-08-27;LU0255639139;14.3826
2026-08-28;LU0255639139;14.3904
2026-08-31;LU0255639139;14.2812
2026-09-03;LU0255639139;14.222
2026-09-08;LU0255639139;14.239
2026-09-11;LU0255639139;14.0873
2026-08-25;LU0255640731;14.317
2026-08-26;LU0255640731;14.3163
2026-08-27;LU0255640731;14.3192
2026-08-28;LU0255640731;14.315
2026-09-03;LU0255640731;14.2641
2026-09-11;LU0255640731;14.1613
2026-08-25;LU0255797556;144.3927
2026-08-26;LU0255797556;144.897
2026-08-24;LU0255798109;171.1723
2026-08-25;LU0255798109;171.6088
2026-08-26;LU0255798109;171.5683
2026-08-27;LU0255798109;170.8562
2026-08-28;LU0255798109;170.338
2026-09-02;LU0255798109;170.6555
2026-09-10;LU0255798109;170.45
2026-08-24;LU0255798364;154.6371
2026-08-25;LU0255798364;155.0272
2026-08-26;LU0255798364;154.9954
2026-08-27;LU0255798364;154.3441
2026-08-28;LU0255798364;153.8764
2026-09-02;LU0255798364;154.1549
2026-09-10;LU0255798364;153.9554
2026-08-25;LU0255977455;1411.26
2026-08-26;LU0255977455;1396.28
2026-08-27;LU0255977455;1398.87
2026-08-28;LU0255977455;1381.07
2026-08-31;LU0255977455;1352.48
2026-09-03;LU0255977455;1377.59
2026-09-11;LU0255977455;1362.75
2026-08-25;LU0255978776;268.89
2026-08-26;LU0255978776;268.83
2026-08-27;LU0255978776;272.63
2026-08-28;LU0255978776;273.29
2026-08-31;LU0255978776;272.46
2026-09-03;LU0255978776;270.95
2026-09-11;LU0255978776;258.74
2026-08-25;LU0255979402;151.01
2026-08-26;LU0255979402;151.96
2026-08-27;LU0255979402;152.0
2026-08-28;LU0255979402;152.86
2026-08-31;LU0255979402;153.72
2026-09-03;LU0255979402;153.75
2026-09-11;LU0255979402;151.68
2026-08-25;LU0255980327;494.0716
2026-08-26;LU0255980327;499.2988
2026-08-27;LU0255980327;494.2275
2026-08-28;LU0255980327;495.0858
2026-08-31;LU0255980327;490.2539
2026-09-03;LU0255980327;484.3053
2026-09-11;LU0255980327;475.5076
2026-08-25;LU0255980673;415.5853
2026-08-26;LU0255980673;419.9728
2026-08-27;LU0255980673;415.6945
2026-08-28;LU0255980673;416.4094
2026-08-31;LU0255980673;412.3185
2026-09-03;LU0255980673;407.297
2026-09-11;LU0255980673;399.8351
2026-08-24;LU0255981135;310.72
2026-08-25;LU0255981135;310.83
2026-08-26;LU0255981135;311.93
2026-08-27;LU0255981135;309.76
2026-08-28;LU0255981135;311.41
2026-09-02;LU0255981135;307.89
2026-09-10;LU0255981135;304.75
2026-08-25;LU0256331488;26.2634
2026-08-26;LU0256331488;25.9478
2026-08-27;LU0256331488;26.095
2026-08-28;LU0256331488;26.2553
2026-08-31;LU0256331488;26.5077
2026-09-03;LU0256331488;26.9278
2026-09-11;LU0256331488;26.7977
2026-08-25;LU0256780106;384.98
2026-08-26;LU0256780106;384.83
2026-08-27;LU0256780106;381.98
2026-08-28;LU0256780106;385.76
2026-08-31;LU0256780106;383.65
2026-09-03;LU0256780106;380.46
2026-09-11;LU0256780106;365.84
2026-08-25;LU0256839191;336.38
2026-08-26;LU0256839191;336.0
2026-08-27;LU0256839191;336.43
2026-08-28;LU0256839191;337.43
2026-08-31;LU0256839191;335.2
2026-09-03;LU0256839191;327.83
2026-09-11;LU0256839191;324.92
2026-08-25;LU0256839274;368.36
2026-08-26;LU0256839274;367.94
2026-08-27;LU0256839274;368.41
2026-08-28;LU0256839274;369.51
2026-08-31;LU0256839274;367.06
2026-09-03;LU0256839274;358.99
2026-09-11;LU0256839274;355.8
2026-08-25;LU0256839944;244.94
2026-08-26;LU0256839944;244.29
2026-08-27;LU0256839944;245.51
2026-08-28;LU0256839944;246.24
2026-08-31;LU0256839944;244.76
2026-09-03;LU0256839944;238.66
2026-09-11;LU0256839944;236.79
2026-08-25;LU0256840447;275.01
2026-08-26;LU0256840447;274.28
2026-08-27;LU0256840447;275.65
2026-08-28;LU0256840447;276.48
2026-08-31;LU0256840447;274.81
2026-09-03;LU0256840447;267.96
2026-09-11;LU0256840447;265.86
2026-08-25;LU0256846139;414.4113
2026-08-26;LU0256846139;415.0798
2026-08-27;LU0256846139;431.511
2026-08-28;LU0256846139;429.4633
2026-08-31;LU0256846139;425.4125
2026-09-03;LU0256846139;408.5363
2026-09-11;LU0256846139;421.9023
2026-08-25;LU0256846303;414.3856
2026-08-26;LU0256846303;415.0626
2026-08-27;LU0256846303;431.4938
2026-08-28;LU0256846303;429.4461
2026-08-31;LU0256846303;425.3952
2026-09-03;LU0256846303;408.5105
2026-09-11;LU0256846303;421.8851
2026-08-25;LU0260085492;59.69
2026-08-26;LU0260085492;59.47
2026-08-27;LU0260085492;59.57
2026-08-28;LU0260085492;59.44
2026-09-03;LU0260085492;58.6
2026-09-11;LU0260085492;58.34
2026-08-24;LU0260861751;34.75
2026-08-26;LU0260861751;35.04
2026-08-27;LU0260861751;35.5
2026-08-28;LU0260861751;35.29
2026-08-31;LU0260861751;35.15
2026-09-03;LU0260861751;35.32
2026-09-11;LU0260861751;35.2
2026-08-24;LU0260862304;93.95
2026-08-25;LU0260862304;94.79
2026-08-26;LU0260862304;94.29
2026-08-27;LU0260862304;94.1
2026-08-28;LU0260862304;94.91
2026-08-31;LU0260862304;94.75
2026-09-03;LU0260862304;94.74
2026-09-10;LU0260862304;91.17
2026-09-11;LU0260862304;91.84
2026-08-24;LU0260864003;19.83
2026-08-25;LU0260864003;19.94
2026-08-26;LU0260864003;20.0
2026-08-27;LU0260864003;19.84
2026-08-28;LU0260864003;19.98
2026-08-31;LU0260864003;19.75
2026-09-03;LU0260864003;19.68
2026-09-10;LU0260864003;19.18
2026-09-11;LU0260864003;19.23
2026-08-24;LU0260869739;34.14
2026-08-26;LU0260869739;34.42
2026-08-27;LU0260869739;34.87
2026-08-28;LU0260869739;34.67
2026-08-31;LU0260869739;34.53
2026-09-03;LU0260869739;34.7
2026-09-11;LU0260869739;34.58
2026-08-24;LU0260870158;63.02
2026-08-26;LU0260870158;64.02
2026-08-27;LU0260870158;65.53
2026-08-28;LU0260870158;64.76
2026-08-31;LU0260870158;64.67
2026-09-03;LU0260870158;64.49
2026-09-10;LU0260870158;64.29
2026-09-11;LU0260870158;65.11
2026-08-24;LU0260870661;25.02
2026-08-26;LU0260870661;25.08
2026-08-27;LU0260870661;25.05
2026-08-28;LU0260870661;25.07
2026-08-31;LU0260870661;25.01
2026-09-03;LU0260870661;25.3
2026-09-11;LU0260870661;25.34
2026-08-25;LU0261946445;47.53
2026-08-26;LU0261946445;47.95
2026-08-27;LU0261946445;47.93
2026-08-28;LU0261946445;48.16
2026-08-31;LU0261946445;47.52
2026-09-03;LU0261946445;47.64
2026-09-11;LU0261946445;47.8
2026-08-25;LU0261947096;37.4393
2026-08-26;LU0261947096;37.7742
2026-08-27;LU0261947096;37.7639
2026-08-28;LU0261947096;37.8452
2026-08-31;LU0261947096;37.4225
2026-09-03;LU0261947096;37.5316
2026-09-11;LU0261947096;37.5994
2026-08-25;LU0261947682;15.4762
2026-08-26;LU0261947682;15.4909
2026-08-27;LU0261947682;15.5074
2026-08-28;LU0261947682;15.4978
2026-08-31;LU0261947682;15.4528
2026-09-03;LU0261947682;15.4739
2026-09-11;LU0261947682;15.317
2026-08-25;LU0261948227;40.47
2026-08-26;LU0261948227;40.58
2026-08-27;LU0261948227;40.51
2026-08-28;LU0261948227;40.71
2026-08-31;LU0261948227;40.13
2026-09-03;LU0261948227;39.8
2026-09-11;LU0261948227;39.32
2026-08-25;LU0261948904;39.09
2026-08-26;LU0261948904;39.18
2026-08-27;LU0261948904;38.89
2026-08-28;LU0261948904;39.07
2026-08-31;LU0261948904;38.95
2026-09-03;LU0261948904;39.1
2026-09-11;LU0261948904;38.91
2026-08-25;LU0261949381;29.4774
2026-08-26;LU0261949381;29.2811
2026-08-27;LU0261949381;29.4332
2026-08-28;LU0261949381;29.5753
2026-08-31;LU0261949381;29.5642
2026-09-03;LU0261949381;29.6486
2026-09-11;LU0261949381;29.51
2026-08-25;LU0261950041;22.6171
2026-08-26;LU0261950041;22.4769
2026-08-27;LU0261950041;22.4031
2026-08-28;LU0261950041;22.4945
2026-08-31;LU0261950041;22.3336
2026-09-03;LU0261950041;22.3801
2026-09-11;LU0261950041;21.56
2026-08-25;LU0261950470;29.7269
2026-08-26;LU0261950470;29.9429
2026-08-27;LU0261950470;29.9586
2026-08-28;LU0261950470;29.8855
2026-08-31;LU0261950470;29.3991
2026-09-03;LU0261950470;29.5537
2026-09-11;LU0261950470;29.7816
2026-08-25;LU0261950553;19.92
2026-08-26;LU0261950553;19.94
2026-08-27;LU0261950553;19.85
2026-08-28;LU0261950553;19.85
2026-08-31;LU0261950553;19.79
2026-09-03;LU0261950553;19.82
2026-09-08;LU0261950553;19.76
2026-09-10;LU0261950553;19.54
2026-09-11;LU0261950553;19.57
2026-08-25;LU0261950983;44.2861
2026-08-26;LU0261950983;44.9186
2026-08-27;LU0261950983;45.1226
2026-08-28;LU0261950983;45.4693
2026-08-31;LU0261950983;44.783
2026-09-03;LU0261950983;44.7178
2026-09-11;LU0261950983;45.2795
2026-08-25;LU0261951528;33.35
2026-08-26;LU0261951528;33.42
2026-08-27;LU0261951528;33.5
2026-08-28;LU0261951528;33.63
2026-08-31;LU0261951528;33.46
2026-09-03;LU0261951528;33.0
2026-09-11;LU0261951528;32.23
2026-08-25;LU0261951957;29.24
2026-08-26;LU0261951957;29.31
2026-08-27;LU0261951957;29.17
2026-08-28;LU0261951957;29.23
2026-08-31;LU0261951957;29.07
2026-09-03;LU0261951957;29.09
2026-09-11;LU0261951957;28.6
2026-08-25;LU0261952419;40.52
2026-08-26;LU0261952419;40.23
2026-08-27;LU0261952419;40.09
2026-08-28;LU0261952419;39.84
2026-08-31;LU0261952419;39.51
2026-09-03;LU0261952419;40.01
2026-09-11;LU0261952419;38.28
2026-08-25;LU0261952682;29.93
2026-08-26;LU0261952682;29.99
2026-08-27;LU0261952682;29.75
2026-08-28;LU0261952682;30.04
2026-08-31;LU0261952682;29.73
2026-09-03;LU0261952682;29.52
2026-09-11;LU0261952682;29.33
2026-08-25;LU0261953904;31.58
2026-08-26;LU0261953904;31.62
2026-08-27;LU0261953904;31.65
2026-08-28;LU0261953904;31.78
2026-08-31;LU0261953904;31.7
2026-09-03;LU0261953904;31.68
2026-09-11;LU0261953904;31.56
2026-08-25;LU0261959422;34.4
2026-08-26;LU0261959422;34.41
2026-08-27;LU0261959422;34.38
2026-08-28;LU0261959422;34.48
2026-08-31;LU0261959422;34.19
2026-09-03;LU0261959422;33.84
2026-09-11;LU0261959422;33.27
2026-08-25;LU0261961675;19.6837
2026-08-26;LU0261961675;19.7329
2026-08-27;LU0261961675;19.8179
2026-08-28;LU0261961675;19.8692
2026-08-31;LU0261961675;19.7572
2026-09-03;LU0261961675;19.8717
2026-09-07;LU0261961675;19.8684
2026-09-08;LU0261961675;19.81
2026-09-10;LU0261961675;19.582
2026-09-11;LU0261961675;19.7167
2026-08-25;LU0262418394;17.36
2026-08-26;LU0262418394;17.38
2026-08-27;LU0262418394;17.37
2026-08-28;LU0262418394;17.39
2026-09-03;LU0262418394;17.34
2026-09-11;LU0262418394;17.22
2026-08-25;LU0264597450;21.11
2026-08-26;LU0264597450;21.07
2026-08-27;LU0264597450;21.03
2026-08-28;LU0264597450;20.98
2026-08-31;LU0264597450;20.95
2026-09-03;LU0264597450;21.03
2026-09-11;LU0264597450;20.74
2026-08-25;LU0264597617;20.86
2026-08-26;LU0264597617;20.83
2026-08-27;LU0264597617;20.79
2026-08-28;LU0264597617;20.74
2026-08-31;LU0264597617;20.71
2026-09-03;LU0264597617;20.78
2026-09-11;LU0264597617;20.5
2026-08-25;LU0264738294;25.77
2026-08-26;LU0264738294;25.88
2026-08-27;LU0264738294;25.69
2026-08-28;LU0264738294;25.59
2026-08-31;LU0264738294;25.28
2026-09-03;LU0264738294;25.19
2026-09-11;LU0264738294;24.77
2026-08-24;LU0265267954;75.7927
2026-08-24;LU0265293521;279.92
2026-08-25;LU0265293521;276.66
2026-08-26;LU0265293521;279.56
2026-08-28;LU0265293521;280.56
2026-09-02;LU0265293521;271.44
2026-09-10;LU0265293521;279.75
2026-09-11;LU0265293521;280.93
2026-08-24;LU0266009793;138.16
2026-08-26;LU0266009793;138.46
2026-08-27;LU0266009793;138.45
2026-08-28;LU0266009793;138.02
2026-09-03;LU0266009793;138.04
2026-09-11;LU0266009793;136.46
2026-08-24;LU0266009959;169.235
2026-08-26;LU0266009959;169.9196
2026-08-27;LU0266009959;169.9116
2026-08-28;LU0266009959;169.7614
2026-09-03;LU0266009959;169.8606
2026-09-11;LU0266009959;168.0308
2026-08-25;LU0266117414;131.76
2026-08-26;LU0266117414;132.28
2026-08-27;LU0266117414;133.78
2026-08-28;LU0266117414;135.07
2026-08-31;LU0266117414;131.36
2026-09-03;LU0266117414;132.95
2026-09-11;LU0266117414;132.09
2026-08-25;LU0266117927;89.32
2026-08-26;LU0266117927;89.61
2026-08-27;LU0266117927;90.38
2026-08-28;LU0266117927;91.28
2026-08-31;LU0266117927;89.09
2026-09-03;LU0266117927;90.07
2026-09-11;LU0266117927;88.37
2026-08-25;LU0266512127;21.6289
2026-08-26;LU0266512127;21.7403
2026-08-27;LU0266512127;21.6211
2026-08-28;LU0266512127;21.7795
2026-08-31;LU0266512127;21.5134
2026-09-03;LU0266512127;21.7048
2026-09-11;LU0266512127;21.6797
2026-08-25;LU0266512630;12.5969
2026-08-26;LU0266512630;12.6654
2026-08-27;LU0266512630;12.5965
2026-08-28;LU0266512630;12.6839
2026-08-31;LU0266512630;12.5344
2026-09-03;LU0266512630;12.6425
2026-09-11;LU0266512630;12.6221
2026-08-25;LU0267388220;26.9224
2026-08-26;LU0267388220;26.9181
2026-08-27;LU0267388220;26.9142
2026-08-28;LU0267388220;26.9101
2026-08-31;LU0267388220;26.9063
2026-09-03;LU0267388220;26.9069
2026-09-11;LU0267388220;26.8753
2026-08-25;LU0267983889;98.3499
2026-08-26;LU0267983889;98.6241
2026-08-27;LU0267983889;98.4883
2026-08-28;LU0267983889;98.6058
2026-08-31;LU0267983889;98.8807
2026-09-03;LU0267983889;98.6443
2026-09-11;LU0267983889;96.9819
2026-08-25;LU0267985231;28.95
2026-08-26;LU0267985231;28.89
2026-08-27;LU0267985231;28.82
2026-08-28;LU0267985231;28.75
2026-08-31;LU0267985231;28.73
2026-09-03;LU0267985231;28.36
2026-09-11;LU0267985231;28.15
2026-08-25;LU0267986122;27.35
2026-08-26;LU0267986122;27.37
2026-08-27;LU0267986122;27.21
2026-08-28;LU0267986122;27.21
2026-08-31;LU0267986122;27.21
2026-09-03;LU0267986122;26.75
2026-09-11;LU0267986122;26.52
2026-08-25;LU0270816068;76.6868
2026-08-26;LU0270816068;78.268
2026-08-27;LU0270816068;79.3222
2026-08-28;LU0270816068;80.8673
2026-08-31;LU0270816068;80.0557
2026-09-03;LU0270816068;79.4567
2026-09-11;LU0270816068;80.4695
2026-08-25;LU0270904781;414.28
2026-08-26;LU0270904781;415.66
2026-08-27;LU0270904781;431.22
2026-08-28;LU0270904781;428.57
2026-08-31;LU0270904781;426.07
2026-09-03;LU0270904781;408.34
2026-09-11;LU0270904781;422.04
2026-08-24;LU0271483876;449.0972
2026-08-25;LU0271483876;450.7009
2026-08-26;LU0271483876;450.8393
2026-08-27;LU0271483876;457.2755
2026-08-28;LU0271483876;455.2032
2026-08-31;LU0271483876;452.6168
2026-09-03;LU0271483876;452.0361
2026-09-10;LU0271483876;438.5781
2026-09-11;LU0271483876;441.6711
2026-08-24;LU0271681321;23.1084
2026-08-25;LU0271681321;23.1801
2026-08-26;LU0271681321;23.1851
2026-08-27;LU0271681321;23.2276
2026-09-02;LU0271681321;23.0213
2026-09-07;LU0271681321;23.1653
2026-09-10;LU0271681321;22.8623
2025-03-21;LU0271681750;22.9859
2026-08-24;LU0271686809;16.3612
2026-08-25;LU0271686809;16.4122
2026-08-24;LU0272941971;121.79
2026-08-25;LU0272941971;121.91
2026-08-26;LU0272941971;121.75
2026-08-27;LU0272941971;121.83
2026-08-28;LU0272941971;121.4
2026-09-02;LU0272941971;121.44
2026-09-07;LU0272941971;120.76
2026-09-10;LU0272941971;121.64
2026-08-25;LU0273158872;182.25
2026-08-26;LU0273158872;184.72
2026-08-27;LU0273158872;181.68
2026-08-28;LU0273158872;183.43
2026-08-31;LU0273158872;184.64
2026-09-03;LU0273158872;185.98
2026-09-11;LU0273158872;183.98
2026-08-25;LU0273159177;349.28
2026-08-26;LU0273159177;354.91
2026-08-27;LU0273159177;351.45
2026-08-28;LU0273159177;356.53
2026-08-31;LU0273159177;336.59
2026-09-03;LU0273159177;340.98
2026-09-11;LU0273159177;337.81
2026-08-25;LU0273164847;143.3815
2026-08-26;LU0273164847;145.0868
2026-08-27;LU0273164847;142.9926
2026-08-28;LU0273164847;144.5657
2026-08-31;LU0273164847;144.998
2026-09-03;LU0273164847;146.3484
2026-09-11;LU0273164847;144.6549
2026-08-25;LU0275692696;44.4
2026-08-26;LU0275692696;44.74
2026-08-27;LU0275692696;45.03
2026-08-28;LU0275692696;45.26
2026-08-31;LU0275692696;44.76
2026-09-03;LU0275692696;45.09
2026-09-11;LU0275692696;44.56
2026-08-25;LU0275693405;34.6971
2026-08-26;LU0275693405;34.9663
2026-08-27;LU0275693405;35.1965
2026-08-28;LU0275693405;35.2895
2026-08-31;LU0275693405;34.9689
2026-09-03;LU0275693405;35.2338
2026-09-11;LU0275693405;34.7754
2026-08-24;LU0276013082;230.18
2026-08-26;LU0276013082;230.59
2026-08-27;LU0276013082;230.67
2026-08-28;LU0276013082;230.53
2026-08-31;LU0276013082;230.38
2026-09-03;LU0276013082;230.21
2026-09-11;LU0276013082;228.68
2026-08-24;LU0276014999;200.8396
2026-08-26;LU0276014999;201.5627
2026-08-27;LU0276014999;201.6477
2026-08-28;LU0276014999;201.9617
2026-08-31;LU0276014999;201.9194
2026-09-03;LU0276014999;201.7638
2026-09-11;LU0276014999;200.559
2026-08-25;LU0277197249;34.42
2026-08-26;LU0277197249;34.47
2026-08-27;LU0277197249;34.49
2026-08-28;LU0277197249;34.53
2026-08-31;LU0277197249;34.56
2026-09-03;LU0277197249;34.46
2026-09-11;LU0277197249;34.32
2026-08-24;LU0277301916;269.8691
2026-08-25;LU0277301916;270.927
2026-08-26;LU0277301916;271.2376
2026-08-27;LU0277301916;272.2897
2026-08-28;LU0277301916;273.1001
2026-09-02;LU0277301916;270.4439
2026-09-10;LU0277301916;265.0059
2026-08-25;LU0278453476;10.65
2026-08-26;LU0278453476;10.67
2026-08-27;LU0278453476;10.67
2026-08-28;LU0278453476;10.66
2026-08-31;LU0278453476;10.63
2026-09-03;LU0278453476;10.63
2026-09-11;LU0278453476;10.57
2026-08-25;LU0278457204;24.94
2026-08-26;LU0278457204;24.97
2026-08-27;LU0278457204;24.89
2026-08-28;LU0278457204;24.85
2026-08-31;LU0278457204;24.82
2026-09-03;LU0278457204;24.91
2026-09-11;LU0278457204;24.84
2026-08-25;LU0278466700;15.2534
2026-08-26;LU0278466700;15.2791
2026-08-27;LU0278466700;15.3099
2026-08-28;LU0278466700;15.3343
2026-08-31;LU0278466700;15.2978
2026-09-03;LU0278466700;15.2932
2026-09-11;LU0278466700;15.2137
2026-08-25;LU0278529986;27.1113
2026-08-26;LU0278529986;27.2677
2026-08-27;LU0278529986;26.9837
2026-08-28;LU0278529986;27.0777
2026-08-31;LU0278529986;26.9722
2026-09-03;LU0278529986;27.0491
2026-09-11;LU0278529986;26.5317
2026-08-25;LU0278718100;14.87
2026-08-25;LU0279459456;39.3225
2026-08-26;LU0279459456;39.6348
2026-08-27;LU0279459456;39.8677
2026-08-28;LU0279459456;39.7217
2026-08-31;LU0279459456;39.336
2026-09-03;LU0279459456;39.0181
2026-09-11;LU0279459456;39.6224
2026-08-25;LU0279509144;185.89
2026-08-26;LU0279509144;186.63
2026-08-27;LU0279509144;186.02
2026-08-28;LU0279509144;185.84
2026-08-31;LU0279509144;185.43
2026-09-03;LU0279509144;183.83
2026-09-11;LU0279509144;182.36
2026-08-25;LU0279509904;130.37
2026-08-26;LU0279509904;130.89
2026-08-27;LU0279509904;130.46
2026-08-28;LU0279509904;130.34
2026-08-31;LU0279509904;130.05
2026-09-03;LU0279509904;128.93
2026-09-11;LU0279509904;127.9
2026-08-25;LU0280430660;220.3767
2026-08-26;LU0280430660;221.6364
2026-08-27;LU0280430660;222.9768
2026-08-28;LU0280430660;223.2077
2026-08-31;LU0280430660;219.8774
2026-09-03;LU0280430660;213.8899
2026-09-11;LU0280430660;216.7198
2026-08-25;LU0280433847;280.2932
2026-08-26;LU0280433847;280.259
2026-08-27;LU0280433847;279.2963
2026-08-28;LU0280433847;281.034
2026-08-31;LU0280433847;277.7371
2026-09-03;LU0280433847;271.1728
2026-09-11;LU0280433847;265.0988
2026-08-25;LU0280435388;220.27
2026-08-26;LU0280435388;221.91
2026-08-27;LU0280435388;222.79
2026-08-28;LU0280435388;222.71
2026-08-31;LU0280435388;220.19
2026-09-03;LU0280435388;213.76
2026-09-11;LU0280435388;216.76
2026-08-24;LU0280437673;171.13
2026-08-25;LU0280437673;171.57
2026-08-26;LU0280437673;171.53
2026-08-27;LU0280437673;170.81
2026-08-28;LU0280437673;170.3
2026-09-02;LU0280437673;170.62
2026-09-10;LU0280437673;170.41
2026-08-25;LU0281482918;36.72
2026-08-26;LU0281482918;36.76
2026-08-27;LU0281482918;36.79
2026-08-28;LU0281482918;36.95
2026-08-31;LU0281482918;36.53
2026-09-03;LU0281482918;36.56
2026-09-11;LU0281482918;36.37
2026-08-25;LU0281483486;56.2299
2026-08-25;LU0281483569;387.32
2026-08-26;LU0281483569;388.44
2026-08-27;LU0281483569;388.76
2026-08-28;LU0281483569;390.74
2026-08-31;LU0281483569;387.87
2026-09-03;LU0281483569;387.4
2026-09-11;LU0281483569;386.04
2026-08-25;LU0281484880;47.1311
2026-08-26;LU0281484880;47.28
2026-08-27;LU0281484880;47.3208
2026-08-28;LU0281484880;47.6206
2026-08-31;LU0281484880;47.0987
2026-09-03;LU0281484880;47.1362
2026-09-11;LU0281484880;46.924
2026-08-25;LU0281484963;293.53
2026-08-26;LU0281484963;294.37
2026-08-27;LU0281484963;294.61
2026-08-28;LU0281484963;296.1
2026-08-31;LU0281484963;293.9
2026-09-03;LU0281484963;293.53
2026-09-11;LU0281484963;292.46
2026-08-25;LU0281485184;30.68
2026-08-26;LU0281485184;30.71
2026-08-27;LU0281485184;30.74
2026-08-28;LU0281485184;30.87
2026-08-31;LU0281485184;30.51
2026-09-03;LU0281485184;30.54
2026-09-11;LU0281485184;30.38
2026-08-24;LU0282274348;447.42
2026-08-24;LU0282719219;52.8222
2026-08-25;LU0282719219;53.2564
2026-08-26;LU0282719219;53.4669
2026-08-27;LU0282719219;53.4548
2026-08-28;LU0282719219;53.5978
2026-09-02;LU0282719219;52.0989
2026-09-10;LU0282719219;51.379
2026-08-25;LU0284208625;45.08
2026-08-26;LU0284208625;45.07
2026-08-27;LU0284208625;45.37
2026-08-28;LU0284208625;45.52
2026-08-31;LU0284208625;45.11
2026-09-03;LU0284208625;45.04
2026-09-11;LU0284208625;45.39
2026-08-25;LU0284208971;38.97
2026-08-26;LU0284208971;38.97
2026-08-27;LU0284208971;39.23
2026-08-28;LU0284208971;39.36
2026-08-31;LU0284208971;39.0
2026-09-03;LU0284208971;38.93
2026-09-11;LU0284208971;39.23
2026-08-24;LU0284393930;164.9
2026-08-25;LU0284393930;165.35
2026-08-26;LU0284393930;165.23
2026-08-27;LU0284393930;165.05
2026-08-28;LU0284393930;164.71
2026-09-02;LU0284393930;163.57
2026-09-10;LU0284393930;161.75
2026-08-24;LU0284394235;198.63
2026-08-25;LU0284394235;199.03
2026-08-26;LU0284394235;198.88
2026-08-27;LU0284394235;198.25
2026-08-28;LU0284394235;198.32
2026-09-02;LU0284394235;196.99
2026-09-04;LU0284394235;197.66
2026-09-07;LU0284394235;197.49
2026-09-10;LU0284394235;195.39
2026-08-24;LU0284396016;379.2
2026-08-25;LU0284396016;380.19
2026-08-26;LU0284396016;380.46
2026-08-27;LU0284396016;376.69
2026-08-28;LU0284396016;378.44
2026-09-02;LU0284396016;374.21
2026-09-10;LU0284396016;368.62
2026-08-25;LU0289089384;39.7
2026-08-26;LU0289089384;39.91
2026-08-27;LU0289089384;39.46
2026-08-28;LU0289089384;39.65
2026-08-31;LU0289089384;39.68
2026-09-03;LU0289089384;39.59
2026-09-11;LU0289089384;39.21
2026-08-25;LU0289214628;33.32
2026-08-26;LU0289214628;33.5
2026-08-27;LU0289214628;33.12
2026-08-28;LU0289214628;33.27
2026-08-31;LU0289214628;33.3
2026-09-03;LU0289214628;33.21
2026-09-11;LU0289214628;32.9
2026-08-25;LU0289215948;32.03
2026-08-26;LU0289215948;32.08
2026-08-27;LU0289215948;32.03
2026-08-28;LU0289215948;32.16
2026-08-31;LU0289215948;31.96
2026-09-03;LU0289215948;31.97
2026-09-11;LU0289215948;31.55
2026-08-25;LU0289216169;25.85
2026-08-26;LU0289216169;25.89
2026-08-27;LU0289216169;25.84
2026-08-28;LU0289216169;25.95
2026-08-31;LU0289216169;25.79
2026-09-03;LU0289216169;25.79
2026-09-11;LU0289216169;25.44
2026-08-25;LU0289470113;142.9
2026-08-26;LU0289470113;142.92
2026-08-27;LU0289470113;142.9
2026-08-28;LU0289470113;142.92
2026-08-31;LU0289470113;142.92
2026-09-03;LU0289470113;142.91
2026-09-11;LU0289470113;142.73
2026-08-25;LU0289473059;137.05
2026-08-26;LU0289473059;137.06
2026-08-27;LU0289473059;137.05
2026-08-28;LU0289473059;137.07
2026-08-31;LU0289473059;137.06
2026-09-03;LU0289473059;137.05
2026-09-11;LU0289473059;136.87
2026-08-25;LU0289476318;144.43
2026-08-26;LU0289476318;144.71
2026-08-27;LU0289476318;144.45
2026-08-28;LU0289476318;145.01
2026-08-31;LU0289476318;144.06
2026-09-03;LU0289476318;144.12
2026-09-11;LU0289476318;142.42
2026-08-25;LU0291343597;137.3243
2026-08-26;LU0291343597;137.5038
2026-08-27;LU0291343597;137.4332
2026-08-28;LU0291343597;137.3949
2026-08-31;LU0291343597;136.9092
2026-09-03;LU0291343597;136.7234
2026-09-11;LU0291343597;135.5382
2026-08-25;LU0292454872;55.9318
2026-08-26;LU0292454872;56.0004
2026-08-27;LU0292454872;56.165
2026-08-28;LU0292454872;56.5269
2026-08-31;LU0292454872;55.9055
2026-09-03;LU0292454872;55.9489
2026-09-11;LU0292454872;55.7147
2026-08-24;LU0292585030;173.1267
2026-08-26;LU0292585030;173.5862
2026-08-27;LU0292585030;173.7069
2026-08-28;LU0292585030;173.9693
2026-08-31;LU0292585030;174.0785
2026-09-03;LU0292585030;173.9399
2026-09-11;LU0292585030;173.1795
2026-08-24;LU0292585626;161.58
2026-08-26;LU0292585626;161.72
2026-08-27;LU0292585626;161.81
2026-08-28;LU0292585626;161.71
2026-08-31;LU0292585626;161.74
2026-09-03;LU0292585626;161.62
2026-09-11;LU0292585626;160.8
2026-08-24;LU0292586350;64.35
2026-08-26;LU0292586350;64.4
2026-08-27;LU0292586350;64.44
2026-08-28;LU0292586350;64.4
2026-08-31;LU0292586350;64.41
2026-09-03;LU0292586350;64.36
2026-09-11;LU0292586350;64.04
2026-08-24;LU0294217905;74.44
2026-08-24;LU0294219513;22.44
2026-08-25;LU0294219513;22.45
2026-08-26;LU0294219513;22.42
2026-08-27;LU0294219513;22.32
2026-08-28;LU0294219513;22.45
2026-08-31;LU0294219513;22.34
2026-09-03;LU0294219513;22.39
2026-09-10;LU0294219513;21.77
2026-09-11;LU0294219513;21.87
2026-08-24;LU0294221097;16.63
2026-08-26;LU0294221097;16.65
2026-08-27;LU0294221097;16.62
2026-08-28;LU0294221097;16.55
2026-08-31;LU0294221097;16.55
2026-09-03;LU0294221097;16.76
2026-09-11;LU0294221097;16.73
2026-08-25;LU0296857971;21.07
2026-08-26;LU0296857971;21.06
2026-08-27;LU0296857971;20.85
2026-08-28;LU0296857971;20.94
2026-08-31;LU0296857971;20.8
2026-09-03;LU0296857971;20.9
2026-09-11;LU0296857971;20.5
2026-08-25;LU0300357554;168.44
2026-08-26;LU0300357554;168.42
2026-08-27;LU0300357554;168.2
2026-08-28;LU0300357554;168.1
2026-08-31;LU0300357554;167.7
2026-09-03;LU0300357554;167.4
2026-09-11;LU0300357554;165.95
2026-08-24;LU0300737037;15.5666
2026-08-26;LU0300737037;15.6283
2026-08-27;LU0300737037;15.6276
2026-08-28;LU0300737037;15.6269
2026-08-31;LU0300737037;15.625
2026-09-03;LU0300737037;15.6116
2026-09-11;LU0300737037;15.4892
2026-08-24;LU0300738514;16.3895
2026-08-25;LU0300738514;16.6244
2026-08-26;LU0300738514;16.7103
2026-08-27;LU0300738514;16.8126
2026-08-28;LU0300738514;16.8832
2026-08-31;LU0300738514;16.8474
2026-09-03;LU0300738514;16.9714
2026-09-10;LU0300738514;16.787
2026-09-11;LU0300738514;16.9185
2026-08-24;LU0300741732;11.55
2026-08-25;LU0300741732;11.52
2026-08-26;LU0300741732;11.49
2026-08-27;LU0300741732;11.52
2026-08-28;LU0300741732;11.49
2026-08-31;LU0300741732;11.53
2026-09-03;LU0300741732;11.62
2026-09-10;LU0300741732;11.48
2026-09-11;LU0300741732;11.52
2026-08-24;LU0300742896;15.6
2026-08-24;LU0300743431;23.44
2026-08-25;LU0300743431;23.74
2026-08-26;LU0300743431;23.86
2026-08-27;LU0300743431;24.02
2026-08-28;LU0300743431;24.2
2026-08-31;LU0300743431;24.08
2026-09-03;LU0300743431;24.23
2026-09-10;LU0300743431;24.02
2026-09-11;LU0300743431;24.21
2026-08-24;LU0300745303;9.3
2026-08-26;LU0300745303;9.33
2026-08-27;LU0300745303;9.32
2026-08-28;LU0300745303;9.33
2026-08-31;LU0300745303;9.31
2026-09-03;LU0300745303;9.41
2026-09-11;LU0300745303;9.4
2026-08-24;LU0300745725;6.51
2026-08-26;LU0300745725;6.52
2026-08-27;LU0300745725;6.51
2026-08-28;LU0300745725;6.52
2026-08-31;LU0300745725;6.5
2026-09-03;LU0300745725;6.58
2026-09-11;LU0300745725;6.59
2026-08-25;LU0301634860;31.655
2026-08-26;LU0301634860;31.9978
2026-08-27;LU0301634860;32.4745
2026-08-28;LU0301634860;32.4068
2026-08-31;LU0301634860;32.6446
2026-09-03;LU0301634860;31.7741
2026-09-11;LU0301634860;33.3978
2026-08-25;LU0301637293;31.66
2026-08-26;LU0301637293;32.06
2026-08-27;LU0301637293;32.47
2026-08-28;LU0301637293;32.36
2026-08-31;LU0301637293;32.71
2026-09-03;LU0301637293;31.78
2026-09-11;LU0301637293;33.43
2026-08-25;LU0301638341;26.1792
2026-08-26;LU0301638341;26.462
2026-08-27;LU0301638341;26.8503
2026-08-28;LU0301638341;26.8049
2026-08-31;LU0301638341;26.9886
2026-09-03;LU0301638341;26.2747
2026-09-11;LU0301638341;27.6119
2026-08-24;LU0302296495;1960.3839
2026-08-25;LU0302296495;1968.7158
2026-08-26;LU0302296495;1967.1967
2026-08-27;LU0302296495;1994.7978
2026-08-28;LU0302296495;2008.3305
2026-09-02;LU0302296495;1985.6902
2026-09-10;LU0302296495;1962.3068
2026-08-25;LU0302445910;27.352
2026-08-26;LU0302445910;27.3002
2026-08-27;LU0302445910;27.4737
2026-08-28;LU0302445910;27.6163
2026-08-31;LU0302445910;27.3611
2026-09-03;LU0302445910;26.9253
2026-09-11;LU0302445910;26.8013
2026-08-25;LU0302446645;36.9279
2026-08-26;LU0302446645;36.888
2026-08-27;LU0302446645;37.0968
2026-08-28;LU0302446645;37.1822
2026-08-31;LU0302446645;36.9957
2026-09-03;LU0302446645;36.3188
2026-09-11;LU0302446645;36.2109
2026-08-25;LU0303816705;25.4
2026-08-26;LU0303816705;25.41
2026-08-27;LU0303816705;25.32
2026-08-28;LU0303816705;25.38
2026-08-31;LU0303816705;25.04
2026-09-03;LU0303816705;24.87
2026-09-11;LU0303816705;25.22
2026-08-25;LU0304100331;13.01
2026-08-24;LU0304860561;187.1
2026-08-25;LU0304860561;187.49
2026-08-25;LU0306804302;23.7652
2026-08-26;LU0306804302;23.7184
2026-08-27;LU0306804302;23.8171
2026-08-28;LU0306804302;23.8884
2026-08-31;LU0306804302;23.657
2026-09-03;LU0306804302;23.2816
2026-09-11;LU0306804302;23.1566
2026-08-25;LU0306806265;18.0775
2026-08-26;LU0306806265;18.1132
2026-08-27;LU0306806265;17.9414
2026-08-28;LU0306806265;18.1195
2026-08-31;LU0306806265;18.1195
2026-09-03;LU0306806265;18.1794
2026-09-11;LU0306806265;17.7949
2026-08-25;LU0306807586;4.356
2026-08-26;LU0306807586;4.3647
2026-08-27;LU0306807586;4.3233
2026-08-28;LU0306807586;4.3661
2026-08-31;LU0306807586;4.3662
2026-09-03;LU0306807586;4.3806
2026-09-11;LU0306807586;4.2879
2026-08-25;LU0307839646;25.64
2026-08-26;LU0307839646;25.82
2026-08-27;LU0307839646;25.83
2026-08-28;LU0307839646;25.83
2026-08-31;LU0307839646;25.36
2026-09-03;LU0307839646;25.49
2026-09-11;LU0307839646;25.72
2026-08-24;LU0309191657;260.09
2026-08-25;LU0309191657;259.16
2026-08-26;LU0309191657;259.54
2026-08-27;LU0309191657;258.61
2026-08-28;LU0309191657;260.46
2026-09-02;LU0309191657;256.26
2026-09-10;LU0309191657;249.28
2026-08-24;LU0312334617;139.06
2026-08-25;LU0312334617;139.65
2026-08-26;LU0312334617;139.36
2026-08-27;LU0312334617;138.52
2026-08-28;LU0312334617;139.18
2026-09-02;LU0312334617;138.45
2026-09-10;LU0312334617;137.0
2026-08-24;LU0313355587;27.1644
2026-08-25;LU0313355587;27.3018
2026-08-26;LU0313355587;27.5729
2026-08-27;LU0313355587;27.6832
2026-08-28;LU0313355587;27.7514
2026-09-03;LU0313355587;27.6173
2026-09-10;LU0313355587;28.3023
2026-09-11;LU0313355587;27.9736
2026-08-24;LU0316492858;28.76
2026-08-25;LU0316492858;28.72
2026-08-26;LU0316492858;28.66
2026-08-27;LU0316492858;28.69
2026-08-28;LU0316492858;28.69
2026-08-31;LU0316492858;28.62
2026-09-03;LU0316492858;28.85
2026-09-04;LU0316492858;28.83
2026-09-10;LU0316492858;28.3
2026-09-11;LU0316492858;28.4
2026-08-24;LU0316493583;32.7
2026-08-25;LU0316493583;33.13
2026-08-26;LU0316493583;33.2
2026-08-27;LU0316493583;33.39
2026-08-28;LU0316493583;33.2
2026-08-31;LU0316493583;33.05
2026-09-03;LU0316493583;33.3
2026-09-10;LU0316493583;32.94
2026-09-11;LU0316493583;33.21
2026-08-24;LU0316493740;9.22
2026-08-24;LU0316494391;21.76
2026-08-25;LU0316494391;21.93
2026-08-26;LU0316494391;21.93
2026-08-27;LU0316494391;22.2
2026-08-28;LU0316494391;21.95
2026-08-31;LU0316494391;21.92
2026-09-03;LU0316494391;22.05
2026-09-10;LU0316494391;21.63
2026-09-11;LU0316494391;21.9
2026-08-24;LU0316494805;16.28
2026-08-25;LU0316494805;16.35
2026-08-26;LU0316494805;16.37
2026-08-27;LU0316494805;16.44
2026-08-28;LU0316494805;16.42
2026-08-31;LU0316494805;16.34
2026-09-03;LU0316494805;16.42
2026-09-04;LU0316494805;16.49
2026-09-10;LU0316494805;16.29
2026-09-11;LU0316494805;16.41
2026-08-24;LU0316494987;10.13
2026-08-25;LU0316494987;10.19
2026-08-26;LU0316494987;10.18
2026-08-27;LU0316494987;10.22
2026-08-28;LU0316494987;10.15
2026-08-31;LU0316494987;10.13
2026-09-03;LU0316494987;10.19
2026-09-04;LU0316494987;10.22
2026-09-10;LU0316494987;10.08
2026-09-11;LU0316494987;10.15
2026-08-25;LU0318931192;20.06
2026-08-26;LU0318931192;20.14
2026-08-27;LU0318931192;19.95
2026-08-28;LU0318931192;20.17
2026-08-31;LU0318931192;19.94
2026-09-03;LU0318931192;19.76
2026-09-11;LU0318931192;19.42
2026-08-25;LU0318931358;20.3521
2026-08-25;LU0318932836;16.543
2026-08-25;LU0318933057;20.35
2026-08-26;LU0318933057;20.59
2026-08-27;LU0318933057;20.72
2026-08-28;LU0318933057;20.8
2026-08-31;LU0318933057;20.77
2026-09-03;LU0318933057;20.74
2026-09-11;LU0318933057;20.67
2026-08-25;LU0318933487;188.39
2026-08-26;LU0318933487;190.63
2026-08-27;LU0318933487;191.82
2026-08-28;LU0318933487;192.56
2026-08-31;LU0318933487;192.29
2026-09-03;LU0318933487;192.0
2026-09-11;LU0318933487;191.22
2026-08-24;LU0319687124;99.2026
2026-08-25;LU0319687124;99.0525
2026-08-26;LU0319687124;99.0682
2026-08-27;LU0319687124;99.0293
2026-08-28;LU0319687124;98.9845
2026-09-02;LU0319687124;99.1933
2026-09-07;LU0319687124;98.6024
2026-09-10;LU0319687124;99.4406
2026-08-24;LU0319688015;235.2815
2026-08-26;LU0319688015;235.7586
2026-08-27;LU0319688015;235.8825
2026-08-28;LU0319688015;235.8142
2026-08-31;LU0319688015;235.8639
2026-09-03;LU0319688015;236.1283
2026-09-11;LU0319688015;233.7932
2026-08-24;LU0319688791;172.8438
2026-08-26;LU0319688791;173.3398
2026-08-27;LU0319688791;173.5953
2026-08-28;LU0319688791;173.5046
2026-08-31;LU0319688791;173.3726
2026-09-03;LU0319688791;172.976
2026-09-11;LU0319688791;171.2337
2026-08-25;LU0319791538;140.0653
2026-08-26;LU0319791538;140.2898
2026-08-27;LU0319791538;139.9082
2026-08-28;LU0319791538;139.9402
2026-08-31;LU0319791538;139.6565
2026-09-03;LU0319791538;138.3877
2026-09-11;LU0319791538;137.6349
2026-08-24;LU0320896664;423.82
2026-08-25;LU0320896664;425.2
2026-08-26;LU0320896664;424.85
2026-08-27;LU0320896664;424.71
2026-08-28;LU0320896664;424.48
2026-09-02;LU0320896664;423.89
2026-09-10;LU0320896664;415.38
2026-08-25;LU0321371998;34.4142
2026-08-26;LU0321371998;34.4693
2026-08-27;LU0321371998;34.3756
2026-08-28;LU0321371998;34.3834
2026-08-31;LU0321371998;34.3137
2026-09-03;LU0321371998;34.002
2026-09-11;LU0321371998;33.817
2026-08-25;LU0322549691;13.46
2026-08-25;LU0323456466;198.6278
2026-08-26;LU0323456466;198.6621
2026-08-27;LU0323456466;199.0717
2026-08-28;LU0323456466;199.5351
2026-08-31;LU0323456466;199.6209
2026-09-03;LU0323456466;199.595
2026-09-11;LU0323456466;199.4828
2026-08-24;LU0325598166;120.04
2026-08-25;LU0325598166;120.11
2026-08-26;LU0325598166;120.08
2026-08-27;LU0325598166;120.06
2026-08-28;LU0325598166;120.01
2026-09-02;LU0325598166;119.93
2026-09-10;LU0325598166;119.68
2026-08-24;LU0325599487;115.39
2026-08-25;LU0325599487;115.47
2026-08-26;LU0325599487;115.43
2026-08-27;LU0325599487;115.41
2026-08-28;LU0325599487;115.36
2026-09-02;LU0325599487;115.29
2026-09-10;LU0325599487;115.04
2026-08-25;LU0326422176;8.71
2026-08-26;LU0326422176;8.71
2026-08-27;LU0326422176;8.67
2026-08-28;LU0326422176;8.69
2026-08-31;LU0326422176;8.82
2026-09-03;LU0326422176;8.98
2026-09-11;LU0326422176;9.04
2026-08-25;LU0326422689;14.8
2026-08-26;LU0326422689;14.95
2026-08-27;LU0326422689;14.79
2026-08-28;LU0326422689;14.92
2026-08-31;LU0326422689;14.02
2026-09-03;LU0326422689;14.24
2026-09-11;LU0326422689;14.16
2026-08-25;LU0326424115;8.4
2026-08-26;LU0326424115;8.51
2026-08-27;LU0326424115;8.41
2026-08-28;LU0326424115;8.47
2026-08-31;LU0326424115;8.2
2026-09-03;LU0326424115;8.2
2026-09-11;LU0326424115;8.08
2026-08-24;LU0328353924;214.8032
2026-08-25;LU0328353924;216.7176
2026-08-26;LU0328353924;218.1098
2026-08-27;LU0328353924;218.2971
2026-08-28;LU0328353924;217.4767
2026-09-02;LU0328353924;216.2758
2026-09-10;LU0328353924;220.7164
2026-08-25;LU0329070915;31.46
2026-08-27;LU0329070915;31.31
2026-08-28;LU0329070915;31.37
2026-09-03;LU0329070915;31.41
2026-09-11;LU0329070915;30.57
2026-08-25;LU0329201957;257.1047
2026-08-26;LU0329201957;257.9788
2026-08-27;LU0329201957;257.057
2026-08-28;LU0329201957;258.437
2026-08-31;LU0329201957;257.1965
2026-09-03;LU0329201957;257.2221
2026-09-11;LU0329201957;253.6563
2026-08-25;LU0329202252;326.1
2026-08-26;LU0329202252;327.77
2026-08-27;LU0329202252;325.91
2026-08-28;LU0329202252;327.2
2026-08-31;LU0329202252;326.82
2026-09-03;LU0329202252;326.19
2026-09-11;LU0329202252;321.93
2026-08-25;LU0329202419;196.85
2026-08-26;LU0329202419;197.59
2026-08-27;LU0329202419;196.41
2026-08-28;LU0329202419;197.0
2026-08-31;LU0329202419;196.13
2026-09-03;LU0329202419;195.76
2026-09-11;LU0329202419;192.78
2026-08-25;LU0329203490;223.3417
2026-08-26;LU0329203490;224.0958
2026-08-27;LU0329203490;223.2945
2026-08-28;LU0329203490;224.4812
2026-08-31;LU0329203490;223.3984
2026-09-03;LU0329203490;223.4083
2026-09-11;LU0329203490;220.2671
2026-08-25;LU0329203656;171.11
2026-08-26;LU0329203656;171.75
2026-08-27;LU0329203656;170.72
2026-08-28;LU0329203656;171.23
2026-08-31;LU0329203656;170.47
2026-09-03;LU0329203656;170.13
2026-09-11;LU0329203656;167.52
2026-08-24;LU0329355670;395.1
2026-08-25;LU0329355670;403.47
2026-08-26;LU0329355670;405.42
2026-08-27;LU0329355670;406.05
2026-08-28;LU0329355670;402.88
2026-09-02;LU0329355670;405.86
2026-09-10;LU0329355670;408.33
2026-08-24;LU0329429384;397.32
2026-08-25;LU0329429384;393.58
2026-08-26;LU0329429384;394.91
2026-08-27;LU0329429384;391.12
2026-08-28;LU0329429384;393.15
2026-09-02;LU0329429384;378.06
2026-09-10;LU0329429384;363.42
2026-08-24;LU0329429897;435.2
2026-08-25;LU0329429897;431.11
2026-08-26;LU0329429897;432.56
2026-08-27;LU0329429897;428.41
2026-08-28;LU0329429897;430.64
2026-09-02;LU0329429897;414.11
2026-09-10;LU0329429897;398.07
2026-08-24;LU0329430127;288.6673
2026-08-25;LU0329430127;285.9575
2026-08-26;LU0329430127;286.9174
2026-08-27;LU0329430127;284.1649
2026-08-28;LU0329430127;285.6377
2026-09-02;LU0329430127;274.679
2026-09-10;LU0329430127;264.0427
2026-08-24;LU0329430986;378.9
2026-08-25;LU0329430986;375.33
2026-08-26;LU0329430986;376.58
2026-08-27;LU0329430986;372.96
2026-08-28;LU0329430986;374.89
2026-09-02;LU0329430986;360.47
2026-09-10;LU0329430986;346.45
2026-08-24;LU0329431018;251.2681
2026-08-25;LU0329431018;248.8953
2026-08-26;LU0329431018;249.7271
2026-08-27;LU0329431018;247.3284
2026-08-28;LU0329431018;248.6099
2026-09-02;LU0329431018;239.0385
2026-09-10;LU0329431018;229.7463
2026-08-24;LU0329630130;2148.49
2026-08-25;LU0329630130;2143.86
2026-08-26;LU0329630130;2135.88
2026-08-27;LU0329630130;2107.95
2026-08-28;LU0329630130;2129.15
2026-09-02;LU0329630130;2115.31
2026-09-10;LU0329630130;1974.87
2026-08-25;LU0329678337;29.5898
2026-08-26;LU0329678337;29.8913
2026-08-27;LU0329678337;29.8985
2026-08-28;LU0329678337;30.2211
2026-08-31;LU0329678337;29.8639
2026-09-03;LU0329678337;29.8033
2026-09-11;LU0329678337;30.0313
2026-08-25;LU0329678410;46.68
2026-08-26;LU0329678410;47.15
2026-08-27;LU0329678410;47.16
2026-08-28;LU0329678410;47.79
2026-08-31;LU0329678410;47.13
2026-09-03;LU0329678410;47.02
2026-09-11;LU0329678410;47.44
2026-08-25;LU0329760770;230.3
2026-08-26;LU0329760770;232.7
2026-08-27;LU0329760770;229.64
2026-08-28;LU0329760770;231.57
2026-08-31;LU0329760770;229.03
2026-09-03;LU0329760770;228.34
2026-09-11;LU0329760770;225.88
2026-08-25;LU0329760853;201.35
2026-08-26;LU0329760853;203.45
2026-08-27;LU0329760853;200.77
2026-08-28;LU0329760853;202.45
2026-08-31;LU0329760853;200.23
2026-09-03;LU0329760853;199.61
2026-09-11;LU0329760853;197.42
2026-08-25;LU0329761661;182.6289
2026-08-26;LU0329761661;184.2228
2026-08-27;LU0329761661;182.1819
2026-08-28;LU0329761661;183.9684
2026-08-31;LU0329761661;181.2927
2026-09-03;LU0329761661;181.1089
2026-09-11;LU0329761661;179.0084
2026-08-25;LU0330917963;244.03
2026-08-26;LU0330917963;244.39
2026-08-27;LU0330917963;244.48
2026-08-28;LU0330917963;244.61
2026-08-31;LU0330917963;244.2
2026-09-03;LU0330917963;244.03
2026-09-11;LU0330917963;242.63
2026-08-24;LU0332192888;5944.32
2026-08-25;LU0332192888;5924.54
2026-08-26;LU0332192888;5965.35
2026-08-27;LU0332192888;6008.91
2026-08-28;LU0332192888;6008.7
2026-08-31;LU0332192888;6006.23
2026-09-03;LU0332192888;5923.58
2026-09-10;LU0332192888;5772.08
2026-09-11;LU0332192888;5810.8
2026-08-24;LU0332192961;1623.18
2026-08-25;LU0332192961;1617.8
2026-08-26;LU0332192961;1628.97
2026-08-27;LU0332192961;1640.89
2026-08-28;LU0332192961;1640.85
2026-08-31;LU0332192961;1640.24
2026-09-03;LU0332192961;1617.74
2026-09-10;LU0332192961;1576.51
2026-09-11;LU0332192961;1587.11
2026-08-25;LU0333810009;32.8547
2026-08-26;LU0333810009;32.9655
2026-08-27;LU0333810009;32.9296
2026-08-28;LU0333810009;33.1899
2026-09-03;LU0333810009;33.2285
2026-09-11;LU0333810009;32.356
2026-08-25;LU0333810181;32.9147
2026-08-26;LU0333810181;33.0256
2026-08-27;LU0333810181;32.9897
2026-08-28;LU0333810181;33.2501
2026-09-03;LU0333810181;33.2888
2026-09-11;LU0333810181;32.4077
2026-08-25;LU0333810850;47.3
2026-08-26;LU0333810850;47.44
2026-08-27;LU0333810850;47.39
2026-08-28;LU0333810850;47.69
2026-09-03;LU0333810850;47.82
2026-09-11;LU0333810850;46.59
2026-08-24;LU0334003224;237.43
2026-08-25;LU0334003224;240.89
2026-08-26;LU0334003224;242.56
2026-08-27;LU0334003224;242.88
2026-08-28;LU0334003224;244.1
2026-09-02;LU0334003224;239.72
2026-09-10;LU0334003224;239.66
2026-08-25;LU0334662938;127.1287
2026-08-26;LU0334662938;127.402
2026-08-27;LU0334662938;127.3669
2026-08-28;LU0334662938;127.5187
2026-08-31;LU0334662938;126.6532
2026-09-03;LU0334662938;125.5681
2026-09-11;LU0334662938;123.2352
2026-08-25;LU0334663233;302.3907
2026-08-26;LU0334663233;300.3703
2026-08-27;LU0334663233;303.923
2026-08-28;LU0334663233;302.969
2026-08-31;LU0334663233;298.5371
2026-09-03;LU0334663233;296.5339
2026-09-11;LU0334663233;290.8816
2026-08-25;LU0334857355;19.7265
2026-08-26;LU0334857355;19.9151
2026-08-25;LU0334857785;17.2
2026-08-26;LU0334857785;17.36
2026-08-27;LU0334857785;17.55
2026-08-28;LU0334857785;17.54
2026-08-31;LU0334857785;17.59
2026-09-03;LU0334857785;17.28
2026-09-11;LU0334857785;17.53
2026-08-25;LU0334858593;29.4184
2026-08-26;LU0334858593;29.3499
2026-08-27;LU0334858593;29.2803
2026-08-28;LU0334858593;29.3004
2026-08-31;LU0334858593;29.1666
2026-09-03;LU0334858593;28.7963
2026-09-11;LU0334858593;28.559
2026-08-25;LU0335216932;104.18
2026-08-26;LU0335216932;104.33
2026-08-27;LU0335216932;104.08
2026-08-28;LU0335216932;104.67
2026-08-31;LU0335216932;103.74
2026-09-03;LU0335216932;103.4
2026-09-11;LU0335216932;100.1
2026-08-24;LU0336083497;1578.61
2026-08-25;LU0336083497;1580.84
2026-08-26;LU0336083497;1581.14
2026-08-27;LU0336083497;1579.22
2026-08-28;LU0336083497;1575.84
2026-09-02;LU0336083497;1576.23
2026-09-10;LU0336083497;1579.87
2026-08-24;LU0336084032;1409.15
2026-08-25;LU0336084032;1408.94
2026-08-26;LU0336084032;1408.11
2026-08-27;LU0336084032;1408.81
2026-08-28;LU0336084032;1406.4
2026-09-02;LU0336084032;1407.67
2026-09-10;LU0336084032;1408.57
2026-08-25;LU0336299408;23.5399
2026-08-26;LU0336299408;23.8141
2026-08-27;LU0336299408;24.3859
2026-08-28;LU0336299408;24.2836
2026-08-31;LU0336299408;24.294
2026-09-03;LU0336299408;23.6757
2026-09-11;LU0336299408;24.0388
2026-08-25;LU0336299580;20.23
2026-08-26;LU0336299580;20.47
2026-08-27;LU0336299580;20.96
2026-08-28;LU0336299580;20.81
2026-08-31;LU0336299580;20.9
2026-09-03;LU0336299580;20.36
2026-09-11;LU0336299580;20.68
2026-08-25;LU0336375786;43.0864
2026-08-26;LU0336375786;43.2407
2026-08-27;LU0336375786;42.8471
2026-08-28;LU0336375786;43.1029
2026-08-31;LU0336375786;42.9837
2026-09-03;LU0336375786;42.9708
2026-09-11;LU0336375786;42.5243
2026-08-25;LU0336375869;36.1967
2026-08-26;LU0336375869;36.3253
2026-08-27;LU0336375869;35.995
2026-08-28;LU0336375869;36.2103
2026-08-31;LU0336375869;36.1053
2026-09-03;LU0336375869;36.0944
2026-09-11;LU0336375869;35.7225
2026-08-24;LU0337098114;221.0264
2026-08-25;LU0337098114;225.0555
2026-08-26;LU0337098114;224.447
2026-08-27;LU0337098114;223.8355
2026-08-28;LU0337098114;223.9391
2026-09-02;LU0337098114;225.8932
2026-09-10;LU0337098114;225.025
2026-08-25;LU0337330384;273.6777
2026-08-25;LU0337332836;237.7467
2026-08-25;LU0337577430;13.23
2026-08-26;LU0337577430;13.22
2026-08-27;LU0337577430;13.22
2026-08-28;LU0337577430;13.19
2026-08-31;LU0337577430;13.16
2026-09-03;LU0337577430;13.16
2026-09-11;LU0337577430;13.05
2026-08-25;LU0337581549;15.88
2026-08-26;LU0337581549;15.87
2026-08-27;LU0337581549;15.88
2026-08-28;LU0337581549;15.88
2026-08-31;LU0337581549;15.86
2026-09-03;LU0337581549;15.85
2026-09-11;LU0337581549;15.76
2026-08-24;LU0339661307;328.03
2026-08-25;LU0339661307;329.43
2026-08-26;LU0339661307;328.72
2026-08-27;LU0339661307;326.76
2026-08-28;LU0339661307;328.32
2026-09-02;LU0339661307;326.58
2026-09-10;LU0339661307;323.16
2026-08-24;LU0340553949;100.05
2026-08-25;LU0340553949;100.33
2026-08-26;LU0340553949;100.09
2026-08-27;LU0340553949;99.67
2026-08-28;LU0340553949;99.15
2026-09-02;LU0340553949;99.08
2026-09-10;LU0340553949;99.22
2026-08-24;LU0340554327;90.43
2026-08-25;LU0340554327;90.68
2026-08-26;LU0340554327;90.47
2026-08-27;LU0340554327;90.09
2026-08-28;LU0340554327;89.62
2026-09-02;LU0340554327;89.55
2026-09-10;LU0340554327;89.66
2026-08-25;LU0340554913;716.16
2026-08-26;LU0340554913;716.97
2026-08-27;LU0340554913;730.77
2026-08-28;LU0340554913;735.82
2026-08-31;LU0340554913;730.5
2026-09-03;LU0340554913;717.7
2026-09-11;LU0340554913;708.81
2026-08-25;LU0340555134;599.92
2026-08-26;LU0340555134;600.59
2026-08-27;LU0340555134;612.13
2026-08-28;LU0340555134;616.35
2026-08-31;LU0340555134;611.86
2026-09-03;LU0340555134;601.11
2026-09-11;LU0340555134;593.57
2026-08-25;LU0340557775;186.5965
2026-08-26;LU0340557775;187.7791
2026-08-27;LU0340557775;186.0287
2026-08-28;LU0340557775;187.1265
2026-08-31;LU0340557775;184.719
2026-09-03;LU0340557775;182.1158
2026-09-11;LU0340557775;179.2839
2026-08-25;LU0340558237;174.1539
2026-08-26;LU0340558237;175.2593
2026-08-27;LU0340558237;173.6211
2026-08-28;LU0340558237;174.6491
2026-08-31;LU0340558237;172.4084
2026-09-03;LU0340558237;169.9725
2026-09-11;LU0340558237;167.3334
2026-08-25;LU0340559557;186.42
2026-08-26;LU0340559557;187.93
2026-08-27;LU0340559557;185.78
2026-08-28;LU0340559557;186.62
2026-08-31;LU0340559557;184.89
2026-09-03;LU0340559557;181.92
2026-09-11;LU0340559557;179.23
2026-08-25;LU0340559805;164.5
2026-08-26;LU0340559805;165.83
2026-08-27;LU0340559805;163.93
2026-08-28;LU0340559805;164.66
2026-08-31;LU0340559805;163.13
2026-09-03;LU0340559805;160.5
2026-09-11;LU0340559805;158.11
2026-08-24;LU0344046155;2792.28
2026-08-25;LU0344046155;2792.74
2026-08-26;LU0344046155;2785.12
2026-08-27;LU0344046155;2798.21
2026-08-28;LU0344046155;2805.66
2026-09-02;LU0344046155;2752.49
2026-09-10;LU0344046155;2656.52
2026-08-25;LU0344579056;212.3815
2026-08-25;LU0344579569;180.2552
2026-08-26;LU0344579569;180.7048
2026-08-27;LU0344579569;180.8681
2026-08-28;LU0344579569;181.2836
2026-08-31;LU0344579569;181.1292
2026-09-03;LU0344579569;180.9884
2026-09-11;LU0344579569;180.0933
2026-08-25;LU0345361124;34.73
2026-08-26;LU0345361124;34.86
2026-08-27;LU0345361124;34.72
2026-08-28;LU0345361124;34.98
2026-08-31;LU0345361124;34.51
2026-09-03;LU0345361124;34.43
2026-09-11;LU0345361124;33.78
2026-08-24;LU0345780281;58.5889
2026-08-25;LU0345780281;59.3424
2026-08-26;LU0345780281;58.6234
2026-08-27;LU0345780281;58.9384
2026-08-28;LU0345780281;57.5853
2026-09-03;LU0345780281;57.6271
2026-09-10;LU0345780281;55.1598
2026-09-11;LU0345780281;55.1636
2026-08-24;LU0345780950;23.3499
2026-08-25;LU0345780950;23.2571
2026-08-26;LU0345780950;23.3137
2026-08-27;LU0345780950;23.2611
2026-08-28;LU0345780950;23.3026
2026-09-03;LU0345780950;23.8736
2026-09-10;LU0345780950;23.5379
2026-09-11;LU0345780950;23.505
2026-08-25;LU0346393456;31.21
2026-08-26;LU0346393456;31.38
2026-08-27;LU0346393456;31.58
2026-08-28;LU0346393456;31.6
2026-08-31;LU0346393456;31.3
2026-09-03;LU0346393456;31.54
2026-09-11;LU0346393456;31.11
2026-08-25;LU0348529792;265.68
2026-08-26;LU0348529792;266.05
2026-08-27;LU0348529792;265.32
2026-08-28;LU0348529792;266.57
2026-08-31;LU0348529792;264.47
2026-09-03;LU0348529792;262.7
2026-09-11;LU0348529792;258.54
2026-08-25;LU0348784041;566.02
2026-08-26;LU0348784041;567.93
2026-08-27;LU0348784041;574.93
2026-08-28;LU0348784041;576.28
2026-08-31;LU0348784041;574.51
2026-09-03;LU0348784041;575.86
2026-09-11;LU0348784041;584.4
2026-08-25;LU0348784397;318.4695
2026-08-26;LU0348784397;319.6349
2026-08-27;LU0348784397;323.6032
2026-08-28;LU0348784397;324.9372
2026-08-31;LU0348784397;322.6923
2026-09-03;LU0348784397;323.8083
2026-09-11;LU0348784397;328.4677
2026-08-25;LU0348926287;40.128
2026-08-26;LU0348926287;40.1553
2026-08-27;LU0348926287;40.22
2026-08-28;LU0348926287;40.1963
2026-08-31;LU0348926287;39.8346
2026-09-03;LU0348926287;39.2375
2026-09-11;LU0348926287;39.3222
2026-08-24;LU0352160062;136.31
2026-08-25;LU0352160062;136.66
2026-08-26;LU0352160062;136.54
2026-08-27;LU0352160062;136.47
2026-08-28;LU0352160062;136.0
2026-09-02;LU0352160062;135.55
2026-09-10;LU0352160062;134.53
2026-08-24;LU0352162191;353.44
2026-08-25;LU0352162191;355.88
2026-08-26;LU0352162191;355.91
2026-08-27;LU0352162191;353.72
2026-08-28;LU0352162191;354.16
2026-09-02;LU0352162191;351.29
2026-09-10;LU0352162191;339.72
2026-08-25;LU0352312184;264.29
2026-08-26;LU0352312184;265.11
2026-08-27;LU0352312184;264.46
2026-08-28;LU0352312184;265.53
2026-08-31;LU0352312184;265.12
2026-09-03;LU0352312184;262.94
2026-09-08;LU0352312184;263.11
2026-09-11;LU0352312184;259.4
2026-08-25;LU0352312853;372.06
2026-08-26;LU0352312853;373.19
2026-08-27;LU0352312853;372.21
2026-08-28;LU0352312853;374.47
2026-08-31;LU0352312853;373.88
2026-09-03;LU0352312853;370.14
2026-09-07;LU0352312853;372.28
2026-09-08;LU0352312853;370.67
2026-09-11;LU0352312853;364.4
2026-08-25;LU0353647737;31.87
2026-08-26;LU0353647737;31.9
2026-08-27;LU0353647737;31.56
2026-08-28;LU0353647737;31.69
2026-08-31;LU0353647737;31.52
2026-09-03;LU0353647737;31.73
2026-09-11;LU0353647737;31.05
2026-08-25;LU0354091653;111.61
2026-08-26;LU0354091653;111.61
2026-08-27;LU0354091653;111.62
2026-08-28;LU0354091653;111.63
2026-08-31;LU0354091653;111.64
2026-09-03;LU0354091653;111.65
2026-09-11;LU0354091653;111.71
2026-08-25;LU0355584037;14.152
2026-08-26;LU0355584037;14.152
2026-08-27;LU0355584037;14.115
2026-08-28;LU0355584037;14.113
2026-08-31;LU0355584037;14.058
2026-09-03;LU0355584037;14.04
2026-09-11;LU0355584037;13.876
2026-08-24;LU0357317923;106.02
2026-08-25;LU0357317923;106.22
2026-08-26;LU0357317923;106.2
2026-08-27;LU0357317923;106.09
2026-09-02;LU0357317923;105.38
2026-09-10;LU0357317923;104.78
2026-08-25;LU0359002093;7.88
2026-08-26;LU0359002093;7.88
2026-08-27;LU0359002093;7.85
2026-08-28;LU0359002093;7.83
2026-08-31;LU0359002093;7.79
2026-09-03;LU0359002093;7.84
2026-09-11;LU0359002093;7.8
2026-08-25;LU0359201455;14.0
2026-08-26;LU0359201455;14.13
2026-08-27;LU0359201455;14.09
2026-08-28;LU0359201455;14.11
2026-08-31;LU0359201455;13.98
2026-09-03;LU0359201455;13.69
2026-09-11;LU0359201455;13.62
2026-08-25;LU0359201612;16.9158
2026-08-26;LU0359201612;17.0786
2026-08-27;LU0359201612;17.0702
2026-08-28;LU0359201612;17.1328
2026-08-31;LU0359201612;16.9766
2026-09-03;LU0359201612;16.6272
2026-09-11;LU0359201612;16.5482
2026-08-24;LU0360500044;8.42
2026-08-25;LU0360500044;8.46
2026-08-26;LU0360500044;8.46
2026-08-27;LU0360500044;8.49
2026-08-28;LU0360500044;8.43
2026-08-31;LU0360500044;8.41
2026-09-03;LU0360500044;8.46
2026-09-04;LU0360500044;8.49
2026-09-10;LU0360500044;8.38
2026-09-11;LU0360500044;8.43
2026-08-25;LU0363447680;14.688
2026-08-26;LU0363447680;14.687
2026-08-27;LU0363447680;14.649
2026-08-28;LU0363447680;14.648
2026-08-31;LU0363447680;14.591
2026-09-03;LU0363447680;14.572
2026-09-11;LU0363447680;14.402
2026-08-25;LU0363470070;157.78
2026-08-26;LU0363470070;159.92
2026-08-27;LU0363470070;157.28
2026-08-28;LU0363470070;158.8
2026-08-31;LU0363470070;159.85
2026-09-03;LU0363470070;161.01
2026-09-11;LU0363470070;159.28
2026-08-25;LU0365089902;298.7515
2026-08-27;LU0365089902;297.3969
2026-08-28;LU0365089902;298.8035
2026-09-03;LU0365089902;298.1016
2026-09-11;LU0365089902;289.9556
2026-08-25;LU0365775922;91.2662
2026-08-26;LU0365775922;92.1523
2026-08-27;LU0365775922;92.5619
2026-08-28;LU0365775922;93.3772
2026-08-31;LU0365775922;93.2076
2026-09-03;LU0365775922;92.4785
2026-09-11;LU0365775922;90.8259
2026-08-25;LU0366534344;225.14
2026-08-26;LU0366534344;226.88
2026-08-27;LU0366534344;224.61
2026-08-28;LU0366534344;225.37
2026-08-31;LU0366534344;225.3
2026-09-03;LU0366534344;224.48
2026-09-11;LU0366534344;220.64
2026-08-25;LU0366537446;111.7588
2026-08-26;LU0366537446;111.7712
2026-08-27;LU0366537446;112.0111
2026-08-28;LU0366537446;112.2651
2026-08-31;LU0366537446;112.3428
2026-09-03;LU0366537446;112.3368
2026-09-11;LU0366537446;112.4688
2026-08-24;LU0366770310;5.62
2026-08-26;LU0366770310;5.63
2026-08-27;LU0366770310;5.63
2026-08-28;LU0366770310;5.6
2026-08-31;LU0366770310;5.61
2026-09-03;LU0366770310;5.64
2026-09-11;LU0366770310;5.61
2026-08-24;LU0366773256;4.3
2026-08-26;LU0366773256;4.31
2026-08-27;LU0366773256;4.3
2026-08-28;LU0366773256;4.28
2026-08-31;LU0366773256;4.28
2026-09-03;LU0366773256;4.31
2026-09-11;LU0366773256;4.3
2026-08-24;LU0366773504;4.03
2026-08-26;LU0366773504;4.04
2026-08-27;LU0366773504;4.03
2026-08-28;LU0366773504;4.01
2026-08-31;LU0366773504;4.01
2026-09-03;LU0366773504;4.03
2026-09-11;LU0366773504;4.03
2026-08-25;LU0368678339;38.71
2026-08-26;LU0368678339;38.86
2026-08-27;LU0368678339;38.97
2026-08-28;LU0368678339;39.37
2026-08-31;LU0368678339;38.81
2026-09-03;LU0368678339;38.72
2026-09-11;LU0368678339;38.56
2026-08-25;LU0374901568;26.2896
2026-08-26;LU0374901568;25.9948
2026-08-27;LU0374901568;26.1243
2026-08-28;LU0374901568;26.2091
2026-08-31;LU0374901568;26.574
2026-09-03;LU0374901568;26.9301
2026-09-11;LU0374901568;26.8439
2026-08-25;LU0376989207;140.7801
2026-08-26;LU0376989207;141.0403
2026-08-27;LU0376989207;140.9045
2026-08-28;LU0376989207;141.0136
2026-08-31;LU0376989207;140.9824
2026-09-03;LU0376989207;140.5015
2026-09-11;LU0376989207;139.515
2026-08-25;LU0384381660;77.2437
2026-08-26;LU0384381660;77.7236
2026-08-27;LU0384381660;76.9359
2026-08-28;LU0384381660;77.7213
2026-08-31;LU0384381660;76.6614
2026-09-03;LU0384381660;76.5608
2026-09-11;LU0384381660;75.7327
2026-08-24;LU0384405600;717.26
2026-08-25;LU0384405600;717.5
2026-08-26;LU0384405600;723.67
2026-08-27;LU0384405600;723.94
2026-08-28;LU0384405600;718.29
2026-09-02;LU0384405600;700.22
2026-09-10;LU0384405600;694.24
2026-08-25;LU0386859887;417.2392
2026-08-26;LU0386859887;417.9076
2026-08-27;LU0386859887;422.143
2026-08-28;LU0386859887;423.6205
2026-08-31;LU0386859887;418.6201
2026-09-03;LU0386859887;413.0115
2026-09-11;LU0386859887;408.5914
2026-08-25;LU0386882277;417.16
2026-08-26;LU0386882277;418.55
2026-08-27;LU0386882277;421.9
2026-08-28;LU0386882277;422.79
2026-08-31;LU0386882277;419.31
2026-09-03;LU0386882277;412.87
2026-09-11;LU0386882277;408.78
2026-08-24;LU0387754996;723.54
2026-08-25;LU0387754996;725.96
2026-08-26;LU0387754996;725.69
2026-08-27;LU0387754996;730.96
2026-08-28;LU0387754996;731.93
2026-09-02;LU0387754996;725.5
2026-09-10;LU0387754996;714.13
2026-08-24;LU0389173070;1078.472
2026-08-25;LU0389173070;1079.507
2026-08-26;LU0389173070;1082.13
2026-08-27;LU0389173070;1082.153
2026-08-28;LU0389173070;1084.306
2026-09-02;LU0389173070;1068.734
2026-09-10;LU0389173070;1058.012
2026-08-24;LU0389173401;1278.52
2026-08-25;LU0389173401;1279.724
2026-08-26;LU0389173401;1282.852
2026-08-27;LU0389173401;1283.669
2026-08-28;LU0389173401;1286.103
2026-09-02;LU0389173401;1267.071
2026-09-10;LU0389173401;1255.451
2026-08-24;LU0389811372;352.36
2026-08-25;LU0389811372;353.26
2026-08-26;LU0389811372;353.76
2026-08-27;LU0389811372;350.98
2026-08-28;LU0389811372;353.96
2026-09-02;LU0389811372;346.0
2026-09-10;LU0389811372;342.26
2026-08-24;LU0389811885;380.99
2026-08-25;LU0389811885;381.51
2026-08-26;LU0389811885;381.33
2026-08-27;LU0389811885;379.42
2026-08-28;LU0389811885;380.57
2026-09-02;LU0389811885;376.17
2026-09-10;LU0389811885;369.32
2026-08-24;LU0389812347;892.24
2026-08-25;LU0389812347;895.41
2026-08-26;LU0389812347;896.9
2026-08-27;LU0389812347;903.77
2026-08-28;LU0389812347;903.04
2026-09-02;LU0389812347;897.76
2026-09-10;LU0389812347;885.49
2026-08-24;LU0389812933;123.24
2026-08-25;LU0389812933;123.63
2026-08-26;LU0389812933;123.63
2026-08-27;LU0389812933;123.52
2026-08-28;LU0389812933;123.24
2026-09-02;LU0389812933;122.7
2026-09-10;LU0389812933;122.05
2026-08-24;LU0390135332;66.4065
2026-08-25;LU0390135332;67.4832
2026-08-26;LU0390135332;67.8802
2026-08-27;LU0390135332;68.4953
2026-08-28;LU0390135332;68.9527
2026-08-31;LU0390135332;68.8876
2026-09-03;LU0390135332;69.2971
2026-09-10;LU0390135332;68.5068
2026-09-11;LU0390135332;69.0514
2026-08-24;LU0390135415;90.64
2026-08-25;LU0390135415;92.02
2026-08-26;LU0390135415;92.55
2026-08-27;LU0390135415;93.42
2026-08-28;LU0390135415;94.36
2026-08-31;LU0390135415;93.99
2026-09-03;LU0390135415;94.46
2026-09-10;LU0390135415;93.61
2026-09-11;LU0390135415;94.37
2026-08-24;LU0390136736;29.6759
2026-08-25;LU0390136736;29.7697
2026-08-26;LU0390136736;29.8055
2026-08-27;LU0390136736;29.6324
2026-08-28;LU0390136736;29.5585
2026-08-31;LU0390136736;29.4163
2026-09-03;LU0390136736;29.7258
2026-09-10;LU0390136736;29.3257
2026-09-11;LU0390136736;29.3167
2026-08-24;LU0390137031;40.51
2026-08-25;LU0390137031;40.6
2026-08-26;LU0390137031;40.65
2026-08-27;LU0390137031;40.43
2026-08-28;LU0390137031;40.45
2026-08-31;LU0390137031;40.15
2026-09-03;LU0390137031;40.53
2026-09-10;LU0390137031;40.08
2026-09-11;LU0390137031;40.07
2026-08-24;LU0390717543;303.47
2026-08-25;LU0390717543;306.15
2026-08-26;LU0390717543;306.11
2026-08-27;LU0390717543;304.54
2026-08-28;LU0390717543;306.37
2026-09-02;LU0390717543;303.59
2026-09-10;LU0390717543;297.21
2026-08-25;LU0393653166;14.07
2026-08-26;LU0393653166;14.06
2026-08-27;LU0393653166;14.05
2026-08-28;LU0393653166;14.02
2026-08-31;LU0393653166;13.98
2026-09-03;LU0393653166;14.02
2026-09-07;LU0393653166;13.98
2026-09-08;LU0393653166;14.01
2026-09-10;LU0393653166;13.87
2026-09-11;LU0393653166;13.84
2026-08-25;LU0395794307;122.8
2026-08-26;LU0395794307;122.96
2026-08-27;LU0395794307;122.85
2026-08-28;LU0395794307;123.05
2026-08-31;LU0395794307;122.6
2026-09-03;LU0395794307;122.51
2026-09-08;LU0395794307;122.59
2026-09-10;LU0395794307;121.46
2026-09-11;LU0395794307;121.69
2026-08-24;LU0396183898;127.668
2026-08-25;LU0396183898;127.875
2026-08-26;LU0396183898;127.767
2026-08-27;LU0396183898;127.75
2026-08-28;LU0396183898;127.622
2026-09-02;LU0396183898;127.447
2026-09-10;LU0396183898;126.744
2026-08-24;LU0397155895;14.6051
2026-08-25;LU0397155895;14.5126
2026-08-26;LU0397155895;14.5873
2026-08-27;LU0397155895;14.702
2026-09-02;LU0397155895;15.0457
2026-09-10;LU0397155895;15.4261
2026-08-24;LU0397155978;12.9319
2026-08-25;LU0397155978;12.853
2026-08-26;LU0397155978;12.8916
2026-08-27;LU0397155978;12.9929
2026-09-02;LU0397155978;13.2345
2026-09-10;LU0397155978;13.6047
2026-08-25;LU0398560267;163.72
2026-08-26;LU0398560267;164.24
2026-08-27;LU0398560267;163.88
2026-08-28;LU0398560267;164.07
2026-08-31;LU0398560267;163.82
2026-09-03;LU0398560267;162.9
2026-09-07;LU0398560267;163.33
2026-09-08;LU0398560267;162.83
2026-09-11;LU0398560267;161.18
2026-08-25;LU0399356780;226.62
2026-08-26;LU0399356780;232.01
2026-08-27;LU0399356780;229.32
2026-08-28;LU0399356780;229.61
2026-08-31;LU0399356780;230.47
2026-09-03;LU0399356780;242.4
2026-09-11;LU0399356780;240.77
2026-08-25;LU0401357313;110.84
2026-08-26;LU0401357313;113.87
2026-08-27;LU0401357313;115.93
2026-08-28;LU0401357313;118.19
2026-08-31;LU0401357313;117.91
2026-09-03;LU0401357313;117.5
2026-09-11;LU0401357313;119.15
2026-08-25;LU0401357743;303.88
2026-08-26;LU0401357743;303.57
2026-08-27;LU0401357743;303.85
2026-08-28;LU0401357743;302.37
2026-08-31;LU0401357743;295.42
2026-09-03;LU0401357743;293.35
2026-09-11;LU0401357743;289.52
2026-08-25;LU0404220724;104.31
2026-08-26;LU0404220724;104.45
2026-08-27;LU0404220724;104.35
2026-08-28;LU0404220724;104.52
2026-08-31;LU0404220724;104.13
2026-09-03;LU0404220724;104.06
2026-09-08;LU0404220724;104.12
2026-09-10;LU0404220724;103.16
2026-09-11;LU0404220724;103.35
2026-08-25;LU0405800185;30.05
2026-08-26;LU0405800185;30.06
2026-08-27;LU0405800185;30.07
2026-08-28;LU0405800185;30.09
2026-09-03;LU0405800185;30.03
2026-09-11;LU0405800185;29.85
2026-08-25;LU0406674076;12.03
2026-08-26;LU0406674076;12.03
2026-08-27;LU0406674076;12.02
2026-08-28;LU0406674076;12.01
2026-08-31;LU0406674076;11.97
2026-09-03;LU0406674076;11.97
2026-09-11;LU0406674076;11.87
2026-08-25;LU0406674589;11.62
2026-08-26;LU0406674589;11.61
2026-08-27;LU0406674589;11.61
2026-08-28;LU0406674589;11.6
2026-08-31;LU0406674589;11.56
2026-09-03;LU0406674589;11.56
2026-09-11;LU0406674589;11.46
2026-08-24;LU0406802339;311.0
2026-08-25;LU0406802339;312.2
2026-08-26;LU0406802339;314.14
2026-08-28;LU0406802339;311.64
2026-09-02;LU0406802339;302.78
2026-09-10;LU0406802339;297.74
2026-09-11;LU0406802339;301.08
2026-08-24;LU0406802685;212.57
2026-08-25;LU0406802685;213.39
2026-08-26;LU0406802685;214.72
2026-08-28;LU0406802685;213.01
2026-09-02;LU0406802685;206.96
2026-09-10;LU0406802685;203.51
2026-09-11;LU0406802685;205.79
2026-08-24;LU0406803063;247.05
2026-08-25;LU0406803063;247.99
2026-08-26;LU0406803063;249.53
2026-08-28;LU0406803063;247.53
2026-08-25;LU0408222163;56.33
2026-08-26;LU0408222163;56.66
2026-08-27;LU0408222163;56.63
2026-08-28;LU0408222163;57.08
2026-08-31;LU0408222163;56.39
2026-09-03;LU0408222163;56.82
2026-09-11;LU0408222163;56.79
2026-08-25;LU0408222593;93.19
2026-08-26;LU0408222593;94.65
2026-08-27;LU0408222593;93.44
2026-08-28;LU0408222593;94.28
2026-08-31;LU0408222593;91.55
2026-09-03;LU0408222593;91.37
2026-09-11;LU0408222593;90.17
2026-08-25;LU0408846375;17.6442
2026-08-26;LU0408846375;17.6806
2026-08-27;LU0408846375;17.6884
2026-08-28;LU0408846375;17.7265
2026-08-31;LU0408846375;17.6566
2026-09-03;LU0408846375;17.6083
2026-09-11;LU0408846375;17.5039
2026-08-25;LU0408846458;13.09
2026-08-26;LU0408846458;13.1
2026-08-27;LU0408846458;13.1
2026-08-28;LU0408846458;13.1
2026-08-31;LU0408846458;13.04
2026-09-03;LU0408846458;13.01
2026-09-11;LU0408846458;12.92
2026-08-25;LU0408846706;16.4702
2026-08-26;LU0408846706;16.5128
2026-08-27;LU0408846706;16.512
2026-08-28;LU0408846706;16.5476
2026-08-31;LU0408846706;16.4859
2026-09-03;LU0408846706;16.4464
2026-09-11;LU0408846706;16.3416
2026-08-25;LU0408846961;12.2
2026-08-26;LU0408846961;12.21
2026-08-27;LU0408846961;12.21
2026-08-28;LU0408846961;12.21
2026-08-31;LU0408846961;12.16
2026-09-03;LU0408846961;12.12
2026-09-11;LU0408846961;12.04
2026-08-25;LU0408877412;11.511
2026-08-26;LU0408877412;11.513
2026-08-27;LU0408877412;11.506
2026-08-28;LU0408877412;11.506
2026-08-31;LU0408877412;11.497
2026-09-03;LU0408877412;11.49
2026-09-11;LU0408877412;11.449
2026-08-25;LU0408877842;11.37
2026-08-26;LU0408877842;11.372
2026-08-27;LU0408877842;11.365
2026-08-28;LU0408877842;11.365
2026-08-31;LU0408877842;11.356
2026-09-03;LU0408877842;11.349
2026-09-11;LU0408877842;11.308
2026-08-25;LU0411704413;157.49
2026-08-26;LU0411704413;158.04
2026-08-27;LU0411704413;157.48
2026-08-28;LU0411704413;157.24
2026-08-31;LU0411704413;157.06
2026-09-03;LU0411704413;156.23
2026-09-08;LU0411704413;157.62
2026-09-10;LU0411704413;156.53
2026-09-11;LU0411704413;157.25
2026-08-25;LU0413376566;18.44
2026-08-26;LU0413376566;18.46
2026-08-27;LU0413376566;18.46
2026-08-28;LU0413376566;18.48
2026-09-03;LU0413376566;18.42
2026-09-11;LU0413376566;18.28
2026-08-25;LU0413542167;71.95
2026-08-26;LU0413542167;72.97
2026-08-27;LU0413542167;73.29
2026-08-28;LU0413542167;74.06
2026-08-31;LU0413542167;72.78
2026-09-03;LU0413542167;72.66
2026-09-11;LU0413542167;73.68
2026-08-25;LU0413543058;60.84
2026-08-26;LU0413543058;60.93
2026-08-27;LU0413543058;61.23
2026-08-28;LU0413543058;61.78
2026-08-31;LU0413543058;61.73
2026-09-03;LU0413543058;63.02
2026-09-11;LU0413543058;62.96
2026-08-25;LU0413543991;11.7
2026-08-26;LU0413543991;11.69
2026-08-27;LU0413543991;11.69
2026-08-28;LU0413543991;11.67
2026-08-31;LU0413543991;11.63
2026-09-03;LU0413543991;11.66
2026-09-07;LU0413543991;11.63
2026-09-08;LU0413543991;11.66
2026-09-10;LU0413543991;11.54
2026-09-11;LU0413543991;11.52
2026-08-25;LU0414045582;188.33
2026-08-26;LU0414045582;188.52
2026-08-27;LU0414045582;186.77
2026-08-28;LU0414045582;187.62
2026-09-03;LU0414045582;186.26
2026-09-11;LU0414045582;183.04
2026-08-25;LU0414045822;457.47
2026-08-26;LU0414045822;457.92
2026-08-27;LU0414045822;453.68
2026-08-28;LU0414045822;455.72
2026-09-03;LU0414045822;452.44
2026-09-11;LU0414045822;444.6
2026-08-25;LU0414668557;157.46
2026-08-26;LU0414668557;158.01
2026-08-27;LU0414668557;157.45
2026-08-28;LU0414668557;157.21
2026-08-31;LU0414668557;157.03
2026-09-03;LU0414668557;156.2
2026-09-08;LU0414668557;157.59
2026-09-10;LU0414668557;156.5
2026-09-11;LU0414668557;157.22
2026-08-24;LU0415391431;611.62
2026-08-25;LU0415391431;608.79
2026-08-26;LU0415391431;607.33
2026-08-27;LU0415391431;600.34
2026-08-28;LU0415391431;605.73
2026-09-02;LU0415391431;602.89
2026-09-10;LU0415391431;567.68
2026-08-24;LU0415415636;63.69
2026-08-25;LU0415415636;63.34
2026-08-26;LU0415415636;63.57
2026-08-27;LU0415415636;63.95
2026-08-28;LU0415415636;63.93
2026-09-02;LU0415415636;65.16
2026-09-10;LU0415415636;67.25
2026-08-24;LU0417109930;137.7
2026-08-25;LU0417109930;137.7
2026-08-26;LU0417109930;137.71
2026-08-27;LU0417109930;137.72
2026-08-28;LU0417109930;137.75
2026-09-02;LU0417109930;137.74
2026-09-10;LU0417109930;137.73
2026-08-25;LU0418790928;653.06
2026-08-26;LU0418790928;657.21
2026-08-27;LU0418790928;650.39
2026-08-28;LU0418790928;651.81
2026-08-31;LU0418790928;648.29
2026-09-03;LU0418790928;636.5
2026-09-11;LU0418790928;633.8
2026-08-24;LU0420068156;176.0241
2026-08-26;LU0420068156;176.146
2026-08-24;LU0423950210;109.6412
2026-08-25;LU0423950210;109.6468
2026-08-26;LU0423950210;109.6531
2026-08-28;LU0423950210;109.6657
2026-09-02;LU0423950210;109.6992
2026-09-10;LU0423950210;109.7486
2026-08-24;LU0424800612;402.29
2026-08-25;LU0424800612;403.41
2026-08-26;LU0424800612;404.91
2026-08-27;LU0424800612;405.53
2026-08-28;LU0424800612;405.8
2026-09-02;LU0424800612;405.15
2026-09-10;LU0424800612;407.64
2026-08-25;LU0425487740;14.8176
2026-08-26;LU0425487740;14.8261
2026-08-27;LU0425487740;14.8081
2026-08-28;LU0425487740;14.7926
2026-08-31;LU0425487740;14.7662
2026-09-03;LU0425487740;14.7391
2026-09-11;LU0425487740;14.6268
2026-08-25;LU0428345051;182.3818
2026-08-26;LU0428345051;182.8768
2026-08-27;LU0428345051;182.6764
2026-08-28;LU0428345051;182.8845
2026-08-31;LU0428345051;182.6386
2026-09-03;LU0428345051;182.2878
2026-09-11;LU0428345051;181.0293
2026-08-25;LU0428745748;225.2183
2026-08-26;LU0428745748;226.5552
2026-08-27;LU0428745748;224.7714
2026-08-28;LU0428745748;225.8495
2026-08-31;LU0428745748;224.9479
2026-09-03;LU0428745748;224.5874
2026-09-11;LU0428745748;220.577
2026-08-25;LU0429319345;69.737
2026-08-26;LU0429319345;70.0442
2026-08-27;LU0429319345;70.0838
2026-08-28;LU0429319345;70.5188
2026-08-31;LU0429319345;70.0842
2026-09-03;LU0429319345;70.3385
2026-09-11;LU0429319345;69.3614
2026-08-25;LU0430265933;23.85
2026-08-26;LU0430265933;23.84
2026-08-27;LU0430265933;23.8
2026-08-28;LU0430265933;23.79
2026-08-31;LU0430265933;23.17
2026-09-03;LU0430265933;23.13
2026-09-11;LU0430265933;22.86
2026-08-25;LU0430493139;13.7794
2026-08-26;LU0430493139;13.8165
2026-08-27;LU0430493139;13.8073
2026-08-28;LU0430493139;13.837
2026-08-31;LU0430493139;13.7999
2026-09-03;LU0430493139;13.7957
2026-09-11;LU0430493139;13.707
2026-08-25;LU0430493212;8.71
2026-08-26;LU0430493212;8.71
2026-08-27;LU0430493212;8.71
2026-08-28;LU0430493212;8.71
2026-08-31;LU0430493212;8.68
2026-09-03;LU0430493212;8.68
2026-09-11;LU0430493212;8.61
2026-08-25;LU0430493642;107.9303
2026-08-26;LU0430493642;108.1619
2026-08-27;LU0430493642;108.1396
2026-08-28;LU0430493642;108.3554
2026-08-31;LU0430493642;108.0663
2026-09-03;LU0430493642;108.0078
2026-09-11;LU0430493642;107.288
2026-08-25;LU0430493725;75.78
2026-08-26;LU0430493725;75.78
2026-08-27;LU0430493725;75.76
2026-08-28;LU0430493725;75.74
2026-08-31;LU0430493725;75.51
2026-09-03;LU0430493725;75.47
2026-09-11;LU0430493725;74.92
2026-08-25;LU0431139764;179.9
2026-08-26;LU0431139764;180.56
2026-08-27;LU0431139764;179.92
2026-08-28;LU0431139764;180.23
2026-08-31;LU0431139764;179.88
2026-09-03;LU0431139764;178.9
2026-09-07;LU0431139764;179.67
2026-09-08;LU0431139764;179.23
2026-09-11;LU0431139764;176.95
2026-08-25;LU0432365988;78.0899
2026-08-26;LU0432365988;78.0935
2026-08-27;LU0432365988;78.0985
2026-08-28;LU0432365988;78.1008
2026-08-31;LU0432365988;78.1141
2026-09-03;LU0432365988;78.1276
2026-09-08;LU0432365988;78.1473
2026-09-11;LU0432365988;78.1563
2026-08-25;LU0432616737;21.12
2026-08-26;LU0432616737;21.09
2026-08-27;LU0432616737;21.06
2026-08-28;LU0432616737;21.06
2026-08-31;LU0432616737;21.07
2026-09-03;LU0432616737;21.06
2026-09-07;LU0432616737;21.14
2026-09-08;LU0432616737;21.12
2026-09-11;LU0432616737;21.08
2026-08-25;LU0432979374;466.0671
2026-08-26;LU0432979374;463.6763
2026-08-27;LU0432979374;458.9452
2026-08-28;LU0432979374;457.1718
2026-08-31;LU0432979374;452.0739
2026-09-03;LU0432979374;460.4747
2026-09-11;LU0432979374;443.849
2026-08-25;LU0432979614;500.807
2026-08-26;LU0432979614;498.2277
2026-08-27;LU0432979614;493.1542
2026-08-28;LU0432979614;491.2393
2026-08-31;LU0432979614;485.7688
2026-09-03;LU0432979614;494.7963
2026-09-11;LU0432979614;476.9282
2026-08-25;LU0432979960;418.3275
2026-08-26;LU0432979960;416.1681
2026-08-27;LU0432979960;411.9164
2026-08-28;LU0432979960;410.3084
2026-08-31;LU0432979960;405.7069
2026-09-03;LU0432979960;413.2095
2026-09-11;LU0432979960;398.1993
2026-08-24;LU0433182416;267.17
2026-08-25;LU0433182416;267.14
2026-08-26;LU0433182416;266.42
2026-08-27;LU0433182416;266.46
2026-08-28;LU0433182416;266.9
2026-09-02;LU0433182416;263.62
2026-09-04;LU0433182416;264.99
2026-09-07;LU0433182416;265.08
2026-09-10;LU0433182416;260.02
2026-08-25;LU0433926119;38.31
2026-08-26;LU0433926119;38.38
2026-08-27;LU0433926119;38.38
2026-08-28;LU0433926119;38.43
2026-09-03;LU0433926119;38.25
2026-09-11;LU0433926119;38.29
2026-08-24;LU0434928536;839.67
2026-08-25;LU0434928536;842.22
2026-08-26;LU0434928536;843.33
2026-08-27;LU0434928536;843.13
2026-08-28;LU0434928536;844.52
2026-09-02;LU0434928536;845.45
2026-09-10;LU0434928536;826.37
2026-08-25;LU0438336264;137.21
2026-08-26;LU0438336264;137.2
2026-08-27;LU0438336264;137.13
2026-08-28;LU0438336264;137.07
2026-08-31;LU0438336264;136.93
2026-09-03;LU0438336264;136.69
2026-09-11;LU0438336264;135.95
2026-08-24;LU0439730457;35.6762
2026-08-25;LU0439730457;35.7597
2026-08-26;LU0439730457;35.928
2026-08-27;LU0439730457;36.0122
2026-08-28;LU0439730457;36.107
2026-09-02;LU0439730457;35.7958
2026-09-10;LU0439730457;35.4144
2026-08-25;LU0441433728;115.81
2026-08-26;LU0441433728;115.79
2026-08-27;LU0441433728;115.65
2026-08-28;LU0441433728;115.58
2026-08-31;LU0441433728;115.3
2026-09-03;LU0441433728;115.09
2026-09-11;LU0441433728;114.1
2026-08-25;LU0441852612;28.45
2026-08-26;LU0441852612;28.49
2026-08-27;LU0441852612;28.26
2026-08-28;LU0441852612;28.17
2026-08-31;LU0441852612;28.39
2026-09-03;LU0441852612;28.39
2026-09-11;LU0441852612;28.18
2026-08-25;LU0441854154;40.1386
2026-08-26;LU0441854154;40.4814
2026-08-27;LU0441854154;40.7692
2026-08-28;LU0441854154;40.9603
2026-08-31;LU0441854154;40.8229
2026-09-03;LU0441854154;40.3803
2026-09-11;LU0441854154;40.6559
2026-08-25;LU0441854741;240.7459
2026-08-26;LU0441854741;242.7683
2026-08-27;LU0441854741;244.4863
2026-08-28;LU0441854741;245.6412
2026-08-31;LU0441854741;244.7912
2026-09-03;LU0441854741;242.1096
2026-09-11;LU0441854741;243.7549
2026-08-25;LU0441855714;40.17
2026-08-26;LU0441855714;40.58
2026-08-27;LU0441855714;40.78
2026-08-28;LU0441855714;40.92
2026-08-31;LU0441855714;40.93
2026-09-03;LU0441855714;40.4
2026-09-11;LU0441855714;40.72
2026-08-25;LU0441856365;240.7
2026-08-26;LU0441856365;243.14
2026-08-27;LU0441856365;244.34
2026-08-28;LU0441856365;245.16
2026-08-31;LU0441856365;245.2
2026-09-03;LU0441856365;242.02
2026-09-11;LU0441856365;243.87
2026-08-24;LU0442406889;69.67
2026-08-25;LU0442406889;69.59
2026-08-26;LU0442406889;69.45
2026-08-27;LU0442406889;69.42
2026-08-28;LU0442406889;69.23
2026-09-02;LU0442406889;69.21
2026-09-07;LU0442406889;69.01
2026-09-10;LU0442406889;69.56
2026-08-24;LU0442407853;638.1865
2026-08-25;LU0442407853;640.4266
2026-08-26;LU0442407853;641.5176
2026-08-27;LU0442407853;646.3992
2026-08-28;LU0442407853;645.8816
2026-09-02;LU0442407853;642.134
2026-09-10;LU0442407853;633.3568
2026-08-24;LU0444971666;226.7553
2026-08-25;LU0444971666;228.98
2026-08-26;LU0444971666;229.9452
2026-08-27;LU0444971666;234.2583
2026-08-28;LU0444971666;231.6605
2026-09-02;LU0444971666;228.9511
2026-09-10;LU0444971666;229.7902
2026-08-24;LU0444972557;177.0151
2026-08-25;LU0444972557;178.7966
2026-08-26;LU0444972557;179.1744
2026-08-27;LU0444972557;182.5209
2026-08-28;LU0444972557;180.1122
2026-09-02;LU0444972557;177.5591
2026-09-10;LU0444972557;178.6468
2026-08-25;LU0445386369;13.7801
2026-08-26;LU0445386369;13.7795
2026-08-27;LU0445386369;13.8101
2026-08-28;LU0445386369;13.7554
2026-08-31;LU0445386369;13.7086
2026-09-03;LU0445386369;13.6423
2026-09-08;LU0445386369;13.8893
2026-09-11;LU0445386369;13.7979
2026-08-25;LU0448387455;13.926
2026-08-26;LU0448387455;13.9087
2026-08-27;LU0448387455;13.8904
2026-08-28;LU0448387455;13.912
2026-08-31;LU0448387455;13.5744
2026-09-03;LU0448387455;13.5085
2026-09-11;LU0448387455;13.4664
2026-08-25;LU0451950314;161.57
2026-08-26;LU0451950314;161.73
2026-08-27;LU0451950314;161.44
2026-08-28;LU0451950314;161.23
2026-08-31;LU0451950314;161.0
2026-09-03;LU0451950314;160.5
2026-09-11;LU0451950314;159.22
2026-08-24;LU0453818899;422.3547
2026-08-25;LU0453818899;420.4013
2026-08-26;LU0453818899;419.3977
2026-08-27;LU0453818899;414.561
2026-08-28;LU0453818899;418.2853
2026-09-02;LU0453818899;416.327
2026-09-10;LU0453818899;392.0178
2026-08-24;LU0454740118;19.16
2026-08-25;LU0454740118;19.18
2026-08-26;LU0454740118;19.18
2026-08-27;LU0454740118;19.18
2026-08-28;LU0454740118;19.16
2026-09-02;LU0454740118;19.13
2026-09-10;LU0454740118;19.01
2026-08-25;LU0455706654;18.6
2026-08-26;LU0455706654;18.84
2026-08-27;LU0455706654;18.73
2026-08-28;LU0455706654;18.89
2026-08-31;LU0455706654;18.63
2026-09-03;LU0455706654;18.32
2026-09-11;LU0455706654;17.79
2026-08-25;LU0455735596;121.6
2026-08-26;LU0455735596;122.91
2026-08-27;LU0455735596;121.84
2026-08-25;LU0456865749;12.3141
2026-08-26;LU0456865749;12.3395
2026-08-27;LU0456865749;12.3218
2026-08-28;LU0456865749;12.3569
2026-08-31;LU0456865749;12.345
2026-09-03;LU0456865749;12.3241
2026-09-11;LU0456865749;12.2691
2026-08-25;LU0458979076;14.304
2026-08-26;LU0458979076;14.3039
2026-08-27;LU0458979076;14.3363
2026-08-28;LU0458979076;14.328
2026-08-31;LU0458979076;14.3366
2026-09-03;LU0458979076;14.324
2026-09-11;LU0458979076;14.2258
2026-08-25;LU0458980595;10.0193
2026-08-26;LU0458980595;10.026
2026-08-27;LU0458980595;10.0252
2026-08-28;LU0458980595;10.0219
2026-08-31;LU0458980595;9.9847
2026-09-03;LU0458980595;9.9881
2026-09-11;LU0458980595;9.8989
2026-08-25;LU0459992896;7.47
2026-08-26;LU0459992896;7.48
2026-08-27;LU0459992896;7.47
2026-08-28;LU0459992896;7.47
2026-09-03;LU0459992896;7.45
2026-09-11;LU0459992896;7.4
2026-08-24;LU0463469048;328.31
2026-08-25;LU0463469048;329.43
2026-08-26;LU0463469048;329.28
2026-08-27;LU0463469048;328.93
2026-08-28;LU0463469048;329.94
2026-08-24;LU0465917044;198.21
2026-08-25;LU0465917044;199.97
2026-08-26;LU0465917044;200.0
2026-08-27;LU0465917044;200.37
2026-08-28;LU0465917044;199.11
2026-08-31;LU0465917044;197.76
2026-09-03;LU0465917044;197.72
2026-09-04;LU0465917044;199.16
2026-09-10;LU0465917044;195.65
2026-09-11;LU0465917044;197.18
2026-08-24;LU0465917127;154.12
2026-08-25;LU0465917127;155.49
2026-08-26;LU0465917127;155.51
2026-08-27;LU0465917127;155.8
2026-08-28;LU0465917127;154.81
2026-08-31;LU0465917127;153.77
2026-09-03;LU0465917127;153.74
2026-09-04;LU0465917127;154.86
2026-09-10;LU0465917127;152.13
2026-09-11;LU0465917127;153.32
2026-08-24;LU0465917390;185.3
2026-08-25;LU0465917390;186.94
2026-08-26;LU0465917390;186.97
2026-08-27;LU0465917390;187.31
2026-08-28;LU0465917390;186.12
2026-08-31;LU0465917390;184.85
2026-09-03;LU0465917390;184.81
2026-09-04;LU0465917390;186.15
2026-09-10;LU0465917390;182.86
2026-09-11;LU0465917390;184.29
2026-08-24;LU0474363974;686.71
2026-08-25;LU0474363974;688.17
2026-08-26;LU0474363974;689.63
2026-08-27;LU0474363974;687.19
2026-08-28;LU0474363974;688.53
2026-09-02;LU0474363974;685.07
2026-09-10;LU0474363974;671.58
2026-08-24;LU0474966164;621.77
2026-08-25;LU0474966164;623.58
2026-08-26;LU0474966164;624.75
2026-08-27;LU0474966164;629.19
2026-08-28;LU0474966164;628.93
2026-09-02;LU0474966164;626.83
2026-09-10;LU0474966164;618.99
2026-08-25;LU0474966750;272.84
2026-08-26;LU0474966750;274.52
2026-08-27;LU0474966750;274.86
2026-08-28;LU0474966750;276.41
2026-08-31;LU0474966750;277.94
2026-09-03;LU0474966750;279.94
2026-09-11;LU0474966750;280.14
2026-08-25;LU0474967303;592.34
2026-08-26;LU0474967303;591.95
2026-08-27;LU0474967303;603.32
2026-08-28;LU0474967303;607.02
2026-08-31;LU0474967303;600.16
2026-09-03;LU0474967303;590.87
2026-09-11;LU0474967303;582.67
2026-08-25;LU0474970190;255.4
2026-08-26;LU0474970190;255.79
2026-08-27;LU0474970190;257.84
2026-08-28;LU0474970190;258.19
2026-08-31;LU0474970190;255.0
2026-09-03;LU0474970190;251.61
2026-09-11;LU0474970190;248.74
2026-08-25;LU0476876080;644.4953
2026-08-26;LU0476876080;644.1917
2026-08-27;LU0476876080;643.3791
2026-08-28;LU0476876080;645.4108
2026-08-31;LU0476876080;643.6012
2026-09-03;LU0476876080;633.3616
2026-09-11;LU0476876080;617.9037
2026-08-25;LU0476876163;20.4475
2026-08-25;LU0476876759;34.7935
2026-08-26;LU0476876759;35.0392
2026-08-27;LU0476876759;35.1133
2026-08-28;LU0476876759;35.4476
2026-08-31;LU0476876759;35.532
2026-09-03;LU0476876759;34.7121
2026-09-11;LU0476876759;33.6865
2026-08-25;LU0476877054;53.9229
2026-08-26;LU0476877054;54.0687
2026-08-27;LU0476877054;54.2468
2026-08-28;LU0476877054;54.3632
2026-08-31;LU0476877054;54.589
2026-09-03;LU0476877054;53.1353
2026-09-11;LU0476877054;52.1117
2026-02-17;LU0477156524;254.2
2026-08-25;LU0482497442;12.64
2026-08-26;LU0482497442;12.76
2026-08-27;LU0482497442;12.87
2026-08-28;LU0482497442;12.87
2026-08-31;LU0482497442;12.85
2026-09-03;LU0482497442;12.63
2026-09-11;LU0482497442;12.8
2026-08-25;LU0482497798;51.84
2026-08-26;LU0482497798;52.57
2026-08-27;LU0482497798;52.85
2026-08-28;LU0482497798;53.23
2026-08-31;LU0482497798;52.99
2026-09-03;LU0482497798;52.33
2026-09-11;LU0482497798;52.18
2026-08-25;LU0482498176;21.08
2026-08-26;LU0482498176;21.05
2026-08-27;LU0482498176;21.02
2026-08-28;LU0482498176;21.02
2026-08-31;LU0482498176;21.03
2026-09-03;LU0482498176;21.02
2026-09-07;LU0482498176;21.1
2026-09-08;LU0482498176;21.08
2026-09-11;LU0482498176;21.03
2026-08-25;LU0482498762;29.804
2026-08-26;LU0482498762;29.7612
2026-08-27;LU0482498762;29.7869
2026-08-28;LU0482498762;29.8511
2026-08-31;LU0482498762;29.8725
2026-09-03;LU0482498762;29.8549
2026-09-07;LU0482498762;29.9444
2026-09-08;LU0482498762;29.9214
2026-09-11;LU0482498762;29.8936
2026-08-24;LU0487305319;344.0675
2026-08-25;LU0487305319;349.1561
2026-08-26;LU0487305319;350.3839
2026-08-27;LU0487305319;351.3036
2026-08-28;LU0487305319;348.0161
2026-09-02;LU0487305319;350.8508
2026-09-10;LU0487305319;351.9595
2026-08-24;LU0489687243;1664.19
2026-08-25;LU0489687243;1677.71
2026-08-26;LU0489687243;1683.1
2026-08-27;LU0489687243;1683.42
2026-08-28;LU0489687243;1691.66
2026-09-02;LU0489687243;1648.53
2026-09-10;LU0489687243;1627.59
2026-08-24;LU0490786174;8.3667
2026-08-25;LU0490786174;8.3743
2026-08-26;LU0490786174;8.3808
2026-08-27;LU0490786174;8.3764
2026-08-28;LU0490786174;8.3799
2026-09-02;LU0490786174;8.3599
2026-09-10;LU0490786174;8.348
2026-08-24;LU0491217419;315.5
2026-08-25;LU0491217419;318.03
2026-08-26;LU0491217419;319.71
2026-08-27;LU0491217419;319.0
2026-08-28;LU0491217419;318.13
2026-09-02;LU0491217419;319.73
2026-09-10;LU0491217419;309.66
2026-08-24;LU0492942718;32.8818
2026-08-26;LU0492942718;32.9913
2026-08-27;LU0492942718;32.9897
2026-08-28;LU0492942718;33.035
2026-09-03;LU0492942718;33.0134
2026-09-11;LU0492942718;32.9501
2026-08-25;LU0494093205;57.5086
2026-08-26;LU0494093205;57.68
2026-08-27;LU0494093205;57.8222
2026-08-28;LU0494093205;58.1619
2026-08-31;LU0494093205;57.722
2026-09-03;LU0494093205;57.6099
2026-09-08;LU0494093205;57.4267
2026-09-11;LU0494093205;57.1267
2026-08-24;LU0494761835;184.18
2026-08-25;LU0494761835;184.7
2026-08-26;LU0494761835;184.79
2026-08-27;LU0494761835;184.62
2026-08-28;LU0494761835;184.37
2026-09-02;LU0494761835;182.69
2026-09-04;LU0494761835;183.32
2026-09-07;LU0494761835;183.26
2026-09-10;LU0494761835;180.81
2026-08-24;LU0496363770;16.49
2026-08-25;LU0496363770;16.55
2026-08-26;LU0496363770;16.53
2026-08-27;LU0496363770;16.43
2026-08-28;LU0496363770;16.35
2026-08-31;LU0496363770;16.27
2026-09-03;LU0496363770;16.44
2026-09-10;LU0496363770;16.23
2026-09-11;LU0496363770;16.21
2026-08-24;LU0496367763;25.88
2026-08-25;LU0496367763;26.78
2026-08-26;LU0496367763;26.36
2026-08-27;LU0496367763;26.42
2026-08-28;LU0496367763;25.75
2026-08-31;LU0496367763;25.41
2026-09-03;LU0496367763;25.94
2026-09-10;LU0496367763;24.91
2026-09-11;LU0496367763;24.97
2026-08-24;LU0496368142;15.65
2026-08-25;LU0496368142;16.22
2026-08-26;LU0496368142;15.93
2026-08-27;LU0496368142;15.96
2026-08-28;LU0496368142;15.47
2026-08-31;LU0496368142;15.3
2026-09-03;LU0496368142;15.64
2026-09-10;LU0496368142;14.98
2026-09-11;LU0496368142;15.0
2026-08-24;LU0496443531;216.9634
2026-08-25;LU0496443531;216.8119
2026-08-26;LU0496443531;217.294
2026-08-27;LU0496443531;217.1208
2026-08-28;LU0496443531;217.0809
2026-09-02;LU0496443531;216.2154
2026-09-10;LU0496443531;217.0873
2026-08-24;LU0496443887;142.32
2026-08-25;LU0496443887;142.26
2026-08-26;LU0496443887;142.27
2026-08-27;LU0496443887;142.16
2026-08-28;LU0496443887;141.83
2026-09-02;LU0496443887;140.81
2026-09-10;LU0496443887;141.83
2026-08-24;LU0497415702;208.33
2026-08-25;LU0497415702;208.39
2026-08-26;LU0497415702;208.6
2026-08-27;LU0497415702;207.61
2026-08-28;LU0497415702;207.7
2026-09-02;LU0497415702;207.19
2026-09-04;LU0497415702;207.5
2026-09-07;LU0497415702;207.36
2026-09-10;LU0497415702;205.63
2026-08-25;LU0498180339;21.8757
2026-08-26;LU0498180339;22.0871
2026-08-27;LU0498180339;22.2243
2026-08-28;LU0498180339;22.0853
2026-08-31;LU0498180339;22.0781
2026-09-03;LU0498180339;21.816
2026-09-11;LU0498180339;22.0869
2026-08-25;LU0498181733;26.2064
2026-08-26;LU0498181733;26.5065
2026-08-27;LU0498181733;26.6416
2026-08-28;LU0498181733;26.5161
2026-08-31;LU0498181733;26.4422
2026-09-03;LU0498181733;26.2893
2026-09-11;LU0498181733;26.664
2026-08-25;LU0499112034;21.766
2026-08-26;LU0499112034;21.8196
2026-08-27;LU0499112034;21.8186
2026-08-28;LU0499112034;21.9344
2026-08-31;LU0499112034;21.8233
2026-09-03;LU0499112034;21.8253
2026-09-11;LU0499112034;21.6625
2026-08-24;LU0501220429;212.33
2026-08-25;LU0501220429;212.56
2026-08-26;LU0501220429;212.47
2026-08-27;LU0501220429;212.48
2026-08-28;LU0501220429;212.51
2026-09-02;LU0501220429;213.01
2026-09-10;LU0501220429;212.77
2026-08-24;LU0503372608;137.37
2026-08-25;LU0503372608;137.62
2026-08-26;LU0503372608;137.57
2026-08-27;LU0503372608;137.42
2026-08-28;LU0503372608;137.2
2026-09-02;LU0503372608;136.58
2026-09-10;LU0503372608;135.73
2026-08-25;LU0503631714;378.86
2026-08-26;LU0503631714;382.62
2026-08-27;LU0503631714;381.33
2026-08-28;LU0503631714;382.93
2026-08-31;LU0503631714;379.8
2026-09-03;LU0503631714;370.78
2026-09-11;LU0503631714;371.04
2026-08-25;LU0503631987;338.73
2026-08-26;LU0503631987;342.09
2026-08-27;LU0503631987;340.93
2026-08-28;LU0503631987;342.35
2026-08-31;LU0503631987;339.53
2026-09-03;LU0503631987;331.45
2026-09-11;LU0503631987;331.63
2026-08-25;LU0503632282;378.9944
2026-08-26;LU0503632282;382.1137
2026-08-27;LU0503632282;381.6229
2026-08-28;LU0503632282;383.753
2026-08-31;LU0503632282;379.2349
2026-09-03;LU0503632282;370.9789
2026-09-11;LU0503632282;370.9317
2026-08-25;LU0503634221;226.78
2026-08-26;LU0503634221;228.39
2026-08-27;LU0503634221;226.44
2026-08-28;LU0503634221;226.6
2026-08-31;LU0503634221;223.24
2026-09-03;LU0503634221;220.53
2026-09-11;LU0503634221;219.68
2026-08-25;LU0503635202;226.8294
2026-08-26;LU0503635202;228.0548
2026-08-25;LU0503867672;5.11
2026-08-26;LU0503867672;5.11
2026-08-27;LU0503867672;5.11
2026-08-28;LU0503867672;5.11
2026-08-31;LU0503867672;5.09
2026-09-03;LU0503867672;5.07
2026-09-11;LU0503867672;5.04
2026-08-25;LU0503932328;33.05
2026-08-26;LU0503932328;33.04
2026-08-27;LU0503932328;32.99
2026-08-28;LU0503932328;32.95
2026-08-31;LU0503932328;32.94
2026-09-03;LU0503932328;32.58
2026-09-11;LU0503932328;32.07
2026-08-25;LU0505663152;26.1523
2026-08-26;LU0505663152;26.4388
2026-08-27;LU0505663152;26.223
2026-08-28;LU0505663152;26.4948
2026-08-31;LU0505663152;26.0908
2026-09-03;LU0505663152;25.4301
2026-09-11;LU0505663152;24.6352
2026-08-25;LU0505663400;23.4826
2026-08-26;LU0505663400;23.7386
2026-08-27;LU0505663400;23.4966
2026-08-28;LU0505663400;23.6875
2026-08-31;LU0505663400;23.3117
2026-09-03;LU0505663400;22.7244
2026-09-11;LU0505663400;21.9936
2026-08-25;LU0505663822;26.1766
2026-08-26;LU0505663822;26.4656
2026-08-27;LU0505663822;26.2462
2026-08-28;LU0505663822;26.4408
2026-08-31;LU0505663822;26.1408
2026-09-03;LU0505663822;25.4735
2026-09-11;LU0505663822;24.692
2026-08-25;LU0506197614;18.9039
2026-08-26;LU0506197614;18.8696
2026-08-27;LU0506197614;18.8819
2026-08-28;LU0506197614;18.8796
2026-08-31;LU0506197614;18.8533
2026-09-03;LU0506197614;18.925
2026-09-11;LU0506197614;18.6749
2026-08-25;LU0507265923;365.54
2026-08-26;LU0507265923;366.84
2026-08-27;LU0507265923;363.42
2026-08-28;LU0507265923;365.29
2026-08-31;LU0507265923;364.43
2026-09-03;LU0507265923;365.2
2026-09-10;LU0507265923;361.06
2026-09-11;LU0507265923;361.87
2026-08-25;LU0507266061;232.19
2026-08-26;LU0507266061;233.01
2026-08-27;LU0507266061;230.84
2026-08-28;LU0507266061;232.03
2026-08-31;LU0507266061;231.48
2026-09-03;LU0507266061;231.97
2026-09-10;LU0507266061;229.35
2026-09-11;LU0507266061;229.86
2026-08-25;LU0507266491;263.2146
2026-08-26;LU0507266491;263.6945
2026-08-27;LU0507266491;261.7883
2026-08-28;LU0507266491;263.4968
2026-08-31;LU0507266491;261.9313
2026-09-03;LU0507266491;263.0141
2026-09-10;LU0507266491;259.5708
2026-09-11;LU0507266491;260.3978
2026-08-24;LU0510167009;413.4227
2026-08-25;LU0510167009;414.2999
2026-08-26;LU0510167009;415.1814
2026-08-27;LU0510167009;413.711
2026-08-28;LU0510167009;414.5249
2026-09-02;LU0510167009;412.4369
2026-09-10;LU0510167009;404.3157
2026-08-24;LU0510167264;123.97
2026-08-25;LU0510167264;124.26
2026-08-26;LU0510167264;124.26
2026-08-27;LU0510167264;123.81
2026-08-28;LU0510167264;123.78
2026-09-02;LU0510167264;122.85
2026-09-10;LU0510167264;120.74
2026-08-24;LU0511403387;110.92
2026-08-25;LU0511403387;111.61
2026-08-26;LU0511403387;111.32
2026-08-27;LU0511403387;112.41
2026-08-28;LU0511403387;111.9
2026-08-31;LU0511403387;111.41
2026-09-03;LU0511403387;111.5
2026-09-10;LU0511403387;109.18
2026-09-11;LU0511403387;110.2
2026-08-24;LU0511785726;659.83
2026-08-25;LU0511785726;664.81
2026-08-26;LU0511785726;665.84
2026-08-27;LU0511785726;672.76
2026-08-28;LU0511785726;666.9
2026-09-02;LU0511785726;657.71
2026-09-10;LU0511785726;657.44
2026-08-25;LU0512092221;68.59
2026-08-26;LU0512092221;69.01
2026-08-27;LU0512092221;68.16
2026-08-28;LU0512092221;68.71
2026-08-31;LU0512092221;67.73
2026-09-03;LU0512092221;67.64
2026-09-11;LU0512092221;66.86
2026-08-25;LU0512127621;120.74
2026-08-26;LU0512127621;120.78
2026-08-27;LU0512127621;120.81
2026-08-28;LU0512127621;120.83
2026-08-31;LU0512127621;120.64
2026-09-03;LU0512127621;120.51
2026-09-11;LU0512127621;119.96
2026-08-25;LU0512128355;107.06
2026-08-26;LU0512128355;107.09
2026-08-27;LU0512128355;107.12
2026-08-28;LU0512128355;107.14
2026-08-31;LU0512128355;106.96
2026-09-03;LU0512128355;106.84
2026-09-11;LU0512128355;106.35
2026-08-25;LU0513027705;11008.9197
2026-08-26;LU0513027705;11032.1225
2026-08-27;LU0513027705;11033.5835
2026-08-28;LU0513027705;11058.2161
2026-08-31;LU0513027705;11059.8975
2026-09-03;LU0513027705;11060.3698
2026-09-11;LU0513027705;11062.6797
2026-08-25;LU0514679652;104.77
2026-08-26;LU0514679652;104.83
2026-08-27;LU0514679652;104.78
2026-08-28;LU0514679652;104.74
2026-08-31;LU0514679652;104.5
2026-09-03;LU0514679652;104.37
2026-09-11;LU0514679652;103.75
2026-08-24;LU0517465034;3.62
2026-08-26;LU0517465034;3.62
2026-08-27;LU0517465034;3.62
2026-08-28;LU0517465034;3.6
2026-08-31;LU0517465034;3.6
2026-09-03;LU0517465034;3.65
2026-09-11;LU0517465034;3.64
2026-08-25;LU0521028471;15.2749
2026-08-26;LU0521028471;15.435
2026-08-27;LU0521028471;15.2644
2026-08-28;LU0521028471;15.3762
2026-08-31;LU0521028471;14.4377
2026-09-03;LU0521028471;14.6443
2026-09-11;LU0521028471;14.437
2026-08-25;LU0522352516;119.11
2026-08-26;LU0522352516;119.42
2026-08-27;LU0522352516;119.65
2026-08-28;LU0522352516;119.92
2026-08-31;LU0522352516;120.18
2026-09-03;LU0522352516;120.08
2026-09-11;LU0522352516;116.44
2026-08-25;LU0522352607;133.47
2026-08-26;LU0522352607;135.16
2026-08-27;LU0522352607;134.85
2026-08-28;LU0522352607;134.17
2026-08-31;LU0522352607;134.49
2026-09-03;LU0522352607;130.85
2026-09-11;LU0522352607;129.26
2026-08-25;LU0522352862;106.82
2026-08-26;LU0522352862;109.32
2026-08-27;LU0522352862;107.92
2026-08-28;LU0522352862;107.54
2026-08-31;LU0522352862;108.07
2026-09-03;LU0522352862;113.42
2026-09-11;LU0522352862;112.5
2026-08-25;LU0522352946;253.16
2026-08-26;LU0522352946;256.99
2026-08-27;LU0522352946;258.71
2026-08-28;LU0522352946;260.45
2026-08-31;LU0522352946;259.44
2026-09-03;LU0522352946;254.02
2026-09-11;LU0522352946;253.16
2026-08-24;LU0523282928;133.06
2026-08-26;LU0523282928;133.17
2026-08-27;LU0523282928;133.25
2026-08-28;LU0523282928;133.16
2026-08-31;LU0523282928;133.18
2026-09-03;LU0523282928;133.08
2026-09-11;LU0523282928;132.4
2026-08-25;LU0526926950;32.212
2026-08-26;LU0526926950;32.4605
2026-08-27;LU0526926950;32.2513
2026-08-28;LU0526926950;32.4068
2026-08-31;LU0526926950;32.283
2026-09-03;LU0526926950;31.8602
2026-09-11;LU0526926950;31.6672
2026-08-24;LU0533027347;14.601
2026-08-25;LU0533027347;14.6404
2026-08-26;LU0533027347;14.6738
2026-08-27;LU0533027347;14.6565
2026-08-28;LU0533027347;14.7075
2026-08-31;LU0533027347;14.6368
2026-09-03;LU0533027347;14.6528
2026-09-04;LU0533027347;14.6836
2026-09-10;LU0533027347;14.6308
2026-09-11;LU0533027347;14.6208
2026-08-24;LU0543330301;9.7891
2026-08-26;LU0543330301;9.8407
2026-08-27;LU0543330301;9.8402
2026-08-28;LU0543330301;9.8184
2026-08-31;LU0543330301;9.814
2026-09-03;LU0543330301;9.8025
2026-09-11;LU0543330301;9.6775
2026-08-25;LU0544572604;293.8927
2026-08-26;LU0544572604;294.7411
2026-08-27;LU0544572604;292.5111
2026-08-28;LU0544572604;294.4579
2026-08-31;LU0544572604;293.3018
2026-09-03;LU0544572604;294.0997
2026-09-11;LU0544572604;291.3935
2026-08-24;LU0545439217;168.84
2026-08-25;LU0545439217;169.08
2026-08-26;LU0545439217;169.02
2026-08-27;LU0545439217;169.06
2026-08-28;LU0545439217;168.86
2026-09-02;LU0545439217;168.57
2026-09-10;LU0545439217;167.59
2026-08-24;LU0546066993;121.12
2026-08-26;LU0546066993;121.39
2026-08-27;LU0546066993;121.32
2026-08-28;LU0546066993;120.99
2026-08-31;LU0546066993;120.93
2026-09-03;LU0546066993;120.76
2026-09-11;LU0546066993;119.7
2026-08-24;LU0546067371;130.2672
2026-08-26;LU0546067371;130.8058
2026-08-27;LU0546067371;130.7396
2026-08-28;LU0546067371;130.677
2026-08-31;LU0546067371;130.673
2026-09-03;LU0546067371;130.47
2026-09-11;LU0546067371;129.4326
2026-08-24;LU0546216986;12.5563
2026-08-25;LU0546216986;12.5783
2026-08-26;LU0546216986;12.5693
2026-08-27;LU0546216986;12.5596
2026-08-28;LU0546216986;12.5438
2026-09-02;LU0546216986;12.5007
2026-09-10;LU0546216986;12.4222
2026-08-24;LU0546912030;106.4
2026-08-25;LU0546912030;106.06
2026-08-26;LU0546912030;106.7
2026-08-27;LU0546912030;107.46
2026-08-28;LU0546912030;107.34
2026-08-31;LU0546912030;107.26
2026-09-03;LU0546912030;105.55
2026-09-10;LU0546912030;102.88
2026-09-11;LU0546912030;103.48
2026-08-24;LU0546915058;5322.85
2026-08-26;LU0546915058;5337.35
2026-08-24;LU0548376150;307.0883
2026-08-25;LU0548376150;308.0749
2026-08-26;LU0548376150;308.591
2026-08-27;LU0548376150;308.2847
2026-08-28;LU0548376150;309.8869
2026-08-24;LU0549537040;122.56
2026-08-25;LU0549537040;123.03
2026-08-26;LU0549537040;122.95
2026-08-27;LU0549537040;122.78
2026-09-02;LU0549537040;121.49
2026-09-10;LU0549537040;120.52
2026-08-24;LU0549541232;127.08
2026-08-25;LU0549541232;127.57
2026-08-26;LU0549541232;127.49
2026-08-27;LU0549541232;127.31
2026-09-02;LU0549541232;125.99
2026-09-10;LU0549541232;124.98
2026-08-24;LU0549543014;166.89
2026-08-25;LU0549543014;167.4
2026-08-26;LU0549543014;167.32
2026-08-27;LU0549543014;167.13
2026-09-02;LU0549543014;165.51
2026-09-10;LU0549543014;164.46
2026-08-25;LU0549623634;73.03
2026-08-26;LU0549623634;73.06
2026-08-27;LU0549623634;73.08
2026-08-28;LU0549623634;73.06
2026-08-31;LU0549623634;72.67
2026-09-03;LU0549623634;72.68
2026-09-11;LU0549623634;72.03
2026-08-25;LU0550966351;166.25
2026-08-26;LU0550966351;167.43
2026-08-27;LU0550966351;166.0
2026-08-28;LU0550966351;166.12
2026-08-31;LU0550966351;163.66
2026-09-03;LU0550966351;161.67
2026-09-11;LU0550966351;161.05
2026-08-24;LU0551246555;10.8777
2026-08-26;LU0551246555;10.9055
2026-08-27;LU0551246555;10.905
2026-08-28;LU0551246555;10.9113
2026-08-31;LU0551246555;10.916
2026-09-03;LU0551246555;10.9127
2026-09-11;LU0551246555;10.8743
2026-08-25;LU0551365645;24.435
2026-08-26;LU0551365645;24.383
2026-08-27;LU0551365645;24.243
2026-08-28;LU0551365645;24.45
2026-08-31;LU0551365645;24.481
2026-09-03;LU0551365645;24.365
2026-09-11;LU0551365645;23.646
2026-08-25;LU0551366536;21.299
2026-08-26;LU0551366536;21.253
2026-08-27;LU0551366536;21.131
2026-08-28;LU0551366536;21.312
2026-08-31;LU0551366536;21.338
2026-09-03;LU0551366536;21.237
2026-09-11;LU0551366536;20.611
2026-08-25;LU0551369712;6.325
2026-08-26;LU0551369712;6.433
2026-08-27;LU0551369712;6.38
2026-08-28;LU0551369712;6.335
2026-09-03;LU0551369712;6.825
2026-09-11;LU0551369712;6.851
2026-08-24;LU0552029406;122.51
2026-08-25;LU0552029406;123.87
2026-08-26;LU0552029406;123.42
2026-08-27;LU0552029406;123.17
2026-08-28;LU0552029406;122.36
2026-08-31;LU0552029406;123.56
2026-09-03;LU0552029406;128.92
2026-09-10;LU0552029406;129.47
2026-09-11;LU0552029406;128.67
2026-08-25;LU0552385295;145.0354
2026-08-26;LU0552385295;146.2967
2026-08-27;LU0552385295;145.4055
2026-08-28;LU0552385295;146.3469
2026-08-31;LU0552385295;145.2735
2026-09-03;LU0552385295;145.1952
2026-09-11;LU0552385295;144.1814
2026-08-25;LU0552385618;128.17
2026-08-26;LU0552385618;129.02
2026-08-27;LU0552385618;128.22
2026-08-28;LU0552385618;128.77
2026-08-31;LU0552385618;127.78
2026-09-03;LU0552385618;127.72
2026-09-11;LU0552385618;126.73
2026-08-25;LU0552899998;63.25
2026-08-26;LU0552899998;63.34
2026-08-27;LU0552899998;63.19
2026-08-28;LU0552899998;63.55
2026-08-31;LU0552899998;62.98
2026-09-03;LU0552899998;62.77
2026-09-11;LU0552899998;60.77
2026-08-25;LU0553169458;238.37
2026-08-26;LU0553169458;238.75
2026-08-27;LU0553169458;237.97
2026-08-28;LU0553169458;239.03
2026-08-31;LU0553169458;239.47
2026-09-03;LU0553169458;237.76
2026-09-08;LU0553169458;238.1
2026-09-11;LU0553169458;235.12
2026-08-24;LU0553821405;16.8395
2026-08-25;LU0553821405;16.8935
2026-08-26;LU0553821405;16.9525
2026-08-27;LU0553821405;16.9912
2026-09-02;LU0553821405;16.9362
2026-09-07;LU0553821405;16.9908
2026-09-10;LU0553821405;16.7922
2026-08-24;LU0553821827;18.1219
2026-08-25;LU0553821827;18.1798
2026-08-24;LU0553828673;13.1296
2026-08-25;LU0553828673;13.1487
2026-08-26;LU0553828673;13.1793
2026-08-27;LU0553828673;13.1899
2026-09-02;LU0553828673;13.1953
2026-09-04;LU0553828673;13.2033
2026-09-07;LU0553828673;13.1926
2026-09-10;LU0553828673;13.1183
2026-08-24;LU0553828830;13.2779
2026-08-25;LU0553828830;13.2978
2026-08-24;LU0554840073;404.6708
2026-08-26;LU0554840073;406.7404
2026-08-27;LU0554840073;408.0782
2026-08-28;LU0554840073;408.5529
2026-09-02;LU0554840073;402.9834
2026-09-10;LU0554840073;392.5424
2026-08-24;LU0555020303;384.7412
2026-08-26;LU0555020303;386.5009
2026-08-27;LU0555020303;386.7748
2026-08-28;LU0555020303;387.6598
2026-08-31;LU0555020303;387.2841
2026-09-03;LU0555020303;387.2532
2026-09-11;LU0555020303;384.1996
2026-08-24;LU0557861274;189.57
2026-08-26;LU0557861274;190.35
2026-08-27;LU0557861274;190.06
2026-08-28;LU0557861274;190.01
2026-08-31;LU0557861274;190.04
2026-09-03;LU0557861274;190.26
2026-09-11;LU0557861274;188.37
2026-08-24;LU0557863056;202.96
2026-08-26;LU0557863056;203.96
2026-08-27;LU0557863056;203.84
2026-08-28;LU0557863056;203.74
2026-08-31;LU0557863056;203.58
2026-09-03;LU0557863056;203.11
2026-09-11;LU0557863056;201.07
2026-08-24;LU0557864377;87.13
2026-08-24;LU0557872479;101.28
2026-08-25;LU0557872479;101.13
2026-08-26;LU0557872479;101.14
2026-08-27;LU0557872479;101.1
2026-08-28;LU0557872479;101.05
2026-09-02;LU0557872479;101.26
2026-09-07;LU0557872479;100.67
2026-09-10;LU0557872479;101.52
2026-08-25;LU0561744862;18.33
2026-08-26;LU0561744862;18.45
2026-08-27;LU0561744862;18.21
2026-08-28;LU0561744862;18.33
2026-08-31;LU0561744862;18.29
2026-09-03;LU0561744862;18.05
2026-09-11;LU0561744862;17.88
2026-08-25;LU0562247428;109.3905
2026-08-26;LU0562247428;109.4163
2026-08-27;LU0562247428;109.6432
2026-08-28;LU0562247428;109.8673
2026-08-31;LU0562247428;109.714
2026-09-03;LU0562247428;109.7006
2026-09-11;LU0562247428;109.3199
2026-08-25;LU0562247691;73.765
2026-08-26;LU0562247691;73.78
2026-08-27;LU0562247691;73.775
2026-08-28;LU0562247691;73.764
2026-08-31;LU0562247691;73.628
2026-09-03;LU0562247691;73.625
2026-09-11;LU0562247691;73.316
2026-08-25;LU0562248079;104.3501
2026-08-26;LU0562248079;104.3741
2026-08-27;LU0562248079;104.5891
2026-08-28;LU0562248079;104.8024
2026-08-31;LU0562248079;104.6529
2026-09-03;LU0562248079;104.6385
2026-09-11;LU0562248079;104.2685
2026-08-25;LU0562248152;70.423
2026-08-26;LU0562248152;70.437
2026-08-27;LU0562248152;70.432
2026-08-28;LU0562248152;70.421
2026-08-31;LU0562248152;70.289
2026-09-03;LU0562248152;70.284
2026-09-11;LU0562248152;69.985
2026-08-25;LU0562313402;312.2302
2026-08-26;LU0562313402;314.1507
2026-08-27;LU0562313402;315.3331
2026-08-28;LU0562313402;315.4593
2026-08-31;LU0562313402;313.6622
2026-09-03;LU0562313402;314.4141
2026-09-11;LU0562313402;312.0061
2026-08-25;LU0562822386;34.85
2026-08-26;LU0562822386;35.08
2026-08-27;LU0562822386;34.63
2026-08-28;LU0562822386;34.85
2026-08-31;LU0562822386;34.77
2026-09-03;LU0562822386;34.33
2026-09-11;LU0562822386;34.0
2026-08-24;LU0563745743;34.906
2026-08-25;LU0563745743;35.055
2026-08-26;LU0563745743;35.158
2026-08-27;LU0563745743;34.996
2026-08-28;LU0563745743;35.146
2026-09-02;LU0563745743;34.633
2026-09-10;LU0563745743;34.365
2026-08-24;LU0565134938;112.01
2026-08-25;LU0565134938;112.0
2026-08-26;LU0565134938;111.7
2026-08-27;LU0565134938;111.72
2026-08-28;LU0565134938;111.9
2026-09-02;LU0565134938;109.42
2026-09-04;LU0565134938;109.99
2026-09-07;LU0565134938;110.03
2026-09-10;LU0565134938;107.93
2026-08-24;LU0565135745;316.8
2026-08-25;LU0565135745;316.69
2026-08-26;LU0565135745;316.5
2026-08-27;LU0565135745;316.57
2026-08-28;LU0565135745;317.79
2026-09-02;LU0565135745;314.67
2026-09-04;LU0565135745;315.75
2026-09-07;LU0565135745;315.46
2026-09-10;LU0565135745;309.59
2026-08-24;LU0565419693;172.75
2026-08-25;LU0565419693;172.69
2026-08-26;LU0565419693;172.59
2026-08-27;LU0565419693;172.63
2026-08-28;LU0565419693;173.29
2026-09-02;LU0565419693;169.88
2026-09-04;LU0565419693;170.46
2026-09-07;LU0565419693;170.3
2026-09-10;LU0565419693;167.13
2026-08-24;LU0566417423;12.8181
2026-08-25;LU0566417423;12.8384
2026-08-26;LU0566417423;12.8271
2026-08-27;LU0566417423;12.8297
2026-08-28;LU0566417423;12.8382
2026-09-02;LU0566417423;12.7867
2026-09-04;LU0566417423;12.8138
2026-09-07;LU0566417423;12.804
2026-09-10;LU0566417423;12.706
2026-08-25;LU0566480116;15.2057
2026-08-26;LU0566480116;15.2216
2026-08-27;LU0566480116;15.2503
2026-08-28;LU0566480116;15.2849
2026-08-31;LU0566480116;15.2865
2026-09-03;LU0566480116;15.2506
2026-09-11;LU0566480116;15.2046
2026-08-25;LU0566484027;29.9042
2026-08-26;LU0566484027;29.9815
2026-08-27;LU0566484027;30.0846
2026-08-28;LU0566484027;30.107
2026-08-31;LU0566484027;29.7942
2026-09-03;LU0566484027;29.4428
2026-09-11;LU0566484027;28.9807
2026-08-24;LU0566497433;263.74
2026-08-25;LU0566497433;264.83
2026-08-26;LU0566497433;264.35
2026-08-27;LU0566497433;261.49
2026-08-28;LU0566497433;262.63
2026-09-02;LU0566497433;259.83
2026-09-10;LU0566497433;257.47
2026-08-25;LU0567554463;26.9174
2026-08-26;LU0567554463;26.8956
2026-08-27;LU0567554463;26.8944
2026-08-28;LU0567554463;26.9479
2026-08-31;LU0567554463;26.9269
2026-09-03;LU0567554463;26.7842
2026-09-11;LU0567554463;26.6882
2026-08-24;LU0568620560;107.02
2026-08-25;LU0568620560;107.02
2026-08-26;LU0568620560;107.03
2026-08-27;LU0568620560;107.03
2026-08-28;LU0568620560;107.04
2026-09-02;LU0568620560;107.07
2026-09-10;LU0568620560;107.11
2026-08-25;LU0568621618;112.3092
2026-08-26;LU0568621618;112.3178
2026-08-27;LU0568621618;112.5617
2026-08-28;LU0568621618;112.8129
2026-08-31;LU0568621618;112.8958
2026-09-03;LU0568621618;112.8789
2026-09-11;LU0568621618;113.0135
2026-08-24;LU0569862351;234.5615
2026-08-25;LU0569862351;235.0388
2026-08-26;LU0569862351;235.5242
2026-08-27;LU0569862351;235.3845
2026-08-28;LU0569862351;235.3925
2026-09-02;LU0569862351;235.6228
2026-09-10;LU0569862351;233.4701
2026-08-24;LU0569862609;212.15
2026-08-25;LU0569862609;212.63
2026-08-26;LU0569862609;212.61
2026-08-27;LU0569862609;212.47
2026-08-28;LU0569862609;212.03
2026-09-02;LU0569862609;211.72
2026-09-10;LU0569862609;210.32
2026-08-24;LU0570870567;45.0748
2026-08-25;LU0570870567;45.0985
2026-08-26;LU0570870567;45.19
2026-08-27;LU0570870567;45.3988
2026-08-28;LU0570870567;45.0099
2026-09-02;LU0570870567;44.2289
2026-09-10;LU0570870567;43.5603
2026-08-24;LU0571085413;211.5202
2026-08-25;LU0571085413;212.7329
2026-08-26;LU0571085413;214.5118
2026-08-27;LU0571085413;214.4761
2026-08-28;LU0571085413;214.5854
2026-09-02;LU0571085413;212.8342
2026-09-10;LU0571085413;215.9865
2026-08-24;LU0571102010;118.18
2026-08-25;LU0571102010;118.23
2026-08-26;LU0571102010;118.17
2026-08-27;LU0571102010;118.19
2026-08-28;LU0571102010;118.19
2026-09-02;LU0571102010;118.15
2026-09-10;LU0571102010;118.14
2026-08-24;LU0571488617;243.5363
2026-08-25;LU0571488617;245.4847
2026-08-26;LU0571488617;246.7904
2026-08-27;LU0571488617;246.2379
2026-08-28;LU0571488617;245.5637
2026-09-02;LU0571488617;246.8014
2026-09-10;LU0571488617;239.0342
2026-08-24;LU0572586591;186.56
2026-08-25;LU0572586591;188.31
2026-08-26;LU0572586591;188.45
2026-08-27;LU0572586591;188.64
2026-08-28;LU0572586591;188.98
2026-09-02;LU0572586591;187.27
2026-09-10;LU0572586591;191.45
2026-08-24;LU0572586674;216.22
2026-08-25;LU0572586674;218.25
2026-08-26;LU0572586674;218.42
2026-08-27;LU0572586674;218.63
2026-08-28;LU0572586674;219.04
2026-09-02;LU0572586674;217.07
2026-09-10;LU0572586674;221.95
2026-08-25;LU0572952017;291.3485
2026-08-26;LU0572952017;292.8415
2026-08-27;LU0572952017;296.2111
2026-08-28;LU0572952017;297.735
2026-08-31;LU0572952017;296.4998
2026-09-03;LU0572952017;292.1945
2026-09-11;LU0572952017;299.2205
2026-08-25;LU0572952280;291.3
2026-08-26;LU0572952280;292.78
2026-08-27;LU0572952280;296.05
2026-08-28;LU0572952280;297.19
2026-08-31;LU0572952280;296.38
2026-09-03;LU0572952280;291.75
2026-09-11;LU0572952280;299.16
2026-08-24;LU0573559563;253.49
2026-08-25;LU0573559563;254.51
2026-08-26;LU0573559563;254.66
2026-08-27;LU0573559563;255.65
2026-08-28;LU0573559563;256.33
2026-09-02;LU0573559563;253.67
2026-09-10;LU0573559563;248.63
2026-08-25;LU0577510026;244.74
2026-08-26;LU0577510026;247.4
2026-08-27;LU0577510026;248.38
2026-08-28;LU0577510026;248.21
2026-08-31;LU0577510026;248.2
2026-09-03;LU0577510026;244.65
2026-09-11;LU0577510026;242.19
2026-08-24;LU0577855355;141.8564
2026-08-25;LU0577855355;142.3361
2026-08-26;LU0577855355;142.6472
2026-08-27;LU0577855355;142.6749
2026-08-28;LU0577855355;142.8791
2026-09-02;LU0577855355;143.1574
2026-09-10;LU0577855355;142.3541
2026-08-24;LU0578148453;192.4754
2026-08-25;LU0578148453;192.8557
2026-08-26;LU0578148453;193.6385
2026-08-27;LU0578148453;193.5003
2026-08-28;LU0578148453;195.2047
2026-09-02;LU0578148453;190.9338
2026-09-10;LU0578148453;191.7831
2026-08-24;LU0579955484;28.177
2026-08-26;LU0579955484;28.2671
2026-08-27;LU0579955484;28.252
2026-08-28;LU0579955484;28.1903
2026-08-31;LU0579955484;28.1186
2026-09-03;LU0579955484;28.1353
2026-09-11;LU0579955484;27.9384
2026-08-24;LU0580275534;435.57
2026-08-25;LU0580275534;433.67
2026-08-26;LU0580275534;431.89
2026-08-27;LU0580275534;426.84
2026-08-28;LU0580275534;429.95
2026-09-02;LU0580275534;426.96
2026-09-10;LU0580275534;402.33
2026-08-24;LU0582532197;128.11
2026-08-25;LU0582532197;129.52
2026-08-26;LU0582532197;129.33
2026-08-27;LU0582532197;129.31
2026-08-28;LU0582532197;129.44
2026-09-02;LU0582532197;130.71
2026-09-10;LU0582532197;131.29
2026-08-24;LU0582533245;279.8
2026-08-25;LU0582533245;282.87
2026-08-26;LU0582533245;282.46
2026-08-27;LU0582533245;282.41
2026-08-28;LU0582533245;282.69
2026-09-02;LU0582533245;285.46
2026-09-10;LU0582533245;286.73
2026-08-24;LU0583240519;14.04
2026-08-26;LU0583240519;14.07
2026-08-27;LU0583240519;14.08
2026-08-28;LU0583240519;14.07
2026-08-31;LU0583240519;14.04
2026-09-03;LU0583240519;14.04
2026-09-11;LU0583240519;13.94
2026-08-24;LU0583241160;28.55
2026-08-25;LU0583241160;28.53
2026-08-26;LU0583241160;28.54
2026-08-27;LU0583241160;28.38
2026-08-28;LU0583241160;28.44
2026-08-31;LU0583241160;28.14
2026-09-03;LU0583241160;28.32
2026-09-10;LU0583241160;27.62
2026-09-11;LU0583241160;27.81
2026-08-25;LU0589470672;9.34
2026-08-26;LU0589470672;9.34
2026-08-27;LU0589470672;9.3039
2026-08-28;LU0589470672;9.3089
2026-08-31;LU0589470672;9.4404
2026-09-03;LU0589470672;9.5997
2026-09-11;LU0589470672;9.5894
2026-08-24;LU0591059224;381.12
2026-08-25;LU0591059224;390.32
2026-08-26;LU0591059224;390.95
2026-08-27;LU0591059224;390.32
2026-08-28;LU0591059224;386.26
2026-09-02;LU0591059224;390.68
2026-09-10;LU0591059224;395.62
2026-08-24;LU0592505589;18.89
2026-08-26;LU0592505589;18.94
2026-08-27;LU0592505589;18.93
2026-08-28;LU0592505589;18.85
2026-08-31;LU0592505589;18.84
2026-09-03;LU0592505589;18.82
2026-09-11;LU0592505589;18.54
2026-08-24;LU0592505662;17.59
2026-08-26;LU0592505662;17.63
2026-08-27;LU0592505662;17.62
2026-08-28;LU0592505662;17.55
2026-08-31;LU0592505662;17.53
2026-09-03;LU0592505662;17.51
2026-09-11;LU0592505662;17.25
2026-08-24;LU0592650328;11.87
2026-08-25;LU0592650328;12.02
2026-08-26;LU0592650328;12.02
2026-08-27;LU0592650328;12.01
2026-08-28;LU0592650328;12.04
2026-08-31;LU0592650328;12.11
2026-09-03;LU0592650328;12.51
2026-09-10;LU0592650328;12.56
2026-09-11;LU0592650328;12.48
2026-08-24;LU0592650674;11.44
2026-08-26;LU0592650674;11.46
2026-08-27;LU0592650674;11.46
2026-08-28;LU0592650674;11.44
2026-08-31;LU0592650674;11.43
2026-09-03;LU0592650674;11.42
2026-09-11;LU0592650674;11.33
2026-08-24;LU0592698954;178.09
2026-08-25;LU0592698954;178.33
2026-08-26;LU0592698954;178.57
2026-08-27;LU0592698954;177.92
2026-08-28;LU0592698954;177.06
2026-09-02;LU0592698954;176.67
2026-09-07;LU0592698954;179.77
2026-09-10;LU0592698954;179.97
2026-08-24;LU0592905250;559.2
2026-08-25;LU0592905250;560.98
2026-08-26;LU0592905250;560.85
2026-08-27;LU0592905250;564.88
2026-08-28;LU0592905250;563.39
2026-09-02;LU0592905250;559.99
2026-09-10;LU0592905250;554.48
2026-08-25;LU0593848301;17.0358
2026-08-26;LU0593848301;17.2414
2026-08-27;LU0593848301;17.6541
2026-08-28;LU0593848301;17.5802
2026-08-31;LU0593848301;17.5792
2026-09-03;LU0593848301;17.1436
2026-09-11;LU0593848301;17.4178
2026-08-25;LU0593848723;15.95
2026-08-26;LU0593848723;16.14
2026-08-27;LU0593848723;16.53
2026-08-28;LU0593848723;16.41
2026-08-31;LU0593848723;16.47
2026-09-03;LU0593848723;16.06
2026-09-11;LU0593848723;16.32
2026-08-25;LU0594300096;17.8
2026-08-26;LU0594300096;18.02
2026-08-27;LU0594300096;17.85
2026-08-28;LU0594300096;18.03
2026-08-31;LU0594300096;17.8
2026-09-03;LU0594300096;17.54
2026-09-11;LU0594300096;16.95
2026-08-25;LU0594300179;13.0082
2026-08-26;LU0594300179;13.1725
2026-08-27;LU0594300179;13.0516
2026-08-28;LU0594300179;13.1486
2026-08-31;LU0594300179;13.0079
2026-09-03;LU0594300179;12.8146
2026-09-11;LU0594300179;12.3638
2026-08-25;LU0594300419;12.9311
2026-08-26;LU0594300419;13.0866
2026-08-27;LU0594300419;12.9658
2026-08-28;LU0594300419;13.0625
2026-08-31;LU0594300419;12.9218
2026-09-03;LU0594300419;12.7372
2026-09-11;LU0594300419;12.2863
2026-08-24;LU0594695099;190.5705
2026-08-25;LU0594695099;190.7783
2026-08-26;LU0594695099;191.1123
2026-08-27;LU0594695099;191.1806
2026-08-28;LU0594695099;191.3688
2026-09-02;LU0594695099;191.512
2026-09-10;LU0594695099;189.9116
2026-08-24;LU0594695172;167.9235
2026-08-25;LU0594695172;168.104
2026-08-26;LU0594695172;168.3997
2026-08-27;LU0594695172;168.4605
2026-08-28;LU0594695172;168.6169
2026-09-02;LU0594695172;168.7493
2026-09-10;LU0594695172;167.3455
2026-08-24;LU0599119707;210.03
2026-08-25;LU0599119707;210.54
2026-08-26;LU0599119707;210.09
2026-08-27;LU0599119707;210.05
2026-08-28;LU0599119707;209.81
2026-09-02;LU0599119707;208.97
2026-09-10;LU0599119707;207.88
2026-08-25;LU0599946893;191.26
2026-08-26;LU0599946893;191.6
2026-08-27;LU0599946893;190.74
2026-08-28;LU0599946893;191.31
2026-08-31;LU0599946893;190.53
2026-09-03;LU0599946893;190.35
2026-09-07;LU0599946893;190.18
2026-09-08;LU0599946893;189.76
2026-09-10;LU0599946893;188.25
2026-09-11;LU0599946893;188.95
2026-08-25;LU0599946976;181.04
2026-08-26;LU0599946976;181.35
2026-08-27;LU0599946976;180.54
2026-08-28;LU0599946976;181.08
2026-08-31;LU0599946976;180.34
2026-09-03;LU0599946976;180.17
2026-09-07;LU0599946976;180.01
2026-09-08;LU0599946976;179.61
2026-09-10;LU0599946976;178.18
2026-09-11;LU0599946976;178.84
2026-08-25;LU0599947602;163.4166
2026-08-26;LU0599947602;164.0375
2026-08-27;LU0599947602;163.3085
2026-08-28;LU0599947602;164.1595
2026-08-31;LU0599947602;163.5586
2026-09-03;LU0599947602;163.3887
2026-09-07;LU0599947602;163.0822
2026-09-08;LU0599947602;162.7448
2026-09-10;LU0599947602;161.4975
2026-09-11;LU0599947602;162.2966
2026-08-25;LU0600006117;130.699
2026-08-25;LU0602536251;12.1192
2026-08-25;LU0602537226;13.8821
2026-08-26;LU0602537226;13.8796
2026-08-27;LU0602537226;13.9171
2026-08-28;LU0602537226;13.9122
2026-08-31;LU0602537226;13.9648
2026-09-03;LU0602537226;13.9259
2026-09-11;LU0602537226;13.9046
2026-08-25;LU0602539602;198.5312
2026-08-26;LU0602539602;201.4419
2026-08-27;LU0602539602;202.8998
2026-08-28;LU0602539602;202.314
2026-08-31;LU0602539602;201.0027
2026-09-03;LU0602539602;200.7871
2026-09-11;LU0602539602;203.1835
2026-08-25;LU0602539867;198.6941
2026-08-26;LU0602539867;201.4516
2026-08-27;LU0602539867;202.9705
2026-08-28;LU0602539867;201.8886
2026-08-31;LU0602539867;201.3411
2026-09-03;LU0602539867;200.9087
2026-09-11;LU0602539867;203.5785
2026-08-25;LU0604766674;132.27
2026-08-26;LU0604766674;134.31
2026-08-27;LU0604766674;132.45
2026-08-28;LU0604766674;133.91
2026-08-31;LU0604766674;131.34
2026-09-03;LU0604766674;129.01
2026-09-11;LU0604766674;126.74
2026-08-25;LU0605515377;37.75
2026-08-26;LU0605515377;37.76
2026-08-27;LU0605515377;37.52
2026-08-28;LU0605515377;37.57
2026-08-31;LU0605515377;37.39
2026-09-03;LU0605515377;37.27
2026-09-11;LU0605515377;36.46
2026-08-25;LU0605520377;17.3443
2026-08-26;LU0605520377;17.3715
2026-08-27;LU0605520377;17.3879
2026-08-28;LU0605520377;17.4167
2026-08-31;LU0605520377;17.407
2026-09-03;LU0605520377;17.3931
2026-09-11;LU0605520377;17.3059
2026-08-25;LU0607513230;140.6993
2026-08-26;LU0607513230;140.2537
2026-08-27;LU0607513230;140.5884
2026-08-28;LU0607513230;140.6676
2026-08-31;LU0607513230;140.6506
2026-09-03;LU0607513230;138.775
2026-09-11;LU0607513230;135.4509
2026-08-25;LU0607514717;59.1088
2026-08-26;LU0607514717;59.0927
2026-08-27;LU0607514717;59.4519
2026-08-28;LU0607514717;59.6406
2026-08-31;LU0607514717;59.8969
2026-09-03;LU0607514717;60.3594
2026-09-11;LU0607514717;60.0118
2026-08-25;LU0607516688;14.5023
2026-08-26;LU0607516688;14.5417
2026-08-25;LU0607516928;13.4168
2026-08-26;LU0607516928;13.4247
2026-08-25;LU0607519195;11.646
2026-08-26;LU0607519195;11.653
2026-08-27;LU0607519195;11.6434
2026-08-28;LU0607519195;11.6373
2026-08-31;LU0607519195;11.6341
2026-09-03;LU0607519195;11.6185
2026-09-11;LU0607519195;11.5758
2026-08-25;LU0607974713;40.0951
2026-08-26;LU0607974713;40.1533
2026-08-27;LU0607974713;40.206
2026-08-28;LU0607974713;40.281
2026-08-31;LU0607974713;39.7677
2026-09-03;LU0607974713;39.2137
2026-09-11;LU0607974713;39.2459
2026-08-25;LU0607983896;85.5595
2026-08-26;LU0607983896;85.5673
2026-08-27;LU0607983896;85.8513
2026-08-28;LU0607983896;85.3176
2026-08-31;LU0607983896;84.8965
2026-09-03;LU0607983896;84.286
2026-09-08;LU0607983896;86.589
2026-09-11;LU0607983896;85.7532
2026-08-24;LU0608807789;12.56
2026-08-25;LU0608807789;12.67
2026-08-26;LU0608807789;12.68
2026-08-27;LU0608807789;12.68
2026-08-28;LU0608807789;12.6
2026-08-31;LU0608807789;12.59
2026-09-03;LU0608807789;12.69
2026-09-04;LU0608807789;12.77
2026-09-10;LU0608807789;12.64
2026-09-11;LU0608807789;12.69
2026-08-24;LU0608808167;11.08
2026-08-25;LU0608808167;11.17
2026-08-26;LU0608808167;11.19
2026-08-27;LU0608808167;11.21
2026-08-28;LU0608808167;11.19
2026-08-31;LU0608808167;11.15
2026-09-03;LU0608808167;11.24
2026-09-04;LU0608808167;11.32
2026-09-10;LU0608808167;11.21
2026-09-11;LU0608808167;11.27
2026-08-24;LU0608808241;6.58
2026-08-25;LU0608808241;6.64
2026-08-26;LU0608808241;6.65
2026-08-27;LU0608808241;6.65
2026-08-28;LU0608808241;6.61
2026-08-31;LU0608808241;6.6
2026-09-03;LU0608808241;6.65
2026-09-04;LU0608808241;6.7
2026-09-10;LU0608808241;6.63
2026-09-11;LU0608808241;6.65
2026-08-25;LU0609002489;112.1793
2026-08-24;LU0611173427;334.2784
2026-08-25;LU0611173427;334.8625
2026-08-26;LU0611173427;336.8079
2026-08-27;LU0611173427;334.8345
2026-08-28;LU0611173427;335.358
2026-09-02;LU0611173427;334.7902
2026-09-10;LU0611173427;332.7817
2026-08-24;LU0611173930;309.21
2026-08-25;LU0611173930;309.82
2026-08-26;LU0611173930;310.97
2026-08-27;LU0611173930;309.14
2026-08-28;LU0611173930;308.95
2026-09-02;LU0611173930;307.66
2026-09-10;LU0611173930;306.6
2026-08-25;LU0611489658;62.14
2026-08-26;LU0611489658;62.17
2026-08-27;LU0611489658;62.47
2026-08-28;LU0611489658;63.0
2026-08-31;LU0611489658;62.96
2026-09-03;LU0611489658;62.59
2026-09-11;LU0611489658;61.76
2026-08-25;LU0612441583;55.92
2026-08-26;LU0612441583;56.18
2026-08-27;LU0612441583;56.04
2026-08-28;LU0612441583;56.84
2026-09-03;LU0612441583;55.75
2026-09-11;LU0612441583;55.08
2026-08-24;LU0613076990;120.39
2026-08-26;LU0613076990;120.66
2026-08-27;LU0613076990;120.46
2026-08-28;LU0613076990;120.16
2026-08-31;LU0613076990;120.13
2026-09-03;LU0613076990;120.27
2026-09-11;LU0613076990;118.99
2026-08-24;LU0613077295;73.17
2026-08-26;LU0613077295;73.33
2026-08-27;LU0613077295;73.22
2026-08-28;LU0613077295;73.03
2026-08-31;LU0613077295;73.01
2026-09-03;LU0613077295;72.86
2026-09-11;LU0613077295;72.09
2026-08-25;LU0613488591;229.6658
2026-08-26;LU0613488591;231.5939
2026-08-27;LU0613488591;233.2378
2026-08-28;LU0613488591;234.3513
2026-08-31;LU0613488591;233.5567
2026-09-03;LU0613488591;231.0076
2026-09-11;LU0613488591;232.6223
2026-08-25;LU0616839501;188.62
2026-08-26;LU0616839501;188.65
2026-08-27;LU0616839501;188.65
2026-08-28;LU0616839501;188.68
2026-08-31;LU0616839501;188.64
2026-09-03;LU0616839501;188.45
2026-09-11;LU0616839501;187.23
2026-08-25;LU0616839766;110.17
2026-08-26;LU0616839766;110.19
2026-08-27;LU0616839766;110.18
2026-08-28;LU0616839766;110.2
2026-08-31;LU0616839766;110.18
2026-09-03;LU0616839766;110.07
2026-09-11;LU0616839766;109.36
2026-08-25;LU0616856935;178.98
2026-08-26;LU0616856935;183.76
2026-08-27;LU0616856935;181.73
2026-08-28;LU0616856935;182.04
2026-08-31;LU0616856935;183.96
2026-09-03;LU0616856935;197.35
2026-09-10;LU0616856935;192.53
2026-09-11;LU0616856935;196.41
2026-08-25;LU0616863808;207.47
2026-08-26;LU0616863808;208.05
2026-08-27;LU0616863808;206.04
2026-08-28;LU0616863808;206.95
2026-08-31;LU0616863808;206.05
2026-09-03;LU0616863808;206.64
2026-09-11;LU0616863808;204.58
2026-08-25;LU0616865175;219.8045
2026-08-26;LU0616865175;222.0781
2026-08-27;LU0616865175;219.2769
2026-08-28;LU0616865175;220.7149
2026-08-31;LU0616865175;218.1209
2026-09-03;LU0616865175;217.1212
2026-09-11;LU0616865175;212.9848
2026-08-24;LU0617149793;189.2933
2026-08-25;LU0617149793;189.9214
2026-08-26;LU0617149793;190.1334
2026-08-25;LU0618658370;6.92
2026-08-26;LU0618658370;6.92
2026-08-27;LU0618658370;6.93
2026-08-28;LU0618658370;6.93
2026-09-03;LU0618658370;6.92
2026-09-11;LU0618658370;6.87
2026-08-25;LU0621411155;19.358
2026-08-26;LU0621411155;19.3894
2026-08-27;LU0621411155;19.3971
2026-08-28;LU0621411155;19.4303
2026-08-31;LU0621411155;19.4301
2026-09-03;LU0621411155;19.4156
2026-09-11;LU0621411155;19.2862
2026-08-25;LU0622305505;160.2373
2026-08-26;LU0622305505;160.6198
2026-08-27;LU0622305505;160.6639
2026-08-28;LU0622305505;161.0703
2026-09-03;LU0622305505;160.7294
2026-09-11;LU0622305505;160.2905
2026-08-25;LU0622306651;151.39
2026-08-26;LU0622306651;151.44
2026-08-27;LU0622306651;151.46
2026-08-28;LU0622306651;151.51
2026-09-03;LU0622306651;151.14
2026-09-11;LU0622306651;150.63
2026-08-24;LU0622663093;97.18
2026-08-25;LU0622663093;97.33
2026-08-26;LU0622663093;97.31
2026-08-27;LU0622663093;97.22
2026-08-28;LU0622663093;97.06
2026-09-02;LU0622663093;96.64
2026-09-10;LU0622663093;96.07
2026-08-24;LU0622663176;189.04
2026-08-25;LU0622663176;189.34
2026-08-26;LU0622663176;189.28
2026-08-27;LU0622663176;189.11
2026-08-28;LU0622663176;188.81
2026-09-02;LU0622663176;187.99
2026-09-10;LU0622663176;186.88
2026-08-24;LU0625737910;130.98
2026-08-25;LU0625737910;131.15
2026-08-26;LU0625737910;132.77
2026-08-27;LU0625737910;132.56
2026-08-28;LU0625737910;132.98
2026-08-24;LU0626261860;8.84
2026-08-25;LU0626261860;8.83
2026-08-26;LU0626261860;8.79
2026-08-27;LU0626261860;8.81
2026-08-28;LU0626261860;8.74
2026-08-31;LU0626261860;8.79
2026-09-03;LU0626261860;8.87
2026-09-10;LU0626261860;8.75
2026-09-11;LU0626261860;8.76
2026-08-24;LU0626262082;16.32
2026-08-25;LU0626262082;16.57
2026-08-26;LU0626262082;16.62
2026-08-27;LU0626262082;16.69
2026-08-28;LU0626262082;16.56
2026-08-31;LU0626262082;16.57
2026-09-03;LU0626262082;16.72
2026-09-10;LU0626262082;16.59
2026-09-11;LU0626262082;16.75
2026-08-24;LU0627761702;135.12
2026-08-25;LU0627761702;135.09
2026-08-24;LU0627761884;117.69
2026-08-25;LU0627761884;117.66
2026-08-26;LU0627761884;117.68
2026-08-27;LU0627761884;117.72
2026-09-02;LU0627761884;117.58
2026-09-10;LU0627761884;118.07
2026-08-24;LU0627765794;117.63
2026-08-25;LU0627765794;117.6
2026-08-26;LU0627765794;117.63
2026-08-27;LU0627765794;117.67
2026-09-02;LU0627765794;117.53
2026-09-10;LU0627765794;118.04
2026-08-25;LU0628612748;32.31
2026-08-26;LU0628612748;32.52
2026-08-27;LU0628612748;32.1
2026-08-28;LU0628612748;32.31
2026-08-31;LU0628612748;32.24
2026-09-03;LU0628612748;31.82
2026-09-11;LU0628612748;31.51
2026-08-25;LU0630478484;15.9989
2026-08-24;LU0631859229;524.02
2026-08-25;LU0631859229;526.7
2026-08-26;LU0631859229;528.78
2026-08-27;LU0631859229;530.13
2026-08-28;LU0631859229;529.72
2026-09-02;LU0631859229;517.7
2026-09-10;LU0631859229;511.27
2026-08-25;LU0634509953;114.0899
2026-08-26;LU0634509953;114.0535
2026-08-27;LU0634509953;113.8873
2026-08-28;LU0634509953;113.8463
2026-09-03;LU0634509953;113.9309
2026-09-07;LU0634509953;114.1778
2026-09-08;LU0634509953;114.2396
2026-09-11;LU0634509953;112.8455
2026-08-24;LU0636969866;670.9386
2026-08-25;LU0636969866;672.5321
2026-08-26;LU0636969866;670.0672
2026-08-27;LU0636969866;671.5889
2026-08-28;LU0636969866;669.6303
2026-09-02;LU0636969866;660.3829
2026-09-10;LU0636969866;645.0216
2026-08-24;LU0638558717;1.5796
2026-08-25;LU0638558717;1.5812
2026-08-26;LU0638558717;1.59
2026-08-27;LU0638558717;1.5875
2026-08-28;LU0638558717;1.588
2026-08-24;LU0638558808;1.4818
2026-08-25;LU0638558808;1.4822
2026-08-26;LU0638558808;1.4875
2026-08-27;LU0638558808;1.4894
2026-08-28;LU0638558808;1.4871
2026-08-24;LU0638558980;1.672
2026-08-25;LU0638558980;1.6733
2026-08-26;LU0638558980;1.6861
2026-08-27;LU0638558980;1.6836
2026-08-28;LU0638558980;1.6876
2026-08-24;LU0640488994;21.6899
2026-08-25;LU0640488994;21.7622
2026-08-26;LU0640488994;21.7889
2026-08-27;LU0640488994;21.8206
2026-08-28;LU0640488994;21.7392
2026-09-02;LU0640488994;21.5579
2026-09-07;LU0640488994;21.763
2026-09-10;LU0640488994;21.4657
2026-08-25;LU0642795305;33.95
2026-08-26;LU0642795305;33.95
2026-08-27;LU0642795305;33.76
2026-08-28;LU0642795305;33.7
2026-08-31;LU0642795305;33.72
2026-09-03;LU0642795305;33.2
2026-09-11;LU0642795305;32.98
2026-08-24;LU0648597655;44.44
2026-08-25;LU0648597655;44.65
2026-08-26;LU0648597655;44.67
2026-08-27;LU0648597655;44.23
2026-08-28;LU0648597655;44.39
2026-08-31;LU0648597655;44.22
2026-09-03;LU0648597655;44.2
2026-09-10;LU0648597655;43.22
2026-09-11;LU0648597655;43.4
2026-08-25;LU0650147779;172.28
2026-08-26;LU0650147779;173.26
2026-08-27;LU0650147779;173.94
2026-08-28;LU0650147779;173.75
2026-08-31;LU0650147779;171.06
2026-09-03;LU0650147779;166.42
2026-09-11;LU0650147779;168.49
2026-08-25;LU0650148314;224.25
2026-08-26;LU0650148314;225.23
2026-08-27;LU0650148314;225.46
2026-08-28;LU0650148314;227.03
2026-08-31;LU0650148314;227.6
2026-09-03;LU0650148314;222.99
2026-09-11;LU0650148314;216.65
2026-08-25;LU0650148827;349.97
2026-08-26;LU0650148827;350.51
2026-08-27;LU0650148827;363.6
2026-08-28;LU0650148827;361.1
2026-08-31;LU0650148827;357.49
2026-09-03;LU0650148827;343.34
2026-09-11;LU0650148827;354.32
2026-08-25;LU0654954816;12.3773
2026-08-26;LU0654954816;12.3893
2026-08-27;LU0654954816;12.3865
2026-08-28;LU0654954816;12.3875
2026-08-31;LU0654954816;12.3823
2026-09-03;LU0654954816;12.3553
2026-09-11;LU0654954816;12.3087
2026-08-24;LU0658026603;152.06
2026-08-26;LU0658026603;152.09
2026-08-27;LU0658026603;152.1
2026-08-28;LU0658026603;152.12
2026-09-03;LU0658026603;151.84
2026-09-11;LU0658026603;151.38
2026-08-25;LU0661985969;548.86
2026-08-26;LU0661985969;551.26
2026-08-27;LU0661985969;545.17
2026-08-28;LU0661985969;548.7
2026-08-31;LU0661985969;548.66
2026-09-03;LU0661985969;543.64
2026-09-11;LU0661985969;543.39
2026-08-25;LU0661986348;493.35
2026-08-26;LU0661986348;495.5
2026-08-27;LU0661986348;490.02
2026-08-28;LU0661986348;493.17
2026-08-31;LU0661986348;493.11
2026-09-03;LU0661986348;488.57
2026-09-11;LU0661986348;488.26
2026-08-25;LU0666199749;219.2155
2026-08-26;LU0666199749;220.8782
2026-08-27;LU0666199749;221.5154
2026-09-03;LU0666199749;216.5699
2026-09-11;LU0666199749;217.0117
2026-08-25;LU0671501129;7.8497
2026-08-26;LU0671501129;7.8646
2026-08-27;LU0671501129;7.7729
2026-08-28;LU0671501129;7.8329
2026-08-31;LU0671501129;7.8296
2026-09-03;LU0671501129;7.8558
2026-09-11;LU0671501129;7.6839
2026-08-25;LU0671501558;16.4588
2026-08-26;LU0671501558;16.2596
2026-08-27;LU0671501558;16.3161
2026-08-28;LU0671501558;16.3804
2026-08-31;LU0671501558;16.5316
2026-09-03;LU0671501558;16.7944
2026-09-11;LU0671501558;16.7009
2026-08-24;LU0674140040;414.41
2026-08-25;LU0674140040;413.43
2026-08-26;LU0674140040;414.37
2026-08-27;LU0674140040;412.21
2026-08-28;LU0674140040;411.5
2026-09-02;LU0674140040;408.53
2026-09-10;LU0674140040;398.76
2026-08-24;LU0674140396;450.3848
2026-08-25;LU0674140396;449.2198
2026-08-26;LU0674140396;451.2125
2026-08-27;LU0674140396;448.8903
2026-08-28;LU0674140396;449.1002
2026-09-02;LU0674140396;446.9734
2026-09-10;LU0674140396;435.1635
2026-08-24;LU0675297237;225.12
2026-08-25;LU0675297237;226.34
2026-08-26;LU0675297237;227.28
2026-08-27;LU0675297237;227.73
2026-08-28;LU0675297237;227.99
2026-09-02;LU0675297237;221.63
2026-09-10;LU0675297237;221.66
2026-08-25;LU0679000579;76.52
2026-08-26;LU0679000579;76.56
2026-08-27;LU0679000579;76.58
2026-08-28;LU0679000579;76.56
2026-08-31;LU0679000579;76.15
2026-09-03;LU0679000579;76.17
2026-09-11;LU0679000579;75.49
2026-08-25;LU0679941327;14.4564
2026-08-26;LU0679941327;14.4691
2026-08-27;LU0679941327;14.4427
2026-08-28;LU0679941327;14.5082
2026-08-31;LU0679941327;14.5144
2026-09-03;LU0679941327;14.5187
2026-09-11;LU0679941327;14.568
2026-08-25;LU0679941673;8.2694
2026-08-26;LU0679941673;8.2779
2026-08-27;LU0679941673;8.2689
2026-08-28;LU0679941673;8.3039
2026-08-31;LU0679941673;8.2817
2026-09-03;LU0679941673;8.2792
2026-09-11;LU0679941673;8.3086
2026-08-24;LU0683600562;79.5301
2026-08-26;LU0683600562;79.6774
2026-08-27;LU0683600562;80.1817
2026-08-28;LU0683600562;80.3114
2026-08-31;LU0683600562;80.0102
2026-09-03;LU0683600562;80.6573
2026-09-11;LU0683600562;79.9085
2026-08-24;LU0683600646;72.67
2026-08-25;LU0683600646;72.9
2026-08-26;LU0683600646;72.82
2026-08-27;LU0683600646;73.12
2026-08-28;LU0683600646;73.08
2026-08-31;LU0683600646;72.77
2026-09-03;LU0683600646;73.36
2026-09-10;LU0683600646;72.09
2026-09-11;LU0683600646;72.63
2026-08-24;LU0687943661;14.5048
2026-08-25;LU0687943661;14.519
2026-08-26;LU0687943661;14.5247
2026-08-27;LU0687943661;14.5336
2026-08-28;LU0687943661;14.507
2026-09-02;LU0687943661;14.5054
2026-09-04;LU0687943661;14.5248
2026-09-10;LU0687943661;14.4499
2026-08-24;LU0687943745;14.9485
2026-08-25;LU0687943745;14.956
2026-08-26;LU0687943745;14.992
2026-08-27;LU0687943745;14.9991
2026-08-28;LU0687943745;15.0107
2026-09-02;LU0687943745;15.0463
2026-09-04;LU0687943745;15.0353
2026-09-10;LU0687943745;14.9604
2026-08-25;LU0688698975;366.84
2026-08-26;LU0688698975;370.18
2026-08-27;LU0688698975;368.73
2026-08-28;LU0688698975;369.53
2026-08-31;LU0688698975;360.8
2026-09-03;LU0688698975;362.06
2026-09-11;LU0688698975;367.16
2026-08-25;LU0689472784;26.4851
2026-08-26;LU0689472784;26.5387
2026-08-27;LU0689472784;26.6161
2026-08-28;LU0689472784;26.677
2026-08-31;LU0689472784;26.4826
2026-09-03;LU0689472784;26.4643
2026-09-08;LU0689472784;26.5378
2026-09-11;LU0689472784;26.4793
2026-08-25;LU0690375182;61.6241
2026-08-26;LU0690375182;61.6362
2026-08-27;LU0690375182;61.86
2026-08-28;LU0690375182;62.0372
2026-08-31;LU0690375182;62.1314
2026-08-24;LU0694232645;15.39
2026-08-25;LU0694232645;15.5
2026-08-26;LU0694232645;15.53
2026-08-27;LU0694232645;15.55
2026-08-28;LU0694232645;15.52
2026-09-02;LU0694232645;15.3
2026-09-10;LU0694232645;15.2
2026-08-25;LU0694238501;46.03
2026-08-26;LU0694238501;46.21
2026-08-27;LU0694238501;46.17
2026-08-28;LU0694238501;46.32
2026-08-31;LU0694238501;46.16
2026-09-03;LU0694238501;46.03
2026-09-07;LU0694238501;46.18
2026-09-08;LU0694238501;46.16
2026-09-11;LU0694238501;45.89
2026-08-25;LU0694238766;36.848
2026-08-26;LU0694238766;36.9499
2026-08-27;LU0694238766;36.9396
2026-08-28;LU0694238766;37.0019
2026-08-31;LU0694238766;36.9145
2026-09-03;LU0694238766;36.8862
2026-09-11;LU0694238766;36.6696
2026-08-25;LU0697242484;85.37
2026-08-24;LU0701293705;8.98
2026-08-25;LU0701293705;9.02
2026-08-26;LU0701293705;9.02
2026-08-27;LU0701293705;9.0
2026-08-28;LU0701293705;9.0
2026-09-02;LU0701293705;8.93
2026-09-04;LU0701293705;8.97
2026-09-07;LU0701293705;8.96
2026-09-10;LU0701293705;8.85
2026-08-25;LU0702159426;36.58
2026-08-26;LU0702159426;36.64
2026-08-27;LU0702159426;36.78
2026-08-28;LU0702159426;37.05
2026-08-31;LU0702159426;36.6
2026-09-03;LU0702159426;36.77
2026-09-11;LU0702159426;36.25
2026-08-25;LU0702159699;31.6636
2026-08-26;LU0702159699;31.7118
2026-08-27;LU0702159699;31.8477
2026-08-28;LU0702159699;32.0024
2026-08-31;LU0702159699;31.6718
2026-09-03;LU0702159699;31.8257
2026-09-11;LU0702159699;31.34
2026-08-25;LU0702159772;42.37
2026-08-26;LU0702159772;42.44
2026-08-27;LU0702159772;42.6
2026-08-28;LU0702159772;42.92
2026-08-31;LU0702159772;42.39
2026-09-03;LU0702159772;42.59
2026-09-11;LU0702159772;41.99
2026-08-24;LU0705071453;181.04
2026-08-25;LU0705071453;180.99
2026-08-26;LU0705071453;180.93
2026-08-27;LU0705071453;181.04
2026-08-28;LU0705071453;181.62
2026-09-02;LU0705071453;183.75
2026-09-07;LU0705071453;185.06
2026-09-10;LU0705071453;185.49
2026-08-24;LU0705780269;212.81
2026-08-25;LU0705780269;213.96
2026-08-26;LU0705780269;213.68
2026-08-27;LU0705780269;213.65
2026-08-28;LU0705780269;213.32
2026-09-02;LU0705780269;214.47
2026-09-10;LU0705780269;211.41
2026-08-24;LU0705782398;382.19
2026-08-25;LU0705782398;384.26
2026-08-26;LU0705782398;383.75
2026-08-27;LU0705782398;383.7
2026-08-28;LU0705782398;383.11
2026-09-02;LU0705782398;385.17
2026-09-10;LU0705782398;379.69
2026-08-24;LU0706127809;106.34
2026-08-25;LU0706127809;106.45
2026-08-26;LU0706127809;106.44
2026-08-27;LU0706127809;106.4
2026-08-28;LU0706127809;106.22
2026-09-02;LU0706127809;106.12
2026-09-10;LU0706127809;105.97
2026-08-25;LU0706716890;95.94
2026-08-25;LU0708055370;41.622
2026-08-26;LU0708055370;41.937
2026-08-27;LU0708055370;42.059
2026-09-03;LU0708055370;41.12
2026-09-11;LU0708055370;41.203
2026-08-25;LU0712123511;32.73
2026-08-26;LU0712123511;32.75
2026-08-27;LU0712123511;32.74
2026-08-28;LU0712123511;32.72
2026-08-31;LU0712123511;32.62
2026-09-03;LU0712123511;32.6
2026-09-11;LU0712123511;32.39
2026-08-24;LU0713318490;44.9223
2026-08-25;LU0714179727;209.65
2026-08-26;LU0714179727;210.72
2026-08-27;LU0714179727;209.53
2026-08-28;LU0714179727;210.36
2026-08-31;LU0714179727;210.11
2026-09-03;LU0714179727;209.71
2026-09-11;LU0714179727;206.97
2026-08-25;LU0714180493;166.86
2026-08-26;LU0714180493;167.48
2026-08-27;LU0714180493;166.48
2026-08-28;LU0714180493;166.98
2026-08-31;LU0714180493;166.24
2026-09-03;LU0714180493;165.93
2026-09-11;LU0714180493;163.41
2026-08-25;LU0714180907;149.64
2026-08-26;LU0714180907;150.19
2026-08-27;LU0714180907;149.29
2026-08-28;LU0714180907;149.74
2026-08-31;LU0714180907;149.07
2026-09-03;LU0714180907;148.78
2026-09-11;LU0714180907;146.49
2026-08-25;LU0714181467;212.8957
2026-08-26;LU0714181467;213.6155
2026-08-27;LU0714181467;212.8446
2026-08-28;LU0714181467;213.9916
2026-08-31;LU0714181467;212.9645
2026-09-03;LU0714181467;212.9862
2026-09-11;LU0714181467;210.0299
2026-08-25;LU0714182432;187.57
2026-08-26;LU0714182432;188.19
2026-08-27;LU0714182432;186.1
2026-08-28;LU0714182432;187.01
2026-08-31;LU0714182432;187.2
2026-09-03;LU0714182432;186.9
2026-09-11;LU0714182432;185.2
2026-08-25;LU0714182606;168.06
2026-08-26;LU0714182606;168.61
2026-08-27;LU0714182606;166.74
2026-08-28;LU0714182606;167.55
2026-08-31;LU0714182606;167.71
2026-09-03;LU0714182606;167.43
2026-09-11;LU0714182606;165.88
2026-08-24;LU0719899097;323.97
2026-08-25;LU0719899097;325.13
2026-08-26;LU0719899097;324.83
2026-08-27;LU0719899097;322.56
2026-08-28;LU0719899097;324.34
2026-09-02;LU0719899097;319.03
2026-09-10;LU0719899097;312.93
2026-08-25;LU0721876364;27.9445
2026-08-26;LU0721876364;28.1759
2026-08-27;LU0721876364;28.4388
2026-08-28;LU0721876364;28.1301
2026-08-31;LU0721876364;27.9269
2026-09-03;LU0721876364;27.3677
2026-09-11;LU0721876364;26.8801
2026-08-25;LU0723564463;368.12
2026-08-26;LU0723564463;367.3
2026-08-27;LU0723564463;365.8
2026-08-28;LU0723564463;367.17
2026-08-31;LU0723564463;365.27
2026-09-03;LU0723564463;361.33
2026-09-11;LU0723564463;350.85
2026-08-25;LU0725887540;167.4184
2026-08-26;LU0725887540;167.3584
2026-08-27;LU0725887540;168.4863
2026-08-28;LU0725887540;169.1591
2026-08-31;LU0725887540;169.4384
2026-09-03;LU0725887540;169.4389
2026-09-08;LU0725887540;170.036
2026-09-11;LU0725887540;171.9053
2026-08-25;LU0725892466;160.79
2026-08-26;LU0725892466;160.72
2026-08-27;LU0725892466;161.45
2026-08-28;LU0725892466;161.75
2026-08-31;LU0725892466;161.94
2026-09-03;LU0725892466;161.95
2026-09-08;LU0725892466;162.65
2026-09-10;LU0725892466;163.56
2026-09-11;LU0725892466;164.18
2026-08-24;LU0726357527;145.5
2026-08-25;LU0726357527;145.53
2026-08-26;LU0726357527;145.53
2026-08-27;LU0726357527;145.54
2026-08-28;LU0726357527;145.52
2026-09-02;LU0726357527;145.28
2026-09-10;LU0726357527;144.95
2026-08-24;LU0726357790;87.04
2026-08-25;LU0726357790;87.06
2026-08-26;LU0726357790;87.05
2026-08-27;LU0726357790;87.07
2026-08-28;LU0726357790;87.05
2026-09-02;LU0726357790;86.91
2026-09-10;LU0726357790;86.71
2026-08-25;LU0726765562;120.0816
2026-08-26;LU0726765562;120.2444
2026-08-27;LU0726765562;120.4013
2026-08-28;LU0726765562;120.8586
2026-08-31;LU0726765562;120.4715
2026-09-03;LU0726765562;120.3835
2026-09-08;LU0726765562;120.3562
2026-09-10;LU0726765562;119.2892
2026-09-11;LU0726765562;119.6604
2026-08-25;LU0731782404;28.43
2026-08-26;LU0731782404;28.44
2026-08-27;LU0731782404;28.28
2026-08-28;LU0731782404;28.37
2026-08-31;LU0731782404;28.21
2026-09-03;LU0731782404;28.17
2026-09-11;LU0731782404;27.59
2026-08-25;LU0731782586;21.4918
2026-08-26;LU0731782586;21.5018
2026-08-27;LU0731782586;21.3892
2026-08-28;LU0731782586;21.3923
2026-08-31;LU0731782586;21.3154
2026-09-03;LU0731782586;21.2917
2026-09-11;LU0731782586;20.8273
2026-08-25;LU0731782826;28.37
2026-08-26;LU0731782826;28.39
2026-08-27;LU0731782826;28.22
2026-08-28;LU0731782826;28.31
2026-08-31;LU0731782826;28.15
2026-09-03;LU0731782826;28.06
2026-09-11;LU0731782826;27.48
2026-08-25;LU0731783048;21.4661
2026-08-26;LU0731783048;21.4761
2026-08-27;LU0731783048;21.3635
2026-08-28;LU0731783048;21.3665
2026-08-31;LU0731783048;21.2896
2026-09-03;LU0731783048;21.2229
2026-09-11;LU0731783048;20.7585
2026-08-24;LU0736302232;199.3995
2026-08-25;LU0736302232;199.399
2026-08-26;LU0736302232;199.8195
2026-08-27;LU0736302232;199.8445
2026-08-28;LU0736302232;200.2407
2026-09-02;LU0736302232;200.4221
2026-09-10;LU0736302232;199.3887
2026-08-25;LU0740037022;15.5104
2026-08-26;LU0740037022;15.5511
2026-08-27;LU0740037022;15.5589
2026-08-28;LU0740037022;15.5838
2026-08-31;LU0740037022;15.5819
2026-09-03;LU0740037022;15.5772
2026-09-11;LU0740037022;15.515
2026-08-25;LU0740822621;296.94
2026-08-26;LU0740822621;300.01
2026-08-27;LU0740822621;298.91
2026-08-28;LU0740822621;300.27
2026-08-31;LU0740822621;298.4
2026-09-03;LU0740822621;293.48
2026-09-10;LU0740822621;288.09
2026-09-11;LU0740822621;289.47
2026-08-25;LU0740822977;272.19
2026-08-26;LU0740822977;275.0
2026-08-27;LU0740822977;273.99
2026-08-28;LU0740822977;275.24
2026-08-31;LU0740822977;273.53
2026-09-03;LU0740822977;269.02
2026-09-10;LU0740822977;264.08
2026-09-11;LU0740822977;265.34
2026-08-25;LU0740858229;177.66
2026-08-26;LU0740858229;177.89
2026-08-27;LU0740858229;177.73
2026-08-28;LU0740858229;178.02
2026-08-31;LU0740858229;177.37
2026-09-03;LU0740858229;177.25
2026-09-08;LU0740858229;177.36
2026-09-10;LU0740858229;175.73
2026-09-11;LU0740858229;176.06
2026-08-25;LU0740858492;168.85
2026-08-26;LU0740858492;169.06
2026-08-27;LU0740858492;168.91
2026-08-28;LU0740858492;169.18
2026-08-31;LU0740858492;168.56
2026-09-03;LU0740858492;168.44
2026-09-08;LU0740858492;168.54
2026-09-10;LU0740858492;166.98
2026-09-11;LU0740858492;167.3
2026-08-24;LU0746604288;116.83
2026-08-26;LU0746604288;117.07
2026-08-27;LU0746604288;117.01
2026-08-28;LU0746604288;116.85
2026-08-25;LU0757359368;152.016
2026-08-26;LU0757359368;152.1509
2026-08-27;LU0757359368;152.174
2026-08-28;LU0757359368;152.7119
2026-08-31;LU0757359368;152.1705
2026-09-03;LU0757359368;152.1278
2026-09-07;LU0757359368;151.9393
2026-09-08;LU0757359368;151.9595
2026-09-11;LU0757359368;150.8612
2026-08-25;LU0757359954;71.1971
2026-08-26;LU0757359954;71.2602
2026-08-27;LU0757359954;70.8843
2026-08-28;LU0757359954;71.1348
2026-08-31;LU0757359954;70.8827
2026-09-03;LU0757359954;70.8628
2026-09-07;LU0757359954;70.7749
2026-09-08;LU0757359954;70.7843
2026-09-11;LU0757359954;70.2727
2026-08-25;LU0757360457;140.9211
2026-08-26;LU0757360457;141.0355
2026-08-27;LU0757360457;140.7489
2026-08-28;LU0757360457;140.9377
2026-08-31;LU0757360457;140.3733
2026-09-03;LU0757360457;140.3449
2026-09-07;LU0757360457;140.3056
2026-09-08;LU0757360457;140.3132
2026-09-11;LU0757360457;139.0727
2026-08-25;LU0757360960;74.8654
2026-08-26;LU0757360960;74.9263
2026-08-27;LU0757360960;74.774
2026-08-28;LU0757360960;74.8743
2026-08-31;LU0757360960;74.5745
2026-09-03;LU0757360960;74.5593
2026-09-07;LU0757360960;74.5385
2026-09-08;LU0757360960;74.5426
2026-09-11;LU0757360960;73.8835
2026-08-24;LU0757431068;147.5662
2026-08-26;LU0757431068;148.5569
2026-08-27;LU0757431068;148.9511
2026-08-28;LU0757431068;148.918
2026-09-02;LU0757431068;146.8645
2026-09-10;LU0757431068;143.3717
2026-09-02;LU0757431738;330.5976
2026-08-21;LU0761040426;148.514
2026-08-25;LU0762807625;238.7236
2026-08-26;LU0762807625;239.0492
2026-08-27;LU0762807625;239.3601
2026-08-28;LU0762807625;240.2716
2026-08-31;LU0762807625;239.5054
2026-09-03;LU0762807625;239.3212
2026-09-08;LU0762807625;239.2679
2026-09-10;LU0762807625;237.1594
2026-09-11;LU0762807625;237.8915
2026-08-25;LU0762814597;227.155
2026-08-26;LU0762814597;227.4635
2026-08-27;LU0762814597;227.7596
2026-08-28;LU0762814597;228.6203
2026-08-31;LU0762814597;227.8922
2026-09-03;LU0762814597;227.7028
2026-09-08;LU0762814597;227.6433
2026-09-10;LU0762814597;225.6356
2026-09-11;LU0762814597;226.3284
2026-08-25;LU0763739140;212.94
2026-08-26;LU0763739140;215.3
2026-08-27;LU0763739140;215.74
2026-08-28;LU0763739140;215.5
2026-08-31;LU0763739140;214.55
2026-09-03;LU0763739140;211.77
2026-09-11;LU0763739140;209.4
2026-08-25;LU0764618640;5.0387
2026-08-26;LU0764618640;5.0577
2026-08-27;LU0764618640;5.0575
2026-08-28;LU0764618640;5.0684
2026-08-31;LU0764618640;5.0448
2026-09-03;LU0764618640;5.0346
2026-09-11;LU0764618640;5.011
2026-08-24;LU0765419576;124.7
2026-08-25;LU0765419576;124.83
2026-08-25;LU0766124472;18.49
2026-08-26;LU0766124472;18.53
2026-08-27;LU0766124472;18.54
2026-08-28;LU0766124472;18.62
2026-08-31;LU0766124472;18.58
2026-09-03;LU0766124472;18.57
2026-09-11;LU0766124472;18.52
2026-08-25;LU0766124712;12.86
2026-08-26;LU0766124712;12.88
2026-08-27;LU0766124712;12.88
2026-08-28;LU0766124712;12.93
2026-08-31;LU0766124712;12.91
2026-09-03;LU0766124712;12.89
2026-09-11;LU0766124712;12.86
2026-08-25;LU0772944145;211.6422
2026-08-26;LU0772944145;211.6373
2026-08-27;LU0772944145;211.5181
2026-08-28;LU0772944145;211.2905
2026-09-03;LU0772944145;210.7299
2026-09-11;LU0772944145;209.3569
2026-08-25;LU0772969993;31.0637
2026-08-26;LU0772969993;31.0849
2026-08-27;LU0772969993;30.9118
2026-08-28;LU0772969993;30.9267
2026-08-31;LU0772969993;30.8109
2026-09-03;LU0772969993;30.7758
2026-09-11;LU0772969993;30.1088
2026-08-24;LU0775052292;339.4
2026-08-25;LU0775052292;342.03
2026-08-26;LU0775052292;342.98
2026-08-27;LU0775052292;345.32
2026-08-28;LU0775052292;346.88
2026-09-02;LU0775052292;337.01
2026-09-10;LU0775052292;329.81
2026-08-25;LU0776414087;185.5496
2026-08-26;LU0776414087;185.7103
2026-08-27;LU0776414087;185.7281
2026-08-28;LU0776414087;186.3154
2026-08-31;LU0776414087;185.3994
2026-09-03;LU0776414087;184.4929
2026-09-07;LU0776414087;185.1865
2026-09-08;LU0776414087;185.4394
2026-09-11;LU0776414087;183.7651
2026-08-25;LU0776414756;124.3832
2026-08-26;LU0776414756;124.4909
2026-08-27;LU0776414756;124.5028
2026-08-28;LU0776414756;124.8965
2026-08-31;LU0776414756;124.2825
2026-09-03;LU0776414756;123.6748
2026-09-07;LU0776414756;124.1398
2026-09-08;LU0776414756;124.3093
2026-09-11;LU0776414756;123.187
2026-08-25;LU0781238778;357.48
2026-08-26;LU0781238778;358.62
2026-08-27;LU0781238778;355.59
2026-08-28;LU0781238778;356.19
2026-08-31;LU0781238778;354.81
2026-09-03;LU0781238778;354.22
2026-09-11;LU0781238778;350.88
2026-08-25;LU0781238851;268.28
2026-08-26;LU0781238851;269.14
2026-08-27;LU0781238851;266.87
2026-08-28;LU0781238851;267.32
2026-08-31;LU0781238851;266.28
2026-09-03;LU0781238851;265.84
2026-09-11;LU0781238851;263.33
2026-08-25;LU0781238935;323.62
2026-08-26;LU0781238935;324.64
2026-08-27;LU0781238935;321.9
2026-08-28;LU0781238935;322.43
2026-08-31;LU0781238935;321.17
2026-09-03;LU0781238935;320.61
2026-09-11;LU0781238935;317.53
2026-08-25;LU0781240089;218.5257
2026-08-26;LU0781240089;218.8514
2026-08-27;LU0781240089;217.4642
2026-08-28;LU0781240089;218.1307
2026-08-31;LU0781240089;216.5027
2026-09-03;LU0781240089;216.575
2026-09-11;LU0781240089;214.3521
2026-08-25;LU0784384876;7.301
2026-08-26;LU0784384876;7.3096
2026-08-27;LU0784384876;7.3158
2026-08-28;LU0784384876;7.3402
2026-08-31;LU0784384876;7.2658
2026-09-03;LU0784384876;7.2636
2026-09-08;LU0784384876;7.2654
2026-09-11;LU0784384876;7.2151
2026-08-25;LU0784385840;16.1446
2026-08-26;LU0784385840;16.1617
2026-08-27;LU0784385840;16.1772
2026-08-28;LU0784385840;16.2292
2026-08-31;LU0784385840;16.1501
2026-09-03;LU0784385840;16.1538
2026-09-08;LU0784385840;16.1472
2026-09-11;LU0784385840;16.0402
2026-08-25;LU0786609619;29.7526
2026-08-26;LU0786609619;29.857
2026-08-27;LU0786609619;29.8298
2026-08-28;LU0786609619;30.049
2026-09-03;LU0786609619;29.5107
2026-09-11;LU0786609619;29.532
2026-08-24;LU0787776565;79.55
2026-08-26;LU0787776565;79.77
2026-08-27;LU0787776565;80.14
2026-08-28;LU0787776565;80.53
2026-08-31;LU0787776565;80.0
2026-09-03;LU0787776565;80.56
2026-09-11;LU0787776565;80.01
2026-08-25;LU0790204860;67.94
2026-08-26;LU0790204860;67.96
2026-08-27;LU0790204860;67.96
2026-08-28;LU0790204860;67.96
2026-08-31;LU0790204860;67.67
2026-09-03;LU0790204860;67.5
2026-09-11;LU0790204860;67.04
2026-08-24;LU0792910720;444.3502
2026-08-25;LU0792910720;445.7064
2026-08-26;LU0792910720;446.3093
2026-08-27;LU0792910720;446.2113
2026-08-28;LU0792910720;446.9575
2026-09-02;LU0792910720;447.4909
2026-09-10;LU0792910720;437.4683
2026-08-25;LU0794790716;13.82
2026-08-26;LU0794790716;13.83
2026-08-27;LU0794790716;13.82
2026-08-28;LU0794790716;13.81
2026-08-31;LU0794790716;13.8
2026-09-03;LU0794790716;13.73
2026-09-07;LU0794790716;13.76
2026-09-08;LU0794790716;13.75
2026-09-11;LU0794790716;13.65
2026-08-25;LU0794791870;30.42
2026-08-26;LU0794791870;30.33
2026-08-27;LU0794791870;30.34
2026-08-28;LU0794791870;30.29
2026-08-31;LU0794791870;30.27
2026-09-03;LU0794791870;29.87
2026-09-11;LU0794791870;29.14
2026-08-24;LU0800572702;108.91
2026-08-26;LU0800572702;109.02
2026-08-27;LU0800572702;109.02
2026-08-28;LU0800572702;109.04
2026-09-03;LU0800572702;108.93
2026-09-11;LU0800572702;108.59
2026-08-24;LU0800597873;120.6581
2026-08-26;LU0800597873;120.7414
2026-08-27;LU0800597873;121.0024
2026-08-28;LU0800597873;121.2889
2026-09-03;LU0800597873;121.2097
2026-09-11;LU0800597873;120.9174
2026-08-24;LU0804734787;499.99
2026-08-25;LU0804734787;503.21
2026-08-26;LU0804734787;501.81
2026-08-27;LU0804734787;517.44
2026-08-28;LU0804734787;517.46
2026-09-02;LU0804734787;510.45
2026-09-10;LU0804734787;497.85
2026-08-24;LU0807689079;259.24
2026-08-25;LU0807689079;260.0183
2026-08-26;LU0807689079;260.0831
2026-08-27;LU0807689079;261.3675
2026-08-28;LU0807689079;262.9288
2026-09-02;LU0807689079;257.1952
2026-09-10;LU0807689079;249.4057
2026-08-24;LU0807689749;1324.5471
2026-08-25;LU0807689749;1323.8969
2026-08-26;LU0807689749;1325.8757
2026-08-27;LU0807689749;1326.6211
2026-08-28;LU0807689749;1327.2076
2026-09-02;LU0807689749;1331.6651
2026-09-10;LU0807689749;1329.0371
2026-08-24;LU0807690911;122.29
2026-08-25;LU0807690911;122.46
2026-08-26;LU0807690911;122.62
2026-08-27;LU0807690911;122.17
2026-08-28;LU0807690911;121.59
2026-09-02;LU0807690911;121.32
2026-09-07;LU0807690911;123.44
2026-09-10;LU0807690911;123.58
2026-08-24;LU0810662568;12.5893
2026-08-25;LU0810662568;12.6312
2026-08-26;LU0810662568;12.6468
2026-08-27;LU0810662568;12.6292
2026-08-28;LU0810662568;12.6386
2026-08-31;LU0810662568;12.5933
2026-09-03;LU0810662568;12.6139
2026-09-04;LU0810662568;12.6315
2026-09-10;LU0810662568;12.5821
2026-09-11;LU0810662568;12.566
2026-08-24;LU0812851797;11.47
2026-08-26;LU0812851797;11.51
2026-08-27;LU0812851797;11.51
2026-08-28;LU0812851797;11.53
2026-08-31;LU0812851797;11.49
2026-09-03;LU0812851797;11.48
2026-09-11;LU0812851797;11.39
2026-08-25;LU0813337002;206.54
2026-08-26;LU0813337002;211.44
2026-08-27;LU0813337002;208.99
2026-08-28;LU0813337002;209.25
2026-08-31;LU0813337002;210.02
2026-09-03;LU0813337002;220.88
2026-09-11;LU0813337002;219.36
2026-08-25;LU0813337184;168.9695
2026-08-26;LU0813337184;172.6971
2026-08-27;LU0813337184;171.0537
2026-08-28;LU0813337184;171.5082
2026-08-31;LU0813337184;171.5303
2026-09-03;LU0813337184;180.7732
2026-09-11;LU0813337184;179.4045
2026-08-25;LU0815263628;40.687
2026-08-26;LU0815263628;41.0727
2026-08-27;LU0815263628;41.1727
2026-08-28;LU0815263628;41.3131
2026-08-31;LU0815263628;40.9779
2026-09-03;LU0815263628;40.7676
2026-09-11;LU0815263628;41.1037
2026-08-25;LU0815264352;36.69
2026-08-26;LU0815264352;37.04
2026-08-27;LU0815264352;37.05
2026-08-28;LU0815264352;37.1
2026-08-31;LU0815264352;36.78
2026-09-03;LU0815264352;36.6
2026-09-11;LU0815264352;36.87
2026-08-24;LU0817814519;10.9445
2026-08-26;LU0817814519;10.9885
2026-08-27;LU0817814519;10.9873
2026-08-28;LU0817814519;11.0231
2026-08-31;LU0817814519;10.9682
2026-09-03;LU0817814519;10.9629
2026-09-11;LU0817814519;10.9215
2026-08-25;LU0820561818;7.3346
2026-08-26;LU0820561818;7.3495
2026-08-27;LU0820561818;7.3709
2026-08-28;LU0820561818;7.3878
2026-08-31;LU0820561818;7.334
2026-09-03;LU0820561818;7.3289
2026-09-08;LU0820561818;7.3492
2026-09-11;LU0820561818;7.3331
2026-08-25;LU0820944071;305.085
2026-08-26;LU0820944071;305.8964
2026-08-27;LU0820944071;304.2726
2026-08-28;LU0820944071;306.2157
2026-08-31;LU0820944071;305.1816
2026-09-03;LU0820944071;306.2352
2026-09-11;LU0820944071;306.8644
2026-08-24;LU0821216685;279.95
2026-08-24;LU0823394779;165.4891
2026-08-25;LU0823394779;166.2787
2026-08-26;LU0823394779;167.2662
2026-08-28;LU0823394779;166.8701
2026-09-02;LU0823394779;164.6435
2026-09-11;LU0823394779;165.8525
2026-08-24;LU0823394852;242.0
2026-08-25;LU0823394852;243.2
2026-08-26;LU0823394852;244.11
2026-08-28;LU0823394852;243.02
2026-09-02;LU0823394852;239.15
2026-09-11;LU0823394852;241.28
2026-08-24;LU0823397103;219.8007
2026-08-25;LU0823397103;222.4762
2026-08-26;LU0823397103;224.6102
2026-08-28;LU0823397103;227.1058
2026-09-02;LU0823397103;223.9697
2026-09-10;LU0823397103;223.5888
2026-09-11;LU0823397103;226.6126
2026-08-24;LU0823399737;358.6054
2026-08-24;LU0823399810;358.65
2026-08-25;LU0823399810;359.32
2026-08-26;LU0823399810;359.54
2026-08-28;LU0823399810;360.49
2026-09-02;LU0823399810;352.56
2026-09-10;LU0823399810;345.33
2026-09-11;LU0823399810;347.19
2026-08-24;LU0823401491;906.1698
2026-08-24;LU0823401574;905.95
2026-08-24;LU0823410997;431.2609
2026-08-25;LU0823410997;432.1327
2026-08-26;LU0823410997;433.6778
2026-08-28;LU0823410997;429.8764
2026-09-02;LU0823410997;427.9024
2026-09-11;LU0823410997;417.649
2026-08-24;LU0823411706;325.74
2026-08-25;LU0823411706;323.93
2026-08-26;LU0823411706;323.09
2026-08-27;LU0823411706;319.96
2026-08-28;LU0823411706;324.02
2026-08-31;LU0823411706;322.27
2026-09-03;LU0823411706;320.41
2026-09-10;LU0823411706;305.39
2026-09-11;LU0823411706;308.85
2026-08-24;LU0823411888;325.7493
2026-08-24;LU0823414478;75.527
2026-08-25;LU0823414478;76.6781
2026-08-26;LU0823414478;77.429
2026-08-27;LU0823414478;77.9406
2026-08-28;LU0823414478;75.854
2026-08-31;LU0823414478;75.2151
2026-09-03;LU0823414478;75.485
2026-09-10;LU0823414478;74.5869
2026-09-11;LU0823414478;75.6552
2026-08-24;LU0823414635;595.88
2026-08-25;LU0823414635;604.99
2026-08-26;LU0823414635;610.9
2026-08-27;LU0823414635;614.92
2026-08-28;LU0823414635;598.45
2026-09-02;LU0823414635;588.36
2026-09-10;LU0823414635;588.48
2026-09-11;LU0823414635;596.9
2026-08-24;LU0823414718;287.03
2026-08-25;LU0823414718;291.42
2026-08-26;LU0823414718;294.27
2026-08-28;LU0823414718;288.27
2026-09-02;LU0823414718;283.41
2026-09-10;LU0823414718;283.46
2026-09-11;LU0823414718;287.52
2026-08-24;LU0823416689;375.1063
2026-08-25;LU0823416689;378.5745
2026-08-26;LU0823416689;375.8101
2026-08-28;LU0823416689;369.0555
2026-09-02;LU0823416689;373.6394
2026-09-10;LU0823416689;356.3369
2026-09-11;LU0823416689;357.7069
2026-08-24;LU0823416762;1870.37
2026-08-25;LU0823416762;1887.65
2026-08-26;LU0823416762;1873.86
2026-08-28;LU0823416762;1840.17
2026-09-02;LU0823416762;1863.02
2026-09-10;LU0823416762;1776.77
2026-09-11;LU0823416762;1783.61
2026-08-24;LU0823421689;3629.77
2026-08-25;LU0823421689;3666.37
2026-08-26;LU0823421689;3696.8
2026-08-28;LU0823421689;3711.54
2026-09-02;LU0823421689;3610.17
2026-09-10;LU0823421689;3592.24
2026-09-11;LU0823421689;3643.73
2026-08-24;LU0823425839;180.21
2026-08-25;LU0823425839;181.1
2026-08-26;LU0823425839;182.93
2026-08-28;LU0823425839;184.13
2026-09-02;LU0823425839;180.81
2026-09-10;LU0823425839;177.74
2026-09-11;LU0823425839;178.82
2026-08-24;LU0823426308;426.512
2026-08-25;LU0823426308;428.6278
2026-08-26;LU0823426308;432.948
2026-08-28;LU0823426308;435.7881
2026-09-02;LU0823426308;427.9456
2026-09-10;LU0823426308;420.6641
2026-09-11;LU0823426308;423.2196
2026-08-24;LU0823433189;82.496
2026-08-25;LU0823433189;81.5369
2026-08-26;LU0823433189;82.3923
2026-08-28;LU0823433189;82.6864
2026-09-02;LU0823433189;79.9929
2026-09-10;LU0823433189;82.4472
2026-09-11;LU0823433189;82.7928
2026-08-24;LU0823433858;240.31
2026-08-25;LU0823433858;237.51
2026-08-26;LU0823433858;239.99
2026-08-28;LU0823433858;240.84
2026-09-02;LU0823433858;232.98
2026-09-10;LU0823433858;240.08
2026-09-11;LU0823433858;241.09
2026-08-25;LU0826414087;99.9607
2026-08-25;LU0826415480;74.2466
2026-08-25;LU0828244052;298.89
2026-08-26;LU0828244052;300.69
2026-08-27;LU0828244052;301.35
2026-08-28;LU0828244052;304.0
2026-08-31;LU0828244052;305.88
2026-09-03;LU0828244052;306.34
2026-09-11;LU0828244052;300.61
2026-08-25;LU0828244219;15.3
2026-08-26;LU0828244219;15.34
2026-08-27;LU0828244219;15.22
2026-08-28;LU0828244219;15.15
2026-08-31;LU0828244219;14.9
2026-09-03;LU0828244219;14.88
2026-09-11;LU0828244219;14.62
2026-08-25;LU0828815570;179.19
2026-08-26;LU0828815570;179.24
2026-08-27;LU0828815570;179.19
2026-08-28;LU0828815570;179.17
2026-08-31;LU0828815570;179.12
2026-09-03;LU0828815570;178.57
2026-09-11;LU0828815570;177.53
2026-08-25;LU0831102792;119.77
2026-08-26;LU0831102792;122.58
2026-08-27;LU0831102792;121.01
2026-08-28;LU0831102792;120.6
2026-08-31;LU0831102792;121.2
2026-09-03;LU0831102792;127.21
2026-09-11;LU0831102792;126.2
2026-08-25;LU0836286186;14.3052
2026-08-26;LU0836286186;14.3452
2026-08-27;LU0836286186;14.3142
2026-08-28;LU0836286186;14.3451
2026-09-03;LU0836286186;14.2555
2026-09-11;LU0836286186;14.1338
2026-08-25;LU0836512706;332.36
2026-08-26;LU0836512706;333.74
2026-08-27;LU0836512706;330.19
2026-08-28;LU0836512706;331.76
2026-08-31;LU0836512706;330.88
2026-09-03;LU0836512706;328.75
2026-09-11;LU0836512706;324.46
2026-08-25;LU0836513001;491.2094
2026-08-26;LU0836513001;492.9883
2026-08-27;LU0836513001;493.8154
2026-08-28;LU0836513001;497.3059
2026-08-31;LU0836513001;493.1895
2026-09-03;LU0836513001;495.2266
2026-09-11;LU0836513001;492.9943
2026-08-25;LU0836513266;113.15
2026-08-26;LU0836513266;113.14
2026-08-27;LU0836513266;112.91
2026-08-28;LU0836513266;112.91
2026-08-31;LU0836513266;112.46
2026-09-03;LU0836513266;112.36
2026-09-11;LU0836513266;111.08
2026-08-25;LU0839485744;10.09
2026-08-26;LU0839485744;10.09
2026-08-27;LU0839485744;10.09
2026-08-28;LU0839485744;10.09
2026-08-31;LU0839485744;10.08
2026-09-03;LU0839485744;10.07
2026-09-11;LU0839485744;10.03
2026-08-24;LU0839536322;116.5
2026-08-26;LU0839536322;116.86
2026-08-27;LU0839536322;116.78
2026-08-28;LU0839536322;116.47
2026-08-31;LU0839536322;116.32
2026-09-03;LU0839536322;116.06
2026-09-11;LU0839536322;114.81
2026-08-25;LU0840139785;20.98
2026-08-26;LU0840139785;20.98
2026-08-27;LU0840139785;20.85
2026-08-28;LU0840139785;20.88
2026-08-31;LU0840139785;20.78
2026-09-03;LU0840139785;20.67
2026-09-11;LU0840139785;20.23
2026-08-25;LU0840140957;31.89
2026-08-26;LU0840140957;31.91
2026-08-27;LU0840140957;31.99
2026-08-28;LU0840140957;32.35
2026-08-31;LU0840140957;31.93
2026-09-03;LU0840140957;32.0
2026-09-11;LU0840140957;31.52
2026-08-25;LU0840141096;26.68
2026-08-26;LU0840141096;26.67
2026-08-27;LU0840141096;26.71
2026-08-28;LU0840141096;26.92
2026-08-31;LU0840141096;26.61
2026-09-03;LU0840141096;26.65
2026-09-11;LU0840141096;26.21
2026-08-25;LU0841166456;6.43
2026-08-26;LU0841166456;6.42
2026-08-27;LU0841166456;6.43
2026-08-28;LU0841166456;6.43
2026-08-31;LU0841166456;6.39
2026-09-03;LU0841166456;6.38
2026-09-11;LU0841166456;6.35
2026-08-25;LU0845340131;351.93
2026-08-26;LU0845340131;353.31
2026-08-27;LU0845340131;352.15
2026-08-28;LU0845340131;354.31
2026-08-31;LU0845340131;352.64
2026-09-03;LU0845340131;354.37
2026-09-11;LU0845340131;349.21
2026-08-24;LU0847086583;164.5633
2026-08-25;LU0847086583;165.0619
2026-08-26;LU0847086583;165.4543
2026-08-25;LU0849399786;183.9749
2026-08-26;LU0849399786;183.962
2026-08-27;LU0849399786;184.0626
2026-08-28;LU0849399786;184.0203
2026-08-31;LU0849399786;183.8017
2026-09-03;LU0849399786;183.508
2026-09-11;LU0849399786;182.8099
2026-08-25;LU0849400543;87.1079
2026-08-26;LU0849400543;87.1018
2026-08-27;LU0849400543;87.1494
2026-08-28;LU0849400543;87.1294
2026-08-31;LU0849400543;87.0259
2026-09-03;LU0849400543;86.8868
2026-09-11;LU0849400543;86.5563
2026-08-24;LU0851818400;140.99
2026-08-25;LU0851818400;140.56
2026-08-25;LU0853555380;11.97
2026-08-26;LU0853555380;11.99
2026-08-27;LU0853555380;11.97
2026-08-28;LU0853555380;11.97
2026-09-03;LU0853555380;11.94
2026-09-11;LU0853555380;11.85
2026-08-25;LU0853555463;12.614
2026-08-26;LU0853555463;12.6572
2026-08-24;LU0854930350;177.9269
2026-08-25;LU0854930350;179.8782
2026-08-26;LU0854930350;179.6229
2026-08-27;LU0854930350;179.5887
2026-08-28;LU0854930350;179.7691
2026-09-02;LU0854930350;181.5323
2026-09-10;LU0854930350;182.3437
2026-08-25;LU0857590862;24.542
2026-08-26;LU0857590862;24.5155
2026-08-27;LU0857590862;24.6002
2026-08-28;LU0857590862;24.728
2026-08-31;LU0857590862;24.5756
2026-09-03;LU0857590862;24.0331
2026-09-11;LU0857590862;23.8352
2026-08-24;LU0861579778;43.65
2026-08-25;LU0861579778;43.85
2026-08-26;LU0861579778;43.71
2026-08-27;LU0861579778;43.78
2026-08-28;LU0861579778;43.81
2026-08-31;LU0861579778;43.62
2026-09-03;LU0861579778;44.02
2026-09-10;LU0861579778;42.97
2026-09-11;LU0861579778;43.26
2026-08-21;LU0861895935;13.084
2026-08-24;LU0861895935;13.07
2026-08-25;LU0861895935;13.087
2026-08-26;LU0861895935;13.128
2026-08-27;LU0861895935;13.106
2026-09-01;LU0861895935;12.958
2026-09-09;LU0861895935;12.782
2026-08-24;LU0861897477;26.235
2026-08-25;LU0861897477;26.257
2026-08-26;LU0861897477;26.261
2026-08-27;LU0861897477;26.195
2026-08-28;LU0861897477;26.229
2026-09-02;LU0861897477;25.894
2026-09-10;LU0861897477;25.889
2026-08-24;LU0862027439;130.38
2026-08-25;LU0862027439;130.58
2026-08-26;LU0862027439;130.55
2026-08-24;LU0862302832;97.89
2026-08-25;LU0862449690;201.52
2026-08-26;LU0862449690;204.0
2026-08-27;LU0862449690;203.9
2026-08-28;LU0862449690;204.44
2026-08-31;LU0862449690;204.7
2026-09-03;LU0862449690;205.28
2026-09-11;LU0862449690;206.73
2026-08-24;LU0863888391;175.11
2026-08-25;LU0863888391;174.23
2026-08-24;LU0866838492;253.5568
2026-08-25;LU0866838492;256.1878
2026-08-26;LU0866838492;256.717
2026-08-27;LU0866838492;255.8721
2026-08-28;LU0866838492;257.499
2026-09-02;LU0866838492;251.3902
2026-09-10;LU0866838492;254.7462
2026-08-25;LU0867894346;20.9135
2026-08-26;LU0867894346;20.9531
2026-08-27;LU0867894346;20.7087
2026-08-28;LU0867894346;20.8686
2026-08-31;LU0867894346;20.86
2026-09-03;LU0867894346;20.9297
2026-09-11;LU0867894346;20.4717
2026-08-25;LU0867954264;134.7437
2026-08-26;LU0867954264;135.0993
2026-08-27;LU0867954264;134.9642
2026-08-28;LU0867954264;135.2033
2026-08-31;LU0867954264;134.8569
2026-09-03;LU0867954264;134.6096
2026-09-11;LU0867954264;133.5654
2026-08-25;LU0867954694;125.8744
2026-08-25;LU0868753731;78.2548
2026-08-26;LU0868753731;78.6913
2026-08-27;LU0868753731;79.3831
2026-08-28;LU0868753731;79.993
2026-08-31;LU0868753731;77.7891
2026-09-03;LU0868753731;78.7984
2026-09-11;LU0868753731;78.6773
2026-08-25;LU0868754382;38.54
2026-08-26;LU0868754382;38.68
2026-08-27;LU0868754382;39.01
2026-08-28;LU0868754382;39.23
2026-08-31;LU0868754382;38.13
2026-09-03;LU0868754382;38.63
2026-09-11;LU0868754382;38.54
2026-08-24;LU0870553020;291.65
2026-08-25;LU0870553020;293.47
2026-08-26;LU0870553020;292.51
2026-08-27;LU0870553020;292.35
2026-08-28;LU0870553020;293.61
2026-09-02;LU0870553020;285.98
2026-09-10;LU0870553020;281.19
2026-08-24;LU0871572292;14.5613
2026-08-25;LU0871572292;14.6062
2026-08-25;LU0880062913;307.9
2026-08-26;LU0880062913;306.85
2026-08-27;LU0880062913;303.08
2026-08-28;LU0880062913;301.49
2026-08-31;LU0880062913;299.21
2026-09-03;LU0880062913;304.15
2026-09-11;LU0880062913;293.41
2026-08-25;LU0882574055;22.4344
2026-08-26;LU0882574055;22.2288
2026-08-27;LU0882574055;22.1964
2026-08-28;LU0882574055;22.0032
2026-08-31;LU0882574055;21.8664
2026-09-03;LU0882574055;22.1524
2026-09-11;LU0882574055;21.1631
2026-08-25;LU0882574139;24.7139
2026-08-25;LU0882574998;12.48
2026-08-26;LU0882574998;12.48
2026-08-27;LU0882574998;12.48
2026-08-28;LU0882574998;12.46
2026-08-31;LU0882574998;12.45
2026-09-03;LU0882574998;12.44
2026-09-11;LU0882574998;12.32
2026-08-24;LU0887931292;388.13
2026-08-25;LU0887931292;389.18
2026-08-26;LU0887931292;390.33
2026-08-27;LU0887931292;389.91
2026-08-28;LU0887931292;393.84
2026-09-02;LU0887931292;381.54
2026-09-10;LU0887931292;372.6
2026-08-24;LU0889566484;5.54
2026-08-26;LU0889566484;5.55
2026-08-27;LU0889566484;5.55
2026-08-28;LU0889566484;5.54
2026-08-31;LU0889566484;5.53
2026-09-03;LU0889566484;5.5
2026-09-11;LU0889566484;5.45
2026-08-25;LU0890597635;95.6
2026-08-26;LU0890597635;95.65
2026-08-27;LU0890597635;95.55
2026-08-28;LU0890597635;95.51
2026-08-31;LU0890597635;95.22
2026-09-03;LU0890597635;95.05
2026-09-11;LU0890597635;94.24
2026-08-25;LU0890598104;89.42
2026-08-26;LU0890598104;89.46
2026-08-27;LU0890598104;89.37
2026-08-28;LU0890598104;89.33
2026-08-31;LU0890598104;89.05
2026-09-03;LU0890598104;88.89
2026-09-11;LU0890598104;88.13
2026-08-25;LU0893310481;6.488
2026-08-26;LU0893310481;6.485
2026-08-27;LU0893310481;6.485
2026-08-28;LU0893310481;6.477
2026-08-31;LU0893310481;6.47
2026-09-03;LU0893310481;6.463
2026-09-11;LU0893310481;6.401
2026-08-25;LU0903425923;381.0907
2026-08-26;LU0903425923;382.2529
2026-08-27;LU0903425923;383.8688
2026-08-28;LU0903425923;388.072
2026-08-31;LU0903425923;388.0667
2026-09-03;LU0903425923;382.0642
2026-09-11;LU0903425923;378.5153
2026-08-25;LU0905233846;13.7452
2026-08-26;LU0905233846;13.7735
2026-08-27;LU0905233846;13.7815
2026-08-28;LU0905233846;13.7682
2026-08-31;LU0905233846;13.7224
2026-09-03;LU0905233846;13.7699
2026-09-08;LU0905233846;13.7312
2026-09-10;LU0905233846;13.5878
2026-09-11;LU0905233846;13.6209
2026-08-24;LU0906524193;111.0
2026-08-26;LU0906524193;111.24
2026-08-27;LU0906524193;111.07
2026-08-28;LU0906524193;110.79
2026-08-31;LU0906524193;110.76
2026-09-03;LU0906524193;110.89
2026-09-11;LU0906524193;109.71
2026-08-24;LU0907927171;92.29
2026-08-25;LU0907927171;92.49
2026-08-26;LU0907927171;92.53
2026-08-27;LU0907927171;92.31
2026-08-28;LU0907927171;92.16
2026-09-02;LU0907927171;92.32
2026-09-10;LU0907927171;92.05
2026-08-24;LU0907927338;162.66
2026-08-25;LU0907927338;163.0
2026-08-26;LU0907927338;163.07
2026-08-27;LU0907927338;162.68
2026-08-28;LU0907927338;162.42
2026-09-02;LU0907927338;162.7
2026-09-10;LU0907927338;162.23
2026-08-24;LU0908524779;119.2
2026-08-25;LU0908524779;119.1
2026-08-26;LU0908524779;119.22
2026-08-27;LU0908524779;119.24
2026-08-28;LU0908524779;119.02
2026-08-24;LU0908524852;114.15
2026-08-25;LU0908524852;114.05
2026-08-26;LU0908524852;114.16
2026-08-27;LU0908524852;114.18
2026-08-28;LU0908524852;113.98
2026-09-02;LU0908524852;112.89
2026-09-07;LU0908524852;113.23
2026-09-10;LU0908524852;112.36
2026-08-24;LU0909471251;53.4801
2026-08-25;LU0909471251;53.1211
2026-08-26;LU0909471251;53.5314
2026-08-27;LU0909471251;55.2977
2026-08-28;LU0909471251;54.694
2026-09-02;LU0909471251;53.2366
2026-09-10;LU0909471251;52.1412
2026-08-24;LU0909472069;43.58
2026-08-25;LU0909472069;43.3
2026-08-26;LU0909472069;43.54
2026-08-27;LU0909472069;44.97
2026-08-28;LU0909472069;44.39
2026-09-02;LU0909472069;43.09
2026-09-10;LU0909472069;42.31
2026-08-24;LU0910541241;210.5773
2026-08-25;LU0910541241;211.4818
2026-08-26;LU0910541241;211.0255
2026-08-27;LU0910541241;209.7621
2026-08-28;LU0910541241;210.7647
2026-09-02;LU0910541241;209.6514
2026-09-10;LU0910541241;207.4554
2026-08-24;LU0912262275;1522.605
2026-08-25;LU0912262275;1523.441
2026-08-26;LU0912262275;1523.383
2026-08-27;LU0912262275;1524.246
2026-08-28;LU0912262275;1523.4
2026-09-02;LU0912262275;1524.349
2026-09-07;LU0912262275;1524.561
2026-09-10;LU0912262275;1524.382
2026-08-25;LU0912262788;37.1058
2026-08-26;LU0912262788;37.3697
2026-08-27;LU0912262788;37.5246
2026-08-28;LU0912262788;37.9663
2026-08-31;LU0912262788;38.0748
2026-09-03;LU0912262788;37.1922
2026-09-11;LU0912262788;36.1221
2026-08-25;LU0913601281;8.0729
2026-08-26;LU0913601281;8.0888
2026-08-27;LU0913601281;8.0949
2026-08-28;LU0913601281;8.0957
2026-08-31;LU0913601281;8.0335
2026-09-03;LU0913601281;8.0283
2026-09-08;LU0913601281;8.0575
2026-09-11;LU0913601281;8.0271
2026-08-25;LU0915365364;112.685
2026-08-26;LU0915365364;112.6222
2026-08-27;LU0915365364;112.4918
2026-08-28;LU0915365364;112.4038
2026-09-03;LU0915365364;112.2549
2026-09-11;LU0915365364;111.2124
2026-08-25;LU0917670407;91.1
2026-08-26;LU0917670407;91.33
2026-08-27;LU0917670407;91.41
2026-08-28;LU0917670407;91.56
2026-08-31;LU0917670407;91.49
2026-09-03;LU0917670407;90.86
2026-09-08;LU0917670407;90.88
2026-09-11;LU0917670407;90.86
2026-08-25;LU0917670829;85.86
2026-08-26;LU0917670829;86.07
2026-08-27;LU0917670829;86.14
2026-08-28;LU0917670829;86.28
2026-08-31;LU0917670829;86.22
2026-09-03;LU0917670829;85.61
2026-09-08;LU0917670829;85.63
2026-09-11;LU0917670829;85.61
2026-08-25;LU0918140210;43.96
2026-08-26;LU0918140210;44.24
2026-08-27;LU0918140210;44.06
2026-08-28;LU0918140210;44.17
2026-08-31;LU0918140210;43.79
2026-09-03;LU0918140210;43.67
2026-09-11;LU0918140210;42.41
2026-08-25;LU0922333322;37.63
2026-08-26;LU0922333322;37.76
2026-08-27;LU0922333322;37.47
2026-08-28;LU0922333322;37.62
2026-08-31;LU0922333322;37.53
2026-09-03;LU0922333322;37.17
2026-09-11;LU0922333322;37.29
2026-08-25;LU0922334643;41.32
2026-08-26;LU0922334643;41.02
2026-08-27;LU0922334643;41.25
2026-08-28;LU0922334643;41.4
2026-08-31;LU0922334643;41.47
2026-09-03;LU0922334643;41.6
2026-09-11;LU0922334643;41.36
2026-08-24;LU0925041153;26.56
2026-08-25;LU0925041153;26.499
2026-08-26;LU0925041153;26.546
2026-08-27;LU0925041153;26.384
2026-08-28;LU0925041153;26.724
2026-09-02;LU0925041153;26.186
2026-09-10;LU0925041153;25.833
2026-08-24;LU0926439992;133.83
2026-08-25;LU0926439992;134.26
2026-08-26;LU0926439992;134.19
2026-08-27;LU0926439992;134.22
2026-08-28;LU0926439992;134.06
2026-09-02;LU0926439992;133.55
2026-09-10;LU0926439992;132.88
2026-08-25;LU0927678416;305.34
2026-08-26;LU0927678416;306.57
2026-08-27;LU0927678416;306.78
2026-08-28;LU0927678416;309.16
2026-08-31;LU0927678416;309.68
2026-09-03;LU0927678416;299.95
2026-09-11;LU0927678416;292.18
2026-08-25;LU0927678507;439.7165
2026-08-26;LU0927678507;441.5246
2026-08-27;LU0927678507;442.7766
2026-08-28;LU0927678507;447.1898
2026-08-31;LU0927678507;448.1053
2026-09-03;LU0927678507;434.0365
2026-08-24;LU0931218647;129.4443
2026-08-26;LU0931218647;129.7066
2026-08-27;LU0931218647;129.7264
2026-08-28;LU0931218647;130.0145
2026-09-03;LU0931218647;129.8245
2026-09-11;LU0931218647;129.5015
2026-08-24;LU0933684283;247.1
2026-08-25;LU0933684283;247.83
2026-08-26;LU0933684283;248.54
2026-08-27;LU0933684283;248.73
2026-08-28;LU0933684283;249.29
2026-09-02;LU0933684283;246.41
2026-09-10;LU0933684283;245.95
2026-08-24;LU0935222066;112.86
2026-08-25;LU0935222066;112.94
2026-08-26;LU0935222066;112.94
2026-08-27;LU0935222066;112.91
2026-08-28;LU0935222066;112.82
2026-09-02;LU0935222066;112.64
2026-09-10;LU0935222066;112.24
2026-08-24;LU0935229400;2744.95
2026-08-25;LU0935229400;2754.08
2026-08-26;LU0935229400;2746.24
2026-08-27;LU0935229400;2729.46
2026-08-28;LU0935229400;2739.33
2026-09-02;LU0935229400;2715.04
2026-09-10;LU0935229400;2678.25
2026-08-24;LU0935229582;145.54
2026-08-25;LU0935229582;146.02
2026-08-26;LU0935229582;145.61
2026-08-27;LU0935229582;144.72
2026-08-28;LU0935229582;145.24
2026-09-02;LU0935229582;143.95
2026-09-10;LU0935229582;142.0
2026-08-24;LU0941349192;153.14
2026-08-25;LU0941349192;153.64
2026-08-26;LU0941349192;153.58
2026-08-27;LU0941349192;153.69
2026-08-28;LU0941349192;153.44
2026-09-02;LU0941349192;152.45
2026-09-04;LU0941349192;153.32
2026-09-07;LU0941349192;153.02
2026-09-10;LU0941349192;151.34
2026-08-25;LU0943301571;47.0134
2026-08-26;LU0943301571;47.0646
2026-08-27;LU0943301571;47.2853
2026-08-28;LU0943301571;47.405
2026-08-31;LU0943301571;47.4839
2026-09-03;LU0943301571;46.6202
2026-09-11;LU0943301571;46.004
2026-08-25;LU0945454980;107.5361
2026-08-26;LU0945454980;107.5447
2026-08-27;LU0945454980;107.7704
2026-08-28;LU0945454980;108.0284
2026-08-31;LU0945454980;108.0921
2026-09-03;LU0945454980;108.0853
2026-09-11;LU0945454980;108.2178
2026-08-25;LU0945775517;22.51
2026-08-26;LU0945775517;22.55
2026-08-27;LU0945775517;22.49
2026-08-28;LU0945775517;22.52
2026-08-31;LU0945775517;22.36
2026-09-03;LU0945775517;22.41
2026-09-11;LU0945775517;22.0
2026-08-25;LU0947062542;18.1468
2026-08-26;LU0947062542;18.2743
2026-08-27;LU0947062542;18.3591
2026-08-28;LU0947062542;18.3366
2026-08-31;LU0947062542;18.1171
2026-09-03;LU0947062542;18.1045
2026-09-11;LU0947062542;18.3135
2026-08-24;LU0947761044;29.2816
2026-08-25;LU0947761044;29.3756
2026-08-26;LU0947761044;29.4105
2026-08-27;LU0947761044;29.2631
2026-08-28;LU0947761044;29.4036
2026-08-31;LU0947761044;29.2527
2026-09-03;LU0947761044;29.0545
2026-09-10;LU0947761044;28.3023
2026-09-11;LU0947761044;28.4385
2026-08-24;LU0951559797;302.1423
2026-08-25;LU0951559797;302.342
2026-08-26;LU0951559797;302.8463
2026-08-27;LU0951559797;300.4451
2026-08-28;LU0951559797;302.0132
2026-09-02;LU0951559797;300.7453
2026-09-10;LU0951559797;295.5442
2026-08-24;LU0951559870;92.0794
2026-08-25;LU0952573136;107.6
2026-08-26;LU0952573136;107.75
2026-08-27;LU0952573136;107.72
2026-08-28;LU0952573136;107.67
2026-08-31;LU0952573136;107.55
2026-09-03;LU0952573136;107.28
2026-09-11;LU0952573136;106.78
2026-08-24;LU0953506580;14.7008
2026-08-25;LU0953506580;14.7221
2026-08-26;LU0953506580;14.7267
2026-08-27;LU0953506580;14.7174
2026-08-24;LU0953998514;6.9781
2026-08-25;LU0953998514;6.9816
2026-08-26;LU0953998514;7.0019
2026-08-27;LU0953998514;6.9984
2026-08-28;LU0953998514;7.0165
2026-09-02;LU0953998514;7.0195
2026-09-10;LU0953998514;6.991
2026-08-24;LU0954602750;111.4
2026-08-25;LU0954602750;111.5
2026-08-26;LU0954602750;111.49
2026-08-27;LU0954602750;111.44
2026-08-28;LU0954602750;111.34
2026-09-02;LU0954602750;111.08
2026-09-10;LU0954602750;110.63
2026-08-24;LU0954603725;150.9769
2026-08-25;LU0954603725;151.0682
2026-08-26;LU0954603725;151.3802
2026-08-27;LU0954603725;151.3131
2026-08-28;LU0954603725;151.5014
2026-09-02;LU0954603725;151.5242
2026-09-10;LU0954603725;150.5068
2026-08-25;LU0955010870;55.8718
2026-08-26;LU0955010870;55.9318
2026-08-27;LU0955010870;55.9074
2026-08-28;LU0955010870;56.3376
2026-08-31;LU0955010870;55.8625
2026-09-03;LU0955010870;55.4411
2026-09-11;LU0955010870;54.1821
2026-08-25;LU0955011506;51.04
2026-08-26;LU0955011506;51.09
2026-08-27;LU0955011506;50.96
2026-08-28;LU0955011506;51.24
2026-08-31;LU0955011506;50.78
2026-09-03;LU0955011506;50.41
2026-09-11;LU0955011506;49.22
2026-08-25;LU0955580203;265.9825
2026-08-26;LU0955580203;266.6252
2026-08-27;LU0955580203;264.39
2026-08-28;LU0955580203;266.1213
2026-08-31;LU0955580203;264.8411
2026-09-03;LU0955580203;262.5666
2026-09-11;LU0955580203;260.7508
2026-08-25;LU0955665376;74.5476
2026-08-25;LU0955866438;37.46
2026-08-26;LU0955866438;37.45
2026-08-27;LU0955866438;37.62
2026-08-28;LU0955866438;37.78
2026-08-31;LU0955866438;37.9
2026-09-03;LU0955866438;37.18
2026-09-11;LU0955866438;36.48
2026-08-25;LU0957039414;236.1613
2026-08-26;LU0957039414;236.8126
2026-08-27;LU0957039414;237.3336
2026-08-28;LU0957039414;238.3699
2026-08-31;LU0957039414;237.3791
2026-09-03;LU0957039414;237.0234
2026-09-08;LU0957039414;237.1614
2026-09-10;LU0957039414;234.2699
2026-09-11;LU0957039414;235.6185
2026-08-25;LU0957040008;221.4993
2026-08-26;LU0957040008;222.1077
2026-08-27;LU0957040008;222.5904
2026-08-28;LU0957040008;223.5605
2026-08-31;LU0957040008;222.6236
2026-09-03;LU0957040008;222.2809
2026-09-08;LU0957040008;222.3985
2026-09-10;LU0957040008;219.6844
2026-09-11;LU0957040008;220.9386
2026-08-24;LU0960400249;131.29
2026-08-25;LU0960400249;131.55
2026-08-26;LU0960400249;131.45
2026-08-27;LU0960400249;131.11
2026-08-28;LU0960400249;131.13
2026-08-31;LU0960400249;130.9
2026-09-03;LU0960400249;131.17
2026-09-04;LU0960400249;130.91
2026-09-10;LU0960400249;129.2
2026-09-11;LU0960400249;129.34
2026-08-24;LU0960403268;111.4347
2026-08-26;LU0960403268;111.7169
2026-08-27;LU0960403268;111.7117
2026-08-28;LU0960403268;111.7716
2026-08-31;LU0960403268;111.8455
2026-09-03;LU0960403268;111.8118
2026-09-11;LU0960403268;111.4293
2026-08-24;LU0960403342;104.36
2026-08-26;LU0960403342;104.43
2026-08-27;LU0960403342;104.41
2026-08-28;LU0960403342;104.25
2026-08-31;LU0960403342;104.27
2026-09-03;LU0960403342;104.24
2026-09-11;LU0960403342;103.81
2026-08-25;LU0962745302;239.38
2026-08-26;LU0962745302;239.6
2026-08-27;LU0962745302;240.45
2026-08-28;LU0962745302;241.12
2026-09-03;LU0962745302;235.68
2026-09-11;LU0962745302;232.28
2026-08-24;LU0963986202;115.9607
2026-08-25;LU0963986202;116.234
2026-08-26;LU0963986202;116.4054
2026-08-27;LU0963986202;116.3742
2026-08-28;LU0963986202;116.4356
2026-09-02;LU0963986202;116.3321
2026-09-10;LU0963986202;115.2559
2026-08-25;LU0966156126;279.2563
2026-08-26;LU0966156126;281.2929
2026-08-27;LU0966156126;279.511
2026-08-28;LU0966156126;280.1046
2026-08-31;LU0966156126;280.4403
2026-09-03;LU0966156126;282.8858
2026-09-11;LU0966156126;274.3545
2026-08-25;LU0966156399;340.09
2026-08-26;LU0966156399;342.52
2026-08-27;LU0966156399;340.29
2026-08-28;LU0966156399;341.91
2026-08-31;LU0966156399;341.58
2026-09-03;LU0966156399;344.47
2026-09-11;LU0966156399;334.47
2026-08-25;LU0966834136;31.218
2026-08-26;LU0966834136;31.1066
2026-08-24;LU0969575561;2147.9124
2026-08-25;LU0969575561;2143.2676
2026-08-26;LU0969575561;2135.3121
2026-08-27;LU0969575561;2107.3835
2026-08-28;LU0969575561;2128.5834
2026-09-02;LU0969575561;2114.7397
2026-09-10;LU0969575561;1974.3306
2026-08-25;LU0969580488;27.9873
2026-08-26;LU0969580488;28.193
2026-08-27;LU0969580488;27.9751
2026-08-28;LU0969580488;28.1301
2026-08-31;LU0969580488;27.9872
2026-09-03;LU0969580488;27.5657
2026-09-11;LU0969580488;27.7325
2026-08-25;LU0969580561;25.1937
2026-08-26;LU0969580561;25.3651
2026-08-27;LU0969580561;25.133
2026-08-28;LU0969580561;25.256
2026-08-31;LU0969580561;25.2152
2026-09-03;LU0969580561;24.8719
2026-09-11;LU0969580561;24.7621
2026-08-25;LU0971096721;25.785
2026-08-26;LU0971096721;25.8793
2026-08-27;LU0971096721;25.8027
2026-08-28;LU0971096721;25.9788
2026-08-31;LU0971096721;25.8953
2026-09-03;LU0971096721;26.2919
2026-09-11;LU0971096721;25.8383
2026-08-24;LU0972617095;26.1872
2026-08-25;LU0972617095;26.2221
2026-08-26;LU0972617095;26.2333
2026-08-27;LU0972617095;26.2149
2026-08-28;LU0972617095;26.2456
2026-09-03;LU0972617095;26.2747
2026-09-04;LU0972617095;26.2654
2026-09-07;LU0972617095;26.2218
2026-09-10;LU0972617095;26.0749
2026-09-11;LU0972617095;26.1224
2026-08-24;LU0974293671;332.49
2026-08-26;LU0974293671;334.0
2026-08-27;LU0974293671;338.26
2026-08-28;LU0974293671;337.64
2026-09-02;LU0974293671;331.66
2026-09-10;LU0974293671;326.22
2026-08-24;LU0975848937;394.48
2026-08-25;LU0975848937;393.45
2026-08-26;LU0975848937;395.2
2026-08-27;LU0975848937;393.16
2026-08-28;LU0975848937;393.35
2026-09-02;LU0975848937;391.49
2026-09-10;LU0975848937;381.14
2026-08-25;LU0979428033;284.2094
2026-08-25;LU0979766432;446.2891
2026-08-26;LU0979766432;448.68
2026-08-27;LU0979766432;444.4682
2026-08-28;LU0979766432;448.0848
2026-08-31;LU0979766432;447.7351
2026-09-03;LU0979766432;442.6771
2026-09-11;LU0979766432;444.2278
2026-08-24;LU0980585243;110.3289
2026-08-25;LU0980585243;110.3983
2026-08-24;LU0980585672;104.77
2026-08-25;LU0980585672;104.87
2026-08-26;LU0980585672;104.87
2026-08-27;LU0980585672;104.88
2026-08-28;LU0980585672;104.81
2026-09-02;LU0980585672;104.71
2026-09-10;LU0980585672;104.45
2026-08-21;LU0981470551;12.81
2026-08-25;LU0981470551;12.82
2026-08-27;LU0981470551;12.82
2026-08-28;LU0981470551;12.81
2026-09-01;LU0981470551;12.8
2026-09-09;LU0981470551;12.74
2026-08-21;LU0981470809;11.274
2026-08-25;LU0981470809;11.28
2026-08-27;LU0981470809;11.279
2026-08-28;LU0981470809;11.275
2026-09-01;LU0981470809;11.271
2026-09-09;LU0981470809;11.263
2026-08-25;LU0982201278;102.07
2026-08-26;LU0982201278;103.57
2026-08-27;LU0982201278;103.9
2026-08-28;LU0982201278;103.79
2026-08-31;LU0982201278;103.55
2026-09-03;LU0982201278;102.54
2026-09-11;LU0982201278;104.47
2026-08-24;LU0982389214;24.8242
2026-09-02;LU0984246958;78.73
2026-09-10;LU0984246958;81.34
2026-08-25;LU0985320059;252.4447
2026-08-26;LU0985320059;252.8694
2026-08-27;LU0985320059;253.8407
2026-08-28;LU0985320059;254.8139
2026-08-31;LU0985320059;254.2262
2026-09-03;LU0985320059;253.8009
2026-09-11;LU0985320059;252.4365
2026-08-25;LU0985320646;233.7052
2026-08-26;LU0985320646;234.0937
2026-08-27;LU0985320646;234.988
2026-08-28;LU0985320646;235.884
2026-08-31;LU0985320646;235.3255
2026-09-03;LU0985320646;234.9172
2026-09-11;LU0985320646;233.6159
2026-08-25;LU0986743572;32.829
2026-08-26;LU0986743572;33.0743
2026-08-27;LU0986743572;32.6908
2026-08-28;LU0986743572;32.8584
2026-08-31;LU0986743572;32.6461
2026-09-03;LU0986743572;32.0666
2026-09-11;LU0986743572;32.2798
2026-08-25;LU0987487336;13.52
2026-08-26;LU0987487336;13.53
2026-08-27;LU0987487336;13.54
2026-08-28;LU0987487336;13.51
2026-08-31;LU0987487336;13.45
2026-09-03;LU0987487336;13.47
2026-09-08;LU0987487336;13.44
2026-09-10;LU0987487336;13.3
2026-09-11;LU0987487336;13.32
2026-08-25;LU0987487419;7.197
2026-08-26;LU0987487419;7.202
2026-08-27;LU0987487419;7.206
2026-08-28;LU0987487419;7.192
2026-08-31;LU0987487419;7.162
2026-09-03;LU0987487419;7.172
2026-09-08;LU0987487419;7.153
2026-09-10;LU0987487419;7.08
2026-09-11;LU0987487419;7.092
2026-08-24;LU0992631050;1092.57
2026-08-25;LU0992631050;1092.42
2026-08-26;LU0992631050;1091.78
2026-08-27;LU0992631050;1092.32
2026-08-28;LU0992631050;1090.44
2026-09-02;LU0992631050;1091.39
2026-09-10;LU0992631050;1092.07
2026-08-24;LU0992632538;141.23
2026-08-25;LU0992632538;141.37
2026-08-26;LU0992632538;141.25
2026-08-27;LU0992632538;140.82
2026-08-28;LU0992632538;140.85
2026-09-02;LU0992632538;140.17
2026-09-04;LU0992632538;140.43
2026-09-07;LU0992632538;140.2
2026-09-10;LU0992632538;139.33
2026-08-24;LU0992632611;105.19
2026-08-25;LU0992632611;105.29
2026-08-26;LU0992632611;105.2
2026-08-27;LU0992632611;104.88
2026-08-28;LU0992632611;104.9
2026-09-02;LU0992632611;104.4
2026-09-04;LU0992632611;104.59
2026-09-07;LU0992632611;104.42
2026-09-10;LU0992632611;103.77
2026-08-25;LU0994472909;436.6487
2026-08-26;LU0994472909;439.3137
2026-08-27;LU0994472909;435.1861
2026-08-28;LU0994472909;438.1373
2026-08-31;LU0994472909;438.7303
2026-09-03;LU0994472909;438.0814
2026-09-11;LU0994472909;434.6708
2026-08-25;LU0995119665;142.0213
2026-08-26;LU0995119665;142.085
2026-08-27;LU0995119665;141.9495
2026-08-28;LU0995119665;141.81
2026-08-31;LU0995119665;141.5882
2026-09-03;LU0995119665;141.3401
2026-09-11;LU0995119665;140.3321
2026-08-25;LU0995120242;96.3176
2026-08-26;LU0995120242;96.3608
2026-08-27;LU0995120242;96.2689
2026-08-28;LU0995120242;96.1744
2026-08-31;LU0995120242;96.0239
2026-09-03;LU0995120242;95.8557
2026-09-11;LU0995120242;95.172
2026-08-21;LU0995386439;181.48
2026-08-24;LU0995386439;181.94
2026-08-25;LU0995386439;182.57
2026-08-26;LU0995386439;182.92
2026-08-27;LU0995386439;181.57
2026-09-01;LU0995386439;179.55
2026-09-08;LU0995386439;180.14
2026-08-24;LU0996177134;248.64
2026-08-25;LU0996177134;249.97
2026-08-26;LU0996177134;252.4
2026-08-27;LU0996177134;253.23
2026-08-28;LU0996177134;253.69
2026-09-02;LU0996177134;251.15
2026-09-10;LU0996177134;256.99
2026-08-24;LU0996178884;414.4599
2026-08-25;LU0996178884;416.0738
2026-08-26;LU0996178884;415.9715
2026-08-27;LU0996178884;420.0994
2026-08-28;LU0996178884;418.466
2026-09-02;LU0996178884;416.5599
2026-09-10;LU0996178884;408.6414
2026-08-24;LU0996179007;573.4
2026-08-25;LU0996179007;575.64
2026-08-26;LU0996179007;575.49
2026-08-27;LU0996179007;581.2
2026-08-28;LU0996179007;578.94
2026-09-02;LU0996179007;576.29
2026-09-10;LU0996179007;565.32
2026-08-24;LU0996179189;515.42
2026-08-25;LU0996179189;517.44
2026-08-26;LU0996179189;517.3
2026-08-27;LU0996179189;522.44
2026-08-28;LU0996179189;520.41
2026-09-02;LU0996179189;518.01
2026-09-10;LU0996179189;508.15
2026-08-24;LU0996180864;387.38
2026-08-25;LU0996180864;389.47
2026-08-26;LU0996180864;391.88
2026-08-27;LU0996180864;392.78
2026-08-28;LU0996180864;394.75
2026-09-02;LU0996180864;391.1
2026-09-10;LU0996180864;399.91
2026-08-24;LU0996182308;321.2834
2026-08-25;LU0996182308;322.3514
2026-08-26;LU0996182308;322.9571
2026-08-27;LU0996182308;324.3159
2026-08-28;LU0996182308;324.55
2026-09-02;LU0996182308;322.6196
2026-09-10;LU0996182308;319.2455
2026-08-24;LU0996182563;423.86
2026-08-25;LU0996182563;425.27
2026-08-26;LU0996182563;426.1
2026-08-27;LU0996182563;427.89
2026-08-28;LU0996182563;428.2
2026-09-02;LU0996182563;425.65
2026-09-10;LU0996182563;421.2
2026-08-24;LU0996182647;359.56
2026-08-25;LU0996182647;360.76
2026-08-26;LU0996182647;361.47
2026-08-27;LU0996182647;362.99
2026-08-28;LU0996182647;363.25
2026-09-02;LU0996182647;361.09
2026-09-10;LU0996182647;357.31
2026-08-25;LU0997586432;20.832
2026-08-25;LU0997586515;22.9572
2026-08-25;LU0997586861;40.867
2026-08-26;LU0997586861;40.7711
2026-08-27;LU0997586861;40.9323
2026-08-28;LU0997586861;41.2356
2026-08-31;LU0997586861;41.305
2026-09-03;LU0997586861;41.3442
2026-09-11;LU0997586861;41.3189
2026-08-25;LU0997586945;30.6438
2026-08-26;LU0997586945;30.7844
2026-08-27;LU0997586945;30.9032
2026-08-28;LU0997586945;31.4516
2026-08-31;LU0997586945;31.2844
2026-09-03;LU0997586945;30.8963
2026-09-11;LU0997586945;30.4877
2026-08-25;LU0997587083;46.2828
2026-08-26;LU0997587083;46.4127
2026-08-27;LU0997587083;46.6338
2026-08-28;LU0997587083;47.1301
2026-08-31;LU0997587083;47.1332
2026-09-03;LU0997587083;46.8522
2026-09-11;LU0997587083;46.2696
2026-08-25;LU1001747408;202.57
2026-08-26;LU1001747408;202.71
2026-08-27;LU1001747408;201.97
2026-08-28;LU1001747408;202.25
2026-08-31;LU1001747408;203.34
2026-09-03;LU1001747408;204.82
2026-09-08;LU1001747408;204.07
2026-09-10;LU1001747408;204.66
2026-09-11;LU1001747408;205.08
2026-08-25;LU1005243255;15.25
2026-08-26;LU1005243255;15.3
2026-08-27;LU1005243255;15.3
2026-08-28;LU1005243255;15.3
2026-08-31;LU1005243255;15.32
2026-09-03;LU1005243255;15.29
2026-09-11;LU1005243255;15.22
2026-08-24;LU1006075227;22.2791
2026-08-25;LU1006075227;22.335
2026-08-26;LU1006075227;22.3532
2026-08-27;LU1006075227;22.2877
2026-08-28;LU1006075227;22.28
2026-08-31;LU1006075227;22.2055
2026-09-03;LU1006075227;22.2478
2026-09-04;LU1006075227;22.1961
2026-09-10;LU1006075227;21.9088
2026-09-11;LU1006075227;21.9158
2026-08-24;LU1006075656;22.2888
2026-08-25;LU1006075656;22.3218
2026-08-26;LU1006075656;22.3389
2026-08-27;LU1006075656;22.2811
2026-08-28;LU1006075656;22.3464
2026-08-31;LU1006075656;22.2065
2026-09-03;LU1006075656;22.2269
2026-09-04;LU1006075656;22.199
2026-09-10;LU1006075656;21.9428
2026-09-11;LU1006075656;21.9499
2026-08-24;LU1006076209;18.4054
2026-08-25;LU1006076209;18.4454
2026-08-26;LU1006076209;18.4436
2026-08-27;LU1006076209;18.3895
2026-08-28;LU1006076209;18.3835
2026-08-31;LU1006076209;18.2945
2026-09-03;LU1006076209;18.294
2026-09-04;LU1006076209;18.2595
2026-09-10;LU1006076209;18.0278
2026-09-11;LU1006076209;18.0122
2026-08-24;LU1008513852;174.1982
2026-08-25;LU1008513852;175.0965
2026-08-26;LU1008513852;175.3122
2026-08-27;LU1008513852;175.8192
2026-08-28;LU1008513852;175.9915
2026-09-02;LU1008513852;175.1322
2026-09-10;LU1008513852;173.718
2026-08-25;LU1015429985;76.012
2026-08-26;LU1015429985;76.072
2026-08-27;LU1015429985;75.9543
2026-08-28;LU1015429985;76.0285
2026-08-31;LU1015429985;75.5264
2026-09-03;LU1015429985;74.1473
2026-09-11;LU1015429985;73.9243
2026-08-25;LU1015430058;65.0653
2026-08-26;LU1015430058;65.3783
2026-08-27;LU1015430058;65.0246
2026-08-28;LU1015430058;65.0627
2026-08-31;LU1015430058;64.6519
2026-09-03;LU1015430058;64.6405
2026-09-11;LU1015430058;62.4632
2026-08-24;LU1021288185;20.3068
2026-08-26;LU1021288185;20.3598
2026-08-27;LU1021288185;20.3588
2026-08-28;LU1021288185;20.3855
2026-08-31;LU1021288185;20.4029
2026-09-03;LU1021288185;20.4053
2026-09-11;LU1021288185;20.3796
2026-08-25;LU1021349151;181.23
2026-08-26;LU1021349151;180.61
2026-08-27;LU1021349151;178.39
2026-08-28;LU1021349151;177.45
2026-08-31;LU1021349151;176.09
2026-09-03;LU1021349151;178.98
2026-09-11;LU1021349151;172.63
2026-08-24;LU1022658667;10.93
2026-08-26;LU1022658667;10.94
2026-08-27;LU1022658667;10.93
2026-08-28;LU1022658667;10.92
2026-09-03;LU1022658667;10.91
2026-09-11;LU1022658667;10.86
2026-08-25;LU1023061473;25.725
2026-08-24;LU1025004406;155.2028
2026-08-25;LU1025004406;155.4043
2026-08-26;LU1025004406;155.6823
2026-08-27;LU1025004406;155.5548
2026-08-28;LU1025004406;155.649
2026-09-02;LU1025004406;155.3539
2026-09-10;LU1025004406;154.0414
2026-08-25;LU1032955483;25.9641
2026-08-26;LU1032955483;26.0169
2026-08-27;LU1032955483;25.9822
2026-08-28;LU1032955483;26.0531
2026-08-31;LU1032955483;25.8695
2026-09-03;LU1032955483;25.7586
2026-09-08;LU1032955483;25.7698
2026-09-11;LU1032955483;25.5334
2026-08-25;LU1038809395;189.3
2026-08-26;LU1038809395;189.01
2026-08-27;LU1038809395;188.73
2026-08-28;LU1038809395;188.72
2026-08-31;LU1038809395;189.89
2026-09-03;LU1038809395;186.25
2026-09-07;LU1038809395;186.43
2026-09-08;LU1038809395;185.98
2026-09-11;LU1038809395;182.47
2026-08-25;LU1038895451;28.69
2026-08-26;LU1038895451;28.71
2026-08-27;LU1038895451;28.54
2026-08-28;LU1038895451;28.63
2026-08-31;LU1038895451;28.46
2026-09-03;LU1038895451;28.42
2026-09-11;LU1038895451;27.83
2026-08-25;LU1040967272;111.96
2026-08-26;LU1040967272;111.96
2026-08-27;LU1040967272;111.9
2026-08-28;LU1040967272;111.85
2026-08-31;LU1040967272;111.74
2026-09-03;LU1040967272;111.54
2026-09-11;LU1040967272;110.94
2026-08-25;LU1041599587;87.83
2026-08-26;LU1041599587;87.9
2026-08-27;LU1041599587;87.89
2026-08-28;LU1041599587;87.86
2026-08-31;LU1041599587;87.75
2026-09-03;LU1041599587;87.7
2026-09-11;LU1041599587;87.29
2026-08-25;LU1041599744;51.19
2026-08-26;LU1041599744;51.23
2026-08-27;LU1041599744;51.23
2026-08-28;LU1041599744;51.21
2026-08-31;LU1041599744;51.15
2026-09-03;LU1041599744;51.12
2026-09-11;LU1041599744;50.88
2026-08-24;LU1042830981;152.0312
2026-08-25;LU1042830981;152.585
2026-08-25;LU1046235732;133.5751
2026-08-26;LU1046235732;133.6365
2026-08-27;LU1046235732;133.6262
2026-08-28;LU1046235732;133.6037
2026-08-31;LU1046235732;133.4766
2026-09-03;LU1046235732;133.3227
2026-09-11;LU1046235732;132.5649
2026-08-25;LU1046421795;74.2958
2026-08-26;LU1046421795;74.2432
2026-08-27;LU1046421795;75.1156
2026-08-28;LU1046421795;75.8367
2026-08-31;LU1046421795;75.0257
2026-09-03;LU1046421795;75.1666
2026-09-11;LU1046421795;74.5101
2026-08-25;LU1046545411;14.405
2026-08-26;LU1046545411;14.5078
2026-08-27;LU1046545411;14.4598
2026-08-28;LU1046545411;14.577
2026-09-03;LU1046545411;14.9576
2026-09-11;LU1046545411;14.8951
2026-08-25;LU1046545502;18.12
2026-08-26;LU1046545502;18.27
2026-08-27;LU1046545502;18.18
2026-08-28;LU1046545502;18.29
2026-09-03;LU1046545502;18.8
2026-09-11;LU1046545502;18.73
2026-08-25;LU1046547540;125.4288
2026-08-26;LU1046547540;125.6879
2026-08-27;LU1046547540;125.6305
2026-08-28;LU1046547540;125.8496
2026-08-31;LU1046547540;125.7832
2026-09-03;LU1046547540;125.5472
2026-09-11;LU1046547540;124.9469
2026-08-25;LU1046548191;117.5708
2026-08-26;LU1046548191;117.8136
2026-08-27;LU1046548191;117.7652
2026-08-28;LU1046548191;117.9759
2026-08-31;LU1046548191;117.9061
2026-09-03;LU1046548191;117.6898
2026-09-11;LU1046548191;117.1291
2026-08-25;LU1046624125;372.756
2026-08-26;LU1046624125;375.0268
2026-08-27;LU1046624125;371.4907
2026-08-28;LU1046624125;373.9949
2026-08-31;LU1046624125;374.4742
2026-09-03;LU1046624125;373.8964
2026-09-11;LU1046624125;371.0006
2026-08-24;LU1047850349;61.0501
2026-08-25;LU1047850349;61.3093
2026-08-26;LU1047850349;61.2623
2026-08-27;LU1047850349;62.1216
2026-08-28;LU1047850349;62.5433
2026-09-02;LU1047850349;61.8382
2026-09-10;LU1047850349;61.1099
2026-08-24;LU1048590381;337.41
2026-08-25;LU1048590381;340.26
2026-08-26;LU1048590381;341.08
2026-08-27;LU1048590381;342.62
2026-08-28;LU1048590381;339.65
2026-09-02;LU1048590381;338.04
2026-09-10;LU1048590381;337.85
2026-08-25;LU1048657123;358.57
2026-08-26;LU1048657123;361.14
2026-08-27;LU1048657123;358.8
2026-08-28;LU1048657123;360.51
2026-08-31;LU1048657123;360.18
2026-09-03;LU1048657123;363.25
2026-09-11;LU1048657123;352.77
2026-08-25;LU1048684796;26.66
2026-08-26;LU1048684796;26.85
2026-08-27;LU1048684796;26.86
2026-08-28;LU1048684796;26.86
2026-08-31;LU1048684796;26.36
2026-09-03;LU1048684796;26.5
2026-09-11;LU1048684796;26.74
2026-08-25;LU1048814831;221.23
2026-08-26;LU1048814831;222.36
2026-08-27;LU1048814831;221.49
2026-08-28;LU1048814831;221.61
2026-08-31;LU1048814831;221.49
2026-09-03;LU1048814831;219.08
2026-09-11;LU1048814831;208.88
2026-08-24;LU1049757120;310.74
2026-08-25;LU1049757120;311.92
2026-08-26;LU1049757120;311.83
2026-08-27;LU1049757120;314.15
2026-08-28;LU1049757120;313.24
2026-09-02;LU1049757120;310.6
2026-09-10;LU1049757120;307.13
2026-08-24;LU1050469367;115.09
2026-08-25;LU1050469367;115.06
2026-08-26;LU1050469367;115.01
2026-08-27;LU1050469367;115.15
2026-08-28;LU1050469367;114.96
2026-09-02;LU1050469367;114.41
2026-09-10;LU1050469367;113.7
2026-08-24;LU1050470373;105.9
2026-08-25;LU1050470373;106.27
2026-08-26;LU1050470373;106.19
2026-08-27;LU1050470373;106.04
2026-08-28;LU1050470373;105.91
2026-09-02;LU1050470373;105.17
2026-09-10;LU1050470373;104.25
2026-08-25;LU1051768569;13.76
2026-08-26;LU1051768569;13.85
2026-08-27;LU1051768569;13.67
2026-08-28;LU1051768569;13.76
2026-08-31;LU1051768569;13.69
2026-09-03;LU1051768569;13.51
2026-09-11;LU1051768569;13.39
2026-08-25;LU1055196213;119.1304
2026-08-26;LU1055196213;119.1647
2026-08-27;LU1055196213;119.431
2026-08-28;LU1055196213;119.6453
2026-09-03;LU1055196213;119.6176
2026-09-11;LU1055196213;119.3763
2026-08-25;LU1055198938;81.82
2026-08-26;LU1055198938;81.83
2026-08-27;LU1055198938;81.84
2026-08-28;LU1055198938;81.82
2026-09-03;LU1055198938;81.76
2026-09-11;LU1055198938;81.54
2026-08-24;LU1055714452;124.71
2026-08-25;LU1055714452;124.98
2026-08-26;LU1055714452;124.93
2026-08-27;LU1055714452;124.89
2026-08-28;LU1055714452;124.54
2026-08-21;LU1057468818;126.52
2026-08-24;LU1057468818;126.74
2026-08-25;LU1057468818;126.86
2026-08-25;LU1070113664;182.2
2026-08-26;LU1070113664;182.55
2026-08-27;LU1070113664;182.69
2026-08-28;LU1070113664;182.71
2026-08-31;LU1070113664;181.31
2026-09-03;LU1070113664;181.19
2026-09-08;LU1070113664;181.85
2026-09-11;LU1070113664;181.16
2026-08-24;LU1073944867;113.6891
2026-08-25;LU1073944867;113.7146
2026-08-26;LU1073944867;113.9667
2026-08-25;LU1075210465;27.78
2026-08-26;LU1075210465;27.69
2026-08-27;LU1075210465;27.76
2026-08-28;LU1075210465;27.69
2026-08-31;LU1075210465;27.8
2026-09-03;LU1075210465;27.42
2026-09-11;LU1075210465;26.78
2026-08-25;LU1075211430;15.6647
2026-08-26;LU1075211430;15.6818
2026-08-27;LU1075211430;15.6963
2026-08-28;LU1075211430;15.7215
2026-08-31;LU1075211430;15.7197
2026-09-03;LU1075211430;15.6375
2026-09-07;LU1075211430;15.6557
2026-09-08;LU1075211430;15.6571
2026-09-11;LU1075211430;15.5581
2026-08-25;LU1075211869;21.9374
2026-08-26;LU1075211869;21.8946
2026-08-27;LU1075211869;21.8787
2026-08-28;LU1075211869;21.8828
2026-08-31;LU1075211869;21.875
2026-09-03;LU1075211869;21.593
2026-09-11;LU1075211869;21.4387
2026-08-25;LU1075213998;22.16
2026-08-26;LU1075213998;22.17
2026-08-25;LU1077582671;51.75
2026-08-26;LU1077582671;51.76
2026-08-25;LU1078119317;34.52
2026-08-24;LU1079558364;225.3724
2026-08-25;LU1079558364;226.2809
2026-08-26;LU1079558364;227.4525
2026-08-27;LU1079558364;226.5145
2026-08-28;LU1079558364;227.4758
2026-09-02;LU1079558364;227.118
2026-09-10;LU1079558364;224.6466
2026-08-24;LU1080015693;126.9
2026-08-25;LU1080015693;127.0
2026-08-26;LU1080015693;127.0
2026-08-27;LU1080015693;127.0
2026-08-28;LU1080015693;126.94
2026-09-02;LU1080015693;126.66
2026-09-10;LU1080015693;126.39
2026-08-25;LU1084165304;26.9933
2026-08-26;LU1084165304;27.0834
2026-08-27;LU1084165304;27.1422
2026-08-28;LU1084165304;27.1835
2026-08-31;LU1084165304;26.9369
2026-09-03;LU1084165304;27.0579
2026-09-11;LU1084165304;26.6476
2026-08-24;LU1088691354;265.7889
2026-08-25;LU1089088071;122.41
2026-08-26;LU1089088071;122.83
2026-08-27;LU1089088071;122.65
2026-08-28;LU1089088071;122.76
2026-08-31;LU1089088071;122.56
2026-09-03;LU1089088071;121.75
2026-09-04;LU1089088071;122.17
2026-09-08;LU1089088071;121.98
2026-09-11;LU1089088071;120.91
2026-08-25;LU1089088741;109.22
2026-08-26;LU1089088741;109.24
2026-08-27;LU1089088741;109.24
2026-08-28;LU1089088741;109.24
2026-08-31;LU1089088741;109.26
2026-09-03;LU1089088741;109.27
2026-09-11;LU1089088741;109.3
2026-08-25;LU1093406186;189.28
2026-08-26;LU1093406186;189.97
2026-08-27;LU1093406186;189.61
2026-08-28;LU1093406186;190.18
2026-08-31;LU1093406186;189.86
2026-09-03;LU1093406186;188.08
2026-09-08;LU1093406186;189.01
2026-09-11;LU1093406186;186.63
2026-08-24;LU1093756168;12.2235
2026-08-25;LU1093756168;12.2284
2026-08-26;LU1093756168;12.2708
2026-08-27;LU1093756168;12.2703
2026-08-28;LU1093756168;12.2967
2026-08-31;LU1093756168;12.302
2026-09-03;LU1093756168;12.3413
2026-09-04;LU1093756168;12.3708
2026-09-10;LU1093756168;12.3581
2026-09-11;LU1093756168;12.4155
2026-08-24;LU1093756242;11.58
2026-08-25;LU1093756242;11.6
2026-08-26;LU1093756242;11.61
2026-08-27;LU1093756242;11.61
2026-08-28;LU1093756242;11.61
2026-08-31;LU1093756242;11.61
2026-09-03;LU1093756242;11.65
2026-09-04;LU1093756242;11.67
2026-09-10;LU1093756242;11.67
2026-09-11;LU1093756242;11.7
2026-08-24;LU1093756598;11.9407
2026-08-24;LU1095739816;1581.3784
2026-08-25;LU1095739816;1581.987
2026-08-26;LU1095739816;1579.3983
2026-08-27;LU1095739816;1576.9978
2026-08-28;LU1095739816;1576.876
2026-09-02;LU1095739816;1568.8577
2026-09-07;LU1095739816;1573.2199
2026-09-10;LU1095739816;1553.7955
2026-08-24;LU1095740319;103.84
2026-08-25;LU1095740319;103.9
2026-08-26;LU1095740319;103.52
2026-08-27;LU1095740319;103.35
2026-08-28;LU1095740319;103.12
2026-09-02;LU1095740319;102.19
2026-09-07;LU1095740319;102.79
2026-09-10;LU1095740319;101.47
2026-08-25;LU1097688045;14.04
2026-08-26;LU1097688045;14.02
2026-08-27;LU1097688045;13.97
2026-08-28;LU1097688045;13.97
2026-08-31;LU1097688045;13.96
2026-09-03;LU1097688045;13.96
2026-09-07;LU1097688045;14.04
2026-09-08;LU1097688045;14.03
2026-09-11;LU1097688045;14.0
2026-08-25;LU1097688714;17.7566
2026-08-26;LU1097688714;17.7557
2026-08-27;LU1097688714;17.7641
2026-08-28;LU1097688714;17.7368
2026-08-31;LU1097688714;17.7358
2026-09-03;LU1097688714;17.621
2026-09-08;LU1097688714;17.6487
2026-09-11;LU1097688714;17.4289
2026-08-25;LU1097688805;10.6171
2026-08-26;LU1097688805;10.6166
2026-08-25;LU1097692153;7.89
2026-08-26;LU1097692153;7.9
2026-08-27;LU1097692153;7.89
2026-08-28;LU1097692153;7.88
2026-08-31;LU1097692153;7.88
2026-09-03;LU1097692153;7.8
2026-09-07;LU1097692153;7.81
2026-09-08;LU1097692153;7.81
2026-09-11;LU1097692153;7.75
2026-08-25;LU1097728288;20.51
2026-08-26;LU1097728288;20.63
2026-08-27;LU1097728288;20.6
2026-08-28;LU1097728288;20.5
2026-08-31;LU1097728288;20.13
2026-09-03;LU1097728288;20.18
2026-09-11;LU1097728288;20.26
2026-08-25;LU1099740216;37.405
2026-08-26;LU1099740216;37.5507
2026-08-27;LU1099740216;37.6007
2026-08-28;LU1099740216;37.8022
2026-08-31;LU1099740216;37.6893
2026-09-03;LU1099740216;37.5833
2026-09-08;LU1099740216;37.6597
2026-09-11;LU1099740216;37.4961
2026-08-24;LU1102542534;7.6659
2026-08-25;LU1102542534;7.6914
2026-08-26;LU1102542534;7.7009
2026-08-27;LU1102542534;7.7121
2026-08-28;LU1102542534;7.6833
2026-09-02;LU1102542534;7.6192
2026-09-07;LU1102542534;7.6917
2026-09-10;LU1102542534;7.5866
2026-08-25;LU1109965605;28.06
2026-08-26;LU1109965605;28.06
2026-08-27;LU1109965605;28.03
2026-08-28;LU1109965605;28.01
2026-08-31;LU1109965605;27.95
2026-09-03;LU1109965605;27.92
2026-09-11;LU1109965605;27.71
2026-08-24;LU1111642820;233.66
2026-08-25;LU1111642820;234.66
2026-08-26;LU1111642820;235.92
2026-08-27;LU1111642820;233.45
2026-08-28;LU1111642820;234.86
2026-09-02;LU1111642820;231.02
2026-09-10;LU1111642820;229.68
2026-08-24;LU1111708357;129.55
2026-08-25;LU1111708357;129.79
2026-08-26;LU1111708357;129.74
2026-08-27;LU1111708357;129.61
2026-08-28;LU1111708357;129.4
2026-09-02;LU1111708357;128.72
2026-09-10;LU1111708357;128.03
2026-08-25;LU1112015109;241.6457
2026-08-26;LU1112015109;241.8342
2026-08-27;LU1112015109;241.4466
2026-08-28;LU1112015109;242.311
2026-08-31;LU1112015109;243.7323
2026-09-03;LU1112015109;245.5005
2026-09-08;LU1112015109;244.3752
2026-09-10;LU1112015109;245.1917
2026-09-11;LU1112015109;245.9848
2026-08-24;LU1112750929;109.54
2026-08-25;LU1112750929;109.86
2026-08-26;LU1112750929;109.71
2026-08-27;LU1112750929;109.65
2026-08-28;LU1112750929;109.41
2026-09-02;LU1112750929;108.9
2026-09-10;LU1112750929;108.16
2026-08-25;LU1116430247;16.27
2026-08-26;LU1116430247;16.3
2026-08-27;LU1116430247;16.32
2026-08-28;LU1116430247;16.34
2026-08-31;LU1116430247;16.26
2026-09-03;LU1116430247;16.3
2026-09-08;LU1116430247;16.27
2026-09-10;LU1116430247;16.1
2026-09-11;LU1116430247;16.15
2026-08-24;LU1120766206;327.25
2026-08-25;LU1120766206;331.85
2026-08-26;LU1120766206;330.61
2026-08-27;LU1120766206;329.18
2026-08-28;LU1120766206;319.6
2026-09-02;LU1120766206;326.18
2026-09-10;LU1120766206;312.41
2026-08-24;LU1120766388;356.22
2026-08-25;LU1120766388;361.13
2026-08-26;LU1120766388;360.53
2026-08-27;LU1120766388;358.99
2026-08-28;LU1120766388;349.35
2026-09-02;LU1120766388;357.42
2026-09-10;LU1120766388;341.46
2026-08-25;LU1122765560;80.04
2026-08-26;LU1122765560;80.05
2026-08-27;LU1122765560;80.06
2026-08-28;LU1122765560;80.07
2026-08-31;LU1122765560;80.07
2026-09-03;LU1122765560;80.1
2026-09-11;LU1122765560;80.14
2026-08-24;LU1123620707;187.89
2026-08-25;LU1123620707;188.6
2026-08-26;LU1123620707;188.82
2026-08-27;LU1123620707;189.82
2026-08-28;LU1123620707;189.56
2026-09-02;LU1123620707;188.58
2026-09-10;LU1123620707;185.72
2026-08-24;LU1123736917;14.0
2026-08-25;LU1123736917;14.01
2026-08-26;LU1123736917;13.99
2026-08-27;LU1123736917;13.94
2026-08-28;LU1123736917;13.92
2026-08-31;LU1123736917;13.87
2026-09-03;LU1123736917;13.95
2026-09-07;LU1123736917;13.92
2026-09-10;LU1123736917;13.7
2026-09-11;LU1123736917;13.73
2026-08-25;LU1124234862;8.6326
2026-08-26;LU1124234862;8.6511
2026-08-27;LU1124234862;8.6458
2026-08-28;LU1124234862;8.6675
2026-08-31;LU1124234862;8.6617
2026-09-03;LU1124234862;8.5632
2026-09-07;LU1124234862;8.5908
2026-09-08;LU1124234862;8.5789
2026-09-11;LU1124234862;8.5228
2026-08-25;LU1124235240;9.4383
2026-08-26;LU1124235240;9.4594
2026-08-27;LU1124235240;9.4523
2026-08-28;LU1124235240;9.4483
2026-08-31;LU1124235240;9.4795
2026-09-03;LU1124235240;9.3696
2026-09-07;LU1124235240;9.3934
2026-09-08;LU1124235240;9.3884
2026-09-11;LU1124235240;9.3311
2026-08-25;LU1133085917;6.37
2026-08-26;LU1133085917;6.38
2026-08-27;LU1133085917;6.37
2026-08-28;LU1133085917;6.38
2026-08-31;LU1133085917;6.31
2026-09-03;LU1133085917;6.31
2026-09-08;LU1133085917;6.31
2026-09-11;LU1133085917;6.26
2026-08-25;LU1135359625;20.0
2026-08-26;LU1135359625;20.0
2026-08-27;LU1135359625;19.98
2026-08-28;LU1135359625;19.97
2026-08-31;LU1135359625;19.92
2026-09-03;LU1135359625;19.91
2026-09-11;LU1135359625;19.75
2026-08-24;LU1145111883;385.475
2026-08-25;LU1145111883;386.3062
2026-08-26;LU1145111883;386.8726
2026-08-27;LU1145111883;384.8571
2026-08-28;LU1145111883;386.4302
2026-09-02;LU1145111883;380.9322
2026-09-10;LU1145111883;381.5275
2026-08-25;LU1145633407;109.69
2026-08-26;LU1145633407;109.94
2026-08-27;LU1145633407;109.78
2026-08-28;LU1145633407;109.39
2026-09-03;LU1145633407;109.09
2026-09-11;LU1145633407;108.26
2026-08-25;LU1146622755;15.7005
2026-08-26;LU1146622755;15.9013
2026-08-27;LU1146622755;16.0931
2026-08-28;LU1146622755;16.0118
2026-08-31;LU1146622755;16.0372
2026-09-03;LU1146622755;15.7261
2026-09-11;LU1146622755;15.5571
2026-08-24;LU1147470683;13.03
2026-08-24;LU1157401487;86.79
2026-08-25;LU1157401487;87.04
2026-08-24;LU1160365091;302.43
2026-08-25;LU1160365091;304.47
2026-08-26;LU1160365091;306.5
2026-08-27;LU1160365091;306.91
2026-08-28;LU1160365091;307.98
2026-09-02;LU1160365091;300.89
2026-09-10;LU1160365091;293.52
2026-08-24;LU1161526907;133.49
2026-08-25;LU1161526907;133.76
2026-08-26;LU1161526907;133.68
2026-08-27;LU1161526907;133.59
2026-08-28;LU1161526907;133.39
2026-09-02;LU1161526907;132.76
2026-09-10;LU1161526907;132.03
2026-08-24;LU1161527038;237.67
2026-08-25;LU1161527038;238.15
2026-08-26;LU1161527038;238.0
2026-08-27;LU1161527038;237.84
2026-08-28;LU1161527038;237.49
2026-09-02;LU1161527038;236.37
2026-09-10;LU1161527038;235.07
2026-08-25;LU1162516477;16.14
2026-08-26;LU1162516477;16.19
2026-08-27;LU1162516477;16.17
2026-08-28;LU1162516477;16.2
2026-08-31;LU1162516477;16.18
2026-09-03;LU1162516477;16.15
2026-09-08;LU1162516477;16.16
2026-09-11;LU1162516477;16.05
2026-08-24;LU1163533422;75.55
2026-08-25;LU1163533422;75.82
2026-08-26;LU1163533422;75.74
2026-08-27;LU1163533422;75.89
2026-08-28;LU1163533422;75.69
2026-09-02;LU1163533422;75.63
2026-09-07;LU1163533422;76.16
2026-09-10;LU1163533422;75.27
2026-08-24;LU1164219682;151.76
2026-08-26;LU1164219682;151.91
2026-08-27;LU1164219682;151.75
2026-08-28;LU1164219682;151.52
2026-08-31;LU1164219682;151.29
2026-09-03;LU1164219682;150.9
2026-09-11;LU1164219682;149.29
2026-08-24;LU1164219922;121.87
2026-08-26;LU1164219922;121.99
2026-08-27;LU1164219922;121.86
2026-08-28;LU1164219922;121.68
2026-08-31;LU1164219922;121.49
2026-09-03;LU1164219922;121.18
2026-09-11;LU1164219922;119.89
2026-08-25;LU1164802040;105.09
2026-08-26;LU1164802040;105.14
2026-08-27;LU1164802040;105.32
2026-08-28;LU1164802040;105.32
2026-08-31;LU1164802040;105.68
2026-09-03;LU1164802040;105.65
2026-09-11;LU1164802040;105.84
2026-08-24;LU1165135440;239.41
2026-08-25;LU1165135440;239.07
2026-08-26;LU1165135440;240.74
2026-08-27;LU1165135440;239.51
2026-08-28;LU1165135440;239.39
2026-08-31;LU1165135440;238.08
2026-09-03;LU1165135440;235.72
2026-09-10;LU1165135440;228.71
2026-09-11;LU1165135440;230.2
2026-08-25;LU1165444743;12.6994
2026-08-26;LU1165444743;12.7249
2026-08-27;LU1165444743;12.7332
2026-08-28;LU1165444743;12.7448
2026-08-31;LU1165444743;12.7564
2026-09-03;LU1165444743;12.6847
2026-09-08;LU1165444743;12.7245
2026-09-11;LU1165444743;12.6123
2026-08-25;LU1165444826;13.3178
2026-08-26;LU1165444826;13.3446
2026-08-27;LU1165444826;13.3534
2026-08-28;LU1165444826;13.3658
2026-08-31;LU1165444826;13.3784
2026-09-03;LU1165444826;13.3036
2026-09-08;LU1165444826;13.3461
2026-09-11;LU1165444826;13.2288
2026-08-25;LU1176912761;153.32
2026-08-26;LU1176912761;153.42
2026-08-27;LU1176912761;152.86
2026-08-28;LU1176912761;153.06
2026-08-31;LU1176912761;153.88
2026-09-03;LU1176912761;154.99
2026-09-08;LU1176912761;154.41
2026-09-10;LU1176912761;154.85
2026-09-11;LU1176912761;155.16
2026-08-25;LU1181866309;137.8715
2026-08-26;LU1181866309;138.437
2026-08-27;LU1181866309;138.9484
2026-08-28;LU1181866309;139.635
2026-08-31;LU1181866309;139.5142
2026-09-03;LU1181866309;137.8627
2026-09-08;LU1181866309;137.7932
2026-09-10;LU1181866309;137.2458
2026-09-11;LU1181866309;137.9823
2026-08-25;LU1191877379;14.63
2026-08-26;LU1191877379;14.64
2026-08-27;LU1191877379;14.63
2026-08-28;LU1191877379;14.61
2026-08-31;LU1191877379;14.64
2026-09-03;LU1191877379;14.59
2026-09-11;LU1191877379;14.5
2026-08-25;LU1196525536;27.6703
2026-08-26;LU1196525536;27.8759
2026-08-27;LU1196525536;27.6059
2026-08-28;LU1196525536;27.7342
2026-08-31;LU1196525536;27.6084
2026-09-03;LU1196525536;27.273
2026-09-11;LU1196525536;27.2589
2026-08-24;LU1200235353;124.8497
2026-08-25;LU1200235353;125.1118
2026-08-26;LU1200235353;125.1641
2026-08-27;LU1200235353;124.8663
2026-08-28;LU1200235353;124.6621
2026-09-02;LU1200235353;124.88
2026-09-10;LU1200235353;124.518
2026-08-24;LU1203833295;299.21
2026-08-25;LU1203833295;300.74
2026-08-26;LU1203833295;301.11
2026-08-27;LU1203833295;302.0
2026-08-28;LU1203833295;302.29
2026-09-02;LU1203833295;300.81
2026-09-10;LU1203833295;298.37
2026-08-25;LU1206943596;235.67
2026-08-26;LU1206943596;238.05
2026-08-27;LU1206943596;237.49
2026-08-28;LU1206943596;238.95
2026-08-31;LU1206943596;233.54
2026-09-03;LU1206943596;234.91
2026-09-11;LU1206943596;239.03
2026-08-25;LU1211166183;223.67
2026-08-26;LU1211166183;224.55
2026-08-27;LU1211166183;222.79
2026-08-28;LU1211166183;223.5
2026-08-31;LU1211166183;223.5
2026-09-03;LU1211166183;223.79
2026-09-11;LU1211166183;222.84
2026-08-24;LU1212701376;15.02
2026-08-25;LU1212701376;15.17
2026-08-26;LU1212701376;15.06
2026-08-27;LU1212701376;15.02
2026-08-28;LU1212701376;15.07
2026-08-31;LU1212701376;15.08
2026-09-03;LU1212701376;15.09
2026-09-10;LU1212701376;14.49
2026-09-11;LU1212701376;14.58
2026-08-25;LU1213835942;13.89
2026-08-26;LU1213835942;13.98
2026-08-27;LU1213835942;13.92
2026-08-28;LU1213835942;13.79
2026-08-31;LU1213835942;13.93
2026-09-03;LU1213835942;14.52
2026-09-11;LU1213835942;14.4
2026-08-25;LU1213836080;67.36
2026-08-26;LU1213836080;67.31
2026-08-27;LU1213836080;68.09
2026-08-28;LU1213836080;68.92
2026-08-31;LU1213836080;68.04
2026-09-03;LU1213836080;68.16
2026-09-11;LU1213836080;67.65
2026-08-25;LU1214667088;12.2395
2026-08-26;LU1214667088;12.2643
2026-08-27;LU1214667088;12.2713
2026-08-28;LU1214667088;12.2681
2026-08-31;LU1214667088;12.274
2026-08-25;LU1217870671;181.7894
2026-08-26;LU1217870671;182.5296
2026-08-27;LU1217870671;182.1096
2026-08-28;LU1217870671;184.9994
2026-09-03;LU1217870671;184.5493
2026-09-11;LU1217870671;181.9515
2026-08-25;LU1217870911;34.18
2026-08-26;LU1217870911;34.28
2026-08-27;LU1217870911;34.19
2026-08-28;LU1217870911;34.78
2026-09-03;LU1217870911;33.72
2026-09-11;LU1217870911;32.82
2026-08-25;LU1218204391;23.2657
2026-08-26;LU1218204391;23.2794
2026-08-27;LU1218204391;23.3813
2026-08-28;LU1218204391;23.3542
2026-08-31;LU1218204391;23.3298
2026-09-03;LU1218204391;22.9872
2026-09-11;LU1218204391;22.3685
2026-08-24;LU1221952796;290.9131
2026-08-25;LU1221952796;293.687
2026-08-26;LU1221952796;292.2585
2026-08-27;LU1221952796;296.6413
2026-08-28;LU1221952796;294.7849
2026-09-02;LU1221952796;289.1613
2026-09-10;LU1221952796;276.8652
2026-08-25;LU1223083087;365.0865
2026-08-26;LU1223083087;368.7036
2026-08-27;LU1223083087;363.9111
2026-08-28;LU1223083087;368.4748
2026-08-31;LU1223083087;352.9653
2026-09-03;LU1223083087;357.0782
2026-09-11;LU1223083087;347.7613
2026-08-25;LU1223083673;349.401
2026-08-26;LU1223083673;352.6277
2026-08-27;LU1223083673;348.1986
2026-08-28;LU1223083673;351.9278
2026-08-31;LU1223083673;336.8253
2026-09-03;LU1223083673;340.0431
2026-09-11;LU1223083673;328.4041
2026-08-25;LU1224710126;14.782
2026-08-26;LU1224710126;14.9242
2026-08-27;LU1224710126;14.8548
2026-08-28;LU1224710126;14.9987
2026-08-31;LU1224710126;14.8157
2026-09-03;LU1224710126;14.7855
2026-09-11;LU1224710126;14.6885
2026-08-24;LU1232087814;225.39
2026-08-25;LU1232087814;228.49
2026-08-26;LU1232087814;228.71
2026-08-27;LU1232087814;232.16
2026-08-28;LU1232087814;230.71
2026-09-02;LU1232087814;228.41
2026-09-10;LU1232087814;230.07
2026-08-25;LU1235294995;65.598
2026-08-26;LU1235294995;65.5875
2026-08-27;LU1235294995;66.3143
2026-08-28;LU1235294995;66.9993
2026-08-31;LU1235294995;66.2619
2026-09-03;LU1235294995;66.3108
2026-09-11;LU1235294995;65.6763
2026-08-25;LU1239090977;8.5403
2026-08-26;LU1239090977;8.558
2026-08-27;LU1239090977;8.535
2026-08-28;LU1239090977;8.5375
2026-08-31;LU1239090977;8.5274
2026-09-03;LU1239090977;8.4318
2026-09-07;LU1239090977;8.4665
2026-09-08;LU1239090977;8.4538
2026-09-11;LU1239090977;8.3855
2026-08-25;LU1240328812;247.42
2026-08-26;LU1240328812;247.32
2026-08-27;LU1240328812;246.76
2026-08-28;LU1240328812;246.74
2026-08-31;LU1240328812;246.69
2026-09-03;LU1240328812;242.97
2026-09-11;LU1240328812;242.18
2026-08-25;LU1241524708;158.3
2026-08-26;LU1241524708;158.44
2026-08-27;LU1241524708;158.6
2026-08-28;LU1241524708;158.69
2026-08-31;LU1241524708;158.21
2026-09-03;LU1241524708;157.99
2026-09-08;LU1241524708;158.15
2026-09-10;LU1241524708;156.52
2026-09-11;LU1241524708;157.17
2026-08-25;LU1244139074;11.6371
2026-08-26;LU1244139074;11.6697
2026-08-25;LU1244139660;46.12
2026-08-26;LU1244139660;46.3685
2026-08-27;LU1244139660;47.1662
2026-08-28;LU1244139660;47.4915
2026-08-31;LU1244139660;46.6941
2026-09-03;LU1244139660;45.9657
2026-09-11;LU1244139660;47.5783
2026-08-24;LU1244893696;400.6
2026-08-25;LU1244893696;400.6
2026-08-26;LU1244893696;399.24
2026-08-27;LU1244893696;407.34
2026-08-28;LU1244893696;407.41
2026-09-02;LU1244893696;401.99
2026-09-10;LU1244893696;391.83
2026-08-24;LU1244893779;357.3025
2026-08-25;LU1244893779;357.297
2026-08-26;LU1244893779;356.0857
2026-08-27;LU1244893779;363.3162
2026-08-28;LU1244893779;363.3762
2026-09-02;LU1244893779;358.5448
2026-09-10;LU1244893779;349.2505
2026-08-24;LU1244895394;391.05
2026-08-25;LU1244895394;391.05
2026-08-26;LU1244895394;389.72
2026-08-27;LU1244895394;397.62
2026-08-28;LU1244895394;397.68
2026-09-02;LU1244895394;392.37
2026-09-10;LU1244895394;381.96
2026-08-25;LU1245470593;124.79
2026-08-26;LU1245470593;124.87
2026-08-27;LU1245470593;124.69
2026-08-28;LU1245470593;124.61
2026-08-31;LU1245470593;124.61
2026-09-03;LU1245470593;123.16
2026-09-07;LU1245470593;123.42
2026-09-08;LU1245470593;123.14
2026-09-11;LU1245470593;121.5
2026-08-25;LU1245471054;144.41
2026-08-26;LU1245471054;144.36
2026-08-27;LU1245471054;144.15
2026-08-28;LU1245471054;144.09
2026-08-31;LU1245471054;144.32
2026-09-03;LU1245471054;142.26
2026-09-08;LU1245471054;142.1
2026-09-11;LU1245471054;139.71
2026-08-25;LU1245471567;162.25
2026-08-26;LU1245471567;162.03
2026-08-27;LU1245471567;161.79
2026-08-28;LU1245471567;161.76
2026-08-31;LU1245471567;162.22
2026-09-03;LU1245471567;159.51
2026-09-07;LU1245471567;159.65
2026-09-08;LU1245471567;159.22
2026-09-11;LU1245471567;156.01
2026-08-25;LU1250980452;9.85
2026-08-26;LU1250980452;9.85
2026-08-27;LU1250980452;9.85
2026-08-28;LU1250980452;9.86
2026-08-31;LU1250980452;9.83
2026-09-03;LU1250980452;9.82
2026-09-11;LU1250980452;9.77
2026-08-25;LU1251620883;132.2757
2026-08-26;LU1251620883;132.5499
2026-08-27;LU1251620883;132.7317
2026-08-28;LU1251620883;133.0521
2026-08-31;LU1251620883;132.7305
2026-09-03;LU1251620883;132.6388
2026-09-08;LU1251620883;132.5053
2026-09-10;LU1251620883;132.3955
2026-09-11;LU1251620883;132.3428
2026-08-25;LU1254136416;118.54
2026-08-26;LU1254136416;118.77
2026-08-27;LU1254136416;118.37
2026-08-28;LU1254136416;118.33
2026-08-31;LU1254136416;118.15
2026-09-03;LU1254136416;117.45
2026-09-07;LU1254136416;117.71
2026-09-08;LU1254136416;117.42
2026-09-11;LU1254136416;116.45
2026-08-25;LU1254412460;12.1907
2026-08-27;LU1254412460;12.2041
2026-08-28;LU1254412460;12.1945
2026-08-31;LU1254412460;12.2536
2026-09-03;LU1254412460;12.3462
2026-09-11;LU1254412460;12.1594
2026-08-25;LU1255011097;28.19
2026-08-26;LU1255011097;28.39
2026-08-27;LU1255011097;28.58
2026-08-28;LU1255011097;28.31
2026-08-31;LU1255011097;28.39
2026-09-03;LU1255011097;27.78
2026-09-11;LU1255011097;27.71
2026-08-25;LU1256216356;233.74
2026-08-26;LU1256216356;233.69
2026-08-27;LU1256216356;233.66
2026-08-28;LU1256216356;233.16
2026-09-03;LU1256216356;232.73
2026-09-11;LU1256216356;230.59
2026-08-25;LU1261431768;23.23
2026-08-26;LU1261431768;23.25
2026-08-27;LU1261431768;23.12
2026-08-28;LU1261431768;23.19
2026-08-31;LU1261431768;23.05
2026-09-03;LU1261431768;23.02
2026-09-11;LU1261431768;22.55
2026-08-25;LU1261432659;27.42
2026-08-26;LU1261432659;27.51
2026-08-27;LU1261432659;27.56
2026-08-28;LU1261432659;27.68
2026-08-31;LU1261432659;27.37
2026-09-03;LU1261432659;27.48
2026-09-11;LU1261432659;27.11
2026-08-25;LU1273508926;25.5365
2026-08-26;LU1273508926;25.7181
2026-08-27;LU1273508926;25.5795
2026-08-28;LU1273508926;25.8153
2026-08-31;LU1273508926;25.7145
2026-09-03;LU1273508926;26.0165
2026-09-11;LU1273508926;25.5972
2026-08-24;LU1274519823;233.3
2026-08-25;LU1274519823;233.96
2026-08-26;LU1274519823;233.9
2026-08-27;LU1274519823;233.93
2026-08-28;LU1274519823;233.7
2026-09-02;LU1274519823;234.18
2026-09-10;LU1274519823;230.88
2026-08-24;LU1278540171;102.2199
2026-08-25;LU1278540171;102.6774
2026-08-26;LU1278540171;102.795
2026-08-25;LU1278917452;296.82
2026-08-26;LU1278917452;298.48
2026-08-27;LU1278917452;293.97
2026-08-28;LU1278917452;295.85
2026-09-03;LU1278917452;298.9
2026-09-11;LU1278917452;290.3
2026-08-25;LU1279333675;499.1789
2026-08-26;LU1279333675;498.5526
2026-08-27;LU1279333675;519.1201
2026-08-28;LU1279333675;528.1982
2026-08-31;LU1279333675;523.9144
2026-09-03;LU1279333675;520.1932
2026-09-11;LU1279333675;509.0517
2026-08-25;LU1279333832;462.4508
2026-08-26;LU1279333832;461.869
2026-08-27;LU1279333832;480.9183
2026-08-28;LU1279333832;489.3118
2026-08-31;LU1279333832;485.3125
2026-09-03;LU1279333832;481.8353
2026-09-11;LU1279333832;471.4437
2026-08-25;LU1279334210;499.04
2026-08-26;LU1279334210;498.25
2026-08-27;LU1279334210;518.79
2026-08-28;LU1279334210;527.13
2026-08-31;LU1279334210;524.74
2026-09-03;LU1279334210;519.96
2026-09-11;LU1279334210;509.24
2026-08-25;LU1279334301;499.05
2026-08-26;LU1279334301;498.25
2026-08-27;LU1279334301;518.79
2026-08-28;LU1279334301;527.13
2026-08-31;LU1279334301;524.75
2026-09-03;LU1279334301;519.97
2026-09-11;LU1279334301;509.25
2026-08-25;LU1279334483;462.34
2026-08-26;LU1279334483;461.6
2026-08-27;LU1279334483;480.62
2026-08-28;LU1279334483;488.34
2026-08-31;LU1279334483;486.1
2026-09-03;LU1279334483;481.64
2026-09-11;LU1279334483;471.64
2026-08-25;LU1279334996;401.07
2026-08-26;LU1279334996;399.72
2026-08-27;LU1279334996;416.17
2026-08-28;LU1279334996;422.53
2026-08-31;LU1279334996;418.9
2026-09-03;LU1279334996;415.96
2026-09-11;LU1279334996;406.76
2026-08-25;LU1279613365;19.2
2026-08-26;LU1279613365;19.33
2026-08-27;LU1279613365;19.49
2026-08-28;LU1279613365;19.51
2026-08-31;LU1279613365;19.25
2026-09-03;LU1279613365;18.89
2026-09-11;LU1279613365;19.29
2026-08-25;LU1280372688;157.8894
2026-08-26;LU1280372688;157.658
2026-08-27;LU1280372688;157.7273
2026-08-28;LU1280372688;158.0671
2026-08-31;LU1280372688;159.1164
2026-09-03;LU1280372688;156.0476
2026-09-07;LU1280372688;156.041
2026-09-08;LU1280372688;155.703
2026-09-11;LU1280372688;152.9979
2026-08-25;LU1289970086;307.1666
2026-08-26;LU1289970086;311.1256
2026-08-27;LU1289970086;311.9598
2026-08-28;LU1289970086;313.6387
2026-08-31;LU1289970086;310.2095
2026-09-03;LU1289970086;311.6907
2026-09-11;LU1289970086;306.4952
2026-08-24;LU1293073232;100.2912
2026-08-25;LU1293073232;100.475
2026-08-26;LU1293073232;101.4726
2026-08-24;LU1293073745;97.54
2026-08-25;LU1293073745;97.75
2026-08-26;LU1293073745;98.5
2026-08-27;LU1293073745;98.62
2026-08-28;LU1293073745;99.71
2026-09-02;LU1293073745;102.03
2026-09-04;LU1293073745;100.97
2026-09-10;LU1293073745;103.3
2026-08-25;LU1293074719;119.1793
2026-08-26;LU1293074719;119.2296
2026-08-27;LU1293074719;119.182
2026-08-28;LU1293074719;119.1205
2026-08-31;LU1293074719;118.9982
2026-09-03;LU1293074719;118.8473
2026-09-11;LU1293074719;118.2394
2026-08-25;LU1293437023;285.2377
2026-08-26;LU1293437023;288.2113
2026-08-27;LU1293437023;289.8579
2026-08-28;LU1293437023;289.88
2026-08-31;LU1293437023;291.0894
2026-09-03;LU1293437023;288.1528
2026-09-11;LU1293437023;292.9002
2026-08-24;LU1295551144;26.3977
2026-08-26;LU1295551144;26.5057
2026-08-27;LU1295551144;26.5919
2026-08-28;LU1295551144;26.6715
2026-08-31;LU1295551144;26.5174
2026-09-03;LU1295551144;26.5466
2026-09-10;LU1295551144;26.2017
2026-08-24;LU1295551227;26.3981
2026-08-26;LU1295551227;26.5128
2026-08-27;LU1295551227;26.5861
2026-08-28;LU1295551227;26.6609
2026-08-31;LU1295551227;26.532
2026-09-03;LU1295551227;26.558
2026-09-10;LU1295551227;26.197
2026-08-24;LU1295551573;26.3864
2026-08-26;LU1295551573;26.5228
2026-08-27;LU1295551573;26.5997
2026-08-28;LU1295551573;26.5923
2026-08-31;LU1295551573;26.5162
2026-09-03;LU1295551573;26.5716
2026-09-10;LU1295551573;26.161
2026-09-11;LU1295551573;26.2652
2026-08-24;LU1295552209;22.8715
2026-08-26;LU1295552209;22.9651
2026-08-27;LU1295552209;23.0397
2026-08-28;LU1295552209;23.1087
2026-08-31;LU1295552209;22.9752
2026-09-03;LU1295552209;23.0005
2026-09-10;LU1295552209;22.7017
2026-08-24;LU1295552621;23.9283
2026-08-25;LU1295552621;24.039
2026-08-26;LU1295552621;24.0179
2026-08-27;LU1295552621;24.0893
2026-08-28;LU1295552621;24.0769
2026-08-31;LU1295552621;23.9774
2026-09-03;LU1295552621;23.9931
2026-09-10;LU1295552621;23.6403
2026-09-11;LU1295552621;23.709
2026-08-24;LU1295552894;21.9231
2026-08-25;LU1295552894;22.0161
2026-08-26;LU1295552894;21.9775
2026-08-27;LU1295552894;22.0346
2026-08-28;LU1295552894;22.0537
2026-08-31;LU1295552894;21.9513
2026-09-03;LU1295552894;21.9093
2026-09-10;LU1295552894;21.5878
2026-09-11;LU1295552894;21.6727
2026-08-24;LU1299302098;87.7
2026-08-25;LU1299302098;87.82
2026-08-26;LU1299302098;87.84
2026-08-27;LU1299302098;87.73
2026-08-28;LU1299302098;87.55
2026-09-02;LU1299302098;87.57
2026-09-10;LU1299302098;87.6
2026-08-24;LU1299306321;111.74
2026-08-25;LU1299306321;111.86
2026-08-26;LU1299306321;111.78
2026-08-27;LU1299306321;111.76
2026-08-28;LU1299306321;111.61
2026-09-02;LU1299306321;111.38
2026-09-10;LU1299306321;110.99
2026-08-24;LU1299306677;98.55
2026-08-25;LU1299306677;98.66
2026-08-26;LU1299306677;98.59
2026-08-27;LU1299306677;98.58
2026-08-28;LU1299306677;98.44
2026-09-02;LU1299306677;98.24
2026-09-10;LU1299306677;97.89
2026-08-24;LU1299306834;115.6178
2026-08-25;LU1299306834;115.7113
2026-08-26;LU1299306834;115.8644
2026-08-27;LU1299306834;115.859
2026-08-28;LU1299306834;115.9451
2026-09-02;LU1299306834;116.0044
2026-09-10;LU1299306834;115.2989
2026-08-24;LU1313770452;108.24
2026-08-25;LU1313770452;108.46
2026-08-26;LU1313770452;108.41
2026-08-27;LU1313770452;108.29
2026-08-28;LU1313770452;108.07
2026-09-02;LU1313770452;107.53
2026-09-10;LU1313770452;106.86
2026-08-24;LU1317704051;194.67
2026-08-25;LU1317704051;195.43
2026-08-26;LU1317704051;196.09
2026-08-27;LU1317704051;196.04
2026-08-28;LU1317704051;196.55
2026-09-02;LU1317704051;195.56
2026-09-10;LU1317704051;197.13
2026-08-25;LU1321847805;289.52
2026-08-26;LU1321847805;293.76
2026-08-27;LU1321847805;293.91
2026-08-28;LU1321847805;295.09
2026-08-31;LU1321847805;292.9
2026-09-03;LU1321847805;293.7
2026-09-11;LU1321847805;289.01
2026-08-25;LU1322973477;275.17
2026-08-26;LU1322973477;275.5
2026-08-27;LU1322973477;274.91
2026-08-28;LU1322973477;276.31
2026-08-31;LU1322973477;275.47
2026-09-03;LU1322973477;273.88
2026-09-11;LU1322973477;270.1
2026-08-25;LU1323878188;21.3994
2026-08-26;LU1323878188;21.4089
2026-08-27;LU1323878188;21.4813
2026-08-28;LU1323878188;21.4503
2026-08-31;LU1323878188;21.2146
2026-09-03;LU1323878188;20.967
2026-09-11;LU1323878188;20.6214
2026-08-24;LU1328179103;14.25
2026-08-25;LU1328179103;14.27
2026-08-26;LU1328179103;14.25
2026-08-27;LU1328179103;14.24
2026-08-28;LU1328179103;14.16
2026-09-03;LU1328179103;14.17
2026-09-04;LU1328179103;14.16
2026-09-07;LU1328179103;14.15
2026-09-10;LU1328179103;14.07
2026-09-11;LU1328179103;14.08
2026-08-24;LU1328852659;145.76
2026-08-25;LU1328852659;145.77
2026-08-26;LU1328852659;145.62
2026-08-27;LU1328852659;144.41
2026-08-28;LU1328852659;143.86
2026-09-02;LU1328852659;142.06
2026-09-10;LU1328852659;139.74
2026-08-24;LU1330191542;274.2975
2026-08-25;LU1330191542;275.4575
2026-08-26;LU1330191542;276.873
2026-08-27;LU1330191542;275.928
2026-08-28;LU1330191542;277.9532
2026-09-02;LU1330191542;272.6286
2026-09-10;LU1330191542;270.9023
2026-08-24;LU1330191898;274.6242
2026-08-25;LU1330191898;275.7949
2026-08-26;LU1330191898;277.2849
2026-08-27;LU1330191898;277.3797
2026-08-28;LU1330191898;278.2343
2026-09-02;LU1330191898;273.1129
2026-09-10;LU1330191898;271.3618
2026-08-24;LU1330433571;26.8129
2026-08-25;LU1330433571;26.959
2026-08-26;LU1330433571;26.9546
2026-08-27;LU1330433571;27.5201
2026-08-28;LU1330433571;27.2351
2026-09-02;LU1330433571;26.4113
2026-09-10;LU1330433571;25.9287
2026-08-24;LU1331971769;156.78
2026-08-25;LU1331971769;157.07
2026-08-26;LU1331971769;157.81
2026-08-27;LU1331971769;156.92
2026-08-28;LU1331971769;157.32
2026-09-02;LU1331971769;156.45
2026-09-10;LU1331971769;156.94
2026-08-24;LU1332516696;102.1256
2026-08-25;LU1332516696;102.3431
2026-08-26;LU1332516696;102.4858
2026-08-24;LU1332517074;94.96
2026-08-25;LU1332517074;95.19
2026-08-26;LU1332517074;95.12
2026-08-27;LU1332517074;95.03
2026-08-28;LU1332517074;94.85
2026-09-02;LU1332517074;94.33
2026-09-10;LU1332517074;93.73
2026-08-24;LU1333148903;259.6267
2026-08-25;LU1333148903;260.1643
2026-08-26;LU1333148903;259.2133
2026-08-27;LU1333148903;261.4178
2026-08-28;LU1333148903;261.4816
2026-09-02;LU1333148903;267.9509
2026-09-10;LU1333148903;263.5702
2026-08-25;LU1333218029;10.45
2026-08-26;LU1333218029;10.47
2026-08-27;LU1333218029;10.48
2026-08-28;LU1333218029;10.49
2026-08-31;LU1333218029;10.44
2026-09-03;LU1333218029;10.47
2026-09-08;LU1333218029;10.45
2026-09-10;LU1333218029;10.34
2026-09-11;LU1333218029;10.37
2026-08-24;LU1339879162;188.0
2026-08-25;LU1339879162;190.83
2026-08-26;LU1339879162;190.62
2026-08-27;LU1339879162;193.43
2026-08-28;LU1339879162;191.19
2026-09-02;LU1339879162;189.26
2026-09-10;LU1339879162;190.93
2026-08-24;LU1339879758;22.2784
2026-08-25;LU1339879758;22.5116
2026-08-26;LU1339879758;22.7212
2026-08-27;LU1339879758;22.8575
2026-08-28;LU1339879758;22.2098
2026-09-02;LU1339879758;21.788
2026-09-10;LU1339879758;21.4997
2026-08-24;LU1339879832;20.11
2026-08-25;LU1339879832;20.32
2026-08-26;LU1339879832;20.46
2026-08-27;LU1339879832;20.59
2026-08-28;LU1339879832;19.95
2026-09-02;LU1339879832;19.53
2026-09-10;LU1339879832;19.32
2026-08-24;LU1340702932;11.38
2026-08-26;LU1340702932;11.42
2026-08-27;LU1340702932;11.41
2026-08-28;LU1340702932;11.46
2026-08-31;LU1340702932;11.41
2026-09-03;LU1340702932;11.39
2026-09-11;LU1340702932;11.33
2026-08-24;LU1340703070;9.71
2026-08-26;LU1340703070;9.74
2026-08-27;LU1340703070;9.73
2026-08-28;LU1340703070;9.72
2026-08-31;LU1340703070;9.7
2026-09-03;LU1340703070;9.69
2026-09-11;LU1340703070;9.61
2026-08-25;LU1345485095;10.96
2026-08-26;LU1345485095;10.96
2026-08-27;LU1345485095;10.96
2026-08-28;LU1345485095;10.96
2026-08-31;LU1345485095;10.96
2026-09-03;LU1345485095;10.96
2026-09-11;LU1345485095;10.95
2026-08-25;LU1352905993;128.4367
2026-08-26;LU1352905993;128.8051
2026-08-27;LU1352905993;129.3915
2026-08-28;LU1352905993;129.2142
2026-08-31;LU1352905993;129.6227
2026-09-03;LU1352905993;130.6077
2026-09-08;LU1352905993;130.1236
2026-09-10;LU1352905993;130.3573
2026-09-11;LU1352905993;131.3526
2026-08-25;LU1352906025;112.34
2026-08-26;LU1352906025;112.65
2026-08-27;LU1352906025;112.92
2026-08-28;LU1352906025;112.53
2026-08-31;LU1352906025;112.83
2026-09-03;LU1352906025;113.69
2026-09-08;LU1352906025;113.37
2026-09-10;LU1352906025;113.53
2026-09-11;LU1352906025;114.26
2026-08-24;LU1353746875;174.3528
2026-08-25;LU1353746875;174.8698
2026-08-26;LU1353746875;174.7108
2026-08-24;LU1353950568;114.0834
2026-08-26;LU1353950568;114.3359
2026-08-27;LU1353950568;114.3048
2026-08-28;LU1353950568;114.2155
2026-08-31;LU1353950568;114.2732
2026-09-03;LU1353950568;114.3678
2026-09-11;LU1353950568;113.6851
2026-08-24;LU1353950725;107.75
2026-08-26;LU1353950725;107.79
2026-08-27;LU1353950725;107.75
2026-08-28;LU1353950725;107.44
2026-08-31;LU1353950725;107.44
2026-09-03;LU1353950725;107.53
2026-09-11;LU1353950725;106.81
2026-08-24;LU1353950998;87.72
2026-08-26;LU1353950998;87.75
2026-08-27;LU1353950998;87.71
2026-08-28;LU1353950998;87.46
2026-08-31;LU1353950998;87.46
2026-09-03;LU1353950998;87.54
2026-09-11;LU1353950998;86.95
2026-08-24;LU1353951376;102.44
2026-08-26;LU1353951376;102.47
2026-08-27;LU1353951376;102.43
2026-08-28;LU1353951376;102.13
2026-08-31;LU1353951376;102.13
2026-09-03;LU1353951376;102.22
2026-09-11;LU1353951376;101.52
2026-08-25;LU1361553693;134.45
2026-08-26;LU1361553693;134.73
2026-08-27;LU1361553693;134.73
2026-08-28;LU1361553693;134.82
2026-09-03;LU1361553693;134.87
2026-09-11;LU1361553693;134.4
2026-08-24;LU1362999481;164.38
2026-08-25;LU1362999481;164.57
2026-08-26;LU1362999481;164.77
2026-08-27;LU1362999481;164.82
2026-08-28;LU1362999481;164.89
2026-09-02;LU1362999481;164.91
2026-09-10;LU1362999481;163.63
2026-08-24;LU1362999564;111.65
2026-08-25;LU1362999564;112.01
2026-08-26;LU1362999564;111.96
2026-08-27;LU1362999564;111.88
2026-08-28;LU1362999564;111.66
2026-09-02;LU1362999564;111.22
2026-09-10;LU1362999564;110.45
2026-08-24;LU1366139522;29.3323
2026-08-26;LU1366139522;29.5962
2026-08-27;LU1366139522;29.6498
2026-08-28;LU1366139522;29.7073
2026-08-31;LU1366139522;29.4962
2026-09-03;LU1366139522;29.7456
2026-09-10;LU1366139522;29.1926
2026-09-11;LU1366139522;29.3393
2026-08-25;LU1366332952;25.06
2026-08-26;LU1366332952;25.12
2026-08-27;LU1366332952;25.17
2026-08-28;LU1366332952;25.24
2026-08-31;LU1366332952;24.98
2026-09-03;LU1366332952;25.02
2026-09-11;LU1366332952;24.75
2026-08-25;LU1366333091;24.9881
2026-08-26;LU1366333091;25.0826
2026-08-27;LU1366333091;25.1502
2026-08-28;LU1366333091;25.2474
2026-08-31;LU1366333091;25.0
2026-09-03;LU1366333091;25.0613
2026-09-11;LU1366333091;24.8137
2026-08-25;LU1373035580;114.08
2026-08-26;LU1373035580;114.01
2026-08-27;LU1373035580;113.97
2026-08-28;LU1373035580;113.98
2026-08-31;LU1373035580;113.77
2026-09-03;LU1373035580;113.55
2026-09-11;LU1373035580;112.69
2026-08-25;LU1376384878;122.71
2026-08-26;LU1376384878;122.95
2026-08-27;LU1376384878;122.86
2026-08-28;LU1376384878;122.88
2026-08-31;LU1376384878;122.53
2026-09-03;LU1376384878;122.46
2026-09-08;LU1376384878;122.44
2026-09-10;LU1376384878;122.3
2026-09-11;LU1376384878;122.1
2026-08-25;LU1378878430;52.1013
2026-08-26;LU1378878430;52.5984
2026-08-27;LU1378878430;52.5156
2026-08-28;LU1378878430;53.016
2026-08-31;LU1378878430;52.5395
2026-09-03;LU1378878430;52.3601
2026-09-11;LU1378878430;52.5204
2026-08-25;LU1378879248;47.4
2026-08-26;LU1378879248;47.86
2026-08-27;LU1378879248;47.68
2026-08-28;LU1378879248;48.02
2026-08-31;LU1378879248;47.58
2026-09-03;LU1378879248;47.41
2026-09-11;LU1378879248;47.52
2026-08-25;LU1378879594;24.1054
2026-08-24;LU1378994690;28.2019
2026-08-26;LU1378994690;28.3142
2026-08-27;LU1378994690;28.4452
2026-08-28;LU1378994690;28.6044
2026-08-31;LU1378994690;28.3154
2026-09-03;LU1378994690;28.4279
2026-09-11;LU1378994690;28.1322
2026-08-24;LU1378994856;28.1897
2026-08-26;LU1378994856;28.3324
2026-08-27;LU1378994856;28.4536
2026-08-28;LU1378994856;28.5194
2026-08-31;LU1378994856;28.3142
2026-09-03;LU1378994856;28.4547
2026-09-11;LU1378994856;28.0885
2026-08-24;LU1378995317;23.3867
2026-08-25;LU1378995317;23.4614
2026-08-26;LU1378995317;23.4603
2026-08-27;LU1378995317;23.5588
2026-08-28;LU1378995317;23.5614
2026-08-31;LU1378995317;23.3813
2026-09-03;LU1378995317;23.499
2026-09-10;LU1378995317;23.066
2026-09-11;LU1378995317;23.1783
2026-08-24;LU1380459518;88.97
2026-08-25;LU1380459518;89.16
2026-08-26;LU1380459518;89.11
2026-08-27;LU1380459518;89.05
2026-08-28;LU1380459518;89.09
2026-09-02;LU1380459518;88.6
2026-09-10;LU1380459518;88.05
2026-08-24;LU1380459609;91.9679
2026-08-25;LU1380459609;92.1371
2026-08-26;LU1380459609;92.2759
2026-08-27;LU1380459609;92.2287
2026-08-28;LU1380459609;92.4704
2026-08-25;LU1381420600;10.67
2026-08-26;LU1381420600;10.79
2026-08-27;LU1381420600;11.03
2026-08-28;LU1381420600;10.96
2026-08-31;LU1381420600;10.95
2026-09-03;LU1381420600;10.68
2026-09-11;LU1381420600;10.84
2026-08-25;LU1387591305;45.78
2026-08-26;LU1387591305;45.94
2026-08-27;LU1387591305;45.65
2026-08-28;LU1387591305;45.96
2026-08-31;LU1387591305;45.72
2026-09-03;LU1387591305;44.84
2026-09-11;LU1387591305;43.37
2026-08-25;LU1391767586;28.59
2026-08-26;LU1391767586;28.75
2026-08-27;LU1391767586;28.6
2026-08-28;LU1391767586;28.87
2026-08-31;LU1391767586;28.73
2026-09-03;LU1391767586;29.16
2026-09-11;LU1391767586;28.69
2026-08-24;LU1397021822;724.7805
2026-08-25;LU1397021822;724.7625
2026-08-26;LU1397021822;723.3491
2026-08-27;LU1397021822;725.0831
2026-08-28;LU1397021822;725.5274
2026-09-02;LU1397021822;729.0509
2026-09-10;LU1397021822;728.8337
2026-08-25;LU1400166911;21.37
2026-08-26;LU1400166911;21.58
2026-08-27;LU1400166911;21.47
2026-08-28;LU1400166911;21.74
2026-08-31;LU1400166911;21.43
2026-09-03;LU1400166911;21.39
2026-09-11;LU1400166911;21.27
2026-08-24;LU1417001382;879.0398
2026-08-25;LU1417001382;881.0354
2026-08-26;LU1417001382;883.7826
2026-08-27;LU1417001382;884.042
2026-08-28;LU1417001382;885.3701
2026-09-02;LU1417001382;883.0787
2026-09-04;LU1417001382;883.5986
2026-09-10;LU1417001382;869.9487
2026-08-24;LU1426148711;123.2896
2026-08-25;LU1426148711;123.5093
2026-08-24;LU1430036803;178.4655
2026-08-25;LU1430036803;179.381
2026-08-26;LU1430036803;178.5781
2026-08-27;LU1430036803;182.8304
2026-08-28;LU1430036803;180.1846
2026-09-02;LU1430036803;173.2952
2026-09-10;LU1430036803;170.2809
2026-08-24;LU1430036985;198.84
2026-08-25;LU1430036985;199.98
2026-08-26;LU1430036985;199.54
2026-08-27;LU1430036985;203.69
2026-08-28;LU1430036985;201.12
2026-09-02;LU1430036985;194.53
2026-09-10;LU1430036985;191.47
2026-08-25;LU1431864153;12.6
2026-08-26;LU1431864153;12.61
2026-08-27;LU1431864153;12.66
2026-08-28;LU1431864153;12.67
2026-08-31;LU1431864153;12.59
2026-09-03;LU1431864153;12.66
2026-09-07;LU1431864153;12.67
2026-09-08;LU1431864153;12.63
2026-09-10;LU1431864153;12.48
2026-09-11;LU1431864153;12.55
2026-08-25;LU1431865044;11.09
2026-08-26;LU1431865044;11.11
2026-08-27;LU1431865044;11.13
2026-08-28;LU1431865044;11.13
2026-08-31;LU1431865044;11.07
2026-09-03;LU1431865044;11.1
2026-09-07;LU1431865044;11.1
2026-09-08;LU1431865044;11.1
2026-09-10;LU1431865044;11.03
2026-09-11;LU1431865044;11.06
2026-08-24;LU1433070262;32.597
2026-08-26;LU1433070262;32.8158
2026-08-27;LU1433070262;32.9029
2026-08-28;LU1433070262;32.8956
2026-09-02;LU1433070262;32.442
2026-09-10;LU1433070262;31.6704
2026-08-24;LU1433232854;142.66
2026-08-25;LU1433232854;142.71
2026-08-26;LU1433232854;142.74
2026-08-27;LU1433232854;142.71
2026-08-28;LU1433232854;142.38
2026-09-02;LU1433232854;142.13
2026-09-10;LU1433232854;142.17
2026-08-25;LU1438969195;39.8
2026-08-26;LU1438969195;39.91
2026-08-27;LU1438969195;40.06
2026-08-28;LU1438969195;40.31
2026-08-31;LU1438969195;40.02
2026-09-03;LU1438969195;39.81
2026-09-11;LU1438969195;40.19
2026-08-25;LU1438969351;40.46
2026-08-26;LU1438969351;40.72
2026-08-27;LU1438969351;40.84
2026-08-28;LU1438969351;41.01
2026-08-31;LU1438969351;40.55
2026-09-03;LU1438969351;40.26
2026-09-11;LU1438969351;40.22
2026-08-25;LU1438969518;31.7
2026-08-26;LU1438969518;31.84
2026-08-27;LU1438969518;31.85
2026-08-28;LU1438969518;32.0
2026-08-31;LU1438969518;31.92
2026-09-03;LU1438969518;31.97
2026-09-11;LU1438969518;31.56
2026-08-24;LU1442548993;14.4437
2026-08-25;LU1442548993;14.4821
2026-08-26;LU1442548993;14.4605
2026-08-27;LU1442548993;14.5199
2026-08-28;LU1442548993;14.5254
2026-08-31;LU1442548993;14.4886
2026-09-03;LU1442548993;14.4412
2026-09-07;LU1442548993;14.2887
2026-09-10;LU1442548993;13.992
2026-09-11;LU1442548993;14.0083
2026-08-24;LU1442549025;16.04
2026-08-25;LU1442549025;16.06
2026-08-26;LU1442549025;16.04
2026-08-27;LU1442549025;16.11
2026-08-28;LU1442549025;16.18
2026-08-31;LU1442549025;16.09
2026-09-03;LU1442549025;16.02
2026-09-07;LU1442549025;15.88
2026-09-10;LU1442549025;15.56
2026-09-11;LU1442549025;15.58
2026-08-24;LU1442549298;13.65
2026-08-25;LU1442549298;13.69
2026-08-26;LU1442549298;13.64
2026-08-27;LU1442549298;13.7
2026-08-28;LU1442549298;13.68
2026-08-31;LU1442549298;13.64
2026-09-03;LU1442549298;13.59
2026-09-07;LU1442549298;13.46
2026-09-10;LU1442549298;13.17
2026-09-11;LU1442549298;13.17
2026-08-24;LU1446800812;8.33
2026-08-26;LU1446800812;8.35
2026-08-27;LU1446800812;8.35
2026-08-28;LU1446800812;8.32
2026-08-31;LU1446800812;8.3
2026-09-03;LU1446800812;8.3
2026-09-11;LU1446800812;8.18
2026-08-24;LU1446800903;9.69
2026-08-26;LU1446800903;9.7
2026-08-27;LU1446800903;9.7
2026-08-28;LU1446800903;9.68
2026-08-31;LU1446800903;9.68
2026-09-03;LU1446800903;9.68
2026-09-11;LU1446800903;9.63
2026-08-25;LU1458463079;116.28
2026-08-26;LU1458463079;116.36
2026-08-27;LU1458463079;116.33
2026-08-28;LU1458463079;116.38
2026-08-31;LU1458463079;115.94
2026-09-03;LU1458463079;115.86
2026-09-04;LU1458463079;115.93
2026-09-08;LU1458463079;115.87
2026-09-10;LU1458463079;114.85
2026-09-11;LU1458463079;114.85
2026-08-25;LU1458463152;91.45
2026-08-26;LU1458463152;91.51
2026-08-27;LU1458463152;91.49
2026-08-28;LU1458463152;91.53
2026-08-31;LU1458463152;91.18
2026-09-03;LU1458463152;91.12
2026-09-04;LU1458463152;91.18
2026-09-08;LU1458463152;91.13
2026-09-10;LU1458463152;90.32
2026-09-11;LU1458463152;90.32
2026-08-25;LU1458463236;78.3
2026-08-26;LU1458463236;78.36
2026-08-27;LU1458463236;78.34
2026-08-28;LU1458463236;78.38
2026-08-31;LU1458463236;78.07
2026-09-03;LU1458463236;78.02
2026-09-04;LU1458463236;78.07
2026-09-08;LU1458463236;78.03
2026-09-10;LU1458463236;77.34
2026-09-11;LU1458463236;77.34
2026-08-25;LU1458464713;112.43
2026-08-26;LU1458464713;112.51
2026-08-27;LU1458464713;112.48
2026-08-28;LU1458464713;112.53
2026-08-31;LU1458464713;112.1
2026-09-03;LU1458464713;112.02
2026-09-04;LU1458464713;112.09
2026-09-08;LU1458464713;112.03
2026-09-10;LU1458464713;111.03
2026-09-11;LU1458464713;111.03
2026-08-25;LU1458464804;76.68
2026-08-26;LU1458464804;76.74
2026-08-27;LU1458464804;76.72
2026-08-28;LU1458464804;76.75
2026-08-31;LU1458464804;76.46
2026-09-03;LU1458464804;76.4
2026-09-04;LU1458464804;76.45
2026-09-08;LU1458464804;76.41
2026-09-10;LU1458464804;75.73
2026-09-11;LU1458464804;75.73
2026-08-24;LU1481179858;20.3643
2026-08-25;LU1481179858;20.4639
2026-08-26;LU1481179858;20.5515
2026-08-27;LU1481179858;20.6064
2026-08-28;LU1481179858;20.6602
2026-08-31;LU1481179858;20.5037
2026-09-03;LU1481179858;20.5335
2026-09-10;LU1481179858;20.7001
2026-09-11;LU1481179858;20.5849
2026-08-24;LU1481180195;20.3555
2026-08-25;LU1481180195;20.4761
2026-08-26;LU1481180195;20.5647
2026-08-27;LU1481180195;20.6126
2026-08-28;LU1481180195;20.5989
2026-08-31;LU1481180195;20.5028
2026-09-03;LU1481180195;20.5529
2026-09-10;LU1481180195;20.668
2026-09-11;LU1481180195;20.5529
2026-08-24;LU1481479811;13.981
2026-08-25;LU1481479811;14.008
2026-08-26;LU1481479811;13.991
2026-08-27;LU1481479811;13.982
2026-08-28;LU1481479811;14.002
2026-09-02;LU1481479811;13.893
2026-09-07;LU1481479811;13.916
2026-09-10;LU1481479811;13.785
2026-08-25;LU1481583711;120.21
2026-08-26;LU1481583711;120.76
2026-08-27;LU1481583711;120.6
2026-08-28;LU1481583711;120.42
2026-08-31;LU1481583711;120.08
2026-09-03;LU1481583711;119.01
2026-09-11;LU1481583711;117.45
2026-08-24;LU1483615412;54.98
2026-08-25;LU1483615412;55.07
2026-08-26;LU1483615412;55.05
2026-08-27;LU1483615412;55.02
2026-08-28;LU1483615412;54.93
2026-09-02;LU1483615412;54.69
2026-09-10;LU1483615412;54.37
2026-08-24;LU1486845537;116.908
2026-08-25;LU1486845537;116.931
2026-08-26;LU1486845537;116.934
2026-08-27;LU1486845537;116.932
2026-08-28;LU1486845537;116.926
2026-09-02;LU1486845537;116.813
2026-09-10;LU1486845537;116.608
2026-08-25;LU1493953001;28.05
2026-08-26;LU1493953001;28.21
2026-08-27;LU1493953001;28.0
2026-08-28;LU1493953001;28.19
2026-08-31;LU1493953001;28.08
2026-09-03;LU1493953001;28.32
2026-09-11;LU1493953001;28.31
2026-08-25;LU1496042869;11.1356
2026-08-26;LU1496042869;11.1506
2026-08-27;LU1496042869;11.154
2026-08-28;LU1496042869;11.1578
2026-08-31;LU1496042869;11.1613
2026-09-03;LU1496042869;11.1142
2026-09-07;LU1496042869;11.1398
2026-09-08;LU1496042869;11.136
2026-09-11;LU1496042869;11.0674
2026-08-25;LU1496042943;11.51
2026-08-26;LU1496042943;11.5256
2026-08-27;LU1496042943;11.5292
2026-08-28;LU1496042943;11.5332
2026-08-31;LU1496042943;11.5371
2026-09-03;LU1496042943;11.4887
2026-09-07;LU1496042943;11.5156
2026-09-08;LU1496042943;11.5117
2026-09-11;LU1496042943;11.4411
2026-08-25;LU1496043081;14.3448
2026-08-26;LU1496043081;14.3791
2026-08-27;LU1496043081;14.395
2026-08-28;LU1496043081;14.4178
2026-08-31;LU1496043081;14.4406
2026-09-03;LU1496043081;14.3355
2026-09-07;LU1496043081;14.3982
2026-09-08;LU1496043081;14.398
2026-09-11;LU1496043081;14.2438
2026-08-25;LU1496043164;15.0919
2026-08-26;LU1496043164;15.1282
2026-08-27;LU1496043164;15.145
2026-08-28;LU1496043164;15.1692
2026-08-31;LU1496043164;15.1938
2026-09-03;LU1496043164;15.0837
2026-09-07;LU1496043164;15.1504
2026-09-08;LU1496043164;15.1504
2026-09-11;LU1496043164;14.9887
2026-08-24;LU1502282632;602.61
2026-08-25;LU1502282632;605.81
2026-08-26;LU1502282632;607.58
2026-08-27;LU1502282632;630.11
2026-08-28;LU1502282632;624.1
2026-09-02;LU1502282632;599.94
2026-09-10;LU1502282632;598.46
2026-08-25;LU1508157978;183.066
2026-08-26;LU1508157978;183.3059
2026-08-27;LU1508157978;183.8219
2026-08-28;LU1508157978;184.5192
2026-08-31;LU1508157978;184.521
2026-09-03;LU1508157978;185.1194
2026-09-08;LU1508157978;184.0509
2026-09-10;LU1508157978;184.1583
2026-09-11;LU1508157978;184.0366
2026-08-25;LU1508158430;179.65
2026-08-26;LU1508158430;179.87
2026-08-27;LU1508158430;180.0
2026-08-28;LU1508158430;180.28
2026-08-31;LU1508158430;180.19
2026-09-03;LU1508158430;180.8
2026-09-08;LU1508158430;179.91
2026-09-10;LU1508158430;179.94
2026-09-11;LU1508158430;179.62
2026-08-25;LU1508476725;224.5
2026-08-25;LU1514167722;116.5547
2026-08-26;LU1514167722;116.6476
2026-08-27;LU1514167722;116.5837
2026-08-28;LU1514167722;116.5527
2026-08-31;LU1514167722;116.3059
2026-09-03;LU1514167722;116.1047
2026-09-11;LU1514167722;115.2322
2026-08-25;LU1514168027;81.3404
2026-08-26;LU1514168027;81.4053
2026-08-27;LU1514168027;81.3607
2026-08-28;LU1514168027;81.339
2026-08-31;LU1514168027;81.1668
2026-09-03;LU1514168027;81.0264
2026-09-11;LU1514168027;80.4175
2026-08-24;LU1525412281;107.45
2026-08-25;LU1525412281;107.44
2026-08-26;LU1525412281;107.41
2026-08-27;LU1525412281;107.36
2026-08-28;LU1525412281;107.23
2026-09-02;LU1525412281;106.93
2026-09-10;LU1525412281;106.61
2026-08-24;LU1525413685;111.3
2026-08-25;LU1525413685;111.46
2026-08-26;LU1525413685;111.53
2026-08-27;LU1525413685;111.5
2026-08-28;LU1525413685;111.45
2026-09-02;LU1525413685;111.42
2026-09-10;LU1525413685;110.66
2026-08-24;LU1529780063;248.8251
2026-08-26;LU1529780063;251.0976
2026-08-27;LU1529780063;255.2968
2026-08-28;LU1529780063;253.2825
2026-08-31;LU1529780063;252.7716
2026-09-03;LU1529780063;248.2372
2026-09-10;LU1529780063;245.3551
2026-09-11;LU1529780063;249.6613
2026-08-24;LU1530899142;2454.48
2026-08-26;LU1530899142;2476.86
2026-08-27;LU1530899142;2520.77
2026-08-28;LU1530899142;2500.32
2026-09-02;LU1530899142;2445.21
2026-09-10;LU1530899142;2430.59
2026-08-24;LU1536921650;267.73
2026-08-25;LU1536921650;270.13
2026-08-26;LU1536921650;270.74
2026-08-27;LU1536921650;274.7
2026-08-28;LU1536921650;272.53
2026-08-31;LU1536921650;271.98
2026-09-03;LU1536921650;267.11
2026-09-10;LU1536921650;264.0
2026-09-11;LU1536921650;268.64
2026-08-25;LU1546474658;212.253
2026-08-26;LU1546474658;212.2787
2026-08-27;LU1546474658;212.7244
2026-08-28;LU1546474658;213.243
2026-08-31;LU1546474658;213.3605
2026-09-03;LU1546474658;213.3649
2026-09-11;LU1546474658;213.6547
2026-08-25;LU1548496022;125.92
2026-08-26;LU1548496022;126.35
2026-08-27;LU1548496022;126.15
2026-08-28;LU1548496022;126.28
2026-08-31;LU1548496022;126.07
2026-09-03;LU1548496022;125.24
2026-09-04;LU1548496022;125.66
2026-09-08;LU1548496022;125.47
2026-09-11;LU1548496022;124.37
2026-08-25;LU1548497426;34.0086
2026-08-26;LU1548497426;34.3401
2026-08-27;LU1548497426;34.486
2026-08-28;LU1548497426;35.0001
2026-08-31;LU1548497426;34.3722
2026-09-03;LU1548497426;33.8671
2026-09-11;LU1548497426;34.1054
2026-08-25;LU1548497699;364.79
2026-08-26;LU1548497699;368.24
2026-08-27;LU1548497699;369.77
2026-08-28;LU1548497699;374.62
2026-08-31;LU1548497699;369.33
2026-09-03;LU1548497699;363.49
2026-09-11;LU1548497699;366.21
2026-08-25;LU1548497772;317.41
2026-08-26;LU1548497772;320.48
2026-08-27;LU1548497772;321.16
2026-08-28;LU1548497772;325.24
2026-08-31;LU1548497772;319.29
2026-09-03;LU1548497772;314.62
2026-09-11;LU1548497772;316.6
2026-08-24;LU1549401203;233.46
2026-08-25;LU1549401203;233.64
2026-08-26;LU1549401203;233.84
2026-08-27;LU1549401203;231.96
2026-08-28;LU1549401203;232.89
2026-09-02;LU1549401203;231.58
2026-09-10;LU1549401203;227.55
2026-08-24;LU1551754515;118.88
2026-08-25;LU1551754515;119.13
2026-08-26;LU1551754515;119.06
2026-08-27;LU1551754515;118.98
2026-08-28;LU1551754515;119.03
2026-09-02;LU1551754515;118.38
2026-09-10;LU1551754515;117.63
2026-08-25;LU1560646298;152.26
2026-08-26;LU1560646298;153.71
2026-08-27;LU1560646298;151.68
2026-08-28;LU1560646298;152.86
2026-08-31;LU1560646298;150.76
2026-09-03;LU1560646298;150.4
2026-09-11;LU1560646298;148.68
2026-08-25;LU1561565588;122.4617
2026-08-26;LU1561565588;122.3946
2026-08-27;LU1561565588;122.3201
2026-08-28;LU1561565588;122.426
2026-08-31;LU1561565588;122.056
2026-09-03;LU1561565588;122.0725
2026-09-08;LU1561565588;122.696
2026-09-11;LU1561565588;122.1604
2026-08-25;LU1563397410;240.39
2026-08-26;LU1563397410;241.98
2026-08-27;LU1563397410;242.6
2026-08-28;LU1563397410;242.82
2026-08-31;LU1563397410;241.44
2026-09-03;LU1563397410;239.96
2026-09-11;LU1563397410;236.36
2026-08-24;LU1567057309;10.2792
2026-08-26;LU1567057309;10.3337
2026-08-27;LU1567057309;10.3322
2026-08-28;LU1567057309;10.3617
2026-08-31;LU1567057309;10.3209
2026-09-03;LU1567057309;10.2824
2026-09-11;LU1567057309;10.2198
2026-08-24;LU1567057721;10.2747
2026-08-26;LU1567057721;10.3403
2026-08-27;LU1567057721;10.3353
2026-08-28;LU1567057721;10.3309
2026-08-31;LU1567057721;10.3205
2026-09-03;LU1567057721;10.2922
2026-09-11;LU1567057721;10.2039
2026-08-25;LU1569815910;120.88
2026-08-26;LU1569815910;121.82
2026-08-27;LU1569815910;121.15
2026-08-28;LU1569815910;121.55
2026-08-31;LU1569815910;119.2
2026-09-03;LU1569815910;118.41
2026-09-11;LU1569815910;116.15
2026-08-24;LU1570387610;21.8
2026-08-25;LU1570387610;21.83
2026-08-26;LU1570387610;21.8
2026-08-27;LU1570387610;21.78
2026-08-28;LU1570387610;21.76
2026-09-03;LU1570387610;21.77
2026-09-04;LU1570387610;21.76
2026-09-07;LU1570387610;21.75
2026-09-10;LU1570387610;21.62
2026-09-11;LU1570387610;21.63
2026-08-24;LU1578889609;22.3
2026-08-26;LU1578889609;22.33
2026-08-27;LU1578889609;22.32
2026-08-24;LU1578889864;76.55
2026-08-25;LU1578889864;77.53
2026-08-26;LU1578889864;76.44
2026-08-27;LU1578889864;76.84
2026-08-28;LU1578889864;74.94
2026-09-03;LU1578889864;75.01
2026-09-10;LU1578889864;71.83
2026-09-11;LU1578889864;71.75
2026-08-25;LU1580142542;12.7768
2026-08-26;LU1580142542;12.8539
2026-08-27;LU1580142542;13.043
2026-08-28;LU1580142542;13.0367
2026-08-31;LU1580142542;13.0854
2026-09-03;LU1580142542;12.8405
2026-09-11;LU1580142542;12.7943
2026-08-25;LU1582221328;21.25
2026-08-26;LU1582221328;21.35
2026-08-27;LU1582221328;21.26
2026-08-28;LU1582221328;21.3
2026-08-31;LU1582221328;21.03
2026-09-03;LU1582221328;21.01
2026-09-11;LU1582221328;20.38
2026-08-25;LU1582984818;12.1132
2026-08-26;LU1582984818;12.1328
2026-08-27;LU1582984818;12.1356
2026-08-28;LU1582984818;12.1379
2026-09-03;LU1582984818;12.1017
2026-09-08;LU1582984818;12.1342
2026-09-11;LU1582984818;12.0544
2026-08-25;LU1582984909;8.8046
2026-08-26;LU1582984909;8.8189
2026-08-27;LU1582984909;8.8209
2026-08-28;LU1582984909;8.8226
2026-09-03;LU1582984909;8.7962
2026-09-08;LU1582984909;8.8198
2026-09-11;LU1582984909;8.7619
2026-08-25;LU1582985039;8.8539
2026-08-26;LU1582985039;8.8683
2026-08-27;LU1582985039;8.8703
2026-08-28;LU1582985039;8.872
2026-09-03;LU1582985039;8.8455
2026-09-08;LU1582985039;8.8693
2026-09-11;LU1582985039;8.811
2026-08-25;LU1582986359;12.3409
2026-08-26;LU1582986359;12.3616
2026-08-27;LU1582986359;12.3908
2026-08-28;LU1582986359;12.4204
2026-09-03;LU1582986359;12.3877
2026-09-08;LU1582986359;12.4106
2026-09-11;LU1582986359;12.3481
2026-08-25;LU1582988058;12.828
2026-08-26;LU1582988058;12.8636
2026-08-27;LU1582988058;12.8319
2026-08-28;LU1582988058;12.8257
2026-09-03;LU1582988058;12.7698
2026-09-07;LU1582988058;12.8198
2026-09-08;LU1582988058;12.7983
2026-09-11;LU1582988058;12.6853
2026-08-25;LU1582988132;10.1661
2026-08-26;LU1582988132;10.1943
2026-08-27;LU1582988132;10.1691
2026-08-28;LU1582988132;10.1643
2026-09-03;LU1582988132;10.1199
2026-09-07;LU1582988132;10.1596
2026-09-08;LU1582988132;10.1425
2026-09-11;LU1582988132;10.053
2026-08-25;LU1582988991;13.0979
2026-08-26;LU1582988991;13.1351
2026-08-27;LU1582988991;13.1305
2026-08-28;LU1582988991;13.153
2026-09-03;LU1582988991;13.1006
2026-09-08;LU1582988991;13.1187
2026-09-11;LU1582988991;13.0231
2026-08-25;LU1582989023;10.415
2026-08-26;LU1582989023;10.4446
2026-08-27;LU1582989023;10.4407
2026-08-28;LU1582989023;10.4586
2026-09-03;LU1582989023;10.4166
2026-09-08;LU1582989023;10.431
2026-09-11;LU1582989023;10.3548
2026-08-24;LU1585264176;195.93
2026-08-25;LU1585264176;196.03
2026-08-26;LU1585264176;196.06
2026-08-27;LU1585264176;196.07
2026-08-28;LU1585264176;195.94
2026-09-02;LU1585264176;195.31
2026-09-10;LU1585264176;194.72
2026-08-24;LU1585265066;133.74
2026-08-25;LU1585265066;133.79
2026-08-26;LU1585265066;133.79
2026-08-27;LU1585265066;133.81
2026-08-28;LU1585265066;133.78
2026-09-02;LU1585265066;133.67
2026-09-10;LU1585265066;133.56
2026-08-25;LU1590492135;15.39
2026-08-26;LU1590492135;15.52
2026-08-27;LU1590492135;15.64
2026-08-28;LU1590492135;15.45
2026-08-31;LU1590492135;15.22
2026-09-03;LU1590492135;14.94
2026-09-11;LU1590492135;15.41
2026-08-24;LU1594283548;167.3
2026-08-25;LU1594283548;167.7
2026-08-26;LU1594283548;168.15
2026-08-27;LU1594283548;168.56
2026-08-28;LU1594283548;168.63
2026-09-02;LU1594283548;166.73
2026-09-10;LU1594283548;165.41
2026-08-25;LU1594335520;221.94
2026-08-26;LU1594335520;222.73
2026-08-27;LU1594335520;222.32
2026-08-28;LU1594335520;223.21
2026-08-31;LU1594335520;222.85
2026-09-03;LU1594335520;220.45
2026-09-04;LU1594335520;222.08
2026-09-08;LU1594335520;221.83
2026-09-11;LU1594335520;218.69
2026-08-24;LU1596575156;95.68
2026-08-25;LU1596575156;95.98
2026-08-26;LU1596575156;95.99
2026-08-27;LU1596575156;96.0
2026-08-28;LU1596575156;95.95
2026-09-02;LU1596575156;95.47
2026-09-10;LU1596575156;95.05
2026-08-25;LU1599216030;20.8063
2026-08-26;LU1599216030;20.8922
2026-08-27;LU1599216030;20.7023
2026-08-28;LU1599216030;20.8243
2026-09-03;LU1599216030;20.5688
2026-09-11;LU1599216030;20.3021
2026-08-25;LU1599216113;23.92
2026-08-26;LU1599216113;24.07
2026-08-27;LU1599216113;24.0
2026-08-28;LU1599216113;24.11
2026-09-03;LU1599216113;23.92
2026-09-11;LU1599216113;23.53
2026-08-25;LU1602119973;31.92
2026-08-26;LU1602119973;32.1
2026-08-27;LU1602119973;32.57
2026-08-28;LU1602119973;32.7
2026-08-31;LU1602119973;32.14
2026-09-03;LU1602119973;31.58
2026-09-11;LU1602119973;32.61
2026-08-24;LU1608101579;139.971
2026-08-25;LU1608101579;139.9787
2026-08-26;LU1608101579;140.0286
2026-08-27;LU1608101579;140.0627
2026-08-28;LU1608101579;140.0704
2026-09-02;LU1608101579;140.1996
2026-09-10;LU1608101579;140.2015
2026-08-25;LU1611731263;88.62
2026-08-26;LU1611731263;88.71
2026-08-27;LU1611731263;88.94
2026-08-28;LU1611731263;89.44
2026-08-31;LU1611731263;89.17
2026-09-03;LU1611731263;87.53
2026-09-11;LU1611731263;86.6
2026-08-25;LU1616932866;209.52
2026-08-26;LU1616932866;210.88
2026-08-27;LU1616932866;209.4
2026-08-28;LU1616932866;210.56
2026-08-31;LU1616932866;209.78
2026-09-03;LU1616932866;209.52
2026-09-10;LU1616932866;205.84
2026-09-11;LU1616932866;206.85
2026-08-25;LU1616932940;171.49
2026-08-26;LU1616932940;172.6
2026-08-27;LU1616932940;171.39
2026-08-28;LU1616932940;172.34
2026-08-31;LU1616932940;171.7
2026-09-03;LU1616932940;171.49
2026-09-10;LU1616932940;168.48
2026-09-11;LU1616932940;169.3
2026-08-24;LU1620156130;239.4046
2026-08-25;LU1620156130;239.0578
2026-08-26;LU1620156130;240.728
2026-08-27;LU1620156130;239.506
2026-08-28;LU1620156130;239.3767
2026-08-31;LU1620156130;238.0678
2026-09-03;LU1620156130;235.7066
2026-09-10;LU1620156130;228.7057
2026-09-11;LU1620156130;230.1857
2026-08-24;LU1623762843;159.14
2026-08-25;LU1623762843;159.28
2026-08-26;LU1623762843;159.14
2026-08-27;LU1623762843;158.97
2026-08-28;LU1623762843;158.74
2026-09-02;LU1623762843;158.15
2026-09-10;LU1623762843;157.27
2026-08-24;LU1625124802;44.99
2026-08-25;LU1625124802;45.09
2026-08-26;LU1625124802;45.1
2026-08-27;LU1625124802;45.12
2026-08-28;LU1625124802;45.13
2026-08-31;LU1625124802;44.84
2026-09-03;LU1625124802;44.7
2026-09-10;LU1625124802;43.26
2026-09-11;LU1625124802;43.52
2026-08-25;LU1642786039;16.36
2026-08-26;LU1642786039;16.41
2026-08-27;LU1642786039;16.39
2026-08-28;LU1642786039;16.36
2026-08-31;LU1642786039;16.47
2026-09-03;LU1642786039;16.42
2026-09-11;LU1642786039;16.16
2026-08-24;LU1644517127;197.57
2026-08-25;LU1644517127;199.39
2026-08-26;LU1644517127;199.42
2026-08-27;LU1644517127;202.33
2026-08-28;LU1644517127;200.3
2026-08-31;LU1644517127;199.8
2026-09-03;LU1644517127;196.21
2026-09-10;LU1644517127;194.01
2026-09-11;LU1644517127;197.19
2026-08-24;LU1646585114;146.94
2026-08-25;LU1646585114;147.82
2026-08-26;LU1646585114;148.74
2026-08-27;LU1646585114;148.7
2026-08-28;LU1646585114;148.45
2026-09-02;LU1646585114;146.88
2026-09-10;LU1646585114;149.44
2026-08-25;LU1646950771;465.3528
2026-08-26;LU1646950771;466.4067
2026-08-27;LU1646950771;464.9366
2026-08-28;LU1646950771;464.0975
2026-08-31;LU1646950771;463.2417
2026-09-03;LU1646950771;461.1286
2026-09-11;LU1646950771;455.6497
2026-08-25;LU1646952801;11.1538
2026-08-26;LU1646952801;11.2011
2026-08-27;LU1646952801;11.1918
2026-08-28;LU1646952801;11.2145
2026-08-31;LU1646952801;11.1982
2026-09-03;LU1646952801;11.1489
2026-09-11;LU1646952801;11.0743
2026-08-25;LU1646952983;2504.9979
2026-08-26;LU1646952983;2505.2203
2026-08-27;LU1646952983;2508.6965
2026-08-28;LU1646952983;2509.948
2026-08-31;LU1646952983;2509.1867
2026-09-03;LU1646952983;2511.4378
2026-09-11;LU1646952983;2478.4283
2026-08-25;LU1646954765;12.7055
2026-08-26;LU1646954765;12.7317
2026-08-27;LU1646954765;12.6973
2026-08-28;LU1646954765;12.7011
2026-08-31;LU1646954765;12.6859
2026-09-03;LU1646954765;12.5992
2026-09-07;LU1646954765;12.651
2026-09-08;LU1646954765;12.632
2026-09-11;LU1646954765;12.53
2026-08-25;LU1650570317;8.6456
2026-08-27;LU1650570317;8.6368
2026-08-28;LU1650570317;8.6362
2026-08-31;LU1650570317;8.6389
2026-09-03;LU1650570317;8.7075
2026-09-11;LU1650570317;8.5638
2026-08-24;LU1653748860;128.35
2026-08-25;LU1653748860;127.98
2026-08-26;LU1653748860;128.35
2026-08-27;LU1653748860;127.27
2026-08-28;LU1653748860;128.03
2026-09-02;LU1653748860;127.73
2026-09-10;LU1653748860;124.29
2026-08-24;LU1654173217;288.37
2026-08-25;LU1654173217;289.38
2026-08-26;LU1654173217;289.71
2026-08-27;LU1654173217;291.21
2026-08-28;LU1654173217;291.07
2026-09-02;LU1654173217;289.59
2026-09-10;LU1654173217;285.8
2026-08-25;LU1665236995;15.2216
2026-08-26;LU1665236995;15.2137
2026-08-27;LU1665236995;15.2132
2026-08-28;LU1665236995;15.224
2026-09-03;LU1665236995;15.0199
2026-09-11;LU1665236995;14.8399
2026-08-25;LU1665237613;13.5166
2026-08-26;LU1665237613;13.5107
2026-08-27;LU1665237613;13.5086
2026-08-28;LU1665237613;13.4787
2026-09-03;LU1665237613;13.3478
2026-09-11;LU1665237613;13.1959
2026-08-25;LU1665237704;17.8752
2026-08-26;LU1665237704;17.8673
2026-08-27;LU1665237704;17.8646
2026-08-28;LU1665237704;17.825
2026-09-03;LU1665237704;17.6519
2026-09-11;LU1665237704;17.451
2026-08-25;LU1670618187;92.3787
2026-08-26;LU1670618187;92.6866
2026-08-27;LU1670618187;92.8694
2026-08-28;LU1670618187;92.7068
2026-09-03;LU1670618187;91.6988
2026-09-11;LU1670618187;92.4043
2026-08-25;LU1670618690;56.3383
2026-08-26;LU1670618690;56.7616
2026-08-27;LU1670618690;56.7853
2026-08-28;LU1670618690;56.6956
2026-09-03;LU1670618690;56.6072
2026-09-11;LU1670618690;56.6011
2026-08-25;LU1670624664;43.7322
2026-08-26;LU1670624664;44.057
2026-08-27;LU1670624664;44.081
2026-08-28;LU1670624664;44.1404
2026-09-03;LU1670624664;43.9069
2026-09-11;LU1670624664;43.8756
2026-08-25;LU1670626446;38.5717
2026-08-26;LU1670626446;38.7629
2026-08-27;LU1670626446;38.7867
2026-08-28;LU1670626446;39.1552
2026-09-03;LU1670626446;39.3332
2026-09-11;LU1670626446;39.5765
2026-08-25;LU1670626792;45.8285
2026-08-26;LU1670626792;45.6412
2026-08-27;LU1670626792;45.9281
2026-08-28;LU1670626792;45.749
2026-09-03;LU1670626792;45.7188
2026-09-11;LU1670626792;44.9287
2026-08-25;LU1670627097;30.6072
2026-08-26;LU1670627097;30.5426
2026-08-27;LU1670627097;30.6751
2026-08-28;LU1670627097;30.645
2026-09-03;LU1670627097;30.5102
2026-09-11;LU1670627097;29.9649
2026-08-25;LU1670627253;51.9515
2026-08-26;LU1670627253;51.727
2026-08-27;LU1670627253;52.0235
2026-08-28;LU1670627253;51.8925
2026-09-03;LU1670627253;51.7573
2026-09-11;LU1670627253;51.2425
2026-08-25;LU1670627410;40.3509
2026-08-26;LU1670627410;40.1787
2026-08-27;LU1670627410;40.3227
2026-08-28;LU1670627410;40.251
2026-09-03;LU1670627410;39.9865
2026-09-11;LU1670627410;39.5539
2026-08-25;LU1670627923;40.7563
2026-08-26;LU1670627923;40.5767
2026-08-27;LU1670627923;40.8145
2026-08-28;LU1670627923;40.831
2026-09-03;LU1670627923;40.5726
2026-09-11;LU1670627923;40.1447
2026-08-25;LU1670629549;18.6773
2026-08-26;LU1670629549;18.6952
2026-08-27;LU1670629549;18.6559
2026-08-28;LU1670629549;18.6347
2026-09-03;LU1670629549;18.5541
2026-09-11;LU1670629549;18.419
2026-08-25;LU1670630042;11.794
2026-08-26;LU1670630042;11.8303
2026-08-27;LU1670630042;11.8061
2026-08-28;LU1670630042;11.8186
2026-09-03;LU1670630042;11.7722
2026-09-11;LU1670630042;11.6945
2026-08-25;LU1670631016;14.1829
2026-08-26;LU1670631016;14.2082
2026-08-27;LU1670631016;14.2013
2026-08-28;LU1670631016;14.1843
2026-09-03;LU1670631016;14.1872
2026-09-11;LU1670631016;14.1366
2026-08-25;LU1670631107;8.3758
2026-08-26;LU1670631107;8.3908
2026-08-27;LU1670631107;8.3867
2026-08-28;LU1670631107;8.3767
2026-09-03;LU1670631107;8.3784
2026-09-11;LU1670631107;8.3485
2026-08-25;LU1670631289;11.7798
2026-08-26;LU1670631289;11.7991
2026-08-27;LU1670631289;11.77
2026-08-28;LU1670631289;11.7645
2026-09-03;LU1670631289;11.7186
2026-09-11;LU1670631289;11.6615
2026-08-25;LU1670631362;6.9501
2026-08-26;LU1670631362;6.9615
2026-08-27;LU1670631362;6.9443
2026-08-28;LU1670631362;6.9411
2026-09-03;LU1670631362;6.9139
2026-09-11;LU1670631362;6.8803
2026-08-25;LU1670631792;11.3187
2026-08-26;LU1670631792;11.3371
2026-08-27;LU1670631792;11.309
2026-08-28;LU1670631792;11.3036
2026-09-03;LU1670631792;11.2584
2026-09-11;LU1670631792;11.2023
2026-08-25;LU1670632337;12.0499
2026-08-26;LU1670632337;12.0952
2026-08-27;LU1670632337;12.066
2026-08-28;LU1670632337;12.0869
2026-09-03;LU1670632337;12.0442
2026-09-11;LU1670632337;11.994
2026-08-25;LU1670632410;7.1154
2026-08-26;LU1670632410;7.1275
2026-08-27;LU1670632410;7.125
2026-08-28;LU1670632410;7.1373
2026-09-03;LU1670632410;7.1121
2026-09-11;LU1670632410;7.0824
2026-08-25;LU1670707527;23.4976
2026-08-26;LU1670707527;23.5153
2026-08-27;LU1670707527;23.3781
2026-08-28;LU1670707527;23.4156
2026-09-03;LU1670707527;23.2737
2026-09-11;LU1670707527;23.0101
2026-08-25;LU1670708335;24.8876
2026-08-26;LU1670708335;24.9703
2026-08-27;LU1670708335;25.0162
2026-08-28;LU1670708335;25.1141
2026-09-03;LU1670708335;24.7489
2026-09-11;LU1670708335;24.6578
2026-08-25;LU1670708509;19.3224
2026-08-26;LU1670708509;19.3847
2026-08-27;LU1670708509;19.3898
2026-08-28;LU1670708509;19.4761
2026-09-03;LU1670708509;19.1209
2026-09-11;LU1670708509;19.0258
2026-08-25;LU1670710075;20.9565
2026-08-26;LU1670710075;20.8879
2026-08-27;LU1670710075;20.9336
2026-08-28;LU1670710075;20.9848
2026-09-03;LU1670710075;20.9412
2026-09-11;LU1670710075;20.7524
2026-08-25;LU1670710158;16.6204
2026-08-26;LU1670710158;16.566
2026-08-27;LU1670710158;16.6022
2026-08-28;LU1670710158;16.6428
2026-09-03;LU1670710158;16.6082
2026-09-11;LU1670710158;16.4585
2026-08-25;LU1670711040;17.874
2026-08-26;LU1670711040;17.8139
2026-08-27;LU1670711040;17.8552
2026-08-28;LU1670711040;17.9513
2026-09-03;LU1670711040;17.8471
2026-09-11;LU1670711040;17.6755
2026-08-25;LU1670715207;57.467
2026-08-26;LU1670715207;57.3652
2026-08-27;LU1670715207;57.3921
2026-08-28;LU1670715207;57.6446
2026-09-03;LU1670715207;56.8897
2026-09-11;LU1670715207;55.9436
2026-08-25;LU1670715629;25.3944
2026-08-26;LU1670715629;25.411
2026-08-27;LU1670715629;25.5492
2026-08-28;LU1670715629;25.6511
2026-09-03;LU1670715629;25.3967
2026-09-11;LU1670715629;25.3342
2026-08-25;LU1670715975;66.2062
2026-08-26;LU1670715975;66.2549
2026-08-27;LU1670715975;66.6068
2026-08-28;LU1670715975;66.6771
2026-09-03;LU1670715975;66.2635
2026-09-11;LU1670715975;66.1404
2026-08-25;LU1670718219;11.944
2026-08-26;LU1670718219;11.9495
2026-08-27;LU1670718219;11.9407
2026-08-28;LU1670718219;11.9365
2026-09-03;LU1670718219;11.9198
2026-09-11;LU1670718219;11.8876
2026-08-25;LU1670718300;8.8574
2026-08-26;LU1670718300;8.8615
2026-08-27;LU1670718300;8.855
2026-08-28;LU1670718300;8.8519
2026-09-03;LU1670718300;8.8395
2026-09-11;LU1670718300;8.8156
2026-08-25;LU1670722161;12.6067
2026-08-26;LU1670722161;12.608
2026-08-27;LU1670722161;12.6102
2026-08-28;LU1670722161;12.612
2026-09-03;LU1670722161;12.6069
2026-09-11;LU1670722161;12.5897
2026-08-25;LU1670722245;7.7844
2026-08-26;LU1670722245;7.7852
2026-08-27;LU1670722245;7.7866
2026-08-28;LU1670722245;7.7877
2026-09-03;LU1670722245;7.7846
2026-09-11;LU1670722245;7.774
2026-08-25;LU1670723136;12.6591
2026-08-26;LU1670723136;12.6871
2026-08-27;LU1670723136;12.6901
2026-08-28;LU1670723136;12.72
2026-09-03;LU1670723136;12.7195
2026-09-11;LU1670723136;12.7111
2026-08-25;LU1670723219;7.8046
2026-08-26;LU1670723219;7.8219
2026-08-27;LU1670723219;7.8238
2026-08-28;LU1670723219;7.8421
2026-09-03;LU1670723219;7.8419
2026-09-11;LU1670723219;7.8366
2026-08-25;LU1670724373;10.7342
2026-08-26;LU1670724373;10.7536
2026-08-27;LU1670724373;10.7284
2026-08-28;LU1670724373;10.7132
2026-09-03;LU1670724373;10.6524
2026-09-11;LU1670724373;10.5384
2026-08-25;LU1670724456;8.064
2026-08-26;LU1670724456;8.0786
2026-08-27;LU1670724456;8.0597
2026-08-28;LU1670724456;8.0482
2026-09-03;LU1670724456;8.0026
2026-09-11;LU1670724456;7.9169
2026-08-25;LU1670725347;10.7722
2026-08-26;LU1670725347;10.7925
2026-08-27;LU1670725347;10.7901
2026-08-28;LU1670725347;10.7983
2026-09-03;LU1670725347;10.7403
2026-09-11;LU1670725347;10.6325
2026-08-25;LU1670725420;8.096
2026-08-26;LU1670725420;8.128
2026-08-27;LU1670725420;8.1096
2026-08-24;LU1683285164;610.5164
2026-08-25;LU1683285164;617.8722
2026-08-26;LU1683285164;614.3999
2026-08-27;LU1683285164;614.8521
2026-08-28;LU1683285164;604.2329
2026-09-02;LU1683285164;608.9258
2026-09-10;LU1683285164;583.5892
2026-08-24;LU1683285321;369.75
2026-08-25;LU1683285321;374.29
2026-08-26;LU1683285321;371.4
2026-08-27;LU1683285321;371.68
2026-08-28;LU1683285321;364.44
2026-09-02;LU1683285321;366.33
2026-09-10;LU1683285321;351.99
2026-08-24;LU1692116392;233.4643
2026-08-25;LU1692116392;234.199
2026-08-26;LU1692116392;235.3096
2026-08-27;LU1692116392;232.9974
2026-08-28;LU1692116392;233.0261
2026-09-02;LU1692116392;230.5769
2026-09-10;LU1692116392;228.0177
2026-08-24;LU1692116715;171.44
2026-08-25;LU1692116715;172.03
2026-08-26;LU1692116715;172.48
2026-08-27;LU1692116715;170.79
2026-08-28;LU1692116715;170.43
2026-09-02;LU1692116715;168.2
2026-09-10;LU1692116715;166.78
2026-08-25;LU1694212348;111.2657
2026-08-26;LU1694212348;111.3002
2026-08-27;LU1694212348;111.2698
2026-08-28;LU1694212348;111.266
2026-09-03;LU1694212348;111.2385
2026-09-11;LU1694212348;111.0118
2026-08-24;LU1694789451;131.65
2026-08-25;LU1694789451;131.79
2026-08-26;LU1694789451;131.76
2026-08-27;LU1694789451;131.7
2026-08-28;LU1694789451;131.53
2026-09-02;LU1694789451;131.53
2026-09-10;LU1694789451;131.21
2026-08-24;LU1695534757;74.88
2026-08-25;LU1695534757;75.04
2026-08-26;LU1695534757;75.0
2026-08-27;LU1695534757;74.95
2026-08-28;LU1695534757;74.98
2026-09-02;LU1695534757;74.57
2026-09-10;LU1695534757;74.1
2026-08-25;LU1698129183;25.04
2026-08-26;LU1698129183;25.15
2026-08-27;LU1698129183;25.14
2026-08-28;LU1698129183;25.29
2026-09-03;LU1698129183;25.18
2026-09-11;LU1698129183;25.03
2026-08-24;LU1700710939;163.57
2026-08-25;LU1700710939;165.67
2026-08-26;LU1700710939;164.86
2026-08-27;LU1700710939;167.2
2026-08-28;LU1700710939;165.79
2026-09-02;LU1700710939;163.03
2026-09-10;LU1700710939;157.06
2026-08-24;LU1700711317;138.9334
2026-08-25;LU1700711317;140.725
2026-08-26;LU1700711317;140.0282
2026-08-27;LU1700711317;142.0224
2026-08-28;LU1700711317;140.8225
2026-09-02;LU1700711317;138.4738
2026-09-10;LU1700711317;133.4102
2026-08-24;LU1704830576;34.44
2026-08-25;LU1704830576;34.89
2026-08-26;LU1704830576;34.95
2026-08-27;LU1704830576;35.76
2026-08-28;LU1704830576;35.15
2026-08-31;LU1704830576;35.19
2026-09-03;LU1704830576;35.12
2026-09-10;LU1704830576;34.94
2026-09-11;LU1704830576;35.34
2026-08-24;LU1705558135;97.6
2026-08-25;LU1705558135;97.82
2026-08-26;LU1705558135;97.73
2026-08-25;LU1706108062;207.2537
2026-08-26;LU1706108062;207.7675
2026-08-27;LU1706108062;206.1552
2026-08-28;LU1706108062;207.0181
2026-08-31;LU1706108062;206.2875
2026-09-03;LU1706108062;203.6974
2026-09-11;LU1706108062;202.9781
2026-08-25;LU1706168710;143.85
2026-08-26;LU1706168710;144.84
2026-08-27;LU1706168710;145.82
2026-08-28;LU1706168710;144.43
2026-08-31;LU1706168710;144.81
2026-09-03;LU1706168710;141.7
2026-09-11;LU1706168710;141.34
2026-08-25;LU1706854152;59.2
2026-08-26;LU1706854152;59.2
2026-08-27;LU1706854152;59.18
2026-08-28;LU1706854152;59.14
2026-08-31;LU1706854152;59.16
2026-09-03;LU1706854152;59.08
2026-09-11;LU1706854152;58.87
2026-08-24;LU1708489858;59.49
2026-08-25;LU1708489858;59.62
2026-08-26;LU1708489858;59.56
2026-08-25;LU1717043670;107.7332
2026-08-26;LU1717043670;107.9644
2026-08-27;LU1717043670;107.9164
2026-08-28;LU1717043670;108.1317
2026-08-31;LU1717043670;108.1868
2026-09-03;LU1717043670;108.2316
2026-09-11;LU1717043670;108.3986
2026-08-24;LU1717118274;209.52
2026-08-25;LU1717118274;208.99
2026-08-26;LU1717118274;210.28
2026-08-27;LU1717118274;210.89
2026-08-28;LU1717118274;210.09
2026-09-02;LU1717118274;205.61
2026-09-10;LU1717118274;203.92
2026-08-21;LU1720111282;127.39
2026-08-25;LU1720111282;127.48
2026-08-26;LU1720111282;127.48
2026-08-27;LU1720111282;127.47
2026-08-28;LU1720111282;127.45
2026-09-02;LU1720111282;127.2
2026-09-09;LU1720111282;126.97
2026-08-21;LU1720111795;99.17
2026-08-25;LU1720111795;99.24
2026-08-26;LU1720111795;99.24
2026-08-27;LU1720111795;99.24
2026-08-28;LU1720111795;99.22
2026-09-02;LU1720111795;99.02
2026-09-09;LU1720111795;98.84
2026-08-24;LU1725200650;210.19
2026-08-25;LU1725200650;210.65
2026-08-26;LU1725200650;210.27
2026-08-27;LU1725200650;210.94
2026-08-28;LU1725200650;210.0
2026-09-02;LU1725200650;210.76
2026-09-10;LU1725200650;218.13
2026-08-25;LU1731833304;11.34
2026-08-26;LU1731833304;11.34
2026-08-27;LU1731833304;11.34
2026-08-28;LU1731833304;11.33
2026-08-31;LU1731833304;11.33
2026-09-03;LU1731833304;11.32
2026-09-11;LU1731833304;11.27
2026-08-25;LU1731833486;9.101
2026-08-26;LU1731833486;9.099
2026-08-27;LU1731833486;9.1
2026-08-28;LU1731833486;9.094
2026-08-31;LU1731833486;9.092
2026-09-03;LU1731833486;9.085
2026-09-11;LU1731833486;9.042
2026-08-25;LU1740661167;109.56
2026-08-26;LU1740661167;109.58
2026-08-27;LU1740661167;109.58
2026-08-28;LU1740661167;109.62
2026-09-03;LU1740661167;109.57
2026-09-11;LU1740661167;109.55
2026-08-24;LU1740847006;14.52
2026-08-26;LU1740847006;14.54
2026-08-27;LU1740847006;14.55
2026-08-28;LU1740847006;14.6
2026-08-31;LU1740847006;14.57
2026-09-03;LU1740847006;14.55
2026-09-11;LU1740847006;14.54
2026-08-24;LU1746180204;22.7248
2026-08-25;LU1746180204;22.8299
2026-08-26;LU1746180204;22.8099
2026-08-27;LU1746180204;22.8776
2026-08-28;LU1746180204;22.8659
2026-08-31;LU1746180204;22.7714
2026-09-03;LU1746180204;22.7863
2026-09-10;LU1746180204;22.4513
2026-09-11;LU1746180204;22.5165
2026-08-24;LU1751454437;23.0276
2026-08-25;LU1751454437;23.3431
2026-08-26;LU1751454437;23.5103
2026-08-27;LU1751454437;23.7818
2026-08-28;LU1751454437;23.4781
2026-08-31;LU1751454437;23.4959
2026-09-03;LU1751454437;23.404
2026-09-11;LU1751454437;23.8161
2026-08-25;LU1762219332;11.66
2026-08-26;LU1762219332;11.78
2026-08-27;LU1762219332;11.92
2026-08-28;LU1762219332;11.92
2026-08-31;LU1762219332;11.88
2026-09-03;LU1762219332;11.67
2026-09-11;LU1762219332;11.89
2026-08-25;LU1762220934;18.7325
2026-08-26;LU1762220934;18.7454
2026-08-27;LU1762220934;18.8218
2026-08-28;LU1762220934;18.8021
2026-08-31;LU1762220934;18.7844
2026-09-03;LU1762220934;18.5033
2026-09-11;LU1762220934;18.0119
2026-08-25;LU1769938041;487.17
2026-08-26;LU1769938041;489.67
2026-08-27;LU1769938041;483.54
2026-08-28;LU1769938041;485.68
2026-09-03;LU1769938041;484.11
2026-09-11;LU1769938041;470.84
2026-08-25;LU1769941003;436.11
2026-08-26;LU1769941003;438.53
2026-08-27;LU1769941003;436.54
2026-08-28;LU1769941003;437.01
2026-09-03;LU1769941003;438.36
2026-09-11;LU1769941003;425.47
2026-08-25;LU1769942159;288.167
2026-08-26;LU1769942159;289.7974
2026-08-27;LU1769942159;289.2399
2026-08-28;LU1769942159;290.8235
2026-09-03;LU1769942159;298.4634
2026-09-11;LU1769942159;291.8906
2026-08-24;LU1770034509;18.15
2026-08-25;LU1770034509;18.17
2026-08-26;LU1770034509;18.29
2026-08-27;LU1770034509;18.4
2026-08-28;LU1770034509;18.34
2026-09-03;LU1770034509;18.02
2026-09-10;LU1770034509;17.7
2026-09-11;LU1770034509;17.59
2026-08-25;LU1770377700;22.04
2026-08-26;LU1770377700;22.06
2026-08-27;LU1770377700;22.14
2026-08-28;LU1770377700;22.27
2026-08-31;LU1770377700;22.01
2026-09-03;LU1770377700;21.94
2026-09-11;LU1770377700;22.12
2026-08-24;LU1774149998;239.65
2026-08-25;LU1774149998;240.13
2026-08-26;LU1774149998;240.54
2026-08-27;LU1774149998;240.86
2026-08-28;LU1774149998;241.46
2026-08-31;LU1774149998;240.35
2026-09-03;LU1774149998;241.75
2026-09-10;LU1774149998;235.02
2026-09-11;LU1774149998;236.82
2026-08-25;LU1775949628;17.0272
2026-08-26;LU1775949628;17.1386
2026-08-27;LU1775949628;17.2505
2026-08-28;LU1775949628;17.2876
2026-08-31;LU1775949628;17.2606
2026-09-03;LU1775949628;17.178
2026-09-11;LU1775949628;17.1509
2026-08-25;LU1775950477;14.26
2026-08-26;LU1775950477;14.36
2026-08-27;LU1775950477;14.45
2026-08-28;LU1775950477;14.44
2026-08-31;LU1775950477;14.48
2026-09-03;LU1775950477;14.4
2026-09-11;LU1775950477;14.39
2026-08-25;LU1775951525;15.4076
2026-08-26;LU1775951525;15.5104
2026-08-27;LU1775951525;15.6104
2026-08-28;LU1775951525;15.6441
2026-08-31;LU1775951525;15.625
2026-09-03;LU1775951525;15.5428
2026-09-11;LU1775951525;15.5236
2026-08-25;LU1775963454;128.4967
2026-08-26;LU1775963454;129.6364
2026-08-27;LU1775963454;130.5593
2026-08-28;LU1775963454;130.9782
2026-08-31;LU1775963454;130.9054
2026-09-03;LU1775963454;130.9433
2026-09-11;LU1775963454;131.8348
2026-08-25;LU1775967950;23.68
2026-08-26;LU1775967950;23.72
2026-08-27;LU1775967950;23.72
2026-08-28;LU1775967950;23.73
2026-08-31;LU1775967950;23.71
2026-09-03;LU1775967950;23.65
2026-09-11;LU1775967950;23.49
2026-08-25;LU1775968339;5.84
2026-08-26;LU1775968339;5.85
2026-08-27;LU1775968339;5.85
2026-08-28;LU1775968339;5.86
2026-08-31;LU1775968339;5.85
2026-09-03;LU1775968339;5.8
2026-09-11;LU1775968339;5.76
2026-08-25;LU1775969659;8.5522
2026-08-26;LU1775969659;8.587
2026-08-27;LU1775969659;8.5866
2026-08-28;LU1775969659;8.6137
2026-08-31;LU1775969659;8.6088
2026-09-03;LU1775969659;8.2792
2026-09-11;LU1775969659;8.2225
2026-08-25;LU1775979708;17.7113
2026-08-26;LU1775979708;17.6996
2026-08-27;LU1775979708;17.5641
2026-08-28;LU1775979708;17.5564
2026-08-31;LU1775979708;17.5778
2026-09-03;LU1775979708;17.3713
2026-09-11;LU1775979708;17.1709
2026-08-25;LU1775980201;21.8
2026-08-26;LU1775980201;21.77
2026-08-27;LU1775980201;21.62
2026-08-28;LU1775980201;21.57
2026-08-31;LU1775980201;21.62
2026-09-03;LU1775980201;21.35
2026-09-11;LU1775980201;21.13
2026-08-25;LU1775980979;6.607
2026-08-26;LU1775980979;6.6119
2026-08-27;LU1775980979;6.596
2026-08-28;LU1775980979;6.5967
2026-08-31;LU1775980979;6.5958
2026-09-03;LU1775980979;6.5536
2026-09-11;LU1775980979;6.5082
2026-08-25;LU1775981274;2.8707
2026-08-26;LU1775981274;2.8728
2026-08-25;LU1775982595;195.1487
2026-08-26;LU1775982595;195.4657
2026-08-25;LU1777971893;32.25
2026-08-26;LU1777971893;32.43
2026-08-27;LU1777971893;32.56
2026-08-28;LU1777971893;32.79
2026-08-31;LU1777971893;32.33
2026-09-03;LU1777971893;32.17
2026-09-11;LU1777971893;32.23
2026-08-25;LU1785488757;20.66
2026-08-26;LU1785488757;20.72
2026-08-27;LU1785488757;20.71
2026-08-28;LU1785488757;20.82
2026-09-03;LU1785488757;20.66
2026-09-11;LU1785488757;20.5
2026-08-25;LU1797806400;32.3444
2026-08-26;LU1797806400;32.4639
2026-08-27;LU1797806400;32.5025
2026-08-28;LU1797806400;32.8689
2026-09-03;LU1797806400;32.208
2026-09-11;LU1797806400;31.88
2026-08-24;LU1799936510;129.62
2026-08-25;LU1799936510;129.64
2026-08-26;LU1799936510;129.63
2026-08-27;LU1799936510;129.7
2026-08-28;LU1799936510;129.67
2026-09-02;LU1799936510;129.83
2026-09-10;LU1799936510;129.82
2026-08-24;LU1803069274;20.68
2026-08-25;LU1803069274;20.94
2026-08-26;LU1803069274;20.79
2026-08-27;LU1803069274;20.71
2026-08-28;LU1803069274;20.07
2026-08-31;LU1803069274;20.08
2026-09-03;LU1803069274;20.47
2026-09-10;LU1803069274;19.45
2026-09-11;LU1803069274;19.41
2026-08-24;LU1804833579;23.3781
2026-08-25;LU1804833579;23.6957
2026-08-26;LU1804833579;23.8126
2026-08-27;LU1804833579;24.08
2026-08-28;LU1804833579;23.7209
2026-08-31;LU1804833579;23.7279
2026-09-03;LU1804833579;23.6358
2026-09-10;LU1804833579;23.9533
2026-09-11;LU1804833579;24.038
2026-08-25;LU1807408304;10.77
2026-08-26;LU1807408304;10.77
2026-08-27;LU1807408304;10.77
2026-08-28;LU1807408304;10.77
2026-08-31;LU1807408304;10.75
2026-09-03;LU1807408304;10.75
2026-09-11;LU1807408304;10.7
2026-08-25;LU1807426207;111.208
2026-08-26;LU1807426207;111.2237
2026-08-27;LU1807426207;111.3842
2026-08-28;LU1807426207;111.0979
2026-08-31;LU1807426207;110.7996
2026-09-03;LU1807426207;110.5117
2026-09-08;LU1807426207;111.8211
2026-09-11;LU1807426207;111.253
2026-08-24;LU1809976522;710.3363
2026-08-25;LU1809976522;711.558
2026-08-26;LU1809976522;711.8971
2026-08-27;LU1809976522;714.7378
2026-08-28;LU1809976522;714.5864
2026-09-02;LU1809976522;704.7352
2026-09-10;LU1809976522;699.8099
2026-08-24;LU1809978817;253.7515
2026-08-25;LU1809978817;254.1213
2026-08-26;LU1809978817;254.7776
2026-08-27;LU1809978817;255.8064
2026-08-28;LU1809978817;256.3162
2026-09-02;LU1809978817;253.4181
2026-09-10;LU1809978817;251.0092
2026-08-24;LU1811048138;199.74
2026-08-25;LU1811048138;199.3
2026-08-26;LU1811048138;198.1
2026-08-27;LU1811048138;199.98
2026-08-28;LU1811048138;199.54
2026-09-02;LU1811048138;198.51
2026-09-10;LU1811048138;186.87
2026-08-24;LU1815336091;11.9672
2026-08-25;LU1818765064;128.5111
2026-08-26;LU1818765064;128.8287
2026-08-27;LU1818765064;128.7919
2026-08-28;LU1818765064;129.0705
2026-09-03;LU1818765064;129.0855
2026-09-11;LU1818765064;128.9184
2026-08-24;LU1819480192;287.92
2026-08-25;LU1819480192;290.32
2026-08-26;LU1819480192;292.64
2026-08-27;LU1819480192;298.11
2026-08-28;LU1819480192;295.58
2026-09-02;LU1819480192;286.62
2026-09-10;LU1819480192;294.56
2026-08-24;LU1819948784;109.75
2026-08-25;LU1819948784;109.82
2026-08-26;LU1819948784;109.77
2026-08-27;LU1819948784;109.76
2026-08-28;LU1819948784;109.71
2026-09-02;LU1819948784;109.62
2026-09-10;LU1819948784;109.4
2026-08-24;LU1820809421;14.9092
2026-08-25;LU1820809421;14.9212
2026-08-26;LU1820809421;14.9336
2026-08-27;LU1820809421;14.877
2026-08-28;LU1820809421;14.9632
2026-08-31;LU1820809421;14.8822
2026-09-03;LU1820809421;14.9043
2026-09-04;LU1820809421;14.8599
2026-09-10;LU1820809421;14.6903
2026-09-11;LU1820809421;14.7125
2026-08-24;LU1820809694;14.9028
2026-08-25;LU1820809694;14.93
2026-08-26;LU1820809694;14.9432
2026-08-27;LU1820809694;14.8814
2026-08-28;LU1820809694;14.9187
2026-08-31;LU1820809694;14.8815
2026-09-03;LU1820809694;14.9183
2026-09-04;LU1820809694;14.8579
2026-09-10;LU1820809694;14.6675
2026-09-11;LU1820809694;14.6896
2026-08-25;LU1822773716;35.44
2026-08-26;LU1822773716;35.6
2026-08-27;LU1822773716;36.08
2026-08-28;LU1822773716;36.31
2026-08-31;LU1822773716;35.98
2026-09-03;LU1822773716;35.35
2026-09-11;LU1822773716;36.41
2026-08-25;LU1822773807;19.74
2026-08-26;LU1822773807;19.86
2026-08-27;LU1822773807;19.77
2026-08-28;LU1822773807;19.85
2026-08-31;LU1822773807;19.52
2026-09-03;LU1822773807;19.28
2026-09-11;LU1822773807;19.43
2026-08-25;LU1822774284;16.72
2026-08-26;LU1822774284;16.64
2026-08-27;LU1822774284;16.44
2026-08-28;LU1822774284;16.36
2026-08-31;LU1822774284;16.15
2026-09-03;LU1822774284;16.42
2026-09-11;LU1822774284;15.78
2026-08-25;LU1822851884;168.3
2026-08-26;LU1822851884;168.99
2026-08-27;LU1822851884;169.83
2026-08-28;LU1822851884;169.2
2026-08-31;LU1822851884;167.09
2026-09-03;LU1822851884;162.23
2026-09-11;LU1822851884;159.82
2026-08-24;LU1829331633;10.489
2026-08-25;LU1829331633;10.4925
2026-08-26;LU1829331633;10.4878
2026-08-27;LU1829331633;10.4912
2026-08-28;LU1829331633;10.4862
2026-09-02;LU1829331633;10.4782
2026-09-10;LU1829331633;10.4653
2026-08-24;LU1829331807;10.335
2026-08-24;LU1829334579;12.1891
2026-08-25;LU1829334579;12.1922
2026-08-26;LU1829334579;12.1894
2026-08-27;LU1829334579;12.1917
2026-08-28;LU1829334579;12.1869
2026-09-02;LU1829334579;12.154
2026-09-10;LU1829334579;12.0929
2026-08-24;LU1829334819;3.0273
2026-08-25;LU1829334819;3.0442
2026-08-26;LU1829334819;3.0568
2026-08-27;LU1829334819;3.0439
2026-08-28;LU1829334819;3.0629
2026-09-02;LU1829334819;3.0091
2026-09-10;LU1829334819;2.9514
2026-08-25;LU1831875890;128.1964
2026-08-26;LU1831875890;128.8686
2026-08-27;LU1831875890;128.4639
2026-08-28;LU1831875890;128.5332
2026-08-31;LU1831875890;128.795
2026-09-03;LU1831875890;127.1757
2026-09-11;LU1831875890;123.6853
2026-08-25;LU1832115528;151.13
2026-08-26;LU1832115528;150.45
2026-08-27;LU1832115528;148.6
2026-08-28;LU1832115528;147.73
2026-08-31;LU1832115528;146.18
2026-09-03;LU1832115528;148.75
2026-09-11;LU1832115528;143.36
2026-08-25;LU1832969650;35.54
2026-08-26;LU1832969650;35.55
2026-08-27;LU1832969650;35.54
2026-08-28;LU1832969650;35.54
2026-08-31;LU1832969650;35.55
2026-09-03;LU1832969650;35.52
2026-09-11;LU1832969650;35.5
2026-08-24;LU1833929729;288.257
2026-08-25;LU1833929729;289.46
2026-08-26;LU1833929729;290.813
2026-08-27;LU1833929729;292.298
2026-08-28;LU1833929729;291.509
2026-09-02;LU1833929729;291.325
2026-09-08;LU1833929729;291.763
2026-08-24;LU1833932780;218.4892
2026-08-25;LU1833932780;220.0108
2026-08-24;LU1834054899;23.45
2026-08-25;LU1834054899;23.59
2026-08-26;LU1834054899;23.34
2026-08-27;LU1834054899;23.17
2026-08-28;LU1834054899;23.02
2026-08-31;LU1834054899;22.92
2026-09-03;LU1834054899;23.38
2026-09-10;LU1834054899;22.18
2026-09-11;LU1834054899;22.13
2026-08-24;LU1834769124;161.01
2026-08-25;LU1834769124;161.89
2026-08-26;LU1834769124;161.66
2026-08-27;LU1834769124;162.1
2026-08-28;LU1834769124;161.99
2026-09-02;LU1834769124;159.49
2026-09-10;LU1834769124;155.59
2026-08-24;LU1835818565;282.47
2026-08-26;LU1835818565;282.52
2026-08-27;LU1835818565;282.52
2026-08-28;LU1835818565;282.55
2026-08-31;LU1835818565;282.64
2026-09-03;LU1835818565;282.73
2026-09-11;LU1835818565;282.92
2026-08-24;LU1838941372;164.86
2026-08-25;LU1838941372;164.87
2026-08-26;LU1838941372;164.88
2026-08-27;LU1838941372;164.92
2026-08-28;LU1838941372;164.93
2026-09-02;LU1838941372;164.94
2026-09-10;LU1838941372;165.04
2026-08-25;LU1841614867;37.66
2026-08-26;LU1841614867;37.58
2026-08-27;LU1841614867;37.99
2026-08-28;LU1841614867;38.31
2026-08-31;LU1841614867;37.87
2026-09-03;LU1841614867;37.9
2026-09-11;LU1841614867;37.51
2026-08-25;LU1842103472;7.104
2026-08-25;LU1842711845;39.0246
2026-08-26;LU1842711845;39.0417
2026-08-27;LU1842711845;39.0347
2026-08-28;LU1842711845;39.3425
2026-08-31;LU1842711845;39.0237
2026-09-03;LU1842711845;38.7193
2026-09-11;LU1842711845;37.8061
2026-08-25;LU1848873714;10.684
2026-08-26;LU1848873714;10.8197
2026-08-27;LU1848873714;10.9276
2026-08-28;LU1848873714;10.8484
2026-08-31;LU1848873714;10.8595
2026-09-03;LU1848873714;10.6506
2026-09-11;LU1848873714;10.528
2026-08-25;LU1850104735;179.263
2026-08-26;LU1850104735;179.5372
2026-08-27;LU1850104735;179.4417
2026-08-28;LU1850104735;179.3139
2026-08-31;LU1850104735;178.9421
2026-09-03;LU1850104735;178.3826
2026-09-11;LU1850104735;177.3968
2026-08-24;LU1857098336;104.06
2026-08-25;LU1857098336;104.21
2026-08-26;LU1857098336;104.18
2026-08-27;LU1857098336;104.13
2026-08-28;LU1857098336;103.96
2026-09-02;LU1857098336;103.78
2026-09-10;LU1857098336;103.35
2026-08-24;LU1860979399;158.9
2026-08-25;LU1860979399;159.51
2026-08-26;LU1860979399;159.83
2026-08-27;LU1860979399;159.21
2026-08-28;LU1860979399;159.48
2026-09-02;LU1860979399;157.09
2026-09-04;LU1860979399;158.16
2026-09-07;LU1860979399;157.96
2026-09-10;LU1860979399;155.28
2026-08-25;LU1860996138;22.56
2026-08-26;LU1860996138;22.67
2026-08-27;LU1860996138;22.73
2026-08-28;LU1860996138;22.81
2026-08-31;LU1860996138;22.46
2026-09-03;LU1860996138;22.35
2026-09-11;LU1860996138;22.29
2026-08-25;LU1861215975;28.87
2026-08-26;LU1861215975;29.2213
2026-08-27;LU1861215975;29.6925
2026-08-28;LU1861215975;29.8425
2026-08-31;LU1861215975;29.3388
2026-09-03;LU1861215975;28.5554
2026-09-11;LU1861215975;29.7386
2026-08-25;LU1861216510;27.69
2026-08-26;LU1861216510;28.02
2026-08-27;LU1861216510;28.4
2026-08-28;LU1861216510;28.48
2026-08-31;LU1861216510;27.99
2026-09-03;LU1861216510;27.25
2026-09-11;LU1861216510;28.35
2026-08-25;LU1863263346;307.35
2026-08-26;LU1863263346;309.59
2026-08-27;LU1863263346;313.0
2026-08-28;LU1863263346;312.4
2026-08-31;LU1863263346;311.03
2026-09-03;LU1863263346;305.75
2026-09-11;LU1863263346;307.64
2026-08-24;LU1864481467;299.6393
2026-08-25;LU1864481467;303.1904
2026-08-26;LU1864481467;300.9915
2026-08-27;LU1864481467;299.5779
2026-08-28;LU1864481467;295.1893
2026-09-02;LU1864481467;297.7436
2026-09-10;LU1864481467;282.6959
2026-08-24;LU1864481624;251.65
2026-08-25;LU1864481624;254.7
2026-08-26;LU1864481624;252.32
2026-08-27;LU1864481624;251.13
2026-08-28;LU1864481624;246.89
2026-09-02;LU1864481624;248.4
2026-09-10;LU1864481624;236.46
2026-08-24;LU1864484214;291.2
2026-08-25;LU1864484214;294.65
2026-08-26;LU1864484214;292.52
2026-08-27;LU1864484214;291.14
2026-08-28;LU1864484214;286.88
2026-09-02;LU1864484214;289.36
2026-09-10;LU1864484214;274.74
2026-08-25;LU1864666240;18.89
2026-08-26;LU1864666240;19.02
2026-08-27;LU1864666240;18.8
2026-08-28;LU1864666240;18.95
2026-08-31;LU1864666240;18.88
2026-09-03;LU1864666240;19.07
2026-09-11;LU1864666240;19.05
2026-08-24;LU1864950479;22.5479
2026-08-25;LU1864950479;22.612
2026-08-26;LU1864950479;22.6514
2026-08-27;LU1864950479;22.6056
2026-08-28;LU1864950479;22.4478
2026-09-02;LU1864950479;22.2913
2026-09-10;LU1864950479;21.7862
2026-08-24;LU1864950719;19.6553
2026-08-25;LU1864950719;19.711
2026-08-26;LU1864950719;19.7455
2026-08-27;LU1864950719;19.7055
2026-08-28;LU1864950719;19.5681
2026-09-02;LU1864950719;19.4316
2026-09-10;LU1864950719;18.9912
2026-08-24;LU1864952335;15.5538
2026-08-25;LU1864952335;15.7107
2026-08-26;LU1864952335;15.8148
2026-08-27;LU1864952335;15.7706
2026-08-28;LU1864952335;15.8426
2026-09-02;LU1864952335;15.4903
2026-09-10;LU1864952335;15.4275
2026-08-24;LU1864953143;19.5061
2026-08-25;LU1864953143;19.618
2026-08-26;LU1864953143;19.7189
2026-08-27;LU1864953143;19.6576
2026-08-28;LU1864953143;19.6855
2026-09-02;LU1864953143;19.4932
2026-09-10;LU1864953143;19.1575
2026-08-24;LU1864953499;15.2745
2026-08-25;LU1864953499;15.3622
2026-08-26;LU1864953499;15.4412
2026-08-27;LU1864953499;15.3931
2026-08-28;LU1864953499;15.415
2026-09-02;LU1864953499;15.2644
2026-09-10;LU1864953499;15.0015
2026-08-25;LU1873127366;10971.58
2026-08-26;LU1873127366;10972.32
2026-08-27;LU1873127366;10972.68
2026-08-28;LU1873127366;10974.11
2026-08-31;LU1873127366;10975.0
2026-09-03;LU1873127366;10976.51
2026-09-11;LU1873127366;10981.15
2026-08-25;LU1873127879;10939.88
2026-08-26;LU1873127879;10940.6
2026-08-27;LU1873127879;10940.95
2026-08-28;LU1873127879;10942.32
2026-08-31;LU1873127879;10943.2
2026-09-03;LU1873127879;10944.66
2026-09-11;LU1873127879;10949.14
2026-08-24;LU1873130741;10422.0075
2026-08-25;LU1873130741;10419.8146
2026-08-26;LU1873130741;10442.3416
2026-08-27;LU1873130741;10442.7739
2026-08-28;LU1873130741;10467.5276
2026-08-31;LU1873130741;10473.1303
2026-09-03;LU1873130741;10472.8676
2026-09-10;LU1873130741;10471.7542
2026-09-11;LU1873130741;10485.9369
2026-08-24;LU1873131392;10096.7124
2026-08-25;LU1873131392;10094.584
2026-08-26;LU1873131392;10116.3876
2026-08-27;LU1873131392;10116.7922
2026-08-28;LU1873131392;10140.7317
2026-08-31;LU1873131392;10146.1423
2026-09-03;LU1873131392;10145.8492
2026-09-10;LU1873131392;10144.6742
2026-09-11;LU1873131392;10158.3733
2026-08-24;LU1873132101;10072.7711
2026-08-25;LU1873132101;10070.6071
2026-08-26;LU1873132101;10092.3097
2026-08-27;LU1873132101;10092.7412
2026-08-28;LU1873132101;10117.1968
2026-08-31;LU1873132101;10122.4509
2026-09-03;LU1873132101;10122.1133
2026-09-10;LU1873132101;10121.0417
2026-09-11;LU1873132101;10135.5226
2026-08-24;LU1873132523;10041.4065
2026-08-25;LU1873132523;10039.2434
2026-08-26;LU1873132523;10060.8641
2026-08-27;LU1873132523;10061.2799
2026-08-28;LU1873132523;10085.6161
2026-08-31;LU1873132523;10090.848
2026-09-03;LU1873132523;10090.4597
2026-09-10;LU1873132523;10089.2909
2026-09-11;LU1873132523;10103.6832
2026-08-24;LU1878469607;18.9592
2026-08-25;LU1878469607;19.0178
2026-08-26;LU1878469607;19.0105
2026-08-27;LU1878469607;18.9704
2026-08-28;LU1878469607;18.7972
2026-09-02;LU1878469607;18.6188
2026-09-10;LU1878469607;18.2415
2026-08-24;LU1880398125;129.57
2026-08-25;LU1880398125;129.93
2026-08-26;LU1880398125;130.26
2026-08-27;LU1880398125;130.73
2026-08-28;LU1880398125;130.2
2026-08-31;LU1880398125;129.74
2026-09-03;LU1880398125;130.64
2026-09-10;LU1880398125;128.39
2026-09-11;LU1880398125;129.12
2026-08-24;LU1880401101;52.68
2026-08-26;LU1880401101;52.91
2026-08-27;LU1880401101;52.9
2026-08-28;LU1880401101;52.83
2026-08-31;LU1880401101;52.79
2026-09-03;LU1880401101;52.74
2026-09-11;LU1880401101;52.13
2026-08-24;LU1880401366;46.95
2026-08-26;LU1880401366;47.07
2026-08-27;LU1880401366;47.06
2026-08-28;LU1880401366;46.9
2026-08-31;LU1880401366;46.83
2026-09-03;LU1880401366;46.79
2026-09-11;LU1880401366;46.21
2026-08-24;LU1880401523;46.5626
2026-08-26;LU1880401523;46.6684
2026-08-27;LU1880401523;46.754
2026-08-28;LU1880401523;46.6913
2026-08-31;LU1880401523;46.6511
2026-09-03;LU1880401523;46.6112
2026-09-11;LU1880401523;46.0716
2026-08-24;LU1880402687;4.5825
2026-08-26;LU1880402687;4.5931
2026-08-27;LU1880402687;4.6016
2026-08-28;LU1880402687;4.596
2026-08-31;LU1880402687;4.5919
2026-09-03;LU1880402687;4.5871
2026-09-11;LU1880402687;4.534
2026-08-25;LU1881477043;198.89
2026-08-26;LU1881477043;199.56
2026-08-27;LU1881477043;200.92
2026-08-28;LU1881477043;202.81
2026-08-31;LU1881477043;204.7
2026-09-03;LU1881477043;206.96
2026-09-11;LU1881477043;212.36
2026-08-24;LU1882439323;65.61
2026-08-25;LU1882439323;65.69
2026-08-26;LU1882439323;65.6
2026-08-27;LU1882439323;65.59
2026-08-28;LU1882439323;65.55
2026-08-31;LU1882439323;65.38
2026-09-03;LU1882439323;65.46
2026-09-07;LU1882439323;65.44
2026-09-10;LU1882439323;64.99
2026-09-11;LU1882439323;64.97
2026-08-24;LU1882441816;7.21
2026-08-26;LU1882441816;7.23
2026-08-27;LU1882441816;7.23
2026-08-31;LU1882441816;7.25
2026-09-03;LU1882441816;7.25
2026-09-11;LU1882441816;7.25
2026-08-24;LU1882441907;7.2175
2026-08-26;LU1882441907;7.2303
2026-08-27;LU1882441907;7.2299
2026-08-31;LU1882441907;7.2486
2026-09-03;LU1882441907;7.2464
2026-09-11;LU1882441907;7.2495
2026-08-24;LU1882449801;21.02
2026-08-26;LU1882449801;21.12
2026-08-27;LU1882449801;21.13
2026-08-28;LU1882449801;21.18
2026-08-31;LU1882449801;21.16
2026-09-03;LU1882449801;21.18
2026-09-11;LU1882449801;21.0
2026-08-24;LU1882450056;60.38
2026-08-26;LU1882450056;60.54
2026-08-27;LU1882450056;60.58
2026-08-28;LU1882450056;60.58
2026-08-31;LU1882450056;60.51
2026-09-03;LU1882450056;60.56
2026-09-11;LU1882450056;60.02
2026-08-24;LU1882450304;20.9926
2026-08-26;LU1882450304;21.0811
2026-08-27;LU1882450304;21.0973
2026-08-28;LU1882450304;21.1427
2026-08-31;LU1882450304;21.126
2026-09-03;LU1882450304;21.1454
2026-09-11;LU1882450304;20.9737
2026-08-24;LU1883311224;110.07
2026-08-25;LU1883311224;110.29
2026-08-26;LU1883311224;110.29
2026-08-27;LU1883311224;109.28
2026-08-28;LU1883311224;109.86
2026-08-31;LU1883311224;109.02
2026-09-03;LU1883311224;108.82
2026-09-10;LU1883311224;106.16
2026-09-11;LU1883311224;106.7
2026-08-24;LU1883311653;68.52
2026-08-25;LU1883311653;68.65
2026-08-26;LU1883311653;68.65
2026-08-27;LU1883311653;68.03
2026-08-28;LU1883311653;68.38
2026-08-31;LU1883311653;67.87
2026-09-03;LU1883311653;67.74
2026-09-10;LU1883311653;66.09
2026-09-11;LU1883311653;66.42
2026-08-24;LU1883314244;230.46
2026-08-25;LU1883314244;230.66
2026-08-26;LU1883314244;230.42
2026-08-27;LU1883314244;227.63
2026-08-28;LU1883314244;229.52
2026-08-31;LU1883314244;228.67
2026-09-03;LU1883314244;229.47
2026-09-10;LU1883314244;223.96
2026-09-11;LU1883314244;224.99
2026-08-24;LU1883314756;230.7727
2026-08-25;LU1883314756;230.9855
2026-08-26;LU1883314756;230.7413
2026-08-27;LU1883314756;227.9485
2026-08-28;LU1883314756;229.8336
2026-08-31;LU1883314756;228.9855
2026-09-03;LU1883314756;229.7941
2026-09-10;LU1883314756;224.2768
2026-09-11;LU1883314756;225.3039
2026-08-24;LU1883318740;540.05
2026-08-25;LU1883318740;541.49
2026-08-26;LU1883318740;544.68
2026-08-27;LU1883318740;541.34
2026-08-28;LU1883318740;541.44
2026-08-31;LU1883318740;538.37
2026-09-03;LU1883318740;541.45
2026-09-10;LU1883318740;525.83
2026-09-11;LU1883318740;530.49
2026-08-24;LU1883320993;180.4
2026-08-25;LU1883320993;180.99
2026-08-26;LU1883320993;181.46
2026-08-27;LU1883320993;181.22
2026-08-28;LU1883320993;181.58
2026-08-31;LU1883320993;181.09
2026-09-03;LU1883320993;181.54
2026-09-10;LU1883320993;178.2
2026-09-11;LU1883320993;179.65
2026-08-24;LU1883321298;83.39
2026-08-25;LU1883321298;83.66
2026-08-26;LU1883321298;83.88
2026-08-27;LU1883321298;83.77
2026-08-28;LU1883321298;83.93
2026-08-31;LU1883321298;83.7
2026-09-03;LU1883321298;83.91
2026-09-10;LU1883321298;82.37
2026-09-11;LU1883321298;83.04
2026-08-24;LU1883327816;150.04
2026-08-25;LU1883327816;150.51
2026-08-26;LU1883327816;150.42
2026-08-27;LU1883327816;150.4
2026-08-28;LU1883327816;150.47
2026-08-31;LU1883327816;149.84
2026-09-03;LU1883327816;150.09
2026-09-07;LU1883327816;150.08
2026-09-10;LU1883327816;147.75
2026-09-11;LU1883327816;148.1
2026-08-24;LU1883329432;73.25
2026-08-25;LU1883329432;73.47
2026-08-26;LU1883329432;73.37
2026-08-27;LU1883329432;73.32
2026-08-28;LU1883329432;73.27
2026-08-31;LU1883329432;73.0
2026-09-03;LU1883329432;73.11
2026-09-04;LU1883329432;73.05
2026-09-07;LU1883329432;73.0
2026-09-10;LU1883329432;72.06
2026-09-11;LU1883329432;72.17
2026-08-24;LU1883330521;97.01
2026-08-25;LU1883330521;97.21
2026-08-26;LU1883330521;97.4
2026-08-27;LU1883330521;97.42
2026-08-28;LU1883330521;97.51
2026-08-31;LU1883330521;97.22
2026-09-03;LU1883330521;97.11
2026-09-04;LU1883330521;97.13
2026-09-07;LU1883330521;97.11
2026-09-10;LU1883330521;96.15
2026-09-11;LU1883330521;96.31
2026-08-24;LU1883330950;50.33
2026-08-25;LU1883330950;50.43
2026-08-26;LU1883330950;50.53
2026-08-27;LU1883330950;50.54
2026-08-28;LU1883330950;50.59
2026-08-31;LU1883330950;50.44
2026-09-03;LU1883330950;50.38
2026-09-04;LU1883330950;50.39
2026-09-07;LU1883330950;50.38
2026-09-10;LU1883330950;49.88
2026-09-11;LU1883330950;49.97
2026-08-24;LU1883334275;74.8
2026-08-26;LU1883334275;74.89
2026-08-27;LU1883334275;74.87
2026-08-28;LU1883334275;74.77
2026-08-31;LU1883334275;74.74
2026-09-03;LU1883334275;74.55
2026-09-11;LU1883334275;73.79
2026-08-24;LU1883340322;134.18
2026-08-25;LU1883340322;134.53
2026-08-26;LU1883340322;134.47
2026-08-27;LU1883340322;134.16
2026-08-28;LU1883340322;134.3
2026-08-31;LU1883340322;133.92
2026-09-03;LU1883340322;134.77
2026-09-04;LU1883340322;134.47
2026-09-07;LU1883340322;134.39
2026-09-10;LU1883340322;132.68
2026-09-11;LU1883340322;133.5
2026-08-24;LU1883340595;92.62
2026-08-25;LU1883340595;92.89
2026-08-26;LU1883340595;92.65
2026-08-27;LU1883340595;92.43
2026-08-28;LU1883340595;92.32
2026-08-31;LU1883340595;92.03
2026-09-03;LU1883340595;92.61
2026-09-04;LU1883340595;92.37
2026-09-07;LU1883340595;92.44
2026-09-10;LU1883340595;91.22
2026-09-11;LU1883340595;91.62
2026-08-24;LU1883342377;272.85
2026-08-25;LU1883342377;273.58
2026-08-26;LU1883342377;274.74
2026-08-27;LU1883342377;275.71
2026-08-28;LU1883342377;275.13
2026-08-31;LU1883342377;274.55
2026-09-03;LU1883342377;276.94
2026-09-10;LU1883342377;272.35
2026-09-11;LU1883342377;274.29
2026-08-24;LU1883841022;11.62
2026-08-26;LU1883841022;11.67
2026-08-27;LU1883841022;11.67
2026-08-28;LU1883841022;11.66
2026-08-31;LU1883841022;11.65
2026-09-03;LU1883841022;11.66
2026-09-11;LU1883841022;11.54
2026-08-24;LU1883841295;84.91
2026-08-26;LU1883841295;85.13
2026-08-27;LU1883841295;85.1
2026-08-28;LU1883841295;84.88
2026-08-31;LU1883841295;84.76
2026-09-03;LU1883841295;84.78
2026-09-11;LU1883841295;83.87
2026-08-24;LU1883841378;38.82
2026-08-26;LU1883841378;38.92
2026-08-27;LU1883841378;38.9
2026-08-28;LU1883841378;38.8
2026-08-31;LU1883841378;38.75
2026-09-03;LU1883841378;38.76
2026-09-11;LU1883841378;38.34
2026-08-24;LU1883841451;25.18
2026-08-26;LU1883841451;25.24
2026-08-27;LU1883841451;25.23
2026-08-28;LU1883841451;25.17
2026-08-31;LU1883841451;25.13
2026-09-03;LU1883841451;25.02
2026-09-11;LU1883841451;24.75
2026-08-24;LU1883841535;11.6321
2026-08-24;LU1883854199;635.97
2026-08-26;LU1883854199;639.05
2026-08-27;LU1883854199;641.14
2026-08-28;LU1883854199;641.11
2026-08-31;LU1883854199;635.51
2026-09-03;LU1883854199;635.58
2026-09-11;LU1883854199;627.77
2026-08-24;LU1883854272;233.73
2026-08-25;LU1883854272;235.3
2026-08-26;LU1883854272;234.43
2026-08-27;LU1883854272;235.19
2026-08-28;LU1883854272;234.66
2026-08-31;LU1883854272;232.5
2026-09-03;LU1883854272;232.52
2026-09-10;LU1883854272;226.34
2026-09-11;LU1883854272;229.5
2026-08-24;LU1883854355;636.5579
2026-08-26;LU1883854355;638.3186
2026-08-27;LU1883854355;641.7367
2026-08-28;LU1883854355;641.6995
2026-08-31;LU1883854355;636.0956
2026-09-03;LU1883854355;636.1617
2026-09-11;LU1883854355;628.3505
2026-08-24;LU1883859230;26.04
2026-08-26;LU1883859230;26.19
2026-08-27;LU1883859230;26.49
2026-08-28;LU1883859230;26.35
2026-08-31;LU1883859230;26.26
2026-09-03;LU1883859230;26.43
2026-09-11;LU1883859230;26.19
2026-08-24;LU1883859404;26.0586
2026-08-26;LU1883859404;26.1989
2026-08-27;LU1883859404;26.4982
2026-08-28;LU1883859404;26.366
2026-08-31;LU1883859404;26.2741
2026-09-03;LU1883859404;26.4382
2026-09-11;LU1883859404;26.1999
2026-08-24;LU1883861137;15.6
2026-08-26;LU1883861137;15.66
2026-08-27;LU1883861137;15.67
2026-08-28;LU1883861137;15.68
2026-08-31;LU1883861137;15.68
2026-09-03;LU1883861137;15.68
2026-09-11;LU1883861137;15.6
2026-08-24;LU1883861483;15.6094
2026-08-26;LU1883861483;15.6627
2026-08-27;LU1883861483;15.6705
2026-08-28;LU1883861483;15.6871
2026-08-31;LU1883861483;15.6852
2026-09-03;LU1883861483;15.6891
2026-09-11;LU1883861483;15.6011
2026-08-24;LU1883868819;14.79
2026-08-24;LU1883872332;28.41
2026-08-26;LU1883872332;28.56
2026-08-27;LU1883872332;28.95
2026-08-28;LU1883872332;28.77
2026-08-31;LU1883872332;28.69
2026-09-03;LU1883872332;28.84
2026-09-11;LU1883872332;28.54
2026-08-24;LU1883872415;28.4158
2026-08-26;LU1883872415;28.5604
2026-08-27;LU1883872415;28.954
2026-08-28;LU1883872415;28.7755
2026-08-31;LU1883872415;28.6931
2026-09-03;LU1883872415;28.8394
2026-09-11;LU1883872415;28.5418
2026-08-25;LU1885668399;260.6781
2026-08-26;LU1885668399;262.1263
2026-08-27;LU1885668399;265.575
2026-08-28;LU1885668399;265.4329
2026-08-31;LU1885668399;263.3174
2026-09-03;LU1885668399;259.3737
2026-09-11;LU1885668399;260.7594
2026-08-25;LU1891311356;208.01
2026-08-26;LU1891311356;208.43
2026-08-27;LU1891311356;207.91
2026-08-28;LU1891311356;208.7
2026-08-31;LU1891311356;206.88
2026-09-03;LU1891311356;206.24
2026-09-10;LU1891311356;203.06
2026-09-11;LU1891311356;204.82
2026-08-24;LU1891750868;115.26
2026-08-25;LU1891750868;115.29
2026-08-26;LU1891750868;115.24
2026-08-27;LU1891750868;115.27
2026-08-28;LU1891750868;115.26
2026-09-02;LU1891750868;115.18
2026-09-10;LU1891750868;115.14
2026-08-25;LU1892829828;15.17
2026-08-26;LU1892829828;15.25
2026-08-27;LU1892829828;15.14
2026-08-28;LU1892829828;15.15
2026-08-31;LU1892829828;15.14
2026-09-03;LU1892829828;14.95
2026-09-11;LU1892829828;14.66
2026-08-25;LU1892830248;12.92
2026-08-26;LU1892830248;12.96
2026-08-27;LU1892830248;12.87
2026-08-28;LU1892830248;12.82
2026-08-31;LU1892830248;12.83
2026-09-03;LU1892830248;12.67
2026-09-11;LU1892830248;12.4
2026-08-25;LU1893896479;2.336
2026-08-26;LU1893896479;2.3462
2026-08-27;LU1893896479;2.3494
2026-09-03;LU1893896479;2.3293
2026-09-11;LU1893896479;2.3238
2026-08-25;LU1893896552;2.7124
2026-08-26;LU1893896552;2.7289
2026-08-27;LU1893896552;2.7329
2026-08-28;LU1893896552;2.7421
2026-08-31;LU1893896552;2.7213
2026-09-03;LU1893896552;2.7171
2026-09-11;LU1893896552;2.7149
2026-08-25;LU1893896636;2.383
2026-08-26;LU1893896636;2.3983
2026-08-27;LU1893896636;2.4019
2026-08-28;LU1893896636;2.4134
2026-08-31;LU1893896636;2.3864
2026-09-03;LU1893896636;2.3875
2026-09-11;LU1893896636;2.3837
2026-08-24;LU1894682704;314.74
2026-08-26;LU1894682704;314.68
2026-08-27;LU1894682704;314.05
2026-08-28;LU1894682704;315.89
2026-08-31;LU1894682704;314.84
2026-09-03;LU1894682704;317.8
2026-09-11;LU1894682704;311.66
2026-08-24;LU1897556517;366.92
2026-08-25;LU1897556517;370.09
2026-08-26;LU1897556517;370.24
2026-08-27;LU1897556517;375.13
2026-08-28;LU1897556517;371.35
2026-09-02;LU1897556517;366.04
2026-09-10;LU1897556517;356.96
2026-08-24;LU1897607013;123.3668
2026-08-25;LU1897607013;123.7578
2026-08-26;LU1897607013;123.9619
2026-08-27;LU1897607013;124.0249
2026-08-28;LU1897607013;124.3007
2026-09-02;LU1897607013;123.9829
2026-09-10;LU1897607013;123.357
2026-08-24;LU1897613763;122.58
2026-08-25;LU1897613763;123.0
2026-08-26;LU1897613763;122.95
2026-08-27;LU1897613763;123.0
2026-08-28;LU1897613763;123.0
2026-09-02;LU1897613763;122.39
2026-09-10;LU1897613763;122.06
2026-08-24;LU1897616436;113.44
2026-08-25;LU1897616436;113.83
2026-08-25;LU1900799617;12.8533
2026-08-26;LU1900799617;12.864
2026-08-27;LU1900799617;12.8704
2026-08-28;LU1900799617;12.8778
2026-09-03;LU1900799617;12.793
2026-09-08;LU1900799617;12.7984
2026-09-11;LU1900799617;12.6443
2026-08-24;LU1902444584;104.05
2026-08-25;LU1902444584;104.25
2026-08-26;LU1902444584;104.2
2026-08-27;LU1902444584;104.09
2026-08-28;LU1902444584;103.89
2026-09-02;LU1902444584;103.36
2026-09-10;LU1902444584;102.42
2026-08-24;LU1904671556;206.36
2026-08-25;LU1904671556;207.33
2026-08-26;LU1904671556;207.59
2026-08-27;LU1904671556;206.25
2026-08-28;LU1904671556;207.2
2026-09-02;LU1904671556;204.53
2026-09-10;LU1904671556;202.2
2026-08-25;LU1905620776;38.42
2026-08-26;LU1905620776;38.44
2026-08-27;LU1905620776;38.35
2026-08-28;LU1905620776;38.57
2026-08-31;LU1905620776;38.24
2026-09-03;LU1905620776;37.95
2026-09-11;LU1905620776;37.02
2026-08-24;LU1908333054;11.52
2026-08-25;LU1908333054;11.53
2026-08-26;LU1908333054;11.54
2026-08-27;LU1908333054;11.54
2026-08-28;LU1908333054;11.54
2026-08-31;LU1908333054;11.54
2026-09-03;LU1908333054;11.58
2026-09-04;LU1908333054;11.6
2026-09-10;LU1908333054;11.6
2026-09-11;LU1908333054;11.64
2026-08-24;LU1908333138;10.96
2026-08-25;LU1908333138;10.97
2026-08-26;LU1908333138;10.99
2026-08-27;LU1908333138;10.99
2026-08-28;LU1908333138;10.98
2026-08-31;LU1908333138;10.99
2026-09-03;LU1908333138;11.02
2026-09-04;LU1908333138;11.04
2026-09-10;LU1908333138;11.05
2026-09-11;LU1908333138;11.08
2026-08-25;LU1910162970;181.4554
2026-08-26;LU1910162970;181.5978
2026-08-27;LU1910162970;180.9959
2026-08-28;LU1910162970;181.4746
2026-08-31;LU1910162970;180.9865
2026-09-03;LU1910162970;178.4307
2026-09-11;LU1910162970;177.1992
2026-08-24;LU1910254660;24.63
2026-08-25;LU1910254660;24.64
2026-08-26;LU1910254660;24.65
2026-08-27;LU1910254660;24.64
2026-08-28;LU1910254660;24.76
2026-09-03;LU1910254660;24.67
2026-09-04;LU1910254660;24.7
2026-09-07;LU1910254660;24.67
2026-09-10;LU1910254660;24.53
2026-09-11;LU1910254660;24.6
2026-08-24;LU1910254744;17.52
2026-08-25;LU1910254744;17.53
2026-08-26;LU1910254744;17.54
2026-08-27;LU1910254744;17.53
2026-08-28;LU1910254744;17.54
2026-09-03;LU1910254744;17.47
2026-09-04;LU1910254744;17.5
2026-09-07;LU1910254744;17.47
2026-09-10;LU1910254744;17.38
2026-09-11;LU1910254744;17.42
2026-08-24;LU1914597502;11.05
2026-08-26;LU1914597502;11.06
2026-08-27;LU1914597502;11.05
2026-08-28;LU1914597502;11.04
2026-08-31;LU1914597502;11.02
2026-09-03;LU1914597502;11.0
2026-09-11;LU1914597502;10.91
2026-08-24;LU1914599201;22.04
2026-08-25;LU1914599201;22.1
2026-08-26;LU1914599201;22.06
2026-08-27;LU1914599201;22.07
2026-08-28;LU1914599201;22.15
2026-08-31;LU1914599201;21.94
2026-09-03;LU1914599201;21.97
2026-09-10;LU1914599201;21.31
2026-09-11;LU1914599201;21.49
2026-08-24;LU1914905929;19.3325
2026-08-25;LU1914905929;19.3735
2026-08-26;LU1914905929;19.3987
2026-08-27;LU1914905929;19.3854
2026-08-28;LU1914905929;19.3431
2026-09-02;LU1914905929;19.1561
2026-09-10;LU1914905929;19.0146
2026-08-25;LU1915690595;119.8676
2026-08-26;LU1915690595;119.9987
2026-08-27;LU1915690595;119.9054
2026-08-28;LU1915690595;119.815
2026-09-03;LU1915690595;119.6083
2026-09-11;LU1915690595;118.5539
2026-08-25;LU1917164938;37.75
2026-08-26;LU1917164938;38.28
2026-08-27;LU1917164938;38.81
2026-08-28;LU1917164938;38.95
2026-08-31;LU1917164938;38.43
2026-09-03;LU1917164938;37.33
2026-09-11;LU1917164938;38.9
2026-08-24;LU1919842267;252.02
2026-08-25;LU1919842267;253.78
2026-08-26;LU1919842267;254.84
2026-08-27;LU1919842267;258.63
2026-08-28;LU1919842267;257.56
2026-09-02;LU1919842267;252.03
2026-09-10;LU1919842267;251.53
2026-08-24;LU1925356468;1.1687
2026-08-25;LU1925356468;1.1683
2026-08-26;LU1925356468;1.1668
2026-08-28;LU1925356468;1.1681
2026-09-02;LU1925356468;1.1649
2026-09-10;LU1925356468;1.1634
2026-08-24;LU1929549837;12.58
2026-08-25;LU1929549837;12.58
2026-08-26;LU1929549837;12.62
2026-08-27;LU1929549837;12.62
2026-08-28;LU1929549837;12.69
2026-08-31;LU1929549837;12.66
2026-09-03;LU1929549837;12.69
2026-09-04;LU1929549837;12.73
2026-09-10;LU1929549837;12.74
2026-09-11;LU1929549837;12.79
2026-08-21;LU1931956285;88.9234
2026-08-24;LU1931956285;88.3934
2026-08-25;LU1931956285;87.8867
2026-08-27;LU1931956285;88.193
2026-09-01;LU1931956285;88.8931
2026-09-09;LU1931956285;90.8474
2026-08-24;LU1931957093;83.74
2026-08-25;LU1931957093;83.29
2026-08-26;LU1931957093;82.92
2026-08-27;LU1931957093;83.4
2026-08-28;LU1931957093;82.75
2026-09-02;LU1931957093;83.92
2026-09-09;LU1931957093;85.85
2026-08-24;LU1939256001;40.06
2026-08-25;LU1939256001;39.96
2026-08-26;LU1939256001;40.18
2026-08-27;LU1939256001;40.26
2026-08-24;LU1941681956;112.47
2026-08-25;LU1941681956;112.85
2026-08-26;LU1941681956;112.81
2026-08-27;LU1941681956;112.78
2026-08-28;LU1941681956;112.56
2026-08-31;LU1941681956;112.28
2026-09-03;LU1941681956;112.3
2026-09-04;LU1941681956;112.38
2026-09-07;LU1941681956;112.18
2026-09-10;LU1941681956;110.65
2026-09-11;LU1941681956;110.95
2026-08-21;LU1956160276;108.63
2026-08-24;LU1956163379;630.74
2026-08-26;LU1956163379;633.91
2026-08-27;LU1956163379;637.11
2026-08-28;LU1956163379;635.16
2026-08-31;LU1956163379;632.66
2026-09-03;LU1956163379;639.07
2026-09-11;LU1956163379;629.27
2026-08-24;LU1964705062;10.23
2026-08-26;LU1964705062;10.26
2026-08-27;LU1964705062;10.25
2026-08-28;LU1964705062;10.22
2026-08-31;LU1964705062;10.21
2026-09-03;LU1964705062;10.2
2026-09-11;LU1964705062;10.1
2026-08-25;LU1965927921;112.06
2026-08-26;LU1965927921;112.07
2026-08-27;LU1965927921;112.08
2026-08-28;LU1965927921;112.1
2026-08-31;LU1965927921;112.11
2026-09-03;LU1965927921;112.13
2026-09-11;LU1965927921;112.2
2026-08-24;LU1966822527;172.32
2026-08-25;LU1966822527;172.01
2026-08-26;LU1966822527;172.24
2026-08-27;LU1966822527;170.93
2026-08-28;LU1966822527;172.03
2026-09-02;LU1966822527;170.55
2026-09-04;LU1966822527;171.58
2026-09-07;LU1966822527;171.07
2026-09-10;LU1966822527;169.48
2026-08-24;LU1966822956;131.23
2026-08-25;LU1966822956;131.28
2026-08-26;LU1966822956;131.27
2026-08-27;LU1966822956;131.05
2026-08-28;LU1966822956;130.99
2026-09-02;LU1966822956;130.36
2026-09-04;LU1966822956;130.72
2026-09-07;LU1966822956;130.62
2026-09-10;LU1966822956;129.66
2026-08-24;LU1975717056;241.92
2026-08-25;LU1975717056;240.01
2026-08-26;LU1975717056;239.42
2026-08-27;LU1975717056;239.77
2026-08-28;LU1975717056;243.28
2026-09-02;LU1975717056;239.86
2026-09-10;LU1975717056;237.34
2026-08-24;LU1979271860;122.4956
2026-08-25;LU1979271860;122.5481
2026-08-26;LU1979271860;122.8439
2026-08-27;LU1979271860;122.5587
2026-08-28;LU1979271860;122.5293
2026-09-02;LU1979271860;122.3433
2026-09-10;LU1979271860;121.915
2026-08-25;LU1983261782;48.1423
2026-08-26;LU1983261782;48.3651
2026-08-27;LU1983261782;48.2653
2026-08-28;LU1983261782;48.4811
2026-08-31;LU1983261782;47.8563
2026-09-03;LU1983261782;47.7988
2026-09-11;LU1983261782;47.0875
2026-08-25;LU1983262087;58.03
2026-08-26;LU1983262087;58.29
2026-08-27;LU1983262087;58.05
2026-08-28;LU1983262087;58.18
2026-08-31;LU1983262087;57.39
2026-09-03;LU1983262087;57.33
2026-09-11;LU1983262087;56.43
2026-08-25;LU1984220373;190.16
2026-08-26;LU1984220373;193.15
2026-08-27;LU1984220373;194.17
2026-08-28;LU1984220373;194.47
2026-08-31;LU1984220373;193.88
2026-09-03;LU1984220373;192.09
2026-09-11;LU1984220373;193.86
2026-08-25;LU1984712320;54.02
2026-08-26;LU1984712320;54.36
2026-08-27;LU1984712320;54.14
2026-08-28;LU1984712320;54.31
2026-08-31;LU1984712320;53.79
2026-09-03;LU1984712320;53.62
2026-09-11;LU1984712320;52.86
2026-08-24;LU1984948874;138.99
2026-08-25;LU1984948874;139.04
2026-08-26;LU1984948874;139.05
2026-08-27;LU1984948874;139.2
2026-08-28;LU1984948874;138.94
2026-09-02;LU1984948874;139.03
2026-09-10;LU1984948874;138.83
2026-08-24;LU1985811865;25.28
2026-08-25;LU1985811865;25.27
2026-08-26;LU1985811865;25.31
2026-08-27;LU1985811865;25.03
2026-08-28;LU1985811865;25.02
2026-08-31;LU1985811865;25.02
2026-08-25;LU1992126992;205.05
2026-08-26;LU1992126992;205.56
2026-08-27;LU1992126992;206.06
2026-08-28;LU1992126992;207.77
2026-08-31;LU1992126992;207.75
2026-09-03;LU1992126992;205.12
2026-09-11;LU1992126992;203.43
2026-08-25;LU1997244873;151.69
2026-08-26;LU1997244873;152.81
2026-08-27;LU1997244873;154.99
2026-08-28;LU1997244873;153.67
2026-08-31;LU1997244873;154.55
2026-09-03;LU1997244873;151.08
2026-09-11;LU1997244873;149.63
2026-08-25;LU1997245177;14.0283
2026-08-26;LU1997245177;14.1356
2026-08-27;LU1997245177;14.3391
2026-08-28;LU1997245177;14.242
2026-08-31;LU1997245177;14.2677
2026-09-03;LU1997245177;13.9633
2026-09-11;LU1997245177;13.8235
2026-08-24;LU1998907197;28.26
2026-08-25;LU1998907197;28.36
2026-08-26;LU1998907197;28.32
2026-08-27;LU1998907197;28.38
2026-08-28;LU1998907197;28.56
2026-08-31;LU1998907197;28.36
2026-09-03;LU1998907197;28.59
2026-09-10;LU1998907197;27.97
2026-09-11;LU1998907197;28.19
2026-08-25;LU2000522420;80.08
2026-08-26;LU2000522420;81.37
2026-08-27;LU2000522420;81.74
2026-08-28;LU2000522420;81.08
2026-08-31;LU2000522420;80.65
2026-09-03;LU2000522420;79.31
2026-09-11;LU2000522420;77.29
2026-08-25;LU2002383896;116.79
2026-08-26;LU2002383896;116.84
2026-08-27;LU2002383896;116.84
2026-08-28;LU2002383896;116.86
2026-09-03;LU2002383896;116.61
2026-09-11;LU2002383896;116.15
2026-08-25;LU2004361643;13.2054
2026-08-26;LU2004361643;13.2298
2026-08-27;LU2004361643;13.1778
2026-08-28;LU2004361643;13.1805
2026-09-03;LU2004361643;13.0568
2026-09-11;LU2004361643;12.9364
2026-08-25;LU2008162690;14.7478
2026-08-26;LU2008162690;14.804
2026-08-27;LU2008162690;14.7518
2026-08-28;LU2008162690;14.818
2026-08-31;LU2008162690;14.6522
2026-09-03;LU2008162690;14.6219
2026-09-11;LU2008162690;14.3269
2026-08-24;LU2013745885;95.6967
2026-08-25;LU2013745885;95.4192
2026-08-26;LU2013745885;95.6935
2026-08-27;LU2013745885;94.8905
2026-08-28;LU2013745885;95.4564
2026-09-02;LU2013745885;95.2428
2026-09-10;LU2013745885;92.6725
2026-08-25;LU2016064201;151.9878
2026-08-26;LU2016064201;151.2093
2026-08-27;LU2016064201;152.885
2026-08-28;LU2016064201;153.6066
2026-08-31;LU2016064201;150.4856
2026-09-03;LU2016064201;148.2776
2026-09-11;LU2016064201;147.9934
2026-08-25;LU2016064623;150.1136
2026-08-26;LU2016064623;149.3241
2026-08-27;LU2016064623;151.0437
2026-08-28;LU2016064623;151.482
2026-08-31;LU2016064623;148.2812
2026-09-03;LU2016064623;145.8646
2026-09-11;LU2016064623;144.3783
2026-08-24;LU2020674094;15.378
2026-08-25;LU2020674094;15.429
2026-08-26;LU2020674094;15.442
2026-08-24;LU2020674334;14.0
2026-08-25;LU2020674334;13.986
2026-08-26;LU2020674334;13.921
2026-08-25;LU2022034933;173.8308
2026-08-26;LU2022034933;173.9644
2026-08-27;LU2022034933;173.385
2026-08-28;LU2022034933;173.8407
2026-08-31;LU2022034933;173.3646
2026-09-03;LU2022034933;170.9081
2026-09-11;LU2022034933;169.7061
2026-08-24;LU2027379788;142.42
2026-08-25;LU2027379788;143.06
2026-08-26;LU2027379788;142.92
2026-08-25;LU2038515610;21.63
2026-08-26;LU2038515610;21.69
2026-08-27;LU2038515610;21.68
2026-08-28;LU2038515610;21.8
2026-09-03;LU2038515610;21.63
2026-09-11;LU2038515610;21.47
2026-08-25;LU2041044178;11.71
2026-08-26;LU2041044178;11.82
2026-08-27;LU2041044178;11.74
2026-08-28;LU2041044178;11.84
2026-08-31;LU2041044178;11.73
2026-09-03;LU2041044178;11.43
2026-09-11;LU2041044178;11.59
2026-08-25;LU2050612402;118.6077
2026-08-24;LU2050929277;21.1331
2026-08-26;LU2050929277;21.3009
2026-08-27;LU2050929277;21.4452
2026-08-28;LU2050929277;21.4515
2026-08-31;LU2050929277;21.2988
2026-09-03;LU2050929277;21.2552
2026-09-10;LU2050929277;20.9941
2026-09-11;LU2050929277;21.0889
2026-08-24;LU2050929863;21.124
2026-08-26;LU2050929863;21.3146
2026-08-27;LU2050929863;21.4516
2026-08-28;LU2050929863;21.3878
2026-08-31;LU2050929863;21.2978
2026-09-03;LU2050929863;21.2753
2026-09-10;LU2050929863;20.9616
2026-09-11;LU2050929863;21.0562
2026-08-25;LU2053353079;126.69
2026-08-26;LU2053353079;127.04
2026-08-27;LU2053353079;126.47
2026-08-28;LU2053353079;125.61
2026-08-31;LU2053353079;122.96
2026-09-03;LU2053353079;124.95
2026-09-11;LU2053353079;118.81
2026-08-25;LU2057292596;19.0818
2026-08-26;LU2057292596;19.0961
2026-08-27;LU2057292596;18.9847
2026-08-28;LU2057292596;19.0151
2026-09-03;LU2057292596;18.8999
2026-09-11;LU2057292596;18.6858
2026-08-24;LU2061961145;291.1687
2026-08-25;LU2061961145;294.8778
2026-08-26;LU2061961145;295.122
2026-08-27;LU2061961145;300.5093
2026-08-28;LU2061961145;292.4491
2026-09-02;LU2061961145;288.0179
2026-09-10;LU2061961145;292.4596
2026-08-24;LU2066958385;5017.35
2026-08-25;LU2066958385;5034.49
2026-08-26;LU2066958385;5042.99
2026-08-27;LU2066958385;5040.49
2026-08-28;LU2066958385;5065.52
2026-09-02;LU2066958385;4953.99
2026-09-10;LU2066958385;4787.25
2026-08-25;LU2068251110;14.16
2026-08-26;LU2068251110;14.17
2026-08-27;LU2068251110;14.23
2026-08-28;LU2068251110;14.26
2026-08-31;LU2068251110;14.36
2026-09-03;LU2068251110;14.39
2026-09-11;LU2068251110;14.35
2026-08-24;LU2070308726;119.21
2026-08-26;LU2070308726;119.84
2026-08-27;LU2070308726;121.48
2026-08-28;LU2070308726;120.7
2026-08-31;LU2070308726;120.37
2026-09-03;LU2070308726;120.99
2026-09-11;LU2070308726;119.74
2026-08-24;LU2070309294;53.1
2026-08-25;LU2070309294;53.26
2026-08-26;LU2070309294;53.32
2026-08-27;LU2070309294;53.31
2026-08-28;LU2070309294;53.29
2026-09-02;LU2070309294;53.22
2026-09-10;LU2070309294;52.75
2026-08-24;LU2075344551;12.731
2026-08-25;LU2075344551;12.7462
2026-08-26;LU2075344551;12.7384
2026-08-27;LU2075344551;12.7114
2026-08-28;LU2075344551;12.7031
2026-09-02;LU2075344551;12.6588
2026-09-04;LU2075344551;12.6677
2026-09-07;LU2075344551;12.6512
2026-09-10;LU2075344551;12.5387
2026-08-24;LU2075344635;10.0277
2026-08-25;LU2075344635;10.0396
2026-08-26;LU2075344635;10.0335
2026-08-27;LU2075344635;10.0122
2026-08-28;LU2075344635;10.0056
2026-09-02;LU2075344635;9.9708
2026-09-04;LU2075344635;9.9778
2026-09-07;LU2075344635;9.9648
2026-09-10;LU2075344635;9.8762
2026-08-25;LU2080993616;107.3094
2026-08-26;LU2080993616;107.3678
2026-08-27;LU2080993616;107.2271
2026-08-28;LU2080993616;107.1148
2026-08-31;LU2080993616;106.9523
2026-09-03;LU2080993616;106.7646
2026-09-11;LU2080993616;105.9496
2026-08-25;LU2081629425;106.77
2026-08-26;LU2081629425;106.84
2026-08-27;LU2081629425;106.73
2026-08-28;LU2081629425;106.67
2026-08-31;LU2081629425;106.34
2026-09-03;LU2081629425;106.13
2026-09-11;LU2081629425;105.17
2026-08-25;LU2087590274;12.32
2026-08-26;LU2087590274;12.43
2026-08-27;LU2087590274;12.46
2026-08-28;LU2087590274;12.5
2026-08-31;LU2087590274;12.4
2026-09-03;LU2087590274;12.23
2026-09-11;LU2087590274;12.45
2026-08-24;LU2091212550;106.97
2026-08-25;LU2091212550;107.14
2026-08-26;LU2091212550;107.1
2026-08-27;LU2091212550;107.06
2026-08-28;LU2091212550;106.88
2026-09-02;LU2091212550;106.6
2026-09-10;LU2091212550;105.96
2026-08-25;LU2091933452;99.38
2026-08-26;LU2091933452;99.65
2026-08-27;LU2091933452;99.2
2026-08-28;LU2091933452;98.52
2026-08-31;LU2091933452;96.44
2026-09-03;LU2091933452;97.99
2026-09-11;LU2091933452;93.15
2026-08-24;LU2092176515;2092.06
2026-08-25;LU2092176515;2106.82
2026-08-26;LU2092176515;2113.56
2026-08-27;LU2092176515;2177.87
2026-08-28;LU2092176515;2158.58
2026-09-02;LU2092176515;2100.43
2026-09-10;LU2092176515;2062.86
2026-08-24;LU2092758726;213.61
2026-08-25;LU2092758726;215.01
2026-08-26;LU2092758726;216.18
2026-08-27;LU2092758726;218.65
2026-08-28;LU2092758726;215.85
2026-09-02;LU2092758726;212.46
2026-09-10;LU2092758726;211.18
2026-08-25;LU2095450123;11034.72
2026-08-26;LU2095450123;11036.2
2026-08-27;LU2095450123;11036.36
2026-08-28;LU2095450123;11037.19
2026-08-31;LU2095450123;11038.24
2026-09-03;LU2095450123;11039.15
2026-09-11;LU2095450123;11040.04
2026-08-25;LU2095450636;11005.73
2026-08-26;LU2095450636;11007.19
2026-08-27;LU2095450636;11007.34
2026-08-28;LU2095450636;11008.12
2026-08-31;LU2095450636;11009.16
2026-09-03;LU2095450636;11010.02
2026-09-11;LU2095450636;11010.75
2026-08-24;LU2098772366;179.78
2026-08-25;LU2098772366;179.79
2026-08-26;LU2098772366;179.81
2026-08-27;LU2098772366;179.8
2026-08-28;LU2098772366;179.71
2026-09-02;LU2098772366;179.58
2026-09-10;LU2098772366;179.3
2026-08-25;LU2104925693;16.73
2026-08-26;LU2104925693;16.78
2026-08-27;LU2104925693;16.77
2026-08-28;LU2104925693;16.87
2026-09-03;LU2104925693;16.59
2026-09-11;LU2104925693;16.62
2026-08-25;LU2131365186;74.56
2026-08-26;LU2131365186;75.74
2026-08-27;LU2131365186;76.24
2026-08-28;LU2131365186;75.66
2026-08-31;LU2131365186;75.59
2026-09-03;LU2131365186;74.23
2026-09-11;LU2131365186;72.44
2026-08-24;LU2145461757;92.89
2026-08-25;LU2145461757;94.43
2026-08-26;LU2145461757;95.9
2026-08-27;LU2145461757;96.55
2026-08-28;LU2145461757;93.69
2026-09-02;LU2145461757;92.09
2026-09-10;LU2145461757;92.43
2026-08-24;LU2145461914;91.9593
2026-08-25;LU2145461914;93.4825
2026-08-26;LU2145461914;94.9465
2026-08-27;LU2145461914;95.586
2026-08-28;LU2145461914;92.7544
2026-09-02;LU2145461914;91.1715
2026-09-10;LU2145461914;91.5029
2026-08-24;LU2145463613;517.71
2026-08-25;LU2145463613;527.21
2026-08-26;LU2145463613;532.02
2026-08-27;LU2145463613;537.1
2026-08-28;LU2145463613;521.36
2026-09-02;LU2145463613;508.84
2026-09-10;LU2145463613;512.14
2026-08-24;LU2145463704;517.657
2026-08-25;LU2145463704;527.1491
2026-08-26;LU2145463704;531.9561
2026-08-27;LU2145463704;537.0403
2026-08-28;LU2145463704;521.3056
2026-09-02;LU2145463704;508.7837
2026-09-10;LU2145463704;512.081
2026-08-24;LU2145465402;244.27
2026-08-25;LU2145465402;245.99
2026-08-26;LU2145465402;247.14
2026-08-27;LU2145465402;250.3
2026-08-28;LU2145465402;245.35
2026-09-02;LU2145465402;243.77
2026-09-10;LU2145465402;237.45
2026-08-24;LU2145465584;208.7943
2026-08-25;LU2145465584;210.2649
2026-08-26;LU2145465584;211.2488
2026-08-27;LU2145465584;213.9523
2026-08-28;LU2145465584;209.7235
2026-09-02;LU2145465584;208.3662
2026-09-10;LU2145465584;202.9662
2026-08-24;LU2146190751;572.9908
2026-08-25;LU2146190751;574.9586
2026-08-26;LU2146190751;579.2231
2026-08-27;LU2146190751;579.96
2026-08-28;LU2146190751;575.6033
2026-09-02;LU2146190751;562.9547
2026-09-10;LU2146190751;551.9051
2026-08-24;LU2146190835;579.82
2026-08-25;LU2146190835;581.82
2026-08-26;LU2146190835;586.13
2026-08-27;LU2146190835;586.88
2026-08-28;LU2146190835;582.47
2026-09-02;LU2146190835;569.67
2026-09-10;LU2146190835;558.49
2026-08-24;LU2146191130;562.6509
2026-08-25;LU2146191130;564.5969
2026-08-26;LU2146191130;568.7771
2026-08-27;LU2146191130;569.4977
2026-08-28;LU2146191130;565.226
2026-09-02;LU2146191130;552.7997
2026-09-10;LU2146191130;541.9485
2026-08-24;LU2147879543;781.48
2026-08-25;LU2147879543;781.99
2026-08-26;LU2147879543;782.36
2026-08-27;LU2147879543;782.53
2026-08-28;LU2147879543;783.08
2026-09-02;LU2147879543;776.74
2026-09-04;LU2147879543;779.35
2026-09-07;LU2147879543;779.46
2026-09-10;LU2147879543;770.53
2026-08-24;LU2155808491;115.6
2026-08-26;LU2155808491;115.53
2026-08-28;LU2155808491;114.97
2026-08-31;LU2155808491;115.02
2026-09-02;LU2155808491;115.08
2026-09-10;LU2155808491;115.26
2026-08-25;LU2162004548;139.24
2026-08-26;LU2162004548;140.12
2026-08-27;LU2162004548;138.82
2026-08-28;LU2162004548;139.72
2026-08-31;LU2162004548;138.19
2026-09-03;LU2162004548;136.01
2026-09-11;LU2162004548;136.82
2026-08-25;LU2166021886;266.81
2026-08-26;LU2166021886;266.74
2026-08-27;LU2166021886;266.72
2026-08-28;LU2166021886;266.15
2026-09-03;LU2166021886;265.65
2026-09-11;LU2166021886;263.21
2026-08-25;LU2168317308;15.46
2026-08-26;LU2168317308;15.59
2026-08-27;LU2168317308;15.75
2026-08-28;LU2168317308;15.54
2026-08-31;LU2168317308;15.37
2026-09-03;LU2168317308;15.09
2026-09-11;LU2168317308;15.58
2026-09-02;LU2169560872;123.9
2026-09-10;LU2169560872;123.37
2026-08-24;LU2178557489;9.5111
2026-08-26;LU2178557489;9.5536
2026-08-27;LU2178557489;9.5482
2026-08-28;LU2178557489;9.5229
2026-08-31;LU2178557489;9.509
2026-09-03;LU2178557489;9.4839
2026-09-11;LU2178557489;9.3955
2026-08-24;LU2183143689;75.01
2026-08-25;LU2183143689;75.25
2026-08-26;LU2183143689;75.21
2026-08-27;LU2183143689;75.19
2026-08-28;LU2183143689;75.23
2026-08-31;LU2183143689;74.91
2026-09-03;LU2183143689;75.04
2026-09-07;LU2183143689;75.03
2026-09-10;LU2183143689;73.87
2026-09-11;LU2183143689;74.04
2026-08-25;LU2195490839;105.46
2026-08-26;LU2195490839;105.23
2026-08-24;LU2206556016;151.89
2026-08-25;LU2206556016;151.98
2026-08-26;LU2206556016;152.02
2026-08-27;LU2206556016;151.94
2026-08-28;LU2206556016;151.18
2026-09-02;LU2206556016;150.63
2026-09-10;LU2206556016;150.69
2026-08-21;LU2207970232;208.114
2026-08-24;LU2207970232;207.849
2026-08-25;LU2207970232;208.954
2026-08-27;LU2207970232;207.966
2026-09-01;LU2207970232;206.018
2026-09-09;LU2207970232;203.683
2026-09-10;LU2207970232;202.17
2026-08-25;LU2210151341;12.39
2026-08-26;LU2210151341;12.42
2026-08-27;LU2210151341;12.33
2026-08-28;LU2210151341;12.32
2026-08-31;LU2210151341;12.29
2026-09-03;LU2210151341;12.36
2026-09-08;LU2210151341;12.33
2026-09-10;LU2210151341;12.28
2026-09-11;LU2210151341;12.24
2026-08-25;LU2210151697;11.6885
2026-08-26;LU2210151697;11.7556
2026-08-27;LU2210151697;11.6606
2026-08-28;LU2210151697;11.6771
2026-08-31;LU2210151697;11.6563
2026-09-03;LU2210151697;11.7216
2026-09-08;LU2210151697;11.6848
2026-09-10;LU2210151697;11.6443
2026-09-11;LU2210151697;11.6148
2026-08-25;LU2219351876;14.49
2026-08-26;LU2219351876;14.52
2026-08-27;LU2219351876;14.43
2026-08-28;LU2219351876;14.55
2026-08-31;LU2219351876;14.42
2026-09-03;LU2219351876;14.29
2026-09-11;LU2219351876;14.23
2026-08-24;LU2222028099;118.399
2026-08-25;LU2222028099;118.698
2026-08-26;LU2222028099;118.613
2026-08-27;LU2222028099;118.46
2026-08-28;LU2222028099;118.284
2026-09-02;LU2222028099;117.515
2026-09-10;LU2222028099;116.644
2026-08-24;LU2227857237;171.23
2026-08-25;LU2227857237;171.69
2026-08-26;LU2227857237;171.87
2026-08-24;LU2230629466;18.8686
2026-08-25;LU2230629466;18.9745
2026-08-26;LU2230629466;19.0077
2026-08-27;LU2230629466;19.1303
2026-08-28;LU2230629466;19.0534
2026-08-31;LU2230629466;18.9552
2026-09-03;LU2230629466;18.9228
2026-09-10;LU2230629466;18.6552
2026-09-11;LU2230629466;18.7183
2026-08-25;LU2237443382;10.9145
2026-08-26;LU2237443382;10.929
2026-08-27;LU2237443382;10.9113
2026-08-28;LU2237443382;10.9414
2026-08-31;LU2237443382;10.9328
2026-09-03;LU2237443382;10.7787
2026-09-11;LU2237443382;10.6424
2026-08-24;LU2240056015;85.7497
2026-08-25;LU2240056015;86.3213
2026-08-26;LU2240056015;86.3149
2026-08-27;LU2240056015;87.1517
2026-08-28;LU2240056015;87.2988
2026-09-02;LU2240056015;85.0272
2026-09-10;LU2240056015;84.7793
2026-08-28;LU2240476734;105.1655
2026-09-02;LU2240476734;105.1233
2026-09-10;LU2240476734;104.7227
2026-08-25;LU2242646235;13.351
2026-08-26;LU2242646235;13.3871
2026-08-27;LU2242646235;13.3264
2026-08-28;LU2242646235;13.3207
2026-08-31;LU2242646235;13.2662
2026-09-03;LU2242646235;13.2794
2026-09-11;LU2242646235;13.044
2026-08-24;LU2252564898;1.5829
2026-08-25;LU2252564898;1.5846
2026-08-26;LU2252564898;1.5934
2026-08-27;LU2252564898;1.5909
2026-08-28;LU2252564898;1.5914
2026-08-24;LU2257473269;114.23
2026-08-26;LU2257473269;114.3
2026-08-27;LU2257473269;114.27
2026-08-28;LU2257473269;114.08
2026-08-31;LU2257473269;114.02
2026-09-03;LU2257473269;114.06
2026-09-11;LU2257473269;113.3
2026-08-25;LU2267099674;14.45
2026-08-26;LU2267099674;14.46
2026-08-27;LU2267099674;14.44
2026-08-28;LU2267099674;14.48
2026-08-31;LU2267099674;14.54
2026-09-03;LU2267099674;14.51
2026-09-11;LU2267099674;14.57
2026-08-24;LU2278574715;1.2359
2026-08-25;LU2278574715;1.2379
2026-08-26;LU2278574715;1.238
2026-08-27;LU2278574715;1.2357
2026-08-28;LU2278574715;1.2361
2026-09-02;LU2278574715;1.229
2026-09-04;LU2278574715;1.2314
2026-09-07;LU2278574715;1.2308
2026-09-10;LU2278574715;1.2155
2026-08-24;LU2278574988;1.1475
2026-08-25;LU2278574988;1.1485
2026-08-26;LU2278574988;1.1481
2026-08-27;LU2278574988;1.1477
2026-08-28;LU2278574988;1.1468
2026-09-02;LU2278574988;1.1443
2026-09-10;LU2278574988;1.1397
2026-08-25;LU2286300806;13.8048
2026-08-26;LU2286300806;13.6399
2026-08-27;LU2286300806;13.8753
2026-08-31;LU2286300806;14.6316
2026-09-03;LU2286300806;13.701
2026-09-11;LU2286300806;13.9723
2026-08-25;LU2286300988;165.82
2026-08-26;LU2286300988;163.79
2026-08-27;LU2286300988;166.6
2026-08-31;LU2286300988;176.05
2026-09-03;LU2286300988;164.67
2026-09-11;LU2286300988;168.0
2026-08-25;LU2289578952;77.3
2026-08-26;LU2289578952;77.87
2026-08-27;LU2289578952;78.73
2026-08-28;LU2289578952;78.12
2026-08-31;LU2289578952;78.3
2026-09-03;LU2289578952;76.66
2026-09-11;LU2289578952;75.98
2026-08-25;LU2293689407;115.904
2026-08-26;LU2293689407;115.995
2026-08-27;LU2293689407;115.6105
2026-08-28;LU2293689407;115.9163
2026-08-31;LU2293689407;115.6045
2026-09-03;LU2293689407;113.972
2026-09-11;LU2293689407;113.1854
2026-08-25;LU2295319219;18.9
2026-08-26;LU2295319219;19.11
2026-08-27;LU2295319219;19.04
2026-08-28;LU2295319219;19.2
2026-08-31;LU2295319219;19.09
2026-09-03;LU2295319219;18.99
2026-09-11;LU2295319219;19.06
2026-08-25;LU2295319300;28.32
2026-08-26;LU2295319300;28.41
2026-08-27;LU2295319300;28.34
2026-08-28;LU2295319300;28.53
2026-08-31;LU2295319300;28.39
2026-09-03;LU2295319300;28.24
2026-09-11;LU2295319300;27.38
2026-08-25;LU2295319482;22.69
2026-08-26;LU2295319482;22.81
2026-08-27;LU2295319482;23.01
2026-08-28;LU2295319482;23.25
2026-08-31;LU2295319482;22.79
2026-09-03;LU2295319482;22.99
2026-09-11;LU2295319482;22.59
2026-08-25;LU2295319565;23.3
2026-08-26;LU2295319565;23.44
2026-08-27;LU2295319565;23.7
2026-08-28;LU2295319565;23.95
2026-08-31;LU2295319565;23.39
2026-09-03;LU2295319565;23.62
2026-09-11;LU2295319565;23.51
2026-08-25;LU2295320068;22.79
2026-08-26;LU2295320068;22.91
2026-08-27;LU2295320068;23.11
2026-08-28;LU2295320068;23.25
2026-08-31;LU2295320068;22.7
2026-09-03;LU2295320068;22.94
2026-09-11;LU2295320068;22.93
2026-08-25;LU2295320142;29.22
2026-08-26;LU2295320142;29.29
2026-08-27;LU2295320142;29.28
2026-08-28;LU2295320142;29.29
2026-08-31;LU2295320142;29.32
2026-09-03;LU2295320142;29.25
2026-09-11;LU2295320142;29.1
2026-08-25;LU2300162596;11.11
2026-09-03;LU2300162596;10.87
2026-09-11;LU2300162596;10.79
2026-08-25;LU2305832698;12.42
2026-08-26;LU2305832698;12.5
2026-08-27;LU2305832698;12.55
2026-08-28;LU2305832698;12.56
2026-08-31;LU2305832698;12.53
2026-09-03;LU2305832698;12.47
2026-09-11;LU2305832698;12.45
2026-08-25;LU2308174304;33.07
2026-08-26;LU2308174304;33.34
2026-08-27;LU2308174304;33.14
2026-08-28;LU2308174304;33.31
2026-08-31;LU2308174304;33.18
2026-09-03;LU2308174304;33.1
2026-09-11;LU2308174304;32.89
2026-08-25;LU2310089771;11.9191
2026-08-26;LU2310089771;12.0619
2026-08-27;LU2310089771;12.2307
2026-08-28;LU2310089771;12.2412
2026-08-31;LU2310089771;12.019
2026-09-03;LU2310089771;11.675
2026-09-11;LU2310089771;12.0502
2026-08-25;LU2334866550;193.73
2026-08-26;LU2334866550;194.81
2026-08-27;LU2334866550;193.8
2026-08-28;LU2334866550;194.75
2026-08-31;LU2334866550;194.7
2026-09-03;LU2334866550;196.82
2026-09-11;LU2334866550;194.99
2026-08-24;LU2343843681;12.4947
2026-08-25;LU2343843681;12.5177
2026-08-26;LU2343843681;12.522
2026-08-27;LU2343843681;12.5286
2026-08-28;LU2343843681;12.5297
2026-08-31;LU2343843681;12.4889
2026-09-03;LU2343843681;12.5317
2026-09-04;LU2343843681;12.5182
2026-09-10;LU2343843681;12.3135
2026-09-11;LU2343843681;12.3571
2026-08-25;LU2345993211;74.1067
2026-08-26;LU2345993211;74.5787
2026-08-27;LU2345993211;74.374
2026-08-28;LU2345993211;74.4916
2026-08-31;LU2345993211;74.6128
2026-09-03;LU2345993211;73.5683
2026-09-11;LU2345993211;71.5812
2026-08-25;LU2348703278;12.05
2026-08-26;LU2348703278;12.14
2026-08-27;LU2348703278;12.12
2026-08-28;LU2348703278;12.11
2026-08-31;LU2348703278;11.96
2026-09-03;LU2348703278;11.97
2026-09-11;LU2348703278;11.96
2026-08-24;LU2357235576;124.71
2026-08-25;LU2357235576;124.69
2026-08-26;LU2357235576;125.09
2026-08-27;LU2357235576;124.38
2026-08-28;LU2357235576;125.15
2026-09-02;LU2357235576;122.05
2026-09-10;LU2357235576;118.81
2026-08-25;LU2357626170;111.27
2026-08-26;LU2357626170;112.3
2026-08-27;LU2357626170;111.84
2026-08-28;LU2357626170;112.29
2026-08-31;LU2357626170;112.09
2026-09-03;LU2357626170;109.87
2026-09-10;LU2357626170;107.93
2026-09-11;LU2357626170;108.51
2026-08-25;LU2357751820;125.5488
2026-08-26;LU2357751820;126.0373
2026-08-27;LU2357751820;124.3941
2026-08-28;LU2357751820;125.3591
2026-09-03;LU2357751820;126.4509
2026-09-11;LU2357751820;122.7169
2026-08-24;LU2358792120;49.62
2026-08-25;LU2358792120;49.37
2026-08-26;LU2358792120;49.48
2026-08-27;LU2358792120;49.39
2026-08-28;LU2358792120;49.67
2026-09-03;LU2358792120;50.65
2026-09-10;LU2358792120;50.04
2026-09-11;LU2358792120;49.99
2026-08-24;LU2359297087;12.5
2026-08-25;LU2359297087;12.5103
2026-08-26;LU2359297087;12.514
2026-08-27;LU2359297087;12.5249
2026-08-28;LU2359297087;12.567
2026-08-31;LU2359297087;12.4895
2026-09-03;LU2359297087;12.5199
2026-09-04;LU2359297087;12.5199
2026-09-10;LU2359297087;12.3327
2026-09-11;LU2359297087;12.3763
2026-08-24;LU2378104066;4579.84
2026-08-25;LU2378104066;4600.08
2026-08-26;LU2378104066;4588.39
2026-09-02;LU2378104066;4512.57
2026-09-10;LU2378104066;4429.52
2026-08-25;LU2382957772;144.8735
2026-08-24;LU2386306141;178.57
2026-08-25;LU2386306141;179.65
2026-08-26;LU2386306141;180.01
2026-08-27;LU2386306141;185.86
2026-08-28;LU2386306141;182.93
2026-09-02;LU2386306141;179.35
2026-09-04;LU2386306141;182.92
2026-09-07;LU2386306141;183.37
2026-09-10;LU2386306141;180.75
2026-08-24;LU2388163516;21.2648
2026-08-25;LU2388163516;21.3845
2026-08-26;LU2388163516;21.3281
2026-08-27;LU2388163516;21.5532
2026-08-28;LU2388163516;21.5287
2026-09-02;LU2388163516;21.3755
2026-09-10;LU2388163516;21.4574
2026-08-24;LU2389405080;136.61
2026-08-25;LU2389405080;137.27
2026-08-26;LU2389405080;138.14
2026-08-27;LU2389405080;137.55
2026-08-28;LU2389405080;137.66
2026-09-02;LU2389405080;134.23
2026-09-10;LU2389405080;133.06
2026-08-25;LU2390151400;83.9835
2026-08-26;LU2390151400;83.6285
2026-08-27;LU2390151400;84.6817
2026-08-28;LU2390151400;85.0228
2026-08-31;LU2390151400;83.6931
2026-09-03;LU2390151400;82.2601
2026-09-11;LU2390151400;82.3045
2026-08-25;LU2402382688;178.9613
2026-08-25;LU2407913743;186.5514
2026-08-26;LU2407913743;187.8519
2026-08-27;LU2407913743;188.4296
2026-08-28;LU2407913743;187.9625
2026-08-31;LU2407913743;187.6895
2026-09-03;LU2407913743;187.6863
2026-09-11;LU2407913743;186.5538
2026-08-25;LU2415445837;11.5888
2026-08-26;LU2415445837;11.5897
2026-08-27;LU2415445837;11.5918
2026-08-28;LU2415445837;11.5926
2026-09-03;LU2415445837;11.5959
2026-09-11;LU2415445837;11.5948
2026-08-25;LU2441282899;35.66
2026-08-26;LU2441282899;35.25
2026-08-27;LU2441282899;35.33
2026-08-28;LU2441282899;34.94
2026-08-31;LU2441282899;34.24
2026-09-03;LU2441282899;34.75
2026-09-11;LU2441282899;33.68
2026-08-25;LU2441282972;33.77
2026-08-26;LU2441282972;33.31
2026-08-27;LU2441282972;33.39
2026-08-28;LU2441282972;32.99
2026-08-31;LU2441282972;32.19
2026-09-03;LU2441282972;32.75
2026-09-11;LU2441282972;31.69
2026-08-25;LU2463475223;15.4015
2026-08-26;LU2463475223;15.4234
2026-08-27;LU2463475223;15.3963
2026-08-28;LU2463475223;15.3937
2026-08-31;LU2463475223;15.4426
2026-09-03;LU2463475223;15.2942
2026-09-11;LU2463475223;15.1099
2026-08-24;LU2466448532;183.16
2026-08-25;LU2466448532;182.85
2026-08-26;LU2466448532;182.67
2026-08-27;LU2466448532;183.3
2026-08-28;LU2466448532;180.4
2026-09-02;LU2466448532;176.84
2026-09-10;LU2466448532;173.48
2026-08-24;LU2466448706;80.2244
2026-08-25;LU2466448706;80.1401
2026-08-26;LU2466448706;80.0738
2026-08-27;LU2466448706;80.3362
2026-08-28;LU2466448706;78.7625
2026-09-02;LU2466448706;77.4311
2026-09-10;LU2466448706;75.8769
2026-08-24;LU2475579202;12.0686
2026-08-25;LU2475579202;12.0889
2026-08-26;LU2475579202;12.087
2026-08-27;LU2475579202;12.1052
2026-08-28;LU2475579202;12.0821
2026-09-02;LU2475579202;12.0121
2026-09-04;LU2475579202;12.0551
2026-09-07;LU2475579202;12.0515
2026-09-10;LU2475579202;11.9635
2026-08-24;LU2482630162;115.2314
2026-08-25;LU2482630162;115.4593
2026-08-26;LU2482630162;115.4102
2026-08-27;LU2482630162;115.2971
2026-09-02;LU2482630162;114.6026
2026-09-10;LU2482630162;114.0096
2026-08-24;LU2482630675;122.6044
2026-08-25;LU2482630675;122.6024
2026-08-26;LU2482630675;122.6155
2026-08-27;LU2482630675;122.6377
2026-09-02;LU2482630675;122.6858
2026-09-10;LU2482630675;122.7675
2026-08-25;LU2484078832;20.51
2026-08-26;LU2484078832;20.5
2026-08-27;LU2484078832;21.14
2026-08-28;LU2484078832;20.93
2026-08-31;LU2484078832;20.7
2026-09-03;LU2484078832;20.27
2026-09-11;LU2484078832;21.03
2026-08-25;LU2504555777;18.0
2026-08-26;LU2504555777;18.09
2026-08-27;LU2504555777;17.99
2026-08-28;LU2504555777;17.95
2026-08-31;LU2504555777;17.88
2026-09-03;LU2504555777;17.89
2026-09-11;LU2504555777;17.69
2026-08-25;LU2504564761;170.12
2026-08-26;LU2504564761;170.71
2026-08-27;LU2504564761;170.62
2026-08-28;LU2504564761;171.57
2026-08-31;LU2504564761;170.95
2026-09-03;LU2504564761;171.17
2026-09-11;LU2504564761;170.25
2026-08-24;LU2525865122;156.93
2026-08-25;LU2525865122;158.04
2026-08-26;LU2525865122;158.72
2026-08-27;LU2525865122;159.23
2026-08-28;LU2525865122;159.75
2026-09-02;LU2525865122;156.21
2026-09-10;LU2525865122;155.9
2026-08-25;LU2530217723;12.5683
2026-08-26;LU2530217723;12.5691
2026-08-27;LU2530217723;12.6073
2026-08-28;LU2530217723;12.6007
2026-08-31;LU2530217723;12.5392
2026-09-03;LU2530217723;12.3309
2026-09-11;LU2530217723;12.056
2026-08-25;LU2530217996;10.5683
2026-08-26;LU2530217996;10.568
2026-08-27;LU2530217996;10.6014
2026-08-24;LU2530433932;11.3114
2026-08-26;LU2530433932;11.3466
2026-08-27;LU2530433932;11.3473
2026-08-28;LU2530433932;11.3259
2026-08-31;LU2530433932;11.3132
2026-09-03;LU2530433932;11.2887
2026-09-11;LU2530433932;11.2077
2026-08-24;LU2530434401;9.2555
2026-08-26;LU2530434401;9.2844
2026-08-27;LU2530434401;9.285
2026-08-28;LU2530434401;9.2679
2026-08-31;LU2530434401;9.2573
2026-09-03;LU2530434401;9.2372
2026-09-11;LU2530434401;9.171
2026-08-24;LU2530434583;8.8456
2026-08-26;LU2530434583;8.8805
2026-08-27;LU2530434583;8.8849
2026-08-28;LU2530434583;8.9168
2026-08-31;LU2530434583;8.8849
2026-09-03;LU2530434583;8.856
2026-09-11;LU2530434583;8.8211
2026-08-24;LU2530434740;10.7986
2026-08-26;LU2530434740;10.8412
2026-08-27;LU2530434740;10.8465
2026-08-28;LU2530434740;10.8855
2026-08-31;LU2530434740;10.8465
2026-09-03;LU2530434740;10.8112
2026-09-11;LU2530434740;10.7686
2026-08-25;LU2539333562;167.87
2026-08-26;LU2539333562;169.03
2026-08-27;LU2539333562;167.97
2026-08-28;LU2539333562;168.9
2026-08-31;LU2539333562;167.89
2026-09-03;LU2539333562;168.42
2026-09-11;LU2539333562;169.55
2026-08-25;LU2539336078;154.7873
2026-08-26;LU2539336078;155.9142
2026-08-27;LU2539336078;154.9452
2026-08-28;LU2539336078;156.0191
2026-08-31;LU2539336078;154.528
2026-09-03;LU2539336078;155.3247
2026-09-11;LU2539336078;156.2352
2026-08-25;LU2539336235;145.0611
2026-08-26;LU2539336235;146.1164
2026-08-27;LU2539336235;145.1994
2026-08-28;LU2539336235;146.2179
2026-08-31;LU2539336235;144.8172
2026-09-03;LU2539336235;145.5653
2026-09-11;LU2539336235;146.42
2026-08-25;LU2539337043;161.97
2026-08-26;LU2539337043;163.08
2026-08-27;LU2539337043;162.06
2026-08-28;LU2539337043;162.96
2026-08-31;LU2539337043;161.97
2026-09-03;LU2539337043;162.46
2026-09-11;LU2539337043;163.51
2026-08-25;LU2539337126;149.3286
2026-08-26;LU2539337126;150.0999
2026-08-27;LU2539337126;149.4669
2026-08-28;LU2539337126;150.5032
2026-08-31;LU2539337126;149.0528
2026-09-03;LU2539337126;149.8167
2026-09-11;LU2539337126;150.656
2026-08-25;LU2540616898;171.79
2026-08-26;LU2540616898;174.49
2026-08-27;LU2540616898;175.41
2026-08-28;LU2540616898;175.67
2026-08-31;LU2540616898;175.13
2026-09-03;LU2540616898;173.51
2026-09-11;LU2540616898;175.09
2026-08-24;LU2551291557;109.45
2026-08-25;LU2551291557;109.38
2026-08-25;LU2560836129;237.15
2026-08-26;LU2560836129;237.3
2026-08-27;LU2560836129;244.01
2026-08-28;LU2560836129;245.61
2026-08-31;LU2560836129;241.44
2026-09-03;LU2560836129;238.68
2026-09-11;LU2560836129;241.47
2026-08-25;LU2589699524;110.46
2026-08-26;LU2589699524;111.03
2026-08-27;LU2589699524;110.32
2026-08-28;LU2589699524;110.31
2026-08-31;LU2589699524;110.39
2026-09-03;LU2589699524;111.36
2026-09-11;LU2589699524;107.94
2026-08-25;LU2595359303;16.79
2026-08-26;LU2595359303;16.82
2026-08-27;LU2595359303;16.85
2026-08-28;LU2595359303;16.84
2026-08-31;LU2595359303;16.68
2026-09-03;LU2595359303;16.75
2026-09-11;LU2595359303;16.49
2026-08-24;LU2595961736;13.2376
2026-08-25;LU2601038578;18.47
2026-08-26;LU2601038578;18.45
2026-08-27;LU2601038578;18.56
2026-08-28;LU2601038578;18.49
2026-08-31;LU2601038578;18.54
2026-09-03;LU2601038578;18.26
2026-09-11;LU2601038578;17.79
2026-08-24;LU2607330011;34.8276
2026-08-25;LU2607330011;34.6885
2026-08-26;LU2607330011;34.7688
2026-08-27;LU2607330011;35.0162
2026-08-28;LU2607330011;35.1604
2026-09-02;LU2607330011;35.4163
2026-09-10;LU2607330011;35.767
2026-08-25;LU2628679511;11.2652
2026-08-26;LU2628679511;11.2692
2026-08-27;LU2628679511;11.2674
2026-08-28;LU2628679511;11.2677
2026-08-31;LU2628679511;11.2596
2026-09-03;LU2628679511;11.2526
2026-09-11;LU2628679511;11.2309
2026-08-25;LU2630425226;12.3655
2026-08-26;LU2630425226;12.3996
2026-08-27;LU2630425226;12.3991
2026-08-28;LU2630425226;12.4344
2026-08-31;LU2630425226;12.4397
2026-09-03;LU2630425226;12.4532
2026-09-11;LU2630425226;12.5016
2026-08-24;LU2638558333;116.61
2026-08-25;LU2638558333;117.07
2026-08-26;LU2638558333;116.98
2026-08-27;LU2638558333;116.82
2026-08-28;LU2638558333;116.48
2026-09-02;LU2638558333;116.02
2026-09-10;LU2638558333;115.22
2026-08-25;LU2659281708;151.34
2026-08-26;LU2659281708;152.11
2026-08-27;LU2659281708;151.16
2026-08-28;LU2659281708;151.88
2026-08-31;LU2659281708;150.35
2026-09-03;LU2659281708;151.14
2026-09-11;LU2659281708;151.92
2026-08-25;LU2659281880;153.59
2026-08-26;LU2659281880;154.37
2026-08-27;LU2659281880;153.4
2026-08-28;LU2659281880;154.12
2026-08-31;LU2659281880;152.56
2026-09-03;LU2659281880;153.35
2026-09-11;LU2659281880;154.11
2026-08-25;LU2670341259;11.02
2026-08-26;LU2670341259;11.08
2026-08-27;LU2670341259;10.99
2026-08-28;LU2670341259;11.03
2026-08-31;LU2670341259;10.99
2026-09-03;LU2670341259;11.05
2026-09-08;LU2670341259;11.02
2026-09-10;LU2670341259;10.98
2026-09-11;LU2670341259;10.96
2026-08-25;LU2670341689;17.1
2026-08-26;LU2670341689;17.19
2026-08-27;LU2670341689;17.09
2026-08-28;LU2670341689;17.21
2026-08-31;LU2670341689;17.14
2026-09-03;LU2670341689;17.34
2026-09-11;LU2670341689;17.04
2026-08-25;LU2670341846;10.2
2026-08-26;LU2670341846;10.12
2026-08-27;LU2670341846;10.08
2026-08-28;LU2670341846;9.986
2026-08-31;LU2670341846;9.918
2026-09-03;LU2670341846;10.04
2026-09-11;LU2670341846;9.599
2026-08-24;LU2715954504;121.49
2026-08-25;LU2715954504;121.56
2026-08-26;LU2715954504;121.43
2026-08-27;LU2715954504;121.48
2026-08-28;LU2715954504;121.4
2026-09-02;LU2715954504;121.23
2026-09-04;LU2715954504;121.6
2026-09-07;LU2715954504;121.87
2026-09-10;LU2715954504;122.02
2026-08-25;LU2719174067;114.39
2026-08-26;LU2719174067;116.0
2026-08-27;LU2719174067;115.55
2026-08-28;LU2719174067;116.44
2026-08-31;LU2719174067;115.26
2026-09-03;LU2719174067;115.18
2026-09-11;LU2719174067;117.91
2026-08-25;LU2719175205;100.79
2026-08-26;LU2719175205;102.2
2026-08-27;LU2719175205;101.81
2026-08-28;LU2719175205;102.59
2026-08-31;LU2719175205;101.55
2026-09-03;LU2719175205;101.47
2026-09-11;LU2719175205;103.86
2026-08-24;LU2743114956;102.56
2026-08-25;LU2743114956;102.8
2026-08-26;LU2743114956;102.91
2026-08-27;LU2743114956;102.64
2026-09-02;LU2743114956;102.73
2026-09-04;LU2743114956;103.06
2026-09-07;LU2743114956;102.94
2026-09-10;LU2743114956;102.57
2026-08-21;LU2748242042;108.43
2026-08-24;LU2748242042;108.43
2026-08-25;LU2748242042;108.46
2026-08-26;LU2748242042;108.46
2026-08-27;LU2748242042;108.46
2026-09-01;LU2748242042;108.43
2026-09-03;LU2748242042;108.47
2026-09-04;LU2748242042;108.49
2026-09-09;LU2748242042;108.42
2026-08-24;LU2749782368;132.4616
2026-08-25;LU2749782368;132.8242
2026-08-26;LU2749782368;132.901
2026-08-27;LU2749782368;133.3585
2026-08-28;LU2749782368;133.5512
2026-09-02;LU2749782368;132.4532
2026-09-10;LU2749782368;131.3893
2025-12-05;LU2777377792;107.165
2026-08-25;LU2778908793;160.15
2026-08-26;LU2778908793;160.61
2026-08-27;LU2778908793;160.61
2026-08-28;LU2778908793;161.96
2026-09-03;LU2778908793;160.41
2026-09-11;LU2778908793;157.54
2026-08-25;LU2784406998;31.3
2026-08-26;LU2784406998;31.38
2026-08-27;LU2784406998;31.38
2026-08-28;LU2784406998;31.42
2026-08-31;LU2784406998;31.54
2026-09-03;LU2784406998;31.52
2026-09-11;LU2784406998;31.66
2026-08-25;LU2784407020;32.06
2026-08-26;LU2784407020;32.09
2026-08-27;LU2784407020;32.08
2026-08-28;LU2784407020;32.1
2026-08-31;LU2784407020;32.09
2026-09-03;LU2784407020;32.14
2026-09-11;LU2784407020;32.24
2026-08-25;LU2790101831;18.24
2026-08-26;LU2790101831;18.4
2026-08-27;LU2790101831;18.49
2026-08-28;LU2790101831;18.51
2026-08-31;LU2790101831;18.49
2026-09-03;LU2790101831;18.5
2026-09-11;LU2790101831;18.61
2026-08-21;LU2794620414;61.0
2026-08-24;LU2794620414;61.03
2026-08-25;LU2794620414;61.09
2026-08-26;LU2794620414;61.04
2026-08-27;LU2794620414;61.07
2026-09-01;LU2794620414;60.67
2026-09-03;LU2794620414;60.98
2026-09-04;LU2794620414;60.89
2026-09-09;LU2794620414;60.52
2026-08-24;LU2798962978;147.44
2026-08-25;LU2798962978;148.39
2026-08-26;LU2798962978;149.86
2026-08-27;LU2798962978;150.19
2026-08-28;LU2798962978;151.13
2026-09-02;LU2798962978;148.1
2026-09-10;LU2798962978;146.58
2026-08-24;LU2809794220;185.64
2026-08-25;LU2809794220;187.11
2026-08-26;LU2809794220;188.75
2026-08-27;LU2809794220;194.22
2026-08-28;LU2809794220;192.87
2026-09-02;LU2809794220;189.73
2026-09-10;LU2809794220;192.98
2026-08-24;LU2812398050;126.72
2026-08-25;LU2812398050;127.04
2026-08-26;LU2812398050;126.97
2026-08-27;LU2812398050;126.89
2026-08-28;LU2812398050;126.7
2026-09-02;LU2812398050;126.57
2026-09-10;LU2812398050;126.53
2026-08-24;LU2814886946;94.9767
2026-08-25;LU2814886946;94.9821
2026-08-26;LU2814886946;95.3071
2026-08-27;LU2814886946;94.8218
2026-08-28;LU2814886946;95.0691
2026-09-02;LU2814886946;93.0174
2026-09-10;LU2814886946;90.5397
2026-08-24;LU2819204210;54.1144
2026-08-25;LU2819204210;54.4579
2026-08-26;LU2819204210;54.3729
2026-08-27;LU2819204210;54.5507
2026-08-28;LU2819204210;54.5477
2026-09-02;LU2819204210;53.7972
2026-09-10;LU2819204210;52.6142
2026-08-24;LU2820609738;1052.0464
2026-08-24;LU2842969151;1.0334
2026-08-25;LU2842969151;1.0342
2026-08-26;LU2842969151;1.034
2026-08-27;LU2842969151;1.0337
2026-08-28;LU2842969151;1.0332
2026-09-02;LU2842969151;1.0316
2026-09-10;LU2842969151;1.0284
2026-08-24;LU2858665370;13.4
2026-08-26;LU2858665370;13.46
2026-08-27;LU2858665370;13.56
2026-08-28;LU2858665370;13.6
2026-08-31;LU2858665370;13.52
2026-09-03;LU2858665370;13.64
2026-09-11;LU2858665370;13.51
2026-08-24;LU2858665453;13.75
2026-08-25;LU2858665453;13.8
2026-08-26;LU2858665453;13.8
2026-08-27;LU2858665453;13.9
2026-08-28;LU2858665453;13.86
2026-08-31;LU2858665453;13.82
2026-09-03;LU2858665453;13.95
2026-09-10;LU2858665453;13.66
2026-09-11;LU2858665453;13.78
2026-08-24;LU2864447920;14.92
2026-08-25;LU2864447920;14.92
2026-08-26;LU2864447920;14.94
2026-08-27;LU2864447920;14.77
2026-08-28;LU2864447920;14.78
2026-08-31;LU2864447920;14.79
2026-09-03;LU2864447920;14.74
2026-09-10;LU2864447920;14.32
2026-09-11;LU2864447920;14.34
2026-08-24;LU2864448068;14.09
2026-08-25;LU2864448068;14.07
2026-08-26;LU2864448068;14.12
2026-08-27;LU2864448068;13.96
2026-08-28;LU2864448068;14.05
2026-08-31;LU2864448068;14.02
2026-09-03;LU2864448068;13.96
2026-09-10;LU2864448068;13.59
2026-09-11;LU2864448068;13.62
2026-08-24;LU2872701276;154.1921
2026-08-25;LU2872701276;154.5883
2026-08-26;LU2872701276;154.1861
2026-08-27;LU2872701276;154.3685
2026-08-28;LU2872701276;154.7138
2026-09-02;LU2872701276;152.8773
2026-09-04;LU2872701276;154.1894
2026-09-07;LU2872701276;154.3496
2026-09-10;LU2872701276;151.7718
2026-08-24;LU2872701516;127.86
2026-08-25;LU2872701516;128.23
2026-08-26;LU2872701516;128.04
2026-08-27;LU2872701516;128.25
2026-08-28;LU2872701516;128.33
2026-09-02;LU2872701516;127.13
2026-09-04;LU2872701516;128.37
2026-09-07;LU2872701516;128.36
2026-09-10;LU2872701516;126.33
2026-08-24;LU2874078400;11.47
2026-08-25;LU2874078400;11.53
2026-08-26;LU2874078400;11.55
2026-08-27;LU2874078400;11.89
2026-08-28;LU2874078400;11.72
2026-09-02;LU2874078400;11.52
2026-09-04;LU2874078400;11.72
2026-09-07;LU2874078400;11.74
2026-09-10;LU2874078400;11.6
2026-08-24;LU2885076518;52.6
2026-08-25;LU2885076518;52.79
2026-08-26;LU2885076518;52.73
2026-08-27;LU2885076518;52.65
2026-08-28;LU2885076518;52.49
2026-09-02;LU2885076518;52.33
2026-09-10;LU2885076518;51.99
2026-08-25;LU2905591629;899.25
2026-08-26;LU2905591629;898.2
2026-08-27;LU2905591629;900.76
2026-08-28;LU2905591629;900.79
2026-08-31;LU2905591629;903.06
2026-09-03;LU2905591629;879.54
2026-09-11;LU2905591629;863.46
2026-08-24;LU2926252862;120.7
2026-08-25;LU2926252862;120.6
2026-08-24;LU2947881152;105.25
2026-08-25;LU2947881152;105.34
2026-08-26;LU2947881152;105.38
2026-08-27;LU2947881152;105.36
2026-08-28;LU2947881152;105.29
2026-09-02;LU2947881152;104.97
2026-09-10;LU2947881152;104.36
2026-08-25;LU2954937988;9.9
2026-08-26;LU2954937988;9.9
2026-08-27;LU2954937988;9.9
2026-08-28;LU2954937988;9.9
2026-08-31;LU2954937988;9.88
2026-09-03;LU2954937988;9.88
2026-09-11;LU2954937988;9.83
2026-08-24;LU2954943440;103.5902
2026-08-25;LU2954943440;103.7765
2026-08-26;LU2954943440;103.8588
2026-08-27;LU2954943440;103.6411
2026-08-28;LU2954943440;103.4781
2026-09-02;LU2954943440;103.0794
2026-09-10;LU2954943440;102.4441
2026-08-24;LU2971739102;112.6005
2026-08-25;LU2971739102;113.2776
2026-08-26;LU2971739102;113.5287
2026-08-27;LU2971739102;117.2157
2026-08-28;LU2971739102;115.3686
2026-09-02;LU2971739102;113.1407
2026-09-04;LU2971739102;115.3751
2026-09-07;LU2971739102;115.6509
2026-09-10;LU2971739102;114.0089
2026-08-24;LU2985305890;229.49
2026-08-25;LU3028669292;26.74
2026-08-26;LU3028669292;26.76
2026-08-27;LU3028669292;26.75
2026-08-28;LU3028669292;26.77
2026-08-31;LU3028669292;26.76
2026-09-03;LU3028669292;26.8
2026-09-11;LU3028669292;26.88
2026-08-24;LU3038481936;300.427
2026-08-26;LU3038481936;301.569
2026-08-27;LU3038481936;299.947
2026-08-28;LU3038481936;302.777
2026-09-02;LU3038481936;302.597
2026-09-10;LU3038481936;300.385
2026-08-24;LU3051940263;117.14
2026-08-25;LU3051940263;117.97
2026-08-26;LU3051940263;118.07
2026-08-27;LU3051940263;117.75
2026-09-02;LU3051940263;114.35
2026-09-10;LU3051940263;113.02
2026-09-11;LU3051940263;113.56
2026-08-25;LU3073598800;14.1
2026-08-26;LU3073598800;14.2
2026-08-27;LU3073598800;14.21
2026-08-28;LU3073598800;14.23
2026-08-31;LU3073598800;14.2
2026-09-03;LU3073598800;14.25
2026-09-11;LU3073598800;14.32
2026-08-25;LU3076185084;120.8982
2026-08-26;LU3076185084;121.6536
2026-08-27;LU3076185084;121.4792
2026-08-28;LU3076185084;122.0365
2026-08-31;LU3076185084;121.1293
2026-09-03;LU3076185084;117.8761
2026-09-11;LU3076185084;117.7764
2026-08-24;LU3081002787;47.44
2026-08-26;LU3081002787;47.55
2026-08-27;LU3081002787;47.53
2026-08-28;LU3081002787;47.41
2026-08-31;LU3081002787;47.35
2026-09-03;LU3081002787;47.13
2026-09-11;LU3081002787;46.64
2026-08-24;LU3081004486;53.48
2026-08-25;LU3081004486;53.82
2026-08-26;LU3081004486;53.73
2026-08-27;LU3081004486;53.91
2026-08-28;LU3081004486;53.91
2026-09-02;LU3081004486;53.16
2026-09-10;LU3081004486;52.0
2026-08-24;LU3081004643;48.1398
2026-08-26;LU3081004643;48.4049
2026-08-27;LU3081004643;48.9608
2026-08-28;LU3081004643;48.7049
2026-08-31;LU3081004643;48.545
2026-09-03;LU3081004643;48.8402
2026-09-11;LU3081004643;48.4049
2026-08-24;LU3081004726;59.48
2026-08-25;LU3081004726;59.36
2026-08-26;LU3081004726;59.47
2026-08-27;LU3081004726;59.35
2026-08-28;LU3081004726;59.7
2026-09-02;LU3081004726;59.91
2026-09-10;LU3081004726;58.35
2026-08-24;LU3081005020;56.0
2026-08-25;LU3081005020;56.25
2026-08-26;LU3081005020;56.19
2026-08-27;LU3081005020;56.96
2026-08-28;LU3081005020;56.47
2026-08-31;LU3081005020;56.29
2026-09-03;LU3081005020;56.58
2026-09-10;LU3081005020;55.4
2026-09-11;LU3081005020;55.96
2026-08-24;LU3105996899;118.2061
2026-08-25;LU3105996899;118.4086
2026-08-26;LU3105996899;118.298
2026-08-27;LU3105996899;118.2218
2026-08-28;LU3105996899;118.0019
2026-09-02;LU3105996899;117.6553
2026-09-10;LU3105996899;116.8699
2026-08-25;LU3121069069;13.66
2026-08-26;LU3121069069;13.76
2026-08-27;LU3121069069;13.79
2026-08-28;LU3121069069;13.8
2026-08-31;LU3121069069;13.84
2026-09-03;LU3121069069;13.88
2026-09-11;LU3121069069;13.96
2026-08-24;LU3145732932;123.9969
2026-08-25;LU3145732932;124.5313
2026-08-26;LU3145732932;124.2867
2026-08-27;LU3145732932;126.001
2026-08-28;LU3145732932;126.6919
2026-09-02;LU3145732932;125.0077
2026-09-10;LU3145732932;123.7153
2026-08-24;LU3166377286;103.43
2026-08-25;LU3166377286;103.47
2026-08-26;LU3166377286;103.64
2026-08-27;LU3166377286;103.08
2026-08-28;LU3166377286;103.24
2026-09-02;LU3166377286;100.93
2026-09-10;LU3166377286;98.62
2026-08-25;LU3204039369;109.76
2026-08-26;LU3204039369;109.72
2026-08-27;LU3204039369;110.06
2026-08-28;LU3204039369;110.08
2026-08-31;LU3204039369;109.62
2026-09-03;LU3204039369;107.46
2026-09-11;LU3204039369;106.26
2026-08-24;LU3211767630;16.3209
2026-08-25;LU3211767630;16.3759
2026-08-26;LU3211767630;16.3926
2026-08-27;LU3211767630;16.3832
2026-08-28;LU3211767630;16.3755
2026-09-02;LU3211767630;16.3626
2026-09-10;LU3211767630;16.2108
2026-08-24;LU3211767804;20.98
2026-08-25;LU3211767804;21.05
2026-08-26;LU3211767804;21.07
2026-08-27;LU3211767804;21.06
2026-08-28;LU3211767804;21.05
2026-09-02;LU3211767804;21.04
2026-09-10;LU3211767804;20.84
2026-08-24;LU3232939028;106.06
2026-08-25;LU3232939028;106.31
2026-08-26;LU3232939028;106.85
2026-08-27;LU3232939028;107.77
2026-08-28;LU3232939028;107.77
2026-09-02;LU3232939028;105.3
2026-09-10;LU3232939028;103.95
2026-08-25;LU3249705412;102.6104
2026-08-26;LU3249705412;102.6048
2026-08-27;LU3249705412;102.5736
2026-08-28;LU3249705412;102.5803
2026-09-03;LU3249705412;102.211
2026-09-11;LU3249705412;101.5214
2026-08-25;LU3249705768;102.6088
2026-08-26;LU3249705768;102.6033
2026-08-27;LU3249705768;102.5721
2026-08-28;LU3249705768;102.5787
2026-09-03;LU3249705768;102.2094
2026-09-11;LU3249705768;101.5198
2026-08-24;LU3261279650;9.9
2026-08-25;LU3261279650;9.92
2026-08-26;LU3261279650;9.91
2026-08-27;LU3261279650;9.91
2026-09-02;LU3261279650;9.85
2026-09-10;LU3261279650;9.8
2026-09-10;LU3379774139;9.9093
2026-08-24;NL0006238131;158.83
2026-08-25;NL0006238131;158.73
2026-08-26;NL0006238131;159.62
2026-08-27;NL0006238131;159.8
2026-08-28;NL0006238131;160.92
2026-09-02;NL0006238131;159.71
2026-09-10;NL0006238131;157.8
2026-08-24;NO0013528356;129.1638
2026-08-25;NO0013528356;131.0176
2026-08-27;NO0013528356;132.3103
2026-08-28;NO0013528356;131.7016
2026-09-02;NO0013528356;126.4118
2026-09-10;NO0013528356;123.5797
2026-08-24;NO0013670588;111.6752
2026-08-25;NO0013670588;112.5806
2026-08-27;NO0013670588;113.0196
2026-08-28;NO0013670588;111.8099
2026-09-02;NO0013670588;108.7711
2026-09-10;NO0013670588;110.5714
2026-08-24;NO0013684779;88.6823
2026-08-25;NO0013684779;89.9548
2026-08-27;NO0013684779;90.8425
2026-08-28;NO0013684779;90.4248
2026-09-02;NO0013684779;86.7928
2026-09-10;NO0013684779;84.8482
2026-08-24;NO0013699744;113.2348
2026-08-25;NO0013699744;113.6004
2026-08-27;NO0013699744;114.2259
2026-08-28;NO0013699744;114.3033
